public_building_id,fire,fold,oof_probability,risk_grade
SHB_a15a531649c95ee5,0,3,0.006398371886461973,L1
SHB_bcba5ab793e4ef18,0,4,0.003296197159215808,L1
SHB_0b4baca4cc2ffd39,0,1,0.0008524716249667108,L1
SHB_14e00a080dd2e5a0,0,1,0.03917752951383591,L4
SHB_706ef526f507e31e,0,2,0.0006670305738225579,L1
SHB_4ec21a373dd2cf7b,0,4,0.001113367616198957,L1
SHB_be62818bccaeb231,0,3,0.03429050371050835,L3
SHB_8939e50b6b10f03e,0,4,0.0019433100242167711,L1
SHB_e4820e040a7ab777,0,2,0.08004547655582428,L4
SHB_56ea61610e4fa35e,0,3,0.00015141224139370024,L1
SHB_5611662c5e8781a2,0,4,0.041712939739227295,L4
SHB_233b9d076e397da1,0,4,0.013259543105959892,L2
SHB_c3f9bd6c9bc84702,0,4,0.03731520101428032,L4
SHB_c1e25fcb74516f1b,0,1,0.00029927119612693787,L1
SHB_750b22f43565338f,0,5,0.011765528470277786,L2
SHB_1904a13dfa9b24cb,0,1,0.05593721568584442,L4
SHB_9dd5701e5a72c7a8,0,1,0.0023732269182801247,L1
SHB_be00dd915b070b8a,0,4,0.005726153496652842,L1
SHB_57a92be8f76358a1,0,1,0.02681085094809532,L3
SHB_ca5a425a57401cde,0,3,0.005018263123929501,L1
SHB_79057095cd095695,0,2,0.008031918667256832,L2
SHB_a698dbdc4a877ec2,0,1,0.006420101039111614,L1
SHB_f2ab4af6c4119447,0,3,0.031118612736463547,L3
SHB_b7d44d0095be6ddf,0,5,0.004733297508209944,L1
SHB_4970c41cf732e147,0,2,0.018458718433976173,L2
SHB_54d024023f921905,0,3,9.329420572612435e-05,L1
SHB_10015e0c77f287c6,0,3,0.00786210224032402,L2
SHB_d0678cfbd2dc28e0,0,1,0.00782007910311222,L2
SHB_15ea43a388061b3e,0,2,0.0032313477713614702,L1
SHB_c3c70f4a91fd3c3b,0,1,0.004924478009343147,L1
SHB_ea305347d3dcf9a7,0,1,0.007257687859237194,L1
SHB_e78edf6d790c762f,0,5,0.02847144566476345,L3
SHB_a53b69bf4fa5ab9c,0,4,0.07247750461101532,L4
SHB_0d1b168d6dffd605,0,3,0.021267466247081757,L3
SHB_75010c97c3fc8104,0,5,0.004340240731835365,L1
SHB_cedac1db3d9969d5,0,5,0.0011636546114459634,L1
SHB_fd22fe3a76159ab3,0,1,0.0667741447687149,L4
SHB_dde0d2feefc58711,0,4,0.006857201922684908,L1
SHB_497748d236e9188d,0,2,0.05353616923093796,L4
SHB_d55aa007df870bfc,0,3,0.0050040981732308865,L1
SHB_f903ce90a7a7ea01,0,4,0.006472210865467787,L1
SHB_94ad255dc662b886,1,2,0.018180830404162407,L2
SHB_608321cbadb1f9a1,0,2,0.001336640096269548,L1
SHB_a7ea9633f09e7dca,0,1,0.030701620504260063,L3
SHB_d9be8987a85df0e6,0,4,0.0242510586977005,L3
SHB_0d10c49abeb3b9b0,1,4,0.03440955653786659,L3
SHB_d7c761307eb11d59,0,1,0.0052787368185818195,L1
SHB_78be068cf2e334a7,0,1,0.02489975281059742,L3
SHB_83fdcc85f4ef8214,0,2,0.0733603984117508,L4
SHB_d6ad0402a55d9a39,0,3,0.003422095673158765,L1
SHB_08ef8bece5455bf7,0,1,0.022932708263397217,L3
SHB_cc20e39dc460dbcd,0,5,0.02824697643518448,L3
SHB_fe4d1baf170c5ead,0,4,0.030346648767590523,L3
SHB_6ac94fa3f6b76034,0,4,0.09355983883142471,L5
SHB_67cbaf0965209311,0,1,0.011701327748596668,L2
SHB_250c68ee62e2b503,0,2,0.02497197687625885,L3
SHB_8f95430115ed85be,0,1,0.012631138786673546,L2
SHB_c16d7b48020e2888,0,1,0.001525509636849165,L1
SHB_d53ae6e4313a6dd0,0,3,0.00019569297728594393,L1
SHB_38904d335e9817b1,0,4,0.0021645650267601013,L1
SHB_4b07842c6afa44f9,0,4,0.0007516766199842095,L1
SHB_53f0c67f3afb345f,0,4,0.007566133048385382,L2
SHB_d0fd50c13d466515,0,1,0.0015609405236318707,L1
SHB_1e8350d4b37f8a6a,1,3,0.034037940204143524,L3
SHB_1713f09b4084834f,0,1,0.04056569188833237,L4
SHB_1a5e431dbe6d87c9,0,2,0.004894886631518602,L1
SHB_0b5c3b27bacdc7ec,0,5,0.000625224260147661,L1
SHB_4c2f98cab75f4fe6,0,2,0.00327572925016284,L1
SHB_d0c2f7d42dcd831b,0,4,0.00040551196434535086,L1
SHB_8a07bd045defb90f,0,4,0.013762971386313438,L2
SHB_b09379b75a35ee94,0,2,0.00033400431857444346,L1
SHB_739e31bac678d705,0,4,0.022350216284394264,L3
SHB_a89517102e909443,0,1,0.008729909546673298,L2
SHB_5490830da3143b08,0,4,0.005798984318971634,L1
SHB_447646b419cc6156,0,1,0.013426498509943485,L2
SHB_7cbfdae95c256168,0,5,0.050296273082494736,L4
SHB_97009716b131caa1,0,1,0.001893574488349259,L1
SHB_de278a1562f27f03,0,4,0.00029011437436565757,L1
SHB_605ddd93caa888d0,0,1,0.0034959272015839815,L1
SHB_b7a8add0e5df6197,0,2,0.0034754069056361914,L1
SHB_78b93238c3e4b7b5,0,4,0.0012492815731093287,L1
SHB_4c17d55c1b063667,0,2,0.0015374250942841172,L1
SHB_60a39ef180b4360d,0,4,0.010250285267829895,L2
SHB_b1cfb82763b22d56,0,2,0.0024117506109178066,L1
SHB_3024d8e9a49e3814,0,2,0.0011663063196465373,L1
SHB_72baec9c0ff2208b,0,3,0.0037512609269469976,L1
SHB_9107dc5a8217a8d4,0,4,0.0012238421477377415,L1
SHB_de32ac1c0b62bdb1,0,1,0.007050289306789637,L1
SHB_d78b770fca4e4a93,0,2,0.0005111901555210352,L1
SHB_e498f6f7bdefc94f,0,2,0.0009491547825746238,L1
SHB_23eaa506e12c352d,0,3,0.019877349957823753,L3
SHB_2d52da36af89ba21,0,3,0.025115210562944412,L3
SHB_f15e47534aee6377,0,4,0.002725950675085187,L1
SHB_c550d90d655bf9ef,0,5,0.000661857018712908,L1
SHB_9cee7644b08e6fb9,0,4,0.0010610749013721943,L1
SHB_97abfd601fbd8206,0,4,0.08537641167640686,L5
SHB_6e5ee8dae0415423,0,1,0.01333427894860506,L2
SHB_cbdd007bc7703d50,0,2,0.013825707137584686,L2
SHB_f5687a3926aa7bbd,0,5,0.0006361102568916976,L1
SHB_8da09e871b4969e9,0,2,0.0028692397754639387,L1
SHB_af7ded1465ebc587,0,5,0.00579108577221632,L1
SHB_472a7f3502c2b415,0,2,0.028398316353559494,L3
SHB_555a9a813f6eadf3,0,4,0.007338347379118204,L1
SHB_0d47cf8f830f8e2a,0,5,0.003968568053096533,L1
SHB_d508bf74e29318a8,0,1,0.024306118488311768,L3
SHB_fadc7ef0ed6779af,0,5,0.005253615323454142,L1
SHB_b8fc820d19fc87ae,0,3,0.00017989313346333802,L1
SHB_90be3ab24fb26318,0,1,0.0021177863236516714,L1
SHB_0b12b833653db208,0,1,0.00019767257617786527,L1
SHB_051a6cb0b839e07b,0,2,0.00025765044847503304,L1
SHB_a9cd6671b5bf8dd8,0,3,0.0001995544007513672,L1
SHB_7d419601704dd25f,0,5,0.004773643333464861,L1
SHB_118662f6806298fb,0,2,0.0008544815354980528,L1
SHB_ed265e4cc732bd53,0,2,0.020868903025984764,L3
SHB_3f1b669d6dd8ec19,0,1,0.0007396074943244457,L1
SHB_4f131e21a1fad1f9,0,4,0.0034189196303486824,L1
SHB_ac6c358c8f452112,0,5,0.012304783798754215,L2
SHB_6cc2758a62d37a54,0,2,0.000703240861184895,L1
SHB_15d7b1e19055cae9,0,3,0.004977307748049498,L1
SHB_3768ed916c8605ec,0,2,0.0005590785876847804,L1
SHB_55fe1f08195f54bc,0,3,0.0023312855046242476,L1
SHB_12f98a1171273770,0,4,0.03321145474910736,L3
SHB_68ca37b2dfc99a60,0,2,0.0048123919405043125,L1
SHB_d9158e6a73615821,0,2,0.0026225720066577196,L1
SHB_c791b1c855b76d72,0,5,0.0022255065850913525,L1
SHB_2ab26d930afec61a,0,4,0.05441422387957573,L4
SHB_b2863e4c2f079ad0,0,2,0.018554871901869774,L2
SHB_aba80629ef031e84,0,3,0.01129834447056055,L2
SHB_19ee122096fcad71,0,3,0.00426713190972805,L1
SHB_167bdaf6feaf4fdb,0,3,0.013728141784667969,L2
SHB_89e4348a625cc4ff,0,4,0.007330200169235468,L1
SHB_1372a6fb8a69e63b,0,2,0.0014907611766830087,L1
SHB_e577f1ded5d35459,0,2,0.008404004387557507,L2
SHB_d9c38bcbf6d2d1d4,0,5,0.028366683050990105,L3
SHB_73be1f628d196ac8,0,3,0.01289423368871212,L2
SHB_1e42d39ec68aa068,0,3,0.010627849027514458,L2
SHB_9641380689f13244,1,5,0.03015202470123768,L3
SHB_07decdee9940c530,0,4,0.026922477409243584,L3
SHB_45bb4af105754140,0,2,0.03053155541419983,L3
SHB_96a049b669a2623c,0,2,0.02690286561846733,L3
SHB_ad55864f15a1a064,1,3,0.006277507171034813,L1
SHB_12df96342bff6399,0,3,0.0015654944581910968,L1
SHB_965e0c5f0357b6ef,0,4,0.0013236853992566466,L1
SHB_a3ab5b8468371a31,1,3,0.0850541889667511,L5
SHB_a84f49320eb857cd,0,3,0.0013250085758045316,L1
SHB_8d12b9d1d693fc7c,0,1,0.00041638771654106677,L1
SHB_df58409b6556c884,0,2,0.07309689372777939,L4
SHB_58da2f6db0cde0e3,0,3,0.025121761485934258,L3
SHB_8f51d25ce97989e5,0,4,0.03528207540512085,L3
SHB_c1889792419a40cc,0,2,0.00541831785812974,L1
SHB_351b105b397639a7,0,1,0.010738951154053211,L2
SHB_9e701aa8f56aea2a,0,3,0.007219261955469847,L1
SHB_5891f1fb66a97b9e,0,3,0.027379389852285385,L3
SHB_c20246dd4d15728f,0,5,0.006478812545537949,L1
SHB_addf59d41358efd9,0,2,0.0012325874995440245,L1
SHB_b0cde7bb277cc48d,0,2,0.0005663883057422936,L1
SHB_3727e32ac189c3ff,0,3,0.011783754453063011,L2
SHB_504efc3bb9b0065f,1,1,0.026355134323239326,L3
SHB_327d2f9efd25cded,0,1,0.003266778541728854,L1
SHB_7e2d6cb84b2693b1,0,3,0.0036256471648812294,L1
SHB_8603f22be285261b,1,2,0.008123314008116722,L2
SHB_b2226cd59a078b4f,0,1,0.0016595039051026106,L1
SHB_a879bf50f5ecbcfc,0,2,0.0851656123995781,L5
SHB_d25f1082d3935e1b,0,1,0.0009808419272303581,L1
SHB_d3cf97637303875c,0,2,0.015415017493069172,L2
SHB_01b18413956d9996,1,2,0.006894334685057402,L1
SHB_9360300b072b0843,0,2,0.07620058953762054,L4
SHB_7971906963af2998,0,1,0.009475705213844776,L2
SHB_545d79204bd6538b,0,1,0.03480760008096695,L3
SHB_9a52cd7156f11c51,0,5,0.004302354995161295,L1
SHB_533cbe5e2533706a,0,4,0.004327528644353151,L1
SHB_3ca775d6c8c64afc,0,4,0.02181479148566723,L3
SHB_54453f2d13a6652a,0,3,0.004532483406364918,L1
SHB_8797d5a80062cefe,0,3,0.03974555432796478,L4
SHB_de65a2f6e31be01d,0,4,0.00044945679837837815,L1
SHB_bd05a4f2937da8a7,0,2,0.0178975872695446,L2
SHB_78b9d0910464a9dd,0,2,0.002651561051607132,L1
SHB_e19112881088b3bf,0,3,0.0002158693241653964,L1
SHB_306e32aefca850af,0,4,0.012307183817029,L2
SHB_6a3f01f0f1b52af5,0,2,0.00842506717890501,L2
SHB_9f423adee031d82e,0,1,0.11877231299877167,L5
SHB_1b558e3787606966,0,1,0.10069070756435394,L5
SHB_caad30785b8abb2e,0,2,0.011113882064819336,L2
SHB_5f565423f82accbc,0,3,0.10636699199676514,L5
SHB_74682f71e3c99ef5,0,3,0.003963305149227381,L1
SHB_e9652d1f2c122362,0,5,0.010027311742305756,L2
SHB_9b3cd0677abb34c1,0,2,0.0027945719193667173,L1
SHB_bab925a8674f7cb5,0,1,0.018051888793706894,L2
SHB_c613a8884b7cd6ed,0,2,0.0008100503473542631,L1
SHB_328a404dda652de7,0,2,0.026782672852277756,L3
SHB_896e573cbda00527,0,4,0.006473615299910307,L1
SHB_25e82d839901e9ac,0,2,0.0010461759520694613,L1
SHB_c7f14c34d851eb78,0,2,0.010112849995493889,L2
SHB_ce0ea68e3c7610b0,0,2,0.001373909879475832,L1
SHB_6c1e2f2e4941ef1d,0,1,0.007187051698565483,L1
SHB_7388a1b7cbbe67b8,0,5,0.002420133212581277,L1
SHB_165677ea31b46ca2,0,4,0.01597929373383522,L2
SHB_28fd19fd17ca3efd,0,2,0.003829559311270714,L1
SHB_38aad95064c14454,0,2,0.02226189523935318,L3
SHB_a6f4c2e4b2cf03fc,0,1,0.02023271657526493,L3
SHB_864aceedca27457d,0,1,0.012391514144837856,L2
SHB_bb6f8d01df150746,0,3,0.013227545656263828,L2
SHB_d5b3578e6bd74cac,0,3,0.00026853097369894385,L1
SHB_b747819646315282,0,2,0.005152305122464895,L1
SHB_55c3d00178581a5b,0,3,0.0021785320714116096,L1
SHB_4261fed0a048d06d,0,3,0.01939593069255352,L3
SHB_601b7d08761cb691,0,3,0.0005507940659299493,L1
SHB_83c5c453af64aeb8,0,2,0.002065339358523488,L1
SHB_e2f4d28e82890494,0,3,0.007798055652529001,L2
SHB_f78a3666f3ad9ea8,0,1,0.010949591174721718,L2
SHB_fbc97ba7139343be,0,2,0.0077032726258039474,L2
SHB_8fe6452e395af0b4,0,2,0.005371370818465948,L1
SHB_7eb17c4905d8a411,0,4,0.012435673736035824,L2
SHB_b9a19bbeddff5c60,0,4,0.008333413861691952,L2
SHB_ca280600a058d464,0,2,0.0009050514781847596,L1
SHB_8e38b21dc550f081,0,4,0.01851777732372284,L2
SHB_4d8d9b5bf57bee3f,0,5,0.0053909714333713055,L1
SHB_95c01d5ca0fdbb34,0,4,0.0024211914278566837,L1
SHB_86e5ea3bed4622ed,0,2,0.022457502782344818,L3
SHB_ea0d87acacc66ad3,0,2,0.00650001922622323,L1
SHB_af2c960851d9b390,0,1,0.0023357938043773174,L1
SHB_66a0a0cdbab00cd6,0,2,0.0010641422122716904,L1
SHB_d49daecf21dbb7b1,0,2,0.05695613473653793,L4
SHB_d52f7c61a27c01f2,0,5,0.015650376677513123,L2
SHB_b382ea063cfee4a1,0,5,0.014240353368222713,L2
SHB_8d86bf2eb7e60942,0,2,0.015904361382126808,L2
SHB_e84f980d487c8049,0,3,0.000476963963592425,L1
SHB_28440358e102cd80,0,3,0.0012889857171103358,L1
SHB_cbc4302821378a38,0,4,0.00039043559809215367,L1
SHB_33a3c63ca5e95f75,0,3,0.009356310591101646,L2
SHB_650f80f9a0fd7a1e,0,5,0.016828062012791634,L2
SHB_0c03c1de7c3f5895,0,2,0.00817229226231575,L2
SHB_2e1ed17301106d15,0,3,0.00018302106764167547,L1
SHB_22a94c808aea3281,0,2,0.045967984944581985,L4
SHB_e035dfa2f487e20a,0,4,0.044398270547389984,L4
SHB_83fa7ad3262d9f2d,0,5,0.034644123166799545,L3
SHB_b0ea9c6629f04080,0,4,0.009497067891061306,L2
SHB_cf7bed75ff5b232d,0,2,0.03240475431084633,L3
SHB_16e6e9c971470bf7,0,2,0.004224476404488087,L1
SHB_74982402792d3463,0,3,0.03317707031965256,L3
SHB_735381af347161eb,0,3,0.04858764261007309,L4
SHB_4932e133a22917e5,0,3,0.00045449461322277784,L1
SHB_2aea2035c773069c,1,4,0.015548239462077618,L2
SHB_158418c998153eca,0,3,0.00014961468696128577,L1
SHB_6a5c24dec186a478,0,1,0.045312318950891495,L4
SHB_703bc169ada62c70,0,4,0.03717406466603279,L4
SHB_4d053185f0e17695,0,5,0.01609407551586628,L2
SHB_2a523a92223d2526,0,3,0.002460512798279524,L1
SHB_a60f9cb9156c7c81,0,3,0.008955479599535465,L2
SHB_1408a47e874d20e3,0,5,0.052876804023981094,L4
SHB_d8d899ab542cdc89,0,1,0.004817428067326546,L1
SHB_35345e2275e67745,1,5,0.016088346019387245,L2
SHB_e44235993d6d5fdc,0,3,0.0033133295364677906,L1
SHB_46ab63e73c294499,0,4,0.025050144642591476,L3
SHB_f08e0782c8f5ef09,0,2,0.035151951014995575,L3
SHB_5da520addaec971b,0,3,0.18629077076911926,L5
SHB_a706938d4399c271,0,2,0.019343597814440727,L3
SHB_a44cac1317becab9,0,5,0.02855077013373375,L3
SHB_0f6e5f36eec86330,0,4,0.0012356803053990006,L1
SHB_c9ffca4a0b69cacd,0,1,0.005981228780001402,L1
SHB_680d9a266d8a5631,0,1,0.013723202981054783,L2
SHB_c0a606417f5921ce,0,3,0.03749515116214752,L4
SHB_6cb7e5a037925fd0,0,2,0.001997038722038269,L1
SHB_ca456f3593aba5b9,0,1,0.0060960594564676285,L1
SHB_31184bf13d60a9fa,0,5,0.016347449272871017,L2
SHB_55e583ce19a0430c,0,4,0.009002195671200752,L2
SHB_67ab39ed519fbd0a,0,1,0.006932477001100779,L1
SHB_20ff2c873b2a3df9,0,2,0.0005527309258468449,L1
SHB_c162caecef276d48,0,1,0.034976307302713394,L3
SHB_6af143ab63213dd3,0,4,0.02939719893038273,L3
SHB_7efc3b367e3bd9cc,0,2,0.01033162884414196,L2
SHB_021e1d82c021789b,0,4,0.03733690455555916,L4
SHB_323b624a047f6ce0,0,4,0.020786235108971596,L3
SHB_20d0db01770ef5ba,0,3,0.0011489738244563341,L1
SHB_b307277022ca8b53,0,3,0.002350424649193883,L1
SHB_0b443da0b2f1a2ea,0,2,0.01640341803431511,L2
SHB_baecb60823e05803,0,3,0.03223782405257225,L3
SHB_dc043ba38a647ef5,0,1,0.014810343272984028,L2
SHB_6dae98bfb5baee33,0,4,0.001752047217451036,L1
SHB_9a88d0442cfcde6e,0,4,0.0004217855166643858,L1
SHB_25ce062aba8daea4,0,2,0.01982731744647026,L3
SHB_afb7ea8c8a2ef95e,1,1,0.015292785130441189,L2
SHB_35d3b60d5df3ad58,0,2,0.000912131741642952,L1
SHB_656acef82089b2b0,0,5,0.01900743506848812,L3
SHB_e0294d284fc7e109,0,1,0.016603965312242508,L2
SHB_5435af3e6dd373ad,0,4,0.04682087153196335,L4
SHB_052431d54f750a59,0,2,0.009690462611615658,L2
SHB_c288cef42350dd39,0,2,0.002202275674790144,L1
SHB_4ca31a7e14e04ed4,0,5,0.0010315566323697567,L1
SHB_608527ba48ba373e,0,1,0.06685950607061386,L4
SHB_fcd8b9358015880e,0,1,0.011626772582530975,L2
SHB_f24acfe9fbaebf62,0,3,0.03194067254662514,L3
SHB_cc4781468369ee64,0,3,0.00021665742679033428,L1
SHB_843b51807c63e0c8,0,5,0.0345604233443737,L3
SHB_a489845546128b5d,0,4,0.002006126567721367,L1
SHB_f63092be5d97b40d,0,5,0.003883725730702281,L1
SHB_df6b2390fa0e1bd2,0,1,0.011899481527507305,L2
SHB_2e6aa38d7ac1743e,0,5,0.00167945958673954,L1
SHB_17e6d5dfdfbeb86c,0,2,0.0003159666375722736,L1
SHB_72c30c141a41de87,0,1,0.0013205651193857193,L1
SHB_ec7f3879deddd148,0,1,0.008030456490814686,L2
SHB_4cd25850d7e06c7f,0,1,0.01889868639409542,L3
SHB_2ac10ad31d34959f,0,3,0.00017349830886814743,L1
SHB_0a5b1344b3990760,0,4,0.020945247262716293,L3
SHB_219a51d8c2b66a12,1,3,0.01216814760118723,L2
SHB_1102efbec7044a71,0,3,0.016303181648254395,L2
SHB_6782ad4fa2ac6d49,0,3,0.008077633567154408,L2
SHB_ede5369478994140,0,3,0.011611062102019787,L2
SHB_abec6db4921a0481,0,1,0.0004860781191382557,L1
SHB_9ccba657592115b2,0,5,0.02341347187757492,L3
SHB_fa446bcddf9eee2c,0,2,0.03945838660001755,L4
SHB_55f4083e24819acf,0,5,0.05046967417001724,L4
SHB_9fcd93ff2d8095f4,0,5,0.038164205849170685,L4
SHB_2aceb57cbd95618f,0,3,0.0035126814618706703,L1
SHB_624d03039d1f080c,0,3,0.003212466137483716,L1
SHB_91a7d4a432bb5048,0,4,0.03364239260554314,L3
SHB_c0a9fddb5354dc9d,0,1,0.02155875228345394,L3
SHB_19fac43e325c8207,0,4,0.006537639070302248,L1
SHB_ccabca64ca70daed,0,1,0.02654026634991169,L3
SHB_bfe97e92d12edd2e,0,2,0.009033430367708206,L2
SHB_ce84f048bfe142f4,0,3,0.007080124691128731,L1
SHB_c5175c9ab5eb58e5,0,2,0.03712369129061699,L4
SHB_9c7aae95ac2738df,0,4,0.0004006416420452297,L1
SHB_0d01894ca9f7dea0,0,3,0.0004568623553495854,L1
SHB_acd8413db9f89d7d,0,2,0.01800435595214367,L2
SHB_735016492074b97b,0,4,0.02041417919099331,L3
SHB_66c1b66aedf463c4,0,4,0.01346411369740963,L2
SHB_6875cf10a32c51cd,0,2,0.0017632967792451382,L1
SHB_5637ab7810a1cc58,0,4,0.007511743810027838,L2
SHB_175538cbef8f5a6a,0,3,0.001050583436153829,L1
SHB_74448a4622e6bb40,0,1,0.0010544387623667717,L1
SHB_1d5259a2e10bbb8a,0,3,0.009837484918534756,L2
SHB_8ca6e160df956331,0,5,0.002778095193207264,L1
SHB_24e6187a03e99fc7,0,1,0.010067859664559364,L2
SHB_16cd5a8f284d12ec,0,2,0.0004165361460763961,L1
SHB_cbc227326111a7e0,0,2,0.0006823617732152343,L1
SHB_44167a33519555f1,0,5,0.10154582560062408,L5
SHB_65ff0735496ca430,0,2,0.001213397248648107,L1
SHB_8c00cb1a0b8c8943,0,3,0.048522841185331345,L4
SHB_066785da367f93e1,0,4,0.012791217304766178,L2
SHB_35e2917abed4cda8,0,3,0.0013579269871115685,L1
SHB_c3f6467d44f5c289,0,2,0.0009074329864233732,L1
SHB_99631574c03f135a,0,3,0.014891071245074272,L2
SHB_695441abe6fe61bc,0,5,0.012172005139291286,L2
SHB_382f3f8e2bdb0962,0,5,0.02846338041126728,L3
SHB_aa9c05dc41143424,0,2,0.07735417783260345,L4
SHB_83e647ea7e09472a,0,5,0.028757870197296143,L3
SHB_1b82c358cb08f285,0,5,0.006283842958509922,L1
SHB_f1be5af68f98cd19,0,1,0.013750317506492138,L2
SHB_26fa4fc253d3446e,0,5,0.0004888264811597764,L1
SHB_118fe4e0003f17e3,0,3,0.016299312934279442,L2
SHB_4d48a47ee3d2e59c,0,1,0.006175456568598747,L1
SHB_cde95813795881cd,0,1,0.00040445951162837446,L1
SHB_53e7033de43014f4,0,5,0.031041517853736877,L3
SHB_ed695baa450c00db,0,1,0.008573893457651138,L2
SHB_0fd2a22446428e2c,0,1,0.0074663907289505005,L2
SHB_9bc85b5be499fb28,0,5,0.0006219290080480278,L1
SHB_8d2683f5aea30f04,0,2,0.06605303287506104,L4
SHB_96588d7b10a72bb9,0,1,0.003372817998751998,L1
SHB_8de0b062e9d39d17,0,3,0.01933305524289608,L3
SHB_0cd72394aa989b7f,0,4,0.03911938518285751,L4
SHB_d82e3faf34d9964a,0,1,0.003702479647472501,L1
SHB_afd10a23e7886fc3,0,3,0.0037949890829622746,L1
SHB_dfe016b5fd8006d7,0,5,0.0027985305059701204,L1
SHB_3011ae9673cb8d93,0,4,0.08749460428953171,L5
SHB_42d313cb381c4971,0,3,0.056259848177433014,L4
SHB_976e483988f22cfe,0,1,0.01139355730265379,L2
SHB_2b06335f84c3b279,0,5,0.0003599743649829179,L1
SHB_e0d8e11139fdb5d3,0,3,0.007759405300021172,L2
SHB_a1577409698af245,0,5,0.01907428726553917,L3
SHB_2988297a788be58e,0,4,0.006089810747653246,L1
SHB_e10f86ff31f405af,0,1,0.0021975040435791016,L1
SHB_772ad866a874bed5,0,2,0.0004027400864288211,L1
SHB_0fd7726454b63629,0,3,0.021659377962350845,L3
SHB_a3f6b517848e9601,0,3,0.0007008196553215384,L1
SHB_7f7bef2e75006ddc,0,2,0.005671147257089615,L1
SHB_2aea2a044abaaa44,0,4,0.00047624684520997107,L1
SHB_95571638208504d7,0,3,0.016713885590434074,L2
SHB_97801554f58430aa,0,5,0.005187163129448891,L1
SHB_da3ede32842f2946,0,5,0.08853911608457565,L5
SHB_628ac3eb60bff5c6,0,1,0.0008051770273596048,L1
SHB_95a90ffc41dead70,0,1,0.018992895260453224,L3
SHB_95fdc532f32f600d,0,3,0.027044322341680527,L3
SHB_cd3d92f8a2697d64,0,4,0.0005455425707623363,L1
SHB_ee856337350165d1,0,3,0.014163707382977009,L2
SHB_e2a16ace525c6d83,0,3,0.07015467435121536,L4
SHB_8afdbb5204dbd5be,0,4,0.0010843358468264341,L1
SHB_12a8212e3dbed64a,0,2,0.027884069830179214,L3
SHB_b109ec36463166bd,0,5,0.01198512315750122,L2
SHB_0bfe7414e7bfa742,0,2,0.0027706006076186895,L1
SHB_09253a24292b578d,0,5,0.0009229498100467026,L1
SHB_d813854d4207e890,0,2,0.058279529213905334,L4
SHB_d07d824f77610378,0,1,0.005399364046752453,L1
SHB_34e31a976291cd1b,0,4,0.08312326669692993,L5
SHB_75deac29f5191119,0,3,0.00550835719332099,L1
SHB_3e12a04614a0b050,0,5,0.023465001955628395,L3
SHB_efdd633d405a2161,0,2,0.00511434068903327,L1
SHB_836b3957e01d0603,0,5,0.02298440970480442,L3
SHB_a4e2cb04f3674943,0,1,0.030603084713220596,L3
SHB_ffb8536f6603c4cd,1,2,0.0014194598188623786,L1
SHB_f72089275688b9b3,0,3,0.01801198720932007,L2
SHB_477eefe00c9a956e,0,2,0.05297117680311203,L4
SHB_95cfe9ef580d7ef4,0,2,0.0007235562079586089,L1
SHB_0017cee2326da406,0,3,0.027218807488679886,L3
SHB_8285014fc159a237,0,3,0.000904868240468204,L1
SHB_649c4cc3bf687f2a,0,2,0.0020754593424499035,L1
SHB_f67125c17e049333,0,5,0.015289301052689552,L2
SHB_2ea58c6cdf508732,0,4,0.0004252348735462874,L1
SHB_82cb8e3f2ad72cf8,0,1,0.00066904112463817,L1
SHB_2d009f35caa35262,0,2,0.06599000096321106,L4
SHB_0d9d84a0369fb4af,0,1,0.02637043036520481,L3
SHB_0c96a9df8fa637bb,0,1,0.004288916476070881,L1
SHB_47c77a0b55930b81,0,2,0.012286392971873283,L2
SHB_244bd3981a48e9ca,0,4,0.044525980949401855,L4
SHB_09246b355829abd1,0,4,0.004085579887032509,L1
SHB_07d3240d5930536f,0,3,0.0015388759784400463,L1
SHB_c2687a0d4240eab5,0,2,0.0012990414397791028,L1
SHB_90aadf1df3a78a0d,0,2,0.0002845852286554873,L1
SHB_f808c5125c3243d6,0,2,0.003222272964194417,L1
SHB_dbbde9fc85a68ef8,0,3,0.010565427131950855,L2
SHB_0dc46c654ac560a0,0,5,0.0029232967644929886,L1
SHB_1c80684d232980b1,0,5,0.05180076137185097,L4
SHB_0842600c4bac06a8,0,2,0.014228303916752338,L2
SHB_7e7f47cd55d6d880,0,3,0.00242902641184628,L1
SHB_fe118a0896b7358f,0,4,0.013060909695923328,L2
SHB_2b44cd01f1977d7b,0,4,0.0038169806357473135,L1
SHB_252022d078ab45c3,0,5,0.012901822105050087,L2
SHB_b68e743f43d4f516,0,2,0.0050086467526853085,L1
SHB_689bae064aff423a,0,3,0.007760165259242058,L2
SHB_5d5ffcd99459be3d,0,3,0.000575060723349452,L1
SHB_228fa49f350f50e8,0,5,0.02699781209230423,L3
SHB_fde12523201c4ae2,0,5,0.045587118715047836,L4
SHB_c98ee38f52733cdb,0,2,0.014483324252068996,L2
SHB_bf788418b60b1b6c,0,3,0.11274983733892441,L5
SHB_7a2ecf8fb9793263,0,3,0.0013185599818825722,L1
SHB_8da25436a29afb5e,0,4,0.02575545571744442,L3
SHB_1a64245b9d46c60f,0,2,0.0013849739916622639,L1
SHB_f24e06ceda62fce9,0,3,0.015637915581464767,L2
SHB_606acb1d37a1baa3,0,3,0.006150350905954838,L1
SHB_c68e4fa3b654fd74,0,5,0.000426304352004081,L1
SHB_e099c048b1ba355b,0,3,0.017507055774331093,L2
SHB_fa61b918639c3dc2,0,2,0.0008408356225118041,L1
SHB_75df84fcb45ef5f1,0,5,0.0006894972175359726,L1
SHB_f868f97440aefdc8,0,1,0.02312181144952774,L3
SHB_2a529d331fec3178,0,1,0.0043669575825333595,L1
SHB_4b59aa18d5d9d6a0,0,3,0.015254572033882141,L2
SHB_b20f1ea7b3bd6ff9,0,1,0.015853043645620346,L2
SHB_6c3d64842ec3ed47,0,4,0.0029391294810920954,L1
SHB_59492e32ca20e2bd,0,3,0.0009722845279611647,L1
SHB_fb348eadbd52091b,0,2,0.0011356202885508537,L1
SHB_c54a49b805cf698c,0,1,0.006592300720512867,L1
SHB_fe3bb12d6f4f8976,0,4,0.15739355981349945,L5
SHB_e0566189c3d7d6d0,0,1,0.0072579458355903625,L1
SHB_ea4032f9cbf04344,0,5,0.1068350225687027,L5
SHB_d662baccbef73d45,0,2,0.022822177037596703,L3
SHB_abef489f4f3733aa,1,5,0.007087557576596737,L1
SHB_525fa0d575c577a6,0,2,0.05197329446673393,L4
SHB_e5dff4c982ccbfb8,0,4,0.04218380153179169,L4
SHB_ec6443fd3a25ae01,0,3,0.006023795809596777,L1
SHB_08bbfb01b96c11a5,1,1,0.01700805500149727,L2
SHB_8237922f3901d58d,0,3,0.017397195100784302,L2
SHB_1c6917eb311dd7cd,0,5,0.0013859939062967896,L1
SHB_4058f5d685c298a4,0,1,0.006291544530540705,L1
SHB_42fd17724e340d9e,0,2,0.0009344487334601581,L1
SHB_d933c82c08f00c3c,0,4,0.03335927426815033,L3
SHB_a9e3f9fb624493d4,0,2,0.0013591075548902154,L1
SHB_5a24b8c91dde3277,0,3,0.0001868096151156351,L1
SHB_1032551df71ec466,0,5,0.03873985633254051,L4
SHB_9dfa412ca106a477,0,4,0.07715623825788498,L4
SHB_da98dfea4ef0de09,0,4,0.008604973554611206,L2
SHB_0e56be0a6f10caec,0,3,0.004537494853138924,L1
SHB_3eee31f60c3c392d,0,5,0.06712295860052109,L4
SHB_4a350a3828971263,0,2,0.000979003612883389,L1
SHB_4f91105fbab33711,0,1,0.0017326213419437408,L1
SHB_2b9f3e7a1bab4d8b,0,5,0.0023197168484330177,L1
SHB_3078b1aa466bf37e,0,2,0.003312998916953802,L1
SHB_6dbc2c7b856c709b,0,3,0.012639614753425121,L2
SHB_4aa39378f6547644,0,1,0.29589414596557617,L5
SHB_d5cfe14b2ff70df2,0,1,0.001885249512270093,L1
SHB_1d2789cab17245a1,0,4,0.0013532566372305155,L1
SHB_d703c9c54e57689a,0,2,0.0016643211711198092,L1
SHB_d51899b3a14f9d80,1,5,0.011025117710232735,L2
SHB_a1a3a792fc55c89d,0,1,0.012254179455339909,L2
SHB_cd9916dfea06ddf6,0,1,0.028685925528407097,L3
SHB_63936bbc0a2fdd3f,0,5,0.0004080620128661394,L1
SHB_4d6594dceeb22000,0,2,0.0005640388699248433,L1
SHB_2a69192b4360af42,0,5,0.0004933251184411347,L1
SHB_449add7778dce69f,0,1,0.03721378371119499,L4
SHB_8a501312bfe1a557,0,3,0.03142125532031059,L3
SHB_4c41efc1e176fecd,0,4,0.036664530634880066,L3
SHB_cbb28e891597b93e,0,3,0.018346073105931282,L2
SHB_02b636cc29c79b41,0,3,0.021255996078252792,L3
SHB_b76f372bfbc75a05,0,5,0.013972248882055283,L2
SHB_621b322038d3682d,0,1,0.0007925138343125582,L1
SHB_1c449cdbef3fdce8,0,5,0.0005832267925143242,L1
SHB_9899bb6921193757,0,5,0.01334715262055397,L2
SHB_7044a6b51c711643,0,5,0.003414217848330736,L1
SHB_f2d3719e615d1c47,0,4,0.0007084604585543275,L1
SHB_4d60c4bf7e7f07a6,0,5,0.006211309693753719,L1
SHB_bc550ae0c7de0189,0,2,0.001553068053908646,L1
SHB_e0f920b61a975484,0,2,0.014230858534574509,L2
SHB_f52d52d0936a467a,0,5,0.002049296861514449,L1
SHB_233db9ce03885265,0,4,0.006595764774829149,L1
SHB_6481e076f98b7cbd,0,5,0.0025667615700513124,L1
SHB_da4a6914508cfcd2,0,1,0.0008485806756652892,L1
SHB_2062ebcfdebadeab,0,1,0.004749775864183903,L1
SHB_0fa3e680f6203113,0,5,0.03328157961368561,L3
SHB_c37908ee40374ed4,0,1,0.0024983673356473446,L1
SHB_f21e4a90ced9d4e1,1,2,0.02546755224466324,L3
SHB_f9367e2aa004578d,0,1,0.0009531838004477322,L1
SHB_5cd9d58e69ac93dd,0,1,0.002855982631444931,L1
SHB_eaa0ea0b19db66cb,0,2,0.01284204050898552,L2
SHB_c25bc1fa2d7113d4,0,1,0.0005389977595768869,L1
SHB_10cd227278062952,0,2,0.005557785741984844,L1
SHB_483944a544cd4e59,0,3,0.026143310591578484,L3
SHB_dccb434c4d3ed49d,0,3,0.005483654327690601,L1
SHB_0aa7400cffb3371f,0,2,0.0030056603718549013,L1
SHB_d0ef56b7d520ffce,0,5,0.01778414659202099,L2
SHB_a97815398acf7f46,0,1,0.010112806223332882,L2
SHB_371d150e4c890521,0,3,0.009948101826012135,L2
SHB_498fd7991b68c6a0,0,1,0.022400319576263428,L3
SHB_cf2e4dcdd12dc164,0,4,0.03405383974313736,L3
SHB_dcacb881682d67fd,0,3,0.0003426694020163268,L1
SHB_db066162244ab44a,0,1,0.004947633948177099,L1
SHB_0ac14fdd73eaf8a5,0,2,0.0011867813300341368,L1
SHB_cff5dfb45be60ec1,0,5,0.0027521674055606127,L1
SHB_68abe1eccd83676e,0,5,0.007970179431140423,L2
SHB_f388b551beb35b8b,0,5,0.03071526437997818,L3
SHB_a95925b9725f5f20,0,4,0.000718252151273191,L1
SHB_463a74c8aa76c05f,0,5,0.0027733424212783575,L1
SHB_d53a538aad2d7f01,0,5,0.008221267722547054,L2
SHB_62a03ca37ced357b,0,3,0.00043734401697292924,L1
SHB_fcbf58e2dd6b4f41,0,5,0.01640094816684723,L2
SHB_77d4bfa51cc18f86,0,2,0.012598519213497639,L2
SHB_2eaedd2de7ef7554,0,1,0.005908189341425896,L1
SHB_59a3ed1cf442f73e,0,3,0.0002883424167521298,L1
SHB_1798205f297e61a1,0,5,0.003476422745734453,L1
SHB_932064e44151aa25,0,5,0.007887352257966995,L2
SHB_610dd74cec090a98,0,4,0.005174793303012848,L1
SHB_b6a09a7d156c30e5,0,5,0.000634106108918786,L1
SHB_cb20ba726fcaea51,0,2,0.02111814171075821,L3
SHB_9e9f3c87ca28dc34,0,5,0.009920800104737282,L2
SHB_00d2f98e1a452a68,0,5,0.012838051654398441,L2
SHB_8b6216e313bd456c,0,3,0.0138558279722929,L2
SHB_4081fb86aaa31308,0,1,0.012073437683284283,L2
SHB_19a7ca6736349072,0,5,0.010031085461378098,L2
SHB_3c55e02bac4231e7,0,3,0.0006326618604362011,L1
SHB_f29bfbc68e37bad6,0,3,0.005348742939531803,L1
SHB_6dc1af0610e10edd,0,3,0.013887481763958931,L2
SHB_cdd31128c707682e,0,3,0.03149883449077606,L3
SHB_6c40351f6e3ea3b0,0,5,0.0005398711073212326,L1
SHB_00bed63ac5bfb166,0,2,0.043715331703424454,L4
SHB_b3e5abdb7ba8bab7,0,4,0.01997559145092964,L3
SHB_0ca9f77b5a008b22,0,4,0.012712458148598671,L2
SHB_18d6b6d9d4e8a651,0,4,0.000951675174292177,L1
SHB_d704f9f96ef12288,0,4,0.001370070967823267,L1
SHB_e8fc7a0daf4eda73,0,4,0.005593817215412855,L1
SHB_dfb8b19325e18c8f,0,3,0.0014772226568311453,L1
SHB_ca8b4d0866400c32,0,4,0.0019704264122992754,L1
SHB_876b9c0591702a1d,0,4,0.00842962134629488,L2
SHB_bbb6395a6cb7e39e,0,1,0.002757521579042077,L1
SHB_1801db33dac108b6,0,1,0.0170307420194149,L2
SHB_0bd47024eca2c178,0,1,0.021554769948124886,L3
SHB_2723a4893402a89c,0,4,0.02044842392206192,L3
SHB_70ecea0aa9ab62ab,0,3,0.00039178438601084054,L1
SHB_c5accdfbf773e646,0,2,0.08519714325666428,L5
SHB_88d340a5e4f294d6,0,1,0.0011300487676635385,L1
SHB_16991f5022c7407b,0,2,0.0003306749858893454,L1
SHB_99f85bdaedf06e12,0,4,0.013373375870287418,L2
SHB_9557e662bb210e9b,1,2,0.06679161638021469,L4
SHB_068f8f4df76a6670,0,4,0.005243732128292322,L1
SHB_b84a1e1077535711,0,3,0.006524279247969389,L1
SHB_e40de246a5e2eea4,0,4,0.0033343308605253696,L1
SHB_71cfab1625ce4574,0,4,0.022365959361195564,L3
SHB_ba341a9d6c080e31,0,4,0.02805173583328724,L3
SHB_05e46209ad03b4b9,0,2,0.028944339603185654,L3
SHB_bda77ed6d3986fd7,0,2,0.0007216260419227183,L1
SHB_400a88a50fe43882,0,3,0.019561024382710457,L3
SHB_0b59c2fcf9abb5f9,0,1,0.007626791018992662,L2
SHB_a34830a7f1db4a48,0,2,0.08353680372238159,L5
SHB_a4b91b4705afb559,0,4,0.0025587535928934813,L1
SHB_040452389473fb24,0,3,0.002050772774964571,L1
SHB_c53850f470117f43,0,3,0.026736952364444733,L3
SHB_cb95bf78d7b21862,0,4,0.0005869726301170886,L1
SHB_8a53a0cd17c6a2bf,0,4,0.007959927432239056,L2
SHB_404fad3f601015d0,0,4,0.012690267525613308,L2
SHB_a5ffe4e271a7b110,0,2,0.0020325533114373684,L1
SHB_b73b2f94e09025e7,0,1,0.048059530556201935,L4
SHB_c19e6ee6f3fde73c,0,4,0.049076952040195465,L4
SHB_7cc00b63c51484f2,0,1,0.011808879673480988,L2
SHB_83678795aeef179b,0,1,0.0017371383728459477,L1
SHB_845bbc56c954e541,0,1,0.014631824567914009,L2
SHB_c1be8310728ee0e2,0,1,0.007674875669181347,L2
SHB_399f820a0214e2db,0,1,0.0012814507354050875,L1
SHB_417249b0cc8cc5cc,0,2,0.0016343948664143682,L1
SHB_ff2cf342bc84dbb2,0,4,0.013646119274199009,L2
SHB_0f7e712f2b13ffb0,0,2,0.0034264905843883753,L1
SHB_31f096ff9d432948,1,5,0.0070078554563224316,L1
SHB_66b555699941f66f,0,3,0.02281610108911991,L3
SHB_096062209d51b45f,0,2,0.01318393088877201,L2
SHB_7fc921e12e0fc1fc,0,4,0.00254415487870574,L1
SHB_d6c9bd405fa6b652,0,5,0.0008522567222826183,L1
SHB_3e8acb30a2d998a5,0,1,0.0005134601960889995,L1
SHB_1aada85c657d1352,0,1,0.001590816886164248,L1
SHB_92e132b74ce93fec,0,2,0.0008854057523421943,L1
SHB_6d6271d6a41d24b1,0,5,0.02904096618294716,L3
SHB_f684842beca5457e,0,4,0.0031733692158013582,L1
SHB_d421a147488a5553,0,5,0.00041479841456748545,L1
SHB_8bb4ec677dc6f0aa,0,3,0.006760785821825266,L1
SHB_6b30ecb797a8c20c,0,3,0.03965562582015991,L4
SHB_6048f9222efb1f39,0,3,0.011348133906722069,L2
SHB_63fd0c5f2f76d36e,0,3,0.007951339706778526,L2
SHB_cb82e36218ab3cbe,1,4,0.030731990933418274,L3
SHB_715eb5f2e956aca7,0,3,0.010759151540696621,L2
SHB_9ece6b6893a43c5f,0,5,0.08909985423088074,L5
SHB_0cabefdfed44155b,0,3,0.00028821625164709985,L1
SHB_e1a1dfb1eb1cc9ff,0,2,0.005007012281566858,L1
SHB_5e9468f30294d321,0,4,0.000380070909159258,L1
SHB_81c1181dac449a5f,0,3,0.010385598987340927,L2
SHB_07aa777cd01a0020,0,3,0.1531313955783844,L5
SHB_eae69ee313065f84,0,3,0.059929437935352325,L4
SHB_f4be334edff94afa,0,2,0.003884234931319952,L1
SHB_fa91c3ee9ab0dce3,0,3,0.002500763861462474,L1
SHB_f764e9a77cd43793,0,4,0.0006484693731181324,L1
SHB_7e23f6921db0d736,0,5,0.010334816761314869,L2
SHB_875bd3455d89628a,0,2,0.0006271874881349504,L1
SHB_f2b2e169119b42dd,0,3,0.01909262128174305,L3
SHB_c7393673b6356e50,0,1,0.022065123543143272,L3
SHB_3d257536eb5364bc,0,5,0.0006617842009291053,L1
SHB_045b428a7928769c,0,3,0.01968482695519924,L3
SHB_5f804bed1f39fe1d,0,2,0.004334052558988333,L1
SHB_98bc3f0cf9c18c0a,0,3,0.00019842982874251902,L1
SHB_099053ed809adf77,0,5,0.0009316341602243483,L1
SHB_f3e44ff825a0a771,0,2,0.0007978555513545871,L1
SHB_b378b47225fc63c4,0,3,0.0017047905130311847,L1
SHB_7f4787b13323c2f6,0,3,0.0004255410749465227,L1
SHB_13d6b0caf918691b,0,5,0.02847304753959179,L3
SHB_dea885f0bf612bfe,0,1,0.004126663785427809,L1
SHB_40dc3ed11a6a5421,0,3,0.0024431974161416292,L1
SHB_066148c809abade5,0,2,0.005434688180685043,L1
SHB_0f7889cd8dd9025d,0,2,0.00931352749466896,L2
SHB_fe5e82f13a6c6873,0,5,0.002542160451412201,L1
SHB_56f1fb9770781a42,0,3,0.011792792938649654,L2
SHB_78856b5a57f75e0c,0,2,0.007015621289610863,L1
SHB_090ab3c3cdc43da7,0,5,0.0015195076121017337,L1
SHB_68b9ddc061601bc8,0,1,0.025606298819184303,L3
SHB_bf411baa5943e727,0,1,0.0018476879922673106,L1
SHB_e5a7c633fcb3656f,0,1,0.002225626492872834,L1
SHB_806386855ff4e21f,0,3,0.0010185785358771682,L1
SHB_92e11e20bb1b59bc,0,1,0.002669176086783409,L1
SHB_7d7212efbe051c56,0,4,0.010429365560412407,L2
SHB_ea8f91fba0451e35,0,2,0.0011326278327032924,L1
SHB_72bd625df36a1254,0,5,0.01646692492067814,L2
SHB_5470b2f5d6de34d0,0,3,0.01763407699763775,L2
SHB_d35d80a547978356,0,4,0.02251742221415043,L3
SHB_8bc9f30b0c2fa4cf,0,1,0.007888378575444221,L2
SHB_c69f9656927f8ae7,0,5,0.00563802057877183,L1
SHB_77f180b8a9e2e304,0,5,0.0419306755065918,L4
SHB_6a5e445a4107b9a0,0,3,0.011207029223442078,L2
SHB_84cb5abdcf0c5d7e,0,1,0.0463017001748085,L4
SHB_09b9cb46d671c9ec,1,5,0.0018479968421161175,L1
SHB_9fb5b5d42360efe4,0,3,0.021118680015206337,L3
SHB_7b6e63c5bc3e3438,0,5,0.00039468679460696876,L1
SHB_406e232ddf409d90,0,2,0.028493216261267662,L3
SHB_fd3315b497ba7fbf,0,3,0.002748880535364151,L1
SHB_6266701ccb502850,0,2,0.11161600798368454,L5
SHB_a108bb3c735978df,0,1,0.020062318071722984,L3
SHB_b2ab50654e3d4f32,0,3,0.001230037771165371,L1
SHB_c1fcff12f389ca5e,0,2,0.0012122067855671048,L1
SHB_427bfe8be16658fb,0,5,0.0007057734183035791,L1
SHB_82ef5a928fd65ef8,0,4,0.0008337981416843832,L1
SHB_ae52782b4a311681,0,2,0.0035250994842499495,L1
SHB_c555ecaac9b641ea,0,1,0.01224600337445736,L2
SHB_d97df80509107e1e,0,5,0.016899418085813522,L2
SHB_b588174db09662d0,0,3,0.00037236762000247836,L1
SHB_acb6670a5522f4bf,0,2,0.0004534536274150014,L1
SHB_16c84991cf52136a,0,1,0.002245513955131173,L1
SHB_eaa34e57500b5629,0,5,0.0015434030210599303,L1
SHB_2f7f41eec0d53973,0,4,0.009663821198046207,L2
SHB_c0fec62d4c71533e,0,5,0.02626917138695717,L3
SHB_b5322cd89809675d,0,3,0.000907386711332947,L1
SHB_35d639b6af40fd5b,1,5,0.007077259011566639,L1
SHB_99a873429fb7b764,0,4,0.019821947440505028,L3
SHB_d0b76f69d36ddbb4,0,5,0.010860243812203407,L2
SHB_50147a74a18d8217,0,5,0.000777627166826278,L1
SHB_bfd8f0cf4fcd06f5,0,5,0.003997792024165392,L1
SHB_dffdc2f347306425,0,1,0.03008589893579483,L3
SHB_0c2db6165ecc9ba1,0,2,0.3054506480693817,L5
SHB_a93090cc064aed64,0,3,0.006905888207256794,L1
SHB_a3500ff9c4a96ef5,0,3,0.016860581934452057,L2
SHB_c7d5fca326c7daa0,0,5,0.040510665625333786,L4
SHB_8ee80eb8f40ece5e,0,2,0.039829134941101074,L4
SHB_2e9b28499db4d801,0,2,0.15876412391662598,L5
SHB_855c51edc5737c81,0,2,0.004703028127551079,L1
SHB_cc24faf52a7d5a65,0,4,0.01572006568312645,L2
SHB_b5ad6246cb5838ed,0,4,0.011334147304296494,L2
SHB_90bd1b3e9c47f1c7,0,2,0.0022588896099478006,L1
SHB_c256b1f5a260c377,0,5,0.00391415785998106,L1
SHB_6dd19e5d6756c716,0,3,0.006277572829276323,L1
SHB_31328d5c1857447f,0,4,0.02453659661114216,L3
SHB_8301832ca8f144f7,0,3,0.07661932706832886,L4
SHB_8505f6750ea12bd0,0,3,0.003014045301824808,L1
SHB_381bcb5df79700be,0,5,0.006674901116639376,L1
SHB_1a653ec68f8fecf6,0,5,0.0007340333540923893,L1
SHB_316a9eae80358c15,0,1,0.003763055196031928,L1
SHB_b188a670b7c0ebfb,0,1,0.0002655511489138007,L1
SHB_9410cf7af529c1f6,0,1,0.012494558468461037,L2
SHB_32858cd4ed3502d4,0,3,0.00014292598643805832,L1
SHB_82c8f012fcf08a72,0,4,0.0014382387744262815,L1
SHB_2c18b50fd9ad25bf,0,3,0.006972816307097673,L1
SHB_06e600aa43457c98,0,4,0.0039382511749863625,L1
SHB_163f5bfc28114cd3,0,2,0.01115541160106659,L2
SHB_e70937a2eb873774,0,1,0.020800411701202393,L3
SHB_c94bf176495bc541,1,5,0.02472582831978798,L3
SHB_b7cc4f619d798ec5,0,1,0.020714230835437775,L3
SHB_75482b614527e9dc,0,4,0.023891549557447433,L3
SHB_974cff2cd2b33156,0,3,0.0027270049322396517,L1
SHB_192a0e7e40dd7100,0,1,0.022470204159617424,L3
SHB_7e10bb7f0b941b9d,0,2,0.010561485774815083,L2
SHB_33eb7bbd06a9c7e7,0,1,0.0024384011048823595,L1
SHB_a27d8c774d8e0ff3,0,1,0.02086423709988594,L3
SHB_7514428d2bda39c5,0,2,0.13202530145645142,L5
SHB_0e86a833fd4e2554,0,4,0.001806250074878335,L1
SHB_6c150723b9b731eb,0,1,0.12905378639698029,L5
SHB_57c5171dd0a52f6f,0,3,0.003936476539820433,L1
SHB_bdd4e895e5192a0b,0,3,0.0001828708773246035,L1
SHB_4eccae5239f321da,0,1,0.0006964101339690387,L1
SHB_3699f698dd2bad45,0,4,0.004267415497452021,L1
SHB_a5907de080388b10,0,5,0.0005760794156230986,L1
SHB_ba47e7fa12041dfb,0,1,0.004447326064109802,L1
SHB_e3af8fd781efdd0e,0,1,0.12369842827320099,L5
SHB_4aed93d70d0b07fe,0,3,0.16420632600784302,L5
SHB_949bba257693fdd2,0,2,0.0007447414682246745,L1
SHB_df0c8bfdcef8841c,0,5,0.000709819549228996,L1
SHB_c40a68d0eb3addb4,0,1,0.0004556519561447203,L1
SHB_1be040af52aeed3b,0,4,0.0005482586566358805,L1
SHB_6c9200a3014691ba,0,3,0.017411645501852036,L2
SHB_22ebc31a3e7a2919,0,2,0.0006022794987075031,L1
SHB_d4ba4a47685dcc83,0,4,0.01293676346540451,L2
SHB_9b11300205252a25,0,1,0.004700633697211742,L1
SHB_211cd38746e2a109,0,2,0.0018859206466004252,L1
SHB_854397edb798f0cb,0,1,0.030232125893235207,L3
SHB_711a3a7e62a8dc27,1,3,0.017837289720773697,L2
SHB_53a47264d1504274,0,3,0.001536318100988865,L1
SHB_ece299be70e6705f,0,4,0.019504345953464508,L3
SHB_d317017d372887e6,0,3,0.0003941776813007891,L1
SHB_a6afc282876755da,0,1,0.002634373726323247,L1
SHB_622075e1661b1548,0,4,0.006027234252542257,L1
SHB_01b0a13bf20f9806,0,5,0.016518421471118927,L2
SHB_ab74bc1bd02bdcc2,0,5,0.0004463378863874823,L1
SHB_6669591eef7156ad,0,2,0.002360396087169647,L1
SHB_fe1e4fb71168de1b,0,1,0.006964211352169514,L1
SHB_3017a3de8e17f286,0,2,0.000592369120568037,L1
SHB_491fc6012eb6410e,0,5,0.05654775723814964,L4
SHB_01073d2b05978fa0,0,1,0.04203758016228676,L4
SHB_fd3ce6978b4e7f34,0,1,0.0011815159814432263,L1
SHB_519e68020b5bbe67,0,1,0.0007313636015169322,L1
SHB_2ebf623f71f85dc5,0,3,0.00040069816168397665,L1
SHB_8d51c7fd1638b441,0,2,0.009648886509239674,L2
SHB_c0e3e4bb53e2ff3c,0,5,0.03972453251481056,L4
SHB_764887042250011f,0,1,0.008603028953075409,L2
SHB_c27ab3a36ba8644f,0,2,0.00898746307939291,L2
SHB_6f008be147b5bed4,0,5,0.002046014182269573,L1
SHB_d61a489aed27e568,0,5,0.02966136857867241,L3
SHB_63098184db7d11bb,0,4,0.0007031483692117035,L1
SHB_022896d4d3e4b31b,0,4,0.015468091703951359,L2
SHB_4c846f100d17c16e,0,1,0.000969232409261167,L1
SHB_77c8be50f0885fcc,0,3,0.002648449270054698,L1
SHB_86601982ec755a3d,0,1,0.06221679598093033,L4
SHB_4194e8e582976e1b,0,5,0.01751655526459217,L2
SHB_dbb33a6fd6dfd348,0,5,0.0029451348818838596,L1
SHB_7656128576d49fe0,0,4,0.0008163676830008626,L1
SHB_9b95237ae9509aad,0,4,0.021279197186231613,L3
SHB_3b6b5a5a93a9f0e7,0,1,0.07193078845739365,L4
SHB_709bc87db8f2854d,0,1,0.002587452530860901,L1
SHB_4cd540c57fdb30c6,0,3,0.03739304095506668,L4
SHB_6bb0c16a2e757607,0,3,0.008441602811217308,L2
SHB_85dcf3534dbd5e5c,0,3,0.010455525480210781,L2
SHB_6e88f0f5f91c6694,0,3,0.0006779329269193113,L1
SHB_1e0803d0ac571731,0,5,0.007057273294776678,L1
SHB_e9365a02e098acb2,0,2,0.01354589220136404,L2
SHB_b9fc0252e39af805,0,4,0.0006932726828381419,L1
SHB_6d0e17b3c29a0ea6,0,5,0.01647215336561203,L2
SHB_fd69a247d2a139d1,0,1,0.017087848857045174,L2
SHB_1ff86eb075f8b34f,0,4,0.022028042003512383,L3
SHB_2f72fc17069e248e,0,4,0.0015554996207356453,L1
SHB_9e93e3fe3ea32b14,0,3,0.0011628578649833798,L1
SHB_5103435e0305f7f8,0,1,0.014242923818528652,L2
SHB_770d557432a13f7f,0,1,0.007793445140123367,L2
SHB_b04f4a2964882bdc,0,2,0.09052497893571854,L5
SHB_3cb9e5a2a7a60da4,0,1,0.038514457643032074,L4
SHB_14c02d0ce126a606,0,4,0.000593365344684571,L1
SHB_bfce9eada690e747,0,3,0.013364557176828384,L2
SHB_aa92f59437b134a0,0,3,0.0028762193396687508,L1
SHB_ce59105abf4fa79c,0,3,0.05192362517118454,L4
SHB_36d3dcd8c8732c09,0,3,0.0047595687210559845,L1
SHB_bebd2953a0ae6315,0,4,0.001966646406799555,L1
SHB_166710adf32cd710,0,2,0.004186999052762985,L1
SHB_c587097a27acda45,0,4,0.010255617089569569,L2
SHB_97fe80d0697a2afa,0,4,0.01229356974363327,L2
SHB_2f6bde421c0d8c45,0,2,0.049486782401800156,L4
SHB_1ce6bf417c64ac2b,0,5,0.00965818203985691,L2
SHB_a0b3a3168ddebace,0,4,0.015143581666052341,L2
SHB_116a6171d9cac80c,0,5,0.004821311216801405,L1
SHB_d5f07aafe00a2afc,0,1,0.000791922677308321,L1
SHB_514d25d3bdc6b62b,0,5,0.010632768273353577,L2
SHB_ad7eea9956607ac1,0,5,0.3951793611049652,L5
SHB_074f512c8786b018,0,4,0.0998757854104042,L5
SHB_0f1e42f65105b3d0,0,2,0.0327441468834877,L3
SHB_5382c01e81731834,1,4,0.021382154896855354,L3
SHB_95d8311a2dd0c91a,0,3,0.012169516645371914,L2
SHB_3c162c77e5b8c3a4,0,4,0.0379984974861145,L4
SHB_13f89302ce221ec3,0,5,0.005674686748534441,L1
SHB_521d0ef1b3faf64d,0,1,0.0048607815988361835,L1
SHB_fce9729089c27826,0,1,0.008296449668705463,L2
SHB_c93a3b6e115545f6,0,5,0.05392593517899513,L4
SHB_7a9727a41f01ce7d,0,2,0.04607461765408516,L4
SHB_eb029c23903b1832,0,2,0.09133564680814743,L5
SHB_7090215ca5f1b3e0,0,5,0.02302125096321106,L3
SHB_f55cf3fbf33d06d1,0,4,0.029171457514166832,L3
SHB_e917935275553969,0,5,0.03620213270187378,L3
SHB_db93edd7a59c6fb3,0,3,0.07017634809017181,L4
SHB_bbd4c8239d1ad90b,0,4,0.0012160706100985408,L1
SHB_84cbc4c7997ceaac,0,5,0.0009716016356833279,L1
SHB_db4aa6f714af5f80,0,5,0.0018654090818017721,L1
SHB_1a73d604a9298275,0,1,0.0019784641917794943,L1
SHB_5a7ea346b1564ad2,0,1,0.015628434717655182,L2
SHB_b61de9539559664a,0,1,0.0003930328821297735,L1
SHB_2c426a69e4ead10f,0,4,0.02624557912349701,L3
SHB_13f23b9adcdc5ea1,0,5,0.008717270568013191,L2
SHB_45a323f69fe3ed59,0,5,0.006697271019220352,L1
SHB_bd4f981aa0d7cdf9,0,2,0.03004126250743866,L3
SHB_3f011a707faccdc3,0,2,0.003876304253935814,L1
SHB_11f1f4b006457c7f,0,5,0.002162473276257515,L1
SHB_260d20f2dd82be61,0,4,0.0004786945355590433,L1
SHB_0f2d6e38937daa49,0,3,0.00011978689872194082,L1
SHB_5d5355e4577aeaff,0,3,0.012388299219310284,L2
SHB_47f88d9b8855fc60,0,4,0.031178833916783333,L3
SHB_ef60892b83db2f02,0,5,0.0037031779065728188,L1
SHB_766a914e4bad1903,0,5,0.0069170682691037655,L1
SHB_9c397cf0ac4916d6,0,2,0.005641012452542782,L1
SHB_3bc3be128229e8e1,0,5,0.0063925632275640965,L1
SHB_216aa081ac0d0833,0,3,0.020896442234516144,L3
SHB_794d613a03d02be2,0,2,0.00041996463551186025,L1
SHB_672dab98c974da23,0,2,0.007686785887926817,L2
SHB_f636d0c70ee1f7cf,0,3,0.03979399427771568,L4
SHB_b86a4198d0eb6ad0,0,2,0.023202013224363327,L3
SHB_a99107bf33f5cb39,0,4,0.022602491080760956,L3
SHB_10d7a72a0be1ab6a,0,4,0.006130147259682417,L1
SHB_82802f4c9725fc41,0,1,0.021745163947343826,L3
SHB_48aee61b87894b36,0,3,0.002848958596587181,L1
SHB_9ade22ef4140deae,0,2,0.002126126317307353,L1
SHB_2447b144f13e7bec,0,2,0.022531205788254738,L3
SHB_873066b3c0d4913b,0,1,0.02150927111506462,L3
SHB_65310047ab9bec2e,0,4,0.0034194509498775005,L1
SHB_2fe0b159d6863bc6,0,2,0.0024906739126890898,L1
SHB_af28bf26d55aad17,0,2,0.0022302893921732903,L1
SHB_9fd0c952cdf750d0,0,3,0.0012337268562987447,L1
SHB_dc4713affd45dece,0,3,0.011762811802327633,L2
SHB_c11f3380bbeeabce,0,5,0.040231987833976746,L4
SHB_9fb84a3c9afbea1c,0,1,0.01606108993291855,L2
SHB_b556705fa0afdeff,0,2,0.02599724568426609,L3
SHB_89fad96e6fb6711d,0,5,0.026796134188771248,L3
SHB_579b380b035becbf,0,2,0.0067313495092093945,L1
SHB_f38b6bfb9a76629e,0,1,0.0037916486617177725,L1
SHB_b374cc05e2fbc828,0,2,0.0014838672941550612,L1
SHB_e43ed55258dab5ee,0,2,0.009401143528521061,L2
SHB_44ebcea0fc0a9847,0,4,0.037262968719005585,L4
SHB_1bf1d0b780f553bc,0,5,0.002650958253070712,L1
SHB_e6a6b56a6ea0d857,0,3,0.018125323578715324,L2
SHB_efc61ecaf42d0f38,0,1,0.007172724697738886,L1
SHB_511ecd022b8bea17,0,1,0.04004392772912979,L4
SHB_e92ee5b07ca82036,0,4,0.00040991275454871356,L1
SHB_0ff37b382bfd5eb5,0,2,0.0005417123320512474,L1
SHB_b9b94dc333216e01,0,5,0.03125219792127609,L3
SHB_6e95fb45797d7e01,0,5,0.0005456109065562487,L1
SHB_852e2e349db2f172,0,1,0.014537717215716839,L2
SHB_9726927718a24510,0,2,0.02389003522694111,L3
SHB_928844d16423983c,0,2,0.00542314862832427,L1
SHB_d4601c0eb4bde506,0,1,0.02758258394896984,L3
SHB_c1b0d70f20710eea,0,5,0.0013565225526690483,L1
SHB_6deabdb28cf2089e,0,1,0.006348347757011652,L1
SHB_02cd8ef121537009,0,5,0.0038994706701487303,L1
SHB_5bf550ba0141c697,0,3,0.0018339892849326134,L1
SHB_b96c1493c0cca71b,0,5,0.034700773656368256,L3
SHB_f4cc78cb40e95716,0,5,0.00042150012450292706,L1
SHB_7231d6826ed9fe05,0,3,0.0013099911157041788,L1
SHB_b71af8e64b463f5a,1,2,0.009492875076830387,L2
SHB_17955b7e778bc253,0,3,0.00534342834725976,L1
SHB_3fd02335fc25cb9c,0,4,0.1213473305106163,L5
SHB_eaa53ca5e3deecf5,0,5,0.0013315121177583933,L1
SHB_9dec70a8a8cbbf35,0,4,0.0007187701994553208,L1
SHB_c2c11bc61ae7ec94,0,2,0.07132202386856079,L4
SHB_70d538bbd9cb1c87,0,4,0.0013245120644569397,L1
SHB_f127fe067d5b75ff,0,3,0.009210070595145226,L2
SHB_ada58a64267808c3,0,4,0.008595459163188934,L2
SHB_93185807668b18a7,0,5,0.023668598383665085,L3
SHB_f98ae4dc7184a04d,0,4,0.03972799703478813,L4
SHB_90d97ab54675ddf2,0,3,0.043978143483400345,L4
SHB_55d0c53cba0d8625,0,5,0.018243825063109398,L2
SHB_a1868c3a659107e9,0,2,0.008139858953654766,L2
SHB_ba3a12fcddcec7c8,0,1,0.009717566892504692,L2
SHB_bf1062ce66a45c74,1,4,0.04231773316860199,L4
SHB_8d833bdb01819055,0,5,0.0055837975814938545,L1
SHB_4334af49e9456f2f,0,5,0.0030702485237270594,L1
SHB_6b7c27a6a29b0043,0,3,0.022192426025867462,L3
SHB_f05b5713082667cf,0,5,0.007044690195471048,L1
SHB_c97286f354693cf1,0,5,0.006429668050259352,L1
SHB_8468a01dc0b99dc1,0,1,0.0007856258889660239,L1
SHB_2968baa60ac7fc0f,0,5,0.013319801539182663,L2
SHB_2c4ebfe37c8d3f5b,0,3,0.011375166475772858,L2
SHB_ab5fc2981e642fc4,0,5,0.004328921902924776,L1
SHB_f9ebf63c1ccb560d,0,4,0.0003495702112559229,L1
SHB_1f99b810ee9f119c,0,3,0.003243829123675823,L1
SHB_ccd8327597e7550d,0,4,0.023657141253352165,L3
SHB_d60c1e3dc94e4bcd,0,1,0.0028435192070901394,L1
SHB_d21d25d0bf60f899,0,2,0.040341608226299286,L4
SHB_f31a73d9a6a0d2e9,0,3,0.0002348510461160913,L1
SHB_629f97d64ba5f5d9,0,1,0.021485593169927597,L3
SHB_647157166aa5d5aa,0,2,0.0013673875946551561,L1
SHB_f8a48fa653a271cd,0,1,0.0025539558846503496,L1
SHB_9bd7565bcb0961de,0,3,0.0027762544341385365,L1
SHB_7f154ca256410aea,0,5,0.018580498173832893,L2
SHB_4e4183fe6f694e5f,0,2,0.018852507695555687,L3
SHB_dbff91e7faa678a3,0,5,0.0004692915244959295,L1
SHB_a0108ec88334e507,0,5,0.01576710306107998,L2
SHB_cd38f0111280f342,0,1,0.004288380965590477,L1
SHB_a1e520f475a4e4dd,0,2,0.0004302907909732312,L1
SHB_ab63cb5c6b13ee76,0,4,0.010263359174132347,L2
SHB_574ef6d6bf59da86,0,2,0.0006878121057525277,L1
SHB_e859d90129893ba8,0,5,0.06627292931079865,L4
SHB_563377651c1a3491,0,3,0.007748403120785952,L2
SHB_16977c8d637cf4fd,0,2,0.016550282016396523,L2
SHB_c4083c52d691fd2f,0,2,0.002180134179070592,L1
SHB_c2abfa63f8fb8c49,0,3,0.00032642489532008767,L1
SHB_94a5aa6754330ba9,0,2,0.0007070642895996571,L1
SHB_e026c431e3293043,0,3,0.0002309163101017475,L1
SHB_c080c6b23cd4fa22,0,4,0.01701328530907631,L2
SHB_93c787ad32ed82a5,0,4,0.03347388654947281,L3
SHB_afd4718f25e465f3,0,2,0.0010923320660367608,L1
SHB_d11ff75856b91e22,0,2,0.07561169564723969,L4
SHB_ae769e6c657936f8,0,2,0.007656529080122709,L2
SHB_615db22a3cfdd50e,0,1,0.009152867831289768,L2
SHB_4a385d3f7ee70174,0,5,0.001986568560823798,L1
SHB_04deea58059b282b,0,5,0.02968769706785679,L3
SHB_3d4f67b2a6098365,0,4,0.0005929602775722742,L1
SHB_4089fb165a1ef035,0,3,0.00024834537180140615,L1
SHB_ce4a2f04d62809a5,0,5,0.001209913520142436,L1
SHB_dd241778a2c70c39,0,2,0.0007670913473702967,L1
SHB_8fe1e7c9805b59fa,0,3,0.012062993831932545,L2
SHB_53584b564acbefc7,0,4,0.03409387543797493,L3
SHB_f51de0995548b935,0,5,0.025510208681225777,L3
SHB_04e5a06fd694041a,0,3,0.006408719811588526,L1
SHB_b9a8341a83276c24,0,2,0.010261417366564274,L2
SHB_9cf469540ecb9a34,0,2,0.004304022062569857,L1
SHB_a5f6def68cc248a0,0,3,0.007634829264134169,L2
SHB_4513386961fe67bd,0,3,0.01575944572687149,L2
SHB_6372cac6e6b4c1fe,0,5,0.019855210557579994,L3
SHB_a50c251ea312d006,0,3,0.017473476007580757,L2
SHB_249a8007c7a06fd9,0,4,0.018552642315626144,L2
SHB_c695beaa8c3f743b,0,5,0.01798318699002266,L2
SHB_f57f8c31d4777a4f,0,2,0.0076970672234892845,L2
SHB_7ca66b273bb97931,0,4,0.004976500291377306,L1
SHB_f0c6d3676663b89f,0,2,0.004680902697145939,L1
SHB_0c729ae2fc0dbbec,0,1,0.11701920628547668,L5
SHB_a56e8be5f86c1cd1,0,1,0.020518269389867783,L3
SHB_7a36e1451cf71aed,0,5,0.0009705843986012042,L1
SHB_36688882d03beb6c,0,1,0.03268471732735634,L3
SHB_6ef08340ef6a52dd,0,1,0.008635380305349827,L2
SHB_949966dc67481197,0,4,0.10918368399143219,L5
SHB_0a75c0217733e4a4,0,2,0.02257784828543663,L3
SHB_7f9b263bb5088901,0,3,0.0041218227706849575,L1
SHB_b187d7b074f2c6d3,0,4,0.00272164773195982,L1
SHB_835fbc48eb68acf1,0,1,0.007199365179985762,L1
SHB_4a79c1396f64c818,0,4,0.0015269214054569602,L1
SHB_e8d4542cf1b02791,0,4,0.013038567267358303,L2
SHB_4882b1a8b843b009,0,2,0.004474444314837456,L1
SHB_bb9501a7f305a0f1,0,4,0.01973915845155716,L3
SHB_ae11a972ae390ffa,0,3,0.00025659584207460284,L1
SHB_6f790d1d57d278ae,0,4,0.029818713665008545,L3
SHB_cedfa2c7f29f4e30,0,4,0.0028007763903588057,L1
SHB_d391c25802aa8d78,0,2,0.016009680926799774,L2
SHB_301fea342f21502a,0,3,0.002681368263438344,L1
SHB_fb0e128f8123410b,0,1,0.0007783359615132213,L1
SHB_d7f45135ef7736bb,0,4,0.029984690248966217,L3
SHB_69e8757b7e5aa784,0,3,0.01416187733411789,L2
SHB_8baecae585102f9d,0,5,0.04927311837673187,L4
SHB_8a4a850991dfc397,0,3,0.004381608683615923,L1
SHB_26d412b8380a4a23,0,1,0.04081973060965538,L4
SHB_f554783489c0a91e,0,1,0.0011349860578775406,L1
SHB_8ea547df646e0612,0,2,0.0010277966503053904,L1
SHB_53908742042a4803,0,3,0.022803157567977905,L3
SHB_e0be6a8310747191,0,2,0.0011323828948661685,L1
SHB_c795e06ed56539a7,0,2,0.00021851981000509113,L1
SHB_a052b1aaf904804b,0,3,0.0036175819113850594,L1
SHB_e64363506d0b6355,0,3,0.000656004180200398,L1
SHB_ba776be9077785ef,0,5,0.0026504036504775286,L1
SHB_b7628b8b7df60b1f,0,2,0.0007260543061420321,L1
SHB_e09912ffbbb0b705,0,3,0.006217991467565298,L1
SHB_52269f4a965d3556,0,5,0.009716970846056938,L2
SHB_eac0d185544928ee,0,3,0.0002796822227537632,L1
SHB_5efb1ecc88b66198,0,1,0.10377508401870728,L5
SHB_b25e00a812c27d26,0,4,0.00033735184115357697,L1
SHB_43419b42ea0fae6a,0,1,0.018269674852490425,L2
SHB_0dfcc184eb259266,0,3,0.02383877895772457,L3
SHB_0fe79d0b60cfda25,0,4,0.00790838710963726,L2
SHB_c60bbed48bcd5879,0,4,0.007953175343573093,L2
SHB_2c04ffaff767e1d4,0,3,0.0006794866058044136,L1
SHB_b8858e7e596f776c,0,3,0.001953389961272478,L1
SHB_0675454dd82b5734,0,3,0.01654532365500927,L2
SHB_ab022b034f492896,0,2,0.004086579196155071,L1
SHB_07b8ec9ed531f917,0,2,0.00451937410980463,L1
SHB_6ea0e8e34f485a57,0,1,0.002175769302994013,L1
SHB_1219086ec34e3267,0,5,0.006568943150341511,L1
SHB_852b1b076a60a3b7,0,3,0.00040078049642033875,L1
SHB_728b9da9f2910013,0,3,0.010232300497591496,L2
SHB_9db65cf6b1f19243,0,2,0.021968131884932518,L3
SHB_ed66526201bddcf4,0,4,0.017527777701616287,L2
SHB_103ae27e4416bb93,0,1,0.0007855746080167592,L1
SHB_3c6e850df8330caa,0,4,0.06913081556558609,L4
SHB_819eb6ef5a55ea56,0,1,0.0013063921360298991,L1
SHB_072d2c35d76c8796,0,4,0.0003149831318296492,L1
SHB_281d137f02a8f7f4,0,4,0.0011324286460876465,L1
SHB_db4b1f1f939afba7,0,1,0.019862988963723183,L3
SHB_4101cccd4b2297c8,0,3,0.011946871876716614,L2
SHB_b0553cc26b555ad4,0,1,0.006677320227026939,L1
SHB_3d143b0418a658e7,0,3,0.03350916504859924,L3
SHB_3e9585852f80f0c2,0,5,0.02913387306034565,L3
SHB_36160af6d4f44902,0,2,0.11009255796670914,L5
SHB_37c61eaf248c8b6b,0,4,0.06959019601345062,L4
SHB_a579993e8d6cb638,0,1,0.0033064065501093864,L1
SHB_70a17a0622d4a006,0,1,0.00041023234371095896,L1
SHB_a82fb82e347293a8,0,5,0.002119761426001787,L1
SHB_6a57f1676ec0f281,0,3,0.006570810452103615,L1
SHB_ce1fc563b6cfa00b,0,4,0.07139074802398682,L4
SHB_f2af556fc44bb7bd,0,2,0.0004488681151997298,L1
SHB_79fb8bece6b7f2f8,0,2,0.02756098285317421,L3
SHB_0bb021d6afb4f6f6,0,2,0.046015407890081406,L4
SHB_7274b60b768a3860,0,2,0.018499840050935745,L2
SHB_c160a6c8b87ffd1b,0,4,0.010351167991757393,L2
SHB_7b5e2591fec4cca5,0,3,0.006000145338475704,L1
SHB_703fe0d144eaa2ec,0,1,0.004541181493550539,L1
SHB_7819cb8da980b7db,0,3,0.00018543550686445087,L1
SHB_858f961a31db2831,0,1,0.000560756481718272,L1
SHB_6c913d93953ca7bf,0,1,0.0014925628202036023,L1
SHB_1ec539f3ff5d7660,0,1,0.0005133063532412052,L1
SHB_42246bfa15fd3796,0,5,0.027803102508187294,L3
SHB_12eb76e489c02f45,0,4,0.015307015739381313,L2
SHB_f7698a5ae7948a04,0,1,0.006652450188994408,L1
SHB_188399814f5656bb,0,5,0.0115569569170475,L2
SHB_ca8e09f388cf394f,0,1,0.08156828582286835,L5
SHB_510e9945895672e7,0,2,0.00027980838785879314,L1
SHB_a303c3bee16697c5,0,3,0.03965730220079422,L4
SHB_5fc5b90be19520f8,0,1,0.006967492867261171,L1
SHB_90a4c15dcbc8c77d,0,1,0.0012377689126878977,L1
SHB_2a98680ba210e707,0,5,0.04675190895795822,L4
SHB_17a0871bca1e8782,0,2,0.0018900783034041524,L1
SHB_c4386dd0e6e0e24e,0,3,0.03561394289135933,L3
SHB_ee5cf56c3d1386af,0,1,0.04434043914079666,L4
SHB_05a3085f9722277a,0,3,0.007062283344566822,L1
SHB_21eec725898a3f65,0,2,0.0007816777215339243,L1
SHB_75cc77f6a50fa3f4,0,4,0.032861609011888504,L3
SHB_7667cd4dfbd9bfb8,0,2,0.01055778469890356,L2
SHB_96b2caa0da3f63a6,0,2,0.014512020163238049,L2
SHB_d5b5710601cf95cb,0,4,0.017944542691111565,L2
SHB_c085fe95821d5aca,0,5,0.00037476758006960154,L1
SHB_1f20a0b431c51c5e,0,2,0.0019188757287338376,L1
SHB_390a0dde6d9522a6,0,5,0.020638514310121536,L3
SHB_a341d9b1d8a46281,0,5,0.002181048272177577,L1
SHB_024f57fabcac8cf5,0,3,0.005704616662114859,L1
SHB_75b390bc39917ec5,1,5,0.012117081321775913,L2
SHB_d8d46499b0b3c134,0,2,0.011137353256344795,L2
SHB_05722b27622d5a10,0,3,0.01509623322635889,L2
SHB_d60df32a3ce09c16,0,1,0.03892863541841507,L4
SHB_ed82feedbc8948cf,0,1,0.013456534594297409,L2
SHB_eacbfe8acb118fa6,1,1,0.022284522652626038,L3
SHB_043d4ec61f1424e4,0,4,0.03805962949991226,L4
SHB_269be49ef70bfd8e,0,4,0.027806777507066727,L3
SHB_3fee11e0a2ed82a9,0,4,0.03428587689995766,L3
SHB_9a70e1cf655aca4c,0,5,0.02549820952117443,L3
SHB_da9df2bb4e64974c,0,1,0.0006067085778340697,L1
SHB_3f4079e051ff4017,0,2,0.000286427210085094,L1
SHB_27375af94db86f0a,0,4,0.009698890149593353,L2
SHB_c8e3dd84b651dc10,0,3,0.0002385592379141599,L1
SHB_458a645740e22f42,0,3,0.006055549718439579,L1
SHB_c26f55758b3d50d0,0,2,0.0006632654112763703,L1
SHB_3da39364fbcb5742,0,4,0.0004446562088560313,L1
SHB_b45f8b6bc59ad730,0,5,0.01069015171378851,L2
SHB_133f860b433f5351,0,4,0.00030159411835484207,L1
SHB_23bb867274a14a30,0,5,0.011120676063001156,L2
SHB_fe24f6131ea8e8d6,0,4,0.005846960935741663,L1
SHB_44a16189f211cd91,0,1,0.014549636282026768,L2
SHB_e904f51567cc12fe,0,3,0.02232953906059265,L3
SHB_d2054d1264ec872e,0,1,0.0096084363758564,L2
SHB_3a095e0945f6ca99,0,2,0.0004841422778554261,L1
SHB_f27914e58026b7d7,0,3,0.010209589265286922,L2
SHB_6a6c35ae107bdf1d,0,5,0.04957253858447075,L4
SHB_3b297be67ec3221d,0,2,0.002190280705690384,L1
SHB_a617e59cbe6ce476,0,3,0.014412757940590382,L2
SHB_3cc2ed23d94547ea,0,5,0.010246183723211288,L2
SHB_627a837e6162103c,0,3,0.008770809508860111,L2
SHB_7f3418ea8b5eab3b,0,4,0.0015030725626274943,L1
SHB_fa72394e4b5d5a5b,0,1,0.0013521654764190316,L1
SHB_871dd2b38becb7a0,0,4,0.00988991279155016,L2
SHB_323fc346fe64cc3c,0,2,0.0005595776019617915,L1
SHB_4e9d3727bd4524ca,0,2,0.020256271585822105,L3
SHB_fa2b93707384261f,0,3,0.008318401873111725,L2
SHB_ffc132e7bf1e95cc,0,1,0.14586924016475677,L5
SHB_01dd2e88cccb8f0c,0,3,0.019252203404903412,L3
SHB_f32fcdae72f548e3,0,2,0.005625440739095211,L1
SHB_0665f1cda70cc9ee,0,1,0.022415397688746452,L3
SHB_967a292898441b3e,0,1,0.006763251964002848,L1
SHB_e9da65f03e944dad,0,5,0.0026513945776969194,L1
SHB_f783da0f01404e1b,0,5,0.016121506690979004,L2
SHB_670e0348c3d25e4c,0,4,0.0018738829530775547,L1
SHB_1f6cda7dc486a200,0,3,0.00031478021992370486,L1
SHB_e5ab62ec4e2ad376,0,3,0.001576250302605331,L1
SHB_ac4475b77ca1816f,0,3,0.00014054430357646197,L1
SHB_faa192efbbf39091,0,5,0.021312091499567032,L3
SHB_222dde32da45f7f7,0,3,0.00012232741573825479,L1
SHB_b635d5d569ac00f1,0,5,0.00707446550950408,L1
SHB_7683e0e5d1288572,0,3,0.012341422960162163,L2
SHB_a98b4e501a314b21,0,1,0.014803673140704632,L2
SHB_f72d03ca75094b84,0,1,0.0028254929929971695,L1
SHB_32d0963ed9c21cbd,0,3,0.0005639760056510568,L1
SHB_0af03630be6df536,0,3,0.0003455887781456113,L1
SHB_181d041eb349e1cb,0,3,0.0606960654258728,L4
SHB_6d8478dd613cbcc7,0,1,0.013339506462216377,L2
SHB_715856efeda7af9b,0,3,0.008288230746984482,L2
SHB_c72a3813a769c1ff,0,4,0.001850281492806971,L1
SHB_a41456b54f4cc46c,0,3,0.0031405272893607616,L1
SHB_27159093c59abfbf,0,4,0.00782392080873251,L2
SHB_70d5b1f50c71bd31,0,4,0.004529769066721201,L1
SHB_65e45b38104df3d6,0,4,0.007740715518593788,L2
SHB_0a8aff828271f539,0,1,0.004362467210739851,L1
SHB_aa995b1f8abad784,0,5,0.0007986481650732458,L1
SHB_006ad2f0b187d17d,0,1,0.004761531949043274,L1
SHB_89f8d5ad6ac56e17,0,2,0.031708382070064545,L3
SHB_0fca26225d7f16cf,0,3,0.008596893399953842,L2
SHB_d0f62dac24a9e927,0,5,0.0014269270468503237,L1
SHB_cfa31cdbc28a307c,0,1,0.010291730053722858,L2
SHB_fdecaadbc3eb5bb9,0,5,0.004973769187927246,L1
SHB_93d8d7b4f7f90411,0,4,0.06444782018661499,L4
SHB_853d1581527e4f42,0,5,0.033935435116291046,L3
SHB_76852613dd10ff89,0,2,0.0007564667612314224,L1
SHB_b4c598bd26cf4448,0,4,0.00036293105222284794,L1
SHB_3b9bcc53dd6c4771,0,3,0.008446178399026394,L2
SHB_a875be8b34676c0d,0,1,0.018791068345308304,L2
SHB_452535dd201ec810,0,5,0.010401906445622444,L2
SHB_7597a5e2893e13cb,0,3,0.00029034403269179165,L1
SHB_72028050622b36f8,0,3,0.009007398970425129,L2
SHB_8f095db782de181c,0,5,0.017634432762861252,L2
SHB_e86e3c4bbc6f6c14,0,5,0.007959802635014057,L2
SHB_2f1374a11a67f47a,0,5,0.004107747692614794,L1
SHB_e62c613516560392,0,1,0.0009756311192177236,L1
SHB_5a4813e598e85a28,0,5,0.009647670201957226,L2
SHB_3dc1521e093342e7,0,4,0.0008358735940419137,L1
SHB_263c2bf4e2453822,0,5,0.00884057953953743,L2
SHB_39f58a28a4866b30,0,1,0.020132169127464294,L3
SHB_a9e4b625e231164d,0,4,0.02178202010691166,L3
SHB_b67d688510327272,1,2,0.0053114620968699455,L1
SHB_97d1b2010f99a5f9,0,5,0.00069017632631585,L1
SHB_e90c0c3cecb9ef21,0,3,0.04051515832543373,L4
SHB_06f640498fffdc5f,0,2,0.023285090923309326,L3
SHB_2ed49260fb6086f9,0,4,0.03572283312678337,L3
SHB_eb64ecbd20ff01c8,0,1,0.015571347437798977,L2
SHB_069564f31b75a67d,0,5,0.001245309365913272,L1
SHB_7c9304b879ac76ce,0,5,0.009532430209219456,L2
SHB_f8a869f299a6b63f,0,4,0.004199058748781681,L1
SHB_42ec73b6ab8fb6fe,0,4,0.0052807205356657505,L1
SHB_b2122dcb447b5b50,0,1,0.00542795704677701,L1
SHB_5abb4420f64b206c,0,3,0.028498971834778786,L3
SHB_0d2f58c082accca6,0,3,0.14874647557735443,L5
SHB_23a1c50e0c3a68d2,0,5,0.002197424415498972,L1
SHB_405054721e44fd5f,0,1,0.015203378163278103,L2
SHB_4189c0399c69ff33,0,2,0.016482044011354446,L2
SHB_a1b0d0d998188b5f,0,1,0.005871578119695187,L1
SHB_4aadeb9acdf905b3,0,3,0.0028026977088302374,L1
SHB_0cba3666f64a17b9,0,4,0.0019654592033475637,L1
SHB_e18f400a26af289e,0,5,0.022440534085035324,L3
SHB_a1c56a9078c5c49d,0,3,0.010375713929533958,L2
SHB_7e9c16fc935b8999,0,3,0.004637221805751324,L1
SHB_a367fb918b39f59d,0,4,0.0011278641177341342,L1
SHB_c6775602ea98af53,0,3,0.01991208642721176,L3
SHB_2daa4f979500a91e,0,5,0.0008312723366543651,L1
SHB_7bf69a0d013862c0,0,1,0.01276483479887247,L2
SHB_9e079fc45528e210,1,3,0.0283995121717453,L3
SHB_e5bb5d6f3e7cb69e,0,2,0.002820039866492152,L1
SHB_6c2e3a5f48536320,0,1,0.437700092792511,L5
SHB_d80e9e36d1037525,0,4,0.003039838746190071,L1
SHB_24a20fc01d244eb0,0,4,0.004013040568679571,L1
SHB_ad7e165b34d484de,0,4,0.0004407343512866646,L1
SHB_d795f047b38267ed,0,2,0.0015575092984363437,L1
SHB_77b2884303068d45,0,4,0.017030807211995125,L2
SHB_8fca974514473ed1,0,4,0.003005438717082143,L1
SHB_d2c5e67854b96cd2,0,5,0.01784083992242813,L2
SHB_8649dd3f06192b7e,0,5,0.0005277285818010569,L1
SHB_f90a230e68804437,0,2,0.10586182773113251,L5
SHB_33649c363dbf5227,0,1,0.016615228727459908,L2
SHB_5d989913618c0546,0,4,0.006319255568087101,L1
SHB_05f72f10cf4e4f9c,0,1,0.01979897916316986,L3
SHB_9da655d8798002c8,0,5,0.0014978060498833656,L1
SHB_ee4c72813af555e8,0,4,0.001800181227736175,L1
SHB_1342c23c6f29e97c,0,4,0.03730963543057442,L4
SHB_130570b19355ac43,0,3,0.008461481891572475,L2
SHB_1d141aa1c8c59472,0,5,0.0009364603902213275,L1
SHB_0e690050b9685091,0,5,0.0004397437733132392,L1
SHB_505e90807066f127,0,2,0.0044224997982382774,L1
SHB_f6bc886da2c005b6,0,2,0.00048511280328966677,L1
SHB_d580989933c284f1,0,1,0.010094258934259415,L2
SHB_c40ad5a271ebba9b,0,1,0.008890388533473015,L2
SHB_2b1739335126af17,0,2,0.035666324198246,L3
SHB_976215d42361c0b0,0,4,0.0007672982756048441,L1
SHB_3ec85549f68690d0,0,5,0.014064500108361244,L2
SHB_921d1a844ccb6f24,0,5,0.013231821358203888,L2
SHB_32ff3e1e39a8abac,0,2,0.015630928799510002,L2
SHB_a99caa46e4525421,0,2,0.0009148250101134181,L1
SHB_a28f0dc8e8a33a84,0,5,0.01551884412765503,L2
SHB_13e96987fd66eaef,0,4,0.0036998209543526173,L1
SHB_8e38ca38286c9b31,0,5,0.059234876185655594,L4
SHB_571362b495a6ec4b,0,3,0.03648749738931656,L3
SHB_fc6af8717ffb6909,0,2,0.0005834989715367556,L1
SHB_f930b2cee219f44f,0,1,0.012092893011868,L2
SHB_17c52a4cfc947b91,0,4,0.0072453985922038555,L1
SHB_53cd2380bceb7d9c,0,5,0.3837060332298279,L5
SHB_436abbe7bc8cb163,0,5,0.006790797226130962,L1
SHB_87bd5a38d50d5506,0,3,0.0035001307260245085,L1
SHB_802bbc49775ea89c,0,1,0.0027712818700820208,L1
SHB_bdf4c24e1bb23c15,0,5,0.012836456298828125,L2
SHB_7881ac79c73ee64f,0,3,0.028253978118300438,L3
SHB_723f9fb8532b837c,0,1,0.010688639245927334,L2
SHB_e7eab135743bc52f,0,2,0.0004969126312062144,L1
SHB_db76c79036cc48c0,0,2,0.02491159737110138,L3
SHB_5d407db803fa689a,0,3,0.007788019720464945,L2
SHB_ab2658fb596d3e06,0,5,0.36686772108078003,L5
SHB_441659cd95c93fee,0,3,0.01627957634627819,L2
SHB_6ad7a6036ac95bd1,0,4,0.04925506189465523,L4
SHB_25912e17b1d54639,0,1,0.007380106020718813,L1
SHB_700d7cce70210742,0,2,0.0022008188534528017,L1
SHB_32998383c5a73757,0,3,0.0006915352423675358,L1
SHB_4efce5673c9ab78e,0,1,0.000301701104035601,L1
SHB_a3caf3b98b876dae,0,1,0.0032854739110916853,L1
SHB_e82f1143b48f0a4b,0,3,0.017619792371988297,L2
SHB_0179c97dba8c598e,0,2,0.0003191768191754818,L1
SHB_c507a12e23397a08,0,2,0.0008512013591825962,L1
SHB_e6519a33f8226414,0,5,0.012417479418218136,L2
SHB_f9f76e8f70f52a5b,0,5,0.001959980931133032,L1
SHB_588156f773a3e76e,0,1,0.0023054233752191067,L1
SHB_d042c3891731e8ad,0,2,0.005416185595095158,L1
SHB_ca35a76aefa79b26,0,5,0.03871957212686539,L4
SHB_236cc3eff3d00857,0,3,0.001185213215649128,L1
SHB_bc83dac1904957c2,0,4,0.0023975963704288006,L1
SHB_e31b73cd68db0318,0,5,0.00041375821456313133,L1
SHB_2e365dff29c48199,0,1,0.002131628803908825,L1
SHB_937a35ca479a15bd,0,3,0.016009913757443428,L2
SHB_f8ec20994d22994b,0,5,0.0020934119820594788,L1
SHB_36135960e05787da,0,3,0.0004773162363562733,L1
SHB_ba8ff50b30d94585,0,2,0.022403080016374588,L3
SHB_3b6cbcde3ef17076,0,1,0.0008877622312866151,L1
SHB_83fea46e3defdf13,0,2,0.017880715429782867,L2
SHB_f14ed6e4462b63be,0,1,0.006679011974483728,L1
SHB_a20872920a96e88f,0,2,0.039062950760126114,L4
SHB_599a3cdc0b0fc950,0,1,0.02807922475039959,L3
SHB_f09b31c79bf9c267,0,2,0.03299327194690704,L3
SHB_13a53861a4ad2a1b,0,3,0.007967405021190643,L2
SHB_3048335e7ca7fe10,0,3,0.00035297611611895263,L1
SHB_225927edde2f2b1b,0,1,0.01016487367451191,L2
SHB_bd5354bad6ec5449,0,3,0.0008335384191013873,L1
SHB_5c253da4e1c6828f,0,5,0.011264814995229244,L2
SHB_a1d312844aa3d2ba,0,1,0.00976188387721777,L2
SHB_af0a7e20ecd316b5,0,5,0.018581368029117584,L2
SHB_09eb550b75aa78e0,0,3,0.009891863912343979,L2
SHB_764ccdcc6f50db22,0,1,0.0037032554391771555,L1
SHB_1b3fc5f23e9a63d1,0,5,0.009574349969625473,L2
SHB_d57040b6720e26c8,0,2,0.006618536543101072,L1
SHB_ddc2ca29bb84f6e1,0,4,0.0018528671935200691,L1
SHB_bbd0bbc1a12a81f9,0,5,0.003237049328163266,L1
SHB_611562dd610bd76c,0,4,0.0007113130413927138,L1
SHB_cdaf099155e9ea87,0,4,0.0010599312372505665,L1
SHB_9f9d1b5eead02a1a,0,3,0.012550621293485165,L2
SHB_ded54bfe0125c576,0,3,0.0003162460052408278,L1
SHB_5b2b4da32314037c,0,2,0.007883301004767418,L2
SHB_2ea016625bdeafe0,0,1,0.009891130961477757,L2
SHB_7475d0e070e50c47,0,4,0.0026983902789652348,L1
SHB_87186d9e84c82be2,0,2,0.02423381805419922,L3
SHB_779de11fd92d9690,0,3,0.02440922148525715,L3
SHB_df53e87c9a40b549,0,4,0.08723415434360504,L5
SHB_d5b957d7dfa4eafe,0,4,0.015557153150439262,L2
SHB_487ea109a744e232,0,3,0.005894213914871216,L1
SHB_337ceea0bce04026,0,1,0.1047719419002533,L5
SHB_59b3884c720ecc10,0,2,0.048597197979688644,L4
SHB_ded141531f6f3eaa,0,1,0.008530659601092339,L2
SHB_320f5169fccb9da0,0,5,0.32086414098739624,L5
SHB_b8da1ce6321a67a7,0,4,0.0008687748922966421,L1
SHB_cf0ca717a00f0bba,0,4,0.02159743942320347,L3
SHB_0f96ececda36fe89,0,3,0.013103661127388477,L2
SHB_8246d71bfc19404b,0,5,0.035850778222084045,L3
SHB_047c406331ea8a9b,0,2,0.013832326978445053,L2
SHB_2fc2770853a20b8b,0,2,0.09612150490283966,L5
SHB_f1127866947b6373,0,4,0.05789149925112724,L4
SHB_6d2ad56fede16190,0,2,0.0003284649283159524,L1
SHB_ccae6294ae92fa5f,0,1,0.005368174519389868,L1
SHB_9fddd0f763cb941b,0,2,0.008959140628576279,L2
SHB_4e12d6847fc149cc,0,3,0.023293783888220787,L3
SHB_770679ff966d83ca,0,1,0.002122933743521571,L1
SHB_db18e1cf1068280b,0,1,0.06224434822797775,L4
SHB_69c65a637bb239a1,0,1,0.007054029032588005,L1
SHB_aafd0018c0da0e56,0,5,0.013611460104584694,L2
SHB_a046ccb1d363dc71,0,2,0.005483880639076233,L1
SHB_39000e0a390bc1ee,0,3,0.0039831893518567085,L1
SHB_035e15fe46bdc39b,0,4,0.006197349634021521,L1
SHB_f2b93e44082986c9,0,4,0.0017742154886946082,L1
SHB_6d80cd766be6a70c,0,3,0.0017973174108192325,L1
SHB_a4fb866923647c9a,0,2,0.018453937023878098,L2
SHB_ba41a2a3f13d9043,0,4,0.10841134190559387,L5
SHB_ded73bd3aff290dc,0,5,0.025821374729275703,L3
SHB_f951ab04cf2edfcb,0,3,0.015293301083147526,L2
SHB_4a5f773b5623ca25,0,5,0.004808059427887201,L1
SHB_59fb49c73965429a,0,3,0.00636120093986392,L1
SHB_38ac3d1cc09816ad,0,3,0.03222181275486946,L3
SHB_19db5ab9b16c2097,0,4,0.001247063628397882,L1
SHB_7a6d26e577d5c9d1,0,5,0.018226785585284233,L2
SHB_ffa8eb1a15524e06,0,1,0.00144865526817739,L1
SHB_baade1d9b0aba7f2,0,5,0.00025351287331432104,L1
SHB_5e1fe1cf1e2c9b7a,0,4,0.0022894071880728006,L1
SHB_2a27cd484c757da8,0,4,0.00619027903303504,L1
SHB_11f2190cb96b9be2,0,5,0.0042585404589772224,L1
SHB_09b2ec9d6dc064ee,0,1,0.00907838623970747,L2
SHB_65d0bcf511fc15d0,0,1,0.004853933583945036,L1
SHB_0444482dd3303b26,0,5,0.002265812363475561,L1
SHB_86895a983b1e27ba,0,1,0.002193849766626954,L1
SHB_33f847d24223b9d4,0,4,0.001993004698306322,L1
SHB_70c3db134cf25eff,0,4,0.03480248525738716,L3
SHB_1c175beae844be9f,0,5,0.025424567982554436,L3
SHB_7d8971fd8e9cdca7,0,3,0.052980754524469376,L4
SHB_d00c042871cca1e8,0,3,0.009180277585983276,L2
SHB_c86f8ae47a988510,0,2,0.013037842698395252,L2
SHB_e95025ca764a6082,0,1,0.001354378997348249,L1
SHB_e8afa7a705953f6d,0,1,0.08814068883657455,L5
SHB_65a696721eeb88ca,0,3,0.013910558074712753,L2
SHB_d4dfb166aeb6633a,0,2,0.004108975175768137,L1
SHB_df244c19746185df,0,2,0.02822835184633732,L3
SHB_fd2403c08764a6ec,0,1,0.004314763471484184,L1
SHB_0a3853139bb0cde3,0,2,0.0771220251917839,L4
SHB_7beab361ee8172a6,0,1,0.006651895120739937,L1
SHB_15b8deb70613e3cb,0,3,0.0009771018521860242,L1
SHB_4691d2c8afb5525d,0,1,0.006801979150623083,L1
SHB_b01f91edceec0d3c,0,2,0.0011600985890254378,L1
SHB_53f61304c254b66f,0,3,0.0005261700716800988,L1
SHB_2b2213744453ad1f,0,1,0.00033225028892047703,L1
SHB_f22ddc19db4718fb,0,5,0.01332054752856493,L2
SHB_46c11aaf9e790139,0,5,0.03248982131481171,L3
SHB_277d76093adbe0b9,0,5,0.013498155400156975,L2
SHB_7d1727b5a8e1fe0a,0,2,0.00535145029425621,L1
SHB_a6c3c345dbd0ebc0,0,3,0.001479190425015986,L1
SHB_ed898b89396443df,0,3,0.0024728337302803993,L1
SHB_77f31344dc7e8791,0,4,0.0035925270058214664,L1
SHB_a9936feab202d28a,0,5,0.0204312726855278,L3
SHB_10bfb03350e69426,0,2,0.008887936361134052,L2
SHB_36d5163ce7293c7d,0,3,0.026376528665423393,L3
SHB_a1e3f89b80f37e8d,0,3,0.034126780927181244,L3
SHB_9de67ae2b60771e7,0,4,0.008003451861441135,L2
SHB_293bd8b93a054b16,0,1,0.0018387055024504662,L1
SHB_81e0e304e9eeb2d3,0,3,0.0019503345247358084,L1
SHB_53f1ab9d35aab4ff,0,3,0.000212342623854056,L1
SHB_4aa198123bdf314b,0,1,0.0022058633621782064,L1
SHB_a82c812fa51ba391,0,2,0.049905627965927124,L4
SHB_0839564989a05c10,0,1,0.02023101970553398,L3
SHB_61231a3e5ba71c53,0,5,0.0015311890747398138,L1
SHB_64d3f787910e99d2,0,2,0.0002524147857911885,L1
SHB_a9ad8f4241ba898f,0,5,0.04367653653025627,L4
SHB_b7b003e70e6b470e,0,3,0.004864879418164492,L1
SHB_c184f7aa105e7fe4,0,1,0.0006093885749578476,L1
SHB_4be0c30ca62b1e76,0,3,0.01948445849120617,L3
SHB_4e779ecb2244d767,0,1,0.025102965533733368,L3
SHB_5e784f95b0ab912b,0,4,0.0024395242799073458,L1
SHB_29b2f36e6616cc39,0,5,0.02065804786980152,L3
SHB_94c6624e6150d951,0,3,0.00035734279663302004,L1
SHB_64d6ec708251150d,0,5,0.0014975236263126135,L1
SHB_264c01162a0829d1,0,2,0.004180463030934334,L1
SHB_6024703d4d071a62,0,1,0.02358204498887062,L3
SHB_92f1ee82a3b00fa4,0,5,0.025002606213092804,L3
SHB_177ee14486c8cb0a,0,1,0.0021907840855419636,L1
SHB_c9029e529993d2a2,0,4,0.002476372057572007,L1
SHB_2cc1dfae9d387bcb,0,3,0.003010078798979521,L1
SHB_dd95c8a85635527b,0,5,0.03611302003264427,L3
SHB_166d509d82ad3128,0,5,0.3644455075263977,L5
SHB_cb977fc586caed12,0,1,0.0057889726012945175,L1
SHB_743f47229ebca62f,0,4,0.022627564147114754,L3
SHB_545207e8b1f5753f,0,5,0.003376894863322377,L1
SHB_fc9a8fe5d82217cc,0,5,0.0012286256533116102,L1
SHB_db630dea3cd9ae85,0,4,0.0013119676150381565,L1
SHB_ca05837c4133e1d5,0,3,0.03683113306760788,L3
SHB_a805dae9e69f4f0d,0,2,0.002493174746632576,L1
SHB_8cf4e4cf41fe8238,0,4,0.021288126707077026,L3
SHB_d135e39dbf961216,0,2,0.00498994393274188,L1
SHB_e0c874ed47267471,0,4,0.009701093658804893,L2
SHB_ba977b42a1891f9c,0,5,0.01002148725092411,L2
SHB_e74aedbe2d49bc54,0,1,0.04864264652132988,L4
SHB_4a5d58306caff3a0,0,3,0.008993878029286861,L2
SHB_4eaa7673d195e893,0,5,0.01189794484525919,L2
SHB_c72beb2b85db9d7d,0,5,0.008954574353992939,L2
SHB_f69b2482180335dc,0,5,0.01635049283504486,L2
SHB_6b063da3ef17e8c6,0,3,0.005388351157307625,L1
SHB_fcded40804771899,0,3,0.014758294448256493,L2
SHB_0b2faf2b49a0927a,0,4,0.029720349237322807,L3
SHB_98d591aaef303a65,0,2,0.006175333168357611,L1
SHB_9a9f654dce215bdf,0,5,0.001046688761562109,L1
SHB_4ebdbffa56c98075,0,3,0.04519033804535866,L4
SHB_58dc1c51fa7630f8,0,1,0.005134121049195528,L1
SHB_5e266db96d37758f,0,5,0.02926459349691868,L3
SHB_262a5ef2408efedd,0,3,0.0005925052100792527,L1
SHB_6be500c40a77d056,0,3,0.000950757646933198,L1
SHB_9c61750480ba29e9,0,3,0.09866883605718613,L5
SHB_1c982c7361d44691,0,5,0.024960584938526154,L3
SHB_d132db1efd6707e5,0,2,0.00031281437259167433,L1
SHB_b837a94ea6ee6fd6,0,3,0.0012136705918237567,L1
SHB_a55469baf45f909e,0,5,0.009204920381307602,L2
SHB_1967cedcc7153b8c,0,4,0.004469996318221092,L1
SHB_9a7bbf086ad9bc5f,0,4,0.0030526285991072655,L1
SHB_8b9e6011927fa07c,0,5,0.0067407614551484585,L1
SHB_b88e6155d69fbf29,0,5,0.0005091440980322659,L1
SHB_7772c7cd6371cef1,0,3,0.0010852757841348648,L1
SHB_498b4c307a00afe4,0,1,0.004579225555062294,L1
SHB_84f7587969676343,0,4,0.00287456507794559,L1
SHB_6b707888085b7bd8,0,4,0.0012606868986040354,L1
SHB_c73091654642e07b,0,4,0.0009773382917046547,L1
SHB_07f576a5b4f54b5a,0,1,0.009311261586844921,L2
SHB_584bc15d87966c43,0,5,0.0005286113591864705,L1
SHB_9966bc389b2de1a4,0,4,0.037049535661935806,L3
SHB_2993e45fa04f92c2,0,4,0.0005844173138029873,L1
SHB_8e7b5402bdaa50a9,0,4,0.03572383522987366,L3
SHB_bf12667d41065907,0,1,0.000697741808835417,L1
SHB_91912c59fa951518,0,4,0.07943371683359146,L4
SHB_3db3a70dec9f44b2,0,3,0.021890362724661827,L3
SHB_8abb1cda7f7e55cd,0,4,0.05777044594287872,L4
SHB_28986ab2a892c2f5,0,1,0.040850598365068436,L4
SHB_22c6861e70783922,0,4,0.010428992100059986,L2
SHB_f6bcd543af8efe40,0,3,0.006166416686028242,L1
SHB_ed4c03d3780e4de0,0,1,0.002049580682069063,L1
SHB_3df5680fd4741a75,0,1,0.008123771287500858,L2
SHB_16dffcc0f917420e,0,2,0.0008875486091710627,L1
SHB_c14da4873fa487f9,0,2,0.0600573867559433,L4
SHB_7d4bf0a0e7f92b92,0,1,0.00718833738937974,L1
SHB_326ab862e0714cff,0,2,0.0137507114559412,L2
SHB_a0ee9a5ab488a6c7,0,4,0.0019728669431060553,L1
SHB_60a001918d9cd425,0,3,0.0018987897783517838,L1
SHB_1c9f1fabab0aea70,0,4,0.0062202755361795425,L1
SHB_322fc6d9b286c450,0,3,0.029360506683588028,L3
SHB_3d434c2c51398c5e,0,5,0.015305283479392529,L2
SHB_274d430e114d4598,0,2,0.0007204757421277463,L1
SHB_2d70aa98c3352722,0,3,0.0015871721552684903,L1
SHB_5932dacb08879658,0,2,0.07131215184926987,L4
SHB_bbb8e6b48e832826,0,4,0.01961929351091385,L3
SHB_e43cca409a2bea47,0,1,0.0036525579635053873,L1
SHB_7047e47acecd509d,0,4,0.0066626230254769325,L1
SHB_4b7e0195b95fbc0e,0,4,0.015650002285838127,L2
SHB_aa66ab363434f84e,0,2,0.008806133642792702,L2
SHB_89ad68b4e2c58630,0,3,0.02081674337387085,L3
SHB_69103231d3c0d742,0,3,0.0014736349694430828,L1
SHB_ab12f475b7e222a8,0,3,0.0008455849601887167,L1
SHB_bd5968e84dcf068d,0,2,0.005483880639076233,L1
SHB_2c0aba87ce00077c,0,3,0.026058712974190712,L3
SHB_1129a67c9bca94c3,0,5,0.017190931364893913,L2
SHB_51e8f6c23e56b93f,0,5,0.005545313470065594,L1
SHB_065a25f472137be0,0,5,0.010458845645189285,L2
SHB_2c996570d95df9f2,0,1,0.03891972079873085,L4
SHB_6d083511c9ae78a4,0,4,0.019865717738866806,L3
SHB_610eab828be23be8,0,2,0.005586384795606136,L1
SHB_58d716a74b70769d,0,1,0.0013360235607251525,L1
SHB_ab831ed85fe24208,0,3,0.00031115912133827806,L1
SHB_8ef32a43a40e9279,0,1,0.0016016016015782952,L1
SHB_74bc151b67e6c523,0,3,0.0006062559550628066,L1
SHB_370966b978937249,0,1,0.001453847624361515,L1
SHB_ecd10df657f05bee,0,5,0.008554245345294476,L2
SHB_cb01ae847ce522fc,0,4,0.014399407431483269,L2
SHB_885e5589a36f19d1,0,3,0.019382935017347336,L3
SHB_deaaeba27c7bdebc,0,1,0.003339451737701893,L1
SHB_6c770234a3f0d5cb,0,4,0.011148522607982159,L2
SHB_457edc117358f5c5,0,3,0.011233559809625149,L2
SHB_d50e47278956938b,0,3,0.0011599803110584617,L1
SHB_4448735c4121817d,0,5,0.0029188068583607674,L1
SHB_c22e830d5d0b9a50,0,3,0.005858616437762976,L1
SHB_b268f188b7ec3898,0,5,0.02153836376965046,L3
SHB_ebd14ed8d7b756d9,0,4,0.007602368015795946,L2
SHB_8582a729c6ed63c7,0,1,0.0006570362020283937,L1
SHB_5daf7af8a8fb0652,0,5,0.0019098740303888917,L1
SHB_5f50670452d36c46,0,1,0.0031784744933247566,L1
SHB_926a2e5cbbc67461,0,3,0.022677626460790634,L3
SHB_d0294ce053d94333,0,4,0.014733548276126385,L2
SHB_71600ea16ccdb142,0,4,0.0064554475247859955,L1
SHB_4fddfd8c906c2e2b,0,4,0.001109374570660293,L1
SHB_96594bdc10acb178,0,1,0.03155726194381714,L3
SHB_247b0ba65901c348,0,1,0.0013184983981773257,L1
SHB_d8be4744f6b0d051,0,4,0.019563520327210426,L3
SHB_8d0239ff2e0196c0,0,4,0.00034953939029946923,L1
SHB_546499a863d85704,0,1,0.02998737245798111,L3
SHB_67aaab400c889da4,0,2,0.0003007189661730081,L1
SHB_de712e499bb19ba0,0,5,0.0012231690343469381,L1
SHB_7247015673e55c4b,0,2,0.000665318570099771,L1
SHB_7c3d69897eb76dc8,0,1,0.03736567497253418,L4
SHB_83317485bbb10639,0,1,0.058142323046922684,L4
SHB_05eb41c3d8f7a81e,0,2,0.009722432121634483,L2
SHB_d0694458ede6853b,0,2,0.03892899677157402,L4
SHB_2e8e3e8eedd45c06,0,1,0.005104189272969961,L1
SHB_b92b7ca9e6c837fe,0,3,0.00035869935527443886,L1
SHB_c25130a6865dcd27,0,2,0.000512927770614624,L1
SHB_4c7eb7a3391c3572,0,2,0.0005489488830789924,L1
SHB_6b4632fa0fc4db7e,0,4,0.0007303776801563799,L1
SHB_ee80a5cd04c9e8bf,0,2,0.006521875038743019,L1
SHB_7662e47cac4938f5,0,1,0.000749866128899157,L1
SHB_fef9de4508fb376a,0,1,0.0015684718964621425,L1
SHB_55841a7de2f72494,0,1,0.06728425621986389,L4
SHB_1191213870890475,0,5,0.01237970869988203,L2
SHB_1769db4add7c39d9,0,3,0.011063438840210438,L2
SHB_12d1c02cbc506d0c,0,1,0.015785954892635345,L2
SHB_237cbbbbc51828c7,0,2,0.019033489748835564,L3
SHB_f392b775a8297a6a,0,3,0.002907073823735118,L1
SHB_8e3e7154c6815231,0,5,0.0074952878057956696,L2
SHB_fe655ba58c5b1b27,0,5,0.004388030618429184,L1
SHB_eaea280c17df0b08,0,1,0.019818507134914398,L3
SHB_c3097ba85e9b43dc,0,1,0.010521463118493557,L2
SHB_17cdeed139d7ae63,0,4,0.05040425434708595,L4
SHB_5c0299d348f455a5,0,4,0.10502421110868454,L5
SHB_a35f8c01e9097395,0,4,0.007812506519258022,L2
SHB_2ec8bedcdbb64100,0,2,0.025539426133036613,L3
SHB_e53374064d84057b,0,5,0.0004278870765119791,L1
SHB_331068ea7b3c6a7d,0,2,0.001147563336417079,L1
SHB_dcdb623760f15e2a,0,4,0.011850065551698208,L2
SHB_ff75ce8739304c20,0,4,0.011376994661986828,L2
SHB_1ca752a28d87123f,0,1,0.03525965288281441,L3
SHB_a7ac8f6b5864753f,0,4,0.00196393602527678,L1
SHB_b393b5b1d3246573,0,3,0.0047981697134673595,L1
SHB_4e58b5cb421d7515,0,3,0.0033171724062412977,L1
SHB_1d2d1f3177e62226,0,2,0.007811682298779488,L2
SHB_63f1ca4cc8f4b132,0,2,0.023727543652057648,L3
SHB_4116f2d7089cdd5f,0,4,0.00031967685208655894,L1
SHB_65cb81317b9de7dc,0,4,0.012399435043334961,L2
SHB_cc3d7dd0e21df86d,0,1,0.0006910954834893346,L1
SHB_ef949352a4854c6a,0,4,0.0009764033602550626,L1
SHB_df8c82bb8978bcff,1,2,0.03835449740290642,L4
SHB_de0da030c99450d7,0,5,0.003213663352653384,L1
SHB_bcc3acadc977d484,0,1,0.0037907082587480545,L1
SHB_262b52152c3cac20,0,2,0.04998813569545746,L4
SHB_bbbce3c946b2e57a,0,3,0.00035361890331842005,L1
SHB_aa94701f41e7c4cf,0,4,0.015296123921871185,L2
SHB_8b5fd826399eb754,0,3,0.009356291964650154,L2
SHB_4878612bbaff39fb,0,3,0.03284993767738342,L3
SHB_0d5fd56024271be0,0,2,0.000985841965302825,L1
SHB_053970c1253dd6aa,0,2,0.009767401963472366,L2
SHB_6ce9856fb8adc954,0,1,0.010353097692131996,L2
SHB_5fbb340b39d987d0,0,3,0.006484422367066145,L1
SHB_b80c428a272bb7cf,0,2,0.007292407564818859,L1
SHB_6a6a7952448c1ca3,0,1,0.020566077902913094,L3
SHB_c4480d66f0db65bc,0,2,0.028347473591566086,L3
SHB_18f8517b673a6249,0,4,0.004741962533444166,L1
SHB_21beebdca2e4c43a,0,2,0.006960967089980841,L1
SHB_cfff2717900696ec,0,4,0.00043965555960312486,L1
SHB_8397f5719729c92d,0,5,0.005766596179455519,L1
SHB_af64b2aa305142d7,0,5,0.01066545955836773,L2
SHB_a4014dcc95fa6812,0,1,0.019519057124853134,L3
SHB_a2f101fda0ff1927,0,3,0.09429414570331573,L5
SHB_7ebc3aa7d67b5205,0,3,0.031360846012830734,L3
SHB_976c139d7b4c6d59,0,2,0.012228153645992279,L2
SHB_c065e4892987762d,0,3,0.0026571392081677914,L1
SHB_54540291fa660975,0,5,0.001706607872620225,L1
SHB_c2a9ca33a8be3eb4,0,5,0.00431849155575037,L1
SHB_06d82a61466ef318,0,4,0.0009949347004294395,L1
SHB_1bbec40cb5f4e14b,0,5,0.003538840916007757,L1
SHB_a0955c743ee73831,0,4,0.0009552271221764386,L1
SHB_f26a476816761e5b,0,1,0.015520111657679081,L2
SHB_10b0c97f9d88eb18,0,2,0.005040470976382494,L1
SHB_8810587fcbca9326,0,3,0.009042727760970592,L2
SHB_aeb24d9df789a6e9,0,2,0.0007943609962239861,L1
SHB_2c338941c379583f,0,1,0.002406646264716983,L1
SHB_bffb49958eb29fdf,0,1,0.00044454410090111196,L1
SHB_d869d6931d1b6409,0,2,0.05733296275138855,L4
SHB_eba10c64dec4d8b2,0,4,0.014404279179871082,L2
SHB_7e06d2197dc54625,0,1,0.00442505581304431,L1
SHB_6851773042573caf,0,1,0.010918546468019485,L2
SHB_201933b13609c4d7,0,5,0.058460574597120285,L4
SHB_9c8671168e1b1cc9,0,1,0.0020069172605872154,L1
SHB_b97017da485a1ae0,0,3,0.04891717806458473,L4
SHB_04f1e64c035ceca6,0,1,0.02123045176267624,L3
SHB_6f240baec1e26c01,0,3,0.008847158402204514,L2
SHB_a2f7c795fd10c22e,0,4,0.13522589206695557,L5
SHB_b06e4e9f171dff16,0,1,0.01836204342544079,L2
SHB_7001c09e5fbdf47f,0,2,0.0029669885989278555,L1
SHB_d774f71b7f1ee1af,0,3,0.005611566361039877,L1
SHB_c0684184e616286b,0,4,0.009349347092211246,L2
SHB_64c38a8e87e017ee,0,5,0.021593192592263222,L3
SHB_574d9ee2e49f85b9,0,5,0.021283205598592758,L3
SHB_941ca7a94a99785f,0,1,0.00635801674798131,L1
SHB_06ce1f31141c9827,0,4,0.00019938853802159429,L1
SHB_4eb7032d467c69ff,0,4,0.008259824477136135,L2
SHB_2d1b5c495a80326e,0,4,0.0005705250077880919,L1
SHB_d584cad88f4118c2,0,3,0.0038377046585083008,L1
SHB_4b0ccc681b7bda7a,0,4,0.008823378011584282,L2
SHB_1be3b9115281d0ba,0,2,0.0005102873547002673,L1
SHB_0d8334293f936331,0,4,0.005491612944751978,L1
SHB_8300cf9e8b3e7e82,0,1,0.026271166279911995,L3
SHB_a229dfd001f5e914,0,1,0.007804377935826778,L2
SHB_0db24f11d5eaf31d,0,3,0.0214427150785923,L3
SHB_066bcc586bd0a943,0,3,0.002723029348999262,L1
SHB_533ec8f85a948f4b,0,1,0.007985931821167469,L2
SHB_63d5de353bc52b05,0,5,0.00950403232127428,L2
SHB_2a9b8d95d4a9b74c,0,3,0.05058140680193901,L4
SHB_67f89be1fddb2570,0,2,0.02185388095676899,L3
SHB_e63e19709751c9a0,0,3,0.007556190248578787,L2
SHB_6229a6d2b14768e6,0,4,0.046447668224573135,L4
SHB_ab04d5b7aee558bd,0,1,0.020188746973872185,L3
SHB_9860a84f594522de,0,3,0.0071466281078755856,L1
SHB_5bd84f1d1ba9f438,0,3,0.0007916118483990431,L1
SHB_c5b3a8b1308a8b9c,0,2,0.016019389033317566,L2
SHB_1777fbd21f06bcfc,0,1,0.06072498857975006,L4
SHB_dfd87eac0ec338c5,0,2,0.0009822703432291746,L1
SHB_96f49659b64139ed,0,2,0.003420367604121566,L1
SHB_956342597889d33d,0,4,0.002653551520779729,L1
SHB_be5d735bde2cd215,0,5,0.0004962369566783309,L1
SHB_3f0c65496373a8e8,0,4,0.0012624470982700586,L1
SHB_3a0171bfbeab11bb,0,5,0.05343211442232132,L4
SHB_977f786ecbf4ada3,0,4,0.0005773505545221269,L1
SHB_01029ee57201a39e,0,2,0.0007810716633684933,L1
SHB_8b6d50bb993e0273,0,2,0.0016491665737703443,L1
SHB_2a6deb17cfb1bbdf,0,2,0.005780679173767567,L1
SHB_aa489bf61f97a46b,1,5,0.03890009969472885,L4
SHB_6dceaa50a45a33bb,0,5,0.02688741683959961,L3
SHB_1eaa2c487782c96b,0,5,0.0019481017952784896,L1
SHB_a6d824ceab291f13,0,3,0.03262285143136978,L3
SHB_8a9e9a1c0cbc4a39,0,3,0.011056184768676758,L2
SHB_8a0cd6f32cf6be93,0,5,0.014163481071591377,L2
SHB_1fa9c2b62ae41da5,0,3,0.011451310478150845,L2
SHB_0de7f21dd0e9c566,0,3,0.0038399947807192802,L1
SHB_eb5657c36d96124c,0,2,0.01334514282643795,L2
SHB_e83292060d52aca5,0,2,0.0006144868675619364,L1
SHB_1a4fd185b6607b1e,0,3,0.02848021686077118,L3
SHB_56578bc449495e54,0,4,0.22053490579128265,L5
SHB_8ef03b593d6bc902,0,4,0.04636447876691818,L4
SHB_35a46094d60d92e4,0,2,0.004778064787387848,L1
SHB_031350fc797d8372,0,2,0.017478691413998604,L2
SHB_b68c3122ae26950f,0,3,0.0001531198067823425,L1
SHB_b2994b0276a67009,0,4,0.0019325873581692576,L1
SHB_005025ef7d3291e0,0,4,0.0003819609701167792,L1
SHB_fd9a3b9b43b4bf32,0,3,0.01110025867819786,L2
SHB_28b417e4cf6a9fa6,0,4,0.0015323434490710497,L1
SHB_f86c656924bd7a57,0,3,0.0003033543471246958,L1
SHB_bf3e467e2d168b18,0,2,0.0166771337389946,L2
SHB_b45e4e186383a815,0,5,0.009132827632129192,L2
SHB_d69fda280b1fe603,0,4,0.017935166135430336,L2
SHB_f9d31f3ca9601bb2,0,3,0.030041228979825974,L3
SHB_3cf00c2cba054631,0,5,0.0033597606234252453,L1
SHB_3a96b1fda2a31f5e,0,2,0.0015802650013938546,L1
SHB_227b3b518f599b49,0,5,0.004934781230986118,L1
SHB_2c572a72aa6b6835,0,1,0.0015949218068271875,L1
SHB_cbd5cb9e92fe4627,0,3,0.0002595934784039855,L1
SHB_6bb3ecbdd926d833,0,5,0.04269212484359741,L4
SHB_d0d7805246eb0c6c,0,1,0.0006330581381917,L1
SHB_b4a69249726d8a72,0,4,0.0006540202302858233,L1
SHB_182280d82b4d54a7,0,5,0.004300796892493963,L1
SHB_95815c4b91f1d3ae,0,5,0.02879234589636326,L3
SHB_ee4f3a9686aff55a,0,4,0.0005760874482803047,L1
SHB_b8dddfc26552d048,0,3,0.017160551622509956,L2
SHB_1f762b1d9dbcbdda,0,2,0.007700404152274132,L2
SHB_1f6390821f445079,1,2,0.001604766002856195,L1
SHB_4d0999a83d4e910d,0,5,0.0020071426406502724,L1
SHB_417641ea8bd92ef8,0,2,0.002613196847960353,L1
SHB_72f1d21d1226b1cc,0,2,0.027299486100673676,L3
SHB_c0aa1fbfb84d4731,1,4,0.0477597638964653,L4
SHB_192efb6f6b357aa7,0,4,0.0064489152282476425,L1
SHB_ecc84486fb809351,0,5,0.05830930545926094,L4
SHB_73488f794a621aa1,0,1,0.002975704614073038,L1
SHB_b331a3265e8d6b41,0,5,0.003796105273067951,L1
SHB_b3a92fc5cf1d0e99,0,3,0.0006381301791407168,L1
SHB_65b717b5b6b5a5e1,0,2,0.019648540765047073,L3
SHB_4bac3be7eb082354,0,2,0.0038199899718165398,L1
SHB_24f588cb54c6a1c9,0,3,0.0009212624281644821,L1
SHB_dd010fd415e5c39c,0,3,0.0015847968170419335,L1
SHB_8c7fbdd6ff21c7c7,0,4,0.0007463276269845665,L1
SHB_2bdc6aacd94716ef,0,2,0.0004378170124255121,L1
SHB_4c3fb5b44affb19a,0,5,0.006559909787029028,L1
SHB_ee47861d3a147376,0,5,0.012707995250821114,L2
SHB_4683e01896986b2d,0,2,0.0012985446956008673,L1
SHB_b1e64e574fa77e51,0,2,0.001820363337174058,L1
SHB_40e8bb33735ec63c,1,1,0.11586085706949234,L5
SHB_e8f06ae7e5597205,0,4,0.014134283177554607,L2
SHB_6121c74b2078293b,0,4,0.041701238602399826,L4
SHB_4b2797c3acf34029,0,1,0.010286965407431126,L2
SHB_63120aa374e0a67d,0,5,0.0031542417127639055,L1
SHB_9ec8db1ce40a4ffb,0,3,0.01687530428171158,L2
SHB_6384de20b2b89ebe,0,4,0.0016999590443447232,L1
SHB_9e723ee7ace6397f,0,1,0.024931808933615685,L3
SHB_b4472a35c61a1a7f,0,1,0.003006570739671588,L1
SHB_0f68998f2bd3d82d,0,2,0.018244020640850067,L2
SHB_bccb1954f39805a2,0,3,0.0002981698780786246,L1
SHB_49ace5e5a62d9bf4,0,3,0.0009903314057737589,L1
SHB_680689a5f85601b2,0,4,0.026674164459109306,L3
SHB_349a6047f1397000,0,1,0.003485240275040269,L1
SHB_d465d34a3f2538db,0,3,0.03658478334546089,L3
SHB_20f979226cc21570,0,3,0.025720778852701187,L3
SHB_6811eb49472e8943,0,3,0.0026857571210712194,L1
SHB_2637a5b34536eb40,0,4,0.0005558923003263772,L1
SHB_3264de0570ac669f,0,5,0.007596269249916077,L2
SHB_d9d6299b20dfdac7,0,5,0.06229478493332863,L4
SHB_8434e9639f165eb7,0,2,0.0005615983391180634,L1
SHB_0c0b6315c246369d,0,2,0.006645823363214731,L1
SHB_8f8df0845316eadc,0,4,0.0041719540022313595,L1
SHB_c820b31af0e82f67,0,1,0.027362095192074776,L3
SHB_230c45709d6c0723,0,5,0.0020941791590303183,L1
SHB_212932c00045218b,0,1,0.0025729904882609844,L1
SHB_34d0abf24b2e0875,0,3,0.006802716758102179,L1
SHB_f21aeb55d74e8a73,0,3,0.0005627445061691105,L1
SHB_eeb502a989410040,0,2,0.0022612002212554216,L1
SHB_cb011c1f9587162a,0,3,0.04437904432415962,L4
SHB_8b648858bc063cf8,0,1,0.01045348308980465,L2
SHB_0f69bdb523942227,0,2,0.009163866750895977,L2
SHB_6f239672f310a852,0,4,0.04082951322197914,L4
SHB_768a067d01dd3302,0,3,0.008234295062720776,L2
SHB_d69bf79b46d73c63,0,2,0.0008496948867104948,L1
SHB_15957f556f6fecbc,0,4,0.008629023097455502,L2
SHB_ebecacbe6ed30843,0,1,0.007009461522102356,L1
SHB_300bd999c923010c,0,1,0.005949275102466345,L1
SHB_64dd227ae4727f1b,0,3,0.002653667936101556,L1
SHB_eea54febecd4bd66,0,4,0.015534216538071632,L2
SHB_0e976eb4f0e81219,0,1,0.009484020061790943,L2
SHB_d3e9ef0475dbdb09,0,1,0.2657546401023865,L5
SHB_fcb39bba461b5233,0,4,0.009811646305024624,L2
SHB_bde2533a79313b6e,0,2,0.0008168444037437439,L1
SHB_18188fab225497b5,0,1,0.0018027399200946093,L1
SHB_b01a4da782a2bd48,0,5,0.003976739943027496,L1
SHB_2b2452ddb4019f65,0,5,0.009209648706018925,L2
SHB_fbf9a8d2543b4b01,0,3,0.008553367108106613,L2
SHB_77cb83202dbdf6fe,0,1,0.01553065050393343,L2
SHB_df98de252fc8a46f,0,5,0.007167171686887741,L1
SHB_071b1cb52d04716b,0,5,0.014429558999836445,L2
SHB_3dbf587a4aa622b6,0,3,0.018005965277552605,L2
SHB_8f497b8e2dcdfb7f,0,4,0.006753943394869566,L1
SHB_e6e7e245e40499ca,0,1,0.025840044021606445,L3
SHB_ad75f404570e8664,0,4,0.011216724291443825,L2
SHB_875aea9d551d952e,0,1,0.026305468752980232,L3
SHB_f836acbf2b409397,0,5,0.00927327387034893,L2
SHB_d678e4aae28118ab,0,1,0.00465016346424818,L1
SHB_2747de5b64696ef8,0,4,0.0013843338238075376,L1
SHB_5d229c3b24056b7f,0,4,0.0002018174564000219,L1
SHB_edff2efc9ed426ab,0,4,0.02283606119453907,L3
SHB_85c2408829ced0fd,0,5,0.0007398372981697321,L1
SHB_ea9252de2c65982b,0,1,0.000349165202351287,L1
SHB_e9a5f8f758680e49,0,4,0.0010905337985605001,L1
SHB_2cdcdd117076459c,0,3,0.021701382473111153,L3
SHB_9fc029af6fddaedc,0,3,0.043303441256284714,L4
SHB_3ef14728afe5080d,1,3,0.007668327074497938,L2
SHB_b255751a767319cc,0,1,0.005550327245146036,L1
SHB_88de9ca22b67de5d,0,2,0.00133024831302464,L1
SHB_c82e47a9859b1ad3,0,4,0.000284750247374177,L1
SHB_f64e0ba5e57b9b54,0,3,0.0005684504867531359,L1
SHB_bf0ab98579e85255,0,4,0.009692576713860035,L2
SHB_5484a8efec47e1a6,0,4,0.007541186176240444,L2
SHB_b4bd45801bd2f370,0,2,0.030146712437272072,L3
SHB_eed2f68192058967,0,5,0.013820174150168896,L2
SHB_b87fde2443cbaf69,0,4,0.02508116513490677,L3
SHB_0b94d4a8634320e3,0,4,0.0008583128219470382,L1
SHB_c08c6f0a2b0b7f01,0,5,0.03920238837599754,L4
SHB_adf50d2f07f0cdbd,0,1,0.03962869197130203,L4
SHB_520e77203cbcb346,0,4,0.0045222388580441475,L1
SHB_2459d70e02ac98b8,1,3,0.013630564324557781,L2
SHB_8b1a70db4ae42306,0,3,0.009256159886717796,L2
SHB_a3f8b7d3af67d99e,0,2,0.06960031390190125,L4
SHB_8c56a64bb545fbb5,0,1,0.0038026750553399324,L1
SHB_3cc1e5bfe5af12ac,0,4,0.006234156433492899,L1
SHB_22a19f05edfc1fdf,0,5,0.0050959461368620396,L1
SHB_706af146abb0a5c2,0,3,0.0033959457650780678,L1
SHB_bcc95f43063612e3,0,3,0.019189536571502686,L3
SHB_2e44a86e0db613b1,0,4,0.011607663705945015,L2
SHB_cd233b819661fc44,0,5,0.01304800808429718,L2
SHB_221f112766f55e21,0,2,0.00039742179797030985,L1
SHB_19d74684fd1e2d78,0,3,0.0031085738446563482,L1
SHB_2e828b5236840dcd,0,4,0.020933248102664948,L3
SHB_1d9f98dcd6b001f8,0,4,0.005999380256980658,L1
SHB_319190d6f2012f09,0,1,0.024061458185315132,L3
SHB_787523518930d7ca,0,5,0.012179162353277206,L2
SHB_16fd0f96574de522,0,4,0.001016941387206316,L1
SHB_dd2e4c758727428d,0,5,0.006886565592139959,L1
SHB_0f80b745a9986a2d,0,3,0.008457810617983341,L2
SHB_8663a7ac79f31cc4,0,2,0.005053283646702766,L1
SHB_cef4c45f4a07db0d,0,1,0.01119864173233509,L2
SHB_27b4166b49904f39,0,1,0.0005011018947698176,L1
SHB_799cc44c8f66c492,0,4,0.013194393366575241,L2
SHB_f692f838783d4d7e,0,4,0.000952933682128787,L1
SHB_3902da430223191d,0,2,0.00040675821946933866,L1
SHB_0a468fcb41c9241f,0,1,0.014529392123222351,L2
SHB_83ceaa93bf0258c8,0,1,0.0056740897707641125,L1
SHB_60f53267ac2b5736,0,1,0.004989098757505417,L1
SHB_f907fefb6cdf63b2,0,3,0.014636843465268612,L2
SHB_155a10a06cec7a7a,0,5,0.008149061352014542,L2
SHB_e4e951c391aba7e2,0,3,0.016093146055936813,L2
SHB_ef5349900b23271e,0,5,0.0006288688164204359,L1
SHB_c65277576f28f710,0,1,0.0003255053306929767,L1
SHB_34200498388eb3ee,0,1,0.025132307782769203,L3
SHB_feb5b9ac073ea71c,0,3,0.0021708658896386623,L1
SHB_f07c294c4daeb286,0,5,0.006418218370527029,L1
SHB_3d5bb7d54353e5d1,0,1,0.0004618842212948948,L1
SHB_23d980d5098c399d,0,4,0.0022143954411149025,L1
SHB_087894c2677fc331,0,5,0.0007644424331374466,L1
SHB_9597c5554ef3981f,0,4,0.0013121039373800159,L1
SHB_309163638413c545,0,1,0.019787488505244255,L3
SHB_33ceb52e8976d332,0,2,0.0024321088567376137,L1
SHB_09cb170cd1d1afb4,0,1,0.018405919894576073,L2
SHB_66b551f60ee8e121,0,1,0.0152939697727561,L2
SHB_b795ca1eacc5245c,0,4,0.00931297242641449,L2
SHB_f389d86b04db5a26,0,5,0.0023848041892051697,L1
SHB_8782f21c1edc56b7,0,2,0.005999692715704441,L1
SHB_03549499b64bd7e7,0,3,0.002878638217225671,L1
SHB_72b12127eefdfb63,0,3,0.006799505557864904,L1
SHB_41b5a753b9202a34,0,1,0.01599288545548916,L2
SHB_62a31e7f6c647471,0,2,0.03778914362192154,L4
SHB_539262d61262883d,0,3,0.009870903566479683,L2
SHB_1ef742390610baf4,0,5,0.01022349577397108,L2
SHB_407893d25c4cee41,0,1,0.003856586990877986,L1
SHB_b73207a14117d37d,0,3,0.0008179686847142875,L1
SHB_8e601770ee6ce22e,0,4,0.005542361177504063,L1
SHB_20e9da895ecef11c,0,3,0.0062334355898201466,L1
SHB_985ed84afbc4526f,0,3,0.010531749576330185,L2
SHB_5e20f564d37ae455,0,2,0.05263020098209381,L4
SHB_08bba7903f63eb87,0,2,0.026314888149499893,L3
SHB_5f2259fda01a624a,0,3,0.0007821934414096177,L1
SHB_f6509aa177f5b50f,0,3,0.03992146626114845,L4
SHB_bda309f5a9f27bd1,0,3,0.008634449914097786,L2
SHB_6ec56e7e21d92579,0,1,0.01999964378774166,L3
SHB_b17d8e954dc19825,0,2,0.0018491653027012944,L1
SHB_90e01e2f8f77b09c,0,4,0.002180962124839425,L1
SHB_eb8d43d4e3e75128,0,1,0.000315413431962952,L1
SHB_8e602d1b0a43be4e,0,4,0.016587289050221443,L2
SHB_17056a97fa91cafd,0,2,0.006988477427512407,L1
SHB_c9a030bb0cb19959,0,3,0.022922491654753685,L3
SHB_3a2c78ba173da492,0,4,0.0010222046403214335,L1
SHB_c8d5ac9899bb67a8,0,2,0.01742224581539631,L2
SHB_01926a70894f963c,0,5,0.005240573547780514,L1
SHB_1d233a432fef4065,0,5,0.006242214702069759,L1
SHB_c758709f19374101,0,3,0.040787823498249054,L4
SHB_e4d8c53795923aac,0,1,0.011958952061831951,L2
SHB_e1c6481d82e9f303,0,5,0.03388963267207146,L3
SHB_900b92e8f756c03f,0,5,0.0014832548331469297,L1
SHB_9e461f3c6fb77491,0,5,0.027672816067934036,L3
SHB_09de966be3f6e81b,0,3,0.0003710455202963203,L1
SHB_c42b862cbfbbbc47,0,3,0.0006393202929757535,L1
SHB_03e7fa4d1eb4048a,0,2,0.012394041754305363,L2
SHB_fa713f43995d0750,0,5,0.0092857014387846,L2
SHB_69258ec4a8011445,0,2,0.020427046343684196,L3
SHB_371f73d52830f512,0,4,0.02307741343975067,L3
SHB_41592ef490c50941,0,2,0.01896063983440399,L3
SHB_d4990c56566be564,0,5,0.030543621629476547,L3
SHB_1501f35137d0f563,0,2,0.0003154435253236443,L1
SHB_cbe207866a2a3b82,0,3,0.02071141079068184,L3
SHB_277711d34f8a4173,0,4,0.021749120205640793,L3
SHB_9a25aa9f844235cc,0,2,0.009012427181005478,L2
SHB_390de5c12e513385,0,4,0.0010231686756014824,L1
SHB_f5691cfd66d413cd,0,5,0.00048037644592113793,L1
SHB_0606d83e5431a253,0,4,0.005973680876195431,L1
SHB_500ddc9bd8f11b8f,0,2,0.01379842683672905,L2
SHB_9c798f5c8a6eb1de,0,1,0.015842817723751068,L2
SHB_2004a9009884942c,0,2,0.012387564405798912,L2
SHB_4c20c24b5826df1e,0,1,0.002122347941622138,L1
SHB_0da0ef824384430c,0,1,0.0004646555462386459,L1
SHB_20ad4eca1af57aa2,0,4,0.004925454501062632,L1
SHB_6fe6ac422a0d066f,0,4,0.0007026811363175511,L1
SHB_00ad90b31ba12a60,0,1,0.008753770962357521,L2
SHB_a26fc683878d80ee,0,3,0.012797938659787178,L2
SHB_4de3d10d0c6a6b58,0,4,0.03421984240412712,L3
SHB_50603a2f88be52b2,0,5,0.06087220087647438,L4
SHB_4125df8d1d5f8e8f,0,2,0.010259442031383514,L2
SHB_cf3629a4502a393c,0,3,0.025173267349600792,L3
SHB_45e806d0c84f4ae6,0,4,0.0019937872420996428,L1
SHB_1788fb8c38167e86,0,5,0.01574627123773098,L2
SHB_5ce1fc1a4ec3614a,0,4,0.015805665403604507,L2
SHB_4014d5459398dc69,0,4,0.10157567262649536,L5
SHB_bc4d7585cb251bb2,0,5,0.0010412719566375017,L1
SHB_0913aab8b7ff4ea2,0,1,0.004183515440672636,L1
SHB_5d52bb906162efcf,0,1,0.0023986082524061203,L1
SHB_e0e29c2e950d92be,0,3,0.13470785319805145,L5
SHB_e10b075c7d19d921,0,5,0.015347020700573921,L2
SHB_7294a842db6fdb95,0,2,0.0005149671342223883,L1
SHB_5fa4175a85d350b0,0,2,0.0012103768531233072,L1
SHB_555e3be2ca35a278,0,1,0.009312678128480911,L2
SHB_180bfa503f283da1,0,1,0.0016400322783738375,L1
SHB_62df8bc590652b84,0,2,0.0038114620838314295,L1
SHB_8f0eed53a177410f,0,3,0.0255440603941679,L3
SHB_35784193dc7eb56d,0,3,0.0003270759480074048,L1
SHB_7ee5c6093c0ee6da,0,5,0.004039957653731108,L1
SHB_0f7fec06799514c5,0,4,0.008988745510578156,L2
SHB_87ad14935896ec59,0,5,0.004289101809263229,L1
SHB_5d717cc5dbe83b37,0,2,0.0004422026686370373,L1
SHB_87b5695101e59ae1,0,5,0.0006969890673644841,L1
SHB_6098cb7a79868553,0,3,0.00026306495419703424,L1
SHB_2604863cceded539,0,3,0.0003308569430373609,L1
SHB_516637ed2821f734,0,1,0.020877912640571594,L3
SHB_a647e5b492daad27,0,1,0.0007411180413328111,L1
SHB_93af7ba8948e96c6,0,5,0.00041835472802631557,L1
SHB_9bf25ce479c31d35,0,3,0.009433954954147339,L2
SHB_4f4fa1bd8cb61c96,0,3,0.010918499901890755,L2
SHB_6731ec1fb304e133,0,2,0.005956603214144707,L1
SHB_ce1bc704a4128c61,0,1,0.04539235681295395,L4
SHB_43e4bdb88c012efd,0,1,0.0011322663631290197,L1
SHB_2d0760ea943c9044,0,1,0.0045096189714968204,L1
SHB_28f68fd24b0df849,0,2,0.003247790737077594,L1
SHB_88a784c9fe1efc64,0,4,0.003519314108416438,L1
SHB_6681952096ebb58f,0,4,0.018167974427342415,L2
SHB_823c07b2b5567c4c,0,3,0.009345611557364464,L2
SHB_ca491cdc09c4cc56,0,1,0.11895909160375595,L5
SHB_a5604ab48618f3a9,0,5,0.019524438306689262,L3
SHB_1b4548395dd1fc10,0,3,0.004121133591979742,L1
SHB_e7bbb5be8650d49b,0,2,0.011350016109645367,L2
SHB_384f1553b8efc8fc,0,5,0.0060860514640808105,L1
SHB_b8cd0a93bc778a79,0,1,0.0010533123277127743,L1
SHB_de0e0ee3fe47d579,0,3,0.008392282761633396,L2
SHB_db86463ff2eb2b4c,0,3,0.002651953138411045,L1
SHB_59192a5aad1c217c,0,1,0.029209768399596214,L3
SHB_376e8c6626d19015,0,3,0.04847985506057739,L4
SHB_246e01e27b9d6239,0,4,0.007226014509797096,L1
SHB_e7510e7df57db981,0,1,0.011677435599267483,L2
SHB_5b7506e0e95bcc9b,0,4,0.018845567479729652,L3
SHB_8eddf4e202e46c65,0,1,0.005766298621892929,L1
SHB_d774c6cc7d3f4931,0,4,0.014665894210338593,L2
SHB_a618c3414263229a,0,1,0.012437769211828709,L2
SHB_3086f89d04ed14b8,0,3,0.006233060732483864,L1
SHB_8d0e26ba9de39a7a,0,3,0.008200039155781269,L2
SHB_2804b548cbe5ffbf,0,4,0.0028629805892705917,L1
SHB_de3f8970009381b0,0,4,0.009263163432478905,L2
SHB_814e97de446c50e5,0,3,0.01601216569542885,L2
SHB_ab5ea6080c1c01cc,0,3,0.020516937598586082,L3
SHB_405a48904893eab3,0,1,0.03399888426065445,L3
SHB_bcbf3b30c15507f2,0,1,0.006147742737084627,L1
SHB_91cde18342bfcfe7,0,3,0.008532220497727394,L2
SHB_6da571f9dd808e57,0,2,0.0006072156247682869,L1
SHB_9257643b14e71a03,0,3,0.00015734336921013892,L1
SHB_8be23ff012976fe0,0,2,0.0019040710758417845,L1
SHB_8c4e370d46000df4,0,2,0.061253614723682404,L4
SHB_466879604458ae91,0,5,0.0051347906701266766,L1
SHB_b134be283ddcabf2,0,5,0.012371794320642948,L2
SHB_04b3133bbb770d9f,0,1,0.00907739158719778,L2
SHB_81a0653eb6a9a543,0,3,0.001753734308294952,L1
SHB_7e2548aaf9ae3275,0,2,0.019218968227505684,L3
SHB_fffcb76e21820314,0,2,0.21367670595645905,L5
SHB_853cfeb2d36d73f0,0,4,0.2983260452747345,L5
SHB_262341e420957054,0,3,0.0002827273274306208,L1
SHB_26179282897441ef,0,3,0.08828946202993393,L5
SHB_9f232a13dd1c2a81,0,3,0.0005685989162884653,L1
SHB_fe361051b0293909,0,2,0.0008472059853374958,L1
SHB_696acc8b5f5204bc,0,4,0.002921739127486944,L1
SHB_b84167c1c4b2481b,1,4,0.009229345247149467,L2
SHB_cbc76c30da754ff7,0,2,0.00031581061193719506,L1
SHB_d5c1ea38bbcc1b86,0,4,0.0022244895808398724,L1
SHB_6092f9f4f9fc1eae,0,5,0.0008198480936698616,L1
SHB_7d658694361ccaa0,0,1,0.0008916787919588387,L1
SHB_18e301cb07f64507,0,5,0.03324422612786293,L3
SHB_f808efb407d39def,0,5,0.0034706229344010353,L1
SHB_769422370d1678c5,0,4,0.0006329739699140191,L1
SHB_62896c448de02f09,0,5,0.00206673052161932,L1
SHB_33016ed8e542015c,0,1,0.08397629112005234,L5
SHB_5ff129f6d8dd07ce,0,1,0.013907765969634056,L2
SHB_4598ee80d05d0f52,0,1,0.0007944963872432709,L1
SHB_552a4939d4fc9355,0,1,0.009522036649286747,L2
SHB_8fa9bb31c295bcb0,0,1,0.025789014995098114,L3
SHB_de9b0a8d1624de5e,0,2,0.02094212919473648,L3
SHB_0db5069933803b68,0,3,0.012550456449389458,L2
SHB_50aa94cb9d9c5448,0,1,0.004387205932289362,L1
SHB_befd6fe9642e636b,0,1,0.02024119161069393,L3
SHB_2d559e63034d1560,0,5,0.0007211306947283447,L1
SHB_053cd8da15986f0c,0,4,0.00997025053948164,L2
SHB_e6f7562a9bb71751,0,2,0.0029715721029788256,L1
SHB_41f6a45d027db300,0,1,0.006394962314516306,L1
SHB_492f94b571a97af9,0,1,0.0020868072751909494,L1
SHB_b1fe5953b4ca3e7a,0,3,0.00425451435148716,L1
SHB_529d0afbd968c3eb,0,5,0.0009358872775919735,L1
SHB_61408f3595b37540,0,2,0.01006724126636982,L2
SHB_f8252ab738a36543,0,1,0.025593502447009087,L3
SHB_947607e0e7e3d72a,0,5,0.0007741525187157094,L1
SHB_430dca489182ad20,0,1,0.02737637422978878,L3
SHB_d677780ba60bdc3f,0,3,0.019161954522132874,L3
SHB_4fe95af43361678c,0,2,0.0007493714801967144,L1
SHB_a0b69014dcb6a46e,0,4,0.002114272443577647,L1
SHB_addc979b82ae65c9,0,3,0.0001830280525609851,L1
SHB_23033fb3ed2c50f9,1,4,0.016297874972224236,L2
SHB_fb7a3d66432e7069,0,3,0.01747184805572033,L2
SHB_d53cffa5dbf49ec8,0,2,0.0068299779668450356,L1
SHB_2d20cb9b6d1753db,0,1,0.022356770932674408,L3
SHB_e297bdd36a1a339d,0,5,0.00039468679460696876,L1
SHB_27498c9ac649fa9e,0,2,0.009415141306817532,L2
SHB_7d896086f26643e9,0,1,0.005361701361835003,L1
SHB_8d0d6af6afe311fe,0,1,0.004471930209547281,L1
SHB_b14f959440226b03,0,1,0.01943812519311905,L3
SHB_f11c00462cba5654,0,1,0.004140657838433981,L1
SHB_e02025d694492b61,1,5,0.030063657090067863,L3
SHB_b5d87ae5a54e066a,0,5,0.03883618488907814,L4
SHB_9858eab7b64bd489,0,1,0.03441067412495613,L3
SHB_2e60df86dc3f4bd0,0,5,0.01933971419930458,L3
SHB_3f184359a8e8e487,0,1,0.01646876335144043,L2
SHB_04f2129572f13a75,0,1,0.0017910482129082084,L1
SHB_0e0fbe849eb426bf,0,4,0.0038959826342761517,L1
SHB_7b4ee889431beaf4,0,5,0.09193940460681915,L5
SHB_0714ce7b5a51f6d8,0,5,0.0006810584454797208,L1
SHB_834dfc91b23096f7,0,2,0.1575363129377365,L5
SHB_d543f2747cc34a25,0,1,0.01671724021434784,L2
SHB_6bbd98f1fa71bc30,0,4,0.001190516515634954,L1
SHB_4a28da0dbbff0d2a,0,1,0.011750723235309124,L2
SHB_0aedce8b48d92c2e,0,4,0.0009669043938629329,L1
SHB_bb2d58efbc980a6a,0,3,0.013254023157060146,L2
SHB_3c7be438b2ef8b53,0,1,0.0005404104012995958,L1
SHB_0905571a12c03d59,0,2,0.020740633830428123,L3
SHB_3c009c7b99e74551,0,4,0.0004524303658399731,L1
SHB_d5708042dc7f4a0f,0,4,0.007823213934898376,L2
SHB_8ec442a4c086424c,0,3,0.00024827884044498205,L1
SHB_683f156e6ff81158,0,4,0.0224942397326231,L3
SHB_e0969b38966d6a6a,1,2,0.005997324828058481,L1
SHB_88962e28cf580225,0,1,0.041506025940179825,L4
SHB_2c7e65d81e4ec653,0,1,0.015903698280453682,L2
SHB_6f0a409198e10ea1,0,3,0.06346586346626282,L4
SHB_54a08847540a8acc,0,3,0.001634300802834332,L1
SHB_ded24c98fea15898,0,4,0.018100565299391747,L2
SHB_54fa4fdf004ef835,0,1,0.00038228207267820835,L1
SHB_cb5d14baf5a97733,0,4,0.007357369177043438,L1
SHB_c21a66030f172706,0,5,0.010173220187425613,L2
SHB_a48330ec4a8c0787,0,1,0.013689774088561535,L2
SHB_9a9a9dbe6206393d,0,2,0.0006121440674178302,L1
SHB_a75b07dbf2f4a6c8,0,1,0.01722240261733532,L2
SHB_9c1520c1695c13e9,0,2,0.009381221607327461,L2
SHB_53d86e296a2984a6,0,3,0.020366812124848366,L3
SHB_0622cbdb46e4c9c1,0,4,0.0020971389021724463,L1
SHB_92204ef211c0d856,0,3,0.0002967878244817257,L1
SHB_db041138f70e7e72,0,4,0.0012384121073409915,L1
SHB_1bbf63745aa4e410,0,3,0.009693506173789501,L2
SHB_40d8bca03ae897f2,0,5,0.01740100234746933,L2
SHB_82c4a09fe60b1d32,0,1,0.005990463308990002,L1
SHB_16af63cb1d875b45,0,5,0.02343994937837124,L3
SHB_2035ea7959b9e4be,0,4,0.0018589743413031101,L1
SHB_0979a3f2a6624e4d,0,3,0.009588613174855709,L2
SHB_2c98d7b0fe297466,0,5,0.02732165902853012,L3
SHB_6deed4599966fed2,0,3,0.0004928823327645659,L1
SHB_5d517c7cbaf2ff4b,0,1,0.001128261093981564,L1
SHB_dbe8490ba80d283e,0,2,0.0011956596281379461,L1
SHB_9e4ff914ece1be7e,0,2,0.0014626308111473918,L1
SHB_55fc70c189a3645f,0,4,0.0015176443848758936,L1
SHB_b5dfbe8019b8ae19,0,2,0.008906579576432705,L2
SHB_68ebca21bceb7707,0,5,0.04420942813158035,L4
SHB_02f1d58798883d63,0,3,0.003982506692409515,L1
SHB_cd1365c3e8033316,0,2,0.00040709300083108246,L1
SHB_3759a27725490743,0,2,0.03649620711803436,L3
SHB_cb1b2658a7e31b6a,0,4,0.02941598929464817,L3
SHB_3274443d684c9fa3,0,3,0.0002466358128003776,L1
SHB_71f0842675a177c7,0,1,0.003781575243920088,L1
SHB_a7deef5c95aa6af2,0,3,0.031417135149240494,L3
SHB_f6ce3963d0a23dd1,0,5,0.001183500629849732,L1
SHB_9938791be408f23d,0,4,0.06464844197034836,L4
SHB_366c3490bb603487,0,2,0.015421952120959759,L2
SHB_76b5a6833f392536,0,4,0.0014858461217954755,L1
SHB_89f61593d5d3f406,0,1,0.012085556983947754,L2
SHB_0909a88d7c331914,0,3,0.02242673747241497,L3
SHB_dedcd94e4afb3dc1,0,5,0.043747030198574066,L4
SHB_b8bbedb80732952c,0,1,0.002395887393504381,L1
SHB_349d65f5c4192ca5,0,5,0.06254252046346664,L4
SHB_1044c32e35634108,0,5,0.008362608961760998,L2
SHB_f04e966cad260b18,0,2,0.0868535190820694,L5
SHB_b0ad1a8bd59883ec,0,5,0.001311614061705768,L1
SHB_55b83364001427ce,0,3,0.0001870768319349736,L1
SHB_7fa9d2f5b33b73ed,0,4,0.0016248100437223911,L1
SHB_8f725ba8fb82132c,0,4,0.002187737263739109,L1
SHB_fbd12504e4b1e1d4,0,5,0.006618815008550882,L1
SHB_e5cf5644a1cf4cec,0,5,0.009891565889120102,L2
SHB_f2c4a1b9b9a60aa9,0,1,0.02726609632372856,L3
SHB_83d90f735cb57b4f,0,4,0.0011143155861645937,L1
SHB_2336e128fb18e07d,0,1,0.07230831682682037,L4
SHB_6696d8aed55f0fd9,0,1,0.003141511231660843,L1
SHB_7bd82dadf06df233,0,1,0.0009726806310936809,L1
SHB_42c29ba22229be14,0,2,0.005002249032258987,L1
SHB_b3a455a44f89bf8a,0,4,0.0009693016763776541,L1
SHB_ef142c89f361761d,0,5,0.02254342846572399,L3
SHB_92d42b246c481e8e,0,1,0.019640762358903885,L3
SHB_93c2dabe67c059b1,0,2,0.01042409148067236,L2
SHB_d7f3e0e9d54744da,0,1,0.009301172569394112,L2
SHB_7861eb5cca76c621,0,5,0.0007590251043438911,L1
SHB_d161a55f720687f9,0,5,0.06379526108503342,L4
SHB_6ebaea800c67f0e1,1,5,0.0249448511749506,L3
SHB_561ed05ebbec2c43,1,1,0.05109040066599846,L4
SHB_af10840586ebebeb,0,5,0.0044001988135278225,L1
SHB_82e6911328ebe4bd,0,1,0.009096699766814709,L2
SHB_c0e6545a5021dae6,0,1,0.0018592444248497486,L1
SHB_dcf83fc6eaae6f62,0,3,0.0011738166213035583,L1
SHB_ede4b8cf9a47e5e9,0,1,0.009640756994485855,L2
SHB_3e1ee9dd2daeef97,0,4,0.02877119928598404,L3
SHB_e3937d174543eaf1,0,2,0.0004535031330306083,L1
SHB_09b0aa0fa60f8765,0,2,0.002626662375405431,L1
SHB_a3d967e7418bcd54,0,5,0.06343105435371399,L4
SHB_6de613828bcf0f22,0,5,0.0036141187883913517,L1
SHB_de325a47d410d3d5,0,3,0.0211572777479887,L3
SHB_ea16aef8f457dc98,0,5,0.001998800551518798,L1
SHB_1a69c52f440b4733,0,2,0.00030670242267660797,L1
SHB_34eae7c3c31440b5,0,3,0.08172933012247086,L5
SHB_26dccc2b791371b0,0,3,0.010271374136209488,L2
SHB_611704a22e4c51ea,0,5,0.006345649715512991,L1
SHB_ac8079935d7e7d6e,0,2,0.0017221450107172132,L1
SHB_3e2c5123a7aff8c8,0,4,0.023363342508673668,L3
SHB_5eb353ba5ef94d3f,0,5,0.01689171977341175,L2
SHB_3dcc26ccd0537b19,0,1,0.04122651368379593,L4
SHB_f0de9451aeeaa09a,0,5,0.012275616638362408,L2
SHB_d6273b93a7c84fce,0,3,0.0121548967435956,L2
SHB_8f82d0167352e8cf,0,5,0.0007910173153504729,L1
SHB_801d45f7003d5938,0,2,0.006646037567406893,L1
SHB_64135f4e415b85b1,0,2,0.1261371225118637,L5
SHB_57d79bec3d175e17,0,5,0.01619025133550167,L2
SHB_6d6674ab9d98a055,0,2,0.00047948435530997813,L1
SHB_2d937e5329b4fd57,0,1,0.023792080581188202,L3
SHB_8cd1cc3579713765,0,2,0.014955105260014534,L2
SHB_cbc905ff9492cb8f,0,3,0.011948262341320515,L2
SHB_6af6107adc5cc3c0,0,5,0.01181465107947588,L2
SHB_72898573c6cec895,1,1,0.011930183507502079,L2
SHB_eaa3a20485f9f28c,0,2,0.019583309069275856,L3
SHB_38bdf08b5ece6815,0,1,0.14340771734714508,L5
SHB_dbfb9163f31dfc51,0,1,0.0010721872095018625,L1
SHB_9d0d294be448b136,0,3,0.0058294665068387985,L1
SHB_27348ac79e35346f,0,5,0.0009320271201431751,L1
SHB_4c8df248535b5dd3,0,3,0.0008730290574021637,L1
SHB_d272838d8c7bb900,0,3,0.00038064763066358864,L1
SHB_16a9f5fb452d8649,0,3,0.0004283082380425185,L1
SHB_adf188efdd44c966,0,3,0.0010822934564203024,L1
SHB_21c951b46e7c52ec,0,5,0.017299316823482513,L2
SHB_8a913301205014ab,0,4,0.030017472803592682,L3
SHB_f90e6bbc77dcd2ec,0,2,0.0012717957142740488,L1
SHB_51d389f6523f2a16,0,1,0.011055761948227882,L2
SHB_8a884597a9238eba,0,5,0.0020792472641915083,L1
SHB_3a73e225db17638d,0,4,0.015599163249135017,L2
SHB_bcfc60962941dcab,0,3,0.00430555734783411,L1
SHB_cbde21d30943aed5,0,2,0.0007816881989128888,L1
SHB_801c93bd6f589037,0,3,0.0002627821813803166,L1
SHB_77504ae15abace7d,0,5,0.006940961349755526,L1
SHB_beae75a4c606f3cc,1,4,0.006480718497186899,L1
SHB_89963e6acd702712,0,1,0.01621023193001747,L2
SHB_1eb8bc6d0d13a9c0,0,1,0.0006576934247277677,L1
SHB_2709f83271dfd25b,0,2,0.006161868572235107,L1
SHB_ddfe6acd729beee7,0,1,0.008121853694319725,L2
SHB_b1a022793dbd3448,0,3,0.0008245276985689998,L1
SHB_dfab91652b81b71e,0,3,0.011552686803042889,L2
SHB_9febaabbbddd2e52,0,3,0.01297567505389452,L2
SHB_d0ceaba417c0393f,0,5,0.01339998934417963,L2
SHB_679bc1550118763e,0,3,0.003021175041794777,L1
SHB_10c1cf109ecd76fe,0,3,0.01949668675661087,L3
SHB_db97615b2ca448ea,0,3,0.010686485096812248,L2
SHB_db09783d1c0174bd,0,4,0.0008253196720033884,L1
SHB_17395d78b701e578,0,5,0.026733508333563805,L3
SHB_9bc7d640b7e42001,0,5,0.0006330324686132371,L1
SHB_24cd95185566750d,0,4,0.02624412439763546,L3
SHB_f5e8c84056971578,0,4,0.0573609322309494,L4
SHB_bbffbcdddd4d77a6,0,2,0.008752471767365932,L2
SHB_13a5f7d13fdba92d,0,2,0.010269023478031158,L2
SHB_3dfca965ce08a814,0,4,0.00413053622469306,L1
SHB_ac2952632c634b99,0,5,0.0037926628720015287,L1
SHB_b89eeb0186683f20,0,5,0.018174519762396812,L2
SHB_54e34f6ab55db08e,0,4,0.028241518884897232,L3
SHB_72f8edbd19cd03b4,0,1,0.0012607300886884332,L1
SHB_4e46116a01c14a74,0,2,0.025602860376238823,L3
SHB_e02f2ef1ba09f362,0,2,0.017487717792391777,L2
SHB_a3f0d6dd0a0040f1,0,4,0.002704659476876259,L1
SHB_1afef31c26a68583,0,5,0.005118238739669323,L1
SHB_69bc19e059791e37,0,3,0.10525788366794586,L5
SHB_4dc629e09f19f123,0,1,0.003975816071033478,L1
SHB_8d32af0a682a12ab,0,4,0.06586962193250656,L4
SHB_136127d6dd64a704,0,5,0.0045494879595935345,L1
SHB_8b1774dc5b4b907c,0,4,0.0008259144378826022,L1
SHB_a8cf99d5250ff510,0,2,0.004906036425381899,L1
SHB_f09908f735788b45,0,1,0.03137616068124771,L3
SHB_848c84c33cc5c993,0,3,0.04796135053038597,L4
SHB_85778b52a77de7a6,0,2,0.017459580674767494,L2
SHB_4e2cad298e117750,0,2,0.012994973920285702,L2
SHB_9b40ebcb46c7d25c,0,3,0.014992620795965195,L2
SHB_b3ca78a289259675,0,5,0.007377517409622669,L1
SHB_f3c28aa308dbfac7,0,2,0.007245559711009264,L1
SHB_8546c5989ca5f571,0,2,0.024101821705698967,L3
SHB_ac3b379a415656e5,0,5,0.005589280743151903,L1
SHB_0793c9583b9141f1,0,3,0.001800974947400391,L1
SHB_9f1defc2fcdabc2e,0,1,0.007607636507600546,L2
SHB_93dcb883f3bb2111,0,1,0.031979575753211975,L3
SHB_a7a83fb12b124d42,1,4,0.000980069860816002,L1
SHB_3d52ad9664b91370,0,4,0.0004434511065483093,L1
SHB_2ac66a6a72a1dc95,0,3,0.000231186393648386,L1
SHB_ffa47d366abbf778,0,1,0.014455003663897514,L2
SHB_bd52adc5225edff1,0,5,0.0004921394283883274,L1
SHB_15c4246cc5f7475b,0,4,0.039839696139097214,L4
SHB_919526676be3086a,0,2,0.09639325737953186,L5
SHB_b86bddb26ed74ce4,0,2,0.005469207186251879,L1
SHB_9f308bd209f373cf,0,4,0.0011876107892021537,L1
SHB_140ed6b478e1c823,0,1,0.0014504559803754091,L1
SHB_153d008c358ec0db,0,2,0.010926865972578526,L2
SHB_00f4d3752a9a97e0,0,1,0.04243801534175873,L4
SHB_ced07c5d24e2d45f,0,5,0.015293307602405548,L2
SHB_64638c4033c60226,0,3,0.002649095607921481,L1
SHB_355f92891b6cd8b8,0,4,0.00026349996915087104,L1
SHB_72f551df6624b187,0,4,0.002741261152550578,L1
SHB_a243b7ab4e18d3e2,0,1,0.0030493189115077257,L1
SHB_37e5a959fd054436,0,3,0.0069871339946985245,L1
SHB_f79742bce34f350e,0,2,0.07883765548467636,L4
SHB_3e8bb27e5f83718a,0,2,0.0012966167414560914,L1
SHB_71b57f3ffc6b65b3,0,3,0.009457873180508614,L2
SHB_56714340ec4fc8da,0,1,0.0007601329707540572,L1
SHB_839e498419e98872,0,1,0.025797946378588676,L3
SHB_49bc900805951c43,0,3,0.0042902203276753426,L1
SHB_9c4f4edd2d61e7b9,0,2,0.026314741000533104,L3
SHB_9025f679c4eeeca0,0,1,0.011842815205454826,L2
SHB_828b3c37f1c67554,0,5,0.024787364527583122,L3
SHB_28a4383fd58bc98a,0,5,0.007099940441548824,L1
SHB_a6fa17eb02faeb46,0,4,0.02276318147778511,L3
SHB_3ee09478612bd777,0,1,0.0013086798135191202,L1
SHB_27d23909655bd967,0,4,0.0007322063902392983,L1
SHB_1c83833b2c7869cd,0,4,0.017408570274710655,L2
SHB_056f7594725e4e4c,0,4,0.002686962950974703,L1
SHB_2f77f46f00ab7100,0,3,0.0005108494660817087,L1
SHB_1d5079a7defcfc38,0,5,0.05916094779968262,L4
SHB_73c43c03baec12b8,0,1,0.0008321314235217869,L1
SHB_196217022c8319dc,0,2,0.00810051616281271,L2
SHB_e4583a77b98964c6,0,1,0.056386228650808334,L4
SHB_8ac1597a8e1da35e,0,5,0.0011722847120836377,L1
SHB_2f30d2ffa9e2f4f0,0,5,0.001271984656341374,L1
SHB_3b58a0d517976427,0,1,0.0004992898902855814,L1
SHB_d604d99dc135f206,0,5,0.011354774236679077,L2
SHB_077fb824af8a2e82,0,5,0.14282235503196716,L5
SHB_11df8a172814c53e,0,2,0.01548784039914608,L2
SHB_8ce3d6b96f4dc6f6,0,3,0.008220314979553223,L2
SHB_2c3c3a481fc1e9f4,0,2,0.0008234609849750996,L1
SHB_3be8712c12f51664,0,3,0.007238199934363365,L1
SHB_8a05cfa9ef9a7a78,0,1,0.02143806219100952,L3
SHB_2bbc90e032379a75,0,2,0.005993192549794912,L1
SHB_c406572f1ed35519,0,5,0.05451798439025879,L4
SHB_1e1ef0db3cfa4ed2,0,3,0.00042484854930080473,L1
SHB_d6149da0e1ea522b,0,2,0.004106692969799042,L1
SHB_4c4c2d6891de5acb,0,2,0.005684297531843185,L1
SHB_536dcbd32a2a36e0,0,3,0.0022358959540724754,L1
SHB_40dc81a4d86e8910,0,2,0.0005921800038777292,L1
SHB_122b073b6116790f,0,4,0.009061937220394611,L2
SHB_c077f8c3906ec0cd,0,1,0.0042096590623259544,L1
SHB_86533d8f15077f8d,0,2,0.0054557654075324535,L1
SHB_fc778fb63c6436bb,1,5,0.17062635719776154,L5
SHB_78a5088574ab45d4,0,5,0.0052734361961483955,L1
SHB_b276101dc81b0487,0,5,0.0004749429936055094,L1
SHB_189d978788874616,0,3,0.008246234618127346,L2
SHB_1a432aff44fcb30c,0,5,0.0010983789106830955,L1
SHB_f4f01515eee63cf9,0,1,0.008123916573822498,L2
SHB_5fdacf4cb2a8a86d,0,5,0.008107799105346203,L2
SHB_a4e00f61476654f5,0,5,0.020510418340563774,L3
SHB_bc7ce96ed939c93a,0,2,0.03253588452935219,L3
SHB_4a05eb523806217a,0,4,0.0017416176851838827,L1
SHB_2c814ad9180a6cb6,0,3,0.01077119167894125,L2
SHB_6f27d11b40219274,0,1,0.02272670902311802,L3
SHB_89671ac680e87db9,0,5,0.000348056317307055,L1
SHB_514867aa135a319d,0,1,0.01224365085363388,L2
SHB_e5a630535482b9ea,0,4,0.02551966719329357,L3
SHB_286dcc6592f50895,0,4,0.0016266194870695472,L1
SHB_0655b56321555dd8,0,4,0.015334113501012325,L2
SHB_4cc7eed95902d9d1,0,3,0.03391781449317932,L3
SHB_1ecb7d646e148eda,0,1,0.013332804664969444,L2
SHB_f8b298bbb5aead88,0,2,0.0006116536096669734,L1
SHB_f67bfc1400c6901a,0,3,0.004614939913153648,L1
SHB_658b5434575bb805,0,2,0.05674227327108383,L4
SHB_6bf2e11c8bc2e397,0,4,0.003383477684110403,L1
SHB_6ba36dd1333065ef,0,2,0.0009398481342941523,L1
SHB_c0763e95b4b0f477,0,4,0.0007691950886510313,L1
SHB_64dc6b533eec0114,0,2,0.015738727524876595,L2
SHB_33839059308fa53c,0,1,0.0005535383825190365,L1
SHB_788734998b24ec13,0,2,0.018086450174450874,L2
SHB_7ef7049dd13f7bc7,0,2,0.031982216984033585,L3
SHB_c6adda059c6d7696,0,4,0.01516018807888031,L2
SHB_b7c877add215934b,0,1,0.017565950751304626,L2
SHB_829fa1e7ae0c5a1d,0,1,0.004806663375347853,L1
SHB_19a05776348655eb,0,2,0.0017640540609136224,L1
SHB_c6c702d79c3f1239,0,4,0.00683419406414032,L1
SHB_74b7e3fdc3a1cc2a,0,1,0.0030383868142962456,L1
SHB_89de1e7074116dd9,0,4,0.016770606860518456,L2
SHB_6acca1fb6fa69ec6,0,5,0.0002637093421071768,L1
SHB_dc54b1b02eca6632,0,1,0.012644080445170403,L2
SHB_0687951b3745dc92,0,1,0.004203261807560921,L1
SHB_cd351ec438ee270e,0,5,0.014584386721253395,L2
SHB_3c74b585539e0f2d,0,2,0.0010040662018582225,L1
SHB_0e09507270232300,0,3,0.00034012264222837985,L1
SHB_61ad0946f18b191b,0,3,0.0002581789158284664,L1
SHB_2fc2b168aba2b3db,0,2,0.026252608746290207,L3
SHB_a5fd3d7f8b9caccb,0,1,0.0013761452864855528,L1
SHB_831d3ee8bfe496ea,0,4,0.008486643433570862,L2
SHB_1a2577c3b51839e6,0,4,0.0014379682252183557,L1
SHB_760c0ed890b4e136,0,3,0.00039690823177807033,L1
SHB_b580cc7f364386b4,0,5,0.01989646442234516,L3
SHB_8c0e8641f6877bd5,0,5,0.004122425336390734,L1
SHB_f635f293faf10077,0,2,0.0022217510268092155,L1
SHB_f8d97f2cbe3bfa2d,0,3,0.02071569114923477,L3
SHB_915cd5fc79f475b7,0,1,0.0007084624958224595,L1
SHB_e1609cfd2fac1985,0,1,0.027684835717082024,L3
SHB_f23888173b4c3624,0,4,0.06413387507200241,L4
SHB_9bcce4bee58bdd7f,0,1,0.028423454612493515,L3
SHB_1d30a1dd666e6bec,0,1,0.005599541589617729,L1
SHB_899f8dcfef0695d9,0,5,0.0008313581929542124,L1
SHB_3b8d697bc6c8dcb2,0,4,0.012829497456550598,L2
SHB_9ad68e7ec4e605ad,0,5,0.009469812735915184,L2
SHB_24a8e91dde2c3c90,0,3,0.007157961837947369,L1
SHB_70f943d0b91406f2,0,4,0.0003687488497234881,L1
SHB_89a2b1a4bb738363,0,1,0.011650435626506805,L2
SHB_229a186584e8da92,0,3,0.007131057325750589,L1
SHB_08b70360c135d4cf,0,4,0.0008047754527069628,L1
SHB_8d6b153fe77ac951,0,5,0.0014474093914031982,L1
SHB_a2c59d4475fcaa9d,0,2,0.0006037062266841531,L1
SHB_b5985534485c684d,0,4,0.0010109459981322289,L1
SHB_7a1ff8ec59aa3116,0,4,0.01709122024476528,L2
SHB_444a5bdd7c25932a,0,2,0.0002976875694002956,L1
SHB_a9307e0b741b1129,0,4,0.0021597843151539564,L1
SHB_d87b828f648f81f9,0,1,0.000737585301976651,L1
SHB_1a4481fc6ce57455,0,4,0.0004818156885448843,L1
SHB_6373573fd848ca7c,0,3,0.004908348433673382,L1
SHB_a570cbcbcb0fddae,0,5,0.00037961575435474515,L1
SHB_c5e737daf0ec088b,0,4,0.01920042559504509,L3
SHB_d96cf0d894648ac1,0,5,0.000811558507848531,L1
SHB_31c30cfa6d7fa6a2,0,3,0.016341660171747208,L2
SHB_04c4f4adf524b1b3,0,3,0.0012300050584599376,L1
SHB_1e2365930b0bc5a3,0,3,0.03268745541572571,L3
SHB_c437017edbbdf929,0,1,0.0005608310457319021,L1
SHB_cecbb5711dba6ccc,0,4,0.011641999706625938,L2
SHB_120554c698a0d5dd,0,2,0.005157800391316414,L1
SHB_0c5c22e714ceb758,0,2,0.010082758963108063,L2
SHB_9879fe90b607e78e,0,3,0.010693586431443691,L2
SHB_dc68fc67faace57e,0,4,0.028913063928484917,L3
SHB_be3840439c345e0a,0,3,0.01345905289053917,L2
SHB_10b688b876057f33,0,2,0.018473220989108086,L2
SHB_693fe78dc5703058,0,1,0.002672022208571434,L1
SHB_c478775a03e0276f,0,1,0.0017252916004508734,L1
SHB_ed5543bc6e7fd65d,0,4,0.007631567306816578,L2
SHB_6c5542aeb6146414,0,2,0.0027571346145123243,L1
SHB_3aa49dc4ae4e2daf,0,3,0.009300232864916325,L2
SHB_c1df64df0a357be8,0,4,0.008293001912534237,L2
SHB_4993ad90cb0b9999,0,4,0.0012845013989135623,L1
SHB_71a460fa6b054d8d,0,5,0.010981297120451927,L2
SHB_7ec6ae6705ab5226,0,3,0.043984197080135345,L4
SHB_22487364c314b9e6,0,1,0.042555395513772964,L4
SHB_158eb2de770e80f7,0,3,0.005337483715265989,L1
SHB_dd1963e5eaafaad3,0,3,0.00030251446878537536,L1
SHB_a446f37150e717de,0,5,0.02088470384478569,L3
SHB_70d415fc5cf79bf8,0,4,0.08959008753299713,L5
SHB_5c522a616e2b2a92,0,2,0.060071367770433426,L4
SHB_8cbb0a8134df56d1,0,3,0.0026315751019865274,L1
SHB_00dca2aac4ae8429,0,1,0.0018893156666308641,L1
SHB_64dbb0d8cc03ae59,0,5,0.01969868130981922,L3
SHB_11735210b3747e49,0,5,0.002325030043721199,L1
SHB_dad588245ce16b92,0,4,0.002965755993500352,L1
SHB_4346eb8ac3b3441e,0,3,0.010804256424307823,L2
SHB_0d7e86e360184b59,0,5,0.016281958669424057,L2
SHB_bca5f0dcb0c29f04,0,1,0.01427887286990881,L2
SHB_1407689308497fbf,0,4,0.010909482836723328,L2
SHB_aa64fe788a29af75,0,4,0.0023629148490726948,L1
SHB_e8b65402a54ef408,0,2,0.001922661205753684,L1
SHB_0115126836d238a2,0,1,0.009541884064674377,L2
SHB_5046da9f422e9439,0,2,0.028821241110563278,L3
SHB_4b9718c0db949924,0,4,0.0006411285139620304,L1
SHB_ea469174531acb87,0,3,0.005546762142330408,L1
SHB_f30bc929ed288426,0,4,0.02103748358786106,L3
SHB_964ae3e883b7e3d3,0,5,0.007589701097458601,L2
SHB_54b11acefd4e535c,0,2,0.02821393869817257,L3
SHB_e724ccc2870c46e5,0,4,0.0590713769197464,L4
SHB_0d2af292ba003059,0,2,0.005658175330609083,L1
SHB_df67e2e6461343d2,0,1,0.0006674194009974599,L1
SHB_b879fe23ec9240a0,0,3,0.004454530775547028,L1
SHB_d894aa0178c8f388,0,3,0.018938211724162102,L3
SHB_0e57053701918537,0,3,0.021683253347873688,L3
SHB_422c927105d394f3,0,2,0.0008830850129015744,L1
SHB_4e009005d230997c,0,1,0.13462109863758087,L5
SHB_8532fb50f4b78ac7,0,4,0.0014227383071556687,L1
SHB_580b4520b60783bc,0,3,0.0003136876330245286,L1
SHB_1c33debe022cc015,0,3,0.0007803589687682688,L1
SHB_de3b110f181bb38e,0,2,0.0013081309152767062,L1
SHB_365ceffa50a81b45,0,3,0.00577655341476202,L1
SHB_b8d3c42d38ee3696,0,5,0.011843863874673843,L2
SHB_fda999c767ebf9bd,0,3,0.0016029221005737782,L1
SHB_1de9d68c96eccb85,0,3,0.0015190532431006432,L1
SHB_96f022b3a1fe1487,0,3,0.003626172197982669,L1
SHB_1acc667b82618b46,0,1,0.004250968340784311,L1
SHB_b1ee1f6d252ec584,0,2,0.007754179649055004,L2
SHB_074fc54b28a56343,0,5,0.007001639809459448,L1
SHB_7b6b4b2eba30a0e2,0,3,0.0004163849225733429,L1
SHB_fa63238c51f8cced,0,5,0.008517534472048283,L2
SHB_0a47fd64179af87b,0,5,0.001158238505013287,L1
SHB_c1abda23802af65a,0,4,0.015243480913341045,L2
SHB_4a6553e240bcad79,0,4,0.0010098331840708852,L1
SHB_9e9acfbb1f9929af,0,4,0.002669887151569128,L1
SHB_9821a03e2050c0cb,0,1,0.00039629460661672056,L1
SHB_7e99b9631445d4e1,0,2,0.0007377975853160024,L1
SHB_05bde7d54ad20aa4,0,3,0.00016937038162723184,L1
SHB_42fa1be0d4ecf52c,0,4,0.007753420155495405,L2
SHB_3c6eb6e65ef31b2e,0,3,0.022845478728413582,L3
SHB_ad84d3dd58a7b0f4,0,1,0.01970253884792328,L3
SHB_e83ed47c91acc789,0,5,0.0013735638931393623,L1
SHB_8e2946887f83e2f9,0,4,0.0007202934939414263,L1
SHB_4dde773ff1e74a97,0,2,0.003387174569070339,L1
SHB_5963667ce15d3ed8,0,5,0.009031317196786404,L2
SHB_fc3c05538a830701,0,1,0.012315139174461365,L2
SHB_28417ef18614fc2c,0,2,0.00242605316452682,L1
SHB_437b5b07810e916b,0,5,0.024939969182014465,L3
SHB_493b114743f9a91c,0,4,0.04056773707270622,L4
SHB_7b5b8f613a5d9a27,1,3,0.10774067789316177,L5
SHB_65dd90579ec3ec4c,0,2,0.0014743036590516567,L1
SHB_2fd7aa1bebbb8b9a,0,4,0.018239784985780716,L2
SHB_07b3c0e5198af6c7,0,5,0.0006018012063577771,L1
SHB_4b2a641e7ddb9812,0,1,0.020250802859663963,L3
SHB_2a5c6ca0ffb81c6d,0,4,0.0005288520478643477,L1
SHB_d208a6a605f68518,0,5,0.005189432296901941,L1
SHB_840fcff01a59ad4b,0,5,0.011663027107715607,L2
SHB_1c70c008f2fb28dd,0,3,0.012441301718354225,L2
SHB_32e8be9aeb6d9945,0,4,0.009854521602392197,L2
SHB_b214e62269199d99,0,5,0.003587145823985338,L1
SHB_45804946d39f5b7c,0,2,0.0006282982067205012,L1
SHB_bea684ed629d8697,0,1,0.06751103699207306,L4
SHB_29ed4989d430f351,0,1,0.13497380912303925,L5
SHB_6b326e3b89196196,0,5,0.017358412966132164,L2
SHB_c63a5c1d5ee56a1b,0,4,0.0012151518603786826,L1
SHB_9c3902cde9bc4193,0,1,0.0015684718964621425,L1
SHB_f47d063749289569,0,1,0.008586869575083256,L2
SHB_eff6a011e19bdd5e,0,2,0.0007194664794951677,L1
SHB_4db3b4ece0892bc6,0,2,0.004408792592585087,L1
SHB_65b170956025e871,0,2,0.0013545441906899214,L1
SHB_7fc8fae329f649bf,0,1,0.0005019092932343483,L1
SHB_9b683c0f05ceeae6,0,4,0.0054181767627596855,L1
SHB_dcaf2f754ea60f33,0,5,0.0008796883630566299,L1
SHB_0248915c8d4fb28a,0,1,0.04647091031074524,L4
SHB_8ddda343df13639d,0,5,0.0010002789786085486,L1
SHB_3976228379ac13fc,0,3,0.023945296183228493,L3
SHB_37740158688dc503,0,4,0.0021770750172436237,L1
SHB_b8cfea3fa7da0b69,0,4,0.009224188514053822,L2
SHB_4fa0cda206a04433,0,2,0.00045657611917704344,L1
SHB_a72788a754bbdc8f,0,2,0.05173821374773979,L4
SHB_a72d825787da2c82,0,1,0.0710366889834404,L4
SHB_ebcbf5d89f0ac906,0,5,0.0045626843348145485,L1
SHB_16218368f0e7b06a,0,1,0.0004773565160576254,L1
SHB_3b8162b2bc3942df,0,2,0.003225792897865176,L1
SHB_7af94852db53378f,0,5,0.022973569110035896,L3
SHB_ba6283225e18658e,0,1,0.03956210985779762,L4
SHB_b92d0f8b79952d3b,0,3,0.007087402511388063,L1
SHB_52950d9387eaa6c4,0,2,0.0005339502822607756,L1
SHB_b463fa547a26376c,1,1,0.032482344657182693,L3
SHB_604323c7d5964f82,0,1,0.0110677070915699,L2
SHB_a6818061c7cdc485,0,2,0.0009239264181815088,L1
SHB_51be361a1b760e6f,0,5,0.01592215523123741,L2
SHB_c7eac63f0fc489c5,0,4,0.0003343707066960633,L1
SHB_6c77ecc05bca4ffb,0,5,0.001827138476073742,L1
SHB_f3b4c7272213ea78,0,1,0.0027013944927603006,L1
SHB_117e43ab59dfed11,0,5,0.030391421169042587,L3
SHB_1949f3a27c1a8299,0,4,0.0037640186492353678,L1
SHB_45446a9b1cb265e1,0,2,0.03455787152051926,L3
SHB_af7a48e0d6bea34e,0,3,0.00343211623840034,L1
SHB_72698b549f36b1eb,0,1,0.0014608664205297828,L1
SHB_ebc9be4687c951df,0,2,0.023532310500741005,L3
SHB_e8361792d43b8a60,0,4,0.006525170058012009,L1
SHB_6937b8efdf2ffc10,0,5,0.004613750614225864,L1
SHB_e2ec436b10ed7460,0,1,0.027211882174015045,L3
SHB_9874e6b9ccfe28b7,0,1,0.009470752440392971,L2
SHB_e8caf8313aa2f5a3,0,3,0.003638050053268671,L1
SHB_f8b3b1aaa01b18b2,0,3,0.0027973318938165903,L1
SHB_5bbd6883cf1954c7,0,4,0.0029366547241806984,L1
SHB_becd6bec9ff2cd98,0,4,0.00049912667600438,L1
SHB_9e7e5df7d19bd3c3,0,2,0.00042657507583498955,L1
SHB_7bb8f414730a2581,0,5,0.017066214233636856,L2
SHB_db1131a61e1592fc,1,2,0.04580339044332504,L4
SHB_2e7a9a48e6df4f85,0,4,0.004473083186894655,L1
SHB_8f90cd465c7016f5,0,3,0.00361237651668489,L1
SHB_6c1a9ecadfc255ae,0,2,0.0013578280340880156,L1
SHB_647c7fdc377ad899,0,3,0.00046240410301834345,L1
SHB_90f00c3c0c91a036,0,3,0.004740462172776461,L1
SHB_393213fb0b021820,0,3,0.024572476744651794,L3
SHB_90e93da4c80effde,0,5,0.019549738615751266,L3
SHB_eb33144a50d93d44,0,2,0.07240845263004303,L4
SHB_4a9f8161a0522bf1,0,2,0.01016557402908802,L2
SHB_57c17c815c4b561b,0,3,0.013771990314126015,L2
SHB_99f1731f6b967ebb,0,3,0.0348031260073185,L3
SHB_c9e7de47721c47b4,0,5,0.030665630474686623,L3
SHB_29220dc8865f7cfc,0,3,0.005018994212150574,L1
SHB_58fd3506cd4e3daf,0,3,0.0035748803056776524,L1
SHB_fabd0120cab7e2fe,0,3,0.012805182486772537,L2
SHB_1d478812ae8ef8ae,0,1,0.0003922668402083218,L1
SHB_20ab213b8ca123b6,0,1,0.03426414355635643,L3
SHB_5814f217bce4e56f,0,1,0.03303832560777664,L3
SHB_b790741f98c211df,0,4,0.0011732778511941433,L1
SHB_968e3a3f5f6220a6,0,2,0.015227784402668476,L2
SHB_0f17873f581e8704,0,2,0.021576784551143646,L3
SHB_e23d720122652407,0,1,0.0005933814682066441,L1
SHB_99117d2f7aaf787c,0,5,0.0017215957632288337,L1
SHB_d176f3dd8756fd39,0,4,0.004058978985995054,L1
SHB_438aa4f1496afd13,0,4,0.0014165167231112719,L1
SHB_5c225b0d94cd6e98,0,2,0.0033316556364297867,L1
SHB_3743e791806309b9,0,2,0.01565549708902836,L2
SHB_5fbedcbba776e6f7,0,2,0.06313515454530716,L4
SHB_b5f1aae764f94e7e,0,5,0.009828626178205013,L2
SHB_b947079b215c4b4b,0,5,0.016275551170110703,L2
SHB_9bf199c1e6495a76,0,4,0.042354125529527664,L4
SHB_00d69b20a0e5ac6e,0,5,0.006263877730816603,L1
SHB_cd496d927a60710b,0,3,0.0009007984772324562,L1
SHB_6507ec64d00a2ba0,0,2,0.06513170152902603,L4
SHB_7b54a3aa2b18066b,0,3,0.01978561095893383,L3
SHB_ec162a04e6b7779f,0,1,0.03427278622984886,L3
SHB_8596dba75075d70b,0,2,0.058304306119680405,L4
SHB_0456bfcd9533c200,0,5,0.03661849722266197,L3
SHB_19a926c28c6c19c7,0,2,0.0342131145298481,L3
SHB_d718aa9396a331c7,1,5,0.019661081954836845,L3
SHB_880c3fedd0c51233,0,1,0.0025813854299485683,L1
SHB_8eaed92b9cc551a1,0,5,0.0003956291184294969,L1
SHB_45515d5e995c64a2,0,4,0.044223129749298096,L4
SHB_31dcd18e92bdd5cf,0,1,0.007561487145721912,L2
SHB_2912de93d2dec31f,0,4,0.008581910282373428,L2
SHB_8cf8d75bc414c434,0,5,0.0005252417759038508,L1
SHB_715b2439ebfe5c6e,0,5,0.0005609277868643403,L1
SHB_352b571e22adefa5,0,5,0.0009303329279646277,L1
SHB_3416dbd74d4dd979,0,2,0.01436529215425253,L2
SHB_4891bbdcee00ab26,1,4,0.012171122245490551,L2
SHB_d6c1f412fc2a188d,0,4,0.0016552818706259131,L1
SHB_aff4797f664f85ec,0,1,0.0005603248137049377,L1
SHB_5068e3350df138e8,0,2,0.06215472146868706,L4
SHB_6779c27acdbfa9db,0,5,0.000831012090202421,L1
SHB_6b6db7fa8c921c45,0,1,0.004927502013742924,L1
SHB_c640271061de1ca4,0,5,0.04463815689086914,L4
SHB_ac6c2ec5d22ada35,0,2,0.0005600019940175116,L1
SHB_5a5ba9c90dd168c0,0,3,0.048911385238170624,L4
SHB_7ed98247ddddf194,0,5,0.022145256400108337,L3
SHB_ed87b494bbb73bc1,0,5,0.02300606667995453,L3
SHB_4d418a1851bf7dfd,0,2,0.0006507439538836479,L1
SHB_48e6a7e2a1c690c0,0,2,0.01667184755206108,L2
SHB_18e87276d69ca867,0,5,0.00039614352863281965,L1
SHB_eb8e41f6543a04db,0,2,0.001919821253977716,L1
SHB_ea75cf9e7eb88f46,0,5,0.00042293823207728565,L1
SHB_397a580af143f02a,0,4,0.0015495679108425975,L1
SHB_807862492dabe5eb,0,3,0.0003727071452885866,L1
SHB_4dfe880951b0c75f,0,5,0.01903337426483631,L3
SHB_81383833918d3169,1,4,0.004362187348306179,L1
SHB_c92106452a1c0dc2,0,1,0.00039435771759599447,L1
SHB_b79d2b1123a210b9,0,4,0.026788407936692238,L3
SHB_8c3577c05ab49755,0,5,0.03584232181310654,L3
SHB_59f3c22ddca7ee37,0,1,0.0010552125750109553,L1
SHB_9abf85f14bec07d6,0,1,0.05938473716378212,L4
SHB_a3bee520b139b2f5,0,1,0.0114670405164361,L2
SHB_c0d6df5b0eeaacbc,0,3,0.006376158911734819,L1
SHB_2010646e7a81bc09,0,2,0.020884240046143532,L3
SHB_e83006ecd8920c9e,1,4,0.02195899933576584,L3
SHB_61fd020e26e1e062,0,2,0.025096291676163673,L3
SHB_c915f92340737571,0,2,0.010718115605413914,L2
SHB_968148a6e164ab8c,0,4,0.01876012235879898,L2
SHB_c4a114e587351711,0,2,0.036004699766635895,L3
SHB_18d1e46e8da1d947,0,4,0.0010150012094527483,L1
SHB_89803e38f64fcb2d,0,4,0.023371974006295204,L3
SHB_10f43e5eb2d0a565,0,5,0.0010069572599604726,L1
SHB_9938e052610d2ef6,0,5,0.09189972281455994,L5
SHB_9407406a29c4cbe4,0,5,0.020360467955470085,L3
SHB_7b9e0515a8053574,0,4,0.007396408822387457,L1
SHB_a1fb1e7beaa2018b,0,4,0.018198588863015175,L2
SHB_fda82cb69038b452,0,4,0.024017350748181343,L3
SHB_ca3d482f16c54265,0,1,0.03138679265975952,L3
SHB_52822307ad4e12f4,0,3,0.005869051441550255,L1
SHB_e53f65decd96407f,0,1,0.03135061636567116,L3
SHB_32115017428aae86,0,4,0.004037174396216869,L1
SHB_137e8e6dbcae5724,0,1,0.07091671973466873,L4
SHB_99a3f8510b662f32,0,5,0.0035611700732260942,L1
SHB_75887f940b360aa9,0,4,0.014410792849957943,L2
SHB_945a62fcda7fa382,0,4,0.012097803875803947,L2
SHB_580bb51177be9888,0,3,0.006888003554195166,L1
SHB_3e9e06b5e0b524e4,0,3,0.0037244486156851053,L1
SHB_1c5fa9c9371aa8db,0,4,0.005663548596203327,L1
SHB_673ab267436059c1,0,4,0.01185646653175354,L2
SHB_3f77e5a6ec321513,0,4,0.0010572205064818263,L1
SHB_d2d46cda3d3f6be5,0,2,0.0007323246682062745,L1
SHB_f94aa5e5cb29fa62,0,4,0.00048151888768188655,L1
SHB_00891daf007b03b7,0,2,0.004026881884783506,L1
SHB_8b54bf41e2fd0ab6,0,1,0.010568324476480484,L2
SHB_18762b460c766694,0,3,0.022477421909570694,L3
SHB_f06cf546487b46ca,0,4,0.0019375428091734648,L1
SHB_caffe75a0a91ac44,0,4,0.01116168312728405,L2
SHB_47c3acb4d2f00f84,0,2,0.0018478911370038986,L1
SHB_168b50c241000169,0,1,0.019901011139154434,L3
SHB_67709f5ea7bda9ea,0,1,0.001279619405977428,L1
SHB_6f2569347f715ff3,0,1,0.01739988662302494,L2
SHB_dfc306f99802bc6f,1,1,0.009304569102823734,L2
SHB_b055e877b4bef893,0,1,0.017094112932682037,L2
SHB_cb149324c4a0d74d,0,1,0.0006367098540067673,L1
SHB_ad20719ad36c6fcb,0,5,0.020166989415884018,L3
SHB_338077b13c4f7fe2,0,3,0.002678298158571124,L1
SHB_f2239b3debf0ae4e,0,4,0.00047732715029269457,L1
SHB_5652dd0793556064,0,2,0.00037628403515554965,L1
SHB_af6732f955d260c1,0,3,0.0002595934784039855,L1
SHB_de27a5bc1e3c3a68,0,1,0.010063249617815018,L2
SHB_5cbfbe6c563d27ba,0,4,0.011031207628548145,L2
SHB_2ab8943e5123e489,0,5,0.006387119181454182,L1
SHB_c46ed0fac12887da,0,2,0.007840179838240147,L2
SHB_07b444f559b7d733,0,5,0.03980197384953499,L4
SHB_3da2b22cb25930d1,0,1,0.019384004175662994,L3
SHB_339e9c4f7a9bcf44,0,1,0.0013620308600366116,L1
SHB_ba49cca3e72f1a2d,0,1,0.017289819195866585,L2
SHB_7adf18330f655638,0,5,0.03384852036833763,L3
SHB_f4a2c1c9d0234edf,0,5,0.021172815933823586,L3
SHB_4df2f7f55b35a9ff,0,2,0.0037363856099545956,L1
SHB_52e9b5b7911106be,0,1,0.026593059301376343,L3
SHB_d76ec71591f7e72e,0,5,0.009157967753708363,L2
SHB_8d51193ce41ded9c,0,5,0.026498081162571907,L3
SHB_61bb089ca90955cb,0,5,0.005381688009947538,L1
SHB_8804c7979641f7bb,0,5,0.014111628755927086,L2
SHB_2643c2667f0831b1,0,4,0.0017386787803843617,L1
SHB_f916e779930d431a,0,3,0.0013917192118242383,L1
SHB_0c6aed5c072b42b5,0,1,0.0006147671956568956,L1
SHB_5a6eaa5c8d866565,0,4,0.007636136841028929,L2
SHB_f7b6f2689933189f,0,5,0.0015811409102752805,L1
SHB_fbed0d5c31857ac7,0,1,0.0003150786506012082,L1
SHB_1525879e06f10d99,0,4,0.002729019382968545,L1
SHB_60a2da4b4e537e61,0,2,0.002049277303740382,L1
SHB_7bd25c130a347ed1,0,4,0.0009202565997838974,L1
SHB_959529dd6ce75d7a,0,1,0.002828689757734537,L1
SHB_4052d1699c871585,0,1,0.10651995241641998,L5
SHB_93cf22438fd2a982,0,2,0.09137339144945145,L5
SHB_c44a5359ff583a7f,0,4,0.03126262128353119,L3
SHB_180c4eb59f4d703d,0,1,0.005536747630685568,L1
SHB_678045675b3d5b97,0,5,0.12210756540298462,L5
SHB_64d40a7125c81d14,0,3,0.0005138215492479503,L1
SHB_fbaee698cf60cecc,0,3,0.003126408439129591,L1
SHB_b323075843ea4168,0,4,0.0009859682759270072,L1
SHB_bc9107fddff5df81,0,1,0.02189963310956955,L3
SHB_8f15764a7bd28a24,0,3,0.017748598009347916,L2
SHB_787b70a3eb2d5fab,0,1,0.15838153660297394,L5
SHB_084f6158fdf1e82f,0,4,0.01438275445252657,L2
SHB_e8210b93ffe63f89,0,1,0.030170507729053497,L3
SHB_6f4fde37b3b74bbf,0,4,0.0009660444338805974,L1
SHB_0b4c7e530b331a92,0,1,0.018565639853477478,L2
SHB_4d450021fcb971ae,0,5,0.035701148211956024,L3
SHB_8f25b5d00cbc2fc7,0,5,0.0010063976515084505,L1
SHB_148623d9f2ab07a1,0,5,0.0008301028283312917,L1
SHB_a87be93180b21a83,0,5,0.004535345826297998,L1
SHB_b2b6f18c0951bc12,0,5,0.0025961229111999273,L1
SHB_3450a6051e78cc56,0,5,0.008906024508178234,L2
SHB_10f59980d84126be,0,3,0.08067037910223007,L4
SHB_601609422feeb5c7,0,2,0.00844582635909319,L2
SHB_4687389b91fe04d2,0,4,0.04608776792883873,L4
SHB_47f5a4dd1c4a471f,0,4,0.0005145444301888347,L1
SHB_9b8fb79210b77c25,0,3,0.009903275407850742,L2
SHB_8e8cc9d4cede7eaa,0,4,0.0016175945056602359,L1
SHB_1a5b8998566a0644,0,4,0.03886675089597702,L4
SHB_08bca50f42467cb9,0,3,0.06650034338235855,L4
SHB_d98e89c94960a192,0,4,0.008139173500239849,L2
SHB_3bd6f0d13a852834,0,3,0.007494847755879164,L2
SHB_b1f3330e582c4053,0,2,0.021354079246520996,L3
SHB_80e0dacedb7f8627,0,1,0.0338430292904377,L3
SHB_2248373c841c0695,0,5,0.008606767281889915,L2
SHB_4ba28fc897fd65b8,0,2,0.03995857387781143,L4
SHB_436992668217300c,0,3,0.014964016154408455,L2
SHB_51ed24b6c8103788,0,3,0.0002981965953949839,L1
SHB_20ccad5c890e2883,0,3,0.023069633170962334,L3
SHB_0edb60d12048eea0,0,4,0.01285138912498951,L2
SHB_391aeb48f9e19938,0,3,0.00790141336619854,L2
SHB_c8c9a0d2c1b843e6,0,5,0.0015419797273352742,L1
SHB_fa6f2ddab969869a,0,1,0.01472407579421997,L2
SHB_9e34bf3ac54a5bc7,0,4,0.07591670006513596,L4
SHB_e4727f6da9dfffb1,0,3,0.014290078543126583,L2
SHB_ddbdfcabac6cfb18,0,4,0.018645327538251877,L2
SHB_2af1f00f0a91266a,0,4,0.09535448253154755,L5
SHB_4ade617eb9b21018,0,4,0.0008310928824357688,L1
SHB_867d1e730fb4d65b,0,1,0.025541109964251518,L3
SHB_42215803ca3c2985,0,2,0.019335702061653137,L3
SHB_90b6f879a7112287,0,4,0.0016826005885377526,L1
SHB_e6bc5e404fc656d7,0,5,0.0008774987072683871,L1
SHB_f993bf1c26401bc6,0,1,0.014670477248728275,L2
SHB_3dcb90a2f218648c,0,2,0.0017650056397542357,L1
SHB_2d7a2284894c67c2,0,1,0.003890241263434291,L1
SHB_e6277c7f1914db39,0,1,0.002030896255746484,L1
SHB_8aa8f89ee49ab6ab,0,4,0.02409881167113781,L3
SHB_58930fc490d11144,0,2,0.005554624833166599,L1
SHB_b7735fd795d1681f,0,4,0.08065059036016464,L4
SHB_542e987b88402c5d,0,5,0.0022148031275719404,L1
SHB_c8917951827c9fe4,0,1,0.013184389099478722,L2
SHB_20aa75706e6c9785,0,1,0.001184013788588345,L1
SHB_30b4edb1e84efa61,0,3,0.009629704058170319,L2
SHB_443a91ca33402c8b,0,3,0.0024559444282203913,L1
SHB_af97bd7e3821e875,0,3,0.021486645564436913,L3
SHB_2fcdd8ee39fec7da,0,4,0.00871516577899456,L2
SHB_6d68192872a7ad9d,0,4,0.0003323769778944552,L1
SHB_bef2d2f84316b37c,0,4,0.02292228303849697,L3
SHB_eb6d08abf092046f,0,5,0.0010444496292620897,L1
SHB_0956972a72e194ce,0,1,0.005735801998525858,L1
SHB_1b52397b0eb81df5,1,5,0.00311120692640543,L1
SHB_73dde739affab6f2,0,5,0.011054880917072296,L2
SHB_03d04f9f7f44cc49,0,5,0.006614690646529198,L1
SHB_aac526a3a781a8fa,0,2,0.01649371162056923,L2
SHB_6cd3003712779992,0,2,0.004746170248836279,L1
SHB_767a58e9ab3aeacf,0,5,0.038948118686676025,L4
SHB_4a24c3f6b056df71,0,2,0.0002696374722290784,L1
SHB_5e90257d721b304a,0,4,0.007823669351637363,L2
SHB_277ce2298cf56119,0,5,0.0021523169707506895,L1
SHB_7bdaf60cd935e7d6,0,2,0.011548053473234177,L2
SHB_8f2141358f7d4dfd,0,1,0.03130488842725754,L3
SHB_20d46ced84803e11,0,1,0.0024078304413706064,L1
SHB_a377b4cadc198487,0,1,0.0008801327203400433,L1
SHB_156c3becae9aa15c,0,2,0.006177965085953474,L1
SHB_8d3c318a8e77885e,0,5,0.0008451729081571102,L1
SHB_21ba27d6dda87789,0,5,0.013104474171996117,L2
SHB_a0c49a55a7c3bf64,0,4,0.001168285496532917,L1
SHB_7e846b3034ae466a,0,5,0.002348660957068205,L1
SHB_2f7455dd28b4260d,0,5,0.012236773036420345,L2
SHB_9ffb506ed4958f0d,0,1,0.018459776416420937,L2
SHB_ba8979da968121e0,1,4,0.053703419864177704,L4
SHB_3425c15a435e52a4,0,4,0.02176908403635025,L3
SHB_305ad749f6e0a243,1,1,0.007135224994271994,L1
SHB_873cb465e1328478,0,1,0.005323171615600586,L1
SHB_31af4b97b1861279,0,5,0.015278100036084652,L2
SHB_865467ff560ced7f,0,3,0.004935701377689838,L1
SHB_de2dd23051e7963e,0,2,0.05522020161151886,L4
SHB_664207348c8d6e2c,0,4,0.11476705968379974,L5
SHB_185440589a73540d,0,4,0.008306236006319523,L2
SHB_038761d373c23fb6,0,5,0.008382946252822876,L2
SHB_313c4173108a703c,0,5,0.008165338076651096,L2
SHB_57acb082cf59d980,0,4,0.10398974269628525,L5
SHB_c7742cd57fa85775,0,4,0.0267596784979105,L3
SHB_d6b0e130c899547b,0,3,0.00612918846309185,L1
SHB_481b51af4bb53373,0,3,0.03372030705213547,L3
SHB_5ca7c452f8884a45,0,5,0.0026725141797214746,L1
SHB_fa433abfb636195a,0,5,0.0066561345010995865,L1
SHB_43ed0c032b05d62f,1,4,0.034095752984285355,L3
SHB_4a1f348dd06c84a7,0,2,0.008164963684976101,L2
SHB_934cf0ff51406a79,0,2,0.007778074126690626,L2
SHB_d81e930de1373587,0,2,0.003637733869254589,L1
SHB_846237b328f9d710,0,4,0.00031990918796509504,L1
SHB_d8823653a95983df,0,4,0.0017161007272079587,L1
SHB_01df55a009baa70c,0,3,0.026784492656588554,L3
SHB_9fcae4c7b216627d,0,2,0.009770496748387814,L2
SHB_74bba18884d2c45a,0,2,0.04782147705554962,L4
SHB_ac1c8c1991a58e40,0,1,0.06586281210184097,L4
SHB_455397a2df5de43f,0,5,0.008008401840925217,L2
SHB_bbaa1b43519fbfe0,0,2,0.0009141458431258798,L1
SHB_6d37158a84093f7c,0,3,0.011174147017300129,L2
SHB_ca8120fbfb212a52,0,2,0.0057556116953492165,L1
SHB_56d1b3236c5a77f6,1,2,0.012413077987730503,L2
SHB_04df90c0a50754cd,0,5,0.0028324690647423267,L1
SHB_415de5562d313d10,0,1,0.0010386384092271328,L1
SHB_27e3b0b5382f5ecc,0,3,0.021881965920329094,L3
SHB_32fbbad4039ed2a6,0,4,0.00905159767717123,L2
SHB_8fce59a400751610,0,2,0.026017354801297188,L3
SHB_da6cb838c33ed364,0,5,0.0014152344083413482,L1
SHB_4b19de0b61345b2f,0,4,0.030048636719584465,L3
SHB_5dbc1bb3695a8af3,1,4,0.025658776983618736,L3
SHB_a299b1d7e4df5ed1,0,3,0.006041151005774736,L1
SHB_b84a6e0abcb3b137,0,1,0.005855837371200323,L1
SHB_f7786c1548b3e195,0,3,0.016661351546645164,L2
SHB_9e94b1519ac4317a,0,1,0.007985013537108898,L2
SHB_6603d81fa363e5ea,0,5,0.029916582629084587,L3
SHB_ce1594294be009b3,0,4,0.0003962318878620863,L1
SHB_8cba1ebb53883366,0,1,0.005786947440356016,L1
SHB_aabb44e8a0ce2861,0,1,0.013332333415746689,L2
SHB_2fbfb9328058b088,0,1,0.011402197182178497,L2
SHB_9d261af780dfc6a0,0,1,0.0010986421257257462,L1
SHB_838c8e0a77f2f9af,0,2,0.000647512380965054,L1
SHB_7046334a9d946a61,0,3,0.001133000012487173,L1
SHB_82c847ee0a794aba,0,4,0.017870929092168808,L2
SHB_a61af8624e1b0cc1,0,4,0.004525749944150448,L1
SHB_32fd3fd04f9939d7,0,2,0.015166533179581165,L2
SHB_6616515cc3ba722c,0,2,0.00025071375421248376,L1
SHB_625bc1325bfc1acf,0,1,0.003188006579875946,L1
SHB_7e5c5ceb61adbb99,0,3,0.0016895030857995152,L1
SHB_6ced7549d6ebab0c,0,3,0.03381756320595741,L3
SHB_f6ae029b3f1dc939,0,4,0.06257908046245575,L4
SHB_56572fecd2ea5f43,0,2,0.019955726340413094,L3
SHB_505ffa7f45c48260,0,4,0.004452372435480356,L1
SHB_5321ddbfefe8874c,0,5,0.013790875673294067,L2
SHB_ddbd8097b213a9fe,0,3,0.04186736419796944,L4
SHB_ddb45f1305af2978,0,2,0.02865612506866455,L3
SHB_5745fd5874079c51,0,5,0.0019075577147305012,L1
SHB_793352a9a3290054,0,1,0.0018406599992886186,L1
SHB_6e5b89329ef88864,0,2,0.0007465737289749086,L1
SHB_3e183d6247a184c1,0,5,0.001469035749323666,L1
SHB_4fcbeaf5928430c9,0,2,0.006814082618802786,L1
SHB_d47330997b2f3bde,0,4,0.0018419980769976974,L1
SHB_ee75afc3d2140e4b,0,3,0.06059852987527847,L4
SHB_f06813c3d0de3ac1,0,4,0.012294073589146137,L2
SHB_7f007edf263c45ff,0,2,0.025065952911973,L3
SHB_8f3daeb1d5b0b612,0,5,0.0008715387666597962,L1
SHB_01ed82e2106781da,0,1,0.004088710527867079,L1
SHB_143f4247a7aa3ff6,0,5,0.00037807071930728853,L1
SHB_57aa0d915f27580e,0,3,0.01395156979560852,L2
SHB_d3263122001a01af,0,1,0.017215004190802574,L2
SHB_b92cb90715c1b4ce,0,5,0.006533988285809755,L1
SHB_74799a9e8916c8fd,0,2,0.05066833272576332,L4
SHB_b88982c86b1c2c6f,0,1,0.007959735579788685,L2
SHB_926369c23784a66d,0,2,0.017814239487051964,L2
SHB_6eca9722ee63142d,0,5,0.0020282345358282328,L1
SHB_682e2933afa67ef3,0,2,0.01096084900200367,L2
SHB_9e587ba7c353a17b,0,1,0.07119012624025345,L4
SHB_99869dc6a966b7c4,0,3,0.011865508742630482,L2
SHB_111825a7f99ee49a,0,5,0.014174725860357285,L2
SHB_039616c4d5f2693a,0,5,0.007913589477539062,L2
SHB_57e312dff9a1fd68,0,1,0.004134457092732191,L1
SHB_55e7202b18cbab25,0,5,0.004456341732293367,L1
SHB_eeffb98f78a86604,0,2,0.006420557852834463,L1
SHB_72313a078c95afe3,0,3,0.0002348510461160913,L1
SHB_5b045b739a6f13ad,1,4,0.008249865844845772,L2
SHB_2e4abfe210b78124,0,2,0.009396463632583618,L2
SHB_18fe255e510ce1a1,0,1,0.0011441054521128535,L1
SHB_3918d7dd776f7b38,0,4,0.0013969822321087122,L1
SHB_08d8257070200f3d,0,5,0.038927581161260605,L4
SHB_35628e8d566feb0f,0,1,0.0014472288312390447,L1
SHB_3771cad09e2d975a,0,4,0.023797547444701195,L3
SHB_c674d7a396d00663,0,4,0.004077618941664696,L1
SHB_b87fd81ac1ed787b,0,3,0.00035475901677273214,L1
SHB_9663a5eead26c193,0,4,0.0007183534908108413,L1
SHB_eb6de699a3d04722,0,2,0.0027213036082684994,L1
SHB_c3341c928d67d35c,0,1,0.0007687730249017477,L1
SHB_e6ce4d3d8d5df1df,0,2,0.008816499263048172,L2
SHB_1b97d69fc63f4322,0,1,0.00871664471924305,L2
SHB_8621a884bcab5db2,0,3,0.014683082699775696,L2
SHB_247655415c0e18d1,0,5,0.07389171421527863,L4
SHB_52507d595249fd72,0,5,0.0037377169355750084,L1
SHB_9a70354a1a81355b,1,3,0.0002702814235817641,L1
SHB_3f831c5e961746af,0,3,0.008736352436244488,L2
SHB_6075d7a9309a5835,0,1,0.000993459834717214,L1
SHB_8cce122aad56e1b2,0,5,0.028776435181498528,L3
SHB_310d82630288e449,0,1,0.01189210545271635,L2
SHB_f0f372740dbe41ed,0,2,0.038178931921720505,L4
SHB_27aca9cc395ef8f6,0,4,0.008524629287421703,L2
SHB_e662801a44ba8a62,0,5,0.046810414642095566,L4
SHB_7ec7376f4d308124,0,5,0.00030645073275081813,L1
SHB_5531d9e39ca30dde,0,4,0.008730565197765827,L2
SHB_759b567c60513a5a,0,4,0.006408367771655321,L1
SHB_f35e02813712869d,1,5,0.009051457047462463,L2
SHB_8c9359ba2107e3af,0,3,0.004294526297599077,L1
SHB_3919ac3c2af144f9,0,1,0.009329591877758503,L2
SHB_61b0ce598fb7a971,0,4,0.01339662354439497,L2
SHB_ec7eea16df72699f,0,5,0.0031798812560737133,L1
SHB_e41394319dda5b48,0,2,0.01445856411010027,L2
SHB_96cbcaa5daf7c644,0,3,0.00024169115931726992,L1
SHB_910f28c54c48649e,0,1,0.0002966424508485943,L1
SHB_f4f3d3d3c6ac8d0e,0,4,0.00022230949252843857,L1
SHB_378c71d068d78995,0,5,0.0004904191591776907,L1
SHB_b6675ae2caa4f37c,0,2,0.00036963526508770883,L1
SHB_7de9117fa06aba81,0,4,0.0145955765619874,L2
SHB_aad4c4878e2c26af,0,3,0.043374840170145035,L4
SHB_fdff8852d6300b53,0,1,0.003016922390088439,L1
SHB_d4a9dd62f49a2ce5,0,2,0.0003350194019731134,L1
SHB_7b549c596a51e53f,0,4,0.0014812794979661703,L1
SHB_e76bbde1cc031e3c,0,3,0.02028411068022251,L3
SHB_0b78075fd526dbc9,0,4,0.0030129177030175924,L1
SHB_d8ae123354dcbaaa,0,3,0.00017804298840928823,L1
SHB_1d2af6fccb733e1b,0,4,0.0002278587780892849,L1
SHB_51511b65f5552216,0,5,0.012645074166357517,L2
SHB_703c7eaf4a67b707,0,5,0.023720305413007736,L3
SHB_220705a3605bafe7,0,4,0.00048820418305695057,L1
SHB_9f121c89f63ba294,0,4,0.0059232222847640514,L1
SHB_c65a53faad079c8c,0,1,0.007853034883737564,L2
SHB_bc289b61178f1eb7,0,2,0.0013148986035957932,L1
SHB_297f25ddfcd7adfc,0,2,0.009499050676822662,L2
SHB_2b180992b36f591e,0,5,0.02955833077430725,L3
SHB_ca59f8590f6d842d,0,5,0.0007683991570957005,L1
SHB_5f239aafc3c7bbba,0,4,0.03395505249500275,L3
SHB_76d606728b195822,0,5,0.0501740500330925,L4
SHB_8fd78b008adb053d,0,1,0.0007386294892057776,L1
SHB_9c6310c29a4db833,0,5,0.007203281857073307,L1
SHB_630bf2ec76bdd9f6,0,4,0.03305879607796669,L3
SHB_3cdcc8b181263e1a,0,1,0.0002701925695873797,L1
SHB_09865d421659ef9d,0,3,0.007532856892794371,L2
SHB_1ed0d32926ee6325,0,1,0.004306010901927948,L1
SHB_dcf085a3f8356515,0,3,0.032327860593795776,L3
SHB_6d03252d88e4b1e3,0,2,0.006100114434957504,L1
SHB_3b62a3d68534c0c8,0,3,0.04151381552219391,L4
SHB_bcaaee27a0c35c28,0,1,0.02447420544922352,L3
SHB_5b3b98f91c64bafd,0,5,0.02169979363679886,L3
SHB_0551c671b57ad90a,0,3,0.0045679849572479725,L1
SHB_1612fcb115e2f012,0,1,0.006995671894401312,L1
SHB_58bfa714bfbd038a,0,5,0.00961139053106308,L2
SHB_65721a5244ef9a2f,0,3,0.009712961502373219,L2
SHB_c1e2921b31d35ffd,0,3,0.00617962796241045,L1
SHB_271d66234b8c40c4,0,5,0.03989051654934883,L4
SHB_1007dc3bed3c9613,0,2,0.003954817540943623,L1
SHB_1586a24701b96306,0,3,0.007280784193426371,L1
SHB_1aacf5f2f94f75e0,0,1,0.045092370361089706,L4
SHB_87170461608cdb43,0,5,0.0033919070847332478,L1
SHB_1f911f093546fe55,0,4,0.0002180517476517707,L1
SHB_486ee20df3205f95,0,4,0.0016022963682189584,L1
SHB_9299828a1629a449,0,1,0.003721856977790594,L1
SHB_8d0859298a1d5fad,0,3,0.013095511123538017,L2
SHB_5e3792d83d12bcf6,0,3,0.002090193098410964,L1
SHB_8c9fd16482977c3f,0,5,0.04111458733677864,L4
SHB_ade6df29e0bc3e49,0,2,0.021566245704889297,L3
SHB_aca10885c936f2cc,0,1,0.0007475590100511909,L1
SHB_01a676d2ca765b17,0,1,0.03585876151919365,L3
SHB_bb2650fb3ee2867e,0,3,0.0008726298110559583,L1
SHB_5ad0f329d0738931,0,5,0.007309228181838989,L1
SHB_dbffbeba2a1a6f36,0,1,0.0021808624733239412,L1
SHB_7007faa77013f0b6,0,3,0.00647862209007144,L1
SHB_2bee4103c952835f,0,1,0.004982846323400736,L1
SHB_efbaf5df02392725,0,3,0.005083269905298948,L1
SHB_c57941d5c50944fa,0,3,0.0001714246900519356,L1
SHB_24735df0be0f4586,0,4,0.0037230297457426786,L1
SHB_4ad4af533003545c,0,4,0.014820205047726631,L2
SHB_0dff77c8d87ebe6f,0,5,0.05535772070288658,L4
SHB_305f55a8270cb1d1,0,5,0.005244353786110878,L1
SHB_0c7442ef16f674be,0,3,0.0009798398241400719,L1
SHB_e52c5b3fd2ea9dbc,0,4,0.002356724813580513,L1
SHB_4bb9d882dcea61a9,0,1,0.0008381619118154049,L1
SHB_249275be0f34b132,0,1,0.06622423231601715,L4
SHB_8c79173498a843ef,0,4,0.012416164390742779,L2
SHB_f915bd322e40f935,0,2,0.000453627435490489,L1
SHB_03744800b2d0f90d,0,4,0.00374934752471745,L1
SHB_c5f11a2d45e25ca3,0,2,0.0005475870566442609,L1
SHB_72e12cabe8464b73,0,1,0.012110559269785881,L2
SHB_86a803ddca246eb5,0,3,0.00045664553181268275,L1
SHB_316a70ea6c7904df,0,2,0.024724557995796204,L3
SHB_6c95d42d23d380ca,0,3,0.04674617946147919,L4
SHB_e7bffba8b3be5550,0,5,0.03328423574566841,L3
SHB_52e806f6f3fe4da1,0,1,0.004660329315811396,L1
SHB_975f086f953dea2a,0,2,0.027104521170258522,L3
SHB_8d4778e66059f92b,0,5,0.0010164299746975303,L1
SHB_e21f68c0b4994279,0,2,0.0003546369553077966,L1
SHB_fc25ace6a69b8273,0,1,0.055510904639959335,L4
SHB_41dc83d69e7f887e,0,3,0.03447737544775009,L3
SHB_ab5f6485c2ae5166,0,3,0.0004962915554642677,L1
SHB_c3b23be9eee82a8d,0,5,0.022183038294315338,L3
SHB_b20e75b813419bf0,0,1,0.0032246906775981188,L1
SHB_6bcd3d200fbb630a,0,2,0.0013658159878104925,L1
SHB_d0a4bfa78ed4d104,0,2,0.0003838294942397624,L1
SHB_c99bd65bdeade721,1,5,0.010645953938364983,L2
SHB_40273f428e5536e4,0,1,0.0003435401595197618,L1
SHB_51549c665956eada,0,5,0.010299022309482098,L2
SHB_5655d78c7fb30d49,0,3,0.0006433795788325369,L1
SHB_bd00fd9f4c206a5a,0,4,0.015567818656563759,L2
SHB_555b316f91979b4e,0,4,0.008781744167208672,L2
SHB_7fb3f0c5a078833b,0,4,0.0002967298496514559,L1
SHB_a918735da7a24d04,0,1,0.03017326444387436,L3
SHB_cdab67a7ebb7cc57,0,4,0.03968789801001549,L4
SHB_3e293ad27ed6812c,0,1,0.00606416305527091,L1
SHB_046d7de7838c1d80,0,2,0.00038370967376977205,L1
SHB_a205393efb2b277d,0,5,0.006374020129442215,L1
SHB_0f08f28df2f1138a,0,2,0.0008173742098733783,L1
SHB_ac61341a5d4ce1f0,0,4,0.0005044345161877573,L1
SHB_524f4e430ac73453,0,4,0.000894441269338131,L1
SHB_4f9266bf5ed16254,0,2,0.0005581691511906683,L1
SHB_2f2f1e9f3a7cb10e,0,5,0.03648258373141289,L3
SHB_7091fcee0d36c3fd,0,5,0.007045821286737919,L1
SHB_4b1299f86d2bc62e,0,4,0.003515984397381544,L1
SHB_24c6cf8991b01465,0,3,0.019694942981004715,L3
SHB_93bb2c777d7fbecb,0,5,0.016266049817204475,L2
SHB_3a4374df918696d2,0,3,0.04049144312739372,L4
SHB_4f80b42d814725dc,0,2,0.0004093982570338994,L1
SHB_e70ac15af24cc1c6,0,1,0.0022849207744002342,L1
SHB_858089df34cff179,0,3,0.000711296102963388,L1
SHB_1d41175e8649ebae,0,2,0.007331147324293852,L1
SHB_41becd1cfa14245c,0,2,0.04070030525326729,L4
SHB_24d6d070693cb275,0,2,0.006785418372601271,L1
SHB_4acefbec79bc5206,0,4,0.010707437060773373,L2
SHB_aba4c7b9a013d92c,0,2,0.010904456488788128,L2
SHB_353da65f4e6b33b5,0,3,0.000505373696796596,L1
SHB_55a3df7da07ef325,0,5,0.0591147355735302,L4
SHB_074f6d4c8b388fb2,0,2,0.02934023179113865,L3
SHB_7ec2d84e4df5ca36,0,2,0.0003502605832181871,L1
SHB_7618c4ad0c3b06b4,0,5,0.039777837693691254,L4
SHB_ad261c51356e0126,0,3,0.03193391114473343,L3
SHB_41253a8029863481,0,3,0.003326567355543375,L1
SHB_66ae83d0f04e5100,0,3,0.004954843316227198,L1
SHB_f100522686880966,0,5,0.002640453400090337,L1
SHB_1ca0608fba49a108,0,4,0.028908004984259605,L3
SHB_2d6cbfec13988100,0,4,0.002713392721489072,L1
SHB_8f443aec9fbaf1a1,0,1,0.005291391164064407,L1
SHB_753222e9ab1b5f83,0,2,0.016154417768120766,L2
SHB_843baf01fb591628,0,4,0.0012997183948755264,L1
SHB_752a45e1ffa1c78c,0,5,0.007572670932859182,L2
SHB_717f9deb1c976266,0,2,0.014615779742598534,L2
SHB_530e6e3558256d9a,0,1,0.0036817435175180435,L1
SHB_a4c66141732c2f52,0,4,0.005712898913770914,L1
SHB_3432f6e976dc6615,0,5,0.013665728271007538,L2
SHB_da1c5833c6999f35,0,3,0.02331657148897648,L3
SHB_e8f0e48bb18abb4b,0,3,0.00031097614555619657,L1
SHB_7f7289bc68430132,0,1,0.0013114766916260123,L1
SHB_1533c5cdc292c0b2,0,1,0.011859970167279243,L2
SHB_b929b5187f6434c9,0,5,0.01341395452618599,L2
SHB_f36484f1a8847c64,0,3,0.027554966509342194,L3
SHB_3e6b0b6269d31159,0,3,0.0004329949733801186,L1
SHB_c0783f25b1ea3f87,0,3,0.027172356843948364,L3
SHB_179091f914317bb1,0,1,0.004414507653564215,L1
SHB_afc6fc7f44699496,0,5,0.0033356829080730677,L1
SHB_5e41e3ae165dcbde,0,1,0.00027568358927965164,L1
SHB_191bcaa8c8d5f28d,0,2,0.0031312303617596626,L1
SHB_1258543c41da88f5,0,4,0.01466804463416338,L2
SHB_0f13684dbbed5d16,0,5,0.015157897025346756,L2
SHB_e462a0ab884f402b,0,1,0.004428359214216471,L1
SHB_b3269bf64131f214,0,4,0.01412910781800747,L2
SHB_ad5718be9097e8a9,0,2,0.006545925512909889,L1
SHB_950d937ca10213dc,0,2,0.005544058978557587,L1
SHB_4d162703673bd863,0,3,0.007584297563880682,L2
SHB_d4a55550f746f6c2,0,4,0.0004751832166220993,L1
SHB_b018627285bd45d7,0,4,0.001576035749167204,L1
SHB_c5d43e2c9b7471f9,0,2,0.0020759217441082,L1
SHB_7435b5c61cec850f,0,4,0.025064658373594284,L3
SHB_815488e9fa2e3227,0,2,0.0017772973515093327,L1
SHB_f8dd1fedc582e5d8,0,4,0.0029979883693158627,L1
SHB_63f1865dcfa85bf3,0,2,0.000995301059447229,L1
SHB_94ea50a481a8b3c3,1,5,0.0651206225156784,L4
SHB_17b758913f1ba944,0,2,0.020251857116818428,L3
SHB_988ece3229debb96,0,1,0.001909104292280972,L1
SHB_e6248c7f27638f32,0,2,0.0017920407699421048,L1
SHB_52cc38d450a809bc,0,4,0.0009305647690780461,L1
SHB_5abec43171a4af47,0,5,0.0037551713176071644,L1
SHB_2ee3e23a25a57501,0,5,0.00494103180244565,L1
SHB_828314dccbbf95e3,0,2,0.002937436569482088,L1
SHB_f20bf2d3a12a9c94,0,3,0.005196864251047373,L1
SHB_fc0867117371abd5,0,2,0.012321881018579006,L2
SHB_2d0b4c28eb52ae7f,0,2,0.01498638279736042,L2
SHB_e2f7ba21c2ad6844,0,2,0.008392103016376495,L2
SHB_d49c4d0fd9aa2d30,0,3,0.046344462782144547,L4
SHB_c9d75a3a432973c4,0,1,0.00183983298484236,L1
SHB_9b0bc202e8420741,0,1,0.0388256311416626,L4
SHB_6f55e06953d6e08c,0,4,0.007670667953789234,L2
SHB_6528a2663f1ee330,0,1,0.002330492716282606,L1
SHB_68720c7270a7abbd,0,5,0.0426340326666832,L4
SHB_a8824e38378d4f33,0,4,0.0019378399010747671,L1
SHB_79e887d435f69d4c,0,2,0.0006053165998309851,L1
SHB_29df43f5991c97ef,0,3,0.0027724141255021095,L1
SHB_306008adf2216a33,0,3,0.05076051503419876,L4
SHB_90f931c5c8e67523,0,3,0.009425870142877102,L2
SHB_743c7c1f32d470fe,0,4,0.046598441898822784,L4
SHB_5fe377d1ce970cb3,0,1,0.00035060953814536333,L1
SHB_e088228c7ee55a01,0,5,0.0004165367572568357,L1
SHB_72c2f02a5ec37828,0,1,0.03412378579378128,L3
SHB_a889e54dfd5aa9f7,0,5,0.024108313024044037,L3
SHB_4478f95ee2931f8c,0,5,0.020210925489664078,L3
SHB_01d8e3a8a1c35fcd,0,2,0.008151181042194366,L2
SHB_294e1c6dbd197a0e,0,3,0.0002509857004042715,L1
SHB_093e94c41aaf644a,0,3,0.007228700444102287,L1
SHB_bd013d6513852cfd,0,2,0.008626021444797516,L2
SHB_a8067a2bad5a9383,0,2,0.01106052752584219,L2
SHB_57f18631599ba9a8,0,1,0.022946249693632126,L3
SHB_d5acaf73f35952dd,0,5,0.03898276016116142,L4
SHB_8ad86144a6dd5607,0,5,0.010786245577037334,L2
SHB_2dd0a464eb5ec46e,0,3,0.0016322201117873192,L1
SHB_e6e8182cfcfe375c,0,1,0.03691030293703079,L3
SHB_1a2f2d2184afaadd,0,4,0.005687039345502853,L1
SHB_033a730a4b44989d,0,2,0.0431392528116703,L4
SHB_08c765a98e9a2228,0,4,0.00045324358507059515,L1
SHB_105a7e867ff30a3f,0,2,0.012057510204613209,L2
SHB_98209b3aca277fea,0,5,0.062166422605514526,L4
SHB_857f6ecb08047b60,0,1,0.02874792367219925,L3
SHB_c48e6f9125ef074f,0,3,0.005014136899262667,L1
SHB_1f656cef13871007,0,5,0.025645285844802856,L3
SHB_032b477e4ffe7dc1,0,2,0.0004760466981679201,L1
SHB_7f4123103faddefa,0,4,0.011465667746961117,L2
SHB_7d5c5bfea08a1f51,0,4,0.05197053402662277,L4
SHB_826b94bab9fa0dea,0,5,0.005706002004444599,L1
SHB_3010b200ecedb599,0,4,0.020602911710739136,L3
SHB_b990aba93aa2e9b4,0,5,0.06937014311552048,L4
SHB_f95f419a29b56346,0,5,0.1235416978597641,L5
SHB_15748593b576d107,0,3,0.008076761849224567,L2
SHB_e1b9c070da659b1c,0,3,0.03820207715034485,L4
SHB_8e8d17e6a7f7f5f4,0,1,0.015108190476894379,L2
SHB_1e0dbcf20bf3923b,0,4,0.0006646261899732053,L1
SHB_d20cf231c9980729,0,4,0.014913767576217651,L2
SHB_c6987e54872fc077,0,1,0.0006813499494455755,L1
SHB_9b35c39f5e6b1e95,0,5,0.0003763407003134489,L1
SHB_fd6667bf18b66362,0,1,0.002140461001545191,L1
SHB_7ed644221e1db764,0,3,0.0067498753778636456,L1
SHB_b89efd36e1da6263,0,5,0.04098237305879593,L4
SHB_2bbcee2166b5dacc,0,3,0.004965014755725861,L1
SHB_e2aa492f8fe7428b,0,1,0.022696174681186676,L3
SHB_031cb68d1bfb6d8f,0,4,0.016120638698339462,L2
SHB_499aeb3ee36468e2,0,4,0.053918976336717606,L4
SHB_cdc490d9bccc0d09,0,4,0.03362009674310684,L3
SHB_774f5f28b9cd13ac,0,3,0.02562805637717247,L3
SHB_458fee5e3dcfff48,0,4,0.0012607143726199865,L1
SHB_7b52feb3bce5bf84,0,4,0.004065904766321182,L1
SHB_6e02f2e8adf6a552,0,1,0.006985271815210581,L1
SHB_e52833ceecaa7338,0,3,0.018766049295663834,L2
SHB_d671b239a907146f,0,5,0.0036802482791244984,L1
SHB_46fa16370641b9ab,0,5,0.019831886515021324,L3
SHB_c01691f1b6a9b05b,0,4,0.0010194586357101798,L1
SHB_a62d7f05be3b3123,0,2,0.022654779255390167,L3
SHB_b7e096d28133572d,0,2,0.02261430211365223,L3
SHB_fec327c4e6fe3675,0,1,0.14698520302772522,L5
SHB_45264ca589ce4c38,0,2,0.0062636989168822765,L1
SHB_dd3e43b33e652a32,0,1,0.022305024787783623,L3
SHB_84954a1a259cf35c,0,3,0.009970608167350292,L2
SHB_9d29f52162d613ea,0,2,0.006640883162617683,L1
SHB_74478dec21219232,0,2,0.0007579228258691728,L1
SHB_714888edd242fcec,0,3,0.00014171615475788713,L1
SHB_73780445dee478b0,0,1,0.15279163420200348,L5
SHB_cf11a56e247a1d09,0,3,0.24554172158241272,L5
SHB_55f259dcb4099bca,0,2,0.0005199363804422319,L1
SHB_0e6e41b1ffe97d0c,0,2,0.008728308603167534,L2
SHB_6f834bb5069e5f32,0,3,0.016714779660105705,L2
SHB_45b182c3acbdae77,0,3,0.009505998343229294,L2
SHB_596b8ca0de1a35e4,0,5,0.0013736364198848605,L1
SHB_28c6d2ef28611023,0,5,0.0007813668344169855,L1
SHB_2d3fa61eabe96c72,0,3,0.0007393559208139777,L1
SHB_d0429817f3fc5e8f,0,1,0.020264381542801857,L3
SHB_c99cfc30bc611ca1,0,2,0.010855762287974358,L2
SHB_fc16b765f01dac67,0,2,0.00799117237329483,L2
SHB_5392310465d23bc6,0,5,0.008591408841311932,L2
SHB_2dc6e84056528618,0,2,0.005447672680020332,L1
SHB_a9f48772c0dbf882,0,1,0.027440140023827553,L3
SHB_40bdd54d424f24b7,0,3,0.00015545051428489387,L1
SHB_f9fb0dba0d175490,0,1,0.010722322389483452,L2
SHB_bdc8573970956aae,0,3,0.011478012427687645,L2
SHB_c66e37d2431e8be5,0,3,0.03456442430615425,L3
SHB_dbd5ebbebce8af85,0,1,0.005429362878203392,L1
SHB_0d561c4b96ac7adb,0,2,0.0007644869037903845,L1
SHB_f63deddab22af502,0,1,0.00487531116232276,L1
SHB_781af001a9f6671c,0,3,0.0005345532554201782,L1
SHB_057c2b9f3a1e0000,0,3,0.0029693746473640203,L1
SHB_93994d2c462488fb,0,2,0.060549408197402954,L4
SHB_82d163010f45d405,0,5,0.006834482308477163,L1
SHB_1515e470089dad8f,0,4,0.007278155069798231,L1
SHB_5b0d948caf1229fa,0,2,0.003772724187001586,L1
SHB_a3f81d6256fed9b5,0,2,0.007219122257083654,L1
SHB_0e0b0fb739e0e6d7,0,4,0.003726464230567217,L1
SHB_193a686e1e8c24a1,0,5,0.0006533066625706851,L1
SHB_9c3f62246e77baee,0,2,0.0031023193150758743,L1
SHB_8e8138ff2906bd61,0,4,0.0003460405860096216,L1
SHB_85309889db1b5969,0,4,0.012253937311470509,L2
SHB_ec1b2b13116f2b68,0,2,0.011633179150521755,L2
SHB_f10593138e65c2c5,1,3,0.07599344104528427,L4
SHB_542bc2509e737d62,1,3,0.005575397051870823,L1
SHB_34ae13a46606db59,0,4,0.04312262311577797,L4
SHB_6ae8721f3633bc22,0,4,0.0028286748565733433,L1
SHB_5ccf61e10f60bd85,0,4,0.0010432264534756541,L1
SHB_9235df4c436b8bdf,0,5,0.020111115649342537,L3
SHB_a8006d2343c6fb20,0,4,0.009226249530911446,L2
SHB_9ed37606f772dc86,0,3,0.013680344447493553,L2
SHB_37704e8b88504fe8,0,4,0.021190887317061424,L3
SHB_007802ac395e2d92,0,4,0.004071430768817663,L1
SHB_bf3ebbc077f1540f,0,2,0.03634083643555641,L3
SHB_4a908c374042a3e0,0,1,0.011149158701300621,L2
SHB_47b0e1cf34b835c1,0,5,0.0005202293395996094,L1
SHB_57a64c0773d41d5b,0,2,0.02927474118769169,L3
SHB_34654502f3ffb9e0,0,2,0.0220514964312315,L3
SHB_bae89e95ba902e20,0,3,0.00713478634133935,L1
SHB_e26443681bfac430,0,4,0.04998568072915077,L4
SHB_cbd1b5a1863cbcf0,0,3,0.003812737064436078,L1
SHB_d656cffe3be1f27c,0,5,0.0015004405286163092,L1
SHB_d4f879f7c9104f61,0,2,0.0011831715237349272,L1
SHB_2f1589a2291abccb,0,3,0.02234109491109848,L3
SHB_8a44f46d30ed8503,0,5,0.00031193316681310534,L1
SHB_467173f5eacef8cc,0,3,0.0670659989118576,L4
SHB_0c82dd0f1a57e547,0,1,0.003232106799259782,L1
SHB_fc377e7413e25cbf,0,3,0.013415512628853321,L2
SHB_593c80db8686ffbc,0,2,0.0009571444243192673,L1
SHB_faac0ec51ccbacad,0,1,0.004767467267811298,L1
SHB_251e9e2e21b0119f,0,4,0.014939868822693825,L2
SHB_2aff3c5b8d9524da,0,4,0.0008644672925584018,L1
SHB_743f21eba351a157,0,2,0.0040439884178340435,L1
SHB_0668ae1c7146c3e7,0,5,0.004959300626069307,L1
SHB_5326828a99d6882b,0,3,0.0010887987446039915,L1
SHB_a52dbb76d4617906,0,3,0.0066338879987597466,L1
SHB_481758bbc0c13fe8,0,5,0.017279766499996185,L2
SHB_6f3902b3b8f7a3c8,0,4,0.03102784976363182,L3
SHB_327cca3220d37661,0,4,0.013220974244177341,L2
SHB_f2654fabb3686da4,0,3,0.00042720852070488036,L1
SHB_e593c0b7b2fc556c,0,5,0.0804346576333046,L4
SHB_a6f652659a918570,0,2,0.0005057910457253456,L1
SHB_8985f768d5e02c21,0,2,0.007555571384727955,L2
SHB_ac0ca587e811c6c0,0,2,0.00835616234689951,L2
SHB_5058f7c5acc2d395,0,5,0.07681678235530853,L4
SHB_d8a7c82131a660fa,0,5,0.01646832935512066,L2
SHB_20647d275eb33e5d,0,4,0.0007265086169354618,L1
SHB_92b8cbc6678a42fc,0,5,0.026535481214523315,L3
SHB_ce724f53eac9e223,0,2,0.0011158622801303864,L1
SHB_5b7cd344653109cb,0,5,0.02010859176516533,L3
SHB_82cc02aae12b0a6c,0,4,0.0003026266931556165,L1
SHB_80236df8b92e0833,0,4,0.005106618627905846,L1
SHB_c991451a0aed4408,0,1,0.038010209798812866,L4
SHB_f4568af3e31b214f,0,2,0.0017115509836003184,L1
SHB_7012688b6561eb57,0,3,0.04807990789413452,L4
SHB_46197ee5e2ddbf22,0,5,0.0007564916159026325,L1
SHB_1b3ec5348bcdde92,0,1,0.0006929688388481736,L1
SHB_78a38d6d2e9c582f,0,2,0.020346352830529213,L3
SHB_6f1925a07ee7e5d3,0,5,0.016786206513643265,L2
SHB_0c06c0b92cd17846,0,4,0.048271503299474716,L4
SHB_868893a2d66a7c8e,0,4,0.02014099806547165,L3
SHB_aac309bf7a04b485,0,4,0.05222808197140694,L4
SHB_a5b8cadacec73e5f,0,2,0.0008786964463070035,L1
SHB_8b01e2a20dd80146,0,4,0.008875180035829544,L2
SHB_ce9b1206d3353f0b,0,5,0.0012808430474251509,L1
SHB_b62eb2ef627f3736,0,5,0.0029396384488791227,L1
SHB_bda010e1ada1ad0c,0,4,0.014616171829402447,L2
SHB_b92a4841cedff67d,0,2,0.07409285753965378,L4
SHB_1707f593c9fff0b1,0,2,0.0008057783707045019,L1
SHB_6c1090f9f389d60f,0,2,0.010201660916209221,L2
SHB_57a34888fb4ebbd7,0,3,0.00022431711840908974,L1
SHB_04235f0664808814,0,1,0.06271395087242126,L4
SHB_6d8e4541ea7d7af3,0,4,0.0009447878110222518,L1
SHB_8fe979a5245b47b9,0,2,0.0007732088561169803,L1
SHB_0cc42d7fa78f16fa,0,3,0.07260186225175858,L4
SHB_ef0c83d4efa8862d,0,5,0.0005738419131375849,L1
SHB_d9b2130e2e2d4f4b,0,3,0.005758318584412336,L1
SHB_08d25a8a835ed373,0,1,0.019915660843253136,L3
SHB_b0c9a373bb4e0cb6,0,4,0.0006531460676342249,L1
SHB_cf5a13bd0302c9ad,0,5,0.0023752960842102766,L1
SHB_6a97ab2328bc5cc8,0,3,0.00019036594312638044,L1
SHB_608656833794be71,0,1,0.0010879018809646368,L1
SHB_7db2029bd07473f9,0,5,0.0005794062162749469,L1
SHB_3695dbca67cb197f,0,4,0.0017984264995902777,L1
SHB_ddf457773b5cb521,0,1,0.009994269348680973,L2
SHB_6abf538ca0aec591,0,3,0.027226218953728676,L3
SHB_fdf6304d09536777,0,3,0.003606586717069149,L1
SHB_2d3a1e3f0d1b5ddf,0,2,0.0013735180255025625,L1
SHB_177b9222956e2ec3,0,1,0.04467817395925522,L4
SHB_634148131dcad6d8,0,2,0.0009987530065700412,L1
SHB_bd9dec3c645ffc25,0,1,0.02487233281135559,L3
SHB_2b39848c7b459c91,0,5,0.0017263570334762335,L1
SHB_2c49e14b036a89fc,0,3,0.0013537748018279672,L1
SHB_34d90621f3e4057d,1,5,0.015747763216495514,L2
SHB_0e6d62f79356782b,0,3,0.007551196031272411,L2
SHB_243de95298cd74f6,0,1,0.012075035832822323,L2
SHB_537387d2f7007028,0,5,0.005756699945777655,L1
SHB_2f03067faacbb126,0,2,0.000611943076364696,L1
SHB_31668965633ed37c,0,1,0.02705991640686989,L3
SHB_f32977014dd22f99,0,1,0.029253460466861725,L3
SHB_b27cff9e871f721f,0,3,0.002540440298616886,L1
SHB_8a7778cf1dacf81d,0,2,0.011544853448867798,L2
SHB_e1ed2c79a9e1fdd3,0,2,0.08507586270570755,L5
SHB_28e8942d74474198,0,1,0.008213929831981659,L2
SHB_bd3eaebe4e19ba24,0,4,0.007981388829648495,L2
SHB_649216a25f42ff98,1,2,0.025428112596273422,L3
SHB_4fc62d8f433e12d9,0,2,0.0013158632209524512,L1
SHB_f39db764c6ae038e,0,3,0.00031254609348252416,L1
SHB_97920ca42c3edb32,0,3,0.04954516142606735,L4
SHB_ac56f433aa34eea0,0,4,0.004391539841890335,L1
SHB_dc0e5a207c77ff05,0,2,0.0007725316099822521,L1
SHB_fc6e931a5e68af53,0,5,0.002691709203645587,L1
SHB_12f049f9b4854658,0,5,0.007810436654835939,L2
SHB_f353b7a6c807bac9,0,2,0.06121668219566345,L4
SHB_3582272cf82dbd73,0,3,0.009540073573589325,L2
SHB_f6f7d4ac0342f9a9,0,1,0.004780006594955921,L1
SHB_a4b9863b26b59830,0,1,0.026346366852521896,L3
SHB_e9987f40a38c475b,0,5,0.006346963811665773,L1
SHB_f117641440b96fc8,0,3,0.0005702412454411387,L1
SHB_b9e6dd1caf04a638,0,2,0.03516456112265587,L3
SHB_d7face5ad78bc15d,0,5,0.0015042717568576336,L1
SHB_8c26c9774856169e,0,2,0.012829582206904888,L2
SHB_81882cf07b801d3e,0,1,0.015167073346674442,L2
SHB_afe7fcbc514a2574,0,3,0.008380929008126259,L2
SHB_7989979339d5d9e3,0,5,0.03178856894373894,L3
SHB_4560c709ff1fdea1,0,1,0.01281360536813736,L2
SHB_82902b7766951468,0,5,0.005572878289967775,L1
SHB_33f14508b3069920,0,4,0.004904416389763355,L1
SHB_cdb16904573d52b8,0,1,0.0029590968042612076,L1
SHB_418aef166ddfe298,0,5,0.002331776777282357,L1
SHB_6a280a5023b5c1dc,0,2,0.00023012944438960403,L1
SHB_0a1fd20989b5be5b,0,3,0.003225259482860565,L1
SHB_c0e2b25fc1a44317,0,5,0.04193519055843353,L4
SHB_c13f1df52967eb88,0,1,0.0018278490751981735,L1
SHB_4969c771d0803c96,0,3,0.005566941108554602,L1
SHB_fe57f2d6c373974f,0,3,0.010416155681014061,L2
SHB_725efad394bd66b1,0,1,0.0227364394813776,L3
SHB_8e90b04b58bc5daa,1,2,0.06600099802017212,L4
SHB_0268dd02819e6f42,0,4,0.0011753623839467764,L1
SHB_b9b8a0afe0b97b16,0,3,0.0040651652961969376,L1
SHB_cf4f6275eda6da91,0,2,0.00047880952479317784,L1
SHB_e800171586a5c4e0,0,2,0.030199481174349785,L3
SHB_7055e13ec008664c,0,5,0.02030150778591633,L3
SHB_46939b897ed1882c,0,2,0.016431422904133797,L2
SHB_699789c10c5740d1,1,1,0.044548556208610535,L4
SHB_03add6474898c859,0,4,0.10638990998268127,L5
SHB_890eb2d031619c93,0,3,0.0008516515954397619,L1
SHB_4386009fe2ff9d3b,0,4,0.003369661746546626,L1
SHB_b0743cb887cc88e8,0,2,0.0005415336927399039,L1
SHB_cde1b43c1cb74924,0,4,0.02202894166111946,L3
SHB_58094852fbfe54e3,0,2,0.003738363506272435,L1
SHB_863e51fa91bbee88,0,1,0.011683997698128223,L2
SHB_52d83fc0a05f7ca7,0,2,0.004008506890386343,L1
SHB_1f262664652f8f93,0,5,0.0003401224676053971,L1
SHB_3856597b62a18bd2,0,5,0.0016127749113366008,L1
SHB_95cbad13be2e6b51,0,4,0.03970830887556076,L4
SHB_ac2c748d9eefd7e9,0,3,0.002916226861998439,L1
SHB_226aa96342350b41,0,4,0.0007917510811239481,L1
SHB_743bcdba0a3f17f1,0,3,0.0023999447003006935,L1
SHB_38539e16c03e0a55,0,5,0.009858929552137852,L2
SHB_7fac527ece7bfb7d,0,2,0.07886669784784317,L4
SHB_a14fe39ec50b7244,0,1,0.07147739082574844,L4
SHB_23a43cd9cf4e2c11,0,1,0.0007509574061259627,L1
SHB_79ba71d6f0f11413,0,3,0.0059647513553500175,L1
SHB_c62db9ba74253086,0,1,0.0006569041288457811,L1
SHB_774fdcb90b92f56c,0,2,0.009758491069078445,L2
SHB_0a848c0eb1387e12,0,4,0.02990325354039669,L3
SHB_a20fc99884384be7,0,1,0.009855545125901699,L2
SHB_afda784140fbfa4f,0,2,0.008104950189590454,L2
SHB_f32cbb36d24e0d2b,0,3,0.04213697090744972,L4
SHB_f9ce6343a44126e0,0,4,0.0006511208484880626,L1
SHB_5acf9128ef0d270b,1,2,0.007661701180040836,L2
SHB_8ad77b88b18fb935,0,3,0.0003649186692200601,L1
SHB_a1decd25fcd63112,0,5,0.003149347146973014,L1
SHB_374d60e559bd8b9b,0,2,0.03025466576218605,L3
SHB_1e366be25e4ed12b,0,5,0.01825329102575779,L2
SHB_7d2fd6e1fd82dae9,0,5,0.0262127872556448,L3
SHB_b36bcbe3f2ef675c,0,2,0.005981937516480684,L1
SHB_8434f3d8fa1b3c9c,0,1,0.0003072576073464006,L1
SHB_f2849a71658dde55,0,3,0.0029172864742577076,L1
SHB_19e54658f99f799d,0,5,0.0018627855461090803,L1
SHB_efb285d541e396fe,0,1,0.01369511242955923,L2
SHB_a1715fb71173fe6e,0,3,0.019901614636182785,L3
SHB_4fcf5f8e25c83150,0,1,0.01031236257404089,L2
SHB_d2a6dd5dc31da301,0,1,0.24113155901432037,L5
SHB_5e82c87218fa1e5d,0,3,0.001016265363432467,L1
SHB_d656d8ba42df1aa1,0,5,0.006469282787293196,L1
SHB_ccdd7f58a3b2d6c2,0,4,0.03345869481563568,L3
SHB_38be5e4a0baf23c7,0,1,0.0007418709574267268,L1
SHB_4ed8910190f8e413,0,4,0.005153524689376354,L1
SHB_891802131140671c,0,2,0.0007105525583028793,L1
SHB_211a005710438af8,0,2,0.01124623604118824,L2
SHB_f798eab985c16adb,0,5,0.0010320196161046624,L1
SHB_f47969b083516488,0,1,0.004140167962759733,L1
SHB_325fc0abe4305702,0,1,0.0014671218814328313,L1
SHB_813a7b6937d2e294,0,5,0.0027703633531928062,L1
SHB_d624709effd71814,0,5,0.009278623387217522,L2
SHB_83686ca56c3c3397,0,2,0.0006815158994868398,L1
SHB_458f2465b3c44cd6,0,2,0.004550639074295759,L1
SHB_49926fd3c7d952cb,0,3,0.009520340710878372,L2
SHB_dc834544934f0ead,0,1,0.0037649290170520544,L1
SHB_9e0cdaffe646a57c,0,3,0.018299726769328117,L2
SHB_d6406e8a2e372f18,0,2,0.016477283090353012,L2
SHB_bdae18a8d04c246c,0,1,0.0019514441955834627,L1
SHB_aa04956fc1cc2674,0,3,0.0027683263178914785,L1
SHB_a296bc7db3323919,0,4,0.0024158142041414976,L1
SHB_0fa646bcaff32771,0,4,0.015494224615395069,L2
SHB_1dcd348de63c4667,0,1,0.004886395763605833,L1
SHB_a520d44393ff199f,0,2,0.010859157890081406,L2
SHB_888a5ae5210a7a83,0,3,0.0025721557904034853,L1
SHB_8b65d1df68cc7e0c,0,4,0.026236459612846375,L3
SHB_8c5c7e1f49be2044,0,2,0.007502211723476648,L2
SHB_1da5a79d02d44d5e,0,5,0.011024722829461098,L2
SHB_607236f5ff039e42,0,5,0.0014901075046509504,L1
SHB_7e76fd70dad16eed,0,1,0.00032241252483800054,L1
SHB_1c41bb395bb7f143,0,5,0.005784681532531977,L1
SHB_2d273568dd3aa649,0,1,0.002323409076780081,L1
SHB_4d1eb5e1be610845,0,5,0.0051107825711369514,L1
SHB_f3828a42e41c6f33,0,4,0.0004978437791578472,L1
SHB_1c4b768c0f5e71c1,0,4,0.0033711192663758993,L1
SHB_ff955bec484158f6,0,5,0.015638267621397972,L2
SHB_d7eade5bb4cb9d27,0,4,0.0010870881378650665,L1
SHB_678526656b0e4cb6,0,4,0.0003559569304343313,L1
SHB_27637db8d3ebb92f,0,5,0.0005449127056635916,L1
SHB_3592d20d7be07959,0,1,0.014369208365678787,L2
SHB_53c460761147dc17,0,1,0.009260354563593864,L2
SHB_30b2aa5066b07ddb,0,3,0.0032613056246191263,L1
SHB_dcd5f201a7ee9836,0,5,0.004645734094083309,L1
SHB_c3c963e85edf7f99,0,1,0.003140585497021675,L1
SHB_42c158c02ef7a258,0,2,0.00048356110346503556,L1
SHB_ae3710ea3f1ebdb0,0,2,0.0007960996590554714,L1
SHB_fab50a67390fe89f,0,2,0.00559327332302928,L1
SHB_78aeaae28df531dc,0,1,0.00692871306091547,L1
SHB_cc24b2280f15efe4,0,5,0.0009249393478967249,L1
SHB_3754d0c1a3baa051,0,5,0.012300624512135983,L2
SHB_3da8b07bf35eb008,0,2,0.0036000795662403107,L1
SHB_fc46553bc1c3d090,0,1,0.017682556062936783,L2
SHB_40acebb199d824f2,0,2,0.00032029428984969854,L1
SHB_62e89ad293b94118,0,1,0.050300728529691696,L4
SHB_923ec6912149495a,0,5,0.00042442939593456686,L1
SHB_c18eaf6f4c9a0606,0,1,0.03706112876534462,L3
SHB_14ea00fd588b0cff,0,1,0.002524246461689472,L1
SHB_80a33df54c93ca69,0,5,0.009383260272443295,L2
SHB_8125b89bfd866993,0,1,0.019933348521590233,L3
SHB_49896d85aa647d9e,0,1,0.0004954785690642893,L1
SHB_28ed4522e06c51ea,0,4,0.0014301750343292952,L1
SHB_7fe09b37c7804bf0,0,5,0.0013598429504781961,L1
SHB_56d38d1c461e88b7,0,2,0.09751825779676437,L5
SHB_837906e9625f8125,0,3,0.00011306897067697719,L1
SHB_0c9a7f672663dc74,0,5,0.006632807198911905,L1
SHB_6330067037b798da,0,5,0.0033520765136927366,L1
SHB_f037f4f047dbf234,0,2,0.0045917099341750145,L1
SHB_3af6abc53732f433,1,5,0.04856903851032257,L4
SHB_bdd4192079cba8e9,0,3,0.0043119704350829124,L1
SHB_01595f9fe58b57d3,0,5,0.011179860681295395,L2
SHB_c41b00b7876f9310,0,4,0.008537136018276215,L2
SHB_59caae9f0d4cb598,0,5,0.001051766681484878,L1
SHB_075d7a83a5b49d90,0,2,0.02173668146133423,L3
SHB_80902ecf77cf6816,0,4,0.0007681535207666457,L1
SHB_c2b648953bd5831b,0,5,0.006052657961845398,L1
SHB_819a640c3da28af4,0,2,0.21863222122192383,L5
SHB_7ba6a265f2f246ec,0,2,0.026044292375445366,L3
SHB_7ece91b260e7a192,0,1,0.0003709814918693155,L1
SHB_433d8833c79c1548,0,3,0.0015920677687972784,L1
SHB_a228ef1f70732a3c,0,2,0.043895550072193146,L4
SHB_4bc12755511ec9f6,0,3,0.019965656101703644,L3
SHB_5ce9e67728cd2e57,0,1,0.0005962762515991926,L1
SHB_3e17a1136771b309,0,5,0.006991036236286163,L1
SHB_753005aa3cb3c77b,0,5,0.03275327757000923,L3
SHB_40ea0947b4a19edd,0,2,0.0004914917517453432,L1
SHB_9340f1903d3798bf,0,5,0.0007976502529345453,L1
SHB_5fd06131f57f94e9,0,3,0.000429977138992399,L1
SHB_980317ba62574658,0,3,0.007170857395976782,L1
SHB_f84a5a5516fe043c,0,3,0.010550000704824924,L2
SHB_4d34c2fcff2841d5,0,3,0.0006267449934966862,L1
SHB_1a46c9c137d28a4a,0,3,0.000655629497487098,L1
SHB_61101b718b46c568,0,5,0.011161599308252335,L2
SHB_a2ca9ea5d3810f5b,0,4,0.005861061159521341,L1
SHB_3d8d06e27828b496,0,4,0.0008984978194348514,L1
SHB_e223538054d385ea,0,3,0.011408019810914993,L2
SHB_b1f0049148514483,0,4,0.0008769567357376218,L1
SHB_c4f4303d4e72dcba,0,2,0.0008250460377894342,L1
SHB_65bff81453aa2398,0,4,0.0014127237955108285,L1
SHB_4cbeed93dffbe11d,0,2,0.027977120131254196,L3
SHB_7720e8661423333d,0,2,0.0019650007598102093,L1
SHB_9b8a1ff00460d08a,0,5,0.012027629651129246,L2
SHB_c449974eb9503099,0,3,0.00045290932757779956,L1
SHB_902f0ad42c93914f,0,3,0.008048602379858494,L2
SHB_86d7a37e1c4d44fb,0,4,0.02375166304409504,L3
SHB_af1c231dd8e0206e,0,3,0.002853262471035123,L1
SHB_10baaaa0c27e58b4,0,3,0.0077708084136247635,L2
SHB_f9ec257cf41884b6,0,3,0.001586227212101221,L1
SHB_0ee8ee69eb024579,0,5,0.00631472934037447,L1
SHB_702f96cd31bbfcf8,0,4,0.02220623381435871,L3
SHB_a62269e74ac712cd,0,1,0.004833993501961231,L1
SHB_039cfc1f0e52d0df,0,1,0.02005663700401783,L3
SHB_b5f8cba1a3f3e9f4,0,3,0.006573846098035574,L1
SHB_0874d0dc88a72812,0,3,0.024385102093219757,L3
SHB_6295624d60d6c7c4,0,5,0.019210033118724823,L3
SHB_5d8a589099da354e,0,5,0.008744928985834122,L2
SHB_7849482b540fb215,0,3,0.0001129385782405734,L1
SHB_ffdf7f1559ece6c8,0,5,0.014164160937070847,L2
SHB_1c5698d09b4c4daa,0,1,0.009677456691861153,L2
SHB_307346fdad40eb92,0,2,0.0028331519570201635,L1
SHB_274c1410a3a36348,0,2,0.0021126149222254753,L1
SHB_5105452e2f9148b9,0,5,0.0022523540537804365,L1
SHB_15f021caee24d332,0,2,0.0213692057877779,L3
SHB_89c79e12defe96ab,0,4,0.004027233924716711,L1
SHB_b0437e2b621411b7,0,5,0.009920618496835232,L2
SHB_222f04bc697ea387,0,5,0.005579470191150904,L1
SHB_7039123819cfa013,0,3,0.01570197008550167,L2
SHB_411d5a44a8f9be7b,0,4,0.006413749884814024,L1
SHB_38436da5c4f84aa3,0,5,0.016195068135857582,L2
SHB_43d92fcb4fbdf71d,0,2,0.012051679193973541,L2
SHB_21359dbfa9bdef93,0,1,0.003607704071328044,L1
SHB_12f8552c69de48e4,0,3,0.03509889915585518,L3
SHB_2ba79db6cd21fe2f,0,2,0.004532618913799524,L1
SHB_ed4e2ce091028075,0,5,0.026056678965687752,L3
SHB_fb2fa59014b35745,0,5,0.004694491624832153,L1
SHB_bf4fb729ad79533b,0,2,0.02208184078335762,L3
SHB_8d36f3dcaee95aab,0,3,0.0014875230845063925,L1
SHB_f41cb0555b0b2373,0,2,0.004774395376443863,L1
SHB_8a0d8d3bbfc99ed0,0,3,0.010366816073656082,L2
SHB_f8c291350a03c9f9,0,4,0.016437403857707977,L2
SHB_7dd7cb2513c9faf7,0,1,0.07064379006624222,L4
SHB_98dae74d1f63c848,0,4,0.00965614803135395,L2
SHB_289986515141b364,0,2,0.2703453302383423,L5
SHB_c5bc217dd50318b1,0,4,0.047644324600696564,L4
SHB_68b8e327432a2975,0,1,0.0003817676624748856,L1
SHB_bb97b9b4c9a962db,0,3,0.00022621835523750633,L1
SHB_b2ca4df4e2bf00c3,0,1,0.0017221170710399747,L1
SHB_ea79bc62ccdc7073,0,4,0.022762056440114975,L3
SHB_63cb8dfe6bfbfb95,1,5,0.022189317271113396,L3
SHB_613a42b59753db15,0,2,0.013632179237902164,L2
SHB_ca54a681e089ddfc,0,4,0.021778052672743797,L3
SHB_bd4c34577c5c6fdb,0,1,0.08686551451683044,L5
SHB_2f6b9e5e2a1d8d3c,0,5,0.0007933843298815191,L1
SHB_6845f26395ea15f7,0,1,0.03128033131361008,L3
SHB_dd3a7470153fb24e,0,1,0.015018690377473831,L2
SHB_7b98d20c9a673ee8,0,3,0.01828049309551716,L2
SHB_fbf8f016db4a90e6,0,3,0.00023225329641718417,L1
SHB_f3df0210cdf4d1bc,0,3,0.005856883712112904,L1
SHB_12999462f7ef998e,0,3,0.0034371220972388983,L1
SHB_59a9706d985764a9,0,1,0.014078239910304546,L2
SHB_c8b3e19e7a03af27,0,2,0.0022632579784840345,L1
SHB_0e1e405dd4b70e8f,0,4,0.00047517052735202014,L1
SHB_2571e79f5bf0ac79,0,3,0.025831270962953568,L3
SHB_6c08011896c9b939,0,1,0.0017519838875159621,L1
SHB_ae4584c893e0e89a,0,2,0.004821482580155134,L1
SHB_79e2c0bc0afe2dd4,0,2,0.0029166124295443296,L1
SHB_40965fbe8f5b805e,0,3,0.00025012140395119786,L1
SHB_e169f3167c768f3b,0,2,0.022786114364862442,L3
SHB_ca02e70a4f87255a,0,3,0.035181351006031036,L3
SHB_750bee4e84ef0c9e,0,5,0.018477894365787506,L2
SHB_67e7640a4acc181e,0,2,0.01981637068092823,L3
SHB_340208e927c919dc,0,2,0.03733475133776665,L4
SHB_145191e980031bcb,0,5,0.0012459014542400837,L1
SHB_802b6e2c728e218a,0,1,0.0003019612340722233,L1
SHB_4a2b2b8df83e709f,0,2,0.000356627773726359,L1
SHB_42df6a5de2078937,0,1,0.06703689694404602,L4
SHB_918496b0d56cb5a6,0,2,0.08534739166498184,L5
SHB_dcc735510fac173c,0,1,0.01808941178023815,L2
SHB_6f01ea5963b0f6b6,0,1,0.007205990143120289,L1
SHB_8d0337360eafcf69,0,5,0.010886593721807003,L2
SHB_eda0d2a8e09a9d11,0,4,0.018248043954372406,L2
SHB_8a531bdecf1f21c6,0,4,0.007822029292583466,L2
SHB_b950402c5ec666de,0,5,0.02333313226699829,L3
SHB_2567ac3ace5128b0,0,3,0.003967970609664917,L1
SHB_09b80e19a5b83cfe,0,4,0.002382115926593542,L1
SHB_0c8ae9c467a563f0,0,1,0.0008659331360831857,L1
SHB_999a6d7fca76f2d4,0,1,0.005366924684494734,L1
SHB_1f432edcb3442de2,0,3,0.0003756000369321555,L1
SHB_8c8bc61af1b50b92,0,5,0.0007386234938167036,L1
SHB_17176d436f7569ed,0,2,0.0008356176549568772,L1
SHB_164ed05db0fa8d98,0,1,0.006734997965395451,L1
SHB_d997a172d5e8cd4f,1,1,0.0221348088234663,L3
SHB_ad45fd4e28f7e0a5,0,1,0.003174776677042246,L1
SHB_76b71b0f77cb9e5c,0,4,0.004774410743266344,L1
SHB_304f65dd7ccab5b7,0,5,0.0032872736919671297,L1
SHB_79bbdd1afe112ade,0,1,0.03477334976196289,L3
SHB_149830e32580196a,0,2,0.012293783947825432,L2
SHB_e672567b949cf63b,0,2,0.0005623882170766592,L1
SHB_bd355d918ab9a644,0,1,0.018829816952347755,L3
SHB_badd3be4565a1a58,0,2,0.000976250390522182,L1
SHB_49d9b3830a3fc8da,0,5,0.016454989090561867,L2
SHB_7bbf7f20356f2b8f,0,5,0.009935133159160614,L2
SHB_cc59a79af9257337,0,1,0.006303008645772934,L1
SHB_2726c9d83271f0fc,0,1,0.02845264971256256,L3
SHB_b3a4ac68cccc5a73,0,1,0.013412314467132092,L2
SHB_fac6869472176f58,0,3,0.0016489020781591535,L1
SHB_511250075fbad570,0,3,0.03947823494672775,L4
SHB_91da653cb91a4048,0,5,0.00871171336621046,L2
SHB_66ae5916c6bff8b6,0,4,0.052386168390512466,L4
SHB_1fb777e5c7bf1aa8,0,1,0.006153280846774578,L1
SHB_20ddea310c5ca2ae,0,1,0.03435938432812691,L3
SHB_b27be5323684df47,0,2,0.023463115096092224,L3
SHB_ca55281bcd4a61f9,0,4,0.05548190698027611,L4
SHB_c944c4b6cc38b7cd,0,5,0.022163379937410355,L3
SHB_6e8c1318276163fa,1,5,0.021311044692993164,L3
SHB_a996d2ddebf32435,0,3,0.004233012441545725,L1
SHB_5ec475140fe383fd,0,3,0.006927525158971548,L1
SHB_234cd21426c1eb94,0,4,0.0006757475202903152,L1
SHB_2a7f417b97bc8094,0,1,0.0007312207599170506,L1
SHB_2cc30c94474b1a18,0,2,0.0006523462943732738,L1
SHB_c8de299009f5c4a4,0,5,0.003783871652558446,L1
SHB_e7a5772a31b9cdca,0,1,0.0008362827356904745,L1
SHB_fabf8042ffc63fe2,0,1,0.0003728910814970732,L1
SHB_ca0ced2c473611fa,0,3,0.018955854699015617,L3
SHB_315f2aa142a90cae,0,2,0.005016790237277746,L1
SHB_22cffa8b21521df2,0,3,0.001491995994001627,L1
SHB_b6d77eccd89e47ad,0,2,0.0007778535946272314,L1
SHB_23b38c9e2411ace3,0,1,0.06313371658325195,L4
SHB_c289f45a32c84d67,0,1,0.0008657483267597854,L1
SHB_4dea91b25188ca4b,0,3,0.0016875610454007983,L1
SHB_5e5f56f0c8c673c4,0,1,0.0005246128421276808,L1
SHB_261fefbcdab02844,0,5,0.00190418167039752,L1
SHB_c4df3c6c78354720,0,1,0.008822713978588581,L2
SHB_930b3cc2bba19cd2,0,5,0.0045006354339420795,L1
SHB_ab4aee5ca138dc3d,0,5,0.03446934372186661,L3
SHB_7ad25fc2d6b44523,0,1,0.005327063612639904,L1
SHB_2fe5673c2e57181a,0,4,0.002055069198831916,L1
SHB_405275e2ee49850b,0,1,0.002742848126217723,L1
SHB_8c35c0a79472123e,0,2,0.08269830048084259,L5
SHB_1869899ed52050da,0,3,0.005816861987113953,L1
SHB_a5c815c0db5637e3,0,3,0.00017753391875885427,L1
SHB_325070d455c58019,0,4,0.010438419878482819,L2
SHB_e47ef83bc0e45405,0,1,0.0029221379663795233,L1
SHB_4cbed0d86dd18c3e,0,1,0.00848535168915987,L2
SHB_1989b20846905e11,0,4,0.033485058695077896,L3
SHB_28626179b64376ed,0,1,0.006126017309725285,L1
SHB_bc779e7c1b9b9233,0,3,0.007464094087481499,L2
SHB_e0e76250a16e728f,0,5,0.03548385947942734,L3
SHB_3b668c7093e9a305,0,5,0.008043678477406502,L2
SHB_273fece39db74b43,0,2,0.00022083196381572634,L1
SHB_3b75cb4c5fd40145,0,4,0.002016955055296421,L1
SHB_ff603cda4239fa85,0,5,0.018777746707201004,L2
SHB_5afc4468621fe50d,0,5,0.01373757142573595,L2
SHB_950c7ae37232e812,0,5,0.29130682349205017,L5
SHB_822f74a08028921c,0,2,0.0013600457459688187,L1
SHB_ce618268694aa5be,0,5,0.038330428302288055,L4
SHB_34b6eebf34f19b0a,0,2,0.0004760466981679201,L1
SHB_776e3230c951a92a,0,2,0.027086732909083366,L3
SHB_05920dd06387d7de,1,5,0.004393462557345629,L1
SHB_8ede63e490361749,0,3,0.00025538550107739866,L1
SHB_82cd2158f45dfcfe,0,2,0.07395265996456146,L4
SHB_3adf1647a0aeaf6c,0,4,0.00044014008017256856,L1
SHB_5ae7aa0ec4a4aad8,0,5,0.002669556997716427,L1
SHB_fdc6df8b3b8381d1,0,2,0.0006081043393351138,L1
SHB_cf0a9445488e305c,0,4,0.00764263654127717,L2
SHB_a984aee34990c6a7,0,5,0.013572882860898972,L2
SHB_09badf83c2fdff96,0,1,0.02271869406104088,L3
SHB_6281f26b661db6b4,0,5,0.0009024483151733875,L1
SHB_6044ddd649ea06be,0,5,0.0034565359819680452,L1
SHB_0518936d1abef6d4,0,4,0.0016572159947827458,L1
SHB_3fe5420107ca03f3,0,4,0.009609656408429146,L2
SHB_eb9ab4639e2dd571,0,3,0.06894177198410034,L4
SHB_25f10ddc2bcab7ce,0,1,0.002834930783137679,L1
SHB_ab21c9e05c89f2e8,0,4,0.006778095383197069,L1
SHB_19b4a7d03a4d9a13,0,1,0.0006131819682195783,L1
SHB_a3b8dd6610c0fb2d,0,4,0.0009377545793540776,L1
SHB_129ecb7bd1458540,0,4,0.010219616815447807,L2
SHB_511b9dab62107dd5,0,3,0.010865875519812107,L2
SHB_c9bb91700c59efb6,0,4,0.020051918923854828,L3
SHB_f84cf55429440a09,0,2,0.0443471260368824,L4
SHB_2d0178b3b4eb43d7,0,5,0.012968634255230427,L2
SHB_459920b63971f3b8,0,2,0.0007124507101252675,L1
SHB_393bfb447551dbbf,0,2,0.013425557874143124,L2
SHB_1b5ab5107e5858c6,0,2,0.01900372840464115,L3
SHB_02ead8faf47d9066,0,2,0.0025511491112411022,L1
SHB_cb3f488f1e010a9d,0,5,0.02499508485198021,L3
SHB_60029bbcbb100113,0,5,0.0008679938619025052,L1
SHB_626d80ab51662160,0,1,0.002584772417321801,L1
SHB_c04c7ff2d1b87604,0,1,0.006994820665568113,L1
SHB_614e006e840075e0,0,5,0.014505679719150066,L2
SHB_60c5b03451ea637d,0,5,0.0010190405882894993,L1
SHB_54d114e23760f9cd,0,5,0.0030143389012664557,L1
SHB_129f900891f0f294,0,2,0.004746690858155489,L1
SHB_a9267735a8c036e1,0,4,0.014115835539996624,L2
SHB_5ec2df049811c87e,0,5,0.0009104919154196978,L1
SHB_dac4386013cb66d9,0,5,0.011105609126389027,L2
SHB_2a02fc5c559c7413,0,3,0.0007213527569547296,L1
SHB_e6bbe18435de2817,0,1,0.0003424329624976963,L1
SHB_8e1bb5d5e877438e,0,1,0.0008193295216187835,L1
SHB_fe18ab2394ca852e,0,2,0.007163395639508963,L1
SHB_b94a606b3acb6a9d,0,1,0.012645579874515533,L2
SHB_497476266675bbc4,0,3,0.003023091470822692,L1
SHB_426839bb7c7da861,0,4,0.010787864215672016,L2
SHB_3a1263ccf3706bc5,0,1,0.027009984478354454,L3
SHB_7a07ea3ca29b09a0,0,1,0.013611920177936554,L2
SHB_17b3a2801fc9e33e,0,2,0.010345840826630592,L2
SHB_ecfa9a562650173f,0,2,0.0016605256823822856,L1
SHB_8953d89d9b8330ef,0,5,0.002413685666397214,L1
SHB_10a56aa731f4fbbf,0,4,0.028580019250512123,L3
SHB_a91e4e68ec3e78b0,0,5,0.013846051879227161,L2
SHB_c4aa8942c1a9d5e7,0,4,0.0009835762903094292,L1
SHB_f2f755bb88ea31b0,0,5,0.008803658187389374,L2
SHB_df34ef8d75717c94,0,1,0.012084579095244408,L2
SHB_4e8da887754228bf,0,3,0.0003005670732818544,L1
SHB_c8ac7259f09ca59e,0,2,0.011317483149468899,L2
SHB_47ef1ccef0e4bfe6,0,3,0.0033507850021123886,L1
SHB_07642f95bed01232,0,4,0.0034991910215467215,L1
SHB_3fdf3d90e9ace5a1,0,5,0.008283721283078194,L2
SHB_9b393cfc26a23438,0,2,0.0018926870543509722,L1
SHB_93a9c107eb4721fb,0,3,0.03744175657629967,L4
SHB_6fb9a45317481079,0,1,0.017350004985928535,L2
SHB_6fa9807515fc0322,0,2,0.00900813564658165,L2
SHB_981d7e03aa1d1059,0,2,0.000370843248674646,L1
SHB_df00762a0d6c2f8c,0,4,0.02337808720767498,L3
SHB_4b7b65e23c29f815,0,5,0.0013703710865229368,L1
SHB_b249c20dc565410b,0,1,0.00049776048399508,L1
SHB_e4c42b65366e8d89,0,5,0.016194147989153862,L2
SHB_590204cae8b04f27,0,1,0.009853452444076538,L2
SHB_39e3cd69f07cc711,0,3,0.05706358328461647,L4
SHB_e8f25d9dfc8a4b72,0,3,0.001586419646628201,L1
SHB_db073d3b213bcb6b,0,3,0.04973549395799637,L4
SHB_a27cd63bd2bb2672,0,1,0.013260135427117348,L2
SHB_8a9aa3dbbb012d7a,0,5,0.012108259834349155,L2
SHB_77a16435cd1d6b29,0,3,0.026719214394688606,L3
SHB_0a98e2ff0d894ab5,0,1,0.026755688712000847,L3
SHB_0b55bfac74d4ff30,0,4,0.0026674186810851097,L1
SHB_350717c676697403,0,3,0.00022714601072948426,L1
SHB_d1be10ff7f661b6b,0,4,0.03748773783445358,L4
SHB_503847aa69a69ed5,0,4,0.007837191224098206,L2
SHB_e7c4aad4bc1b0010,0,4,0.0011400730581954122,L1
SHB_4a929788315b7863,0,1,0.015332651324570179,L2
SHB_c45184264d7e700c,0,4,0.00028879387537017465,L1
SHB_43c229f8eeec1f3c,0,3,0.0008504331926815212,L1
SHB_05babd330d0e64b7,0,1,0.019389761611819267,L3
SHB_47f80848a929f356,0,1,0.015077549032866955,L2
SHB_1f067fb3d2bb9a5b,0,4,0.0012182751670479774,L1
SHB_f0d38cea35a444a2,0,3,0.12632234394550323,L5
SHB_7449209319d4c625,0,4,0.0024404481519013643,L1
SHB_7a3d8c0d1a2979f6,0,3,0.00590477604418993,L1
SHB_fb0b9d7ed023b846,0,2,0.07843982428312302,L4
SHB_93870898a92d9396,0,2,0.014889036305248737,L2
SHB_64f683dce4e2657d,0,4,0.0006041013984940946,L1
SHB_8d40ebc5d563a25c,0,2,0.020700423046946526,L3
SHB_3da80a1685aac7f7,0,4,0.04119294509291649,L4
SHB_e7ba61faf03a8b6a,0,4,0.0005441663088276982,L1
SHB_db0132d14c5bcbfe,0,4,0.0035735878627747297,L1
SHB_07c0477ad0a3ae72,0,2,0.0023280095774680376,L1
SHB_ae5d768fa627720c,0,2,0.06152141094207764,L4
SHB_b762936fc2d311a5,0,2,0.0008180314325727522,L1
SHB_90427c03a1fe4d08,0,4,0.002491897903382778,L1
SHB_5fa65477792ca15d,0,5,0.0014969633193686604,L1
SHB_73f1a28cc6e0c6f6,0,4,0.0006686258711852133,L1
SHB_4e92ff1e0887293d,0,1,0.009539645165205002,L2
SHB_a40753c9ecf94ad4,0,1,0.004385395906865597,L1
SHB_efde1d6277829bfc,0,2,0.0039547462947666645,L1
SHB_7ff471ad618d385d,0,2,0.00133510772138834,L1
SHB_2d6c6516efbd8096,0,1,0.0027400152757763863,L1
SHB_edb10068e3860267,0,4,0.0009212804725393653,L1
SHB_8f8c3af2cab30b53,0,2,0.11160296946763992,L5
SHB_dd684bdbd353096f,0,1,0.0006056978018023074,L1
SHB_2760d301fdc66139,0,5,0.012011842802166939,L2
SHB_1facd32bb7e75e4a,0,2,0.0007310618530027568,L1
SHB_dfc71ad28bc9a16d,0,1,0.00040866094059310853,L1
SHB_74545f96b921618e,0,2,0.006743213627487421,L1
SHB_c97bc81bcde38bfe,0,5,0.0024187774397432804,L1
SHB_16c36fd996a91e24,0,1,0.007374916225671768,L1
SHB_9fd634dee37796ad,0,5,0.0006106153014115989,L1
SHB_8ec615949ef40f63,0,4,0.005134695675224066,L1
SHB_644c449988e717ce,0,3,0.010907270014286041,L2
SHB_bb90b6978259d0db,0,2,0.0035680807195603848,L1
SHB_721f6fdf894644a0,0,3,0.00042720852070488036,L1
SHB_1364c377eaadf5b6,0,2,0.012044118717312813,L2
SHB_01529c52c968cda3,0,1,0.0021675662137567997,L1
SHB_93e32bde19b1b6c7,0,5,0.0033105090260505676,L1
SHB_e2e75c0e5fc89c62,0,2,0.018299710005521774,L2
SHB_dfc8995cd4e5414c,0,2,0.017803005874156952,L2
SHB_07404dafaf7cd6a0,0,5,0.0014049782184883952,L1
SHB_9b84ae2e5171e2f1,0,4,0.0007076922338455915,L1
SHB_945845cf2f506ce0,0,3,0.0015054030809551477,L1
SHB_09bf1956a4a02ed4,0,1,0.002301380969583988,L1
SHB_0eae21064fcb9bf9,0,1,0.009272953495383263,L2
SHB_abf4c90438de6219,0,3,0.013875283300876617,L2
SHB_faa80b90b3466c43,0,4,0.0009559422614984214,L1
SHB_4f6c8e802c4283da,0,2,0.0004079021455254406,L1
SHB_4cf90c97c0b0e7f4,0,5,0.007331601809710264,L1
SHB_7994b6b2e496c21f,0,3,0.06278736889362335,L4
SHB_015b0be13ec1381d,0,4,0.004677718039602041,L1
SHB_f245465f0803af89,0,4,0.0013312769588083029,L1
SHB_cb9722902773d7e6,0,3,0.00027226205565966666,L1
SHB_0d8b5d0a5592ad03,0,1,0.009600666351616383,L2
SHB_ce78aff788ecda24,0,5,0.011853237636387348,L2
SHB_6e035f12aadb5f75,0,5,0.0021517639979720116,L1
SHB_92dc7e586eebec9d,0,2,0.032578665763139725,L3
SHB_2f351ae234ad9351,0,2,0.011588194407522678,L2
SHB_afbe342dc995d98d,0,5,0.13477325439453125,L5
SHB_d620f30776f62b13,0,5,0.0028620834928005934,L1
SHB_be63fb44d7c817e5,0,3,0.0016892320709303021,L1
SHB_44b0e56fa29ac99b,0,5,0.0033452364150434732,L1
SHB_0f65939b0162fe71,0,3,0.03290759027004242,L3
SHB_e1c42cc8c33a9fcf,0,3,0.0030122832395136356,L1
SHB_63efd3ea4b59b770,0,4,0.006913478951901197,L1
SHB_0737faef19508a9e,0,2,0.00042019790271297097,L1
SHB_1cc551c59fb40925,0,2,0.014852766878902912,L2
SHB_955a2fc10ce33520,0,1,0.0035114248748868704,L1
SHB_be3fa8e47764c68e,0,4,0.011694597080349922,L2
SHB_3bb4de1b89fb205b,0,2,0.026237640529870987,L3
SHB_d58ce8ac128c346a,0,1,0.007693873718380928,L2
SHB_8a000c952e84125b,0,3,0.002906296867877245,L1
SHB_61bba45f76bd284b,0,1,0.031278107315301895,L3
SHB_59247b0d8efcae57,0,5,0.0011966662714257836,L1
SHB_0c06ae8f2ba2285f,0,5,0.0048274509608745575,L1
SHB_c2a91608154ec05d,0,2,0.027003305032849312,L3
SHB_148d6abb09a8ebe2,0,4,0.01008940115571022,L2
SHB_4a0593906af438bd,0,4,0.00207849545404315,L1
SHB_57f833444b77156d,0,1,0.003888650331646204,L1
SHB_48379ff8a1c1382d,0,4,0.0010950388386845589,L1
SHB_49734f5c17523376,0,1,0.0007701985305175185,L1
SHB_ededa707328cb0ee,0,4,0.005485191475600004,L1
SHB_625f82861f01e95b,0,3,0.02353893406689167,L3
SHB_980501063b35c24f,0,1,0.04686448723077774,L4
SHB_24bb83c9790d51ce,0,5,0.004033646080642939,L1
SHB_77d5ac8a73eb293d,0,1,0.0036715948954224586,L1
SHB_d6541137004610d6,0,1,0.0020009437575936317,L1
SHB_5589cf71a1876bc7,0,5,0.031259264796972275,L3
SHB_9789cf3b6175fce4,0,2,0.0011316253803670406,L1
SHB_b7a4977379995862,0,4,0.012036353349685669,L2
SHB_bf32d89c7a08d01c,0,5,0.009797162376344204,L2
SHB_ae2d8583ffaad047,0,3,0.016742167994379997,L2
SHB_af5c4f915ebb0566,0,3,0.00539950467646122,L1
SHB_c6f2fd51f55d1b8f,0,5,0.0007637303206138313,L1
SHB_6aefcd5992f2d899,0,5,0.004479955416172743,L1
SHB_1e92fe8b61076d67,0,3,0.00025284712319262326,L1
SHB_100574315d7ccdcf,0,4,0.0005207745707593858,L1
SHB_7a08013aaf8ab721,0,3,0.0001332850952167064,L1
SHB_6e8be21880f7915f,0,2,0.010809818282723427,L2
SHB_2ba353969d6a3fb5,0,4,0.005875763017684221,L1
SHB_8a99a3199cb8418d,0,3,0.0022234513889998198,L1
SHB_75a894fd7eebfead,0,4,0.002912290394306183,L1
SHB_a270c3399141d268,0,2,0.00912022776901722,L2
SHB_76e507a7c1a82c2d,0,5,0.0005432259640656412,L1
SHB_6572610ea445390b,0,1,0.0014377833576872945,L1
SHB_cc7035d83f9c4f83,0,5,0.02281537465751171,L3
SHB_1c83e13a2c92eb21,0,3,0.026889706030488014,L3
SHB_34bc133b87231419,0,3,0.048722267150878906,L4
SHB_ff56a8614a112fb8,0,5,0.005316638853400946,L1
SHB_fd815e487383e286,0,5,0.003996994812041521,L1
SHB_3d6ba56f47208bf5,0,2,0.0031944396905601025,L1
SHB_a58e9a54085e694d,0,1,0.0016721489373594522,L1
SHB_0c375e6b9a15a990,0,3,0.015618558041751385,L2
SHB_7e39493291bf7fb7,0,2,0.012686015106737614,L2
SHB_a5a1067968b1374e,0,1,0.06569982320070267,L4
SHB_1b155e79aed15726,0,4,0.053520865738391876,L4
SHB_03c79b85313f86c5,0,2,0.0016347747296094894,L1
SHB_a8614a7ea9383aa5,0,2,0.005812054965645075,L1
SHB_2aaef6cf0d01a1f6,0,4,0.0032972549088299274,L1
SHB_3cacf5eb89b83297,0,5,0.015911797061562538,L2
SHB_b70c98b636495c76,0,1,0.08468201756477356,L5
SHB_10f1cdaf7f2beca8,1,3,0.012701857835054398,L2
SHB_58f30b04b2a22698,0,5,0.0035072611644864082,L1
SHB_c80c59a8aa56d89b,0,1,0.004154815338551998,L1
SHB_34ee4bab5bef6d45,0,5,0.01527569629251957,L2
SHB_133b3b3adb2395ac,0,5,0.0007009522523730993,L1
SHB_97dae26958a759df,0,3,0.06686104089021683,L4
SHB_16ee0bdf95c5715d,0,1,0.005278301425278187,L1
SHB_790c2e2e9d6b7d77,0,5,0.007372923661023378,L1
SHB_0f24d2d35c58c7c6,0,4,0.0036473243962973356,L1
SHB_439894ef6c670f81,0,2,0.01813056319952011,L2
SHB_16030a5a8c5c8e89,0,3,0.013011589646339417,L2
SHB_d1bcd9898e7469e7,0,4,0.0010344628244638443,L1
SHB_a108c5b9b41f957a,0,2,0.08481597900390625,L5
SHB_31dd32bd847ce529,0,3,0.07097063213586807,L4
SHB_e1985f05642b1bd9,0,4,0.03178485482931137,L3
SHB_cbb92ed6f6e241a2,0,1,0.0016918546753004193,L1
SHB_02ce52b19ccd1893,0,3,0.00147830112837255,L1
SHB_204e0592901c5613,0,2,0.0003681792877614498,L1
SHB_ab37614c30b86682,0,3,0.18380717933177948,L5
SHB_9c04e49eb1eb16c4,0,3,0.007730620913207531,L2
SHB_bb6aa1fb8ca4f964,0,1,0.0025783178862184286,L1
SHB_7abb66a7ff2c8ed1,0,1,0.0009120787144638598,L1
SHB_add45c95d0889556,0,5,0.0006631330470554531,L1
SHB_119e86dcd6980d34,0,4,0.05298241972923279,L4
SHB_8c1fd903892a5ddf,0,3,0.08921372145414352,L5
SHB_904fa6df101046bc,0,4,0.07875604182481766,L4
SHB_84548d5815702e79,0,4,0.002261265879496932,L1
SHB_0a85ec6d00b11f1e,0,4,0.0025203642435371876,L1
SHB_82b573e0cb0de7f4,0,1,0.002281003165990114,L1
SHB_bb095a74ba728f04,0,1,0.0012102321488782763,L1
SHB_08e8caa70642ff8a,0,3,0.022197000682353973,L3
SHB_e7b895d4c9e99533,0,3,0.0005253837443888187,L1
SHB_9a3a9829be7be684,0,2,0.010146275162696838,L2
SHB_10ca8a4f538e7474,0,1,0.006218298338353634,L1
SHB_6d77be9304984134,0,2,0.010938575491309166,L2
SHB_49058f6ab8e7e6c7,0,1,0.03744857758283615,L4
SHB_4e36ac16cd79dbaa,0,1,0.004652086179703474,L1
SHB_3d2a3be0da4e81fe,0,4,0.0020571229979395866,L1
SHB_af2c8c4bdd349791,0,3,0.0853535458445549,L5
SHB_e48fc8209212243f,0,3,0.0372321642935276,L4
SHB_244cea4f0b9cce5c,0,1,0.0013137214118614793,L1
SHB_22a3bdd933c05e1f,0,2,0.004391054157167673,L1
SHB_c53535b175bb7c7c,0,2,0.0005337841575965285,L1
SHB_ed0ba40695de39a1,0,5,0.0028179327491670847,L1
SHB_0ca6f4a56ac88b36,0,4,0.016997383907437325,L2
SHB_cd4553b285793d47,0,1,0.033974118530750275,L3
SHB_768c7e219e5c652d,0,1,0.10210920870304108,L5
SHB_39f1a5ccd6ea98c7,0,1,0.0012393355136737227,L1
SHB_57e3dc0daaa685fe,0,5,0.010691679082810879,L2
SHB_68a3e06032c61a6c,0,5,0.006846630480140448,L1
SHB_64571cc8213c6fb5,0,5,0.010281491093337536,L2
SHB_e9523f8d34d1583a,0,1,0.0004936541663482785,L1
SHB_0fe51a7c2fdc2f87,0,1,0.007589884102344513,L2
SHB_7dacd53c0ce5e8e0,0,3,0.01824014075100422,L2
SHB_423c56a970ef74f1,0,1,0.008452937006950378,L2
SHB_64fa9d5739de9bb7,0,2,0.014927671290934086,L2
SHB_e2c8aec9b26b7315,0,3,0.018815521150827408,L3
SHB_d85e811809771669,0,3,0.037804700434207916,L4
SHB_939cfef4cc0c8104,1,4,0.0014998320257291198,L1
SHB_df0c22d68ead4cbb,0,5,0.00040844769682735205,L1
SHB_c74a2f16735d59cb,0,5,0.009820119477808475,L2
SHB_4570a24dd2843bf6,0,4,0.001245234627276659,L1
SHB_73e1119f84a36f6d,0,1,0.0011835148325189948,L1
SHB_33868dcb7d6e6cfe,0,4,0.00023755666916258633,L1
SHB_3447f336d0565af6,0,5,0.004980005789548159,L1
SHB_8adc2b65ab5a9ced,0,2,0.0005627640639431775,L1
SHB_0bf60e8d69db8144,0,2,0.02405688166618347,L3
SHB_fda96ee5d16cea57,0,4,0.011973908171057701,L2
SHB_a96e97626689b383,0,1,0.024227390065789223,L3
SHB_896836388ebb6fe4,0,3,0.04147609695792198,L4
SHB_8b59c055199d27fc,0,1,0.01383768767118454,L2
SHB_8799972a3529a149,0,3,0.014648630283772945,L2
SHB_c9b1a3adeabfbea5,0,3,0.0007164044072851539,L1
SHB_d4a8e759be055f01,0,2,0.015424227342009544,L2
SHB_622dea1093833c5f,0,2,0.004757987800985575,L1
SHB_e6c150dcc4abd0c0,0,4,0.0005571162328124046,L1
SHB_7754988f26522c2f,0,1,0.033656321465969086,L3
SHB_b317718cfe8bbfef,0,4,0.0011613258393481374,L1
SHB_d13baa6e5c9c09f7,0,1,0.003785576205700636,L1
SHB_1a5b9b454b6b6b5d,0,2,0.0014259380986914039,L1
SHB_4833757603e869d7,0,5,0.024239612743258476,L3
SHB_26af7bf187dfa8c7,0,1,0.00027402874547988176,L1
SHB_243a8ca4d2714970,0,5,0.0015399716794490814,L1
SHB_ea40683ca4063c3b,0,4,0.012696579098701477,L2
SHB_5a0f7d5ee73a7525,0,1,0.01804819144308567,L2
SHB_d17c000ec1357983,0,2,0.0006125645013526082,L1
SHB_d02a6b4fedd8bcb2,0,5,0.032601721584796906,L3
SHB_fa7be817917a138d,0,4,0.0037822239100933075,L1
SHB_a9b5b7e76582b6f1,0,4,0.013156246393918991,L2
SHB_a8c639c8fb5af1c8,0,3,0.009607269428670406,L2
SHB_d83431fb98844627,0,5,0.043198756873607635,L4
SHB_afc14ebfeab622fc,0,5,0.0012022961163893342,L1
SHB_e406930d8efd76fe,1,1,0.012851080857217312,L2
SHB_8d45852a5a3e5107,0,1,0.004646466113626957,L1
SHB_50f150f6bdbc50dc,0,3,0.003916203510016203,L1
SHB_dcf74700a8b34e68,0,5,0.002394799143075943,L1
SHB_b3a71634fb18cf18,0,3,0.0010014571016654372,L1
SHB_ac7790b3c3af0470,0,2,0.00030813648481853306,L1
SHB_681959e0bf1ca0cd,0,1,0.0006835866952314973,L1
SHB_ecaab29af0ad4e51,0,1,0.0009362194687128067,L1
SHB_ebe5e8f18a32eae6,0,3,0.002229518024250865,L1
SHB_7e5631d09e6eb847,0,3,0.00023346839589066803,L1
SHB_8fed9e6bbe348474,0,3,0.0002869520103558898,L1
SHB_3636e4b9f4dad0ff,0,2,0.004814792424440384,L1
SHB_532da302d4685bbf,0,5,0.011337311007082462,L2
SHB_38d43c4f9f2bd4ce,0,3,0.03942681476473808,L4
SHB_e608725b17338b19,0,3,0.013098579831421375,L2
SHB_5caa61dc8dd1837d,0,3,0.03302815929055214,L3
SHB_4b64445e600a1768,0,2,0.012092499062418938,L2
SHB_a46c31b482c2542b,0,4,0.011928580701351166,L2
SHB_2e4995d3ee3c3256,0,1,0.02038254402577877,L3
SHB_c910fc6633aa3372,0,2,0.026555577293038368,L3
SHB_c9f58a6c5c589b7c,0,4,0.030262647196650505,L3
SHB_7bf23e806cf74f9d,0,2,0.010078547522425652,L2
SHB_1b670c82a3468574,0,5,0.027146561071276665,L3
SHB_d02480a6999be68b,0,1,0.00793736707419157,L2
SHB_907f29aa39c1af76,0,5,0.0010394026758149266,L1
SHB_de72e10fc7120b58,0,5,0.000761757604777813,L1
SHB_5c2b25a7520b6e96,0,2,0.028788387775421143,L3
SHB_dcc20719b0db5479,0,1,0.002237595384940505,L1
SHB_5e7242caaf32b536,0,4,0.031496305018663406,L3
SHB_1ccd4bbcc3a910ca,0,3,0.011753431521356106,L2
SHB_c1555715ba55bcca,0,3,0.01050825696438551,L2
SHB_464481625bde0a4c,0,5,0.019655458629131317,L3
SHB_a53c7f3108d76297,0,5,0.0008560136193409562,L1
SHB_870030de6eab9e24,0,1,0.019467763602733612,L3
SHB_d1e7f43f37f66864,0,2,0.0008764817612245679,L1
SHB_9ba75a275f19875e,0,4,0.022267766296863556,L3
SHB_699558dac9d10ecb,0,3,0.0005709454999305308,L1
SHB_ce542f10b23a8972,0,1,0.00392194977030158,L1
SHB_d788f49ee54b4b8c,0,4,0.0006898847059346735,L1
SHB_065fafc09dacee63,0,4,0.020882008597254753,L3
SHB_ccb4c68d81123237,0,2,0.0007236342062242329,L1
SHB_343e0a3d94300215,0,2,0.021167395636439323,L3
SHB_759b54e7708e469c,0,2,0.029431207105517387,L3
SHB_784208002fa5f8fd,0,4,0.02255583368241787,L3
SHB_e4fa1834e8b78352,0,3,0.00017682705947663635,L1
SHB_4b39a65e81bf01d4,0,2,0.018471932038664818,L2
SHB_0d51b2bbd3ecad3f,0,1,0.027068058028817177,L3
SHB_786e5549c5be534c,0,1,0.014195621944963932,L2
SHB_8d5b147d944a8115,0,5,0.004984473343938589,L1
SHB_eee03d8aaab8dbd1,0,3,0.015405062586069107,L2
SHB_39ac5a3a1a808f86,0,2,0.019656740128993988,L3
SHB_2227ef9a9b80f111,0,2,0.013456995598971844,L2
SHB_d03e3152fcb140c4,0,3,0.034329142421483994,L3
SHB_f558d8749b51e29f,0,5,0.058892540633678436,L4
SHB_b4b4fd6e83168abc,0,2,0.002039366401731968,L1
SHB_2f271d8c435af4b2,0,3,0.0005409187870100141,L1
SHB_1703749b8be6c7a9,0,5,0.00627950020134449,L1
SHB_3584f4c8a16e5f21,0,4,0.04703068733215332,L4
SHB_d33738b8daef0d2f,0,5,0.000347898923791945,L1
SHB_ec9de9a175b72113,0,1,0.08272306621074677,L5
SHB_2147cf0c582ecef3,0,5,0.0038592477794736624,L1
SHB_62ca5e4f51d32080,0,5,0.005043801385909319,L1
SHB_eec2d288fc2f8ba4,0,1,0.004877486266195774,L1
SHB_8c36b52e825b89b7,0,2,0.008506540209054947,L2
SHB_06d87b8e3149073f,0,1,0.022296156734228134,L3
SHB_c17a9409837fadc9,0,1,0.009602606296539307,L2
SHB_4b2133371f9b3ea0,0,1,0.026744820177555084,L3
SHB_9a12df9859626a42,0,2,0.013922507874667645,L2
SHB_4c9752ea469da663,0,4,0.005812068469822407,L1
SHB_75e46395b8d07c3d,0,5,0.004543639253824949,L1
SHB_d80b8d1362e05f64,0,1,0.013757328502833843,L2
SHB_2f489bccbbc3ac00,0,2,0.0009552681003697217,L1
SHB_843e1453fbeca0e9,0,5,0.13240084052085876,L5
SHB_896fc9c95f9b790f,0,2,0.02122330479323864,L3
SHB_ce0b4f98e7f874c0,0,1,0.0013180883834138513,L1
SHB_6628fffb3aac8ff5,0,5,0.006273905746638775,L1
SHB_e372fcf8c7ef4501,0,5,0.012933378107845783,L2
SHB_7b6d81230c502b70,0,1,0.011799913831055164,L2
SHB_67f520be30ae5198,0,2,0.06707527488470078,L4
SHB_28d10a3646751711,0,3,0.054002080112695694,L4
SHB_7ee77f7d202ad38e,0,3,0.00032188580371439457,L1
SHB_8897e09e2273c854,0,5,0.013156103901565075,L2
SHB_c16b42100517126d,0,4,0.010526707395911217,L2
SHB_3933afc6e0e2df83,0,3,0.0004584192647598684,L1
SHB_e831c0144be3541e,0,2,0.007617460563778877,L2
SHB_1891a0acb8cfdd46,0,5,0.02703758142888546,L3
SHB_b24794c54abda17f,0,3,0.006969766225665808,L1
SHB_eae207e18cded31b,0,5,0.012168841436505318,L2
SHB_ce9ce5b00d53220b,0,1,0.01861310377717018,L2
SHB_bac4056848068104,0,2,0.00279663922265172,L1
SHB_ab6c53651b28a4a0,0,5,0.009642522782087326,L2
SHB_fe8ded99d59dcb07,0,3,0.0004900062922388315,L1
SHB_3dbca7d5b0559f2a,0,1,0.012873281724750996,L2
SHB_6645e47408ba1edd,0,2,0.03089117631316185,L3
SHB_fb8be33cc28dcded,0,2,0.010489135980606079,L2
SHB_3cd8698da7d54653,0,4,0.015757419168949127,L2
SHB_6ee2f3025d3466a5,0,5,0.0012138988822698593,L1
SHB_b34fa14d0cc65842,0,2,0.02730979584157467,L3
SHB_119527699abe433b,0,3,0.014682730659842491,L2
SHB_564f2ddd4f360f07,0,4,0.0011312238639220595,L1
SHB_6f77ea8f6ca47512,0,2,0.027585066854953766,L3
SHB_96714c7d8dbf6f1f,0,4,0.0017108179163187742,L1
SHB_228fe9b78f862bdb,0,4,0.0162450410425663,L2
SHB_e586fe2d81490433,0,4,0.020178811624646187,L3
SHB_1aa2e603e826a3c5,0,4,0.009923784993588924,L2
SHB_79b1e4eea7ef731f,0,4,0.0008376823971047997,L1
SHB_080a7d7645537d8c,0,3,0.025327356532216072,L3
SHB_a3b10c913523f34e,0,4,0.05181301385164261,L4
SHB_bcce0a081fa97d84,0,4,0.009291252121329308,L2
SHB_ac0061b511d29796,0,5,0.04154008626937866,L4
SHB_9bf91bd82b6069b3,0,2,0.003757735248655081,L1
SHB_e4f16fcd3aaf5bb6,0,5,0.006738338153809309,L1
SHB_29a0ee0143a2e920,0,5,0.009118526242673397,L2
SHB_c4e60cb8f8262e36,0,1,0.027606835588812828,L3
SHB_14b07f482fed4103,0,1,0.0002922330459114164,L1
SHB_aa151171718f9033,1,2,0.006615862715989351,L1
SHB_0353d556ddb17c01,0,2,0.0005912314518354833,L1
SHB_1a615c5be0712c6c,0,5,0.0020466947462409735,L1
SHB_5e2ab33a1af99375,0,1,0.010035911574959755,L2
SHB_7a06f4170142d7f8,1,2,0.013873848132789135,L2
SHB_d5d4982ac440964d,0,2,0.015292498283088207,L2
SHB_5d86e5eeb2585e13,0,4,0.0035194025840610266,L1
SHB_e2c2a425542cd3d4,0,3,0.00037773046642541885,L1
SHB_97eb7b178ed09a27,0,3,0.0002641018363647163,L1
SHB_66e337fd308898f1,0,5,0.010567646473646164,L2
SHB_144378fe4eef50cd,0,3,0.024935893714427948,L3
SHB_2587d39217ce1cfd,0,3,0.011799929663538933,L2
SHB_29d27cebcbd213dc,0,1,0.02420794777572155,L3
SHB_fa31faf27e0b9302,0,5,0.004548479802906513,L1
SHB_214399d207acc85d,0,2,0.0301849115639925,L3
SHB_24fc0f00954c8390,0,5,0.008854692801833153,L2
SHB_3b4a40d4a51ea718,0,2,0.00027325545670464635,L1
SHB_5a24bb9470a05349,0,3,0.00035360627225600183,L1
SHB_ccad7c2ee60c7fe4,0,5,0.014686139300465584,L2
SHB_b45789427a7289fb,0,2,0.0011661723256111145,L1
SHB_8fda176030e6be30,0,5,0.0070632100105285645,L1
SHB_8b11789b355df668,0,4,0.0036440526600927114,L1
SHB_fc4823edfa027522,0,2,0.00935669057071209,L2
SHB_c53601404102d567,0,4,0.00045480814878828824,L1
SHB_30b2adf945fd9e44,0,5,0.020775381475687027,L3
SHB_6ba1d309146b23da,0,1,0.0007502470980398357,L1
SHB_f4a570c8c52adaf1,0,4,0.02763093076646328,L3
SHB_44d6f7ed2070a977,0,1,0.009428350254893303,L2
SHB_7f24718df79294ce,0,1,0.10374997556209564,L5
SHB_e4e41fdff101d74e,0,3,0.0019875681027770042,L1
SHB_4c3eaffaa660e5e1,0,1,0.016287298873066902,L2
SHB_23d21baf93c127b6,0,4,0.007267375476658344,L1
SHB_d74033f3adef0be5,0,5,0.06560998409986496,L4
SHB_cd3e1134bc3ba92f,0,3,0.02664911188185215,L3
SHB_963b81085f76104f,0,5,0.0038872268050909042,L1
SHB_bb1ee8b89dfcb5f9,0,3,0.00013199527165852487,L1
SHB_d3d8ba3333988798,0,4,0.006193365901708603,L1
SHB_06ed938ce5440ffb,0,1,0.008664739318192005,L2
SHB_b12143125e9875c4,0,2,0.0006937822909094393,L1
SHB_1e1543b278700d74,0,2,0.05372912436723709,L4
SHB_8fceebccadf84199,0,1,0.0012707235291600227,L1
SHB_2cc84fb3635b8e3d,0,2,0.00038278696592897177,L1
SHB_421084f49c743629,0,1,0.007707873359322548,L2
SHB_6bf62752f24a255b,0,5,0.003751084441319108,L1
SHB_8629022bd80382b1,0,1,0.008996331132948399,L2
SHB_c3983cc446afd99c,0,4,0.01187081541866064,L2
SHB_0d3ebbba3a273475,0,1,0.0011837165802717209,L1
SHB_8cd7566f73ba55b7,0,1,0.007379532791674137,L1
SHB_05a0e57bbd08277e,0,1,0.001778034376911819,L1
SHB_27b7b607ef7b1e55,0,3,0.0014690399402752519,L1
SHB_6b75251a4b2cfb25,0,2,0.004699262324720621,L1
SHB_9c9057d1eaeb9e2d,0,4,0.06017196923494339,L4
SHB_c2c06d3bba26786a,0,3,0.008408277295529842,L2
SHB_56c5d5ffbe2cace8,0,1,0.0051343790255486965,L1
SHB_370347944f46fbd6,0,4,0.018321048468351364,L2
SHB_ece6f42dee3ff279,0,2,0.031152930110692978,L3
SHB_efd679db9345c91f,0,5,0.005674977786839008,L1
SHB_d9d0c19d842b7435,1,5,0.008083917200565338,L2
SHB_3b3551a271f7e83a,0,2,0.015288985334336758,L2
SHB_aa2a889aa08b9a9b,0,5,0.005858494434505701,L1
SHB_4aec154b59bb317a,0,5,0.014756741002202034,L2
SHB_fb3b9964f9ff6dac,0,4,0.0027999961748719215,L1
SHB_7769f99df155e35e,0,2,0.00034576686448417604,L1
SHB_673337411df6baf9,0,5,0.01128529105335474,L2
SHB_92f920a8d297736e,0,2,0.01120024174451828,L2
SHB_2d9d066e277ad802,0,3,0.011070729233324528,L2
SHB_39089acc9a6206ba,0,2,0.00589644955471158,L1
SHB_c2bd32bb5f5efdc2,1,1,0.013118320144712925,L2
SHB_b858a599dda5a5d8,0,1,0.013932796195149422,L2
SHB_86ba20ea4e7a12dc,0,5,0.0023009737487882376,L1
SHB_592a7a3fbf00954f,0,4,0.0014629372162744403,L1
SHB_5b4eb6dc9615ad47,0,1,0.013192307204008102,L2
SHB_627385ad39b6cc8d,0,1,0.0012306191492825747,L1
SHB_b23ed0989ef9caaf,0,1,0.0060762520879507065,L1
SHB_72544f774f3ffed4,0,3,0.00933956541121006,L2
SHB_b66ca4d5244e196e,0,1,0.0010380567982792854,L1
SHB_57478054d40ad8d1,0,5,0.027004694566130638,L3
SHB_81d9741de7749a43,0,1,0.07229744642972946,L4
SHB_e5929f44433f503b,0,1,0.0011351103894412518,L1
SHB_4b953e7343487bba,0,4,0.021867375820875168,L3
SHB_37716bedaa875555,0,1,0.003651241073384881,L1
SHB_7d15f0d3fc683e52,0,1,0.0003755431098397821,L1
SHB_fa9970600c94ee21,0,3,0.00016267280443571508,L1
SHB_d9dca2e99182a94c,0,2,0.01125914417207241,L2
SHB_6b3519d1967d9601,0,2,0.04187806695699692,L4
SHB_bec2614186eff94a,0,3,0.01028140913695097,L2
SHB_9c41947ab03de656,0,3,0.019495602697134018,L3
SHB_2907bc6e2842c512,0,2,0.011986805126070976,L2
SHB_7914ca2a4ced46bb,0,4,0.005379240959882736,L1
SHB_e3bd8a0e327e3846,0,4,0.022164417430758476,L3
SHB_9cf4427a81d4a468,0,3,0.0020167334005236626,L1
SHB_48480692e8f44cc3,0,2,0.008249359205365181,L2
SHB_2d704103a44c21e9,0,4,0.022139066830277443,L3
SHB_20c09e76eaa647a6,0,3,0.0011799706844612956,L1
SHB_5bd437747206dd2b,0,1,0.012650254182517529,L2
SHB_df342725a74ba0d1,0,1,0.011807811446487904,L2
SHB_c2ba5f215b117a19,0,4,0.005915029440075159,L1
SHB_eb0305b46bb0393b,0,3,0.004818625748157501,L1
SHB_0541969f3ea69e31,0,4,0.008065088652074337,L2
SHB_8509c55dbe7ded4e,0,1,0.001147234346717596,L1
SHB_9527cc2c9271b100,0,5,0.010634028352797031,L2
SHB_3d68878c3b5180c3,0,5,0.000944199797231704,L1
SHB_97273d963e3c85e1,0,4,0.02090550772845745,L3
SHB_0fae43ba2531e238,0,5,0.014469997026026249,L2
SHB_e2fef4ddfb9115bb,0,1,0.0013547686394304037,L1
SHB_9cfb7da7436ef402,0,1,0.0014785785460844636,L1
SHB_01fd3273f9c6e10f,0,1,0.008799468167126179,L2
SHB_353fcb19b129acfd,0,5,0.08002278208732605,L4
SHB_cf667c68895a3a63,0,4,0.0005930057959631085,L1
SHB_1239760166a84a85,0,1,0.007601270917803049,L2
SHB_ba89974aec1c0e00,0,1,0.05111958086490631,L4
SHB_d96b60187129064c,0,2,0.006062036845833063,L1
SHB_0ffde7c3698614de,0,1,0.002076187403872609,L1
SHB_e846b9122e05bfec,0,1,0.013816139660775661,L2
SHB_ce3478a65d0d7988,0,3,0.015967847779393196,L2
SHB_9ad1dc4a55c38572,0,4,0.0017092777416110039,L1
SHB_9f851d9032f8320e,0,4,0.007759397849440575,L2
SHB_2541458af5542e77,0,4,0.026658574119210243,L3
SHB_aa135bd747c4dc47,0,3,0.014496213756501675,L2
SHB_a147e09cb90da906,0,5,0.0041868798434734344,L1
SHB_b8c30cf5c4850a14,0,4,0.04848547652363777,L4
SHB_62d3016e3a54efd2,0,3,0.008719030767679214,L2
SHB_dff4cad91d840568,0,3,0.02539312280714512,L3
SHB_7fb93294dc08af7f,0,1,0.0016872879350557923,L1
SHB_ab540233557db91b,0,1,0.01673930324614048,L2
SHB_9d45d99ebf8c306c,0,1,0.0039418949745595455,L1
SHB_0b41c7d3bcb0c420,0,5,0.03281624615192413,L3
SHB_a4d04bd83a696008,0,4,0.0005395652260631323,L1
SHB_a44aad4dfcdd5e00,0,1,0.0007481969078071415,L1
SHB_582da19ccf098c00,0,4,0.0024948306381702423,L1
SHB_7e75290586ec09d1,0,5,0.006471729371696711,L1
SHB_7ac40f32d7a733ec,0,3,0.026947783306241035,L3
SHB_1c7aa470daa48336,0,5,0.010519244708120823,L2
SHB_dce2d34dbd22de6e,0,1,0.0199546217918396,L3
SHB_fb9e7659ea385b20,0,4,0.0012440284481272101,L1
SHB_cb734e5a269d54f2,0,5,0.0015564908972010016,L1
SHB_3935c8862850b95f,0,2,0.007798591163009405,L2
SHB_dad60375f54a46b5,0,3,0.00018637160246726125,L1
SHB_c02c187652c23c8d,0,4,0.04037228971719742,L4
SHB_f0688b535d3a5156,0,1,0.01780061237514019,L2
SHB_13d4a0906fe81b36,0,3,0.0010884907096624374,L1
SHB_657349e31e9d0895,0,2,0.0010170149616897106,L1
SHB_3535c3a5154887d5,0,3,0.001729099894873798,L1
SHB_792a67a5dba995e5,0,3,0.021686693653464317,L3
SHB_319c2c26fe00d566,0,4,0.018538549542427063,L2
SHB_7bd485e9fdb371fa,0,3,0.008475528098642826,L2
SHB_a403013c0d69092f,0,4,0.0012124712811782956,L1
SHB_0eb144dee369ae0e,0,4,0.0225592739880085,L3
SHB_e0d91f4e1a6bb2bc,0,5,0.0014320353511720896,L1
SHB_c2ad8f91114f58f7,0,3,0.006463618483394384,L1
SHB_abc67b5878b70808,0,4,0.0005732195568270981,L1
SHB_deb8c95ab53b79d8,0,4,0.01904769241809845,L3
SHB_2e5ae8b9c87ece8e,0,2,0.045146312564611435,L4
SHB_a0eeb2b749827848,0,1,0.008401107974350452,L2
SHB_1881882a2e736807,0,2,0.0029087380971759558,L1
SHB_de0dd6f83fb94c1c,0,3,0.00225787959061563,L1
SHB_ffbeb140f331ff12,0,5,0.005272991489619017,L1
SHB_fd69e86d67481e67,0,5,0.04788042604923248,L4
SHB_a1bed74d483058e7,0,4,0.011586167849600315,L2
SHB_4d6b085dcec1fa56,0,2,0.013268686830997467,L2
SHB_6ea5287126174409,0,4,0.02490430325269699,L3
SHB_b6f84f422ce2d7d0,0,1,0.03019827790558338,L3
SHB_93f96b2c3837ad79,0,3,0.0007499600760638714,L1
SHB_287d464902b33373,0,2,0.0008414351614192128,L1
SHB_1bb6040f18c4ee41,0,3,0.023012947291135788,L3
SHB_e5f88902bd37b2a4,0,3,0.03091702051460743,L3
SHB_7aa5352e548e7314,0,5,0.02216080203652382,L3
SHB_f59265408aa4cc5c,0,5,0.011399876326322556,L2
SHB_35afec18d3a40930,0,2,0.0005247500957921147,L1
SHB_d3b627875dc87a78,0,5,0.018784891813993454,L2
SHB_d4e5e63138913f35,0,2,0.007283255457878113,L1
SHB_a9a3b58572724151,0,4,0.036054935306310654,L3
SHB_85e30b2cdd75ecbc,0,5,0.010184611193835735,L2
SHB_cdc9566d6c8ba0a9,0,2,0.002459142589941621,L1
SHB_60b54e20b830c2d7,0,2,0.0061994679272174835,L1
SHB_8a3a7407d9741206,0,5,0.003797138575464487,L1
SHB_efd9f8a27b1f6f28,0,2,0.0015564552741125226,L1
SHB_641feaf083695d71,0,3,0.07669331133365631,L4
SHB_1cce1baac21118b8,0,5,0.0032013936433941126,L1
SHB_ab7ba517ac2d88e7,0,1,0.0013533320743590593,L1
SHB_6cb6f4ceb3999f5b,0,3,0.003711034543812275,L1
SHB_43f4ee4360e37eff,0,4,0.002106047933921218,L1
SHB_54f0a3fcee3d33ec,0,1,0.01981988549232483,L3
SHB_6b632fbef703a53f,0,4,0.030749358236789703,L3
SHB_0eaf2aef308f5c4e,0,2,0.009755625389516354,L2
SHB_9db24c55905ef914,0,3,0.0005430334131233394,L1
SHB_47b5ce192ec704df,0,2,0.0004095065814908594,L1
SHB_ef330ac38ab6eddf,0,1,0.0020804102532565594,L1
SHB_0cdb78f3c07774f9,0,3,0.04924174025654793,L4
SHB_d81b81c6d6f1af0e,0,3,0.00023104161664377898,L1
SHB_ae6971bd86847602,0,1,0.003220404963940382,L1
SHB_fe7b6fde1925c173,0,1,0.0027314499020576477,L1
SHB_cc4ed4e28622eb03,0,4,0.015864409506320953,L2
SHB_95ab29cbe9bcb283,0,5,0.001720316126011312,L1
SHB_ffcaaf7e1540f8c5,0,1,0.012895927764475346,L2
SHB_23f102d635f561df,0,1,0.06608948111534119,L4
SHB_0b6dd11f1f307b13,0,3,0.0020772775169461966,L1
SHB_22f0c6d061eeda41,0,3,0.0019806581549346447,L1
SHB_f2626f4c66010f73,0,1,0.0005960355629213154,L1
SHB_7304578ab9537129,0,1,0.008072011172771454,L2
SHB_d076f86ef528cc87,0,1,0.0012042531743645668,L1
SHB_7cdae25646cca82e,0,5,0.028281884267926216,L3
SHB_7ad86f0985de21fa,0,3,0.02518201246857643,L3
SHB_8e6344d8fe70f368,0,3,0.0008900485699996352,L1
SHB_ad3da7220a426b80,0,3,0.0159127376973629,L2
SHB_bcce37048e3d9b01,0,2,0.04384375736117363,L4
SHB_3cf121d793bdd0c5,0,3,0.002394222654402256,L1
SHB_671111aa4fb91975,1,1,0.025413092225790024,L3
SHB_992e1eeb7afad76a,1,4,0.19005168974399567,L5
SHB_9c4e7fac09a21064,0,1,0.02314724773168564,L3
SHB_f5c20b0dadb2f21d,0,2,0.001190357143059373,L1
SHB_a3996d4ab4eeb501,0,4,0.011306310072541237,L2
SHB_8de542b282d4c257,0,4,0.012237642891705036,L2
SHB_87298455596b8f74,0,3,0.003809988498687744,L1
SHB_606fd30605121f55,0,2,0.043025657534599304,L4
SHB_f003d71292d70132,0,5,0.01142649631947279,L2
SHB_e74a0310eb012a58,0,4,0.0005407329299487174,L1
SHB_5544f4365fe6bea6,0,4,0.01983463764190674,L3
SHB_835e10cb775b0e9d,0,1,0.0032034683972597122,L1
SHB_c648df8533d37c86,0,1,0.07606258988380432,L4
SHB_c063bfed11a5da0b,0,5,0.0017844244139268994,L1
SHB_d714b6b8265fade8,0,3,0.0037897953297942877,L1
SHB_06ffd8d6000cf99c,0,1,0.0038179203402251005,L1
SHB_72d8ddcf673a757d,0,4,0.017014306038618088,L2
SHB_c0409cc5aca50f24,0,1,0.013125106692314148,L2
SHB_b6eda64361773a98,0,5,0.011891057714819908,L2
SHB_d7a2b164e2e0f816,0,1,0.00041830530972220004,L1
SHB_0a26beb63c4d1418,0,2,0.00445576012134552,L1
SHB_c2b4f6150600fb2b,0,5,0.007258227095007896,L1
SHB_63a93171b50ad4b1,0,1,0.02661430463194847,L3
SHB_a1522a71105f9d9e,0,1,0.00463126739487052,L1
SHB_ed6e00d1cca57d09,0,4,0.0020407389383763075,L1
SHB_1357dbb890d88e98,0,1,0.0003725330752786249,L1
SHB_1d2e590841553658,0,2,0.019339563325047493,L3
SHB_1e3559539f3acacb,0,4,0.010176600888371468,L2
SHB_9a44117e9c3298c6,0,1,0.001879738294519484,L1
SHB_3e8d9b62c06334f6,0,4,0.012458725832402706,L2
SHB_300329cc0a24688f,0,1,0.02869592048227787,L3
SHB_0e0813686a991869,0,5,0.007535984273999929,L2
SHB_63887bff637d1b26,0,4,0.0004831950645893812,L1
SHB_dd65d1aa0bde6977,0,4,0.0029591391794383526,L1
SHB_edbcde0de4b0401e,0,3,0.007886191830039024,L2
SHB_b032497aed80e8ee,0,1,0.0021177863236516714,L1
SHB_05d6cd6eef085bc8,0,3,0.0019521622452884912,L1
SHB_4996f2a97879764a,0,3,0.002462859498336911,L1
SHB_1922b897733e1527,0,1,0.0026486243586987257,L1
SHB_4d296011d8d67b07,0,5,0.002546386094763875,L1
SHB_712cfa699249ed49,1,4,0.0032806105446070433,L1
SHB_b29b2dde83a8040c,0,4,0.0004222620336804539,L1
SHB_ddba9e68688c6b0a,0,2,0.0029894018080085516,L1
SHB_79118733c1b3c97a,0,5,0.004994802176952362,L1
SHB_070cab96703788a5,0,5,0.0017757532186806202,L1
SHB_fb582210c9809e8b,0,1,0.08923836797475815,L5
SHB_2ea165148499c65a,0,1,0.00037515826988965273,L1
SHB_348c14ecd4d199aa,0,2,0.01699990965425968,L2
SHB_ce3f7f819459ed12,0,1,0.0010034283623099327,L1
SHB_ff52654a68ca1268,0,2,0.0005829095025546849,L1
SHB_c6209061eb8d5c1d,0,5,0.012575513683259487,L2
SHB_ecd09f0022b1aeee,0,2,0.006249069236218929,L1
SHB_5546c5e399b3c1db,0,3,0.03308197483420372,L3
SHB_cfacdb07ae0bd11c,0,4,0.0008251792751252651,L1
SHB_124e033ed432b20a,0,2,0.029839590191841125,L3
SHB_9dbccf0e7f0312cd,0,4,0.014790881425142288,L2
SHB_b0b840d593a04b83,0,1,0.04906889423727989,L4
SHB_e61104ef26f0a846,0,3,0.0015771720791235566,L1
SHB_76dfca3cce34eee9,0,1,0.007028115913271904,L1
SHB_7ede209fb3f49335,0,1,0.01841999776661396,L2
SHB_f688c89d6a7475d2,0,1,0.006965183652937412,L1
SHB_563f5bb85f67f21d,0,2,0.03160999342799187,L3
SHB_532803529a26c990,0,3,0.021289324387907982,L3
SHB_0d3c6cca5070ac82,0,1,0.004886402282863855,L1
SHB_f4bfe4f501981b40,0,3,0.0018945499323308468,L1
SHB_c3f1e481b0ec8043,0,1,0.02492973394691944,L3
SHB_126651f508ed9d40,0,1,0.002759479684755206,L1
SHB_865717bb60ff4e73,0,2,0.00042697478784248233,L1
SHB_2255695a2a0207ea,0,3,0.0016432858537882566,L1
SHB_f9b00a2d56831a75,0,5,0.010477225296199322,L2
SHB_00fb0b77941ceab8,0,1,0.009390904568135738,L2
SHB_16da416c823a38d2,0,2,0.004330724943429232,L1
SHB_ad9bb3ff10fae2a3,0,5,0.009273023344576359,L2
SHB_532197fbfc07bced,0,4,0.005667846649885178,L1
SHB_f674b04f26fdcc53,0,4,0.007550738286226988,L2
SHB_e973aba0500fc52c,0,4,0.002838528249412775,L1
SHB_ac6363260e682cbe,0,4,0.0008656250429339707,L1
SHB_822fac58510c0cb4,0,3,0.0004389271489344537,L1
SHB_b636b84e50a0b2c7,0,1,0.001116358209401369,L1
SHB_96b0929d7ece0574,0,2,0.053919270634651184,L4
SHB_95fa5a98b8ca8fe0,0,4,0.03013923019170761,L3
SHB_9cd70c38949916b4,0,2,0.0009744499693624675,L1
SHB_8cb70f2bbb0e4716,0,5,0.0016350860241800547,L1
SHB_78ef8b677677b75a,0,5,0.0007560321246273816,L1
SHB_524dbb40a08f3043,0,4,0.03872087597846985,L4
SHB_2ba4aa9c2644d5a8,0,3,0.009870199486613274,L2
SHB_18d4ac2f94420534,0,5,0.00606868602335453,L1
SHB_63cd250c00295eab,0,4,0.05612144619226456,L4
SHB_9e325965a789665a,0,5,0.021258525550365448,L3
SHB_0ae0a19c2192549e,0,3,0.018343281000852585,L2
SHB_4cb1071f8ae695ce,0,1,0.0006639446946792305,L1
SHB_1ab20dcf5fa31b5a,0,4,0.005139298737049103,L1
SHB_3b69b5437289aa78,0,3,0.0004115089832339436,L1
SHB_ad7911b94e28a923,0,4,0.013273051008582115,L2
SHB_b58b670aa8796430,0,2,0.0021528678480535746,L1
SHB_bd5fa4f353e52ee1,0,3,0.0003284777922090143,L1
SHB_2fbbf439c5e8d97c,0,4,0.0015937004936859012,L1
SHB_c5311b48847b1022,0,5,0.03043702244758606,L3
SHB_523c757e54e1a1a0,0,2,0.0016967970877885818,L1
SHB_866ccb925b0dcf26,0,3,0.006386000197380781,L1
SHB_a0d5717a1d6029af,0,2,0.03245413675904274,L3
SHB_199fee00dd1c78d9,0,1,0.015840081498026848,L2
SHB_edeec8b1d21be432,0,5,0.0017288579838350415,L1
SHB_0f9b3141f1aac2f1,0,1,0.0020510295871645212,L1
SHB_ecb3411b69000bb4,0,1,0.003963457886129618,L1
SHB_6adc4243be9a234a,0,3,0.009744341485202312,L2
SHB_c43b7804ed7ba07b,0,1,0.00501734483987093,L1
SHB_b5bfe550549422f1,0,3,0.00026599838747642934,L1
SHB_1c01756f75b93b0e,0,4,0.012683018110692501,L2
SHB_2ccb5860eb886107,0,2,0.0006466135964728892,L1
SHB_b022afcee17ea591,0,4,0.02167648822069168,L3
SHB_e42402011ec9e6a9,0,3,0.01959775574505329,L3
SHB_2bb61d5bd1e08114,0,2,0.07884993404150009,L4
SHB_587213c4ad875a4a,0,3,0.005484814755618572,L1
SHB_21b0a2bd38c6a4b5,0,5,0.017285825684666634,L2
SHB_112443251c2beb2b,0,4,0.012055234052240849,L2
SHB_241181f0f845c361,0,4,0.08709017932415009,L5
SHB_3ecc16a77dbed219,0,3,0.01853793114423752,L2
SHB_7e5267aef842cac1,0,3,0.01623021997511387,L2
SHB_968c2be1af08f57e,0,5,0.0003926664066966623,L1
SHB_c020d41dc2f79e17,0,5,0.0007304845494218171,L1
SHB_03993294ffe36f09,0,5,0.09771550446748734,L5
SHB_ac280671c7338063,0,4,0.010971016250550747,L2
SHB_dedd70363ac58b05,0,4,0.001135574420914054,L1
SHB_2a1185c4b0f723b7,0,3,0.00034258217783644795,L1
SHB_8992def4503ea7b4,0,5,0.016829773783683777,L2
SHB_a1002f3c91d924c2,0,3,0.049319278448820114,L4
SHB_53a0d1fb496d2a68,0,1,0.007086614146828651,L1
SHB_5ff7309a69187508,0,1,0.011304796673357487,L2
SHB_965b0c444f420a3e,0,2,0.005284731741994619,L1
SHB_0eda2681163856f7,0,4,0.03634820133447647,L3
SHB_afc14952c0ef92fc,0,2,0.000434619520092383,L1
SHB_f5a24cff21b34fda,0,2,0.012871197424829006,L2
SHB_7c7a16851f92e57a,0,1,0.006003496237099171,L1
SHB_dd5656c6c592a671,0,1,0.025292113423347473,L3
SHB_37e63906c84a1298,0,2,0.0019883739296346903,L1
SHB_6573c27d24fdec99,0,3,0.016334058716893196,L2
SHB_7dc7c3308d551a96,0,4,0.005873766262084246,L1
SHB_77ea02a823099327,0,3,0.00365803693421185,L1
SHB_a1d124b6cd55f287,0,2,0.0021743762772530317,L1
SHB_35c41b00c12d82fc,0,5,0.00037035695277154446,L1
SHB_b83de0506dd50327,0,5,0.009679330512881279,L2
SHB_ddcc4f3f0b639404,0,3,0.0015820685075595975,L1
SHB_f8ee13928eddec05,0,1,0.08434523642063141,L5
SHB_c2c762a96cf28dcc,0,5,0.01729634962975979,L2
SHB_89c8af16f64f3972,0,4,0.007525132969021797,L2
SHB_16711592722ce198,0,5,0.0011000109370797873,L1
SHB_371a52b77daa7b82,0,1,0.0003869397914968431,L1
SHB_30afbff1e16b0a14,0,4,0.0005617107963189483,L1
SHB_cb0404dc6a1788ea,0,3,0.011221633292734623,L2
SHB_eb9ad669377b4799,0,5,0.0064033446833491325,L1
SHB_6d09af6fb6c2776f,0,4,0.009461332112550735,L2
SHB_ea6cd4f4994b5434,0,5,0.020237905904650688,L3
SHB_41778fde68e68207,0,3,0.0007424028008244932,L1
SHB_eca4bd33196057cf,0,2,0.01929955556988716,L3
SHB_611b41426b868fb0,0,2,0.0038144884165376425,L1
SHB_e09830d219be90fd,0,1,0.02920614369213581,L3
SHB_bbbc62f9074cef0e,0,5,0.013042827136814594,L2
SHB_925d270b84b68bff,0,5,0.004365850705653429,L1
SHB_ba373db25069c24b,0,5,0.02247026190161705,L3
SHB_0cbc34928606821f,0,5,0.02362162061035633,L3
SHB_20e2d9479a075d09,0,4,0.021554045379161835,L3
SHB_8b9f7481612faf5c,0,3,0.019958926364779472,L3
SHB_0cefb9419e821a97,0,1,0.015604442916810513,L2
SHB_e954558a5d75e042,0,5,0.0014303227653726935,L1
SHB_5fa3be7cdee30129,0,1,0.009225795976817608,L2
SHB_df932676f0174846,0,1,0.019096042960882187,L3
SHB_ea94ddd7f4dbf168,0,3,0.0034947728272527456,L1
SHB_4a74e55dcca05269,0,5,0.022963523864746094,L3
SHB_60c05c0affbd4c69,0,2,0.021485352888703346,L3
SHB_7faa0b111d31a875,0,1,0.019707145169377327,L3
SHB_11617d7c79d7dc7d,0,2,0.0009504705085419118,L1
SHB_e2c7355fd9b761c5,0,3,0.015377199277281761,L2
SHB_ad5593abac372ad5,0,3,0.007745357230305672,L2
SHB_8d9d923017c15f37,0,4,0.024859674274921417,L3
SHB_97c52a45f997e9eb,0,3,0.0004902558284811676,L1
SHB_0e1de2d5c5c23019,0,4,0.003900389652699232,L1
SHB_3db6a5a74e3a850a,0,3,0.032514024525880814,L3
SHB_755ca4b4cf674270,0,4,0.001119227847084403,L1
SHB_d1a4192e170eadb8,0,2,0.0003618694026954472,L1
SHB_3d383eb8d2740903,0,2,0.006742443889379501,L1
SHB_3c46f74caf9787db,0,3,0.035845156759023666,L3
SHB_5b68008913bc13c4,0,5,0.0010185892460867763,L1
SHB_dfe892a48f5d1bb0,0,1,0.020381949841976166,L3
SHB_0bdf387588dbbb9c,0,5,0.03695766627788544,L3
SHB_6ac1b83039bdbda2,0,4,0.04268239438533783,L4
SHB_75faf0593cb8efba,0,5,0.0023929087910801172,L1
SHB_bf515ac8bab11cb8,1,1,0.04317721724510193,L4
SHB_379d9f50cd783a5c,0,1,0.006085505709052086,L1
SHB_d6c040bc61e68b85,0,5,0.013009329326450825,L2
SHB_e918d624c4527350,0,2,0.0138185890391469,L2
SHB_28529dd31d08bced,0,4,0.009207908995449543,L2
SHB_12b5cd5775ded452,0,5,0.016526371240615845,L2
SHB_534ffad68195daf9,0,3,0.009169726632535458,L2
SHB_bd7ea962bc151546,0,5,0.01323082484304905,L2
SHB_9a9c97ef70df248a,0,4,0.0035731312818825245,L1
SHB_ddba5ba9f2df3f44,0,3,0.012289749458432198,L2
SHB_a3a7e7d86325159a,0,5,0.0004251546342857182,L1
SHB_19cbfe479a273a75,0,2,0.00031125257373787463,L1
SHB_92c111e826e59c19,0,4,0.000817865424323827,L1
SHB_90784161224ffae7,0,1,0.022611889988183975,L3
SHB_ada17feadd9aac6f,0,3,0.008165593259036541,L2
SHB_f912ffb84459a916,0,3,0.0005450157914310694,L1
SHB_6e8bf4d11333222f,0,2,0.0011610443470999599,L1
SHB_e303360eb2c07efc,0,1,0.00172319111879915,L1
SHB_2bb1bab8cd8db98d,0,1,0.02926001325249672,L3
SHB_144cce9c200fa76f,0,1,0.01313007902354002,L2
SHB_b8642e2ab8555b09,0,5,0.000952842878177762,L1
SHB_4bac753ab1aab342,0,3,0.0005682868650183082,L1
SHB_3e971fada86dab47,0,1,0.001415610546246171,L1
SHB_1b13a1b0a78ab9ae,0,1,0.007596517447382212,L2
SHB_be62d06f4d029443,0,4,0.00897183921188116,L2
SHB_34dfb4c96fb78dfb,0,2,0.005274429451674223,L1
SHB_73037715ab273b55,0,5,0.0044957795180380344,L1
SHB_9fff67969d9bc1af,0,2,0.05028209462761879,L4
SHB_445e2019db35b7ff,0,2,0.00955426786094904,L2
SHB_1e44b1d92a895256,0,2,0.021901369094848633,L3
SHB_2839b0e662194058,0,4,0.006778907962143421,L1
SHB_09f385b2b1d63b59,0,5,0.01561237033456564,L2
SHB_97e048294b944270,0,4,0.10635156184434891,L5
SHB_9a2f15b14ec91306,0,2,0.0004423445207066834,L1
SHB_7aa88ff1e8229279,0,5,0.027968881651759148,L3
SHB_7e8de5d3b5cd46df,0,2,0.030606722459197044,L3
SHB_92f650e45436510d,0,1,0.0054215542040765285,L1
SHB_ca78c59600a5ebc6,0,3,0.01666168123483658,L2
SHB_377344d78ac97a31,0,1,0.035519544035196304,L3
SHB_51dc7ac734798f5b,0,1,0.0072086104191839695,L1
SHB_1ef147e403b40d16,0,3,0.00033820842509157956,L1
SHB_0a82e86bb37362c7,0,3,0.012977225705981255,L2
SHB_3e06b04e2f32baa0,0,3,0.004320844076573849,L1
SHB_f49a17d65c012df6,0,1,0.0050626783631742,L1
SHB_c9a1e0db97c29b5d,0,3,0.0009687274578027427,L1
SHB_657b8bb524c550b8,0,3,0.010983264073729515,L2
SHB_efe7364668c22c70,0,3,0.0024398062378168106,L1
SHB_bca4165b9b3b2749,0,5,0.03010648488998413,L3
SHB_03e538304a539fa5,0,4,0.0010318952845409513,L1
SHB_0b8c19c8dbd47ead,0,3,0.005472831893712282,L1
SHB_204a1ab414bd4dc1,0,4,0.0017801184440031648,L1
SHB_162d65af0cb43770,0,5,0.06460878252983093,L4
SHB_0a08cb8e5a177d20,0,1,0.011679185554385185,L2
SHB_72374e73f9b78dad,0,4,0.0218463446944952,L3
SHB_d0026e9b8a1c81a1,0,1,0.018717896193265915,L2
SHB_01175fbae6116337,0,1,0.0007603350677527487,L1
SHB_1ca9ecab06098d69,0,2,0.0004530792648438364,L1
SHB_37554d0c34ce7eac,0,1,0.00038147150189615786,L1
SHB_1a2222827ff1398f,0,1,0.00039937125984579325,L1
SHB_d0654546745ca1e5,0,3,0.02485860511660576,L3
SHB_e80dc4ffb4072bf3,0,5,0.000546926399692893,L1
SHB_0e8afc22ebdfb8b6,0,3,0.004608108662068844,L1
SHB_552415ef0e2f6246,0,3,0.0006011769291944802,L1
SHB_3b8a70ef6aaa43b6,0,3,0.01879221387207508,L3
SHB_c57d1a85206b4328,0,1,0.001196846948005259,L1
SHB_ba980b6b64e114b0,0,2,0.005947636906057596,L1
SHB_a90fb7ea9d2632b3,0,3,0.004707634914666414,L1
SHB_46a9b4e89dff6eca,0,1,0.010321267880499363,L2
SHB_dc0026627d614ead,0,3,0.0004105531261302531,L1
SHB_488adf2cae0282ad,0,5,0.005067534279078245,L1
SHB_e4c83189186d4010,0,1,0.023927275091409683,L3
SHB_e81ac6f95124ae79,0,2,0.0009790960466489196,L1
SHB_3f3473761a2d93bc,0,5,0.009245946072041988,L2
SHB_0ccd6bcdaccd2e1f,0,5,0.0036696610040962696,L1
SHB_86b04f6cb0ac9011,0,1,0.0179175715893507,L2
SHB_93cdca45c0bc1c61,0,4,0.023419871926307678,L3
SHB_af2b1f2ed071c763,0,3,0.00024790558381937444,L1
SHB_2b0136c79bf2861d,0,3,0.016701359301805496,L2
SHB_80cbf87bfcd8511f,0,4,0.007565409876406193,L2
SHB_ba96b24990bc6992,0,4,0.001165366149507463,L1
SHB_96c2384fdd0919a1,0,5,0.015629271045327187,L2
SHB_2f92a840076b176e,0,3,0.03275718912482262,L3
SHB_4972d7f065793b68,0,2,0.032766759395599365,L3
SHB_f1414d84fcc14fb1,0,1,0.010333027690649033,L2
SHB_5e8c8490a2923eae,0,4,0.02628650888800621,L3
SHB_5692b2a2b435b53c,0,1,0.009536870755255222,L2
SHB_bdf1d607a8be6f84,0,5,0.04012668877840042,L4
SHB_6d74afb388a2c034,0,3,0.0006351661286316812,L1
SHB_9351c35f74f49fb0,0,1,0.04232682287693024,L4
SHB_0a0b7993506e206b,0,3,0.0013517914339900017,L1
SHB_3ed30e73bdaf9d02,0,1,0.033039093017578125,L3
SHB_5f83d624af4fa8e1,0,3,0.002325620735064149,L1
SHB_c513c91214d18dde,0,4,0.030887557193636894,L3
SHB_0820c4e3c1410b20,0,1,0.028569059446454048,L3
SHB_28db364dc30cd696,0,2,0.02502514235675335,L3
SHB_743e348263c9d2eb,0,2,0.003610969288274646,L1
SHB_2862594ac4e7f9c6,0,5,0.05125545337796211,L4
SHB_04c5f9e340ff0d99,0,1,0.0011188100324943662,L1
SHB_b891b2460795886f,0,3,0.00020403771486598998,L1
SHB_4eba45778a420a00,0,5,0.005066479556262493,L1
SHB_a3104d7be908a7b6,1,2,0.0036503823939710855,L1
SHB_656a6503f1c09738,0,3,0.26069867610931396,L5
SHB_b220f291d8055a83,0,3,0.07149193435907364,L4
SHB_27b61a387b93222f,0,2,0.023814674466848373,L3
SHB_2f1bdffbfe793355,0,3,0.0036545696202665567,L1
SHB_27ce639d132eccb4,0,1,0.010297968052327633,L2
SHB_4def6b26fd7efda5,0,1,0.007298838347196579,L1
SHB_d9eddb4efab8dfcf,0,5,0.0007147357100620866,L1
SHB_8aa14b400f3ba182,0,3,0.010357251390814781,L2
SHB_f8950d3626ebab09,0,2,0.0031056052539497614,L1
SHB_665eecc8eaff7d13,0,3,0.2034662663936615,L5
SHB_3a6c873a60afe0d3,0,3,0.004098986741155386,L1
SHB_7f33a239efd28bda,0,3,0.04827367141842842,L4
SHB_58921a433641e6df,0,5,0.0002797691849991679,L1
SHB_fab314edda44f113,0,5,0.011506387032568455,L2
SHB_aef913d9e4e1ea73,0,4,0.0025444901548326015,L1
SHB_9bce2277d8acefcb,0,2,0.000747766753192991,L1
SHB_4b21622a03821d83,0,5,0.0006014001555740833,L1
SHB_9aaf1fa7e60e6137,0,1,0.0031180616933852434,L1
SHB_59b0d3145c5cf2b5,0,2,0.010078496299684048,L2
SHB_4e66bba1b1aaaa15,0,1,0.0011485470458865166,L1
SHB_3c43fbc4bb17ad4b,0,5,0.06424503773450851,L4
SHB_d701c8139d2a5900,0,4,0.007109479513019323,L1
SHB_34560a015214ee01,0,3,0.0003696604399010539,L1
SHB_75d9e1902a81a3b0,0,2,0.004262252245098352,L1
SHB_c771771ab661a902,0,3,0.0003347208839841187,L1
SHB_cd99142f9b72ab06,0,4,0.0025597871281206608,L1
SHB_6914a6facea9f2ce,0,5,0.003895749803632498,L1
SHB_b8164389e0728b7c,0,4,0.01413948554545641,L2
SHB_4e58c31f4983ad54,0,3,0.0001665315794525668,L1
SHB_889143df7ce027ea,0,3,0.007121381349861622,L1
SHB_8dec7815b452b989,0,5,0.015309043228626251,L2
SHB_79da2d9394adc8b5,0,2,0.017110144719481468,L2
SHB_78090cb5cf457819,0,1,0.002548373071476817,L1
SHB_4866f090fce12efd,0,5,0.06559868156909943,L4
SHB_772661ca2141c305,0,2,0.02064039185643196,L3
SHB_74d1d92224b8be8b,0,3,0.012066777795553207,L2
SHB_cd2821576fb91c6f,0,1,0.0046722483821213245,L1
SHB_a1ad40f23bb0399a,0,3,0.02291097678244114,L3
SHB_8a44fa5516c053eb,0,5,0.023630959913134575,L3
SHB_9d5d894005c4968d,0,1,0.003241554368287325,L1
SHB_dc37860070b0262e,1,3,0.08444368839263916,L5
SHB_03949e6e1185cfa6,1,1,0.01204640045762062,L2
SHB_355901e9a58bb6e2,0,2,0.0015278734499588609,L1
SHB_414df469ecfd03db,1,3,0.04969517141580582,L4
SHB_95e1fa8096672480,0,3,0.020539002493023872,L3
SHB_9e4d6f1fe757b7ac,0,1,0.0010280002607032657,L1
SHB_bc37529cc43edb5c,0,3,0.0016595852794125676,L1
SHB_f9e09d626d330e97,0,5,0.00031130333081819117,L1
SHB_c60435d48ec656a1,0,4,0.010754214599728584,L2
SHB_681eb32c9887a009,0,1,0.00995511095970869,L2
SHB_b768ff78f3766a97,0,1,0.07321073114871979,L4
SHB_39c103984aaaca69,0,1,0.010512284003198147,L2
SHB_0e52c389297a361c,0,2,0.03239387273788452,L3
SHB_d6cb117698988409,0,1,0.002617698395624757,L1
SHB_fc29c6c25e4dc1c6,0,2,0.007111664395779371,L1
SHB_e067875b99c13a16,0,3,0.006613851059228182,L1
SHB_a7ea065f3438b689,0,3,0.007940123789012432,L2
SHB_4bf37be945d02a81,0,1,0.0019939865451306105,L1
SHB_d43b36709d1c5e54,0,2,0.009701231494545937,L2
SHB_11972ce85ffa3240,0,1,0.004610005300492048,L1
SHB_68771ccbb5f304b8,0,2,0.0010628742165863514,L1
SHB_294702ca79a1d2b7,0,3,0.039857495576143265,L4
SHB_0c71cbccd26fde84,0,5,0.003211463103070855,L1
SHB_ab2f8f90302c0d86,0,1,0.0017698683077469468,L1
SHB_4f9d474643377654,0,4,0.013752568513154984,L2
SHB_2abbb9e23e4d9560,0,3,0.0037753384094685316,L1
SHB_855626c34656cf55,0,3,0.006327230483293533,L1
SHB_37630a591d6adab6,0,5,0.007841178216040134,L2
SHB_6e2a8432dda332a8,0,5,0.00444409903138876,L1
SHB_25af7e5b8e274d2b,0,3,0.005678350105881691,L1
SHB_384668e0a5c3a878,0,1,0.0014900941168889403,L1
SHB_9ee12f1394ae1341,0,2,0.002163222525268793,L1
SHB_d68d8d2f1bb28529,0,2,0.007032562512904406,L1
SHB_9c45f1f41276cc3a,0,2,0.006375965662300587,L1
SHB_bc3b45beaff107e8,0,5,0.00961050484329462,L2
SHB_a9dffedee7607d7c,0,3,0.03050016053020954,L3
SHB_58eaa303f0c3ae26,0,5,0.0018270488362759352,L1
SHB_86f591dac906db0a,0,2,0.03649435564875603,L3
SHB_486f8ae9cdd3c28e,0,1,0.002434360096231103,L1
SHB_b47f537ea197af4e,0,4,0.01273045502603054,L2
SHB_3ca0a51cc0243a2a,0,5,0.005267686676234007,L1
SHB_2ece6162fde3d4ec,0,5,0.025351906195282936,L3
SHB_f5b5c7833a4c8b25,0,5,0.03768237307667732,L4
SHB_feb98ab346c1c51d,0,2,0.023758545517921448,L3
SHB_4258722cfc9ec682,1,1,0.01371482852846384,L2
SHB_5a6071966d66c976,0,1,0.007146868854761124,L1
SHB_7b00645ccf76d634,0,2,0.01302451640367508,L2
SHB_c53c2a8c16669cd0,0,4,0.02157033607363701,L3
SHB_41e6d3c9061a69ac,0,5,0.0025176997296512127,L1
SHB_2f8965d2f726e66b,0,4,0.00787187460809946,L2
SHB_c596a012cf0f7034,0,5,0.01173317153006792,L2
SHB_9f90fbe35dc91ec8,0,2,0.02711700275540352,L3
SHB_f63e18ac9072c28e,0,3,0.005840298719704151,L1
SHB_a496c8615eb60c8c,0,3,0.0056044477969408035,L1
SHB_db5274748df2dd01,0,2,0.024632727727293968,L3
SHB_85199e865b50f865,0,4,0.06764866411685944,L4
SHB_61adf2c767bee7a0,0,1,0.010460978373885155,L2
SHB_0d1d5c71b68b601a,0,4,0.09045986831188202,L5
SHB_741e443813c9a68d,0,1,0.002602291526272893,L1
SHB_b89dfb4645fdb936,0,1,0.015134431421756744,L2
SHB_9fe9b90f7d79001e,0,3,0.056625839322805405,L4
SHB_42a7595fa8db71bc,0,5,0.028064973652362823,L3
SHB_9d559ef997bc0028,0,5,0.007796450983732939,L2
SHB_563da7942596bd00,0,5,0.010222100652754307,L2
SHB_1682bcfb710ffa00,0,3,0.041869763284921646,L4
SHB_11d9f9819537a3ac,0,4,0.021276824176311493,L3
SHB_9905f92e078e3f32,0,3,0.03382081910967827,L3
SHB_bd6a8cf25687a18e,0,1,0.11738839745521545,L5
SHB_a90ddc6c2d520e91,0,1,0.004312781151384115,L1
SHB_cc107da014ebd808,0,4,0.006524711847305298,L1
SHB_3674433123ccb1f8,0,4,0.007140233181416988,L1
SHB_23dc25b635ff8ad5,0,3,0.020221371203660965,L3
SHB_b79af2dcd4804a08,0,3,0.01876174658536911,L2
SHB_58ec8b2e0f21562c,0,2,0.0006236444460228086,L1
SHB_8381e1d6a7e094d1,0,1,0.001513542141765356,L1
SHB_b1dc485f81c60f8d,0,3,0.00019930224516429007,L1
SHB_82a082f7c16e1833,0,2,0.02581135556101799,L3
SHB_cfe905869dfe31d5,0,2,0.019441602751612663,L3
SHB_751faf84806ac25d,0,5,0.005932851694524288,L1
SHB_f03210b6bf6ee83e,0,5,0.009410624392330647,L2
SHB_37cddf0a69d37b3b,0,1,0.00033966833143495023,L1
SHB_f6104d228e403435,0,2,0.0008231299580074847,L1
SHB_d49676bba2d9a1aa,0,2,0.0045013828203082085,L1
SHB_5ad3abced809e2b4,0,1,0.002325564157217741,L1
SHB_2b03a7b3449b06e8,0,4,0.02952185831964016,L3
SHB_2233d091f4ae59d3,0,3,0.0045679849572479725,L1
SHB_896a67b8fb5e6600,0,5,0.0005686284857802093,L1
SHB_48dfdb06dcf07c67,0,1,0.001481951680034399,L1
SHB_d279a6be53710832,1,2,0.012964960187673569,L2
SHB_ae0d10342e5de58e,0,3,0.000698824820574373,L1
SHB_54e67a407ebe72a2,0,1,0.014649895951151848,L2
SHB_8a31a851246c3a8e,0,2,0.016819488257169724,L2
SHB_dabf1fb311a65600,0,3,0.02119450829923153,L3
SHB_ea1ddac43ca2985d,0,2,0.029588991776108742,L3
SHB_7b610023533550d7,0,3,0.008255096152424812,L2
SHB_6a444960ec252327,0,4,0.0026834295131266117,L1
SHB_0c9a548e55db6c80,0,1,0.00970249529927969,L2
SHB_ccb8f1fa11c7aea3,0,3,0.010318574495613575,L2
SHB_261af19d28270b9f,0,2,0.000674816663376987,L1
SHB_942a2821db82b80d,0,4,0.004864600487053394,L1
SHB_38a5698cd47f7df0,0,4,0.009636800736188889,L2
SHB_482f7f2831dd4b5c,0,2,0.011735145933926105,L2
SHB_4d7a37da141ac14a,0,5,0.00677869888022542,L1
SHB_a41d3641a938b5c2,0,1,0.0003270612796768546,L1
SHB_872edb10da7d48d8,0,3,0.018971187993884087,L3
SHB_b7bda82c5366584b,0,2,0.01504549104720354,L2
SHB_211c45af95ae59a6,0,4,0.0009504460613243282,L1
SHB_780d1bd67c64d379,0,3,0.0008549490012228489,L1
SHB_8ce0e9f302912a7e,0,3,0.0015861992724239826,L1
SHB_7873dba2d02f2ed4,0,1,0.006139363627880812,L1
SHB_40a8fb2e3268142a,0,2,0.006276623345911503,L1
SHB_131979ee74fdd22e,0,4,0.0007033943547867239,L1
SHB_0bef78c6d4e31b98,0,5,0.0068803224712610245,L1
SHB_4121503c61b1501b,0,1,0.01594817079603672,L2
SHB_3b260d2b08bf3ace,0,4,0.007357289083302021,L1
SHB_691b7a229ed40f94,0,1,0.007758554071187973,L2
SHB_cf4160a33ab63dcd,0,2,0.00025108238332904875,L1
SHB_b3b04afac584c840,0,3,0.0004270041245035827,L1
SHB_09e63790d0c35be0,0,4,0.05943344905972481,L4
SHB_27a31abb048b29b7,0,4,0.001662754686549306,L1
SHB_4f57ccc96fe86c77,0,2,0.02034633792936802,L3
SHB_6c5f6dea3aab9369,0,1,0.0019457928137853742,L1
SHB_ea9278a0f3ec9f3e,0,5,0.017909644171595573,L2
SHB_a9c02f11cd5dc590,0,3,0.02113446779549122,L3
SHB_92fbf80037ce006e,0,5,0.06127828359603882,L4
SHB_0e78007a7acabe56,0,2,0.0038209138438105583,L1
SHB_9f27fde5217bd8d5,0,3,0.07590918987989426,L4
SHB_bea4dbfc7ae9d3d7,0,4,0.0006799449329264462,L1
SHB_6fe616bf3ec3885f,1,1,0.011510509066283703,L2
SHB_e73a04ebaaf01cf1,0,4,0.00241746730171144,L1
SHB_93934d85a3a06375,0,4,0.01101478561758995,L2
SHB_eea799f310efcf8c,0,4,0.0013537922641262412,L1
SHB_d814e1990fa8ab19,0,3,0.0002159133873647079,L1
SHB_067abde671587b80,0,4,0.004428172018378973,L1
SHB_8dbeeb2646aee71e,0,1,0.01763421669602394,L2
SHB_2a2e8a3e69c095c5,0,4,0.000508457887917757,L1
SHB_628fdcc9d6324413,0,3,0.08714104443788528,L5
SHB_6c12f70968033e5d,0,3,0.001112786470912397,L1
SHB_be51d732d4151218,0,1,0.015352742746472359,L2
SHB_b4b9513bcf02cd19,0,1,0.007803000975400209,L2
SHB_eec326b31e7e57fa,0,3,0.02228216454386711,L3
SHB_0f35f2707121c3c5,0,1,0.10069133341312408,L5
SHB_0df1bfc9c6752be3,0,4,0.009448269382119179,L2
SHB_689f272d14bd3454,0,4,0.004716110415756702,L1
SHB_865537dad280b0cd,0,4,0.01620033197104931,L2
SHB_fc3285286d2270bc,0,2,0.02547110803425312,L3
SHB_b93c8cea02da3e38,0,3,0.016788354143500328,L2
SHB_aca62f7b52d0463a,0,3,0.06273975223302841,L4
SHB_92b335f2a0563286,0,3,0.06542752683162689,L4
SHB_f7b49818877cb141,0,2,0.029168615117669106,L3
SHB_25d3043749b5844f,0,5,0.007933268323540688,L2
SHB_c82b59a546398ae2,0,1,0.0008884862181730568,L1
SHB_6b706d6f0be3e53b,0,2,0.0011516907252371311,L1
SHB_0b446fa6110a1016,0,4,0.09701893478631973,L5
SHB_4e2757d2a85767da,0,1,0.0029861191287636757,L1
SHB_c7b083a0c20f40e2,0,2,0.001265774480998516,L1
SHB_d65ee6df8aaaeff2,0,3,0.0003468416689429432,L1
SHB_4ae4192ea033c6dd,0,4,0.05585218593478203,L4
SHB_71a87fea03fdba13,0,5,0.0116495406255126,L2
SHB_30c610a2a2f2d934,0,5,0.000820697343442589,L1
SHB_9e5d204f2926e8e6,0,2,0.022547485306859016,L3
SHB_dbfd35e13403a38b,0,3,0.0003005670732818544,L1
SHB_15c66e83b5500b07,0,1,0.025244010612368584,L3
SHB_a77dea3bfe114920,0,4,0.0007069386192597449,L1
SHB_b17b5f909b13c296,0,4,0.0007928927079774439,L1
SHB_8527d5f0f2edca9a,0,4,0.03086235001683235,L3
SHB_b6c2a40bdfac81e3,0,4,0.027018574997782707,L3
SHB_ea6bef624d311bd7,0,4,0.03291473165154457,L3
SHB_19ec89a8f7f85dc9,0,2,0.009027584455907345,L2
SHB_ccf879737acca995,0,4,0.0018760791281238198,L1
SHB_846a0795cd76df75,0,1,0.0014241060707718134,L1
SHB_280cf036bce85ace,0,4,0.0006012350786477327,L1
SHB_33d7955bdd308c28,0,5,0.0066492557525634766,L1
SHB_37a7d0a7210239e2,0,5,0.0008829899015836418,L1
SHB_702d8bebdae4ba1e,0,4,0.005833585746586323,L1
SHB_ada8bc7fac457a15,0,3,0.0028921072371304035,L1
SHB_348ba1e35f2bdef2,0,4,0.005263902246952057,L1
SHB_371ef9b971ab2d40,0,2,0.0003052939136978239,L1
SHB_6a2c6338a52a349b,0,5,0.027663452550768852,L3
SHB_b90aef8c04c3ae13,0,3,0.000243660164414905,L1
SHB_5ef31cf5dbef6ce9,0,4,0.017788611352443695,L2
SHB_4b911c156306f56b,0,1,0.012653644196689129,L2
SHB_a3778860113b9334,0,1,0.0017533127684146166,L1
SHB_6070be3a50b4012f,0,4,0.04208327829837799,L4
SHB_f8638b23a84e3157,0,4,0.04217581823468208,L4
SHB_6edf7a1e8c227aa3,0,2,0.002176671288907528,L1
SHB_395b61db60011731,0,4,0.0007754708058200777,L1
SHB_6c1e8b658659f8c8,0,3,0.004074042197316885,L1
SHB_bcc44794b33dc235,0,3,0.00013650255277752876,L1
SHB_c786c0c59a295d00,0,3,0.012234099209308624,L2
SHB_2e86efcf9e422bc4,0,1,0.0020213029347360134,L1
SHB_b45b92a6f804fdea,0,3,0.0681067556142807,L4
SHB_0832e164a6a86159,0,4,0.0009165844530798495,L1
SHB_25af86ceac40021f,0,4,0.001313940272666514,L1
SHB_3caf439f829577e7,0,5,0.0017074072966352105,L1
SHB_adb0b75b40d1afc4,0,4,0.0009445660398341715,L1
SHB_9b3f43488d940f08,0,4,0.003756532445549965,L1
SHB_a0edb397f497e287,0,2,0.005465865135192871,L1
SHB_a9f915a0c0e86859,0,1,0.00984093639999628,L2
SHB_5ab1fa3e67dbe546,0,2,0.021640324965119362,L3
SHB_6deab838691be66c,0,3,0.005732086021453142,L1
SHB_6f064304ab514f4f,0,1,0.0031957076862454414,L1
SHB_d66c96e2a1d0f695,0,3,0.01660507172346115,L2
SHB_778bd164606ea681,0,1,0.002407135209068656,L1
SHB_70a1488270a36835,0,4,0.009971408173441887,L2
SHB_19b0ef14c8e28f6e,0,4,0.0003892318927682936,L1
SHB_99099e21fced4168,0,5,0.00036534108221530914,L1
SHB_56ea876f146ab5a5,0,3,0.0007469256524927914,L1
SHB_6e4a81b2a0530a38,0,3,0.010590845718979836,L2
SHB_248e854ddf306c14,0,2,0.00040051675750873983,L1
SHB_e16286e5db994ab7,0,1,0.010464008897542953,L2
SHB_ec19c9d71786ef28,0,5,0.01664646714925766,L2
SHB_d685e7d41ee08855,0,2,0.0029064337722957134,L1
SHB_1ea51aa3f9641524,0,2,0.0009739631204865873,L1
SHB_fce2084e2e4ad682,0,4,0.0010071155847981572,L1
SHB_bee0a81b1b5352a4,0,3,0.000277643179288134,L1
SHB_67d781e6c83d1d47,0,5,0.005310812033712864,L1
SHB_db5b3ee1a9eefa1b,0,3,0.003992496058344841,L1
SHB_a7059dda9a075e5d,0,3,0.00261477567255497,L1
SHB_c017d75c5d434562,0,3,0.0034123926889151335,L1
SHB_40fcaee95a3144de,0,1,0.041927698999643326,L4
SHB_3d9b246d9d316f62,0,3,0.01156946923583746,L2
SHB_c83fd42860da5b51,0,4,0.03048253431916237,L3
SHB_66a258fe66011203,0,4,0.01679896004498005,L2
SHB_1cc41d98cb99d3da,0,4,0.00045113838859833777,L1
SHB_413e57848fe73b26,0,2,0.036798734217882156,L3
SHB_c3590bd89a010093,0,2,0.03694509342312813,L3
SHB_a5c19dda7d641ac6,0,4,0.002846690360456705,L1
SHB_d2b63f16a17394b8,0,1,0.029718870297074318,L3
SHB_e94e3f2360a87193,0,4,0.005859863478690386,L1
SHB_b119e32a058e2a7d,0,5,0.007792627904564142,L2
SHB_539b3fcc36233dc4,0,2,0.0029435709584504366,L1
SHB_c73099bb15c4700b,0,3,0.006209525745362043,L1
SHB_0d21ee61f9b3d457,0,2,0.0005212016403675079,L1
SHB_4459f60000b5a949,0,4,0.0007926452672109008,L1
SHB_30b52267cd0dba39,0,3,0.03500019758939743,L3
SHB_994f550952f59b57,0,4,0.009603404439985752,L2
SHB_3868643dc190898b,0,4,0.01106270868331194,L2
SHB_0a5253321eadcf78,0,1,0.027613187208771706,L3
SHB_96d51adf2d68ef92,0,5,0.010209343396127224,L2
SHB_92c07b1721ca13ef,0,3,0.004314327146857977,L1
SHB_fde548d49c071d57,0,5,0.0025997853372246027,L1
SHB_e59878743219a069,0,5,0.010935625061392784,L2
SHB_f2490b0e6f0f7a20,0,1,0.0041441963985562325,L1
SHB_0f4b94d9ba451f3e,0,1,0.011139900423586369,L2
SHB_873d5386d4a82174,0,3,0.014144903980195522,L2
SHB_2131d14f40a3911d,0,1,0.003884563222527504,L1
SHB_311a8d91810954fc,0,4,0.0009475440601818264,L1
SHB_23aa05fef41f626c,0,3,0.0011963191209360957,L1
SHB_591205e2fc1424a3,0,3,0.011821785010397434,L2
SHB_0f094eec50e7c329,0,2,0.0030539233703166246,L1
SHB_cab18c45d3a27b9b,0,3,0.020858412608504295,L3
SHB_7f1ad144a2f4a3a0,0,3,0.015681598335504532,L2
SHB_c07a2ec95213316a,0,5,0.007084360346198082,L1
SHB_4e00c65ad4c4611c,0,1,0.011442763730883598,L2
SHB_1e97bd6c08070e84,0,5,0.005666868295520544,L1
SHB_d9dfb62bbb4a3a9d,0,5,0.011293241754174232,L2
SHB_ff3608b7deb3dea7,0,3,0.0008104363223537803,L1
SHB_7cc3c42bb821cc6e,0,2,0.01931176707148552,L3
SHB_dd43fbe711075c97,0,5,0.013951235450804234,L2
SHB_99a4ef9db4477a1f,0,3,0.00038241202128119767,L1
SHB_8524827f71c4a427,0,5,0.0014426619745790958,L1
SHB_ebb7edd2ac2e4509,0,1,0.00943089835345745,L2
SHB_898df3021bf3e71b,0,1,0.08658339083194733,L5
SHB_eeb35814125e6744,0,5,0.0005211648531258106,L1
SHB_fe126708a474be4c,0,2,0.00039035911322571337,L1
SHB_1d828bcaf99e62be,0,5,0.016231605783104897,L2
SHB_a7a7e03e19c24e5b,0,1,0.02096547931432724,L3
SHB_eda248b32f4da093,0,4,0.01746170036494732,L2
SHB_cf2ce6e41392a178,0,2,0.031782831996679306,L3
SHB_a73ab777081f25c8,0,1,0.01840825006365776,L2
SHB_8c9f6f25ae11c104,0,2,0.052161410450935364,L4
SHB_da84123aba4098d9,0,1,0.026068346574902534,L3
SHB_2021045d3ccf99ca,0,5,0.009838051162660122,L2
SHB_1ca82d3dc42bf5dd,0,3,0.018660012632608414,L2
SHB_0e8abefad49f5482,0,4,0.006356365978717804,L1
SHB_60e53f00e5117d3a,0,3,0.0065215881913900375,L1
SHB_d52bf648a0835214,0,5,0.019972991198301315,L3
SHB_ae0c58abe9123a92,0,4,0.009847600944340229,L2
SHB_b309435c5d083beb,0,3,0.006533385254442692,L1
SHB_d252028d344211df,0,4,0.022611035034060478,L3
SHB_288d2666ef99f22b,0,2,0.039064355194568634,L4
SHB_dfe84cb58b5e67f3,0,5,0.02644919417798519,L3
SHB_2e995cfe8222789e,0,4,0.00857669860124588,L2
SHB_43ac223915194d54,0,1,0.0019027312519028783,L1
SHB_6398bbcd5d5a2608,0,4,0.0064222789369523525,L1
SHB_1eae85e93f0896a3,0,4,0.006528363097459078,L1
SHB_541a53395843c3e2,0,5,0.00036493901279754937,L1
SHB_72d062d070ff0a11,0,1,0.0025337371043860912,L1
SHB_efe59867d4f5fcf0,0,2,0.0005090499762445688,L1
SHB_f5f7bab134d81e0f,0,5,0.002162962919101119,L1
SHB_b15a335249a9ac86,0,3,0.012844513170421124,L2
SHB_5cc91d450a620f8d,0,4,0.0030436839442700148,L1
SHB_a41c50621823fb2c,0,5,0.03765374422073364,L4
SHB_147d273eea9c074a,0,2,0.0010460029589012265,L1
SHB_65af06f193092341,0,5,0.038202784955501556,L4
SHB_293942d0dffcf424,0,5,0.0015270509757101536,L1
SHB_8e90fba42b30f06b,0,4,0.005828775931149721,L1
SHB_3b28743b4bc7478e,0,5,0.01660582609474659,L2
SHB_0b43de1b051d5f42,0,5,0.00031103368382900953,L1
SHB_ea427b8b44f04ce5,0,1,0.012649080716073513,L2
SHB_48ac3b6b5f63b2cf,0,3,0.00018016160174738616,L1
SHB_021187814c5c28c7,0,3,0.005217006430029869,L1
SHB_73f0907c136dc24d,0,4,0.0224862452596426,L3
SHB_50aab8321ad82999,0,1,0.0006340800900943577,L1
SHB_e7fbd4068c990df9,0,2,0.0005947366589680314,L1
SHB_d6d9580a019d3976,0,3,0.0012688252609223127,L1
SHB_03c256c0c214fe83,0,4,0.008664858527481556,L2
SHB_4c51558ef3435bfd,0,5,0.007201945874840021,L1
SHB_e177fd3a37df0861,0,1,0.018199462443590164,L2
SHB_744e53ff22844985,0,3,0.01901296153664589,L3
SHB_203cd9056c7693dd,0,4,0.010870780795812607,L2
SHB_2aa15e8402e3be53,0,3,0.028541099280118942,L3
SHB_3942b3fd04ab3d19,0,4,0.0057290783151984215,L1
SHB_5750a4532cff072b,0,3,0.0015506809577345848,L1
SHB_a272f6175470a0ed,0,5,0.008010334335267544,L2
SHB_2b69b4779f983611,0,4,0.010033865459263325,L2
SHB_ae67950d13adfdae,0,3,0.0006243477109819651,L1
SHB_8bfb865c3f86b203,0,5,0.003945839591324329,L1
SHB_47cdd0a4b1a79607,0,4,0.00826671440154314,L2
SHB_a8b7f1098f381589,0,3,0.0007934368913993239,L1
SHB_46f4c6e50daec00f,1,4,0.09248559176921844,L5
SHB_e7db0a0ea1a89547,0,5,0.0018549187807366252,L1
SHB_00680bdee787f722,0,3,0.0071129570715129375,L1
SHB_72988e99e7d52fd4,0,4,0.013622269965708256,L2
SHB_c293ab356ef9dd76,0,2,0.000626117514912039,L1
SHB_8f741c211e66026b,0,4,0.0008649579831399024,L1
SHB_cad7fa60c0a413af,0,3,0.04958052933216095,L4
SHB_a95e3e0bfb4cb019,0,1,0.0034423526376485825,L1
SHB_77b9c26203ab8c19,0,1,0.07091082632541656,L4
SHB_74fc37f0faa9fe7c,0,2,0.0191928930580616,L3
SHB_62d66b1efea8e33f,0,4,0.008677216246724129,L2
SHB_ba8d02b7933b0e5c,0,5,0.0033791004680097103,L1
SHB_9e89b6b2909c68f2,0,2,0.0003079414600506425,L1
SHB_49c971de660b0b13,0,3,0.027434654533863068,L3
SHB_eb1f3b33887e2d27,0,5,0.0006252877064980567,L1
SHB_5bf5c69d76e878f7,0,2,0.0003948200319427997,L1
SHB_9da34584c7b9de1f,0,2,0.007005632854998112,L1
SHB_fb1fe7bf5d39ac36,0,1,0.0008682481129653752,L1
SHB_9305c2c8967228fc,0,1,0.014821590855717659,L2
SHB_ccb198ab44fb70ba,0,3,0.001129897660575807,L1
SHB_ef4c2f14e2badfa6,0,5,0.0005650445818901062,L1
SHB_ea318b2cbdf9608e,0,2,0.0007900730124674737,L1
SHB_3a5b264ce5255130,0,1,0.006181830074638128,L1
SHB_b62f4d83c39251e3,0,1,0.0007330853841267526,L1
SHB_e35298d017af0bdd,0,4,0.050380922853946686,L4
SHB_b2cd32bee4ef3bf4,1,1,0.039082903414964676,L4
SHB_b3dcec270ccecb61,0,5,0.012173209339380264,L2
SHB_f0aec937080fa3a1,0,2,0.004467412829399109,L1
SHB_4a1357bb5067ff59,0,5,0.013196486048400402,L2
SHB_9d2dfc12bf5897e2,0,4,0.001382276532240212,L1
SHB_9095c4bd66b280f4,0,3,0.052288495004177094,L4
SHB_216ec98737328fb7,0,4,0.02982902154326439,L3
SHB_a9fec1d4a1e4dace,0,4,0.03725317493081093,L4
SHB_e7cc21eab4b07fca,0,1,0.012464993633329868,L2
SHB_7f30f080f50c8474,0,3,0.0011799706844612956,L1
SHB_b6a906af1f44a8c8,0,2,0.0005176946870051324,L1
SHB_7c3d6d6235bad3e2,0,3,0.0019975025206804276,L1
SHB_c952161656e96a9b,0,4,0.026988664641976357,L3
SHB_ce5613e6e9cdd434,0,4,0.010815918445587158,L2
SHB_992440310771aa25,0,1,0.09490472078323364,L5
SHB_ae2d452cf2b87eb2,0,5,0.01135843712836504,L2
SHB_757bf4e3b4be82cf,0,3,0.039938174188137054,L4
SHB_3c0437fc3b775f7c,0,4,0.005406809970736504,L1
SHB_e6ec8f575eee6b42,0,2,0.016363251954317093,L2
SHB_85c722ed9a6860d4,0,1,0.00042189189116470516,L1
SHB_7d4b0b93736e389c,0,1,0.017392972484230995,L2
SHB_2eef3bce94de6bf0,0,1,0.0019719640258699656,L1
SHB_ebbd9a9d633c9cd0,0,4,0.01869569718837738,L2
SHB_1bb654c284a47c96,0,1,0.012415030039846897,L2
SHB_1d313824f2d4b921,0,2,0.014270479790866375,L2
SHB_052f52e933207d0c,0,1,0.0008980505517683923,L1
SHB_4d000d87ff8df98d,0,1,0.0144962752237916,L2
SHB_798a798716fbccb7,0,2,0.0028694183565676212,L1
SHB_a0e4e1e0f01f775f,1,3,0.0021583253983408213,L1
SHB_023ab7e224ae59e1,0,5,0.01064884290099144,L2
SHB_4e48202c463b74b9,0,1,0.01818951778113842,L2
SHB_d0e5be4eb2388e5e,0,5,0.004190565086901188,L1
SHB_21aa80c83148930a,0,4,0.0020443967077881098,L1
SHB_3c6eb65fbd964c39,0,4,0.03078717179596424,L3
SHB_466f916192f04d25,0,1,0.007619389332830906,L2
SHB_9d0cfdb170a4c689,0,2,0.030028603971004486,L3
SHB_c3838751209da497,0,4,0.010490026324987411,L2
SHB_73228da0c7c6204f,0,3,0.023874113336205482,L3
SHB_577705092b2efe48,0,1,0.00031865114578977227,L1
SHB_fe643af36a6a1538,0,1,0.005846456624567509,L1
SHB_1a0c6f6967904705,0,1,0.024145929142832756,L3
SHB_9adb201a1cb7940f,0,3,0.009127306751906872,L2
SHB_e1add0015bb236d0,0,3,0.0004464217054191977,L1
SHB_413bcc20434c1010,0,2,0.0005057170637883246,L1
SHB_c3edce4110e039ca,0,4,0.0014235074631869793,L1
SHB_2024f27bbd8e90eb,0,4,0.004570393823087215,L1
SHB_ee97a162b4c52c0d,0,3,0.014018231071531773,L2
SHB_a88d34b683cd45e7,0,3,0.07651563733816147,L4
SHB_0713cb9cbbd296d9,0,3,0.00230625388212502,L1
SHB_87b26afcb6ff723a,0,2,0.0038698173593729734,L1
SHB_05d3f4c3a210f62b,0,1,0.01072670891880989,L2
SHB_445e69b1c9e7dd7b,0,2,0.01201919000595808,L2
SHB_9e4c0f25da73fc82,0,4,0.017701998353004456,L2
SHB_8a24d66b447b9f68,0,1,0.006042995490133762,L1
SHB_d41a94d64b8bff89,0,2,0.006998348515480757,L1
SHB_ce6d35cf3bedba96,0,5,0.028472883626818657,L3
SHB_fef8f3f79bb262ce,0,3,0.01969420537352562,L3
SHB_2ae633f5df321405,0,2,0.0003052939136978239,L1
SHB_ce73d1ebc578eeba,0,3,0.03250899910926819,L3
SHB_83d487abf541fd64,0,2,0.024903863668441772,L3
SHB_1bf339b59d102fbd,0,2,0.0003754588251467794,L1
SHB_a62ea4854c7d5705,0,5,0.025054819881916046,L3
SHB_d9d9f8a3f8aa99bf,0,5,0.027595650404691696,L3
SHB_cd9fccfe1a219294,0,1,0.024758119136095047,L3
SHB_19a8e1e7004214c8,0,2,0.0002687771338969469,L1
SHB_c7f299abba813202,0,1,0.002236621454358101,L1
SHB_e27910b07e1547ab,0,1,0.042940400540828705,L4
SHB_fdd4f943039c835f,0,5,0.022320497781038284,L3
SHB_ef30296f98052fa7,0,3,0.00023025674454402179,L1
SHB_436a7cb86dacb7a5,0,4,0.01349540613591671,L2
SHB_43016315149fc0fe,0,2,0.044787533581256866,L4
SHB_2cd914bb1d51f80a,0,3,0.004999323282390833,L1
SHB_fc56da7197bb4265,0,5,0.03749711066484451,L4
SHB_1a5d9e6aee3c8be2,0,2,0.00616595521569252,L1
SHB_402ea3f58210f268,0,1,0.0008165801409631968,L1
SHB_e89b0e73dfe7a3ef,0,3,0.06391684710979462,L4
SHB_26524122aabac84f,0,4,0.005659975577145815,L1
SHB_7f013b97c4cf9a12,0,4,0.0010557962814345956,L1
SHB_f9693c6e68534606,0,4,0.006046470254659653,L1
SHB_6c8fbe006a55e8c0,0,1,0.0009829154005274177,L1
SHB_c24ba9ea0647fc87,0,4,0.010357803665101528,L2
SHB_06f9d79c5ce68316,0,4,0.018794339150190353,L3
SHB_83f89700602b239c,0,3,0.0004480723000597209,L1
SHB_19ac71bed9428d9b,0,1,0.022432805970311165,L3
SHB_03360420ab102995,0,3,0.01878436468541622,L2
SHB_47799e0a9ca4b663,0,3,0.026061678305268288,L3
SHB_af82d50a847b96bd,0,1,0.030101289972662926,L3
SHB_efa28776af88009d,0,2,0.042963381856679916,L4
SHB_62ef4ea7813a34d3,0,1,0.0037591583095490932,L1
SHB_aafc0925bd310adf,0,2,0.014520587399601936,L2
SHB_83d43b5f757fc8d9,0,3,0.024920599535107613,L3
SHB_ff5f82b70b4de834,0,1,0.006959348917007446,L1
SHB_f95a00668da1d3ea,0,4,0.030208146199584007,L3
SHB_7829b5d0e540bed2,0,1,0.00034966118982993066,L1
SHB_eba5408ee27f72b5,0,5,0.0026502548716962337,L1
SHB_d0d8ce1c44fdf16b,0,3,0.000501951901242137,L1
SHB_2ca584c9af868e15,0,1,0.009419403970241547,L2
SHB_cde149bf80fee6a0,0,4,0.0013713431544601917,L1
SHB_25d0cd8af1bc31fc,0,4,0.0533064641058445,L4
SHB_52562a6f54f3595a,0,5,0.008468037471175194,L2
SHB_ca1b7e4e55c95a73,0,2,0.0016053207218647003,L1
SHB_0a5dcb774d56f0b7,0,1,0.022288117557764053,L3
SHB_e17edd847cfa323f,0,2,0.02297833375632763,L3
SHB_efa15e979f61e585,0,1,0.021686511114239693,L3
SHB_5e8a4a6a47be36ad,0,5,0.012260102666914463,L2
SHB_50f0eeb457808ca5,0,5,0.005389626603573561,L1
SHB_d13116ad4f11fc12,0,4,0.0011075912043452263,L1
SHB_2dd0a9b1f117cf84,0,1,0.033122532069683075,L3
SHB_34b4e8e2dbaf30bc,0,3,0.0421583391726017,L4
SHB_ac0897e1212ab69b,0,2,0.0055872113443911076,L1
SHB_6ed24431e7501d18,0,1,0.003165645059198141,L1
SHB_86a5c0beff5f22e1,0,1,0.004108265042304993,L1
SHB_9ac801c7628b424b,0,3,0.004744067322462797,L1
SHB_b1879f2d4633cf19,0,3,0.0023479985538870096,L1
SHB_486846a06e02b162,0,2,0.003705451497808099,L1
SHB_75fb0d5dec57b8f2,0,2,0.018679101020097733,L2
SHB_80f2988f36fa70e5,1,5,0.009895124472677708,L2
SHB_15b73a153c76ddec,0,5,0.0007303773309104145,L1
SHB_6e70375ea27fcaf5,0,4,0.0016789527144283056,L1
SHB_12139a98982005ca,0,3,0.00039433702477253973,L1
SHB_c177cda0be2b2ece,0,1,0.004048463888466358,L1
SHB_cceee9d26eb63832,0,3,0.007937002927064896,L2
SHB_5a59b2797b151d64,0,2,0.027372285723686218,L3
SHB_b6a618ab8ba52413,0,5,0.0011700345203280449,L1
SHB_f1e9dd60b9024115,0,4,0.001177096739411354,L1
SHB_144488398cd38ad9,0,4,0.002365709748119116,L1
SHB_b62c1ba104f99f3d,0,1,0.0009900653967633843,L1
SHB_7d0587f389012ecc,0,5,0.008578839711844921,L2
SHB_a3b289bdbdc7caa3,0,2,0.0012991891708225012,L1
SHB_f86435104a621ef3,0,3,0.03622550144791603,L3
SHB_62bdc00d0c1a4077,0,5,0.007239303085952997,L1
SHB_96d5a16550d93568,0,3,0.0021484994795173407,L1
SHB_2e4af1262727acad,0,5,0.011401815339922905,L2
SHB_ef2ba5de7718fd6a,0,5,0.00465503940358758,L1
SHB_90a4bc59276dab83,0,2,0.0254221148788929,L3
SHB_55aa0e264c6ee7a0,0,5,0.012848226353526115,L2
SHB_75fb33affc8b94fd,0,2,0.003309486201032996,L1
SHB_6da505fbd70e2ea6,0,5,0.00238784309476614,L1
SHB_c925734c946ce57d,0,1,0.004042899701744318,L1
SHB_9570b43154c681d7,0,3,0.0007096203626133502,L1
SHB_ba3bba44ef3d2c18,0,4,0.0025594669859856367,L1
SHB_b34be2afc4e58092,0,5,0.0018481242004781961,L1
SHB_50474ddd9f3c71d5,0,4,0.014872672036290169,L2
SHB_72addce8e4e02963,0,4,0.005575281102210283,L1
SHB_ab6827f8bfb00c2f,0,3,0.0006859991117380559,L1
SHB_89137384a6c37284,0,3,0.006188102997839451,L1
SHB_f4ea9ad890e00057,0,5,0.0164471585303545,L2
SHB_96a9a36db855734b,0,3,0.0036796920467168093,L1
SHB_9532af7b2567d391,0,1,0.006877567153424025,L1
SHB_d7816fa24c2db229,0,5,0.01482686959207058,L2
SHB_6f65943ec14c8815,0,5,0.004173685796558857,L1
SHB_43f0314cbe435c21,0,4,0.01372798066586256,L2
SHB_f52e351b1a81441c,0,2,0.0015607562381774187,L1
SHB_6a1b9e92e914a9ec,0,4,0.0044539072550833225,L1
SHB_99eab9fb52843469,0,5,0.0022223007399588823,L1
SHB_53553682989ad6ef,0,4,0.01911250688135624,L3
SHB_06c52ee1beaa29e8,0,5,0.07576379925012589,L4
SHB_34caddcd5badc87b,0,1,0.005083152092993259,L1
SHB_971f248180fa8e08,0,1,0.002540967194363475,L1
SHB_4cff3f53e57750b7,0,3,0.0012281143572181463,L1
SHB_e74a1add2b556091,0,3,0.019774114713072777,L3
SHB_2f61768863ec9461,0,3,0.0018023503944277763,L1
SHB_fa564afe4cf331c1,0,1,0.0009928330546244979,L1
SHB_fede986f206ea2b6,0,1,0.005326525773853064,L1
SHB_af0fee1995b57bab,0,1,0.00370332901366055,L1
SHB_f6dc25ffef5268e7,0,1,0.03642737865447998,L3
SHB_d519fab435c07abb,0,1,0.004979580640792847,L1
SHB_00b7e3bd6dacbdc5,0,3,0.007116889115422964,L1
SHB_964c3eb8529d3c71,0,1,0.017744865268468857,L2
SHB_769abb28fc6e5437,0,3,0.021723078563809395,L3
SHB_5f1a8e5982f28fae,0,3,0.00036934978561475873,L1
SHB_f1dd550e7ac22921,0,5,0.0031843872275203466,L1
SHB_05b11029914753cf,0,2,0.014450540766119957,L2
SHB_b6dad5f17e5aa6a9,0,5,0.00034500149195082486,L1
SHB_cafb262e74dd877d,0,4,0.025705132633447647,L3
SHB_509bb1a3ec86f101,0,5,0.00043319581891410053,L1
SHB_2a9437978171a7f4,0,3,0.19529598951339722,L5
SHB_fdde2979073e39ef,0,2,0.02163093350827694,L3
SHB_3f3a0a0b86927a59,1,4,0.015130081214010715,L2
SHB_7735a19ec7d596c4,0,5,0.011869959533214569,L2
SHB_f4134c148fae3e3a,0,2,0.026146821677684784,L3
SHB_c9a54d75be9ea132,0,1,0.033283013850450516,L3
SHB_d7bdbc02f54b411f,0,2,0.04062617942690849,L4
SHB_8e36f91f1c8f4a62,0,5,0.004925840068608522,L1
SHB_a176ab3d479cfe2a,0,1,0.008196119219064713,L2
SHB_8ef3bd15f9037aec,0,4,0.002361261984333396,L1
SHB_5a9780687c3818e8,0,4,0.2533988356590271,L5
SHB_f3e49912b6660b39,0,3,0.04571894556283951,L4
SHB_1d09fe6dc7315009,0,2,0.014128257520496845,L2
SHB_debb215dde7055d8,0,4,0.005977022927254438,L1
SHB_b0c9b5dd12653422,0,2,0.0003018627758137882,L1
SHB_a338f13df4b2ae94,0,1,0.0013252495555207133,L1
SHB_f2ffcef6353f4231,0,2,0.0007652963395230472,L1
SHB_44f8bfbb082e720a,0,5,0.00045884508290328085,L1
SHB_41a98544dbe6dca8,0,4,0.006056683603674173,L1
SHB_b983eaf75600280c,0,4,0.014420509338378906,L2
SHB_e64329ee6560d394,0,4,0.0006272825412452221,L1
SHB_f1e71f85c431597b,0,5,0.014421254396438599,L2
SHB_811269b92340561d,0,5,0.0005389422876760364,L1
SHB_28f3d09e6f544231,0,4,0.0035033586900681257,L1
SHB_ff75b7420a66823a,0,5,0.0005852163303643465,L1
SHB_b5de1330ed3fd8c4,0,2,0.007552682422101498,L2
SHB_c447f5f28a36462b,0,3,0.0037836129777133465,L1
SHB_52df812d0ab136ae,0,1,0.012868211604654789,L2
SHB_1a04de27afdb2abb,0,5,0.007765310816466808,L2
SHB_145431c2a3999b96,1,5,0.13586261868476868,L5
SHB_27fc831085d4b426,0,1,0.0037913783453404903,L1
SHB_b6bcf057713d7e11,0,4,0.012170938774943352,L2
SHB_bc3193a4f789ac5a,0,3,0.00025893497513607144,L1
SHB_0ec54d57301d84a7,0,1,0.0020839206408709288,L1
SHB_cd9e80dd7a2fca36,0,3,0.05665340647101402,L4
SHB_6f094d0d9ddc42a1,0,2,0.06910236179828644,L4
SHB_e4faf3494ef1a757,0,5,0.027892006561160088,L3
SHB_b47e4f3b8b1876bf,0,3,0.10606654733419418,L5
SHB_c70ffe8f0cfe5ba1,0,2,0.01330876350402832,L2
SHB_2f1fe1de4ac3eded,0,2,0.0008182271267287433,L1
SHB_ced000b84c3731f6,0,5,0.004279718268662691,L1
SHB_303f85580afbde4b,0,4,0.0007132938480935991,L1
SHB_808fce9baeb2c8bb,0,4,0.01976730115711689,L3
SHB_ccf5adfe0ae24bae,0,2,0.017144877463579178,L2
SHB_f45470deda61591e,0,1,0.0057064322754740715,L1
SHB_ab330fed4857edaa,0,5,0.0016676337691023946,L1
SHB_a54a5d018f8a51f4,0,1,0.000645211897790432,L1
SHB_600a4eea924d27aa,0,5,0.00818708911538124,L2
SHB_d606cf81e1febc45,0,3,0.0017190448706969619,L1
SHB_178f7ebf4c313c62,0,5,0.09116333723068237,L5
SHB_64350d4071ed283a,0,2,0.0022761402651667595,L1
SHB_6983b41f1e0bf234,0,2,0.00516781210899353,L1
SHB_8e20599d3a4336b4,0,5,0.03125535696744919,L3
SHB_c8744a1d930dcae7,0,4,0.011283082887530327,L2
SHB_a315069e0f38016f,0,1,0.00686963414773345,L1
SHB_5846b11411362f8a,0,4,0.002307914663106203,L1
SHB_073eb5e42e1a3c97,0,5,0.000251397374086082,L1
SHB_bc6e76ba1a017326,0,4,0.00871957466006279,L2
SHB_4fc327caaef2a349,0,4,0.04598348215222359,L4
SHB_176f6894cfc4f1e4,0,3,0.00027956333360634744,L1
SHB_92a93d36c1d05012,0,4,0.019377660006284714,L3
SHB_7c29f569563eb349,0,2,0.016736336052417755,L2
SHB_1c4a17443317c716,0,2,0.017694668844342232,L2
SHB_25ccb604c246b933,0,3,0.011756672523915768,L2
SHB_f82d8cfa35d5ab87,0,2,0.004445340018719435,L1
SHB_83491c0765f8e4a1,0,3,0.008391468785703182,L2
SHB_ba4033988f38a5bd,0,4,0.06163932383060455,L4
SHB_509bde2b4f6f49f6,0,4,0.011191320605576038,L2
SHB_612fca2c58bd043c,0,4,0.0021892813965678215,L1
SHB_a5de1d80d589c337,0,3,0.010973990894854069,L2
SHB_9c39a365ce3b2168,0,5,0.002986972453072667,L1
SHB_4a0d7cf64dcba32b,0,4,0.008666414767503738,L2
SHB_494c83ec51b6f269,0,1,0.004094428848475218,L1
SHB_32060872267066a3,0,5,0.016921646893024445,L2
SHB_c9a80f3b30d65db5,0,3,0.0036385839339345694,L1
SHB_113e2c9ccb63e775,0,2,0.00032409641426056623,L1
SHB_78a1eaa10e7fffa6,0,1,0.023879263550043106,L3
SHB_83de866dd5f2258d,0,1,0.0022925122175365686,L1
SHB_02c8057529ed23eb,0,4,0.009307348169386387,L2
SHB_e42c480394fc9bd2,0,5,0.005759834311902523,L1
SHB_cc5f645653fbb2b5,0,4,0.0011106810998171568,L1
SHB_57bc828502cbc014,0,4,0.011716761626303196,L2
SHB_54f87ef3d096df06,0,4,0.0020010427106171846,L1
SHB_3d346cfc83e4cafa,0,2,0.037096939980983734,L3
SHB_d5af0dc1c9ffe698,0,5,0.04094565659761429,L4
SHB_be54123202b8ccca,0,3,0.0003089304082095623,L1
SHB_11cb74befccbe85f,0,3,0.017952056601643562,L2
SHB_59f05a56e1ad6cb0,0,4,0.022596940398216248,L3
SHB_aab046d6a0e7cce2,0,2,0.023702604696154594,L3
SHB_3605a966e997bd90,0,3,0.004723072052001953,L1
SHB_4ff8c7f76bb69be4,0,2,0.01020811963826418,L2
SHB_8780acbb263691ff,0,5,0.007683632429689169,L2
SHB_c4901b661a2f7bc2,0,3,0.00633707782253623,L1
SHB_8320d41e931c7609,0,1,0.004872829653322697,L1
SHB_735ab11fd9f2f90e,0,2,0.0005388089921325445,L1
SHB_63172de715c19a2d,0,4,0.0003382800205145031,L1
SHB_0956a62bf477c166,1,2,0.185414120554924,L5
SHB_f0555a22158931b3,0,1,0.0007825460052117705,L1
SHB_98af6763bf9548bb,0,2,0.0012503969483077526,L1
SHB_2cecc2bb7774e231,0,2,0.01962490752339363,L3
SHB_2d0e7bf81812dc31,0,4,0.019784150645136833,L3
SHB_db7624d0c4cd4291,0,2,0.002323620021343231,L1
SHB_3ea3e305c762f965,0,2,0.0011546594323590398,L1
SHB_72feccb5370bc684,0,3,0.001093591912649572,L1
SHB_42903057d865173c,0,3,0.02742026373744011,L3
SHB_79dc5bcbb671cc33,0,1,0.05428529903292656,L4
SHB_006d8485deb482cc,0,5,0.02740517444908619,L3
SHB_8e86f06c77e2540c,0,2,0.008012005127966404,L2
SHB_de4eb6eac2f8b4c5,0,4,0.0008434171322733164,L1
SHB_d38a2f62dcfc8d22,0,2,0.014402581378817558,L2
SHB_fe5189f724394240,0,4,0.0011012029135599732,L1
SHB_33cc17b59191d8dd,0,4,0.001111928140744567,L1
SHB_4ba33d84d361c6b8,0,3,0.01300573069602251,L2
SHB_3a63e562055b70ef,0,1,0.001856705523096025,L1
SHB_db79eb4d5c4f0e6c,0,3,0.025127388536930084,L3
SHB_6b5ea13e60315ad0,0,1,0.032042600214481354,L3
SHB_b6acf34d6839ddd4,0,2,0.0009110369137488306,L1
SHB_8652476f85eb38eb,0,1,0.0005196675774641335,L1
SHB_5e0f8338de2c49c1,0,1,0.007277066353708506,L1
SHB_93d2c018509ace31,0,2,0.0011043077101930976,L1
SHB_2bcba01631c01f73,0,5,0.0004811263643205166,L1
SHB_7778afac0549cdf8,0,1,0.01720663160085678,L2
SHB_91a30ed53698f46c,0,3,0.0003904890036210418,L1
SHB_5311757fcb0c9938,0,3,0.0003060238959733397,L1
SHB_aa1e23fd901c300a,0,1,0.0030473684892058372,L1
SHB_d97bea73e5c37c72,0,3,0.010564262047410011,L2
SHB_09e96b6cbbcc7219,0,5,0.0012414089869707823,L1
SHB_a511100379f3783d,0,2,0.004262721631675959,L1
SHB_33fa659c20f4ac49,0,2,0.06851932406425476,L4
SHB_a06218087470d1f4,0,2,0.0010133199393749237,L1
SHB_76602bd9fa706504,0,5,0.011801226064562798,L2
SHB_441fc82c2199428b,0,3,0.007687884382903576,L2
SHB_34f3db358c2ad213,0,4,0.006663257256150246,L1
SHB_82ef229ed4efe37e,0,3,0.00960545428097248,L2
SHB_94d65e54cc82b8f8,0,3,0.003032770473510027,L1
SHB_02f3d86dd2aff71c,0,5,0.0016898232279345393,L1
SHB_1013b82b4d0720d6,0,2,0.004866449628025293,L1
SHB_318204494371bbd8,0,1,0.00040298106614500284,L1
SHB_d8fec4e78bd9643c,0,5,0.019467908889055252,L3
SHB_ece54eb019329a0f,0,1,0.004412456881254911,L1
SHB_b83571423ccb5cf4,0,1,0.011150168254971504,L2
SHB_bf88807cafbc207e,0,2,0.030606528744101524,L3
SHB_94ec0e17b28f8914,0,2,0.001273913076147437,L1
SHB_0206aac4abdf256a,0,5,0.021118665114045143,L3
SHB_4b2027228d517fb3,0,3,0.0003303441626485437,L1
SHB_e936e2f6da355823,0,5,0.0024665948003530502,L1
SHB_2b46ffad768fc897,0,4,0.016387268900871277,L2
SHB_0fca58de89d4aba3,0,3,0.00016242744459304959,L1
SHB_534d8c141ec13f41,0,5,0.023596370592713356,L3
SHB_0ef36e13c88c6ec5,0,5,0.0066699986346066,L1
SHB_ca7699ba9cbb3877,0,3,0.006406691856682301,L1
SHB_b42cdc1453d2a357,0,3,0.00021784288401249796,L1
SHB_cc5e518324e2d89e,0,4,0.0022369427606463432,L1
SHB_735dc4f4b45db57d,0,2,0.009533834643661976,L2
SHB_f60a821b1b13cfbe,0,3,0.00038803208735771477,L1
SHB_f0e83c9922874c53,0,4,0.009471775963902473,L2
SHB_9fcee5c42ca93efa,0,5,0.017166730016469955,L2
SHB_a151248c17f69ced,0,1,0.014591673389077187,L2
SHB_58e0470575534eea,0,4,0.00210816552862525,L1
SHB_8524475dbc8ca48f,0,5,0.049880705773830414,L4
SHB_d11d93780bf1fe17,0,5,0.0017550888005644083,L1
SHB_bbba1b0dc0f7d01b,0,1,0.01179294753819704,L2
SHB_f679b876bdb44c34,0,4,0.0007750194636173546,L1
SHB_915458775c5bb296,0,1,0.00888259056955576,L2
SHB_96abd7dccc34a87e,0,3,0.004061310086399317,L1
SHB_3244a6e1cd8f69f0,0,4,0.0006417704280465841,L1
SHB_4d0aab26f86e8b66,0,5,0.004373891744762659,L1
SHB_c3e0bc63d3933261,0,3,0.000474790227599442,L1
SHB_81a6cd35502cf85a,0,1,0.0249747633934021,L3
SHB_277e2a73f1804355,0,1,0.004670248832553625,L1
SHB_573d1ffcba358d5d,0,4,0.010753829032182693,L2
SHB_5ac0df2e96765e57,0,3,0.040432363748550415,L4
SHB_97d7fdfb611b4f78,0,3,0.030073000118136406,L3
SHB_33a52f112d1d52ba,0,2,0.0002655083662830293,L1
SHB_40b77260ebe37e2b,0,4,0.00210404465906322,L1
SHB_733132fd510a6696,0,2,0.01529967226088047,L2
SHB_64e84a2f0bd7da4b,0,1,0.061404865235090256,L4
SHB_2634afdb3c4cea54,0,5,0.0019352738745510578,L1
SHB_16861ce776efbc7c,0,5,0.011414104141294956,L2
SHB_ff7fdf71888d2e09,0,5,0.024018319323658943,L3
SHB_00efdb570d9990c9,0,3,0.0062954300083220005,L1
SHB_0174171bc7009949,0,4,0.009126495569944382,L2
SHB_992d7f3ae1c9bc40,0,4,0.010378818027675152,L2
SHB_b3149500ea3d9531,0,3,0.004251010715961456,L1
SHB_7e81fd230de075f9,0,2,0.03308524563908577,L3
SHB_607b4c682a984ae5,0,3,0.009371566586196423,L2
SHB_9b2a464dea55bc4f,0,4,0.001576035749167204,L1
SHB_4fc8d8a6de8d058e,0,3,0.008922155015170574,L2
SHB_b8343d614ec14754,0,3,0.00011920247197849676,L1
SHB_d58167ce057f9728,0,3,0.0367223359644413,L3
SHB_7248eb1088a0831a,0,2,0.003432976081967354,L1
SHB_6e401119aaf27933,0,4,0.0005319528863765299,L1
SHB_fe415c3928df9b18,0,3,0.027687139809131622,L3
SHB_58c6c5a6a910b43d,0,3,0.006979495752602816,L1
SHB_855524f3828aea1f,0,1,0.010182020254433155,L2
SHB_5ef68510fd4cf39f,0,4,0.005312671419233084,L1
SHB_35795a5aa4836afd,0,5,0.0039960662834346294,L1
SHB_cdbbfdb47cdff2a3,0,2,0.003407515352591872,L1
SHB_6f9959c9d70f1887,0,2,0.010453665629029274,L2
SHB_a90490d10e79d7f6,0,2,0.006424339488148689,L1
SHB_0be155d711d4fa8c,0,4,0.0013251896016299725,L1
SHB_3cb61c2e48456689,0,3,0.0019360450096428394,L1
SHB_4643579edfb7f61c,0,2,0.0007804284687153995,L1
SHB_5cf9c8bc03ac635b,0,5,0.0033024942968040705,L1
SHB_6a364f24612c4067,0,2,0.025891214609146118,L3
SHB_ca0b6b314c429d76,0,3,0.0003154925361741334,L1
SHB_3314d4f80bacbfa7,0,5,0.01713894121348858,L2
SHB_418b16e7781ab755,0,5,0.0017570791533216834,L1
SHB_f8a81f379e842d0b,0,1,0.03300848230719566,L3
SHB_29ad5f6795d571c6,0,5,0.0022258497774600983,L1
SHB_d330cd507cb5836e,0,2,0.009208764880895615,L2
SHB_778680e81c7bb406,0,1,0.0006005261093378067,L1
SHB_2d922d1a100431af,0,2,0.029497474431991577,L3
SHB_82917cefb23ae416,0,4,0.014934418722987175,L2
SHB_330e52e87aa0cfdd,0,1,0.0031140476930886507,L1
SHB_590a09b66be9d7a5,0,5,0.0428038164973259,L4
SHB_0590d7db55798ff8,0,4,0.0010392086114734411,L1
SHB_d994c792e4838105,0,1,0.028080591931939125,L3
SHB_4fb5760edbe194f8,0,5,0.017734630033373833,L2
SHB_69e3eef7848aee89,0,5,0.007542867213487625,L2
SHB_c93b2b4eba846e4c,0,1,0.0007199246319942176,L1
SHB_a7c5d48a8e23ab44,0,3,0.059406619518995285,L4
SHB_94162e99f51b1d76,0,4,0.011050336062908173,L2
SHB_6bdc83be32463fa1,0,5,0.0009710740414448082,L1
SHB_8adde6470a27438a,0,1,0.005890577100217342,L1
SHB_16f56941a3226079,0,5,0.0024280687794089317,L1
SHB_3be19ad28c6e90aa,0,5,0.005030759610235691,L1
SHB_6f0c7950236547fb,0,4,0.2753507196903229,L5
SHB_095f26ee52b811ea,1,3,0.011001268401741982,L2
SHB_042432758ae9928a,0,2,0.00736594432964921,L1
SHB_4dd41a202ee4645c,0,3,0.004333855118602514,L1
SHB_4ce8420b3fbb86e6,0,5,0.021932434290647507,L3
SHB_d2354286443919f2,1,1,0.0013602180406451225,L1
SHB_561a137d177a9f7b,0,1,0.0006713075563311577,L1
SHB_d2c7bc6004e4133d,0,5,0.013147707097232342,L2
SHB_f90c50b72b7440dd,0,1,0.004434933420270681,L1
SHB_58f41a6defde0f24,0,2,0.027869997546076775,L3
SHB_a517486076709857,0,3,0.0034582531079649925,L1
SHB_5389d4b808af6c57,0,2,0.045715972781181335,L4
SHB_71eec7d59991a03f,0,2,0.015137750655412674,L2
SHB_4e61eec70df0f8f2,0,1,0.0044048381969332695,L1
SHB_8032ef6703c71a6b,0,5,0.0068124146200716496,L1
SHB_9040028aa5e03131,0,2,0.003864000551402569,L1
SHB_14034ac603f5a3bc,0,2,0.003036856185644865,L1
SHB_3f87e6fa4da23848,0,5,0.010561485774815083,L2
SHB_4851e46c174bbc92,0,1,0.014829098246991634,L2
SHB_75f5571d680128db,0,3,0.000891182804480195,L1
SHB_47afaf11ec0bad92,0,5,0.003539369208738208,L1
SHB_9e91c4511d090f19,0,2,0.00040055287536233664,L1
SHB_762f5d21858685dc,0,1,0.012807389721274376,L2
SHB_8c1f58d1c2f1aaf2,0,5,0.010919720865786076,L2
SHB_00ac2539993f441c,0,1,0.0005942858988419175,L1
SHB_3e7d4e70f6e8d995,0,3,0.009960451163351536,L2
SHB_e1920e5d1e52b61f,0,3,0.0004476472968235612,L1
SHB_a4340f71b0b447fd,0,5,0.0005666839424520731,L1
SHB_921b13f7be96df9b,0,1,0.015714429318904877,L2
SHB_ac6a9420365d86c4,0,1,0.007636993192136288,L2
SHB_90f719f1691c6f03,0,5,0.007687832694500685,L2
SHB_ce3b8c1dbc8a06a7,0,5,0.0003030297521036118,L1
SHB_b724d82fd6b3691f,0,1,0.005667225457727909,L1
SHB_b476b5c4d76838b3,0,5,0.0007042213692329824,L1
SHB_37b8447e1a32a782,0,2,0.03308958560228348,L3
SHB_686f1fffea920829,0,2,0.04229568690061569,L4
SHB_05512cb4d4d2e37b,0,2,0.009696723893284798,L2
SHB_b6d230b397a8724e,0,3,0.0525289922952652,L4
SHB_6fc3c966858f9086,0,2,0.011138008907437325,L2
SHB_666cd2440327f34b,0,3,0.004070758353918791,L1
SHB_9e8348e704a37716,0,3,0.02936464548110962,L3
SHB_681e65c96b6ad573,0,1,0.08683952689170837,L5
SHB_f81ad23872322885,0,2,0.033221691846847534,L3
SHB_380c505d452f26e7,0,4,0.005255293101072311,L1
SHB_46f34009210af64b,0,1,0.013946953229606152,L2
SHB_4d9b9aa48db2600c,0,5,0.012137710116803646,L2
SHB_3f8cc574222712ec,0,4,0.012423439882695675,L2
SHB_786d593b76813605,0,1,0.005210761912167072,L1
SHB_783fa27aa226de6d,0,5,0.009133975021541119,L2
SHB_7691d2c56b9d5281,0,5,0.0020225499756634235,L1
SHB_38162e54b4723775,0,4,0.0033361094538122416,L1
SHB_9f1a3403cdb434ba,0,3,0.0007267665350809693,L1
SHB_5fedca1d0d9fcb3a,0,2,0.0009155278094112873,L1
SHB_6e40af6a1d326634,1,2,0.0792023241519928,L4
SHB_4ad02676ee5ee8b4,0,5,0.05089109390974045,L4
SHB_9bad962f44c0e3ef,0,1,0.07485394179821014,L4
SHB_40f9faf85260c3f8,0,2,0.0009527584188617766,L1
SHB_1b31ec492d45f266,0,2,0.0012285553384572268,L1
SHB_0b417c46dc184b75,0,3,0.0017265074420720339,L1
SHB_4fc81f375362cd4e,0,5,0.018496695905923843,L2
SHB_8681015ba29af4fb,0,2,0.06945911794900894,L4
SHB_aaf6c11a78e02f54,0,5,0.02494281716644764,L3
SHB_978b867b5afa3fe9,0,4,0.010863245464861393,L2
SHB_62567c929478797c,0,5,0.002624187618494034,L1
SHB_8996027e22160cfa,0,4,0.002518595429137349,L1
SHB_53c8cc21a05981b8,0,3,0.006196973845362663,L1
SHB_0960fbc5b410ab1e,0,5,0.020631112158298492,L3
SHB_31924e5403fdb59e,0,5,0.0006239482318051159,L1
SHB_888ee4fffc000877,0,1,0.0025756850372999907,L1
SHB_88a7096a5e617a43,0,2,0.0014257724396884441,L1
SHB_5f78c5427320ccba,0,4,0.002578859915956855,L1
SHB_ac8797d93135f847,0,4,0.0044969217851758,L1
SHB_b171e055d5be9576,0,4,0.001600485760718584,L1
SHB_c610881bdd0d3c14,0,5,0.0056396108120679855,L1
SHB_cd9c8870ec6364e0,0,3,0.0018468615598976612,L1
SHB_1d5e56110ddf9d60,0,5,0.0013482325011864305,L1
SHB_acd6e771f23ba5c6,0,4,0.013735936023294926,L2
SHB_33a0284607cb2938,0,3,0.0002558792766649276,L1
SHB_ad5f72c09b3e0cac,0,3,0.00044495027395896614,L1
SHB_ff0f138211e408d8,0,3,0.012562151066958904,L2
SHB_f1e5582ac499e4b7,0,2,0.022627511993050575,L3
SHB_1f754e50f681b5fa,0,5,0.013441981747746468,L2
SHB_ec56993cfc169de8,0,2,0.006417303346097469,L1
SHB_25588bb9c624d248,0,3,0.03860829398036003,L4
SHB_32ed67a83961c86a,0,5,0.0005207405774854124,L1
SHB_68df419805826bc7,0,4,0.0012743324041366577,L1
SHB_75ea42c7a9acf722,0,5,0.005506340879946947,L1
SHB_b8130c6bcfeed322,0,1,0.00037223187973722816,L1
SHB_a1ea932778017fed,0,5,0.010239141061902046,L2
SHB_95f4709ae1de1811,0,5,0.04925887659192085,L4
SHB_e0f0e230da8dee9b,0,5,0.00045863300329074264,L1
SHB_a67436400b512598,0,5,0.004337222781032324,L1
SHB_f0d4ace761241232,0,1,0.006991029251366854,L1
SHB_841e2e08ce246710,0,5,0.02176968939602375,L3
SHB_fb02db6748e9dc4b,0,5,0.004212712403386831,L1
SHB_966b8b20d08fa235,0,2,0.017764749005436897,L2
SHB_87f7d17201961641,0,4,0.033329255878925323,L3
SHB_400724b17332ecfc,0,1,0.008638695813715458,L2
SHB_554b5b806e237f9f,1,5,0.1812884509563446,L5
SHB_bbf2e4c65d2a4c60,0,1,0.02472059614956379,L3
SHB_76ea08fdde5b22ed,0,4,0.0007192158955149353,L1
SHB_50e767159e41004b,0,4,0.0029017433989793062,L1
SHB_3fbd3637db95a808,0,4,0.008327752351760864,L2
SHB_b2c82ad172995eaf,0,1,0.002193354070186615,L1
SHB_0868d5b863293b03,0,1,0.0006512809777632356,L1
SHB_66ec47ed67ca3936,0,5,0.00047497040941379964,L1
SHB_a5009d6f3a457205,0,3,0.0006040521548129618,L1
SHB_230e0051c3b17456,0,3,0.03589596599340439,L3
SHB_69bf09a4c126e7f1,0,5,0.06292849034070969,L4
SHB_c58497eb16583627,0,4,0.0004384186177048832,L1
SHB_b3726858968d2d66,0,3,0.0030775414779782295,L1
SHB_2a0d290106cad3d4,0,3,0.009558817371726036,L2
SHB_8ecc1381993b1ce6,0,2,0.028325852006673813,L3
SHB_e6d869d37fbd7b05,0,3,0.00021414771617855877,L1
SHB_ed907f29f3799306,0,3,0.02214309386909008,L3
SHB_4bf1679b9b6d6e2c,0,3,0.0021357322111725807,L1
SHB_4cd63a6f72487cc1,0,3,0.006055150646716356,L1
SHB_ef9bab2add6892c4,0,4,0.003567990381270647,L1
SHB_6bb0ca56cfe00c85,0,2,0.0007142747635953128,L1
SHB_b974aa2df937bbe0,0,4,0.003743046196177602,L1
SHB_60e2a2393bdf41a2,0,1,0.0007650280022062361,L1
SHB_2cbbd8729f474089,0,3,0.012508015148341656,L2
SHB_c8b60ea2bdefc8b4,0,5,0.0012231540167704225,L1
SHB_a02ff51a43c28bf7,0,2,0.0040971520356833935,L1
SHB_60c7914a7a119f53,0,4,0.0005377287743613124,L1
SHB_e484024772301b07,1,1,0.03653731942176819,L3
SHB_ede80a973985d364,0,4,0.012484055012464523,L2
SHB_701c4db71eb2ba16,0,1,0.11541807651519775,L5
SHB_edcbcfc27a9cc283,0,4,0.01187298633158207,L2
SHB_b7f1d8c0cba19432,0,4,0.06420649588108063,L4
SHB_b9ad1b9139ca8616,0,3,0.00990400929003954,L2
SHB_5077502b89b2cf50,0,4,0.01201943401247263,L2
SHB_41cc7f40aecf51e7,0,4,0.017957201227545738,L2
SHB_b76d6f5df55d84e9,0,2,0.05664990469813347,L4
SHB_89fd4ef432d50839,0,5,0.00039758096681907773,L1
SHB_8c7a2d08a8eab613,0,2,0.0147597286850214,L2
SHB_ec00b633777a46f4,0,3,0.0042854174971580505,L1
SHB_5f3563f4b2331f60,0,2,0.0007742734742350876,L1
SHB_ed58edd395cf40ff,0,3,0.006631977390497923,L1
SHB_16152475369eba39,0,5,0.018261434510350227,L2
SHB_a7c060e8d42845dd,0,3,0.00010598840890452266,L1
SHB_9f86904bc6bdbfeb,0,1,0.002260867739096284,L1
SHB_a7170ae9fd60afa9,0,4,0.0007354277186095715,L1
SHB_f1af3e474dabf928,0,2,0.007524804677814245,L2
SHB_99fe7693deea47d8,0,2,0.013026092201471329,L2
SHB_324d3cdc56d6e94c,0,2,0.0013059169286862016,L1
SHB_9829a32c8a1e0896,0,1,0.00040567026007920504,L1
SHB_19d54cc6070b3593,0,4,0.00032955993083305657,L1
SHB_fb7b875ce8aca6ca,0,5,0.0016801393358036876,L1
SHB_4f06158dde709662,0,1,0.0016258932882919908,L1
SHB_f8c989d9d800b647,0,5,0.015336576849222183,L2
SHB_3fb9761e1f32fbf7,0,3,0.0001665315794525668,L1
SHB_2fc9de0cf4e76f5c,0,5,0.007140270434319973,L1
SHB_0bea5daf7311e25e,0,1,0.04282832145690918,L4
SHB_9ba87bff0eb332cd,0,4,0.0006889287615194917,L1
SHB_058fbf8d9259e9f1,1,2,0.019068097695708275,L3
SHB_cdf6aa59cc8503f2,0,1,0.01402693334966898,L2
SHB_4acddb41cb4267a4,0,4,0.0005240084137767553,L1
SHB_f7654754a42b3038,0,5,0.0009245687397196889,L1
SHB_0a05a5d7fb2330b0,0,3,0.00023294120910577476,L1
SHB_8293c7de9c356c72,0,2,0.011555916629731655,L2
SHB_ae51d4b1002d2577,0,4,0.0008368761627934873,L1
SHB_496e57d2972fa156,0,4,0.04902418330311775,L4
SHB_aeba76d3152c0024,0,4,0.002387532964348793,L1
SHB_a351dc4a16dcd526,0,1,0.0009770506294444203,L1
SHB_79b9c85c7e48106a,0,5,0.00974119920283556,L2
SHB_381de0e197a0b065,0,4,0.00047517052735202014,L1
SHB_bc81ed2ad4e7726f,0,3,0.0016319340793415904,L1
SHB_674c83c4864b1caa,0,1,0.010310557670891285,L2
SHB_0c24254b6ec9404d,0,4,0.001485453569330275,L1
SHB_9e75367f19d58084,0,5,0.007882775738835335,L2
SHB_ffd4a199b99f12bf,0,2,0.030776524916291237,L3
SHB_be9a6b3a448a81b4,0,4,0.0009445660398341715,L1
SHB_e50cd49a31a38993,0,1,0.009707729332149029,L2
SHB_c89ce8b9766a4c9c,0,5,0.04415024816989899,L4
SHB_d2342dfcbb063978,0,4,0.01558603998273611,L2
SHB_df5f1189c4ab4213,0,3,0.0031083226203918457,L1
SHB_aa04c9b78ff0fdcd,0,2,0.00036801592796109617,L1
SHB_ce8bc436a5fb5184,0,4,0.0041812690906226635,L1
SHB_183cdf687ae9ad27,0,1,0.005393585190176964,L1
SHB_1f1f5028227cc2c3,0,2,0.005011717788875103,L1
SHB_6884ffb3acc40782,0,2,0.018083486706018448,L2
SHB_fd226eed118e5013,0,5,0.011744655668735504,L2
SHB_8fa2e646a45ae6d4,0,5,0.05722050368785858,L4
SHB_c2cf4802997d5a90,0,2,0.010432357899844646,L2
SHB_0053ea1df65fce12,0,3,0.004410176072269678,L1
SHB_0b9b107840c5d7c1,0,1,0.00771715771406889,L2
SHB_4dfd039a680fe9a0,0,1,0.0003846270847134292,L1
SHB_b7ed360bc10dd147,0,4,0.001333866035565734,L1
SHB_b8469a09915a3d82,0,5,0.0005588862695731223,L1
SHB_3d64d611a3b9fa9d,0,2,0.0014952359488233924,L1
SHB_28e9af0d4ca44d7e,0,3,0.00035008881241083145,L1
SHB_9211c0c58ab329f5,0,1,0.012599783018231392,L2
SHB_3c3b66801793a164,0,3,0.0027921199798583984,L1
SHB_fb3402c3cf8ea38d,0,5,0.012112789787352085,L2
SHB_46eafc29509e37b0,0,4,0.020215079188346863,L3
SHB_0b8d5f875e6cf84e,0,1,0.00473293149843812,L1
SHB_b9d538729e227025,0,4,0.0034043751657009125,L1
SHB_5b86dfbf869dd2b0,0,3,0.007481412496417761,L2
SHB_41d67473b5df7e2e,0,5,0.002591171534731984,L1
SHB_3e4ca76275c665f0,0,5,0.014711636118590832,L2
SHB_8c1b56b9e0f6b14b,0,3,0.0019569629803299904,L1
SHB_8eca55576826739a,0,4,0.0445830412209034,L4
SHB_a837c248cc6477c1,0,4,0.011912209913134575,L2
SHB_20fc41e3d8100321,0,5,0.03381200134754181,L3
SHB_b230450fc2a9da12,0,5,0.0010798918083310127,L1
SHB_fafaa24e3ec6554d,0,2,0.0006043996545486152,L1
SHB_18c9f0276e446df1,0,2,0.004910708870738745,L1
SHB_a8b7b855b55d76cf,0,2,0.00400239322334528,L1
SHB_523a809ef70116de,0,1,0.0038870880380272865,L1
SHB_b942d408efbb7321,0,4,0.003537494223564863,L1
SHB_6d6f830fa19d7614,0,4,0.005816732067614794,L1
SHB_e7062ba203f4af34,0,3,0.044900450855493546,L4
SHB_5260526f827cb179,0,1,0.047065481543540955,L4
SHB_b1479740428fee39,0,4,0.03812125697731972,L4
SHB_d99ce13531dce494,0,5,0.04521762952208519,L4
SHB_fc08f6a7ca7af2f2,0,2,0.05148796737194061,L4
SHB_1d911e808339d5e6,0,3,0.005578938405960798,L1
SHB_c1f99ca5c3b489f0,0,5,0.005269648041576147,L1
SHB_3bfc5953ab507ee0,0,1,0.002098754048347473,L1
SHB_fc52dff69f429056,0,5,0.0020930184982717037,L1
SHB_5fd789aa794a6fc8,0,3,0.022733580321073532,L3
SHB_423bec095eaa6a27,0,5,0.03768245130777359,L4
SHB_76851e16bc350359,0,1,0.005475134123116732,L1
SHB_771522bd6a97239c,0,2,0.008341172710061073,L2
SHB_8872ad1f2d5fccad,0,3,0.004714530427008867,L1
SHB_cc3af2c4636b23ef,0,2,0.022399118170142174,L3
SHB_47804bc5fc4cd2e0,0,5,0.0018242447404190898,L1
SHB_c4ca2c6b65a3f356,0,2,0.0005265914951451123,L1
SHB_abce42dff312ac34,0,2,0.011030125431716442,L2
SHB_1c1b7c7ba4c8b7d4,0,4,0.008024035021662712,L2
SHB_469b65662b7d7a32,0,3,0.001690403209067881,L1
SHB_11bd1df133087374,0,4,0.0014582311268895864,L1
SHB_bf85331ef9c7670e,0,1,0.02083350531756878,L3
SHB_2322fa6dfc517bf0,0,4,0.03237712010741234,L3
SHB_410847d7f55c283c,0,3,0.00025100004859268665,L1
SHB_dc210ec71275e4fb,0,5,0.017771530896425247,L2
SHB_edd81ce0c3869c26,0,4,0.011288787238299847,L2
SHB_b4bcf0cdc0f144ba,0,2,0.0006825786549597979,L1
SHB_1689006b9163489d,0,1,0.008981018327176571,L2
SHB_96c3e6a6d87c89b1,0,1,0.0018495911499485373,L1
SHB_ed18846bf402e5ae,0,3,0.015129641629755497,L2
SHB_e62d2af7140e7841,0,2,0.0020755561999976635,L1
SHB_1f8aecc24a83c167,0,1,0.0012433662777766585,L1
SHB_c12796b6bd5278a7,0,4,0.013123389333486557,L2
SHB_dc0b8dc3c5805b87,0,1,0.0010649560717865825,L1
SHB_89e7aedb2ea2cb7b,0,3,0.048158206045627594,L4
SHB_1347ac3dcdbe6ef5,0,5,0.004960632883012295,L1
SHB_758b5918fcb81026,0,2,0.0014802226796746254,L1
SHB_ce14e3980b051ea9,0,5,0.012541542761027813,L2
SHB_d62cd88417c2b6a3,0,4,0.009463571012020111,L2
SHB_99f4888a153bb117,0,2,0.016461657360196114,L2
SHB_c141af9b4c28d350,0,3,0.02867218479514122,L3
SHB_9cdcd03e496f9507,0,1,0.0017751980340108275,L1
SHB_0c7e79fd48f34795,0,4,0.00876085739582777,L2
SHB_715043025dafdf9f,0,2,0.0034730711486190557,L1
SHB_2da1385c2e8be585,1,4,0.03852127119898796,L4
SHB_ec83732bbdbf3585,0,1,0.0021962225437164307,L1
SHB_35c7a60a318d8dd4,0,2,0.00986014399677515,L2
SHB_23b920b2b84e7863,0,2,0.00045526487519964576,L1
SHB_ac15e37d29ffafa5,0,3,0.035582534968853,L3
SHB_7136f0db49455e3a,0,5,0.006468204315751791,L1
SHB_423f05bfa20387b8,0,4,0.007869153283536434,L2
SHB_a0ddc3f9f47f3c53,0,4,0.0034215818159282207,L1
SHB_3a3e90373110e23f,0,1,0.0030670203268527985,L1
SHB_fa518d65a5804d99,1,3,0.013241543434560299,L2
SHB_946047f522e14084,0,1,0.011485540308058262,L2
SHB_bb79f4e8d01ec13f,0,1,0.0023136462550610304,L1
SHB_7115c31c264c5432,0,2,0.01811557076871395,L2
SHB_d45a36ff64d329cb,0,1,0.004187603481113911,L1
SHB_0aa01f7122973169,0,1,0.007984870113432407,L2
SHB_e69023f1fe0b7733,0,5,0.001386749790981412,L1
SHB_69b2c3e7f58c2ab1,0,4,0.013820493593811989,L2
SHB_b5e8cf25b78af3ae,0,2,0.006194202695041895,L1
SHB_8e1f3618fa80dbfa,0,3,0.04892886057496071,L4
SHB_f48610d3e0d84bec,0,2,0.010472697205841541,L2
SHB_9d9b6a5a8e639e0c,0,2,0.0055250609293580055,L1
SHB_c179af55745672b0,0,3,0.0002843538823071867,L1
SHB_82d761c3e4e132cf,0,3,0.0007419271860271692,L1
SHB_6230508aa05be065,0,5,0.044258370995521545,L4
SHB_5ea33c3f9ad0d0c1,0,4,0.001589905354194343,L1
SHB_bbe56fbb05e930c0,0,1,0.0014050912577658892,L1
SHB_a7602234f9e8828d,0,3,0.004412902984768152,L1
SHB_7e0e2149d6b774b5,0,1,0.03319060057401657,L3
SHB_1cfca378b962c2c4,0,5,0.0010938283521682024,L1
SHB_9111887a65df9567,0,5,0.0021638493053615093,L1
SHB_e962e3aaa89ce1fc,0,5,0.006483169272542,L1
SHB_372fa3359a1ef2a7,0,1,0.01878185011446476,L2
SHB_a652ca4e2bb67a0c,0,4,0.032350629568099976,L3
SHB_dfd145f649adbf32,0,5,0.01767502911388874,L2
SHB_a861e108a0be8598,0,1,0.15017929673194885,L5
SHB_d074662480f9f1a7,0,2,0.010249975137412548,L2
SHB_05f3732566e18fdb,0,2,0.0016798601718619466,L1
SHB_e30a8250bc3d3185,0,3,0.023229192942380905,L3
SHB_b6b1db5936551194,0,5,0.008989195339381695,L2
SHB_19aa8a78b24d8489,0,2,0.021332615986466408,L3
SHB_6142403b41058555,1,2,0.037981122732162476,L4
SHB_b1eef4fe7a4839b1,0,4,0.007948966696858406,L2
SHB_4f0530664259b341,0,3,0.00035508282599039376,L1
SHB_67b21c62f4800699,0,2,0.0005421239766292274,L1
SHB_d059232f13089a78,0,5,0.00614084443077445,L1
SHB_ad6d3c235cf1e89b,0,2,0.015250856056809425,L2
SHB_6956cb92cfa0f174,0,3,0.0031442062463611364,L1
SHB_a088c5743ca74ffc,0,4,0.0011407916899770498,L1
SHB_39f889ef432a4e9c,1,5,0.08089902997016907,L4
SHB_99c8b8559c06d05d,0,4,0.005109160672873259,L1
SHB_df49722ec5026418,0,1,0.009956262074410915,L2
SHB_3204f1bbc2f73b6d,0,2,0.04898884892463684,L4
SHB_8e09640bf25c298f,0,5,0.01286509819328785,L2
SHB_565b4a9fecc9ef5e,0,2,0.02462927997112274,L3
SHB_cfae101628d354a7,0,2,0.002283720998093486,L1
SHB_fbc828953a659dfc,0,2,0.00046473616384901106,L1
SHB_6fca897ca04dee17,0,3,0.0007055276073515415,L1
SHB_51347f0969afbc77,0,3,0.0003904102777596563,L1
SHB_2648bd629d346d85,0,4,0.009997794404625893,L2
SHB_f3b1eae864f5af08,0,2,0.01296271476894617,L2
SHB_d74a8fa6ad89db99,0,4,0.05259089916944504,L4
SHB_be5a1baf3c6b2530,0,2,0.014165359549224377,L2
SHB_9f6be4f388d7b82d,0,1,0.0018420815467834473,L1
SHB_695cfc5efb4f3a89,0,5,0.011859896592795849,L2
SHB_3d1e81b4728dee33,0,4,0.004064767621457577,L1
SHB_c0bfab46f8fdc20f,0,4,0.00920258928090334,L2
SHB_db5b963653326dc4,0,4,0.00047018707846291363,L1
SHB_826f38fc234e0b59,0,5,0.0111215990036726,L2
SHB_5edc252b3b54fe74,0,3,0.023545680567622185,L3
SHB_9ccd9f3d29829fb3,0,5,0.02956787310540676,L3
SHB_0736212a54ef9115,0,3,0.009516824968159199,L2
SHB_3d33d5b8972d1e16,0,1,0.0015959166921675205,L1
SHB_55619298623409ea,0,1,0.0023491426836699247,L1
SHB_c17006a90820fecb,0,3,0.013454989530146122,L2
SHB_cc911a2fcb311957,0,3,0.013003594242036343,L2
SHB_b49dbd7440622131,0,4,0.04469990357756615,L4
SHB_e8907c830958c273,0,1,0.0005571098299697042,L1
SHB_3b911588458bdaac,0,4,0.005996443331241608,L1
SHB_c549b1196d737a23,0,3,0.0019343218300491571,L1
SHB_230fb3ff282360de,0,2,0.005020604468882084,L1
SHB_7cad26c4bb245055,0,3,0.00017718503659125417,L1
SHB_70c6477d691f1e4a,0,1,0.009484289214015007,L2
SHB_19e979a112313147,0,4,0.0038089046720415354,L1
SHB_012b4bbb3954304e,0,2,0.040141571313142776,L4
SHB_86dc05e68424383f,0,5,0.002974830335006118,L1
SHB_42d8a4f8116e0d83,0,2,0.004354692529886961,L1
SHB_2b0b077bde1b273a,1,2,0.03043689951300621,L3
SHB_e5bd703010b94f8e,0,1,0.012307172641158104,L2
SHB_ac8f8a421f369676,0,1,0.01825794018805027,L2
SHB_499e2eaa788d56e6,0,1,0.07524015754461288,L4
SHB_bc171e2be6cd23bd,0,5,0.040818337351083755,L4
SHB_7de4c6ab4f148019,0,4,0.0010278852423653007,L1
SHB_bf75f37eb6cd139b,0,3,0.00011517769598867744,L1
SHB_b7b01d7251c9c24f,0,4,0.011204589158296585,L2
SHB_c27cf0c37ea81056,0,1,0.0015691232401877642,L1
SHB_b8bed1664c809a09,0,3,0.02009415067732334,L3
SHB_22e1d5136d4b6587,1,2,0.004318393301218748,L1
SHB_4267cf5d63d50dfd,0,4,0.007721200585365295,L2
SHB_726e2044fe50650b,0,1,0.06112319603562355,L4
SHB_66e451222f828d45,0,2,0.0016898585017770529,L1
SHB_791f751f3021da7b,0,1,0.000640308135189116,L1
SHB_c032b2ef8fe03a89,0,1,0.0038619653787463903,L1
SHB_56c62db8aa4188a7,1,1,0.09238060563802719,L5
SHB_b87909e7c53a3ef7,0,3,0.012440318241715431,L2
SHB_c3e454cad7a08c2b,0,5,0.02171921730041504,L3
SHB_27ddf8ae922fe021,0,2,0.0012322330148890615,L1
SHB_60cd45158c1a4476,0,4,0.0005440438981167972,L1
SHB_74c62ed0785bfcc7,0,4,0.03891026973724365,L4
SHB_1c7bb8d7de514738,0,4,0.00748401926830411,L2
SHB_60a3220e6db457e3,0,2,0.003774435957893729,L1
SHB_40a9effe311e8674,0,5,0.0018972333054989576,L1
SHB_78f153a3501141fc,0,3,0.01083232183009386,L2
SHB_14f831736482bfca,0,2,0.000385729392291978,L1
SHB_8186e0bf3465006f,0,4,0.0006874962709844112,L1
SHB_8c2419c1898dbff5,0,4,0.025566449388861656,L3
SHB_779df6ee5df20724,0,3,0.006901488173753023,L1
SHB_509b4689c01ad17a,0,3,0.022409582510590553,L3
SHB_499572aca2244445,0,3,0.007627999875694513,L2
SHB_93aa22b992860649,0,4,0.005494249053299427,L1
SHB_875cb6492aad0f8c,0,3,0.00014088698662817478,L1
SHB_c02b060a79c78513,0,2,0.02183138206601143,L3
SHB_adb3d580ac5c63d2,0,5,0.026311956346035004,L3
SHB_b9a5008dd7d0ff5c,0,5,0.014102384448051453,L2
SHB_5737f73125b542cd,0,3,0.016232190653681755,L2
SHB_9b26264c84d813d5,0,4,0.022562947124242783,L3
SHB_2461ce768d397a86,0,2,0.0008299975888803601,L1
SHB_db8182a5c0154066,0,2,0.01223662868142128,L2
SHB_98ac58afa0c6dfda,0,3,0.0001632388448342681,L1
SHB_5fd5b5f92501ee84,0,3,0.02085152454674244,L3
SHB_a31c4cb0d11515eb,0,2,0.004374350421130657,L1
SHB_28351f62ccaf17c7,0,3,0.016981089487671852,L2
SHB_e61f14a8abbdb753,0,2,0.010708427987992764,L2
SHB_1776a92787b14709,0,1,0.004521515686064959,L1
SHB_983df4ef53c9e722,0,3,0.01948617212474346,L3
SHB_d12d9056e4b04b66,0,3,0.0002613507385831326,L1
SHB_861efbc1baeec79b,0,2,0.0010283064329996705,L1
SHB_82abc0543261deda,0,3,0.011945667676627636,L2
SHB_9522a6ccb6575efe,0,5,0.07948097586631775,L4
SHB_298703aff16284a6,0,2,0.004373978823423386,L1
SHB_d9ca6a2d9a8ee685,0,5,0.007339407689869404,L1
SHB_3b8c6d7b71bbcde2,0,5,0.0032044718973338604,L1
SHB_935eaeec9ff521c2,0,2,0.00040916085708886385,L1
SHB_4c6ed583dc6c6917,0,5,0.010588952340185642,L2
SHB_2569e0bf333dcb4a,0,4,0.0012533486587926745,L1
SHB_0e3733d07bc248f5,0,4,0.006625032518059015,L1
SHB_d45e63170aac4b69,0,3,0.05786516144871712,L4
SHB_523260c744729a76,0,2,0.0013345432234928012,L1
SHB_f2e2729d4e3aaf79,0,5,0.0010666395537555218,L1
SHB_21a3e6faae0a647b,0,3,0.004416920710355043,L1
SHB_d97daf7d124e0b2e,0,5,0.002349341521039605,L1
SHB_3aa0c2f2e0b7097d,0,3,0.028062494471669197,L3
SHB_b8d6fc0aab98d883,0,3,0.016442591324448586,L2
SHB_99e590e64ed97d83,0,1,0.03553652763366699,L3
SHB_5d3ca614114e3ba8,0,5,0.012723720632493496,L2
SHB_0e76781d25a20a76,0,4,0.0006571386475116014,L1
SHB_592423438ea767c0,0,1,0.01603015512228012,L2
SHB_728830046902b4da,0,3,0.0013439255999401212,L1
SHB_afa828fcfe7a2aaf,0,3,0.025435350835323334,L3
SHB_44ee1ba3c003411d,0,2,0.0029648365452885628,L1
SHB_83ab5450c041384e,0,3,0.003451938508078456,L1
SHB_e1c4918419cef366,0,1,0.0003570788830984384,L1
SHB_50fc9dabfccb70c5,0,2,0.00789109617471695,L2
SHB_52e6b09df89d6952,0,4,0.0009486692724749446,L1
SHB_3fac930e7857623e,0,3,0.023794859647750854,L3
SHB_5ac96b7fb1dd9c77,0,2,0.0006583588547073305,L1
SHB_941b50323c9e8250,0,2,0.02152029238641262,L3
SHB_cfaaca99fd201aa4,0,5,0.01848621480166912,L2
SHB_3ce5216b3fa7f1fd,0,3,0.0027028426993638277,L1
SHB_be47870ba1a6b8b0,0,3,0.0364648811519146,L3
SHB_378be58a212486aa,1,1,0.007663111202418804,L2
SHB_ce7d3de90d6784eb,0,4,0.1454453021287918,L5
SHB_2db1d3940ed3766a,0,5,0.014030170626938343,L2
SHB_d66a5f3d6fc6c9be,0,1,0.00036998128052800894,L1
SHB_b53550354c5497c8,0,3,0.055846355855464935,L4
SHB_43e02b1af347c324,0,5,0.0032589829061180353,L1
SHB_0a8c14d6bcbd19ef,0,2,0.0006133056012913585,L1
SHB_b8f044b989100e50,0,3,0.01451252494007349,L2
SHB_bd99065e5f968849,0,1,0.04876112565398216,L4
SHB_f612881caf37b7f4,0,3,0.007651472929865122,L2
SHB_f9d671faabc80147,0,5,0.03787454217672348,L4
SHB_8d50a790e98cf54a,0,1,0.0005308522377163172,L1
SHB_55759f2851a904fc,0,2,0.008712260983884335,L2
SHB_9d237a656d632d5a,0,1,0.041923120617866516,L4
SHB_5580f1fa4f48e8c3,0,2,0.025257129222154617,L3
SHB_0abe2bb90c219df2,0,2,0.03864690288901329,L4
SHB_b0a52bc618b678f9,0,1,0.014808068051934242,L2
SHB_70b58ec544e1f34a,0,1,0.009739511646330357,L2
SHB_6609295a886304d8,0,1,0.004955741576850414,L1
SHB_194c63b9760fb4d7,0,2,0.03771798312664032,L4
SHB_aa8484f8e2446bd4,0,2,0.003121941350400448,L1
SHB_e44de11431ec3a78,0,3,0.0004072752199135721,L1
SHB_46e5a7ac96b028ac,0,1,0.013666467741131783,L2
SHB_a2a0d77bd66a4083,0,3,0.004092784132808447,L1
SHB_b16e4a39ab9271fc,0,3,0.012171654962003231,L2
SHB_e6db5add98aa566e,0,5,0.005895082838833332,L1
SHB_9f97e653f1d6bb2a,0,2,0.012445955537259579,L2
SHB_4c42afa8f73e2475,0,3,0.011547748930752277,L2
SHB_db5e2e1516afcef6,0,4,0.004246229771524668,L1
SHB_039ea879c8206acc,0,4,0.0631021186709404,L4
SHB_e2b20c7e8a09ada6,0,3,0.00016720716666895896,L1
SHB_8ec5dd30794fba97,0,4,0.022053882479667664,L3
SHB_b866a477b9c000f3,0,2,0.009988619014620781,L2
SHB_ec332fb1abe8319a,1,3,0.025782030075788498,L3
SHB_27e1f9f6dcdfa90e,0,4,0.0004119868972338736,L1
SHB_a6af5008cb21ae8b,0,5,0.016382111236453056,L2
SHB_377f31d13719c2e3,0,3,0.0032280045561492443,L1
SHB_26fe7becadf53dd5,0,3,0.024360312148928642,L3
SHB_e56d13d72e82779d,0,4,0.0006763950805179775,L1
SHB_b087af56944df82d,1,3,0.09964609891176224,L5
SHB_b18efea366259c5f,0,5,0.004964849911630154,L1
SHB_51f6879d260e7119,0,4,0.0057577453553676605,L1
SHB_262a02a9defa86ce,0,2,0.0015600245678797364,L1
SHB_ece1fe2a4b0d00f3,0,5,0.018597634509205818,L2
SHB_b38318c6eb6ad928,0,1,0.014752243645489216,L2
SHB_1f5f8a361a84c4fe,0,2,0.004476964008063078,L1
SHB_0d42348b4561a76c,0,5,0.03410534933209419,L3
SHB_bb0d54f07b46535f,0,5,0.013336047530174255,L2
SHB_edf637dd37d91765,0,2,0.017720988020300865,L2
SHB_427e0232b6a9023b,0,2,0.008451171219348907,L2
SHB_11d4e8f411df5d21,0,1,0.007333368994295597,L1
SHB_167cbb0aee6b43c0,0,4,0.005383837502449751,L1
SHB_b08967b6c0c0e892,0,5,0.004027899354696274,L1
SHB_4de20ffe6a8904f9,0,3,0.00014078746607992798,L1
SHB_a4cff1c4f94ea877,0,1,0.012248859740793705,L2
SHB_fc9f1e1c96052dd8,0,1,0.00596360070630908,L1
SHB_2adca1cbf9467d41,0,2,0.025744425132870674,L3
SHB_73ed802d48caa03f,0,1,0.003432103432714939,L1
SHB_0acde23ad41b62f8,0,2,0.001123072812333703,L1
SHB_9b0f7600947afa57,0,2,0.0005742947105318308,L1
SHB_0622a4cc60ba077d,0,5,0.007944745011627674,L2
SHB_f6b8da8e4250866c,0,1,0.0032779984176158905,L1
SHB_f748735bec5fef6b,0,3,0.001080965856090188,L1
SHB_ebe341e6efc5aaf4,0,2,0.00402557197958231,L1
SHB_ac49e636582f1c45,0,2,0.000626941560767591,L1
SHB_27882c91e9307af8,0,2,0.011192059144377708,L2
SHB_5e69fa8cfbee5f03,0,4,0.013027938082814217,L2
SHB_24b6ddb0af73b1c8,0,4,0.002040595281869173,L1
SHB_b23db94e8c1fb6a6,0,3,0.0003670560254249722,L1
SHB_ba481db78fc89a8c,0,1,0.009138884022831917,L2
SHB_8d3d1d8b22d031c4,0,1,0.0037349234335124493,L1
SHB_e5b569ea67735c01,0,2,0.00605699373409152,L1
SHB_41d55025e6fe7ad7,0,3,0.0005881102406419814,L1
SHB_2dcde57e6fc1966c,0,2,0.0007476181490346789,L1
SHB_3c57b2999a2adade,0,5,0.0059247552417218685,L1
SHB_954e7ba4f782353c,0,1,0.018895287066698074,L3
SHB_8bb34f0739c20f50,0,5,0.0009479961008764803,L1
SHB_4f78d133dc226121,0,5,0.0005275095463730395,L1
SHB_c91118cbf75102d9,0,1,0.012387390248477459,L2
SHB_05a2bb6fa9f41570,0,1,0.002079626312479377,L1
SHB_1577b1ab21c5d514,0,4,0.02195752039551735,L3
SHB_f1a8ff40a9490a05,0,4,0.053788647055625916,L4
SHB_19d470bd2ad2be2e,0,3,0.03405348211526871,L3
SHB_747b3bb303617ce2,0,4,0.035045403987169266,L3
SHB_a0d1d277f5d0b934,0,4,0.014842710457742214,L2
SHB_da19d477fb5b6b2b,0,3,0.006493973545730114,L1
SHB_e77149cba6769c17,0,3,0.014599135145545006,L2
SHB_b72a4ac02511a477,0,4,0.019158445298671722,L3
SHB_ee424ab32cad693c,0,4,0.010561859235167503,L2
SHB_712c103ddc273591,0,1,0.003047245554625988,L1
SHB_055fd9595f365f30,0,1,0.008175195194780827,L2
SHB_b1e0ebf878ae0e48,0,1,0.00025694273062981665,L1
SHB_b6a1a8a03c6c103a,0,5,0.052060842514038086,L4
SHB_66c40f06167400ac,0,2,0.015882456675171852,L2
SHB_8084ae90f1d1726e,0,1,0.005790421739220619,L1
SHB_860ac4dc8fd89e7c,0,2,0.019942237064242363,L3
SHB_e1248dbab10268d4,0,5,0.006932096090167761,L1
SHB_d41cb5e68ff85ddd,0,1,0.002813623985275626,L1
SHB_ae0d125528844395,0,5,0.0036619892343878746,L1
SHB_166838db1eb9772a,0,4,0.008272654376924038,L2
SHB_ca330dc3305197cc,0,3,0.03141053393483162,L3
SHB_097779dcf4c98ed3,0,4,0.010325705632567406,L2
SHB_e140492cc89b0ec5,0,5,0.026488671079277992,L3
SHB_a2e94b6b2c217e9f,0,1,0.013029500842094421,L2
SHB_5be845ca35fb52f1,0,5,0.0042044175788760185,L1
SHB_712a9e61674907d2,0,4,0.012358994223177433,L2
SHB_ac4b3b01d6858483,0,2,0.0009728613076731563,L1
SHB_ce3c67441c432ceb,0,1,0.013256535865366459,L2
SHB_40f1db7a0871fc0e,0,1,0.01660897210240364,L2
SHB_3ed32fb7464a8da6,0,1,0.013218672946095467,L2
SHB_9971280584e14fca,0,3,0.1737520396709442,L5
SHB_88e8b0f5166bf5b4,0,5,0.0084501001983881,L2
SHB_6b9e7ab09d1aacad,0,1,0.03097154200077057,L3
SHB_f771054e46743a59,0,5,0.0005789237911812961,L1
SHB_e809ee6e7deeb35d,0,5,0.024756524711847305,L3
SHB_bdccc25e9a6f8761,0,2,0.00040484408964402974,L1
SHB_2b6b385527e7f280,1,3,0.0060989027842879295,L1
SHB_0cceb7ff87ad422b,0,5,0.0011225000489503145,L1
SHB_d26477442ed75124,0,5,0.03169677406549454,L3
SHB_3ddf3031ad4f9a93,0,4,0.03234292194247246,L3
SHB_9b35bc4387cf12a0,0,3,0.010486711747944355,L2
SHB_cbb641042c386d24,0,2,0.04292396083474159,L4
SHB_251e7dd060175b41,0,1,0.005344449542462826,L1
SHB_085b086d8a3de24c,0,2,0.005934114567935467,L1
SHB_355b78a495215d3d,0,5,0.03535625711083412,L3
SHB_2d1fd6b3fa8cdbbc,0,1,0.001589500461705029,L1
SHB_e02d420e776cd2cc,0,3,0.007630123291164637,L2
SHB_3b915ab4bb757d5a,0,4,0.030256543308496475,L3
SHB_06cef38de94b244f,0,2,0.0005801094230264425,L1
SHB_b8a7dc9c5cda0e8e,0,4,0.001297051552683115,L1
SHB_92b8b94517c0cc41,0,1,0.00038522816612385213,L1
SHB_6d20f2e85d621a9b,0,4,0.002808092162013054,L1
SHB_49d2e37026f678de,1,3,0.019288601353764534,L3
SHB_c852fbf1457d24e1,0,3,0.006681268569082022,L1
SHB_1741c539e1b20be6,0,2,0.0011668908409774303,L1
SHB_5d9d9d60be0b1abf,0,5,0.00703703286126256,L1
SHB_48694db99069c433,0,2,0.09102673083543777,L5
SHB_9b2ce22ff2526ce7,0,2,0.014009376056492329,L2
SHB_9fcf032124d96647,0,3,0.005511460825800896,L1
SHB_540f3eed997df40a,0,2,0.0006039902218617499,L1
SHB_9eab875ced35a686,0,2,0.030666356906294823,L3
SHB_44043ff6ded0bcd0,1,5,0.022604482248425484,L3
SHB_efe489bd08b571a6,0,4,0.008363811299204826,L2
SHB_ed676f8ac62f9d96,0,1,0.0004793081898242235,L1
SHB_89081faff8f26cc7,0,4,0.004165055230259895,L1
SHB_bfc594df642c2163,0,3,0.00701477425172925,L1
SHB_5b6d23b8e1ad53d0,1,3,0.020050084218382835,L3
SHB_01fb820533c33f4d,0,4,0.0008812844753265381,L1
SHB_9d346a756268c4f8,0,1,0.00862750131636858,L2
SHB_26c12e97002bcc1a,0,3,0.0735817551612854,L4
SHB_46b2d772df01007c,0,4,0.003919015172868967,L1
SHB_43c65d002fee456c,0,5,0.0005011399043723941,L1
SHB_ffde4c2d341c37d5,0,5,0.03532906994223595,L3
SHB_bd045319067be1ca,0,4,0.013315890915691853,L2
SHB_4bdf9dfba013929b,0,1,0.0037591583095490932,L1
SHB_f7a3fe65c95f418f,0,5,0.045688092708587646,L4
SHB_7180e0901b5f7b3b,0,4,0.07618851959705353,L4
SHB_fe4b07215e788591,0,4,0.06450203061103821,L4
SHB_4e346baaffd00b43,0,2,0.0002688591193873435,L1
SHB_2f073727fe0311f3,0,2,0.0004547164717223495,L1
SHB_80f4ca7bda7c230d,0,2,0.0005356597830541432,L1
SHB_61585e479dae70cd,0,2,0.013118048198521137,L2
SHB_5cfea59d1e4cf6a8,0,3,0.000272537610726431,L1
SHB_8a6764f834d66f46,0,1,0.008763868361711502,L2
SHB_bb8129758777210a,0,5,0.00909482128918171,L2
SHB_a9f2727563b70c71,0,1,0.0033679665066301823,L1
SHB_614cdccafa822600,0,5,0.007349109277129173,L1
SHB_6818e6df6b931533,0,2,0.0005122991278767586,L1
SHB_16ac2616d003c79e,0,2,0.0005505378940142691,L1
SHB_0073932c5da4782d,0,1,0.028527874499559402,L3
SHB_b7338e8cb53f7b97,0,1,0.03379816561937332,L3
SHB_551a51476cfc2b3d,0,5,0.0017467144643887877,L1
SHB_79f2404bfb0f7bbe,0,2,0.011215629987418652,L2
SHB_350e729c809a03f2,0,2,0.0023021704982966185,L1
SHB_d9ec1eea055cd427,0,2,0.011605508625507355,L2
SHB_8a0ea99d70fc1a02,0,3,0.017659073695540428,L2
SHB_f974efdbec1f86bf,0,3,0.0017737520392984152,L1
SHB_101364cc3a9c5f8a,0,4,0.00911029614508152,L2
SHB_f943db87a475845c,0,2,0.0010252739302814007,L1
SHB_f99c5723cf93f748,0,3,0.005416919942945242,L1
SHB_7c5a6df9df2e0ba9,0,3,0.0008159679709933698,L1
SHB_b31eed06f0e82b08,0,2,0.004227661062031984,L1
SHB_10d7e730dbb4c42c,0,5,0.017736922949552536,L2
SHB_21885a0fdb397590,0,1,0.0027055165264755487,L1
SHB_808c12c1a4249c17,0,3,0.00409834086894989,L1
SHB_3b6517359b8b9895,0,3,0.007898819632828236,L2
SHB_99ea4105bb9cb665,0,2,0.004264713730663061,L1
SHB_7f6ef4748e5472bc,0,2,0.007222106214612722,L1
SHB_aa8d9c490aab7d29,0,5,0.022461993619799614,L3
SHB_ccc53699d7adcffb,0,2,0.00876323040574789,L2
SHB_bf878c6af7e78b88,0,4,0.019747519865632057,L3
SHB_65dfc9ea587d46de,0,4,0.011703777126967907,L2
SHB_cc334a2ceda405f0,0,5,0.01027771644294262,L2
SHB_4f9cdd53156fce2c,0,5,0.0017442934913560748,L1
SHB_9b5654548a6fa0d0,0,3,0.01161679346114397,L2
SHB_76381cddd23afe1d,0,2,0.025073664262890816,L3
SHB_146ba8019da7715f,0,5,0.00046647395356558263,L1
SHB_6c45919593a0d9bd,0,3,0.0084191570058465,L2
SHB_ce2c9ca777d19363,1,1,0.019795523956418037,L3
SHB_a69cfb2419129a2f,0,3,0.09057053178548813,L5
SHB_4d4981716e316254,0,1,0.0013041209895163774,L1
SHB_5fd2f15955d2a226,0,5,0.01647944003343582,L2
SHB_d8fb6291325df0bf,0,5,0.00198577088303864,L1
SHB_2d53833d144e602d,0,5,0.005174572579562664,L1
SHB_a6460b34890eb2ba,0,1,0.006854114588350058,L1
SHB_b258d5517b101f0e,0,2,0.000522444664966315,L1
SHB_bdcc6c1e2e94aa0b,0,2,0.0379972867667675,L4
SHB_6adb83f75dfd9c0e,0,1,0.0037811873480677605,L1
SHB_cd194cb1639aa3cf,0,3,0.006281187292188406,L1
SHB_6638ee471b5700fe,0,2,0.004019875079393387,L1
SHB_22f6df70ec2a6a7f,0,4,0.03409641981124878,L3
SHB_96a7082527bde54d,1,2,0.0009491352830082178,L1
SHB_2075a7d75dbdc46f,0,4,0.009366189129650593,L2
SHB_1228ab637c121a93,0,4,0.008114087395370007,L2
SHB_e252869d35b3dfa1,0,3,0.006041151005774736,L1
SHB_21c0abd3d50042f1,0,5,0.020884128287434578,L3
SHB_7d04122b227b02c1,0,5,0.037341102957725525,L4
SHB_42aa8749ac686af6,0,5,0.02675403654575348,L3
SHB_6ad52caa4909db8d,0,5,0.031843505799770355,L3
SHB_7f22d85467d4a7eb,0,4,0.07540467381477356,L4
SHB_48c507c7b311f1af,0,1,0.007759508211165667,L2
SHB_7c3922dd28ab53c1,0,3,0.0018906433833763003,L1
SHB_3e3cd30bf2a4e43a,0,4,0.006884654052555561,L1
SHB_88cc4e9dd026b7ed,0,4,0.024334413930773735,L3
SHB_fe46f2d6e9f371ba,0,2,0.0010010988917201757,L1
SHB_6a62680846afb80e,0,4,0.0036790103185921907,L1
SHB_3b918e9ed74910ec,0,5,0.0023352315183728933,L1
SHB_edde27b34e4e3d47,0,3,0.0005430924356915057,L1
SHB_2cc618d8ede667f2,0,2,0.004771808627992868,L1
SHB_d89bb11f8b7cf68b,0,1,0.0013344866456463933,L1
SHB_a7c4a0bebac4f433,0,3,0.0019320135470479727,L1
SHB_13ac666e4c36cefc,1,4,0.008459342643618584,L2
SHB_55a539f3adb448c1,0,3,0.012848353013396263,L2
SHB_b595b54bebb0db70,0,4,0.0004925261600874364,L1
SHB_05f79c54b8d89be2,0,4,0.005445518530905247,L1
SHB_6f36a1c3b89f71ae,0,4,0.0049905055202543736,L1
SHB_26ed80a8a6171029,0,1,0.004864771384745836,L1
SHB_e54d0afff7a7f194,0,1,0.009614118374884129,L2
SHB_daa139f908c371eb,0,5,0.007732910569757223,L2
SHB_161049bba4cf4bde,0,4,0.010205957107245922,L2
SHB_317f937db2fdca59,0,3,0.00048029652680270374,L1
SHB_b801ae984f52da1c,0,3,0.00263063027523458,L1
SHB_542db8c79b4cbcc1,0,3,0.0757826566696167,L4
SHB_63d10719db25d483,0,2,0.01792287454009056,L2
SHB_9c58a486415c1776,0,5,0.0016881830524653196,L1
SHB_815dde0be94fa0e5,0,4,0.001809712266549468,L1
SHB_e95a982b3857ed9e,0,2,0.011043564416468143,L2
SHB_089f3d4ac21a615b,0,3,8.569595229346305e-05,L1
SHB_83a164eb35c38505,0,2,0.0018322014948353171,L1
SHB_b7752cc1226d1a2c,0,5,0.018271565437316895,L2
SHB_6f1c0cf5998efd05,0,4,0.003473102580755949,L1
SHB_f734c5684c4c1e2c,0,3,0.011033829301595688,L2
SHB_be5a254a2e4e1dac,1,1,0.1035144180059433,L5
SHB_8ddd6330ef7a0eba,0,5,0.016748080030083656,L2
SHB_8bb0062d81a42132,0,3,0.00732633238658309,L1
SHB_8aaf0432ea9deff8,0,5,0.07119050621986389,L4
SHB_2cee25236e7e8a8c,0,5,0.0026260842569172382,L1
SHB_b6559fbbdfa0f3ce,0,5,0.012753928080201149,L2
SHB_bd776f80fd031308,0,5,0.07569921761751175,L4
SHB_54b8920d0e56165b,0,4,0.020190058276057243,L3
SHB_f2f96bd4e27d7392,0,5,0.0015811033081263304,L1
SHB_d9c1195fb789064d,0,3,0.005170197691768408,L1
SHB_458eae727c1415d6,0,1,0.021153530105948448,L3
SHB_60e726b40344a803,0,5,0.010686354711651802,L2
SHB_334215c7b03d79e6,0,5,0.017592452466487885,L2
SHB_4e2f5f08bc449312,0,1,0.002077993005514145,L1
SHB_e55342f46f38c20b,0,2,0.014498768374323845,L2
SHB_78952630af7f502a,0,3,0.004980128258466721,L1
SHB_3d1e51376e4dc6b4,0,4,0.006558433640748262,L1
SHB_29e7f0e6a951b3ce,0,4,0.005503010004758835,L1
SHB_9b1f891fd4a47929,0,3,0.005126921460032463,L1
SHB_ecd11220283d7bf2,0,5,0.017598634585738182,L2
SHB_6bbb499846b99a64,0,2,0.02449699677526951,L3
SHB_7401bdee7caaf599,0,2,0.0008009494049474597,L1
SHB_7485cc6c7d011a49,0,1,0.004295215476304293,L1
SHB_ff371a195db898ff,0,4,0.109418123960495,L5
SHB_c9f17bb54a7546c5,0,1,0.005371329840272665,L1
SHB_d12b9045d03d3110,0,4,0.009503045119345188,L2
SHB_f901671213bee4f1,0,3,0.11634618043899536,L5
SHB_0495671b0cae9ebc,0,5,0.016936883330345154,L2
SHB_4a77e08ac3a14e33,0,5,0.0010116049088537693,L1
SHB_e963e85572811809,0,3,0.00024790558381937444,L1
SHB_48a8c62797bb397f,0,2,0.0006710647721774876,L1
SHB_ac4c23fc5d17c9ba,0,3,0.005091412924230099,L1
SHB_1075d2b2daba92da,0,4,0.012959848158061504,L2
SHB_33cfaf63dd33195e,0,5,0.16659168899059296,L5
SHB_aadf41616177f19c,0,5,0.008064733818173409,L2
SHB_5357c5f46169ca2f,0,4,0.0010916199535131454,L1
SHB_bc464c56fb3f88bd,0,1,0.004549358505755663,L1
SHB_d4b155f7e8b692b6,0,2,0.02586616948246956,L3
SHB_09bf4f0b1ee94812,0,4,0.03202943131327629,L3
SHB_8d9fc64d97cf5469,0,4,0.055651046335697174,L4
SHB_d32f1f9644a9bfaf,0,2,0.0005326924147084355,L1
SHB_48a9e3502f4e8739,0,5,0.00092064164346084,L1
SHB_69bbf4bc223068db,0,2,0.00047974041081033647,L1
SHB_bf12d7dc6b945ea1,0,5,0.001754218596033752,L1
SHB_b7edbad558328626,0,2,0.00042906549060717225,L1
SHB_1a79cefce8768bd0,0,2,0.05602345988154411,L4
SHB_a1d1ea82af005242,0,5,0.017246728762984276,L2
SHB_246b3156d378dab8,0,5,0.06511463969945908,L4
SHB_ed0e471bc71ab8c6,0,2,0.011377423070371151,L2
SHB_3c3db66d1c210861,0,5,0.029819412156939507,L3
SHB_e1ce25fa69d613d9,0,2,0.15859365463256836,L5
SHB_c2949891a44adb89,0,3,0.0034505559597164392,L1
SHB_c73e926d458d0f80,0,5,0.0008382812957279384,L1
SHB_1a660d58175bd625,0,1,0.024264585226774216,L3
SHB_43b51d9f09bc7c8f,0,3,0.014152832329273224,L2
SHB_6df8ce860d030065,0,3,0.12037820369005203,L5
SHB_eb168c49dc169ad0,0,2,0.00040646441630087793,L1
SHB_483a0f8334d95bf9,0,4,0.02810630016028881,L3
SHB_41f3a3988a856778,0,4,0.05632708966732025,L4
SHB_8b5600cbdf32d96a,0,3,0.024871420115232468,L3
SHB_c0c61462bda1168f,0,4,0.006806445308029652,L1
SHB_b85cbe9f1004d535,0,2,0.018738694489002228,L2
SHB_b5ac36d069b3daef,0,5,0.003989154938608408,L1
SHB_78b710bd65150b93,0,2,0.016663579270243645,L2
SHB_4af16236d3473e36,0,3,0.0009431747603230178,L1
SHB_c4d5683a0fcd0e53,0,2,0.00044730905210599303,L1
SHB_f354f8e7d0059d65,0,3,0.010640080086886883,L2
SHB_503eb142dd97e14e,0,2,0.03390445187687874,L3
SHB_b06c4ca679797748,0,2,0.04657415673136711,L4
SHB_3292aad8be34a16c,0,4,0.041349709033966064,L4
SHB_c7340ef2ec6a08b1,0,2,0.033554837107658386,L3
SHB_ea620995c9455cba,0,5,0.009496346116065979,L2
SHB_8c8f4bc186b64b4f,0,5,0.0003578533069230616,L1
SHB_48500f1812c119ca,0,4,0.0009145601070486009,L1
SHB_078f6ba53d81e18d,0,4,0.023028239607810974,L3
SHB_d01ff6b4a9c198ee,0,2,0.018105734139680862,L2
SHB_bbbb54085002af6b,0,1,0.0016447853995487094,L1
SHB_ce667413536b652b,0,2,0.007966467179358006,L2
SHB_8b63ce05d792e0ac,0,2,0.00043323132558725774,L1
SHB_e2727f91fcb25824,0,2,0.002533265855163336,L1
SHB_db2401b449a00c46,0,5,0.002727601444348693,L1
SHB_6edde103c58d6827,0,5,0.016344597563147545,L2
SHB_8dc0a815d42c8ff5,0,3,0.018895817920565605,L3
SHB_79c7437f0e83dac7,0,3,0.017217697575688362,L2
SHB_f70a7f4e9d768b69,0,2,0.004689561668783426,L1
SHB_826ac8cbefa23a37,0,4,0.26313525438308716,L5
SHB_34e530389f4397d5,0,2,0.0138930669054389,L2
SHB_0975a835b9b3fe04,0,4,0.03594030812382698,L3
SHB_371f90f87ccd19de,0,4,0.018358509987592697,L2
SHB_1f5502fe679bdc7e,0,2,0.00037735741352662444,L1
SHB_89d1419f6519e4b9,0,1,0.012765604071319103,L2
SHB_959bc8aee1154bc8,0,3,0.011612731032073498,L2
SHB_791cb20df51a2eaa,0,4,0.008312385529279709,L2
SHB_b3dbf2fab5c69089,0,2,0.0017626413609832525,L1
SHB_1413ae58800f1144,0,1,0.010326787829399109,L2
SHB_f5b0857c295430bb,0,3,0.017574133351445198,L2
SHB_1c524fdd17ba02f3,0,5,0.027857011184096336,L3
SHB_95879610c1aeb70a,0,2,0.006107884459197521,L1
SHB_fa6ebaf5c3f52c06,0,4,0.005169040523469448,L1
SHB_7999ad0c5982db3c,0,4,0.026388846337795258,L3
SHB_8ab40d7683d04870,0,4,0.0007084257085807621,L1
SHB_f6062c1294df7839,0,5,0.002592215547338128,L1
SHB_df665f493b7f9ed5,0,4,0.023654554039239883,L3
SHB_c31b0af4b4f85f52,1,4,0.0049391030333936214,L1
SHB_6f276df0af740c4e,0,3,0.02745863050222397,L3
SHB_5161a6acd535426c,0,2,0.00047591576003469527,L1
SHB_6df058eb9df98801,0,1,0.011921199038624763,L2
SHB_c9abc930b4a4ed52,0,1,0.01675349846482277,L2
SHB_8b5b2864e7fceed8,0,3,0.0011502336710691452,L1
SHB_a14a8bc5aaa71a8a,0,1,0.010661867447197437,L2
SHB_bcf8cafcfa8db47b,0,5,0.016361501067876816,L2
SHB_eb4dc7e718307adc,0,3,0.01848539337515831,L2
SHB_f7be6572d90dbb5b,0,5,0.011983429081737995,L2
SHB_78464a1836679250,0,4,0.007252770010381937,L1
SHB_d931edf46f96db9e,0,1,0.01134590245783329,L2
SHB_6c46d59f0db82c82,0,1,0.009820202365517616,L2
SHB_392dff24d6ad9de7,0,5,0.0052436599507927895,L1
SHB_a9c2b6b206048c9d,0,4,0.0019411968532949686,L1
SHB_a9d83709dc15bbe3,0,5,0.005337493494153023,L1
SHB_64ba3a0c4518ebe7,0,2,0.05111376568675041,L4
SHB_94c3474053a843d5,0,3,0.00042891723569482565,L1
SHB_5da25e3f01d21b23,0,3,0.0007501273648813367,L1
SHB_e9bd87774e2e71e4,0,5,0.19505412876605988,L5
SHB_892fdd4a851e173e,0,2,0.0007069975836202502,L1
SHB_2df9fd77a89d9836,0,2,0.011173714883625507,L2
SHB_c755b41ba6c2b4d7,0,5,0.010496819391846657,L2
SHB_7124a79eaf9cb6b9,0,5,0.007677327375859022,L2
SHB_917a809078a5386e,0,2,0.0005591483786702156,L1
SHB_fd0292c1a28996ae,0,1,0.011041699908673763,L2
SHB_4ae8d900e9c68b80,0,2,0.006496804766356945,L1
SHB_0f5b95c4170ca5fb,0,4,0.02751670591533184,L3
SHB_274fb96fc40a35a9,0,1,0.00318509410135448,L1
SHB_cc2942d57a54a2ec,0,3,0.0005035412032157183,L1
SHB_15590fa11a4f7c07,0,5,0.037620384246110916,L4
SHB_4270b7748944a8b0,0,5,0.0268141720443964,L3
SHB_a2cc2c7aae54f028,0,5,0.0041300044395029545,L1
SHB_e472cb11f5b16475,0,4,0.015659980475902557,L2
SHB_5bc4400af0702e71,0,5,0.010764695703983307,L2
SHB_b647173d0b1f1aa0,0,4,0.004175800364464521,L1
SHB_ceb28d04b468e3cb,0,2,0.0169999822974205,L2
SHB_14b99a6351568016,0,2,0.014334962703287601,L2
SHB_6bb0b521776f2b6b,0,3,0.020617064088582993,L3
SHB_77aeef845b9b96a8,0,3,0.01707569509744644,L2
SHB_669fe429d0fc4ba4,0,4,0.0031013579573482275,L1
SHB_516f72beb8ec9e8b,0,2,0.001691520563326776,L1
SHB_8834e386b114acab,0,2,0.005732488352805376,L1
SHB_71ed9d72d89bbc34,0,5,0.00666517298668623,L1
SHB_94776fb54b633d07,0,5,0.0018300514202564955,L1
SHB_6f0252a77f257d51,0,4,0.04435795173048973,L4
SHB_b9ec376ff187802e,0,1,0.01968761906027794,L3
SHB_3164ab834d421b13,0,3,0.17544880509376526,L5
SHB_52eec418905dceb9,0,4,0.0012568621896207333,L1
SHB_b60938913ba0dcaa,0,4,0.00721172709017992,L1
SHB_582390a1fb2ce0c0,0,2,0.0016026885714381933,L1
SHB_c7eac43873467228,0,1,0.006567860022187233,L1
SHB_195479144361c703,0,5,0.014057716354727745,L2
SHB_049804d9b491b19c,0,2,0.0002713985159061849,L1
SHB_6eea6dbad6b67a30,0,3,0.0006763999117538333,L1
SHB_9a643dcb3ce19699,0,5,0.0011775402817875147,L1
SHB_0cf8a5fe0d5c6260,0,4,0.010793034918606281,L2
SHB_678ec7193e55338a,0,1,0.0004295322287362069,L1
SHB_62ee829d82aebea1,0,1,0.005408328492194414,L1
SHB_5611504c9f305e25,0,1,0.016605732962489128,L2
SHB_fab16737f179c9f2,0,4,0.0011690458049997687,L1
SHB_6ac5af17f58f1fa2,0,5,0.03254357725381851,L3
SHB_305c2ef3441f12fa,0,1,0.013861249200999737,L2
SHB_d07054e31a045353,0,5,0.005174935795366764,L1
SHB_6ecc04db9133851b,0,2,0.09910871833562851,L5
SHB_78b29d2cee329aed,0,3,0.006778695620596409,L1
SHB_f32a7b106480acff,0,3,0.007024130318313837,L1
SHB_c92fe4cd39d5cccb,0,2,0.000756491965148598,L1
SHB_960151539f2b1d4f,0,4,0.002942692255601287,L1
SHB_8d69acedf0f7cf92,0,5,0.013909970410168171,L2
SHB_80afa3c081e1d61a,0,3,0.08521460741758347,L5
SHB_7b393550e397a2fc,0,1,0.0207578893750906,L3
SHB_fb3b6f280bcfcf41,0,2,0.04762868210673332,L4
SHB_7f5108fbf98df865,0,2,0.014921578578650951,L2
SHB_84b8a90be56ce224,0,2,0.03980553522706032,L4
SHB_0d7f0c7949cb1a59,0,3,0.021074730902910233,L3
SHB_fa19e2a961111f7d,0,5,0.0005409620353020728,L1
SHB_45b13043759bef90,0,1,0.00939124170690775,L2
SHB_383c97ea43bda2b3,0,5,0.016946040093898773,L2
SHB_788a1a435150f4b5,0,5,0.014996219426393509,L2
SHB_61fb7f17c576b8ea,0,2,0.0006664030952379107,L1
SHB_c7d57ab03fed3100,0,2,0.0004621394909918308,L1
SHB_0b390e5072deaf7b,0,3,0.011999597772955894,L2
SHB_6db510b290ecae21,0,1,0.006344336550682783,L1
SHB_5fcddd9febd89dcd,0,2,0.0007606524741277099,L1
SHB_0aba3db965029a87,0,1,0.003712543984875083,L1
SHB_ceae0f9d842be653,0,4,0.0003805676242336631,L1
SHB_dbe3e420ff42a5a4,0,5,0.001180234830826521,L1
SHB_41d03eeb7b375719,0,4,0.06273725628852844,L4
SHB_bde14ef88f7e58ec,0,4,0.00046919696615077555,L1
SHB_0f1e10d8a6ad1053,0,3,0.0011435541091486812,L1
SHB_61c2de857b482a75,0,1,0.007990031503140926,L2
SHB_e4ef13f66046baee,0,4,0.0007074151071719825,L1
SHB_deab6c23e380f324,0,5,0.005379215348511934,L1
SHB_79e62aff3cdb3c3a,0,1,0.015783272683620453,L2
SHB_0143200debd353bf,1,1,0.009030023589730263,L2
SHB_577ee225992176d0,0,2,0.028899142518639565,L3
SHB_0af676f674426da7,0,4,0.002070212969556451,L1
SHB_615aa363cfe00975,0,4,0.0073522343300282955,L1
SHB_502f1c751e417284,0,5,0.006856828927993774,L1
SHB_a13363c857af4825,0,5,0.015694940462708473,L2
SHB_0c6805e5b05105c2,0,3,0.001963826594874263,L1
SHB_c1b6b208cb340e28,0,1,0.005322911310940981,L1
SHB_3a46a8aafdc85db0,0,3,0.00026510466705076396,L1
SHB_38cb97b7e5178271,0,1,0.004531203303486109,L1
SHB_50bcca346107df8e,0,5,0.010246744379401207,L2
SHB_b99b0a923cfb0c1f,0,2,0.0019491924904286861,L1
SHB_fbc51559096ac8b8,0,2,0.006838985253125429,L1
SHB_70de073a08004685,0,4,0.024001138284802437,L3
SHB_be9df7f4e35fc687,0,2,0.005815342999994755,L1
SHB_352e5478d409d905,0,5,0.028842197731137276,L3
SHB_fcda72d1c5229ac6,0,3,0.000512745464220643,L1
SHB_54fcfc110d65d78f,0,5,0.0007403182680718601,L1
SHB_f186c6bec3258705,0,2,0.008322441950440407,L2
SHB_28d2f87c04c653b8,0,3,0.016655297949910164,L2
SHB_0570bc53772fe8a0,0,4,0.0015548777300864458,L1
SHB_bfa8d102c219a52c,0,2,0.01128194946795702,L2
SHB_f76846ebba6901ea,0,1,0.0009049864020198584,L1
SHB_dbdcd6b91d1f62cd,0,3,0.0280709620565176,L3
SHB_94136586d492e971,0,1,0.017533978447318077,L2
SHB_4078b4b42e8ace75,0,4,0.025550037622451782,L3
SHB_2b1a6354e8de0852,0,5,0.005944379139691591,L1
SHB_c42ef6e10bccf303,0,2,0.00973464734852314,L2
SHB_2f29cf1a0cf7f31a,0,2,0.003984367940574884,L1
SHB_48c91e666a005629,0,2,0.015814168378710747,L2
SHB_c68f31a4c13329ed,0,3,0.04688715189695358,L4
SHB_007ab4a0cac5f72f,0,1,0.006522539537400007,L1
SHB_68d146b1af898649,0,5,0.014663738198578358,L2
SHB_cb384695fd406f58,0,5,0.002992399036884308,L1
SHB_51c11bce3697de3f,0,5,0.0482398122549057,L4
SHB_5274517f413036f5,0,3,0.001692113932222128,L1
SHB_c5b88d445a3e69a3,0,5,0.0022867347579449415,L1
SHB_7d181ab15545a02c,0,3,0.0041513084433972836,L1
SHB_46eb89279e1d8a13,0,1,0.026044992730021477,L3
SHB_956770ee0de1366d,0,2,0.035713594406843185,L3
SHB_5a6ca8245b3ea1c5,0,2,0.0016550557920709252,L1
SHB_efed242d7a9425ba,0,3,0.019279425963759422,L3
SHB_61c02cf58d8d21ab,0,5,0.02211080491542816,L3
SHB_42951055b5da3aaa,0,2,0.05494271591305733,L4
SHB_cf31907be67258ea,0,2,0.002831839956343174,L1
SHB_fbf4bb68c778638c,0,5,0.0003803852014243603,L1
SHB_2facff0905f3564d,0,5,0.010851646773517132,L2
SHB_0af801a8fcd60831,0,4,0.0016947363037616014,L1
SHB_a649353069944333,0,4,0.0014096548547968268,L1
SHB_e578369b2a8a1500,0,2,0.00874683540314436,L2
SHB_ecac9b050434c307,0,4,0.0016069540288299322,L1
SHB_f52d974be45af97e,0,2,0.006722244434058666,L1
SHB_e52994b732a1c2a8,0,4,0.0012141827028244734,L1
SHB_74c84ce526eae7fd,0,2,0.0010749389184638858,L1
SHB_f4b0bf503401434c,0,2,0.004313258454203606,L1
SHB_fdb4c972696665e0,0,2,0.025760049000382423,L3
SHB_6738aa2704978846,0,4,0.017316365614533424,L2
SHB_671ce718d74f9417,0,1,0.030448269098997116,L3
SHB_6aaea56b219baefe,0,1,0.0012061266461387277,L1
SHB_e7d33153593be840,0,3,0.003196271136403084,L1
SHB_a689e5a749f89ff4,0,5,0.03359641134738922,L3
SHB_903aa219472d4312,0,4,0.027195440605282784,L3
SHB_62edf7201932dc80,0,4,0.0032100467942655087,L1
SHB_2d50868608437ea5,0,2,0.022496415302157402,L3
SHB_c5c485f697fc765f,0,5,0.0013113986933603883,L1
SHB_3e3cfa4f2a1e5734,0,5,0.0165216363966465,L2
SHB_00b8fb4d77ee0f1b,0,5,0.01725098118185997,L2
SHB_dae0198942f54e03,0,5,0.010789548978209496,L2
SHB_5f9593848a246327,0,1,0.00311909057199955,L1
SHB_1d2f0fd6e35cd2a6,0,4,0.027251513674855232,L3
SHB_671e1722a5a4c681,0,4,0.011428575031459332,L2
SHB_1f4302f811adbffa,0,2,0.006610474549233913,L1
SHB_c073e51f4c4ff87d,0,1,0.0007354894187301397,L1
SHB_d48a58e65ff8754b,0,5,0.015011039562523365,L2
SHB_3fd954b99f89ed7d,0,5,0.0005965837626717985,L1
SHB_612a4f5588529bbf,0,5,0.016976449638605118,L2
SHB_8c6db94b2d2ff74c,0,3,0.01634008251130581,L2
SHB_764e2472a8eb687e,0,5,0.012883217073976994,L2
SHB_58fdb9d9bbfc4d01,0,2,0.0014599026180803776,L1
SHB_eb51fd20e5b4bc71,0,4,0.010409851558506489,L2
SHB_910c6cf1046afbe0,0,1,0.028752630576491356,L3
SHB_a71533078e94943f,0,2,0.05899990350008011,L4
SHB_62de24473f6cd75d,0,3,0.1529228687286377,L5
SHB_047099ce324cedba,0,5,0.011513318866491318,L2
SHB_84c7730d1c94f30c,0,1,0.01317243929952383,L2
SHB_852ab3a4b17f9b75,0,4,0.012334049679338932,L2
SHB_29a20d39fa90110a,0,2,0.03194475546479225,L3
SHB_8d920a520d7c389e,0,4,0.013452723622322083,L2
SHB_bd2c3bb1d93caf75,0,1,0.014367115683853626,L2
SHB_9e2d48fe15d21c1a,0,3,0.003562761005014181,L1
SHB_774acbdc72ef5c91,0,1,0.0006203338853083551,L1
SHB_27248db977cdd9a3,0,4,0.01683661714196205,L2
SHB_9aed644d2d21646a,0,5,0.002736804075539112,L1
SHB_ceddb9531fe0ed52,0,2,0.000554582686163485,L1
SHB_376427e975f52935,0,1,0.0064382245764136314,L1
SHB_ea67345db3d42c24,0,3,0.003967243246734142,L1
SHB_3bcf3b83e6ae1e6b,0,5,0.029209833592176437,L3
SHB_f8081c06bfd0beb0,0,5,0.027573836967349052,L3
SHB_55cd4f6984681d2b,0,1,0.0026803012005984783,L1
SHB_e74b6b093dcab63e,0,4,0.011435376480221748,L2
SHB_d01315a07c7a9dc6,0,4,0.01229076273739338,L2
SHB_6be98e1a7ea8d1f8,0,1,0.0018048948841169477,L1
SHB_1d63129958d727c3,0,1,0.0008431430906057358,L1
SHB_93f591026e5c6ff6,1,2,0.000672764319460839,L1
SHB_bf4847ab476ad0a4,0,1,0.010766117833554745,L2
SHB_ce34b2dec586919a,0,2,0.010816565714776516,L2
SHB_3bd2c05f8461f0f5,0,2,0.0006658891797997057,L1
SHB_7afcbcf2ab3d31ad,0,2,0.0060470690950751305,L1
SHB_2493bfef2da0ba90,0,2,0.0022783849854022264,L1
SHB_c1a32ab503d150d0,0,5,0.012927377596497536,L2
SHB_0f3ce07a4cf08130,0,2,0.0014709311071783304,L1
SHB_ff808738af0bc625,0,5,0.0005706378724426031,L1
SHB_23cd9da38ca92073,0,2,0.0015858435072004795,L1
SHB_92dd2a56e6e1836d,0,3,0.05376702919602394,L4
SHB_9a21b15320884a47,0,3,0.020689478144049644,L3
SHB_ce3e5cedc3b157a4,0,2,0.020918624475598335,L3
SHB_c9a1dd3cb2e8952f,0,3,0.00048814414185471833,L1
SHB_1e7e7e3cfcc47140,0,1,0.0007850825786590576,L1
SHB_32bf87cd3d993612,0,2,0.04011877626180649,L4
SHB_05dbc63c5ce8177e,0,4,0.04802347347140312,L4
SHB_6062bd99367c1875,0,4,0.0009156744345091283,L1
SHB_733abfdf133903e6,0,3,0.0019057972822338343,L1
SHB_8fd841f7bfea0f88,0,3,0.0025259556714445353,L1
SHB_e2872fa66dcc9aea,0,5,0.013942481949925423,L2
SHB_b2f5708ddeedf847,0,5,0.00030918995616957545,L1
SHB_63647079a2849bf1,0,3,0.03980463743209839,L4
SHB_b0f965657964ce84,0,4,0.01221570186316967,L2
SHB_96701f7344474875,0,4,0.0019214929779991508,L1
SHB_dd85da0c3dedba51,0,5,0.022500619292259216,L3
SHB_6e22df5fc52abad3,0,1,0.004600914195179939,L1
SHB_4f387eedcc30180a,0,5,0.01538603100925684,L2
SHB_55dbb7f6aa441625,0,1,0.0013189725577831268,L1
SHB_46e509d1372407c3,0,3,0.0209637563675642,L3
SHB_4b2da768347763b4,0,1,0.0014172858791425824,L1
SHB_5d7ebdbb21c575c7,0,2,0.00490185059607029,L1
SHB_43771744a864a816,0,4,0.04705139994621277,L4
SHB_aec04d2021d34fb3,0,3,0.00361577607691288,L1
SHB_abbf9d5fe8ac2248,0,4,0.020312344655394554,L3
SHB_7fd3c6bec31bedad,0,3,0.011195520870387554,L2
SHB_65f12cc990ba4928,0,2,0.010866330936551094,L2
SHB_ef969d2f73fad8de,0,5,0.0056280577555298805,L1
SHB_5d9473a9358590b6,0,3,0.0002186442434322089,L1
SHB_0346fa55d0db5094,0,3,0.00020572415087372065,L1
SHB_97a0c1a0dc4cf467,0,4,0.017414402216672897,L2
SHB_72051c8362700946,0,3,0.000408370018703863,L1
SHB_48ba63eed651557f,0,1,0.0021902837324887514,L1
SHB_0dfde4bd46941bae,0,3,0.0002777705085463822,L1
SHB_33f26b89dbd41eff,0,3,0.037835605442523956,L4
SHB_1f3bdbc16bc150c0,0,2,0.03305128589272499,L3
SHB_9066906812fd2499,0,4,0.005316061899065971,L1
SHB_5bf2857f3566a267,0,4,0.001724552595987916,L1
SHB_2a19c53d11115b5e,0,2,0.00032636080868542194,L1
SHB_c478d9982c7b81c8,0,5,0.04100244864821434,L4
SHB_bdd1c941b0fec83b,0,3,0.009309550747275352,L2
SHB_c1c4524cdc696a82,0,1,0.006699196994304657,L1
SHB_802eeca84a22a3b9,0,4,0.010144226253032684,L2
SHB_a55e3f71ca84a50b,0,2,0.0015209190314635634,L1
SHB_bb31630468ff8010,0,3,0.0005204579792916775,L1
SHB_9838df7b71fec01d,0,3,0.009532083757221699,L2
SHB_b95508a65f861d6e,1,2,0.1296413391828537,L5
SHB_ab6fba650435166c,0,2,0.0008382605155929923,L1
SHB_b20f0325f716fcbe,0,4,0.000843009736854583,L1
SHB_5e1a28cc8da87821,0,2,0.0017050186870619655,L1
SHB_fdcd327876080cd3,0,3,0.02464425563812256,L3
SHB_f653c36da3305039,0,1,0.001273161033168435,L1
SHB_50a9ff9a13a2f81d,0,1,0.004200883209705353,L1
SHB_a2fbfd288656301c,0,5,0.0008803431992419064,L1
SHB_e4f915a43a126cae,0,2,0.06825818866491318,L4
SHB_24b8ae8ea6104a52,0,4,0.004512086044996977,L1
SHB_d9e4065aa25e689b,0,2,0.0067981816828250885,L1
SHB_c7cce6d47c25cdec,0,5,0.010452555492520332,L2
SHB_2738d7e10b4f9d54,0,2,0.03632952645421028,L3
SHB_2257466d4aa01e05,0,1,0.017037170007824898,L2
SHB_ceb758d438944e8d,0,2,0.0007127359858714044,L1
SHB_f2f725575375b887,0,1,0.0015563686611130834,L1
SHB_d0c0d483af88af87,0,3,0.006803218740969896,L1
SHB_2a5bb39c12925c10,0,3,0.015749279409646988,L2
SHB_8e37b167907d0a52,0,3,0.01361892744898796,L2
SHB_79be1f199270d49f,0,5,0.007645591627806425,L2
SHB_2c36c752939411ca,0,5,0.00203781109303236,L1
SHB_50e082955e902565,0,5,0.004751913249492645,L1
SHB_577945e7a1e1e805,0,2,0.0004721916338894516,L1
SHB_3e5c36e76b83d823,0,4,0.014612702652812004,L2
SHB_ea43bb53464435b8,0,5,0.004032313358038664,L1
SHB_4b7ed69a1bcddec8,0,5,0.0014196917181834579,L1
SHB_17919731810a0188,0,5,0.0036125413607805967,L1
SHB_880ada12a47e6a8f,0,1,0.006651347037404776,L1
SHB_e1289e038ddc43cb,0,2,0.0004986449494026601,L1
SHB_9c54608589f1ad86,0,4,0.0084766186773777,L2
SHB_35f82b4ba51f2319,0,4,0.007787309121340513,L2
SHB_ba38ab15d912b0a8,0,1,0.010722211562097073,L2
SHB_820b664b79153175,0,5,0.007458503823727369,L2
SHB_7e669684d59bf669,0,2,0.0003301587130408734,L1
SHB_1e3df50e1d71910e,0,2,0.0012143903877586126,L1
SHB_8905911657abfd0b,0,5,0.00209311512298882,L1
SHB_d048b9aa83e432bc,0,2,0.09753359854221344,L5
SHB_fa4519beae47751c,0,1,0.005324231926351786,L1
SHB_a38563768fd97392,0,4,0.0007204170688055456,L1
SHB_320e441b6eafd5e7,0,1,0.01370711624622345,L2
SHB_d043140a7c0fb681,0,3,0.002106388797983527,L1
SHB_7334f6a57d521b55,0,4,0.01046514417976141,L2
SHB_633250f9d7471d5c,0,3,0.05158596858382225,L4
SHB_6fd654cbd9964800,0,3,0.0017225360497832298,L1
SHB_6cb65d5c94f353b5,0,3,0.039258427917957306,L4
SHB_00b270595568d957,0,3,0.00025284712319262326,L1
SHB_9b17ba51bbdd73b9,0,3,0.004252494778484106,L1
SHB_5ed55ac3aa58e847,0,4,0.00045113838859833777,L1
SHB_a7dde902561cca1c,0,2,0.0010598540538921952,L1
SHB_7ddf83c1b4d9ebd2,0,1,0.002796040615066886,L1
SHB_bed7d90b2becd28b,0,5,0.02277042716741562,L3
SHB_d689bef3f33f2ecf,0,3,0.007080594543367624,L1
SHB_3122f9a49cd27ea1,0,1,0.013274592347443104,L2
SHB_f4c8435a1bf0123f,0,5,0.014635137282311916,L2
SHB_e0bca84a02f93a17,0,4,0.0032153958454728127,L1
SHB_d1466911813bd0f7,0,3,0.00037748945760540664,L1
SHB_21116cfe32a50442,0,1,0.001881043310277164,L1
SHB_c697c2fd0562296a,0,4,0.0011178533313795924,L1
SHB_10934c551598e3be,0,5,0.006318111438304186,L1
SHB_18ec13a03c08e020,0,1,0.001194114563986659,L1
SHB_c94e42095394f693,0,4,0.007415073458105326,L1
SHB_388ced15b822bfc1,0,1,0.0010091421427205205,L1
SHB_238174bfd064fc42,0,1,0.0079415924847126,L2
SHB_f74fe9a8f0cb5fb5,0,5,0.02895944193005562,L3
SHB_9634cd6fd638114d,0,5,0.0017425523838028312,L1
SHB_04746303273c97bd,0,4,0.004145444370806217,L1
SHB_069c57498e19f968,0,4,0.04391176253557205,L4
SHB_9cbf031a09f87c00,0,4,0.012789803557097912,L2
SHB_85ee0b92f8efe03e,0,4,0.24292771518230438,L5
SHB_6bd808882ed03342,0,2,0.021418942138552666,L3
SHB_7e4412bcd962733c,0,5,0.02321954257786274,L3
SHB_ab221a8814e344b9,0,4,0.0005450568278320134,L1
SHB_8807b529603a63fe,0,2,0.00970758218318224,L2
SHB_02d07d50b4c1513c,0,1,0.012600910849869251,L2
SHB_7567900505d1ffdf,0,4,0.01912664994597435,L3
SHB_efffd8c98fb1ace8,0,4,0.021952630952000618,L3
SHB_67e2197e3107dc6b,0,2,0.0026226930785924196,L1
SHB_34e1bcdcf1ee3604,0,1,0.0011489359894767404,L1
SHB_209a8f0a2a817307,0,2,0.024410635232925415,L3
SHB_6d9d5eec7918890a,0,5,0.019496141001582146,L3
SHB_ba973205a64853c7,0,5,0.003020164091140032,L1
SHB_ec0db7bfe97c753b,0,3,0.08054053038358688,L4
SHB_8d44169492e145e2,0,3,0.01854517124593258,L2
SHB_e73e566fabc25724,0,3,0.0012393118813633919,L1
SHB_30505f652263efc2,0,1,0.0020006990525871515,L1
SHB_2202549ed1369442,0,1,0.020088551566004753,L3
SHB_1b0645838130540d,0,2,0.0070920721627771854,L1
SHB_53c51dc4939419ab,0,2,0.00037412290112115443,L1
SHB_e837b2d63b939625,0,4,0.003877099370583892,L1
SHB_a771f0b6406e4e28,0,4,0.007716463413089514,L2
SHB_e7aaa80d89d32e1e,0,4,0.048491548746824265,L4
SHB_0cc18e8e14b71ae2,0,2,0.002768696052953601,L1
SHB_7bff79df29ae0132,0,4,0.003431150922551751,L1
SHB_477b8e00351043dc,0,1,0.0015218259068205953,L1
SHB_c292612de93c8907,0,3,0.015762627124786377,L2
SHB_6ae39fa65788ca79,0,3,0.00034838862484321,L1
SHB_f53e18ecd6c462f8,0,2,0.0006619796622544527,L1
SHB_30946e9d69824a1d,0,5,0.0016779332654550672,L1
SHB_eac1405012b077c0,0,3,0.04877827689051628,L4
SHB_2716e11ab5a4be5a,0,3,0.03937734290957451,L4
SHB_2bf610f3b15f5210,0,1,0.0005517629906535149,L1
SHB_82b3a0f73f0bf19b,0,3,0.0010263831354677677,L1
SHB_4679e9623734be48,0,4,0.025967806577682495,L3
SHB_57548e743d5a6094,0,5,0.025990013033151627,L3
SHB_08eb0b225b39b333,0,2,0.03430735692381859,L3
SHB_36412771d6a814a8,0,3,0.007892768830060959,L2
SHB_da84305a50a0985f,0,2,0.010672902688384056,L2
SHB_04a9959baba5335d,0,5,0.003393730614334345,L1
SHB_a73ce1d8cc9efda6,0,3,0.022854283452033997,L3
SHB_78a7ba4490109e58,0,1,0.0018088623182848096,L1
SHB_49172eb423c8c684,0,4,0.0013189585879445076,L1
SHB_4fce18fe4a8302b5,0,2,0.00045451190089806914,L1
SHB_c3b613f8166b40df,0,2,0.035036880522966385,L3
SHB_c65831286a4c1bc7,0,4,0.020795075222849846,L3
SHB_8632f98d189e46db,0,1,0.025034859776496887,L3
SHB_3a7803364892227a,0,4,0.03581797331571579,L3
SHB_226612e2749135ab,0,1,0.00665940809994936,L1
SHB_3260a1b2d2020c23,0,3,0.00022760276624467224,L1
SHB_efeaf907138ad390,0,3,0.0008521710988134146,L1
SHB_8285e42d49d7a264,0,2,0.0021786782890558243,L1
SHB_f874f5bf4eb1f239,0,2,0.011172334663569927,L2
SHB_69fdbabb9eeed03d,0,2,0.0036861433181911707,L1
SHB_017727506e4dce71,0,2,0.26318708062171936,L5
SHB_cd57460d0db9f77d,0,5,0.0003350951010361314,L1
SHB_2e47cb0e08e469bb,0,4,0.032269436866045,L3
SHB_4f4ede301e995fb8,0,1,0.011071952059864998,L2
SHB_e16c18687a1ca21e,0,4,0.014607973396778107,L2
SHB_e47381cb8024af0e,0,1,0.005154529586434364,L1
SHB_e4185c407214b15d,0,2,0.002121033612638712,L1
SHB_76ed07429e3f446f,0,3,0.007548787631094456,L2
SHB_3f05fcb443d34f20,0,1,0.008611394092440605,L2
SHB_121afea94237a0af,0,3,0.0006312088808044791,L1
SHB_a4dde95974ab8023,0,5,0.027340756729245186,L3
SHB_f2e9f5875fbdb7bb,0,5,0.0011668324004858732,L1
SHB_1870409204dbf18a,0,4,0.02240954525768757,L3
SHB_50ee39eebb4cb848,0,1,0.000964803621172905,L1
SHB_25c2dce4ed816698,0,1,0.03189069777727127,L3
SHB_0d96fc5640a2380d,0,2,0.0022936654277145863,L1
SHB_977fe7b740025957,0,1,0.0017212909879162908,L1
SHB_bfe715010ac5b3fa,0,3,0.00030066908220760524,L1
SHB_39056432c7746501,0,2,0.0006090326351113617,L1
SHB_fcafc869464ece31,0,4,0.00502720195800066,L1
SHB_e0efa93a7bbb6167,0,2,0.0008628774085082114,L1
SHB_072b0ab7cf6eca99,0,2,0.01055519375950098,L2
SHB_f35501693cb7b9fd,0,5,0.010995651595294476,L2
SHB_e2cd388588ee9393,0,2,0.031383901834487915,L3
SHB_2deface9a50d4f79,0,2,0.00045079379924573004,L1
SHB_88d63e4c18eaad64,0,5,0.004844906274229288,L1
SHB_64863f4978c21c28,0,2,0.022377759218215942,L3
SHB_7ab9c19af4220bd5,0,3,0.005206593777984381,L1
SHB_1ecde54c8868b5d4,0,1,0.05647933483123779,L4
SHB_87e942bcf4679eee,0,1,0.0140576446428895,L2
SHB_e83ed7c2fecee088,0,4,0.003572241635993123,L1
SHB_59b3ce8fe6b3ad1e,0,2,0.014752034097909927,L2
SHB_90fee721a3618736,0,1,0.010731486603617668,L2
SHB_dbef9cde44da4bce,0,2,0.049014803022146225,L4
SHB_7ddd1c98c2bacb1e,0,1,0.0004010933334939182,L1
SHB_0deb6bb8024928d7,0,4,0.01783790811896324,L2
SHB_6313755488adeebb,0,4,0.04184798151254654,L4
SHB_dfbfc4e127f67eee,0,4,0.023782193660736084,L3
SHB_8680e8ebc1be2eb7,0,2,0.03273489698767662,L3
SHB_40606cfeb2899015,0,2,0.016978399828076363,L2
SHB_455d4b3777afb9e0,0,5,0.04510188847780228,L4
SHB_4711dc23ce266073,0,3,0.016847655177116394,L2
SHB_26e0b9f45efdbb31,0,3,0.00016260534175671637,L1
SHB_1e2bffbe9c413574,0,5,0.044023483991622925,L4
SHB_e549a78640d75bb3,0,3,0.007455924060195684,L2
SHB_227ef4029edf1073,0,4,0.009088326245546341,L2
SHB_239180c9d4204234,0,1,0.031904030591249466,L3
SHB_eff3ea01f9e0422d,0,2,0.018040701746940613,L2
SHB_ebf596a1ede492c0,0,5,0.0163528174161911,L2
SHB_e716c66b22438ff9,0,4,0.0017934043426066637,L1
SHB_020619f51681e21c,0,1,0.03940485417842865,L4
SHB_a80dcfcedd71f8bc,0,5,0.025318512693047523,L3
SHB_2e0cd04513ff24f4,0,2,0.03666950762271881,L3
SHB_696c488598b7bb3b,0,5,0.005117570981383324,L1
SHB_15fb517a18819d66,0,4,0.0013778723077848554,L1
SHB_e21fb16425507e6a,0,3,0.00020822370424866676,L1
SHB_d5400e8782177633,0,3,0.03143618628382683,L3
SHB_c5db72ac41863f28,0,4,0.00043344241566956043,L1
SHB_7b3a77ec38d3e095,0,2,0.001641744514927268,L1
SHB_387be8f1eb104974,0,1,0.0065741389989852905,L1
SHB_d82894308cae4234,0,5,0.061444446444511414,L4
SHB_013689a35017df38,0,5,0.009005790576338768,L2
SHB_68f813cf39570a9f,0,2,0.000630787864793092,L1
SHB_aad8d60084d4b074,0,3,0.0013852588599547744,L1
SHB_c434162b1391257c,1,2,0.005580552387982607,L1
SHB_0b042a3ae26fb750,0,4,0.0024185979273170233,L1
SHB_35bb7e1b7dbf6dc0,0,1,0.0008728032116778195,L1
SHB_3982439baf401ffe,1,5,0.05171315744519234,L4
SHB_f196fd6404e2b52f,0,2,0.014326394535601139,L2
SHB_880176129f3b36d6,0,2,0.0057119159027934074,L1
SHB_46110f42c86e349a,0,4,0.031704775989055634,L3
SHB_44dc25a67f4c0eda,0,5,0.0006205115932971239,L1
SHB_86a225bebe729c23,0,5,0.008671955205500126,L2
SHB_4883356a8ba22b95,0,3,0.002338939346373081,L1
SHB_b23bbcb3b8641a26,0,5,0.0066506946459412575,L1
SHB_699f2bbdb57af0e3,0,2,0.06458278745412827,L4
SHB_2dfeb4ca74874df2,0,4,0.0037192218005657196,L1
SHB_60203d807d419b4c,0,3,0.016833506524562836,L2
SHB_68a053111db80208,0,2,0.004636779427528381,L1
SHB_5c73ec3f74604c0f,0,2,0.0036317429039627314,L1
SHB_69592acc46b2ad37,0,5,0.017872778698801994,L2
SHB_44e3a3cec8af4418,0,5,0.003947509918361902,L1
SHB_6b82b707e6d1fa7b,0,3,0.03191038593649864,L3
SHB_6c5936f290f306e7,0,1,0.17471882700920105,L5
SHB_49b1df430a1ac05a,0,4,0.007488835137337446,L2
SHB_88c7817676d9c745,0,4,0.0006898847059346735,L1
SHB_267be093ebbfb4e8,0,3,0.03605443984270096,L3
SHB_612b671c20af0826,0,2,0.0010258977999910712,L1
SHB_3a8968bb2e52a094,0,1,0.0011686544166877866,L1
SHB_4df6ca0b4cddbca3,0,4,0.002848577918484807,L1
SHB_b0ca7693d104ccc0,0,4,0.009537325240671635,L2
SHB_9185bc9b00a0a80f,0,3,0.05286426842212677,L4
SHB_947a3bd22af130d6,0,3,0.05421137809753418,L4
SHB_02cdfc0ed7321016,0,3,0.0007963591488078237,L1
SHB_b3553ad98bb200ae,0,5,0.0005997850676067173,L1
SHB_e9b5cd814d6658ea,0,3,0.07957286387681961,L4
SHB_924e479516348ae9,0,2,0.08633960783481598,L5
SHB_5d8364290b697af8,0,5,0.0116353128105402,L2
SHB_f524f114a131e27b,0,3,0.014738823287189007,L2
SHB_c084d15ddfe9717a,0,3,0.05257803574204445,L4
SHB_7fa18db75f0881c3,0,1,0.013565179891884327,L2
SHB_69a5d9324cf464ad,0,4,0.019180160015821457,L3
SHB_9afc07ceec4261db,0,3,0.03275495395064354,L3
SHB_c1e01ea894678f45,0,1,0.03913494944572449,L4
SHB_ff98a8858e808f58,0,4,0.004513229709118605,L1
SHB_60fa480590e7d013,0,4,0.007666382472962141,L2
SHB_298bf9e57cbe9413,0,1,0.021586736664175987,L3
SHB_e1190e71b8acbf5a,0,2,0.001302799442782998,L1
SHB_55158745daf9f395,0,2,0.03432469069957733,L3
SHB_f7998ead6357c4d6,0,4,0.03424035757780075,L3
SHB_cfb7a2c60a3dcc7a,0,2,0.00027688450063578784,L1
SHB_53e9eb8bc76895fe,0,2,0.007739532273262739,L2
SHB_d39733f41f2f8bcd,0,5,0.010017107240855694,L2
SHB_201737186edb3bf2,0,5,0.00390389421954751,L1
SHB_1022ef5cf04102ef,0,1,0.0006787701277062297,L1
SHB_d298334fb8649297,0,4,0.0009576200391165912,L1
SHB_26055155cfafe734,0,1,0.007701285649091005,L2
SHB_cdd7cf9e7a5703b7,0,2,0.05789641663432121,L4
SHB_d082712b254e2e08,0,4,0.012716073542833328,L2
SHB_f79b934f28814211,1,3,0.04241945967078209,L4
SHB_a47f03fadb7a1973,0,2,0.0012084736954420805,L1
SHB_e25ed417f096075b,0,2,0.01467526238411665,L2
SHB_d7659d3c1daee879,0,1,0.002846388379111886,L1
SHB_64fd9ddad5bee242,0,5,0.0017653676914051175,L1
SHB_e0450c3a4dd4a99e,0,2,0.026691872626543045,L3
SHB_4a2c51cb2c6d040e,0,1,0.0013404896017163992,L1
SHB_f0bee05aa1919abe,0,1,0.0009193377336487174,L1
SHB_a8110975432c3834,0,4,0.012994283810257912,L2
SHB_7060d8e2a75210d9,0,1,0.001952189952135086,L1
SHB_a9ab4e3846ec545e,0,4,0.007140368223190308,L1
SHB_56b370945a5d66a0,0,2,0.0005528616020455956,L1
SHB_b832e943f43161a2,0,5,0.0006827611941844225,L1
SHB_3b473ed6a9839559,0,3,0.020011579617857933,L3
SHB_1e1e9a79f2b5cd36,0,1,0.0009567965171299875,L1
SHB_e4f4c3936927cba3,0,2,0.022034067660570145,L3
SHB_45b1e9dc90555a25,0,4,0.05503898113965988,L4
SHB_bd822e5c58691ccb,0,5,0.010191169567406178,L2
SHB_8693fb6cdbddf511,0,3,0.0005565565661527216,L1
SHB_87ea0e6335f98e76,0,2,0.001907812780700624,L1
SHB_2c69e668db343bb3,0,1,0.007389445323497057,L1
SHB_03e2c969a38a8308,0,3,0.0036466261371970177,L1
SHB_29f52496bc58b137,0,1,0.0009776512160897255,L1
SHB_81d26a3385274868,0,5,0.0018825298175215721,L1
SHB_f23eaf048e601492,0,1,0.0006743742851540446,L1
SHB_a0b806685a8e40a2,0,4,0.0006953112897463143,L1
SHB_57bf38798e02d0f3,0,1,0.0010761151788756251,L1
SHB_faaf770236c77a2e,1,4,0.008884500712156296,L2
SHB_47048c1988ef655b,0,5,0.00609791511669755,L1
SHB_ea8ff688cb33ea1f,0,1,0.017905686050653458,L2
SHB_81c2964086be5666,0,1,0.002149860607460141,L1
SHB_05ea6b3ba660a3d9,0,1,0.013792017474770546,L2
SHB_cbf75ff3f07593b2,0,1,0.001505215186625719,L1
SHB_99ce72a134fd3538,0,3,0.008132701739668846,L2
SHB_9450836060bd1dd0,0,1,0.004176700953394175,L1
SHB_9a47bb1d0b389a63,0,5,0.016115669161081314,L2
SHB_3d116435bc7dbb18,0,4,0.00923481397330761,L2
SHB_4709f837149e5f05,0,3,0.0040959143079817295,L1
SHB_214dc8427d612722,0,2,0.011567010544240475,L2
SHB_e6ef59d28078a75b,0,1,0.0005355431349016726,L1
SHB_b0a0fd2c37a05edb,0,4,0.008639288134872913,L2
SHB_3da14f841098e48b,0,3,0.05934479460120201,L4
SHB_cd8ff3590781e5b1,0,1,0.0006948796799406409,L1
SHB_25a241885ca0cd86,0,5,0.007252391893416643,L1
SHB_5ba552cec6f21179,0,3,0.0010946159018203616,L1
SHB_e1fcd8638cac6568,0,4,0.013641782104969025,L2
SHB_150c5e7f62790495,0,5,0.0006599774351343513,L1
SHB_afd57e4dab62d1a1,0,2,0.002305556321516633,L1
SHB_0173b7751d232e8f,0,1,0.0012240082724019885,L1
SHB_d5f66d53ed596c7f,0,5,0.0007195147918537259,L1
SHB_b97015343c5da283,0,2,0.000527688127476722,L1
SHB_dd04871196cf961d,0,2,0.04108525067567825,L4
SHB_820487763ce94988,0,3,0.0009568348759785295,L1
SHB_c4af2c6d4502bd73,0,5,0.0017304946668446064,L1
SHB_38326a92b9e06628,0,2,0.001870832871645689,L1
SHB_71e25de9c9f5cef6,0,5,0.0018932393286377192,L1
SHB_ee77fb933d177214,0,4,0.0013324235333129764,L1
SHB_972e92da2199780c,0,5,0.022828761488199234,L3
SHB_ae35e49c30be3569,0,3,0.005064020864665508,L1
SHB_ffc3718242c36e76,0,3,0.00018109145457856357,L1
SHB_e28a9452a17b76db,0,1,0.006242696661502123,L1
SHB_04edded0339f44b7,0,2,0.0006039902218617499,L1
SHB_c61a94bb8cf072a2,0,4,0.03294907510280609,L3
SHB_0064bc5edab721db,0,4,0.006942210253328085,L1
SHB_c1e2f63a4dc93d3c,0,1,0.006917232181876898,L1
SHB_362f4167955afe2f,0,4,0.0007569361478090286,L1
SHB_80369a7a66e7c3c6,0,2,0.0005614862311631441,L1
SHB_78a36a960c85bd51,0,1,0.012509375810623169,L2
SHB_8573fa64549d700b,0,5,0.004185738507658243,L1
SHB_fc309c16fc902d1a,0,4,0.0007531619048677385,L1
SHB_36a3e8e1bf4a201b,0,2,0.0005763595690950751,L1
SHB_ab322f8cc08289f6,0,2,0.0005145054892636836,L1
SHB_37a650cfdd2a3017,0,3,0.026493333280086517,L3
SHB_4b631b01d551ebfd,1,5,0.05032123252749443,L4
SHB_849fbcd739aba27b,0,5,0.02936408855021,L3
SHB_45ff9861900345f0,0,3,0.0003160663472954184,L1
SHB_d2a715ca527293b2,0,1,0.11965063214302063,L5
SHB_3321ef415d733272,0,4,0.03552139550447464,L3
SHB_85893b5a918334bd,0,4,0.0013840292813256383,L1
SHB_6186ec50032a2252,0,2,0.0024800850078463554,L1
SHB_1c4ef0e8a8f51bd2,0,5,0.004565821494907141,L1
SHB_a45e137a25701e38,0,2,0.051396455615758896,L4
SHB_44cd6e38fad8a818,0,1,0.024928389117121696,L3
SHB_c9ef3983c806ebbe,0,3,0.00405970960855484,L1
SHB_b38ebdbc0da8ec5a,0,4,0.008192263543605804,L2
SHB_103adc437ee104fa,0,1,0.03205905482172966,L3
SHB_b113dbef8b73700c,0,3,0.007166418246924877,L1
SHB_d19eece981a4fcc2,0,4,0.00110806489828974,L1
SHB_526a838c45c6e327,0,2,0.014710543677210808,L2
SHB_26ee69f1162dc350,0,1,0.0011924493592232466,L1
SHB_d011eef078f40fad,0,2,0.006452460307627916,L1
SHB_50892126709addc7,0,1,0.010305926203727722,L2
SHB_2acf48b173b43c71,0,1,0.006653386168181896,L1
SHB_c44038cc3090d2bd,0,4,0.011406170204281807,L2
SHB_e83099920d1d6309,0,3,0.007902695797383785,L2
SHB_7775b5bd6c1668bf,0,1,0.01543948333710432,L2
SHB_0fdc7865b553ad24,0,4,0.006094901356846094,L1
SHB_bcb8c95e897b07d9,0,2,0.0009473463869653642,L1
SHB_229e5e235dc9bc93,0,1,0.0037318849936127663,L1
SHB_e9af42b3c3e6b1fe,0,2,0.007761965040117502,L2
SHB_5dcc9a3f2b9d38bf,0,2,0.03155646100640297,L3
SHB_621f735c154adff5,0,1,0.08601006865501404,L5
SHB_a1a20fd10a93962b,0,3,0.0020529599860310555,L1
SHB_d85df656359b31b6,0,4,0.0004391099791973829,L1
SHB_0a30c461bc2e31fb,0,5,0.00039667560486122966,L1
SHB_90bffc58dacaa5fb,0,1,0.0037108315154910088,L1
SHB_ba4a64d9272df860,0,2,0.0008990810019895434,L1
SHB_263033f37a7d6afb,0,4,0.01878024823963642,L2
SHB_da5cd9c70c7314fe,0,3,0.0058488850481808186,L1
SHB_f7cf51640b91c134,0,2,0.027959104627370834,L3
SHB_e24d8bdd488b0699,0,3,0.0035142041742801666,L1
SHB_02d916a0ad89cadf,0,5,0.0011468634475022554,L1
SHB_429e1278eeb41d16,0,4,0.012214102782309055,L2
SHB_813a3a50d59d340b,0,4,0.005762262269854546,L1
SHB_cf4c843569968644,0,2,0.017279742285609245,L2
SHB_845bd95706549b99,0,1,0.012356474995613098,L2
SHB_245c130971d7aaf1,0,5,0.0010830243118107319,L1
SHB_f6bf27a2473d8ef2,0,5,0.002536782994866371,L1
SHB_5a949b84027dc937,0,2,0.16220608353614807,L5
SHB_6340bebb5a287a7f,0,2,0.0679754987359047,L4
SHB_505fa600b2544cd2,0,2,0.0011097155511379242,L1
SHB_fba229d386421e80,0,3,0.00461304746568203,L1
SHB_a98059c1e0f9eac1,0,5,0.004318924155086279,L1
SHB_3f52d914c57a9f60,0,5,0.009081251919269562,L2
SHB_934f2d22401f65d5,0,1,0.06070170924067497,L4
SHB_361ceade24f128f5,0,2,0.02703273296356201,L3
SHB_41e57f4bfbd93230,0,2,0.0020104532595723867,L1
SHB_4f3406319f529731,0,3,0.04450245574116707,L4
SHB_f5c02ee631073fcc,0,1,0.009013730101287365,L2
SHB_402e6de5bae42d81,0,5,0.09512747079133987,L5
SHB_112b76a90975fcde,0,3,0.029693905264139175,L3
SHB_36eb7d5444106923,0,1,0.014709127135574818,L2
SHB_313bd1bc5a0437d2,0,1,0.006534059066325426,L1
SHB_64d2daa99df9647c,0,2,0.0006277866777963936,L1
SHB_d4b9c45e84bb8707,0,4,0.0011746030068024993,L1
SHB_e24699a80018437e,0,2,0.010229852050542831,L2
SHB_b4b94920cac75cc3,0,2,0.0006551500991918147,L1
SHB_582c87db1424ae2d,0,3,0.00020304019562900066,L1
SHB_19d04b3f10ceff6d,0,4,0.01070520468056202,L2
SHB_9e2acaaabcbaed3b,0,5,0.014159108512103558,L2
SHB_fda747a3e2123edd,0,2,0.004704789258539677,L1
SHB_3a28c552b4519855,0,1,0.011329691857099533,L2
SHB_4128fe371af1c2c7,0,5,0.000991317443549633,L1
SHB_6f948413a1c43690,0,1,0.012115688063204288,L2
SHB_a4f33a13b3e7f69e,0,2,0.0092306574806571,L2
SHB_ea58f5e00c8189cd,0,4,0.013646484352648258,L2
SHB_4cbcf83af0e78169,0,4,0.019216226413846016,L3
SHB_4d28f7efec52eaa7,0,2,0.0017187920166179538,L1
SHB_69f43038b80be29a,0,2,0.011034729890525341,L2
SHB_b1ecde999a7b0cc6,0,3,0.004770898260176182,L1
SHB_a2c7e2e803a13f5f,0,5,0.0014581596478819847,L1
SHB_ccb6266ea6420ed5,0,5,0.0020434181205928326,L1
SHB_1d425f85d6d45b98,0,2,0.0010239483090117574,L1
SHB_4195809f2fc2e4ef,0,2,0.011167626827955246,L2
SHB_4d5d94148403075d,0,4,0.0003842684382107109,L1
SHB_8e89897b76d159c8,0,1,0.0012270982842892408,L1
SHB_e2f36f9a26d787b3,0,3,0.008377311751246452,L2
SHB_8f7e3dcf728faa5d,0,4,0.003469772171229124,L1
SHB_d329ef332afe2d02,0,1,0.006421549245715141,L1
SHB_1226dd8b55141ec1,0,4,0.002145386766642332,L1
SHB_85c51adc3cfcb5a4,0,4,0.0012896101688966155,L1
SHB_dd6c3161d10b717c,0,3,0.0002813736500684172,L1
SHB_49b322d32f61aa7f,0,5,0.006138656288385391,L1
SHB_c297a267e180a978,0,3,0.02316218987107277,L3
SHB_287f7533eb484e0c,0,3,0.029762040823698044,L3
SHB_0660de122c72e05b,1,2,0.0040192375890910625,L1
SHB_290d5382e0ff8062,0,1,0.012902653776109219,L2
SHB_e2a497b1eb19ec69,0,3,0.0002610255323816091,L1
SHB_2191542144e6eacd,0,5,0.0004445686936378479,L1
SHB_c23693a8328d85e4,0,1,0.10011917352676392,L5
SHB_ed2258c60b282eca,0,2,0.016267262399196625,L2
SHB_0d437c0b9d7a1080,0,5,0.018533505499362946,L2
SHB_29230b457ba76189,0,5,0.015554375946521759,L2
SHB_4c2514e88fb99218,0,3,0.0006411584909074008,L1
SHB_654808c98ca97f2a,0,5,0.009308882988989353,L2
SHB_5e9f9c1248aef5c8,0,3,0.00999920628964901,L2
SHB_ead8a58a457bda71,0,4,0.013397480361163616,L2
SHB_0c6dcc1409801f80,0,5,0.0006076613790355623,L1
SHB_5ee2444789868d23,0,2,0.0006446590414270759,L1
SHB_bd4b1fa04d7d2c3d,0,5,0.007052031811326742,L1
SHB_0d5226395a8f93f6,0,1,0.02216644398868084,L3
SHB_8eaa74d4a1ad6279,0,5,0.008296975865960121,L2
SHB_57068655edf11dbf,0,1,0.0917939841747284,L5
SHB_97984461e749bfbc,0,2,0.015556362457573414,L2
SHB_ac0e7b5ce5c4e326,0,4,0.0060364739038050175,L1
SHB_882ae0ffcabfb076,0,2,0.014479377306997776,L2
SHB_c1475c326c2643c4,0,4,0.023837119340896606,L3
SHB_98365a95d3681d38,0,5,0.0029228730127215385,L1
SHB_8a04e6f8e033a0a4,0,5,0.007837502285838127,L2
SHB_fd916b598aa505f1,0,3,0.0077226473949849606,L2
SHB_ffb1810570b2612f,0,2,0.03272438421845436,L3
SHB_415f4017736a64a8,0,5,0.00787364412099123,L2
SHB_957e0c13277e9d61,0,3,0.016330473124980927,L2
SHB_f5a5e8c71be59db7,0,1,0.012783722952008247,L2
SHB_e5f1498e052fdb85,0,3,0.0006150400149635971,L1
SHB_bab0fe79d667f1ee,0,2,0.008563988842070103,L2
SHB_677bfb4f3a66244a,0,1,0.027577517554163933,L3
SHB_3c437dadfba3de00,0,1,0.009424882009625435,L2
SHB_e83465947604a722,0,2,0.0032247810158878565,L1
SHB_6541c1820ce92a7a,0,1,0.0006031494704075158,L1
SHB_ea230e107c1e38c1,0,5,0.007089573889970779,L1
SHB_12741fe6286d249b,0,5,0.0022105195093899965,L1
SHB_ec6f1901ebcaa721,0,3,0.01446750108152628,L2
SHB_602acc967c16e111,1,4,0.005026939790695906,L1
SHB_525ce0185e4681f3,0,4,0.01687946543097496,L2
SHB_5ec65f5c395cddf1,0,3,0.0012629763223230839,L1
SHB_7762c7c46ef16a0d,0,5,0.0024118423461914062,L1
SHB_a0a05a02718fc490,0,2,0.00516494968906045,L1
SHB_7c48b004785d28cd,0,2,0.007732826750725508,L2
SHB_f7f49badbc85a16d,0,1,0.0007910202839411795,L1
SHB_f44e3d698e3ad456,0,4,0.0004652398929465562,L1
SHB_ae7042f25bdaea22,0,5,0.004900354892015457,L1
SHB_cc15d6eb6a58b9e4,0,4,0.014044709503650665,L2
SHB_590d1016d5fd8e51,0,4,0.012781760655343533,L2
SHB_eedacf744febc06d,0,2,0.0006138444878160954,L1
SHB_8830a166924495bc,0,1,0.0009395615779794753,L1
SHB_4aba1236f2de70f7,0,4,0.0005288520478643477,L1
SHB_8f456eae589a3c6a,0,5,0.009606611914932728,L2
SHB_6feeb2396f15383b,0,2,0.00040907543734647334,L1
SHB_8af86532dca479ed,0,5,0.005522334016859531,L1
SHB_d917b16445f4ba86,0,1,0.00633344566449523,L1
SHB_148b2e3c46c2cd78,0,4,0.05946841463446617,L4
SHB_9273cec4560e483d,0,5,0.03918515890836716,L4
SHB_82d21e2f1103425e,0,4,0.0013834730489179492,L1
SHB_27ad6b4bf3d68d06,0,5,0.004934495314955711,L1
SHB_290407db07f6fdd6,0,3,0.020907718688249588,L3
SHB_7238633a48244390,0,5,0.0007256115786731243,L1
SHB_f410e939af94734a,0,5,0.03901045769453049,L4
SHB_93a67a8d0e093c57,0,4,0.0037735700607299805,L1
SHB_d3361352dbbba3d7,0,2,0.011504997499287128,L2
SHB_def12373cf3f81f8,0,5,0.007240920327603817,L1
SHB_454d577e7878326d,0,3,0.2466907948255539,L5
SHB_611a243b15de7d4c,0,1,0.009340708144009113,L2
SHB_c63c807d747b7780,0,5,0.00681566447019577,L1
SHB_ab79110d469e3b12,0,3,0.010723572224378586,L2
SHB_fc962f84d6c8abd7,0,2,0.00028050312539562583,L1
SHB_48d49594e1ae047e,0,5,0.008227350190281868,L2
SHB_c6064f5f83916ef0,0,4,0.007364462595432997,L1
SHB_056f57de0745c9b9,0,2,0.006020750384777784,L1
SHB_554b5acccddf39ae,0,4,0.010974173434078693,L2
SHB_287571a64ae4d64b,0,2,0.006123689468950033,L1
SHB_9a8228c72a6ee737,0,4,0.01691349409520626,L2
SHB_77347ed180cf2aa5,0,4,0.023485589772462845,L3
SHB_a842e030da4f505e,0,4,0.04960738494992256,L4
SHB_7ceff515019b4cd5,0,5,0.00983675941824913,L2
SHB_bf6c112088ce59bf,0,5,0.02176964282989502,L3
SHB_4e3acac78956a936,0,4,0.03239379823207855,L3
SHB_37a5f89c9512c433,0,3,0.0006236804183572531,L1
SHB_56762fc6dcebd64d,0,2,0.007550559937953949,L2
SHB_fe8c69cc74cdc6b7,0,1,0.012062919326126575,L2
SHB_d850fe3a0559388a,0,2,0.05030936375260353,L4
SHB_63ca5ee8022e0239,0,5,0.0019712604116648436,L1
SHB_e8d0a956cfb68aad,0,3,0.004853320773690939,L1
SHB_6587d1081c1e0fa6,0,2,0.002261016285046935,L1
SHB_e694983b1c1660e4,0,5,0.02024228870868683,L3
SHB_0fde3bafe6d92fd9,0,2,0.022081203758716583,L3
SHB_60f2aac14e75f3c8,0,1,0.003987018018960953,L1
SHB_6507992b96587832,0,3,0.0025414940901100636,L1
SHB_07c33650de549774,0,4,0.0033288951963186264,L1
SHB_45f9a3cc28b7d142,0,3,0.00017194691463373601,L1
SHB_d56a69ed789d1aff,0,5,0.002569725038483739,L1
SHB_a6000b3b5fdd8656,0,3,0.003228992922231555,L1
SHB_9bc1c556d5f9105c,0,2,0.0011788017582148314,L1
SHB_e517e4ad9bb69e1e,1,4,0.016409343108534813,L2
SHB_4d9529c989c397e3,0,1,0.004725421313196421,L1
SHB_131c1bbb398dae25,0,2,0.0012830342166125774,L1
SHB_214c8c2fe5b537f6,0,5,0.002146047307178378,L1
SHB_17d780783fd9cd53,0,1,0.07631788402795792,L4
SHB_b32a98ab592f774a,0,4,0.020240984857082367,L3
SHB_78d44bea7e94b2c0,0,5,0.032399266958236694,L3
SHB_ab9129c8755d7f9d,0,3,0.0012376290978863835,L1
SHB_1f704ec596fba4db,0,3,0.00964247714728117,L2
SHB_5402c65c92a41566,0,5,0.01811039075255394,L2
SHB_57a45f2e5946e7ec,0,1,0.04227025434374809,L4
SHB_5e2c38e03d255c42,0,5,0.076136015355587,L4
SHB_ec893c3a9c5d21d8,0,2,0.08098136633634567,L4
SHB_acf6c4e05def9463,0,3,0.012303358875215054,L2
SHB_4bb6cdc4c1ee9003,0,5,0.0005725219962187111,L1
SHB_738047c8726f5ad4,0,5,0.017327507957816124,L2
SHB_6b13bbfaef676ba5,0,2,0.014539575204253197,L2
SHB_e0bc7d851971ec8d,0,5,0.025943154469132423,L3
SHB_0c08ab617594914b,0,4,0.008072362281382084,L2
SHB_c8a950d8f0756d66,0,4,0.013398987241089344,L2
SHB_55d6db91a6b9a576,0,4,0.0004959295620210469,L1
SHB_1d17ca5472d4e97b,0,3,0.0017603967571631074,L1
SHB_71d8571275d6fef5,0,5,0.01510449405759573,L2
SHB_43c147d4670e8815,0,3,0.005531024187803268,L1
SHB_8f05a71522a5056d,0,1,0.0003746678994502872,L1
SHB_e2f8d6f1397daee7,0,1,0.014073674567043781,L2
SHB_e4759a1ef13a9585,0,4,0.012497488409280777,L2
SHB_2e9d173b268a21b0,0,1,0.00644412636756897,L1
SHB_b4fa19649ede877c,0,4,0.023835955187678337,L3
SHB_eef84ed4f135f652,0,4,0.012736137956380844,L2
SHB_f3597596044cc5a2,0,3,0.007284189574420452,L1
SHB_8cb606729ac23649,0,3,0.01422104798257351,L2
SHB_0c806ab9059ea0fb,0,4,0.007677240297198296,L2
SHB_9e493d4b8469eb75,0,5,0.016633516177535057,L2
SHB_ad58a5c066b14a4d,0,1,0.001013659406453371,L1
SHB_c5a96ed31ed74f45,0,3,0.014039454981684685,L2
SHB_5efc23659eca5b8e,0,4,0.004685376770794392,L1
SHB_363c66780d523486,0,5,0.043345704674720764,L4
SHB_4bdff9303b863a2b,0,3,0.0017403506208211184,L1
SHB_d22e695fb686698c,0,2,0.009361686185002327,L2
SHB_547582e16a97a029,0,1,0.02219199202954769,L3
SHB_dad5b4373635062d,0,2,0.036643821746110916,L3
SHB_49158e4bc288d2b5,0,3,0.019628247246146202,L3
SHB_56673f853c976ca2,0,3,0.029752839356660843,L3
SHB_bad326c1822e3103,0,5,0.011898674070835114,L2
SHB_4f35dd9dab3e91e0,0,3,0.0035448556300252676,L1
SHB_becc26bfbd602bc3,0,3,0.0007724690367467701,L1
SHB_972153381075cfd3,0,1,0.007320082280784845,L1
SHB_3baced2d77d9b1a0,0,3,0.021839244291186333,L3
SHB_2eb592e9d63d0075,0,5,0.0063753919675946236,L1
SHB_326331d5803694b9,0,1,0.04331193491816521,L4
SHB_864f94af127c2d53,0,2,0.0016366762574762106,L1
SHB_f7c8e31fe4006435,0,2,0.010000835172832012,L2
SHB_2fce269269e0eea1,0,2,0.000353705050656572,L1
SHB_8b1f6484770f40e9,0,3,0.14565086364746094,L5
SHB_a27df11d48fc8362,0,1,0.010325442999601364,L2
SHB_789069be4e649438,0,5,0.09187137335538864,L5
SHB_50552255540695b1,0,3,0.0027430164627730846,L1
SHB_56c3d6c1be76a914,0,2,0.003566333092749119,L1
SHB_5dd362b213131820,0,2,0.014047179371118546,L2
SHB_a1b279042aa7c019,0,1,0.009382719174027443,L2
SHB_33711c964a4b93da,0,2,0.008632266893982887,L2
SHB_59fd93cb408572b1,0,1,0.00870221946388483,L2
SHB_3ce22fa9a8238877,0,3,0.005157019942998886,L1
SHB_f12f1a0a2e399d09,0,2,0.018375691026449203,L2
SHB_c59da51161efb606,0,1,0.0034882808104157448,L1
SHB_38d7fb79c5b0bfc0,0,4,0.018249744549393654,L2
SHB_54418a7bab827ed1,0,3,0.007083155680447817,L1
SHB_a1d45fa7a6bc4ccf,0,1,0.0026968789752572775,L1
SHB_a059888c11febf13,0,5,0.009484364651143551,L2
SHB_0ad8147d3b08ef61,0,2,0.04041368141770363,L4
SHB_dac79cb6c6cd9c1a,0,1,0.0017012616153806448,L1
SHB_bf1f539fc98f0358,0,1,0.011188081465661526,L2
SHB_aec482218befa629,0,5,0.022809898480772972,L3
SHB_3e0002ddd414447f,0,3,0.00015869081835262477,L1
SHB_a0d74b5f417521e7,0,2,0.0005167757044546306,L1
SHB_1e1ca235e88b93d7,0,3,0.0021409629844129086,L1
SHB_bf94ee2ea393446e,0,4,0.009088583290576935,L2
SHB_23e9f01b6621469e,0,4,0.0010923185618594289,L1
SHB_e076bf0d2788cc97,0,4,0.014672993682324886,L2
SHB_4170efd6a704bda8,0,4,0.0007533858879469335,L1
SHB_7a192d3de46d0ce5,0,4,0.014907547272741795,L2
SHB_0ac9f8055f6ecb5b,0,3,0.02250937931239605,L3
SHB_c05d1bd327e875f7,0,2,0.0038358476012945175,L1
SHB_47dac71151f7c172,0,3,0.0017508091405034065,L1
SHB_625d962ecf771d3d,0,1,0.017058759927749634,L2
SHB_b7397625fba2b150,0,5,0.01659727841615677,L2
SHB_25d7e07036854d38,0,5,0.010163549333810806,L2
SHB_f867696158eebcde,0,4,0.0038639747072011232,L1
SHB_a4ffaffb248ddad5,0,2,0.0024669489357620478,L1
SHB_cd497a362c84e589,0,4,0.00931381806731224,L2
SHB_e1722a4b30b61c4e,0,2,0.0006606826209463179,L1
SHB_c7ac6bea45cf1428,0,1,0.0993594080209732,L5
SHB_5a5c2187cea5e9ea,0,1,0.020971965044736862,L3
SHB_bc9250bb182e9f8d,0,3,0.009988534264266491,L2
SHB_2370b56ebc5dd442,0,2,0.015597193501889706,L2
SHB_88a2e02dae79ff0f,0,2,0.010227708145976067,L2
SHB_ae5c8eda978db7a9,0,1,0.019559450447559357,L3
SHB_2cc9d7cac407e49f,0,3,0.00037318107206374407,L1
SHB_e3bcf5da66f5cd1b,0,1,0.00027617134037427604,L1
SHB_0328136a3da97cbd,0,5,0.0002944808511529118,L1
SHB_5f4c68d2abe058c0,0,3,0.0009372971835546196,L1
SHB_e894cf7c015afe62,0,5,0.00033261789940297604,L1
SHB_f27c85b72f80fb37,0,2,0.030495256185531616,L3
SHB_369b8661d1a68b2e,0,5,0.008749998174607754,L2
SHB_ea66bf1b4d118bbc,0,5,0.007365190889686346,L1
SHB_632c2bc50271d0d9,0,3,0.0025040586479008198,L1
SHB_22eb01afd21a9a38,0,1,0.01718963496387005,L2
SHB_6c6c99ebc54eb3a7,0,5,0.0034857289865612984,L1
SHB_ce424d4d38b5e577,0,1,0.0006851872894912958,L1
SHB_f2e2f120cb670312,1,4,0.007733082864433527,L2
SHB_4054c1c24b4554e5,0,1,0.027972200885415077,L3
SHB_2801da4157ed6391,0,4,0.008102375082671642,L2
SHB_4bf7606bf99def8b,0,1,0.0008795835892669857,L1
SHB_ef4b08d020fe7591,0,5,0.02321634814143181,L3
SHB_48fae26b276bf100,0,5,0.016191603615880013,L2
SHB_1f1c10ad8d69c199,0,5,0.006195215042680502,L1
SHB_1ee0dc003bad51da,0,3,0.05515959858894348,L4
SHB_285ad6da9b04e640,0,2,0.0019241056870669127,L1
SHB_1f0df732ba6a93ce,0,5,0.024913586676120758,L3
SHB_ad6833dfaf3b619c,0,5,0.0016863869968801737,L1
SHB_f37cb72ba0282621,0,1,0.002829763339832425,L1
SHB_8dd8be4d4f4492df,0,2,0.012787887826561928,L2
SHB_265b77f54e2628d9,0,5,0.0003462804888840765,L1
SHB_7a56c8a75296a05e,0,3,0.004733039066195488,L1
SHB_ca0840f16015dc00,0,2,0.004475884605199099,L1
SHB_6d696ce79f316910,0,3,0.0004477742768358439,L1
SHB_f84e7946962dd1ca,0,5,0.0003205949324183166,L1
SHB_988625fb29d1df0f,1,3,0.01600865088403225,L2
SHB_ea90911660c63464,0,3,0.00035415872116573155,L1
SHB_34aaa81c492c7e87,0,4,0.00065831677056849,L1
SHB_0f469064cbe5fbcf,0,5,0.021271515637636185,L3
SHB_5dad6e40fe82f6ab,0,5,0.0013954272726550698,L1
SHB_0668d13f75f17254,0,1,0.009331160224974155,L2
SHB_676bb34716217794,0,5,0.007985410280525684,L2
SHB_3f4048cbd1e12585,0,1,0.01358115952461958,L2
SHB_cfbc862c4260818a,0,2,0.010945634916424751,L2
SHB_fb5f4b53de3f7628,0,2,0.05431225523352623,L4
SHB_4f00f68050b9f445,0,4,0.004051650874316692,L1
SHB_9e927c6cbdc64167,0,5,0.0014900749083608389,L1
SHB_a451625c0a77efb4,0,3,0.019514521583914757,L3
SHB_2d59fb0b3c1f4af3,0,3,0.007529404014348984,L2
SHB_663d7b2900cab5dc,0,5,0.0014728100504726171,L1
SHB_6bdc066775141a8c,1,1,0.1020275130867958,L5
SHB_9708b245fc490760,0,4,0.0037009285297244787,L1
SHB_9e99b7fd33edcd0f,0,2,0.0328047014772892,L3
SHB_c8598c4f9f7ef233,0,2,0.006020630244165659,L1
SHB_ca200615eed08ccc,0,4,0.0016245911829173565,L1
SHB_c6fa96b8f1adcd4a,0,4,0.0063244677148759365,L1
SHB_310f634658008096,0,2,0.0015394965885207057,L1
SHB_81e5740865032ac0,0,2,0.0009176417370326817,L1
SHB_512ce88fcdad3468,0,4,0.015969473868608475,L2
SHB_b1a7ff6eeb338838,0,5,0.00996403954923153,L2
SHB_e35093eea9d65969,0,5,0.0021971454843878746,L1
SHB_8f5b5e360f8afca0,0,1,0.03730081766843796,L4
SHB_75e490dcb0963481,0,5,0.0006524691707454622,L1
SHB_894319c815bef3c5,0,5,0.008480037562549114,L2
SHB_617f5a9538a6d9ae,0,5,0.0043308911845088005,L1
SHB_b4a0fc6f6eef9ebb,0,5,0.005821879953145981,L1
SHB_3cb72f31986f9e64,0,3,0.027569841593503952,L3
SHB_ec35033ca2d39d25,0,3,0.012996343895792961,L2
SHB_976d2f718672e05a,0,3,0.028608443215489388,L3
SHB_8886dbe6a594ce5b,0,4,0.013924374245107174,L2
SHB_03ca5cb8f223510d,0,2,0.002839955035597086,L1
SHB_9c66a603b6211c68,0,2,0.008829834870994091,L2
SHB_1bcd519ec5426114,0,3,0.016886835917830467,L2
SHB_21cd4675ed60a506,0,2,0.0013011489063501358,L1
SHB_ae683c927f0456ab,0,3,0.03115595132112503,L3
SHB_44f2f577eb0fa596,0,4,0.0031459147576242685,L1
SHB_6da648354a2b4a4c,0,4,0.008667939342558384,L2
SHB_edee59e2ba516760,0,5,0.005163178313523531,L1
SHB_291afcf5ba9b3c89,0,3,0.041817545890808105,L4
SHB_527f9928e872d6df,0,2,0.0031646776478737593,L1
SHB_b0635123ce6157bc,0,5,0.005080945789813995,L1
SHB_f51e9d2bebdd6144,0,5,0.02776755951344967,L3
SHB_7be27ced5b18d0f0,0,4,0.011393611319363117,L2
SHB_1f69c811b2e55cc7,0,5,0.014494981616735458,L2
SHB_834ca1d42bf692af,0,3,0.011553018353879452,L2
SHB_aa877e05c484b076,0,1,0.0007925138343125582,L1
SHB_e05f2e47e1dc16a4,0,1,0.005590137094259262,L1
SHB_2d8cee514dbaaf1f,0,1,0.023396752774715424,L3
SHB_ac74557f32044d42,0,1,0.0018790201283991337,L1
SHB_3b2d7e7ab12af3da,0,5,0.00731934467330575,L1
SHB_70400f4d46e340b6,0,2,0.005959198344498873,L1
SHB_de6dc24389d4b29c,0,4,0.0019471499836072326,L1
SHB_b1224db656ebb944,0,3,0.0569249726831913,L4
SHB_7daa249ca1fac0e3,0,3,0.003080164548009634,L1
SHB_5de25ea1d4936296,0,2,0.0007786141359247267,L1
SHB_58f622d2f792028a,0,1,0.037864189594984055,L4
SHB_f50a60371d31d69f,0,3,0.0016438344027847052,L1
SHB_13995cf495b7800b,0,5,0.0014984430745244026,L1
SHB_86a0ca1ae8158298,0,1,0.0026305464562028646,L1
SHB_98c78259c3075eeb,0,2,0.0017191783990710974,L1
SHB_8f34b2f70d5e3c4c,0,4,0.001950031379237771,L1
SHB_cf4ad287a70b4900,0,1,0.019316349178552628,L3
SHB_f13c582281c9cd49,0,2,0.02520398236811161,L3
SHB_db993a88cc2c1920,0,5,0.00262846564874053,L1
SHB_38eb63e3c856143d,0,5,0.001196827506646514,L1
SHB_1e16c2c86f6f7421,0,4,0.0036090705543756485,L1
SHB_93fa3a617cdd33bd,0,3,0.03823362663388252,L4
SHB_f8cd5b4696d22013,0,2,0.016112925484776497,L2
SHB_88f89e391d12f6fd,0,1,0.00709112174808979,L1
SHB_0779f10c4d2279fa,0,2,0.012329606339335442,L2
SHB_62d15a4ce56484d3,0,4,0.0007145705749280751,L1
SHB_6024e554498155e7,0,1,0.0017944708233699203,L1
SHB_14ef786477f66d58,0,3,0.0009251371957361698,L1
SHB_317e619b1c35f99a,0,4,0.004076894838362932,L1
SHB_aad1cfb0a3b94a07,0,3,0.013096257112920284,L2
SHB_04c8803146399fe2,0,1,0.0022178180515766144,L1
SHB_a2ae9efac382546d,0,4,0.011325584724545479,L2
SHB_5d12eb8c7198eaa4,0,5,0.000427148217568174,L1
SHB_7f27f8e9a9c5a771,0,1,0.007713659666478634,L2
SHB_a6e1e719483b8000,0,2,0.0003667328564915806,L1
SHB_ff0741b8547fb749,0,1,0.028358731418848038,L3
SHB_dc294e74284032f8,0,4,0.01033023837953806,L2
SHB_4f9db4aeea77bc4d,0,3,0.002243265975266695,L1
SHB_27d7400c9e0e20bb,0,4,0.2983815371990204,L5
SHB_7ff66ea210fbba61,0,4,0.0011077462695538998,L1
SHB_2f51a7d94d522077,0,4,0.006846928503364325,L1
SHB_b9f0ade2467e564b,0,4,0.009825707413256168,L2
SHB_961e82ee08b55ff6,0,1,0.004940134473145008,L1
SHB_ded7f453648b3742,0,4,0.0014882349641993642,L1
SHB_c38f3f7f2703b3ec,0,1,0.017998695373535156,L2
SHB_8326cf70f438e137,0,2,0.02904217503964901,L3
SHB_1ae6268eac9ca079,0,1,0.08370931446552277,L5
SHB_8c98f224909e7fc7,0,5,0.000979235046543181,L1
SHB_64e44e529d423895,0,2,0.009442255832254887,L2
SHB_b838af7357a662ad,0,5,0.0016123326495289803,L1
SHB_6a5ed4588237e67c,0,4,0.00587575975805521,L1
SHB_15a2ca6bec97f452,0,4,0.002983206184580922,L1
SHB_fe5a6b47d2caad3b,0,5,0.011849166825413704,L2
SHB_bc36d135f4e29cdb,0,4,0.019185766577720642,L3
SHB_6fb50291e3ac01a1,0,5,0.014089012518525124,L2
SHB_c977abe17a47c2e7,0,1,0.02707851678133011,L3
SHB_46d6b3d7001cad11,0,1,0.007688444573432207,L2
SHB_af72272bec98978f,0,1,0.06222014129161835,L4
SHB_dceaad194c1d5bfc,0,2,0.01436085719615221,L2
SHB_5dd5c5e53c0e8854,0,4,0.0011809769785031676,L1
SHB_5174377e9587a7e3,0,3,0.028259621933102608,L3
SHB_35975331e6c2ed79,0,1,0.021463550627231598,L3
SHB_e51a3df6187a8283,0,4,0.00047134148189798,L1
SHB_d832ca7896171047,0,4,0.032753512263298035,L3
SHB_99f026edbaf63785,0,2,0.030438747256994247,L3
SHB_810f5f2119014c9d,0,1,0.004042099229991436,L1
SHB_eb332828c79127b6,0,3,0.00042938502156175673,L1
SHB_1bb800b0a30f175a,0,1,0.0027718720957636833,L1
SHB_b8164657347f48c9,0,2,0.00125025468878448,L1
SHB_e7cd455e65f5dcbc,0,5,0.01837851293385029,L2
SHB_6586f64832fb4059,0,4,0.005572579801082611,L1
SHB_8af08bd07b14ec03,0,4,0.0011054687201976776,L1
SHB_e29cccff640e224b,0,1,0.05118628218770027,L4
SHB_39f1ecfe86c8d316,0,2,0.010120728984475136,L2
SHB_a08fbd083fdd6108,0,2,0.026419172063469887,L3
SHB_2df74fd9ca35d4c8,0,5,0.02379126287996769,L3
SHB_5c3bda54bb92102a,0,5,0.023287178948521614,L3
SHB_213259b3cbdfae32,0,5,0.00771656958386302,L2
SHB_97effa2130248f3a,0,3,0.0637979805469513,L4
SHB_28bfccca610ada4d,0,4,0.007948014885187149,L2
SHB_6840de21529d31f5,0,3,0.01559639535844326,L2
SHB_77e72b9d242fe71e,0,5,0.0032589766196906567,L1
SHB_399011c8606364da,0,1,0.0008162837475538254,L1
SHB_f2e11b563db52cfe,0,1,0.014899174682796001,L2
SHB_370a1c6dc2f85430,0,5,0.03332854062318802,L3
SHB_60076dc17fcdf78f,0,5,0.003510664217174053,L1
SHB_c8905bd30d6f82a8,0,5,0.0753234326839447,L4
SHB_3e6c4c6ba4da99ed,0,5,0.026218770071864128,L3
SHB_ac514698e10d3c8c,0,2,0.012319437228143215,L2
SHB_91f27490f5034135,0,4,0.022837772965431213,L3
SHB_b45e7c4578e58e51,0,2,0.08589903265237808,L5
SHB_8b06c81af6026581,0,5,0.0007055662572383881,L1
SHB_42aafb7a33eaea84,0,1,0.04011039435863495,L4
SHB_ffcd08bde0014763,0,1,0.012013806961476803,L2
SHB_0c5d26d924e2279f,0,3,0.0188823901116848,L3
SHB_7e13a708a1355dff,0,1,0.007542510516941547,L2
SHB_b645147218348a04,0,5,0.020037561655044556,L3
SHB_dee07746f3327ac8,0,3,0.0023035784251987934,L1
SHB_3e290fc94056dce9,0,4,0.038730256259441376,L4
SHB_a8437b05406045f0,0,5,0.01811477728188038,L2
SHB_e5f7d1222aee61e7,0,5,0.005292636342346668,L1
SHB_e83b0c3a935c18f6,1,3,0.015550822019577026,L2
SHB_c275920115179811,0,5,0.00743246590718627,L2
SHB_2a3d56b12c0f7674,1,3,0.0017856955528259277,L1
SHB_8f97484b888eb4f6,0,3,0.014385296031832695,L2
SHB_5c5ac7f873b61f1d,0,5,0.01091509684920311,L2
SHB_c6b85695cfe887f6,0,5,0.01300756074488163,L2
SHB_2381da3ac46c064c,0,3,0.03696952387690544,L3
SHB_57c79c136cca439b,0,4,0.013799854554235935,L2
SHB_aea5576f662cda0f,0,5,0.004470762796700001,L1
SHB_a1a0321b48a215ea,0,3,0.044661253690719604,L4
SHB_38fd0615c1a0e1d8,0,2,0.004514905624091625,L1
SHB_f31a6d74bca4d662,0,1,0.003182625863701105,L1
SHB_07641ef001f7abc2,0,1,0.0045800101943314075,L1
SHB_b5b85e2beff7574a,0,2,0.014393466524779797,L2
SHB_224cc28ed50c67d4,0,4,0.009369529783725739,L2
SHB_f7650461dcf2ecb4,0,5,0.0029872069135308266,L1
SHB_5da63ccfe32a52cf,0,4,0.0194590725004673,L3
SHB_a2e0573565bca041,0,2,0.006576661951839924,L1
SHB_fe28a62aecf374c3,0,3,0.00028821625164709985,L1
SHB_450d62ad67290d70,0,5,0.12066228687763214,L5
SHB_7d15e3f088195ce5,0,2,0.005473264958709478,L1
SHB_c0ec96f854ad7654,0,5,0.017820890992879868,L2
SHB_e449a6f7443922f9,0,2,0.03436486795544624,L3
SHB_4a837f5f3d4d7b49,0,4,0.004834124352782965,L1
SHB_685f0799e34c75cd,0,5,0.07570962607860565,L4
SHB_248feaccef8c4396,0,2,0.012987497262656689,L2
SHB_c6043d9c0ce93c52,0,1,0.0010713419178500772,L1
SHB_2bcab18c5b9efff9,0,1,0.009333593770861626,L2
SHB_816d200bff25b2b7,0,5,0.003683143062517047,L1
SHB_d7fc3cc3f2f10d6d,0,1,0.02386450208723545,L3
SHB_5fa38b50760d22ac,0,5,0.024263784289360046,L3
SHB_2f180036398d4688,0,1,0.007971925660967827,L2
SHB_9aa85b108462484b,0,4,0.19431640207767487,L5
SHB_66d761de2bd98781,0,3,0.018504852429032326,L2
SHB_bdda234e04f9aa5e,0,1,0.01700480282306671,L2
SHB_0112c2e635dfbb30,0,2,0.008245544508099556,L2
SHB_7804610e23006faa,0,3,0.025126583874225616,L3
SHB_d6a73223e18e4c62,0,1,0.0015937330899760127,L1
SHB_b1ab05000dfd6eb6,0,5,0.014408979564905167,L2
SHB_f13e26e195f0eedb,0,3,0.0077398731373250484,L2
SHB_e1a68be4967b2779,0,3,0.01394366193562746,L2
SHB_d5388ac97ffbc5c3,0,4,0.024713315069675446,L3
SHB_28a1220c4edc7595,0,4,0.013716641813516617,L2
SHB_bf2bf4cbf3a125cd,0,3,0.00413344195112586,L1
SHB_fcabb98c26056c1c,0,2,0.03568773716688156,L3
SHB_b11d12cac35297e2,0,2,0.0010291521903127432,L1
SHB_5071a178c1959294,0,4,0.011691357009112835,L2
SHB_74c01888a7490406,0,1,0.0019641201943159103,L1
SHB_811ce2ac9a4ae703,0,4,0.09863150864839554,L5
SHB_4ff01872f297636a,0,2,0.009480293840169907,L2
SHB_185ea6a10ad64e66,0,2,0.004791964311152697,L1
SHB_8f0fec59fbac06ba,0,4,0.00684785284101963,L1
SHB_55d46e3ef99283b5,0,2,0.02541661635041237,L3
SHB_ae8091bca97da644,0,1,0.21350182592868805,L5
SHB_dfbcc42e5a04d442,0,4,0.00024973059771582484,L1
SHB_042f85db77b27ac8,0,1,0.0007195926154963672,L1
SHB_8fb599e8eb28278f,0,4,0.03206218034029007,L3
SHB_d741bc405a4aeb38,0,2,0.0011323591461405158,L1
SHB_97b3392dd18bd3b2,0,2,0.05243745073676109,L4
SHB_c38a949fe1565104,0,5,0.025969041511416435,L3
SHB_7712d9fa891b90cf,0,4,0.010058212094008923,L2
SHB_672475c81737ef3b,0,3,0.0332341305911541,L3
SHB_1cd8f824255fa27d,0,1,0.001604760647751391,L1
SHB_dc7490b1af7d5988,1,2,0.010681717656552792,L2
SHB_7317a8a0fd098c93,0,5,0.03832568973302841,L4
SHB_9d8c81fca708761d,0,5,0.02113191783428192,L3
SHB_616c67c01fae7e93,0,1,0.03340870514512062,L3
SHB_b1e9f57dd5fb70b2,0,2,0.002745388774201274,L1
SHB_265b9af308815da2,0,5,0.007628649938851595,L2
SHB_bfd235bcf11ff843,0,3,0.00013390024832915515,L1
SHB_e608a9df095e24ba,0,2,0.009004015475511551,L2
SHB_3ee4523bcd081ce3,0,4,0.002519175410270691,L1
SHB_1f2f093480640fbb,0,2,0.021816758438944817,L3
SHB_4e8abed14d165079,0,2,0.011316773481667042,L2
SHB_754dfb97acef49b4,0,3,0.004017756786197424,L1
SHB_d8729f8d467f3fa5,0,5,0.01040908508002758,L2
SHB_6753ecd274bfe7f8,0,4,0.0005950538907200098,L1
SHB_66664bd8ba855fb2,0,3,0.0035850328858941793,L1
SHB_fa86d4044695416c,0,3,0.01933305524289608,L3
SHB_843061e57fc90f2b,0,2,0.01000929344445467,L2
SHB_5e935ca625b8ddcc,0,4,0.0084766186773777,L2
SHB_6ab4e4524c7cbf72,0,3,0.00011787827679654583,L1
SHB_ffd00bb98d1cd615,0,3,0.0011983464937657118,L1
SHB_c09d49a5e066e174,0,4,0.012621317990124226,L2
SHB_4db8036178ce1a97,0,1,0.0006893776590004563,L1
SHB_a0d5bd4f951f47fa,0,2,0.06224201247096062,L4
SHB_94b356b9df760cb6,0,3,0.0010254672961309552,L1
SHB_8c7ea5ce5d176fe1,0,4,0.0009153298451565206,L1
SHB_38b7c9e7aabb59f2,0,2,0.003277524607256055,L1
SHB_291646686fdaf672,0,1,0.004003528039902449,L1
SHB_2f9c2dd9d0a54420,0,2,0.002710712607949972,L1
SHB_de1aade40edfc926,0,4,0.003633923130109906,L1
SHB_68ecc985182b3e54,0,5,0.025880716741085052,L3
SHB_681d5eeeaddc848a,0,3,0.0112232631072402,L2
SHB_e95873a699b976be,0,3,0.006991489790380001,L1
SHB_4f703da924ee6ce0,0,5,0.0017781993374228477,L1
SHB_baab73600a8f690a,0,3,0.0075353533029556274,L2
SHB_5612bb9c3c35660f,0,3,0.018631795421242714,L2
SHB_40a34e13964ae302,0,2,0.010771593078970909,L2
SHB_9b746b4b10bb66ae,0,4,0.008437098003923893,L2
SHB_53435e9ea1e51492,0,1,0.017879460006952286,L2
SHB_390a630deb354007,0,4,0.0009440441499464214,L1
SHB_d2c97fc81a68d252,0,5,0.0010127206332981586,L1
SHB_c3c5ae631c85b105,0,2,0.0014143410371616483,L1
SHB_1f5619413263f799,0,1,0.0011328791733831167,L1
SHB_a65183e1b613694d,0,5,0.005260532721877098,L1
SHB_97fb248f693ceb44,0,1,0.000591904972679913,L1
SHB_94591438256d39f7,0,2,0.0023160448763519526,L1
SHB_44752a6057ddcc2a,1,4,0.008018860593438148,L2
SHB_a5c447fefea73d91,0,3,0.03410372510552406,L3
SHB_d93f1ca424b91abd,0,5,0.015307282097637653,L2
SHB_842cc0f3fd266cff,0,3,0.0009235188481397927,L1
SHB_401fd0fd35d6fc20,0,5,0.012998577207326889,L2
SHB_c019fa6923a99dde,0,3,0.016719849780201912,L2
SHB_d8ddb05a3e62987f,0,5,0.0019591704476624727,L1
SHB_6e0771045b86722f,0,2,0.051819007843732834,L4
SHB_f72448d76724991b,0,5,0.0035355903673917055,L1
SHB_8a539a17f1c68787,0,4,0.011040225625038147,L2
SHB_7971fecea59744ec,0,2,0.000984997022897005,L1
SHB_b9b0bb00e798feb8,0,1,0.02146844193339348,L3
SHB_02130406f746e981,0,4,0.056136757135391235,L4
SHB_a645b4a6a5094708,0,2,0.0148368114605546,L2
SHB_a97d155a889a6f7c,0,1,0.027959711849689484,L3
SHB_c6a41a0b7bf9498b,0,4,0.001186888199299574,L1
SHB_6af78ff185d8c260,0,5,0.0026711481623351574,L1
SHB_6f97ef751651cd09,0,2,0.0004543270042631775,L1
SHB_ad3298a9c3a9384d,0,4,0.015730146318674088,L2
SHB_3a80f1c67c0e44ca,0,3,0.01311494316905737,L2
SHB_0e9602666c26240d,0,4,0.023024672642350197,L3
SHB_2cca05ffc9526682,0,3,0.023242756724357605,L3
SHB_03809a76ab58f5f5,0,4,0.006050067953765392,L1
SHB_e48d9c08604ae36b,0,1,0.0010422489140182734,L1
SHB_1a3c500dd2d4e8f1,0,4,0.003712198231369257,L1
SHB_fe8ca3e0e02eab3e,0,5,0.000785741547588259,L1
SHB_41ccda7a43fe69ac,0,3,0.02038070745766163,L3
SHB_4c2edf7bf9b9817e,0,2,0.0006237796624191105,L1
SHB_c7ce5e3130e20d0c,0,4,0.00622906256467104,L1
SHB_2eb3bdeb271b7d5c,0,5,0.014076989144086838,L2
SHB_48ac528cb4141dbc,0,3,0.06628192961215973,L4
SHB_a0b41c324bb7b5a4,0,2,0.0057619777508080006,L1
SHB_6ea675abe7fce77b,0,5,0.0021950900554656982,L1
SHB_6b1932497b5ca68e,0,2,0.0009383154101669788,L1
SHB_f9833b1fbd5667e3,0,1,0.0013139278162270784,L1
SHB_31650da7abc22304,0,1,0.018643250688910484,L2
SHB_4b5a0f213393cf16,0,3,0.008993775583803654,L2
SHB_aaff89c6e34e7fbb,0,5,0.0003107458760496229,L1
SHB_c5c7f794a90cd233,0,3,0.004418026190251112,L1
SHB_a78b18b1724cba8b,0,1,0.029266908764839172,L3
SHB_62254cab401df39d,0,3,0.0011156692635267973,L1
SHB_0da3d3f167b10356,0,5,0.0012469354551285505,L1
SHB_d691d576e81b5b37,0,2,0.00037488710950128734,L1
SHB_9bde8151879fa89a,0,5,0.013332873582839966,L2
SHB_3a1cba5c0bccd747,0,5,0.014921944588422775,L2
SHB_ec4f39b49d4f82cd,0,4,0.16832335293293,L5
SHB_96f02952f4d92b79,0,2,0.0011292750714346766,L1
SHB_5c0e233f75a5e067,0,1,0.002282232977449894,L1
SHB_ac049dc63fd3dbb0,0,4,0.05029010400176048,L4
SHB_32c28240a37ffc0a,0,4,0.024241600185632706,L3
SHB_0e23f955170eed82,0,3,0.006267591845244169,L1
SHB_c175d44197f48dc9,0,4,0.00782698579132557,L2
SHB_4e84d0420dbfffbe,0,1,0.001260621938854456,L1
SHB_11ee9882e2aca3f7,0,2,0.001527091721072793,L1
SHB_a03115bbac7805f8,0,4,0.0022123504895716906,L1
SHB_073209351757b07e,0,4,0.0006145613151602447,L1
SHB_8b8629fc23ba1cba,0,2,0.007867035456001759,L2
SHB_65ec3747bc4ae749,0,2,0.013184172101318836,L2
SHB_38bfdc1d7f6b39ab,0,5,0.019468309357762337,L3
SHB_9117618ebf6b0887,0,1,0.0025101976934820414,L1
SHB_f7ba836d0aec03ac,0,3,0.0012833415530622005,L1
SHB_8b92ecba848e53b2,0,5,0.0006277289940044284,L1
SHB_6df21e7780b5cb80,0,3,0.051520418375730515,L4
SHB_55ae55504dda0719,0,3,0.004931883420795202,L1
SHB_fdb28c540c57fa06,0,2,0.005859252065420151,L1
SHB_c5f9cb754524327e,0,4,0.05450447276234627,L4
SHB_9c79a0ed91b44c7b,0,3,0.026884857565164566,L3
SHB_52299a6cf20c3823,0,2,0.02954438328742981,L3
SHB_d8eea147773b7eb7,0,4,0.2199210822582245,L5
SHB_b537ab1a57ef3eaf,0,1,0.03853476792573929,L4
SHB_7d744cbe78e4daf2,0,5,0.01582898013293743,L2
SHB_55c1b209a866be33,0,3,0.006637514568865299,L1
SHB_40fb0ccbf97bf02a,0,5,0.020675599575042725,L3
SHB_d070fc99537e8caa,0,2,0.06573335081338882,L4
SHB_28b42d043dcd3164,0,4,0.007960846647620201,L2
SHB_a5d6b34fe6dac8a6,0,4,0.007599588483572006,L2
SHB_55c6311f6bf3ff35,0,4,0.022462455555796623,L3
SHB_55faefc96d4365f5,0,5,0.002006834140047431,L1
SHB_41e0b727a00753f2,0,4,0.020746272057294846,L3
SHB_2f0557d78fa381e2,0,4,0.0059119937941432,L1
SHB_15e241080f50183c,0,4,0.029251733794808388,L3
SHB_b8c0b131c9116c9a,0,5,0.0013012803392484784,L1
SHB_9d4f3a67601cd5bd,0,4,0.02142164669930935,L3
SHB_d2762b5b382c1509,0,3,0.006167963147163391,L1
SHB_3ab9b7b89f029842,0,3,0.010444317013025284,L2
SHB_f6298ccd93b0f96f,0,4,0.01849100925028324,L2
SHB_1f8463c37de42a30,0,1,0.0006570362020283937,L1
SHB_c5226b18898ff9b4,0,1,0.0005143443704582751,L1
SHB_3c47d4cab831f167,0,2,0.015107936225831509,L2
SHB_20d48775b5806b95,0,1,0.0025481816846877337,L1
SHB_fa9a30daa4600bfd,0,2,0.001510060392320156,L1
SHB_c664d6de5447300f,0,2,0.00071340223075822,L1
SHB_86f6c40d56e35826,0,3,0.00037693764897994697,L1
SHB_40c105c0aebba65e,0,4,0.008289712481200695,L2
SHB_0c4e55d211a0ef75,0,2,0.0004675612726714462,L1
SHB_b3759e8a8ce039ff,0,3,0.0054170205257833,L1
SHB_949a95ecb7566d8d,0,3,0.0005001334357075393,L1
SHB_160d03859b9630e8,0,4,0.010113746859133244,L2
SHB_4091205315cb698b,0,3,0.053817909210920334,L4
SHB_99aa32b0d53df38c,0,5,0.015257653780281544,L2
SHB_5f9191fce7380914,0,5,0.0022127777338027954,L1
SHB_e70f82a386d6f20f,0,2,0.018967602401971817,L3
SHB_bff882931bb94fe4,0,4,0.003611532039940357,L1
SHB_78e6334cc5ca1696,0,5,0.02133006788790226,L3
SHB_3ef4597ac8933a7c,0,5,0.012091867625713348,L2
SHB_ac22f9f1da35c827,0,5,0.002812032587826252,L1
SHB_9597deaad6850c95,0,3,9.800459520192817e-05,L1
SHB_42f2c7ce9d272253,0,1,0.0013681835262104869,L1
SHB_12868f3d68e13a48,0,4,0.015044975094497204,L2
SHB_22fa61099ade96f1,0,4,0.0016457840101793408,L1
SHB_07396f31b85c6650,0,1,0.009965149685740471,L2
SHB_922dd3a8b266fdeb,0,4,0.014012781903147697,L2
SHB_6b1a662a1eb0beac,0,5,0.04637360945343971,L4
SHB_f84bf6118e7df29c,0,5,0.002563843270763755,L1
SHB_da02cf0c65b0b2bb,0,5,0.026989903301000595,L3
SHB_375d1a2dc32e9843,0,5,0.001036333036608994,L1
SHB_f8c37919acbb000c,0,4,0.011770264245569706,L2
SHB_27e1a40f8df43485,0,5,0.00041375821456313133,L1
SHB_bbf554d71fb53600,0,1,0.009616883471608162,L2
SHB_7595189a85630762,0,2,0.004029420670121908,L1
SHB_cd052a08388f4323,0,2,0.014218093827366829,L2
SHB_a53fb2602272aa08,0,4,0.00137439148966223,L1
SHB_21e9384093db1776,0,1,0.007236037869006395,L1
SHB_0839fb4dfb682e0e,0,3,0.0021933037787675858,L1
SHB_7993a91230764818,0,4,0.0009320612298324704,L1
SHB_f278de568b12bb34,0,1,0.018649734556674957,L2
SHB_221efa1990057120,0,5,0.0027766767889261246,L1
SHB_316abad5c0f59559,0,1,0.00119960552547127,L1
SHB_aec858218e2ce6d4,0,1,0.007346536032855511,L1
SHB_792fe570c6f275c6,0,1,0.001985121751204133,L1
SHB_f5dd8abda612ada2,0,2,0.00567916315048933,L1
SHB_80f17923904f4f0b,0,2,0.005533960182219744,L1
SHB_8066ffdf9f2504c0,0,4,0.0015441087307408452,L1
SHB_151bfaee475ddd66,0,1,0.00800104159861803,L2
SHB_5bec41e5f643f173,0,1,0.007808566093444824,L2
SHB_2dccb4b06e5f6c22,0,5,0.010409575887024403,L2
SHB_e059bd8d6b45cac6,0,4,0.011052749119699001,L2
SHB_b03c7d69ef86c94b,1,5,0.0396675281226635,L4
SHB_274cc60f87eca2fa,0,2,0.0005097025423310697,L1
SHB_861e9b832909fb52,0,1,0.0455828532576561,L4
SHB_dc26fea01bf8f1df,0,3,0.009219042956829071,L2
SHB_422968f5aa02de29,0,5,0.0006658108322881162,L1
SHB_e6ae98daaba101c8,0,5,0.06378526240587234,L4
SHB_ae05c4a93613d675,0,4,0.0006274053594097495,L1
SHB_81455881e7dcae76,0,3,0.00022958900080993772,L1
SHB_f3ca99bd82f1e2eb,0,1,0.02029636688530445,L3
SHB_0bc8b9fcf15244d1,0,1,0.00031367805786430836,L1
SHB_5c9ec1361000b6a3,0,5,0.02367161214351654,L3
SHB_21e96f2318366330,0,4,0.0017065402353182435,L1
SHB_04b24dd485361882,0,3,0.005020649638026953,L1
SHB_62c28559f97b06e0,0,3,0.011810247786343098,L2
SHB_3e686f6ab17e6965,0,3,0.02233375422656536,L3
SHB_e4f9c10853cc1dbf,0,5,0.005861489102244377,L1
SHB_4d8a10ad817f448b,0,4,0.0011329671833664179,L1
SHB_2295710adcd227ea,0,4,0.006713223643600941,L1
SHB_d35d3f6b5e59daf0,0,4,0.005704941693693399,L1
SHB_3e457ff4b379bed6,0,5,0.060097113251686096,L4
SHB_6aefac9b0725277e,0,2,0.02940233051776886,L3
SHB_1c92e3bad4e3abcf,0,1,0.0036777856294065714,L1
SHB_b0c3e90b72354abc,0,2,0.03887627273797989,L4
SHB_00418cf0d569437b,0,2,0.0009190794080495834,L1
SHB_5a1ff4d33046c4f8,0,5,0.0033278861083090305,L1
SHB_6852cf59ed91262f,0,5,0.00888578500598669,L2
SHB_ef35418bd05f3d1f,0,5,0.008960623294115067,L2
SHB_9f54a4e64dd0af5d,0,5,0.0009092158288694918,L1
SHB_0f619afd4d674738,0,4,0.008104621432721615,L2
SHB_6cd5dd3f14ed7a7c,0,3,0.019588299095630646,L3
SHB_883965b669c5efbc,0,2,0.017350468784570694,L2
SHB_2ae9ecdc4ad04bb5,0,5,0.027217896655201912,L3
SHB_c022a45f270030fb,0,5,0.007299753837287426,L1
SHB_8cde31ae32074b60,0,4,0.0007298214477486908,L1
SHB_0cc0f0146c8dde00,0,5,0.01324276439845562,L2
SHB_78c6d1e8a6ba3b42,0,4,0.03163118660449982,L3
SHB_e86fd3885f275bd5,0,2,0.006238115951418877,L1
SHB_d245de4583cae69e,0,2,0.004256983287632465,L1
SHB_29346bf4888aedfe,0,5,0.0019289073534309864,L1
SHB_a808718a210e83f8,0,5,0.0028486819937825203,L1
SHB_3d279c60b48a500b,0,5,0.0003168534894939512,L1
SHB_7af9c1b9071afc1e,0,3,0.015527407638728619,L2
SHB_faf523853caff57e,0,1,0.009904902428388596,L2
SHB_892577427f9e3598,0,1,0.0026172564830631018,L1
SHB_028d40d34db3f639,0,5,0.02677633985877037,L3
SHB_e410223e8641bdab,0,4,0.023323755711317062,L3
SHB_cc3f07f5dea695fd,0,2,0.04600181430578232,L4
SHB_0d55786862cb41a0,0,1,0.0006082579493522644,L1
SHB_2fe569a9ab272e53,0,2,0.004810553975403309,L1
SHB_925d6e92cbcca4e1,0,2,0.01428960170596838,L2
SHB_636873306cf37166,0,4,0.002770364750176668,L1
SHB_eb6a8f0773d6adf1,0,4,0.001808692584745586,L1
SHB_31ca82f0aa31a765,0,1,0.010540050454437733,L2
SHB_37eef622da39dda7,0,5,0.005797700956463814,L1
SHB_604b11c531a64ed2,0,3,0.00035411398857831955,L1
SHB_303ca07bf29fe988,0,5,0.015058193355798721,L2
SHB_a7b7a306cc7488ca,0,4,0.000593365344684571,L1
SHB_59ef72d3e1dfeac8,0,2,0.0035230317153036594,L1
SHB_4b2f1a1f7ff19b54,0,5,0.051422931253910065,L4
SHB_b40e04146e1df689,0,3,0.0005685989162884653,L1
SHB_8a35ac2607f7f548,0,1,0.0005379827925935388,L1
SHB_336802cd1c37dbb2,0,3,0.004381279926747084,L1
SHB_92d595b76eb41bc2,0,1,0.0003291231987532228,L1
SHB_fee0f03091b49a8b,0,2,0.003991739824414253,L1
SHB_952360baa220b2d3,0,3,0.0033087206538766623,L1
SHB_f454ee158a05f49b,0,4,0.0008672650437802076,L1
SHB_e44e6b05de9e95ff,0,5,0.019525600597262383,L3
SHB_0300de561f4349be,1,4,0.007111165672540665,L1
SHB_cd23d124bc417dd8,0,2,0.0010369863593950868,L1
SHB_c4fcb72819e529a7,0,5,0.034604355692863464,L3
SHB_a5172b7c21e2d4c6,0,3,0.0003374988737050444,L1
SHB_c2a79243a8284e54,0,5,0.011312303133308887,L2
SHB_01532c12961a9427,0,1,0.17762871086597443,L5
SHB_a3f25ed61700aa5a,0,2,0.004797438625246286,L1
SHB_a751fe5cafd44397,0,3,0.004930416122078896,L1
SHB_6e8f55fcaf0f3524,0,3,0.01090903952717781,L2
SHB_ee06077838074679,0,5,0.026227956637740135,L3
SHB_01323f1eae7d1106,0,1,0.009050602093338966,L2
SHB_fd35be70aefa3e9e,0,5,0.0006393333896994591,L1
SHB_0f0c06a3bf1ce4b6,0,2,0.07096429914236069,L4
SHB_d1e8df38e79f7d57,0,3,0.007477788254618645,L2
SHB_cb5660e156c19db7,0,1,0.011092876084148884,L2
SHB_dd0b13fe7855f1f6,0,5,0.0036879824474453926,L1
SHB_8b651a0abe027b0e,0,1,0.014982271939516068,L2
SHB_8ddaf28ddf492f70,0,3,0.04897483438253403,L4
SHB_e4ae0bfa301af0fc,0,1,0.011417004279792309,L2
SHB_166eb4eeac419991,0,4,0.014730372466146946,L2
SHB_665b3e86de991398,0,1,0.023810161277651787,L3
SHB_43ed19f2cd55b20d,0,2,0.0004732819215860218,L1
SHB_9d36bde84ff246a8,0,5,0.43974241614341736,L5
SHB_aca68735e85e2891,0,1,0.0008371784933842719,L1
SHB_7f7a9f7bd477a9bb,0,5,0.006335333921015263,L1
SHB_81121611789bb1b1,0,1,0.006249421276152134,L1
SHB_ed3d22241e206b8b,0,2,0.008835375308990479,L2
SHB_266dc1bb9ac3fac8,0,1,0.005397789180278778,L1
SHB_d9ece88b7aad4f56,0,4,0.016589708626270294,L2
SHB_e80a43c30ee39492,0,4,0.026013517752289772,L3
SHB_9f9cdbbd74b46f0a,0,3,0.01037992537021637,L2
SHB_f8491737500e3823,0,5,0.0020161757711321115,L1
SHB_5f63c6a9d39446e1,0,1,0.0014934458304196596,L1
SHB_cfc5d8f40d5bb961,0,4,0.08146560937166214,L4
SHB_e9df6750a2b20c08,0,1,0.0003177658945787698,L1
SHB_4a997e6a4bc1ea54,0,2,0.00032717949943616986,L1
SHB_bed84f022da10204,0,3,0.012011056765913963,L2
SHB_a60b408571e4574c,0,3,0.0004777821304742247,L1
SHB_4bf32a27b92eac3e,0,3,0.05831562727689743,L4
SHB_57f3ce61ead3c550,0,1,0.018714677542448044,L2
SHB_cc010c8fdb00379b,0,3,0.022898010909557343,L3
SHB_a19f242a4f003efc,0,1,0.0008139558485709131,L1
SHB_821865797bce6fd5,0,5,0.01601729914546013,L2
SHB_2197bea6dbf90d92,0,3,0.011907855048775673,L2
SHB_e5b078e49a9ae5e5,0,4,0.004260040353983641,L1
SHB_e70e6942ad7e2565,0,5,0.036169011145830154,L3
SHB_a509644aeeed2d65,0,2,0.042457785457372665,L4
SHB_cc39c5f25396a636,0,2,0.004309752024710178,L1
SHB_7e7b1df733d47440,0,2,0.025533150881528854,L3
SHB_9df710ee435f10a5,0,3,0.0003906422352883965,L1
SHB_be8594d8625d9da5,0,2,0.014023813419044018,L2
SHB_b759a6ea6602ef97,0,5,0.0003816835815086961,L1
SHB_798e50b555d5daa6,0,4,0.09590301662683487,L5
SHB_765d834da5276ac4,0,4,0.0024566384963691235,L1
SHB_eb7e84537e0c337a,0,5,0.02293132059276104,L3
SHB_f69c5d2c1941c229,0,2,0.0008016916108317673,L1
SHB_c1a978bf38186f9e,0,2,0.01387510634958744,L2
SHB_fb8dd4dead1f51f2,0,3,0.014031734317541122,L2
SHB_7e0f26866480cd4b,0,2,0.0006143334903754294,L1
SHB_d9af1bb28998b2a7,0,4,0.0004965158295817673,L1
SHB_d03e23b3e6ccf87b,0,3,0.02942904643714428,L3
SHB_a79da394ce0e3deb,0,4,0.0004960111109539866,L1
SHB_403e8f14cf91e8ee,0,5,0.009916253387928009,L2
SHB_da877d5555b476cc,0,2,0.0011821250664070249,L1
SHB_429566755548e765,0,5,0.0005091737257316709,L1
SHB_d6e06af646df4b3b,0,4,0.0029541421681642532,L1
SHB_159ae3c343462bea,0,2,0.10572489351034164,L5
SHB_41305766b33019cb,0,2,0.023122500628232956,L3
SHB_e692feb72e81be85,0,2,0.00027223429060541093,L1
SHB_4ffae6ca73b53bee,0,4,0.006114916875958443,L1
SHB_dd1a513a3cc54b5e,0,4,0.025865964591503143,L3
SHB_9884920a80d326f4,0,3,0.0018309017177671194,L1
SHB_eb1f3dc649c19145,0,1,0.0011574907694011927,L1
SHB_b2c53ad345d67517,0,3,0.03285498172044754,L3
SHB_a01fdb40776c0dd0,0,4,0.001112999627366662,L1
SHB_3fa9122953a49f7c,0,4,0.007997854612767696,L2
SHB_6ca3ca6eb1338401,0,2,0.09101297706365585,L5
SHB_fc1d6789c317fd5b,0,4,0.001736267120577395,L1
SHB_05c6e57abfbaa6ba,0,2,0.0005190675728954375,L1
SHB_12c3e8c1b3527b69,0,3,0.010050262324512005,L2
SHB_947a12e5b7f1951d,0,2,0.004701707046478987,L1
SHB_ac5d3e655a3ad2eb,0,4,0.005769016686826944,L1
SHB_8f9cfc68e5e427d7,0,5,0.029390249401330948,L3
SHB_1179e25b9e09f5b1,0,5,0.05055028572678566,L4
SHB_c00e86ceca28c789,0,1,0.010388053953647614,L2
SHB_da1244bd34ddb703,0,1,0.01346023753285408,L2
SHB_423becbdd9e6782b,0,4,0.0011974404333159328,L1
SHB_dea0153734feb10e,0,1,0.0015749189769849181,L1
SHB_208dc421e4d626e9,0,1,0.0492570735514164,L4
SHB_378ef74eb47d31ef,0,3,0.00026978584355674684,L1
SHB_0f8f4289a8320f45,0,1,0.0010102435480803251,L1
SHB_177e6ef7e8ca7aab,0,2,0.07474029809236526,L4
SHB_0ebc096af38f456f,0,1,0.0016083194641396403,L1
SHB_96b6b89c956d4e53,0,1,0.011447462253272533,L2
SHB_f2cf7d9dd8423a79,0,2,0.0006141616613604128,L1
SHB_8a5d6282aab79f9e,0,5,0.028815750032663345,L3
SHB_95d495b349ad83b5,0,3,0.022301215678453445,L3
SHB_d9d569a830220f68,0,1,0.0006340112304314971,L1
SHB_b051ec2791eba628,1,5,0.006048867013305426,L1
SHB_f669c912f79d4e33,0,4,0.00320491218008101,L1
SHB_6184dad9a08514d2,0,2,0.09396198391914368,L5
SHB_9cd8d3c3bbbd8812,0,4,0.0031522393692284822,L1
SHB_f979c5b97e6c7146,0,2,0.0009201032225973904,L1
SHB_acf1630d747de47d,0,5,0.0008514102082699537,L1
SHB_2be9cad1319da7cc,0,1,0.0022139139473438263,L1
SHB_2f8efb54685ca5cc,0,4,0.0026287592481821775,L1
SHB_6312be41f837670e,0,2,0.049574755132198334,L4
SHB_8aa109eae5915449,0,5,0.0036627636291086674,L1
SHB_44297868eaab7e20,0,2,0.008166156709194183,L2
SHB_f54d7e5cbfe4f13e,0,1,0.016060667112469673,L2
SHB_beeee3d5cf9eca44,0,2,0.00029318383894860744,L1
SHB_c5fe71230303cc09,0,2,0.004415283445268869,L1
SHB_070f6979eb9eb5c3,0,4,0.020907556638121605,L3
SHB_f8c4e63a7179a300,0,2,0.00381087907589972,L1
SHB_47dd780cd0d19241,0,2,0.005759525578469038,L1
SHB_8ef11539465f4b57,0,3,0.0044734482653439045,L1
SHB_5b9f8a41ef0aef17,0,3,0.020536942407488823,L3
SHB_1ca4c61b54911d8e,0,2,0.014053910970687866,L2
SHB_adb735c40be006d6,0,4,0.030572542920708656,L3
SHB_fa8cd72a8ae2ddd7,0,2,0.008466256782412529,L2
SHB_9e735c6c414c611f,0,5,0.024731390178203583,L3
SHB_7ada8097dc3886b8,0,3,0.0013423963682726026,L1
SHB_e7a808834665cb0c,0,5,0.031497836112976074,L3
SHB_3008b04ab93bab16,0,4,0.00044148179586045444,L1
SHB_6382fa9b34b8ffa0,0,3,0.05648890137672424,L4
SHB_248bb323e4a7d54c,0,1,0.016266172751784325,L2
SHB_dc3da39fb6d1e934,0,5,0.03322729095816612,L3
SHB_537e308792fc4625,0,2,0.01158628799021244,L2
SHB_666ef9d8cd298e43,0,5,0.10196394473314285,L5
SHB_2430dfde6e4a1b84,0,3,0.023684967309236526,L3
SHB_c82898542593aa27,0,1,0.003656231565400958,L1
SHB_448576cb1f799082,0,5,0.028756825253367424,L3
SHB_86266b27b08697da,0,3,0.012247630394995213,L2
SHB_a0f6990ebb729861,0,4,0.03235752880573273,L3
SHB_7e99e55c1308e06b,0,5,0.0012830933555960655,L1
SHB_1e742c180a1b65cf,0,1,0.015331600792706013,L2
SHB_33d9e2c8cab93027,0,4,0.020693182945251465,L3
SHB_a25ed9381b674a0b,0,1,0.0026579443365335464,L1
SHB_5f5b060ea36a65b1,0,4,0.017634324729442596,L2
SHB_67ff2a78b8720505,0,4,0.0019531380385160446,L1
SHB_e6fc6f65e138e401,0,2,0.012219184078276157,L2
SHB_1c2be5dc2ebfd3f0,0,4,0.007456597872078419,L2
SHB_54870c7f0fcf8fcf,0,1,0.010510181076824665,L2
SHB_0e769406bc8b062d,0,4,0.11085066199302673,L5
SHB_cfc216ce609b80c4,0,3,0.009253278374671936,L2
SHB_2db36e1473322c9f,0,5,0.02005475014448166,L3
SHB_76c912ecf6d7a3c1,0,4,0.0033986191265285015,L1
SHB_8ae3000b15d6d1b2,0,5,0.01632918044924736,L2
SHB_773842beb3f5bca2,0,4,0.01469013374298811,L2
SHB_a9c361e3f2cad0e3,0,4,0.01409398764371872,L2
SHB_024179167dce62fa,0,3,0.0047360253520309925,L1
SHB_b62e7cd9ab4b8550,0,2,0.006020290777087212,L1
SHB_e5535a8c99fddd38,0,1,0.0016896212473511696,L1
SHB_5071b99a40430718,0,2,0.0008870422607287765,L1
SHB_4a028f1ec8fc7afe,0,1,0.0012784815626218915,L1
SHB_d409b56e1e80b3bf,0,1,0.0018923222087323666,L1
SHB_1c2605ac6159e61d,0,5,0.026827238500118256,L3
SHB_797261a1c4352b9c,0,2,0.12778575718402863,L5
SHB_2de6c66e8e2ac838,0,1,0.00524967210367322,L1
SHB_f9ffd54b0c4ff40d,0,1,0.013072120025753975,L2
SHB_4d3858ed651d979e,0,2,0.004709892440587282,L1
SHB_138c2a7f386bdec8,0,2,0.08128109574317932,L4
SHB_f0422e03d5352bee,0,2,0.0012534280540421605,L1
SHB_0ffa781f3ea9b952,0,1,0.012916721403598785,L2
SHB_86bc8573c00c1794,0,3,0.00015294324839487672,L1
SHB_c3e2df946ad32255,0,3,0.010909677483141422,L2
SHB_970d61e75b2bb3ce,0,3,0.09107935428619385,L5
SHB_e4dd02beef420d5b,0,3,0.0006119203171692789,L1
SHB_c59d5ee9695e07e1,0,1,0.043058622628450394,L4
SHB_691f23a885b7a849,0,2,0.021253883838653564,L3
SHB_15b10d01c81c46e6,0,1,0.0011357847834005952,L1
SHB_da8a572273ee6dc3,0,4,0.006322202272713184,L1
SHB_f5b15d6c33aded87,0,3,0.014336100779473782,L2
SHB_2b710a4c00c0752e,0,3,0.01434315089136362,L2
SHB_0935946d3e43b544,0,4,0.016032833606004715,L2
SHB_74183fe1527d081c,0,3,0.009908190928399563,L2
SHB_ed9619ac94f48ff7,0,2,0.029550274834036827,L3
SHB_2d5f28a2cd2933b0,0,2,0.0015245439717546105,L1
SHB_4ffb128ee5497d85,0,4,0.009133017621934414,L2
SHB_1e8e482ef6aadf68,0,2,0.0009783728746697307,L1
SHB_91b91fcb1dfc6e07,0,1,0.007095833774656057,L1
SHB_9902260c333d909b,0,5,0.012700643390417099,L2
SHB_34495506e658b21e,0,5,0.009478637017309666,L2
SHB_15fd51fd847d879d,0,1,0.015249645337462425,L2
SHB_35e5110e71aee6ed,0,3,0.0054603153839707375,L1
SHB_9b27ad0f77856525,0,4,0.0006525058415718377,L1
SHB_5bf88a297abc3b7c,0,5,0.015727687627077103,L2
SHB_b609affb1d5d9fba,0,4,0.09304191172122955,L5
SHB_08d635ff66c7abef,0,3,0.00012550567043945193,L1
SHB_c236f11df289f170,0,1,0.030718615278601646,L3
SHB_896934bb1cb5fb73,0,4,0.01352199912071228,L2
SHB_fc9bf70e074c37d7,0,5,0.0008834013715386391,L1
SHB_d2c72ffac2e7ffa4,0,4,0.06579667329788208,L4
SHB_d58e57cf86b77de6,0,4,0.00813872367143631,L2
SHB_2efc791ca30cf7c0,0,4,0.0017304600914940238,L1
SHB_260f6108e21868d2,0,2,0.0005670980899594724,L1
SHB_61468d59eaf49892,0,5,0.0007332338718697429,L1
SHB_0047e37320d51b3b,0,2,0.007303220685571432,L1
SHB_b9a3b0ef055c81fb,0,5,0.020384443923830986,L3
SHB_35d3d398c0880cb6,0,3,0.010223201476037502,L2
SHB_d8dcde5048c1a12f,0,2,0.0012039521243423223,L1
SHB_a09da0f1b1d34266,0,5,0.019029943272471428,L3
SHB_e1db2871b70be273,0,3,0.008036768063902855,L2
SHB_be13c3e769bcce68,0,1,0.0006719851517118514,L1
SHB_83742c11402ab46e,0,5,0.0063014645129442215,L1
SHB_f0dce43356d171d5,0,3,0.0028530387207865715,L1
SHB_d45dc911273d8493,0,3,0.03832259029150009,L4
SHB_e563039f7db8cd69,0,4,0.006247499492019415,L1
SHB_37b711cfbc3d02a5,0,2,0.0008177754352800548,L1
SHB_bf4d984f05265d6f,0,1,0.016625773161649704,L2
SHB_e8a39afb9f86c3b4,0,4,0.010727519169449806,L2
SHB_781e01aa67018398,0,2,0.0012831679778173566,L1
SHB_80b61edb6b3286f1,0,3,0.005485131870955229,L1
SHB_3117d25a0dfd6ff9,0,5,0.0008506285375915468,L1
SHB_3ddb0ca43533a440,0,2,0.04128246009349823,L4
SHB_acdf4b22f5c6cfdd,0,3,0.0005111073260195553,L1
SHB_3dda5f8922c26f0b,0,2,0.02101479284465313,L3
SHB_947d5fa91fd8085a,0,2,0.01662539876997471,L2
SHB_4a96535146685326,0,4,0.005221604369580746,L1
SHB_ee2b5c1a08a073b1,0,4,0.0382247269153595,L4
SHB_bd803c40d6877c78,0,3,0.0012831551721319556,L1
SHB_61e56ef49428adb5,0,4,0.0010227477177977562,L1
SHB_5ba26324e4a49991,0,3,0.02363494783639908,L3
SHB_65e139d176afaab2,0,3,0.02583150565624237,L3
SHB_ba3372a014f11083,0,3,0.0001802272308850661,L1
SHB_7a30feeb426d7073,0,2,0.006322918459773064,L1
SHB_53712ada57091996,0,1,0.006449459120631218,L1
SHB_23484cc4927f2182,0,2,0.15818464756011963,L5
SHB_866ff8ee46b23a41,0,3,0.03103702701628208,L3
SHB_912845cf23ada312,0,1,0.03036152385175228,L3
SHB_621f9c9109edb59e,0,1,0.0267129335552454,L3
SHB_a2b019e526cfa8a6,0,3,0.010555099695920944,L2
SHB_2b70b05b4e7cbf0e,0,5,0.0005419829394668341,L1
SHB_60cc1b0b44e892e6,0,2,0.011649815365672112,L2
SHB_2193a6e3ca2a2757,0,1,0.018954165279865265,L3
SHB_8b465c4749c10916,0,3,0.02729487232863903,L3
SHB_70d11a7b2c4542a4,0,4,0.003011531662195921,L1
SHB_6cb1052eb718a04f,0,5,0.00986503716558218,L2
SHB_83fce80ed4809ea8,0,1,0.014727450907230377,L2
SHB_fec2498043660b53,0,1,0.037656210362911224,L4
SHB_c1e3e763ade4ca06,0,5,0.0055336132645606995,L1
SHB_b7eec6d09f1d46a5,0,5,0.0007809641538187861,L1
SHB_bcbe98f64c03d0f1,0,3,0.059985607862472534,L4
SHB_a8a45774864ec767,0,4,0.003280817996710539,L1
SHB_0b591d9d9277c3b2,0,1,0.00857534073293209,L2
SHB_79fd705d63a946d9,0,2,0.0006635249592363834,L1
SHB_d89e5acdd64a33bf,0,2,0.007416256703436375,L2
SHB_d12d17c740e7ab80,0,5,0.005486221984028816,L1
SHB_ea4bcc96b747fb7e,0,1,0.009688111022114754,L2
SHB_dab091ed1adba178,0,5,0.018438570201396942,L2
SHB_1c0646f62cd0b4b6,0,4,0.0008009090088307858,L1
SHB_6b1e4e5e4065164c,0,3,0.015004131942987442,L2
SHB_71b5e5bcf29f46d4,0,1,0.015069655142724514,L2
SHB_f5f71a65caf508d3,0,5,0.007752392906695604,L2
SHB_839c159a6416404f,0,2,0.0009351785993203521,L1
SHB_3442366b9314d5d8,0,5,0.0018807129235938191,L1
SHB_b8cb517f0a2d5aa9,0,1,0.021336562931537628,L3
SHB_2545c48a50af96c6,0,4,0.0002524889132473618,L1
SHB_b599b2912b95adcc,0,1,0.006507049780339003,L1
SHB_a83a84c5cafcc31c,0,2,0.0031901453621685505,L1
SHB_a2fc91fbd0fedbdf,0,1,0.0023148541804403067,L1
SHB_3df824cbb895ca99,0,2,0.005827441345900297,L1
SHB_ad76fd3f7202d531,0,4,0.0016935241874307394,L1
SHB_101b2ef9829799bd,0,5,0.0038954922929406166,L1
SHB_a535a32c9a3f2d46,0,2,0.020066475495696068,L3
SHB_e5de5dbbc9b8d71b,0,5,0.0078046624548733234,L2
SHB_7faa9280caaad4b6,0,1,0.029356641694903374,L3
SHB_a083eac84b7645fd,0,2,0.012378438375890255,L2
SHB_1f6a095a2ce97fa5,0,4,0.0021327559370547533,L1
SHB_6168efe969082e15,0,1,0.0006074037519283593,L1
SHB_d2c8b00106f0fdbb,0,5,0.00798222329467535,L2
SHB_1d5059139bed18f2,0,4,0.0003838000411633402,L1
SHB_dd4e15d26923ab1f,0,3,0.009123287163674831,L2
SHB_dd69d66c02b6d258,0,2,0.0003754588251467794,L1
SHB_15a07f01f296dc5c,0,1,0.06798146665096283,L4
SHB_477f3d8f2e23e400,0,4,0.00865835603326559,L2
SHB_3bae389997f317c0,0,3,0.01825794018805027,L2
SHB_9696feac586a2b63,0,2,0.0006627946859225631,L1
SHB_8ceba9655f892fc2,0,2,0.051042474806308746,L4
SHB_02870e7d1a6d5340,0,2,0.0006202000076882541,L1
SHB_ccb3398454c86f51,0,5,0.007880531251430511,L2
SHB_db7a6057ce80c473,0,1,0.0018688507843762636,L1
SHB_181153fa5308acc8,0,3,0.00020526431035250425,L1
SHB_7fe06203cc31eff0,0,5,0.002224443946033716,L1
SHB_f51f2541c82cefbb,0,2,0.03337652236223221,L3
SHB_ad4be3757aea7a93,0,1,0.001283846446312964,L1
SHB_6dc3d43c45dc7c65,0,4,0.035509563982486725,L3
SHB_a26870177369e6ba,0,2,0.010099268518388271,L2
SHB_545fc48c664e84df,0,3,0.0004307886410970241,L1
SHB_215c17cd5d83acf4,0,3,0.03649230673909187,L3
SHB_111092bd11488bae,0,4,0.01623598486185074,L2
SHB_0c3bdc015dcf910c,0,3,0.03009815141558647,L3
SHB_d30611d7d34b76b6,0,1,0.00105951982550323,L1
SHB_87eccbca02916652,0,4,0.009635736234486103,L2
SHB_e24f7535e865eb9f,0,1,0.08557450026273727,L5
SHB_dd2e34b03418ee20,0,4,0.0059847054071724415,L1
SHB_86159ae8079b2f79,0,4,0.0008320433553308249,L1
SHB_c9f11f97b72c0da1,0,3,0.010411635041236877,L2
SHB_21febda7c7e498ba,0,5,0.04914504662156105,L4
SHB_89bbbd0f5a73893f,0,1,0.011972092092037201,L2
SHB_5f5e7122663bc2b3,0,1,0.04848375916481018,L4
SHB_57581617c5546392,0,2,0.016164015978574753,L2
SHB_2763caf9e148669a,0,5,0.0018748107831925154,L1
SHB_9675d2ce1aa4a447,0,1,0.0076901731081306934,L2
SHB_d78fba8f8f52b824,0,5,0.004349843133240938,L1
SHB_01c15ddeff8c70d3,0,2,0.03279367461800575,L3
SHB_3af41aef9399abcd,0,4,0.06250844895839691,L4
SHB_71fb1dcd9a7eb50b,0,3,0.003986631985753775,L1
SHB_cefbb779f9f7351a,0,2,0.0003570410772226751,L1
SHB_17ea51a1bc9bbdb0,0,2,0.004070043098181486,L1
SHB_054eac7c8b9dca08,0,3,0.01163631584495306,L2
SHB_0385128ac22df649,0,1,0.00973252858966589,L2
SHB_e18b91224ef21602,0,5,0.05455777049064636,L4
SHB_9d0369ae719e5ac4,0,4,0.0006545066135004163,L1
SHB_cb38a51e1369109c,0,4,0.017255129292607307,L2
SHB_24d1a7b2b3b079ea,0,5,0.0029119953978806734,L1
SHB_7ee869fa32517a0e,0,5,0.0008180750883184373,L1
SHB_0d79922c96ac521b,0,4,0.003869530977681279,L1
SHB_f8805d06e4e899c6,0,5,0.00044838269241154194,L1
SHB_09110280426f02da,0,4,0.1209975928068161,L5
SHB_5a300e3983f9a04c,0,1,0.000591904972679913,L1
SHB_d854dc20fa64b5a7,1,4,0.005697786342352629,L1
SHB_f674daf95cf4a326,0,3,0.00031890245736576617,L1
SHB_7ff69cf28dc00c8c,0,5,0.011428456753492355,L2
SHB_6299e0a668e430c6,0,1,0.005684236064553261,L1
SHB_cb05173961bc2d25,0,4,0.003770042210817337,L1
SHB_1828f793fd47a446,0,2,0.0009713257313705981,L1
SHB_b8e9fcd4b9e79f56,0,5,0.008626486174762249,L2
SHB_9770f0c8bb07441a,0,3,0.0007071384461596608,L1
SHB_7506f409abcb87f3,0,5,0.0038484639953821898,L1
SHB_aa9afebd12591176,0,5,0.0007193587953224778,L1
SHB_3dd54328739c2e0c,0,5,0.002563061658293009,L1
SHB_d2338edec8ef3b26,0,5,0.03699420765042305,L3
SHB_121892217b439300,0,4,0.0133728152140975,L2
SHB_1a9cd141adeeb132,0,1,0.018479550257325172,L2
SHB_b9151f9428b48aa6,0,2,0.016190623864531517,L2
SHB_a28e5d72bc15341e,0,3,0.07192302495241165,L4
SHB_b472612aa7a41878,0,2,0.009430176578462124,L2
SHB_b8e7602adb28bf22,0,4,0.011565162800252438,L2
SHB_279cd641f7efd1db,0,4,0.02841203473508358,L3
SHB_f5b54df0694a573c,0,5,0.004515499342232943,L1
SHB_005ffafcc138ac95,0,5,0.001216659788042307,L1
SHB_8b1bb6b97abeeae9,0,2,0.0007106568082235754,L1
SHB_43e3711ecb71647e,0,5,0.004713347181677818,L1
SHB_8b6d465a7886e072,0,4,0.028270401060581207,L3
SHB_a896f78e8dd39682,0,4,0.001987021416425705,L1
SHB_852f8760ea454608,0,1,0.0030920030549168587,L1
SHB_cd4bb00fdb8ade9a,0,1,0.03655754029750824,L3
SHB_89d8134a28cdef4c,0,2,0.011700059287250042,L2
SHB_b8b332cb4f6b709b,0,1,0.016086677089333534,L2
SHB_b2ec7923ab12d542,0,4,0.0004187859012745321,L1
SHB_d18f7264db0f0903,0,3,0.02392495982348919,L3
SHB_3da16109309c15ee,0,2,0.003433989128097892,L1
SHB_8301a66142b0b892,0,2,0.008031098172068596,L2
SHB_0ea61f5f2c17d801,0,4,0.005458865314722061,L1
SHB_e5bda3a383f12d19,0,4,0.0010982183739542961,L1
SHB_c2904d6a20e9a143,0,5,0.0019928065594285727,L1
SHB_2d8457c657e8cfa5,0,2,0.00044874122249893844,L1
SHB_3a8aa888518e987d,0,4,0.03649056330323219,L3
SHB_c7b3c2cc03e42961,0,1,0.06030530110001564,L4
SHB_1c5c01e1b6316da6,0,2,0.004235575906932354,L1
SHB_65cde54350ff6bfb,0,5,0.0018864278681576252,L1
SHB_7d2c34d0688d1a07,0,4,0.00045140591100789607,L1
SHB_504d6b83b4d5b264,0,5,0.0011337536852806807,L1
SHB_05a23756c2dbfff3,0,4,0.0010106908157467842,L1
SHB_1704ff01875b7ef0,0,2,0.004216658882796764,L1
SHB_9debbc72fd32b5a0,0,5,0.03636786714196205,L3
SHB_1e4b9d83d3782006,0,3,0.0011950185289606452,L1
SHB_b81e1d54aae2b17b,0,5,0.0003608794359024614,L1
SHB_ef7d82c5d3621e15,0,3,0.007017594296485186,L1
SHB_f506e9aef41b715c,0,5,0.0020842337980866432,L1
SHB_dd82ce4ee05af0b0,0,3,0.0030297415796667337,L1
SHB_3eedd8cf8b31b442,0,5,0.016037829220294952,L2
SHB_40f1812fa3b09041,0,4,0.002225944073870778,L1
SHB_20cbb5f880f12175,0,2,0.012977304868400097,L2
SHB_1231e2f3cb6bbf41,0,4,0.013785785995423794,L2
SHB_babbe5529d3a3241,0,3,0.0008967620087787509,L1
SHB_583792bdc4263c24,0,2,0.0004421118355821818,L1
SHB_2f53deceb71fd7fa,0,5,0.038028087466955185,L4
SHB_6a8b3d908d37174f,0,3,0.0011886995052918792,L1
SHB_5164b10910d4e70b,0,5,0.003025361569598317,L1
SHB_9b574d4f4c64abb2,0,1,0.008616292849183083,L2
SHB_d9bad9314148f256,0,1,0.0007416518637910485,L1
SHB_165919e0f300f84e,0,5,0.0036534550599753857,L1
SHB_5a6b92c42ec5b888,0,5,0.0503418929874897,L4
SHB_5e5a328f1d6a9857,0,5,0.0005944929434917867,L1
SHB_291ed2a45d81ef9b,0,5,0.00831520464271307,L2
SHB_83041135f6bb87e3,0,4,0.006081936880946159,L1
SHB_a4495a162a88b878,0,4,0.0014267361257225275,L1
SHB_ee7a999cb5a7deaf,0,1,0.03627666085958481,L3
SHB_aa6ef54f6c12dd1a,0,2,0.03488636016845703,L3
SHB_2dc39f8c70fc9ef0,0,4,0.02845310978591442,L3
SHB_12c68c73fc1c5035,0,2,0.00031405987101607025,L1
SHB_de1491b35370bc06,0,4,0.0015090543311089277,L1
SHB_6a7ae60d4a8d308a,0,1,0.025515221059322357,L3
SHB_62d3b2978011b9d8,0,3,0.0035022683441638947,L1
SHB_8081a7fab67dcc90,0,4,0.027730803936719894,L3
SHB_7832c701f37c2770,0,4,0.006775373592972755,L1
SHB_7a9e542ab5b3e1da,0,5,0.0054216389544308186,L1
SHB_bd47e96e6681a69c,0,3,0.014943281188607216,L2
SHB_4359cedca721829b,0,2,0.0013159115333110094,L1
SHB_cdcb1fc5de2afb1e,0,4,0.02090686745941639,L3
SHB_fb94a9bb43df4f4d,0,4,0.0083491001278162,L2
SHB_df12b2ffd2b94c6c,0,3,0.00139019510243088,L1
SHB_2df4121ca6290d37,0,3,0.004572499077767134,L1
SHB_4100ffc20702631b,0,3,0.02681804820895195,L3
SHB_46a78401fc529b19,0,2,0.007069496437907219,L1
SHB_7f2fb58d28ee521a,0,5,0.013403987511992455,L2
SHB_32e809fbdc874d15,0,4,0.0023763913195580244,L1
SHB_0cf95bf1f500ab12,0,1,0.009054609574377537,L2
SHB_b9fc2478387783be,0,4,0.0030182565096765757,L1
SHB_611d0b8ea2f7a8a7,0,1,0.12228565663099289,L5
SHB_a2259507e1cc3e37,0,2,0.012955487705767155,L2
SHB_af0e1809e1a7a6d0,0,5,0.05957881733775139,L4
SHB_b4fea0f95e14a5de,0,4,0.030190084129571915,L3
SHB_ac1514a9be6eae37,0,4,0.016756296157836914,L2
SHB_4199432ca3ace169,0,4,0.03769562020897865,L4
SHB_43d6cc455cf16e9c,0,2,0.0013017295859754086,L1
SHB_f23263ec2f4a6275,0,1,0.031120795756578445,L3
SHB_3a380e68b10abd4b,0,3,0.00033861963311210275,L1
SHB_690e2b65577d206c,0,1,0.01093417126685381,L2
SHB_29c55b17a13bff0a,0,4,0.007278940640389919,L1
SHB_d008afd29d07c69f,0,2,0.010129350237548351,L2
SHB_049832c92480d25b,0,3,0.0070587098598480225,L1
SHB_ce78fc12fc890582,0,3,0.0009955258574336767,L1
SHB_4c122a61bd1c693a,0,5,0.0005865975981578231,L1
SHB_d7c50987a21bea33,0,4,0.01630096323788166,L2
SHB_d3d541744e39a4c6,0,2,0.043128762394189835,L4
SHB_cd4ed57d020a19e2,0,1,0.00034273508936166763,L1
SHB_96acba47189e7aa7,0,1,0.015251442790031433,L2
SHB_763846056de6caaa,0,1,0.048407550901174545,L4
SHB_0a3a132287e35dc1,0,2,0.013029825873672962,L2
SHB_b98317378492341b,0,4,0.014325297437608242,L2
SHB_4b5d857f82dafcb2,0,3,0.01040575560182333,L2
SHB_ab4635552c9ff921,0,1,0.016820702701807022,L2
SHB_554024e860dd60ce,0,4,0.007025247905403376,L1
SHB_3e7eee7e4819cc1e,0,4,0.028080768883228302,L3
SHB_48fbb6516b1cf4ec,0,1,0.014520423486828804,L2
SHB_f2703dbe569b6b43,0,4,0.034812185913324356,L3
SHB_bc765a6130c85b32,0,1,0.026250815019011497,L3
SHB_fe02df38f0b8a21e,0,4,0.01186425145715475,L2
SHB_ac24a15b4837ecf5,0,4,0.01123260147869587,L2
SHB_ec73306564292f57,0,1,0.009580329991877079,L2
SHB_12b40ef0e63821cb,0,2,0.05474083870649338,L4
SHB_f010ae5c855ec0d0,0,3,0.009880634024739265,L2
SHB_89a80403aa2d3685,0,1,0.009401836432516575,L2
SHB_4cba5c39ac409a48,0,3,0.004319080151617527,L1
SHB_656f159c6d8c8af3,0,3,0.013637232594192028,L2
SHB_ed679de6ca2afa91,0,3,0.00032356634619645774,L1
SHB_747ac0bea1a746cb,0,5,0.03857496380805969,L4
SHB_5a6a0e91ca2e4c19,0,2,0.001340686110779643,L1
SHB_e71a7d881f74f4ec,0,3,0.01514087151736021,L2
SHB_43b96296402ac347,0,1,0.03480760008096695,L3
SHB_c251ff287c0a3df6,0,3,0.00014323991490527987,L1
SHB_89bb57e50f96f351,0,3,0.01779251918196678,L2
SHB_da5d3b3da9ecdff0,0,1,0.0026665928307920694,L1
SHB_960c95f942483766,0,3,0.013493787497282028,L2
SHB_cb38f04b09151706,0,1,0.01719808578491211,L2
SHB_724ad727a80b928b,0,5,0.013609789311885834,L2
SHB_7729b7f84159ebd1,0,4,0.0008894856437109411,L1
SHB_b808b7bf1f3de541,0,5,0.001547203748486936,L1
SHB_83d9eaff469f30e1,0,4,0.007574193645268679,L2
SHB_0f75e89775cafe3c,0,4,0.031651854515075684,L3
SHB_76e451d572d34466,0,1,0.0030562053434550762,L1
SHB_2b4bd496c1dee77e,0,4,0.017274344339966774,L2
SHB_3188ecdcafdcdbf2,0,3,0.006994850467890501,L1
SHB_610812072b7f80dc,0,4,0.009417334571480751,L2
SHB_90fff3eab723ccbc,0,5,0.09678750485181808,L5
SHB_806c852619e48bc1,0,4,0.06730948388576508,L4
SHB_059360cf99e7f8e6,0,2,0.019713690504431725,L3
SHB_c0f5704731babc71,0,5,0.03576093167066574,L3
SHB_b94e769d5e55f8d0,0,2,0.0051451874896883965,L1
SHB_9ad386560893f03b,0,3,0.014762267470359802,L2
SHB_11e7b459a03774ad,0,3,0.0028319451957941055,L1
SHB_c30d5ef74cb8c27f,1,3,0.007548923138529062,L2
SHB_e06cb998ce72cf6c,0,1,0.006051826290786266,L1
SHB_3c2bd421d7de9f66,0,5,0.020939694717526436,L3
SHB_79900e4fa2758c3f,0,3,0.0008761339704506099,L1
SHB_73948d24a95aaf6b,0,2,0.0005795840988866985,L1
SHB_20095da60314b442,0,4,0.0017749893013387918,L1
SHB_36012a1cd5bda336,0,2,0.002749672858044505,L1
SHB_0581a1c5529772fe,0,3,0.0004237156535964459,L1
SHB_543de67d5f6a954c,0,2,0.0013901997590437531,L1
SHB_4859be9b4058b65a,0,1,0.01265888661146164,L2
SHB_30fc6cec5e1bd5b4,0,1,0.010641676373779774,L2
SHB_1da063055e477e23,0,2,0.001083722454495728,L1
SHB_04e106a0320c76c4,0,3,0.006969895213842392,L1
SHB_9ec802c9ea639d10,0,2,0.012523124925792217,L2
SHB_091180acd6796449,0,5,0.0043647876009345055,L1
SHB_3837c7e3fc0ed42a,0,5,0.022793341428041458,L3
SHB_1bea29bc3dcf84a1,0,4,0.0015177996829152107,L1
SHB_091596bd08d4db7d,0,4,0.008161851204931736,L2
SHB_9e96aadbe77f8d35,0,5,0.0072828177362680435,L1
SHB_e86efd0f25f24dbf,0,4,0.001643465831875801,L1
SHB_bc58665a6bc0e56c,0,5,0.002773450454697013,L1
SHB_d3b919dfa3c48555,0,5,0.04525810852646828,L4
SHB_5f1802d3898af140,0,4,0.021665524691343307,L3
SHB_ed9f7c5c1a04f6f6,0,2,0.009900526143610477,L2
SHB_bc429b413a4fa23e,0,4,0.04433620721101761,L4
SHB_9ccce80598d43f62,0,2,0.006193110253661871,L1
SHB_fa308249b4058a47,1,3,0.014074679464101791,L2
SHB_95a0a916a13fb4cf,0,4,0.019990116357803345,L3
SHB_0c3a15add2b76cda,0,3,0.0054235318675637245,L1
SHB_a5563d36fb07d32b,0,1,0.0013343386817723513,L1
SHB_97e8b8fd7014938e,0,4,0.0005522867431864142,L1
SHB_03307099cb0b96d3,0,1,0.012300247326493263,L2
SHB_a8710d22a638e210,0,2,0.0004841422778554261,L1
SHB_420889e269d85f4f,0,5,0.0004260599671397358,L1
SHB_ec50b775faf1b07d,0,4,0.015374707989394665,L2
SHB_46f904724a478a0f,0,4,0.012615134008228779,L2
SHB_dc65f2cb58b6b829,0,1,0.018934421241283417,L3
SHB_9fcdb0b269e20da6,0,3,0.0003709541051648557,L1
SHB_f287ec8ac8bc3867,0,4,0.13699665665626526,L5
SHB_815e2d6ed3497c48,0,1,0.0026948009617626667,L1
SHB_2a0214a763379ff4,0,4,0.02916794642806053,L3
SHB_f263fdad2c1cf71e,0,4,0.011079242452979088,L2
SHB_4c74debf55c67fef,0,5,0.0012138988822698593,L1
SHB_7e880028ce7c8047,0,3,0.011628213338553905,L2
SHB_29c1bf99248c9719,0,5,0.028568703681230545,L3
SHB_5b66c36452306362,0,4,0.001023199874907732,L1
SHB_c0de6cb7a9fd02ee,0,5,0.016250720247626305,L2
SHB_0dd57eeed5acd696,0,1,0.015973176807165146,L2
SHB_9e014319df2616f5,0,2,0.0018391205230727792,L1
SHB_62513d0fba21f22d,0,3,0.0035854079760611057,L1
SHB_9a23b0be803350bd,0,5,0.01013797428458929,L2
SHB_3da75dfd10031c0f,1,4,0.022323692217469215,L3
SHB_e4a66a39210de808,0,4,0.00449666753411293,L1
SHB_07382ee73cfc1721,0,4,0.009369976818561554,L2
SHB_ac33332da37f7e66,0,4,0.011816772632300854,L2
SHB_0ce5591482cb83b7,0,5,0.0010890471749007702,L1
SHB_018a219ea0fb287d,0,2,0.028423454612493515,L3
SHB_d50b979cc32231d7,0,5,0.016775088384747505,L2
SHB_574360295d348387,0,5,0.012162039056420326,L2
SHB_2cfe99e471f6d21a,0,4,0.0010029012337327003,L1
SHB_f6745b6dd92822c3,0,3,0.002732968656346202,L1
SHB_5e6a055dacdbfd3d,0,5,0.031945016235113144,L3
SHB_3305ac05b45be153,0,5,0.012326796539127827,L2
SHB_3e6499bdff8a8ea0,0,5,0.0012644834350794554,L1
SHB_0d30cd808e8918d7,0,5,0.020531101152300835,L3
SHB_e8f9966988e241ce,0,4,0.008679607883095741,L2
SHB_9ddf1880c13ad207,0,2,0.0007579976227134466,L1
SHB_7d925feb5cdc9178,0,2,0.0005427087307907641,L1
SHB_93718aa51a08d719,0,5,0.022905798628926277,L3
SHB_180c95e5a8f7676b,0,5,0.009989043697714806,L2
SHB_fda79f10adb863b9,0,3,0.014830444008111954,L2
SHB_5b52455774c4f163,0,3,0.03858181834220886,L4
SHB_edb487d101a77b54,0,2,0.005951717495918274,L1
SHB_ff13468e093ebc81,0,2,0.00036866869777441025,L1
SHB_ee00e618ac8a77a7,0,1,0.0005739931366406381,L1
SHB_797f8505ef941b80,0,3,0.0003305253048893064,L1
SHB_571c8251dec31b4e,0,1,0.04198823869228363,L4
SHB_0b263ae63225079a,0,2,0.027513660490512848,L3
SHB_99d03e671ba6acb7,0,3,0.0138669079169631,L2
SHB_b3856fc427c7c77e,0,1,0.004763306118547916,L1
SHB_f71da651cda56837,0,4,0.010849932208657265,L2
SHB_c0d74b2727990bbc,0,5,0.0013778296997770667,L1
SHB_bd09264ff28f6bf8,0,5,0.0011079488322138786,L1
SHB_8b57189066540372,0,1,0.004796368535608053,L1
SHB_e45429eff0c11539,1,5,0.012158115394413471,L2
SHB_dfd5105aec105a7a,0,4,0.020117707550525665,L3
SHB_9ac33b5c17d83751,0,3,0.020106252282857895,L3
SHB_b301dfde5ec05286,0,3,0.01800939068198204,L2
SHB_1ca1f4cd08bec0d2,0,5,0.00816576648503542,L2
SHB_99fa81e126a169be,0,1,0.012862603180110455,L2
SHB_f2a56d64f1030b43,0,1,0.004260012414306402,L1
SHB_4329a74da578d008,0,1,0.05381486564874649,L4
SHB_e0fa15da8f528520,0,5,0.0005851248861290514,L1
SHB_5c37e59b1dda5e23,0,4,0.020368777215480804,L3
SHB_760f71a6b763caa8,0,5,0.051709506660699844,L4
SHB_0b6df166a32c5479,0,1,0.0042835259810090065,L1
SHB_0d303e8098775d62,0,5,0.0006720882374793291,L1
SHB_3bface517517ec10,0,1,0.006837408524006605,L1
SHB_1897684eba56bdba,0,5,0.016305169090628624,L2
SHB_7b8dc515960c0929,0,3,0.003998646512627602,L1
SHB_45bdef115393538e,0,4,0.009343603625893593,L2
SHB_689a9821d36411b2,0,2,0.0055731795728206635,L1
SHB_3f0f05add2fed5ef,0,5,0.012591717764735222,L2
SHB_bf6562076fe9b3a1,0,4,0.0009672882733866572,L1
SHB_7b59d72634263892,0,4,0.009643939323723316,L2
SHB_b36e1a42819bc70c,0,5,0.0037416182458400726,L1
SHB_1ed874c1329ac691,0,1,0.0183703675866127,L2
SHB_039b22b08d57c7e0,0,5,0.000648844928946346,L1
SHB_13b4883206669f70,0,1,0.14625459909439087,L5
SHB_46461c42bac224ae,0,5,0.012872184626758099,L2
SHB_9138e476f99a5495,0,5,0.0071679819375276566,L1
SHB_e304857fbfbee7fd,0,3,0.010002750903367996,L2
SHB_fa8288da0204260b,0,3,0.11215680837631226,L5
SHB_938479a13bee7f03,0,2,0.01617547869682312,L2
SHB_72681ae3d2a3ef9b,0,2,0.026179274544119835,L3
SHB_5adb54973b8d36c4,0,2,0.002456027315929532,L1
SHB_bcc025ee6a79b8ec,0,1,0.027996495366096497,L3
SHB_e54ab32a28cb720e,0,4,0.0008582661394029856,L1
SHB_a631373035a31407,0,2,0.0017110564513131976,L1
SHB_e0c906e71bfec3c6,0,2,0.0003413122904021293,L1
SHB_084df0093eb4b5ec,0,1,0.0003879912255797535,L1
SHB_330a3638214d1e0e,0,3,0.004708935506641865,L1
SHB_5f35e4f183f5d342,0,3,0.0037983867805451155,L1
SHB_dcc10b2b53fd637c,0,1,0.0011132509680464864,L1
SHB_54501bed2756ec98,0,3,0.004589509218931198,L1
SHB_e58dc9035dac3aaa,0,4,0.005255056079477072,L1
SHB_7c51439d777a26ca,0,4,0.019575176760554314,L3
SHB_4a4bd5e7262729da,0,3,0.0053039672784507275,L1
SHB_35db9b63e6790fa5,0,5,0.008229704573750496,L2
SHB_78511d9615e104a2,0,1,0.028959637507796288,L3
SHB_c6ec5fbc35030dc2,0,1,0.0014784708619117737,L1
SHB_3fcaf42933794aa1,0,4,0.01137496717274189,L2
SHB_99b6df3e4389c8c3,0,5,0.033174265176057816,L3
SHB_cd26e66f526f3b08,0,1,0.035339079797267914,L3
SHB_4055319b778b8461,0,3,0.00015952160174492747,L1
SHB_f810e6e75d6e8727,0,5,0.0018960472662001848,L1
SHB_475b620cd76cd5eb,0,5,0.000797873770352453,L1
SHB_0bbca51c8e163cc8,0,5,0.028508108109235764,L3
SHB_d4651491857590d3,0,3,0.017458222806453705,L2
SHB_4baa9bf0624ada67,0,4,0.10111100226640701,L5
SHB_e92db412311bcfa6,0,4,0.0015501686139032245,L1
SHB_7887020c2d9da4d0,0,3,0.014941210858523846,L2
SHB_a37db325f6fad903,0,5,0.0009339200332760811,L1
SHB_fb0c250f4bf97c09,0,1,0.0068921796046197414,L1
SHB_876d4b0409e7d1f3,0,4,0.007879546843469143,L2
SHB_63c4f65807a74f9c,0,5,0.022237777709960938,L3
SHB_452e3c8b37e7d0d0,0,2,0.016166647896170616,L2
SHB_ffc986eafb8f8977,0,4,0.0004499834612943232,L1
SHB_dd06abbe8f21ab45,0,5,0.0055820210836827755,L1
SHB_62b7cadff9155d19,0,5,0.00030661848722957075,L1
SHB_7d7ce50c50f2299a,0,3,0.005251794122159481,L1
SHB_b4b6437a82758dd0,0,5,0.027600770816206932,L3
SHB_5938e364a197d257,0,2,0.0009208613191731274,L1
SHB_6be0e9df18a2d691,0,2,0.0005082901916466653,L1
SHB_d27d357239fbd673,0,2,0.0007115628686733544,L1
SHB_bf9eee7f55bbe9a0,0,1,0.0003900619049090892,L1
SHB_1d5030e5c616d656,0,5,0.007763344794511795,L2
SHB_b81f273bc14cc7f9,0,2,0.00106781383510679,L1
SHB_22208f792a8dd7ce,0,2,0.025382155552506447,L3
SHB_5fba4f39378474aa,0,5,0.012142421677708626,L2
SHB_576246ac76e4f0e6,0,3,0.0002990139473695308,L1
SHB_aef2966a40944c23,0,5,0.0037751230411231518,L1
SHB_a243bf551b812247,0,5,0.012914052233099937,L2
SHB_f8fa69529bc42a21,0,2,0.008045196533203125,L2
SHB_fec2dc4690339a43,0,4,0.020995208993554115,L3
SHB_5ffcc42b54f7ce5d,0,5,0.006647501140832901,L1
SHB_ab2b741d7e58b256,0,4,0.0038749088998883963,L1
SHB_bc0d7435cf3af3c9,0,2,0.03533433377742767,L3
SHB_df9fc79c258cb3b3,0,3,0.007382974494248629,L1
SHB_8716fbd842f6e952,0,2,0.04446481913328171,L4
SHB_0371aec5672fc4c0,0,5,0.012578929774463177,L2
SHB_a4952916127cd9b3,0,4,0.022345447912812233,L3
SHB_0d84726d39e333bf,0,3,0.007989328354597092,L2
SHB_7569111f1357ab0e,0,5,0.00046753522474318743,L1
SHB_b54101cfc74eb2f1,0,1,0.0041888742707669735,L1
SHB_40ded1c96eec97b4,0,2,0.02250710129737854,L3
SHB_c0bdfbf0e563ad08,0,2,0.0006137376767583191,L1
SHB_97afdb0a7eca5428,0,1,0.003502256702631712,L1
SHB_ebde9b30ca112546,0,2,0.0019766862969845533,L1
SHB_4575e1041608b49c,0,2,0.0006481328746303916,L1
SHB_a2cca41c8464c73d,0,5,0.001755206729285419,L1
SHB_001ea96b1735f57d,0,2,0.0016272917855530977,L1
SHB_e7a94ea814a8fa1a,0,5,0.008977140299975872,L2
SHB_33d2f45e9c691d1f,0,5,0.00481822993606329,L1
SHB_02064f811d692e60,0,4,0.030120186507701874,L3
SHB_b60bfe9ecae64abf,0,3,0.009668641723692417,L2
SHB_e8b88b41c6a8d394,0,5,0.015788154676556587,L2
SHB_0554c8627fe9fe72,0,2,0.018760209903120995,L2
SHB_c41c439152410547,0,1,0.0008899091626517475,L1
SHB_aa05cae45ad2e0b3,0,5,0.0035172190982848406,L1
SHB_70589f47df634bbd,0,1,0.0023864838294684887,L1
SHB_1b1dfbf552ebba13,0,4,0.006974523887038231,L1
SHB_f71da012bc88399c,0,2,0.0008470489992760122,L1
SHB_f64bc54976bedb6d,0,4,0.0006362588028423488,L1
SHB_f026a6e72b4d4875,0,3,0.011897615157067776,L2
SHB_234d392ddbf1b052,0,5,0.022117651998996735,L3
SHB_6c2596615612ff07,0,2,0.0021337992511689663,L1
SHB_4c00ff539e1e6bb7,0,2,0.009503696113824844,L2
SHB_c00be34ec8800f05,0,5,0.018947245553135872,L3
SHB_6029cae643b1bedd,0,2,0.002830191282555461,L1
SHB_04830f2c846f2a8f,0,5,0.020873533561825752,L3
SHB_97a273033dc6d0c7,0,5,0.0007260704878717661,L1
SHB_a91c2a6a0abc4f2d,0,1,0.0046557532623410225,L1
SHB_b38ff3dc2a8b158c,0,1,0.017968034371733665,L2
SHB_24618c8549407c64,0,2,0.003383697709068656,L1
SHB_408b32752a17285f,0,5,0.016290683299303055,L2
SHB_9a25fb46eaabb2fe,0,3,0.0003767186717595905,L1
SHB_ce8f9754960e2e53,0,1,0.0005552126094698906,L1
SHB_144263cecc06acb8,0,3,0.0007172698969952762,L1
SHB_acf9690086db40a2,0,4,0.02897515520453453,L3
SHB_3b19bcac61572bac,0,1,0.0004336273414082825,L1
SHB_6499f4ed835d70aa,0,4,0.0027507778722792864,L1
SHB_51d75a58984468d2,0,5,0.0045166308991611,L1
SHB_629a224221d0fdbc,0,3,0.00048017039080150425,L1
SHB_996c187a7ab72bc6,0,3,0.014335883781313896,L2
SHB_331895e868d73da1,0,3,0.009091569110751152,L2
SHB_9e0a37f28a207bab,0,3,0.000536543782800436,L1
SHB_f1560e9185e34f13,0,3,0.004285206086933613,L1
SHB_87cbd0958d4227a2,0,4,0.0019315723329782486,L1
SHB_737eb66776cfb6e7,0,1,0.015313650481402874,L2
SHB_0aca87cc015bae02,0,4,0.011126838624477386,L2
SHB_0f4cf48dfabc4c7f,0,2,0.0143656637519598,L2
SHB_beae47934a4cd64a,0,1,0.019791800528764725,L3
SHB_c46b9cbdb832c785,0,1,0.03122095577418804,L3
SHB_4797fe0e3f5a0814,0,5,0.00198187748901546,L1
SHB_1a958cf72ebe1ef9,0,2,0.002873137127608061,L1
SHB_17ecc7a4c3c3ce0b,0,2,0.003046673256903887,L1
SHB_5bd0fcec93f64100,0,5,0.004168189596384764,L1
SHB_a01fe743f9ba6a17,0,2,0.028210286051034927,L3
SHB_83bad0f6173a14b0,0,3,0.0008371146977879107,L1
SHB_48499940819ed490,0,4,0.009338784962892532,L2
SHB_e26da78186cb6ae9,0,5,0.02210991084575653,L3
SHB_003f532a393ff67f,0,3,0.010954146273434162,L2
SHB_ba129f30637ba43d,0,5,0.014757601544260979,L2
SHB_ddadc318a837ad69,0,4,0.03289661183953285,L3
SHB_276d5e5981aaf296,0,4,0.005027323495596647,L1
SHB_669fe20175e671ea,0,1,0.019281946122646332,L3
SHB_6f4defe758ed17ff,0,2,0.0010375130223110318,L1
SHB_7b86f9a8198fe7b1,0,2,0.006356928497552872,L1
SHB_c9d2b0591f48ba79,0,4,0.0006944265333004296,L1
SHB_908e0435dbea9f2f,0,3,0.005414035636931658,L1
SHB_5fed0b91b988d9df,0,4,0.006655992474406958,L1
SHB_bffcc9c75ebb34b2,0,1,0.0002777506597340107,L1
SHB_a5400ded480b4601,0,5,0.03408181294798851,L3
SHB_207831fbc81e567a,0,5,0.01629435084760189,L2
SHB_ba1239bd451090ed,0,5,0.004463554825633764,L1
SHB_73bcc23216946d39,0,1,0.02452399954199791,L3
SHB_a2714ff5ca38187d,0,4,0.042907293885946274,L4
SHB_e6abc79f824e768a,0,1,0.005019070580601692,L1
SHB_7e9d2929a2f30e91,0,2,0.013199634850025177,L2
SHB_40d8695f0e6917d5,0,5,0.02618999406695366,L3
SHB_6f2c4083565a8185,0,1,0.011455537751317024,L2
SHB_d059ba16dc3671cb,0,1,0.0006474497495219111,L1
SHB_c7be4aec7a73b147,0,4,0.057097554206848145,L4
SHB_35aad6e527e3aaee,0,4,0.014015297405421734,L2
SHB_a5125b796aa80bd7,0,1,0.0022335185203701258,L1
SHB_159424b3f3d19434,0,5,0.0206614937633276,L3
SHB_1633b3c82ebdbe2c,0,4,0.03166157379746437,L3
SHB_54a4a24409e1b36a,0,2,0.030460095033049583,L3
SHB_d5804ffe77e514c1,0,2,0.00762196397408843,L2
SHB_95fe0e50be4cb7ef,0,5,0.02052653208374977,L3
SHB_9fee53233e1a1ddf,0,4,0.0072412979789078236,L1
SHB_231412fb9e9a3ac6,0,1,0.0009049458894878626,L1
SHB_170561711a22bf4a,0,3,0.01737099140882492,L2
SHB_aa331ed8aa527b31,0,1,0.0005790333379991353,L1
SHB_9c704995e890e9ed,0,5,0.01770731247961521,L2
SHB_1a4144eda9b478fb,0,1,0.010609844699501991,L2
SHB_7d77e41339be7480,0,1,0.016359936445951462,L2
SHB_a5a54ec63b52a53e,0,4,0.0033297324553132057,L1
SHB_8ec3e078f012c9cb,0,3,0.02139243856072426,L3
SHB_35fc55bf2eb20e62,0,4,0.06972157955169678,L4
SHB_7a8f741e35f62fba,0,1,0.06754643470048904,L4
SHB_4269bbbd3e1c5f36,0,2,0.0008951391209848225,L1
SHB_4cc167985f0b846b,0,4,0.0005250283284112811,L1
SHB_4ac0610968138728,0,3,0.005958989262580872,L1
SHB_12698896dcfe1648,0,5,0.014210350811481476,L2
SHB_b9205532924b3991,0,4,0.0022825675550848246,L1
SHB_2923b58aab7f50f3,0,2,0.0009667198173701763,L1
SHB_ca4f93bca4696e27,0,4,0.0015345365973189473,L1
SHB_fd44b1b0cb46f47f,0,4,0.00041706542833708227,L1
SHB_70b51ca5498f5a8b,0,2,0.03870990872383118,L4
SHB_c7a299cd13be07a5,0,4,0.003529868321493268,L1
SHB_27695cc0ba6fe3d9,0,4,0.008922171778976917,L2
SHB_204316a3e67791e6,0,3,0.01732136309146881,L2
SHB_3a5e278f4198ef04,0,5,0.00025682663545012474,L1
SHB_7565baf77b1bb9e7,0,1,0.0011298804311081767,L1
SHB_49a67c1caa8715a2,0,3,0.019899355247616768,L3
SHB_de6ae60adcd3e627,0,2,0.012283030897378922,L2
SHB_1c307bad052a34b8,0,1,0.0017455641645938158,L1
SHB_758c46a691cc38b6,0,3,0.0062892078422009945,L1
SHB_05ad4d296063d5fa,0,5,0.009221604093909264,L2
SHB_6d8167384503f3b0,0,2,0.0007002822239883244,L1
SHB_e2f344f85cbd6430,0,4,0.001212803297676146,L1
SHB_77892994bea520a3,0,1,0.003266440238803625,L1
SHB_f8305d624bd1a7db,0,3,0.001372114522382617,L1
SHB_89861f8f699c28f6,0,2,0.08453734219074249,L5
SHB_6ef25c09d18317b3,0,3,0.017483040690422058,L2
SHB_289dbc6542cdc121,0,5,0.05052413046360016,L4
SHB_2f1a1f4f4e8b88a7,0,4,0.014883659780025482,L2
SHB_f3a9159f9d2a8997,0,3,0.026374012231826782,L3
SHB_dd44cfee83066c9b,0,2,0.0007398580783046782,L1
SHB_d97cf01237772f2e,0,3,0.010603158734738827,L2
SHB_2c3d84a5bad678d2,0,1,0.00033966833143495023,L1
SHB_8a08379f444652ec,0,4,0.015781842172145844,L2
SHB_19c3a4960f6bceaf,0,1,0.006165508180856705,L1
SHB_f279a4798e82bca5,0,4,0.0836808830499649,L5
SHB_22c07a3005c44fcb,0,4,0.0045942822471261024,L1
SHB_9c2fe36dc393ec41,0,4,0.02290213853120804,L3
SHB_faa7cf161780e472,0,2,0.03322138637304306,L3
SHB_3e4b7a9529ebc555,0,4,0.005670663435012102,L1
SHB_c66e2f9cfe1105ba,0,3,0.016487866640090942,L2
SHB_027d42b37afc1bff,0,1,0.014321519993245602,L2
SHB_46699e4d84381ef7,0,3,0.0006334087811410427,L1
SHB_a00ec3899e8aa71e,1,3,0.00029034403269179165,L1
SHB_421aeb73e600e101,0,3,0.00018493933021090925,L1
SHB_4baca6e8d17fa02c,0,1,0.015973536297678947,L2
SHB_57ce8cbe673226de,0,1,0.00140088121406734,L1
SHB_684a57f5ea06a4c5,0,1,0.0388607531785965,L4
SHB_b5e19a62dca5bf57,0,3,0.012358208186924458,L2
SHB_df64ebcbbcb752b4,0,1,0.0029502823017537594,L1
SHB_bc4b5b62b93c87e8,0,3,0.03118748404085636,L3
SHB_7c2eb90e17461d2a,0,1,0.021866988390684128,L3
SHB_996f3261004af95b,0,3,0.030373653396964073,L3
SHB_1613f253124a4e74,0,4,0.005942268762737513,L1
SHB_abd8f2c63488bbbb,0,1,0.021674778312444687,L3
SHB_813d7af10662ffae,0,5,0.005850933957844973,L1
SHB_6941669a7f180b01,0,2,0.0031813420355319977,L1
SHB_d3892184a3b2b9bf,0,5,0.0022544951643794775,L1
SHB_23666da041bdfbd0,0,2,0.018954694271087646,L3
SHB_176842f3ad30c8e6,0,4,0.023304391652345657,L3
SHB_876a57a081a22081,0,4,0.004121264908462763,L1
SHB_a21d9eb31035e1e3,0,3,0.01717771589756012,L2
SHB_0c9e8ca597eaa79c,0,4,0.007046351209282875,L1
SHB_f887d92a807172f8,0,2,0.0010533113963901997,L1
SHB_dbb75f457b2d0784,0,4,0.03464251011610031,L3
SHB_d047622f5377d25b,0,1,0.005959681235253811,L1
SHB_63877c00c7e51636,0,5,0.0015370051842182875,L1
SHB_3d58a14db03500dc,0,3,0.008673259057104588,L2
SHB_16e7152cfdd9996b,0,2,0.013624601997435093,L2
SHB_dfa840c4893c5bac,0,2,0.0005344554083421826,L1
SHB_80a5b40ddec3b905,0,4,0.04596124589443207,L4
SHB_1dd8f5e81e7e1274,0,2,0.00776361720636487,L2
SHB_c8eb4e1805732461,0,3,0.0004597610386554152,L1
SHB_633288d6e570c604,0,3,0.0002547167823649943,L1
SHB_1c545c1bec832cf7,0,1,0.1206841841340065,L5
SHB_664e5ad81405c3d2,0,4,0.0007832726696506143,L1
SHB_a19162358ec5a268,0,5,0.007721744943410158,L2
SHB_5f89ae3c581da651,0,5,0.030567966401576996,L3
SHB_81aa3d56aebcface,0,5,0.04653160646557808,L4
SHB_7e598d28f683cf2a,0,3,0.004643033724278212,L1
SHB_f2e9d4765b5765c6,0,5,0.00041048662387765944,L1
SHB_3ab66e4be48d64ee,0,3,0.018345866352319717,L2
SHB_8d0634797ee79c6d,0,4,0.02108355052769184,L3
SHB_dcca1f0da299c89c,0,1,0.06100551784038544,L4
SHB_74949cc912e123c3,0,5,0.004105606582015753,L1
SHB_bdf877c2a94c1a47,0,5,0.002291317330673337,L1
SHB_d1fd6760166f58c5,0,2,0.0004650886985473335,L1
SHB_d36f9ad317b6dd86,0,1,0.005696000996977091,L1
SHB_3c2800e26eb6dab8,0,4,0.0010193649213761091,L1
SHB_4bfe7258bcc04062,0,1,0.0004328321374487132,L1
SHB_2aed85160636fe02,0,4,0.010988839901983738,L2
SHB_2003bd11fbc2ce0d,0,3,0.0067993951961398125,L1
SHB_c1c0211e54d04b6e,0,4,0.004825483541935682,L1
SHB_24a42caa543142fc,0,3,0.09894326329231262,L5
SHB_0afe2b3c139d6b39,0,3,0.03481297567486763,L3
SHB_c3fd976ba4964734,0,1,0.0012220407370477915,L1
SHB_a47cc8fde82312dd,0,3,0.01607060246169567,L2
SHB_a1550b124f011444,1,5,0.016170447692275047,L2
SHB_e9203b5a92be5f1d,0,3,0.005735486745834351,L1
SHB_1c3a6f8adb2002e2,0,5,0.003225052496418357,L1
SHB_f1384c50a262da9b,0,5,0.015399675816297531,L2
SHB_4b036144b7e8d80a,0,1,0.0005700056790374219,L1
SHB_1965f13196b5e242,0,4,0.033974789083004,L3
SHB_e5f395dfee680f6e,0,4,0.009921676479279995,L2
SHB_769058ba9fd8b6ab,0,4,0.0007717828848399222,L1
SHB_c9818b3016ade3b6,0,3,0.0005812530871480703,L1
SHB_a4ba33e14c8871a4,0,2,0.0049561625346541405,L1
SHB_533994a6adb99e8f,0,5,0.0037935853470116854,L1
SHB_a9c798dcf917f6e2,0,3,0.013429947197437286,L2
SHB_3d360048d60903ec,0,1,0.013106614351272583,L2
SHB_482cf25b90419ab1,0,4,0.00047504648682661355,L1
SHB_51116299b74aced4,0,1,0.006952684838324785,L1
SHB_c49c34a45f028c0e,0,1,0.0002660412574186921,L1
SHB_cae94f281db2688c,0,1,0.025036832317709923,L3
SHB_b523acada8dc1422,0,5,0.08479921519756317,L5
SHB_6eaceb2721ddca4f,0,3,0.011784560047090054,L2
SHB_44576d1b6a04f27b,0,2,0.00035322117037139833,L1
SHB_a4ccb9bdae770e57,0,2,0.01773928292095661,L2
SHB_49114a005cf5af54,0,5,0.0497840940952301,L4
SHB_a1ec307ec915d539,0,5,0.0017963320715352893,L1
SHB_92ff67f4985a8c23,0,2,0.01681915856897831,L2
SHB_af83830d3d39bab4,0,5,0.0006488124490715563,L1
SHB_5c10bf7917f271e0,0,1,0.02031600847840309,L3
SHB_dba7a049d2c90bab,0,2,0.030537718906998634,L3
SHB_18d311d29ef2a8a3,0,3,0.02278657630085945,L3
SHB_bd4a83460237a105,0,2,0.028922831639647484,L3
SHB_dc039da9571db397,0,2,0.004917885642498732,L1
SHB_0233de5095bd18c4,0,2,0.017821241170167923,L2
SHB_db6e156acd607cda,0,3,0.0015448182821273804,L1
SHB_81a9911028608ec9,0,3,0.0006780005060136318,L1
SHB_d8c9d37fe0397cd4,0,1,0.0014196510892361403,L1
SHB_8424cca831e5515e,0,3,0.008076941594481468,L2
SHB_5ad063bd66ba75a3,0,1,0.0005107696051709354,L1
SHB_e4cd8fda67205589,0,4,0.03386099636554718,L3
SHB_285e29a28bc88234,0,4,0.014381754212081432,L2
SHB_7b4f65e49f32e981,0,1,0.01207046303898096,L2
SHB_dc6948b536c87c2d,0,2,0.004824471659958363,L1
SHB_6bcfde7bf94f2e9c,0,5,0.0009070326923392713,L1
SHB_6e95b8d22f28a4e9,0,2,0.030885541811585426,L3
SHB_bd669f70ef7652f0,0,4,0.10575766861438751,L5
SHB_99c72b02a404ac80,0,2,0.0006374393124133348,L1
SHB_297d286b6b3d1d7a,0,4,0.01320697832852602,L2
SHB_f502fc64bdeb0a67,0,1,0.0018849748885259032,L1
SHB_85aca248ff8b3f07,0,2,0.005160115193575621,L1
SHB_b76141dc0d21ce43,0,2,0.0015722406096756458,L1
SHB_b874c9c053799231,0,1,0.03344370052218437,L3
SHB_451808cbb06cae0b,0,2,0.008655049838125706,L2
SHB_f3ffd7d662ccd4d1,0,4,0.01206181664019823,L2
SHB_c2631978ab7af4c8,0,4,0.01781429909169674,L2
SHB_752a01b440ff606c,0,2,0.0028374996036291122,L1
SHB_b29b62a4a37ddfcf,0,4,0.06140676513314247,L4
SHB_aa1ccd8603f692a4,0,2,0.0009306209976784885,L1
SHB_1be4ced451d42612,0,4,0.002342867199331522,L1
SHB_4b1d7d9265acbc4d,0,4,0.0019554649479687214,L1
SHB_245bac0d0e4c4c3c,0,5,0.023081118240952492,L3
SHB_43aab56ec10c1eda,0,4,0.02676575258374214,L3
SHB_5c7db6b8841269ef,0,5,0.0014600319555029273,L1
SHB_d21e6403801dcb09,0,1,0.012773587368428707,L2
SHB_b48a53993e5cf772,0,3,0.00878164079040289,L2
SHB_060e1f866a536d5c,0,1,0.006279080640524626,L1
SHB_fce3e4d7d3d42962,0,5,0.006746689788997173,L1
SHB_920854b52d71d943,0,5,0.002720707096159458,L1
SHB_9d8e724b672e12ba,0,2,0.04512599855661392,L4
SHB_04920aac1ccd9e56,0,3,0.013984736986458302,L2
SHB_aff4db5671ac2bdb,0,1,0.000918715144507587,L1
SHB_a7f955c0a4f161de,0,5,0.013135183602571487,L2
SHB_f99e9cad95e11d55,0,5,0.03636033087968826,L3
SHB_6b8af71a9a9534fb,0,3,0.0014030847232788801,L1
SHB_c8f2e5cca3adbda5,0,5,0.0014644244220107794,L1
SHB_de335d6d6609f0a3,0,4,0.041974976658821106,L4
SHB_57f6b1b52a86d1e8,0,2,0.0217805877327919,L3
SHB_c11402753bf60b8c,1,3,0.08212752640247345,L5
SHB_67c20d3cf2ced27d,0,2,0.11153851449489594,L5
SHB_815e3bafaea2a53b,0,1,0.03782569617033005,L4
SHB_71502b2c4732e937,0,1,0.009378239512443542,L2
SHB_fda69a448097f77c,0,1,0.03925095498561859,L4
SHB_544a086fc4f6cf4e,0,1,0.0005377233610488474,L1
SHB_bb2890471c46b23f,0,2,0.025562873110175133,L3
SHB_7d50242c44365bd9,0,5,0.007443763315677643,L2
SHB_613e6bb9e6182aa9,0,1,0.0062325200997292995,L1
SHB_39f60797e4b43511,0,1,0.015741771087050438,L2
SHB_bc0ffbd300499191,0,4,0.01074462104588747,L2
SHB_b68cd9256e380b1c,0,1,0.007923329249024391,L2
SHB_f065f20eac89d49c,0,5,0.14282235503196716,L5
SHB_10943350f1f9a380,1,5,0.0043114484287798405,L1
SHB_5821b88fa9ac9b19,0,4,0.0012749199522659183,L1
SHB_1ba925893bab7196,0,2,0.0025662819389253855,L1
SHB_41bf8beb679e8317,0,4,0.0011069988831877708,L1
SHB_e0a1e5fbafb4ff5f,0,3,0.005464984104037285,L1
SHB_4769a2275af0c7eb,0,1,0.046909041702747345,L4
SHB_46b2579626a7cf40,0,1,0.0008701853803358972,L1
SHB_4b15ea9035814508,0,3,0.00432339683175087,L1
SHB_15ef70da40cf4681,0,2,0.02019723877310753,L3
SHB_ecf8ed46dbecb096,0,4,0.0013531948206946254,L1
SHB_3295c51b83199532,0,2,0.003631515195593238,L1
SHB_2cae389a92e11457,0,1,0.05793621018528938,L4
SHB_e8f0f1b9b68a832b,0,5,0.0003414128441363573,L1
SHB_47dae649425fb7d1,0,1,0.014121304266154766,L2
SHB_d25c8190545f5ba8,0,2,0.03764680400490761,L4
SHB_0b6d220c5e8758cb,0,5,0.003907226026058197,L1
SHB_6f357f73b19c5b64,0,2,0.0025813032407313585,L1
SHB_f9908d603ce02ffc,0,5,0.0008098848047666252,L1
SHB_f12417160a4544db,0,5,0.022984104230999947,L3
SHB_29887422ca2dd7ad,0,3,0.0003284777922090143,L1
SHB_b8055d1df935a7f9,0,3,0.00028741281130351126,L1
SHB_7b81b5a86a2df35d,0,5,0.007234788034111261,L1
SHB_2868dfa3c65b702e,0,2,0.004614850040525198,L1
SHB_2e611f8c883946d6,0,3,0.0002783150121103972,L1
SHB_ef2440c3d7293d1e,0,5,0.004521940369158983,L1
SHB_ba40bad9b003c905,0,5,0.03036813624203205,L3
SHB_1b8363f73e06f637,0,1,0.01660897210240364,L2
SHB_000f799a80f4e66a,0,3,0.0002515671367291361,L1
SHB_9464b2504f3abc0c,0,5,0.00043264692067168653,L1
SHB_25444699dc819da1,0,2,0.0030690343119204044,L1
SHB_c6830b583a3b2ceb,0,5,0.0006708410219289362,L1
SHB_62d4e44a7211bda6,0,2,0.016238003969192505,L2
SHB_5185370cfff0b001,0,2,0.0005936080124229193,L1
SHB_200ff5481e734f78,0,5,0.010420432314276695,L2
SHB_8c99abeb0ad64364,0,1,0.02979392185807228,L3
SHB_11435d44a94987f4,0,5,0.027866361662745476,L3
SHB_b584d704b5c94379,0,3,0.004055988509207964,L1
SHB_01b2f0e089dc5218,0,4,0.009633293375372887,L2
SHB_5bf6e857d8d06347,0,3,0.0025196727365255356,L1
SHB_64905783e12073ee,0,5,0.005276105832308531,L1
SHB_3fd4fd837b552eaa,0,5,0.008693704381585121,L2
SHB_e77ecbcd7f143274,0,5,0.023331843316555023,L3
SHB_517b5ccbda5af4c3,0,4,0.0017444262048229575,L1
SHB_62a644f1c6ca467e,0,3,0.0008539683185517788,L1
SHB_55092a5713052bfc,0,3,0.0028916688170284033,L1
SHB_76c02751d0d1976b,0,1,0.0027254389133304358,L1
SHB_93f4e6ad3592a453,0,1,0.014437555335462093,L2
SHB_26fb8c016ebaac82,0,5,0.008489665575325489,L2
SHB_a4ea14fd6cf25ca6,0,5,0.00365368090569973,L1
SHB_4dfbddc1b7364da5,0,4,0.0004389118403196335,L1
SHB_ee7337e20cb4983e,0,4,0.015695352107286453,L2
SHB_9bf694a193f6c8aa,0,4,0.004877301398664713,L1
SHB_80ede0ecc9aa2c89,0,3,0.00022745656315237284,L1
SHB_e8b4f778880215ec,0,1,0.007110098842531443,L1
SHB_d3bb0c3ab7d6b8e1,0,5,0.0033066861797124147,L1
SHB_4f7d27db42162d57,0,4,0.021180471405386925,L3
SHB_fea3173e14a50a7b,0,4,0.02126258984208107,L3
SHB_f8fcb65658b5e8e3,0,4,0.0028193239122629166,L1
SHB_5d77094ba5031e84,0,3,0.010718028992414474,L2
SHB_2b7f376505003d08,0,1,0.014864088967442513,L2
SHB_1afca1071436f336,0,2,0.0009524875786155462,L1
SHB_e102a16e26d5be45,0,3,0.00038720693555660546,L1
SHB_08f68e529050e58c,0,4,0.010739239864051342,L2
SHB_194f5e5c1ad1cdfa,0,4,0.0006006254116073251,L1
SHB_c92f40f918eb5ea1,0,4,0.005847947672009468,L1
SHB_374d8b6f24d9b121,0,2,0.008553100749850273,L2
SHB_fe42b82676738034,0,4,0.09152226150035858,L5
SHB_d921751ea07633b5,0,4,0.00036714773159474134,L1
SHB_bab72b8b924efe8b,0,4,0.002908081514760852,L1
SHB_1eae09b0389a8c7a,0,5,0.01171162724494934,L2
SHB_2bc98719a5557972,0,4,0.000560085813049227,L1
SHB_75190ab124b66682,0,5,0.028910093009471893,L3
SHB_60f9b1de41a70309,0,5,0.023035885766148567,L3
SHB_e8916123c2895910,0,1,0.010495462454855442,L2
SHB_b8befe155423d19f,0,2,0.010922224260866642,L2
SHB_ffb016fd5eb6f0fe,0,2,0.000640568439848721,L1
SHB_6de1af2093bc3af7,0,3,0.0002682275080587715,L1
SHB_9edff01056f121d5,0,1,0.05488329753279686,L4
SHB_9a9925df360798bf,0,4,0.003911429550498724,L1
SHB_6058ba975a98d4ad,0,3,0.026190809905529022,L3
SHB_1a609b8b0e7ce503,0,3,0.003690422046929598,L1
SHB_ecddaf63cec65373,0,1,0.021246450021862984,L3
SHB_ab3433a415c1bf02,0,4,0.0012621086789295077,L1
SHB_e741518bedfba67c,0,1,0.0005352254374884069,L1
SHB_8a69913855b74d21,0,1,0.004127142019569874,L1
SHB_8c4d81cc42bc3eb0,0,3,0.049546465277671814,L4
SHB_8d1682911df4dba8,0,1,0.006038459949195385,L1
SHB_f31ef2bc7eb2204a,0,5,0.0017425523838028312,L1
SHB_45fd9d51ea72a611,0,1,0.017628831788897514,L2
SHB_0381fd64e0b0f9ca,0,1,0.0009597172029316425,L1
SHB_e07d7e086eae2721,0,5,0.012780672870576382,L2
SHB_23e7ea26b14ac3e8,0,1,0.012077492661774158,L2
SHB_11e67da794795557,0,1,0.0012584110954776406,L1
SHB_01b808ce4f17040a,0,2,0.03569365665316582,L3
SHB_a08f21b99391c8b2,0,2,0.010930066928267479,L2
SHB_bd883eb315efb38d,0,4,0.010159051045775414,L2
SHB_52cf89d9b39fef61,0,5,0.0055465600453317165,L1
SHB_9ff2b30cc8dd4215,0,4,0.0016275413800030947,L1
SHB_bac0b67c0682db9c,0,2,0.008158057928085327,L2
SHB_d433fe4ae67c4058,0,2,0.01481902226805687,L2
SHB_257229231a6f07d4,0,4,0.0009070310043171048,L1
SHB_6751366297b8ed51,0,4,0.004615426529198885,L1
SHB_86ae2ecb3980aa1c,0,1,0.014494857750833035,L2
SHB_4ad23d84c74ec52a,0,4,0.003822271479293704,L1
SHB_fcfade1f296da8e1,0,4,0.0014219866134226322,L1
SHB_09b02ebdbc6b4d41,0,5,0.00116229138802737,L1
SHB_c44782ed828f7012,0,4,0.006685301195830107,L1
SHB_d3adf8531ae55f7c,0,5,0.0002996426192112267,L1
SHB_645b9662db942874,0,4,0.0009962720796465874,L1
SHB_2891aac7b81a914d,0,3,0.04163391888141632,L4
SHB_0568a9382acb5177,0,1,0.005949430633336306,L1
SHB_909af8562314b940,0,1,0.0013867906527593732,L1
SHB_dafbb6828605999e,0,2,0.0005491739138960838,L1
SHB_5ed4645762d3d515,0,2,0.0004138067306485027,L1
SHB_fdff9700ad1d259a,0,4,0.0026676305569708347,L1
SHB_906e213db4bb39b7,0,5,0.010071976110339165,L2
SHB_0b063e47203eff4a,0,4,0.015932438895106316,L2
SHB_c86e3a4a24255c52,0,5,0.0385606586933136,L4
SHB_cef134189a78b93d,0,3,0.03786417841911316,L4
SHB_92a65c8af9fade2b,0,3,0.013349941000342369,L2
SHB_b46781fe4379ab9d,0,2,0.009633880108594894,L2
SHB_59ff989068966a6c,0,5,0.006505872122943401,L1
SHB_8ffde05678b3f7c7,0,2,0.002070846501737833,L1
SHB_9495b940ddf9361f,0,2,0.011399869807064533,L2
SHB_9ce65150bef8a2ae,0,5,0.013654889538884163,L2
SHB_83c370b3274ccff8,0,2,0.02657005935907364,L3
SHB_a36686b030f1dd66,0,3,0.00675982516258955,L1
SHB_5594380528cd3d2c,0,1,0.02478559873998165,L3
SHB_90e3186e2c63600d,0,5,0.04070955142378807,L4
SHB_a702717ab8879de1,0,1,0.006894465070217848,L1
SHB_32a57e500fdf2080,0,2,0.0004131651949137449,L1
SHB_339c6aaf1dc2e35a,0,3,0.00039665953954681754,L1
SHB_0c57c9fb6b4ee671,1,1,0.02747022546827793,L3
SHB_b0ed06c267c19e87,0,1,0.0331539660692215,L3
SHB_0eff58962d9386c1,0,5,0.12966038286685944,L5
SHB_8e99a56b6c05bed0,0,4,0.0026037709321826696,L1
SHB_99b3d70774cc3d56,0,1,0.010125506669282913,L2
SHB_52d71b09e1c5c812,0,4,0.001014816458337009,L1
SHB_cb383d92969bf773,0,2,0.02815258502960205,L3
SHB_3b1d5169eb8d49ab,0,5,0.0006241516675800085,L1
SHB_218bdb650cf38e57,0,2,0.0007481933571398258,L1
SHB_e25bb99df7478958,0,1,0.049383413046598434,L4
SHB_745e8d18ca441a7d,0,2,0.00039998983265832067,L1
SHB_d8a0d516f0a35ed5,0,3,0.014320658519864082,L2
SHB_798c708f74cd6753,0,1,0.014560503885149956,L2
SHB_546383a6d0d50ded,0,3,0.00567273935303092,L1
SHB_e614717eb5e80eed,0,4,0.009847206063568592,L2
SHB_1c9bec2b1605edc8,0,3,0.038195401430130005,L4
SHB_3397bebfbeb517e0,0,1,0.004239209461957216,L1
SHB_7a5428dc2d4ad8b1,0,5,0.01024616975337267,L2
SHB_30f7760d71091cdd,0,1,0.00021944854233879596,L1
SHB_295e2e828c9daa3f,0,4,0.017337530851364136,L2
SHB_6b8f19533a84350c,0,2,0.015227805823087692,L2
SHB_9247e5c6f38ee810,0,2,0.0007373695261776447,L1
SHB_67b469fec833a1e1,0,5,0.068305104970932,L4
SHB_70434ac694c5b2b7,0,1,0.002685003448277712,L1
SHB_18c61177030f489c,0,4,0.00042338058119639754,L1
SHB_181b1da6050a3bc1,0,1,0.026408305391669273,L3
SHB_a7ce0a76f0a1974b,0,4,0.009034497663378716,L2
SHB_7cc9559d884ebe92,1,3,0.003092864528298378,L1
SHB_7c578640fa37a84d,0,4,0.0015831663040444255,L1
SHB_dea101cea2e2f433,0,2,0.04473964869976044,L4
SHB_50c04187c559e09c,0,3,0.0004576041828840971,L1
SHB_5f54637580d6e04f,0,1,0.001497291261330247,L1
SHB_dc5b30cd490bd2a5,0,4,0.0017845204565674067,L1
SHB_b296e9f5363ad767,0,2,0.0002766456746030599,L1
SHB_c2a459a4cce462b8,0,5,0.018260862678289413,L2
SHB_bd445038199a7b22,0,1,0.0031313984654843807,L1
SHB_7f2371324b9aedee,0,3,0.00036470513441599905,L1
SHB_0c9cf42607f849b4,0,2,0.0004487264668568969,L1
SHB_285ae557a1b97b38,0,1,0.0015564316418021917,L1
SHB_51b2a41b71334e6b,0,5,0.03310519829392433,L3
SHB_7c4e62176003fac4,0,2,0.0017210852820426226,L1
SHB_541b06affa948890,0,2,0.0006053506513126194,L1
SHB_570172878b61ccb9,0,1,0.020216170698404312,L3
SHB_1fbf06eb6c46e58f,0,1,0.003284657606855035,L1
SHB_20e38288c75e8408,0,4,0.0034295127261430025,L1
SHB_1aa07278d23d344c,0,3,0.0046583437360823154,L1
SHB_06bc89fb840549d1,0,5,0.008829530328512192,L2
SHB_1075470b6ca5e2da,0,3,0.0072124130092561245,L1
SHB_6a503c6ca3d02e4b,0,4,0.004482638090848923,L1
SHB_9a4e6cac1faa9c89,0,1,0.016944188624620438,L2
SHB_4cab9d8be51e6fbc,0,1,0.0010095619363710284,L1
SHB_a71be610b8ceccad,0,1,0.0007927505648694932,L1
SHB_44d1744b83a3d1e9,0,1,0.002612074837088585,L1
SHB_470e103433fc65ba,0,1,0.0010318917920812964,L1
SHB_c97f902631c6aff3,1,4,0.014500648714601994,L2
SHB_acba1ae6e1f239a7,0,1,0.010533111169934273,L2
SHB_1f8387612fa6d839,0,2,0.03213655576109886,L3
SHB_599b60cacb873609,0,2,0.011525117792189121,L2
SHB_30fbacf5f5f5723c,0,2,0.08854975551366806,L5
SHB_38cce96aadef26d9,0,3,0.000471246283268556,L1
SHB_f7dd3c086976413c,0,1,0.0006635623285546899,L1
SHB_52673947885f3ead,0,2,0.0021565002389252186,L1
SHB_98132156bf856ab5,0,4,0.024072224274277687,L3
SHB_8f8694c30b0dabd6,0,2,0.0009357642265968025,L1
SHB_0d005d09fbb41949,0,1,0.02108769677579403,L3
SHB_20b0a6b23c9eea73,0,1,0.0061270627193152905,L1
SHB_778f388e26d02563,0,4,0.018791906535625458,L3
SHB_623c29a7b743bbdb,0,5,0.0183938629925251,L2
SHB_f6ec64cc8a61382d,0,5,0.02575261890888214,L3
SHB_dfcaa9d9da0e6028,0,1,0.0005190082010813057,L1
SHB_f3f8fc3eaab9a5a1,0,2,0.028761832043528557,L3
SHB_a7d42aa72cc6392b,0,1,0.0002984608290717006,L1
SHB_ba701c9e9dce8178,1,1,0.009863375686109066,L2
SHB_c196b36f5b69bdbc,0,1,0.0006234340835362673,L1
SHB_91b984d1cbf788cc,0,4,0.0004962265375070274,L1
SHB_9996b1ee93f7324f,1,5,0.030599648132920265,L3
SHB_6a3d3053f35c0e06,0,2,0.0014650346711277962,L1
SHB_fa67e9d0bc5c7b52,0,1,0.01765030063688755,L2
SHB_9887d1e48f870522,0,4,0.017069438472390175,L2
SHB_fa89719b4a06fda8,0,4,0.0035206186585128307,L1
SHB_ca9bed1a15bff89a,0,1,0.01645708829164505,L2
SHB_b19a66ec361b9e8f,0,4,0.003824033308774233,L1
SHB_79832b5907cfe184,0,1,0.07258757948875427,L4
SHB_11d1d76cad515218,1,4,0.024892965331673622,L3
SHB_2d18b978db2d7d2f,0,5,0.011360075324773788,L2
SHB_e26c51e40dde99d3,0,4,0.007594472728669643,L2
SHB_f91d82ea41f4f07f,0,2,0.015737952664494514,L2
SHB_0ca2124de1dbde64,0,5,0.0005832267925143242,L1
SHB_ab81ae6583c8f205,0,2,0.021304843947291374,L3
SHB_9747c1534e9e1282,0,5,0.0016889771213755012,L1
SHB_d4e2d66850a2db3e,0,2,0.009107429534196854,L2
SHB_14ac1d85629d838f,0,1,0.0013725896133109927,L1
SHB_26226a51b3190753,0,1,0.002204627264291048,L1
SHB_92358f55525b8c55,0,2,0.006623328197747469,L1
SHB_68600512e99d7a47,0,5,0.028535155579447746,L3
SHB_d9514f8c64f52e8f,0,2,0.00913153775036335,L2
SHB_9318cd820e5f551c,0,3,0.0016918916953727603,L1
SHB_2495316fcdf9842f,0,4,0.015505576506257057,L2
SHB_2463d27e674b64ef,0,5,0.02481466718018055,L3
SHB_a55649dbcef74169,0,5,0.009025336243212223,L2
SHB_dde2e5057c107e9f,0,3,0.004889204166829586,L1
SHB_447ffd6d82f0f768,0,2,0.0008879995439201593,L1
SHB_d1e7401c3d129cd1,0,1,0.04961692914366722,L4
SHB_cf8278231df61f05,0,5,0.00482190353795886,L1
SHB_71ad54f1a312dfd7,0,5,0.010858246125280857,L2
SHB_70291e67271cf33d,0,1,0.003235388081520796,L1
SHB_459dae52930359fc,1,1,0.009973334148526192,L2
SHB_77fbb66920cebdd5,0,4,0.0405636802315712,L4
SHB_9a1fb6be12fc8f76,0,5,0.03040590137243271,L3
SHB_52ead4c7385849bf,0,5,0.006478011142462492,L1
SHB_d03c30ccfa3dd31a,0,5,0.010565796867012978,L2
SHB_b8787de118c9a4d3,0,1,0.008893250487744808,L2
SHB_48854a37f71a3890,0,1,0.036185555160045624,L3
SHB_b0acf504267cea6c,0,2,0.019454482942819595,L3
SHB_4c66157aa0edfe12,0,1,0.000704770558513701,L1
SHB_809a5e0c03876e5c,0,4,0.012371188960969448,L2
SHB_899fbbb2d19c7224,0,2,0.0057099261321127415,L1
SHB_fede5bfbe5b2c6cc,0,3,0.0005355285829864442,L1
SHB_b8cf0adc27257add,0,3,0.020358141511678696,L3
SHB_50f5ba7b1386fcd1,0,4,0.005003798753023148,L1
SHB_5aeb2003184ec482,0,1,0.013478663749992847,L2
SHB_dacbdc87497466f8,0,4,0.03028053417801857,L3
SHB_6cb8cbb49a4596ed,0,2,0.0023900794330984354,L1
SHB_0a507cbff4cd356a,0,1,0.002957139164209366,L1
SHB_0cb2ee0efa094ff9,0,2,0.014549888670444489,L2
SHB_7f7f3c9e6f88368b,0,2,0.018638575449585915,L2
SHB_351e9b98aae8955a,0,3,0.019428303465247154,L3
SHB_99f3ebc4d292fc4f,0,5,0.013876359909772873,L2
SHB_a43cbb1367ce5435,0,4,0.025364337489008904,L3
SHB_f7e0ab4cab0012dd,0,3,0.0002595934784039855,L1
SHB_b5dd843e0018d762,0,1,0.014175430871546268,L2
SHB_f2a59e33da27ece8,0,2,0.016200659796595573,L2
SHB_26a5f84a21511977,0,5,0.01060748752206564,L2
SHB_fdbf000b4af92e76,0,4,0.0022809086367487907,L1
SHB_b401e8040f2c2c26,0,5,0.0145494993776083,L2
SHB_5cc4e9dc45f371ee,0,1,0.0017278625164180994,L1
SHB_dbb3e2919e3edae5,0,2,0.03557343780994415,L3
SHB_34808e83e69c8204,0,2,0.018832050263881683,L3
SHB_d9971c12235268f3,0,2,0.002797061810269952,L1
SHB_7cbe2fe67cb7574f,0,1,0.005480638705193996,L1
SHB_65b1f403966cd062,0,4,0.04442574083805084,L4
SHB_a4d412ae6717584a,0,3,0.023310568183660507,L3
SHB_fe9a46a58ef7b1d1,0,1,0.0020906226709485054,L1
SHB_7945acd469ff5dd9,0,3,0.005895862355828285,L1
SHB_7b807583f4a8a485,0,4,0.011909246444702148,L2
SHB_01063ddbe19f987d,0,3,0.005074056331068277,L1
SHB_d95eb41041efe315,0,1,0.00041106579010374844,L1
SHB_b0fb7888e082c965,0,2,0.006502898875623941,L1
SHB_61c8a8ea77966a09,0,2,0.00035988513263873756,L1
SHB_f0b218d93b0d0502,0,3,0.05387946218252182,L4
SHB_fc81fb39c5f47f5e,0,2,0.03373580798506737,L3
SHB_43e5739bcb7e7112,0,2,0.026116954162716866,L3
SHB_d365ab1f49d08eb1,0,1,0.0076786973513662815,L2
SHB_9b9b7d38a03a82ba,0,5,0.008196949027478695,L2
SHB_220215e38bad5cba,0,1,0.01435331255197525,L2
SHB_5f4292580b608305,0,2,0.007479575928300619,L2
SHB_bf87240ff8a6fc09,0,2,0.0059097521007061005,L1
SHB_850bd9eec7f2ef69,1,3,0.03427042439579964,L3
SHB_2ee5cd38a6367aff,0,1,0.0026841978542506695,L1
SHB_7c98a94064945fda,0,4,0.0007382209878414869,L1
SHB_ddec990ab344949a,0,5,0.010955391451716423,L2
SHB_504f535284bc286b,0,2,0.027185017243027687,L3
SHB_65763b23e059fe33,0,4,0.003468881594017148,L1
SHB_f86eefbb6eecdfcc,0,5,0.0023157023824751377,L1
SHB_c277d583199db508,0,5,0.0004018344625364989,L1
SHB_7c80a96b24fe608f,0,2,0.02074163593351841,L3
SHB_350269c92377b5fb,0,3,0.011059505864977837,L2
SHB_b3b285571074c719,0,3,0.09941811859607697,L5
SHB_861b3490a9367aa0,0,3,0.0004635093209799379,L1
SHB_2a3b5b188f50efc9,0,1,0.0024035938549786806,L1
SHB_97c263c6136ebc9d,0,3,0.00446157855913043,L1
SHB_83020f9a4730bb90,0,4,0.006587477400898933,L1
SHB_82cfb99f62f1e5fc,0,2,0.0003839753335341811,L1
SHB_9a32ed175eada638,0,4,0.02843019925057888,L3
SHB_3440b0d8db6c8ba6,0,3,0.0005066682933829725,L1
SHB_90537f4d984225c6,0,5,0.002151539782062173,L1
SHB_e64d8ea690e3030c,0,2,0.030184254050254822,L3
SHB_dabe5ece618631ee,0,5,0.07210821658372879,L4
SHB_b25b58266ad800df,0,1,0.02783515863120556,L3
SHB_0859869d5d1bab3b,0,4,0.014533134177327156,L2
SHB_bb0c5d7f85f1c454,0,1,0.005934047047048807,L1
SHB_94d02d67bbc65211,0,5,0.05226028710603714,L4
SHB_511c5faef3155d30,0,4,0.0028983859810978174,L1
SHB_61ac3fc9e8e8204a,0,1,0.06435880810022354,L4
SHB_b3520e0dbfa053d0,0,3,0.01025470718741417,L2
SHB_b11d60c1d2d501ab,0,2,0.00029265935881994665,L1
SHB_d40063730685f4ed,0,1,0.0019782467279583216,L1
SHB_0e24ca32a20e6742,0,1,0.023923255503177643,L3
SHB_3f6c3f3952c4d1d6,0,3,0.0195598304271698,L3
SHB_5b2927aa16a4d5a1,0,3,0.0443655289709568,L4
SHB_c3e7342d604393be,0,1,0.012933134101331234,L2
SHB_a4a1e5d85627279b,0,3,0.05245566368103027,L4
SHB_8e5aaf4c97e4baf9,0,5,0.01766073703765869,L2
SHB_3dda9a27c060bd5a,0,2,0.00183117447886616,L1
SHB_9bcaff0b34f762fc,0,1,0.006659127306193113,L1
SHB_34043fbcc5577575,0,3,0.25802233815193176,L5
SHB_54a37a46acfb78af,0,1,0.07650409638881683,L4
SHB_1c2f0b46789be748,0,2,0.012485524639487267,L2
SHB_23be3b0244ec5cc1,0,3,0.10525549948215485,L5
SHB_4ce251feee1b8be4,0,2,0.027446158230304718,L3
SHB_6eec46b889cf8081,0,5,0.0012299909722059965,L1
SHB_d25ce77210df9ce2,0,2,0.029278000816702843,L3
SHB_070cabe75184140c,0,5,0.0004527746350504458,L1
SHB_c8b300e25916c1dc,0,3,0.009367370046675205,L2
SHB_398885181b2b8cb0,0,2,0.0004893481964245439,L1
SHB_f943cc8281727fad,0,1,0.011588619090616703,L2
SHB_3d7021eeee6c9586,0,5,0.001472499337978661,L1
SHB_6e5749a0b357b92e,0,3,0.09883544594049454,L5
SHB_a9ceed5c84eee521,0,2,0.005356015637516975,L1
SHB_6e5d0f1ee0099451,0,2,0.008713146671652794,L2
SHB_4c83b51dc4662182,0,3,0.011784265749156475,L2
SHB_707be29743a73e4b,0,2,0.005474303383380175,L1
SHB_75f659dc185fc8cc,0,1,0.0035366201773285866,L1
SHB_e5d2055b600d8abd,0,4,0.00046716214274056256,L1
SHB_d6665e43f45df88a,0,1,0.005427692551165819,L1
SHB_fdb9203852c83c58,0,2,0.0005418612854555249,L1
SHB_ff35d8466af2d5ce,0,2,0.0005603746976703405,L1
SHB_0710f9f5631d7d80,0,2,0.003247847780585289,L1
SHB_1c50e641d906ca41,0,4,0.048910953104496,L4
SHB_b83120af25e4e53d,0,3,0.003969953861087561,L1
SHB_9a1dd31a469de785,0,1,0.004333371762186289,L1
SHB_e2e732322dfa8faf,0,3,0.05190297216176987,L4
SHB_09c5f04d9400ecc9,0,4,0.1165601834654808,L5
SHB_22f3deaed1b30170,0,1,0.008761168457567692,L2
SHB_dc85ea4d68985d9d,0,5,0.0006991975824348629,L1
SHB_55865c8946084efd,0,2,0.00035265658516436815,L1
SHB_20ffc7ee83c458e6,0,2,0.0011129502672702074,L1
SHB_6984db3e9507487e,0,1,0.008219483308494091,L2
SHB_d52bab3af932af6b,0,3,0.007067856378853321,L1
SHB_8a6b47b806a2fccf,0,3,0.026660244911909103,L3
SHB_0a7fcd631fbe7973,0,3,0.010083949193358421,L2
SHB_2cb99b72f1bcc482,0,2,0.029936539009213448,L3
SHB_72801845a7318675,0,5,0.0017378092743456364,L1
SHB_8e4a4e3bba860454,0,3,0.0182152409106493,L2
SHB_695e46ea163deeb4,0,3,0.04389350861310959,L4
SHB_10645e709bca59fa,0,3,0.006102824117988348,L1
SHB_43d4a15ec99ea198,0,3,0.012889906764030457,L2
SHB_0653259dfec63cbf,0,1,0.0010204201098531485,L1
SHB_f78076c580db8452,0,4,0.0003200229548383504,L1
SHB_4da762b97cba0c97,0,1,0.004990398418158293,L1
SHB_fcb894e61567284b,0,5,0.000608195667155087,L1
SHB_139456bf7e5fe914,0,3,0.035799477249383926,L3
SHB_a1d943c0a0836b90,0,5,0.021246103569865227,L3
SHB_1aa5d7f40fe193fc,0,4,0.0015512066893279552,L1
SHB_c05e662c06c167b3,0,1,0.00963747501373291,L2
SHB_7c8b1994bba59ffa,0,1,0.00608224468305707,L1
SHB_052d1c420646dce9,0,1,0.0005685671931132674,L1
SHB_63b291a6736e5d92,0,1,0.0058754258789122105,L1
SHB_bc4869676e50aee0,0,3,0.00033072198857553303,L1
SHB_14a5ebbffd098c48,0,1,0.008782126009464264,L2
SHB_3440a380bcd6af8f,0,4,0.01040344312787056,L2
SHB_985603950a0be963,0,3,0.011354618705809116,L2
SHB_e55dbb4b6f981927,0,5,0.010407867841422558,L2
SHB_7dac5811b788bd89,0,5,0.0323462188243866,L3
SHB_3c6ee43952cf5030,0,5,0.0017246290808543563,L1
SHB_5a14e273406c26ee,0,2,0.01595318503677845,L2
SHB_e4d36616aa44668c,0,4,0.0035404774826020002,L1
SHB_51a77d8321a71376,0,1,0.0005319584743119776,L1
SHB_f1741d42722a5ed0,0,2,0.0121559277176857,L2
SHB_ca95a8a3c498401b,0,1,0.0029965746216475964,L1
SHB_8c7fdfd58684d6b6,0,4,0.018059909343719482,L2
SHB_a76bd2cc2ddf1fae,0,5,0.004875031299889088,L1
SHB_9264d1b9640a3d98,0,1,0.0012532955734059215,L1
SHB_0e11586f098026fa,0,2,0.0005973846418783069,L1
SHB_3e72d82a3c476ce9,0,4,0.007156006060540676,L1
SHB_e7a2fcffbd4d7cc0,0,1,0.0016572886379435658,L1
SHB_5b1c10a62d22e5c8,0,2,0.022659212350845337,L3
SHB_00cf10746475d6d6,0,1,0.010812724940478802,L2
SHB_2f6d173645db59fa,0,4,0.051848817616701126,L4
SHB_399f7e4bcf080a98,0,1,0.006732242647558451,L1
SHB_e42c9eb7e05e9b08,0,2,0.0049934303387999535,L1
SHB_92f35fb9cfa67089,0,3,0.0001764959015417844,L1
SHB_c6e67294bd83e655,0,4,0.009456966072320938,L2
SHB_7c52791e7c33d8c2,0,3,0.01228884607553482,L2
SHB_ff45aa99f59b7beb,0,5,0.01237561646848917,L2
SHB_cb9366c8d140cf68,0,1,0.016446394845843315,L2
SHB_83b5adb8d706971c,0,5,0.006831863895058632,L1
SHB_2cc93f3789d4cac9,0,4,0.02336912788450718,L3
SHB_a97cac3d8e5cf854,0,1,0.0077225700952112675,L2
SHB_6b1f67421f6dc9bd,0,3,0.0207322146743536,L3
SHB_13dc1c0180a6eaed,0,5,0.00848571676760912,L2
SHB_a0fff35d4eafd816,0,4,0.002409434411674738,L1
SHB_8dfe60cc903ff9cf,0,5,0.011407261714339256,L2
SHB_59de172263c58a9c,0,3,0.018817052245140076,L3
SHB_5a7602b39aee4c83,0,2,0.013621706515550613,L2
SHB_8ebafcbb874d5406,0,5,0.034289754927158356,L3
SHB_f566beb6c2606137,0,4,0.0004799205926246941,L1
SHB_91915b65a6621d77,0,3,0.03074849210679531,L3
SHB_a3de300c4dcfbada,0,1,0.0035021654330193996,L1
SHB_90671cea7e4ca8f6,1,2,0.00471488619223237,L1
SHB_b66ff54452d2442f,0,4,0.0023971698246896267,L1
SHB_232eb5ac815172e2,0,2,0.0016468168469145894,L1
SHB_af9075983b92ce39,0,1,0.006405405234545469,L1
SHB_fa6d533cc7e17a2e,0,2,0.021354367956519127,L3
SHB_22d994f8e5d2eaa6,0,2,0.005486646201461554,L1
SHB_ebd52b9c399b8cde,0,3,0.011424077674746513,L2
SHB_37550b83f6603c5a,0,2,0.015056808479130268,L2
SHB_35dc75ea0db559e9,0,5,0.13958661258220673,L5
SHB_8b5c213f2b92dc7f,0,5,0.005956168286502361,L1
SHB_70289f1464ea190f,0,4,0.006348621565848589,L1
SHB_14a9646d4d9cde57,0,3,0.0001665315794525668,L1
SHB_88a679b5bd9d48d5,0,1,0.0025362002197653055,L1
SHB_bf8597e4d0db07d2,0,2,0.0017567245522513986,L1
SHB_b2e1bbf2f0f30ae3,0,1,0.0041196015663445,L1
SHB_18701a8a7d65ce0f,0,5,0.0024840838741511106,L1
SHB_245eb55639071056,0,2,0.012295151129364967,L2
SHB_69a2d24c302685a0,0,5,0.0036413613706827164,L1
SHB_9e069545b6e58d17,0,2,0.011857298202812672,L2
SHB_ff3225ce57196273,0,3,0.002143300138413906,L1
SHB_bfec8fc428bc6e2c,0,1,0.003912303131073713,L1
SHB_8b30620fc33c0a85,0,2,0.019851168617606163,L3
SHB_a9734c72401e5920,0,5,0.17177291214466095,L5
SHB_1ab9bcfe583409e5,0,4,0.016409819945693016,L2
SHB_ad03e54b42518b2e,0,1,0.0013312350492924452,L1
SHB_ac485f6eb69dc85b,0,5,0.04157746583223343,L4
SHB_bb4c8d62c93a4947,0,4,0.13841089606285095,L5
SHB_ca9a399faa83ea86,0,4,0.004364002030342817,L1
SHB_4f8aeed93e357794,0,5,0.0010808329097926617,L1
SHB_695ca942c7ec6bbf,0,4,0.0011784379603341222,L1
SHB_bdc9c88359127cac,0,3,0.006759953685104847,L1
SHB_1203796362865b0b,0,2,0.0004881781351286918,L1
SHB_4b51bcba35f7c8a8,0,1,0.00389697658829391,L1
SHB_3c1dd06e6d5c2e9e,0,5,0.008539428003132343,L2
SHB_bd6aa0dd27f0d54d,1,1,0.012389921583235264,L2
SHB_eebdf07a73c9591a,0,2,0.001140585751272738,L1
SHB_e345a529388cc2b9,0,4,0.007333788089454174,L1
SHB_e710fa8930cb93fa,0,2,0.001758374273777008,L1
SHB_afb9ab2a900a93aa,0,4,0.004383984953165054,L1
SHB_c1dfae49b96d55ff,0,3,0.00262538343667984,L1
SHB_9c2c61da4a78a661,0,1,0.007971261627972126,L2
SHB_4f47e1c87d260146,0,5,0.0010558762587606907,L1
SHB_ce2f7865c90daec6,0,1,0.004833961371332407,L1
SHB_09ebe6b6d74ca0d9,0,3,0.03489091247320175,L3
SHB_cc2946e0c3c10e1d,0,2,0.002084488747641444,L1
SHB_0314962d170f3475,0,2,0.002914555137977004,L1
SHB_fb4f4016b8926b06,0,3,0.007639508694410324,L2
SHB_b51575ec7cf8b8a2,0,2,0.041741397231817245,L4
SHB_a81dee118943e624,0,4,0.0028171127196401358,L1
SHB_099325df36f6d4a2,0,1,0.020542984828352928,L3
SHB_4c383f87e6f718e4,0,1,0.0026736671570688486,L1
SHB_ca65c34fcd8172da,0,5,0.06493408232927322,L4
SHB_263c374c4b5c205d,0,3,0.03674299642443657,L3
SHB_105b96281576dc7b,0,4,0.02731737680733204,L3
SHB_f193ac513adb2a8b,0,3,0.00015281335799954832,L1
SHB_9d678dfb855134a8,0,1,0.0106729781255126,L2
SHB_010f1cec56434543,0,5,0.042784713208675385,L4
SHB_4f73191dbeb136b8,0,4,0.05507760867476463,L4
SHB_124bb1c3d0b09550,0,4,0.03677111864089966,L3
SHB_5039a1fc40236130,0,5,0.07518205791711807,L4
SHB_a5334f0eeaf9a30e,0,3,0.009388642385601997,L2
SHB_62bb2a4adf98c832,0,5,0.004618178587406874,L1
SHB_ae69ef7b432a1f13,0,5,0.0009621222852729261,L1
SHB_bfeb8fec04389ec2,0,5,0.052856769412755966,L4
SHB_9c8981e40fd5cdca,0,3,0.010381571017205715,L2
SHB_64c8b47bebea8a40,0,5,0.18346907198429108,L5
SHB_1f68be844eb52e08,0,4,0.01576126553118229,L2
SHB_30fede5fc91fabfe,0,3,0.02308609150350094,L3
SHB_80913701a672bec1,0,4,0.013945668004453182,L2
SHB_9c2535e2111febc4,0,2,0.01505723875015974,L2
SHB_8000fe5fff96e11b,0,3,0.01393103413283825,L2
SHB_170edd023541a36f,0,1,0.00042013940401375294,L1
SHB_1c6df25425e3f6f1,0,5,0.24991640448570251,L5
SHB_73d9f191e74a9402,0,5,0.03560387343168259,L3
SHB_541ab445cf9c6d16,0,1,0.047119103372097015,L4
SHB_b783427fc3d11c08,0,5,0.004655706696212292,L1
SHB_39b725b439d0137d,0,1,0.03326888009905815,L3
SHB_a076d1598481bcf4,0,5,0.01426493376493454,L2
SHB_75d369625a47631a,0,5,0.0058077555149793625,L1
SHB_5008352599ceb5c6,0,2,0.02318592742085457,L3
SHB_01a11b2bc2854319,0,1,0.002377311699092388,L1
SHB_da844aacd6e462f2,0,5,0.0038898345082998276,L1
SHB_cb66cced6476c274,0,2,0.0004304251342546195,L1
SHB_d60cb65f633245b2,0,4,0.007346418220549822,L1
SHB_00af6385d2034929,0,3,0.004778287373483181,L1
SHB_6e9015459f1f7ea7,0,2,0.044144101440906525,L4
SHB_d2e58ac491645185,0,4,0.020621109753847122,L3
SHB_394c15b23a813141,0,4,0.001483178581111133,L1
SHB_7bfe62335d033bd0,0,3,0.0006629614508710802,L1
SHB_341ccd03800fbf8b,0,2,0.002828342840075493,L1
SHB_b8728f539259f403,0,5,0.014414397068321705,L2
SHB_d6ae320e2f2472f0,0,3,0.00018086747149936855,L1
SHB_35db0acd5daf9223,0,5,0.0007412903942167759,L1
SHB_e838b4b505c43fcf,0,5,0.07734694331884384,L4
SHB_f1d872af521c2c6f,0,4,0.007957645691931248,L2
SHB_3182a3aab0346611,0,1,0.002661311300471425,L1
SHB_99bfcc510616cc41,0,1,0.0068915304727852345,L1
SHB_a3e4ab3ae13b302c,0,1,0.002266890602186322,L1
SHB_3b2e7e3a07471908,1,1,0.013522329740226269,L2
SHB_c36610a3543b9929,0,3,0.02370164357125759,L3
SHB_4a6125f0afbd6504,0,3,0.006763232406228781,L1
SHB_cee1b1cf304f4115,0,2,0.19596262276172638,L5
SHB_8bae856dd9a3863e,0,2,0.021273884922266006,L3
SHB_4545ee537462923c,0,1,0.00943777896463871,L2
SHB_c5834bb91b625f64,0,4,0.010766721330583096,L2
SHB_d55f30abb609f859,0,1,0.005280439741909504,L1
SHB_f83beb925abb8ae4,1,4,0.030369367450475693,L3
SHB_5d84b0aff90d2919,0,1,0.01736776903271675,L2
SHB_474993fd2b929ed0,0,4,0.032503075897693634,L3
SHB_1433d19ef7ea52da,0,4,0.006601015571504831,L1
SHB_e2a9c394e80b85fa,0,4,0.019307129085063934,L3
SHB_87345e93f2a418ae,0,1,0.0164279006421566,L2
SHB_69ca9ab7632addf9,0,4,0.009388016536831856,L2
SHB_a3d3fd2a8242c1af,0,5,0.0013819370651617646,L1
SHB_f92c5eef2446b7ec,0,4,0.0034003637265414,L1
SHB_3e89d05f73d87a12,0,4,0.006851726211607456,L1
SHB_0a30ff42343de264,0,3,0.007671564817428589,L2
SHB_33319ae7c73cd91c,0,2,0.01698707789182663,L2
SHB_d0dc2a94540cb2dd,0,4,0.005776496138423681,L1
SHB_a68c322ed27e1c88,0,3,0.0051492140628397465,L1
SHB_f221b0e916d820a4,0,1,0.13105739653110504,L5
SHB_68d5d5e7b5749f5c,0,5,0.0045807017013430595,L1
SHB_217ab42bdc0857f9,0,5,0.0013875133590772748,L1
SHB_0ab963d98a45812c,0,5,0.02017602138221264,L3
SHB_ee303e2a4e6948f5,0,5,0.02260059118270874,L3
SHB_10192bc0a5558487,0,2,0.002681254642084241,L1
SHB_1065f6b87da6077f,0,5,0.0008515262161381543,L1
SHB_9ba412f6e77f7935,0,3,0.01896720379590988,L3
SHB_90296918fd6e4b50,0,5,0.0011619433062151074,L1
SHB_5d68d3735484aa1f,0,3,0.00019248464377596974,L1
SHB_4337dd08541c6f01,0,2,0.0004784472694154829,L1
SHB_f92b3d44ac55f736,0,1,0.015718434005975723,L2
SHB_635c779e24db70c0,0,4,0.1139674261212349,L5
SHB_beae9c3252fa84e3,0,2,0.00239871209487319,L1
SHB_cbb58815ac53361b,0,5,0.00675590755417943,L1
SHB_f1e96948581a63cd,0,2,0.0005251566763035953,L1
SHB_5639c5e31c32d1b9,0,5,0.0003307932347524911,L1
SHB_cba0e97a84d341e8,0,5,0.011549294926226139,L2
SHB_9c12ee15e5351c34,0,2,0.0424884669482708,L4
SHB_afc9a8c85d6bcf3d,0,2,0.0013593833427876234,L1
SHB_c94fbcea0e407fc4,0,5,0.001361176953651011,L1
SHB_7d5d8f20c7ec5211,0,4,0.0023799061309546232,L1
SHB_ac34c877629f492e,0,3,0.005312842316925526,L1
SHB_8207839244efbbc4,0,1,0.005293580237776041,L1
SHB_c99cde0b1d2322ea,0,5,0.006089101079851389,L1
SHB_33e0f22533fd48e1,0,2,0.0004953135503455997,L1
SHB_2e7901d5bb1674e4,0,1,0.014494966715574265,L2
SHB_23bb4655d1aa9d77,0,5,0.0005063436110503972,L1
SHB_7e8269f7657a7f4d,0,1,0.0035217194817960262,L1
SHB_39d5bd79431cc2c0,0,4,0.0032866671681404114,L1
SHB_ab40b1f30f1e35cc,0,3,0.02748085744678974,L3
SHB_35db3c21ed4724f8,0,4,0.005092949140816927,L1
SHB_4d759c5d125eeefe,0,5,0.005351612810045481,L1
SHB_b800c5c688fb36ee,0,3,0.013719028793275356,L2
SHB_5e23d863f82a8082,0,5,0.000712195469532162,L1
SHB_c33bfa4cee10eb29,0,1,0.03775962069630623,L4
SHB_d297d7db52735027,1,1,0.04705019295215607,L4
SHB_bf246d1069e63c81,0,5,0.032861270010471344,L3
SHB_82b9d8f47c8a6f36,0,5,0.013634590432047844,L2
SHB_7084c06c7820ac19,0,2,0.010452481918036938,L2
SHB_299f703076e47584,0,2,0.01608920469880104,L2
SHB_fb095babc5346a41,0,1,0.002342775696888566,L1
SHB_c5adc79902388978,0,3,0.004864764399826527,L1
SHB_d356730205275b86,0,4,0.000590942450799048,L1
SHB_23cd2c3c8baaa6aa,0,1,0.02377554029226303,L3
SHB_173fde0b780bbf1d,0,5,0.0007180054672062397,L1
SHB_e412f7e774240fb4,0,5,0.02436041459441185,L3
SHB_48015021a6efcaae,0,2,0.00061061792075634,L1
SHB_2a1295234135bb21,0,2,0.00030108389910310507,L1
SHB_b4e953584f740a6b,0,2,0.009747263975441456,L2
SHB_3e28578776735595,0,2,0.0021355412900447845,L1
SHB_cfcb5bfb578202af,0,3,0.014671813696622849,L2
SHB_19a6685aab9af6ef,0,3,0.002584827598184347,L1
SHB_cef27207583e0153,0,5,0.03377154469490051,L3
SHB_ff07226869f48f44,0,2,0.036263443529605865,L3
SHB_bebb923d2dda845e,0,2,0.016483651474118233,L2
SHB_769122b89e2c6c43,0,1,0.0012612075079232454,L1
SHB_d54174b1141b9183,0,5,0.0005337824113667011,L1
SHB_dd4554d9be17dace,0,5,0.013323668390512466,L2
SHB_c51fcd64e10c6e58,0,4,0.0056709726341068745,L1
SHB_5f1454064da8310e,0,1,0.016097398474812508,L2
SHB_2aa801c7602fe898,0,1,0.01335891243070364,L2
SHB_e0c819251e3b383c,0,1,0.019851254299283028,L3
SHB_c72e37437f9fe7a3,0,5,0.002584809437394142,L1
SHB_553611f2be9725de,0,3,0.008834226988255978,L2
SHB_07a18f9239ab9487,0,5,0.0012795201037079096,L1
SHB_248ca951d5da7a5b,0,3,0.0001828708773246035,L1
SHB_ce96d2e467c747f7,0,2,0.01730450615286827,L2
SHB_b0b02c57f78348ca,0,4,0.018197281286120415,L2
SHB_535d811aa90810d1,0,4,0.017742903903126717,L2
SHB_f746c9e6159b9dd1,0,5,0.0024621249176561832,L1
SHB_d1b5a0cbc11adad8,0,3,0.008419739082455635,L2
SHB_af70043fe2d87544,0,1,0.0025219423696398735,L1
SHB_f3d7cb65996ccb72,0,2,0.0003434636746533215,L1
SHB_09816c67de9eeb90,0,2,0.0005350219435058534,L1
SHB_670e8398ba5a82dd,0,3,0.0005332657019607723,L1
SHB_8d28e9a4d6b032fc,0,2,0.017066262662410736,L2
SHB_623d59e2bebdb964,0,3,0.00028613462927751243,L1
SHB_f98d810087168fa4,0,4,0.0008566317264921963,L1
SHB_502c255be087886b,0,1,0.042411450296640396,L4
SHB_8eef5f0b85bf8d65,0,1,0.0013533320743590593,L1
SHB_de25d65aeb4a50e1,0,3,0.006790234241634607,L1
SHB_d9821d72003a2fa7,0,4,0.013152012601494789,L2
SHB_0b0aa166ba743b7e,0,5,0.008632250130176544,L2
SHB_21ac6b2c7bbe9378,0,3,0.005356673616915941,L1
SHB_e1e48affd92df2c4,0,3,0.010570050217211246,L2
SHB_667afeb9d1bff6fd,0,2,0.06146370619535446,L4
SHB_33ce5098293f870c,0,3,0.029306938871741295,L3
SHB_6aa1d158d285b0c8,0,5,0.0026185838505625725,L1
SHB_891f992d6c76f1c1,0,5,0.004062139429152012,L1
SHB_622cacb0e81c2ee3,0,2,0.006285334937274456,L1
SHB_00748fd1fa38371e,0,2,0.026114270091056824,L3
SHB_8a95c5a1a0a17b25,0,4,0.00024922704324126244,L1
SHB_d0d864eb57c8b8a9,0,4,0.0046947612427175045,L1
SHB_17691bb3f6fb0f7e,0,4,0.00036420777905732393,L1
SHB_1ea2601a4e20c1c1,0,2,0.008599641732871532,L2
SHB_208aaa97c45a0122,0,2,0.015609871596097946,L2
SHB_44c9d02d4cac2ba8,0,4,0.006088154390454292,L1
SHB_53eb31f351e557db,0,5,0.0016138224164023995,L1
SHB_4b2a431c6524c8db,0,4,0.011671175248920918,L2
SHB_a5aff98a63ab4f2f,0,1,0.0030325758270919323,L1
SHB_5dc5e9943f8c7123,0,2,0.015556816942989826,L2
SHB_3643aec9d2233e26,0,4,0.0059219361282885075,L1
SHB_6ac09c4e9cd3c630,1,4,0.005295151844620705,L1
SHB_b66611cf6e0585c6,0,1,0.003259362420067191,L1
SHB_fefea155f890b4cb,0,2,0.004264899995177984,L1
SHB_3b82499673447ed8,0,4,0.0009447738411836326,L1
SHB_b8c9c6cf246cf159,0,1,0.003377751912921667,L1
SHB_137fd853ee22dd99,0,3,0.03311195224523544,L3
SHB_ffc0a81a70f9c883,0,5,0.0015856842510402203,L1
SHB_784ba82899312830,0,2,0.030001580715179443,L3
SHB_9cce809ea5577946,0,4,0.0465591698884964,L4
SHB_b02393a68cb7e031,0,3,0.005265415646135807,L1
SHB_c6a388a216c91fa2,0,3,0.012352569960057735,L2
SHB_a1bdab9c89bb3efe,0,5,0.020029786974191666,L3
SHB_7960f9ba9525913c,0,3,0.006047671195119619,L1
SHB_dd1f96e2ad63483e,0,4,0.02724781073629856,L3
SHB_baefcdb7301dd60f,0,3,0.014514017850160599,L2
SHB_72e8122aeea8ebb1,0,1,0.016810856759548187,L2
SHB_5e38fbd583662725,0,2,0.03963393718004227,L4
SHB_067695e4a8bff043,0,5,0.0002657408476807177,L1
SHB_ebcbfaf3b5b6eb9e,0,4,0.0027516912668943405,L1
SHB_2ece07df795026dc,0,5,0.006936375051736832,L1
SHB_5b00c650f9471ef9,0,3,0.011888649314641953,L2
SHB_e3c001dfa292a792,0,2,0.008261305280029774,L2
SHB_4341cd08c33fc4fa,0,2,0.004369817208498716,L1
SHB_19f6d9c4fddb6570,0,1,0.04596641659736633,L4
SHB_0cb53b6f022c4655,0,5,0.02518410235643387,L3
SHB_8458cd3ddbdf52f2,0,2,0.007028335239738226,L1
SHB_c4d1e45e71a28963,0,1,0.019314683973789215,L3
SHB_58404a9c421d4502,0,3,0.006921494845300913,L1
SHB_627798af07aa1787,0,4,0.002040295163169503,L1
SHB_3fefb077659991f2,0,3,0.00371477915905416,L1
SHB_6a4561f3349f2897,0,5,0.004652590025216341,L1
SHB_205af7f8d5126b21,0,2,0.014322462491691113,L2
SHB_72e131ee47255865,0,3,0.007086640689522028,L1
SHB_a4ca1ea588bbdacf,0,1,0.00036351365270093083,L1
SHB_6e088f0619bd055c,0,2,0.0003226625267416239,L1
SHB_dcf699d689d08853,0,3,0.008808489888906479,L2
SHB_c764f42a0991dd3a,0,1,0.007203629706054926,L1
SHB_3afa5391b2c25a44,0,5,0.016793258488178253,L2
SHB_54ced3fa3bda34f5,0,2,0.0025922118220478296,L1
SHB_7997b956daaf8eb7,0,3,0.005387668497860432,L1
SHB_c040237df709cef6,0,5,0.0037155344616621733,L1
SHB_e461bb6fd39ebee1,0,4,0.0023805289529263973,L1
SHB_bc7c162de24acdd7,0,4,0.007487463299185038,L2
SHB_104381ae8e948fef,0,2,0.0017917832592502236,L1
SHB_e133fd60bb6fa95b,0,3,0.006632301025092602,L1
SHB_dacfe8b16dce92a3,0,2,0.002608730224892497,L1
SHB_39e2bd842fca84e3,0,1,0.014719593338668346,L2
SHB_2ddac7f8b5a4af40,0,3,0.000485292257508263,L1
SHB_1e797a363b77942d,0,4,0.005421590059995651,L1
SHB_cd5d5e159851ca1b,0,2,0.0010111973388120532,L1
SHB_dd8886330914872f,0,4,0.0025715625379234552,L1
SHB_7cf7fe155345f296,0,5,0.0007020375924184918,L1
SHB_8601bb2a5ba80019,0,5,0.0014940396649762988,L1
SHB_e58c61885a952127,0,5,0.004256045445799828,L1
SHB_2db2546d1c9de876,0,5,0.007635136134922504,L2
SHB_337faf9a28114917,0,5,0.013896634802222252,L2
SHB_a112290dfb8823b7,0,1,0.00353816500864923,L1
SHB_581cceb2173d0ade,0,1,0.0119586531072855,L2
SHB_4d89b44ab52ad943,0,5,0.010323801077902317,L2
SHB_cd21db61b9661cbf,0,5,0.0007840582984499633,L1
SHB_45d38970b12f175a,0,3,0.053077518939971924,L4
SHB_34bf37b748cf51c4,0,4,0.004655072465538979,L1
SHB_c75416c0c67cd0b1,0,2,0.008674046024680138,L2
SHB_4526af9ab7a01c41,0,5,0.018360311165452003,L2
SHB_c7eee3a4f9643e9d,0,4,0.014314783737063408,L2
SHB_409b50843e5046d1,0,2,0.0029915287159383297,L1
SHB_67acf1f317f6a7dd,0,3,0.0001710874930722639,L1
SHB_8e2b06ef69c8edf9,0,4,0.00043195171747356653,L1
SHB_260859e1008b6f9c,0,3,0.02715935744345188,L3
SHB_007d296d09cdec8d,0,3,0.03280327096581459,L3
SHB_6f9c9034be2908f7,0,1,0.00030608955421485007,L1
SHB_3face12880a0c359,0,5,0.007556278724223375,L2
SHB_b46c59623cb58861,0,2,0.01608205959200859,L2
SHB_3faff590f1680866,0,2,0.009844640269875526,L2
SHB_03503e0e0addc7cb,0,1,0.028067834675312042,L3
SHB_5505b44c1899b6ce,0,2,0.0005340222851373255,L1
SHB_95cd249be29713e9,0,2,0.046792831271886826,L4
SHB_b0e7b4e682b84d40,0,5,0.008144141174852848,L2
SHB_7657965adc82bd23,0,1,0.02456149086356163,L3
SHB_cb168c37aca1511f,0,2,0.0018933285027742386,L1
SHB_95328df9b533c563,0,2,0.0013469484401866794,L1
SHB_c0c564222d96f3ab,0,4,0.08449079841375351,L5
SHB_f33c19ebf04efc56,0,5,0.008917332626879215,L2
SHB_135391a1926200aa,0,3,0.011681954376399517,L2
SHB_f4ccbfbc9b51d5f2,0,4,0.0019414399284869432,L1
SHB_9d23a33b6be12241,0,5,0.01866624876856804,L2
SHB_049070467347f235,0,5,0.018267758190631866,L2
SHB_87a75fabcdc44402,1,5,0.11368387937545776,L5
SHB_b24f0bb378d3d64d,0,1,0.07578650861978531,L4
SHB_30e219a0346b300f,0,4,0.010513429529964924,L2
SHB_476d96c43f97c486,0,2,0.02698535844683647,L3
SHB_ac634f6567112995,0,3,0.00020332730491645634,L1
SHB_36f2ad5cc3e0d202,0,4,0.026926809921860695,L3
SHB_d8bf4fc672d6c26f,0,2,0.014690023846924305,L2
SHB_e7c7c7d1b50ced92,0,1,0.023544620722532272,L3
SHB_dcf3f4ea50c1a141,0,4,0.0019414693815633655,L1
SHB_27d0cb5d3923b2bb,0,1,0.0012331336038187146,L1
SHB_8b7fbba396c78f08,0,4,0.0020199057180434465,L1
SHB_e90939b8fd3e374b,0,2,0.028876295313239098,L3
SHB_cb8d9e66607adc32,0,5,0.021205779165029526,L3
SHB_4f03a3e6cb2978cc,0,1,0.003239972284063697,L1
SHB_8b1bd23643833460,0,1,0.0016054140869528055,L1
SHB_7d85dfe330506ab8,0,4,0.01014148723334074,L2
SHB_5387c87ede4946d2,0,3,0.0022583575919270515,L1
SHB_080dd9df981c2739,0,2,0.00045011044130660594,L1
SHB_584eb56dfc9c66d6,0,1,0.0005694951978512108,L1
SHB_51f4b40eda35b2d7,0,4,0.042228732258081436,L4
SHB_906a2a16abef8845,1,1,0.005590108223259449,L1
SHB_490359042d371b2e,0,2,0.0008780491189099848,L1
SHB_ca129b10263634be,0,1,0.011036534793674946,L2
SHB_ef6d02aecf6e8305,0,3,0.024233495816588402,L3
SHB_f44b2ee3811b270d,0,2,0.01567264273762703,L2
SHB_2cae5d94ead299f4,0,2,0.004121554549783468,L1
SHB_4be4d3e21c4dc008,0,2,0.003802846185863018,L1
SHB_7f0ca1ce6ba6f29b,0,5,0.002120894379913807,L1
SHB_8db909658868e179,0,2,0.0035885435063391924,L1
SHB_cd33597a846c4b4e,0,5,0.0070068431086838245,L1
SHB_b8e6b7bf0a9aeb59,0,4,0.06371156871318817,L4
SHB_61fdf8191879d4ae,0,5,0.01743674837052822,L2
SHB_eac48ffec5478482,0,4,0.013482950627803802,L2
SHB_664def4d98d3f6d1,0,4,0.0036752421874552965,L1
SHB_074e95dc203c4b6a,0,1,0.022317225113511086,L3
SHB_d02d0f31ac324300,0,3,0.006632326170802116,L1
SHB_ce1a9178a928bb26,0,2,0.00464363768696785,L1
SHB_f67489566e79ea0d,0,2,0.0030707973055541515,L1
SHB_5301469c12eee119,0,3,0.000438349467003718,L1
SHB_9a15ee7a77ee4b00,0,2,0.002103347796946764,L1
SHB_f10c1dde616eb156,0,1,0.01572527550160885,L2
SHB_818a46f3edb2efcc,0,1,0.0038452756125479937,L1
SHB_0746e8ec5a2d6c1a,0,2,0.01700367033481598,L2
SHB_98085adcb784df56,0,1,0.00209851935505867,L1
SHB_ca5945bbcd241211,0,1,0.0020328087266534567,L1
SHB_ee6332d94aafd98e,0,5,0.034832216799259186,L3
SHB_52c6d5ff85ff070a,0,3,0.006527769844979048,L1
SHB_c58f6211879b7ed5,0,3,0.00015855923993512988,L1
SHB_aea44d79b80da8a1,0,3,0.0002423335681669414,L1
SHB_5b34f7d01496e1d5,0,4,0.03440903499722481,L3
SHB_61730e489bfa64fe,0,3,0.00535164587199688,L1
SHB_cccfd473512bc6c8,0,5,0.02040199190378189,L3
SHB_68ed62f30abba0ff,0,1,0.02220134250819683,L3
SHB_ac63b754dc0a9963,0,3,0.021322617307305336,L3
SHB_68861a77a3ece9ea,0,5,0.056612901389598846,L4
SHB_e79cbe7a8f7db1ea,0,2,0.018277078866958618,L2
SHB_ef114c564971a2ce,0,3,0.017643174156546593,L2
SHB_24672d6089bf4a07,0,2,0.012681345455348492,L2
SHB_6aec5d137906aaf1,0,2,0.0033431737683713436,L1
SHB_278cb2938c5fa5c8,0,3,0.013064728118479252,L2
SHB_cacc34d7ff0ddaa1,0,1,0.002227179240435362,L1
SHB_7c82173ca5034bce,0,2,0.0007832816918380558,L1
SHB_326e1f6efec08d07,0,2,0.0019374062540009618,L1
SHB_2e6c3dfb8b4deca9,0,2,0.019017191603779793,L3
SHB_dcb95a6d29023534,0,3,0.004745657090097666,L1
SHB_052f75a5668a1977,0,3,0.00329213566146791,L1
SHB_cb62c6bd540710e8,0,4,0.009204763919115067,L2
SHB_3ea5a99b1021b753,0,4,0.0032630963250994682,L1
SHB_18b0e9f0fc455078,0,4,0.007752950303256512,L2
SHB_5bf30799090fb9bd,0,4,0.002983206184580922,L1
SHB_0dad3c8c84f7fb51,0,2,0.0002991605142597109,L1
SHB_b73ebffab10a4283,0,1,0.021559596061706543,L3
SHB_a8780cf35f9ffa14,0,1,0.02949042059481144,L3
SHB_f875f8e53555fe1a,1,1,0.004019344691187143,L1
SHB_65db8fef5d816142,0,3,0.024320920929312706,L3
SHB_e5c1ce589fc3b27c,0,4,0.003299294039607048,L1
SHB_8b4e98eb45a4e288,0,1,0.005320041906088591,L1
SHB_d936f229db1e03af,0,4,0.024113450199365616,L3
SHB_dd50c41997a4bdd0,0,2,0.013661757111549377,L2
SHB_77fc5e984d6ad1f3,0,3,0.004854145459830761,L1
SHB_4fb3e0f27f20b4cd,0,5,0.004044666420668364,L1
SHB_82bf0104ab6e93c4,0,4,0.0049707707948982716,L1
SHB_4df7053a2b3563bc,0,5,0.021445680409669876,L3
SHB_b41516fba4ddd3e3,0,3,0.0005071579944342375,L1
SHB_efbffc2e74e22de8,0,4,0.01078450120985508,L2
SHB_0c4e08dccc24a5cb,0,2,0.006515686400234699,L1
SHB_6fd5a51c06fc0994,0,3,0.0024081040173768997,L1
SHB_d012a013814c1e80,0,2,0.034681323915719986,L3
SHB_2bae773766362eb1,0,5,0.00891817081719637,L2
SHB_438bc1cf56f72948,0,2,0.02044086717069149,L3
SHB_e7fe8367096bb5c5,0,3,0.022380609065294266,L3
SHB_ad1aaaa72c317296,0,2,0.052885450422763824,L4
SHB_444feb9343c36b7a,0,5,0.014765347354114056,L2
SHB_22b409b6ed176aa1,0,1,0.01529741007834673,L2
SHB_5be3d5a9c473e0e2,0,1,0.018194444477558136,L2
SHB_8738cc67b1406bc4,0,1,0.003962362185120583,L1
SHB_6ca23588ecc16ae4,0,5,0.0041506169363856316,L1
SHB_05f3d9313b22bf25,0,2,0.0007354501867666841,L1
SHB_9176772d882f488f,0,2,0.0034458322916179895,L1
SHB_97e094ad1fe5d408,0,2,0.00872162263840437,L2
SHB_afc373f4fb74ecb9,0,5,0.04620067775249481,L4
SHB_481c60e866e9459c,0,1,0.0005888380110263824,L1
SHB_fe2f502361f75afb,0,5,0.017652126029133797,L2
SHB_c9d2d4e2fdefba3a,0,1,0.0020112846978008747,L1
SHB_cf9f188a03e99849,0,3,0.013514508493244648,L2
SHB_700b8e78b0c611ab,0,2,0.015093185938894749,L2
SHB_4611133d322a971e,0,5,0.0011467192089185119,L1
SHB_4f66f93f5e9be425,0,2,0.013587613590061665,L2
SHB_4b8131258d1d02c0,0,4,0.0040576159954071045,L1
SHB_f70c9b20926b1367,0,1,0.009107391349971294,L2
SHB_26954490df106418,0,5,0.030169237405061722,L3
SHB_1f4e24db3e9e7156,0,2,0.0007488703122362494,L1
SHB_9b88f48bb356fb2b,0,2,0.004778060130774975,L1
SHB_45749c0cb7c78ad7,0,4,0.007065370213240385,L1
SHB_fca9cecd7048cc99,0,3,0.01924007572233677,L3
SHB_896c3f7b46f53c17,0,1,0.02497168630361557,L3
SHB_1b1f312ce64a276e,0,1,0.0005817943601869047,L1
SHB_ac04a37a0442fd83,0,4,0.01322252955287695,L2
SHB_b2a8350dcc2f0459,0,5,0.02823389694094658,L3
SHB_e6e3a1bc07eca922,0,4,0.001461186446249485,L1
SHB_1f0ee9cb96ef42f5,0,3,0.0003544747014530003,L1
SHB_f9618e39298f8d8d,0,1,0.0030633120331913233,L1
SHB_8126dff42ade903b,0,5,0.012109036557376385,L2
SHB_9d5e73324b16662a,0,4,0.06332676112651825,L4
SHB_ce93c6c0e26ccae9,0,5,0.01427365280687809,L2
SHB_970ef13e8989568d,0,1,0.0026327967643737793,L1
SHB_a58a1d2102260823,0,3,0.010040797293186188,L2
SHB_ac195b3beb02c527,0,3,0.01387660764157772,L2
SHB_8c1f910127005707,1,3,0.009427602402865887,L2
SHB_0cc969b0b9d09220,0,2,0.00651144701987505,L1
SHB_2851f99fb8b2cef2,0,1,0.01959073916077614,L3
SHB_850c3791d8442ff0,0,5,0.02598002552986145,L3
SHB_2e8f638df3cec30e,0,4,0.0002979931014124304,L1
SHB_d1f1d530c75de992,0,5,0.023511886596679688,L3
SHB_d41092a20e146f7d,1,5,0.009411864914000034,L2
SHB_923b1c6421b219f8,0,5,0.03351520374417305,L3
SHB_9a050fb8fc21f151,0,4,0.0013171917526051402,L1
SHB_05cc8cc70824d3e5,0,1,0.00248093344271183,L1
SHB_f9fa1542b0f290b9,0,3,0.015729187056422234,L2
SHB_15dcb1dd1d0bca63,0,3,0.00029275647830218077,L1
SHB_b3a770543459b9ec,0,1,0.008670369163155556,L2
SHB_dc71f3d20f7209aa,0,2,0.022864097729325294,L3
SHB_de15eadd6dbf5fb0,0,5,0.00662496592849493,L1
SHB_d84cfd957f752c12,0,2,0.0038193261716514826,L1
SHB_becbe9242aeb1a9e,0,2,0.00995665229856968,L2
SHB_38f75c7dd6817a21,0,4,0.050925400108098984,L4
SHB_a90b59ddd6dfd6f5,0,4,0.002168522449210286,L1
SHB_3177d84b1201fb5f,0,3,0.0033799726516008377,L1
SHB_193b086b1af7660b,0,1,0.014494103379547596,L2
SHB_0dd468584aef0408,0,1,0.02544567920267582,L3
SHB_8d85d8b438f10f19,0,5,0.0008068694151006639,L1
SHB_625760463f97f59c,0,2,0.007807557936757803,L2
SHB_6b431014a62fc4b6,0,5,0.02324097231030464,L3
SHB_27b2d66c50a79637,0,1,0.023300429806113243,L3
SHB_49a14f1bf8b9fa98,0,3,0.00027403084095567465,L1
SHB_d305c5d743d08a30,0,2,0.009743343107402325,L2
SHB_d22852e79c8a82e5,0,2,0.010284985415637493,L2
SHB_e6d1b5fb827919ed,0,4,0.0027152346447110176,L1
SHB_da8a480222c99abe,0,4,0.12029949575662613,L5
SHB_f872c65d11b2987b,0,5,0.03573700040578842,L3
SHB_ddaac4a328c19b37,0,3,0.029033903032541275,L3
SHB_428517b73f95c1f4,0,4,0.0201051477342844,L3
SHB_a5640336283f9151,0,1,0.06607509404420853,L4
SHB_8fb76a6654c50fde,0,5,0.0913357138633728,L5
SHB_c16e456d39ff5414,0,4,0.0003676140622701496,L1
SHB_d4615b7a6c319f3b,0,4,0.0015019644051790237,L1
SHB_a758bdb30b1536c4,0,2,0.049420420080423355,L4
SHB_9522860f30990c86,1,3,0.00466809282079339,L1
SHB_b091166cf9219bb7,0,4,0.00870498362928629,L2
SHB_4a46e53ea4732ee7,0,3,0.005646152421832085,L1
SHB_0d0cff4e60c0c1f3,0,1,0.00027617134037427604,L1
SHB_ec9033e7a738e346,0,4,0.015864452347159386,L2
SHB_6cba302bf6c4afc8,0,4,0.0435999259352684,L4
SHB_57598874fd3afd45,0,1,0.0034294358920305967,L1
SHB_156b173bcce62128,0,2,0.025990651920437813,L3
SHB_35b32c1d312b4bdb,0,5,0.02720649354159832,L3
SHB_446e9c5bc0d6583d,0,5,0.03705906867980957,L3
SHB_3ac40c99aa525b03,0,3,0.0002249965473311022,L1
SHB_d5047dc132c3abde,0,5,0.000809899065643549,L1
SHB_0ed45fed9ca9cf80,0,2,0.00031575493630953133,L1
SHB_922d588b20f791fa,0,5,0.0022097593173384666,L1
SHB_b800107e99e3bd3a,0,4,0.0005076012457720935,L1
SHB_50adb6490978406d,0,5,0.001998800551518798,L1
SHB_f852ed5f311d9ac8,0,4,0.011416343040764332,L2
SHB_ea8955e17d6b7150,0,2,0.026946309953927994,L3
SHB_53ac9f6f7ea25133,0,5,0.017068438231945038,L2
SHB_ca81039a8f6752b3,0,5,0.019209906458854675,L3
SHB_a8d5166d42c3cf53,0,3,0.000201736853341572,L1
SHB_9b606aa35fc3f8f4,0,4,0.0007887896499596536,L1
SHB_207b2c573adf797c,0,2,0.005624584387987852,L1
SHB_e8cc1e5964756752,0,1,0.0009220799547620118,L1
SHB_96796b9b6a1c7b46,0,1,0.03232730180025101,L3
SHB_1d7750280e51ee18,0,3,0.005553976632654667,L1
SHB_fde7011c39614f98,0,3,0.0003550091932993382,L1
SHB_46df6e19fe564532,0,3,0.07188477367162704,L4
SHB_29cb76d9eccdf25d,0,4,0.0005184736801311374,L1
SHB_7667eb50807a15b4,0,1,0.03431340679526329,L3
SHB_e8dde6b7e7dd6f1c,1,1,0.01802174746990204,L2
SHB_09652229c5d70f6d,0,2,0.04459308460354805,L4
SHB_1739978aa0696aeb,0,5,0.06235315278172493,L4
SHB_09f4d4796c81f9c3,0,5,0.10998111218214035,L5
SHB_38d1826b829eb9f2,0,1,0.033004797995090485,L3
SHB_7991f02931a730ac,0,1,0.010151874274015427,L2
SHB_dda74670a59b382d,0,1,0.002003725152462721,L1
SHB_77a1d9f193f90552,0,3,0.00553937116637826,L1
SHB_ed80365cbb1ae318,0,1,0.02045157179236412,L3
SHB_275f040c180283f6,0,3,0.019183838739991188,L3
SHB_d1c0be43febcdd75,0,2,0.0017395878676325083,L1
SHB_b83eab3facd70952,0,3,0.003930145408958197,L1
SHB_004c5244a079d084,0,2,0.01242359820753336,L2
SHB_344ee594d23ca0be,0,4,0.0007435356383211911,L1
SHB_b197e380b7690746,0,3,0.036602653563022614,L3
SHB_6de5e7185ba7baca,0,5,0.012551791965961456,L2
SHB_933e895ae37e49f7,0,4,0.0006656877230852842,L1
SHB_b9620e6cf8f04f7b,0,4,0.0121823875233531,L2
SHB_4ada13c91a082ca3,0,2,0.02299605868756771,L3
SHB_f50508a425d6d02e,0,2,0.011989629827439785,L2
SHB_fc5c6807f1460f17,0,1,0.01009881030768156,L2
SHB_1192aa12ebef398a,0,4,0.0383739098906517,L4
SHB_35a5fcc23b859b0a,0,4,0.008571482263505459,L2
SHB_2f51d1e3d329e449,0,4,0.0012879965361207724,L1
SHB_859c62ad0e4e140c,0,2,0.0009419085690751672,L1
SHB_2bf21c0c7d150565,0,5,0.020574867725372314,L3
SHB_39ada5bc4b02f9a4,0,3,0.014262191019952297,L2
SHB_b8f6423111ef8541,0,5,0.007626032922416925,L2
SHB_7e1ab5c727dcc902,0,5,0.028765695169568062,L3
SHB_5a72edc03297226d,0,4,0.008163724094629288,L2
SHB_e97adbf861f77d14,0,4,0.07072317600250244,L4
SHB_9d085a1633343e05,0,1,0.019466200843453407,L3
SHB_82d85a177fc6bb2c,0,3,0.015176636166870594,L2
SHB_82dcdc683b37a82d,0,1,0.018368855118751526,L2
SHB_c74a3da9e2afef7f,0,2,0.0025109928101301193,L1
SHB_3c1b826bf9a36f74,0,1,0.03973571956157684,L4
SHB_ed79a7237c3693fa,0,5,0.0027616352308541536,L1
SHB_23d1a6ae4718d660,0,4,0.02759961038827896,L3
SHB_b68674a19b3cfcf6,0,4,0.0008359229541383684,L1
SHB_c6434e475c7d6f10,0,4,0.006449590902775526,L1
SHB_0b6aa56b123b2b85,0,4,0.004845720250159502,L1
SHB_1faf6d9b7d36e143,0,4,0.009461332112550735,L2
SHB_53b0ab9b1aea5c85,0,4,0.034855179488658905,L3
SHB_d088df2aa47af341,0,1,0.0022885152138769627,L1
SHB_07730258c90bcd5e,0,4,0.006019754335284233,L1
SHB_76b5ff7ad111196f,0,1,0.001964522060006857,L1
SHB_a2f0b47c48e78d4e,0,2,0.0351635105907917,L3
SHB_19cee32250ce2c86,0,4,0.00037582998629659414,L1
SHB_706cbf45b1b610a2,0,3,0.00019019813043996692,L1
SHB_cd29e6c5803dc906,0,3,0.00910880696028471,L2
SHB_9fae0c6611e6bf45,0,5,0.018287651240825653,L2
SHB_6b8bb4fa8c01df5d,0,3,0.005836011376231909,L1
SHB_86f6d14090df571c,0,4,0.014703419059515,L2
SHB_17c0069dd429f2d6,0,2,0.00025878861197270453,L1
SHB_eef279100fbabc9a,0,2,0.0006203167722560465,L1
SHB_f5fd16d47a03ff0d,1,4,0.0049858358688652515,L1
SHB_883dd2632fb09a01,0,3,0.00019226838776376098,L1
SHB_ae941d0e1f72aed6,0,2,0.001590684405528009,L1
SHB_8490dc9a3f154dc1,0,4,0.02725180611014366,L3
SHB_ecde2e7899e869af,0,1,0.023282872512936592,L3
SHB_c51dcf8d8d46948d,0,4,0.01617453061044216,L2
SHB_cdde3a3ada2de5de,0,3,0.00042706477688625455,L1
SHB_a54248fbc4c7a94f,0,2,0.0009362917044200003,L1
SHB_8d9c1d9785644578,0,4,0.02786630392074585,L3
SHB_1d9332400c3a23a7,0,2,0.011963454075157642,L2
SHB_00da8c759abf6952,0,3,0.002710393164306879,L1
SHB_119917a2a547ecdb,0,3,0.011819975450634956,L2
SHB_a7987a0ca64a8809,0,3,0.0026906647253781557,L1
SHB_d623542ea0d8391f,0,4,0.02336352877318859,L3
SHB_0d2e412ddfe19a66,0,3,0.00014535593800246716,L1
SHB_e58b28e762131254,0,1,0.0008139066048897803,L1
SHB_4a9cac2c4a5b6d93,0,4,0.05177461728453636,L4
SHB_86fc4664c66e3ada,0,4,0.011826727539300919,L2
SHB_5cafeec2109000d8,0,5,0.01474593672901392,L2
SHB_8e909f160adafb78,0,4,0.005790284834802151,L1
SHB_92fa2a89d053a2d8,0,5,0.03522799536585808,L3
SHB_41ee582f30ce8e7f,0,4,0.035094134509563446,L3
SHB_2b1e026505410e35,0,3,0.013474156148731709,L2
SHB_295b96f4053e187c,0,3,0.0023588123731315136,L1
SHB_473170bf1afdad0a,0,4,0.0027103375177830458,L1
SHB_a9d61565fef84ba4,0,1,0.0013305987231433392,L1
SHB_5777e69b16e884ea,0,2,0.020790141075849533,L3
SHB_4e8c8df1d78283ac,0,2,0.0005835070624016225,L1
SHB_0a83ba2d6513bfe5,0,3,0.0020338904578238726,L1
SHB_37ebfdc5fc3644f6,0,4,0.033929359167814255,L3
SHB_4296bc24a5e4696b,0,3,0.0033054843079298735,L1
SHB_fca7e9fa7a914abe,0,5,0.0049848114140331745,L1
SHB_a558c1bfdd098ff3,0,5,0.0006362773128785193,L1
SHB_9f14d74163bf799c,0,5,0.001335664070211351,L1
SHB_a6f446c9e41387a8,0,1,0.011734449304640293,L2
SHB_d13abfd3e98039e8,0,3,0.00035443686647340655,L1
SHB_2c5285a614c933e7,0,1,0.030395111069083214,L3
SHB_7aaf8b7b1a49d30e,0,5,0.0010978124337270856,L1
SHB_f3308c00930a2e89,0,1,0.008848370984196663,L2
SHB_169873e5a99bf18c,0,4,0.01454226765781641,L2
SHB_30e666e995945008,0,2,0.0029051420278847218,L1
SHB_d47f50f97cb154bb,0,3,0.007910292595624924,L2
SHB_b9f3623bd6695518,0,3,0.01792910322546959,L2
SHB_084edd3fda21a942,0,3,0.0003920085437130183,L1
SHB_6a5ea08f5f61ecd8,0,5,0.07761652767658234,L4
SHB_321163b8162bcc8b,0,1,0.009769408032298088,L2
SHB_5aeeefe72237d795,0,5,0.0007080315263010561,L1
SHB_1dc98ddba21b91fc,0,2,0.0007819542079232633,L1
SHB_21dc929b2ce450c7,0,4,0.0008134766831062734,L1
SHB_0ea4652fb89e59c9,0,4,0.0004252348735462874,L1
SHB_461120b4b19fb287,0,4,0.008201850578188896,L2
SHB_a2f9dede943f5ba8,0,3,0.02059551328420639,L3
SHB_bb9aedd550a06fb7,0,3,0.00283468933776021,L1
SHB_8f046fd5701d055c,0,5,0.047218963503837585,L4
SHB_e2b2a5a1869ca225,0,4,0.012841169722378254,L2
SHB_71ab5c9f2e1fe7a6,0,4,0.020995983853936195,L3
SHB_c262716750c08432,0,1,0.003311014035716653,L1
SHB_e8ea66a8434caeed,0,4,0.00118792534340173,L1
SHB_efc33c757abe62d7,0,2,0.0007308912463486195,L1
SHB_80477e1412bcba20,0,5,0.002716679824516177,L1
SHB_b05581d4347c8bad,0,1,0.004409085493534803,L1
SHB_adafee5636ff2268,0,1,0.016217418015003204,L2
SHB_66b60ab4d15377ab,0,5,0.018768301233649254,L2
SHB_ced80b9859257b1d,0,5,0.0008826596895232797,L1
SHB_615970e01ccefe69,0,1,0.0017221170710399747,L1
SHB_c1acba7835edb2f0,0,5,0.007141710724681616,L1
SHB_4923c26a53b8f793,0,3,0.01955251768231392,L3
SHB_f5aab25ef7487fe2,0,5,0.002511972561478615,L1
SHB_ad2361891d16aa74,0,4,0.0031169368885457516,L1
SHB_dfdbce9765e9c578,0,3,0.007523267064243555,L2
SHB_9f75e2e3f7bf095c,0,3,0.0001717882842058316,L1
SHB_d819f108c167d074,0,4,0.04064180329442024,L4
SHB_ccf9766892ae8fdf,0,5,0.00266536558046937,L1
SHB_c1ff49fea1fbbff7,0,2,0.0007708141347393394,L1
SHB_39ee3201e14fcfa0,0,1,0.016041990369558334,L2
SHB_d3aab262d9bee137,0,3,0.0003124769718851894,L1
SHB_9cbcfa44737472f8,1,3,0.009717580862343311,L2
SHB_039655d920b9fec0,0,4,0.01786983199417591,L2
SHB_057df2614417a094,0,4,0.011558922939002514,L2
SHB_1e6d77db7ea49129,0,5,0.006051826290786266,L1
SHB_6e9b196e4c0ea47c,0,2,0.0026499575469642878,L1
SHB_9e7a76626b525111,0,1,0.0012102178297936916,L1
SHB_18c58bb17fe6a54c,0,1,0.0540921613574028,L4
SHB_f0896010bb24b1a9,0,3,0.0003426035982556641,L1
SHB_f5b859ac18739bff,0,1,0.005207156762480736,L1
SHB_c4b194860087b03b,0,4,0.0007258982514031231,L1
SHB_fc8536a2f4a3f4e1,0,3,0.029749156907200813,L3
SHB_daef62b569e85260,0,2,0.0006150344270281494,L1
SHB_eca6d782cf7cc676,0,4,0.02842080034315586,L3
SHB_e0b2d5e8562f0e36,0,1,0.019211608916521072,L3
SHB_919108f82b0086a9,0,1,0.0004413692222442478,L1
SHB_11529922a94decb2,0,2,0.002864866517484188,L1
SHB_b3d168cf6dd7bb6c,0,5,0.02613694593310356,L3
SHB_362677549b5ba5f5,0,4,0.04682444781064987,L4
SHB_234e28df1d4580b8,0,3,0.0019891634583473206,L1
SHB_ff605aa1abaccdc5,0,4,0.0009215960744768381,L1
SHB_93429a2f7485e579,0,4,0.0012335764477029443,L1
SHB_fd7a079b47dde34b,0,4,0.013919234275817871,L2
SHB_5dd38b1cddefe62c,0,2,0.0010135762859135866,L1
SHB_14de0b6ba8bffb08,0,3,0.0003945222415495664,L1
SHB_cdb67e0d81f7379a,0,3,0.0021633447613567114,L1
SHB_d6b6099edc320b80,0,1,0.026170501485466957,L3
SHB_0ceb0af5977731de,0,4,0.010004248470067978,L2
SHB_a1fe15322a8c941a,0,2,0.0017418913776054978,L1
SHB_4ffcd2832ab377a2,0,2,0.03303954377770424,L3
SHB_29e6e8bfbf280f67,0,4,0.05827206000685692,L4
SHB_b3bdfe5b3e384be7,0,3,0.026853276416659355,L3
SHB_02769a466a35d1d5,0,1,0.008056155405938625,L2
SHB_58f2055f57bb6d33,0,4,0.07617226243019104,L4
SHB_d24c40b9c57c8e08,0,5,0.026951709762215614,L3
SHB_27293ac124ac591a,0,3,0.00012559066817630082,L1
SHB_b2b07c4de3198524,0,1,0.010673381388187408,L2
SHB_0e7aebf7b66ecdcb,0,4,0.03480106592178345,L3
SHB_25d29f89dd873d59,0,5,0.11150016635656357,L5
SHB_d034c7ee36183739,0,5,0.04919559508562088,L4
SHB_4409b3d1bbcb28f7,0,2,0.001238179742358625,L1
SHB_eef2444217d8333a,0,2,0.0006309962482191622,L1
SHB_4df5b39f9cb305f1,0,5,0.04347356781363487,L4
SHB_3c4993c7f32b5823,0,2,0.010572653263807297,L2
SHB_754a4f7aed894d44,0,5,0.00861025508493185,L2
SHB_26a9f073f1463415,0,3,0.000801402551587671,L1
SHB_c96b117f71a24b9e,0,2,0.011510764248669147,L2
SHB_5a8b9641f9002af3,0,1,0.008439172059297562,L2
SHB_6e80324bde5ed13c,0,4,0.03292788937687874,L3
SHB_623406195d59dc5f,0,3,0.0010008079698309302,L1
SHB_e47e3f644afeac62,0,3,0.024306325241923332,L3
SHB_6247030957ca9eb0,0,3,0.024475805461406708,L3
SHB_e5569b4bfd39cf16,1,1,0.013188391923904419,L2
SHB_cf0f3e2a12ba72c9,0,1,0.043090444058179855,L4
SHB_50cf5b3910cde97c,0,4,0.020045915618538857,L3
SHB_f88704e24501f627,0,5,0.015197567641735077,L2
SHB_e97faa23d0d61567,0,2,0.0004673681396525353,L1
SHB_40a1ea220f0c0eab,0,1,0.03891679644584656,L4
SHB_09b7503615e79bb2,0,3,0.020989060401916504,L3
SHB_db34cdd7069807e3,0,1,0.0596785768866539,L4
SHB_367f4d76619f251b,0,1,0.0015508447540923953,L1
SHB_a1abb1f7ea88c024,0,4,0.002229187171906233,L1
SHB_add19b8e0dd35fff,0,1,0.050465695559978485,L4
SHB_098721ca100f83e7,0,1,0.0015723004471510649,L1
SHB_253db819f6c9b110,0,1,0.0033542581368237734,L1
SHB_61db235f51181727,0,4,0.003938539419323206,L1
SHB_e4b289bdacbf672d,0,2,0.002773913322016597,L1
SHB_59b42889d00c67b3,0,5,0.002789229853078723,L1
SHB_c5165c8bd7571ada,0,5,0.006387403700500727,L1
SHB_aa496ae42485d0b8,0,4,0.00045910474727861583,L1
SHB_38b9d2708468b964,0,2,0.01093644555658102,L2
SHB_6812cd264a00f30c,0,3,0.013950410299003124,L2
SHB_70a12c46577a0c52,0,3,0.08994251489639282,L5
SHB_7669b3504ccef70b,0,3,0.0729546919465065,L4
SHB_0b3ec17d9c17badd,0,5,0.05246296525001526,L4
SHB_d358be3606d1109f,0,5,0.0019144362304359674,L1
SHB_905fef1a27541cb8,0,3,0.001916434383019805,L1
SHB_7349d893b5bdf402,0,3,0.020160973072052002,L3
SHB_e68b2b4180e721d1,0,2,0.009935044683516026,L2
SHB_6f5c778fbd8ccc92,0,4,0.0044847107492387295,L1
SHB_60f619ceb48d270e,0,1,0.007338302209973335,L1
SHB_284835d0d3f7cacf,0,2,0.005606597755104303,L1
SHB_cc14a6bd4a3b4f8d,0,4,0.014568538405001163,L2
SHB_23665025a8110a10,0,2,0.051144566386938095,L4
SHB_361a4be998414480,0,1,0.0009449346107430756,L1
SHB_7164ba162d1e9ffb,0,3,0.06806474924087524,L4
SHB_a01242fda39ef9a4,0,4,0.1659671664237976,L5
SHB_a05ba2edb9259018,0,5,0.03794582188129425,L4
SHB_bda34d6af618dcc6,0,5,0.0013065775856375694,L1
SHB_f758051bd71f85fa,0,5,0.0009473649552091956,L1
SHB_4d1f3a78d6c227f8,0,3,0.01751329004764557,L2
SHB_9234ec0742ecbbcb,0,4,0.022564677521586418,L3
SHB_c5d23d6ebe6dad99,0,1,0.056631967425346375,L4
SHB_229d0275d67c6f1c,0,2,0.025650320574641228,L3
SHB_aed82a4559f1a6a7,0,5,0.0034930144902318716,L1
SHB_c187e72a02a3073d,0,4,0.00889365840703249,L2
SHB_0bb65e3a48f50ec9,0,1,0.0015874449163675308,L1
SHB_3523631746d5d0fc,0,3,0.0006087178480811417,L1
SHB_20e26cbbd7131aca,0,1,0.012916740030050278,L2
SHB_515d901cea270033,0,4,0.06063244119286537,L4
SHB_636180efffef82b6,0,2,0.006640197243541479,L1
SHB_32e027985eaa6a89,0,1,0.02886064723134041,L3
SHB_78772ff1e79368a6,0,4,0.052499886602163315,L4
SHB_eb7ef01b4552cdfb,0,4,0.0009848159970715642,L1
SHB_8acfc2cef76cf6d8,0,3,0.017185501754283905,L2
SHB_1e37419a3213ba68,0,4,0.023352548480033875,L3
SHB_81bcba40a30af164,0,5,0.011623874306678772,L2
SHB_5eb8dba2ff56f3cf,0,3,0.06531425565481186,L4
SHB_da3c5a2365d2ad69,0,5,0.03290676325559616,L3
SHB_bc0d29efa948f01e,0,3,0.0026449954602867365,L1
SHB_83864a914538f9fb,0,4,0.019085247069597244,L3
SHB_e412f68a703a1f0e,0,3,0.056781549006700516,L4
SHB_7884bea6fa724e77,0,4,0.002574874320998788,L1
SHB_fd077a416dc3d135,0,3,0.0003759335377253592,L1
SHB_168a59d1682a0a30,0,3,0.0030291408766061068,L1
SHB_0ba7362f30689b4b,0,5,0.03698642551898956,L3
SHB_1dc1345e16f2e546,0,2,0.007084259297698736,L1
SHB_ae0859c68bd0b63f,0,1,0.0071070194244384766,L1
SHB_aba6ad403175afc6,0,1,0.0013029557885602117,L1
SHB_f35a7586856caad6,0,2,0.0005446798168122768,L1
SHB_05a0b9a698537482,0,4,0.006041689310222864,L1
SHB_984b3e660f02ef04,0,3,0.024835653603076935,L3
SHB_bc4467e1d710290f,0,4,0.006777530070394278,L1
SHB_774cadd15af1d4ed,0,3,0.03538943827152252,L3
SHB_8ef5d98a1d4a0f1e,0,4,0.0007088606362231076,L1
SHB_dc549ec6a4b5a54d,0,3,0.013115042820572853,L2
SHB_e682db130bbf47b9,0,5,0.009845992550253868,L2
SHB_eebcf955ec15fe29,0,5,0.025166641920804977,L3
SHB_99f3d8f011fa1fec,0,3,0.10852958261966705,L5
SHB_14356d83dfd7e2d3,0,2,0.0026055388152599335,L1
SHB_770931ee5bcc60c3,0,1,0.0003948041994590312,L1
SHB_008cebc332730685,0,2,0.0032041200902312994,L1
SHB_12c6b0a3ccd1becb,0,3,0.009038981050252914,L2
SHB_111ebd9944e6a532,0,3,0.0002906503505073488,L1
SHB_396fd22bd771eb57,0,5,0.004514326807111502,L1
SHB_8f171dedc7ecfad3,0,5,0.002499914960935712,L1
SHB_872f231f25dfd534,0,1,0.00210756273008883,L1
SHB_448e597790ea6066,0,4,0.009126766584813595,L2
SHB_ab38f241a89ddd49,0,5,0.0333813913166523,L3
SHB_f111b543041e8fad,0,3,0.007469429634511471,L2
SHB_37bb4c0952bfedd6,0,1,0.0050841690972447395,L1
SHB_0d46b611e37d9ab3,0,5,0.003809003857895732,L1
SHB_e9d11e8e31ec8b8d,0,5,0.0753815546631813,L4
SHB_a8fdf5634073bf95,0,4,0.004561213776469231,L1
SHB_17d481ebf56e0b6b,0,3,0.014529180712997913,L2
SHB_d7c258120b33ba37,0,2,0.018367690965533257,L2
SHB_3e521d0f024f158f,0,3,0.012015589512884617,L2
SHB_b1272309f81bc881,0,2,0.0011210701195523143,L1
SHB_c5be57e3ae163b10,0,2,0.0036333207972347736,L1
SHB_2d834b1325435b1b,0,4,0.01231080200523138,L2
SHB_824e85910998f3d4,0,4,0.02100287564098835,L3
SHB_393b144cd2046c51,0,2,0.007467539515346289,L2
SHB_997ec85f98c49ebc,0,3,0.0034457568544894457,L1
SHB_e7e30347450dcede,0,3,0.019009262323379517,L3
SHB_aeb3e3ed50216fec,0,1,0.0057204123586416245,L1
SHB_f46fb3ca62237f83,0,3,0.0024122039321810007,L1
SHB_e3d5379b1270fcdc,0,1,0.04573747515678406,L4
SHB_c6538fc2cecb53f9,0,2,0.0017308654496446252,L1
SHB_babb9778ee5238ac,0,2,0.020940745249390602,L3
SHB_c2e9cec475c53c55,0,2,0.004385025706142187,L1
SHB_e0cdb3d441fcd947,0,4,0.0005464202258735895,L1
SHB_0a2de2bfe214edb6,0,5,0.0030425076838582754,L1
SHB_a14f6af2f60b3882,0,4,0.06632456928491592,L4
SHB_83ed7b576dd5fce0,0,1,0.018587328493595123,L2
SHB_0f98437c7f62153e,0,4,0.0007678904221393168,L1
SHB_23d3ff0916ffced2,0,4,0.02966759167611599,L3
SHB_3eb69d7a4c33da65,0,1,0.0031667060684412718,L1
SHB_342706e4b3a1bbc0,0,3,0.01270891074091196,L2
SHB_ad929ae862171ff3,0,4,0.005654438864439726,L1
SHB_23a75542d6ae7a19,0,1,0.000801828398834914,L1
SHB_93d75bf3f3c4e0cd,0,2,0.0023035607300698757,L1
SHB_9e20176b61071bf8,0,3,0.000273428246146068,L1
SHB_a876aaaf355cd5a3,0,5,0.003533679060637951,L1
SHB_4915087c1bb0b534,0,5,0.004429759457707405,L1
SHB_9b5fb3ac8ae7083c,0,1,0.026721930131316185,L3
SHB_56a0ad3007faa4ac,0,4,0.006530878599733114,L1
SHB_42d65e12339160da,0,5,0.0005098456749692559,L1
SHB_0d4023cfe48b725b,0,2,0.01858646422624588,L2
SHB_01b79d8f3c5c1147,0,5,0.0007158846710808575,L1
SHB_2ca764750165198e,0,2,0.006583026144653559,L1
SHB_07e4842e93ed4fd6,0,3,0.013901620171964169,L2
SHB_db5dc1d97fcc09e6,0,3,0.005823773797601461,L1
SHB_b306b04ad8ebca2e,0,3,0.004794666543602943,L1
SHB_a975b9a6ffc73d96,0,4,0.0009578363969922066,L1
SHB_7eb9125e7cc0a7b5,0,1,0.012001803144812584,L2
SHB_a4f600963488cdb5,0,2,0.2608613967895508,L5
SHB_0c1b8c636ac59fd7,0,3,0.0014364662347361445,L1
SHB_06a3397a4f144acb,0,5,0.0006092910189181566,L1
SHB_e98f99c054124289,0,3,0.007057259790599346,L1
SHB_eeb8db5f3f496161,0,3,0.057745154947042465,L4
SHB_a5a571b7c10fe368,0,2,0.009990972466766834,L2
SHB_7ca487f358e40fba,0,3,0.0006890324875712395,L1
SHB_f98f47f7bbc7c566,0,3,0.02601298876106739,L3
SHB_3c0a653cfdf0f733,0,2,0.008332518860697746,L2
SHB_a399530d1b463a6a,0,4,0.003383477684110403,L1
SHB_d794b1896892bdf5,0,1,0.0029575710650533438,L1
SHB_12224f72dedccc3b,0,1,0.0014763606013730168,L1
SHB_36e46c2382e54a06,0,4,0.0024067573249340057,L1
SHB_e08815c4e87c4194,0,5,0.01857847161591053,L2
SHB_0dc6be15bc1ff143,0,3,0.003899959847331047,L1
SHB_617c0e205dcd99a8,0,5,0.009310953319072723,L2
SHB_81bcc0037c8b1db7,0,2,0.010258928872644901,L2
SHB_34159b6924a11050,0,3,0.05016651749610901,L4
SHB_9ffc5188b00181ad,0,5,0.0063573988154530525,L1
SHB_adf9467b5a3ad574,0,2,0.0016674416838213801,L1
SHB_92e08eabc40f8213,0,4,0.03635391592979431,L3
SHB_34910b04aa11d126,0,4,0.0005938193644396961,L1
SHB_785e0993080669ec,0,2,0.0004733983369078487,L1
SHB_d1edb7a9f5b6acfd,0,4,0.002653289120644331,L1
SHB_04c1796ea86cf181,0,3,0.01655624248087406,L2
SHB_96a29bc45239f99c,0,3,0.0022943890653550625,L1
SHB_98ed6773521e9344,0,4,0.014401808381080627,L2
SHB_bebd03565ef0d8a0,0,4,0.004754676483571529,L1
SHB_7fbb19210eca9f6e,0,2,0.002271764213219285,L1
SHB_8a9040a884948097,0,4,0.002689607907086611,L1
SHB_04bde3285c9b4a1b,0,2,0.008132916875183582,L2
SHB_654241da2893ad49,0,3,0.0012514007976278663,L1
SHB_682ed94eabf930b1,0,2,0.01005243044346571,L2
SHB_db5a8163d95b5fcb,0,4,0.0004838349996134639,L1
SHB_cced4d68e5a6e7ac,0,2,0.009080466814339161,L2
SHB_e62bc37876b0b981,0,1,0.014185629785060883,L2
SHB_5d9b2251027d2249,0,3,0.022243641316890717,L3
SHB_59ffaa1719e37540,0,2,0.0005418703076429665,L1
SHB_61d369a04929d9a9,0,5,0.0034815857652574778,L1
SHB_2463e77dcff02dfa,0,4,0.0028159688226878643,L1
SHB_ba77ebe12c37c5cb,0,1,0.009872529655694962,L2
SHB_5f18e8ad6dcb0b84,0,3,0.019786255434155464,L3
SHB_7de4f20a919c2d44,0,2,0.001083731185644865,L1
SHB_33712c3623afe9aa,0,4,0.003194500459358096,L1
SHB_ee25daeffc8ff7af,0,2,0.055324770510196686,L4
SHB_26f6bc5c35d150a4,0,1,0.0003466851485427469,L1
SHB_e212a08dfd9b17a5,0,3,0.028921887278556824,L3
SHB_fe50677f9f27a843,0,4,0.005793653428554535,L1
SHB_8db00e96bf2c9a17,0,1,0.0005498042446561158,L1
SHB_33cee15305723835,0,1,0.005015281029045582,L1
SHB_b0c24c2069b16cbd,0,1,0.018454156816005707,L2
SHB_889286c31b39ae54,0,5,0.014762017875909805,L2
SHB_798e35d09fa5f317,0,1,0.008104819804430008,L2
SHB_05d704862096f095,0,5,0.000778055633418262,L1
SHB_712a56430cdcf25d,0,1,0.005557707045227289,L1
SHB_5739faa6da310c3b,0,2,0.007069660350680351,L1
SHB_f3c6d1439204e4b9,0,4,0.044881731271743774,L4
SHB_73c6c6ef5c8be7bd,0,5,0.0007043885416351259,L1
SHB_2d5a8351a2aa9c7f,0,5,0.021642738953232765,L3
SHB_073ad53168c8ac30,0,3,0.007641255389899015,L2
SHB_682903a87350f36c,0,1,0.006348098162561655,L1
SHB_8a2346d76dc7029f,0,5,0.019646402448415756,L3
SHB_c6a9f2aaf928eb9d,0,3,0.0003543224884197116,L1
SHB_05560da441e5e2c6,0,5,0.008784264326095581,L2
SHB_e5faaaa7d3121a22,0,1,0.012067017145454884,L2
SHB_15b54f8693ffefad,0,3,0.008076888509094715,L2
SHB_e60192d9e153261f,0,4,0.014275403693318367,L2
SHB_4c7621ddcda9df89,0,5,0.002849177923053503,L1
SHB_f30eb75ac8df0c2d,0,4,0.028139710426330566,L3
SHB_c67992743ec3be4b,0,4,0.004561906680464745,L1
SHB_20e8e9be5d19a2c7,0,3,0.010600998997688293,L2
SHB_ec81b816db077491,0,4,0.008656477555632591,L2
SHB_f59b602c115454d8,0,5,0.008705156855285168,L2
SHB_d80e88a2afd4174a,0,1,0.012138704769313335,L2
SHB_b896640c578be56f,0,3,0.028052639216184616,L3
SHB_ff0c7cd0281470de,0,3,0.00969775952398777,L2
SHB_98f9bdc9166977c2,0,3,0.039595749229192734,L4
SHB_ac2585dd1fee8479,0,1,0.002080619102343917,L1
SHB_c5ce104c69291660,0,2,0.004831752739846706,L1
SHB_ff1412f41c114a0c,1,2,0.009609216824173927,L2
SHB_db4b93c24eea0ee6,0,3,0.006538651417940855,L1
SHB_0f73c1d7babe5109,0,2,0.007056147325783968,L1
SHB_64920cc34a8e8df4,0,2,0.049374427646398544,L4
SHB_98802880a556e7cf,0,2,0.0008773064473643899,L1
SHB_2a2ccbbcac3744da,0,3,0.0012490447843447328,L1
SHB_f3519648c9bba45a,0,4,0.027509162202477455,L3
SHB_2df22eb65211cdff,0,4,0.0010341081069782376,L1
SHB_6e48bdbd0e293830,0,4,0.05775313079357147,L4
SHB_abf5ba1d9b6147fa,0,1,0.008334355428814888,L2
SHB_28546b3756093034,0,1,0.00757600786164403,L2
SHB_b521fff38b2b8e5f,0,2,0.000524354400113225,L1
SHB_eabfb7b10852e28d,0,3,0.003753861878067255,L1
SHB_59f3427013a19e14,0,1,0.016986273229122162,L2
SHB_4d179fec68e4a7fb,0,4,0.008319546468555927,L2
SHB_2f6e731847548e02,0,5,0.027904357761144638,L3
SHB_6435d78fb7037e4c,0,4,0.00347517104819417,L1
SHB_81eff8053f37e1f4,0,4,0.017122233286499977,L2
SHB_06e97458d6d33a63,0,5,0.020516740158200264,L3
SHB_e25a77ba382407da,0,3,0.01677311584353447,L2
SHB_cfead46c4ad08837,0,5,0.023872356861829758,L3
SHB_162d6d099ecb3f4d,0,4,0.000944873783737421,L1
SHB_d7b625dd0e2185d8,0,2,0.01054372638463974,L2
SHB_c13e83ceaeae7735,0,3,0.0024881907738745213,L1
SHB_23b7767e432a7464,0,5,0.002582678571343422,L1
SHB_7d688ce4cf52c80f,0,2,0.0043288893066346645,L1
SHB_1178c8cf94cf6235,0,3,0.004031566437333822,L1
SHB_33f45d650d95ba60,0,4,0.00038503538235090673,L1
SHB_391c53f04b547269,0,5,0.023788033053278923,L3
SHB_047e20e5ccf77e23,0,1,0.013070379383862019,L2
SHB_9f838ab6e045a389,0,4,0.006936430465430021,L1
SHB_6e36cc481e2a45c2,0,1,0.003205389017239213,L1
SHB_904b5904da4dcaaa,0,2,0.010136705823242664,L2
SHB_bd0fe7c99e72882e,0,3,0.0068976194597780704,L1
SHB_75e24fcc86d07a25,0,3,0.029850121587514877,L3
SHB_499355683ee53f35,0,4,0.0003144259680993855,L1
SHB_94899147f6fd7414,0,4,0.0013749904464930296,L1
SHB_3e893e96b62393ca,0,4,0.002963558305054903,L1
SHB_b6258c436b407139,0,5,0.005314785987138748,L1
SHB_bc78ef511e6cd9ff,0,1,0.009268469177186489,L2
SHB_e702e12667524ae9,0,1,0.012304610572755337,L2
SHB_4a2f9a4e6a80d256,0,1,0.00747252069413662,L2
SHB_28dfbf32767fcf3c,1,2,0.1145542785525322,L5
SHB_f3e13f43cab9a6d1,0,4,0.03670061379671097,L3
SHB_8509cb280197e4b9,0,2,0.010001949034631252,L2
SHB_65c083b12ae97872,0,1,0.028078464791178703,L3
SHB_2e02cae0548a1943,0,3,0.003524771658703685,L1
SHB_fc035ae0fe67b7fb,0,4,0.00037535233423113823,L1
SHB_b91a0cab490d5fe7,0,2,0.013610371388494968,L2
SHB_131a32cdc646c6bc,0,2,0.003793295007199049,L1
SHB_f22aa9f2fa28cc1c,0,1,0.0037175349425524473,L1
SHB_1fc92f91b6e1adf0,0,3,0.00028755643870681524,L1
SHB_1f496cd214420899,0,1,0.0019088000990450382,L1
SHB_f60822e82a4b65b9,0,4,0.0061675505712628365,L1
SHB_89763f9bcf2a1680,0,3,0.0004979061195626855,L1
SHB_adff66ac1684bc36,0,1,0.002379919635131955,L1
SHB_6b28311c93bcbb14,0,5,0.009404096752405167,L2
SHB_ff36df65dba1e116,0,2,0.0007381197065114975,L1
SHB_2c8774b4224a84ac,0,2,0.04999556019902229,L4
SHB_c6d5756f97087227,0,5,0.0019569285213947296,L1
SHB_6228fcd5be553124,0,4,0.01594255119562149,L2
SHB_272366a79d5d5b6b,0,2,0.0004248558543622494,L1
SHB_2684644037b91916,0,1,0.04800565540790558,L4
SHB_9370ddf40b54b3e1,1,3,0.017668794840574265,L2
SHB_a8b4955f9c95f691,0,1,0.011167226359248161,L2
SHB_42bd29a756e9d2af,0,5,0.013976283371448517,L2
SHB_a5b5769137755951,0,3,0.042623162269592285,L4
SHB_8d2d6c5287a89527,0,1,0.0171352531760931,L2
SHB_984a74b3e58c6c9c,0,5,0.003460187930613756,L1
SHB_7d86bc342f60b611,0,1,0.024209197610616684,L3
SHB_6100d761d811340f,0,1,0.00737380376085639,L1
SHB_19ee95b8a7a007cd,0,2,0.0006447465275414288,L1
SHB_0f38a9b86f2b49fb,0,5,0.014484943822026253,L2
SHB_6ec7ee9e45953e91,0,1,0.02321658656001091,L3
SHB_26764b2f23e9625b,0,2,0.017606887966394424,L2
SHB_46e69e058a277b6c,0,1,0.0025600125081837177,L1
SHB_198c63b29140cfac,0,2,0.042015790939331055,L4
SHB_492b1690ff98399a,0,5,0.011719146743416786,L2
SHB_6b400dbd5b78c64d,0,4,0.0028641296084970236,L1
SHB_300bf3f1f60aeedf,0,5,0.028063420206308365,L3
SHB_753a40da221347e4,0,4,0.0007317432318814099,L1
SHB_6b9682f11a47a140,0,3,7.789673691149801e-05,L1
SHB_318479eff4df2805,0,4,0.0009631871362216771,L1
SHB_52f0269e4a41b22a,0,5,0.001357207540422678,L1
SHB_80be01f168c4233e,0,5,0.03795737400650978,L4
SHB_34118a05c9b9ad29,0,3,0.062019992619752884,L4
SHB_7dc00af10616c383,0,5,0.0016752468654885888,L1
SHB_10a26a7362547818,0,4,0.007996723987162113,L2
SHB_0d33dba2b6c06d89,0,3,0.015353161841630936,L2
SHB_724e68caadaee2b2,0,1,0.02495620772242546,L3
SHB_220ed49e339385bb,0,2,0.08820778131484985,L5
SHB_d27204ef0cc4d59e,0,4,0.00045491004129871726,L1
SHB_7b5b014251423b18,0,5,0.0017659856239333749,L1
SHB_3a966e0f976a387b,0,2,0.0005622057360596955,L1
SHB_21f652b5de78d635,0,1,0.020452504977583885,L3
SHB_c207631682e56117,0,4,0.0025616614148020744,L1
SHB_339bf92314169679,0,1,0.004212470725178719,L1
SHB_4a830982b2adb6bd,0,2,0.016811557114124298,L2
SHB_40749f31ae17353d,0,5,0.07734274119138718,L4
SHB_1e12fdd3be4ece66,0,5,0.0017267843941226602,L1
SHB_677688ed1de4e87d,0,5,0.0015162129420787096,L1
SHB_f2a1ceefcca11b7f,0,3,0.002992217196151614,L1
SHB_5a60a49975a2e880,0,3,0.04187591373920441,L4
SHB_158ebe5e2319e43f,0,1,0.00037223187973722816,L1
SHB_7901416c6a073a2c,0,4,0.0017985915765166283,L1
SHB_6483d7ca14a04a95,0,3,0.04593537375330925,L4
SHB_73cfc82907751188,0,3,0.005008161999285221,L1
SHB_39e07b71713ff013,0,5,0.013034223578870296,L2
SHB_450edd57aff34438,0,3,0.00030617244192399085,L1
SHB_c51d75c46cc20ab8,0,4,0.003438834100961685,L1
SHB_41ed153252bc0446,0,3,0.002521872753277421,L1
SHB_24469a92517b2f47,0,5,0.015938736498355865,L2
SHB_d4f79dd908111cb4,0,1,0.0024683470837771893,L1
SHB_bea1e98a6caee530,0,2,0.01676749438047409,L2
SHB_6cc57f519803f29e,0,3,0.00032608149922452867,L1
SHB_4bffa4c8ad31da60,0,3,0.03211318328976631,L3
SHB_e70eb67e6520eb45,0,2,0.019742129370570183,L3
SHB_063906626144b959,0,2,0.007307646796107292,L1
SHB_84df6242c1476041,1,2,0.07243163138628006,L4
SHB_3646f03aa5cec02d,0,1,0.09090538322925568,L5
SHB_6aa4d5755a9f23fb,0,5,0.002034391975030303,L1
SHB_9a15cdfa79bd510f,0,2,0.0009225730318576097,L1
SHB_f5c5b561816c0054,0,5,0.02202664501965046,L3
SHB_d556269d114cf3f0,0,3,0.00023145634622778744,L1
SHB_f2683780ffed5fb3,0,3,0.0046003093011677265,L1
SHB_a8b0a4d12e120e55,0,1,0.0008815040928311646,L1
SHB_dc24ba30fcae3541,0,4,0.0006293287151493132,L1
SHB_1421f785f52f3758,0,4,0.015590591356158257,L2
SHB_e556cfb3816bf1d4,0,3,0.03257845714688301,L3
SHB_646acdb96d85fc9d,0,1,0.006230565253645182,L1
SHB_876ff093892e4383,0,2,0.0052040652371943,L1
SHB_8020868103420fd6,0,2,0.011950001120567322,L2
SHB_8843ce4724e7f3ae,0,4,0.00281436275690794,L1
SHB_92648457f69f2efa,0,4,0.00740062864497304,L1
SHB_2984831335e3775f,0,2,0.01023637130856514,L2
SHB_0a6eb381561cdd10,0,3,0.018588734790682793,L2
SHB_ed331cf1673fcb9e,0,3,0.0223026555031538,L3
SHB_2de7e96abc9a3d2b,0,2,0.0036219728644937277,L1
SHB_aed7e3d7e4a308d7,0,5,0.006677357479929924,L1
SHB_4f85a73c33afa487,0,5,0.011105326935648918,L2
SHB_2d8fdf0a69b0f6a2,0,5,0.005053098779171705,L1
SHB_8a3ba3c8166afd1c,0,1,0.05816930904984474,L4
SHB_cc917b87a97afa77,0,3,0.009571288712322712,L2
SHB_e8659b1b4df7bc31,0,3,0.004824057221412659,L1
SHB_8bcb404cafdd9555,0,4,0.0017482866533100605,L1
SHB_5e127cca55db3683,0,5,0.0018374195788055658,L1
SHB_81c049972310d9ee,0,5,0.002553546568378806,L1
SHB_d365613247e9c358,0,1,0.0009225598187185824,L1
SHB_89b9dc42ab3f386d,0,3,0.011266222223639488,L2
SHB_a353758b26c924d7,0,2,0.003791963681578636,L1
SHB_573354c32fde50d6,0,4,0.00035730190575122833,L1
SHB_2f3c78e35bfaaf66,0,3,0.018630364909768105,L2
SHB_9716ea58fa550a54,0,1,0.001329501043073833,L1
SHB_b318b80343221479,0,2,0.01203856524080038,L2
SHB_22914e048d1cb2ef,0,5,0.005810076836496592,L1
SHB_f4c7d2dad16b85eb,0,1,0.032029617577791214,L3
SHB_2f9bee0e356f6cc0,0,1,0.015244906768202782,L2
SHB_93b70943807f3c06,0,2,0.0006064614281058311,L1
SHB_0df644b7206216d7,0,5,0.00040064507629722357,L1
SHB_ed13eeeaf385c94c,0,2,0.009193602949380875,L2
SHB_55d4e42fef704d3c,0,5,0.0026198106352239847,L1
SHB_1b1a63a15fdf1da7,0,4,0.0022239009849727154,L1
SHB_86e91d86762557f9,0,4,0.039642054587602615,L4
SHB_9868c3cfd3041486,0,2,0.0007101477240212262,L1
SHB_84fd631655f67608,0,1,0.005090345628559589,L1
SHB_dca688d7ed5ddf88,0,2,0.005567147396504879,L1
SHB_1628514b433c4bb2,0,3,0.013855598866939545,L2
SHB_8d28ce27ed546f81,0,5,0.0022004113998264074,L1
SHB_2ddfda1db52c5b32,0,5,0.06345234811306,L4
SHB_23df406b395391fb,0,4,0.024422425776720047,L3
SHB_3ae0e6a078121ad3,0,1,0.00705294031649828,L1
SHB_1d103882ab970e6e,0,4,0.003628835082054138,L1
SHB_17a6a41d23c7481a,0,1,0.016743721440434456,L2
SHB_b89b84b9dcafd130,0,4,0.01084489282220602,L2
SHB_5d9a6878fa8a1916,0,2,0.03890791907906532,L4
SHB_5028e9db6b53c7f0,0,5,0.025775307789444923,L3
SHB_f86c8190bd5a59bb,0,2,0.0005742068169638515,L1
SHB_900a4db0b3ac17d8,0,3,0.022060193121433258,L3
SHB_7bd309a9c3f72f22,0,5,0.014373031444847584,L2
SHB_3b8c249048ed93e8,0,3,0.017142241820693016,L2
SHB_8a464f0fa8031118,0,1,0.022381331771612167,L3
SHB_e8ce545612f62027,0,2,0.01878747157752514,L2
SHB_4ec559807d3c349d,0,3,0.053777363151311874,L4
SHB_620748d4332c75ee,0,3,0.026457076892256737,L3
SHB_9bcfacf316170b03,0,3,0.005102785304188728,L1
SHB_86450e91f0d3a444,0,1,0.0024584128987044096,L1
SHB_46306f6de52ac6ff,0,3,0.009900937788188457,L2
SHB_cb0f8aebc651d1bf,0,3,0.00649492722004652,L1
SHB_657cf25a5a19ca63,0,4,0.000661953876260668,L1
SHB_2da3e97488e217e5,0,5,0.034618623554706573,L3
SHB_eecfe0656fcd37f6,0,3,0.011893808841705322,L2
SHB_906520a9ec88893a,0,5,0.001082860166206956,L1
SHB_77e2df421b359d84,0,1,0.014184730127453804,L2
SHB_1b0e0251f26ab9f3,0,3,0.0005136702093295753,L1
SHB_822ed87a05517e8e,0,1,0.016172580420970917,L2
SHB_44c5d7955621c56b,0,2,0.009504355490207672,L2
SHB_14ebb85651820610,0,1,0.002513987710699439,L1
SHB_4a6d110cf61e8842,0,4,0.007296358235180378,L1
SHB_5fcd24faddc31d5c,0,4,0.004314268007874489,L1
SHB_843b577c8ff0e5f1,0,2,0.12390678375959396,L5
SHB_3abf12a3ba6f28d3,0,1,0.0003333572531118989,L1
SHB_d77fa7e8dc6b1f19,0,4,0.022124169394373894,L3
SHB_451782f64deeec60,0,1,0.0008435830823145807,L1
SHB_236ca106be5eb737,0,3,0.041155874729156494,L4
SHB_1e96c6558f631899,0,2,0.000528248434420675,L1
SHB_4b6c225fa5e64387,0,2,0.0068952776491642,L1
SHB_798c7f4c589d0088,0,1,0.008163866586983204,L2
SHB_eeb1fc3cb8def873,0,5,0.02275124005973339,L3
SHB_c0c2b1ab16863e75,0,2,0.00034008792135864496,L1
SHB_22db7039a41f73a9,0,1,0.009960559196770191,L2
SHB_c36fa142696c99c7,0,2,0.002949385903775692,L1
SHB_6bbb867767ad2b43,0,3,0.11282041668891907,L5
SHB_8b8f096adb05ea7d,0,3,0.012457400560379028,L2
SHB_d2f679cb56ac2fc4,0,3,0.04913514479994774,L4
SHB_fc74e7ba822f066b,0,5,0.018671318888664246,L2
SHB_5f5ca9c1ee13fb0f,0,4,0.001057345885783434,L1
SHB_b7346803da1783d3,0,5,0.05922672525048256,L4
SHB_1c3b68aed4646121,0,3,0.006769299041479826,L1
SHB_b3785a6700dad4b0,0,4,0.024682778865098953,L3
SHB_b50294221c339ebb,0,1,0.0036299179773777723,L1
SHB_f1da08da01bbcbe5,0,4,0.05625518783926964,L4
SHB_486fc9af3798844b,0,3,0.006746916100382805,L1
SHB_4d23527b0b7d088e,0,1,0.0028371086809784174,L1
SHB_f4f21e19a3a17204,0,3,0.009138975292444229,L2
SHB_50879cb4858100f1,0,5,0.003087172517552972,L1
SHB_c1e27303cbde4197,0,2,0.013347816653549671,L2
SHB_00ca0abc6920b7b3,0,2,0.06932712346315384,L4
SHB_b09ee09bd1b23ed5,0,4,0.01453610509634018,L2
SHB_afd9dc75418b8453,0,2,0.000626690685749054,L1
SHB_fc624c2cf3e3ab0a,0,4,0.0003965018840972334,L1
SHB_bc01599bae33b4ca,0,1,0.04073347896337509,L4
SHB_9c83655f1bca51bf,0,3,0.015313493087887764,L2
SHB_31bd90c8c7a0b255,0,2,0.002435671165585518,L1
SHB_1e08a7ae35cfa5ae,0,1,0.05382785573601723,L4
SHB_8da0846d77ca59f8,0,4,0.014673476107418537,L2
SHB_b8d56a68094e99fc,0,4,0.011130076833069324,L2
SHB_d44bf2681fee5076,0,4,0.00026380387134850025,L1
SHB_9dba727e876f89b2,0,1,0.013025907799601555,L2
SHB_8b6854fa08e98b4c,0,4,0.002582361688837409,L1
SHB_6e04370b56dfaafc,0,3,0.0021532655227929354,L1
SHB_1b5e7df7f1227f85,0,5,0.013510122895240784,L2
SHB_44def37601665d19,0,4,0.01350086648017168,L2
SHB_772954848eb4b3ea,0,2,0.002314578974619508,L1
SHB_a8dd1751c6630f6d,0,1,0.005517214071005583,L1
SHB_c31c395a654c3ba7,0,5,0.006347346119582653,L1
SHB_30336a58150dede9,0,1,0.0037242628168314695,L1
SHB_dda2c451643ec98a,0,4,0.0015840267296880484,L1
SHB_d85d78ee8be4b073,0,4,0.015284435823559761,L2
SHB_88c1f85bc229ffb9,0,4,0.016151538118720055,L2
SHB_a12275494c396195,0,3,0.013605257496237755,L2
SHB_b2bbcd6e5a0affb6,0,1,0.04204896092414856,L4
SHB_3b80243db64372d6,0,3,0.0009740707464516163,L1
SHB_f5d067904c7f87a7,0,4,0.001690391916781664,L1
SHB_71900b0ccc311c65,0,5,0.0034863105975091457,L1
SHB_f6d97b5411ce9fbf,0,4,0.001109431148506701,L1
SHB_47c7694bf52fae8f,0,1,0.0013728333869948983,L1
SHB_8566ffee5825ac34,0,4,0.003913412801921368,L1
SHB_adc756149c3e16d1,0,1,0.0009646693360991776,L1
SHB_20758a5669cc9e8c,0,2,0.013903843238949776,L2
SHB_2c26da108127b9ce,0,5,0.031073061749339104,L3
SHB_eb6c765a9fcfe8dc,0,3,0.0001423471258021891,L1
SHB_23761122a6b163e8,0,5,0.04610300064086914,L4
SHB_505e7a6cfa0eb1e8,0,2,0.0003382829308975488,L1
SHB_d4748fdbeb6dc297,0,5,0.021594885736703873,L3
SHB_6c73f368cb092d23,0,2,0.004747380502521992,L1
SHB_ae30dc0882648e82,0,4,0.009137000888586044,L2
SHB_234bc471d658acf0,0,2,0.002543847542256117,L1
SHB_8d9ab6b35ff5a32e,0,5,0.1295691877603531,L5
SHB_7b5893141026e79b,0,4,0.0014772338327020407,L1
SHB_c19a55ba48f7e9b1,0,2,0.00696716969832778,L1
SHB_e1a73566bdb411b4,0,4,0.0044709728099405766,L1
SHB_8b4fae004884fddd,0,2,0.0006903944304212928,L1
SHB_e12f1e44d96dfdbe,0,4,0.012046496383845806,L2
SHB_f1a280ac2a44f605,0,1,0.0017613639356568456,L1
SHB_8c08ef5c4f3f7858,0,4,0.02157174050807953,L3
SHB_30c0c509698cfc35,0,3,0.004347087349742651,L1
SHB_98dc6f9378c49bdd,0,3,0.007134083192795515,L1
SHB_92b34b591505468c,0,5,0.004759710747748613,L1
SHB_de6e7c9d2288e190,0,2,0.006625295616686344,L1
SHB_9399ba58a70846e4,0,2,0.008723961189389229,L2
SHB_9e11d9e268c92245,0,3,0.005692491307854652,L1
SHB_1618376889ada7c8,0,2,0.02488023415207863,L3
SHB_c512b9bf54c88019,0,5,0.017506103962659836,L2
SHB_03a433515cdb36f6,0,1,0.013470816425979137,L2
SHB_3eae76cae30459b3,0,2,0.006678161211311817,L1
SHB_e6d05d248b135f67,0,3,0.0014629942597821355,L1
SHB_fc57123cc350901b,1,3,0.006012411788105965,L1
SHB_d94da43a244d8bdb,0,4,0.000565164431463927,L1
SHB_e7b1d61a37d3ed96,0,5,0.04009922221302986,L4
SHB_c1b55240fe9e8698,0,5,0.0009354094509035349,L1
SHB_41746c105d899e3d,0,4,0.014226277358829975,L2
SHB_50f07cae9c1c8f2b,0,3,0.0066765956580638885,L1
SHB_754990a5c4334ce4,0,3,0.03094968944787979,L3
SHB_668f4ea9c09d4815,0,5,0.03568270057439804,L3
SHB_ec7509ca50e43a00,0,1,0.0021432870998978615,L1
SHB_b96e05995772102c,0,5,0.03907350078225136,L4
SHB_997f437fff4bdc98,0,5,0.018051698803901672,L2
SHB_5d9edb789fec2f3a,0,4,0.022677747532725334,L3
SHB_43402cbb18d81430,0,5,0.002256450243294239,L1
SHB_60c5f810a703cf04,0,4,0.001862540957517922,L1
SHB_4902e6160a3f59bd,0,5,0.0017238090513274074,L1
SHB_8d8e1687167955ad,0,1,0.0006570362020283937,L1
SHB_4dc6b24323f8e0ea,0,5,0.00303863687440753,L1
SHB_1fc6fb364e90edd2,0,4,0.006595296319574118,L1
SHB_b03215fa4fd17f79,0,1,0.002677876502275467,L1
SHB_07ff9c4e06301890,0,3,0.005560071207582951,L1
SHB_9d54b9a2100fa88c,0,1,0.0016552298329770565,L1
SHB_0d360df93efefa7d,0,3,0.0003463894536253065,L1
SHB_9d78adebff7e38f0,1,2,0.045179057866334915,L4
SHB_e867a5406a92213c,0,4,0.019499696791172028,L3
SHB_cb4a591a764932f4,0,5,0.011099169962108135,L2
SHB_ee4e17e5bcc2f443,0,5,0.0005298373871482909,L1
SHB_4f6157b881223423,0,2,0.02313130348920822,L3
SHB_47b75e9f43cff81d,0,1,0.0016811634413897991,L1
SHB_34f2d052b5d8c60b,0,2,0.0037053897976875305,L1
SHB_fab969d90760b19e,0,4,0.026238659396767616,L3
SHB_5ee7f46deef2a924,0,3,0.016351060941815376,L2
SHB_e1db916321354718,0,1,0.013171856291592121,L2
SHB_eb7661804bb709b2,0,2,0.005747870076447725,L1
SHB_cf30c35c2e14c0d0,0,5,0.027378324419260025,L3
SHB_1a729aab8090ed14,0,1,0.011569665744900703,L2
SHB_60d0a65d94579e1d,0,5,0.06013166531920433,L4
SHB_a5858b4362dff42e,0,4,0.0004766810452565551,L1
SHB_b29c24e7d5f260bf,0,3,0.017002714797854424,L2
SHB_cde387c20f78fd32,0,4,0.001953170634806156,L1
SHB_cacce2f3b7e47518,0,5,0.014890190213918686,L2
SHB_32fcfd6c83007c69,0,4,0.014390327967703342,L2
SHB_36bd3c378276bfc9,0,2,0.0013476990861818194,L1
SHB_4701053c1c099a1f,0,4,0.007708697579801083,L2
SHB_b1e007fb39a7fd2a,0,5,0.0007241598214022815,L1
SHB_bed075d69df0be99,0,5,0.15085110068321228,L5
SHB_b4835befa0662c1a,0,3,0.0006891772500239313,L1
SHB_63fc3b9eeabe7398,0,5,0.036240104585886,L3
SHB_86cfa04c156af73d,0,2,0.0037296717055141926,L1
SHB_683989202efb5f5a,0,2,0.02204788662493229,L3
SHB_1cdfb1945a4a1838,0,1,0.001486683962866664,L1
SHB_78456a0d0fa2e71b,0,1,0.002753898035734892,L1
SHB_4c8e8dbac003d04f,0,4,0.0013554842444136739,L1
SHB_46f430dd96cdc490,0,1,0.0017709562089294195,L1
SHB_07e866fd6c225064,0,3,0.023775329813361168,L3
SHB_3bae7b526999ecf1,0,2,0.003484978573396802,L1
SHB_216b0ccada951d8c,0,2,0.0008875486091710627,L1
SHB_50315708c3ce7246,0,1,0.04019340127706528,L4
SHB_d3dd13f4b6162d78,1,2,0.08214925974607468,L5
SHB_a95bef25a270daf6,0,5,0.05209200829267502,L4
SHB_5a26423ad4afd0e6,0,2,0.009704681113362312,L2
SHB_e37ad8dcdddf20fa,0,2,0.0005007626605220139,L1
SHB_22654b5f1dea42e9,0,5,0.014528894796967506,L2
SHB_eb13f5a5d241f241,0,2,0.0006680589867755771,L1
SHB_47e03230ac946179,0,5,0.015009191818535328,L2
SHB_02cc3b8670dda9d7,0,5,0.017813246697187424,L2
SHB_1cafa8cedd0ac8ae,0,4,0.006754384841769934,L1
SHB_f70b8a2d19284967,0,2,0.003401797730475664,L1
SHB_c37fc7aa473c8647,0,3,0.0011655205162242055,L1
SHB_62079d88a895d5df,0,1,0.16219443082809448,L5
SHB_12e1da7228765e76,0,4,0.0003022362943738699,L1
SHB_922c3d4ba54e5451,0,3,0.04349111020565033,L4
SHB_6206a145a36f8772,0,3,0.005262863822281361,L1
SHB_e5e6f468c2308690,0,2,0.005426032468676567,L1
SHB_0ff4c1155f9e9b79,0,4,0.0004535204207058996,L1
SHB_44f0199b43eb4f97,0,1,0.12882649898529053,L5
SHB_97d735703816d173,0,1,0.02869694121181965,L3
SHB_ecee2133c8365647,0,5,0.010523156262934208,L2
SHB_a205ad17e9aba4a7,0,3,0.08154671639204025,L5
SHB_76b4214053405cde,0,3,0.013655691407620907,L2
SHB_d34303635d99b014,0,1,0.001737446989864111,L1
SHB_5f77133232bdce6c,0,4,0.005576211493462324,L1
SHB_8908ad76240ef528,0,3,0.006643163971602917,L1
SHB_ba62725d4adec67a,0,3,0.007361716125160456,L1
SHB_03b866b39ee4753e,0,3,0.012771524488925934,L2
SHB_1e1ef1040550648a,0,1,0.001975789200514555,L1
SHB_f2a92a1245a2b711,0,4,0.00228613312356174,L1
