precision,recall,threshold
0.0191,1.0,7.789673691149801e-05
0.019101910191019103,1.0,8.569595229346305e-05
0.019103820764152832,1.0,9.329420572612435e-05
0.019105731719515854,1.0,9.800459520192817e-05
0.01910764305722289,1.0,0.00010598840890452266
0.019109554777388696,1.0,0.0001129385782405734
0.019111466880128075,1.0,0.00011306897067697719
0.019113379365555887,1.0,0.00011517769598867744
0.01911529223378703,1.0,0.00011787827679654583
0.019117205484936443,1.0,0.00011920247197849676
0.019119119119119118,1.0,0.00011978689872194082
0.019121033136450097,1.0,0.00012232741573825479
0.019122947537044452,1.0,0.00012550567043945193
0.019124862321017323,1.0,0.00012559066817630082
0.019126777488483876,1.0,0.00013199527165852487
0.01912869303955934,1.0,0.0001332850952167064
0.019130608974358976,1.0,0.00013390024832915515
0.019132525292998095,1.0,0.00013650255277752876
0.019134441995592066,1.0,0.00014054430357646197
0.019136359082256287,1.0,0.00014078746607992798
0.019138276553106213,1.0,0.00014088698662817478
0.01914019440825734,1.0,0.00014171615475788713
0.019142112647825216,1.0,0.0001423471258021891
0.01914403127192543,1.0,0.00014292598643805832
0.019145950280673618,1.0,0.00014323991490527987
0.019147869674185462,1.0,0.00014535593800246716
0.0191497894525767,1.0,0.00014961468696128577
0.0191517096159631,1.0,0.00015141224139370024
0.019153630164460488,1.0,0.00015281335799954832
0.019155551098184734,1.0,0.00015294324839487672
0.019157472417251756,1.0,0.0001531198067823425
0.01915939412177751,1.0,0.00015545051428489387
0.01916131621187801,1.0,0.00015734336921013892
0.01916323868766931,1.0,0.00015855923993512988
0.01916516154926751,1.0,0.00015869081835262477
0.01916708479678876,1.0,0.00015952160174492747
0.019169008430349257,1.0,0.00016242744459304959
0.01917093245006524,1.0,0.00016260534175671637
0.019172856856053,1.0,0.00016267280443571508
0.01917478164842887,1.0,0.0001632388448342681
0.019176706827309237,1.0,0.0001665315794525668
0.01918248468414181,1.0,0.00016720716666895896
0.019184411410204903,1.0,0.00016937038162723184
0.0191863385233551,1.0,0.0001710874930722639
0.01918826602370906,1.0,0.0001714246900519356
0.0191901939113835,1.0,0.0001717882842058316
0.019192122186495176,1.0,0.00017194691463373601
0.019194050849160888,1.0,0.00017349830886814743
0.01919597989949749,1.0,0.0001764959015417844
0.01919790933762187,1.0,0.00017682705947663635
0.019199839163650985,1.0,0.00017718503659125417
0.019201769377701818,1.0,0.00017753391875885427
0.019203699979891412,1.0,0.00017804298840928823
0.019205630970336854,1.0,0.00017989313346333802
0.019207562349155268,1.0,0.00018016160174738616
0.019209494116463843,1.0,0.0001802272308850661
0.019211426272379803,1.0,0.00018086747149936855
0.01921335881702042,1.0,0.00018109145457856357
0.01921529175050302,1.0,0.0001828708773246035
0.019219158784463675,1.0,0.00018302106764167547
0.01922109288517661,1.0,0.0001830280525609851
0.019223027375201287,1.0,0.00018493933021090925
0.01922496225465526,1.0,0.00018543550686445087
0.019226897523656132,1.0,0.00018637160246726125
0.019228833182321554,1.0,0.0001868096151156351
0.019230769230769232,1.0,0.0001870768319349736
0.019232705669116907,1.0,0.00019019813043996692
0.019234642497482378,1.0,0.00019036594312638044
0.01923657971598348,1.0,0.00019226838776376098
0.019238517324738115,1.0,0.00019248464377596974
0.01924045532386421,1.0,0.00019569297728594393
0.01924239371347975,1.0,0.00019767257617786527
0.01924433249370277,1.0,0.00019842982874251902
0.01924627166465135,1.0,0.00019930224516429007
0.019248211226443615,1.0,0.00019938853802159429
0.019250151179197744,1.0,0.0001995544007513672
0.019252091523031954,1.0,0.000201736853341572
0.019254032258064515,1.0,0.0002018174564000219
0.01925597338441375,1.0,0.00020304019562900066
0.019257914902198022,1.0,0.00020332730491645634
0.019259856811535747,1.0,0.00020403771486598998
0.019261799112545382,1.0,0.00020526431035250425
0.019263741805345437,1.0,0.00020572415087372065
0.01926568489005447,1.0,0.00020822370424866676
0.019267628366791082,1.0,0.000212342623854056
0.01926957223567393,1.0,0.00021414771617855877
0.019271516496821715,1.0,0.0002158693241653964
0.01927346115035318,1.0,0.0002159133873647079
0.019275406196387124,1.0,0.00021665742679033428
0.01927735163504239,1.0,0.00021784288401249796
0.019279297466437872,1.0,0.0002180517476517707
0.01928124369069251,1.0,0.00021851981000509113
0.01928319030792529,1.0,0.0002186442434322089
0.01928513731825525,1.0,0.00021944854233879596
0.019287084721801476,1.0,0.00022083196381572634
0.019289032518683094,1.0,0.00022230949252843857
0.01929098070901929,1.0,0.00022431711840908974
0.019292929292929292,1.0,0.0002249965473311022
0.019294878270532376,1.0,0.00022621835523750633
0.01929682764194787,1.0,0.00022714601072948426
0.01929877740729514,1.0,0.00022745656315237284
0.019300727566693612,1.0,0.00022760276624467224
0.01930267812026276,1.0,0.0002278587780892849
0.019304629068122095,1.0,0.00022958900080993772
0.019306580410391187,1.0,0.00023012944438960403
0.01930853214718965,1.0,0.00023025674454402179
0.019310484278637144,1.0,0.0002309163101017475
0.019312436804853388,1.0,0.00023104161664377898
0.019314389725958135,1.0,0.000231186393648386
0.019316343042071197,1.0,0.00023145634622778744
0.019318296753312432,1.0,0.00023225329641718417
0.01932025085980174,1.0,0.00023294120910577476
0.01932220536165908,1.0,0.00023346839589066803
0.019324160259004453,1.0,0.0002348510461160913
0.019328071240639545,1.0,0.00023755666916258633
0.019330027325169516,1.0,0.0002385592379141599
0.019331983805668015,1.0,0.00024169115931726992
0.019333940682255288,1.0,0.0002423335681669414
0.01933589795505163,1.0,0.000243660164414905
0.01933785562417738,1.0,0.0002466358128003776
0.019339813689752936,1.0,0.00024790558381937444
0.019343731010735263,1.0,0.00024827884044498205
0.019345690266383064,1.0,0.00024834537180140615
0.019347649918962723,1.0,0.00024922704324126244
0.019349609968594875,1.0,0.00024973059771582484
0.019351570415400202,1.0,0.00025012140395119786
0.019353531259499443,1.0,0.00025071375421248376
0.019355492501013375,1.0,0.0002509857004042715
0.019357454140062836,1.0,0.00025100004859268665
0.0193594161767687,1.0,0.00025108238332904875
0.019361378611251902,1.0,0.000251397374086082
0.019363341443633414,1.0,0.0002515671367291361
0.01936530467403427,1.0,0.0002524147857911885
0.01936726830257554,1.0,0.0002524889132473618
0.019369232329378358,1.0,0.00025284712319262326
0.019373161578253372,1.0,0.00025351287331432104
0.019375126800568066,1.0,0.0002547167823649943
0.0193770924216293,1.0,0.00025538550107739866
0.01937905844155844,1.0,0.0002558792766649276
0.019381024860476916,1.0,0.00025659584207460284
0.01938299167850619,1.0,0.00025682663545012474
0.019384958895767787,1.0,0.00025694273062981665
0.019386926512383273,1.0,0.00025765044847503304
0.019388894528474268,1.0,0.0002581789158284664
0.019390862944162437,1.0,0.00025878861197270453
0.0193928317595695,1.0,0.00025893497513607144
0.01939480097481722,1.0,0.0002595934784039855
0.019400711020822754,1.0,0.0002610255323816091
0.019402681836651767,1.0,0.0002613507385831326
0.019404653052931018,1.0,0.0002627821813803166
0.019406624669782564,1.0,0.00026306495419703424
0.019408596687328524,1.0,0.00026349996915087104
0.019410569105691056,1.0,0.0002637093421071768
0.019412541924992376,1.0,0.00026380387134850025
0.019414515145354746,1.0,0.0002641018363647163
0.019416488766900476,1.0,0.00026510466705076396
0.01941846278975193,1.0,0.0002655083662830293
0.01942043721403152,1.0,0.0002655511489138007
0.019422412039861704,1.0,0.0002657408476807177
0.019424387267364996,1.0,0.00026599838747642934
0.019426362896663954,1.0,0.0002660412574186921
0.019428338927881192,1.0,0.0002682275080587715
0.01943031536113937,1.0,0.00026853097369894385
0.019432292196561198,1.0,0.0002687771338969469
0.019434269434269433,1.0,0.0002688591193873435
0.019436247074386893,1.0,0.0002696374722290784
0.019438225117036433,1.0,0.00026978584355674684
0.01944020356234097,1.0,0.0002701925695873797
0.019442182410423454,1.0,0.0002702814235817641
0.019342359767891684,0.9947643979057592,0.0002713985159061849
0.01934432905721849,0.9947643979057592,0.00027223429060541093
0.019346298747581713,0.9947643979057592,0.00027226205565966666
0.019348268839103868,0.9947643979057592,0.000272537610726431
0.019350239331907527,0.9947643979057592,0.00027325545670464635
0.019352210226115298,0.9947643979057592,0.000273428246146068
0.019354181521849853,0.9947643979057592,0.00027402874547988176
0.019356153219233903,0.9947643979057592,0.00027403084095567465
0.01935812531839022,0.9947643979057592,0.00027568358927965164
0.019360097819441615,0.9947643979057592,0.00027617134037427604
0.01936404402772116,0.9947643979057592,0.0002766456746030599
0.01936601773519519,0.9947643979057592,0.00027688450063578784
0.019367991845056064,0.9947643979057592,0.000277643179288134
0.019369966357426854,0.9947643979057592,0.0002777506597340107
0.01937194127243067,0.9947643979057592,0.0002777705085463822
0.01937391659019068,0.9947643979057592,0.0002783150121103972
0.019375892310830103,0.9947643979057592,0.00027956333360634744
0.019377868434472208,0.9947643979057592,0.0002796822227537632
0.01937984496124031,0.9947643979057592,0.0002797691849991679
0.01938182189125778,0.9947643979057592,0.00027980838785879314
0.01938379922464803,0.9947643979057592,0.00028050312539562583
0.019385776961534536,0.9947643979057592,0.0002813736500684172
0.019387755102040816,0.9947643979057592,0.0002827273274306208
0.019389733646290437,0.9947643979057592,0.0002843538823071867
0.019391712594407022,0.9947643979057592,0.0002845852286554873
0.01939369194651424,0.9947643979057592,0.000284750247374177
0.01939567170273581,0.9947643979057592,0.00028613462927751243
0.019397651863195507,0.9947643979057592,0.000286427210085094
0.019399632428017153,0.9947643979057592,0.0002869520103558898
0.01940161339732462,0.9947643979057592,0.00028741281130351126
0.01940359477124183,0.9947643979057592,0.00028755643870681524
0.019405576549892757,0.9947643979057592,0.00028821625164709985
0.01940954132189192,0.9947643979057592,0.0002883424167521298
0.019411524315488354,0.9947643979057592,0.00028879387537017465
0.019413507714314906,0.9947643979057592,0.00029011437436565757
0.01941549151849581,0.9947643979057592,0.00029034403269179165
0.019317252657399836,0.9895287958115183,0.0002906503505073488
0.019319227230910764,0.9895287958115183,0.0002922330459114164
0.019321202208137395,0.9895287958115183,0.00029265935881994665
0.019323177589203558,0.9895287958115183,0.00029275647830218077
0.01932515337423313,0.9895287958115183,0.00029318383894860744
0.019327129563350035,0.9895287958115183,0.0002944808511529118
0.019329106156678256,0.9895287958115183,0.0002966424508485943
0.019331083154341823,0.9895287958115183,0.0002967298496514559
0.01933306055646481,0.9895287958115183,0.0002967878244817257
0.019335038363171356,0.9895287958115183,0.0002976875694002956
0.019337016574585635,0.9895287958115183,0.0002979931014124304
0.019338995190831883,0.9895287958115183,0.0002981698780786246
0.019340974212034383,0.9895287958115183,0.0002981965953949839
0.01934295363831747,0.9895287958115183,0.0002984608290717006
0.019344933469805526,0.9895287958115183,0.0002990139473695308
0.01934691370662299,0.9895287958115183,0.0002991605142597109
0.01934889434889435,0.9895287958115183,0.00029927119612693787
0.019350875396744138,0.9895287958115183,0.0002996426192112267
0.01935285685029695,0.9895287958115183,0.0003005670732818544
0.019356820975010243,0.9895287958115183,0.00030066908220760524
0.019358803646420158,0.9895287958115183,0.0003007189661730081
0.01936078672403196,0.9895287958115183,0.00030108389910310507
0.019362770207970496,0.9895287958115183,0.00030159411835484207
0.019364754098360654,0.9895287958115183,0.000301701104035601
0.01936673839532739,0.9895287958115183,0.0003018627758137882
0.019368723098995694,0.9895287958115183,0.0003019612340722233
0.019370708209490623,0.9895287958115183,0.0003022362943738699
0.01937269372693727,0.9895287958115183,0.00030251446878537536
0.01937467965146079,0.9895287958115183,0.0003026266931556165
0.019376665983186384,0.9895287958115183,0.0003030297521036118
0.01937865272223931,0.9895287958115183,0.0003033543471246958
0.019380639868744873,0.9895287958115183,0.0003052939136978239
0.019384615384615386,0.9895287958115183,0.0003060238959733397
0.019386603754231204,0.9895287958115183,0.00030608955421485007
0.019388592531801394,0.9895287958115183,0.00030617244192399085
0.019390581717451522,0.9895287958115183,0.00030645073275081813
0.019392571311307203,0.9895287958115183,0.00030661848722957075
0.0193945613134941,0.9895287958115183,0.00030670242267660797
0.01939655172413793,0.9895287958115183,0.0003072576073464006
0.019398542543364466,0.9895287958115183,0.0003079414600506425
0.01940053377129953,0.9895287958115183,0.00030813648481853306
0.019402525408068985,0.9895287958115183,0.0003089304082095623
0.01940451745379877,0.9895287958115183,0.00030918995616957545
0.01940650990861485,0.9895287958115183,0.0003107458760496229
0.019408502772643253,0.9895287958115183,0.00031097614555619657
0.019410496046010063,0.9895287958115183,0.00031103368382900953
0.019412489728841412,0.9895287958115183,0.00031115912133827806
0.01941448382126348,0.9895287958115183,0.00031125257373787463
0.019416478323402507,0.9895287958115183,0.00031130333081819117
0.019418473235384773,0.9895287958115183,0.00031193316681310534
0.01942046855733662,0.9895287958115183,0.0003124769718851894
0.01942246428938444,0.9895287958115183,0.00031254609348252416
0.019424460431654675,0.9895287958115183,0.00031281437259167433
0.01942645698427382,0.9895287958115183,0.00031367805786430836
0.01942845394736842,0.9895287958115183,0.0003136876330245286
0.019430451321065075,0.9895287958115183,0.00031405987101607025
0.019432449105490437,0.9895287958115183,0.0003144259680993855
0.019434447300771207,0.9895287958115183,0.00031478021992370486
0.019436445907034142,0.9895287958115183,0.0003149831318296492
0.019438444924406047,0.9895287958115183,0.0003150786506012082
0.019440444353013783,0.9895287958115183,0.000315413431962952
0.01944244419298426,0.9895287958115183,0.0003154435253236443
0.019444444444444445,0.9895287958115183,0.0003154925361741334
0.01944644510752135,0.9895287958115183,0.00031575493630953133
0.019448446182342045,0.9895287958115183,0.00031581061193719506
0.019450447669033654,0.9895287958115183,0.0003159666375722736
0.019452449567723344,0.9895287958115183,0.0003160663472954184
0.019454451878538344,0.9895287958115183,0.0003162460052408278
0.01945645460160593,0.9895287958115183,0.0003168534894939512
0.019458457737053434,0.9895287958115183,0.0003177658945787698
0.019460461285008238,0.9895287958115183,0.00031865114578977227
0.019462465245597776,0.9895287958115183,0.00031890245736576617
0.019464469618949536,0.9895287958115183,0.0003191768191754818
0.01946647440519106,0.9895287958115183,0.00031967685208655894
0.01946847960444994,0.9895287958115183,0.00031990918796509504
0.019470485216853815,0.9895287958115183,0.0003200229548383504
0.019472491242530393,0.9895287958115183,0.00032029428984969854
0.01947449768160742,0.9895287958115183,0.0003205949324183166
0.019476504534212697,0.9895287958115183,0.00032188580371439457
0.01947851180047408,0.9895287958115183,0.00032241252483800054
0.01948051948051948,0.9895287958115183,0.0003226625267416239
0.019482527574476858,0.9895287958115183,0.00032356634619645774
0.019484536082474226,0.9895287958115183,0.00032409641426056623
0.019486545004639654,0.9895287958115183,0.0003255053306929767
0.019488554341101257,0.9895287958115183,0.00032608149922452867
0.01949056409198721,0.9895287958115183,0.00032636080868542194
0.019492574257425743,0.9895287958115183,0.00032642489532008767
0.019494584837545126,0.9895287958115183,0.0003270612796768546
0.019496595832473696,0.9895287958115183,0.0003270759480074048
0.019498607242339833,0.9895287958115183,0.00032717949943616986
0.019500619067271976,0.9895287958115183,0.0003284649283159524
0.019502631307398616,0.9895287958115183,0.0003284777922090143
0.019506657033749614,0.9895287958115183,0.0003291231987532228
0.019508670520231215,0.9895287958115183,0.00032955993083305657
0.019510684422421803,0.9895287958115183,0.0003301587130408734
0.019512698740450134,0.9895287958115183,0.0003303441626485437
0.019514713474445017,0.9895287958115183,0.0003305253048893064
0.019516728624535316,0.9895287958115183,0.0003306749858893454
0.019518744190849945,0.9895287958115183,0.00033072198857553303
0.01952076017351787,0.9895287958115183,0.0003307932347524911
0.019522776572668113,0.9895287958115183,0.0003308569430373609
0.019524793388429752,0.9895287958115183,0.00033225028892047703
0.019526810620931916,0.9895287958115183,0.0003323769778944552
0.01952882827030378,0.9895287958115183,0.00033261789940297604
0.01953084633667459,0.9895287958115183,0.0003333572531118989
0.019532864820173624,0.9895287958115183,0.00033400431857444346
0.01953488372093023,0.9895287958115183,0.0003343707066960633
0.019536903039073805,0.9895287958115183,0.0003347208839841187
0.019538922774733795,0.9895287958115183,0.0003350194019731134
0.019540942928039703,0.9895287958115183,0.0003350951010361314
0.019542963499121085,0.9895287958115183,0.00033735184115357697
0.01954498448810755,0.9895287958115183,0.0003374988737050444
0.019547005895128762,0.9895287958115183,0.00033820842509157956
0.01954902772031444,0.9895287958115183,0.0003382800205145031
0.01955104996379435,0.9895287958115183,0.0003382829308975488
0.019553072625698324,0.9895287958115183,0.00033861963311210275
0.019555095706156232,0.9895287958115183,0.00033966833143495023
0.019559143123253648,0.9895287958115183,0.00034008792135864496
0.019561167460153177,0.9895287958115183,0.0003401224676053971
0.019563192216126696,0.9895287958115183,0.00034012264222837985
0.01956521739130435,0.9895287958115183,0.0003413122904021293
0.019567242985816337,0.9895287958115183,0.0003414128441363573
0.01956926899979292,0.9895287958115183,0.0003424329624976963
0.0195712954333644,0.9895287958115183,0.00034258217783644795
0.019573322286661143,0.9895287958115183,0.0003426035982556641
0.01957534955981357,0.9895287958115183,0.0003426694020163268
0.019577377252952145,0.9895287958115183,0.00034273508936166763
0.019579405366207395,0.9895287958115183,0.0003434636746533215
0.019581433899709906,0.9895287958115183,0.0003435401595197618
0.019583462853590302,0.9895287958115183,0.00034500149195082486
0.019585492227979274,0.9895287958115183,0.0003455887781456113
0.019587522023007564,0.9895287958115183,0.00034576686448417604
0.01958955223880597,0.9895287958115183,0.0003460405860096216
0.019591582875505338,0.9895287958115183,0.0003462804888840765
0.019593613933236574,0.9895287958115183,0.0003463894536253065
0.019595645412130637,0.9895287958115183,0.0003466851485427469
0.01959767731231854,0.9895287958115183,0.0003468416689429432
0.01959970963393135,0.9895287958115183,0.000347898923791945
0.019601742377100186,0.9895287958115183,0.000348056317307055
0.01960377554195623,0.9895287958115183,0.00034838862484321
0.019605809128630705,0.9895287958115183,0.000349165202351287
0.0196078431372549,0.9895287958115183,0.00034953939029946923
0.01960987756796016,0.9895287958115183,0.0003495702112559229
0.019611912420877866,0.9895287958115183,0.00034966118982993066
0.019613947696139476,0.9895287958115183,0.00035008881241083145
0.01961598339387649,0.9895287958115183,0.0003502605832181871
0.01961801951422047,0.9895287958115183,0.00035060953814536333
0.01962005605730302,0.9895287958115183,0.00035265658516436815
0.019622093023255814,0.9895287958115183,0.00035297611611895263
0.01962413041221057,0.9895287958115183,0.00035322117037139833
0.019626168224299065,0.9895287958115183,0.00035360627225600183
0.01962820645965313,0.9895287958115183,0.00035361890331842005
0.01963024511840465,0.9895287958115183,0.000353705050656572
0.019632284200685572,0.9895287958115183,0.00035411398857831955
0.019634323706627883,0.9895287958115183,0.00035415872116573155
0.019636363636363636,0.9895287958115183,0.0003543224884197116
0.01963840399002494,0.9895287958115183,0.00035443686647340655
0.019640444767743948,0.9895287958115183,0.0003544747014530003
0.01964248596965288,0.9895287958115183,0.0003546369553077966
0.019644527595884004,0.9895287958115183,0.00035475901677273214
0.019646569646569648,0.9895287958115183,0.0003550091932993382
0.01964861212184219,0.9895287958115183,0.00035508282599039376
0.019650655021834062,0.9895287958115183,0.0003559569304343313
0.01965269834667776,0.9895287958115183,0.000356627773726359
0.019654742096505824,0.9895287958115183,0.0003570410772226751
0.019656786271450857,0.9895287958115183,0.0003570788830984384
0.01965883087164552,0.9895287958115183,0.00035730190575122833
0.019660875897222513,0.9895287958115183,0.00035734279663302004
0.019662921348314606,0.9895287958115183,0.0003578533069230616
0.019664967225054626,0.9895287958115183,0.00035869935527443886
0.019667013527575442,0.9895287958115183,0.00035988513263873756
0.01966906025600999,0.9895287958115183,0.0003599743649829179
0.019671107410491256,0.9895287958115183,0.0003608794359024614
0.019673154991152283,0.9895287958115183,0.0003618694026954472
0.01967520299812617,0.9895287958115183,0.00036293105222284794
0.01967725143154607,0.9895287958115183,0.00036351365270093083
0.01967930029154519,0.9895287958115183,0.00036420777905732393
0.019681349578256794,0.9895287958115183,0.00036470513441599905
0.019683399291814205,0.9895287958115183,0.0003649186692200601
0.019685449432350798,0.9895287958115183,0.00036493901279754937
0.0196875,0.9895287958115183,0.00036534108221530914
0.0196895509948953,0.9895287958115183,0.0003667328564915806
0.019691602417170245,0.9895287958115183,0.0003670560254249722
0.019693654266958426,0.9895287958115183,0.00036714773159474134
0.019695706544393496,0.9895287958115183,0.0003676140622701496
0.019697759249609172,0.9895287958115183,0.00036801592796109617
0.019699812382739212,0.9895287958115183,0.0003681792877614498
0.01970186594391744,0.9895287958115183,0.00036866869777441025
0.019703919933277733,0.9895287958115183,0.0003687488497234881
0.01970597435095402,0.9895287958115183,0.00036934978561475873
0.01970802919708029,0.9895287958115183,0.00036963526508770883
0.019710084471790592,0.9895287958115183,0.0003696604399010539
0.019712140175219023,0.9895287958115183,0.00036998128052800894
0.01971419630749974,0.9895287958115183,0.00037035695277154446
0.01971625286876695,0.9895287958115183,0.000370843248674646
0.01971830985915493,0.9895287958115183,0.0003709541051648557
0.019720367278797998,0.9895287958115183,0.0003709814918693155
0.019722425127830533,0.9895287958115183,0.0003710455202963203
0.019724483406386977,0.9895287958115183,0.00037223187973722816
0.019728601252609602,0.9895287958115183,0.00037236762000247836
0.01973066082054494,0.9895287958115183,0.0003725330752786249
0.019732720818542493,0.9895287958115183,0.0003727071452885866
0.019734781246736974,0.9895287958115183,0.0003728910814970732
0.019736842105263157,0.9895287958115183,0.00037318107206374407
0.019738903394255873,0.9895287958115183,0.00037412290112115443
0.019740965113850012,0.9895287958115183,0.0003746678994502872
0.019743027264180507,0.9895287958115183,0.00037476758006960154
0.019745089845382365,0.9895287958115183,0.00037488710950128734
0.019747152857590638,0.9895287958115183,0.00037515826988965273
0.01974921630094044,0.9895287958115183,0.00037535233423113823
0.019751280175566936,0.9895287958115183,0.0003754588251467794
0.01975540921919097,0.9895287958115183,0.0003755431098397821
0.019757474388459127,0.9895287958115183,0.0003756000369321555
0.019759539989545216,0.9895287958115183,0.00037582998629659414
0.019761606022584692,0.9895287958115183,0.0003759335377253592
0.01976367248771306,0.9895287958115183,0.00037628403515554965
0.019765739385065886,0.9895287958115183,0.0003763407003134489
0.019767806714778787,0.9895287958115183,0.0003767186717595905
0.01976987447698745,0.9895287958115183,0.00037693764897994697
0.019771942671827598,0.9895287958115183,0.00037735741352662444
0.01977401129943503,0.9895287958115183,0.00037748945760540664
0.01977608035994559,0.9895287958115183,0.00037773046642541885
0.019778149853495186,0.9895287958115183,0.00037807071930728853
0.01978021978021978,0.9895287958115183,0.00037961575435474515
0.01978229014025539,0.9895287958115183,0.000380070909159258
0.01978436093373809,0.9895287958115183,0.0003803852014243603
0.01978643216080402,0.9895287958115183,0.0003805676242336631
0.01978850382158936,0.9895287958115183,0.00038064763066358864
0.019790575916230367,0.9895287958115183,0.00038147150189615786
0.019792648444863337,0.9895287958115183,0.0003816835815086961
0.019794721407624633,0.9895287958115183,0.0003817676624748856
0.019796794804650675,0.9895287958115183,0.0003819609701167792
0.019798868636077938,0.9895287958115183,0.00038228207267820835
0.019800942902042956,0.9895287958115183,0.00038241202128119767
0.019803017602682313,0.9895287958115183,0.00038278696592897177
0.019805092738132662,0.9895287958115183,0.00038370967376977205
0.019807168308530708,0.9895287958115183,0.0003838000411633402
0.019809244314013204,0.9895287958115183,0.0003838294942397624
0.01981132075471698,0.9895287958115183,0.0003839753335341811
0.019813397630778908,0.9895287958115183,0.0003842684382107109
0.01981547494233592,0.9895287958115183,0.0003846270847134292
0.01981755268952501,0.9895287958115183,0.00038503538235090673
0.019819630872483222,0.9895287958115183,0.00038522816612385213
0.019821709491347667,0.9895287958115183,0.000385729392291978
0.019823788546255508,0.9895287958115183,0.0003869397914968431
0.019825868037343965,0.9895287958115183,0.00038720693555660546
0.019827947964750316,0.9895287958115183,0.0003879912255797535
0.019830028328611898,0.9895287958115183,0.00038803208735771477
0.019832109129066106,0.9895287958115183,0.0003892318927682936
0.019834190366250393,0.9895287958115183,0.0003900619049090892
0.019836272040302267,0.9895287958115183,0.00039035911322571337
0.019838354151359296,0.9895287958115183,0.0003904102777596563
0.0198404366995591,0.9895287958115183,0.00039043559809215367
0.01984251968503937,0.9895287958115183,0.0003904890036210418
0.01984460310793784,0.9895287958115183,0.0003906422352883965
0.019846686968392313,0.9895287958115183,0.00039178438601084054
0.01984877126654064,0.9895287958115183,0.0003920085437130183
0.019850856002520744,0.9895287958115183,0.0003922668402083218
0.019852941176470587,0.9895287958115183,0.0003926664066966623
0.019855026788528206,0.9895287958115183,0.0003930328821297735
0.019857112838831688,0.9895287958115183,0.0003941776813007891
0.019859199327519176,0.9895287958115183,0.00039433702477253973
0.01986128625472888,0.9895287958115183,0.00039435771759599447
0.019863373620599055,0.9895287958115183,0.0003945222415495664
0.019865461425268027,0.9895287958115183,0.00039468679460696876
0.01986963835155593,0.9895287958115183,0.0003948041994590312
0.019871727473451794,0.9895287958115183,0.0003948200319427997
0.019873817034700314,0.9895287958115183,0.0003956291184294969
0.01987590703544011,0.9895287958115183,0.00039614352863281965
0.019877997475809844,0.9895287958115183,0.0003962318878620863
0.019880088355948247,0.9895287958115183,0.00039629460661672056
0.019882179675994108,0.9895287958115183,0.0003965018840972334
0.01988427143608627,0.9895287958115183,0.00039665953954681754
0.019886363636363636,0.9895287958115183,0.00039667560486122966
0.01988845627696517,0.9895287958115183,0.00039690823177807033
0.019890549358029887,0.9895287958115183,0.00039742179797030985
0.019892642879696873,0.9895287958115183,0.00039758096681907773
0.019894736842105264,0.9895287958115183,0.00039937125984579325
0.01989683124539425,0.9895287958115183,0.00039998983265832067
0.019898926089703096,0.9895287958115183,0.00040051675750873983
0.019901021375171107,0.9895287958115183,0.00040055287536233664
0.019903117101937658,0.9895287958115183,0.0004006416420452297
0.01990521327014218,0.9895287958115183,0.00040064507629722357
0.019907309879924163,0.9895287958115183,0.00040069816168397665
0.019909406931423155,0.9895287958115183,0.00040078049642033875
0.01991150442477876,0.9895287958115183,0.0004010933334939182
0.01991360236013065,0.9895287958115183,0.0004018344625364989
0.019915700737618548,0.9895287958115183,0.0004027400864288211
0.01991779955738223,0.9895287958115183,0.00040298106614500284
0.019919898819561552,0.9895287958115183,0.00040445951162837446
0.019921998524296405,0.9895287958115183,0.00040484408964402974
0.019924098671726755,0.9895287958115183,0.00040551196434535086
0.01992619926199262,0.9895287958115183,0.00040567026007920504
0.01992830029523408,0.9895287958115183,0.00040646441630087793
0.019930401771591267,0.9895287958115183,0.00040675821946933866
0.019932503691204386,0.9895287958115183,0.00040709300083108246
0.01993460605421369,0.9895287958115183,0.0004072752199135721
0.019936708860759492,0.9895287958115183,0.0004079021455254406
0.01993881211098217,0.9895287958115183,0.0004080620128661394
0.019940915805022157,0.9895287958115183,0.000408370018703863
0.019943019943019943,0.9895287958115183,0.00040844769682735205
0.019945124525116084,0.9895287958115183,0.00040866094059310853
0.019947229551451187,0.9895287958115183,0.00040907543734647334
0.019949335022165927,0.9895287958115183,0.00040916085708886385
0.019951440937401036,0.9895287958115183,0.0004093982570338994
0.019953547297297296,0.9895287958115183,0.0004095065814908594
0.019955654101995565,0.9895287958115183,0.00040991275454871356
0.01995776135163675,0.9895287958115183,0.00041023234371095896
0.019959869046361812,0.9895287958115183,0.00041048662387765944
0.019961977186311788,0.9895287958115183,0.0004105531261302531
0.01996408577162776,0.9895287958115183,0.00041106579010374844
0.019966194802450876,0.9895287958115183,0.0004115089832339436
0.019968304278922346,0.9895287958115183,0.0004119868972338736
0.019970414201183433,0.9895287958115183,0.0004131651949137449
0.019972524569375462,0.9895287958115183,0.00041375821456313133
0.019976746644117957,0.9895287958115183,0.0004138067306485027
0.019978858350951374,0.9895287958115183,0.00041479841456748545
0.019980970504281638,0.9895287958115183,0.0004163849225733429
0.01998308310425037,0.9895287958115183,0.00041638771654106677
0.01998519615099926,0.9895287958115183,0.0004165361460763961
0.01998730964467005,0.9895287958115183,0.0004165367572568357
0.019989423585404547,0.9895287958115183,0.00041706542833708227
0.019991537973344617,0.9895287958115183,0.00041830530972220004
0.01999365280863218,0.9895287958115183,0.00041835472802631557
0.019995768091409225,0.9895287958115183,0.0004187859012745321
0.019997883821817795,0.9895287958115183,0.00041996463551186025
0.02,0.9895287958115183,0.00042013940401375294
0.020002116626098,0.9895287958115183,0.00042019790271297097
0.02000423370025402,0.9895287958115183,0.00042150012450292706
0.020006351222610352,0.9895287958115183,0.0004217855166643858
0.020008469193309338,0.9895287958115183,0.00042189189116470516
0.020010587612493382,0.9895287958115183,0.0004222620336804539
0.020012706480304957,0.9895287958115183,0.00042293823207728565
0.02001482579688658,0.9895287958115183,0.00042338058119639754
0.02001694556238085,0.9895287958115183,0.0004237156535964459
0.02001906577693041,0.9895287958115183,0.00042442939593456686
0.020021186440677966,0.9895287958115183,0.00042484854930080473
0.02002330755376629,0.9895287958115183,0.0004248558543622494
0.020025429116338207,0.9895287958115183,0.0004251546342857182
0.02002755112853661,0.9895287958115183,0.0004252348735462874
0.02003179650238474,0.9895287958115183,0.0004255410749465227
0.020033919864320543,0.9895287958115183,0.0004260599671397358
0.020036043676455,0.9895287958115183,0.000426304352004081
0.020038167938931296,0.9895287958115183,0.00042657507583498955
0.020040292651892694,0.9895287958115183,0.00042697478784248233
0.020042417815482504,0.9895287958115183,0.0004270041245035827
0.0200445434298441,0.9895287958115183,0.00042706477688625455
0.020046669495120916,0.9895287958115183,0.000427148217568174
0.020048796011456455,0.9895287958115183,0.00042720852070488036
0.020053050397877983,0.9895287958115183,0.0004278870765119791
0.020055178268251272,0.9895287958115183,0.0004283082380425185
0.02005730659025788,0.9895287958115183,0.00042891723569482565
0.020059435364041606,0.9895287958115183,0.00042906549060717225
0.02006156458974631,0.9895287958115183,0.00042938502156175673
0.020063694267515923,0.9895287958115183,0.0004295322287362069
0.020065824397494426,0.9895287958115183,0.000429977138992399
0.020067954979825865,0.9895287958115183,0.0004302907909732312
0.020070086014654348,0.9895287958115183,0.0004304251342546195
0.020072217502124044,0.9895287958115183,0.0004307886410970241
0.020074349442379184,0.9895287958115183,0.00043195171747356653
0.020076481835564052,0.9895287958115183,0.00043264692067168653
0.02007861468182301,0.9895287958115183,0.0004328321374487132
0.020080747981300467,0.9895287958115183,0.0004329949733801186
0.020082881734140898,0.9895287958115183,0.00043319581891410053
0.02008501594048884,0.9895287958115183,0.00043323132558725774
0.020087150600488893,0.9895287958115183,0.00043344241566956043
0.020089285714285716,0.9895287958115183,0.0004336273414082825
0.020091421282024024,0.9895287958115183,0.000434619520092383
0.020093557303848607,0.9895287958115183,0.00043734401697292924
0.020095693779904306,0.9895287958115183,0.0004378170124255121
0.020097830710336027,0.9895287958115183,0.000438349467003718
0.020099968095288738,0.9895287958115183,0.0004384186177048832
0.020102105934907466,0.9895287958115183,0.0004389118403196335
0.020104244229337303,0.9895287958115183,0.0004389271489344537
0.020106382978723403,0.9895287958115183,0.0004391099791973829
0.02010852218321098,0.9895287958115183,0.00043965555960312486
0.02011066184294531,0.9895287958115183,0.0004397437733132392
0.020112801958071726,0.9895287958115183,0.00044014008017256856
0.020114942528735632,0.9895287958115183,0.0004407343512866646
0.02011708355508249,0.9895287958115183,0.0004413692222442478
0.020119225037257823,0.9895287958115183,0.00044148179586045444
0.02012136697540722,0.9895287958115183,0.0004421118355821818
0.02012350936967632,0.9895287958115183,0.0004422026686370373
0.02012565222021084,0.9895287958115183,0.0004423445207066834
0.020127795527156548,0.9895287958115183,0.0004434511065483093
0.02012993929065928,0.9895287958115183,0.00044454410090111196
0.020132083510864932,0.9895287958115183,0.0004445686936378479
0.020134228187919462,0.9895287958115183,0.0004446562088560313
0.020136373321968888,0.9895287958115183,0.00044495027395896614
0.020138518913159296,0.9895287958115183,0.0004463378863874823
0.02014066496163683,0.9895287958115183,0.0004464217054191977
0.02014281146754769,0.9895287958115183,0.00044730905210599303
0.020144958431038158,0.9895287958115183,0.0004476472968235612
0.020147105852254557,0.9895287958115183,0.0004477742768358439
0.020149253731343283,0.9895287958115183,0.0004480723000597209
0.020151402068450796,0.9895287958115183,0.00044838269241154194
0.02015355086372361,0.9895287958115183,0.0004487264668568969
0.020155700117308308,0.9895287958115183,0.00044874122249893844
0.020157849829351537,0.9895287958115183,0.0004488681151997298
0.02016,0.9895287958115183,0.00044945679837837815
0.02016215062940047,0.9895287958115183,0.0004499834612943232
0.020164301717699777,0.9895287958115183,0.00045011044130660594
0.020166453265044813,0.9895287958115183,0.00045079379924573004
0.02016860527158254,0.9895287958115183,0.00045113838859833777
0.020172910662824207,0.9895287958115183,0.00045140591100789607
0.020175064047822374,0.9895287958115183,0.0004524303658399731
0.020177217892601688,0.9895287958115183,0.0004527746350504458
0.020179372197309416,0.9895287958115183,0.00045290932757779956
0.0201815269620929,0.9895287958115183,0.0004530792648438364
0.02018368218709953,0.9895287958115183,0.00045324358507059515
0.02018583787247677,0.9895287958115183,0.0004534536274150014
0.02018799401837214,0.9895287958115183,0.0004535031330306083
0.020190150624933234,0.9895287958115183,0.0004535204207058996
0.020192307692307693,0.9895287958115183,0.000453627435490489
0.02019446522064323,0.9895287958115183,0.0004543270042631775
0.020196623210087625,0.9895287958115183,0.00045449461322277784
0.020198781660788714,0.9895287958115183,0.00045451190089806914
0.0202009405728944,0.9895287958115183,0.0004547164717223495
0.020203099946552644,0.9895287958115183,0.00045480814878828824
0.020205259781911483,0.9895287958115183,0.00045491004129871726
0.020207420079119,0.9895287958115183,0.00045526487519964576
0.020209580838323353,0.9895287958115183,0.0004556519561447203
0.02021174205967276,0.9895287958115183,0.00045657611917704344
0.020213903743315508,0.9895287958115183,0.00045664553181268275
0.020216065889399937,0.9895287958115183,0.0004568623553495854
0.020218228498074454,0.9895287958115183,0.0004576041828840971
0.020220391569487538,0.9895287958115183,0.0004584192647598684
0.020222555103787718,0.9895287958115183,0.00045863300329074264
0.020224719101123594,0.9895287958115183,0.00045884508290328085
0.020226883561643837,0.9895287958115183,0.00045910474727861583
0.020229048485497163,0.9895287958115183,0.0004597610386554152
0.02023121387283237,0.9895287958115183,0.0004618842212948948
0.02023337972379831,0.9895287958115183,0.0004621394909918308
0.020235546038543897,0.9895287958115183,0.00046240410301834345
0.020237712817218118,0.9895287958115183,0.0004635093209799379
0.020239880059970013,0.9895287958115183,0.0004646555462386459
0.020242047766948698,0.9895287958115183,0.00046473616384901106
0.02024421593830334,0.9895287958115183,0.0004650886985473335
0.020246384574183183,0.9895287958115183,0.0004652398929465562
0.02024855367473752,0.9895287958115183,0.00046647395356558263
0.020250723240115717,0.9895287958115183,0.00046716214274056256
0.02025289327046721,0.9895287958115183,0.0004673681396525353
0.020255063765941484,0.9895287958115183,0.00046753522474318743
0.020257234726688104,0.9895287958115183,0.0004675612726714462
0.020259406152856683,0.9895287958115183,0.00046919696615077555
0.020261578044596912,0.9895287958115183,0.0004692915244959295
0.02026375040205854,0.9895287958115183,0.00047018707846291363
0.020265923225391377,0.9895287958115183,0.000471246283268556
0.020268096514745308,0.9895287958115183,0.00047134148189798
0.02027027027027027,0.9895287958115183,0.0004721916338894516
0.020272444492116272,0.9895287958115183,0.0004732819215860218
0.020274619180433384,0.9895287958115183,0.0004733983369078487
0.02027679433537174,0.9895287958115183,0.000474790227599442
0.020278969957081543,0.9895287958115183,0.0004749429936055094
0.020281146045713058,0.9895287958115183,0.00047497040941379964
0.020283322601416614,0.9895287958115183,0.00047504648682661355
0.0202854996243426,0.9895287958115183,0.00047517052735202014
0.020289855072463767,0.9895287958115183,0.0004751832166220993
0.02029203349796006,0.9895287958115183,0.00047591576003469527
0.020294212391281007,0.9895287958115183,0.0004760466981679201
0.020298571581999787,0.9895287958115183,0.00047624684520997107
0.02030075187969925,0.9895287958115183,0.0004766810452565551
0.02030293264582662,0.9895287958115183,0.000476963963592425
0.020305113880532875,0.9895287958115183,0.0004773162363562733
0.020307295583969057,0.9895287958115183,0.00047732715029269457
0.020309477756286266,0.9895287958115183,0.0004773565160576254
0.02031166039763568,0.9895287958115183,0.0004777821304742247
0.02031384350816853,0.9895287958115183,0.0004784472694154829
0.020316027088036117,0.9895287958115183,0.0004786945355590433
0.020318211137389807,0.9895287958115183,0.00047880952479317784
0.020320395656381034,0.9895287958115183,0.0004793081898242235
0.02032258064516129,0.9895287958115183,0.00047948435530997813
0.020324766103882137,0.9895287958115183,0.00047974041081033647
0.020326952032695203,0.9895287958115183,0.0004799205926246941
0.02032913843175218,0.9895287958115183,0.00048017039080150425
0.02033132530120482,0.9895287958115183,0.00048029652680270374
0.02033351264120495,0.9895287958115183,0.00048037644592113793
0.020335700451904453,0.9895287958115183,0.0004811263643205166
0.020337888733455288,0.9895287958115183,0.00048151888768188655
0.02034007748600947,0.9895287958115183,0.0004818156885448843
0.020342266709719083,0.9895287958115183,0.0004831950645893812
0.020344456404736276,0.9895287958115183,0.00048356110346503556
0.020346646571213264,0.9895287958115183,0.0004838349996134639
0.020348837209302327,0.9895287958115183,0.0004841422778554261
0.020353219900926124,0.9895287958115183,0.00048511280328966677
0.020355411954765753,0.9895287958115183,0.000485292257508263
0.02035760448082723,0.9895287958115183,0.0004860781191382557
0.02035979747926317,0.9895287958115183,0.00048814414185471833
0.020361990950226245,0.9895287958115183,0.0004881781351286918
0.020364184893869194,0.9895287958115183,0.00048820418305695057
0.020366379310344827,0.9895287958115183,0.0004888264811597764
0.020368574199806012,0.9895287958115183,0.0004893481964245439
0.020370769562405692,0.9895287958115183,0.0004900062922388315
0.020372965398296864,0.9895287958115183,0.0004902558284811676
0.0203751617076326,0.9895287958115183,0.0004904191591776907
0.020377358490566037,0.9895287958115183,0.0004914917517453432
0.020379555747250377,0.9895287958115183,0.0004921394283883274
0.020381753477838885,0.9895287958115183,0.0004925261600874364
0.0203839516824849,0.9895287958115183,0.0004928823327645659
0.02038615036134182,0.9895287958115183,0.0004933251184411347
0.020388349514563107,0.9895287958115183,0.0004936541663482785
0.0203905491423023,0.9895287958115183,0.0004953135503455997
0.02039274924471299,0.9895287958115183,0.0004954785690642893
0.020394949821948852,0.9895287958115183,0.0004959295620210469
0.02039715087416361,0.9895287958115183,0.0004960111109539866
0.020399352401511063,0.9895287958115183,0.0004962265375070274
0.020401554404145077,0.9895287958115183,0.0004962369566783309
0.020403756882219584,0.9895287958115183,0.0004962915554642677
0.02040595983588858,0.9895287958115183,0.0004965158295817673
0.02040816326530612,0.9895287958115183,0.0004969126312062144
0.02041036717062635,0.9895287958115183,0.00049776048399508
0.020412571552003458,0.9895287958115183,0.0004978437791578472
0.020414776409591703,0.9895287958115183,0.0004979061195626855
0.020416981743545424,0.9895287958115183,0.0004986449494026601
0.020419187554019013,0.9895287958115183,0.00049912667600438
0.020421393841166938,0.9895287958115183,0.0004992898902855814
0.02042360060514372,0.9895287958115183,0.0005001334357075393
0.020425807846103965,0.9895287958115183,0.0005007626605220139
0.020428015564202335,0.9895287958115183,0.0005011018947698176
0.02043022375959356,0.9895287958115183,0.0005011399043723941
0.020432432432432434,0.9895287958115183,0.0005019092932343483
0.020434641582873826,0.9895287958115183,0.000501951901242137
0.020436851211072665,0.9895287958115183,0.0005035412032157183
0.02043906131718395,0.9895287958115183,0.0005044345161877573
0.020441271901362752,0.9895287958115183,0.000505373696796596
0.020443482963764196,0.9895287958115183,0.0005057170637883246
0.020445694504543487,0.9895287958115183,0.0005057910457253456
0.02044790652385589,0.9895287958115183,0.0005063436110503972
0.02045011902185674,0.9895287958115183,0.0005066682933829725
0.020452331998701438,0.9895287958115183,0.0005071579944342375
0.020454545454545454,0.9895287958115183,0.0005076012457720935
0.020456759389544322,0.9895287958115183,0.0005082901916466653
0.02045897380385365,0.9895287958115183,0.000508457887917757
0.020461188697629102,0.9895287958115183,0.0005090499762445688
0.02046340407102642,0.9895287958115183,0.0005091440980322659
0.020465619924201407,0.9895287958115183,0.0005091737257316709
0.02046783625730994,0.9895287958115183,0.0005097025423310697
0.02047005307050796,0.9895287958115183,0.0005098456749692559
0.020472270363951474,0.9895287958115183,0.0005102873547002673
0.020474488137796554,0.9895287958115183,0.0005107696051709354
0.02047670639219935,0.9895287958115183,0.0005108494660817087
0.02047892512731607,0.9895287958115183,0.0005111073260195553
0.02048114434330299,0.9895287958115183,0.0005111901555210352
0.020483364040316462,0.9895287958115183,0.0005122991278767586
0.0204855842185129,0.9895287958115183,0.000512745464220643
0.02048780487804878,0.9895287958115183,0.000512927770614624
0.02049002601908066,0.9895287958115183,0.0005133063532412052
0.020492247641765153,0.9895287958115183,0.0005134601960889995
0.020494469746258945,0.9895287958115183,0.0005136702093295753
0.020496692332718794,0.9895287958115183,0.0005138215492479503
0.02049891540130152,0.9895287958115183,0.0005143443704582751
0.02050113895216401,0.9895287958115183,0.0005145054892636836
0.020503362985463226,0.9895287958115183,0.0005145444301888347
0.020505587501356188,0.9895287958115183,0.0005149671342223883
0.0205078125,0.9895287958115183,0.0005167757044546306
0.020510037981551817,0.9895287958115183,0.0005176946870051324
0.020512263946168872,0.9895287958115183,0.0005184736801311374
0.020514490394008468,0.9895287958115183,0.0005190082010813057
0.020516717325227963,0.9895287958115183,0.0005190675728954375
0.0205189447399848,0.9895287958115183,0.0005196675774641335
0.02052117263843648,0.9895287958115183,0.0005199363804422319
0.02052340102074058,0.9895287958115183,0.0005202293395996094
0.020525629887054735,0.9895287958115183,0.0005204579792916775
0.020527859237536656,0.9895287958115183,0.0005207405774854124
0.020530089072344125,0.9895287958115183,0.0005207745707593858
0.02053231939163498,0.9895287958115183,0.0005211648531258106
0.020534550195567144,0.9895287958115183,0.0005212016403675079
0.020536781484298598,0.9895287958115183,0.000522444664966315
0.020539013257987394,0.9895287958115183,0.0005240084137767553
0.020541245516791654,0.9895287958115183,0.000524354400113225
0.020543478260869566,0.9895287958115183,0.0005246128421276808
0.020545711490379388,0.9895287958115183,0.0005247500957921147
0.02054794520547945,0.9895287958115183,0.0005250283284112811
0.02055017940632815,0.9895287958115183,0.0005251566763035953
0.02055241409308395,0.9895287958115183,0.0005252417759038508
0.020554649265905382,0.9895287958115183,0.0005253837443888187
0.020556884924951054,0.9895287958115183,0.0005261700716800988
0.020559121070379636,0.9895287958115183,0.0005265914951451123
0.020561357702349868,0.9895287958115183,0.0005275095463730395
0.020563594821020565,0.9895287958115183,0.000527688127476722
0.0205658324265506,0.9895287958115183,0.0005277285818010569
0.02056807051909892,0.9895287958115183,0.000528248434420675
0.020570309098824555,0.9895287958115183,0.0005286113591864705
0.02057254816588658,0.9895287958115183,0.0005288520478643477
0.020577027762656505,0.9895287958115183,0.0005298373871482909
0.020579268292682928,0.9895287958115183,0.0005308522377163172
0.020581509310682783,0.9895287958115183,0.0005319528863765299
0.02058375081681551,0.9895287958115183,0.0005319584743119776
0.020585992811240607,0.9895287958115183,0.0005326924147084355
0.020588235294117647,0.9895287958115183,0.0005332657019607723
0.020590478265606275,0.9895287958115183,0.0005337824113667011
0.020592721725866202,0.9895287958115183,0.0005337841575965285
0.020594965675057208,0.9895287958115183,0.0005339502822607756
0.020597210113339145,0.9895287958115183,0.0005340222851373255
0.020599455040871933,0.9895287958115183,0.0005344554083421826
0.020601700457815567,0.9895287958115183,0.0005345532554201782
0.0206039463643301,0.9895287958115183,0.0005350219435058534
0.020606192760575664,0.9895287958115183,0.0005352254374884069
0.020608439646712464,0.9895287958115183,0.0005355285829864442
0.020610687022900764,0.9895287958115183,0.0005355431349016726
0.020612934889300907,0.9895287958115183,0.0005356597830541432
0.0206151832460733,0.9895287958115183,0.000536543782800436
0.02061743209337842,0.9895287958115183,0.0005377233610488474
0.020619681431376827,0.9895287958115183,0.0005377287743613124
0.020621931260229133,0.9895287958115183,0.0005379827925935388
0.02062418158009603,0.9895287958115183,0.0005388089921325445
0.020626432391138275,0.9895287958115183,0.0005389422876760364
0.0206286836935167,0.9895287958115183,0.0005389977595768869
0.020630935487392206,0.9895287958115183,0.0005395652260631323
0.020633187772925766,0.9895287958115183,0.0005398711073212326
0.020635440550278415,0.9895287958115183,0.0005404104012995958
0.02063769381961127,0.9895287958115183,0.0005407329299487174
0.02063994758108551,0.9895287958115183,0.0005409187870100141
0.020642201834862386,0.9895287958115183,0.0005409620353020728
0.020644456581103223,0.9895287958115183,0.0005415336927399039
0.020646711819969413,0.9895287958115183,0.0005417123320512474
0.02064896755162242,0.9895287958115183,0.0005418612854555249
0.020651223776223776,0.9895287958115183,0.0005418703076429665
0.02065348049393509,0.9895287958115183,0.0005419829394668341
0.020655737704918034,0.9895287958115183,0.0005421239766292274
0.020657995409334353,0.9895287958115183,0.0005427087307907641
0.020660253607345868,0.9895287958115183,0.0005430334131233394
0.020662512299114463,0.9895287958115183,0.0005430924356915057
0.0206647714848021,0.9895287958115183,0.0005432259640656412
0.020667031164570804,0.9895287958115183,0.0005440438981167972
0.02066929133858268,0.9895287958115183,0.0005441663088276982
0.02067155200699989,0.9895287958115183,0.0005446798168122768
0.020673813169984685,0.9895287958115183,0.0005449127056635916
0.020676074827699377,0.9895287958115183,0.0005450157914310694
0.020678336980306345,0.9895287958115183,0.0005450568278320134
0.02068059962796805,0.9895287958115183,0.0005455425707623363
0.02068286277084701,0.9895287958115183,0.0005456109065562487
0.020685126409105834,0.9895287958115183,0.0005464202258735895
0.02068739054290718,0.9895287958115183,0.000546926399692893
0.020689655172413793,0.9895287958115183,0.0005475870566442609
0.020691920297788484,0.9895287958115183,0.0005482586566358805
0.02069418591919413,0.9895287958115183,0.0005489488830789924
0.020696452036793694,0.9895287958115183,0.0005491739138960838
0.02069871865075019,0.9895287958115183,0.0005498042446561158
0.020700985761226726,0.9895287958115183,0.0005505378940142691
0.02070325336838646,0.9895287958115183,0.0005507940659299493
0.020705521472392636,0.9895287958115183,0.0005517629906535149
0.020707790073408568,0.9895287958115183,0.0005522867431864142
0.020710059171597635,0.9895287958115183,0.0005527309258468449
0.020712328767123287,0.9895287958115183,0.0005528616020455956
0.020714598860149057,0.9895287958115183,0.0005535383825190365
0.02071686945083854,0.9895287958115183,0.000554582686163485
0.020719140539355405,0.9895287958115183,0.0005552126094698906
0.02072141212586339,0.9895287958115183,0.0005558923003263772
0.020723684210526314,0.9895287958115183,0.0005565565661527216
0.02072595679350806,0.9895287958115183,0.0005571098299697042
0.02072822987497258,0.9895287958115183,0.0005571162328124046
0.02073050345508391,0.9895287958115183,0.0005581691511906683
0.020732777534006142,0.9895287958115183,0.0005588862695731223
0.020735052111903456,0.9895287958115183,0.0005590785876847804
0.020737327188940093,0.9895287958115183,0.0005591483786702156
0.02073960276528037,0.9895287958115183,0.0005595776019617915
0.020741878841088673,0.9895287958115183,0.0005600019940175116
0.02074415541652947,0.9895287958115183,0.000560085813049227
0.02074643249176729,0.9895287958115183,0.0005603248137049377
0.020748710066966738,0.9895287958115183,0.0005603746976703405
0.020750988142292492,0.9895287958115183,0.000560756481718272
0.0207532667179093,0.9895287958115183,0.0005608310457319021
0.02075554579398199,0.9895287958115183,0.0005609277868643403
0.020757825370675453,0.9895287958115183,0.0005614862311631441
0.020760105448154657,0.9895287958115183,0.0005615983391180634
0.02076238602658464,0.9895287958115183,0.0005617107963189483
0.02076466710613052,0.9895287958115183,0.0005622057360596955
0.020766948686957477,0.9895287958115183,0.0005623882170766592
0.02076923076923077,0.9895287958115183,0.0005627445061691105
0.020771513353115726,0.9895287958115183,0.0005627640639431775
0.020773796438777754,0.9895287958115183,0.0005639760056510568
0.020776080026382322,0.9895287958115183,0.0005640388699248433
0.02077836411609499,0.9895287958115183,0.0005650445818901062
0.020780648708081363,0.9895287958115183,0.000565164431463927
0.020782933802507148,0.9895287958115183,0.0005663883057422936
0.020785219399538105,0.9895287958115183,0.0005666839424520731
0.020787505499340077,0.9895287958115183,0.0005670980899594724
0.02078979210207898,0.9895287958115183,0.0005682868650183082
0.020792079207920793,0.9895287958115183,0.0005684504867531359
0.020794366817031576,0.9895287958115183,0.0005685671931132674
0.020796654929577465,0.9895287958115183,0.0005685989162884653
0.020801232665639446,0.9895287958115183,0.0005686284857802093
0.020803522289488167,0.9895287958115183,0.0005694951978512108
0.02080581241743725,0.9895287958115183,0.0005700056790374219
0.0208081030496532,0.9895287958115183,0.0005702412454411387
0.020810394186302577,0.9895287958115183,0.0005705250077880919
0.02081268582755203,0.9895287958115183,0.0005706378724426031
0.020814977973568283,0.9895287958115183,0.0005709454999305308
0.02081727062451812,0.9895287958115183,0.0005725219962187111
0.020819563780568408,0.9895287958115183,0.0005732195568270981
0.020821857441886086,0.9895287958115183,0.0005738419131375849
0.020824151608638167,0.9895287958115183,0.0005739931366406381
0.020826446280991735,0.9895287958115183,0.0005742068169638515
0.020828741459113953,0.9895287958115183,0.0005742947105318308
0.020831037143172047,0.9895287958115183,0.000575060723349452
0.020833333333333332,0.9895287958115183,0.0005760794156230986
0.020835630029765184,0.9895287958115183,0.0005760874482803047
0.02083792723263506,0.9895287958115183,0.0005763595690950751
0.020840224942110488,0.9895287958115183,0.0005773505545221269
0.020842523158359064,0.9895287958115183,0.0005789237911812961
0.020844821881548473,0.9895287958115183,0.0005790333379991353
0.02084712111184646,0.9895287958115183,0.0005794062162749469
0.02084942084942085,0.9895287958115183,0.0005795840988866985
0.02085172109443954,0.9895287958115183,0.0005801094230264425
0.020854021847070508,0.9895287958115183,0.0005812530871480703
0.020856323107481794,0.9895287958115183,0.0005817943601869047
0.02085862487584152,0.9895287958115183,0.0005829095025546849
0.020860927152317882,0.9895287958115183,0.0005832267925143242
0.020865533230293665,0.9895287958115183,0.0005834989715367556
0.020867837032129844,0.9895287958115183,0.0005835070624016225
0.020870141342756183,0.9895287958115183,0.0005844173138029873
0.020872446162341247,0.9895287958115183,0.0005851248861290514
0.020874751491053677,0.9895287958115183,0.0005852163303643465
0.020877057329062188,0.9895287958115183,0.0005865975981578231
0.020879363676535572,0.9895287958115183,0.0005869726301170886
0.02088167053364269,0.9895287958115183,0.0005881102406419814
0.020883977900552485,0.9895287958115183,0.0005888380110263824
0.020886285777433972,0.9895287958115183,0.000590942450799048
0.020888594164456233,0.9895287958115183,0.0005912314518354833
0.020890903061788438,0.9895287958115183,0.000591904972679913
0.020895522388059702,0.9895287958115183,0.0005921800038777292
0.02089783281733746,0.9895287958115183,0.000592369120568037
0.020900143757602567,0.9895287958115183,0.0005925052100792527
0.02090245520902455,0.9895287958115183,0.0005929602775722742
0.020904767171773034,0.9895287958115183,0.0005930057959631085
0.0209070796460177,0.9895287958115183,0.000593365344684571
0.020911706129674707,0.9895287958115183,0.0005933814682066441
0.020914020139426802,0.9895287958115183,0.0005936080124229193
0.02091633466135458,0.9895287958115183,0.0005938193644396961
0.02091864969562811,0.9895287958115183,0.0005942858988419175
0.020920965242417534,0.9895287958115183,0.0005944929434917867
0.020923281301893058,0.9895287958115183,0.0005947366589680314
0.020925597874224978,0.9895287958115183,0.0005950538907200098
0.020927914959583658,0.9895287958115183,0.0005960355629213154
0.020930232558139535,0.9895287958115183,0.0005962762515991926
0.02093255067006313,0.9895287958115183,0.0005965837626717985
0.020934869295525033,0.9895287958115183,0.0005973846418783069
0.020937188434695914,0.9895287958115183,0.0005997850676067173
0.02093950808774651,0.9895287958115183,0.0006005261093378067
0.020941828254847646,0.9895287958115183,0.0006006254116073251
0.020944148936170214,0.9895287958115183,0.0006011769291944802
0.02094647013188518,0.9895287958115183,0.0006012350786477327
0.0209487918421636,0.9895287958115183,0.0006014001555740833
0.020951114067176587,0.9895287958115183,0.0006018012063577771
0.020953436807095344,0.9895287958115183,0.0006022794987075031
0.02095576006209114,0.9895287958115183,0.0006031494704075158
0.020958083832335328,0.9895287958115183,0.0006037062266841531
0.020960408117999336,0.9895287958115183,0.0006039902218617499
0.020965058236272878,0.9895287958115183,0.0006040521548129618
0.020967384069225648,0.9895287958115183,0.0006041013984940946
0.0209697104182847,0.9895287958115183,0.0006043996545486152
0.020972037283621837,0.9895287958115183,0.0006053165998309851
0.020974364665408946,0.9895287958115183,0.0006053506513126194
0.02097669256381798,0.9895287958115183,0.0006056978018023074
0.02097902097902098,0.9895287958115183,0.0006062559550628066
0.020981349911190054,0.9895287958115183,0.0006064614281058311
0.02098367936049739,0.9895287958115183,0.0006067085778340697
0.020986009327115255,0.9895287958115183,0.0006072156247682869
0.020988339811215992,0.9895287958115183,0.0006074037519283593
0.020990670812972012,0.9895287958115183,0.0006076613790355623
0.020993002332555816,0.9895287958115183,0.0006081043393351138
0.020995334370139968,0.9895287958115183,0.000608195667155087
0.02099766692589712,0.9895287958115183,0.0006082579493522644
0.021,0.9895287958115183,0.0006087178480811417
0.0210023335926214,0.9895287958115183,0.0006090326351113617
0.021004667703934207,0.9895287958115183,0.0006092910189181566
0.02100700233411137,0.9895287958115183,0.0006093885749578476
0.021009337483325924,0.9895287958115183,0.0006106153014115989
0.021011673151750974,0.9895287958115183,0.00061061792075634
0.021014009339559707,0.9895287958115183,0.0006116536096669734
0.021016346046925385,0.9895287958115183,0.0006119203171692789
0.021018683274021354,0.9895287958115183,0.000611943076364696
0.021021021021021023,0.9895287958115183,0.0006121440674178302
0.021023359288097888,0.9895287958115183,0.0006125645013526082
0.02102569807542552,0.9895287958115183,0.0006131819682195783
0.02102803738317757,0.9895287958115183,0.0006133056012913585
0.021030377211527763,0.9895287958115183,0.0006137376767583191
0.0210327175606499,0.9895287958115183,0.0006138444878160954
0.021035058430717863,0.9895287958115183,0.0006141616613604128
0.02103739982190561,0.9895287958115183,0.0006143334903754294
0.021039741734387177,0.9895287958115183,0.0006144868675619364
0.021042084168336674,0.9895287958115183,0.0006145613151602447
0.021044427123928292,0.9895287958115183,0.0006147671956568956
0.021046770601336303,0.9895287958115183,0.0006150344270281494
0.02104911460073505,0.9895287958115183,0.0006150400149635971
0.021051459122298954,0.9895287958115183,0.0006202000076882541
0.021053804166202516,0.9895287958115183,0.0006203167722560465
0.021056149732620322,0.9895287958115183,0.0006203338853083551
0.02105849582172702,0.9895287958115183,0.0006205115932971239
0.02106084243369735,0.9895287958115183,0.0006219290080480278
0.02106318956870612,0.9895287958115183,0.0006234340835362673
0.02106553722692822,0.9895287958115183,0.0006236444460228086
0.021067885408538625,0.9895287958115183,0.0006236804183572531
0.021070234113712373,0.9895287958115183,0.0006237796624191105
0.021072583342624594,0.9895287958115183,0.0006239482318051159
0.021074933095450492,0.9895287958115183,0.0006241516675800085
0.02107728337236534,0.9895287958115183,0.0006243477109819651
0.0210796341735445,0.9895287958115183,0.000625224260147661
0.021081985499163413,0.9895287958115183,0.0006252877064980567
0.02108433734939759,0.9895287958115183,0.000626117514912039
0.021086689724422625,0.9895287958115183,0.000626690685749054
0.021089042624414193,0.9895287958115183,0.0006267449934966862
0.02109139604954804,0.9895287958115183,0.000626941560767591
0.02109375,0.9895287958115183,0.0006271874881349504
0.021096104475945975,0.9895287958115183,0.0006272825412452221
0.021098459477561955,0.9895287958115183,0.0006274053594097495
0.021100815005024004,0.9895287958115183,0.0006277289940044284
0.02110317105850826,0.9895287958115183,0.0006277866777963936
0.021105527638190954,0.9895287958115183,0.0006282982067205012
0.021107884744248382,0.9895287958115183,0.0006288688164204359
0.02111024237685692,0.9895287958115183,0.0006293287151493132
0.02111260053619303,0.9895287958115183,0.000630787864793092
0.021114959222433248,0.9895287958115183,0.0006309962482191622
0.02111731843575419,0.9895287958115183,0.0006312088808044791
0.021119678176332552,0.9895287958115183,0.0006326618604362011
0.021122038444345105,0.9895287958115183,0.0006329739699140191
0.021124399239968703,0.9895287958115183,0.0006330324686132371
0.02112676056338028,0.9895287958115183,0.0006330581381917
0.021129122414756847,0.9895287958115183,0.0006334087811410427
0.02113148479427549,0.9895287958115183,0.0006340112304314971
0.021133847702113386,0.9895287958115183,0.0006340800900943577
0.021136211138447776,0.9895287958115183,0.000634106108918786
0.02113857510345599,0.9895287958115183,0.0006351661286316812
0.021140939597315438,0.9895287958115183,0.0006361102568916976
0.021143304620203602,0.9895287958115183,0.0006362588028423488
0.021145670172298053,0.9895287958115183,0.0006362773128785193
0.021148036253776436,0.9895287958115183,0.0006367098540067673
0.021150402864816474,0.9895287958115183,0.0006374393124133348
0.02115277000559597,0.9895287958115183,0.0006381301791407168
0.021155137676292814,0.9895287958115183,0.0006393202929757535
0.021157505877084967,0.9895287958115183,0.0006393333896994591
0.02115987460815047,0.9895287958115183,0.000640308135189116
0.02116224386966745,0.9895287958115183,0.000640568439848721
0.02116461366181411,0.9895287958115183,0.0006411285139620304
0.021166983984768732,0.9895287958115183,0.0006411584909074008
0.021169354838709676,0.9895287958115183,0.0006417704280465841
0.02117172622381539,0.9895287958115183,0.0006433795788325369
0.021174098140264396,0.9895287958115183,0.0006446590414270759
0.021176470588235293,0.9895287958115183,0.0006447465275414288
0.02117884356790677,0.9895287958115183,0.000645211897790432
0.02118121707945758,0.9895287958115183,0.0006466135964728892
0.021183591123066576,0.9895287958115183,0.0006474497495219111
0.02118596569891268,0.9895287958115183,0.000647512380965054
0.02118834080717489,0.9895287958115183,0.0006481328746303916
0.02119071644803229,0.9895287958115183,0.0006484693731181324
0.02119309262166405,0.9895287958115183,0.0006488124490715563
0.021195469328249412,0.9895287958115183,0.000648844928946346
0.0211978465679677,0.9895287958115183,0.0006507439538836479
0.021200224340998317,0.9895287958115183,0.0006511208484880626
0.021202602647520753,0.9895287958115183,0.0006512809777632356
0.021204981487714575,0.9895287958115183,0.0006523462943732738
0.021207360861759426,0.9895287958115183,0.0006524691707454622
0.021209740769835034,0.9895287958115183,0.0006525058415718377
0.021212121212121213,0.9895287958115183,0.0006531460676342249
0.021214502188797845,0.9895287958115183,0.0006533066625706851
0.021216883700044903,0.9895287958115183,0.0006540202302858233
0.021219265746042437,0.9895287958115183,0.0006545066135004163
0.021221648326970582,0.9895287958115183,0.0006551500991918147
0.021224031443009547,0.9895287958115183,0.000655629497487098
0.02122641509433962,0.9895287958115183,0.000656004180200398
0.02122879928114119,0.9895287958115183,0.0006569041288457811
0.021231184003594698,0.9895287958115183,0.0006570362020283937
0.02123834138667266,0.9895287958115183,0.0006571386475116014
0.02124072825354012,0.9895287958115183,0.0006576934247277677
0.021243115656963022,0.9895287958115183,0.00065831677056849
0.021245503597122302,0.9895287958115183,0.0006583588547073305
0.021247892074198988,0.9895287958115183,0.0006599774351343513
0.021250281088374186,0.9895287958115183,0.0006606826209463179
0.02125267063982908,0.9895287958115183,0.0006617842009291053
0.02125506072874494,0.9895287958115183,0.000661857018712908
0.021257451355303117,0.9895287958115183,0.000661953876260668
0.02125984251968504,0.9895287958115183,0.0006619796622544527
0.021262234222072223,0.9895287958115183,0.0006627946859225631
0.021264626462646263,0.9895287958115183,0.0006629614508710802
0.021267019241588837,0.9895287958115183,0.0006631330470554531
0.021269412559081703,0.9895287958115183,0.0006632654112763703
0.021271806415306696,0.9895287958115183,0.0006635249592363834
0.021274200810445745,0.9895287958115183,0.0006635623285546899
0.02127659574468085,0.9895287958115183,0.0006639446946792305
0.0212789912181941,0.9895287958115183,0.0006646261899732053
0.02128138723116766,0.9895287958115183,0.000665318570099771
0.021283783783783785,0.9895287958115183,0.0006656877230852842
0.0212861808762248,0.9895287958115183,0.0006658108322881162
0.021288578508673123,0.9895287958115183,0.0006658891797997057
0.021290976681311254,0.9895287958115183,0.0006664030952379107
0.021293375394321766,0.9895287958115183,0.0006670305738225579
0.021295774647887324,0.9895287958115183,0.0006674194009974599
0.02129817444219067,0.9895287958115183,0.0006680589867755771
0.02130057477741463,0.9895287958115183,0.0006686258711852133
0.02130297565374211,0.9895287958115183,0.00066904112463817
0.021305377071356105,0.9895287958115183,0.0006708410219289362
0.021307779030439684,0.9895287958115183,0.0006710647721774876
0.021310181531176007,0.9895287958115183,0.0006713075563311577
0.02131258457374831,0.9895287958115183,0.0006719851517118514
0.02131498815833991,0.9895287958115183,0.0006720882374793291
0.02131739228513422,0.9895287958115183,0.000672764319460839
0.021206993795826284,0.9842931937172775,0.0006743742851540446
0.021209386281588447,0.9842931937172775,0.000674816663376987
0.021211779307232313,0.9842931937172775,0.0006757475202903152
0.021214172872940647,0.9842931937172775,0.0006763950805179775
0.021216566978896286,0.9842931937172775,0.0006763999117538333
0.021218961625282168,0.9842931937172775,0.0006779329269193113
0.021221356812281295,0.9842931937172775,0.0006780005060136318
0.021223752540076767,0.9842931937172775,0.0006787701277062297
0.021226148808851757,0.9842931937172775,0.0006794866058044136
0.02122854561878952,0.9842931937172775,0.0006799449329264462
0.021230942970073406,0.9842931937172775,0.0006810584454797208
0.02123334086288683,0.9842931937172775,0.0006813499494455755
0.021235739297413306,0.9842931937172775,0.0006815158994868398
0.021238138273836422,0.9842931937172775,0.0006823617732152343
0.02124053779233985,0.9842931937172775,0.0006825786549597979
0.021242937853107345,0.9842931937172775,0.0006827611941844225
0.02124533845632275,0.9842931937172775,0.0006835866952314973
0.021247739602169982,0.9842931937172775,0.0006851872894912958
0.021250141290833052,0.9842931937172775,0.0006859991117380559
0.02125254352249604,0.9842931937172775,0.0006874962709844112
0.021254946297343133,0.9842931937172775,0.0006878121057525277
0.02125734961555857,0.9842931937172775,0.0006889287615194917
0.0212597534773267,0.9842931937172775,0.0006890324875712395
0.02126215788283194,0.9842931937172775,0.0006891772500239313
0.021264562832258794,0.9842931937172775,0.0006893776590004563
0.021266968325791856,0.9842931937172775,0.0006894972175359726
0.021269374363615794,0.9842931937172775,0.0006898847059346735
0.02127418807287541,0.9842931937172775,0.00069017632631585
0.02127659574468085,0.9842931937172775,0.0006903944304212928
0.021279003961516694,0.9842931937172775,0.0006910954834893346
0.02128141272356803,0.9842931937172775,0.0006915352423675358
0.021283822031020038,0.9842931937172775,0.0006929688388481736
0.021286231884057972,0.9842931937172775,0.0006932726828381419
0.021288642282867174,0.9842931937172775,0.0006937822909094393
0.02129105322763307,0.9842931937172775,0.0006944265333004296
0.021293464718541173,0.9842931937172775,0.0006948796799406409
0.021295876755777075,0.9842931937172775,0.0006953112897463143
0.021298289339526454,0.9842931937172775,0.0006964101339690387
0.021300702469975074,0.9842931937172775,0.0006969890673644841
0.02130311614730878,0.9842931937172775,0.000697741808835417
0.02130553037171351,0.9842931937172775,0.000698824820574373
0.02130794514337527,0.9842931937172775,0.0006991975824348629
0.021310360462480162,0.9842931937172775,0.0007002822239883244
0.021312776329214373,0.9842931937172775,0.0007008196553215384
0.021315192743764172,0.9842931937172775,0.0007009522523730993
0.02131760970631591,0.9842931937172775,0.0007020375924184918
0.02132002721705602,0.9842931937172775,0.0007026811363175511
0.021322445276171033,0.9842931937172775,0.0007031483692117035
0.02132486388384755,0.9842931937172775,0.000703240861184895
0.021327283040272264,0.9842931937172775,0.0007033943547867239
0.021329702745631948,0.9842931937172775,0.0007042213692329824
0.02133212300011347,0.9842931937172775,0.0007043885416351259
0.021334543803903767,0.9842931937172775,0.000704770558513701
0.021336965157189875,0.9842931937172775,0.0007055276073515415
0.02133938706015891,0.9842931937172775,0.0007055662572383881
0.02134180951299807,0.9842931937172775,0.0007057734183035791
0.02134423251589464,0.9842931937172775,0.0007069386192597449
0.021346656069035994,0.9842931937172775,0.0007069975836202502
0.021349080172609586,0.9842931937172775,0.0007070642895996571
0.021351504826802953,0.9842931937172775,0.0007071384461596608
0.021353930031803726,0.9842931937172775,0.0007074151071719825
0.021356355787799614,0.9842931937172775,0.0007076922338455915
0.021358782094978414,0.9842931937172775,0.0007080315263010561
0.02136120895352801,0.9842931937172775,0.0007084257085807621
0.021363636363636362,0.9842931937172775,0.0007084604585543275
0.021366064325491534,0.9842931937172775,0.0007084624958224595
0.021368492839281654,0.9842931937172775,0.0007088606362231076
0.02137092190519495,0.9842931937172775,0.0007096203626133502
0.021373351523419737,0.9842931937172775,0.000709819549228996
0.0213757816941444,0.9842931937172775,0.0007101477240212262
0.021378212417557427,0.9842931937172775,0.0007105525583028793
0.02138064369384738,0.9842931937172775,0.0007106568082235754
0.021383075523202913,0.9842931937172775,0.000711296102963388
0.021385507905812763,0.9842931937172775,0.0007113130413927138
0.021387940841865755,0.9842931937172775,0.0007115628686733544
0.0213903743315508,0.9842931937172775,0.000712195469532162
0.021392808375056895,0.9842931937172775,0.0007124507101252675
0.02139524297257312,0.9842931937172775,0.0007127359858714044
0.02139767812428864,0.9842931937172775,0.0007132938480935991
0.021400113830392715,0.9842931937172775,0.00071340223075822
0.021402550091074682,0.9842931937172775,0.0007142747635953128
0.021404986906523968,0.9842931937172775,0.0007145705749280751
0.021407424276930084,0.9842931937172775,0.0007147357100620866
0.021409862202482633,0.9842931937172775,0.0007158846710808575
0.0214123006833713,0.9842931937172775,0.0007164044072851539
0.02141473971978585,0.9842931937172775,0.0007172698969952762
0.021417179311916154,0.9842931937172775,0.0007180054672062397
0.021419619459952147,0.9842931937172775,0.000718252151273191
0.021422060164083864,0.9842931937172775,0.0007183534908108413
0.021424501424501426,0.9842931937172775,0.0007187701994553208
0.02142694324139503,0.9842931937172775,0.0007192158955149353
0.021429385614954975,0.9842931937172775,0.0007193587953224778
0.021431828545371637,0.9842931937172775,0.0007194664794951677
0.02143427203283548,0.9842931937172775,0.0007195147918537259
0.021436716077537058,0.9842931937172775,0.0007195926154963672
0.02143916067966701,0.9842931937172775,0.0007199246319942176
0.02144160583941606,0.9842931937172775,0.0007202934939414263
0.02144405155697502,0.9842931937172775,0.0007204170688055456
0.021446497832534793,0.9842931937172775,0.0007204757421277463
0.021448944666286367,0.9842931937172775,0.0007211306947283447
0.021451392058420813,0.9842931937172775,0.0007213527569547296
0.021453840009129293,0.9842931937172775,0.0007216260419227183
0.02145628851860306,0.9842931937172775,0.0007235562079586089
0.021458737587033445,0.9842931937172775,0.0007236342062242329
0.021461187214611873,0.9842931937172775,0.0007241598214022815
0.021463637401529855,0.9842931937172775,0.0007256115786731243
0.02146608814797899,0.9842931937172775,0.0007258982514031231
0.021468539454150965,0.9842931937172775,0.0007260543061420321
0.02147099132023755,0.9842931937172775,0.0007260704878717661
0.02147344374643061,0.9842931937172775,0.0007265086169354618
0.021475896732922092,0.9842931937172775,0.0007267665350809693
0.021478350279904034,0.9842931937172775,0.0007298214477486908
0.021480804387568556,0.9842931937172775,0.0007303773309104145
0.021483259056107873,0.9842931937172775,0.0007303776801563799
0.021485714285714285,0.9842931937172775,0.0007304845494218171
0.02148817007658018,0.9842931937172775,0.0007308912463486195
0.021490626428898034,0.9842931937172775,0.0007310618530027568
0.02149308334286041,0.9842931937172775,0.0007312207599170506
0.02149554081865996,0.9842931937172775,0.0007313636015169322
0.021497998856489422,0.9842931937172775,0.0007317432318814099
0.021500457456541628,0.9842931937172775,0.0007322063902392983
0.021502916619009493,0.9842931937172775,0.0007323246682062745
0.021505376344086023,0.9842931937172775,0.0007330853841267526
0.021507836631964306,0.9842931937172775,0.0007332338718697429
0.021510297482837528,0.9842931937172775,0.0007340333540923893
0.021512758896898958,0.9842931937172775,0.0007354277186095715
0.021515220874341955,0.9842931937172775,0.0007354501867666841
0.021517683415359964,0.9842931937172775,0.0007354894187301397
0.02152014652014652,0.9842931937172775,0.0007373695261776447
0.021522610188895248,0.9842931937172775,0.000737585301976651
0.021525074421799864,0.9842931937172775,0.0007377975853160024
0.021527539219054162,0.9842931937172775,0.0007381197065114975
0.02153000458085204,0.9842931937172775,0.0007382209878414869
0.02153247050738747,0.9842931937172775,0.0007386234938167036
0.021534936998854524,0.9842931937172775,0.0007386294892057776
0.021537404055447358,0.9842931937172775,0.0007393559208139777
0.02153987167736022,0.9842931937172775,0.0007396074943244457
0.02154233986478744,0.9842931937172775,0.0007398372981697321
0.021544808617923447,0.9842931937172775,0.0007398580783046782
0.02154727793696275,0.9842931937172775,0.0007403182680718601
0.021549747822099955,0.9842931937172775,0.0007411180413328111
0.02155221827352975,0.9842931937172775,0.0007412903942167759
0.021554689291446917,0.9842931937172775,0.0007416518637910485
0.021557160876046325,0.9842931937172775,0.0007418709574267268
0.021559633027522937,0.9842931937172775,0.0007419271860271692
0.021562105746071796,0.9842931937172775,0.0007424028008244932
0.021564579031888048,0.9842931937172775,0.0007435356383211911
0.021567052885166915,0.9842931937172775,0.0007447414682246745
0.021569527306103717,0.9842931937172775,0.0007463276269845665
0.021572002294893863,0.9842931937172775,0.0007465737289749086
0.021574477851732842,0.9842931937172775,0.0007469256524927914
0.021576953976816252,0.9842931937172775,0.0007475590100511909
0.02157943067033976,0.9842931937172775,0.0007476181490346789
0.021581907932499138,0.9842931937172775,0.000747766753192991
0.02158438576349024,0.9842931937172775,0.0007481933571398258
0.021586864163509013,0.9842931937172775,0.0007481969078071415
0.021589343132751494,0.9842931937172775,0.0007488703122362494
0.021591822671413807,0.9842931937172775,0.0007493714801967144
0.021594302779692168,0.9842931937172775,0.000749866128899157
0.021596783457782882,0.9842931937172775,0.0007499600760638714
0.021599264705882353,0.9842931937172775,0.0007501273648813367
0.021601746524187063,0.9842931937172775,0.0007502470980398357
0.021604228912893587,0.9842931937172775,0.0007509574061259627
0.0216067118721986,0.9842931937172775,0.0007516766199842095
0.02160919540229885,0.9842931937172775,0.0007531619048677385
0.021611679503391195,0.9842931937172775,0.0007533858879469335
0.02161416417567257,0.9842931937172775,0.0007560321246273816
0.021616649419340002,0.9842931937172775,0.0007564667612314224
0.021619135234590615,0.9842931937172775,0.0007564916159026325
0.021621621621621623,0.9842931937172775,0.000756491965148598
0.02162410858063032,0.9842931937172775,0.0007569361478090286
0.021626596111814105,0.9842931937172775,0.0007579228258691728
0.021629084215370454,0.9842931937172775,0.0007579976227134466
0.02163157289149695,0.9842931937172775,0.0007590251043438911
0.021634062140391253,0.9842931937172775,0.0007601329707540572
0.021636551962251123,0.9842931937172775,0.0007603350677527487
0.0216390423572744,0.9842931937172775,0.0007606524741277099
0.021641533325659032,0.9842931937172775,0.000761757604777813
0.02164402486760304,0.9842931937172775,0.0007637303206138313
0.021646516983304546,0.9842931937172775,0.0007644424331374466
0.02164900967296177,0.9842931937172775,0.0007644869037903845
0.021651502936773006,0.9842931937172775,0.0007650280022062361
0.02165399677493665,0.9842931937172775,0.0007652963395230472
0.021656491187651193,0.9842931937172775,0.0007670913473702967
0.02165898617511521,0.9842931937172775,0.0007672982756048441
0.021661481737527365,0.9842931937172775,0.0007678904221393168
0.021663977875086424,0.9842931937172775,0.0007681535207666457
0.02166647458799124,0.9842931937172775,0.0007683991570957005
0.021668971876440755,0.9842931937172775,0.0007687730249017477
0.021671469740634004,0.9842931937172775,0.0007691950886510313
0.021673968180770116,0.9842931937172775,0.0007701985305175185
0.02167646719704831,0.9842931937172775,0.0007708141347393394
0.021678966789667898,0.9842931937172775,0.0007717828848399222
0.021681466958828277,0.9842931937172775,0.0007724690367467701
0.02168396770472895,0.9842931937172775,0.0007725316099822521
0.021686469027569502,0.9842931937172775,0.0007732088561169803
0.02168897092754961,0.9842931937172775,0.0007741525187157094
0.021691473404869044,0.9842931937172775,0.0007742734742350876
0.021693976459727673,0.9842931937172775,0.0007750194636173546
0.021696480092325447,0.9842931937172775,0.0007754708058200777
0.02169898430286242,0.9842931937172775,0.000777627166826278
0.02170148909153873,0.9842931937172775,0.0007778535946272314
0.021703994458554605,0.9842931937172775,0.000778055633418262
0.02170650040411038,0.9842931937172775,0.0007783359615132213
0.021709006928406466,0.9842931937172775,0.0007786141359247267
0.021711514031643377,0.9842931937172775,0.0007803589687682688
0.021714021714021713,0.9842931937172775,0.0007804284687153995
0.021716529975742173,0.9842931937172775,0.0007809641538187861
0.021719038817005546,0.9842931937172775,0.0007810716633684933
0.02172154823801271,0.9842931937172775,0.0007813668344169855
0.02172405823896464,0.9842931937172775,0.0007816777215339243
0.021726568820062405,0.9842931937172775,0.0007816881989128888
0.021729079981507166,0.9842931937172775,0.0007819542079232633
0.021731591723500174,0.9842931937172775,0.0007821934414096177
0.021734104046242774,0.9842931937172775,0.0007825460052117705
0.021736616949936408,0.9842931937172775,0.0007832726696506143
0.021739130434782608,0.9842931937172775,0.0007832816918380558
0.021741644500983,0.9842931937172775,0.0007840582984499633
0.0217441591487393,0.9842931937172775,0.0007850825786590576
0.021746674378253325,0.9842931937172775,0.0007855746080167592
0.02174919018972698,0.9842931937172775,0.0007856258889660239
0.021751706583362257,0.9842931937172775,0.000785741547588259
0.02175422355936126,0.9842931937172775,0.0007887896499596536
0.021756741117926165,0.9842931937172775,0.0007900730124674737
0.02175925925925926,0.9842931937172775,0.0007910173153504729
0.02176177798356291,0.9842931937172775,0.0007910202839411795
0.021764297291039594,0.9842931937172775,0.0007916118483990431
0.02176681718189186,0.9842931937172775,0.0007917510811239481
0.02176933765632237,0.9842931937172775,0.000791922677308321
0.021771858714533875,0.9842931937172775,0.0007925138343125582
0.021776902583111317,0.9842931937172775,0.0007926452672109008
0.021779425393883226,0.9842931937172775,0.0007927505648694932
0.021781948789248058,0.9842931937172775,0.0007928927079774439
0.02178447276940904,0.9842931937172775,0.0007933843298815191
0.021786997334569475,0.9842931937172775,0.0007934368913993239
0.021789522484932777,0.9842931937172775,0.0007943609962239861
0.021792048220702447,0.9842931937172775,0.0007944963872432709
0.021794574542082078,0.9842931937172775,0.0007960996590554714
0.021797101449275363,0.9842931937172775,0.0007963591488078237
0.021799628942486084,0.9842931937172775,0.0007976502529345453
0.021802157021918126,0.9842931937172775,0.0007978555513545871
0.02180468568777546,0.9842931937172775,0.000797873770352453
0.02180721494026215,0.9842931937172775,0.0007986481650732458
0.021809744779582366,0.9842931937172775,0.0008009090088307858
0.021812275205940364,0.9842931937172775,0.0008009494049474597
0.021814806219540496,0.9842931937172775,0.000801402551587671
0.021817337820587212,0.9842931937172775,0.0008016916108317673
0.02181987000928505,0.9842931937172775,0.000801828398834914
0.021822402785838652,0.9842931937172775,0.0008047754527069628
0.02182493615045275,0.9842931937172775,0.0008051770273596048
0.02182747010333217,0.9842931937172775,0.0008057783707045019
0.02183000464468184,0.9842931937172775,0.0008068694151006639
0.02183253977470677,0.9842931937172775,0.0008098848047666252
0.02183507549361208,0.9842931937172775,0.000809899065643549
0.021837611801602975,0.9842931937172775,0.0008100503473542631
0.02184014869888476,0.9842931937172775,0.0008104363223537803
0.021842686185662832,0.9842931937172775,0.000811558507848531
0.021845224262142693,0.9842931937172775,0.0008134766831062734
0.021847762928529923,0.9842931937172775,0.0008139066048897803
0.02185030218503022,0.9842931937172775,0.0008139558485709131
0.021852842031849354,0.9842931937172775,0.0008159679709933698
0.02185538246919321,0.9842931937172775,0.0008162837475538254
0.02185792349726776,0.9842931937172775,0.0008163676830008626
0.02186046511627907,0.9842931937172775,0.0008165801409631968
0.021863007326433308,0.9842931937172775,0.0008168444037437439
0.021865550127936728,0.9842931937172775,0.0008173742098733783
0.021868093520995696,0.9842931937172775,0.0008177754352800548
0.021870637505816658,0.9842931937172775,0.000817865424323827
0.021873182082606166,0.9842931937172775,0.0008179686847142875
0.021875727251570862,0.9842931937172775,0.0008180314325727522
0.02187827301291749,0.9842931937172775,0.0008180750883184373
0.021880819366852888,0.9842931937172775,0.0008182271267287433
0.021883366313583983,0.9842931937172775,0.0008193295216187835
0.021885913853317812,0.9842931937172775,0.0008198480936698616
0.021888461986261497,0.9842931937172775,0.000820697343442589
0.021891010712622262,0.9842931937172775,0.0008231299580074847
0.02189356003260743,0.9842931937172775,0.0008234609849750996
0.02189610994642441,0.9842931937172775,0.0008245276985689998
0.02189866045428072,0.9842931937172775,0.0008250460377894342
0.02190121155638397,0.9842931937172775,0.0008251792751252651
0.02190376325294186,0.9842931937172775,0.0008253196720033884
0.0219063155441622,0.9842931937172775,0.0008259144378826022
0.021908868430252883,0.9842931937172775,0.0008299975888803601
0.02191142191142191,0.9842931937172775,0.0008301028283312917
0.021913975987877376,0.9842931937172775,0.000831012090202421
0.021916530659827467,0.9842931937172775,0.0008310928824357688
0.021919085927480472,0.9842931937172775,0.0008312723366543651
0.021921641791044777,0.9842931937172775,0.0008313581929542124
0.021924198250728864,0.9842931937172775,0.0008320433553308249
0.021926755306741312,0.9842931937172775,0.0008321314235217869
0.021929312959290796,0.9842931937172775,0.0008335384191013873
0.021931871208586095,0.9842931937172775,0.0008337981416843832
0.021934430054836074,0.9842931937172775,0.0008356176549568772
0.02193698949824971,0.9842931937172775,0.0008358735940419137
0.02193954953903606,0.9842931937172775,0.0008359229541383684
0.021942110177404293,0.9842931937172775,0.0008362827356904745
0.021944671413563675,0.9842931937172775,0.0008368761627934873
0.021947233247723557,0.9842931937172775,0.0008371146977879107
0.021949795680093403,0.9842931937172775,0.0008371784933842719
0.021952358710882764,0.9842931937172775,0.0008376823971047997
0.021954922340301296,0.9842931937172775,0.0008381619118154049
0.021957486568558747,0.9842931937172775,0.0008382605155929923
0.02196005139586497,0.9842931937172775,0.0008382812957279384
0.021962616822429906,0.9842931937172775,0.0008408356225118041
0.021965182848463605,0.9842931937172775,0.0008414351614192128
0.02196774947417621,0.9842931937172775,0.000843009736854583
0.021970316699777958,0.9842931937172775,0.0008431430906057358
0.021972884525479196,0.9842931937172775,0.0008434171322733164
0.021975452951490358,0.9842931937172775,0.0008435830823145807
0.02197802197802198,0.9842931937172775,0.0008451729081571102
0.021980591605284695,0.9842931937172775,0.0008455849601887167
0.021983161833489244,0.9842931937172775,0.0008470489992760122
0.021985732662846452,0.9842931937172775,0.0008472059853374958
0.02198830409356725,0.9842931937172775,0.0008485806756652892
0.021990876125862674,0.9842931937172775,0.0008496948867104948
0.021993448759943846,0.9842931937172775,0.0008504331926815212
0.021996021996021995,0.9842931937172775,0.0008506285375915468
0.021998595834308448,0.9842931937172775,0.0008512013591825962
0.02200117027501463,0.9842931937172775,0.0008514102082699537
0.02200374531835206,0.9842931937172775,0.0008515262161381543
0.022006320964532367,0.9842931937172775,0.0008516515954397619
0.022008897213767267,0.9842931937172775,0.0008521710988134146
0.022011474066268587,0.9842931937172775,0.0008522567222826183
0.022014051522248244,0.9842931937172775,0.0008524716249667108
0.022016629581918256,0.9842931937172775,0.0008539683185517788
0.022019208245490748,0.9842931937172775,0.0008544815354980528
0.02202178751317793,0.9842931937172775,0.0008549490012228489
0.022024367385192128,0.9842931937172775,0.0008560136193409562
0.022026947861745753,0.9842931937172775,0.0008566317264921963
0.022029528943051324,0.9842931937172775,0.0008582661394029856
0.022032110629321457,0.9842931937172775,0.0008583128219470382
0.02203469292076887,0.9842931937172775,0.0008628774085082114
0.022037275817606377,0.9842931937172775,0.0008644672925584018
0.022039859320046894,0.9842931937172775,0.0008649579831399024
0.022042443428303436,0.9842931937172775,0.0008656250429339707
0.02204502814258912,0.9842931937172775,0.0008657483267597854
0.022047613463117156,0.9842931937172775,0.0008659331360831857
0.022050199390100868,0.9842931937172775,0.0008672650437802076
0.022052785923753666,0.9842931937172775,0.0008679938619025052
0.022055373064289067,0.9842931937172775,0.0008682481129653752
0.022057960811920685,0.9842931937172775,0.0008687748922966421
0.022060549166862238,0.9842931937172775,0.0008701853803358972
0.022063138129327545,0.9842931937172775,0.0008715387666597962
0.022065727699530517,0.9842931937172775,0.0008726298110559583
0.022068317877685175,0.9842931937172775,0.0008728032116778195
0.022070908664005635,0.9842931937172775,0.0008730290574021637
0.022073500058706116,0.9842931937172775,0.0008761339704506099
0.02207609206200094,0.9842931937172775,0.0008764817612245679
0.02207868467410452,0.9842931937172775,0.0008769567357376218
0.022081277895231382,0.9842931937172775,0.0008773064473643899
0.022083871725596147,0.9842931937172775,0.0008774987072683871
0.022086466165413533,0.9842931937172775,0.0008780491189099848
0.022089061214898367,0.9842931937172775,0.0008786964463070035
0.02209165687426557,0.9842931937172775,0.0008795835892669857
0.022094253143730168,0.9842931937172775,0.0008796883630566299
0.022096850023507288,0.9842931937172775,0.0008801327203400433
0.022099447513812154,0.9842931937172775,0.0008803431992419064
0.022102045614860098,0.9842931937172775,0.0008812844753265381
0.022104644326866547,0.9842931937172775,0.0008815040928311646
0.022107243650047036,0.9842931937172775,0.0008826596895232797
0.022109843584617195,0.9842931937172775,0.0008829899015836418
0.022112444130792754,0.9842931937172775,0.0008830850129015744
0.022115045288789555,0.9842931937172775,0.0008834013715386391
0.02211764705882353,0.9842931937172775,0.0008854057523421943
0.02212024944111072,0.9842931937172775,0.0008870422607287765
0.022122852435867264,0.9842931937172775,0.0008875486091710627
0.022128060263653482,0.9842931937172775,0.0008877622312866151
0.02213066509711595,0.9842931937172775,0.0008879995439201593
0.022133270543913352,0.9842931937172775,0.0008884862181730568
0.022135876604262333,0.9842931937172775,0.0008894856437109411
0.022138483278379653,0.9842931937172775,0.0008899091626517475
0.02214109056648216,0.9842931937172775,0.0008900485699996352
0.022143698468786808,0.9842931937172775,0.000891182804480195
0.02214630698551066,0.9842931937172775,0.0008916787919588387
0.022148916116870875,0.9842931937172775,0.000894441269338131
0.022151525863084717,0.9842931937172775,0.0008951391209848225
0.02215413622436955,0.9842931937172775,0.0008967620087787509
0.02215674720094284,0.9842931937172775,0.0008980505517683923
0.02215935879302216,0.9842931937172775,0.0008984978194348514
0.02216197100082518,0.9842931937172775,0.0008990810019895434
0.022164583824569678,0.9842931937172775,0.0009007984772324562
0.02216719726447353,0.9842931937172775,0.0009024483151733875
0.022169811320754716,0.9842931937172775,0.000904868240468204
0.022172425993631326,0.9842931937172775,0.0009049458894878626
0.02217504128332154,0.9842931937172775,0.0009049864020198584
0.022177657190043647,0.9842931937172775,0.0009050514781847596
0.022180273714016045,0.9842931937172775,0.0009070310043171048
0.022182890855457226,0.9842931937172775,0.0009070326923392713
0.02218550861458579,0.9842931937172775,0.000907386711332947
0.02218812699162044,0.9842931937172775,0.0009074329864233732
0.022190745986779982,0.9842931937172775,0.0009092158288694918
0.02219336560028332,0.9842931937172775,0.0009104919154196978
0.02219598583234947,0.9842931937172775,0.0009110369137488306
0.022198606683197543,0.9842931937172775,0.0009120787144638598
0.022201228153046763,0.9842931937172775,0.000912131741642952
0.022203850242116453,0.9842931937172775,0.0009141458431258798
0.022206472950626034,0.9842931937172775,0.0009145601070486009
0.022209096278795037,0.9842931937172775,0.0009148250101134181
0.0222117202268431,0.9842931937172775,0.0009153298451565206
0.022214344794989956,0.9842931937172775,0.0009155278094112873
0.02221696998345545,0.9842931937172775,0.0009156744345091283
0.02221959579245952,0.9842931937172775,0.0009165844530798495
0.022222222222222223,0.9842931937172775,0.0009176417370326817
0.02222484927296371,0.9842931937172775,0.000918715144507587
0.022227476944904234,0.9842931937172775,0.0009190794080495834
0.02223010523826416,0.9842931937172775,0.0009193377336487174
0.022232734153263954,0.9842931937172775,0.0009201032225973904
0.022235363690124188,0.9842931937172775,0.0009202565997838974
0.02223799384906553,0.9842931937172775,0.00092064164346084
0.022240624630308767,0.9842931937172775,0.0009208613191731274
0.022243256034074774,0.9842931937172775,0.0009212624281644821
0.022245888060584546,0.9842931937172775,0.0009212804725393653
0.022248520710059172,0.9842931937172775,0.0009215960744768381
0.02225115398271985,0.9842931937172775,0.0009220799547620118
0.02225378787878788,0.9842931937172775,0.0009225598187185824
0.02225642239848467,0.9842931937172775,0.0009225730318576097
0.02225905754203173,0.9842931937172775,0.0009229498100467026
0.02226169330965068,0.9842931937172775,0.0009235188481397927
0.02226432970156324,0.9842931937172775,0.0009239264181815088
0.022266966717991235,0.9842931937172775,0.0009245687397196889
0.0222696043591566,0.9842931937172775,0.0009249393478967249
0.022272242625281366,0.9842931937172775,0.0009251371957361698
0.02227488151658768,0.9842931937172775,0.0009303329279646277
0.022277521033297783,0.9842931937172775,0.0009305647690780461
0.022280161175634035,0.9842931937172775,0.0009306209976784885
0.022282801943818892,0.9842931937172775,0.0009316341602243483
0.022285443338074917,0.9842931937172775,0.0009320271201431751
0.02228808535862478,0.9842931937172775,0.0009320612298324704
0.02229072800569125,0.9842931937172775,0.0009339200332760811
0.022293371279497213,0.9842931937172775,0.0009344487334601581
0.022296015180265655,0.9842931937172775,0.0009351785993203521
0.022298659708219665,0.9842931937172775,0.0009354094509035349
0.022301304863582443,0.9842931937172775,0.0009357642265968025
0.02230395064657729,0.9842931937172775,0.0009358872775919735
0.022306597057427623,0.9842931937172775,0.0009362194687128067
0.02230924409635695,0.9842931937172775,0.0009362917044200003
0.02231189176358889,0.9842931937172775,0.0009364603902213275
0.02231454005934718,0.9842931937172775,0.0009372971835546196
0.02231718898385565,0.9842931937172775,0.0009377545793540776
0.02231983853733824,0.9842931937172775,0.0009383154101669788
0.022322488720018997,0.9842931937172775,0.0009395615779794753
0.022325139532122076,0.9842931937172775,0.0009398481342941523
0.022327790973871733,0.9842931937172775,0.0009419085690751672
0.022330443045492337,0.9842931937172775,0.0009431747603230178
0.022333095747208362,0.9842931937172775,0.0009440441499464214
0.022335749079244387,0.9842931937172775,0.000944199797231704
0.022338403041825095,0.9842931937172775,0.0009445660398341715
0.02234371285951985,0.9842931937172775,0.0009447738411836326
0.0223463687150838,0.9842931937172775,0.0009447878110222518
0.02234902520209225,0.9842931937172775,0.000944873783737421
0.02235168232077042,0.9842931937172775,0.0009449346107430756
0.02235434007134364,0.9842931937172775,0.0009473463869653642
0.022356998454037342,0.9842931937172775,0.0009473649552091956
0.02235965746907707,0.9842931937172775,0.0009475440601818264
0.022362317116688474,0.9842931937172775,0.0009479961008764803
0.02236497739709731,0.9842931937172775,0.0009486692724749446
0.022367638310529448,0.9842931937172775,0.0009491352830082178
0.02225130890052356,0.9790575916230366,0.0009491547825746238
0.022253956920147568,0.9790575916230366,0.0009504460613243282
0.022256605570102356,0.9790575916230366,0.0009504705085419118
0.022259254850613024,0.9790575916230366,0.000950757646933198
0.02226190476190476,0.9790575916230366,0.000951675174292177
0.02226455530420288,0.9790575916230366,0.0009524875786155462
0.022267206477732792,0.9790575916230366,0.0009527584188617766
0.022269858282720018,0.9790575916230366,0.000952842878177762
0.022272510719390185,0.9790575916230366,0.000952933682128787
0.02227516378796903,0.9790575916230366,0.0009531838004477322
0.02227781748868239,0.9790575916230366,0.0009552271221764386
0.022280471821756225,0.9790575916230366,0.0009552681003697217
0.022283126787416587,0.9790575916230366,0.0009559422614984214
0.022285782385889644,0.9790575916230366,0.0009567965171299875
0.02228843861740167,0.9790575916230366,0.0009568348759785295
0.022291095482179044,0.9790575916230366,0.0009571444243192673
0.02229375298044826,0.9790575916230366,0.0009576200391165912
0.022296411112435913,0.9790575916230366,0.0009578363969922066
0.02229906987836871,0.9790575916230366,0.0009597172029316425
0.022301729278473466,0.9790575916230366,0.0009621222852729261
0.0223043893129771,0.9790575916230366,0.0009631871362216771
0.022307049982106645,0.9790575916230366,0.0009646693360991776
0.02230971128608924,0.9790575916230366,0.000964803621172905
0.02231237322515213,0.9790575916230366,0.0009660444338805974
0.022315035799522674,0.9790575916230366,0.0009667198173701763
0.022317699009428333,0.9790575916230366,0.0009669043938629329
0.02232036285509668,0.9790575916230366,0.0009672882733866572
0.0223230273367554,0.9790575916230366,0.0009687274578027427
0.022325692454632284,0.9790575916230366,0.000969232409261167
0.022328358208955224,0.9790575916230366,0.0009693016763776541
0.02233102459995223,0.9790575916230366,0.0009705843986012042
0.022333691627851426,0.9790575916230366,0.0009710740414448082
0.022336359292881032,0.9790575916230366,0.0009713257313705981
0.022339027595269383,0.9790575916230366,0.0009716016356833279
0.022341696535244922,0.9790575916230366,0.0009722845279611647
0.022344366113036206,0.9790575916230366,0.0009726806310936809
0.022347036328871892,0.9790575916230366,0.0009728613076731563
0.02234970718298076,0.9790575916230366,0.0009739631204865873
0.02235237867559168,0.9790575916230366,0.0009740707464516163
0.022355050806933653,0.9790575916230366,0.0009744499693624675
0.022357723577235773,0.9790575916230366,0.0009756311192177236
0.02236039698672725,0.9790575916230366,0.000976250390522182
0.022363071035637408,0.9790575916230366,0.0009764033602550626
0.02236574572419567,0.9790575916230366,0.0009770506294444203
0.02236842105263158,0.9790575916230366,0.0009771018521860242
0.02237109702117478,0.9790575916230366,0.0009773382917046547
0.022373773630055035,0.9790575916230366,0.0009776512160897255
0.022376450879502213,0.9790575916230366,0.0009783728746697307
0.02237912876974629,0.9790575916230366,0.000979003612883389
0.022381807301017353,0.9790575916230366,0.0009790960466489196
0.022384486473545608,0.9790575916230366,0.000979235046543181
0.022387166287561357,0.9790575916230366,0.0009798398241400719
0.02238984674329502,0.9790575916230366,0.000980069860816002
0.022272781702790085,0.9738219895287958,0.0009808419272303581
0.022275449101796407,0.9738219895287958,0.0009822703432291746
0.022278117139777218,0.9738219895287958,0.0009829154005274177
0.022280785816962148,0.9738219895287958,0.0009835762903094292
0.022283455133580928,0.9738219895287958,0.0009848159970715642
0.02228612508986341,0.9738219895287958,0.000984997022897005
0.022288795686039545,0.9738219895287958,0.000985841965302825
0.022291466922339406,0.9738219895287958,0.0009859682759270072
0.02229413879899317,0.9738219895287958,0.0009900653967633843
0.02229681131623112,0.9738219895287958,0.0009903314057737589
0.02229948447428366,0.9738219895287958,0.000991317443549633
0.022302158273381296,0.9738219895287958,0.0009928330546244979
0.022304832713754646,0.9738219895287958,0.000993459834717214
0.022307507795634444,0.9738219895287958,0.0009949347004294395
0.022310183519251528,0.9738219895287958,0.000995301059447229
0.02231285988483685,0.9738219895287958,0.0009955258574336767
0.022315536892621477,0.9738219895287958,0.0009962720796465874
0.022318214542836574,0.9738219895287958,0.0009987530065700412
0.022320892835713427,0.9738219895287958,0.0010002789786085486
0.022323571771483437,0.9738219895287958,0.0010008079698309302
0.022326251350378107,0.9738219895287958,0.0010010988917201757
0.02232893157262905,0.9738219895287958,0.0010014571016654372
0.022331612438468002,0.9738219895287958,0.0010029012337327003
0.0223342939481268,0.9738219895287958,0.0010034283623099327
0.022336976101837398,0.9738219895287958,0.0010040662018582225
0.022339658899831853,0.9738219895287958,0.0010063976515084505
0.022342342342342343,0.9738219895287958,0.0010069572599604726
0.022345026429601154,0.9738219895287958,0.0010071155847981572
0.022347711161840682,0.9738219895287958,0.0010091421427205205
0.022350396539293438,0.9738219895287958,0.0010095619363710284
0.022353082562192043,0.9738219895287958,0.0010098331840708852
0.02235576923076923,0.9738219895287958,0.0010102435480803251
0.022358456545257845,0.9738219895287958,0.0010106908157467842
0.02236114450589084,0.9738219895287958,0.0010109459981322289
0.022363833112901285,0.9738219895287958,0.0010111973388120532
0.022366522366522368,0.9738219895287958,0.0010116049088537693
0.022369212266987373,0.9738219895287958,0.0010127206332981586
0.02237190281452971,0.9738219895287958,0.0010133199393749237
0.022374594009382895,0.9738219895287958,0.0010135762859135866
0.02237728585178056,0.9738219895287958,0.001013659406453371
0.022379978341956444,0.9738219895287958,0.001014816458337009
0.022382671480144403,0.9738219895287958,0.0010150012094527483
0.02238536526657841,0.9738219895287958,0.001016265363432467
0.022388059701492536,0.9738219895287958,0.0010164299746975303
0.02239075478512098,0.9738219895287958,0.001016941387206316
0.02239345051769805,0.9738219895287958,0.0010170149616897106
0.02239614689945816,0.9738219895287958,0.0010185785358771682
0.022398843930635837,0.9738219895287958,0.0010185892460867763
0.022401541611465736,0.9738219895287958,0.0010190405882894993
0.022404239942182606,0.9738219895287958,0.0010193649213761091
0.022406938923021324,0.9738219895287958,0.0010194586357101798
0.022409638554216866,0.9738219895287958,0.0010204201098531485
0.02241233883600434,0.9738219895287958,0.0010222046403214335
0.022415039768618944,0.9738219895287958,0.0010227477177977562
0.02241774135229601,0.9738219895287958,0.0010231686756014824
0.022420443587270973,0.9738219895287958,0.001023199874907732
0.022423146473779385,0.9738219895287958,0.0010239483090117574
0.022425850012056908,0.9738219895287958,0.0010252739302814007
0.022428554202339322,0.9738219895287958,0.0010254672961309552
0.02243125904486252,0.9738219895287958,0.0010258977999910712
0.022433964539862503,0.9738219895287958,0.0010263831354677677
0.02243667068757539,0.9738219895287958,0.0010277966503053904
0.022439377488237423,0.9738219895287958,0.0010278852423653007
0.022442084942084942,0.9738219895287958,0.0010280002607032657
0.02244479304935441,0.9738219895287958,0.0010283064329996705
0.022447501810282405,0.9738219895287958,0.0010291521903127432
0.022450211225105612,0.9738219895287958,0.0010315566323697567
0.02245292129406084,0.9738219895287958,0.0010318917920812964
0.022455632017385006,0.9738219895287958,0.0010318952845409513
0.02245834339531514,0.9738219895287958,0.0010320196161046624
0.022461055428088395,0.9738219895287958,0.0010341081069782376
0.02246376811594203,0.9738219895287958,0.0010344628244638443
0.02246648145911342,0.9738219895287958,0.001036333036608994
0.02246919545784006,0.9738219895287958,0.0010369863593950868
0.02247191011235955,0.9738219895287958,0.0010375130223110318
0.02247462542290962,0.9738219895287958,0.0010380567982792854
0.0224773413897281,0.9738219895287958,0.0010386384092271328
0.022480058013052938,0.9738219895287958,0.0010392086114734411
0.022482775293122204,0.9738219895287958,0.0010394026758149266
0.02248549323017408,0.9738219895287958,0.0010412719566375017
0.022488211824446862,0.9738219895287958,0.0010422489140182734
0.02249093107617896,0.9738219895287958,0.0010432264534756541
0.0224936509856089,0.9738219895287958,0.0010444496292620897
0.022496371552975326,0.9738219895287958,0.0010460029589012265
0.022499092778516996,0.9738219895287958,0.0010461759520694613
0.02250181466247278,0.9738219895287958,0.001046688761562109
0.02250453720508167,0.9738219895287958,0.001050583436153829
0.02250726040658277,0.9738219895287958,0.001051766681484878
0.0225099842672153,0.9738219895287958,0.0010533113963901997
0.02251270878721859,0.9738219895287958,0.0010533123277127743
0.022515433966832102,0.9738219895287958,0.0010544387623667717
0.022518159806295398,0.9738219895287958,0.0010552125750109553
0.022520886305848167,0.9738219895287958,0.0010557962814345956
0.022523613465730202,0.9738219895287958,0.0010558762587606907
0.02252634128618142,0.9738219895287958,0.0010572205064818263
0.02252906976744186,0.9738219895287958,0.001057345885783434
0.022531798909751665,0.9738219895287958,0.00105951982550323
0.022534528713351102,0.9738219895287958,0.0010598540538921952
0.022537259178480554,0.9738219895287958,0.0010599312372505665
0.022539990305380515,0.9738219895287958,0.0010610749013721943
0.0225427220942916,0.9738219895287958,0.0010628742165863514
0.022545454545454546,0.9738219895287958,0.0010641422122716904
0.022548187659110194,0.9738219895287958,0.0010649560717865825
0.022550921435499516,0.9738219895287958,0.0010666395537555218
0.022553655874863587,0.9738219895287958,0.00106781383510679
0.022556390977443608,0.9738219895287958,0.0010713419178500772
0.022559126743480897,0.9738219895287958,0.0010721872095018625
0.022561863173216887,0.9738219895287958,0.0010749389184638858
0.022564600266893123,0.9738219895287958,0.0010761151788756251
0.022567338024751273,0.9738219895287958,0.0010798918083310127
0.022570076447033127,0.9738219895287958,0.0010808329097926617
0.02257281553398058,0.9738219895287958,0.001080965856090188
0.02257555528583566,0.9738219895287958,0.0010822934564203024
0.022578295702840496,0.9738219895287958,0.001082860166206956
0.022581036785237343,0.9738219895287958,0.0010830243118107319
0.022583778533268577,0.9738219895287958,0.001083722454495728
0.022586520947176687,0.9738219895287958,0.001083731185644865
0.022589264027204275,0.9738219895287958,0.0010843358468264341
0.02259200777359407,0.9738219895287958,0.0010852757841348648
0.02259475218658892,0.9738219895287958,0.0010870881378650665
0.022597497266431784,0.9738219895287958,0.0010879018809646368
0.022600243013365735,0.9738219895287958,0.0010884907096624374
0.022602989427633977,0.9738219895287958,0.0010887987446039915
0.022605736509479824,0.9738219895287958,0.0010890471749007702
0.022608484259146713,0.9738219895287958,0.0010905337985605001
0.02261123267687819,0.9738219895287958,0.0010916199535131454
0.022613981762917932,0.9738219895287958,0.0010923185618594289
0.022616731517509727,0.9738219895287958,0.0010923320660367608
0.022619481940897482,0.9738219895287958,0.001093591912649572
0.022622233033325227,0.9738219895287958,0.0010938283521682024
0.0226249847950371,0.9738219895287958,0.0010946159018203616
0.022627737226277374,0.9738219895287958,0.0010950388386845589
0.022630490327290424,0.9738219895287958,0.0010978124337270856
0.022633244098320758,0.9738219895287958,0.0010982183739542961
0.022635998539612998,0.9738219895287958,0.0010983789106830955
0.02263875365141188,0.9738219895287958,0.0010986421257257462
0.022641509433962263,0.9738219895287958,0.0011000109370797873
0.022644265887509132,0.9738219895287958,0.0011012029135599732
0.02264702301229758,0.9738219895287958,0.0011043077101930976
0.02264978080857282,0.9738219895287958,0.0011054687201976776
0.0226525392765802,0.9738219895287958,0.0011069988831877708
0.022655298416565165,0.9738219895287958,0.0011075912043452263
0.022658058228773297,0.9738219895287958,0.0011077462695538998
0.02266081871345029,0.9738219895287958,0.0011079488322138786
0.022663579870841964,0.9738219895287958,0.00110806489828974
0.022666341701194248,0.9738219895287958,0.001109374570660293
0.0226691042047532,0.9738219895287958,0.001109431148506701
0.022671867381764993,0.9738219895287958,0.0011097155511379242
0.022674631232475925,0.9738219895287958,0.0011106810998171568
0.02267739575713241,0.9738219895287958,0.001111928140744567
0.022680160955980976,0.9738219895287958,0.001112786470912397
0.022682926829268292,0.9738219895287958,0.0011129502672702074
0.022685693377241127,0.9738219895287958,0.001112999627366662
0.022688460600146378,0.9738219895287958,0.0011132509680464864
0.02269122849823106,0.9738219895287958,0.001113367616198957
0.022693997071742314,0.9738219895287958,0.0011143155861645937
0.022696766320927396,0.9738219895287958,0.0011156692635267973
0.022699536246033682,0.9738219895287958,0.0011158622801303864
0.022702306847308677,0.9738219895287958,0.001116358209401369
0.022705078125,0.9738219895287958,0.0011178533313795924
0.02270785007935539,0.9738219895287958,0.0011188100324943662
0.02271062271062271,0.9738219895287958,0.001119227847084403
0.022713396019049946,0.9738219895287958,0.0011210701195523143
0.022716170004885197,0.9738219895287958,0.0011225000489503145
0.022718944668376696,0.9738219895287958,0.001123072812333703
0.022721720009772784,0.9738219895287958,0.0011278641177341342
0.02272449602932193,0.9738219895287958,0.001128261093981564
0.022727272727272728,0.9738219895287958,0.0011292750714346766
0.022730050103873883,0.9738219895287958,0.0011298804311081767
0.022732828159374236,0.9738219895287958,0.001129897660575807
0.022735606894022736,0.9738219895287958,0.0011300487676635385
0.02273838630806846,0.9738219895287958,0.0011312238639220595
0.022741166401760608,0.9738219895287958,0.0011316253803670406
0.022743947175348497,0.9738219895287958,0.0011322663631290197
0.02274672862908157,0.9738219895287958,0.0011323591461405158
0.022749510763209392,0.9738219895287958,0.0011323828948661685
0.022752293577981652,0.9738219895287958,0.0011324286460876465
0.022755077073648152,0.9738219895287958,0.0011326278327032924
0.022757861250458828,0.9738219895287958,0.0011328791733831167
0.02276064610866373,0.9738219895287958,0.0011329671833664179
0.022763431648513036,0.9738219895287958,0.001133000012487173
0.02276621787025704,0.9738219895287958,0.0011337536852806807
0.022769004774146163,0.9738219895287958,0.0011349860578775406
0.02277179236043095,0.9738219895287958,0.0011351103894412518
0.02277458062936207,0.9738219895287958,0.001135574420914054
0.022777369581190303,0.9738219895287958,0.0011356202885508537
0.022780159216166565,0.9738219895287958,0.0011357847834005952
0.02278294953454189,0.9738219895287958,0.0011400730581954122
0.02278574053656744,0.9738219895287958,0.001140585751272738
0.02278853222249449,0.9738219895287958,0.0011407916899770498
0.02279132459257444,0.9738219895287958,0.0011435541091486812
0.022794117647058822,0.9738219895287958,0.0011441054521128535
0.02279691138619929,0.9738219895287958,0.0011467192089185119
0.02279970581024761,0.9738219895287958,0.0011468634475022554
0.02280250091945568,0.9738219895287958,0.001147234346717596
0.022805296714075527,0.9738219895287958,0.001147563336417079
0.022808093194359287,0.9738219895287958,0.0011485470458865166
0.022810890360559236,0.9738219895287958,0.0011489359894767404
0.022813688212927757,0.9738219895287958,0.0011489738244563341
0.02281648675171737,0.9738219895287958,0.0011502336710691452
0.022819285977180713,0.9738219895287958,0.0011516907252371311
0.02282208588957055,0.9738219895287958,0.0011546594323590398
0.022824886489139773,0.9738219895287958,0.0011574907694011927
0.022827687776141383,0.9738219895287958,0.001158238505013287
0.022830489750828527,0.9738219895287958,0.0011599803110584617
0.022833292413454456,0.9738219895287958,0.0011600985890254378
0.02283609576427256,0.9738219895287958,0.0011610443470999599
0.022838899803536344,0.9738219895287958,0.0011613258393481374
0.022841704531499446,0.9738219895287958,0.0011619433062151074
0.022844509948415623,0.9738219895287958,0.00116229138802737
0.022847316054538755,0.9738219895287958,0.0011628578649833798
0.02285012285012285,0.9738219895287958,0.0011636546114459634
0.02285293033542204,0.9738219895287958,0.001165366149507463
0.022855738510690587,0.9738219895287958,0.0011655205162242055
0.02285854737618287,0.9738219895287958,0.0011661723256111145
0.022861356932153392,0.9738219895287958,0.0011663063196465373
0.02286416717885679,0.9738219895287958,0.0011668324004858732
0.022866978116547823,0.9738219895287958,0.0011668908409774303
0.022869789745481373,0.9738219895287958,0.001168285496532917
0.022872602065912444,0.9738219895287958,0.0011686544166877866
0.022875415078096175,0.9738219895287958,0.0011690458049997687
0.022878228782287822,0.9738219895287958,0.0011700345203280449
0.022881043178742774,0.9738219895287958,0.0011722847120836377
0.022883858267716536,0.9738219895287958,0.0011732778511941433
0.022886674049464747,0.9738219895287958,0.0011738166213035583
0.02288949052424317,0.9738219895287958,0.0011746030068024993
0.02289230769230769,0.9738219895287958,0.0011753623839467764
0.022895125553914326,0.9738219895287958,0.001177096739411354
0.022897944109319217,0.9738219895287958,0.0011775402817875147
0.022900763358778626,0.9738219895287958,0.0011784379603341222
0.022903583302548946,0.9738219895287958,0.0011788017582148314
0.0229064039408867,0.9738219895287958,0.0011799706844612956
0.022912047302291204,0.9738219895287958,0.001180234830826521
0.022914870025871628,0.9738219895287958,0.0011809769785031676
0.02291769344504682,0.9738219895287958,0.0011815159814432263
0.022920517560073937,0.9738219895287958,0.0011821250664070249
0.022923342371210253,0.9738219895287958,0.0011831715237349272
0.022926167878713176,0.9738219895287958,0.001183500629849732
0.022928994082840236,0.9738219895287958,0.0011835148325189948
0.022931820983849095,0.9738219895287958,0.0011837165802717209
0.022934648581997535,0.9738219895287958,0.001184013788588345
0.02293747687754347,0.9738219895287958,0.001185213215649128
0.022940305870744943,0.9738219895287958,0.0011867813300341368
0.02294313556186012,0.9738219895287958,0.001186888199299574
0.0229459659511473,0.9738219895287958,0.0011876107892021537
0.022948797038864897,0.9738219895287958,0.00118792534340173
0.02295162882527147,0.9738219895287958,0.0011886995052918792
0.022954461310625694,0.9738219895287958,0.001190357143059373
0.022957294495186374,0.9738219895287958,0.001190516515634954
0.022960128379212442,0.9738219895287958,0.0011924493592232466
0.022962962962962963,0.9738219895287958,0.001194114563986659
0.022965798246697124,0.9738219895287958,0.0011950185289606452
0.022968634230674242,0.9738219895287958,0.0011956596281379461
0.02297147091515376,0.9738219895287958,0.0011963191209360957
0.022974308300395256,0.9738219895287958,0.0011966662714257836
0.02297714638665843,0.9738219895287958,0.001196827506646514
0.022979985174203115,0.9738219895287958,0.001196846948005259
0.022982824663289263,0.9738219895287958,0.0011974404333159328
0.022985664854176965,0.9738219895287958,0.0011983464937657118
0.022988505747126436,0.9738219895287958,0.00119960552547127
0.022991347342398022,0.9738219895287958,0.0012022961163893342
0.022994189640252193,0.9738219895287958,0.0012039521243423223
0.022997032640949554,0.9738219895287958,0.0012042531743645668
0.022999876344750834,0.9738219895287958,0.0012061266461387277
0.023002720751916894,0.9738219895287958,0.0012084736954420805
0.02300556586270872,0.9738219895287958,0.001209913520142436
0.02300841167738743,0.9738219895287958,0.0012102178297936916
0.023011258196214277,0.9738219895287958,0.0012102321488782763
0.02301410541945063,0.9738219895287958,0.0012103768531233072
0.023016953347358,0.9738219895287958,0.0012122067855671048
0.02301980198019802,0.9738219895287958,0.0012124712811782956
0.023022651318232456,0.9738219895287958,0.001212803297676146
0.0230255013617232,0.9738219895287958,0.001213397248648107
0.023028352110932276,0.9738219895287958,0.0012136705918237567
0.023031203566121844,0.9738219895287958,0.0012138988822698593
0.023036908595491703,0.9738219895287958,0.0012141827028244734
0.023039762170196952,0.9738219895287958,0.0012143903877586126
0.023042616451932608,0.9738219895287958,0.0012151518603786826
0.023045471440961467,0.9738219895287958,0.0012160706100985408
0.023048327137546468,0.9738219895287958,0.001216659788042307
0.023051183541950675,0.9738219895287958,0.0012182751670479774
0.023054040654437283,0.9738219895287958,0.0012220407370477915
0.023056898475269618,0.9738219895287958,0.0012231540167704225
0.023059757004711134,0.9738219895287958,0.0012231690343469381
0.023062616243025417,0.9738219895287958,0.0012238421477377415
0.023065476190476192,0.9738219895287958,0.0012240082724019885
0.023068336847327297,0.9738219895287958,0.0012270982842892408
0.02307119821384272,0.9738219895287958,0.0012281143572181463
0.023074060290286566,0.9738219895287958,0.0012285553384572268
0.023076923076923078,0.9738219895287958,0.0012286256533116102
0.023079786574016627,0.9738219895287958,0.0012299909722059965
0.02308265078183172,0.9738219895287958,0.0012300050584599376
0.02308551570063299,0.9738219895287958,0.001230037771165371
0.023088381330685203,0.9738219895287958,0.0012306191492825747
0.02309124767225326,0.9738219895287958,0.0012322330148890615
0.023094114725602185,0.9738219895287958,0.0012325874995440245
0.023096982490997144,0.9738219895287958,0.0012331336038187146
0.023099850968703428,0.9738219895287958,0.0012335764477029443
0.02310272015898646,0.9738219895287958,0.0012337268562987447
0.0231055900621118,0.9738219895287958,0.0012356803053990006
0.023108460678345134,0.9738219895287958,0.0012376290978863835
0.023111332007952286,0.9738219895287958,0.0012377689126878977
0.023114204051199204,0.9738219895287958,0.001238179742358625
0.023117076808351976,0.9738219895287958,0.0012384121073409915
0.023119950279676817,0.9738219895287958,0.0012393118813633919
0.02312282446544008,0.9738219895287958,0.0012393355136737227
0.023125699365908244,0.9738219895287958,0.0012414089869707823
0.023128574981347922,0.9738219895287958,0.0012433662777766585
0.023131451312025868,0.9738219895287958,0.0012440284481272101
0.023134328358208955,0.9738219895287958,0.001245234627276659
0.0231372061201642,0.9738219895287958,0.001245309365913272
0.023140084598158746,0.9738219895287958,0.0012459014542400837
0.023142963792459875,0.9738219895287958,0.0012469354551285505
0.023145843703334994,0.9738219895287958,0.001247063628397882
0.02314872433105165,0.9738219895287958,0.0012490447843447328
0.02315160567587752,0.9738219895287958,0.0012492815731093287
0.023154487738080418,0.9738219895287958,0.00125025468878448
0.023157370517928287,0.9738219895287958,0.0012503969483077526
0.023160254015689205,0.9738219895287958,0.0012514007976278663
0.023163138231631384,0.9738219895287958,0.0012532955734059215
0.023166023166023165,0.9738219895287958,0.0012533486587926745
0.023168908819133034,0.9738219895287958,0.0012534280540421605
0.0231717951912296,0.9738219895287958,0.0012568621896207333
0.02317468228258161,0.9738219895287958,0.0012584110954776406
0.023177570093457944,0.9738219895287958,0.001260621938854456
0.02318045862412762,0.9738219895287958,0.0012606868986040354
0.02318334787485978,0.9738219895287958,0.0012607143726199865
0.02318623784592371,0.9738219895287958,0.0012607300886884332
0.02318912853758883,0.9738219895287958,0.0012612075079232454
0.02319201995012469,0.9738219895287958,0.0012621086789295077
0.02319491208380097,0.9738219895287958,0.0012624470982700586
0.0231978049388875,0.9738219895287958,0.0012629763223230839
0.023200698515654233,0.9738219895287958,0.0012644834350794554
0.023203592814371257,0.9738219895287958,0.001265774480998516
0.023206487835308796,0.9738219895287958,0.0012688252609223127
0.02320938357873721,0.9738219895287958,0.0012707235291600227
0.023212280044926994,0.9738219895287958,0.0012717957142740488
0.023215177234148777,0.9738219895287958,0.001271984656341374
0.023218075146673324,0.9738219895287958,0.001273161033168435
0.023220973782771534,0.9738219895287958,0.001273913076147437
0.023223873142714447,0.9738219895287958,0.0012743324041366577
0.023226773226773228,0.9738219895287958,0.0012749199522659183
0.023229674035219184,0.9738219895287958,0.0012784815626218915
0.023232575568323758,0.9738219895287958,0.0012795201037079096
0.023235477826358528,0.9738219895287958,0.001279619405977428
0.023238380809595203,0.9738219895287958,0.0012808430474251509
0.023241284518305635,0.9738219895287958,0.0012814507354050875
0.02324418895276181,0.9738219895287958,0.0012830342166125774
0.023247094113235847,0.9738219895287958,0.0012830933555960655
0.02325,0.9738219895287958,0.0012831551721319556
0.023252906613326668,0.9738219895287958,0.0012831679778173566
0.023255813953488372,0.9738219895287958,0.0012833415530622005
0.023258722020757783,0.9738219895287958,0.001283846446312964
0.023261630815407705,0.9738219895287958,0.0012845013989135623
0.02326454033771107,0.9738219895287958,0.0012879965361207724
0.023267450587940955,0.9738219895287958,0.0012889857171103358
0.023270361566370575,0.9738219895287958,0.0012896101688966155
0.023273273273273273,0.9738219895287958,0.0012966167414560914
0.023276185708922537,0.9738219895287958,0.001297051552683115
0.02327909887359199,0.9738219895287958,0.0012985446956008673
0.02328201276755539,0.9738219895287958,0.0012990414397791028
0.02328492739108663,0.9738219895287958,0.0012991891708225012
0.023287842744459747,0.9738219895287958,0.0012997183948755264
0.02329075882794891,0.9738219895287958,0.0013011489063501358
0.023293675641828427,0.9738219895287958,0.0013012803392484784
0.023296593186372744,0.9738219895287958,0.0013017295859754086
0.023299511461856444,0.9738219895287958,0.001302799442782998
0.023302430468554246,0.9738219895287958,0.0013029557885602117
0.02330535020674101,0.9738219895287958,0.0013041209895163774
0.02330827067669173,0.9738219895287958,0.0013059169286862016
0.02331119187868154,0.9738219895287958,0.0013063921360298991
0.02331411381298571,0.9738219895287958,0.0013065775856375694
0.023317036479879653,0.9738219895287958,0.0013081309152767062
0.02331995987963892,0.9738219895287958,0.0013086798135191202
0.023322884012539184,0.9738219895287958,0.0013099911157041788
0.023325808878856283,0.9738219895287958,0.0013113986933603883
0.023328734478866173,0.9738219895287958,0.0013114766916260123
0.02333166081284496,0.9738219895287958,0.001311614061705768
0.023334587881068874,0.9738219895287958,0.0013119676150381565
0.023337515683814303,0.9738219895287958,0.0013121039373800159
0.02334044422135776,0.9738219895287958,0.0013137214118614793
0.023343373493975902,0.9738219895287958,0.0013139278162270784
0.023346303501945526,0.9738219895287958,0.001313940272666514
0.02334923424554356,0.9738219895287958,0.0013148986035957932
0.023352165725047083,0.9738219895287958,0.0013158632209524512
0.0233550979407333,0.9738219895287958,0.0013159115333110094
0.023358030892879567,0.9738219895287958,0.0013171917526051402
0.023360964581763375,0.9738219895287958,0.0013180883834138513
0.023363899007662354,0.9738219895287958,0.0013184983981773257
0.02336683417085427,0.9738219895287958,0.0013185599818825722
0.023369770071617037,0.9738219895287958,0.0013189585879445076
0.023372706710228702,0.9738219895287958,0.0013189725577831268
0.02337564408696745,0.9738219895287958,0.0013205651193857193
0.023378582202111614,0.9738219895287958,0.0013236853992566466
0.02338152105593966,0.9738219895287958,0.0013245120644569397
0.023384460648730197,0.9738219895287958,0.0013250085758045316
0.023387400980761978,0.9738219895287958,0.0013251896016299725
0.023390342052313884,0.9738219895287958,0.0013252495555207133
0.02339328386366495,0.9738219895287958,0.001329501043073833
0.02339622641509434,0.9738219895287958,0.00133024831302464
0.02339916970688137,0.9738219895287958,0.0013305987231433392
0.023402113739305487,0.9738219895287958,0.0013312350492924452
0.023405058512646282,0.9738219895287958,0.0013312769588083029
0.023408004027183488,0.9738219895287958,0.0013315121177583933
0.02341095028319698,0.9738219895287958,0.0013324235333129764
0.023413897280966767,0.9738219895287958,0.001333866035565734
0.023416845020773007,0.9738219895287958,0.0013343386817723513
0.023419793502895997,0.9738219895287958,0.0013344866456463933
0.02342274272761617,0.9738219895287958,0.0013345432234928012
0.023425692695214106,0.9738219895287958,0.00133510772138834
0.023428643405970524,0.9738219895287958,0.001335664070211351
0.02343159486016629,0.9738219895287958,0.0013360235607251525
0.0234345470580824,0.9738219895287958,0.001336640096269548
0.0234375,0.9738219895287958,0.0013404896017163992
0.023440453686200378,0.9738219895287958,0.001340686110779643
0.02344340811696496,0.9738219895287958,0.0013423963682726026
0.02344636329257532,0.9738219895287958,0.0013439255999401212
0.023449319213313162,0.9738219895287958,0.0013469484401866794
0.023452275879460346,0.9738219895287958,0.0013476990861818194
0.023455233291298866,0.9738219895287958,0.0013482325011864305
0.02345819144911086,0.9738219895287958,0.0013517914339900017
0.023461150353178608,0.9738219895287958,0.0013521654764190316
0.023464110003784535,0.9738219895287958,0.0013531948206946254
0.023467070401211203,0.9738219895287958,0.0013532566372305155
0.023470031545741326,0.9738219895287958,0.0013533320743590593
0.023475956077243468,0.9738219895287958,0.0013537748018279672
0.02347891946478162,0.9738219895287958,0.0013537922641262412
0.023481883600555486,0.9738219895287958,0.001354378997348249
0.023484848484848483,0.9738219895287958,0.0013545441906899214
0.023487814117944185,0.9738219895287958,0.0013547686394304037
0.023490780500126294,0.9738219895287958,0.0013554842444136739
0.023493747631678667,0.9738219895287958,0.0013565225526690483
0.023496715512885295,0.9738219895287958,0.001357207540422678
0.023499684144030322,0.9738219895287958,0.0013578280340880156
0.02350265352539803,0.9738219895287958,0.0013579269871115685
0.023505623657272844,0.9738219895287958,0.0013591075548902154
0.023508594539939334,0.9738219895287958,0.0013593833427876234
0.023511566173682216,0.9738219895287958,0.0013598429504781961
0.023514538558786345,0.9738219895287958,0.0013600457459688187
0.02351751169553673,0.9738219895287958,0.0013602180406451225
0.023394031360647445,0.9685863874345549,0.001361176953651011
0.023396990008852914,0.9685863874345549,0.0013620308600366116
0.0233999494055148,0.9685863874345549,0.0013658159878104925
0.02340290955091714,0.9685863874345549,0.0013673875946551561
0.02340587044534413,0.9685863874345549,0.0013681835262104869
0.023408832089080095,0.9685863874345549,0.001370070967823267
0.023411794482409518,0.9685863874345549,0.0013703710865229368
0.02341475762561701,0.9685863874345549,0.0013713431544601917
0.02341772151898734,0.9685863874345549,0.001372114522382617
0.023420686162805418,0.9685863874345549,0.0013725896133109927
0.023423651557356293,0.9685863874345549,0.0013728333869948983
0.023426617702925163,0.9685863874345549,0.0013735180255025625
0.023429584599797364,0.9685863874345549,0.0013735638931393623
0.023432552248258392,0.9685863874345549,0.0013736364198848605
0.023435520648593867,0.9685863874345549,0.001373909879475832
0.023438489801089573,0.9685863874345549,0.00137439148966223
0.023441459706031426,0.9685863874345549,0.0013749904464930296
0.023444430363705488,0.9685863874345549,0.0013761452864855528
0.023447401774397972,0.9685863874345549,0.0013778296997770667
0.023450373938395233,0.9685863874345549,0.0013778723077848554
0.023453346855983773,0.9685863874345549,0.0013819370651617646
0.023456320527450236,0.9685863874345549,0.001382276532240212
0.02345929495308141,0.9685863874345549,0.0013834730489179492
0.023462270133164237,0.9685863874345549,0.0013840292813256383
0.023465246067985793,0.9685863874345549,0.0013843338238075376
0.023468222757833314,0.9685863874345549,0.0013849739916622639
0.023471200202994164,0.9685863874345549,0.0013852588599547744
0.023474178403755867,0.9685863874345549,0.0013859939062967896
0.023477157360406092,0.9685863874345549,0.001386749790981412
0.023480137073232644,0.9685863874345549,0.0013867906527593732
0.023483117542523482,0.9685863874345549,0.0013875133590772748
0.023486098768566714,0.9685863874345549,0.00139019510243088
0.023489080751650585,0.9685863874345549,0.0013901997590437531
0.02349206349206349,0.9685863874345549,0.0013917192118242383
0.02349504699009398,0.9685863874345549,0.0013954272726550698
0.023498031246030737,0.9685863874345549,0.0013969822321087122
0.023501016260162603,0.9685863874345549,0.00140088121406734
0.023504002032778554,0.9685863874345549,0.0014030847232788801
0.023506988564167726,0.9685863874345549,0.0014049782184883952
0.02350997585461939,0.9685863874345549,0.0014050912577658892
0.02351296390442298,0.9685863874345549,0.0014096548547968268
0.023515952713868058,0.9685863874345549,0.0014127237955108285
0.023518942283244342,0.9685863874345549,0.0014143410371616483
0.023521932612841703,0.9685863874345549,0.0014152344083413482
0.023524923702950153,0.9685863874345549,0.001415610546246171
0.02352791555385985,0.9685863874345549,0.0014165167231112719
0.023530908165861102,0.9685863874345549,0.0014172858791425824
0.02353390153924437,0.9685863874345549,0.0014194598188623786
0.02340966921119593,0.9633507853403142,0.0014196510892361403
0.023412647919582644,0.9633507853403142,0.0014196917181834579
0.023415627386103335,0.9633507853403142,0.0014219866134226322
0.023418607611047474,0.9633507853403142,0.0014227383071556687
0.023421588594704685,0.9633507853403142,0.0014235074631869793
0.023424570337364736,0.9633507853403142,0.0014241060707718134
0.023427552839317547,0.9633507853403142,0.0014257724396884441
0.02343053610085318,0.9633507853403142,0.0014259380986914039
0.023433520122261846,0.9633507853403142,0.0014267361257225275
0.023436504903833907,0.9633507853403142,0.0014269270468503237
0.023439490445859874,0.9633507853403142,0.0014301750343292952
0.023442476748630398,0.9633507853403142,0.0014303227653726935
0.023445463812436288,0.9633507853403142,0.0014320353511720896
0.023448451637568497,0.9633507853403142,0.0014364662347361445
0.023451440224318124,0.9633507853403142,0.0014377833576872945
0.02345442957297642,0.9633507853403142,0.0014379682252183557
0.023457419683834777,0.9633507853403142,0.0014382387744262815
0.02346041055718475,0.9633507853403142,0.0014426619745790958
0.02346340219331803,0.9633507853403142,0.0014472288312390447
0.023466394592526463,0.9633507853403142,0.0014474093914031982
0.02346938775510204,0.9633507853403142,0.00144865526817739
0.023472381681336904,0.9633507853403142,0.0014504559803754091
0.02347537637152335,0.9633507853403142,0.001453847624361515
0.02347837182595381,0.9633507853403142,0.0014581596478819847
0.02348136804492088,0.9633507853403142,0.0014582311268895864
0.023484365028717293,0.9633507853403142,0.0014599026180803776
0.023487362777635946,0.9633507853403142,0.0014600319555029273
0.02349036129196987,0.9633507853403142,0.0014608664205297828
0.02349336057201226,0.9633507853403142,0.001461186446249485
0.023496360618056444,0.9633507853403142,0.0014626308111473918
0.023499361430395913,0.9633507853403142,0.0014629372162744403
0.023502363009324307,0.9633507853403142,0.0014629942597821355
0.02350536535513541,0.9633507853403142,0.0014644244220107794
0.023508368468123163,0.9633507853403142,0.0014650346711277962
0.023511372348581652,0.9633507853403142,0.0014671218814328313
0.02351437699680511,0.9633507853403142,0.001469035749323666
0.023517382413087935,0.9633507853403142,0.0014690399402752519
0.023520388597724658,0.9633507853403142,0.0014709311071783304
0.023523395551009973,0.9633507853403142,0.001472499337978661
0.023526403273238718,0.9633507853403142,0.0014728100504726171
0.023529411764705882,0.9633507853403142,0.0014736349694430828
0.02353242102570661,0.9633507853403142,0.0014743036590516567
0.0235354310565362,0.9633507853403142,0.0014763606013730168
0.023538441857490086,0.9633507853403142,0.0014772226568311453
0.02354145342886387,0.9633507853403142,0.0014772338327020407
0.023544465770953295,0.9633507853403142,0.00147830112837255
0.02354747888405426,0.9633507853403142,0.0014784708619117737
0.023550492768462817,0.9633507853403142,0.0014785785460844636
0.023553507424475168,0.9633507853403142,0.001479190425015986
0.023556522852387657,0.9633507853403142,0.0014802226796746254
0.0235595390524968,0.9633507853403142,0.0014812794979661703
0.023562556025099244,0.9633507853403142,0.001481951680034399
0.0235655737704918,0.9633507853403142,0.001483178581111133
0.023568592288971436,0.9633507853403142,0.0014832548331469297
0.023571611580835254,0.9633507853403142,0.0014838672941550612
0.023574631646380524,0.9633507853403142,0.001485453569330275
0.023577652485904665,0.9633507853403142,0.0014858461217954755
0.02358067409970524,0.9633507853403142,0.001486683962866664
0.02358369648807998,0.9633507853403142,0.0014875230845063925
0.023586719651326752,0.9633507853403142,0.0014882349641993642
0.02358974358974359,0.9633507853403142,0.0014900749083608389
0.02359276830362867,0.9633507853403142,0.0014900941168889403
0.023595793793280327,0.9633507853403142,0.0014901075046509504
0.02359882005899705,0.9633507853403142,0.0014907611766830087
0.023601847101077475,0.9633507853403142,0.001491995994001627
0.0236048749198204,0.9633507853403142,0.0014925628202036023
0.02360790351552476,0.9633507853403142,0.0014934458304196596
0.023610932888489672,0.9633507853403142,0.0014940396649762988
0.023613963039014373,0.9633507853403142,0.0014952359488233924
0.02361699396739828,0.9633507853403142,0.0014969633193686604
0.02362002567394095,0.9633507853403142,0.001497291261330247
0.023623058158942098,0.9633507853403142,0.0014975236263126135
0.02362609142270159,0.9633507853403142,0.0014978060498833656
0.023629125465519457,0.9633507853403142,0.0014984430745244026
0.023632160287695863,0.9633507853403142,0.0014998320257291198
0.023506743737957612,0.9581151832460733,0.0015004405286163092
0.023509763617677287,0.9581151832460733,0.0015019644051790237
0.02351278427341642,0.9581151832460733,0.0015030725626274943
0.023515805705474173,0.9581151832460733,0.0015042717568576336
0.023518827914149852,0.9581151832460733,0.001505215186625719
0.02352185089974293,0.9581151832460733,0.0015054030809551477
0.023524874662553028,0.9581151832460733,0.0015090543311089277
0.02352789920287992,0.9581151832460733,0.001510060392320156
0.02353092452102353,0.9581151832460733,0.001513542141765356
0.02353395061728395,0.9581151832460733,0.0015162129420787096
0.023536977491961413,0.9581151832460733,0.0015176443848758936
0.023540005145356317,0.9581151832460733,0.0015177996829152107
0.023543033577769202,0.9581151832460733,0.0015190532431006432
0.023546062789500773,0.9581151832460733,0.0015195076121017337
0.023549092780851884,0.9581151832460733,0.0015209190314635634
0.023552123552123553,0.9581151832460733,0.0015218259068205953
0.02355515510361694,0.9581151832460733,0.0015245439717546105
0.023558187435633367,0.9581151832460733,0.001525509636849165
0.023561220548474315,0.9581151832460733,0.0015269214054569602
0.02356425444244141,0.9581151832460733,0.0015270509757101536
0.023567289117836447,0.9581151832460733,0.001527091721072793
0.02357032457496136,0.9581151832460733,0.0015278734499588609
0.023573360814118254,0.9581151832460733,0.0015311890747398138
0.02357639783560938,0.9581151832460733,0.0015323434490710497
0.023579435639737148,0.9581151832460733,0.0015345365973189473
0.023582474226804123,0.9581151832460733,0.001536318100988865
0.02358551359711303,0.9581151832460733,0.0015370051842182875
0.023588553750966745,0.9581151832460733,0.0015374250942841172
0.0235915946886683,0.9581151832460733,0.0015388759784400463
0.023594636410520887,0.9581151832460733,0.0015394965885207057
0.023597678916827854,0.9581151832460733,0.0015399716794490814
0.0236007222078927,0.9581151832460733,0.0015419797273352742
0.023603766284019088,0.9581151832460733,0.0015434030210599303
0.023606811145510834,0.9581151832460733,0.0015441087307408452
0.023609856792671913,0.9581151832460733,0.0015448182821273804
0.02361290322580645,0.9581151832460733,0.001547203748486936
0.023615950445218737,0.9581151832460733,0.0015495679108425975
0.023618998451213215,0.9581151832460733,0.0015501686139032245
0.023622047244094488,0.9581151832460733,0.0015506809577345848
0.023625096824167312,0.9581151832460733,0.0015508447540923953
0.023628147191736604,0.9581151832460733,0.0015512066893279552
0.02363119834710744,0.9581151832460733,0.001553068053908646
0.023634250290585045,0.9581151832460733,0.0015548777300864458
0.023637303022474812,0.9581151832460733,0.0015554996207356453
0.02364035654308229,0.9581151832460733,0.0015563686611130834
0.023643410852713178,0.9581151832460733,0.0015564316418021917
0.023646465951673343,0.9581151832460733,0.0015564552741125226
0.023649521840268802,0.9581151832460733,0.0015564908972010016
0.02365257851880574,0.9581151832460733,0.0015575092984363437
0.023655635987590486,0.9581151832460733,0.0015600245678797364
0.02365869424692954,0.9581151832460733,0.0015607562381774187
0.023661753297129558,0.9581151832460733,0.0015609405236318707
0.02366481313849735,0.9581151832460733,0.0015654944581910968
0.023667873771339887,0.9581151832460733,0.0015684718964621425
0.023673997412677877,0.9581151832460733,0.0015691232401877642
0.02367706042178807,0.9581151832460733,0.0015722406096756458
0.023680124223602484,0.9581151832460733,0.0015723004471510649
0.023683188818428885,0.9581151832460733,0.0015749189769849181
0.0236862542065752,0.9581151832460733,0.001576035749167204
0.023692387364060073,0.9581151832460733,0.001576250302605331
0.02369545513401528,0.9581151832460733,0.0015771720791235566
0.0236985236985237,0.9581151832460733,0.0015802650013938546
0.023701593057894054,0.9581151832460733,0.0015811033081263304
0.023704663212435233,0.9581151832460733,0.0015811409102752805
0.023707734162456275,0.9581151832460733,0.0015820685075595975
0.02371080590826639,0.9581151832460733,0.0015831663040444255
0.02371387845017494,0.9581151832460733,0.0015840267296880484
0.023716951788491446,0.9581151832460733,0.0015847968170419335
0.0237200259235256,0.9581151832460733,0.0015856842510402203
0.023723100855587244,0.9581151832460733,0.0015858435072004795
0.023726176584986387,0.9581151832460733,0.0015861992724239826
0.023729253112033194,0.9581151832460733,0.001586227212101221
0.023732330437038,0.9581151832460733,0.001586419646628201
0.023735408560311283,0.9581151832460733,0.0015871721552684903
0.023738487482163704,0.9581151832460733,0.0015874449163675308
0.023741567202906072,0.9581151832460733,0.001589500461705029
0.023744647722849357,0.9581151832460733,0.001589905354194343
0.023747729042304697,0.9581151832460733,0.001590684405528009
0.023750811161583386,0.9581151832460733,0.001590816886164248
0.023753894080996884,0.9581151832460733,0.0015920677687972784
0.02375697780085681,0.9581151832460733,0.0015937004936859012
0.023760062321474942,0.9581151832460733,0.0015937330899760127
0.023763147643163226,0.9581151832460733,0.0015949218068271875
0.023766233766233765,0.9581151832460733,0.0015959166921675205
0.02376932069099883,0.9581151832460733,0.001600485760718584
0.02377240841777085,0.9581151832460733,0.0016016016015782952
0.023775496946862415,0.9581151832460733,0.0016022963682189584
0.02377858627858628,0.9581151832460733,0.0016026885714381933
0.023781676413255362,0.9581151832460733,0.0016029221005737782
0.02378476735118274,0.9581151832460733,0.001604760647751391
0.02378785909268166,0.9581151832460733,0.001604766002856195
0.023660946437857513,0.9528795811518325,0.0016053207218647003
0.023664022883890263,0.9528795811518325,0.0016054140869528055
0.02366710013003901,0.9528795811518325,0.0016069540288299322
0.023670178176615944,0.9528795811518325,0.0016083194641396403
0.023673257023933404,0.9528795811518325,0.0016123326495289803
0.02367633667230389,0.9528795811518325,0.0016127749113366008
0.023679417122040074,0.9528795811518325,0.0016138224164023995
0.02368249837345478,0.9528795811518325,0.0016175945056602359
0.02368558042686101,0.9528795811518325,0.0016245911829173565
0.023688663282571912,0.9528795811518325,0.0016248100437223911
0.02369174694090081,0.9528795811518325,0.0016258932882919908
0.023694831402161175,0.9528795811518325,0.0016266194870695472
0.023697916666666666,0.9528795811518325,0.0016272917855530977
0.023701002734731084,0.9528795811518325,0.0016275413800030947
0.023704089606668404,0.9528795811518325,0.0016319340793415904
0.023707177282792757,0.9528795811518325,0.0016322201117873192
0.023710265763418448,0.9528795811518325,0.001634300802834332
0.023713355048859935,0.9528795811518325,0.0016343948664143682
0.023716445139431847,0.9528795811518325,0.0016347747296094894
0.023719536035448976,0.9528795811518325,0.0016350860241800547
0.023722627737226276,0.9528795811518325,0.0016366762574762106
0.02372572024507887,0.9528795811518325,0.0016400322783738375
0.023728813559322035,0.9528795811518325,0.001641744514927268
0.02373190768027122,0.9528795811518325,0.0016432858537882566
0.023735002608242045,0.9528795811518325,0.001643465831875801
0.02373809834355028,0.9528795811518325,0.0016438344027847052
0.02374119488651187,0.9528795811518325,0.0016447853995487094
0.023744292237442923,0.9528795811518325,0.0016457840101793408
0.02374739039665971,0.9528795811518325,0.0016468168469145894
0.023750489364478662,0.9528795811518325,0.0016489020781591535
0.02375358914121639,0.9528795811518325,0.0016491665737703443
0.023756689727189664,0.9528795811518325,0.0016550557920709252
0.023759791122715406,0.9528795811518325,0.0016552298329770565
0.02376289332811072,0.9528795811518325,0.0016552818706259131
0.02376599634369287,0.9528795811518325,0.0016572159947827458
0.023769100169779286,0.9528795811518325,0.0016572886379435658
0.023772204806687566,0.9528795811518325,0.0016595039051026106
0.023775310254735466,0.9528795811518325,0.0016595852794125676
0.02377841651424092,0.9528795811518325,0.0016605256823822856
0.02378152358552202,0.9528795811518325,0.001662754686549306
0.02378463146889702,0.9528795811518325,0.0016643211711198092
0.023787740164684355,0.9528795811518325,0.0016674416838213801
0.023790849673202615,0.9528795811518325,0.0016676337691023946
0.023793959994770558,0.9528795811518325,0.0016721489373594522
0.023797071129707113,0.9528795811518325,0.0016752468654885888
0.02380018307833137,0.9528795811518325,0.0016779332654550672
0.023803295840962593,0.9528795811518325,0.0016789527144283056
0.02380640941792021,0.9528795811518325,0.00167945958673954
0.023809523809523808,0.9528795811518325,0.0016798601718619466
0.023812639016093158,0.9528795811518325,0.0016801393358036876
0.02381575503794818,0.9528795811518325,0.0016811634413897991
0.023818871875408976,0.9528795811518325,0.0016826005885377526
0.02382198952879581,0.9528795811518325,0.0016863869968801737
0.023825107998429115,0.9528795811518325,0.0016872879350557923
0.023828227284629484,0.9528795811518325,0.0016875610454007983
0.02383134738771769,0.9528795811518325,0.0016881830524653196
0.023834468308014667,0.9528795811518325,0.0016889771213755012
0.02383759004584152,0.9528795811518325,0.0016892320709303021
0.023840712601519518,0.9528795811518325,0.0016895030857995152
0.023843835975370105,0.9528795811518325,0.0016896212473511696
0.023846960167714884,0.9528795811518325,0.0016898232279345393
0.02385008517887564,0.9528795811518325,0.0016898585017770529
0.023853211009174313,0.9528795811518325,0.001690391916781664
0.023856337658933018,0.9528795811518325,0.001690403209067881
0.023859465128474044,0.9528795811518325,0.001691520563326776
0.02386259341811984,0.9528795811518325,0.0016918546753004193
0.023865722528193023,0.9528795811518325,0.0016918916953727603
0.023868852459016394,0.9528795811518325,0.001692113932222128
0.023871983210912908,0.9528795811518325,0.0016935241874307394
0.023875114784205693,0.9528795811518325,0.0016947363037616014
0.023878247179218052,0.9528795811518325,0.0016967970877885818
0.023881380396273456,0.9528795811518325,0.0016999590443447232
0.023884514435695538,0.9528795811518325,0.0017012616153806448
0.023887649297808112,0.9528795811518325,0.0017047905130311847
0.023890784982935155,0.9528795811518325,0.0017050186870619655
0.023893921491400814,0.9528795811518325,0.0017065402353182435
0.02389705882352941,0.9528795811518325,0.001706607872620225
0.023900196979645436,0.9528795811518325,0.0017074072966352105
0.02390333596007355,0.9528795811518325,0.0017092777416110039
0.023906475765138577,0.9528795811518325,0.0017108179163187742
0.023909616395165527,0.9528795811518325,0.0017110564513131976
0.02391275785047957,0.9528795811518325,0.0017115509836003184
0.023915900131406046,0.9528795811518325,0.0017161007272079587
0.02391904323827047,0.9528795811518325,0.0017187920166179538
0.02392218717139853,0.9528795811518325,0.0017190448706969619
0.023925331931116078,0.9528795811518325,0.0017191783990710974
0.023928477517749146,0.9528795811518325,0.001720316126011312
0.023931623931623933,0.9528795811518325,0.0017210852820426226
0.023934771173066808,0.9528795811518325,0.0017212909879162908
0.023937919242404314,0.9528795811518325,0.0017215957632288337
0.02394106813996317,0.9528795811518325,0.0017221170710399747
0.02394736842105263,0.9528795811518325,0.0017221450107172132
0.023950519805237533,0.9528795811518325,0.0017225360497832298
0.023953672018952356,0.9528795811518325,0.00172319111879915
0.02395682506252468,0.9528795811518325,0.0017238090513274074
0.023959978936282253,0.9528795811518325,0.001724552595987916
0.023963133640552997,0.9528795811518325,0.0017246290808543563
0.023966289175664998,0.9528795811518325,0.0017252916004508734
0.02396944554194653,0.9528795811518325,0.0017263570334762335
0.023972602739726026,0.9528795811518325,0.0017265074420720339
0.023975760769332104,0.9528795811518325,0.0017267843941226602
0.023978919631093543,0.9528795811518325,0.0017278625164180994
0.023982079325339307,0.9528795811518325,0.0017288579838350415
0.023985239852398525,0.9528795811518325,0.001729099894873798
0.0239884012126005,0.9528795811518325,0.0017304600914940238
0.023991563406274716,0.9528795811518325,0.0017304946668446064
0.023994726433750824,0.9528795811518325,0.0017308654496446252
0.023997890295358648,0.9528795811518325,0.0017326213419437408
0.024001054991428194,0.9528795811518325,0.001736267120577395
0.024004220522289635,0.9528795811518325,0.0017371383728459477
0.024007386888273315,0.9528795811518325,0.001737446989864111
0.024010554089709764,0.9528795811518325,0.0017378092743456364
0.024013722126929673,0.9528795811518325,0.0017386787803843617
0.024016891000263923,0.9528795811518325,0.0017395878676325083
0.024020060710043555,0.9528795811518325,0.0017403506208211184
0.02402323125659979,0.9528795811518325,0.0017416176851838827
0.024026402640264028,0.9528795811518325,0.0017418913776054978
0.024029574861367836,0.9528795811518325,0.0017425523838028312
0.02403592181722134,0.9528795811518325,0.0017442934913560748
0.024039096552635055,0.9528795811518325,0.0017444262048229575
0.02404227212681638,0.9528795811518325,0.0017455641645938158
0.024045448540097766,0.9528795811518325,0.0017467144643887877
0.02404862579281184,0.9528795811518325,0.0017482866533100605
0.024051803885291396,0.9528795811518325,0.0017508091405034065
0.024054982817869417,0.9528795811518325,0.0017519838875159621
0.024058162590879048,0.9528795811518325,0.001752047217451036
0.024061343204653623,0.9528795811518325,0.0017533127684146166
0.024064524659526642,0.9528795811518325,0.001753734308294952
0.02406770695583179,0.9528795811518325,0.001754218596033752
0.02407089009390292,0.9528795811518325,0.0017550888005644083
0.024074074074074074,0.9528795811518325,0.001755206729285419
0.024077258896679454,0.9528795811518325,0.0017567245522513986
0.024080444562053452,0.9528795811518325,0.0017570791533216834
0.024083631070530635,0.9528795811518325,0.001758374273777008
0.024086818422445738,0.9528795811518325,0.0017603967571631074
0.024090006618133687,0.9528795811518325,0.0017613639356568456
0.024093195657929573,0.9528795811518325,0.0017626413609832525
0.024096385542168676,0.9528795811518325,0.0017632967792451382
0.024099576271186442,0.9528795811518325,0.0017640540609136224
0.0241027678453185,0.9528795811518325,0.0017650056397542357
0.024105960264900663,0.9528795811518325,0.0017653676914051175
0.02410915353026891,0.9528795811518325,0.0017659856239333749
0.024112347641759405,0.9528795811518325,0.0017698683077469468
0.024115542599708495,0.9528795811518325,0.0017709562089294195
0.02411873840445269,0.9528795811518325,0.0017737520392984152
0.024121935056328696,0.9528795811518325,0.0017742154886946082
0.024125132555673383,0.9528795811518325,0.0017749893013387918
0.02412833090282381,0.9528795811518325,0.0017751980340108275
0.02413153009811721,0.9528795811518325,0.0017757532186806202
0.024134730141890996,0.9528795811518325,0.0017772973515093327
0.02413793103448276,0.9528795811518325,0.001778034376911819
0.02414113277623027,0.9528795811518325,0.0017781993374228477
0.024144335367471476,0.9528795811518325,0.0017801184440031648
0.024147538808544512,0.9528795811518325,0.0017844244139268994
0.024150743099787687,0.9528795811518325,0.0017845204565674067
0.02415394824153948,0.9528795811518325,0.0017856955528259277
0.02402442261746748,0.9476439790575916,0.0017910482129082084
0.02402761184123191,0.9476439790575916,0.0017917832592502236
0.024030801911842804,0.9476439790575916,0.0017920407699421048
0.024033992829637498,0.9476439790575916,0.0017934043426066637
0.02403718459495352,0.9476439790575916,0.0017944708233699203
0.024040377208128568,0.9476439790575916,0.0017963320715352893
0.02404357066950053,0.9476439790575916,0.0017973174108192325
0.024046764979407467,0.9476439790575916,0.0017984264995902777
0.024049960138187616,0.9476439790575916,0.0017985915765166283
0.0240531561461794,0.9476439790575916,0.001800181227736175
0.024056353003721425,0.9476439790575916,0.001800974947400391
0.024059550711152466,0.9476439790575916,0.0018023503944277763
0.024062749268811485,0.9476439790575916,0.0018027399200946093
0.024065948677037628,0.9476439790575916,0.0018048948841169477
0.024069148936170213,0.9476439790575916,0.001806250074878335
0.024072350046548743,0.9476439790575916,0.001808692584745586
0.024075552008512902,0.9476439790575916,0.0018088623182848096
0.024078754822402553,0.9476439790575916,0.001809712266549468
0.024081958488557743,0.9476439790575916,0.001820363337174058
0.024085163007318697,0.9476439790575916,0.0018242447404190898
0.02408836837902582,0.9476439790575916,0.0018270488362759352
0.0240915746040197,0.9476439790575916,0.001827138476073742
0.024094781682641106,0.9476439790575916,0.0018278490751981735
0.024097989615230995,0.9476439790575916,0.0018300514202564955
0.024101198402130493,0.9476439790575916,0.0018309017177671194
0.024104408043680917,0.9476439790575916,0.00183117447886616
0.024107618540223762,0.9476439790575916,0.0018322014948353171
0.024110829892100706,0.9476439790575916,0.0018339892849326134
0.02411404209965361,0.9476439790575916,0.0018374195788055658
0.024117255163224518,0.9476439790575916,0.0018387055024504662
0.02412046908315565,0.9476439790575916,0.0018391205230727792
0.024123683859789417,0.9476439790575916,0.00183983298484236
0.02412689949346841,0.9476439790575916,0.0018406599992886186
0.024130115984535395,0.9476439790575916,0.0018419980769976974
0.024133333333333333,0.9476439790575916,0.0018420815467834473
0.024136551540205362,0.9476439790575916,0.0018468615598976612
0.024139770605494798,0.9476439790575916,0.0018476879922673106
0.02414299052954515,0.9476439790575916,0.0018478911370038986
0.024146211312700106,0.9476439790575916,0.0018479968421161175
0.02401601067378252,0.9424083769633508,0.0018481242004781961
0.02401921537229784,0.9424083769633508,0.0018491653027012944
0.024022420926197784,0.9424083769633508,0.0018495911499485373
0.02402562733582488,0.9424083769633508,0.001850281492806971
0.024028834601521828,0.9424083769633508,0.0018528671935200691
0.02403204272363151,0.9424083769633508,0.0018549187807366252
0.024035251702496995,0.9424083769633508,0.001856705523096025
0.02403846153846154,0.9424083769633508,0.0018589743413031101
0.024041672231868573,0.9424083769633508,0.0018592444248497486
0.024044883783061716,0.9424083769633508,0.001862540957517922
0.02404809619238477,0.9424083769633508,0.0018627855461090803
0.024051309460181722,0.9424083769633508,0.0018654090818017721
0.02405452358679674,0.9424083769633508,0.0018688507843762636
0.024057738572574178,0.9424083769633508,0.001870832871645689
0.024060954417858577,0.9424083769633508,0.0018738829530775547
0.02406417112299465,0.9424083769633508,0.0018748107831925154
0.024067388688327317,0.9424083769633508,0.0018760791281238198
0.02407060711420166,0.9424083769633508,0.0018790201283991337
0.024073826400962953,0.9424083769633508,0.001879738294519484
0.024077046548956663,0.9424083769633508,0.0018807129235938191
0.024080267558528427,0.9424083769633508,0.001881043310277164
0.024083489430024082,0.9424083769633508,0.0018825298175215721
0.02408671216378964,0.9424083769633508,0.0018849748885259032
0.024089935760171308,0.9424083769633508,0.001885249512270093
0.02409316021951546,0.9424083769633508,0.0018859206466004252
0.024096385542168676,0.9424083769633508,0.0018864278681576252
0.02409961172847771,0.9424083769633508,0.0018893156666308641
0.024102838778789503,0.9424083769633508,0.0018900783034041524
0.024106066693451184,0.9424083769633508,0.0018906433833763003
0.02410929547281007,0.9424083769633508,0.0018923222087323666
0.024112525117213665,0.9424083769633508,0.0018926870543509722
0.024115755627009645,0.9424083769633508,0.0018932393286377192
0.024118987002545892,0.9424083769633508,0.0018933285027742386
0.024122219244170465,0.9424083769633508,0.001893574488349259
0.024125452352231604,0.9424083769633508,0.0018945499323308468
0.024128686327077747,0.9424083769633508,0.0018960472662001848
0.024131921169057515,0.9424083769633508,0.0018972333054989576
0.02413515687851971,0.9424083769633508,0.0018987897783517838
0.02413839345581333,0.9424083769633508,0.0019027312519028783
0.024141630901287552,0.9424083769633508,0.0019040710758417845
0.02414486921529175,0.9424083769633508,0.00190418167039752
0.024148108398175477,0.9424083769633508,0.0019057972822338343
0.024151348450288473,0.9424083769633508,0.0019075577147305012
0.024154589371980676,0.9424083769633508,0.001907812780700624
0.024157831163602202,0.9424083769633508,0.0019088000990450382
0.024161073825503355,0.9424083769633508,0.001909104292280972
0.024164317358034634,0.9424083769633508,0.0019098740303888917
0.024167561761546726,0.9424083769633508,0.0019144362304359674
0.024170807036390494,0.9424083769633508,0.001916434383019805
0.024174053182917002,0.9424083769633508,0.0019188757287338376
0.0241773002014775,0.9424083769633508,0.001919821253977716
0.02418054809242343,0.9424083769633508,0.0019214929779991508
0.02418379685610641,0.9424083769633508,0.001922661205753684
0.02418704649287826,0.9424083769633508,0.0019241056870669127
0.024190297003090982,0.9424083769633508,0.0019289073534309864
0.024193548387096774,0.9424083769633508,0.0019315723329782486
0.024196800645248016,0.9424083769633508,0.0019320135470479727
0.024200053777897284,0.9424083769633508,0.0019325873581692576
0.024203307785397338,0.9424083769633508,0.0019343218300491571
0.02420656266810113,0.9424083769633508,0.0019352738745510578
0.0242098184263618,0.9424083769633508,0.0019360450096428394
0.024213075060532687,0.9424083769633508,0.0019374062540009618
0.02421633257096731,0.9424083769633508,0.0019375428091734648
0.024219590958019375,0.9424083769633508,0.0019378399010747671
0.024222850222042795,0.9424083769633508,0.0019411968532949686
0.024226110363391656,0.9424083769633508,0.0019414399284869432
0.024229371382420244,0.9424083769633508,0.0019414693815633655
0.024232633279483037,0.9424083769633508,0.0019433100242167711
0.0242358960549347,0.9424083769633508,0.0019457928137853742
0.024239159709130084,0.9424083769633508,0.0019471499836072326
0.024242424242424242,0.9424083769633508,0.0019481017952784896
0.024245689655172414,0.9424083769633508,0.0019491924904286861
0.02424895594773003,0.9424083769633508,0.001950031379237771
0.024252223120452707,0.9424083769633508,0.0019503345247358084
0.024255491173696266,0.9424083769633508,0.0019514441955834627
0.02425876010781671,0.9424083769633508,0.0019521622452884912
0.02426202992317024,0.9424083769633508,0.001952189952135086
0.02426530062011324,0.9424083769633508,0.0019531380385160446
0.024268572199002292,0.9424083769633508,0.001953170634806156
0.024271844660194174,0.9424083769633508,0.001953389961272478
0.024275118004045852,0.9424083769633508,0.0019554649479687214
0.024278392230914485,0.9424083769633508,0.0019569285213947296
0.024281667341157425,0.9424083769633508,0.0019569629803299904
0.024284943335132217,0.9424083769633508,0.0019591704476624727
0.0242882202131966,0.9424083769633508,0.001959980931133032
0.024291497975708502,0.9424083769633508,0.001963826594874263
0.024294776623026048,0.9424083769633508,0.00196393602527678
0.02429805615550756,0.9424083769633508,0.0019641201943159103
0.024301336573511544,0.9424083769633508,0.001964522060006857
0.024304617877396704,0.9424083769633508,0.0019650007598102093
0.024307900067521943,0.9424083769633508,0.0019654592033475637
0.024311183144246355,0.9424083769633508,0.001966646406799555
0.024314467107929217,0.9424083769633508,0.0019704264122992754
0.024317751958930017,0.9424083769633508,0.0019712604116648436
0.02432103769760843,0.9424083769633508,0.0019719640258699656
0.024324324324324326,0.9424083769633508,0.0019728669431060553
0.02432761183943776,0.9424083769633508,0.001975789200514555
0.024330900243309004,0.9424083769633508,0.0019766862969845533
0.024334189536298498,0.9424083769633508,0.0019782467279583216
0.024337479718766902,0.9424083769633508,0.0019784641917794943
0.02434077079107505,0.9424083769633508,0.0019806581549346447
0.024344062753583987,0.9424083769633508,0.00198187748901546
0.024347355606654943,0.9424083769633508,0.001985121751204133
0.024350649350649352,0.9424083769633508,0.00198577088303864
0.02435394398592883,0.9424083769633508,0.001986568560823798
0.02435723951285521,0.9424083769633508,0.001987021416425705
0.024360535931790498,0.9424083769633508,0.0019875681027770042
0.024363833243096916,0.9424083769633508,0.0019883739296346903
0.024367131447136862,0.9424083769633508,0.0019891634583473206
0.024370430544272948,0.9424083769633508,0.0019928065594285727
0.024373730534867976,0.9424083769633508,0.001993004698306322
0.02437703141928494,0.9424083769633508,0.0019937872420996428
0.024380333197887037,0.9424083769633508,0.0019939865451306105
0.02438363587103766,0.9424083769633508,0.001997038722038269
0.02438693943910039,0.9424083769633508,0.0019975025206804276
0.024390243902439025,0.9424083769633508,0.001998800551518798
0.02439685551640011,0.9424083769633508,0.0020006990525871515
0.024400162667751118,0.9424083769633508,0.0020009437575936317
0.02440347071583514,0.9424083769633508,0.0020010427106171846
0.02440677966101695,0.9424083769633508,0.002003725152462721
0.024410089503661515,0.9424083769633508,0.002006126567721367
0.024413400244134003,0.9424083769633508,0.002006834140047431
0.024416711882799782,0.9424083769633508,0.0020069172605872154
0.02442002442002442,0.9424083769633508,0.0020071426406502724
0.024423337856173677,0.9424083769633508,0.0020104532595723867
0.024426652191613517,0.9424083769633508,0.0020112846978008747
0.024429967426710098,0.9424083769633508,0.0020161757711321115
0.02443328356182978,0.9424083769633508,0.0020167334005236626
0.024436600597339125,0.9424083769633508,0.002016955055296421
0.024439918533604887,0.9424083769633508,0.0020199057180434465
0.024443237370994023,0.9424083769633508,0.0020213029347360134
0.024446557109873694,0.9424083769633508,0.0020225499756634235
0.02444987775061125,0.9424083769633508,0.0020282345358282328
0.024453199293574243,0.9424083769633508,0.002030896255746484
0.024456521739130436,0.9424083769633508,0.0020325533114373684
0.02445984508764778,0.9424083769633508,0.0020328087266534567
0.02446316933949443,0.9424083769633508,0.0020338904578238726
0.024466494495038738,0.9424083769633508,0.002034391975030303
0.024469820554649267,0.9424083769633508,0.00203781109303236
0.024473147518694765,0.9424083769633508,0.002039366401731968
0.024476475387544192,0.9424083769633508,0.002040295163169503
0.02447980416156671,0.9424083769633508,0.002040595281869173
0.024483133841131665,0.9424083769633508,0.0020407389383763075
0.024486464426608626,0.9424083769633508,0.0020434181205928326
0.024489795918367346,0.9424083769633508,0.0020443967077881098
0.024493128316777794,0.9424083769633508,0.002046014182269573
0.024496461622210124,0.9424083769633508,0.0020466947462409735
0.02449979583503471,0.9424083769633508,0.002049277303740382
0.024503130955622107,0.9424083769633508,0.002049296861514449
0.02450646698434309,0.9424083769633508,0.002049580682069063
0.024509803921568627,0.9424083769633508,0.002050772774964571
0.024513141767669888,0.9424083769633508,0.0020510295871645212
0.02451648052301825,0.9424083769633508,0.0020529599860310555
0.024519820187985288,0.9424083769633508,0.002055069198831916
0.02452316076294278,0.9424083769633508,0.0020571229979395866
0.024526502248262708,0.9424083769633508,0.002065339358523488
0.024529844644317254,0.9424083769633508,0.00206673052161932
0.024533187951478807,0.9424083769633508,0.002070212969556451
0.024536532170119956,0.9424083769633508,0.002070846501737833
0.024539877300613498,0.9424083769633508,0.0020754593424499035
0.024543223343332424,0.9424083769633508,0.0020755561999976635
0.02454657029864994,0.9424083769633508,0.0020759217441082
0.024549918166939442,0.9424083769633508,0.002076187403872609
0.024553266948574546,0.9424083769633508,0.0020772775169461966
0.02455661664392906,0.9424083769633508,0.002077993005514145
0.024559967253376995,0.9424083769633508,0.00207849545404315
0.024563318777292575,0.9424083769633508,0.0020792472641915083
0.024566671216050225,0.9424083769633508,0.002079626312479377
0.02457002457002457,0.9424083769633508,0.0020804102532565594
0.024573378839590442,0.9424083769633508,0.002080619102343917
0.024576734025122882,0.9424083769633508,0.0020839206408709288
0.024580090126997134,0.9424083769633508,0.0020842337980866432
0.024583447145588636,0.9424083769633508,0.002084488747641444
0.02458680508127305,0.9424083769633508,0.0020868072751909494
0.02459016393442623,0.9424083769633508,0.002090193098410964
0.02459352370542424,0.9424083769633508,0.0020906226709485054
0.024596884394643345,0.9424083769633508,0.0020930184982717037
0.024600246002460024,0.9424083769633508,0.00209311512298882
0.024603608529250958,0.9424083769633508,0.0020934119820594788
0.02460697197539303,0.9424083769633508,0.0020941791590303183
0.02461033634126333,0.9424083769633508,0.0020971389021724463
0.02461370162723916,0.9424083769633508,0.00209851935505867
0.02461706783369803,0.9424083769633508,0.002098754048347473
0.024620434961017644,0.9424083769633508,0.002103347796946764
0.024623803009575923,0.9424083769633508,0.00210404465906322
0.024627171979750992,0.9424083769633508,0.002106047933921218
0.024630541871921183,0.9424083769633508,0.002106388797983527
0.024633912686465035,0.9424083769633508,0.00210756273008883
0.024637284423761292,0.9424083769633508,0.00210816552862525
0.024640657084188913,0.9424083769633508,0.0021126149222254753
0.024644030668127054,0.9424083769633508,0.002114272443577647
0.024647405175955088,0.9424083769633508,0.0021177863236516714
0.02465415696479934,0.9424083769633508,0.002119761426001787
0.024657534246575342,0.9424083769633508,0.002120894379913807
0.02466091245376079,0.9424083769633508,0.002121033612638712
0.02466429158673609,0.9424083769633508,0.002122347941622138
0.02466767164588187,0.9424083769633508,0.002122933743521571
0.024671052631578948,0.9424083769633508,0.002126126317307353
0.02467443454420836,0.9424083769633508,0.002131628803908825
0.024677817384151358,0.9424083769633508,0.0021327559370547533
0.024681201151789386,0.9424083769633508,0.0021337992511689663
0.024684585847504114,0.9424083769633508,0.0021355412900447845
0.024687971471677412,0.9424083769633508,0.0021357322111725807
0.024691358024691357,0.9424083769633508,0.002140461001545191
0.024694745506928246,0.9424083769633508,0.0021409629844129086
0.02469813391877058,0.9424083769633508,0.0021432870998978615
0.02470152326060107,0.9424083769633508,0.002143300138413906
0.024704913532802634,0.9424083769633508,0.002145386766642332
0.024708304735758406,0.9424083769633508,0.002146047307178378
0.02471169686985173,0.9424083769633508,0.0021484994795173407
0.024715089935466155,0.9424083769633508,0.002149860607460141
0.024718483932985445,0.9424083769633508,0.002151539782062173
0.024721878862793572,0.9424083769633508,0.0021517639979720116
0.024725274725274724,0.9424083769633508,0.0021523169707506895
0.0247286715208133,0.9424083769633508,0.0021528678480535746
0.0247320692497939,0.9424083769633508,0.0021532655227929354
0.024735467912601346,0.9424083769633508,0.0021565002389252186
0.02473886750962067,0.9424083769633508,0.0021583253983408213
0.024604810996563573,0.93717277486911,0.0021597843151539564
0.024608193566125928,0.93717277486911,0.002162473276257515
0.024611577065860032,0.93717277486911,0.002162962919101119
0.024614961496149616,0.93717277486911,0.002163222525268793
0.024618346857378626,0.93717277486911,0.0021633447613567114
0.024621733149931223,0.93717277486911,0.0021638493053615093
0.02462512037419177,0.93717277486911,0.0021645650267601013
0.024628508530544855,0.93717277486911,0.0021675662137567997
0.02463189761937526,0.93717277486911,0.002168522449210286
0.02463528764106799,0.93717277486911,0.0021708658896386623
0.024638678596008257,0.93717277486911,0.0021743762772530317
0.0246420704845815,0.93717277486911,0.002175769302994013
0.024645463307173345,0.93717277486911,0.002176671288907528
0.024648857064169652,0.93717277486911,0.0021770750172436237
0.02465225175595648,0.93717277486911,0.0021785320714116096
0.02465564738292011,0.93717277486911,0.0021786782890558243
0.02465904394544703,0.93717277486911,0.002180134179070592
0.024662441443923946,0.93717277486911,0.0021808624733239412
0.024665839878737772,0.93717277486911,0.002180962124839425
0.024669239250275633,0.93717277486911,0.002181048272177577
0.02467263955892488,0.93717277486911,0.002187737263739109
0.024676040805073064,0.93717277486911,0.0021892813965678215
0.024679442989107955,0.93717277486911,0.002190280705690384
0.02468284611141754,0.93717277486911,0.0021902837324887514
0.024686250172390015,0.93717277486911,0.0021907840855419636
0.024689655172413793,0.93717277486911,0.0021933037787675858
0.0246930611118775,0.93717277486911,0.002193354070186615
0.02469646799116998,0.93717277486911,0.002193849766626954
0.024699875810680283,0.93717277486911,0.0021950900554656982
0.024703284570797682,0.93717277486911,0.0021962225437164307
0.024706694271911665,0.93717277486911,0.0021971454843878746
0.024710104914411928,0.93717277486911,0.002197424415498972
0.024713516498688387,0.93717277486911,0.0021975040435791016
0.02471692902513118,0.93717277486911,0.0022004113998264074
0.024720342494130645,0.93717277486911,0.0022008188534528017
0.024723756906077348,0.93717277486911,0.002202275674790144
0.024727172261362066,0.93717277486911,0.002204627264291048
0.024730588560375796,0.93717277486911,0.0022058633621782064
0.02473400580350974,0.93717277486911,0.0022097593173384666
0.024737423991155333,0.93717277486911,0.0022105195093899965
0.024740843123704215,0.93717277486911,0.0022123504895716906
0.024744263201548246,0.93717277486911,0.0022127777338027954
0.024747684225079496,0.93717277486911,0.0022139139473438263
0.024751106194690266,0.93717277486911,0.0022143954411149025
0.02475452911077306,0.93717277486911,0.0022148031275719404
0.024757952973720607,0.93717277486911,0.0022178180515766144
0.024761377783925856,0.93717277486911,0.0022217510268092155
0.024764803541781958,0.93717277486911,0.0022223007399588823
0.024768230247682304,0.93717277486911,0.0022234513889998198
0.02477165790202048,0.93717277486911,0.0022239009849727154
0.02477508650519031,0.93717277486911,0.002224443946033716
0.024778516057585825,0.93717277486911,0.0022244895808398724
0.024781946559601274,0.93717277486911,0.0022255065850913525
0.024785378011631127,0.93717277486911,0.002225626492872834
0.024788810414070075,0.93717277486911,0.0022258497774600983
0.02479224376731302,0.93717277486911,0.002225944073870778
0.02479567807175509,0.93717277486911,0.002227179240435362
0.024799113327791632,0.93717277486911,0.002229187171906233
0.024802549535818206,0.93717277486911,0.002229518024250865
0.0248059866962306,0.93717277486911,0.0022302893921732903
0.02480942480942481,0.93717277486911,0.0022335185203701258
0.02481286387579706,0.93717277486911,0.0022358959540724754
0.024816303895743796,0.93717277486911,0.002236621454358101
0.024819744869661674,0.93717277486911,0.0022369427606463432
0.02482318679794758,0.93717277486911,0.002237595384940505
0.024826629680998615,0.93717277486911,0.002243265975266695
0.024830073519212095,0.93717277486911,0.002245513955131173
0.02483351831298557,0.93717277486911,0.0022523540537804365
0.024836964062716804,0.93717277486911,0.0022544951643794775
0.024840410768803774,0.93717277486911,0.002256450243294239
0.024843858431644692,0.93717277486911,0.00225787959061563
0.024847307051637978,0.93717277486911,0.0022583575919270515
0.024850756629182284,0.93717277486911,0.0022588896099478006
0.02485420716467648,0.93717277486911,0.002260867739096284
0.02485765865851965,0.93717277486911,0.002261016285046935
0.02486111111111111,0.93717277486911,0.0022612002212554216
0.024864564522850397,0.93717277486911,0.002261265879496932
0.02486801889413726,0.93717277486911,0.0022632579784840345
0.024871474225371684,0.93717277486911,0.002265812363475561
0.02487493051695386,0.93717277486911,0.002266890602186322
0.024878387769284225,0.93717277486911,0.002271764213219285
0.024881845982763415,0.93717277486911,0.0022761402651667595
0.024885305157792297,0.93717277486911,0.0022783849854022264
0.024888765294771967,0.93717277486911,0.0022809086367487907
0.02489222639410374,0.93717277486911,0.002281003165990114
0.02489568845618915,0.93717277486911,0.002282232977449894
0.024899151481429963,0.93717277486911,0.0022825675550848246
0.024902615470228158,0.93717277486911,0.002283720998093486
0.024906080422985945,0.93717277486911,0.0022849207744002342
0.02490954634010576,0.93717277486911,0.00228613312356174
0.024913013221990257,0.93717277486911,0.0022867347579449415
0.024916481069042318,0.93717277486911,0.0022885152138769627
0.024919949881665043,0.93717277486911,0.0022894071880728006
0.024923419660261764,0.93717277486911,0.002291317330673337
0.02492689040523604,0.93717277486911,0.0022925122175365686
0.024930362116991643,0.93717277486911,0.0022936654277145863
0.024933834795932582,0.93717277486911,0.0022943890653550625
0.024937308442463082,0.93717277486911,0.0023009737487882376
0.0249407830569876,0.93717277486911,0.002301380969583988
0.024944258639910812,0.93717277486911,0.0023021704982966185
0.02494773519163763,0.93717277486911,0.0023035607300698757
0.02495121271257318,0.93717277486911,0.0023035784251987934
0.02495469120312282,0.93717277486911,0.0023054233752191067
0.024958170663692138,0.93717277486911,0.002305556321516633
0.024961651094686933,0.93717277486911,0.00230625388212502
0.024965132496513248,0.93717277486911,0.002307914663106203
0.024968614869577348,0.93717277486911,0.0023136462550610304
0.024972098214285716,0.93717277486911,0.002314578974619508
0.02497558253104507,0.93717277486911,0.0023148541804403067
0.024979067820262348,0.93717277486911,0.0023157023824751377
0.024982554082344732,0.93717277486911,0.0023160448763519526
0.02498604131769961,0.93717277486911,0.0023197168484330177
0.024989529526734607,0.93717277486911,0.002323409076780081
0.02499301870985758,0.93717277486911,0.002323620021343231
0.02499650886747661,0.93717277486911,0.002325030043721199
0.025,0.93717277486911,0.002325564157217741
0.02500349210783629,0.93717277486911,0.002325620735064149
0.025006985191394243,0.93717277486911,0.0023280095774680376
0.025010479251082855,0.93717277486911,0.002330492716282606
0.025013974287311346,0.93717277486911,0.0023312855046242476
0.025017470300489168,0.93717277486911,0.002331776777282357
0.025020967291026,0.93717277486911,0.0023352315183728933
0.02502446525933175,0.93717277486911,0.0023357938043773174
0.025027964205816555,0.93717277486911,0.002338939346373081
0.025031464130890784,0.93717277486911,0.002342775696888566
0.025034965034965034,0.93717277486911,0.002342867199331522
0.025038466918450134,0.93717277486911,0.0023479985538870096
0.025041969781757135,0.93717277486911,0.002348660957068205
0.025045473625297326,0.93717277486911,0.0023491426836699247
0.02504897844948223,0.93717277486911,0.002349341521039605
0.025052484254723582,0.93717277486911,0.002350424649193883
0.02505599104143337,0.93717277486911,0.002356724813580513
0.0250594988100238,0.93717277486911,0.0023588123731315136
0.02506300756090731,0.93717277486911,0.002360396087169647
0.02506651729449657,0.93717277486911,0.002361261984333396
0.025070028011204483,0.93717277486911,0.0023629148490726948
0.02507353971144418,0.93717277486911,0.002365709748119116
0.02507705239562903,0.93717277486911,0.0023732269182801247
0.02508056606417262,0.93717277486911,0.0023752960842102766
0.02508408071748879,0.93717277486911,0.0023763913195580244
0.02508759635599159,0.93717277486911,0.002377311699092388
0.02509111298009532,0.93717277486911,0.0023799061309546232
0.025094630590214495,0.93717277486911,0.002379919635131955
0.025098149186763882,0.93717277486911,0.0023805289529263973
0.025101668770158462,0.93717277486911,0.002382115926593542
0.025105189340813464,0.93717277486911,0.0023848041892051697
0.02510871089914434,0.93717277486911,0.0023864838294684887
0.02511223344556678,0.93717277486911,0.002387532964348793
0.025115756980496704,0.93717277486911,0.00238784309476614
0.025119281504350267,0.93717277486911,0.0023900794330984354
0.02512280701754386,0.93717277486911,0.0023929087910801172
0.025126333520494103,0.93717277486911,0.002394222654402256
0.025129861013617857,0.93717277486911,0.002394799143075943
0.02513338949733221,0.93717277486911,0.002395887393504381
0.025136918972054487,0.93717277486911,0.0023971698246896267
0.025140449438202248,0.93717277486911,0.0023975963704288006
0.025143980896193286,0.93717277486911,0.0023986082524061203
0.025147513346445632,0.93717277486911,0.00239871209487319
0.025151046789377546,0.93717277486911,0.0023999447003006935
0.02515458122540753,0.93717277486911,0.0024035938549786806
0.02515811665495432,0.93717277486911,0.002406646264716983
0.025161653078436885,0.93717277486911,0.0024067573249340057
0.02516519049627443,0.93717277486911,0.002407135209068656
0.025168728908886388,0.93717277486911,0.0024078304413706064
0.025172268316692448,0.93717277486911,0.0024081040173768997
0.02517580872011252,0.93717277486911,0.002409434411674738
0.025179350119566745,0.93717277486911,0.0024117506109178066
0.025182892515475522,0.93717277486911,0.0024118423461914062
0.02518643590825946,0.93717277486911,0.0024122039321810007
0.02518998029833943,0.93717277486911,0.002413685666397214
0.025193525686136524,0.93717277486911,0.0024158142041414976
0.02519707207207207,0.93717277486911,0.00241746730171144
0.02520061945656765,0.93717277486911,0.0024185979273170233
0.025204167840045057,0.93717277486911,0.0024187774397432804
0.02520771722292635,0.93717277486911,0.002420133212581277
0.025211267605633803,0.93717277486911,0.0024211914278566837
0.025214818988589943,0.93717277486911,0.00242605316452682
0.025218371372217527,0.93717277486911,0.0024280687794089317
0.025221924756939552,0.93717277486911,0.00242902641184628
0.025225479143179255,0.93717277486911,0.0024321088567376137
0.025229034531360113,0.93717277486911,0.002434360096231103
0.025232590921905836,0.93717277486911,0.002435671165585518
0.02523614831524038,0.93717277486911,0.0024384011048823595
0.02523970671178793,0.93717277486911,0.0024395242799073458
0.025243266111972924,0.93717277486911,0.0024398062378168106
0.02524682651622003,0.93717277486911,0.0024404481519013643
0.025250387924954154,0.93717277486911,0.0024431974161416292
0.02525395033860045,0.93717277486911,0.0024559444282203913
0.02525751375758431,0.93717277486911,0.002456027315929532
0.025261078182331358,0.93717277486911,0.0024566384963691235
0.025264643613267468,0.93717277486911,0.0024584128987044096
0.025268210050818748,0.93717277486911,0.002459142589941621
0.025271777495411547,0.93717277486911,0.002460512798279524
0.025275345947472466,0.93717277486911,0.0024621249176561832
0.02527891540742833,0.93717277486911,0.002462859498336911
0.025282485875706216,0.93717277486911,0.0024665948003530502
0.025286057352733437,0.93717277486911,0.0024669489357620478
0.025289629838937552,0.93717277486911,0.0024683470837771893
0.025293203334746363,0.93717277486911,0.0024728337302803993
0.025296777840587904,0.93717277486911,0.002476372057572007
0.02530035335689046,0.93717277486911,0.0024800850078463554
0.025303929884082556,0.93717277486911,0.00248093344271183
0.02530750742259296,0.93717277486911,0.0024840838741511106
0.02531108597285068,0.93717277486911,0.0024881907738745213
0.025314665535284966,0.93717277486911,0.0024906739126890898
0.025318246110325317,0.93717277486911,0.002491897903382778
0.02532182769840147,0.93717277486911,0.002493174746632576
0.025325410299943407,0.93717277486911,0.0024948306381702423
0.02532899391538135,0.93717277486911,0.0024983673356473446
0.025332578545145767,0.93717277486911,0.002499914960935712
0.025336164189667373,0.93717277486911,0.002500763861462474
0.025339750849377122,0.93717277486911,0.0025040586479008198
0.025343338524706216,0.93717277486911,0.0025101976934820414
0.025346927216086095,0.93717277486911,0.0025109928101301193
0.02535051692394845,0.93717277486911,0.002511972561478615
0.025354107648725213,0.93717277486911,0.002513987710699439
0.025357699390848563,0.93717277486911,0.0025176997296512127
0.02536129215075092,0.93717277486911,0.002518595429137349
0.025364885928864957,0.93717277486911,0.002519175410270691
0.025368480725623584,0.93717277486911,0.0025196727365255356
0.025372076541459957,0.93717277486911,0.0025203642435371876
0.025375673376807486,0.93717277486911,0.002521872753277421
0.025379271232099817,0.93717277486911,0.0025219423696398735
0.025382870107770846,0.93717277486911,0.002524246461689472
0.025386470004254716,0.93717277486911,0.0025259556714445353
0.025390070921985815,0.93717277486911,0.002533265855163336
0.02539367286139878,0.93717277486911,0.0025337371043860912
0.02539727582292849,0.93717277486911,0.0025362002197653055
0.025400879807010075,0.93717277486911,0.002536782994866371
0.02540448481407891,0.93717277486911,0.002540440298616886
0.025408090844570616,0.93717277486911,0.002540967194363475
0.025411697898921067,0.93717277486911,0.0025414940901100636
0.025415305977566378,0.93717277486911,0.002542160451412201
0.025418915080942912,0.93717277486911,0.002543847542256117
0.02542252520948729,0.93717277486911,0.00254415487870574
0.025426136363636363,0.93717277486911,0.0025444901548326015
0.02542974854382725,0.93717277486911,0.002546386094763875
0.0254333617504973,0.93717277486911,0.0025481816846877337
0.025436975984084127,0.93717277486911,0.002548373071476817
0.02544059124502558,0.93717277486911,0.0025511491112411022
0.025444207533759772,0.93717277486911,0.002553546568378806
0.02544782485072505,0.93717277486911,0.0025539558846503496
0.025451443196360016,0.93717277486911,0.0025587535928934813
0.025455062571103526,0.93717277486911,0.0025594669859856367
0.02545868297539468,0.93717277486911,0.0025597871281206608
0.025462304409672832,0.93717277486911,0.0025600125081837177
0.025465926874377577,0.93717277486911,0.0025616614148020744
0.025469550369948777,0.93717277486911,0.002563061658293009
0.025473174896826527,0.93717277486911,0.002563843270763755
0.02547680045545118,0.93717277486911,0.0025662819389253855
0.025480427046263344,0.93717277486911,0.0025667615700513124
0.02548405466970387,0.93717277486911,0.002569725038483739
0.02548768332621387,0.93717277486911,0.0025715625379234552
0.025491313016234692,0.93717277486911,0.0025721557904034853
0.025494943740207946,0.93717277486911,0.0025729904882609844
0.0254985754985755,0.93717277486911,0.002574874320998788
0.025502208291779457,0.93717277486911,0.0025756850372999907
0.025505842120262183,0.93717277486911,0.0025783178862184286
0.025509476984466296,0.93717277486911,0.002578859915956855
0.025513112884834665,0.93717277486911,0.0025813032407313585
0.025516749821810406,0.93717277486911,0.0025813854299485683
0.0255203877958369,0.93717277486911,0.002582361688837409
0.025524026807357766,0.93717277486911,0.002582678571343422
0.025527666856816886,0.93717277486911,0.002584772417321801
0.025531307944658393,0.93717277486911,0.002584809437394142
0.025534950071326678,0.93717277486911,0.002584827598184347
0.02553859323726637,0.93717277486911,0.002587452530860901
0.025542237442922375,0.93717277486911,0.002591171534731984
0.02554588268873983,0.93717277486911,0.0025922118220478296
0.025549528975164146,0.93717277486911,0.002592215547338128
0.02555317630264097,0.93717277486911,0.0025961229111999273
0.02555682467161622,0.93717277486911,0.0025997853372246027
0.025560474082536058,0.93717277486911,0.002602291526272893
0.025564124535846902,0.93717277486911,0.0026037709321826696
0.025567776031995428,0.93717277486911,0.0026055388152599335
0.02557142857142857,0.93717277486911,0.002608730224892497
0.025575082154593514,0.93717277486911,0.002612074837088585
0.025578736781937696,0.93717277486911,0.002613196847960353
0.02558239245390882,0.93717277486911,0.00261477567255497
0.02558604917095483,0.93717277486911,0.0026172564830631018
0.025589706933523946,0.93717277486911,0.002617698395624757
0.02559336574206463,0.93717277486911,0.0026185838505625725
0.025597025597025598,0.93717277486911,0.0026198106352239847
0.025600686498855836,0.93717277486911,0.0026225720066577196
0.025604348448004577,0.93717277486911,0.0026226930785924196
0.025608011444921315,0.93717277486911,0.002624187618494034
0.025611675490055802,0.93717277486911,0.00262538343667984
0.025615340583858042,0.93717277486911,0.0026260842569172382
0.025619006726778304,0.93717277486911,0.002626662375405431
0.025622673919267105,0.93717277486911,0.00262846564874053
0.025626342161775232,0.93717277486911,0.0026287592481821775
0.025630011454753722,0.93717277486911,0.0026305464562028646
0.025633681798653874,0.93717277486911,0.00263063027523458
0.02563735319392724,0.93717277486911,0.0026315751019865274
0.02564102564102564,0.93717277486911,0.0026327967643737793
0.025644699140401146,0.93717277486911,0.002634373726323247
0.02564837369250609,0.93717277486911,0.002640453400090337
0.025652049297793064,0.93717277486911,0.0026449954602867365
0.02565572595671492,0.93717277486911,0.002648449270054698
0.02565940366972477,0.93717277486911,0.0026486243586987257
0.025663082437275987,0.93717277486911,0.002649095607921481
0.025666762259822198,0.93717277486911,0.0026499575469642878
0.025670443137817297,0.93717277486911,0.0026502548716962337
0.025674125071715435,0.93717277486911,0.0026504036504775286
0.025677808061971022,0.93717277486911,0.002650958253070712
0.025681492109038737,0.93717277486911,0.0026513945776969194
0.02568517721337351,0.93717277486911,0.002651561051607132
0.02568886337543054,0.93717277486911,0.002651953138411045
0.02569255059566528,0.93717277486911,0.002653289120644331
0.02569623887453345,0.93717277486911,0.002653551520779729
0.025699928212491025,0.93717277486911,0.002653667936101556
0.025703618609994257,0.93717277486911,0.0026571392081677914
0.025707310067499642,0.93717277486911,0.0026579443365335464
0.02571100258546395,0.93717277486911,0.002661311300471425
0.025714696164344204,0.93717277486911,0.00266536558046937
0.0257183908045977,0.93717277486911,0.0026665928307920694
0.025722086506681993,0.93717277486911,0.0026674186810851097
0.0257257832710549,0.93717277486911,0.0026676305569708347
0.025729481098174502,0.93717277486911,0.002669176086783409
0.02573317998849914,0.93717277486911,0.002669556997716427
0.02573687994248742,0.93717277486911,0.002669887151569128
0.025740580960598218,0.93717277486911,0.0026711481623351574
0.025744283043290666,0.93717277486911,0.002672022208571434
0.025747986191024166,0.93717277486911,0.0026725141797214746
0.02575169040425838,0.93717277486911,0.0026736671570688486
0.02575539568345324,0.93717277486911,0.002677876502275467
0.02575910202906893,0.93717277486911,0.002678298158571124
0.025762809441565917,0.93717277486911,0.0026803012005984783
0.025766517921404924,0.93717277486911,0.002681254642084241
0.025770227469046933,0.93717277486911,0.002681368263438344
0.025773938084953204,0.93717277486911,0.0026834295131266117
0.025777649769585253,0.93717277486911,0.0026841978542506695
0.025781362523404867,0.93717277486911,0.002685003448277712
0.0257850763468741,0.93717277486911,0.0026857571210712194
0.025788791240455265,0.93717277486911,0.002686962950974703
0.025792507204610952,0.93717277486911,0.002689607907086611
0.025796224239804006,0.93717277486911,0.0026906647253781557
0.02579994234649755,0.93717277486911,0.002691709203645587
0.025803661525154967,0.93717277486911,0.0026948009617626667
0.025807381776239906,0.93717277486911,0.0026968789752572775
0.025811103100216296,0.93717277486911,0.0026983902789652348
0.02581482549754831,0.93717277486911,0.0027013944927603006
0.02581854896870042,0.93717277486911,0.0027028426993638277
0.025822273514137333,0.93717277486911,0.002704659476876259
0.02582599913432405,0.93717277486911,0.0027055165264755487
0.02582972582972583,0.93717277486911,0.0027103375177830458
0.025833453600808198,0.93717277486911,0.002710393164306879
0.02583718244803695,0.93717277486911,0.002710712607949972
0.025840912371878157,0.93717277486911,0.002713392721489072
0.02584464337279815,0.93717277486911,0.0027152346447110176
0.025848375451263537,0.93717277486911,0.002716679824516177
0.02585210860774119,0.93717277486911,0.002720707096159458
0.025855842842698252,0.93717277486911,0.0027213036082684994
0.02585957815660214,0.93717277486911,0.00272164773195982
0.02586331454992053,0.93717277486911,0.002723029348999262
0.025867052023121388,0.93717277486911,0.0027254389133304358
0.02587079057667293,0.93717277486911,0.002725950675085187
0.025874530211043655,0.93717277486911,0.0027270049322396517
0.025878270926702328,0.93717277486911,0.002727601444348693
0.025882012724117987,0.93717277486911,0.002729019382968545
0.02588575560375994,0.93717277486911,0.0027314499020576477
0.025889499566097773,0.93717277486911,0.002732968656346202
0.02589324461160133,0.93717277486911,0.002736804075539112
0.02589699074074074,0.93717277486911,0.0027400152757763863
0.025900737953986397,0.93717277486911,0.002741261152550578
0.025904486251808974,0.93717277486911,0.002742848126217723
0.025908235634679404,0.93717277486911,0.0027430164627730846
0.025911986103068906,0.93717277486911,0.002745388774201274
0.025915737657448965,0.93717277486911,0.002748880535364151
0.02591949029829134,0.93717277486911,0.002749672858044505
0.025923244026068066,0.93717277486911,0.0027507778722792864
0.02592699884125145,0.93717277486911,0.0027516912668943405
0.025930754744314066,0.93717277486911,0.0027521674055606127
0.025934511735728773,0.93717277486911,0.002753898035734892
0.0259382698159687,0.93717277486911,0.0027571346145123243
0.025942028985507248,0.93717277486911,0.002757521579042077
0.02594578924481809,0.93717277486911,0.002759479684755206
0.025949550594375183,0.93717277486911,0.0027616352308541536
0.025953313034652748,0.93717277486911,0.0027683263178914785
0.02595707656612529,0.93717277486911,0.002768696052953601
0.025960841189267586,0.93717277486911,0.0027703633531928062
0.025964606904554686,0.93717277486911,0.002770364750176668
0.02596837371246192,0.93717277486911,0.0027706006076186895
0.025972141613464887,0.93717277486911,0.0027712818700820208
0.02597591060803947,0.93717277486911,0.0027718720957636833
0.02597968069666183,0.93717277486911,0.0027724141255021095
0.02598345187980839,0.93717277486911,0.0027733424212783575
0.025987224157955867,0.93717277486911,0.002773450454697013
0.02599099753158124,0.93717277486911,0.002773913322016597
0.02599477200116178,0.93717277486911,0.0027762544341385365
0.02599854756717502,0.93717277486911,0.0027766767889261246
0.02600232423009878,0.93717277486911,0.002778095193207264
0.02600610199041116,0.93717277486911,0.002789229853078723
0.026009880848590527,0.93717277486911,0.0027921199798583984
0.026013660805115534,0.93717277486911,0.0027945719193667173
0.026017441860465115,0.93717277486911,0.002796040615066886
0.026021224015118475,0.93717277486911,0.00279663922265172
0.026025007269555103,0.93717277486911,0.002797061810269952
0.02602879162425476,0.93717277486911,0.0027973318938165903
0.0260325770796975,0.93717277486911,0.0027985305059701204
0.026036363636363635,0.93717277486911,0.0027999961748719215
0.02604015129473378,0.93717277486911,0.0028007763903588057
0.02604394005528881,0.93717277486911,0.0028026977088302374
0.026047729918509895,0.93717277486911,0.002808092162013054
0.026051520884878474,0.93717277486911,0.002812032587826252
0.026055312954876272,0.93717277486911,0.002813623985275626
0.026059106128985297,0.93717277486911,0.00281436275690794
0.026062900407687828,0.93717277486911,0.0028159688226878643
0.026066695791466435,0.93717277486911,0.0028171127196401358
0.02607049228080396,0.93717277486911,0.0028179327491670847
0.02607428987618354,0.93717277486911,0.0028193239122629166
0.02607808857808858,0.93717277486911,0.002820039866492152
0.026081888387002768,0.93717277486911,0.0028254929929971695
0.026085689303410084,0.93717277486911,0.002828342840075493
0.026089491327794784,0.93717277486911,0.0028286748565733433
0.0260932944606414,0.93717277486911,0.002828689757734537
0.02609709870243476,0.93717277486911,0.002829763339832425
0.02610090405365996,0.93717277486911,0.002830191282555461
0.02610471051480239,0.93717277486911,0.002831839956343174
0.026108518086347725,0.93717277486911,0.0028319451957941055
0.02611232676878191,0.93717277486911,0.0028324690647423267
0.026116136562591187,0.93717277486911,0.0028331519570201635
0.026119947468262076,0.93717277486911,0.00283468933776021
0.026123759486281376,0.93717277486911,0.002834930783137679
0.026127572617136184,0.93717277486911,0.0028371086809784174
0.026131386861313867,0.93717277486911,0.0028374996036291122
0.026135202219302087,0.93717277486911,0.002838528249412775
0.026139018691588786,0.93717277486911,0.002839955035597086
0.026142836278662186,0.93717277486911,0.0028435192070901394
0.02614665498101081,0.93717277486911,0.002846388379111886
0.026150474799123448,0.93717277486911,0.002846690360456705
0.026154295733489187,0.93717277486911,0.002848577918484807
0.0261581177845974,0.93717277486911,0.0028486819937825203
0.026161940952937737,0.93717277486911,0.002848958596587181
0.026165765239000147,0.93717277486911,0.002849177923053503
0.026169590643274853,0.93717277486911,0.0028530387207865715
0.026173417166252377,0.93717277486911,0.002853262471035123
0.026177244808423514,0.93717277486911,0.002855982631444931
0.02618107357027936,0.93717277486911,0.0028620834928005934
0.02618490345231129,0.93717277486911,0.0028629805892705917
0.02618873445501097,0.93717277486911,0.0028641296084970236
0.026192566578870355,0.93717277486911,0.002864866517484188
0.026196399824381676,0.93717277486911,0.0028692397754639387
0.026200234192037472,0.93717277486911,0.0028694183565676212
0.026204069682330553,0.93717277486911,0.002873137127608061
0.026207906295754025,0.93717277486911,0.00287456507794559
0.026211744032801288,0.93717277486911,0.0028762193396687508
0.026215582893966024,0.93717277486911,0.002878638217225671
0.0262194228797422,0.93717277486911,0.0028916688170284033
0.026223263990624083,0.93717277486911,0.0028921072371304035
0.026227106227106226,0.93717277486911,0.0028983859810978174
0.02623094958968347,0.93717277486911,0.0029017433989793062
0.026234794078850945,0.93717277486911,0.0029051420278847218
0.026238639695104076,0.93717277486911,0.002906296867877245
0.026242486438938572,0.93717277486911,0.0029064337722957134
0.02624633431085044,0.93717277486911,0.002907073823735118
0.026250183311335974,0.93717277486911,0.002908081514760852
0.026254033440891757,0.93717277486911,0.0029087380971759558
0.02625788470001467,0.93717277486911,0.0029119953978806734
0.02626173708920188,0.93717277486911,0.002912290394306183
0.026265590608950843,0.93717277486911,0.002914555137977004
0.02626944525975932,0.93717277486911,0.002916226861998439
0.026273301042125347,0.93717277486911,0.0029166124295443296
0.02627715795654727,0.93717277486911,0.0029172864742577076
0.026281016003523713,0.93717277486911,0.0029188068583607674
0.0262848751835536,0.93717277486911,0.002921739127486944
0.026288735497136142,0.93717277486911,0.0029221379663795233
0.026292596944770857,0.93717277486911,0.0029228730127215385
0.026296459526957545,0.93717277486911,0.0029232967644929886
0.0263003232441963,0.93717277486911,0.0029366547241806984
0.026304188096987507,0.93717277486911,0.002937436569482088
0.026308054085831863,0.93717277486911,0.0029391294810920954
0.02631192121123034,0.93717277486911,0.0029396384488791227
0.02631578947368421,0.93717277486911,0.002942692255601287
0.026319658873695046,0.93717277486911,0.0029435709584504366
0.026323529411764707,0.93717277486911,0.0029451348818838596
0.026327401088395354,0.93717277486911,0.002949385903775692
0.026331273904089438,0.93717277486911,0.0029502823017537594
0.026335147859349713,0.93717277486911,0.0029541421681642532
0.026339022954679225,0.93717277486911,0.002957139164209366
0.02634289919058131,0.93717277486911,0.0029575710650533438
0.026346776567559613,0.93717277486911,0.0029590968042612076
0.02635065508611806,0.93717277486911,0.0029591391794383526
0.026354534746760895,0.93717277486911,0.002963558305054903
0.026358415549992638,0.93717277486911,0.0029648365452885628
0.026362297496318115,0.93717277486911,0.002965755993500352
0.02636618058624245,0.93717277486911,0.0029669885989278555
0.026370064820271065,0.93717277486911,0.0029693746473640203
0.02637395019890968,0.93717277486911,0.0029715721029788256
0.02637783672266431,0.93717277486911,0.002974830335006118
0.026381724392041266,0.93717277486911,0.002975704614073038
0.02638561320754717,0.93717277486911,0.002983206184580922
0.026393394278973754,0.93717277486911,0.0029861191287636757
0.026397286535909156,0.93717277486911,0.002986972453072667
0.02640117994100295,0.93717277486911,0.0029872069135308266
0.026405074494763238,0.93717277486911,0.0029894018080085516
0.026408970197698438,0.93717277486911,0.0029915287159383297
0.02641286705031725,0.93717277486911,0.002992217196151614
0.02641676505312869,0.93717277486911,0.002992399036884308
0.026420664206642068,0.93717277486911,0.0029965746216475964
0.02642456451136699,0.93717277486911,0.0029979883693158627
0.026428465967813376,0.93717277486911,0.003005438717082143
0.026432368576491436,0.93717277486911,0.0030056603718549013
0.02643627233791168,0.93717277486911,0.003006570739671588
0.026440177252584934,0.93717277486911,0.003010078798979521
0.026444083321022306,0.93717277486911,0.003011531662195921
0.026447990543735225,0.93717277486911,0.0030122832395136356
0.026451898921235405,0.93717277486911,0.0030129177030175924
0.02645580845403488,0.93717277486911,0.003014045301824808
0.02645971914264597,0.93717277486911,0.0030143389012664557
0.026463630987581314,0.93717277486911,0.003016922390088439
0.026467543989353838,0.93717277486911,0.0030182565096765757
0.026471458148476783,0.93717277486911,0.003020164091140032
0.02647537346546369,0.93717277486911,0.003021175041794777
0.0264792899408284,0.93717277486911,0.003023091470822692
0.02648320757508507,0.93717277486911,0.003025361569598317
0.02648712636874815,0.93717277486911,0.0030291408766061068
0.026491046322332398,0.93717277486911,0.0030297415796667337
0.02649496743635287,0.93717277486911,0.0030325758270919323
0.026498889711324945,0.93717277486911,0.003032770473510027
0.026502813147764287,0.93717277486911,0.003036856185644865
0.02650673774618688,0.93717277486911,0.0030383868142962456
0.026510663507109004,0.93717277486911,0.00303863687440753
0.02651459043104725,0.93717277486911,0.003039838746190071
0.026518518518518518,0.93717277486911,0.0030425076838582754
0.026522447770040005,0.93717277486911,0.0030436839442700148
0.026526378186129223,0.93717277486911,0.003046673256903887
0.026530309767303986,0.93717277486911,0.003047245554625988
0.02653424251408242,0.93717277486911,0.0030473684892058372
0.02653817642698295,0.93717277486911,0.0030493189115077257
0.02654211150652432,0.93717277486911,0.0030526285991072655
0.02654604775322557,0.93717277486911,0.0030539233703166246
0.026549985167606052,0.93717277486911,0.0030562053434550762
0.02655392375018543,0.93717277486911,0.0030633120331913233
0.02655786350148368,0.93717277486911,0.0030670203268527985
0.026561804422021072,0.93717277486911,0.0030690343119204044
0.026565746512318196,0.93717277486911,0.0030702485237270594
0.02656968977289595,0.93717277486911,0.0030707973055541515
0.026573634204275533,0.93717277486911,0.0030775414779782295
0.02657757980697847,0.93717277486911,0.003080164548009634
0.02658152658152658,0.93717277486911,0.003087172517552972
0.026585474528442003,0.93717277486911,0.0030920030549168587
0.02658942364824718,0.93717277486911,0.003092864528298378
0.026444807606596347,0.9319371727748691,0.0031013579573482275
0.026448736998514116,0.9319371727748691,0.0031023193150758743
0.026452667558329618,0.9319371727748691,0.0031056052539497614
0.026456599286563614,0.9319371727748691,0.0031083226203918457
0.02646053218373718,0.9319371727748691,0.0031085738446563482
0.02646446625037169,0.9319371727748691,0.00311120692640543
0.026319702602230485,0.9267015706806283,0.0031140476930886507
0.026323616894705533,0.9267015706806283,0.0031169368885457516
0.026327532351628737,0.9267015706806283,0.0031180616933852434
0.026331448973519786,0.9267015706806283,0.00311909057199955
0.026335366760898676,0.9267015706806283,0.003121941350400448
0.026339285714285714,0.9267015706806283,0.003126408439129591
0.02634320583420152,0.9267015706806283,0.0031312303617596626
0.026347127121167015,0.9267015706806283,0.0031313984654843807
0.026351049575703438,0.9267015706806283,0.0031405272893607616
0.02635497319833234,0.9267015706806283,0.003140585497021675
0.026358897989575577,0.9267015706806283,0.003141511231660843
0.026362823949955316,0.9267015706806283,0.0031442062463611364
0.02636675107999404,0.9267015706806283,0.0031459147576242685
0.02637067938021454,0.9267015706806283,0.003149347146973014
0.02637460885113992,0.9267015706806283,0.0031522393692284822
0.026378539493293593,0.9267015706806283,0.0031542417127639055
0.026382471307199284,0.9267015706806283,0.0031646776478737593
0.026386404293381037,0.9267015706806283,0.003165645059198141
0.026390338452363202,0.9267015706806283,0.0031667060684412718
0.026394273784670446,0.9267015706806283,0.0031733692158013582
0.026398210290827742,0.9267015706806283,0.003174776677042246
0.026402147971360382,0.9267015706806283,0.0031784744933247566
0.026406086826793972,0.9267015706806283,0.0031798812560737133
0.026410026857654433,0.9267015706806283,0.0031813420355319977
0.02641396806446799,0.9267015706806283,0.003182625863701105
0.026417910447761195,0.9267015706806283,0.0031843872275203466
0.026421854008060904,0.9267015706806283,0.00318509410135448
0.026425798745894298,0.9267015706806283,0.003188006579875946
0.02642974466178886,0.9267015706806283,0.0031901453621685505
0.0264336917562724,0.9267015706806283,0.0031944396905601025
0.02643764002987304,0.9267015706806283,0.003194500459358096
0.026441589483119213,0.9267015706806283,0.0031957076862454414
0.026445540116539667,0.9267015706806283,0.003196271136403084
0.02644949193066348,0.9267015706806283,0.0032013936433941126
0.026453444926020028,0.9267015706806283,0.0032034683972597122
0.026457399103139014,0.9267015706806283,0.0032041200902312994
0.026461354462550456,0.9267015706806283,0.0032044718973338604
0.02646531100478469,0.9267015706806283,0.00320491218008101
0.026469268730372364,0.9267015706806283,0.003205389017239213
0.02647322763984445,0.9267015706806283,0.0032100467942655087
0.026477187733732237,0.9267015706806283,0.003211463103070855
0.026481149012567325,0.9267015706806283,0.003212466137483716
0.02648511147688164,0.9267015706806283,0.003213663352653384
0.026489075127207422,0.9267015706806283,0.0032153958454728127
0.026493039964077234,0.9267015706806283,0.003220404963940382
0.02649700598802395,0.9267015706806283,0.003222272964194417
0.026500973199580776,0.9267015706806283,0.0032246906775981188
0.026504941599281222,0.9267015706806283,0.0032247810158878565
0.026508911187659127,0.9267015706806283,0.003225052496418357
0.02651288196524865,0.9267015706806283,0.003225259482860565
0.02651685393258427,0.9267015706806283,0.003225792897865176
0.026520827090200778,0.9267015706806283,0.0032280045561492443
0.026524801438633297,0.9267015706806283,0.003228992922231555
0.026528776978417268,0.9267015706806283,0.0032313477713614702
0.026532753710088442,0.9267015706806283,0.003232106799259782
0.02653673163418291,0.9267015706806283,0.003235388081520796
0.026540710751237068,0.9267015706806283,0.003237049328163266
0.026544691061787643,0.9267015706806283,0.003239972284063697
0.02654867256637168,0.9267015706806283,0.003241554368287325
0.026552655265526554,0.9267015706806283,0.003243829123675823
0.02655663915978995,0.9267015706806283,0.003247790737077594
0.02656062424969988,0.9267015706806283,0.003247847780585289
0.02656461053579469,0.9267015706806283,0.0032589766196906567
0.02656859801861303,0.9267015706806283,0.0032589829061180353
0.02657258669869389,0.9267015706806283,0.003259362420067191
0.026576576576576576,0.9267015706806283,0.0032613056246191263
0.02658056765280072,0.9267015706806283,0.0032630963250994682
0.026584559927906277,0.9267015706806283,0.003266440238803625
0.02658855340243353,0.9267015706806283,0.003266778541728854
0.026592548076923076,0.9267015706806283,0.00327572925016284
0.026596543951915852,0.9267015706806283,0.003277524607256055
0.02660054102795311,0.9267015706806283,0.0032779984176158905
0.026604539305576432,0.9267015706806283,0.0032806105446070433
0.026458208057727,0.9214659685863874,0.003280817996710539
0.026462186137422943,0.9214659685863874,0.003284657606855035
0.026466165413533835,0.9214659685863874,0.0032854739110916853
0.02647014588659949,0.9214659685863874,0.0032866671681404114
0.026474127557160047,0.9214659685863874,0.0032872736919671297
0.02647811042575598,0.9214659685863874,0.00329213566146791
0.026482094492928078,0.9214659685863874,0.003296197159215808
0.026486079759217455,0.9214659685863874,0.0032972549088299274
0.026490066225165563,0.9214659685863874,0.003299294039607048
0.026494053891314165,0.9214659685863874,0.0033024942968040705
0.02649804275820536,0.9214659685863874,0.0033054843079298735
0.02650203282638157,0.9214659685863874,0.0033064065501093864
0.02650602409638554,0.9214659685863874,0.0033066861797124147
0.026510016568760356,0.9214659685863874,0.0033087206538766623
0.026514010244049414,0.9214659685863874,0.003309486201032996
0.026518005122796444,0.9214659685863874,0.0033105090260505676
0.02652200120554551,0.9214659685863874,0.003311014035716653
0.026525998492840996,0.9214659685863874,0.003312998916953802
0.026529996985227615,0.9214659685863874,0.0033133295364677906
0.026533996683250415,0.9214659685863874,0.0033171724062412977
0.026537997587454766,0.9214659685863874,0.003326567355543375
0.026541999698386366,0.9214659685863874,0.0033278861083090305
0.02654600301659125,0.9214659685863874,0.0033288951963186264
0.02655000754261578,0.9214659685863874,0.0033297324553132057
0.026554013277006638,0.9214659685863874,0.0033316556364297867
0.02655802022031085,0.9214659685863874,0.0033343308605253696
0.026562028373075763,0.9214659685863874,0.0033356829080730677
0.026566037735849056,0.9214659685863874,0.0033361094538122416
0.026570048309178744,0.9214659685863874,0.003339451737701893
0.026574060093613166,0.9214659685863874,0.0033431737683713436
0.026578073089700997,0.9214659685863874,0.0033452364150434732
0.02658208729799124,0.9214659685863874,0.0033507850021123886
0.026586102719033233,0.9214659685863874,0.0033520765136927366
0.026590119353376643,0.9214659685863874,0.0033542581368237734
0.02659413720157147,0.9214659685863874,0.0033597606234252453
0.026598156264168053,0.9214659685863874,0.0033679665066301823
0.026602176541717048,0.9214659685863874,0.003369661746546626
0.026606198034769463,0.9214659685863874,0.0033711192663758993
0.026610220743876624,0.9214659685863874,0.003372817998751998
0.0266142446695902,0.9214659685863874,0.003376894863322377
0.02661826981246219,0.9214659685863874,0.003377751912921667
0.026622296173044926,0.9214659685863874,0.0033791004680097103
0.026626323751891074,0.9214659685863874,0.0033799726516008377
0.026630352549553638,0.9214659685863874,0.003383477684110403
0.026638413803541698,0.9214659685863874,0.003383697709068656
0.02664244626097487,0.9214659685863874,0.003387174569070339
0.02664647993943982,0.9214659685863874,0.0033919070847332478
0.026650514839491216,0.9214659685863874,0.003393730614334345
0.026654550961684082,0.9214659685863874,0.0033959457650780678
0.026658588306573767,0.9214659685863874,0.0033986191265285015
0.02666262687471595,0.9214659685863874,0.0034003637265414
0.02666666666666667,0.9214659685863874,0.003401797730475664
0.02667070768298227,0.9214659685863874,0.0034043751657009125
0.02667474992421946,0.9214659685863874,0.003407515352591872
0.026678793390935273,0.9214659685863874,0.0034123926889151335
0.026682838083687082,0.9214659685863874,0.003414217848330736
0.0266868840030326,0.9214659685863874,0.0034189196303486824
0.026690931149529876,0.9214659685863874,0.0034194509498775005
0.026694979523737297,0.9214659685863874,0.003420367604121566
0.02669902912621359,0.9214659685863874,0.0034215818159282207
0.026703079957517827,0.9214659685863874,0.003422095673158765
0.026707132018209408,0.9214659685863874,0.0034264905843883753
0.02671118530884808,0.9214659685863874,0.0034294358920305967
0.02671523982999393,0.9214659685863874,0.0034295127261430025
0.026719295582207377,0.9214659685863874,0.003431150922551751
0.026723352566049196,0.9214659685863874,0.003432103432714939
0.026727410782080487,0.9214659685863874,0.00343211623840034
0.026731470230862697,0.9214659685863874,0.003432976081967354
0.02673553091295762,0.9214659685863874,0.003433989128097892
0.026739592828927378,0.9214659685863874,0.0034371220972388983
0.02674365597933445,0.9214659685863874,0.003438834100961685
0.026747720364741642,0.9214659685863874,0.0034423526376485825
0.026751785985712113,0.9214659685863874,0.0034457568544894457
0.026755852842809364,0.9214659685863874,0.0034458322916179895
0.026759920936597233,0.9214659685863874,0.0034505559597164392
0.0267639902676399,0.9214659685863874,0.003451938508078456
0.026768060836501902,0.9214659685863874,0.0034565359819680452
0.026772132643748097,0.9214659685863874,0.0034582531079649925
0.02677620568994371,0.9214659685863874,0.003460187930613756
0.02678027997565429,0.9214659685863874,0.003468881594017148
0.026784355501445745,0.9214659685863874,0.003469772171229124
0.026788432267884323,0.9214659685863874,0.0034706229344010353
0.026792510275536613,0.9214659685863874,0.0034730711486190557
0.02679658952496955,0.9214659685863874,0.003473102580755949
0.02680067001675042,0.9214659685863874,0.00347517104819417
0.026804751751446847,0.9214659685863874,0.0034754069056361914
0.02680883472962681,0.9214659685863874,0.003476422745734453
0.02681291895185862,0.9214659685863874,0.0034815857652574778
0.026817004418710957,0.9214659685863874,0.003484978573396802
0.02682109113075282,0.9214659685863874,0.003485240275040269
0.026825179088553575,0.9214659685863874,0.0034857289865612984
0.026829268292682926,0.9214659685863874,0.0034863105975091457
0.02683335874371093,0.9214659685863874,0.0034882808104157448
0.02683745044220799,0.9214659685863874,0.0034930144902318716
0.02684154338874485,0.9214659685863874,0.0034947728272527456
0.026845637583892617,0.9214659685863874,0.0034959272015839815
0.02684973302822273,0.9214659685863874,0.0034991910215467215
0.026853829722306988,0.9214659685863874,0.0035001307260245085
0.026857927666717536,0.9214659685863874,0.0035021654330193996
0.026862026862026864,0.9214659685863874,0.003502256702631712
0.026866127308807816,0.9214659685863874,0.0035022683441638947
0.026870229007633587,0.9214659685863874,0.0035033586900681257
0.02687433195907772,0.9214659685863874,0.0035072611644864082
0.02687843616371411,0.9214659685863874,0.003510664217174053
0.026882541622117,0.9214659685863874,0.0035114248748868704
0.026886648334860985,0.9214659685863874,0.0035126814618706703
0.02689075630252101,0.9214659685863874,0.0035142041742801666
0.02689486552567237,0.9214659685863874,0.003515984397381544
0.02689897600489072,0.9214659685863874,0.0035172190982848406
0.026903087740752063,0.9214659685863874,0.003519314108416438
0.026907200733832747,0.9214659685863874,0.0035194025840610266
0.02691131498470948,0.9214659685863874,0.0035206186585128307
0.026915430493959322,0.9214659685863874,0.0035217194817960262
0.02691954726215968,0.9214659685863874,0.0035230317153036594
0.026923665289888328,0.9214659685863874,0.003524771658703685
0.02692778457772338,0.9214659685863874,0.0035250994842499495
0.026931905126243307,0.9214659685863874,0.003529868321493268
0.026936026936026935,0.9214659685863874,0.003533679060637951
0.02694015000765345,0.9214659685863874,0.0035355903673917055
0.02694427434170239,0.9214659685863874,0.0035366201773285866
0.026948399938753635,0.9214659685863874,0.003537494223564863
0.026952526799387443,0.9214659685863874,0.00353816500864923
0.02695665492418441,0.9214659685863874,0.003538840916007757
0.02696078431372549,0.9214659685863874,0.003539369208738208
0.026964914968592,0.9214659685863874,0.0035404774826020002
0.026969046889365616,0.9214659685863874,0.0035448556300252676
0.026973180076628352,0.9214659685863874,0.0035611700732260942
0.0269773145309626,0.9214659685863874,0.003562761005014181
0.026981450252951095,0.9214659685863874,0.003566333092749119
0.02698558724317694,0.9214659685863874,0.003567990381270647
0.026989725502223585,0.9214659685863874,0.0035680807195603848
0.026993865030674847,0.9214659685863874,0.003572241635993123
0.026998005829114893,0.9214659685863874,0.0035731312818825245
0.02700214789812826,0.9214659685863874,0.0035735878627747297
0.02700629123829983,0.9214659685863874,0.0035748803056776524
0.027010435850214856,0.9214659685863874,0.0035850328858941793
0.02701458173445894,0.9214659685863874,0.0035854079760611057
0.027018728891618052,0.9214659685863874,0.003587145823985338
0.02702287732227852,0.9214659685863874,0.0035885435063391924
0.02702702702702703,0.9214659685863874,0.0035925270058214664
0.02703117800645062,0.9214659685863874,0.0036000795662403107
0.027035330261136713,0.9214659685863874,0.003606586717069149
0.027039483791673067,0.9214659685863874,0.003607704071328044
0.027043638598647817,0.9214659685863874,0.0036090705543756485
0.027047794682649454,0.9214659685863874,0.003610969288274646
0.02705195204426683,0.9214659685863874,0.003611532039940357
0.02705611068408916,0.9214659685863874,0.00361237651668489
0.02706027060270603,0.9214659685863874,0.0036125413607805967
0.027064431800707365,0.9214659685863874,0.0036141187883913517
0.02706859427868348,0.9214659685863874,0.00361577607691288
0.02707275803722504,0.9214659685863874,0.0036175819113850594
0.02707692307692308,0.9214659685863874,0.0036219728644937277
0.02708108939836898,0.9214659685863874,0.0036256471648812294
0.02708525700215451,0.9214659685863874,0.003626172197982669
0.027089425888871786,0.9214659685863874,0.003628835082054138
0.027093596059113302,0.9214659685863874,0.0036299179773777723
0.027097767513471902,0.9214659685863874,0.003631515195593238
0.027101940252540806,0.9214659685863874,0.0036317429039627314
0.0271061142769136,0.9214659685863874,0.0036333207972347736
0.027110289587184228,0.9214659685863874,0.003633923130109906
0.027114466183947004,0.9214659685863874,0.003637733869254589
0.02711864406779661,0.9214659685863874,0.003638050053268671
0.027122823239328093,0.9214659685863874,0.0036385839339345694
0.027127003699136867,0.9214659685863874,0.0036413613706827164
0.027131185447818715,0.9214659685863874,0.0036440526600927114
0.027135368485969782,0.9214659685863874,0.0036466261371970177
0.027139552814186584,0.9214659685863874,0.0036473243962973356
0.027143738433066007,0.9214659685863874,0.0036503823939710855
0.026993675767391638,0.9162303664921466,0.003651241073384881
0.026997840172786176,0.9162303664921466,0.0036525579635053873
0.0270020058632927,0.9162303664921466,0.0036534550599753857
0.02700617283950617,0.9162303664921466,0.00365368090569973
0.027010341102021915,0.9162303664921466,0.0036545696202665567
0.02701451065143563,0.9162303664921466,0.003656231565400958
0.02701868148834337,0.9162303664921466,0.00365803693421185
0.027022853613341568,0.9162303664921466,0.0036619892343878746
0.02702702702702703,0.9162303664921466,0.0036627636291086674
0.02703120172999691,0.9162303664921466,0.0036696610040962696
0.027035377722848756,0.9162303664921466,0.0036715948954224586
0.02703955500618047,0.9162303664921466,0.0036752421874552965
0.027043733580590326,0.9162303664921466,0.0036777856294065714
0.02704791344667697,0.9162303664921466,0.0036790103185921907
0.02705209460503942,0.9162303664921466,0.0036796920467168093
0.027056277056277056,0.9162303664921466,0.0036802482791244984
0.02706046080098964,0.9162303664921466,0.0036817435175180435
0.027064645839777298,0.9162303664921466,0.003683143062517047
0.027068832173240527,0.9162303664921466,0.0036861433181911707
0.027073019801980198,0.9162303664921466,0.0036879824474453926
0.027077208726597555,0.9162303664921466,0.003690422046929598
0.02708139894769421,0.9162303664921466,0.0036998209543526173
0.027085590465872156,0.9162303664921466,0.0037009285297244787
0.027089783281733747,0.9162303664921466,0.003702479647472501
0.027093977395881715,0.9162303664921466,0.0037031779065728188
0.02709817280891917,0.9162303664921466,0.0037032554391771555
0.02710236952144959,0.9162303664921466,0.00370332901366055
0.02710656753407683,0.9162303664921466,0.0037053897976875305
0.027110766847405113,0.9162303664921466,0.003705451497808099
0.027114967462039046,0.9162303664921466,0.0037108315154910088
0.027119169378583604,0.9162303664921466,0.003711034543812275
0.027123372597644142,0.9162303664921466,0.003712198231369257
0.027127577119826385,0.9162303664921466,0.003712543984875083
0.027131782945736434,0.9162303664921466,0.00371477915905416
0.027135990075980772,0.9162303664921466,0.0037155344616621733
0.027140198511166252,0.9162303664921466,0.0037175349425524473
0.02714440825190011,0.9162303664921466,0.0037192218005657196
0.027148619298789946,0.9162303664921466,0.003721856977790594
0.027152831652443754,0.9162303664921466,0.0037230297457426786
0.027157045313469894,0.9162303664921466,0.0037242628168314695
0.027161260282477107,0.9162303664921466,0.0037244486156851053
0.027165476560074512,0.9162303664921466,0.003726464230567217
0.027169694146871603,0.9162303664921466,0.0037296717055141926
0.02717391304347826,0.9162303664921466,0.0037318849936127663
0.027178133250504735,0.9162303664921466,0.0037349234335124493
0.027182354768561665,0.9162303664921466,0.0037363856099545956
0.02718657759826006,0.9162303664921466,0.0037377169355750084
0.027190801740211313,0.9162303664921466,0.003738363506272435
0.027195027195027196,0.9162303664921466,0.0037416182458400726
0.027199253963319864,0.9162303664921466,0.003743046196177602
0.02720348204570185,0.9162303664921466,0.00374934752471745
0.02720771144278607,0.9162303664921466,0.003751084441319108
0.02721194215518582,0.9162303664921466,0.0037512609269469976
0.027216174183514776,0.9162303664921466,0.003753861878067255
0.027220407528386996,0.9162303664921466,0.0037551713176071644
0.027224642190416926,0.9162303664921466,0.003756532445549965
0.02722887817021939,0.9162303664921466,0.003757735248655081
0.027233115468409588,0.9162303664921466,0.0037591583095490932
0.02724159402241594,0.9162303664921466,0.003763055196031928
0.027245835279464423,0.9162303664921466,0.0037640186492353678
0.027250077857365308,0.9162303664921466,0.0037649290170520544
0.02725432175673571,0.9162303664921466,0.003770042210817337
0.027258566978193146,0.9162303664921466,0.003772724187001586
0.027262813522355506,0.9162303664921466,0.0037735700607299805
0.02726706138984107,0.9162303664921466,0.003774435957893729
0.027271310581268506,0.9162303664921466,0.0037751230411231518
0.02727556109725686,0.9162303664921466,0.0037753384094685316
0.027279812938425563,0.9162303664921466,0.0037811873480677605
0.02728406610539445,0.9162303664921466,0.003781575243920088
0.027288320598783722,0.9162303664921466,0.0037822239100933075
0.027292576419213975,0.9162303664921466,0.0037836129777133465
0.02729683356730619,0.9162303664921466,0.003783871652558446
0.027301092043681748,0.9162303664921466,0.003785576205700636
0.027305351848962395,0.9162303664921466,0.0037897953297942877
0.027309612983770288,0.9162303664921466,0.0037907082587480545
0.027313875448727955,0.9162303664921466,0.0037913783453404903
0.02731813924445832,0.9162303664921466,0.0037916486617177725
0.0273224043715847,0.9162303664921466,0.003791963681578636
0.027326670830730794,0.9162303664921466,0.0037926628720015287
0.027330938622520694,0.9162303664921466,0.003793295007199049
0.02733520774757888,0.9162303664921466,0.0037935853470116854
0.02733947820653023,0.9162303664921466,0.0037949890829622746
0.02734375,0.9162303664921466,0.003796105273067951
0.027348023128613844,0.9162303664921466,0.003797138575464487
0.02735229759299781,0.9162303664921466,0.0037983867805451155
0.027356573393778335,0.9162303664921466,0.0038026750553399324
0.02736085053158224,0.9162303664921466,0.003802846185863018
0.027365129007036748,0.9162303664921466,0.0038089046720415354
0.02736940882076947,0.9162303664921466,0.003809003857895732
0.027373689973408416,0.9162303664921466,0.003809988498687744
0.027377972465581976,0.9162303664921466,0.00381087907589972
0.027382256297918947,0.9162303664921466,0.0038114620838314295
0.027386541471048513,0.9162303664921466,0.003812737064436078
0.02739082798560025,0.9162303664921466,0.0038144884165376425
0.027395115842204134,0.9162303664921466,0.0038169806357473135
0.027399405041490528,0.9162303664921466,0.0038179203402251005
0.0274036955840902,0.9162303664921466,0.0038193261716514826
0.0274079874706343,0.9162303664921466,0.0038199899718165398
0.027412280701754384,0.9162303664921466,0.0038209138438105583
0.027416575278082406,0.9162303664921466,0.003822271479293704
0.027420871200250704,0.9162303664921466,0.003824033308774233
0.027425168468892022,0.9162303664921466,0.003829559311270714
0.0274294670846395,0.9162303664921466,0.0038358476012945175
0.027433767048126667,0.9162303664921466,0.0038377046585083008
0.027438068359987456,0.9162303664921466,0.0038399947807192802
0.027442371020856202,0.9162303664921466,0.0038452756125479937
0.027446675031367627,0.9162303664921466,0.0038484639953821898
0.027450980392156862,0.9162303664921466,0.003856586990877986
0.02745528710385943,0.9162303664921466,0.0038592477794736624
0.027459595167111252,0.9162303664921466,0.0038619653787463903
0.02746390458254865,0.9162303664921466,0.0038639747072011232
0.027468215350808352,0.9162303664921466,0.003864000551402569
0.027472527472527472,0.9162303664921466,0.003869530977681279
0.027476840948343538,0.9162303664921466,0.0038698173593729734
0.027481155778894473,0.9162303664921466,0.0038749088998883963
0.027485471964818597,0.9162303664921466,0.003876304253935814
0.027489789506754635,0.9162303664921466,0.003877099370583892
0.02749410840534171,0.9162303664921466,0.003883725730702281
0.02749842866121936,0.9162303664921466,0.003884234931319952
0.027502750275027504,0.9162303664921466,0.003884563222527504
0.027507073247406477,0.9162303664921466,0.0038870880380272865
0.027511397578997013,0.9162303664921466,0.0038872268050909042
0.027515723270440252,0.9162303664921466,0.003888650331646204
0.027520050322377733,0.9162303664921466,0.0038898345082998276
0.0275243787354514,0.9162303664921466,0.003890241263434291
0.027528708510303604,0.9162303664921466,0.0038954922929406166
0.02753303964757709,0.9162303664921466,0.003895749803632498
0.02753737214791503,0.9162303664921466,0.0038959826342761517
0.02754170601196097,0.9162303664921466,0.00389697658829391
0.027546041240358886,0.9162303664921466,0.0038994706701487303
0.027550377833753147,0.9162303664921466,0.003899959847331047
0.027554715792788537,0.9162303664921466,0.003900389652699232
0.027559055118110236,0.9162303664921466,0.00390389421954751
0.027563395810363836,0.9162303664921466,0.003907226026058197
0.027567737870195338,0.9162303664921466,0.003911429550498724
0.02757208129825114,0.9162303664921466,0.003912303131073713
0.027576426095178064,0.9162303664921466,0.003913412801921368
0.027580772261623327,0.9162303664921466,0.00391415785998106
0.027585119798234553,0.9162303664921466,0.003916203510016203
0.027589468705659783,0.9162303664921466,0.003919015172868967
0.02759381898454746,0.9162303664921466,0.00392194977030158
0.027598170635546444,0.9162303664921466,0.003930145408958197
0.027602523659305992,0.9162303664921466,0.003936476539820433
0.027606878056475784,0.9162303664921466,0.0039382511749863625
0.0276112338277059,0.9162303664921466,0.003938539419323206
0.027615590973646836,0.9162303664921466,0.0039418949745595455
0.027619949494949496,0.9162303664921466,0.003945839591324329
0.027624309392265192,0.9162303664921466,0.003947509918361902
0.027628670666245657,0.9162303664921466,0.0039547462947666645
0.027633033317543028,0.9162303664921466,0.003954817540943623
0.027637397346809856,0.9162303664921466,0.003962362185120583
0.0276417627546991,0.9162303664921466,0.003963305149227381
0.02764612954186414,0.9162303664921466,0.003963457886129618
0.027650497708958763,0.9162303664921466,0.003967243246734142
0.02765486725663717,0.9162303664921466,0.003967970609664917
0.027659238185553974,0.9162303664921466,0.003968568053096533
0.027663610496364212,0.9162303664921466,0.003969953861087561
0.02766798418972332,0.9162303664921466,0.003975816071033478
0.02767235926628716,0.9162303664921466,0.003976739943027496
0.027676735726712004,0.9162303664921466,0.003982506692409515
0.02768111357165454,0.9162303664921466,0.0039831893518567085
0.02768549280177187,0.9162303664921466,0.003984367940574884
0.027689873417721517,0.9162303664921466,0.003986631985753775
0.027694255420161417,0.9162303664921466,0.003987018018960953
0.02769863880974992,0.9162303664921466,0.003989154938608408
0.027703023587145797,0.9162303664921466,0.003991739824414253
0.027707409753008234,0.9162303664921466,0.003992496058344841
0.027711797307996833,0.9162303664921466,0.0039960662834346294
0.02771618625277162,0.9162303664921466,0.003996994812041521
0.02772057658799303,0.9162303664921466,0.003997792024165392
0.027724968314321925,0.9162303664921466,0.003998646512627602
0.027729361432419584,0.9162303664921466,0.00400239322334528
0.0277337559429477,0.9162303664921466,0.004003528039902449
0.027738151846568394,0.9162303664921466,0.004008506890386343
0.0277425491439442,0.9162303664921466,0.004013040568679571
0.02774694783573807,0.9162303664921466,0.004017756786197424
0.027751347922613384,0.9162303664921466,0.0040192375890910625
0.027597145122918318,0.9109947643979057,0.004019344691187143
0.027442893401015227,0.9057591623036649,0.004019875079393387
0.0274472473425353,0.9057591623036649,0.00402557197958231
0.027451602665820373,0.9057591623036649,0.004026881884783506
0.027455959371528327,0.9057591623036649,0.004027233924716711
0.02746031746031746,0.9057591623036649,0.004027899354696274
0.027464676932846484,0.9057591623036649,0.004029420670121908
0.027469037789774532,0.9057591623036649,0.004031566437333822
0.027473400031761155,0.9057591623036649,0.004032313358038664
0.027477763659466328,0.9057591623036649,0.004033646080642939
0.027482128673550436,0.9057591623036649,0.004037174396216869
0.027486495074674294,0.9057591623036649,0.004039957653731108
0.027490862863499128,0.9057591623036649,0.004042099229991436
0.027495232040686587,0.9057591623036649,0.004042899701744318
0.027499602606898745,0.9057591623036649,0.0040439884178340435
0.027503974562798093,0.9057591623036649,0.004044666420668364
0.027508347909047545,0.9057591623036649,0.004048463888466358
0.027512722646310432,0.9057591623036649,0.004051650874316692
0.027517098775250517,0.9057591623036649,0.004055988509207964
0.027521476296531976,0.9057591623036649,0.0040576159954071045
0.027525855210819412,0.9057591623036649,0.004058978985995054
0.027530235518777847,0.9057591623036649,0.00405970960855484
0.027534617221072737,0.9057591623036649,0.004061310086399317
0.027539000318369946,0.9057591623036649,0.004062139429152012
0.027543384811335773,0.9057591623036649,0.004064767621457577
0.027547770700636943,0.9057591623036649,0.0040651652961969376
0.027552157986940596,0.9057591623036649,0.004065904766321182
0.027556546670914304,0.9057591623036649,0.004070043098181486
0.027560936753226063,0.9057591623036649,0.004070758353918791
0.027565328234544297,0.9057591623036649,0.004071430768817663
0.02756972111553785,0.9057591623036649,0.004074042197316885
0.027574115396875997,0.9057591623036649,0.004076894838362932
0.02757851107922844,0.9057591623036649,0.004077618941664696
0.027582908163265307,0.9057591623036649,0.004085579887032509
0.027587306649657153,0.9057591623036649,0.004086579196155071
0.02759170653907496,0.9057591623036649,0.004088710527867079
0.02759610783219014,0.9057591623036649,0.004092784132808447
0.02760051052967454,0.9057591623036649,0.004094428848475218
0.027604914632200415,0.9057591623036649,0.0040959143079817295
0.02760932014044047,0.9057591623036649,0.0040971520356833935
0.027613727055067837,0.9057591623036649,0.00409834086894989
0.027618135376756066,0.9057591623036649,0.004098986741155386
0.027622545106179147,0.9057591623036649,0.004105606582015753
0.0276269562440115,0.9057591623036649,0.004106692969799042
0.027631368790927965,0.9057591623036649,0.004107747692614794
0.027635782747603834,0.9057591623036649,0.004108265042304993
0.027640198114714812,0.9057591623036649,0.004108975175768137
0.02764461489293704,0.9057591623036649,0.0041196015663445
0.0276490330829471,0.9057591623036649,0.004121133591979742
0.027653452685421995,0.9057591623036649,0.004121264908462763
0.027657873701039167,0.9057591623036649,0.004121554549783468
0.027662296130476494,0.9057591623036649,0.0041218227706849575
0.027666719974412283,0.9057591623036649,0.004122425336390734
0.027671145233525273,0.9057591623036649,0.004126663785427809
0.02767557190849464,0.9057591623036649,0.004127142019569874
0.02768,0.9057591623036649,0.0041300044395029545
0.027684429508721395,0.9057591623036649,0.00413053622469306
0.02768886043533931,0.9057591623036649,0.00413344195112586
0.027693292780534656,0.9057591623036649,0.004134457092732191
0.027697726544988793,0.9057591623036649,0.004140167962759733
0.027702161729383508,0.9057591623036649,0.004140657838433981
0.027706598334401027,0.9057591623036649,0.0041441963985562325
0.02771103636072401,0.9057591623036649,0.004145444370806217
0.027715475809035564,0.9057591623036649,0.0041506169363856316
0.02771991668001923,0.9057591623036649,0.0041513084433972836
0.027724358974358973,0.9057591623036649,0.004154815338551998
0.02772880269273922,0.9057591623036649,0.004165055230259895
0.027733247835844823,0.9057591623036649,0.004168189596384764
0.027737694404361073,0.9057591623036649,0.0041719540022313595
0.027742142398973702,0.9057591623036649,0.004173685796558857
0.027746591820368885,0.9057591623036649,0.004175800364464521
0.02775104266923324,0.9057591623036649,0.004176700953394175
0.02775549494625381,0.9057591623036649,0.004180463030934334
0.0277599486521181,0.9057591623036649,0.0041812690906226635
0.027764403787514044,0.9057591623036649,0.004183515440672636
0.027768860353130018,0.9057591623036649,0.004185738507658243
0.02777331834965484,0.9057591623036649,0.0041868798434734344
0.027777777777777776,0.9057591623036649,0.004186999052762985
0.027782238638188534,0.9057591623036649,0.004187603481113911
0.027786700931577257,0.9057591623036649,0.0041888742707669735
0.02779116465863454,0.9057591623036649,0.004190565086901188
0.027795629820051414,0.9057591623036649,0.004199058748781681
0.027800096416519364,0.9057591623036649,0.004200883209705353
0.02780456444873031,0.9057591623036649,0.004203261807560921
0.027809033917376626,0.9057591623036649,0.0042044175788760185
0.027813504823151126,0.9057591623036649,0.0042096590623259544
0.027817977166747065,0.9057591623036649,0.004212470725178719
0.027822450948858154,0.9057591623036649,0.004212712403386831
0.027826926170178543,0.9057591623036649,0.004216658882796764
0.02783140283140283,0.9057591623036649,0.004224476404488087
0.027835880933226066,0.9057591623036649,0.004227661062031984
0.02784036047634374,0.9057591623036649,0.004233012441545725
0.027844841461451796,0.9057591623036649,0.004235575906932354
0.02784932388924662,0.9057591623036649,0.004239209461957216
0.027853807760425054,0.9057591623036649,0.004246229771524668
0.02785829307568438,0.9057591623036649,0.004250968340784311
0.02786277983572234,0.9057591623036649,0.004251010715961456
0.027867268041237115,0.9057591623036649,0.004252494778484106
0.02787175769292734,0.9057591623036649,0.00425451435148716
0.027876248791492104,0.9057591623036649,0.004256045445799828
0.02788074133763094,0.9057591623036649,0.004256983287632465
0.02788523533204384,0.9057591623036649,0.0042585404589772224
0.02788973077543124,0.9057591623036649,0.004260012414306402
0.027894227668494035,0.9057591623036649,0.004260040353983641
0.02789872601193356,0.9057591623036649,0.004262252245098352
0.027903225806451614,0.9057591623036649,0.004262721631675959
0.027907727052750443,0.9057591623036649,0.004264713730663061
0.027912229751532753,0.9057591623036649,0.004264899995177984
0.027916733903501693,0.9057591623036649,0.00426713190972805
0.027921239509360877,0.9057591623036649,0.004267415497452021
0.027925746569814367,0.9057591623036649,0.004279718268662691
0.027930255085566676,0.9057591623036649,0.0042835259810090065
0.027934765057322782,0.9057591623036649,0.004285206086933613
0.027939276485788114,0.9057591623036649,0.0042854174971580505
0.02794378937166855,0.9057591623036649,0.004288380965590477
0.027948303715670437,0.9057591623036649,0.004288916476070881
0.027952819518500566,0.9057591623036649,0.004289101809263229
0.027957336780866194,0.9057591623036649,0.0042902203276753426
0.02796185550347503,0.9057591623036649,0.004294526297599077
0.02796637568703524,0.9057591623036649,0.004295215476304293
0.027970897332255457,0.9057591623036649,0.004300796892493963
0.027975420439844762,0.9057591623036649,0.004302354995161295
0.027979945010512697,0.9057591623036649,0.004304022062569857
0.027984471044969265,0.9057591623036649,0.00430555734783411
0.02798899854392493,0.9057591623036649,0.004306010901927948
0.027993527508090615,0.9057591623036649,0.004309752024710178
0.0279980579381777,0.9057591623036649,0.0043114484287798405
0.027840725153771447,0.900523560209424,0.0043119704350829124
0.027845232313420756,0.900523560209424,0.004312781151384115
0.027849740932642485,0.900523560209424,0.004313258454203606
0.02785425101214575,0.900523560209424,0.004314268007874489
0.027858762552640103,0.900523560209424,0.004314327146857977
0.027863275554835573,0.900523560209424,0.004314763471484184
0.027867790019442645,0.900523560209424,0.004318393301218748
0.02771025765678172,0.8952879581151832,0.00431849155575037
0.027714748784440843,0.8952879581151832,0.004318924155086279
0.02771924136813098,0.8952879581151832,0.004319080151617527
0.02772373540856031,0.8952879581151832,0.004320844076573849
0.02772823090643749,0.8952879581151832,0.00432339683175087
0.027732727862471617,0.8952879581151832,0.004327528644353151
0.027737226277372264,0.8952879581151832,0.0043288893066346645
0.027741726151849447,0.8952879581151832,0.004328921902924776
0.02774622748661366,0.8952879581151832,0.004330724943429232
0.027750730282375853,0.8952879581151832,0.0043308911845088005
0.027755234539847427,0.8952879581151832,0.004333371762186289
0.02775974025974026,0.8952879581151832,0.004333855118602514
0.027764247442766683,0.8952879581151832,0.004334052558988333
0.027768756089639492,0.8952879581151832,0.004337222781032324
0.027773266201071952,0.8952879581151832,0.004340240731835365
0.027777777777777776,0.8952879581151832,0.004347087349742651
0.02778229082047116,0.8952879581151832,0.004349843133240938
0.027786805329866753,0.8952879581151832,0.004354692529886961
0.02779132130667967,0.8952879581151832,0.004362187348306179
0.027633289986996098,0.8900523560209425,0.004362467210739851
0.02763778247439441,0.8900523560209425,0.004364002030342817
0.027642276422764227,0.8900523560209425,0.0043647876009345055
0.027646771832818346,0.8900523560209425,0.004365850705653429
0.027651268705270005,0.8900523560209425,0.0043669575825333595
0.027655767040832925,0.8900523560209425,0.004369817208498716
0.02766026684022128,0.8900523560209425,0.004373891744762659
0.027664768104149716,0.8900523560209425,0.004373978823423386
0.027669270833333332,0.8900523560209425,0.004374350421130657
0.02767377502848771,0.8900523560209425,0.004381279926747084
0.027678280690328884,0.8900523560209425,0.004381608683615923
0.02768278781957336,0.8900523560209425,0.004383984953165054
0.02768729641693811,0.8900523560209425,0.004385025706142187
0.027691806483140576,0.8900523560209425,0.004385395906865597
0.027696318018898665,0.8900523560209425,0.004387205932289362
0.027700831024930747,0.8900523560209425,0.004388030618429184
0.02770534550195567,0.8900523560209425,0.004391054157167673
0.027709861450692746,0.8900523560209425,0.004391539841890335
0.027714378871861754,0.8900523560209425,0.004393462557345629
0.02755584542638187,0.8848167539267016,0.0044001988135278225
0.02756033920417482,0.8848167539267016,0.0044048381969332695
0.027564834447887782,0.8848167539267016,0.004408792592585087
0.02756933115823817,0.8848167539267016,0.004409085493534803
0.027573829335943875,0.8848167539267016,0.004410176072269678
0.027578328981723237,0.8848167539267016,0.004412456881254911
0.027582830096295086,0.8848167539267016,0.004412902984768152
0.027587332680378714,0.8848167539267016,0.004414507653564215
0.027591836734693877,0.8848167539267016,0.004415283445268869
0.02759634225996081,0.8848167539267016,0.004416920710355043
0.027600849256900213,0.8848167539267016,0.004418026190251112
0.027605357726233258,0.8848167539267016,0.0044224997982382774
0.02760986766868159,0.8848167539267016,0.00442505581304431
0.02761437908496732,0.8848167539267016,0.004428172018378973
0.02761889197581304,0.8848167539267016,0.004428359214216471
0.02762340634194181,0.8848167539267016,0.004429759457707405
0.027627922184077162,0.8848167539267016,0.004434933420270681
0.0276324395029431,0.8848167539267016,0.00444409903138876
0.027636958299264106,0.8848167539267016,0.004445340018719435
0.02764147857376513,0.8848167539267016,0.004447326064109802
0.027646000327171603,0.8848167539267016,0.004452372435480356
0.027650523560209424,0.8848167539267016,0.0044539072550833225
0.027655048273604974,0.8848167539267016,0.004454530775547028
0.027659574468085105,0.8848167539267016,0.00445576012134552
0.02766410214437715,0.8848167539267016,0.004456341732293367
0.027668631303208905,0.8848167539267016,0.00446157855913043
0.027673161945308663,0.8848167539267016,0.004463554825633764
0.027677694071405176,0.8848167539267016,0.004467412829399109
0.02768222768222768,0.8848167539267016,0.004469996318221092
0.0276867627785059,0.8848167539267016,0.004470762796700001
0.027691299360970013,0.8848167539267016,0.0044709728099405766
0.027695837430350704,0.8848167539267016,0.004471930209547281
0.027700376987379118,0.8848167539267016,0.004473083186894655
0.027704918032786886,0.8848167539267016,0.0044734482653439045
0.027709460567306117,0.8848167539267016,0.004474444314837456
0.0277140045916694,0.8848167539267016,0.004475884605199099
0.02771855010660981,0.8848167539267016,0.004476964008063078
0.027723097112860893,0.8848167539267016,0.004479955416172743
0.027727645611156686,0.8848167539267016,0.004482638090848923
0.027732195602231703,0.8848167539267016,0.0044847107492387295
0.027736747086820942,0.8848167539267016,0.0044957795180380344
0.02774130006565988,0.8848167539267016,0.00449666753411293
0.027745854539484485,0.8848167539267016,0.0044969217851758
0.0277504105090312,0.8848167539267016,0.0045006354339420795
0.027754967975036952,0.8848167539267016,0.0045013828203082085
0.02775952693823916,0.8848167539267016,0.0045096189714968204
0.02776408739937572,0.8848167539267016,0.004512086044996977
0.027768649359185014,0.8848167539267016,0.004513229709118605
0.027773212818405914,0.8848167539267016,0.004514326807111502
0.027777777777777776,0.8848167539267016,0.004514905624091625
0.027782344238040442,0.8848167539267016,0.004515499342232943
0.027786912199934233,0.8848167539267016,0.0045166308991611
0.027791481664199966,0.8848167539267016,0.00451937410980463
0.027796052631578947,0.8848167539267016,0.004521515686064959
0.027800625102812962,0.8848167539267016,0.004521940369158983
0.02780519907864429,0.8848167539267016,0.0045222388580441475
0.0278097745598157,0.8848167539267016,0.004525749944150448
0.027814351547070442,0.8848167539267016,0.004529769066721201
0.027818930041152264,0.8848167539267016,0.004531203303486109
0.0278235100428054,0.8848167539267016,0.004532483406364918
0.027828091552774575,0.8848167539267016,0.004532618913799524
0.027832674571805008,0.8848167539267016,0.004535345826297998
0.027837259100642397,0.8848167539267016,0.004537494853138924
0.027841845140032948,0.8848167539267016,0.004541181493550539
0.027846432690723347,0.8848167539267016,0.004543639253824949
0.027851021753460777,0.8848167539267016,0.004548479802906513
0.02785561232899291,0.8848167539267016,0.004549358505755663
0.02786020441806792,0.8848167539267016,0.0045494879595935345
0.02786479802143446,0.8848167539267016,0.004550639074295759
0.02786939313984169,0.8848167539267016,0.004561213776469231
0.027873989774039255,0.8848167539267016,0.004561906680464745
0.0278785879247773,0.8848167539267016,0.0045626843348145485
0.027883187592806467,0.8848167539267016,0.004565821494907141
0.02788778877887789,0.8848167539267016,0.0045679849572479725
0.027896995708154508,0.8848167539267016,0.004570393823087215
0.027901601452864456,0.8848167539267016,0.004572499077767134
0.027906208718626157,0.8848167539267016,0.004579225555062294
0.027910817506193227,0.8848167539267016,0.0045800101943314075
0.02791542781631979,0.8848167539267016,0.0045807017013430595
0.02792003964976045,0.8848167539267016,0.004589509218931198
0.027924653007270324,0.8848167539267016,0.0045917099341750145
0.027929267889605022,0.8848167539267016,0.0045942822471261024
0.02793388429752066,0.8848167539267016,0.0046003093011677265
0.027938502231773847,0.8848167539267016,0.004600914195179939
0.027943121693121693,0.8848167539267016,0.004608108662068844
0.02794774268232181,0.8848167539267016,0.004610005300492048
0.02795236520013232,0.8848167539267016,0.00461304746568203
0.02795698924731183,0.8848167539267016,0.004613750614225864
0.02796161482461946,0.8848167539267016,0.004614850040525198
0.027966241932814828,0.8848167539267016,0.004614939913153648
0.02797087057265806,0.8848167539267016,0.004615426529198885
0.027975500744909784,0.8848167539267016,0.004618178587406874
0.027980132450331124,0.8848167539267016,0.00463126739487052
0.02798476568968372,0.8848167539267016,0.004636779427528381
0.027989400463729712,0.8848167539267016,0.004637221805751324
0.02799403677323174,0.8848167539267016,0.004643033724278212
0.02799867461895295,0.8848167539267016,0.00464363768696785
0.028003314001657002,0.8848167539267016,0.004645734094083309
0.028007954922108055,0.8848167539267016,0.004646466113626957
0.028012597381070776,0.8848167539267016,0.00465016346424818
0.028017241379310345,0.8848167539267016,0.004652086179703474
0.02802188691759244,0.8848167539267016,0.004652590025216341
0.02802653399668325,0.8848167539267016,0.00465503940358758
0.02803118261734948,0.8848167539267016,0.004655072465538979
0.028035832780358327,0.8848167539267016,0.004655706696212292
0.02804048448647752,0.8848167539267016,0.0046557532623410225
0.028045137736475274,0.8848167539267016,0.0046583437360823154
0.028049792531120332,0.8848167539267016,0.004660329315811396
0.02805444887118194,0.8848167539267016,0.00466809282079339
0.027893076539930266,0.8795811518324608,0.004670248832553625
0.027897708402524077,0.8795811518324608,0.0046722483821213245
0.027902341803687097,0.8795811518324608,0.004677718039602041
0.027906976744186046,0.8795811518324608,0.004680902697145939
0.027911613224788172,0.8795811518324608,0.004685376770794392
0.027916251246261216,0.8795811518324608,0.004689561668783426
0.027920890809373444,0.8795811518324608,0.004694491624832153
0.027925531914893616,0.8795811518324608,0.0046947612427175045
0.027930174563591023,0.8795811518324608,0.004699262324720621
0.02793481875623545,0.8795811518324608,0.004700633697211742
0.027939464493597205,0.8795811518324608,0.004701707046478987
0.027944111776447105,0.8795811518324608,0.004703028127551079
0.02794876060555648,0.8795811518324608,0.004704789258539677
0.027953410981697173,0.8795811518324608,0.004707634914666414
0.027958062905641536,0.8795811518324608,0.004708935506641865
0.02796271637816245,0.8795811518324608,0.004709892440587282
0.027967371400033296,0.8795811518324608,0.004713347181677818
0.027972027972027972,0.8795811518324608,0.004714530427008867
0.027976686094920898,0.8795811518324608,0.00471488619223237
0.027814790139906728,0.8743455497382199,0.004716110415756702
0.027819423621522572,0.8743455497382199,0.004723072052001953
0.02782405864711763,0.8743455497382199,0.004725421313196421
0.027828695217463756,0.8743455497382199,0.00473293149843812
0.027833333333333335,0.8743455497382199,0.004733039066195488
0.02783797299549925,0.8743455497382199,0.004733297508209944
0.02784261420473491,0.8743455497382199,0.0047360253520309925
0.02784725696181424,0.8743455497382199,0.004740462172776461
0.027851901267511674,0.8743455497382199,0.004741962533444166
0.027856547122602167,0.8743455497382199,0.004744067322462797
0.027861194527861195,0.8743455497382199,0.004745657090097666
0.02786584348406474,0.8743455497382199,0.004746170248836279
0.02787049399198932,0.8743455497382199,0.004746690858155489
0.02787514605241195,0.8743455497382199,0.004747380502521992
0.027879799666110185,0.8743455497382199,0.004749775864183903
0.02788445483386208,0.8743455497382199,0.004751913249492645
0.027889111556446227,0.8743455497382199,0.004754676483571529
0.027893769834641723,0.8743455497382199,0.004757987800985575
0.0278984296692282,0.8743455497382199,0.0047595687210559845
0.027903091060985798,0.8743455497382199,0.004759710747748613
0.027907754010695188,0.8743455497382199,0.004761531949043274
0.027912418519137557,0.8743455497382199,0.004763306118547916
0.027917084587094618,0.8743455497382199,0.004767467267811298
0.027921752215348605,0.8743455497382199,0.004770898260176182
0.027926421404682274,0.8743455497382199,0.004771808627992868
0.027931092155878908,0.8743455497382199,0.004773643333464861
0.027935764469722315,0.8743455497382199,0.004774395376443863
0.02794043834699682,0.8743455497382199,0.004774410743266344
0.027945113788487283,0.8743455497382199,0.004778060130774975
0.02794979079497908,0.8743455497382199,0.004778064787387848
0.02795446936725812,0.8743455497382199,0.004778287373483181
0.027959149506110833,0.8743455497382199,0.004780006594955921
0.02796383121232418,0.8743455497382199,0.004791964311152697
0.027968514486685647,0.8743455497382199,0.004794666543602943
0.02797319932998325,0.8743455497382199,0.004796368535608053
0.02797788574300553,0.8743455497382199,0.004797438625246286
0.027982573726541556,0.8743455497382199,0.0047981697134673595
0.027987263281380927,0.8743455497382199,0.004806663375347853
0.027991954408313778,0.8743455497382199,0.004808059427887201
0.027996647108130764,0.8743455497382199,0.004810553975403309
0.028001341381623072,0.8743455497382199,0.0048123919405043125
0.028006037229582424,0.8743455497382199,0.004814792424440384
0.028010734652801073,0.8743455497382199,0.004817428067326546
0.0280154336520718,0.8743455497382199,0.00481822993606329
0.02802013422818792,0.8743455497382199,0.004818625748157501
0.02802483638194328,0.8743455497382199,0.004821311216801405
0.028029540114132258,0.8743455497382199,0.004821482580155134
0.028034245425549772,0.8743455497382199,0.00482190353795886
0.02803895231699127,0.8743455497382199,0.004824057221412659
0.028043660789252727,0.8743455497382199,0.004824471659958363
0.02804837084313067,0.8743455497382199,0.004825483541935682
0.02805308247942214,0.8743455497382199,0.0048274509608745575
0.02805779569892473,0.8743455497382199,0.004831752739846706
0.028062510502436567,0.8743455497382199,0.004833961371332407
0.028067226890756303,0.8743455497382199,0.004833993501961231
0.02807194486468314,0.8743455497382199,0.004834124352782965
0.02807666442501681,0.8743455497382199,0.004844906274229288
0.028081385572557592,0.8743455497382199,0.004845720250159502
0.02808610830810629,0.8743455497382199,0.004853320773690939
0.028090832632464254,0.8743455497382199,0.004853933583945036
0.028095558546433377,0.8743455497382199,0.004854145459830761
0.028100286050816086,0.8743455497382199,0.0048607815988361835
0.02810501514641535,0.8743455497382199,0.004864600487053394
0.028109745834034673,0.8743455497382199,0.004864764399826527
0.028114478114478113,0.8743455497382199,0.004864771384745836
0.02811921198855026,0.8743455497382199,0.004864879418164492
0.028123947457056247,0.8743455497382199,0.004866449628025293
0.028128684520801753,0.8743455497382199,0.004872829653322697
0.028133423180592993,0.8743455497382199,0.004875031299889088
0.02813816343723673,0.8743455497382199,0.00487531116232276
0.028142905291540277,0.8743455497382199,0.004877301398664713
0.028147648744311478,0.8743455497382199,0.004877486266195774
0.028152393796358734,0.8743455497382199,0.004886395763605833
0.02815714044849098,0.8743455497382199,0.004886402282863855
0.028161888701517708,0.8743455497382199,0.004889204166829586
0.028166638556248947,0.8743455497382199,0.004894886631518602
0.028171390013495275,0.8743455497382199,0.004900354892015457
0.028176143074067826,0.8743455497382199,0.00490185059607029
0.028180897738778264,0.8743455497382199,0.004904416389763355
0.02818565400843882,0.8743455497382199,0.004906036425381899
0.028190411883862256,0.8743455497382199,0.004908348433673382
0.028195171365861894,0.8743455497382199,0.004910708870738745
0.028199932455251604,0.8743455497382199,0.004917885642498732
0.028204695152845804,0.8743455497382199,0.004924478009343147
0.02820945945945946,0.8743455497382199,0.004925454501062632
0.028214225375908092,0.8743455497382199,0.004925840068608522
0.028218992903007774,0.8743455497382199,0.004927502013742924
0.02822376204157512,0.8743455497382199,0.004930416122078896
0.028228532792427315,0.8743455497382199,0.004931883420795202
0.02823330515638208,0.8743455497382199,0.004934495314955711
0.028238079134257695,0.8743455497382199,0.004934781230986118
0.02824285472687299,0.8743455497382199,0.004935701377689838
0.02824763193504736,0.8743455497382199,0.0049391030333936214
0.028083234647267807,0.8691099476439791,0.004940134473145008
0.02808798646362098,0.8691099476439791,0.00494103180244565
0.028092739888305972,0.8691099476439791,0.004947633948177099
0.028097494922139473,0.8691099476439791,0.004954843316227198
0.028102251565938718,0.8691099476439791,0.004955741576850414
0.028107009820521504,0.8691099476439791,0.0049561625346541405
0.02811176968670618,0.8691099476439791,0.004959300626069307
0.028116531165311653,0.8691099476439791,0.004960632883012295
0.028121294257157377,0.8691099476439791,0.004964849911630154
0.028126058963063368,0.8691099476439791,0.004965014755725861
0.028130825283850195,0.8691099476439791,0.0049707707948982716
0.028135593220338984,0.8691099476439791,0.004973769187927246
0.028140362773351416,0.8691099476439791,0.004976500291377306
0.02814513394370973,0.8691099476439791,0.004977307748049498
0.028149906732236732,0.8691099476439791,0.004979580640792847
0.028154681139755767,0.8691099476439791,0.004980005789548159
0.028159457167090753,0.8691099476439791,0.004980128258466721
0.02816423481506617,0.8691099476439791,0.004982846323400736
0.028169014084507043,0.8691099476439791,0.004984473343938589
0.028173794976238967,0.8691099476439791,0.0049848114140331745
0.0281785774910881,0.8691099476439791,0.0049858358688652515
0.02801358234295416,0.8638743455497382,0.004989098757505417
0.028018339276617423,0.8638743455497382,0.00498994393274188
0.028023097826086956,0.8638743455497382,0.004990398418158293
0.028027857992186173,0.8638743455497382,0.0049905055202543736
0.02803261977573904,0.8638743455497382,0.0049934303387999535
0.028037383177570093,0.8638743455497382,0.004994802176952362
0.028042148198504417,0.8638743455497382,0.004999323282390833
0.02804691483936767,0.8638743455497382,0.005002249032258987
0.02805168310098606,0.8638743455497382,0.005003798753023148
0.028056452984186363,0.8638743455497382,0.0050040981732308865
0.02806122448979592,0.8638743455497382,0.005007012281566858
0.028065997618642625,0.8638743455497382,0.005008161999285221
0.02807077237155495,0.8638743455497382,0.0050086467526853085
0.02807554874936192,0.8638743455497382,0.005011717788875103
0.028080326752893126,0.8638743455497382,0.005014136899262667
0.028085106382978724,0.8638743455497382,0.005015281029045582
0.028089887640449437,0.8638743455497382,0.005016790237277746
0.028094670526136557,0.8638743455497382,0.00501734483987093
0.028099455040871933,0.8638743455497382,0.005018263123929501
0.02810424118548799,0.8638743455497382,0.005018994212150574
0.028109028960817718,0.8638743455497382,0.005019070580601692
0.02811381836769467,0.8638743455497382,0.005020604468882084
0.028118609406952964,0.8638743455497382,0.005020649638026953
0.028123402079427304,0.8638743455497382,0.005026939790695906
0.027957722468462325,0.8586387434554974,0.00502720195800066
0.02796248934356351,0.8586387434554974,0.005027323495596647
0.02796725784447476,0.8586387434554974,0.005030759610235691
0.027972027972027972,0.8586387434554974,0.005040470976382494
0.027976799727055614,0.8586387434554974,0.005043801385909319
0.02798157311039072,0.8586387434554974,0.005053098779171705
0.027986348122866895,0.8586387434554974,0.005053283646702766
0.027991124765318315,0.8586387434554974,0.0050626783631742
0.02799590303857972,0.8586387434554974,0.005064020864665508
0.028000682943486427,0.8586387434554974,0.005066479556262493
0.028005464480874317,0.8586387434554974,0.005067534279078245
0.028010247651579848,0.8586387434554974,0.005074056331068277
0.02801503245644004,0.8586387434554974,0.005080945789813995
0.0280198188962925,0.8586387434554974,0.005083152092993259
0.028024606971975393,0.8586387434554974,0.005083269905298948
0.028029396684327464,0.8586387434554974,0.0050841690972447395
0.028034188034188036,0.8586387434554974,0.005090345628559589
0.02803898102239699,0.8586387434554974,0.005091412924230099
0.0280437756497948,0.8586387434554974,0.005092949140816927
0.028048571917222508,0.8586387434554974,0.0050959461368620396
0.028053369825521726,0.8586387434554974,0.005102785304188728
0.028058169375534646,0.8586387434554974,0.005104189272969961
0.02806297056810404,0.8586387434554974,0.005106618627905846
0.02806777340407325,0.8586387434554974,0.005109160672873259
0.028072577884286205,0.8586387434554974,0.0051107825711369514
0.0280773840095874,0.8586387434554974,0.00511434068903327
0.028082191780821917,0.8586387434554974,0.005117570981383324
0.028087001198835417,0.8586387434554974,0.005118238739669323
0.028091812264474134,0.8586387434554974,0.005126921460032463
0.02809662497858489,0.8586387434554974,0.005134121049195528
0.02810143934201508,0.8586387434554974,0.0051343790255486965
0.028106255355612682,0.8586387434554974,0.005134695675224066
0.02811107302022626,0.8586387434554974,0.0051347906701266766
0.028115892336704956,0.8586387434554974,0.005139298737049103
0.028120713305898493,0.8586387434554974,0.0051451874896883965
0.028125535928657176,0.8586387434554974,0.0051492140628397465
0.028130360205831904,0.8586387434554974,0.005152305122464895
0.028135186138274145,0.8586387434554974,0.005153524689376354
0.028140013726835965,0.8586387434554974,0.005154529586434364
0.02814484297237,0.8586387434554974,0.005157019942998886
0.02814967387572949,0.8586387434554974,0.005157800391316414
0.02815450643776824,0.8586387434554974,0.005160115193575621
0.02815934065934066,0.8586387434554974,0.005163178313523531
0.028164176541301735,0.8586387434554974,0.00516494968906045
0.028169014084507043,0.8586387434554974,0.00516781210899353
0.028173853289812745,0.8586387434554974,0.005169040523469448
0.028178694158075602,0.8586387434554974,0.005170197691768408
0.028183536690152947,0.8586387434554974,0.005174572579562664
0.028188380886902717,0.8586387434554974,0.005174793303012848
0.02819322674918343,0.8586387434554974,0.005174935795366764
0.028198074277854195,0.8586387434554974,0.005187163129448891
0.028202923473774722,0.8586387434554974,0.005189432296901941
0.0282077743378053,0.8586387434554974,0.005196864251047373
0.028212626870806813,0.8586387434554974,0.0052040652371943
0.028217481073640742,0.8586387434554974,0.005206593777984381
0.028222336947169163,0.8586387434554974,0.005207156762480736
0.028227194492254734,0.8586387434554974,0.005210761912167072
0.028232053709760715,0.8586387434554974,0.005217006430029869
0.028236914600550965,0.8586387434554974,0.005221604369580746
0.028241777165489926,0.8586387434554974,0.005240573547780514
0.028246641405442644,0.8586387434554974,0.0052436599507927895
0.028251507321274762,0.8586387434554974,0.005243732128292322
0.028256374913852515,0.8586387434554974,0.005244353786110878
0.028261244184042737,0.8586387434554974,0.00524967210367322
0.028266115132712856,0.8586387434554974,0.005251794122159481
0.02827098776073091,0.8586387434554974,0.005253615323454142
0.028275862068965516,0.8586387434554974,0.005255056079477072
0.02828073805828591,0.8586387434554974,0.005255293101072311
0.028285615729561918,0.8586387434554974,0.005260532721877098
0.028290495083663963,0.8586387434554974,0.005262863822281361
0.028295376121463076,0.8586387434554974,0.005263902246952057
0.02830025884383089,0.8586387434554974,0.005265415646135807
0.028305143251639627,0.8586387434554974,0.005267686676234007
0.028310029345762128,0.8586387434554974,0.005269648041576147
0.028314917127071824,0.8586387434554974,0.005272991489619017
0.028319806596442756,0.8586387434554974,0.0052734361961483955
0.028324697754749568,0.8586387434554974,0.005274429451674223
0.028329590602867508,0.8586387434554974,0.005276105832308531
0.028334485141672427,0.8586387434554974,0.005278301425278187
0.02833938137204078,0.8586387434554974,0.0052787368185818195
0.028344279294849638,0.8586387434554974,0.005280439741909504
0.028349178910976665,0.8586387434554974,0.0052807205356657505
0.028354080221300138,0.8586387434554974,0.005284731741994619
0.028358983226698945,0.8586387434554974,0.005291391164064407
0.028363887928052577,0.8586387434554974,0.005292636342346668
0.028368794326241134,0.8586387434554974,0.005293580237776041
0.02837370242214533,0.8586387434554974,0.005295151844620705
0.028205571898252294,0.8534031413612565,0.0053039672784507275
0.028210453444098303,0.8534031413612565,0.005310812033712864
0.028215336679937683,0.8534031413612565,0.0053114620968699455
0.02804709141274238,0.8481675392670157,0.005312671419233084
0.028051948051948054,0.8481675392670157,0.005312842316925526
0.02805680637339799,0.8481675392670157,0.005314785987138748
0.028061666377966397,0.8481675392670157,0.005316061899065971
0.028066528066528068,0.8481675392670157,0.005316638853400946
0.02807139143995841,0.8481675392670157,0.005320041906088591
0.028076256499133447,0.8481675392670157,0.005322911310940981
0.028081123244929798,0.8481675392670157,0.005323171615600586
0.02808599167822469,0.8481675392670157,0.005324231926351786
0.02809086179989596,0.8481675392670157,0.005326525773853064
0.02809573361082206,0.8481675392670157,0.005327063612639904
0.02810060711188205,0.8481675392670157,0.005337483715265989
0.028105482303955587,0.8481675392670157,0.005337493494153023
0.028110359187922956,0.8481675392670157,0.00534342834725976
0.028115237764665048,0.8481675392670157,0.005344449542462826
0.028120118035063358,0.8481675392670157,0.005348742939531803
0.028125,0.8481675392670157,0.00535145029425621
0.0281298836603577,0.8481675392670157,0.005351612810045481
0.0281347690170198,0.8481675392670157,0.00535164587199688
0.028139656070870246,0.8481675392670157,0.005356015637516975
0.028144544822793608,0.8481675392670157,0.005356673616915941
0.028149435273675066,0.8481675392670157,0.005361701361835003
0.028154327424400417,0.8481675392670157,0.005366924684494734
0.028159221275856076,0.8481675392670157,0.005368174519389868
0.028164116828929067,0.8481675392670157,0.005371329840272665
0.028169014084507043,0.8481675392670157,0.005371370818465948
0.02817391304347826,0.8481675392670157,0.005379215348511934
0.028178813706731604,0.8481675392670157,0.005379240959882736
0.028183716075156576,0.8481675392670157,0.005381688009947538
0.028188620149643292,0.8481675392670157,0.005383837502449751
0.028193525931082493,0.8481675392670157,0.005387668497860432
0.028198433420365536,0.8481675392670157,0.005388351157307625
0.028203342618384402,0.8481675392670157,0.005389626603573561
0.02820825352603169,0.8481675392670157,0.0053909714333713055
0.02821316614420063,0.8481675392670157,0.005393585190176964
0.028218080473785056,0.8481675392670157,0.005397789180278778
0.028222996515679444,0.8481675392670157,0.005399364046752453
0.028227914270778882,0.8481675392670157,0.00539950467646122
0.028232833739979087,0.8481675392670157,0.005406809970736504
0.0282377549241764,0.8481675392670157,0.005408328492194414
0.028242677824267783,0.8481675392670157,0.005414035636931658
0.028247602441150828,0.8481675392670157,0.005416185595095158
0.02825252877572375,0.8481675392670157,0.005416919942945242
0.0282574568288854,0.8481675392670157,0.0054170205257833
0.028262386601535242,0.8481675392670157,0.0054181767627596855
0.028267318094573373,0.8481675392670157,0.00541831785812974
0.028272251308900525,0.8481675392670157,0.0054215542040765285
0.02827718624541805,0.8481675392670157,0.005421590059995651
0.028282122905027934,0.8481675392670157,0.0054216389544308186
0.028287061288632794,0.8481675392670157,0.00542314862832427
0.02829200139713587,0.8481675392670157,0.0054235318675637245
0.02829694323144105,0.8481675392670157,0.005426032468676567
0.02830188679245283,0.8481675392670157,0.005427692551165819
0.028306832081076358,0.8481675392670157,0.00542795704677701
0.028311779098217405,0.8481675392670157,0.005429362878203392
0.02831672784478238,0.8481675392670157,0.005434688180685043
0.028321678321678322,0.8481675392670157,0.005445518530905247
0.028326630529812904,0.8481675392670157,0.005447672680020332
0.02833158447009444,0.8481675392670157,0.0054557654075324535
0.02833654014343187,0.8481675392670157,0.005458865314722061
0.02834149755073478,0.8481675392670157,0.0054603153839707375
0.028346456692913385,0.8481675392670157,0.005464984104037285
0.028351417570878543,0.8481675392670157,0.005465865135192871
0.028356380185541746,0.8481675392670157,0.005469207186251879
0.028361344537815126,0.8481675392670157,0.005472831893712282
0.028366310628611453,0.8481675392670157,0.005473264958709478
0.028371278458844133,0.8481675392670157,0.005474303383380175
0.02837624802942722,0.8481675392670157,0.005475134123116732
0.028381219341275403,0.8481675392670157,0.005480638705193996
0.028386192395304013,0.8481675392670157,0.005483654327690601
0.028391167192429023,0.8481675392670157,0.005483880639076233
0.028401122019635343,0.8481675392670157,0.005484814755618572
0.028406102051551814,0.8481675392670157,0.005485131870955229
0.028411083830235006,0.8481675392670157,0.005485191475600004
0.028416067356604104,0.8481675392670157,0.005486221984028816
0.028421052631578948,0.8481675392670157,0.005486646201461554
0.028426039656080013,0.8481675392670157,0.005491612944751978
0.028431028431028432,0.8481675392670157,0.005494249053299427
0.02843601895734597,0.8481675392670157,0.005503010004758835
0.028441011235955056,0.8481675392670157,0.005506340879946947
0.028446005267778754,0.8481675392670157,0.00550835719332099
0.02845100105374078,0.8481675392670157,0.005511460825800896
0.0284559985947655,0.8481675392670157,0.005517214071005583
0.028460997891777935,0.8481675392670157,0.005522334016859531
0.028465998945703744,0.8481675392670157,0.0055250609293580055
0.028471001757469243,0.8481675392670157,0.005531024187803268
0.028476006328001405,0.8481675392670157,0.0055336132645606995
0.028481012658227847,0.8481675392670157,0.005533960182219744
0.028486020749076843,0.8481675392670157,0.005536747630685568
0.028491030601477313,0.8481675392670157,0.00553937116637826
0.02849604221635884,0.8481675392670157,0.005542361177504063
0.028501055594651655,0.8481675392670157,0.005544058978557587
0.028506070737286643,0.8481675392670157,0.005545313470065594
0.028511087645195353,0.8481675392670157,0.0055465600453317165
0.02851610631930998,0.8481675392670157,0.005546762142330408
0.02852112676056338,0.8481675392670157,0.005550327245146036
0.028526148969889066,0.8481675392670157,0.005553976632654667
0.028531172948221203,0.8481675392670157,0.005554624833166599
0.028536198696494628,0.8481675392670157,0.005557707045227289
0.02854122621564482,0.8481675392670157,0.005557785741984844
0.02854625550660793,0.8481675392670157,0.005560071207582951
0.02855128657032076,0.8481675392670157,0.005566941108554602
0.028556319407720784,0.8481675392670157,0.005567147396504879
0.028561354019746122,0.8481675392670157,0.005572579801082611
0.02856639040733557,0.8481675392670157,0.005572878289967775
0.02857142857142857,0.8481675392670157,0.0055731795728206635
0.02857646851296525,0.8481675392670157,0.005575281102210283
0.02858151023288638,0.8481675392670157,0.005575397051870823
0.028410093523910357,0.8429319371727748,0.005576211493462324
0.028415107659724673,0.8429319371727748,0.005578938405960798
0.028420123565754633,0.8429319371727748,0.005579470191150904
0.02842514124293785,0.8429319371727748,0.005580552387982607
0.028253575843192654,0.837696335078534,0.0055820210836827755
0.0282585658777817,0.837696335078534,0.0055837975814938545
0.02826355767532238,0.837696335078534,0.005586384795606136
0.028268551236749116,0.837696335078534,0.0055872113443911076
0.028273546562996996,0.837696335078534,0.005589280743151903
0.028278543655001768,0.837696335078534,0.005590108223259449
0.028106770372989216,0.8324607329842932,0.005590137094259262
0.02811173974540311,0.8324607329842932,0.00559327332302928
0.028116710875331564,0.8324607329842932,0.005593817215412855
0.02812168376370711,0.8324607329842932,0.005599541589617729
0.02812665841146294,0.8324607329842932,0.0056044477969408035
0.02813163481953291,0.8324607329842932,0.005606597755104303
0.02813661298885153,0.8324607329842932,0.005611566361039877
0.028141592920353984,0.8324607329842932,0.005624584387987852
0.028146574614976102,0.8324607329842932,0.005625440739095211
0.028151558073654392,0.8324607329842932,0.0056280577555298805
0.028156543297326014,0.8324607329842932,0.00563802057877183
0.0281615302869288,0.8324607329842932,0.0056396108120679855
0.02816651904340124,0.8324607329842932,0.005641012452542782
0.028171509567682496,0.8324607329842932,0.005646152421832085
0.028176501860712386,0.8324607329842932,0.005654438864439726
0.02818149592343141,0.8324607329842932,0.005658175330609083
0.028186491756780712,0.8324607329842932,0.005659975577145815
0.028191489361702127,0.8324607329842932,0.005663548596203327
0.028196488739138145,0.8324607329842932,0.005666868295520544
0.028201489890031926,0.8324607329842932,0.005667225457727909
0.028206492815327302,0.8324607329842932,0.005667846649885178
0.028211497515968773,0.8324607329842932,0.005670663435012102
0.028216503992901508,0.8324607329842932,0.0056709726341068745
0.028221512247071354,0.8324607329842932,0.005671147257089615
0.028226522279424817,0.8324607329842932,0.00567273935303092
0.028231534090909092,0.8324607329842932,0.0056740897707641125
0.02823654768247203,0.8324607329842932,0.005674686748534441
0.028241563055062167,0.8324607329842932,0.005674977786839008
0.028246580209628707,0.8324607329842932,0.005678350105881691
0.028251599147121536,0.8324607329842932,0.00567916315048933
0.028256619868491203,0.8324607329842932,0.005684236064553261
0.028261642374688943,0.8324607329842932,0.005684297531843185
0.028266666666666666,0.8324607329842932,0.005687039345502853
0.028271692745376956,0.8324607329842932,0.005692491307854652
0.028276720611773075,0.8324607329842932,0.005696000996977091
0.028281750266808965,0.8324607329842932,0.005697786342352629
0.028108877423945917,0.8272251308900523,0.005704616662114859
0.028113879003558717,0.8272251308900523,0.005704941693693399
0.02811888236340986,0.8272251308900523,0.005706002004444599
0.028123887504449982,0.8272251308900523,0.0057064322754740715
0.02812889442763041,0.8272251308900523,0.0057099261321127415
0.028133903133903133,0.8272251308900523,0.0057119159027934074
0.028138913624220836,0.8272251308900523,0.005712898913770914
0.028143925899536872,0.8272251308900523,0.0057204123586416245
0.028148939960805273,0.8272251308900523,0.005726153496652842
0.028153955808980755,0.8272251308900523,0.0057290783151984215
0.028158973445018713,0.8272251308900523,0.005732086021453142
0.028163992869875223,0.8272251308900523,0.005732488352805376
0.028169014084507043,0.8272251308900523,0.005735486745834351
0.028174037089871613,0.8272251308900523,0.005735801998525858
0.028179061886927054,0.8272251308900523,0.005747870076447725
0.02818408847663218,0.8272251308900523,0.0057556116953492165
0.028189116859946475,0.8272251308900523,0.005756699945777655
0.02819414703783012,0.8272251308900523,0.0057577453553676605
0.028199179011243976,0.8272251308900523,0.005758318584412336
0.02820421278114959,0.8272251308900523,0.005759525578469038
0.028209248348509196,0.8272251308900523,0.005759834311902523
0.028214285714285713,0.8272251308900523,0.0057619777508080006
0.02821932487944276,0.8272251308900523,0.005762262269854546
0.028224365844944622,0.8272251308900523,0.005766298621892929
0.0282294086117563,0.8272251308900523,0.005766596179455519
0.028234453180843458,0.8272251308900523,0.005769016686826944
0.028239499553172474,0.8272251308900523,0.005776496138423681
0.028244547729710405,0.8272251308900523,0.00577655341476202
0.028249597711424997,0.8272251308900523,0.005780679173767567
0.028254649499284693,0.8272251308900523,0.005784681532531977
0.02825970309425863,0.8272251308900523,0.005786947440356016
0.028264758497316637,0.8272251308900523,0.0057889726012945175
0.028269815709429234,0.8272251308900523,0.005790284834802151
0.028274874731567645,0.8272251308900523,0.005790421739220619
0.028279935564703776,0.8272251308900523,0.00579108577221632
0.02828499820981024,0.8272251308900523,0.005793653428554535
0.02829006266786034,0.8272251308900523,0.005797700956463814
0.02829512893982808,0.8272251308900523,0.005798984318971634
0.02830019702668816,0.8272251308900523,0.0058077555149793625
0.02830526692941598,0.8272251308900523,0.005810076836496592
0.028310338648987635,0.8272251308900523,0.005812054965645075
0.028315412186379927,0.8272251308900523,0.005812068469822407
0.02832048754257035,0.8272251308900523,0.005815342999994755
0.02832556471853711,0.8272251308900523,0.005816732067614794
0.0283306437152591,0.8272251308900523,0.005816861987113953
0.028335724533715925,0.8272251308900523,0.005821879953145981
0.02834080717488789,0.8272251308900523,0.005823773797601461
0.02834589163975601,0.8272251308900523,0.005827441345900297
0.028350977929301992,0.8272251308900523,0.005828775931149721
0.028356066044508254,0.8272251308900523,0.0058294665068387985
0.028361155986357925,0.8272251308900523,0.005833585746586323
0.02836624775583483,0.8272251308900523,0.005836011376231909
0.028371341353923506,0.8272251308900523,0.005840298719704151
0.028376436781609195,0.8272251308900523,0.005846456624567509
0.02838153403987785,0.8272251308900523,0.005846960935741663
0.028386633129716135,0.8272251308900523,0.005847947672009468
0.02839173405211141,0.8272251308900523,0.0058488850481808186
0.028396836808051763,0.8272251308900523,0.005850933957844973
0.028401941398525976,0.8272251308900523,0.005855837371200323
0.02840704782452355,0.8272251308900523,0.005856883712112904
0.028412156087034707,0.8272251308900523,0.005858494434505701
0.02841726618705036,0.8272251308900523,0.005858616437762976
0.028422378125562153,0.8272251308900523,0.005859252065420151
0.028427491903562432,0.8272251308900523,0.005859863478690386
0.028432607522044268,0.8272251308900523,0.005861061159521341
0.02843772498200144,0.8272251308900523,0.005861489102244377
0.028442844284428444,0.8272251308900523,0.005869051441550255
0.02844796543032049,0.8272251308900523,0.005871578119695187
0.02845308842067351,0.8272251308900523,0.005873766262084246
0.02845821325648415,0.8272251308900523,0.0058754258789122105
0.028463339938749777,0.8272251308900523,0.00587575975805521
0.02846846846846847,0.8272251308900523,0.005875763017684221
0.028473598846639032,0.8272251308900523,0.005890577100217342
0.028478731074260993,0.8272251308900523,0.005894213914871216
0.028483865152334597,0.8272251308900523,0.005895082838833332
0.0284890010818608,0.8272251308900523,0.005895862355828285
0.0284941388638413,0.8272251308900523,0.00589644955471158
0.0284992784992785,0.8272251308900523,0.00590477604418993
0.028504419989175536,0.8272251308900523,0.005908189341425896
0.02850956333453627,0.8272251308900523,0.0059097521007061005
0.02851470853636528,0.8272251308900523,0.0059119937941432
0.02851985559566787,0.8272251308900523,0.005915029440075159
0.02852500451345008,0.8272251308900523,0.0059219361282885075
0.02853015529071867,0.8272251308900523,0.0059232222847640514
0.028535307928481128,0.8272251308900523,0.0059247552417218685
0.028540462427745664,0.8272251308900523,0.005932851694524288
0.028545618789521228,0.8272251308900523,0.005934047047048807
0.02855077701481749,0.8272251308900523,0.005934114567935467
0.02855593710464486,0.8272251308900523,0.005942268762737513
0.02856109906001446,0.8272251308900523,0.005944379139691591
0.028566262881938167,0.8272251308900523,0.005947636906057596
0.02857142857142857,0.8272251308900523,0.005949275102466345
0.028576596129499005,0.8272251308900523,0.005949430633336306
0.028581765557163533,0.8272251308900523,0.005951717495918274
0.028586936855436947,0.8272251308900523,0.005956168286502361
0.02859211002533478,0.8272251308900523,0.005956603214144707
0.028597285067873304,0.8272251308900523,0.005958989262580872
0.028602461984069516,0.8272251308900523,0.005959198344498873
0.028607640774941157,0.8272251308900523,0.005959681235253811
0.0286128214415067,0.8272251308900523,0.00596360070630908
0.028618003984785364,0.8272251308900523,0.0059647513553500175
0.0286231884057971,0.8272251308900523,0.005973680876195431
0.028628374705562603,0.8272251308900523,0.005977022927254438
0.028633562885103298,0.8272251308900523,0.005981228780001402
0.028638752945441364,0.8272251308900523,0.005981937516480684
0.02864394488759971,0.8272251308900523,0.0059847054071724415
0.028649138712601996,0.8272251308900523,0.005990463308990002
0.028654334421472614,0.8272251308900523,0.005993192549794912
0.028659532015236713,0.8272251308900523,0.005996443331241608
0.028664731494920173,0.8272251308900523,0.005997324828058481
0.028488477590273998,0.8219895287958116,0.005999380256980658
0.028493647912885663,0.8219895287958116,0.005999692715704441
0.02849882011254311,0.8219895287958116,0.006000145338475704
0.0285039941902687,0.8219895287958116,0.006003496237099171
0.028509170147085528,0.8219895287958116,0.006012411788105965
0.028332727933163823,0.8167539267015707,0.006019754335284233
0.028337874659400544,0.8167539267015707,0.006020290777087212
0.028343023255813952,0.8167539267015707,0.006020630244165659
0.028348173723423586,0.8167539267015707,0.006020750384777784
0.028353326063249727,0.8167539267015707,0.006023795809596777
0.028358480276313398,0.8167539267015707,0.006027234252542257
0.028363636363636365,0.8167539267015707,0.0060364739038050175
0.028368794326241134,0.8167539267015707,0.006038459949195385
0.028373954165150966,0.8167539267015707,0.006041151005774736
0.028384279475982533,0.8167539267015707,0.006041689310222864
0.028389444949954504,0.8167539267015707,0.006042995490133762
0.028394612304332,0.8167539267015707,0.006046470254659653
0.028399781540142,0.8167539267015707,0.0060470690950751305
0.028404952658412235,0.8167539267015707,0.006047671195119619
0.02841012566017119,0.8167539267015707,0.006048867013305426
0.028233151183970857,0.8115183246073299,0.006050067953765392
0.028238294771360903,0.8115183246073299,0.006051826290786266
0.02824858757062147,0.8115183246073299,0.006052657961845398
0.02825373678454247,0.8115183246073299,0.006055150646716356
0.028258887876025523,0.8115183246073299,0.006055549718439579
0.028264040846097738,0.8115183246073299,0.006056683603674173
0.028269195695786977,0.8115183246073299,0.00605699373409152
0.028274352426121852,0.8115183246073299,0.006062036845833063
0.028279511038131727,0.8115183246073299,0.00606416305527091
0.028284671532846715,0.8115183246073299,0.00606868602335453
0.028289833911297683,0.8115183246073299,0.0060762520879507065
0.028294998174516247,0.8115183246073299,0.006081936880946159
0.02830016432353478,0.8115183246073299,0.00608224468305707
0.028305332359386412,0.8115183246073299,0.006085505709052086
0.028310502283105023,0.8115183246073299,0.0060860514640808105
0.028315674095725246,0.8115183246073299,0.006088154390454292
0.028320847798282478,0.8115183246073299,0.006089101079851389
0.028326023391812866,0.8115183246073299,0.006089810747653246
0.028331200877353316,0.8115183246073299,0.006094901356846094
0.0283363802559415,0.8115183246073299,0.0060960594564676285
0.028341561528615836,0.8115183246073299,0.00609791511669755
0.02834674469641551,0.8115183246073299,0.0060989027842879295
0.028169014084507043,0.806282722513089,0.006100114434957504
0.028174167581412366,0.806282722513089,0.006102824117988348
0.02817932296431839,0.806282722513089,0.006107884459197521
0.028184480234260616,0.806282722513089,0.006114916875958443
0.028189639392275305,0.806282722513089,0.006123689468950033
0.028194800439399488,0.806282722513089,0.006126017309725285
0.02819996337667094,0.806282722513089,0.0061270627193152905
0.028205128205128206,0.806282722513089,0.00612918846309185
0.028210294925810588,0.806282722513089,0.006130147259682417
0.028215463539758154,0.806282722513089,0.006138656288385391
0.028220634048011728,0.806282722513089,0.006139363627880812
0.028225806451612902,0.806282722513089,0.00614084443077445
0.028230980751604032,0.806282722513089,0.006147742737084627
0.028236156949028236,0.806282722513089,0.006150350905954838
0.028241335044929396,0.806282722513089,0.006153280846774578
0.028246515040352166,0.806282722513089,0.006161868572235107
0.028251696936341955,0.806282722513089,0.006165508180856705
0.028256880733944955,0.806282722513089,0.00616595521569252
0.028262066434208113,0.806282722513089,0.006166416686028242
0.02826725403817915,0.806282722513089,0.0061675505712628365
0.028272443546906553,0.806282722513089,0.006167963147163391
0.028277634961439587,0.806282722513089,0.006175333168357611
0.028282828282828285,0.806282722513089,0.006175456568598747
0.02828802351212344,0.806282722513089,0.006177965085953474
0.028293220650376632,0.806282722513089,0.00617962796241045
0.028298419698640206,0.806282722513089,0.006181830074638128
0.028303620657967286,0.806282722513089,0.006188102997839451
0.028308823529411765,0.806282722513089,0.00619027903303504
0.028314028314028315,0.806282722513089,0.006193110253661871
0.02831923501287238,0.806282722513089,0.006193365901708603
0.028324443627000186,0.806282722513089,0.006194202695041895
0.02832965415746873,0.806282722513089,0.006195215042680502
0.028334866605335785,0.806282722513089,0.006196973845362663
0.02834008097165992,0.806282722513089,0.006197349634021521
0.02834529725750046,0.806282722513089,0.0061994679272174835
0.028350515463917526,0.806282722513089,0.006209525745362043
0.028355735591972013,0.806282722513089,0.006211309693753719
0.028360957642725598,0.806282722513089,0.006217991467565298
0.028366181617240745,0.806282722513089,0.006218298338353634
0.028371407516580693,0.806282722513089,0.0062202755361795425
0.02837663534180947,0.806282722513089,0.00622906256467104
0.02838186509399189,0.806282722513089,0.006230565253645182
0.02838709677419355,0.806282722513089,0.0062325200997292995
0.028392330383480827,0.806282722513089,0.006233060732483864
0.028397565922920892,0.806282722513089,0.0062334355898201466
0.028402803393581703,0.806282722513089,0.006234156433492899
0.028408042796532005,0.806282722513089,0.006238115951418877
0.02841328413284133,0.806282722513089,0.006242214702069759
0.028418527403579995,0.806282722513089,0.006242696661502123
0.028423772609819122,0.806282722513089,0.006247499492019415
0.028429019752630607,0.806282722513089,0.006249069236218929
0.02843426883308715,0.806282722513089,0.006249421276152134
0.028439519852262233,0.806282722513089,0.0062636989168822765
0.028444772811230146,0.806282722513089,0.006263877730816603
0.028450027711065952,0.806282722513089,0.006267591845244169
0.028455284552845527,0.806282722513089,0.006273905746638775
0.028460543337645538,0.806282722513089,0.006276623345911503
0.028465804066543438,0.806282722513089,0.006277507171034813
0.028286189683860232,0.8010471204188482,0.006277572829276323
0.028291420118343194,0.8010471204188482,0.006279080640524626
0.028296652487516182,0.8010471204188482,0.00627950020134449
0.02830188679245283,0.8010471204188482,0.006281187292188406
0.02830712303422757,0.8010471204188482,0.006283842958509922
0.02831236121391562,0.8010471204188482,0.006285334937274456
0.028317601332593003,0.8010471204188482,0.0062892078422009945
0.028322843391336543,0.8010471204188482,0.006291544530540705
0.028328087391223847,0.8010471204188482,0.0062954300083220005
0.028333333333333332,0.8010471204188482,0.0063014645129442215
0.028338581218744212,0.8010471204188482,0.006303008645772934
0.028343831048536494,0.8010471204188482,0.00631472934037447
0.028349082823790995,0.8010471204188482,0.006318111438304186
0.028354336545589325,0.8010471204188482,0.006319255568087101
0.028359592215013902,0.8010471204188482,0.006322202272713184
0.02836484983314794,0.8010471204188482,0.006322918459773064
0.02837010940107547,0.8010471204188482,0.0063244677148759365
0.028375370919881307,0.8010471204188482,0.006327230483293533
0.028380634390651086,0.8010471204188482,0.00633344566449523
0.028385899814471243,0.8010471204188482,0.006335333921015263
0.028391167192429023,0.8010471204188482,0.00633707782253623
0.02839643652561247,0.8010471204188482,0.006344336550682783
0.02840170781511045,0.8010471204188482,0.006345649715512991
0.028406981062012625,0.8010471204188482,0.006346963811665773
0.02841225626740947,0.8010471204188482,0.006347346119582653
0.028417533432392273,0.8010471204188482,0.006348098162561655
0.02842281255805313,0.8010471204188482,0.006348347757011652
0.028428093645484948,0.8010471204188482,0.006348621565848589
0.028433376695781453,0.8010471204188482,0.006356365978717804
0.028438661710037175,0.8010471204188482,0.006356928497552872
0.02844394868934746,0.8010471204188482,0.0063573988154530525
0.02844923763480848,0.8010471204188482,0.00635801674798131
0.0284545285475172,0.8010471204188482,0.00636120093986392
0.028459821428571428,0.8010471204188482,0.006374020129442215
0.028465116279069766,0.8010471204188482,0.0063753919675946236
0.028470413100111648,0.8010471204188482,0.006375965662300587
0.02847571189279732,0.8010471204188482,0.006376158911734819
0.028481012658227847,0.8010471204188482,0.006386000197380781
0.02848631539750512,0.8010471204188482,0.006387119181454182
0.028491620111731845,0.8010471204188482,0.006387403700500727
0.028496926802011546,0.8010471204188482,0.0063925632275640965
0.028502235469448585,0.8010471204188482,0.006394962314516306
0.02850754611514813,0.8010471204188482,0.006398371886461973
0.028512858740216175,0.8010471204188482,0.0064033446833491325
0.028518173345759554,0.8010471204188482,0.006405405234545469
0.028523489932885907,0.8010471204188482,0.006406691856682301
0.02852880850270371,0.8010471204188482,0.006408367771655321
0.028534129056322268,0.8010471204188482,0.006408719811588526
0.028539451594851706,0.8010471204188482,0.006413749884814024
0.028544776119402985,0.8010471204188482,0.006417303346097469
0.02855010263108789,0.8010471204188482,0.006418218370527029
0.02855543113101904,0.8010471204188482,0.006420101039111614
0.028560761620309873,0.8010471204188482,0.006420557852834463
0.02856609410007468,0.8010471204188482,0.006421549245715141
0.02857142857142857,0.8010471204188482,0.0064222789369523525
0.028576765035487485,0.8010471204188482,0.006424339488148689
0.028582103493368205,0.8010471204188482,0.006429668050259352
0.02858744394618834,0.8010471204188482,0.0064382245764136314
0.028592786395066343,0.8010471204188482,0.00644412636756897
0.028598130841121495,0.8010471204188482,0.0064489152282476425
0.02860347728547392,0.8010471204188482,0.006449459120631218
0.02860882572924458,0.8010471204188482,0.006449590902775526
0.028614176173555265,0.8010471204188482,0.006452460307627916
0.02861952861952862,0.8010471204188482,0.0064554475247859955
0.02862488306828812,0.8010471204188482,0.006463618483394384
0.028630239520958084,0.8010471204188482,0.006468204315751791
0.028635597978663673,0.8010471204188482,0.006469282787293196
0.028640958442530888,0.8010471204188482,0.006471729371696711
0.028646320913686577,0.8010471204188482,0.006472210865467787
0.028651685393258425,0.8010471204188482,0.006473615299910307
0.028657051882374978,0.8010471204188482,0.006478011142462492
0.028662420382165606,0.8010471204188482,0.00647862209007144
0.02866779089376054,0.8010471204188482,0.006478812545537949
0.028673163418290855,0.8010471204188482,0.006480718497186899
0.028491096532333646,0.7958115183246073,0.006483169272542
0.028496437945256844,0.7958115183246073,0.006484422367066145
0.028501781361335084,0.7958115183246073,0.006493973545730114
0.028507126781695424,0.7958115183246073,0.00649492722004652
0.028512474207465766,0.7958115183246073,0.006496804766356945
0.02851782363977486,0.7958115183246073,0.00650001922622323
0.0285231750797523,0.7958115183246073,0.006502898875623941
0.028528528528528527,0.7958115183246073,0.006505872122943401
0.028533883987234842,0.7958115183246073,0.006507049780339003
0.02853924145700338,0.7958115183246073,0.00651144701987505
0.028544600938967137,0.7958115183246073,0.006515686400234699
0.028549962434259956,0.7958115183246073,0.0065215881913900375
0.02855532594401653,0.7958115183246073,0.006521875038743019
0.028560691469372415,0.7958115183246073,0.006522539537400007
0.02856605901146401,0.7958115183246073,0.006524279247969389
0.02857142857142857,0.7958115183246073,0.006524711847305298
0.028576800150404213,0.7958115183246073,0.006525170058012009
0.0285821737495299,0.7958115183246073,0.006527769844979048
0.028587549369945457,0.7958115183246073,0.006528363097459078
0.028592927012791574,0.7958115183246073,0.006530878599733114
0.028598306679209783,0.7958115183246073,0.006533385254442692
0.02860368837034249,0.7958115183246073,0.006533988285809755
0.028609072087332956,0.7958115183246073,0.006534059066325426
0.0286144578313253,0.7958115183246073,0.006537639070302248
0.02861984560346451,0.7958115183246073,0.006538651417940855
0.02862523540489642,0.7958115183246073,0.006545925512909889
0.028630627236767753,0.7958115183246073,0.006558433640748262
0.028636021100226075,0.7958115183246073,0.006559909787029028
0.028641416996419825,0.7958115183246073,0.006567860022187233
0.028646814926498305,0.7958115183246073,0.006568943150341511
0.028652214891611686,0.7958115183246073,0.006570810452103615
0.02865761689291101,0.7958115183246073,0.006573846098035574
0.02866302093154818,0.7958115183246073,0.0065741389989852905
0.028668427008675973,0.7958115183246073,0.006576661951839924
0.02867383512544803,0.7958115183246073,0.006583026144653559
0.028679245283018868,0.7958115183246073,0.006587477400898933
0.028684657482543875,0.7958115183246073,0.006592300720512867
0.028690071725179313,0.7958115183246073,0.006595296319574118
0.02869548801208231,0.7958115183246073,0.006595764774829149
0.028700906344410877,0.7958115183246073,0.006601015571504831
0.02870632672332389,0.7958115183246073,0.006610474549233913
0.02871174914998111,0.7958115183246073,0.006613851059228182
0.02871717362554317,0.7958115183246073,0.006614690646529198
0.02872260015117158,0.7958115183246073,0.006615862715989351
0.028539028539028538,0.7905759162303665,0.006618536543101072
0.028544423440453687,0.7905759162303665,0.006618815008550882
0.02854982038192475,0.7905759162303665,0.006623328197747469
0.028555219364599094,0.7905759162303665,0.00662496592849493
0.028560620389634955,0.7905759162303665,0.006625032518059015
0.02856602345819145,0.7905759162303665,0.006625295616686344
0.02857142857142857,0.7905759162303665,0.006631977390497923
0.02857683573050719,0.7905759162303665,0.006632301025092602
0.02858224493658906,0.7905759162303665,0.006632326170802116
0.028587656190836804,0.7905759162303665,0.006632807198911905
0.028593069494413936,0.7905759162303665,0.0066338879987597466
0.02859848484848485,0.7905759162303665,0.006637514568865299
0.028603902254214813,0.7905759162303665,0.006640197243541479
0.02860932171276999,0.7905759162303665,0.006640883162617683
0.028614743225317416,0.7905759162303665,0.006643163971602917
0.02862016679302502,0.7905759162303665,0.006645823363214731
0.028625592417061613,0.7905759162303665,0.006646037567406893
0.02863102009859689,0.7905759162303665,0.006647501140832901
0.028636449838801443,0.7905759162303665,0.0066492557525634766
0.028641881638846737,0.7905759162303665,0.0066506946459412575
0.02864731549990514,0.7905759162303665,0.006651347037404776
0.028652751423149905,0.7905759162303665,0.006651895120739937
0.02865818940975517,0.7905759162303665,0.006652450188994408
0.028663629460895977,0.7905759162303665,0.006653386168181896
0.028669071577748242,0.7905759162303665,0.006655992474406958
0.028674515761488797,0.7905759162303665,0.0066561345010995865
0.028679962013295347,0.7905759162303665,0.006659127306193113
0.028685410334346503,0.7905759162303665,0.00665940809994936
0.028690860725821776,0.7905759162303665,0.0066626230254769325
0.02869631318890156,0.7905759162303665,0.006663257256150246
0.028701767724767156,0.7905759162303665,0.00666517298668623
0.02870722433460076,0.7905759162303665,0.0066699986346066
0.02871268301958547,0.7905759162303665,0.006674901116639376
0.028718143780905286,0.7905759162303665,0.0066765956580638885
0.0287236066197451,0.7905759162303665,0.006677320227026939
0.028729071537290714,0.7905759162303665,0.006677357479929924
0.02873453853472883,0.7905759162303665,0.006678161211311817
0.02874000761324705,0.7905759162303665,0.006679011974483728
0.028745478774033887,0.7905759162303665,0.006681268569082022
0.02875095201827875,0.7905759162303665,0.006685301195830107
0.028756427347171966,0.7905759162303665,0.006697271019220352
0.028761904761904763,0.7905759162303665,0.006699196994304657
0.02876738426366927,0.7905759162303665,0.006713223643600941
0.028772865853658538,0.7905759162303665,0.006722244434058666
0.028778349533066513,0.7905759162303665,0.0067313495092093945
0.028783835303088066,0.7905759162303665,0.006732242647558451
0.02878932316491897,0.7905759162303665,0.006734997965395451
0.028794813119755912,0.7905759162303665,0.006738338153809309
0.02880030516879649,0.7905759162303665,0.0067407614551484585
0.028805799313239223,0.7905759162303665,0.006742443889379501
0.028811295554283533,0.7905759162303665,0.006743213627487421
0.028816793893129772,0.7905759162303665,0.006746689788997173
0.028822294330979194,0.7905759162303665,0.006746916100382805
0.028827796869033983,0.7905759162303665,0.0067498753778636456
0.028833301508497233,0.7905759162303665,0.006753943394869566
0.028838808250572955,0.7905759162303665,0.006754384841769934
0.028844317096466093,0.7905759162303665,0.00675590755417943
0.028849828047382498,0.7905759162303665,0.00675982516258955
0.02885534110452895,0.7905759162303665,0.006759953685104847
0.02886085626911315,0.7905759162303665,0.006760785821825266
0.02886637354234372,0.7905759162303665,0.006763232406228781
0.02887189292543021,0.7905759162303665,0.006763251964002848
0.028877414419583095,0.7905759162303665,0.006769299041479826
0.02888293802601377,0.7905759162303665,0.006775373592972755
0.02888846374593457,0.7905759162303665,0.006777530070394278
0.028893991580558744,0.7905759162303665,0.006778095383197069
0.028899521531100477,0.7905759162303665,0.006778695620596409
0.028905053598774884,0.7905759162303665,0.00677869888022542
0.02891058778479801,0.7905759162303665,0.006778907962143421
0.028916124090386824,0.7905759162303665,0.006785418372601271
0.02892166251675924,0.7905759162303665,0.006790234241634607
0.028927203065134098,0.7905759162303665,0.006790797226130962
0.028932745736731175,0.7905759162303665,0.0067981816828250885
0.028938290532771176,0.7905759162303665,0.0067993951961398125
0.028943837454475752,0.7905759162303665,0.006799505557864904
0.028949386503067484,0.7905759162303665,0.006801979150623083
0.028954937679769893,0.7905759162303665,0.006802716758102179
0.02896049098580744,0.7905759162303665,0.006803218740969896
0.028966046422405526,0.7905759162303665,0.006806445308029652
0.028971603990790483,0.7905759162303665,0.0068124146200716496
0.028977163692189598,0.7905759162303665,0.006814082618802786
0.028982725527831096,0.7905759162303665,0.00681566447019577
0.028988289498944136,0.7905759162303665,0.0068299779668450356
0.028993855606758833,0.7905759162303665,0.006831863895058632
0.028999423852506243,0.7905759162303665,0.00683419406414032
0.029004994237418362,0.7905759162303665,0.006834482308477163
0.029010566762728146,0.7905759162303665,0.006837408524006605
0.029016141429669486,0.7905759162303665,0.006838985253125429
0.029021718239477225,0.7905759162303665,0.006846630480140448
0.029027297193387157,0.7905759162303665,0.006846928503364325
0.02903287829263603,0.7905759162303665,0.00684785284101963
0.029038461538461537,0.7905759162303665,0.006851726211607456
0.029044046932102326,0.7905759162303665,0.006854114588350058
0.029049634474798,0.7905759162303665,0.006856828927993774
0.02905522416778911,0.7905759162303665,0.006857201922684908
0.029060816012317168,0.7905759162303665,0.00686963414773345
0.02906641000962464,0.7905759162303665,0.006877567153424025
0.029072006160954948,0.7905759162303665,0.0068803224712610245
0.029077604467552476,0.7905759162303665,0.006884654052555561
0.02908320493066256,0.7905759162303665,0.006886565592139959
0.029088807551531495,0.7905759162303665,0.006888003554195166
0.02909441233140655,0.7905759162303665,0.0068915304727852345
0.02910001927153594,0.7905759162303665,0.0068921796046197414
0.02910562837316885,0.7905759162303665,0.006894334685057402
0.02891844997108155,0.7853403141361257,0.006894465070217848
0.028924026224450443,0.7853403141361257,0.0068952776491642
0.02892960462873674,0.7853403141361257,0.0068976194597780704
0.028935185185185185,0.7853403141361257,0.006901488173753023
0.02894076789504148,0.7853403141361257,0.006905888207256794
0.028946352759552298,0.7853403141361257,0.006913478951901197
0.02895193977996526,0.7853403141361257,0.0069170682691037655
0.02895752895752896,0.7853403141361257,0.006917232181876898
0.02896312029349295,0.7853403141361257,0.006921494845300913
0.028968713789107765,0.7853403141361257,0.006927525158971548
0.02897430944562488,0.7853403141361257,0.00692871306091547
0.028979907264296754,0.7853403141361257,0.006932096090167761
0.028985507246376812,0.7853403141361257,0.006932477001100779
0.028991109393119444,0.7853403141361257,0.006936375051736832
0.02899671370578001,0.7853403141361257,0.006936430465430021
0.029002320185614848,0.7853403141361257,0.006940961349755526
0.02900792883388126,0.7853403141361257,0.006942210253328085
0.029013539651837523,0.7853403141361257,0.006952684838324785
0.02901915264074289,0.7853403141361257,0.006959348917007446
0.029024767801857584,0.7853403141361257,0.006960967089980841
0.02903038513644281,0.7853403141361257,0.006964211352169514
0.029036004645760744,0.7853403141361257,0.006965183652937412
0.02904162633107454,0.7853403141361257,0.00696716969832778
0.029047250193648334,0.7853403141361257,0.006967492867261171
0.02905287623474724,0.7853403141361257,0.006969766225665808
0.02905850445563735,0.7853403141361257,0.006969895213842392
0.02906413485758574,0.7853403141361257,0.006972816307097673
0.029069767441860465,0.7853403141361257,0.006974523887038231
0.029075402209730566,0.7853403141361257,0.006979495752602816
0.02908103916246607,0.7853403141361257,0.006985271815210581
0.029086678301337987,0.7853403141361257,0.0069871339946985245
0.02909231962761831,0.7853403141361257,0.006988477427512407
0.029097963142580018,0.7853403141361257,0.006991029251366854
0.02910360884749709,0.7853403141361257,0.006991036236286163
0.02910925674364448,0.7853403141361257,0.006991489790380001
0.029114906832298136,0.7853403141361257,0.006994820665568113
0.029120559114735003,0.7853403141361257,0.006994850467890501
0.02912621359223301,0.7853403141361257,0.006995671894401312
0.029131870266071083,0.7853403141361257,0.006998348515480757
0.029137529137529136,0.7853403141361257,0.007001639809459448
0.02914319020788809,0.7853403141361257,0.007005632854998112
0.029148853478429847,0.7853403141361257,0.0070068431086838245
0.029154518950437316,0.7853403141361257,0.0070078554563224316
0.028965785381026437,0.7801047120418848,0.007009461522102356
0.028971417460626092,0.7801047120418848,0.00701477425172925
0.028977051730844028,0.7801047120418848,0.007015621289610863
0.02898268819295857,0.7801047120418848,0.007017594296485186
0.02898832684824903,0.7801047120418848,0.007024130318313837
0.02899396769799572,0.7801047120418848,0.007025247905403376
0.028999610743479953,0.7801047120418848,0.007028115913271904
0.029005255985984038,0.7801047120418848,0.007028335239738226
0.029010903426791277,0.7801047120418848,0.007032562512904406
0.02901655306718598,0.7801047120418848,0.00703703286126256
0.029022204908453447,0.7801047120418848,0.007044690195471048
0.02902785895187999,0.7801047120418848,0.007045821286737919
0.029033515198752923,0.7801047120418848,0.007046351209282875
0.029039173650360555,0.7801047120418848,0.007050289306789637
0.029044834307992203,0.7801047120418848,0.007052031811326742
0.029050497172938193,0.7801047120418848,0.00705294031649828
0.02905616224648986,0.7801047120418848,0.007054029032588005
0.029061829529939538,0.7801047120418848,0.007056147325783968
0.02906749902458057,0.7801047120418848,0.007057259790599346
0.02907317073170732,0.7801047120418848,0.007057273294776678
0.029078844652615145,0.7801047120418848,0.0070587098598480225
0.02908452078860043,0.7801047120418848,0.007062283344566822
0.029090199140960563,0.7801047120418848,0.0070632100105285645
0.029095879710993946,0.7801047120418848,0.007065370213240385
0.0291015625,0.7801047120418848,0.007067856378853321
0.029107247509279156,0.7801047120418848,0.007069496437907219
0.029112934740132865,0.7801047120418848,0.007069660350680351
0.02911862419386359,0.7801047120418848,0.00707446550950408
0.029124315871774824,0.7801047120418848,0.007077259011566639
0.028934506353861193,0.774869109947644,0.007080124691128731
0.02894016425498631,0.774869109947644,0.007080594543367624
0.02894582436925484,0.774869109947644,0.007083155680447817
0.028951486697965573,0.774869109947644,0.007084259297698736
0.028957151242418315,0.774869109947644,0.007084360346198082
0.028962818003913895,0.774869109947644,0.007086614146828651
0.02896848698375416,0.774869109947644,0.007086640689522028
0.028974158183241974,0.774869109947644,0.007087402511388063
0.02897983160368122,0.774869109947644,0.007087557576596737
0.028789659224441832,0.7696335078534031,0.007089573889970779
0.028795298726738493,0.7696335078534031,0.00709112174808979
0.028800940438871474,0.7696335078534031,0.0070920721627771854
0.02880658436213992,0.7696335078534031,0.007095833774656057
0.028812230497843982,0.7696335078534031,0.007099940441548824
0.028817878847284845,0.7696335078534031,0.0071070194244384766
0.028823529411764706,0.7696335078534031,0.007109479513019323
0.02882918219258678,0.7696335078534031,0.007110098842531443
0.028834837191055316,0.7696335078534031,0.007111165672540665
0.028644300568962135,0.7643979057591623,0.007111664395779371
0.028649921507064365,0.7643979057591623,0.0071129570715129375
0.028655544651619236,0.7643979057591623,0.007116889115422964
0.02866117000392619,0.7643979057591623,0.007121381349861622
0.028666797565285687,0.7643979057591623,0.007131057325750589
0.028672427336999214,0.7643979057591623,0.007134083192795515
0.02867805932036928,0.7643979057591623,0.00713478634133935
0.028683693516699412,0.7643979057591623,0.007135224994271994
0.028492827667518178,0.7591623036649214,0.007140233181416988
0.028498427672955975,0.7591623036649214,0.007140270434319973
0.028504029880086493,0.7591623036649214,0.007140368223190308
0.028509634290208415,0.7591623036649214,0.007141710724681616
0.028515240904621434,0.7591623036649214,0.0071466281078755856
0.02852084972462628,0.7591623036649214,0.007146868854761124
0.02852646075152469,0.7591623036649214,0.007156006060540676
0.02853207398661944,0.7591623036649214,0.007157961837947369
0.028537689431214326,0.7591623036649214,0.007163395639508963
0.028543307086614175,0.7591623036649214,0.007166418246924877
0.028548926954124827,0.7591623036649214,0.007167171686887741
0.02855454903505317,0.7591623036649214,0.0071679819375276566
0.028560173330707112,0.7591623036649214,0.007170857395976782
0.028565799842395587,0.7591623036649214,0.007172724697738886
0.02857142857142857,0.7591623036649214,0.007187051698565483
0.028577059519117067,0.7591623036649214,0.00718833738937974
0.028582692686773114,0.7591623036649214,0.007199365179985762
0.02858832807570978,0.7591623036649214,0.007201945874840021
0.028593965687241176,0.7591623036649214,0.007203281857073307
0.028599605522682446,0.7591623036649214,0.007203629706054926
0.02860524758334977,0.7591623036649214,0.007205990143120289
0.02861089187056038,0.7591623036649214,0.0072086104191839695
0.028616538385632523,0.7591623036649214,0.00721172709017992
0.028622187129885512,0.7591623036649214,0.0072124130092561245
0.028627838104639685,0.7591623036649214,0.007219122257083654
0.028633491311216428,0.7591623036649214,0.007219261955469847
0.02863914675093818,0.7591623036649214,0.007222106214612722
0.028644804425128408,0.7591623036649214,0.007226014509797096
0.028650464335111637,0.7591623036649214,0.007228700444102287
0.02865612648221344,0.7591623036649214,0.007234788034111261
0.028661790867760426,0.7591623036649214,0.007236037869006395
0.028667457493080268,0.7591623036649214,0.007238199934363365
0.028673126359501682,0.7591623036649214,0.007239303085952997
0.02867879746835443,0.7591623036649214,0.007240920327603817
0.028684470820969338,0.7591623036649214,0.0072412979789078236
0.028690146418678276,0.7591623036649214,0.0072453985922038555
0.02869582426281417,0.7591623036649214,0.007245559711009264
0.028701504354711006,0.7591623036649214,0.007252391893416643
0.02870718669570382,0.7591623036649214,0.007252770010381937
0.028712871287128714,0.7591623036649214,0.007257687859237194
0.028718558130322838,0.7591623036649214,0.0072579458355903625
0.028724247226624405,0.7591623036649214,0.007258227095007896
0.0287299385773727,0.7591623036649214,0.007267375476658344
0.028735632183908046,0.7591623036649214,0.007277066353708506
0.028741328047571853,0.7591623036649214,0.007278155069798231
0.02874702616970658,0.7591623036649214,0.007278940640389919
0.028752726551655762,0.7591623036649214,0.007280784193426371
0.02875842919476398,0.7591623036649214,0.0072828177362680435
0.02876413410037691,0.7591623036649214,0.007283255457878113
0.028769841269841268,0.7591623036649214,0.007284189574420452
0.02877555070450486,0.7591623036649214,0.007292407564818859
0.028781262405716553,0.7591623036649214,0.007296358235180378
0.028786976374826287,0.7591623036649214,0.007298838347196579
0.028792692613185067,0.7591623036649214,0.007299753837287426
0.028798411122144985,0.7591623036649214,0.007303220685571432
0.028804131903059197,0.7591623036649214,0.007307646796107292
0.02880985495728194,0.7591623036649214,0.007309228181838989
0.02881558028616852,0.7591623036649214,0.00731934467330575
0.028821307891075332,0.7591623036649214,0.007320082280784845
0.02882703777335984,0.7591623036649214,0.00732633238658309
0.02883276993438059,0.7591623036649214,0.007330200169235468
0.028838504375497214,0.7591623036649214,0.007331147324293852
0.02884424109807042,0.7591623036649214,0.007331601809710264
0.028849980103461997,0.7591623036649214,0.007333368994295597
0.028855721393034824,0.7591623036649214,0.007333788089454174
0.028861464968152867,0.7591623036649214,0.007338302209973335
0.028867210830181168,0.7591623036649214,0.007338347379118204
0.028872958980485863,0.7591623036649214,0.007339407689869404
0.028878709420434176,0.7591623036649214,0.007346418220549822
0.02888446215139442,0.7591623036649214,0.007346536032855511
0.028890217174736003,0.7591623036649214,0.007349109277129173
0.028895974491829415,0.7591623036649214,0.0073522343300282955
0.028901734104046242,0.7591623036649214,0.007357289083302021
0.02890749601275917,0.7591623036649214,0.007357369177043438
0.028913260219341975,0.7591623036649214,0.007361716125160456
0.028919026725169526,0.7591623036649214,0.007364462595432997
0.028924795531617795,0.7591623036649214,0.007365190889686346
0.028930566640063847,0.7591623036649214,0.00736594432964921
0.02893634005188585,0.7591623036649214,0.007372923661023378
0.028942115768463075,0.7591623036649214,0.00737380376085639
0.028947893791175884,0.7591623036649214,0.007374916225671768
0.028953674121405752,0.7591623036649214,0.007377517409622669
0.02895945676053525,0.7591623036649214,0.007379532791674137
0.02896524170994806,0.7591623036649214,0.007380106020718813
0.028971028971028972,0.7591623036649214,0.007382974494248629
0.02897681854516387,0.7591623036649214,0.007389445323497057
0.028982610433739755,0.7591623036649214,0.007396408822387457
0.02898840463814474,0.7591623036649214,0.00740062864497304
0.028994201159768047,0.7591623036649214,0.007415073458105326
0.029,0.7591623036649214,0.007416256703436375
0.029005801160232048,0.7591623036649214,0.00743246590718627
0.02901160464185674,0.7591623036649214,0.007443763315677643
0.02901741044626776,0.7591623036649214,0.007455924060195684
0.02902321857485989,0.7591623036649214,0.007456597872078419
0.02902902902902903,0.7591623036649214,0.007458503823727369
0.029034841810172206,0.7591623036649214,0.007464094087481499
0.029040656919687564,0.7591623036649214,0.0074663907289505005
0.02904647435897436,0.7591623036649214,0.007467539515346289
0.02905229412943298,0.7591623036649214,0.007469429634511471
0.02905811623246493,0.7591623036649214,0.00747252069413662
0.02906394066947284,0.7591623036649214,0.007477788254618645
0.029069767441860465,0.7591623036649214,0.007479575928300619
0.029075596551032683,0.7591623036649214,0.007481412496417761
0.02908142799839551,0.7591623036649214,0.00748401926830411
0.029087261785356068,0.7591623036649214,0.007487463299185038
0.02909309791332263,0.7591623036649214,0.007488835137337446
0.029098936383704595,0.7591623036649214,0.007494847755879164
0.029104777197912483,0.7591623036649214,0.0074952878057956696
0.02911062035735796,0.7591623036649214,0.007502211723476648
0.029116465863453816,0.7591623036649214,0.007511743810027838
0.02912231371761398,0.7591623036649214,0.007523267064243555
0.029128163921253516,0.7591623036649214,0.007524804677814245
0.02913401647578863,0.7591623036649214,0.007525132969021797
0.029139871382636656,0.7591623036649214,0.007529404014348984
0.02914572864321608,0.7591623036649214,0.007532856892794371
0.029151588258946523,0.7591623036649214,0.0075353533029556274
0.029157450231248744,0.7591623036649214,0.007535984273999929
0.02916331456154465,0.7591623036649214,0.007541186176240444
0.02916918125125729,0.7591623036649214,0.007542510516941547
0.029175050301810865,0.7591623036649214,0.007542867213487625
0.02918092171463071,0.7591623036649214,0.007548787631094456
0.02918679549114332,0.7591623036649214,0.007548923138529062
0.02899134286289511,0.7539267015706806,0.007550559937953949
0.02899718082964156,0.7539267015706806,0.007550738286226988
0.029003021148036254,0.7539267015706806,0.007551196031272411
0.029008863819500404,0.7539267015706806,0.007552682422101498
0.02901470884545638,0.7539267015706806,0.007555571384727955
0.02902055622732769,0.7539267015706806,0.007556190248578787
0.029026405966539003,0.7539267015706806,0.007556278724223375
0.02903225806451613,0.7539267015706806,0.007561487145721912
0.029038112522686024,0.7539267015706806,0.007565409876406193
0.029043969342476807,0.7539267015706806,0.007566133048385382
0.029049828525317734,0.7539267015706806,0.007572670932859182
0.029055690072639227,0.7539267015706806,0.007574193645268679
0.029061553985872856,0.7539267015706806,0.00757600786164403
0.029067420266451354,0.7539267015706806,0.007584297563880682
0.029073288915808602,0.7539267015706806,0.007589701097458601
0.029079159935379646,0.7539267015706806,0.007589884102344513
0.029085033326600687,0.7539267015706806,0.007594472728669643
0.02909090909090909,0.7539267015706806,0.007596269249916077
0.029096787229743383,0.7539267015706806,0.007596517447382212
0.02910266774454325,0.7539267015706806,0.007599588483572006
0.029108550636749546,0.7539267015706806,0.007601270917803049
0.029114435907804288,0.7539267015706806,0.007602368015795946
0.029120323559150656,0.7539267015706806,0.007607636507600546
0.02912621359223301,0.7539267015706806,0.007617460563778877
0.029132106008496864,0.7539267015706806,0.007619389332830906
0.02913800080938891,0.7539267015706806,0.00762196397408843
0.029143897996357013,0.7539267015706806,0.007626032922416925
0.029149797570850202,0.7539267015706806,0.007626791018992662
0.029155699534318687,0.7539267015706806,0.007627999875694513
0.02916160388821385,0.7539267015706806,0.007628649938851595
0.02916751063398825,0.7539267015706806,0.007630123291164637
0.029173419773095625,0.7539267015706806,0.007631567306816578
0.02917933130699088,0.7539267015706806,0.007634829264134169
0.029185245237130116,0.7539267015706806,0.007635136134922504
0.029191161564970605,0.7539267015706806,0.007636136841028929
0.029197080291970802,0.7539267015706806,0.007636993192136288
0.029203001419590348,0.7539267015706806,0.007639508694410324
0.02920892494929006,0.7539267015706806,0.007641255389899015
0.029214850882531954,0.7539267015706806,0.00764263654127717
0.02922077922077922,0.7539267015706806,0.007645591627806425
0.029226709965496245,0.7539267015706806,0.007651472929865122
0.029232643118148598,0.7539267015706806,0.007656529080122709
0.029238578680203044,0.7539267015706806,0.007661701180040836
0.029041429731925264,0.7486910994764397,0.007663111202418804
0.028844200690635792,0.743455497382199,0.007666382472962141
0.028850060950832996,0.743455497382199,0.007668327074497938
0.02865271286323918,0.7382198952879581,0.007670667953789234
0.028658536585365855,0.7382198952879581,0.007671564817428589
0.028664362675340515,0.7382198952879581,0.007674875669181347
0.028670191134607562,0.7382198952879581,0.007677240297198296
0.02867602196461257,0.7382198952879581,0.007677327375859022
0.02868185516680228,0.7382198952879581,0.0076786973513662815
0.02868769074262462,0.7382198952879581,0.007683632429689169
0.028693528693528692,0.7382198952879581,0.007686785887926817
0.028699369020964788,0.7382198952879581,0.007687832694500685
0.028705211726384364,0.7382198952879581,0.007687884382903576
0.028711056811240074,0.7382198952879581,0.007688444573432207
0.028716904276985745,0.7382198952879581,0.0076901731081306934
0.02872275412507639,0.7382198952879581,0.007693873718380928
0.028728606356968216,0.7382198952879581,0.0076970672234892845
0.028734460974118605,0.7382198952879581,0.007700404152274132
0.028740317977986138,0.7382198952879581,0.007701285649091005
0.02874617737003058,0.7382198952879581,0.0077032726258039474
0.02875203915171289,0.7382198952879581,0.007707873359322548
0.028757903324495206,0.7382198952879581,0.007708697579801083
0.02876376988984088,0.7382198952879581,0.007713659666478634
0.028769638849214445,0.7382198952879581,0.007716463413089514
0.028775510204081634,0.7382198952879581,0.00771656958386302
0.02878138395590937,0.7382198952879581,0.00771715771406889
0.028787260106165783,0.7382198952879581,0.007721200585365295
0.028793138656320195,0.7382198952879581,0.007721744943410158
0.028799019607843136,0.7382198952879581,0.0077225700952112675
0.028804902962206332,0.7382198952879581,0.0077226473949849606
0.028810788720882715,0.7382198952879581,0.007730620913207531
0.028816676885346414,0.7382198952879581,0.007732826750725508
0.028822567457072772,0.7382198952879581,0.007732910569757223
0.028828460437538336,0.7382198952879581,0.007733082864433527
0.028629856850715747,0.7329842931937173,0.007739532273262739
0.028635712824708528,0.7329842931937173,0.0077398731373250484
0.028641571194762683,0.7329842931937173,0.007740715518593788
0.02864743196234909,0.7329842931937173,0.007745357230305672
0.02865329512893983,0.7329842931937173,0.007748403120785952
0.028659160696008188,0.7329842931937173,0.007752392906695604
0.028665028665028666,0.7329842931937173,0.007752950303256512
0.028670899037476962,0.7329842931937173,0.007753420155495405
0.02867677181482999,0.7329842931937173,0.007754179649055004
0.028682646998565868,0.7329842931937173,0.007758554071187973
0.028688524590163935,0.7329842931937173,0.007759397849440575
0.028694404591104734,0.7329842931937173,0.007759405300021172
0.02870028700287003,0.7329842931937173,0.007759508211165667
0.02870617182694279,0.7329842931937173,0.007760165259242058
0.02871205906480722,0.7329842931937173,0.007761965040117502
0.028717948717948718,0.7329842931937173,0.007763344794511795
0.028723840787853918,0.7329842931937173,0.00776361720636487
0.028729735276010672,0.7329842931937173,0.007765310816466808
0.028735632183908046,0.7329842931937173,0.0077708084136247635
0.028741531513036336,0.7329842931937173,0.007778074126690626
0.028747433264887063,0.7329842931937173,0.007787309121340513
0.02875333744095297,0.7329842931937173,0.007788019720464945
0.02875924404272802,0.7329842931937173,0.007792627904564142
0.028765153071707416,0.7329842931937173,0.007793445140123367
0.02877106452938759,0.7329842931937173,0.007796450983732939
0.02877697841726619,0.7329842931937173,0.007798055652529001
0.028782894736842105,0.7329842931937173,0.007798591163009405
0.028788813489615463,0.7329842931937173,0.007803000975400209
0.028794734677087618,0.7329842931937173,0.007804377935826778
0.02880065830076116,0.7329842931937173,0.0078046624548733234
0.02880658436213992,0.7329842931937173,0.007807557936757803
0.028812512862728956,0.7329842931937173,0.007808566093444824
0.02881844380403458,0.7329842931937173,0.007810436654835939
0.02882437718756434,0.7329842931937173,0.007811682298779488
0.028830313014827018,0.7329842931937173,0.007812506519258022
0.028836251287332648,0.7329842931937173,0.00782007910311222
0.0288421920065925,0.7329842931937173,0.007822029292583466
0.0288481351741191,0.7329842931937173,0.007823213934898376
0.028854080791426217,0.7329842931937173,0.007823669351637363
0.02886002886002886,0.7329842931937173,0.00782392080873251
0.0288659793814433,0.7329842931937173,0.00782698579132557
0.02887193235718705,0.7329842931937173,0.007837191224098206
0.028877887788778877,0.7329842931937173,0.007837502285838127
0.028883845677738808,0.7329842931937173,0.007840179838240147
0.028889806025588115,0.7329842931937173,0.007841178216040134
0.02889576883384933,0.7329842931937173,0.007853034883737564
0.028901734104046242,0.7329842931937173,0.00786210224032402
0.028907701837703904,0.7329842931937173,0.007867035456001759
0.028913672036348616,0.7329842931937173,0.007869153283536434
0.028919644701507954,0.7329842931937173,0.00787187460809946
0.028925619834710745,0.7329842931937173,0.00787364412099123
0.028931597437487085,0.7329842931937173,0.007879546843469143
0.028937577511368336,0.7329842931937173,0.007880531251430511
0.02894356005788712,0.7329842931937173,0.007882775738835335
0.028949545078577336,0.7329842931937173,0.007883301004767418
0.028955532574974147,0.7329842931937173,0.007886191830039024
0.028961522548613984,0.7329842931937173,0.007887352257966995
0.028967515001034554,0.7329842931937173,0.007888378575444221
0.028973509933774833,0.7329842931937173,0.00789109617471695
0.028979507348375077,0.7329842931937173,0.007892768830060959
0.028985507246376812,0.7329842931937173,0.007898819632828236
0.028991509629322842,0.7329842931937173,0.00790141336619854
0.02899751449875725,0.7329842931937173,0.007902695797383785
0.0290035218562254,0.7329842931937173,0.00790838710963726
0.029009531703273934,0.7329842931937173,0.007910292595624924
0.029015544041450778,0.7329842931937173,0.007913589477539062
0.02902155887230514,0.7329842931937173,0.007923329249024391
0.02902757619738752,0.7329842931937173,0.007933268323540688
0.02903359601824969,0.7329842931937173,0.007937002927064896
0.029039618336444722,0.7329842931937173,0.00793736707419157
0.029045643153526972,0.7329842931937173,0.007940123789012432
0.029051670471052084,0.7329842931937173,0.0079415924847126
0.029057700290577002,0.7329842931937173,0.007944745011627674
0.029063732613659955,0.7329842931937173,0.007948014885187149
0.029069767441860465,0.7329842931937173,0.007948966696858406
0.029075804776739357,0.7329842931937173,0.007951339706778526
0.029081844619858747,0.7329842931937173,0.007953175343573093
0.02908788697278205,0.7329842931937173,0.007957645691931248
0.029093931837073983,0.7329842931937173,0.007959735579788685
0.02909997921430056,0.7329842931937173,0.007959802635014057
0.029106029106029108,0.7329842931937173,0.007959927432239056
0.02911208151382824,0.7329842931937173,0.007960846647620201
0.029118136439267885,0.7329842931937173,0.007966467179358006
0.029124193883919285,0.7329842931937173,0.007967405021190643
0.029130253849354974,0.7329842931937173,0.007970179431140423
0.029136316337148804,0.7329842931937173,0.007971261627972126
0.029142381348875937,0.7329842931937173,0.007971925660967827
0.029148448886112847,0.7329842931937173,0.007981388829648495
0.029154518950437316,0.7329842931937173,0.00798222329467535
0.02916059154342845,0.7329842931937173,0.007984870113432407
0.029166666666666667,0.7329842931937173,0.007985013537108898
0.029172744321733696,0.7329842931937173,0.007985410280525684
0.02917882451021259,0.7329842931937173,0.007985931821167469
0.02918490723368772,0.7329842931937173,0.007989328354597092
0.029190992493744787,0.7329842931937173,0.007990031503140926
0.029197080291970802,0.7329842931937173,0.00799117237329483
0.02920317062995411,0.7329842931937173,0.007996723987162113
0.029209263509284374,0.7329842931937173,0.007997854612767696
0.02921535893155259,0.7329842931937173,0.00800104159861803
0.029221456898351074,0.7329842931937173,0.008003451861441135
0.029227557411273485,0.7329842931937173,0.008008401840925217
0.029233660471914804,0.7329842931937173,0.008010334335267544
0.029239766081871343,0.7329842931937173,0.008012005127966404
0.029245874242740756,0.7329842931937173,0.008018860593438148
0.029043042206435436,0.7277486910994765,0.008024035021662712
0.029049111807732498,0.7277486910994765,0.008030456490814686
0.029055183946488296,0.7277486910994765,0.008031098172068596
0.029061258624294376,0.7277486910994765,0.008031918667256832
0.02906733584274362,0.7277486910994765,0.008036768063902855
0.029073415603430245,0.7277486910994765,0.008043678477406502
0.02907949790794979,0.7277486910994765,0.008045196533203125
0.02908558275789914,0.7277486910994765,0.008048602379858494
0.029091670154876518,0.7277486910994765,0.008056155405938625
0.029097760100481474,0.7277486910994765,0.008064733818173409
0.029103852596314907,0.7277486910994765,0.008065088652074337
0.029109947643979058,0.7277486910994765,0.008072011172771454
0.029116045245077504,0.7277486910994765,0.008072362281382084
0.029122145401215167,0.7277486910994765,0.008076761849224567
0.029128248113998324,0.7277486910994765,0.008076888509094715
0.029134353385034582,0.7277486910994765,0.008076941594481468
0.029140461215932913,0.7277486910994765,0.008077633567154408
0.02914657160830363,0.7277486910994765,0.008083917200565338
0.028942953020134228,0.7225130890052356,0.00810051616281271
0.0289490245437382,0.7225130890052356,0.008102375082671642
0.028955098615190935,0.7225130890052356,0.008104621432721615
0.028961175236096537,0.7225130890052356,0.008104819804430008
0.028967254408060455,0.7225130890052356,0.008104950189590454
0.02897333613268948,0.7225130890052356,0.008107799105346203
0.02897942041159177,0.7225130890052356,0.008114087395370007
0.028985507246376812,0.7225130890052356,0.008121853694319725
0.028991596638655463,0.7225130890052356,0.008123314008116722
0.02878756041185123,0.7172774869109948,0.008123771287500858
0.028793610760823877,0.7172774869109948,0.008123916573822498
0.02879966365356317,0.7172774869109948,0.008132701739668846
0.028805719091673676,0.7172774869109948,0.008132916875183582
0.028811777076761302,0.7172774869109948,0.00813872367143631
0.02881783761043332,0.7172774869109948,0.008139173500239849
0.028823900694298337,0.7172774869109948,0.008139858953654766
0.02882996632996633,0.7172774869109948,0.008144141174852848
0.02883603451904862,0.7172774869109948,0.008149061352014542
0.028842105263157895,0.7172774869109948,0.008151181042194366
0.02884817856390819,0.7172774869109948,0.008158057928085327
0.02885425442291491,0.7172774869109948,0.008161851204931736
0.028860332841794817,0.7172774869109948,0.008163724094629288
0.028866413822166034,0.7172774869109948,0.008163866586983204
0.02887249736564805,0.7172774869109948,0.008164963684976101
0.02887858347386172,0.7172774869109948,0.008165338076651096
0.028884672148429266,0.7172774869109948,0.008165593259036541
0.028890763390974274,0.7172774869109948,0.00816576648503542
0.028896857203121705,0.7172774869109948,0.008166156709194183
0.02890295358649789,0.7172774869109948,0.00817229226231575
0.028909052542730535,0.7172774869109948,0.008175195194780827
0.02891515407344871,0.7172774869109948,0.00818708911538124
0.02892125818028288,0.7172774869109948,0.008192263543605804
0.028927364864864864,0.7172774869109948,0.008196119219064713
0.028933474128827876,0.7172774869109948,0.008196949027478695
0.028939585973806504,0.7172774869109948,0.008200039155781269
0.028945700401436722,0.7172774869109948,0.008201850578188896
0.028951817413355875,0.7172774869109948,0.008213929831981659
0.028957937011202705,0.7172774869109948,0.008219483308494091
0.028964059196617337,0.7172774869109948,0.008220314979553223
0.02897018397124128,0.7172774869109948,0.008221267722547054
0.02897631133671743,0.7172774869109948,0.008227350190281868
0.02898244129469008,0.7172774869109948,0.008229704573750496
0.028988573846804908,0.7172774869109948,0.008234295062720776
0.028994708994708993,0.7172774869109948,0.008245544508099556
0.029000846740050806,0.7172774869109948,0.008246234618127346
0.029006987084480202,0.7172774869109948,0.008249359205365181
0.029013130029648455,0.7172774869109948,0.008249865844845772
0.028807456047447576,0.7120418848167539,0.008255096152424812
0.0288135593220339,0.7120418848167539,0.008259824477136135
0.028819665183301545,0.7120418848167539,0.008261305280029774
0.028825773632895294,0.7120418848167539,0.00826671440154314
0.02883188467246131,0.7120418848167539,0.008272654376924038
0.02883799830364716,0.7120418848167539,0.008283721283078194
0.028844114528101802,0.7120418848167539,0.008288230746984482
0.028850233347475603,0.7120418848167539,0.008289712481200695
0.028856354763420328,0.7120418848167539,0.008293001912534237
0.028862478777589132,0.7120418848167539,0.008296449668705463
0.028868605391636597,0.7120418848167539,0.008296975865960121
0.028874734607218684,0.7120418848167539,0.008306236006319523
0.02888086642599278,0.7120418848167539,0.008312385529279709
0.02888700084961767,0.7120418848167539,0.00831520464271307
0.028893137879753557,0.7120418848167539,0.008318401873111725
0.02889927751806205,0.7120418848167539,0.008319546468555927
0.028905419766206163,0.7120418848167539,0.008322441950440407
0.02891156462585034,0.7120418848167539,0.008327752351760864
0.02891771209866043,0.7120418848167539,0.008332518860697746
0.0289238621863037,0.7120418848167539,0.008333413861691952
0.02893001489044884,0.7120418848167539,0.008334355428814888
0.02893617021276596,0.7120418848167539,0.008341172710061073
0.028942328154926582,0.7120418848167539,0.0083491001278162
0.02894848871860366,0.7120418848167539,0.00835616234689951
0.028954651905471578,0.7120418848167539,0.008362608961760998
0.028960817717206135,0.7120418848167539,0.008363811299204826
0.02896698615548456,0.7120418848167539,0.008377311751246452
0.028973157221985513,0.7120418848167539,0.008380929008126259
0.02897933091838909,0.7120418848167539,0.008382946252822876
0.028985507246376812,0.7120418848167539,0.008391468785703182
0.028991686207631637,0.7120418848167539,0.008392103016376495
0.028997867803837955,0.7120418848167539,0.008392282761633396
0.029004052036681594,0.7120418848167539,0.008401107974350452
0.02901023890784983,0.7120418848167539,0.008404004387557507
0.029016428419031362,0.7120418848167539,0.008408277295529842
0.029022620571916347,0.7120418848167539,0.0084191570058465
0.029028815368196372,0.7120418848167539,0.008419739082455635
0.029035012809564473,0.7120418848167539,0.00842506717890501
0.02904121289771514,0.7120418848167539,0.00842962134629488
0.029047415634344296,0.7120418848167539,0.008437098003923893
0.029053621021149327,0.7120418848167539,0.008439172059297562
0.02905982905982906,0.7120418848167539,0.008441602811217308
0.02906603975208378,0.7120418848167539,0.00844582635909319
0.02907225309961522,0.7120418848167539,0.008446178399026394
0.029078469104126578,0.7120418848167539,0.0084501001983881
0.0290846877673225,0.7120418848167539,0.008451171219348907
0.02909090909090909,0.7120418848167539,0.008452937006950378
0.029097133076593923,0.7120418848167539,0.008457810617983341
0.029103359726086027,0.7120418848167539,0.008459342643618584
0.02889554794520548,0.7068062827225131,0.008461481891572475
0.028901734104046242,0.7068062827225131,0.008466256782412529
0.028907922912205567,0.7068062827225131,0.008468037471175194
0.028914114371385736,0.7068062827225131,0.008475528098642826
0.02892030848329049,0.7068062827225131,0.0084766186773777
0.028932704672096014,0.7068062827225131,0.008480037562549114
0.028938906752411574,0.7068062827225131,0.00848535168915987
0.028945111492281305,0.7068062827225131,0.00848571676760912
0.028951318893416254,0.7068062827225131,0.008486643433570862
0.02895752895752896,0.7068062827225131,0.008489665575325489
0.028963741686333404,0.7068062827225131,0.008506540209054947
0.028969957081545063,0.7068062827225131,0.008517534472048283
0.028976175144880875,0.7068062827225131,0.008524629287421703
0.02898239587805925,0.7068062827225131,0.008530659601092339
0.028988619282800086,0.7068062827225131,0.008532220497727394
0.028994845360824743,0.7068062827225131,0.008537136018276215
0.02900107411385607,0.7068062827225131,0.008539428003132343
0.029007305543618394,0.7068062827225131,0.008553100749850273
0.029013539651837523,0.7068062827225131,0.008553367108106613
0.029019776440240758,0.7068062827225131,0.008554245345294476
0.029026015910556868,0.7068062827225131,0.008563988842070103
0.02903225806451613,0.7068062827225131,0.008571482263505459
0.02903850290385029,0.7068062827225131,0.008573893457651138
0.029044750430292598,0.7068062827225131,0.00857534073293209
0.029051000645577793,0.7068062827225131,0.00857669860124588
0.029057253551442102,0.7068062827225131,0.008578839711844921
0.02906350914962325,0.7068062827225131,0.008581910282373428
0.029069767441860465,0.7068062827225131,0.008586869575083256
0.029076028429894464,0.7068062827225131,0.008591408841311932
0.02908229211546747,0.7068062827225131,0.008595459163188934
0.029088558500323207,0.7068062827225131,0.008596893399953842
0.029094827586206896,0.7068062827225131,0.008599641732871532
0.029101099374865273,0.7068062827225131,0.008603028953075409
0.02910737386804657,0.7068062827225131,0.008604973554611206
0.02911365106750054,0.7068062827225131,0.008606767281889915
0.02911993097497843,0.7068062827225131,0.00861025508493185
0.02912621359223301,0.7068062827225131,0.008611394092440605
0.02913249892101856,0.7068062827225131,0.008616292849183083
0.02913878696309087,0.7068062827225131,0.008626021444797516
0.029145077720207253,0.7068062827225131,0.008626486174762249
0.02915137119412654,0.7068062827225131,0.00862750131636858
0.029157667386609073,0.7068062827225131,0.008629023097455502
0.02916396629941672,0.7068062827225131,0.008632250130176544
0.029170267934312877,0.7068062827225131,0.008632266893982887
0.02917657229306246,0.7068062827225131,0.008634449914097786
0.029182879377431907,0.7068062827225131,0.008635380305349827
0.02918918918918919,0.7068062827225131,0.008638695813715458
0.029195501730103806,0.7068062827225131,0.008639288134872913
0.029201817001946788,0.7068062827225131,0.008655049838125706
0.029208135006490697,0.7068062827225131,0.008656477555632591
0.02921445574550963,0.7068062827225131,0.00865835603326559
0.02922077922077922,0.7068062827225131,0.008664739318192005
0.02922710543407664,0.7068062827225131,0.008664858527481556
0.0292334343871806,0.7068062827225131,0.008666414767503738
0.029239766081871343,0.7068062827225131,0.008667939342558384
0.029246100519930675,0.7068062827225131,0.008670369163155556
0.02925243770314193,0.7068062827225131,0.008671955205500126
0.029258777633289986,0.7068062827225131,0.008673259057104588
0.029265120312161285,0.7068062827225131,0.008674046024680138
0.0292714657415438,0.7068062827225131,0.008677216246724129
0.029277813923227064,0.7068062827225131,0.008679607883095741
0.02928416485900217,0.7068062827225131,0.008693704381585121
0.02929051855066175,0.7068062827225131,0.00870221946388483
0.029296875,0.7068062827225131,0.00870498362928629
0.029303234208812676,0.7068062827225131,0.008705156855285168
0.029309596178897092,0.7068062827225131,0.00871171336621046
0.029315960912052116,0.7068062827225131,0.008712260983884335
0.029322328410078192,0.7068062827225131,0.008713146671652794
0.029328698674777318,0.7068062827225131,0.00871516577899456
0.029335071707953065,0.7068062827225131,0.00871664471924305
0.029341447511410563,0.7068062827225131,0.008717270568013191
0.029347826086956522,0.7068062827225131,0.008719030767679214
0.029354207436399216,0.7068062827225131,0.00871957466006279
0.0293605915615485,0.7068062827225131,0.00872162263840437
0.029366978464215793,0.7068062827225131,0.008723961189389229
0.0293733681462141,0.7068062827225131,0.008728308603167534
0.029379760609358,0.7068062827225131,0.008729909546673298
0.02938615585546365,0.7068062827225131,0.008730565197765827
0.02939255388634879,0.7068062827225131,0.008736352436244488
0.029398954703832754,0.7068062827225131,0.008744928985834122
0.02940535830973644,0.7068062827225131,0.00874683540314436
0.029411764705882353,0.7068062827225131,0.008749998174607754
0.029418173894094575,0.7068062827225131,0.008752471767365932
0.02942458587619878,0.7068062827225131,0.008753770962357521
0.029431000654022238,0.7068062827225131,0.00876085739582777
0.029437418229393806,0.7068062827225131,0.008761168457567692
0.029443838604143947,0.7068062827225131,0.00876323040574789
0.029450261780104712,0.7068062827225131,0.008763868361711502
0.029456687759109753,0.7068062827225131,0.008770809508860111
0.029463116542994324,0.7068062827225131,0.00878164079040289
0.029469548133595286,0.7068062827225131,0.008781744167208672
0.02947598253275109,0.7068062827225131,0.008782126009464264
0.029482419742301813,0.7068062827225131,0.008784264326095581
0.02948885976408912,0.7068062827225131,0.008799468167126179
0.029495302599956304,0.7068062827225131,0.008803658187389374
0.029501748251748252,0.7068062827225131,0.008806133642792702
0.029508196721311476,0.7068062827225131,0.008808489888906479
0.029514648010494096,0.7068062827225131,0.008816499263048172
0.029521102121145858,0.7068062827225131,0.008822713978588581
0.02952755905511811,0.7068062827225131,0.008823378011584282
0.029534018814263836,0.7068062827225131,0.008829530328512192
0.02954048140043764,0.7068062827225131,0.008829834870994091
0.02954694681549573,0.7068062827225131,0.008834226988255978
0.02955341506129597,0.7068062827225131,0.008835375308990479
0.029559886139697834,0.7068062827225131,0.00884057953953743
0.02956636005256242,0.7068062827225131,0.008847158402204514
0.029572836801752465,0.7068062827225131,0.008848370984196663
0.02957931638913234,0.7068062827225131,0.008854692801833153
0.029585798816568046,0.7068062827225131,0.008875180035829544
0.029592284085927224,0.7068062827225131,0.00888259056955576
0.029598772199079148,0.7068062827225131,0.008884500712156296
0.029385964912280703,0.7015706806282722,0.00888578500598669
0.02939241061636324,0.7015706806282722,0.008887936361134052
0.029398859148749453,0.7015706806282722,0.008890388533473015
0.029405310511301293,0.7015706806282722,0.008893250487744808
0.029411764705882353,0.7015706806282722,0.00889365840703249
0.02941822173435785,0.7015706806282722,0.008906024508178234
0.029424681598594644,0.7015706806282722,0.008906579576432705
0.029431144300461235,0.7015706806282722,0.008917332626879215
0.029437609841827767,0.7015706806282722,0.00891817081719637
0.02944407822456603,0.7015706806282722,0.008922155015170574
0.02945054945054945,0.7015706806282722,0.008922171778976917
0.029457023521653112,0.7015706806282722,0.008954574353992939
0.029463500439753737,0.7015706806282722,0.008955479599535465
0.029469980206729713,0.7015706806282722,0.008959140628576279
0.029476462824461064,0.7015706806282722,0.008960623294115067
0.029482948294829482,0.7015706806282722,0.00897183921188116
0.02948943661971831,0.7015706806282722,0.008977140299975872
0.029495927801012546,0.7015706806282722,0.008981018327176571
0.029502421840598855,0.7015706806282722,0.00898746307939291
0.02950891874036556,0.7015706806282722,0.008988745510578156
0.029515418502202642,0.7015706806282722,0.008989195339381695
0.02952192112800176,0.7015706806282722,0.008993775583803654
0.029528426619656236,0.7015706806282722,0.008993878029286861
0.029534934979061053,0.7015706806282722,0.008996331132948399
0.029541446208112873,0.7015706806282722,0.009002195671200752
0.02954796030871003,0.7015706806282722,0.009004015475511551
0.029554477282752536,0.7015706806282722,0.009005790576338768
0.02956099713214207,0.7015706806282722,0.009007398970425129
0.029567519858781994,0.7015706806282722,0.00900813564658165
0.029574045464577356,0.7015706806282722,0.009012427181005478
0.029580573951434878,0.7015706806282722,0.009013730101287365
0.029587105321262974,0.7015706806282722,0.009025336243212223
0.02959363957597173,0.7015706806282722,0.009027584455907345
0.02960017671747294,0.7015706806282722,0.009030023589730263
0.029385771100309325,0.6963350785340314,0.009031317196786404
0.029392265193370164,0.6963350785340314,0.009033430367708206
0.029398762157382848,0.6963350785340314,0.009034497663378716
0.029405261994251603,0.6963350785340314,0.009038981050252914
0.029411764705882353,0.6963350785340314,0.009042727760970592
0.029418270294182702,0.6963350785340314,0.009050602093338966
0.029424778761061948,0.6963350785340314,0.009051457047462463
0.029210002212878956,0.6910994764397905,0.00905159767717123
0.029216467463479414,0.6910994764397905,0.009054609574377537
0.029222935576710206,0.6910994764397905,0.009061937220394611
0.029229406554472984,0.6910994764397905,0.00907739158719778
0.029235880398671095,0.6910994764397905,0.00907838623970747
0.02924235711120957,0.6910994764397905,0.009080466814339161
0.029248836693995126,0.6910994764397905,0.009081251919269562
0.02925531914893617,0.6910994764397905,0.009088326245546341
0.029261804477942806,0.6910994764397905,0.009088583290576935
0.02926829268292683,0.6910994764397905,0.009091569110751152
0.02927478376580173,0.6910994764397905,0.00909482128918171
0.029281277728482696,0.6910994764397905,0.009096699766814709
0.02928777457288662,0.6910994764397905,0.009107391349971294
0.02929427430093209,0.6910994764397905,0.009107429534196854
0.0293007769145394,0.6910994764397905,0.00910880696028471
0.02930728241563055,0.6910994764397905,0.00911029614508152
0.029313790806129246,0.6910994764397905,0.009118526242673397
0.029320302087960905,0.6910994764397905,0.00912022776901722
0.029326816263052655,0.6910994764397905,0.009123287163674831
0.029333333333333333,0.6910994764397905,0.009126495569944382
0.029339853300733496,0.6910994764397905,0.009126766584813595
0.029346376167185415,0.6910994764397905,0.009127306751906872
0.02935290193462308,0.6910994764397905,0.00913153775036335
0.029359430604982206,0.6910994764397905,0.009132827632129192
0.02936596218020022,0.6910994764397905,0.009133017621934414
0.029372496662216287,0.6910994764397905,0.009133975021541119
0.02937903405297129,0.6910994764397905,0.009137000888586044
0.029385574354407838,0.6910994764397905,0.009138884022831917
0.029392117568470273,0.6910994764397905,0.009138975292444229
0.029398663697104678,0.6910994764397905,0.009152867831289768
0.029405212742258855,0.6910994764397905,0.009157967753708363
0.029411764705882353,0.6910994764397905,0.009163866750895977
0.029418319589926453,0.6910994764397905,0.009169726632535458
0.029424877396344182,0.6910994764397905,0.009180277585983276
0.0294314381270903,0.6910994764397905,0.009193602949380875
0.029438001784121322,0.6910994764397905,0.00920258928090334
0.029444568369395494,0.6910994764397905,0.009204763919115067
0.029451137884872823,0.6910994764397905,0.009204920381307602
0.029457710332515062,0.6910994764397905,0.009207908995449543
0.029464285714285714,0.6910994764397905,0.009208764880895615
0.029470864032150032,0.6910994764397905,0.009209648706018925
0.029477445288075034,0.6910994764397905,0.009210070595145226
0.029484029484029485,0.6910994764397905,0.009219042956829071
0.029490616621983913,0.6910994764397905,0.009221604093909264
0.029497206703910615,0.6910994764397905,0.009224188514053822
0.029503799731783638,0.6910994764397905,0.009225795976817608
0.029510395707578806,0.6910994764397905,0.009226249530911446
0.029516994633273702,0.6910994764397905,0.009229345247149467
0.029299932900917022,0.6858638743455497,0.0092306574806571
0.02930648769574944,0.6858638743455497,0.00923481397330761
0.029313045424032222,0.6858638743455497,0.009245946072041988
0.029319606087735005,0.6858638743455497,0.009253278374671936
0.02932616968882919,0.6858638743455497,0.009256159886717796
0.029332736229287955,0.6858638743455497,0.009260354563593864
0.029339305711086228,0.6858638743455497,0.009263163432478905
0.029345878136200716,0.6858638743455497,0.009268469177186489
0.029352453506609904,0.6858638743455497,0.009272953495383263
0.02935903182429404,0.6858638743455497,0.009273023344576359
0.02936561309123515,0.6858638743455497,0.00927327387034893
0.02937219730941704,0.6858638743455497,0.009278623387217522
0.029378784480825298,0.6858638743455497,0.0092857014387846
0.029385374607447286,0.6858638743455497,0.009291252121329308
0.029391967691272156,0.6858638743455497,0.009300232864916325
0.029398563734290842,0.6858638743455497,0.009301172569394112
0.029405162738496072,0.6858638743455497,0.009304569102823734
0.02918724741805119,0.680628272251309,0.009307348169386387
0.029193801931282282,0.680628272251309,0.009308882988989353
0.029200359389038633,0.680628272251309,0.009309550747275352
0.029206919793304875,0.680628272251309,0.009310953319072723
0.029213483146067417,0.680628272251309,0.009311261586844921
0.02922004944931445,0.680628272251309,0.009312678128480911
0.02922661870503597,0.680628272251309,0.00931297242641449
0.029233190915223747,0.680628272251309,0.00931352749466896
0.029239766081871343,0.680628272251309,0.00931381806731224
0.02924634420697413,0.680628272251309,0.009329591877758503
0.029252925292529253,0.680628272251309,0.009331160224974155
0.029259509340535676,0.680628272251309,0.009333593770861626
0.029266096352994146,0.680628272251309,0.009338784962892532
0.029272686331907227,0.680628272251309,0.00933956541121006
0.02927927927927928,0.680628272251309,0.009340708144009113
0.02928587519711647,0.680628272251309,0.009343603625893593
0.02929247408742677,0.680628272251309,0.009345611557364464
0.029299075952219967,0.680628272251309,0.009349347092211246
0.029305680793507663,0.680628272251309,0.009356291964650154
0.029312288613303268,0.680628272251309,0.009356310591101646
0.02931889941362201,0.680628272251309,0.00935669057071209
0.02932551319648094,0.680628272251309,0.009361686185002327
0.029332129963898917,0.680628272251309,0.009366189129650593
0.02933874971789664,0.680628272251309,0.009367370046675205
0.029345372460496615,0.680628272251309,0.009369529783725739
0.029351998193723187,0.680628272251309,0.009369976818561554
0.02935862691960253,0.680628272251309,0.009371566586196423
0.02936525864016264,0.680628272251309,0.009378239512443542
0.02937189335743335,0.680628272251309,0.009381221607327461
0.02937853107344633,0.680628272251309,0.009382719174027443
0.02938517179023508,0.680628272251309,0.009383260272443295
0.029391815509834954,0.680628272251309,0.009388016536831856
0.02939846223428313,0.680628272251309,0.009388642385601997
0.02940511196561864,0.680628272251309,0.009390904568135738
0.029411764705882353,0.680628272251309,0.00939124170690775
0.029418420457116994,0.680628272251309,0.009396463632583618
0.029425079221367133,0.680628272251309,0.009401143528521061
0.029431741000679194,0.680628272251309,0.009401836432516575
0.029438405797101448,0.680628272251309,0.009404096752405167
0.02944507361268403,0.680628272251309,0.009410624392330647
0.02945174444947893,0.680628272251309,0.009411864914000034
0.029231815091774305,0.675392670157068,0.009415141306817532
0.029238440616500452,0.675392670157068,0.009417334571480751
0.029245069145318523,0.675392670157068,0.009419403970241547
0.029251700680272108,0.675392670157068,0.009424882009625435
0.029258335223406668,0.675392670157068,0.009425870142877102
0.02926497277676951,0.675392670157068,0.009427602402865887
0.029044701611073292,0.6701570680628273,0.009428350254893303
0.029051293690422152,0.6701570680628273,0.009430176578462124
0.02905788876276958,0.6701570680628273,0.00943089835345745
0.029064486830154404,0.6701570680628273,0.009433954954147339
0.029071087894617306,0.6701570680628273,0.00943777896463871
0.029077691958200817,0.6701570680628273,0.009442255832254887
0.02908429902294933,0.6701570680628273,0.009448269382119179
0.02909090909090909,0.6701570680628273,0.009456966072320938
0.02909752216412821,0.6701570680628273,0.009457873180508614
0.02910413824465666,0.6701570680628273,0.009461332112550735
0.029117379435850774,0.6701570680628273,0.009463571012020111
0.02912400455062571,0.6701570680628273,0.009469812735915184
0.02913063268092854,0.6701570680628273,0.009470752440392971
0.029137263828818576,0.6701570680628273,0.009471775963902473
0.029143897996357013,0.6701570680628273,0.009475705213844776
0.029150535185606924,0.6701570680628273,0.009478637017309666
0.02915717539863326,0.6701570680628273,0.009480293840169907
0.029163818637502847,0.6701570680628273,0.009484020061790943
0.02917046490428441,0.6701570680628273,0.009484289214015007
0.029177114201048553,0.6701570680628273,0.009484364651143551
0.02918376652986776,0.6701570680628273,0.009492875076830387
0.02896237172177879,0.6649214659685864,0.009496346116065979
0.02896897810218978,0.6649214659685864,0.009497067891061306
0.028975587497148073,0.6649214659685864,0.009499050676822662
0.02898219990871748,0.6649214659685864,0.009503045119345188
0.028988815338963705,0.6649214659685864,0.009503696113824844
0.02899543378995434,0.6649214659685864,0.00950403232127428
0.02900205526375885,0.6649214659685864,0.009504355490207672
0.029008679762448607,0.6649214659685864,0.009505998343229294
0.02901530728809687,0.6649214659685864,0.009516824968159199
0.029021937842778792,0.6649214659685864,0.009520340710878372
0.029028571428571428,0.6649214659685864,0.009522036649286747
0.029035208047553728,0.6649214659685864,0.009532083757221699
0.02904184770180654,0.6649214659685864,0.009532430209219456
0.029048490393412625,0.6649214659685864,0.009533834643661976
0.029055136124456645,0.6649214659685864,0.009536870755255222
0.029061784897025173,0.6649214659685864,0.009537325240671635
0.029068436713206684,0.6649214659685864,0.009539645165205002
0.029075091575091576,0.6649214659685864,0.009540073573589325
0.029081749484772153,0.6649214659685864,0.009541884064674377
0.029088410444342648,0.6649214659685864,0.00955426786094904
0.0290950744558992,0.6649214659685864,0.009558817371726036
0.02910174152153987,0.6649214659685864,0.009571288712322712
0.029108411643364657,0.6649214659685864,0.009574349969625473
0.02911508482347547,0.6649214659685864,0.009580329991877079
0.029121761063976154,0.6649214659685864,0.009588613174855709
0.02912844036697248,0.6649214659685864,0.009600666351616383
0.02913512273457215,0.6649214659685864,0.009602606296539307
0.02914180816888481,0.6649214659685864,0.009603404439985752
0.029148496672022035,0.6649214659685864,0.00960545428097248
0.029155188246097336,0.6649214659685864,0.009606611914932728
0.029161882893226177,0.6649214659685864,0.009607269428670406
0.029168580615525953,0.6649214659685864,0.0096084363758564
0.029175281415116012,0.6649214659685864,0.009609216824173927
0.028952205882352942,0.6596858638743456,0.009609656408429146
0.02895886003217651,0.6596858638743456,0.00961050484329462
0.028965517241379312,0.6596858638743456,0.00961139053106308
0.02897217751207174,0.6596858638743456,0.009614118374884129
0.028978840846366146,0.6596858638743456,0.009616883471608162
0.028985507246376812,0.6596858638743456,0.009629704058170319
0.028992176714219973,0.6596858638743456,0.009633293375372887
0.02899884925201381,0.6596858638743456,0.009633880108594894
0.029005524861878452,0.6596858638743456,0.009635736234486103
0.029012203545935988,0.6596858638743456,0.009636800736188889
0.029018885306310457,0.6596858638743456,0.00963747501373291
0.02902557014512785,0.6596858638743456,0.009640756994485855
0.02903225806451613,0.6596858638743456,0.00964247714728117
0.02903894906660521,0.6596858638743456,0.009642522782087326
0.029045643153526972,0.6596858638743456,0.009643939323723316
0.029052340327415264,0.6596858638743456,0.009647670201957226
0.029059040590405903,0.6596858638743456,0.009648886509239674
0.02906574394463668,0.6596858638743456,0.00965614803135395
0.029072450392247345,0.6596858638743456,0.00965818203985691
0.029079159935379646,0.6596858638743456,0.009663821198046207
0.029085872576177285,0.6596858638743456,0.009668641723692417
0.02909258831678596,0.6596858638743456,0.009677456691861153
0.029099307159353348,0.6596858638743456,0.009679330512881279
0.029106029106029108,0.6596858638743456,0.009688111022114754
0.02911275415896488,0.6596858638743456,0.009690462611615658
0.029119482320314305,0.6596858638743456,0.009692576713860035
0.02912621359223301,0.6596858638743456,0.009693506173789501
0.029132947976878612,0.6596858638743456,0.009696723893284798
0.029139685476410732,0.6596858638743456,0.00969775952398777
0.02914642609299098,0.6596858638743456,0.009698890149593353
0.029153169828782972,0.6596858638743456,0.009701093658804893
0.029159916685952327,0.6596858638743456,0.009701231494545937
0.029166666666666667,0.6596858638743456,0.00970249529927969
0.029173419773095625,0.6596858638743456,0.009704681113362312
0.029180176007410838,0.6596858638743456,0.00970758218318224
0.029186935371785964,0.6596858638743456,0.009707729332149029
0.029193697868396665,0.6596858638743456,0.009712961502373219
0.029200463499420626,0.6596858638743456,0.009716970846056938
0.02920723226703755,0.6596858638743456,0.009717566892504692
0.02921400417342917,0.6596858638743456,0.009717580862343311
0.02898886827458256,0.6544502617801047,0.009722432121634483
0.028995592669914173,0.6544502617801047,0.00973252858966589
0.029002320185614848,0.6544502617801047,0.00973464734852314
0.029009050823857043,0.6544502617801047,0.009739511646330357
0.029015784586815228,0.6544502617801047,0.00974119920283556
0.029022521476665893,0.6544502617801047,0.009743343107402325
0.02902926149558755,0.6544502617801047,0.009744341485202312
0.029036004645760744,0.6544502617801047,0.009747263975441456
0.02904275092936803,0.6544502617801047,0.009755625389516354
0.029049500348594003,0.6544502617801047,0.009758491069078445
0.02905625290562529,0.6544502617801047,0.00976188387721777
0.029063008602650545,0.6544502617801047,0.009767401963472366
0.029069767441860465,0.6544502617801047,0.009769408032298088
0.029076529425447778,0.6544502617801047,0.009770496748387814
0.02908329455560726,0.6544502617801047,0.009797162376344204
0.02909006283453572,0.6544502617801047,0.009811646305024624
0.02909683426443203,0.6544502617801047,0.009820119477808475
0.02910360884749709,0.6544502617801047,0.009820202365517616
0.029110386585933862,0.6544502617801047,0.009825707413256168
0.029117167481947356,0.6544502617801047,0.009828626178205013
0.029123951537744643,0.6544502617801047,0.00983675941824913
0.02913073875553484,0.6544502617801047,0.009837484918534756
0.029137529137529136,0.6544502617801047,0.009838051162660122
0.02914432268594078,0.6544502617801047,0.00984093639999628
0.029151119402985076,0.6544502617801047,0.009844640269875526
0.0291579192908794,0.6544502617801047,0.009845992550253868
0.02916472235184321,0.6544502617801047,0.009847206063568592
0.029171528588098017,0.6544502617801047,0.009847600944340229
0.029178338001867414,0.6544502617801047,0.009853452444076538
0.02918515059537707,0.6544502617801047,0.009854521602392197
0.029191966370854742,0.6544502617801047,0.009855545125901699
0.02919878533053025,0.6544502617801047,0.009858929552137852
0.029205607476635514,0.6544502617801047,0.00986014399677515
0.029212432811404534,0.6544502617801047,0.009863375686109066
0.028985507246376812,0.6492146596858639,0.00986503716558218
0.028992284311433247,0.6492146596858639,0.009870199486613274
0.028999064546304958,0.6492146596858639,0.009870903566479683
0.029005847953216375,0.6492146596858639,0.009872529655694962
0.02901263453439401,0.6492146596858639,0.009880634024739265
0.029019424292066463,0.6492146596858639,0.00988991279155016
0.02902621722846442,0.6492146596858639,0.009891130961477757
0.02903301334582065,0.6492146596858639,0.009891565889120102
0.029039812646370025,0.6492146596858639,0.009891863912343979
0.029046615132349497,0.6492146596858639,0.009895124472677708
0.028819119025304592,0.643979057591623,0.009900526143610477
0.02882587297867354,0.643979057591623,0.009900937788188457
0.028832630098452883,0.643979057591623,0.009903275407850742
0.028839390386869872,0.643979057591623,0.00990400929003954
0.028846153846153848,0.643979057591623,0.009904902428388596
0.028852920478536243,0.643979057591623,0.009908190928399563
0.028859690286250586,0.643979057591623,0.009916253387928009
0.028866463271532503,0.643979057591623,0.009920618496835232
0.028873239436619718,0.643979057591623,0.009920800104737282
0.028880018783752053,0.643979057591623,0.009921676479279995
0.02888680131517144,0.643979057591623,0.009923784993588924
0.028893587033121917,0.643979057591623,0.009935044683516026
0.028900375939849624,0.643979057591623,0.009935133159160614
0.02890716803760282,0.643979057591623,0.009948101826012135
0.028913963328631876,0.643979057591623,0.00995511095970869
0.028920761815189277,0.643979057591623,0.009956262074410915
0.028927563499529633,0.643979057591623,0.00995665229856968
0.02893436838390967,0.643979057591623,0.009960451163351536
0.028941176470588234,0.643979057591623,0.009960559196770191
0.028947987761826312,0.643979057591623,0.00996403954923153
0.028954802259887006,0.643979057591623,0.009965149685740471
0.028961619967035553,0.643979057591623,0.00997025053948164
0.02896844088553933,0.643979057591623,0.009970608167350292
0.028975265017667843,0.643979057591623,0.009971408173441887
0.028982092365692744,0.643979057591623,0.009973334148526192
0.028753240631628565,0.6387434554973822,0.009988534264266491
0.02876001885902876,0.6387434554973822,0.009988619014620781
0.028766800282952133,0.6387434554973822,0.009989043697714806
0.028773584905660378,0.6387434554973822,0.009990972466766834
0.028780372729417317,0.6387434554973822,0.009994269348680973
0.02878716375648891,0.6387434554973822,0.009997794404625893
0.028793957989143262,0.6387434554973822,0.00999920628964901
0.028800755429650614,0.6387434554973822,0.010000835172832012
0.028807556080283354,0.6387434554973822,0.010001949034631252
0.028814359943316013,0.6387434554973822,0.010002750903367996
0.028821167021025277,0.6387434554973822,0.010004248470067978
0.028827977315689982,0.6387434554973822,0.01000929344445467
0.028834790829591114,0.6387434554973822,0.010017107240855694
0.02884160756501182,0.6387434554973822,0.01002148725092411
0.02884842752423741,0.6387434554973822,0.010027311742305756
0.028855250709555344,0.6387434554973822,0.010031085461378098
0.028862077123255264,0.6387434554973822,0.010033865459263325
0.028868906767628964,0.6387434554973822,0.010035911574959755
0.028875739644970415,0.6387434554973822,0.010040797293186188
0.028882575757575756,0.6387434554973822,0.010050262324512005
0.02888941510774331,0.6387434554973822,0.01005243044346571
0.028896257697773566,0.6387434554973822,0.010058212094008923
0.0289031035299692,0.6387434554973822,0.010063249617815018
0.02890995260663507,0.6387434554973822,0.01006724126636982
0.028916804930078217,0.6387434554973822,0.010067859664559364
0.028923660502607872,0.6387434554973822,0.010071976110339165
0.028930519326535453,0.6387434554973822,0.010078496299684048
0.028937381404174574,0.6387434554973822,0.010078547522425652
0.028944246737841045,0.6387434554973822,0.010082758963108063
0.02895111532985287,0.6387434554973822,0.010083949193358421
0.028957987182530263,0.6387434554973822,0.01008940115571022
0.028964862298195632,0.6387434554973822,0.010094258934259415
0.02897174067917359,0.6387434554973822,0.01009881030768156
0.028978622327790974,0.6387434554973822,0.010099268518388271
0.028985507246376812,0.6387434554973822,0.010112806223332882
0.02899239543726236,0.6387434554973822,0.010112849995493889
0.028999286902781078,0.6387434554973822,0.010113746859133244
0.029006181645268664,0.6387434554973822,0.010120728984475136
0.02901307966706302,0.6387434554973822,0.010125506669282913
0.029019980970504282,0.6387434554973822,0.010129350237548351
0.029026885557934808,0.6387434554973822,0.010136705823242664
0.029033793431699192,0.6387434554973822,0.01013797428458929
0.02904070459414425,0.6387434554973822,0.01014148723334074
0.029047619047619048,0.6387434554973822,0.010144226253032684
0.029054536794474874,0.6387434554973822,0.010146275162696838
0.02906145783706527,0.6387434554973822,0.010151874274015427
0.02906838217774601,0.6387434554973822,0.010159051045775414
0.029075309818875118,0.6387434554973822,0.010163549333810806
0.029082240762812874,0.6387434554973822,0.01016487367451191
0.029089175011921792,0.6387434554973822,0.01016557402908802
0.02909611256856666,0.6387434554973822,0.010173220187425613
0.029103053435114504,0.6387434554973822,0.010176600888371468
0.02910999761393462,0.6387434554973822,0.010182020254433155
0.029116945107398567,0.6387434554973822,0.010184611193835735
0.02912389591788016,0.6387434554973822,0.010191169567406178
0.02913085004775549,0.6387434554973822,0.010201660916209221
0.029137807499402913,0.6387434554973822,0.010205957107245922
0.029144768275203056,0.6387434554973822,0.01020811963826418
0.02915173237753883,0.6387434554973822,0.010209343396127224
0.029158699808795412,0.6387434554973822,0.010209589265286922
0.02916567057136027,0.6387434554973822,0.010219616815447807
0.029172644667623145,0.6387434554973822,0.010222100652754307
0.029179622099976082,0.6387434554973822,0.010223201476037502
0.029186602870813396,0.6387434554973822,0.01022349577397108
0.029193586982531706,0.6387434554973822,0.010227708145976067
0.02920057443752992,0.6387434554973822,0.010229852050542831
0.029207565238209242,0.6387434554973822,0.010232300497591496
0.02921455938697318,0.6387434554973822,0.01023637130856514
0.029221556886227545,0.6387434554973822,0.010239141061902046
0.02922855773838045,0.6387434554973822,0.01024616975337267
0.02923556194584232,0.6387434554973822,0.010246183723211288
0.029242569511025888,0.6387434554973822,0.010246744379401207
0.0292495804363462,0.6387434554973822,0.010249975137412548
0.029256594724220625,0.6387434554973822,0.010250285267829895
0.029263612377068843,0.6387434554973822,0.01025470718741417
0.02927063339731286,0.6387434554973822,0.010255617089569569
0.02927765778737701,0.6387434554973822,0.010258928872644901
0.02928468554968795,0.6387434554973822,0.010259442031383514
0.02929171668667467,0.6387434554973822,0.010261417366564274
0.029298751200768493,0.6387434554973822,0.010263359174132347
0.029305789094403074,0.6387434554973822,0.010269023478031158
0.029312830370014416,0.6387434554973822,0.010271374136209488
0.029319875030040854,0.6387434554973822,0.01027771644294262
0.029326923076923077,0.6387434554973822,0.01028140913695097
0.02933397451310411,0.6387434554973822,0.010281491093337536
0.02934102934102934,0.6387434554973822,0.010284985415637493
0.0293480875631465,0.6387434554973822,0.010286965407431126
0.02935514918190568,0.6387434554973822,0.010291730053722858
0.029362214199759325,0.6387434554973822,0.010297968052327633
0.029369282619162253,0.6387434554973822,0.010299022309482098
0.029376354442571636,0.6387434554973822,0.010305926203727722
0.029383429672447014,0.6387434554973822,0.010310557670891285
0.029390508311250303,0.6387434554973822,0.01031236257404089
0.029397590361445784,0.6387434554973822,0.010318574495613575
0.02940467582550012,0.6387434554973822,0.010321267880499363
0.029411764705882353,0.6387434554973822,0.010323801077902317
0.0294188570050639,0.6387434554973822,0.010325442999601364
0.02942595272551857,0.6387434554973822,0.010325705632567406
0.029433051869722556,0.6387434554973822,0.010326787829399109
0.02944015444015444,0.6387434554973822,0.01033023837953806
0.029447260439295197,0.6387434554973822,0.01033162884414196
0.0294543698696282,0.6387434554973822,0.010333027690649033
0.029461482733639216,0.6387434554973822,0.010334816761314869
0.029468599033816423,0.6387434554973822,0.010345840826630592
0.0294757187726504,0.6387434554973822,0.010351167991757393
0.029482841952634124,0.6387434554973822,0.010353097692131996
0.029489968576262994,0.6387434554973822,0.010357251390814781
0.029497098646034815,0.6387434554973822,0.010357803665101528
0.02950423216444982,0.6387434554973822,0.010366816073656082
0.029511369134010642,0.6387434554973822,0.010375713929533958
0.029518509557222357,0.6387434554973822,0.010378818027675152
0.02952565343659245,0.6387434554973822,0.01037992537021637
0.02953280077463084,0.6387434554973822,0.010381571017205715
0.02953995157384988,0.6387434554973822,0.010385598987340927
0.02954710583676435,0.6387434554973822,0.010388053953647614
0.029554263565891473,0.6387434554973822,0.010401906445622444
0.02956142476375091,0.6387434554973822,0.01040344312787056
0.02956858943286476,0.6387434554973822,0.01040575560182333
0.029575757575757575,0.6387434554973822,0.010407867841422558
0.029582929194956354,0.6387434554973822,0.01040908508002758
0.02959010429299054,0.6387434554973822,0.010409575887024403
0.029597282872392043,0.6387434554973822,0.010409851558506489
0.02960446493569522,0.6387434554973822,0.010411635041236877
0.029611650485436892,0.6387434554973822,0.010416155681014061
0.029618839524156348,0.6387434554973822,0.010420432314276695
0.02962603205439534,0.6387434554973822,0.01042409148067236
0.02963322807869808,0.6387434554973822,0.010428992100059986
0.029640427599611274,0.6387434554973822,0.010429365560412407
0.029647630619684083,0.6387434554973822,0.010432357899844646
0.029654837141468156,0.6387434554973822,0.010438419878482819
0.02966204716751763,0.6387434554973822,0.010444317013025284
0.029669260700389104,0.6387434554973822,0.010452481918036938
0.029676477742641694,0.6387434554973822,0.010452555492520332
0.029683698296836983,0.6387434554973822,0.01045348308980465
0.02969092236553906,0.6387434554973822,0.010453665629029274
0.02969814995131451,0.6387434554973822,0.010455525480210781
0.029705381056732406,0.6387434554973822,0.010458845645189285
0.029712615684364344,0.6387434554973822,0.010460978373885155
0.02971985383678441,0.6387434554973822,0.010464008897542953
0.0297270955165692,0.6387434554973822,0.01046514417976141
0.029734340726297832,0.6387434554973822,0.010472697205841541
0.029741589468551925,0.6387434554973822,0.010477225296199322
0.02974884174591563,0.6387434554973822,0.010486711747944355
0.02975609756097561,0.6387434554973822,0.010489135980606079
0.029763356916321055,0.6387434554973822,0.010490026324987411
0.02977061981454368,0.6387434554973822,0.010495462454855442
0.029777886258237733,0.6387434554973822,0.010496819391846657
0.02978515625,0.6387434554973822,0.01050825696438551
0.029792429792429794,0.6387434554973822,0.010510181076824665
0.02979970688812897,0.6387434554973822,0.010512284003198147
0.02980698753970193,0.6387434554973822,0.010513429529964924
0.029814271749755622,0.6387434554973822,0.010519244708120823
0.029821559520899536,0.6387434554973822,0.010521463118493557
0.02982885085574572,0.6387434554973822,0.010523156262934208
0.02983614575690878,0.6387434554973822,0.010526707395911217
0.02984344422700587,0.6387434554973822,0.010531749576330185
0.029850746268656716,0.6387434554973822,0.010533111169934273
0.0298580518844836,0.6387434554973822,0.010540050454437733
0.029865361077111383,0.6387434554973822,0.01054372638463974
0.029872673849167482,0.6387434554973822,0.010550000704824924
0.0298799902032819,0.6387434554973822,0.010555099695920944
0.029887310142087214,0.6387434554973822,0.01055519375950098
0.029894633668218575,0.6387434554973822,0.01055778469890356
0.029901960784313727,0.6387434554973822,0.010561485774815083
0.029916625796959292,0.6387434554973822,0.010561859235167503
0.029923963698798135,0.6387434554973822,0.010564262047410011
0.029931305201177625,0.6387434554973822,0.010565427131950855
0.029938650306748468,0.6387434554973822,0.010565796867012978
0.029945999018163968,0.6387434554973822,0.010567646473646164
0.02995335133808004,0.6387434554973822,0.010568324476480484
0.029960707269155205,0.6387434554973822,0.010570050217211246
0.029968066814050603,0.6387434554973822,0.010572653263807297
0.029975429975429974,0.6387434554973822,0.010588952340185642
0.029982796755959697,0.6387434554973822,0.010590845718979836
0.02999016715830875,0.6387434554973822,0.010600998997688293
0.02999754118514876,0.6387434554973822,0.010603158734738827
0.03000491883915396,0.6387434554973822,0.01060748752206564
0.03001230012300123,0.6387434554973822,0.010609844699501991
0.030019685039370077,0.6387434554973822,0.010627849027514458
0.030027073590942654,0.6387434554973822,0.010632768273353577
0.03003446578040374,0.6387434554973822,0.010634028352797031
0.030041861610440777,0.6387434554973822,0.010640080086886883
0.030049261083743842,0.6387434554973822,0.010641676373779774
0.030056664203005668,0.6387434554973822,0.010645953938364983
0.029817644159684575,0.6335078534031413,0.01064884290099144
0.02982499383781119,0.6335078534031413,0.010661867447197437
0.029832347140039447,0.6335078534031413,0.01066545955836773
0.029839704069050555,0.6335078534031413,0.010672902688384056
0.029847064627528366,0.6335078534031413,0.0106729781255126
0.02985442881815939,0.6335078534031413,0.010673381388187408
0.029861796643632775,0.6335078534031413,0.010681717656552792
0.02962231547765984,0.6282722513089005,0.010686354711651802
0.02962962962962963,0.6282722513089005,0.010686485096812248
0.029636947394418373,0.6282722513089005,0.010688639245927334
0.029644268774703556,0.6282722513089005,0.01069015171378851
0.029651593773165306,0.6282722513089005,0.010691679082810879
0.029658922392486405,0.6282722513089005,0.010693586431443691
0.029666254635352288,0.6282722513089005,0.01070520468056202
0.02967359050445104,0.6282722513089005,0.010707437060773373
0.02968093000247341,0.6282722513089005,0.010708427987992764
0.029688273132112815,0.6282722513089005,0.010718028992414474
0.02969561989606533,0.6282722513089005,0.010718115605413914
0.0297029702970297,0.6282722513089005,0.010722211562097073
0.029710324337707355,0.6282722513089005,0.010722322389483452
0.029717682020802376,0.6282722513089005,0.010723572224378586
0.02972504334902155,0.6282722513089005,0.01072670891880989
0.02973240832507433,0.6282722513089005,0.010727519169449806
0.02973977695167286,0.6282722513089005,0.010731486603617668
0.029747149231531978,0.6282722513089005,0.010738951154053211
0.029754525167369206,0.6282722513089005,0.010739239864051342
0.02976190476190476,0.6282722513089005,0.01074462104588747
0.02976928801786157,0.6282722513089005,0.010753829032182693
0.02977667493796526,0.6282722513089005,0.010754214599728584
0.029784065524944156,0.6282722513089005,0.010759151540696621
0.029791459781529295,0.6282722513089005,0.010764695703983307
0.029798857710454433,0.6282722513089005,0.010766117833554745
0.029806259314456036,0.6282722513089005,0.010766721330583096
0.02981366459627329,0.6282722513089005,0.01077119167894125
0.02982107355864811,0.6282722513089005,0.010771593078970909
0.02982848620432513,0.6282722513089005,0.01078450120985508
0.029835902536051714,0.6282722513089005,0.010786245577037334
0.029843322556577966,0.6282722513089005,0.010787864215672016
0.029850746268656716,0.6282722513089005,0.010789548978209496
0.029858173675043544,0.6282722513089005,0.010793034918606281
0.029865604778496764,0.6282722513089005,0.010804256424307823
0.029873039581777446,0.6282722513089005,0.010809818282723427
0.029880478087649404,0.6282722513089005,0.010812724940478802
0.029887920298879204,0.6282722513089005,0.010815918445587158
0.029895366218236172,0.6282722513089005,0.010816565714776516
0.0299028158484924,0.6282722513089005,0.01083232183009386
0.02991026919242273,0.6282722513089005,0.01084489282220602
0.029917726252804786,0.6282722513089005,0.010849932208657265
0.029925187032418952,0.6282722513089005,0.010851646773517132
0.02993265153404839,0.6282722513089005,0.010855762287974358
0.029940119760479042,0.6282722513089005,0.010858246125280857
0.029947591714499625,0.6282722513089005,0.010859157890081406
0.029955067398901646,0.6282722513089005,0.010860243812203407
0.0299625468164794,0.6282722513089005,0.010863245464861393
0.029970029970029972,0.6282722513089005,0.010865875519812107
0.029977516862353237,0.6282722513089005,0.010866330936551094
0.029985007496251874,0.6282722513089005,0.010870780795812607
0.02999250187453137,0.6282722513089005,0.010886593721807003
0.03,0.6282722513089005,0.010904456488788128
0.030007501875468866,0.6282722513089005,0.010907270014286041
0.030015007503751877,0.6282722513089005,0.01090903952717781
0.03002251688766575,0.6282722513089005,0.010909482836723328
0.03003003003003003,0.6282722513089005,0.010909677483141422
0.030037546933667083,0.6282722513089005,0.01091509684920311
0.030045067601402103,0.6282722513089005,0.010918499901890755
0.03005259203606311,0.6282722513089005,0.010918546468019485
0.03006012024048096,0.6282722513089005,0.010919720865786076
0.03006765221748935,0.6282722513089005,0.010922224260866642
0.03007518796992481,0.6282722513089005,0.010926865972578526
0.030082727500626724,0.6282722513089005,0.010930066928267479
0.03009027081243731,0.6282722513089005,0.01093417126685381
0.030097817908201655,0.6282722513089005,0.010935625061392784
0.030105368790767688,0.6282722513089005,0.01093644555658102
0.030112923462986198,0.6282722513089005,0.010938575491309166
0.030120481927710843,0.6282722513089005,0.010945634916424751
0.03012804418779814,0.6282722513089005,0.010949591174721718
0.030135610246107485,0.6282722513089005,0.010954146273434162
0.03014318010550113,0.6282722513089005,0.010955391451716423
0.03015075376884422,0.6282722513089005,0.01096084900200367
0.030158331239004774,0.6282722513089005,0.010971016250550747
0.030165912518853696,0.6282722513089005,0.010973990894854069
0.030173497611264772,0.6282722513089005,0.010974173434078693
0.030181086519114688,0.6282722513089005,0.010981297120451927
0.03018867924528302,0.6282722513089005,0.010983264073729515
0.03019627579265224,0.6282722513089005,0.010988839901983738
0.03020387616410773,0.6282722513089005,0.010995651595294476
0.030211480362537766,0.6282722513089005,0.011001268401741982
0.029967262654243265,0.6230366492146597,0.01101478561758995
0.029974811083123425,0.6230366492146597,0.011024722829461098
0.029982363315696647,0.6230366492146597,0.011025117710232735
0.029737903225806453,0.6178010471204188,0.011030125431716442
0.02974539954625662,0.6178010471204188,0.011031207628548145
0.029752899646999495,0.6178010471204188,0.011033829301595688
0.029760403530895336,0.6178010471204188,0.011034729890525341
0.029767911200807264,0.6178010471204188,0.011036534793674946
0.029775422659601314,0.6178010471204188,0.011040225625038147
0.02978293791014639,0.6178010471204188,0.011041699908673763
0.029790456955314314,0.6178010471204188,0.011043564416468143
0.0297979797979798,0.6178010471204188,0.011050336062908173
0.02980550644102046,0.6178010471204188,0.011052749119699001
0.029813036887316825,0.6178010471204188,0.011054880917072296
0.02982057113975234,0.6178010471204188,0.011055761948227882
0.029828109201213347,0.6178010471204188,0.011056184768676758
0.029835651074589128,0.6178010471204188,0.011059505864977837
0.029843196762771876,0.6178010471204188,0.01106052752584219
0.029850746268656716,0.6178010471204188,0.01106270868331194
0.0298582995951417,0.6178010471204188,0.011063438840210438
0.029865856745127817,0.6178010471204188,0.0110677070915699
0.029873417721518986,0.6178010471204188,0.011070729233324528
0.029880982527222082,0.6178010471204188,0.011071952059864998
0.02988855116514691,0.6178010471204188,0.011079242452979088
0.02989612363820623,0.6178010471204188,0.011092876084148884
0.029903699949315764,0.6178010471204188,0.011099169962108135
0.02991128010139417,0.6178010471204188,0.01110025867819786
0.029918864097363083,0.6178010471204188,0.011105326935648918
0.029926451940147095,0.6178010471204188,0.011105609126389027
0.029934043632673768,0.6178010471204188,0.011113882064819336
0.029941639177873635,0.6178010471204188,0.011120676063001156
0.029949238578680204,0.6178010471204188,0.0111215990036726
0.029956841838029956,0.6178010471204188,0.011126838624477386
0.029964448958862366,0.6178010471204188,0.011130076833069324
0.02997205994411989,0.6178010471204188,0.011137353256344795
0.029979674796747968,0.6178010471204188,0.011138008907437325
0.029987293519695046,0.6178010471204188,0.011139900423586369
0.029994916115912557,0.6178010471204188,0.011148522607982159
0.030002542588354945,0.6178010471204188,0.011149158701300621
0.030010172939979655,0.6178010471204188,0.011150168254971504
0.03001780717374714,0.6178010471204188,0.01115541160106659
0.030025445292620866,0.6178010471204188,0.011161599308252335
0.03003308729956732,0.6178010471204188,0.01116168312728405
0.03004073319755601,0.6178010471204188,0.011167226359248161
0.03004838298955946,0.6178010471204188,0.011167626827955246
0.030056036678553236,0.6178010471204188,0.011172334663569927
0.030063694267515925,0.6178010471204188,0.011173714883625507
0.030071355759429153,0.6178010471204188,0.011174147017300129
0.030079021157277595,0.6178010471204188,0.011179860681295395
0.030086690464048955,0.6178010471204188,0.011188081465661526
0.030094363682733997,0.6178010471204188,0.011191320605576038
0.03010204081632653,0.6178010471204188,0.011192059144377708
0.030109721867823423,0.6178010471204188,0.011195520870387554
0.030117406840224605,0.6178010471204188,0.01119864173233509
0.03012509573653306,0.6178010471204188,0.01120024174451828
0.03013278855975485,0.6178010471204188,0.011204589158296585
0.030140485312899108,0.6178010471204188,0.011207029223442078
0.030148185998978026,0.6178010471204188,0.011215629987418652
0.0301558906210069,0.6178010471204188,0.011216724291443825
0.03016359918200409,0.6178010471204188,0.011221633292734623
0.03017131168499105,0.6178010471204188,0.0112232631072402
0.03017902813299233,0.6178010471204188,0.01123260147869587
0.030186748529035558,0.6178010471204188,0.011233559809625149
0.030194472876151485,0.6178010471204188,0.01124623604118824
0.030202201177373943,0.6178010471204188,0.01125914417207241
0.030209933435739886,0.6178010471204188,0.011264814995229244
0.030217669654289372,0.6178010471204188,0.011266222223639488
0.030225409836065573,0.6178010471204188,0.01128194946795702
0.030233153984114785,0.6178010471204188,0.011283082887530327
0.030240902101486417,0.6178010471204188,0.01128529105335474
0.03024865419123302,0.6178010471204188,0.011288787238299847
0.030256410256410255,0.6178010471204188,0.011293241754174232
0.030264170300076942,0.6178010471204188,0.01129834447056055
0.030271934325295024,0.6178010471204188,0.011304796673357487
0.030279702335129586,0.6178010471204188,0.011306310072541237
0.030287474332648872,0.6178010471204188,0.011312303133308887
0.030295250320924262,0.6178010471204188,0.011316773481667042
0.030303030303030304,0.6178010471204188,0.011317483149468899
0.030310814282044695,0.6178010471204188,0.011325584724545479
0.030318602261048305,0.6178010471204188,0.011329691857099533
0.030326394243125162,0.6178010471204188,0.011334147304296494
0.030334190231362468,0.6178010471204188,0.011337311007082462
0.030341990228850604,0.6178010471204188,0.01134590245783329
0.030349794238683128,0.6178010471204188,0.011348133906722069
0.030357602263956777,0.6178010471204188,0.011350016109645367
0.030365414307771486,0.6178010471204188,0.011354618705809116
0.030373230373230375,0.6178010471204188,0.011354774236679077
0.03038105046343975,0.6178010471204188,0.01135843712836504
0.030388874581509143,0.6178010471204188,0.011360075324773788
0.030396702730551263,0.6178010471204188,0.01137496717274189
0.03040453491368204,0.6178010471204188,0.011375166475772858
0.030412371134020618,0.6178010471204188,0.011376994661986828
0.030420211394689353,0.6178010471204188,0.011377423070371151
0.030428055698813822,0.6178010471204188,0.01139355730265379
0.030435904049522827,0.6178010471204188,0.011393611319363117
0.0304437564499484,0.6178010471204188,0.011399869807064533
0.030451612903225806,0.6178010471204188,0.011399876326322556
0.030459473412493547,0.6178010471204188,0.011401815339922905
0.030467337980893364,0.6178010471204188,0.011402197182178497
0.030475206611570247,0.6178010471204188,0.011406170204281807
0.030483079307672436,0.6178010471204188,0.011407261714339256
0.03049095607235142,0.6178010471204188,0.011408019810914993
0.030498836908761952,0.6178010471204188,0.011414104141294956
0.030506721820062047,0.6178010471204188,0.011416343040764332
0.030514610809412982,0.6178010471204188,0.011417004279792309
0.030522503879979308,0.6178010471204188,0.011424077674746513
0.03053040103492885,0.6178010471204188,0.01142649631947279
0.030538302277432712,0.6178010471204188,0.011428456753492355
0.030546207610665285,0.6178010471204188,0.011428575031459332
0.030554117037804248,0.6178010471204188,0.011435376480221748
0.03056203056203056,0.6178010471204188,0.011442763730883598
0.030569948186528497,0.6178010471204188,0.011447462253272533
0.03057786991448562,0.6178010471204188,0.011451310478150845
0.030585795749092794,0.6178010471204188,0.011455537751317024
0.030593725693544207,0.6178010471204188,0.011465667746961117
0.030601659751037343,0.6178010471204188,0.0114670405164361
0.03060959792477302,0.6178010471204188,0.011478012427687645
0.03061754021795537,0.6178010471204188,0.011485540308058262
0.03062548663379185,0.6178010471204188,0.011504997499287128
0.03063343717549325,0.6178010471204188,0.011506387032568455
0.030641391846273694,0.6178010471204188,0.011510509066283703
0.03038961038961039,0.612565445026178,0.011510764248669147
0.030397505845674203,0.612565445026178,0.011513318866491318
0.030405405405405407,0.612565445026178,0.011525117792189121
0.03041330907200416,0.612565445026178,0.011544853448867798
0.030421216848673948,0.612565445026178,0.011547748930752277
0.030429128738621587,0.612565445026178,0.011548053473234177
0.03043704474505723,0.612565445026178,0.011549294926226139
0.03044496487119438,0.612565445026178,0.011552686803042889
0.03045288912024987,0.612565445026178,0.011553018353879452
0.030460817495443895,0.612565445026178,0.011555916629731655
0.03046875,0.612565445026178,0.0115569569170475
0.03047668663714509,0.612565445026178,0.011558922939002514
0.030484627410109433,0.612565445026178,0.011565162800252438
0.03049257232212666,0.612565445026178,0.011567010544240475
0.030500521376433786,0.612565445026178,0.01156946923583746
0.030508474576271188,0.612565445026178,0.011569665744900703
0.03051643192488263,0.612565445026178,0.011586167849600315
0.030524393425515262,0.612565445026178,0.01158628799021244
0.030532359081419623,0.612565445026178,0.011588194407522678
0.030540328895849646,0.612565445026178,0.011588619090616703
0.030548302872062665,0.612565445026178,0.011605508625507355
0.030556281013319406,0.612565445026178,0.011607663705945015
0.030564263322884012,0.612565445026178,0.011611062102019787
0.03057224980402404,0.612565445026178,0.011612731032073498
0.030580240460010455,0.612565445026178,0.01161679346114397
0.03058823529411765,0.612565445026178,0.011623874306678772
0.03059623430962343,0.612565445026178,0.011626772582530975
0.030604237509809052,0.612565445026178,0.011628213338553905
0.030612244897959183,0.612565445026178,0.011633179150521755
0.030620256477361947,0.612565445026178,0.0116353128105402
0.0306282722513089,0.612565445026178,0.01163631584495306
0.030636292223095052,0.612565445026178,0.011641999706625938
0.030644316396018858,0.612565445026178,0.0116495406255126
0.030652344773382238,0.612565445026178,0.011649815365672112
0.030660377358490566,0.612565445026178,0.011650435626506805
0.030668414154652688,0.612565445026178,0.011663027107715607
0.030676455165180912,0.612565445026178,0.011671175248920918
0.03068450039339103,0.612565445026178,0.011677435599267483
0.030692549842602307,0.612565445026178,0.011679185554385185
0.030700603516137497,0.612565445026178,0.011681954376399517
0.030708661417322834,0.612565445026178,0.011683997698128223
0.030716723549488054,0.612565445026178,0.011691357009112835
0.030724789915966385,0.612565445026178,0.011694597080349922
0.030732860520094562,0.612565445026178,0.011700059287250042
0.030740935365212822,0.612565445026178,0.011701327748596668
0.030749014454664915,0.612565445026178,0.011703777126967907
0.030757097791798107,0.612565445026178,0.01171162724494934
0.030765185379963186,0.612565445026178,0.011716761626303196
0.030773277222514467,0.612565445026178,0.011719146743416786
0.030781373322809787,0.612565445026178,0.01173317153006792
0.030789473684210526,0.612565445026178,0.011734449304640293
0.030797578310081602,0.612565445026178,0.011735145933926105
0.030805687203791468,0.612565445026178,0.011744655668735504
0.03081380036871214,0.612565445026178,0.011750723235309124
0.030821917808219176,0.612565445026178,0.011753431521356106
0.0308300395256917,0.612565445026178,0.011756672523915768
0.03083816552451239,0.612565445026178,0.011762811802327633
0.030846295808067494,0.612565445026178,0.011765528470277786
0.030854430379746837,0.612565445026178,0.011770264245569706
0.030862569242943814,0.612565445026178,0.011783754453063011
0.03087071240105541,0.612565445026178,0.011784265749156475
0.030878859857482184,0.612565445026178,0.011784560047090054
0.0308870116156283,0.612565445026178,0.011792792938649654
0.030895167678901506,0.612565445026178,0.01179294753819704
0.030903328050713153,0.612565445026178,0.011799913831055164
0.030911492734478203,0.612565445026178,0.011799929663538933
0.03091966173361522,0.612565445026178,0.011801226064562798
0.030927835051546393,0.612565445026178,0.011807811446487904
0.030936012691697514,0.612565445026178,0.011808879673480988
0.030944194657498016,0.612565445026178,0.011810247786343098
0.030952380952380953,0.612565445026178,0.01181465107947588
0.030960571579783012,0.612565445026178,0.011816772632300854
0.03096876654314452,0.612565445026178,0.011819975450634956
0.030976965845909452,0.612565445026178,0.011821785010397434
0.030985169491525424,0.612565445026178,0.011826727539300919
0.030993377483443708,0.612565445026178,0.011842815205454826
0.031001589825119236,0.612565445026178,0.011843863874673843
0.0310098065200106,0.612565445026178,0.011849166825413704
0.031018027571580065,0.612565445026178,0.011850065551698208
0.031026252983293555,0.612565445026178,0.011853237636387348
0.03103448275862069,0.612565445026178,0.01185646653175354
0.03104271690103476,0.612565445026178,0.011857298202812672
0.03105095541401274,0.612565445026178,0.011859896592795849
0.031059198301035307,0.612565445026178,0.011859970167279243
0.03106744556558683,0.612565445026178,0.01186425145715475
0.031075697211155377,0.612565445026178,0.011865508742630482
0.031083953241232733,0.612565445026178,0.011869959533214569
0.031092213659314378,0.612565445026178,0.01187081541866064
0.03110047846889952,0.612565445026178,0.01187298633158207
0.031108747673491092,0.612565445026178,0.011888649314641953
0.031117021276595744,0.612565445026178,0.011891057714819908
0.03112529928172386,0.612565445026178,0.01189210545271635
0.03113358169238957,0.612565445026178,0.011893808841705322
0.031141868512110725,0.612565445026178,0.011897615157067776
0.031150159744408944,0.612565445026178,0.01189794484525919
0.03115845539280959,0.612565445026178,0.011898674070835114
0.03116675546084177,0.612565445026178,0.011899481527507305
0.03117505995203837,0.612565445026178,0.011907855048775673
0.031183368869936032,0.612565445026178,0.011909246444702148
0.03119168221807518,0.612565445026178,0.011912209913134575
0.0312,0.612565445026178,0.011921199038624763
0.03120832221925847,0.612565445026178,0.011928580701351166
0.03121664887940235,0.612565445026178,0.011930183507502079
0.03095809981318388,0.6073298429319371,0.011945667676627636
0.030966364121729845,0.6073298429319371,0.011946871876716614
0.030974632843791722,0.6073298429319371,0.011948262341320515
0.030982905982905984,0.6073298429319371,0.011950001120567322
0.030991183542612877,0.6073298429319371,0.0119586531072855
0.03099946552645644,0.6073298429319371,0.011958952061831951
0.031007751937984496,0.6073298429319371,0.011963454075157642
0.031016042780748664,0.6073298429319371,0.011972092092037201
0.03102433805830436,0.6073298429319371,0.011973908171057701
0.03103263777421081,0.6073298429319371,0.011983429081737995
0.03104094193203104,0.6073298429319371,0.01198512315750122
0.031049250535331904,0.6073298429319371,0.011986805126070976
0.031057563587684068,0.6073298429319371,0.011989629827439785
0.031065881092662024,0.6073298429319371,0.011999597772955894
0.031074203053844094,0.6073298429319371,0.012001803144812584
0.031082529474812434,0.6073298429319371,0.012011056765913963
0.031090860359153042,0.6073298429319371,0.012011842802166939
0.031099195710455763,0.6073298429319371,0.012013806961476803
0.031107535532314292,0.6073298429319371,0.012015589512884617
0.03111587982832618,0.6073298429319371,0.01201919000595808
0.031124228602092838,0.6073298429319371,0.01201943401247263
0.031132581857219538,0.6073298429319371,0.012027629651129246
0.031140939597315436,0.6073298429319371,0.012036353349685669
0.031149301825993556,0.6073298429319371,0.01203856524080038
0.0311576685468708,0.6073298429319371,0.012044118717312813
0.031166039763567976,0.6073298429319371,0.01204640045762062
0.030905670518677774,0.6020942408376964,0.012046496383845806
0.030913978494623656,0.6020942408376964,0.012051679193973541
0.03092229093842431,0.6020942408376964,0.012055234052240849
0.030930607853684778,0.6020942408376964,0.012057510204613209
0.03093892924401399,0.6020942408376964,0.01206181664019823
0.030947255113024756,0.6020942408376964,0.012062919326126575
0.03095558546433378,0.6020942408376964,0.012062993831932545
0.03096392030156166,0.6020942408376964,0.012066777795553207
0.030972259628332884,0.6020942408376964,0.012067017145454884
0.030980603448275863,0.6020942408376964,0.01207046303898096
0.030988951765022903,0.6020942408376964,0.012073437683284283
0.03099730458221024,0.6020942408376964,0.012075035832822323
0.031005661903478025,0.6020942408376964,0.012077492661774158
0.031014023732470336,0.6020942408376964,0.012084579095244408
0.031022390072835176,0.6020942408376964,0.012085556983947754
0.0310307609282245,0.6020942408376964,0.012091867625713348
0.0310391363022942,0.6020942408376964,0.012092499062418938
0.031047516198704102,0.6020942408376964,0.012092893011868
0.031055900621118012,0.6020942408376964,0.012097803875803947
0.031064289573203674,0.6020942408376964,0.012108259834349155
0.0310726830586328,0.6020942408376964,0.012109036557376385
0.031081081081081083,0.6020942408376964,0.012110559269785881
0.03108948364422817,0.6020942408376964,0.012112789787352085
0.031097890751757708,0.6020942408376964,0.012115688063204288
0.031106302407357317,0.6020942408376964,0.012117081321775913
0.030844155844155844,0.5968586387434555,0.012137710116803646
0.030852503382949932,0.5968586387434555,0.012138704769313335
0.03086085544125609,0.5968586387434555,0.012142421677708626
0.030869212022745736,0.5968586387434555,0.0121548967435956
0.03087757313109426,0.5968586387434555,0.0121559277176857
0.030885938769981035,0.5968586387434555,0.012158115394413471
0.03062330623306233,0.5916230366492147,0.012162039056420326
0.030631607481702357,0.5916230366492147,0.01216814760118723
0.03036876355748373,0.5863874345549738,0.012168841436505318
0.030377000271223215,0.5863874345549738,0.012169516645371914
0.030385241454150842,0.5863874345549738,0.012170938774943352
0.03039348710990502,0.5863874345549738,0.012171122245490551
0.03013029315960912,0.581151832460733,0.012171654962003231
0.030138474070051588,0.581151832460733,0.012172005139291286
0.030146659424225963,0.581151832460733,0.012173209339380264
0.03015484922575387,0.581151832460733,0.012179162353277206
0.03016304347826087,0.581151832460733,0.0121823875233531
0.03017124218537646,0.581151832460733,0.012214102782309055
0.030179445350734094,0.581151832460733,0.01221570186316967
0.03018765297797117,0.581151832460733,0.012219184078276157
0.030195865070729053,0.581151832460733,0.012228153645992279
0.030204081632653063,0.581151832460733,0.012234099209308624
0.03021230266739249,0.581151832460733,0.01223662868142128
0.0302205281786006,0.581151832460733,0.012236773036420345
0.03022875816993464,0.581151832460733,0.012237642891705036
0.030236992645055843,0.581151832460733,0.01224365085363388
0.030245231607629427,0.581151832460733,0.01224600337445736
0.03025347506132461,0.581151832460733,0.012247630394995213
0.03026172300981461,0.581151832460733,0.012248859740793705
0.030269975456776656,0.581151832460733,0.012253937311470509
0.030278232405891982,0.581151832460733,0.012254179455339909
0.03028649386084584,0.581151832460733,0.012260102666914463
0.030294759825327512,0.581151832460733,0.012275616638362408
0.030303030303030304,0.581151832460733,0.012283030897378922
0.030311305297651556,0.581151832460733,0.012286392971873283
0.030319584812892653,0.581151832460733,0.01228884607553482
0.030327868852459017,0.581151832460733,0.012289749458432198
0.030336157420060125,0.581151832460733,0.01229076273739338
0.030344450519409514,0.581151832460733,0.01229356974363327
0.030352748154224774,0.581151832460733,0.012293783947825432
0.03036105032822757,0.581151832460733,0.012294073589146137
0.03036935704514364,0.581151832460733,0.012295151129364967
0.030377668308702793,0.581151832460733,0.012300247326493263
0.030385984122638928,0.581151832460733,0.012300624512135983
0.030394304490690034,0.581151832460733,0.012303358875215054
0.030402629416598194,0.581151832460733,0.012304610572755337
0.030410958904109588,0.581151832460733,0.012304783798754215
0.030419292956974514,0.581151832460733,0.012307172641158104
0.03042763157894737,0.581151832460733,0.012307183817029
0.030435974773786675,0.581151832460733,0.01231080200523138
0.030444322545255073,0.581151832460733,0.012315139174461365
0.030452674897119343,0.581151832460733,0.012319437228143215
0.030461031833150385,0.581151832460733,0.012321881018579006
0.03046939335712325,0.581151832460733,0.012326796539127827
0.030477759472817133,0.581151832460733,0.012329606339335442
0.03048613018401538,0.581151832460733,0.012334049679338932
0.030494505494505494,0.581151832460733,0.012341422960162163
0.030502885408079144,0.581151832460733,0.012352569960057735
0.03051126992853216,0.581151832460733,0.012356474995613098
0.03051965905966456,0.581151832460733,0.012358208186924458
0.03052805280528053,0.581151832460733,0.012358994223177433
0.030536451169188447,0.581151832460733,0.012371188960969448
0.03054485415520088,0.581151832460733,0.012371794320642948
0.0305532617671346,0.581151832460733,0.01237561646848917
0.030561674008810574,0.581151832460733,0.012378438375890255
0.03057009088405398,0.581151832460733,0.01237970869988203
0.030578512396694214,0.581151832460733,0.012387390248477459
0.030586938550564893,0.581151832460733,0.012387564405798912
0.030595369349503857,0.581151832460733,0.012388299219310284
0.030603804797353185,0.581151832460733,0.012389921583235264
0.03033645890788748,0.5759162303664922,0.012391514144837856
0.030344827586206897,0.5759162303664922,0.012394041754305363
0.030353200883002206,0.5759162303664922,0.012399435043334961
0.030361578802097708,0.5759162303664922,0.012413077987730503
0.030093870789618993,0.5706806282722513,0.012415030039846897
0.030102181717757526,0.5706806282722513,0.012416164390742779
0.03011049723756906,0.5706806282722513,0.012417479418218136
0.030118817352859907,0.5706806282722513,0.012423439882695675
0.030127142067440577,0.5706806282722513,0.01242359820753336
0.030135471385125796,0.5706806282722513,0.012435673736035824
0.03014380530973451,0.5706806282722513,0.012437769211828709
0.030152143845089904,0.5706806282722513,0.012440318241715431
0.03016048699501937,0.5706806282722513,0.012441301718354225
0.03016883476335455,0.5706806282722513,0.012445955537259579
0.03017718715393134,0.5706806282722513,0.012457400560379028
0.030185544170589863,0.5706806282722513,0.012458725832402706
0.030193905817174516,0.5706806282722513,0.012464993633329868
0.03020227209753394,0.5706806282722513,0.012484055012464523
0.030210643015521066,0.5706806282722513,0.012485524639487267
0.030219018574993067,0.5706806282722513,0.012494558468461037
0.030227398779811426,0.5706806282722513,0.012497488409280777
0.030235783633841887,0.5706806282722513,0.012508015148341656
0.030244173140954494,0.5706806282722513,0.012509375810623169
0.03025256730502359,0.5706806282722513,0.012523124925792217
0.03026096612992782,0.5706806282722513,0.012541542761027813
0.030269369619550124,0.5706806282722513,0.012550456449389458
0.03027777777777778,0.5706806282722513,0.012550621293485165
0.03028619060850236,0.5706806282722513,0.012551791965961456
0.03029460811561979,0.5706806282722513,0.012562151066958904
0.030303030303030304,0.5706806282722513,0.012575513683259487
0.030311457174638488,0.5706806282722513,0.012578929774463177
0.03031988873435327,0.5706806282722513,0.012591717764735222
0.030328324986087923,0.5706806282722513,0.012598519213497639
0.030336765933760088,0.5706806282722513,0.012599783018231392
0.030345211581291758,0.5706806282722513,0.012600910849869251
0.0303536619326093,0.5706806282722513,0.012615134008228779
0.030362116991643453,0.5706806282722513,0.012621317990124226
0.03037057676232934,0.5706806282722513,0.012631138786673546
0.030379041248606464,0.5706806282722513,0.012639614753425121
0.030387510454418735,0.5706806282722513,0.012644080445170403
0.030395984383714447,0.5706806282722513,0.012645074166357517
0.030404463040446306,0.5706806282722513,0.012645579874515533
0.030412946428571428,0.5706806282722513,0.012649080716073513
0.030421434552051353,0.5706806282722513,0.012650254182517529
0.030429927414852037,0.5706806282722513,0.012653644196689129
0.03043842502094387,0.5706806282722513,0.01265888661146164
0.030446927374301675,0.5706806282722513,0.012681345455348492
0.03045543447890472,0.5706806282722513,0.012683018110692501
0.030463946338736725,0.5706806282722513,0.012686015106737614
0.030472462957785853,0.5706806282722513,0.012690267525613308
0.03048098434004474,0.5706806282722513,0.012696579098701477
0.03048951048951049,0.5706806282722513,0.012700643390417099
0.030498041410184668,0.5706806282722513,0.012701857835054398
0.030226700251889168,0.5654450261780105,0.012707995250821114
0.030235162374020158,0.5654450261780105,0.01270891074091196
0.03024362923550826,0.5654450261780105,0.012712458148598671
0.030252100840336135,0.5654450261780105,0.012716073542833328
0.030260577192490895,0.5654450261780105,0.012723720632493496
0.030269058295964126,0.5654450261780105,0.01273045502603054
0.030277544154751892,0.5654450261780105,0.012736137956380844
0.03028603477285474,0.5654450261780105,0.012753928080201149
0.0302945301542777,0.5654450261780105,0.01276483479887247
0.030303030303030304,0.5654450261780105,0.012765604071319103
0.03031153522312658,0.5654450261780105,0.012771524488925934
0.030320044918585063,0.5654450261780105,0.012773587368428707
0.030328559393428812,0.5654450261780105,0.012780672870576382
0.030337078651685393,0.5654450261780105,0.012781760655343533
0.030345602697386908,0.5654450261780105,0.012783722952008247
0.03035413153456998,0.5654450261780105,0.012787887826561928
0.030362665167275794,0.5654450261780105,0.012789803557097912
0.030371203599550055,0.5654450261780105,0.012791217304766178
0.030379746835443037,0.5654450261780105,0.012797938659787178
0.030388294879009566,0.5654450261780105,0.012805182486772537
0.030396847734309035,0.5654450261780105,0.012807389721274376
0.030405405405405407,0.5654450261780105,0.01281360536813736
0.03041396789636722,0.5654450261780105,0.012829497456550598
0.030422535211267605,0.5654450261780105,0.012829582206904888
0.030431107354184278,0.5654450261780105,0.012836456298828125
0.030439684329199548,0.5654450261780105,0.012838051654398441
0.03044826614040034,0.5654450261780105,0.012841169722378254
0.030456852791878174,0.5654450261780105,0.01284204050898552
0.030465444287729196,0.5654450261780105,0.012844513170421124
0.030474040632054177,0.5654450261780105,0.012848226353526115
0.03048264182895851,0.5654450261780105,0.012848353013396263
0.030491247882552232,0.5654450261780105,0.012851080857217312
0.030217452696978255,0.5602094240837696,0.01285138912498951
0.030225988700564973,0.5602094240837696,0.012862603180110455
0.030234529528115287,0.5602094240837696,0.01286509819328785
0.030243075183719617,0.5602094240837696,0.012868211604654789
0.030251625671473,0.5602094240837696,0.012871197424829006
0.030260180995475113,0.5602094240837696,0.012872184626758099
0.03026874115983027,0.5602094240837696,0.012873281724750996
0.030277306168647426,0.5602094240837696,0.012883217073976994
0.030285876026040194,0.5602094240837696,0.012889906764030457
0.03029445073612684,0.5602094240837696,0.01289423368871212
0.030303030303030304,0.5602094240837696,0.012895927764475346
0.03031161473087819,0.5602094240837696,0.012901822105050087
0.030320204023802776,0.5602094240837696,0.012902653776109219
0.030328798185941044,0.5602094240837696,0.012914052233099937
0.030337397221434647,0.5602094240837696,0.012916721403598785
0.030346001134429947,0.5602094240837696,0.012916740030050278
0.030354609929078014,0.5602094240837696,0.012927377596497536
0.03036322360953462,0.5602094240837696,0.012933134101331234
0.03037184217996026,0.5602094240837696,0.012933378107845783
0.03038046564452016,0.5602094240837696,0.01293676346540451
0.030389094007384265,0.5602094240837696,0.012955487705767155
0.030397727272727274,0.5602094240837696,0.012959848158061504
0.030406365444728616,0.5602094240837696,0.01296271476894617
0.030415008527572486,0.5602094240837696,0.012964960187673569
0.030139323286892238,0.5549738219895288,0.012968634255230427
0.030147895335608646,0.5549738219895288,0.01297567505389452
0.030156472261735418,0.5549738219895288,0.012977225705981255
0.03016505406943654,0.5549738219895288,0.012977304868400097
0.03017364076288073,0.5549738219895288,0.012987497262656689
0.03018223234624146,0.5549738219895288,0.012994283810257912
0.030190828823696954,0.5549738219895288,0.012994973920285702
0.0301994301994302,0.5549738219895288,0.012996343895792961
0.030208036477628954,0.5549738219895288,0.012998577207326889
0.030216647662485746,0.5549738219895288,0.013003594242036343
0.03022526375819789,0.5549738219895288,0.01300573069602251
0.030233884768967486,0.5549738219895288,0.01300756074488163
0.030242510699001426,0.5549738219895288,0.013009329326450825
0.030251141552511414,0.5549738219895288,0.013011589646339417
0.03025977733371396,0.5549738219895288,0.01302451640367508
0.03026841804683038,0.5549738219895288,0.013025907799601555
0.030277063696086834,0.5549738219895288,0.013026092201471329
0.030285714285714287,0.5549738219895288,0.013027938082814217
0.030294369819948555,0.5549738219895288,0.013029500842094421
0.030303030303030304,0.5549738219895288,0.013029825873672962
0.030311695739205034,0.5549738219895288,0.013034223578870296
0.03032036613272311,0.5549738219895288,0.013037842698395252
0.03032904148783977,0.5549738219895288,0.013038567267358303
0.03033772180881511,0.5549738219895288,0.013042827136814594
0.030346407099914114,0.5549738219895288,0.01304800808429718
0.030355097365406643,0.5549738219895288,0.013060909695923328
0.03036379260956746,0.5549738219895288,0.013064728118479252
0.03037249283667622,0.5549738219895288,0.013070379383862019
0.030381198051017484,0.5549738219895288,0.013072120025753975
0.030389908256880736,0.5549738219895288,0.013095511123538017
0.030398623458560366,0.5549738219895288,0.013096257112920284
0.030407343660355707,0.5549738219895288,0.013098579831421375
0.030416068866571017,0.5549738219895288,0.013103661127388477
0.030424799081515498,0.5549738219895288,0.013104474171996117
0.030433534309503303,0.5549738219895288,0.013106614351272583
0.030442274554853533,0.5549738219895288,0.01311494316905737
0.03045101982189026,0.5549738219895288,0.013115042820572853
0.03045977011494253,0.5549738219895288,0.013118048198521137
0.03046852543834435,0.5549738219895288,0.013118320144712925
0.030189764232317423,0.5497382198952879,0.013123389333486557
0.030198446937014668,0.5497382198952879,0.013125106692314148
0.030207134637514385,0.5497382198952879,0.01313007902354002
0.030215827338129497,0.5497382198952879,0.013135183602571487
0.030224525043177894,0.5497382198952879,0.013147707097232342
0.030233227756982436,0.5497382198952879,0.013152012601494789
0.03024193548387097,0.5497382198952879,0.013156103901565075
0.03025064822817632,0.5497382198952879,0.013156246393918991
0.03025936599423631,0.5497382198952879,0.013171856291592121
0.030268088786393775,0.5497382198952879,0.01317243929952383
0.03027681660899654,0.5497382198952879,0.01318393088877201
0.03028554946639746,0.5497382198952879,0.013184172101318836
0.030294287362954413,0.5497382198952879,0.013184389099478722
0.030303030303030304,0.5497382198952879,0.013188391923904419
0.03002309468822171,0.5445026178010471,0.013192307204008102
0.03003176436615651,0.5445026178010471,0.013194393366575241
0.03004043905257077,0.5445026178010471,0.013196486048400402
0.030049118751805836,0.5445026178010471,0.013199634850025177
0.03005780346820809,0.5445026178010471,0.01320697832852602
0.03006649320612894,0.5445026178010471,0.013218672946095467
0.03007518796992481,0.5445026178010471,0.013220974244177341
0.03008388776395719,0.5445026178010471,0.01322252955287695
0.03009259259259259,0.5445026178010471,0.013227545656263828
0.030101302460202605,0.5445026178010471,0.01323082484304905
0.030110017371163866,0.5445026178010471,0.013231821358203888
0.030118737329858095,0.5445026178010471,0.013241543434560299
0.029837775202780997,0.5392670157068062,0.01324276439845562
0.02984642132715155,0.5392670157068062,0.013254023157060146
0.029855072463768118,0.5392670157068062,0.013256535865366459
0.029863728616990434,0.5392670157068062,0.013259543105959892
0.029872389791183295,0.5392670157068062,0.013260135427117348
0.029881055990716564,0.5392670157068062,0.013268686830997467
0.029889727219965176,0.5392670157068062,0.013273051008582115
0.029898403483309143,0.5392670157068062,0.013274592347443104
0.029907084785133566,0.5392670157068062,0.01330876350402832
0.029915771129828638,0.5392670157068062,0.013315890915691853
0.029924462521789656,0.5392670157068062,0.013319801539182663
0.02993315896541703,0.5392670157068062,0.01332054752856493
0.02994186046511628,0.5392670157068062,0.013323668390512466
0.029950567025298053,0.5392670157068062,0.013332333415746689
0.029959278650378125,0.5392670157068062,0.013332804664969444
0.029967995344777423,0.5392670157068062,0.013332873582839966
0.029976717112922,0.5392670157068062,0.01333427894860506
0.029985443959243085,0.5392670157068062,0.013336047530174255
0.029994175888177054,0.5392670157068062,0.013339506462216377
0.030002912904165454,0.5392670157068062,0.01334514282643795
0.030011655011655012,0.5392670157068062,0.01334715262055397
0.03002040221509764,0.5392670157068062,0.013347816653549671
0.030029154518950437,0.5392670157068062,0.013349941000342369
0.030037911927675708,0.5392670157068062,0.01335891243070364
0.030046674445740957,0.5392670157068062,0.013364557176828384
0.03005544207761891,0.5392670157068062,0.0133728152140975
0.030064214827787508,0.5392670157068062,0.013373375870287418
0.03007299270072993,0.5392670157068062,0.01339662354439497
0.03008177570093458,0.5392670157068062,0.013397480361163616
0.03009056383289512,0.5392670157068062,0.013398987241089344
0.03009935710111046,0.5392670157068062,0.01339998934417963
0.03010815551008477,0.5392670157068062,0.013403987511992455
0.030116959064327486,0.5392670157068062,0.013412314467132092
0.03012576776835332,0.5392670157068062,0.01341395452618599
0.03013458162668227,0.5392670157068062,0.013415512628853321
0.030143400643839625,0.5392670157068062,0.013425557874143124
0.03015222482435597,0.5392670157068062,0.013426498509943485
0.030161054172767203,0.5392670157068062,0.013429947197437286
0.03016988869361453,0.5392670157068062,0.013441981747746468
0.030178728391444476,0.5392670157068062,0.013452723622322083
0.03018757327080891,0.5392670157068062,0.013454989530146122
0.030196423336265026,0.5392670157068062,0.013456534594297409
0.030205278592375366,0.5392670157068062,0.013456995598971844
0.030214139043707833,0.5392670157068062,0.01345905289053917
0.03022300469483568,0.5392670157068062,0.01346023753285408
0.03023187555033754,0.5392670157068062,0.01346411369740963
0.030240751614797418,0.5392670157068062,0.013470816425979137
0.0302496328928047,0.5392670157068062,0.013474156148731709
0.030258519388954172,0.5392670157068062,0.013478663749992847
0.030267411107846018,0.5392670157068062,0.013482950627803802
0.03027630805408583,0.5392670157068062,0.013493787497282028
0.030285210232284622,0.5392670157068062,0.01349540613591671
0.030294117647058822,0.5392670157068062,0.013498155400156975
0.030303030303030304,0.5392670157068062,0.01350086648017168
0.03031194820482637,0.5392670157068062,0.013510122895240784
0.030320871357079775,0.5392670157068062,0.013514508493244648
0.03032979976442874,0.5392670157068062,0.01352199912071228
0.030338733431516936,0.5392670157068062,0.013522329740226269
0.030053034767236298,0.5340314136125655,0.01354589220136404
0.030061892130857647,0.5340314136125655,0.013565179891884327
0.030070754716981132,0.5340314136125655,0.013572882860898972
0.03007962253022707,0.5340314136125655,0.01358115952461958
0.03008849557522124,0.5340314136125655,0.013587613590061665
0.030097373856594865,0.5340314136125655,0.013605257496237755
0.03010625737898465,0.5340314136125655,0.013609789311885834
0.030115146147032774,0.5340314136125655,0.013610371388494968
0.030124040165386886,0.5340314136125655,0.013611460104584694
0.030132939438700147,0.5340314136125655,0.013611920177936554
0.030141843971631204,0.5340314136125655,0.01361892744898796
0.03015075376884422,0.5340314136125655,0.013621706515550613
0.03015966883500887,0.5340314136125655,0.013622269965708256
0.030168589174800354,0.5340314136125655,0.013624601997435093
0.03017751479289941,0.5340314136125655,0.013630564324557781
0.029890500147972773,0.5287958115183246,0.013632179237902164
0.02989934872705743,0.5287958115183246,0.013634590432047844
0.029908202546639027,0.5287958115183246,0.013637232594192028
0.029917061611374408,0.5287958115183246,0.013641782104969025
0.029925925925925925,0.5287958115183246,0.013646119274199009
0.02993479549496147,0.5287958115183246,0.013646484352648258
0.029943670323154464,0.5287958115183246,0.013654889538884163
0.029952550415183868,0.5287958115183246,0.013655691407620907
0.029961435775734204,0.5287958115183246,0.013661757111549377
0.02997032640949555,0.5287958115183246,0.013665728271007538
0.02997922232116355,0.5287958115183246,0.013666467741131783
0.02998812351543943,0.5287958115183246,0.013680344447493553
0.029997029997029998,0.5287958115183246,0.013689774088561535
0.030005941770647655,0.5287958115183246,0.01369511242955923
0.030014858841010402,0.5287958115183246,0.01370711624622345
0.030023781212841855,0.5287958115183246,0.01371482852846384
0.029735355337496282,0.5235602094240838,0.013716641813516617
0.0297441998810232,0.5235602094240838,0.013719028793275356
0.02975304968759298,0.5235602094240838,0.013723202981054783
0.02976190476190476,0.5235602094240838,0.01372798066586256
0.02977076510866329,0.5235602094240838,0.013728141784667969
0.029779630732578916,0.5235602094240838,0.013735936023294926
0.02978850163836759,0.5235602094240838,0.01373757142573595
0.029797377830750895,0.5235602094240838,0.013750317506492138
0.029806259314456036,0.5235602094240838,0.0137507114559412
0.02981514609421586,0.5235602094240838,0.013752568513154984
0.029824038174768863,0.5235602094240838,0.013757328502833843
0.029832935560859187,0.5235602094240838,0.013762971386313438
0.029841838257236644,0.5235602094240838,0.013771990314126015
0.029850746268656716,0.5235602094240838,0.013785785995423794
0.029859659599880562,0.5235602094240838,0.013790875673294067
0.02986857825567503,0.5235602094240838,0.013792017474770546
0.02987750224081267,0.5235602094240838,0.01379842683672905
0.029886431560071727,0.5235602094240838,0.013799854554235935
0.029895366218236172,0.5235602094240838,0.013816139660775661
0.029904306220095694,0.5235602094240838,0.0138185890391469
0.029913251570445706,0.5235602094240838,0.013820174150168896
0.029922202274087373,0.5235602094240838,0.013820493593811989
0.029931158335827598,0.5235602094240838,0.013825707137584686
0.029940119760479042,0.5235602094240838,0.013832326978445053
0.02994908655286014,0.5235602094240838,0.01383768767118454
0.029958058717795086,0.5235602094240838,0.013846051879227161
0.029967036260113874,0.5235602094240838,0.013855598866939545
0.02997601918465228,0.5235602094240838,0.0138558279722929
0.029985007496251874,0.5235602094240838,0.013861249200999737
0.029994001199760048,0.5235602094240838,0.0138669079169631
0.030003000300030003,0.5235602094240838,0.013873848132789135
0.02971188475390156,0.518324607329843,0.01387510634958744
0.029720804563194234,0.518324607329843,0.013875283300876617
0.02972972972972973,0.518324607329843,0.013876359909772873
0.029738660258335835,0.518324607329843,0.01387660764157772
0.029747596153846152,0.518324607329843,0.013887481763958931
0.029756537421100092,0.518324607329843,0.0138930669054389
0.029765484064942876,0.518324607329843,0.013896634802222252
0.029774436090225564,0.518324607329843,0.013901620171964169
0.029783393501805054,0.518324607329843,0.013903843238949776
0.029792356304544087,0.518324607329843,0.013907765969634056
0.029801324503311258,0.518324607329843,0.013909970410168171
0.02981029810298103,0.518324607329843,0.013910558074712753
0.029819277108433736,0.518324607329843,0.013919234275817871
0.029828261524555588,0.518324607329843,0.013922507874667645
0.029837251356238697,0.518324607329843,0.013924374245107174
0.029846246608381068,0.518324607329843,0.01393103413283825
0.02985524728588661,0.518324607329843,0.013932796195149422
0.02986425339366516,0.518324607329843,0.013942481949925423
0.02987326493663247,0.518324607329843,0.01394366193562746
0.02988228191971023,0.518324607329843,0.013945668004453182
0.029891304347826088,0.518324607329843,0.013946953229606152
0.029900332225913623,0.518324607329843,0.013950410299003124
0.029909365558912385,0.518324607329843,0.013951235450804234
0.029918404351767906,0.518324607329843,0.01395156979560852
0.02992744860943168,0.518324607329843,0.013972248882055283
0.029936498336861204,0.518324607329843,0.013976283371448517
0.029945553539019964,0.518324607329843,0.013984736986458302
0.02995461422087746,0.518324607329843,0.014009376056492329
0.0299636803874092,0.518324607329843,0.014012781903147697
0.02997275204359673,0.518324607329843,0.014015297405421734
0.02998182919442762,0.518324607329843,0.014018231071531773
0.029990911844895485,0.518324607329843,0.014023813419044018
0.03,0.518324607329843,0.01402693334966898
0.030009093664746894,0.518324607329843,0.014030170626938343
0.03001819284414797,0.518324607329843,0.014031734317541122
0.03002729754322111,0.518324607329843,0.014039454981684685
0.030036407766990292,0.518324607329843,0.014044709503650665
0.030045523520485583,0.518324607329843,0.014047179371118546
0.030054644808743168,0.518324607329843,0.014053910970687866
0.030063771636805344,0.518324607329843,0.0140576446428895
0.030072904009720534,0.518324607329843,0.014057716354727745
0.0300820419325433,0.518324607329843,0.014064500108361244
0.030091185410334346,0.518324607329843,0.014073674567043781
0.030100334448160536,0.518324607329843,0.014074679464101791
0.029805352798053526,0.5130890052356021,0.014076989144086838
0.029814420444174018,0.5130890052356021,0.014078239910304546
0.02982349360925137,0.5130890052356021,0.014089012518525124
0.029832572298325723,0.5130890052356021,0.01409398764371872
0.02984165651644336,0.5130890052356021,0.014102384448051453
0.029850746268656716,0.5130890052356021,0.014111628755927086
0.029859841560024376,0.5130890052356021,0.014115835539996624
0.029868942395611095,0.5130890052356021,0.014121304266154766
0.029878048780487804,0.5130890052356021,0.014128257520496845
0.029887160719731624,0.5130890052356021,0.01412910781800747
0.02989627821842587,0.5130890052356021,0.014134283177554607
0.029905401281660055,0.5130890052356021,0.01413948554545641
0.029914529914529916,0.5130890052356021,0.014144903980195522
0.029923664122137403,0.5130890052356021,0.014152832329273224
0.029932803909590716,0.5130890052356021,0.014159108512103558
0.029941949282004277,0.5130890052356021,0.01416187733411789
0.029951100244498777,0.5130890052356021,0.014163481071591377
0.02996025680220116,0.5130890052356021,0.014163707382977009
0.02996941896024465,0.5130890052356021,0.014164160937070847
0.029978586723768737,0.5130890052356021,0.014165359549224377
0.029987760097919217,0.5130890052356021,0.014174725860357285
0.02999693908784818,0.5130890052356021,0.014175430871546268
0.030006123698714023,0.5130890052356021,0.014184730127453804
0.03001531393568147,0.5130890052356021,0.014185629785060883
0.03002450980392157,0.5130890052356021,0.014195621944963932
0.030033711308611707,0.5130890052356021,0.014210350811481476
0.030042918454935622,0.5130890052356021,0.014218093827366829
0.03005213124808341,0.5130890052356021,0.01422104798257351
0.030061349693251534,0.5130890052356021,0.014226277358829975
0.030070573795642836,0.5130890052356021,0.014228303916752338
0.030079803560466543,0.5130890052356021,0.014230858534574509
0.030089038992938286,0.5130890052356021,0.014240353368222713
0.030098280098280097,0.5130890052356021,0.014242923818528652
0.030107526881720432,0.5130890052356021,0.014262191019952297
0.03011677934849416,0.5130890052356021,0.01426493376493454
0.030126037503842608,0.5130890052356021,0.014270479790866375
0.03013530135301353,0.5130890052356021,0.01427365280687809
0.03014457090126115,0.5130890052356021,0.014275403693318367
0.030153846153846153,0.5130890052356021,0.01427887286990881
0.030163127116035703,0.5130890052356021,0.01428960170596838
0.03017241379310345,0.5130890052356021,0.014290078543126583
0.030181706190329536,0.5130890052356021,0.014314783737063408
0.030191004313000615,0.5130890052356021,0.014320658519864082
0.03020030816640986,0.5130890052356021,0.014321519993245602
0.03020961775585697,0.5130890052356021,0.014322462491691113
0.030218933086648164,0.5130890052356021,0.014325297437608242
0.030228254164096236,0.5130890052356021,0.014326394535601139
0.03023758099352052,0.5130890052356021,0.014334962703287601
0.030246913580246913,0.5130890052356021,0.014335883781313896
0.030256251929607902,0.5130890052356021,0.014336100779473782
0.030265596046942556,0.5130890052356021,0.01434315089136362
0.03027494593759654,0.5130890052356021,0.01435331255197525
0.030284301606922127,0.5130890052356021,0.01436085719615221
0.030293663060278208,0.5130890052356021,0.01436529215425253
0.030303030303030304,0.5130890052356021,0.0143656637519598
0.030312403340550572,0.5130890052356021,0.014367115683853626
0.03032178217821782,0.5130890052356021,0.014369208365678787
0.030331166821417517,0.5130890052356021,0.014373031444847584
0.030340557275541795,0.5130890052356021,0.014381754212081432
0.03034995354598947,0.5130890052356021,0.01438275445252657
0.030359355638166045,0.5130890052356021,0.014385296031832695
0.03036876355748373,0.5130890052356021,0.014390327967703342
0.03037817730936144,0.5130890052356021,0.014393466524779797
0.030387596899224805,0.5130890052356021,0.014399407431483269
0.030397022332506202,0.5130890052356021,0.014401808381080627
0.03040645361464474,0.5130890052356021,0.014402581378817558
0.03041589075108628,0.5130890052356021,0.014404279179871082
0.030425333747283453,0.5130890052356021,0.014408979564905167
0.030434782608695653,0.5130890052356021,0.014410792849957943
0.030444237340789066,0.5130890052356021,0.014412757940590382
0.030453697949036667,0.5130890052356021,0.014414397068321705
0.030463164438918246,0.5130890052356021,0.014420509338378906
0.030472636815920398,0.5130890052356021,0.014421254396438599
0.030482115085536547,0.5130890052356021,0.014429558999836445
0.030491599253266957,0.5130890052356021,0.014437555335462093
0.030501089324618737,0.5130890052356021,0.014450540766119957
0.030510585305105854,0.5130890052356021,0.014455003663897514
0.030520087200249145,0.5130890052356021,0.01445856411010027
0.030529595015576325,0.5130890052356021,0.01446750108152628
0.030539108756622,0.5130890052356021,0.014469997026026249
0.03054862842892768,0.5130890052356021,0.014479377306997776
0.030558154038041782,0.5130890052356021,0.014483324252068996
0.03056768558951965,0.5130890052356021,0.014484943822026253
0.030577223088923557,0.5130890052356021,0.014494103379547596
0.03058676654182272,0.5130890052356021,0.014494857750833035
0.030596315953793318,0.5130890052356021,0.014494966715574265
0.030605871330418487,0.5130890052356021,0.014494981616735458
0.03061543267728835,0.5130890052356021,0.014496213756501675
0.030625,0.5130890052356021,0.0144962752237916
0.030634573304157548,0.5130890052356021,0.014498768374323845
0.030644152595372107,0.5130890052356021,0.014500648714601994
0.030340944635595873,0.5078534031413613,0.014505679719150066
0.03035043804755945,0.5078534031413613,0.014512020163238049
0.030359937402190923,0.5078534031413613,0.01451252494007349
0.03036944270507201,0.5078534031413613,0.014514017850160599
0.030378953961791418,0.5078534031413613,0.014520423486828804
0.03038847117794486,0.5078534031413613,0.014520587399601936
0.030397994359135067,0.5078534031413613,0.014528894796967506
0.030407523510971788,0.5078534031413613,0.014529180712997913
0.03041705863907181,0.5078534031413613,0.014529392123222351
0.03042659974905897,0.5078534031413613,0.014533134177327156
0.030436146846564167,0.5078534031413613,0.01453610509634018
0.03044569993722536,0.5078534031413613,0.014537717215716839
0.0304552590266876,0.5078534031413613,0.014539575204253197
0.030464824120603015,0.5078534031413613,0.01454226765781641
0.03047439522463085,0.5078534031413613,0.0145494993776083
0.03048397234443746,0.5078534031413613,0.014549636282026768
0.030493555485696322,0.5078534031413613,0.014549888670444489
0.03050314465408805,0.5078534031413613,0.014560503885149956
0.030512739855300407,0.5078534031413613,0.014568538405001163
0.03052234109502832,0.5078534031413613,0.014584386721253395
0.030531948378973876,0.5078534031413613,0.014591673389077187
0.030541561712846346,0.5078534031413613,0.0145955765619874
0.030551181102362206,0.5078534031413613,0.014599135145545006
0.030560806553245116,0.5078534031413613,0.014607973396778107
0.030570438071225968,0.5078534031413613,0.014612702652812004
0.030580075662042874,0.5078534031413613,0.014615779742598534
0.030589719331441185,0.5078534031413613,0.014616171829402447
0.0305993690851735,0.5078534031413613,0.014631824567914009
0.030609024928999685,0.5078534031413613,0.014635137282311916
0.030618686868686868,0.5078534031413613,0.014636843465268612
0.030628354910009474,0.5078534031413613,0.014648630283772945
0.03063802905874921,0.5078534031413613,0.014649895951151848
0.0306477093206951,0.5078534031413613,0.014663738198578358
0.03065739570164349,0.5078534031413613,0.014665894210338593
0.03066708820739804,0.5078534031413613,0.01466804463416338
0.030676786843769767,0.5078534031413613,0.014670477248728275
0.030686491616577032,0.5078534031413613,0.014671813696622849
0.03069620253164557,0.5078534031413613,0.014672993682324886
0.030705919594808485,0.5078534031413613,0.014673476107418537
0.03071564281190627,0.5078534031413613,0.01467526238411665
0.030725372188786824,0.5078534031413613,0.014682730659842491
0.03073510773130545,0.5078534031413613,0.014683082699775696
0.030744849445324882,0.5078534031413613,0.014686139300465584
0.030754597336715282,0.5078534031413613,0.014690023846924305
0.030764351411354265,0.5078534031413613,0.01469013374298811
0.030774111675126902,0.5078534031413613,0.014703419059515
0.03078387813392574,0.5078534031413613,0.014709127135574818
0.030793650793650793,0.5078534031413613,0.014710543677210808
0.03080342966020959,0.5078534031413613,0.014711636118590832
0.030813214739517154,0.5078534031413613,0.014719593338668346
0.030823006037496027,0.5078534031413613,0.01472407579421997
0.030832803560076286,0.5078534031413613,0.014727450907230377
0.030842607313195547,0.5078534031413613,0.014730372466146946
0.030852417302798984,0.5078534031413613,0.014733548276126385
0.030862233534839325,0.5078534031413613,0.014738823287189007
0.030872056015276893,0.5078534031413613,0.01474593672901392
0.030881884750079594,0.5078534031413613,0.014752034097909927
0.03089171974522293,0.5078534031413613,0.014752243645489216
0.030901561006690028,0.5078534031413613,0.014756741002202034
0.030911408540471638,0.5078534031413613,0.014757601544260979
0.030921262352566144,0.5078534031413613,0.014758294448256493
0.03093112244897959,0.5078534031413613,0.0147597286850214
0.03094098883572568,0.5078534031413613,0.014762017875909805
0.03095086151882578,0.5078534031413613,0.014762267470359802
0.03096074050430897,0.5078534031413613,0.014765347354114056
0.030970625798212005,0.5078534031413613,0.014790881425142288
0.030980517406579366,0.5078534031413613,0.014803673140704632
0.030990415335463258,0.5078534031413613,0.014808068051934242
0.031000319590923617,0.5078534031413613,0.014810343272984028
0.031010230179028132,0.5078534031413613,0.01481902226805687
0.031020147105852255,0.5078534031413613,0.014820205047726631
0.031030070377479207,0.5078534031413613,0.014821590855717659
0.03104,0.5078534031413613,0.01482686959207058
0.031049935979513443,0.5078534031413613,0.014829098246991634
0.03105987832212616,0.5078534031413613,0.014830444008111954
0.031069827033952595,0.5078534031413613,0.0148368114605546
0.031079782121115028,0.5078534031413613,0.014842710457742214
0.03108974358974359,0.5078534031413613,0.014852766878902912
0.031099711445976275,0.5078534031413613,0.014864088967442513
0.031109685695958948,0.5078534031413613,0.014872672036290169
0.031119666345845363,0.5078534031413613,0.014883659780025482
0.031129653401797176,0.5078534031413613,0.014889036305248737
0.03113964686998395,0.5078534031413613,0.014890190213918686
0.031149646756583174,0.5078534031413613,0.014891071245074272
0.031159653067780277,0.5078534031413613,0.014899174682796001
0.031169665809768637,0.5078534031413613,0.014907547272741795
0.0311796849887496,0.5078534031413613,0.014913767576217651
0.031189710610932477,0.5078534031413613,0.014921578578650951
0.031199742682534577,0.5078534031413613,0.014921944588422775
0.03120978120978121,0.5078534031413613,0.014927671290934086
0.031219826198905697,0.5078534031413613,0.014934418722987175
0.031229877656149388,0.5078534031413613,0.014939868822693825
0.031239935587761676,0.5078534031413613,0.014941210858523846
0.03125,0.5078534031413613,0.014943281188607216
0.031260070899129876,0.5078534031413613,0.014955105260014534
0.03127014829142489,0.5078534031413613,0.014964016154408455
0.03128023218316672,0.5078534031413613,0.014982271939516068
0.03129032258064516,0.5078534031413613,0.01498638279736042
0.03130041949015812,0.5078534031413613,0.014992620795965195
0.03131052291801162,0.5078534031413613,0.014996219426393509
0.03132063287051986,0.5078534031413613,0.015004131942987442
0.03133074935400517,0.5078534031413613,0.015009191818535328
0.03134087237479806,0.5078534031413613,0.015011039562523365
0.03135100193923723,0.5078534031413613,0.015018690377473831
0.03136113805366958,0.5078534031413613,0.015044975094497204
0.031371280724450196,0.5078534031413613,0.01504549104720354
0.031381429957942415,0.5078534031413613,0.015056808479130268
0.0313915857605178,0.5078534031413613,0.01505723875015974
0.03140174813855617,0.5078534031413613,0.015058193355798721
0.031411917098445596,0.5078534031413613,0.015069655142724514
0.03142209264658244,0.5078534031413613,0.015077549032866955
0.031432274789371356,0.5078534031413613,0.015093185938894749
0.03144246353322528,0.5078534031413613,0.01509623322635889
0.0314526588845655,0.5078534031413613,0.01510449405759573
0.031462860849821604,0.5078534031413613,0.015107936225831509
0.03147306943543154,0.5078534031413613,0.015108190476894379
0.03148328464784161,0.5078534031413613,0.015129641629755497
0.03149350649350649,0.5078534031413613,0.015130081214010715
0.03117895420591101,0.5026178010471204,0.015134431421756744
0.031189083820662766,0.5026178010471204,0.015137750655412674
0.031199220019499513,0.5026178010471204,0.01514087151736021
0.031209362808842653,0.5026178010471204,0.015143581666052341
0.03121951219512195,0.5026178010471204,0.015157897025346756
0.031229668184775537,0.5026178010471204,0.01516018807888031
0.031239830784249918,0.5026178010471204,0.015166533179581165
0.03125,0.5026178010471204,0.015167073346674442
0.03126017583848909,0.5026178010471204,0.015176636166870594
0.031270358306188926,0.5026178010471204,0.015197567641735077
0.03128054740957967,0.5026178010471204,0.015203378163278103
0.03129074315514994,0.5026178010471204,0.015227784402668476
0.0313009455493968,0.5026178010471204,0.015227805823087692
0.03131115459882583,0.5026178010471204,0.015243480913341045
0.03132137030995106,0.5026178010471204,0.015244906768202782
0.031331592689295036,0.5026178010471204,0.015249645337462425
0.031341821743388835,0.5026178010471204,0.015250856056809425
0.031352057478772045,0.5026178010471204,0.015251442790031433
0.03136229990199281,0.5026178010471204,0.015254572033882141
0.03137254901960784,0.5026178010471204,0.015257653780281544
0.03138280483818241,0.5026178010471204,0.01527569629251957
0.031393067364290386,0.5026178010471204,0.015278100036084652
0.03140333660451423,0.5026178010471204,0.015284435823559761
0.031413612565445025,0.5026178010471204,0.015288985334336758
0.031423895253682485,0.5026178010471204,0.015289301052689552
0.03143418467583497,0.5026178010471204,0.015292498283088207
0.03144448083851949,0.5026178010471204,0.015292785130441189
0.031127129750982963,0.4973821989528796,0.015293301083147526
0.031137332022287776,0.4973821989528796,0.015293307602405548
0.03114754098360656,0.4973821989528796,0.0152939697727561
0.03115775664152181,0.4973821989528796,0.015296123921871185
0.031167979002624673,0.4973821989528796,0.01529741007834673
0.031178208073514933,0.4973821989528796,0.01529967226088047
0.03118844386080105,0.4973821989528796,0.015305283479392529
0.031198686371100164,0.4973821989528796,0.015307015739381313
0.03120893561103811,0.4973821989528796,0.015307282097637653
0.031219191587249426,0.4973821989528796,0.015309043228626251
0.031229454306377382,0.4973821989528796,0.015313493087887764
0.031239723775073988,0.4973821989528796,0.015313650481402874
0.03125,0.4973821989528796,0.015331600792706013
0.03126028298782494,0.4973821989528796,0.015332651324570179
0.031270572745227126,0.4973821989528796,0.015334113501012325
0.03128086927889365,0.4973821989528796,0.015336576849222183
0.031291172595520424,0.4973821989528796,0.015347020700573921
0.03130148270181219,0.4973821989528796,0.015352742746472359
0.031311799604482535,0.4973821989528796,0.015353161841630936
0.03132212331025387,0.4973821989528796,0.015374707989394665
0.03133245382585752,0.4973821989528796,0.015377199277281761
0.03134279115803365,0.4973821989528796,0.01538603100925684
0.03135313531353135,0.4973821989528796,0.015399675816297531
0.031363486299108616,0.4973821989528796,0.015405062586069107
0.031373844121532365,0.4973821989528796,0.015415017493069172
0.03138420878757846,0.4973821989528796,0.015421952120959759
0.03139458030403172,0.4973821989528796,0.015424227342009544
0.03140495867768595,0.4973821989528796,0.01543948333710432
0.03141534391534392,0.4973821989528796,0.015468091703951359
0.0314257360238174,0.4973821989528796,0.01548784039914608
0.0314361350099272,0.4973821989528796,0.015494224615395069
0.031446540880503145,0.4973821989528796,0.015505576506257057
0.03145695364238411,0.4973821989528796,0.01551884412765503
0.03146737330241802,0.4973821989528796,0.015520111657679081
0.031477799867461895,0.4973821989528796,0.015527407638728619
0.03148823334438183,0.4973821989528796,0.01553065050393343
0.03149867374005305,0.4973821989528796,0.015534216538071632
0.03150912106135987,0.4973821989528796,0.015548239462077618
0.031187790311877902,0.49214659685863876,0.015550822019577026
0.030866246266179887,0.4869109947643979,0.015554375946521759
0.030876494023904383,0.4869109947643979,0.015556362457573414
0.030886748588508803,0.4869109947643979,0.015556816942989826
0.030897009966777408,0.4869109947643979,0.015557153150439262
0.03090727816550349,0.4869109947643979,0.015567818656563759
0.030917553191489363,0.4869109947643979,0.015571347437798977
0.030927835051546393,0.4869109947643979,0.01558603998273611
0.03093812375249501,0.4869109947643979,0.015590591356158257
0.030948419301164726,0.4869109947643979,0.01559639535844326
0.030958721704394142,0.4869109947643979,0.015597193501889706
0.030969030969030968,0.4869109947643979,0.015599163249135017
0.030979347101932047,0.4869109947643979,0.015604442916810513
0.030989670109963344,0.4869109947643979,0.015609871596097946
0.031,0.4869109947643979,0.01561237033456564
0.03101033677892631,0.4869109947643979,0.015618558041751385
0.031020680453635756,0.4869109947643979,0.015628434717655182
0.031031031031031032,0.4869109947643979,0.015629271045327187
0.031041388518024033,0.4869109947643979,0.015630928799510002
0.031051752921535895,0.4869109947643979,0.015637915581464767
0.031062124248496994,0.4869109947643979,0.015638267621397972
0.031072502505846977,0.4869109947643979,0.015650002285838127
0.03108288770053476,0.4869109947643979,0.015650376677513123
0.031093279839518557,0.4869109947643979,0.01565549708902836
0.031103678929765885,0.4869109947643979,0.015659980475902557
0.031114084978253596,0.4869109947643979,0.01567264273762703
0.03112449799196787,0.4869109947643979,0.015681598335504532
0.031134917977904252,0.4869109947643979,0.015694940462708473
0.03114534494306765,0.4869109947643979,0.015695352107286453
0.031155778894472363,0.4869109947643979,0.01570197008550167
0.03116621983914209,0.4869109947643979,0.015714429318904877
0.031176667784109956,0.4869109947643979,0.015718434005975723
0.03118712273641851,0.4869109947643979,0.01572006568312645
0.031197584703119757,0.4869109947643979,0.01572527550160885
0.03120805369127517,0.4869109947643979,0.015727687627077103
0.03121852970795569,0.4869109947643979,0.015729187056422234
0.031229012760241773,0.4869109947643979,0.015730146318674088
0.03123950285522338,0.4869109947643979,0.015737952664494514
0.03125,0.4869109947643979,0.015738727524876595
0.031260504201680674,0.4869109947643979,0.015741771087050438
0.03127101546738399,0.4869109947643979,0.01574627123773098
0.03128153380423814,0.4869109947643979,0.015747763216495514
0.03095558546433378,0.4816753926701571,0.015749279409646988
0.03096600471221811,0.4816753926701571,0.015757419168949127
0.030976430976430977,0.4816753926701571,0.01575944572687149
0.030986864264061973,0.4816753926701571,0.01576126553118229
0.03099730458221024,0.4816753926701571,0.015762627124786377
0.031007751937984496,0.4816753926701571,0.01576710306107998
0.031018206338503034,0.4816753926701571,0.015781842172145844
0.03102866779089376,0.4816753926701571,0.015783272683620453
0.0310391363022942,0.4816753926701571,0.015785954892635345
0.031049611879851502,0.4816753926701571,0.015788154676556587
0.031060094530722483,0.4816753926701571,0.015805665403604507
0.031070584262073625,0.4816753926701571,0.015814168378710747
0.031081081081081083,0.4816753926701571,0.01582898013293743
0.03109158499493072,0.4816753926701571,0.015840081498026848
0.03110209601081812,0.4816753926701571,0.015842817723751068
0.031112614135948596,0.4816753926701571,0.015853043645620346
0.03112313937753721,0.4816753926701571,0.015864409506320953
0.0311336717428088,0.4816753926701571,0.015864452347159386
0.03114421123899797,0.4816753926701571,0.015882456675171852
0.031154757873349138,0.4816753926701571,0.015903698280453682
0.03116531165311653,0.4816753926701571,0.015904361382126808
0.031175872585564215,0.4816753926701571,0.015911797061562538
0.031186440677966103,0.4816753926701571,0.0159127376973629
0.031197015937605967,0.4816753926701571,0.01592215523123741
0.031207598371777476,0.4816753926701571,0.015932438895106316
0.031218187987784186,0.4816753926701571,0.015938736498355865
0.031228784792939578,0.4816753926701571,0.01594255119562149
0.03123938879456706,0.4816753926701571,0.01594817079603672
0.03125,0.4816753926701571,0.01595318503677845
0.03126061841658172,0.4816753926701571,0.015967847779393196
0.03127124405166554,0.4816753926701571,0.015969473868608475
0.031281876912614755,0.4816753926701571,0.015973176807165146
0.031292517006802724,0.4816753926701571,0.015973536297678947
0.031303164341612795,0.4816753926701571,0.01597929373383522
0.031313818924438394,0.4816753926701571,0.01599288545548916
0.03132448076268301,0.4816753926701571,0.01600865088403225
0.030994550408719346,0.47643979057591623,0.016009680926799774
0.03100511073253833,0.47643979057591623,0.016009913757443428
0.03101567825494206,0.47643979057591623,0.01601216569542885
0.031026252983293555,0.47643979057591623,0.01601729914546013
0.031036834924965895,0.47643979057591623,0.016019389033317566
0.031047424087342203,0.47643979057591623,0.01603015512228012
0.0310580204778157,0.47643979057591623,0.016032833606004715
0.031068624103789688,0.47643979057591623,0.016037829220294952
0.031079234972677595,0.47643979057591623,0.016041990369558334
0.031089853091902972,0.47643979057591623,0.016060667112469673
0.03110047846889952,0.47643979057591623,0.01606108993291855
0.03111111111111111,0.47643979057591623,0.01607060246169567
0.03112175102599179,0.47643979057591623,0.01608205959200859
0.031132398221005816,0.47643979057591623,0.016086677089333534
0.031143052703627654,0.47643979057591623,0.016088346019387245
0.030811365970558027,0.4712041884816754,0.01608920469880104
0.030821917808219176,0.4712041884816754,0.016093146055936813
0.030832476875642344,0.4712041884816754,0.01609407551586628
0.030843043180260453,0.4712041884816754,0.016097398474812508
0.030853616729516628,0.4712041884816754,0.016112925484776497
0.030864197530864196,0.4712041884816754,0.016115669161081314
0.030874785591766724,0.4712041884816754,0.016120638698339462
0.03088538091969801,0.4712041884816754,0.016121506690979004
0.030895983522142123,0.4712041884816754,0.016151538118720055
0.030906593406593408,0.4712041884816754,0.016154417768120766
0.03091721058055651,0.4712041884816754,0.016164015978574753
0.030927835051546393,0.4712041884816754,0.016166647896170616
0.030938466827088347,0.4712041884816754,0.016170447692275047
0.030605226960110043,0.46596858638743455,0.016172580420970917
0.03061575507395941,0.46596858638743455,0.01617453061044216
0.030626290433585685,0.46596858638743455,0.01617547869682312
0.0306368330464716,0.46596858638743455,0.01619025133550167
0.030647382920110194,0.46596858638743455,0.016190623864531517
0.030657940062004823,0.46596858638743455,0.016191603615880013
0.030668504479669192,0.46596858638743455,0.016194147989153862
0.03067907618062737,0.46596858638743455,0.016195068135857582
0.030689655172413795,0.46596858638743455,0.01620033197104931
0.030700241462573302,0.46596858638743455,0.016200659796595573
0.030710835058661144,0.46596858638743455,0.01621023193001747
0.03072143596824301,0.46596858638743455,0.016217418015003204
0.03073204419889503,0.46596858638743455,0.01623021997511387
0.0307426597582038,0.46596858638743455,0.016231605783104897
0.030753282653766412,0.46596858638743455,0.016232190653681755
0.03076391289319046,0.46596858638743455,0.01623598486185074
0.030774550484094054,0.46596858638743455,0.016238003969192505
0.030785195434105846,0.46596858638743455,0.0162450410425663
0.030795847750865052,0.46596858638743455,0.016250720247626305
0.03080650744202146,0.46596858638743455,0.016266049817204475
0.030817174515235458,0.46596858638743455,0.016266172751784325
0.03082784897817804,0.46596858638743455,0.016267262399196625
0.030838530838530838,0.46596858638743455,0.016275551170110703
0.030849220103986136,0.46596858638743455,0.01627957634627819
0.03085991678224688,0.46596858638743455,0.016281958669424057
0.030870620881026708,0.46596858638743455,0.016287298873066902
0.030881332408049966,0.46596858638743455,0.016290683299303055
0.030892051371051717,0.46596858638743455,0.01629435084760189
0.03090277777777778,0.46596858638743455,0.016297874972224236
0.0305661688086141,0.4607329842931937,0.016299312934279442
0.030576789437109102,0.4607329842931937,0.01630096323788166
0.030587417448731318,0.4607329842931937,0.016303181648254395
0.030598052851182198,0.4607329842931937,0.016305169090628624
0.030608695652173914,0.4607329842931937,0.01632918044924736
0.030619345859429367,0.4607329842931937,0.016330473124980927
0.030630003480682212,0.4607329842931937,0.016334058716893196
0.03064066852367688,0.4607329842931937,0.01634008251130581
0.03065134099616858,0.4607329842931937,0.016341660171747208
0.030662020905923345,0.4607329842931937,0.016344597563147545
0.03067270826071802,0.4607329842931937,0.016347449272871017
0.030683403068340307,0.4607329842931937,0.01635049283504486
0.03069410533658877,0.4607329842931937,0.016351060941815376
0.030704815073272853,0.4607329842931937,0.0163528174161911
0.030715532286212915,0.4607329842931937,0.016359936445951462
0.030726256983240222,0.4607329842931937,0.016361501067876816
0.030736989172196996,0.4607329842931937,0.016363251954317093
0.030747728860936407,0.4607329842931937,0.016382111236453056
0.030758476057322615,0.4607329842931937,0.016387268900871277
0.03076923076923077,0.4607329842931937,0.01640094816684723
0.030779993004547045,0.4607329842931937,0.01640341803431511
0.03079076277116865,0.4607329842931937,0.016409343108534813
0.030451522576128806,0.45549738219895286,0.016409819945693016
0.03046218487394958,0.45549738219895286,0.0164279006421566
0.030472854640980734,0.45549738219895286,0.016431422904133797
0.03048353188507358,0.45549738219895286,0.016437403857707977
0.030494216614090432,0.45549738219895286,0.016442591324448586
0.030504908835904627,0.45549738219895286,0.016446394845843315
0.03051560855840056,0.45549738219895286,0.0164471585303545
0.030526315789473683,0.45549738219895286,0.016454989090561867
0.030537030537030538,0.45549738219895286,0.01645708829164505
0.030547752808988762,0.45549738219895286,0.016461657360196114
0.030558482613277135,0.45549738219895286,0.01646692492067814
0.03056921995783556,0.45549738219895286,0.01646832935512066
0.030579964850615114,0.45549738219895286,0.01646876335144043
0.03059071729957806,0.45549738219895286,0.01647215336561203
0.030601477312697856,0.45549738219895286,0.016477283090353012
0.030612244897959183,0.45549738219895286,0.01647944003343582
0.030623020063357972,0.45549738219895286,0.016482044011354446
0.03063380281690141,0.45549738219895286,0.016483651474118233
0.03064459316660796,0.45549738219895286,0.016487866640090942
0.0306553911205074,0.45549738219895286,0.01649371162056923
0.030666196686640817,0.45549738219895286,0.016518421471118927
0.03067700987306065,0.45549738219895286,0.0165216363966465
0.030687830687830688,0.45549738219895286,0.016526371240615845
0.030698659139026113,0.45549738219895286,0.01654532365500927
0.030709495234733496,0.45549738219895286,0.016550282016396523
0.03072033898305085,0.45549738219895286,0.01655624248087406
0.0307311903920876,0.45549738219895286,0.016587289050221443
0.030742049469964665,0.45549738219895286,0.016589708626270294
0.030752916224814422,0.45549738219895286,0.01659727841615677
0.030763790664780764,0.45549738219895286,0.016603965312242508
0.0307746727980191,0.45549738219895286,0.01660507172346115
0.03078556263269639,0.45549738219895286,0.016605732962489128
0.030796460176991152,0.45549738219895286,0.01660582609474659
0.030807365439093484,0.45549738219895286,0.01660897210240364
0.030829199149539334,0.45549738219895286,0.016615228727459908
0.030840127614321162,0.45549738219895286,0.01662539876997471
0.030851063829787233,0.45549738219895286,0.016625773161649704
0.03086200780418588,0.45549738219895286,0.016633516177535057
0.030872959545777148,0.45549738219895286,0.01664646714925766
0.0308839190628328,0.45549738219895286,0.016655297949910164
0.030894886363636364,0.45549738219895286,0.016661351546645164
0.030905861456483125,0.45549738219895286,0.01666168123483658
0.03091684434968017,0.45549738219895286,0.016663579270243645
0.030927835051546393,0.45549738219895286,0.01667184755206108
0.030938833570412518,0.45549738219895286,0.0166771337389946
0.030949839914621132,0.45549738219895286,0.016701359301805496
0.03096085409252669,0.45549738219895286,0.016713885590434074
0.03097187611249555,0.45549738219895286,0.016714779660105705
0.030982905982905984,0.45549738219895286,0.01671724021434784
0.0309939437121482,0.45549738219895286,0.016719849780201912
0.031004989308624376,0.45549738219895286,0.016736336052417755
0.031016042780748664,0.45549738219895286,0.01673930324614048
0.031027104136947217,0.45549738219895286,0.016742167994379997
0.031038173385658223,0.45549738219895286,0.016743721440434456
0.031049250535331904,0.45549738219895286,0.016748080030083656
0.031060335594430562,0.45549738219895286,0.01675349846482277
0.031071428571428573,0.45549738219895286,0.016756296157836914
0.031082529474812434,0.45549738219895286,0.01676749438047409
0.031093638313080773,0.45549738219895286,0.016770606860518456
0.03110475509474437,0.45549738219895286,0.01677311584353447
0.03111587982832618,0.45549738219895286,0.016775088384747505
0.031127012522361358,0.45549738219895286,0.016786206513643265
0.03113815318539728,0.45549738219895286,0.016788354143500328
0.031149301825993556,0.45549738219895286,0.016793258488178253
0.031160458452722063,0.45549738219895286,0.01679896004498005
0.031171623074166967,0.45549738219895286,0.016810856759548187
0.03118279569892473,0.45549738219895286,0.016811557114124298
0.03119397633560416,0.45549738219895286,0.01681915856897831
0.031205164992826398,0.45549738219895286,0.016819488257169724
0.031216361679224973,0.45549738219895286,0.016820702701807022
0.0312275664034458,0.45549738219895286,0.016828062012791634
0.03123877917414722,0.45549738219895286,0.016829773783683777
0.03125,0.45549738219895286,0.016833506524562836
0.03126122888968739,0.45549738219895286,0.01683661714196205
0.0312724658519051,0.45549738219895286,0.016847655177116394
0.03128371089536138,0.45549738219895286,0.016860581934452057
0.031294964028776975,0.45549738219895286,0.01687530428171158
0.03130622526088521,0.45549738219895286,0.01687946543097496
0.03131749460043196,0.45549738219895286,0.016886835917830467
0.03132877205617573,0.45549738219895286,0.01689171977341175
0.03134005763688761,0.45549738219895286,0.016899418085813522
0.03135135135135135,0.45549738219895286,0.01691349409520626
0.03136265320836337,0.45549738219895286,0.016921646893024445
0.03137396321673278,0.45549738219895286,0.016936883330345154
0.031385281385281384,0.45549738219895286,0.016944188624620438
0.031396607722843736,0.45549738219895286,0.016946040093898773
0.03140794223826715,0.45549738219895286,0.016976449638605118
0.0314192849404117,0.45549738219895286,0.016978399828076363
0.03143063583815029,0.45549738219895286,0.016981089487671852
0.03144199494036863,0.45549738219895286,0.016986273229122162
0.031453362255965296,0.45549738219895286,0.01698707789182663
0.03146473779385172,0.45549738219895286,0.016997383907437325
0.03147612156295224,0.45549738219895286,0.01699990965425968
0.031487513572204126,0.45549738219895286,0.0169999822974205
0.031498913830557564,0.45549738219895286,0.017002714797854424
0.03151032234697573,0.45549738219895286,0.01700367033481598
0.03152173913043478,0.45549738219895286,0.01700480282306671
0.031533164189923885,0.45549738219895286,0.01700805500149727
0.03118201595358956,0.450261780104712,0.01701328530907631
0.031193326079071455,0.450261780104712,0.017014306038618088
0.031204644412191583,0.450261780104712,0.0170307420194149
0.03121597096188748,0.450261780104712,0.017030807211995125
0.03122730573710966,0.450261780104712,0.017037170007824898
0.03123864874682165,0.450261780104712,0.017058759927749634
0.03125,0.450261780104712,0.017066214233636856
0.031261359505634315,0.450261780104712,0.017066262662410736
0.03127272727272727,0.450261780104712,0.017068438231945038
0.03128410331029465,0.450261780104712,0.017069438472390175
0.03129548762736536,0.450261780104712,0.01707569509744644
0.031306880232981435,0.450261780104712,0.017087848857045174
0.031318281136198105,0.450261780104712,0.01709122024476528
0.03132969034608379,0.450261780104712,0.017094112932682037
0.03134110787172012,0.450261780104712,0.017110144719481468
0.03135253372220197,0.450261780104712,0.017122233286499977
0.031363967906637494,0.450261780104712,0.0171352531760931
0.03137541043414812,0.450261780104712,0.01713894121348858
0.031386861313868614,0.450261780104712,0.017142241820693016
0.03139832055494706,0.450261780104712,0.017144877463579178
0.031409788166544925,0.450261780104712,0.017160551622509956
0.031421264157837046,0.450261780104712,0.017166730016469955
0.031432748538011694,0.450261780104712,0.01717771589756012
0.03144424131627057,0.450261780104712,0.017185501754283905
0.03145574250182882,0.450261780104712,0.01718963496387005
0.031467252103915114,0.450261780104712,0.017190931364893913
0.0314787701317716,0.450261780104712,0.01719808578491211
0.03149029659465397,0.450261780104712,0.01720663160085678
0.0315018315018315,0.450261780104712,0.017215004190802574
0.031513374862587026,0.450261780104712,0.017217697575688362
0.03152492668621701,0.450261780104712,0.01722240261733532
0.031536486982031535,0.450261780104712,0.017246728762984276
0.03154805575935436,0.450261780104712,0.01725098118185997
0.03155963302752294,0.450261780104712,0.017255129292607307
0.0315712187958884,0.450261780104712,0.017274344339966774
0.03158281307381564,0.450261780104712,0.017279742285609245
0.03159441587068332,0.450261780104712,0.017279766499996185
0.031606027195883866,0.450261780104712,0.017285825684666634
0.03161764705882353,0.450261780104712,0.017289819195866585
0.0316292754689224,0.450261780104712,0.01729634962975979
0.03164091243561442,0.450261780104712,0.017299316823482513
0.03165255796834744,0.450261780104712,0.01730450615286827
0.03166421207658321,0.450261780104712,0.017316365614533424
0.03167587476979742,0.450261780104712,0.01732136309146881
0.03168754605747973,0.450261780104712,0.017327507957816124
0.0316992259491338,0.450261780104712,0.017337530851364136
0.03171091445427729,0.450261780104712,0.017350004985928535
0.031722611582441905,0.450261780104712,0.017350468784570694
0.03173431734317343,0.450261780104712,0.017358412966132164
0.031746031746031744,0.450261780104712,0.01736776903271675
0.03175775480059084,0.450261780104712,0.01737099140882492
0.03176948651643886,0.450261780104712,0.017392972484230995
0.031781226903178125,0.450261780104712,0.017397195100784302
0.03179297597042514,0.450261780104712,0.01739988662302494
0.031804733727810654,0.450261780104712,0.01740100234746933
0.031816500184979654,0.450261780104712,0.017408570274710655
0.03182827535159141,0.450261780104712,0.017411645501852036
0.03184005923731951,0.450261780104712,0.017414402216672897
0.03185185185185185,0.450261780104712,0.01742224581539631
0.0318636532048907,0.450261780104712,0.01743674837052822
0.03187546330615271,0.450261780104712,0.017458222806453705
0.03188728216536893,0.450261780104712,0.017459580674767494
0.031899109792284865,0.450261780104712,0.01746170036494732
0.03191094619666048,0.450261780104712,0.01747184805572033
0.03192279138827023,0.450261780104712,0.017473476007580757
0.03193464537690308,0.450261780104712,0.017478691413998604
0.03194650817236255,0.450261780104712,0.017483040690422058
0.031958379784466744,0.450261780104712,0.017487717792391777
0.03197026022304833,0.450261780104712,0.017506103962659836
0.03198214949795463,0.450261780104712,0.017507055774331093
0.031994047619047616,0.450261780104712,0.01751329004764557
0.032005954596203944,0.450261780104712,0.01751655526459217
0.03201787043931496,0.450261780104712,0.017527777701616287
0.03202979515828678,0.450261780104712,0.017533978447318077
0.03204172876304024,0.450261780104712,0.017565950751304626
0.032053671263511,0.450261780104712,0.017574133351445198
0.03206562266964952,0.450261780104712,0.017592452466487885
0.03207758299142111,0.450261780104712,0.017598634585738182
0.03208955223880597,0.450261780104712,0.017606887966394424
0.03210153042179918,0.450261780104712,0.017619792371988297
0.03211351755041075,0.450261780104712,0.017628831788897514
0.03212551363466567,0.450261780104712,0.01763407699763775
0.032137518684603884,0.450261780104712,0.01763421669602394
0.03214953271028037,0.450261780104712,0.017634324729442596
0.03216155572176515,0.450261780104712,0.017634432762861252
0.032173587729143284,0.450261780104712,0.017643174156546593
0.03218562874251497,0.450261780104712,0.01765030063688755
0.03219767877199551,0.450261780104712,0.017652126029133797
0.03220973782771536,0.450261780104712,0.017659073695540428
0.03222180591982016,0.450261780104712,0.01766073703765869
0.03223388305847077,0.450261780104712,0.017668794840574265
0.031871016122984624,0.44502617801047123,0.01767502911388874
0.03188297074268567,0.44502617801047123,0.017682556062936783
0.03189493433395872,0.44502617801047123,0.017694668844342232
0.03190690690690691,0.44502617801047123,0.017701998353004456
0.03191888847164852,0.44502617801047123,0.01770731247961521
0.03193087903831705,0.44502617801047123,0.017720988020300865
0.03194287861706126,0.44502617801047123,0.017734630033373833
0.03195488721804511,0.44502617801047123,0.017736922949552536
0.03196690485144791,0.44502617801047123,0.01773928292095661
0.03197893152746426,0.44502617801047123,0.017742903903126717
0.031990967256304105,0.44502617801047123,0.017744865268468857
0.032003012048192774,0.44502617801047123,0.017748598009347916
0.032015065913371,0.44502617801047123,0.017764749005436897
0.03202712886209495,0.44502617801047123,0.017771530896425247
0.03203920090463626,0.44502617801047123,0.01778414659202099
0.03205128205128205,0.44502617801047123,0.017788611352443695
0.03206337231233497,0.44502617801047123,0.01779251918196678
0.03207547169811321,0.44502617801047123,0.01780061237514019
0.03208758021895055,0.44502617801047123,0.017803005874156952
0.03209969788519638,0.44502617801047123,0.017813246697187424
0.032111824707215714,0.44502617801047123,0.017814239487051964
0.03212396069538927,0.44502617801047123,0.01781429909169674
0.03213610586011342,0.44502617801047123,0.017820890992879868
0.032148260211800304,0.44502617801047123,0.017821241170167923
0.03216042376087779,0.44502617801047123,0.017837289720773697
0.03179409538228615,0.4397905759162304,0.01783790811896324
0.03180613404013631,0.4397905759162304,0.01784083992242813
0.031818181818181815,0.4397905759162304,0.01786983199417591
0.03183023872679045,0.4397905759162304,0.017870929092168808
0.03184230477634572,0.4397905759162304,0.017872778698801994
0.03185437997724687,0.4397905759162304,0.017879460006952286
0.03186646433990895,0.4397905759162304,0.017880715429782867
0.031878557874762806,0.4397905759162304,0.0178975872695446
0.03189066059225513,0.4397905759162304,0.017905686050653458
0.03190277250284846,0.4397905759162304,0.017909644171595573
0.031914893617021274,0.4397905759162304,0.0179175715893507
0.03192702394526796,0.4397905759162304,0.01792287454009056
0.03193916349809886,0.4397905759162304,0.01792910322546959
0.03195131228604032,0.4397905759162304,0.017935166135430336
0.0319634703196347,0.4397905759162304,0.017944542691111565
0.03197563760944042,0.4397905759162304,0.017952056601643562
0.03198781416603199,0.4397905759162304,0.017957201227545738
0.032,0.4397905759162304,0.017968034371733665
0.03201219512195122,0.4397905759162304,0.01798318699002266
0.032024399542508575,0.4397905759162304,0.017998695373535156
0.032036613272311214,0.4397905759162304,0.01800435595214367
0.032048836322014496,0.4397905759162304,0.018005965277552605
0.03206106870229008,0.4397905759162304,0.01800939068198204
0.032073310423825885,0.4397905759162304,0.01801198720932007
0.03208556149732621,0.4397905759162304,0.01802174746990204
0.03171570500573175,0.43455497382198954,0.018040701746940613
0.03172782874617737,0.43455497382198954,0.01804819144308567
0.03173996175908222,0.43455497382198954,0.018051698803901672
0.031752104055087986,0.43455497382198954,0.018051888793706894
0.03176425564485266,0.43455497382198954,0.018059909343719482
0.031776416539050535,0.43455497382198954,0.018083486706018448
0.031788586748372274,0.43455497382198954,0.018086450174450874
0.031800766283524906,0.43455497382198954,0.01808941178023815
0.03181295515523189,0.43455497382198954,0.018100565299391747
0.031825153374233126,0.43455497382198954,0.018105734139680862
0.031837360951285004,0.43455497382198954,0.01811039075255394
0.0318495778971604,0.43455497382198954,0.01811477728188038
0.031861804222648754,0.43455497382198954,0.01811557076871395
0.031874039938556066,0.43455497382198954,0.018125323578715324
0.031886285055704955,0.43455497382198954,0.01813056319952011
0.03189853958493467,0.43455497382198954,0.018167974427342415
0.031910803537101115,0.43455497382198954,0.018174519762396812
0.03192307692307692,0.43455497382198954,0.018180830404162407
0.031550596383224314,0.4293193717277487,0.01818951778113842
0.03156274056966898,0.4293193717277487,0.018194444477558136
0.03157489410858683,0.4293193717277487,0.018197281286120415
0.031587057010785825,0.4293193717277487,0.018198588863015175
0.03159922928709056,0.4293193717277487,0.018199462443590164
0.03161141094834233,0.4293193717277487,0.0182152409106493
0.031623602005399154,0.4293193717277487,0.018226785585284233
0.031635802469135804,0.4293193717277487,0.018239784985780716
0.031648012350443844,0.4293193717277487,0.01824014075100422
0.03166023166023166,0.4293193717277487,0.018243825063109398
0.03167246040942449,0.4293193717277487,0.018244020640850067
0.03168469860896445,0.4293193717277487,0.018248043954372406
0.031696946269810594,0.4293193717277487,0.018249744549393654
0.0317092034029389,0.4293193717277487,0.01825329102575779
0.03172147001934236,0.4293193717277487,0.01825794018805027
0.031746031746031744,0.4293193717277487,0.018260862678289413
0.031758326878388844,0.4293193717277487,0.018261434510350227
0.0317706315381635,0.4293193717277487,0.018267758190631866
0.03178294573643411,0.4293193717277487,0.018269674852490425
0.031795269484296236,0.4293193717277487,0.018271565437316895
0.03180760279286268,0.4293193717277487,0.018277078866958618
0.03181994567326348,0.4293193717277487,0.01828049309551716
0.03183229813664596,0.4293193717277487,0.018287651240825653
0.031844660194174756,0.4293193717277487,0.018299710005521774
0.031857031857031856,0.4293193717277487,0.018299726769328117
0.031869413136416634,0.4293193717277487,0.018321048468351364
0.03188180404354588,0.4293193717277487,0.018343281000852585
0.03189420458965383,0.4293193717277487,0.018345866352319717
0.031906614785992216,0.4293193717277487,0.018346073105931282
0.03191903464383029,0.4293193717277487,0.018358509987592697
0.031931464174454825,0.4293193717277487,0.018360311165452003
0.03194390338917024,0.4293193717277487,0.01836204342544079
0.03195635229929852,0.4293193717277487,0.018367690965533257
0.031968810916179334,0.4293193717277487,0.018368855118751526
0.031981279251170044,0.4293193717277487,0.0183703675866127
0.03199375731564573,0.4293193717277487,0.018375691026449203
0.03200624512099922,0.4293193717277487,0.01837851293385029
0.03201874267864115,0.4293193717277487,0.0183938629925251
0.03203125,0.4293193717277487,0.018405919894576073
0.032043767096522076,0.4293193717277487,0.01840825006365776
0.03205629397967162,0.4293193717277487,0.01841999776661396
0.032068830660930775,0.4293193717277487,0.018438570201396942
0.032081377151799685,0.4293193717277487,0.018453937023878098
0.03209393346379648,0.4293193717277487,0.018454156816005707
0.03210649960845732,0.4293193717277487,0.018458718433976173
0.03211907559733647,0.4293193717277487,0.018459776416420937
0.03213166144200627,0.4293193717277487,0.018471932038664818
0.032144257154057235,0.4293193717277487,0.018473220989108086
0.03215686274509804,0.4293193717277487,0.018477894365787506
0.03216947822675559,0.4293193717277487,0.018479550257325172
0.03218210361067504,0.4293193717277487,0.01848539337515831
0.03219473890851983,0.4293193717277487,0.01848621480166912
0.03220738413197172,0.4293193717277487,0.01849100925028324
0.032220039292730845,0.4293193717277487,0.018496695905923843
0.03223270440251572,0.4293193717277487,0.018499840050935745
0.03224537947306331,0.4293193717277487,0.018504852429032326
0.03225806451612903,0.4293193717277487,0.01851777732372284
0.032270759543486814,0.4293193717277487,0.018533505499362946
0.03228346456692913,0.4293193717277487,0.01853793114423752
0.032296179598267034,0.4293193717277487,0.018538549542427063
0.03230890464933018,0.4293193717277487,0.01854517124593258
0.03232163973196689,0.4293193717277487,0.018552642315626144
0.032334384858044164,0.4293193717277487,0.018554871901869774
0.03234714003944773,0.4293193717277487,0.018565639853477478
0.03235990528808208,0.4293193717277487,0.01857847161591053
0.03237268061587051,0.4293193717277487,0.018580498173832893
0.03238546603475513,0.4293193717277487,0.018581368029117584
0.03239826155669696,0.4293193717277487,0.01858646422624588
0.03241106719367589,0.4293193717277487,0.018587328493595123
0.03242388295769079,0.4293193717277487,0.018588734790682793
0.03243670886075949,0.4293193717277487,0.018597634509205818
0.032449544914918874,0.4293193717277487,0.01861310377717018
0.03246239113222486,0.4293193717277487,0.018630364909768105
0.032475247524752476,0.4293193717277487,0.018631795421242714
0.03248811410459588,0.4293193717277487,0.018638575449585915
0.03250099088386841,0.4293193717277487,0.018643250688910484
0.03251387787470262,0.4293193717277487,0.018645327538251877
0.032526775089250295,0.4293193717277487,0.018649734556674957
0.03253968253968254,0.4293193717277487,0.018660012632608414
0.03255260023818976,0.4293193717277487,0.01866624876856804
0.03256552819698173,0.4293193717277487,0.018671318888664246
0.03257846642828764,0.4293193717277487,0.018679101020097733
0.03259141494435612,0.4293193717277487,0.01869569718837738
0.03260437375745527,0.4293193717277487,0.018714677542448044
0.03261734287987271,0.4293193717277487,0.018717896193265915
0.03263032232391564,0.4293193717277487,0.018738694489002228
0.03264331210191083,0.4293193717277487,0.01876012235879898
0.0326563122262047,0.4293193717277487,0.018760209903120995
0.03266932270916335,0.4293193717277487,0.01876174658536911
0.03268234356317258,0.4293193717277487,0.018766049295663834
0.03269537480063796,0.4293193717277487,0.018768301233649254
0.032708416433984845,0.4293193717277487,0.018777746707201004
0.03272146847565842,0.4293193717277487,0.01878024823963642
0.03273453093812375,0.4293193717277487,0.01878185011446476
0.03274760383386582,0.4293193717277487,0.01878436468541622
0.03276068717538953,0.4293193717277487,0.018784891813993454
0.032773780975219824,0.4293193717277487,0.01878747157752514
0.03278688524590164,0.4293193717277487,0.018791068345308304
0.0328,0.4293193717277487,0.018791906535625458
0.03281312525010004,0.4293193717277487,0.01879221387207508
0.03282626100880705,0.4293193717277487,0.018794339150190353
0.03283940728874649,0.4293193717277487,0.018815521150827408
0.032852564102564104,0.4293193717277487,0.018817052245140076
0.03286573146292585,0.4293193717277487,0.018829816952347755
0.03287890938251804,0.4293193717277487,0.018832050263881683
0.03289209787404733,0.4293193717277487,0.018845567479729652
0.03290529695024077,0.4293193717277487,0.018852507695555687
0.03291850662384584,0.4293193717277487,0.0188823901116848
0.03293172690763052,0.4293193717277487,0.018895287066698074
0.03294495781438329,0.4293193717277487,0.018895817920565605
0.03295819935691318,0.4293193717277487,0.01889868639409542
0.03297145154804986,0.4293193717277487,0.018934421241283417
0.03298471440064361,0.4293193717277487,0.018938211724162102
0.03299798792756539,0.4293193717277487,0.018947245553135872
0.033011272141706925,0.4293193717277487,0.018954165279865265
0.03302456705598067,0.4293193717277487,0.018954694271087646
0.033037872683319904,0.4293193717277487,0.018955854699015617
0.03305118903667876,0.4293193717277487,0.01896063983440399
0.03306451612903226,0.4293193717277487,0.01896720379590988
0.03307785397337636,0.4293193717277487,0.018967602401971817
0.033091202582728005,0.4293193717277487,0.018971187993884087
0.03310456197012515,0.4293193717277487,0.018992895260453224
0.033117932148626815,0.4293193717277487,0.01900372840464115
0.03313131313131313,0.4293193717277487,0.01900743506848812
0.033144704931285365,0.4293193717277487,0.019009262323379517
0.03315810756166599,0.4293193717277487,0.01901296153664589
0.03317152103559871,0.4293193717277487,0.019017191603779793
0.03318494536624848,0.4293193717277487,0.019029943272471428
0.03319838056680162,0.4293193717277487,0.01903337426483631
0.03321182665046578,0.4293193717277487,0.019033489748835564
0.03322528363047002,0.4293193717277487,0.01904769241809845
0.033238751520064856,0.4293193717277487,0.019068097695708275
0.032846715328467155,0.42408376963350786,0.01907428726553917
0.03286004056795132,0.42408376963350786,0.019085247069597244
0.032873376623376624,0.42408376963350786,0.01909262128174305
0.03288672350791717,0.42408376963350786,0.019096042960882187
0.03290008123476848,0.42408376963350786,0.01911250688135624
0.0329134498171475,0.42408376963350786,0.01912664994597435
0.032926829268292684,0.42408376963350786,0.019158445298671722
0.03294021960146401,0.42408376963350786,0.019161954522132874
0.03295362082994304,0.42408376963350786,0.019180160015821457
0.03296703296703297,0.42408376963350786,0.019183838739991188
0.03298045602605863,0.42408376963350786,0.019185766577720642
0.0329938900203666,0.42408376963350786,0.019189536571502686
0.03300733496332518,0.42408376963350786,0.0191928930580616
0.033020790868324504,0.42408376963350786,0.01920042559504509
0.03303425774877651,0.42408376963350786,0.019209906458854675
0.033047735618115054,0.42408376963350786,0.019210033118724823
0.03306122448979592,0.42408376963350786,0.019211608916521072
0.03307472437729685,0.42408376963350786,0.019216226413846016
0.03308823529411765,0.42408376963350786,0.019218968227505684
0.03310175725378014,0.42408376963350786,0.01924007572233677
0.03311529026982829,0.42408376963350786,0.019252203404903412
0.033128834355828224,0.42408376963350786,0.019279425963759422
0.03314238952536825,0.42408376963350786,0.019281946122646332
0.03315595579205895,0.42408376963350786,0.019288601353764534
0.03276003276003276,0.418848167539267,0.01929955556988716
0.03277345350266284,0.418848167539267,0.019307129085063934
0.03278688524590164,0.418848167539267,0.01931176707148552
0.03280032800328003,0.418848167539267,0.019314683973789215
0.03281378178835111,0.418848167539267,0.019316349178552628
0.03282724661469019,0.418848167539267,0.01933305524289608
0.03285420944558522,0.418848167539267,0.019335702061653137
0.03286770747740345,0.418848167539267,0.019339563325047493
0.032881216605014384,0.418848167539267,0.01933971419930458
0.03289473684210526,0.418848167539267,0.019343597814440727
0.03290826820238585,0.418848167539267,0.019377660006284714
0.03292181069958848,0.418848167539267,0.019382935017347336
0.03293536434746809,0.418848167539267,0.019384004175662994
0.032948929159802305,0.418848167539267,0.019389761611819267
0.03296250515039143,0.418848167539267,0.01939593069255352
0.03297609233305853,0.418848167539267,0.019428303465247154
0.032989690721649485,0.418848167539267,0.01943812519311905
0.033003300330033,0.418848167539267,0.019441602751612663
0.0330169211721007,0.418848167539267,0.019454482942819595
0.03303055326176713,0.418848167539267,0.0194590725004673
0.033044196612969846,0.418848167539267,0.019466200843453407
0.03305785123966942,0.418848167539267,0.019467763602733612
0.03307151715584952,0.418848167539267,0.019467908889055252
0.033085194375516956,0.418848167539267,0.019468309357762337
0.033098882912701695,0.418848167539267,0.01948445849120617
0.033112582781456956,0.418848167539267,0.01948617212474346
0.033126293995859216,0.418848167539267,0.019495602697134018
0.033140016570008285,0.418848167539267,0.019496141001582146
0.03315375051802735,0.418848167539267,0.01949668675661087
0.03316749585406302,0.418848167539267,0.019499696791172028
0.03318125259228536,0.418848167539267,0.019504345953464508
0.03319502074688797,0.418848167539267,0.019514521583914757
0.033208800332088007,0.418848167539267,0.019519057124853134
0.03322259136212625,0.418848167539267,0.019524438306689262
0.033236393851267136,0.418848167539267,0.019525600597262383
0.03325020781379884,0.418848167539267,0.019549738615751266
0.033264033264033266,0.418848167539267,0.01955251768231392
0.033277870216306155,0.418848167539267,0.019559450447559357
0.033291718684977115,0.418848167539267,0.0195598304271698
0.03330557868442964,0.418848167539267,0.019561024382710457
0.03331945022907122,0.418848167539267,0.019563520327210426
0.03333333333333333,0.418848167539267,0.019575176760554314
0.03334722801167153,0.418848167539267,0.019583309069275856
0.03336113427856547,0.418848167539267,0.019588299095630646
0.033375052148518984,0.418848167539267,0.01959073916077614
0.0333889816360601,0.418848167539267,0.01959775574505329
0.033402922755741124,0.418848167539267,0.01961929351091385
0.03341687552213868,0.418848167539267,0.01962490752339363
0.03343083994985374,0.418848167539267,0.019628247246146202
0.033444816053511704,0.418848167539267,0.019640762358903885
0.033458803847762446,0.418848167539267,0.019646402448415756
0.03347280334728033,0.418848167539267,0.019648540765047073
0.033486814566764334,0.418848167539267,0.019655458629131317
0.03350083752093802,0.418848167539267,0.019656740128993988
0.033514872224549644,0.418848167539267,0.019661081954836845
0.03310980720871752,0.41361256544502617,0.01968482695519924
0.03312368972746331,0.41361256544502617,0.01968761906027794
0.03313758389261745,0.41361256544502617,0.01969420537352562
0.0331514897188418,0.41361256544502617,0.019694942981004715
0.03316540722082284,0.41361256544502617,0.01969868130981922
0.03317933641327173,0.41361256544502617,0.01970253884792328
0.03319327731092437,0.41361256544502617,0.019707145169377327
0.0332072299285414,0.41361256544502617,0.019713690504431725
0.03322119428090833,0.41361256544502617,0.01973915845155716
0.03323517038283551,0.41361256544502617,0.019742129370570183
0.03324915824915825,0.41361256544502617,0.019747519865632057
0.03326315789473684,0.41361256544502617,0.01976730115711689
0.03327716933445661,0.41361256544502617,0.019774114713072777
0.033291192583227984,0.41361256544502617,0.019784150645136833
0.03330522765598651,0.41361256544502617,0.01978561095893383
0.03331927456769296,0.41361256544502617,0.019786255434155464
0.03333333333333333,0.41361256544502617,0.019787488505244255
0.03334740396791895,0.41361256544502617,0.019791800528764725
0.033361486486486486,0.41361256544502617,0.019795523956418037
0.032953105196451206,0.4083769633507853,0.01979897916316986
0.03296703296703297,0.4083769633507853,0.01981637068092823
0.03298097251585624,0.4083769633507853,0.019818507134914398
0.03299492385786802,0.4083769633507853,0.01981988549232483
0.033008887008040624,0.4083769633507853,0.019821947440505028
0.03302286198137172,0.4083769633507853,0.01982731744647026
0.03303684879288437,0.4083769633507853,0.019831886515021324
0.03305084745762712,0.4083769633507853,0.01983463764190674
0.03306485799067401,0.4083769633507853,0.019851168617606163
0.03307888040712468,0.4083769633507853,0.019851254299283028
0.03309291472210437,0.4083769633507853,0.019855210557579994
0.03310696095076401,0.4083769633507853,0.019862988963723183
0.033121019108280254,0.4083769633507853,0.019865717738866806
0.03313508920985556,0.4083769633507853,0.019877349957823753
0.03314917127071823,0.4083769633507853,0.01989646442234516
0.03316326530612245,0.4083769633507853,0.019899355247616768
0.03317737133134836,0.4083769633507853,0.019901011139154434
0.033191489361702124,0.4083769633507853,0.019901614636182785
0.033205619412515965,0.4083769633507853,0.01991208642721176
0.03321976149914821,0.4083769633507853,0.019915660843253136
0.033233915636983385,0.4083769633507853,0.019933348521590233
0.03324808184143223,0.4083769633507853,0.019942237064242363
0.03326226012793177,0.4083769633507853,0.0199546217918396
0.033276450511945395,0.4083769633507853,0.019955726340413094
0.03329065300896287,0.4083769633507853,0.019958926364779472
0.033304867634500426,0.4083769633507853,0.019965656101703644
0.03331909440410081,0.4083769633507853,0.019972991198301315
0.03333333333333333,0.4083769633507853,0.01997559145092964
0.033347584437793926,0.4083769633507853,0.019990116357803345
0.033361847733105215,0.4083769633507853,0.01999964378774166
0.03337612323491656,0.4083769633507853,0.020011579617857933
0.03339041095890411,0.4083769633507853,0.020029786974191666
0.03340471092077088,0.4083769633507853,0.020037561655044556
0.033419023136246784,0.4083769633507853,0.020045915618538857
0.033433347621088724,0.4083769633507853,0.020050084218382835
0.0330188679245283,0.4031413612565445,0.020051918923854828
0.03303303303303303,0.4031413612565445,0.02005475014448166
0.03304721030042918,0.4031413612565445,0.02005663700401783
0.033061399742378705,0.4031413612565445,0.020062318071722984
0.03307560137457045,0.4031413612565445,0.020066475495696068
0.03308981521272024,0.4031413612565445,0.020088551566004753
0.03310404127257094,0.4031413612565445,0.02009415067732334
0.033118279569892474,0.4031413612565445,0.0201051477342844
0.03313253012048193,0.4031413612565445,0.020106252282857895
0.03314679294016358,0.4031413612565445,0.02010859176516533
0.03316106804478897,0.4031413612565445,0.020111115649342537
0.03317535545023697,0.4031413612565445,0.020117707550525665
0.03318965517241379,0.4031413612565445,0.020132169127464294
0.03320396722725313,0.4031413612565445,0.02014099806547165
0.033218291630716136,0.4031413612565445,0.020160973072052002
0.03323262839879154,0.4031413612565445,0.020166989415884018
0.033246977547495685,0.4031413612565445,0.02017602138221264
0.03326133909287257,0.4031413612565445,0.020178811624646187
0.03327571305099395,0.4031413612565445,0.020188746973872185
0.03329009943795936,0.4031413612565445,0.020190058276057243
0.03330449826989619,0.4031413612565445,0.02019723877310753
0.033318909562959756,0.4031413612565445,0.020210925489664078
0.03333333333333333,0.4031413612565445,0.020215079188346863
0.03334776959722824,0.4031413612565445,0.020216170698404312
0.033362218370883885,0.4031413612565445,0.020221371203660965
0.03337667967056784,0.4031413612565445,0.02023101970553398
0.03339115351257589,0.4031413612565445,0.02023271657526493
0.0334056399132321,0.4031413612565445,0.020237905904650688
0.03342013888888889,0.4031413612565445,0.020240984857082367
0.03343465045592705,0.4031413612565445,0.02024119161069393
0.03344917463075586,0.4031413612565445,0.02024228870868683
0.03346371142981312,0.4031413612565445,0.020250802859663963
0.033478260869565214,0.4031413612565445,0.020251857116818428
0.03349282296650718,0.4031413612565445,0.020256271585822105
0.03350739773716275,0.4031413612565445,0.020264381542801857
0.033521985198084456,0.4031413612565445,0.02028411068022251
0.03353658536585366,0.4031413612565445,0.02029636688530445
0.03355119825708061,0.4031413612565445,0.02030150778591633
0.03356582388840453,0.4031413612565445,0.020312344655394554
0.033580462276493674,0.4031413612565445,0.02031600847840309
0.033595113438045374,0.4031413612565445,0.02034633792936802
0.03360977738978612,0.4031413612565445,0.020346352830529213
0.033624454148471615,0.4031413612565445,0.020358141511678696
0.03363914373088685,0.4031413612565445,0.020360467955470085
0.03365384615384615,0.4031413612565445,0.020366812124848366
0.033668561434193264,0.4031413612565445,0.020368777215480804
0.0336832895888014,0.4031413612565445,0.02038070745766163
0.03369803063457331,0.4031413612565445,0.020381949841976166
0.03371278458844133,0.4031413612565445,0.02038254402577877
0.0337275514673675,0.4031413612565445,0.020384443923830986
0.03374233128834356,0.4031413612565445,0.02040199190378189
0.033757124068391056,0.4031413612565445,0.02041417919099331
0.033771929824561404,0.4031413612565445,0.020427046343684196
0.03378674857393594,0.4031413612565445,0.0204312726855278
0.033801580333625986,0.4031413612565445,0.02044086717069149
0.033816425120772944,0.4031413612565445,0.02044842392206192
0.03383128295254833,0.4031413612565445,0.02045157179236412
0.033846153846153845,0.4031413612565445,0.020452504977583885
0.03386103781882146,0.4031413612565445,0.020510418340563774
0.033875934887813465,0.4031413612565445,0.020516740158200264
0.03389084507042254,0.4031413612565445,0.020516937598586082
0.033905768383971815,0.4031413612565445,0.020518269389867783
0.033920704845814977,0.4031413612565445,0.02052653208374977
0.03393565447333627,0.4031413612565445,0.020531101152300835
0.033950617283950615,0.4031413612565445,0.020536942407488823
0.03396559329510366,0.4031413612565445,0.020539002493023872
0.03398058252427184,0.4031413612565445,0.020542984828352928
0.03399558498896247,0.4031413612565445,0.020566077902913094
0.03401060070671378,0.4031413612565445,0.020574867725372314
0.034025629695095004,0.4031413612565445,0.02059551328420639
0.03404067197170645,0.4031413612565445,0.020602911710739136
0.034055727554179564,0.4031413612565445,0.020617064088582993
0.034070796460176994,0.4031413612565445,0.020621109753847122
0.03408587870739265,0.4031413612565445,0.020631112158298492
0.034100974313551816,0.4031413612565445,0.020638514310121536
0.034116083296411165,0.4031413612565445,0.02064039185643196
0.034131205673758866,0.4031413612565445,0.02065804786980152
0.03414634146341464,0.4031413612565445,0.0206614937633276
0.034161490683229816,0.4031413612565445,0.020675599575042725
0.03417665335108744,0.4031413612565445,0.020689478144049644
0.034191829484902306,0.4031413612565445,0.020693182945251465
0.034207019102621056,0.4031413612565445,0.020700423046946526
0.03422222222222222,0.4031413612565445,0.02071141079068184
0.03423743886171632,0.4031413612565445,0.020714230835437775
0.03425266903914591,0.4031413612565445,0.02071569114923477
0.03426791277258567,0.4031413612565445,0.0207322146743536
0.03428317008014248,0.4031413612565445,0.020740633830428123
0.03429844097995546,0.4031413612565445,0.02074163593351841
0.03431372549019608,0.4031413612565445,0.020746272057294846
0.034329023629068214,0.4031413612565445,0.0207578893750906
0.034344335414808205,0.4031413612565445,0.020775381475687027
0.03435966086568496,0.4031413612565445,0.020786235108971596
0.034375,0.4031413612565445,0.020790141075849533
0.03439035283608754,0.4031413612565445,0.020795075222849846
0.034405719392314564,0.4031413612565445,0.020800411701202393
0.03442109968708091,0.4031413612565445,0.02081674337387085
0.03443649373881932,0.4031413612565445,0.02083350531756878
0.03445190156599553,0.4031413612565445,0.02085152454674244
0.03446732318710832,0.4031413612565445,0.020858412608504295
0.034482758620689655,0.4031413612565445,0.02086423709988594
0.03449820788530466,0.4031413612565445,0.020868903025984764
0.03451367099955177,0.4031413612565445,0.020873533561825752
0.03452914798206278,0.4031413612565445,0.020877912640571594
0.03454463885150292,0.4031413612565445,0.020882008597254753
0.034560143626570915,0.4031413612565445,0.020884128287434578
0.0345756623259991,0.4031413612565445,0.020884240046143532
0.03459119496855346,0.4031413612565445,0.02088470384478569
0.03460674157303371,0.4031413612565445,0.020896442234516144
0.03462230215827338,0.4031413612565445,0.02090550772845745
0.0346378767431399,0.4031413612565445,0.02090686745941639
0.034653465346534656,0.4031413612565445,0.020907556638121605
0.03466906798739307,0.4031413612565445,0.020907718688249588
0.034684684684684684,0.4031413612565445,0.020918624475598335
0.03470031545741325,0.4031413612565445,0.020933248102664948
0.034715960324616775,0.4031413612565445,0.020939694717526436
0.03473161930536761,0.4031413612565445,0.020940745249390602
0.034747292418772564,0.4031413612565445,0.02094212919473648
0.03476297968397291,0.4031413612565445,0.020945247262716293
0.03477868112014453,0.4031413612565445,0.0209637563675642
0.034794396746497966,0.4031413612565445,0.02096547931432724
0.03481012658227848,0.4031413612565445,0.020971965044736862
0.03482587064676617,0.4031413612565445,0.020989060401916504
0.03484162895927602,0.4031413612565445,0.020995208993554115
0.03485740153915799,0.4031413612565445,0.020995983853936195
0.034873188405797104,0.4031413612565445,0.02100287564098835
0.0348889895786135,0.4031413612565445,0.02101479284465313
0.034904805077062555,0.4031413612565445,0.02103748358786106
0.03492063492063492,0.4031413612565445,0.021074730902910233
0.034936479128856626,0.4031413612565445,0.02108355052769184
0.03495233772128915,0.4031413612565445,0.02108769677579403
0.03496821071752952,0.4031413612565445,0.02111814171075821
0.03498409813721036,0.4031413612565445,0.021118665114045143
0.035,0.4031413612565445,0.021118680015206337
0.035015916325602546,0.4031413612565445,0.02113191783428192
0.03503184713375796,0.4031413612565445,0.02113446779549122
0.03504779244424215,0.4031413612565445,0.021153530105948448
0.03506375227686703,0.4031413612565445,0.0211572777479887
0.03507972665148064,0.4031413612565445,0.021167395636439323
0.03509571558796718,0.4031413612565445,0.021172815933823586
0.03511171910624715,0.4031413612565445,0.021180471405386925
0.03512773722627737,0.4031413612565445,0.021190887317061424
0.03514376996805112,0.4031413612565445,0.02119450829923153
0.03515981735159817,0.4031413612565445,0.021205779165029526
0.035175879396984924,0.4031413612565445,0.02122330479323864
0.035191956124314444,0.4031413612565445,0.02123045176267624
0.035208047553726564,0.4031413612565445,0.021246103569865227
0.035224153705397984,0.4031413612565445,0.021246450021862984
0.035240274599542334,0.4031413612565445,0.021253883838653564
0.035256410256410256,0.4031413612565445,0.021255996078252792
0.03527256069628951,0.4031413612565445,0.021258525550365448
0.03528872593950504,0.4031413612565445,0.02126258984208107
0.03530490600641907,0.4031413612565445,0.021267466247081757
0.035321100917431195,0.4031413612565445,0.021271515637636185
0.03533731069297843,0.4031413612565445,0.021273884922266006
0.03535353535353535,0.4031413612565445,0.021276824176311493
0.03536977491961415,0.4031413612565445,0.021279197186231613
0.035386029411764705,0.4031413612565445,0.021283205598592758
0.035402298850574714,0.4031413612565445,0.021288126707077026
0.03541858325666973,0.4031413612565445,0.021289324387907982
0.0354348826507133,0.4031413612565445,0.021304843947291374
0.035451197053407,0.4031413612565445,0.021311044692993164
0.035006909258406264,0.39790575916230364,0.021312091499567032
0.035023041474654376,0.39790575916230364,0.021322617307305336
0.03503918856615952,0.39790575916230364,0.02133006788790226
0.03505535055350553,0.39790575916230364,0.021332615986466408
0.03507152745731426,0.39790575916230364,0.021336562931537628
0.03508771929824561,0.39790575916230364,0.021354079246520996
0.03510392609699769,0.39790575916230364,0.021354367956519127
0.03512014787430684,0.39790575916230364,0.0213692057877779
0.03513638465094776,0.39790575916230364,0.021382154896855354
0.03469010175763182,0.39267015706806285,0.02139243856072426
0.034706154558074964,0.39267015706806285,0.021418942138552666
0.034722222222222224,0.39267015706806285,0.02142164669930935
0.03473830477072719,0.39267015706806285,0.02143806219100952
0.03475440222428174,0.39267015706806285,0.0214427150785923
0.03477051460361613,0.39267015706806285,0.021445680409669876
0.034786641929499075,0.39267015706806285,0.021463550627231598
0.03480278422273782,0.39267015706806285,0.02146844193339348
0.034818941504178275,0.39267015706806285,0.021485352888703346
0.03483511379470506,0.39267015706806285,0.021485593169927597
0.03485130111524164,0.39267015706806285,0.021486645564436913
0.03486750348675035,0.39267015706806285,0.02150927111506462
0.03488372093023256,0.39267015706806285,0.02152029238641262
0.03489995346672871,0.39267015706806285,0.02153836376965046
0.034916201117318434,0.39267015706806285,0.021554045379161835
0.03493246390312063,0.39267015706806285,0.021554769948124886
0.03494874184529357,0.39267015706806285,0.02155875228345394
0.03496503496503497,0.39267015706806285,0.021559596061706543
0.034981343283582086,0.39267015706806285,0.021566245704889297
0.03499766682221185,0.39267015706806285,0.02157033607363701
0.0350140056022409,0.39267015706806285,0.02157174050807953
0.03503035964502569,0.39267015706806285,0.021576784551143646
0.035046728971962614,0.39267015706806285,0.021586736664175987
0.03506311360448808,0.39267015706806285,0.021593192592263222
0.035079513564078575,0.39267015706806285,0.021594885736703873
0.03509592887225082,0.39267015706806285,0.02159743942320347
0.0351123595505618,0.39267015706806285,0.02163093350827694
0.0351288056206089,0.39267015706806285,0.021640324965119362
0.035145267104029994,0.39267015706806285,0.021642738953232765
0.035161744022503515,0.39267015706806285,0.021659377962350845
0.03517823639774859,0.39267015706806285,0.021665524691343307
0.035194744251525106,0.39267015706806285,0.021674778312444687
0.035211267605633804,0.39267015706806285,0.02167648822069168
0.035227806481916396,0.39267015706806285,0.021683253347873688
0.03524436090225564,0.39267015706806285,0.021686511114239693
0.03526093088857546,0.39267015706806285,0.021686693653464317
0.03527751646284102,0.39267015706806285,0.02169979363679886
0.03529411764705882,0.39267015706806285,0.021701382473111153
0.03531073446327684,0.39267015706806285,0.02171921730041504
0.03532736693358455,0.39267015706806285,0.021723078563809395
0.0353440150801131,0.39267015706806285,0.02173668146133423
0.03536067892503536,0.39267015706806285,0.021745163947343826
0.03537735849056604,0.39267015706806285,0.021749120205640793
0.03539405379896177,0.39267015706806285,0.02176908403635025
0.03541076487252125,0.39267015706806285,0.02176964282989502
0.03542749173358526,0.39267015706806285,0.02176968939602375
0.03544423440453686,0.39267015706806285,0.021778052672743797
0.03546099290780142,0.39267015706806285,0.0217805877327919
0.035477767265846734,0.39267015706806285,0.02178202010691166
0.035494557501183154,0.39267015706806285,0.02181479148566723
0.03551136363636364,0.39267015706806285,0.021816758438944817
0.035528185693983895,0.39267015706806285,0.02183138206601143
0.035545023696682464,0.39267015706806285,0.021839244291186333
0.03556187766714083,0.39267015706806285,0.0218463446944952
0.03557874762808349,0.39267015706806285,0.02185388095676899
0.03559563360227812,0.39267015706806285,0.021866988390684128
0.03561253561253561,0.39267015706806285,0.021867375820875168
0.035629453681710214,0.39267015706806285,0.021881965920329094
0.03564638783269962,0.39267015706806285,0.021890362724661827
0.03566333808844508,0.39267015706806285,0.02189963310956955
0.0356803044719315,0.39267015706806285,0.021901369094848633
0.03569728700618753,0.39267015706806285,0.021932434290647507
0.03571428571428571,0.39267015706806285,0.021952630952000618
0.03573130061934254,0.39267015706806285,0.02195752039551735
0.03574833174451859,0.39267015706806285,0.02195899933576584
0.03528850739151168,0.387434554973822,0.021968131884932518
0.035305343511450385,0.387434554973822,0.02202664501965046
0.03532219570405728,0.387434554973822,0.022028042003512383
0.03533906399235912,0.387434554973822,0.02202894166111946
0.035355948399426664,0.387434554973822,0.022034067660570145
0.03537284894837476,0.387434554973822,0.02204788662493229
0.03538976566236251,0.387434554973822,0.0220514964312315
0.0354066985645933,0.387434554973822,0.022053882479667664
0.03542364767831498,0.387434554973822,0.022060193121433258
0.035440613026819924,0.387434554973822,0.022065123543143272
0.03545759463344514,0.387434554973822,0.022081203758716583
0.03547459252157239,0.387434554973822,0.02208184078335762
0.035491606714628296,0.387434554973822,0.02210991084575653
0.03550863723608445,0.387434554973822,0.02211080491542816
0.035525684109457514,0.387434554973822,0.022117651998996735
0.03554274735830932,0.387434554973822,0.022124169394373894
0.035559827006247,0.387434554973822,0.0221348088234663
0.035096153846153846,0.38219895287958117,0.022139066830277443
0.03511303511303511,0.38219895287958117,0.02214309386909008
0.03512993262752647,0.38219895287958117,0.022145256400108337
0.03514684641309581,0.38219895287958117,0.02216080203652382
0.03516377649325626,0.38219895287958117,0.022163379937410355
0.03518072289156626,0.38219895287958117,0.022164417430758476
0.0351976856316297,0.38219895287958117,0.02216644398868084
0.035214664737095995,0.38219895287958117,0.022183038294315338
0.03523166023166023,0.38219895287958117,0.022189317271113396
0.03476581361661033,0.3769633507853403,0.02219199202954769
0.034782608695652174,0.3769633507853403,0.022192426025867462
0.03479942000966651,0.3769633507853403,0.022197000682353973
0.03481624758220503,0.3769633507853403,0.02220134250819683
0.03483309143686502,0.3769633507853403,0.02220623381435871
0.03484995159728945,0.3769633507853403,0.022237777709960938
0.03486682808716707,0.3769633507853403,0.022243641316890717
0.03488372093023256,0.3769633507853403,0.02226189523935318
0.0349006301502666,0.3769633507853403,0.022267766296863556
0.03491755577109602,0.3769633507853403,0.02228216454386711
0.034934497816593885,0.3769633507853403,0.022284522652626038
0.03446601941747573,0.3717277486910995,0.022288117557764053
0.034482758620689655,0.3717277486910995,0.022296156734228134
0.034499514091350825,0.3717277486910995,0.022301215678453445
0.034516285853184246,0.3717277486910995,0.0223026555031538
0.03453307392996109,0.3717277486910995,0.022305024787783623
0.03454987834549878,0.3717277486910995,0.022317225113511086
0.03456669912366115,0.3717277486910995,0.022320497781038284
0.0345835362883585,0.3717277486910995,0.022323692217469215
0.0341130604288499,0.36649214659685864,0.02232953906059265
0.034129692832764506,0.36649214659685864,0.02233375422656536
0.03414634146341464,0.36649214659685864,0.02234109491109848
0.03416300634455832,0.36649214659685864,0.022345447912812233
0.0341796875,0.36649214659685864,0.022350216284394264
0.03419638495359062,0.36649214659685864,0.022356770932674408
0.03421309872922776,0.36649214659685864,0.022365959361195564
0.034229828850855744,0.36649214659685864,0.022377759218215942
0.03424657534246575,0.36649214659685864,0.022380609065294266
0.034263338228095935,0.36649214659685864,0.022381331771612167
0.034280117531831536,0.36649214659685864,0.022399118170142174
0.034296913277805,0.36649214659685864,0.022400319576263428
0.03431372549019608,0.36649214659685864,0.022403080016374588
0.03433055419323198,0.36649214659685864,0.02240954525768757
0.03434739941118744,0.36649214659685864,0.022409582510590553
0.03436426116838488,0.36649214659685864,0.022415397688746452
0.0343811394891945,0.36649214659685864,0.02242673747241497
0.0343980343980344,0.36649214659685864,0.022432805970311165
0.0344149459193707,0.36649214659685864,0.022440534085035324
0.03443187407771766,0.36649214659685864,0.022457502782344818
0.0344488188976378,0.36649214659685864,0.022461993619799614
0.034465780403742,0.36649214659685864,0.022462455555796623
0.034482758620689655,0.36649214659685864,0.022470204159617424
0.03449975357318876,0.36649214659685864,0.02247026190161705
0.03451676528599606,0.36649214659685864,0.022477421909570694
0.03453379378391712,0.36649214659685864,0.0224862452596426
0.034550839091806514,0.36649214659685864,0.0224942397326231
0.0345679012345679,0.36649214659685864,0.022496415302157402
0.03458498023715415,0.36649214659685864,0.022500619292259216
0.03460207612456748,0.36649214659685864,0.02250710129737854
0.03461918892185954,0.36649214659685864,0.02250937931239605
0.034636318654131616,0.36649214659685864,0.02251742221415043
0.034653465346534656,0.36649214659685864,0.022531205788254738
0.03467062902426944,0.36649214659685864,0.02254342846572399
0.03468780971258672,0.36649214659685864,0.022547485306859016
0.03470500743678731,0.36649214659685864,0.02255583368241787
0.034722222222222224,0.36649214659685864,0.0225592739880085
0.034739454094292806,0.36649214659685864,0.022562947124242783
0.03475670307845084,0.36649214659685864,0.022564677521586418
0.03477396920019871,0.36649214659685864,0.02257784828543663
0.03479125248508946,0.36649214659685864,0.022596940398216248
0.034808552958727,0.36649214659685864,0.02260059118270874
0.03482587064676617,0.36649214659685864,0.022602491080760956
0.03484320557491289,0.36649214659685864,0.022604482248425484
0.03436254980079681,0.3612565445026178,0.022611035034060478
0.0343796711509716,0.3612565445026178,0.022611889988183975
0.034396809571286144,0.3612565445026178,0.02261430211365223
0.0344139650872818,0.3612565445026178,0.022627511993050575
0.0344311377245509,0.3612565445026178,0.022627564147114754
0.034448327508736894,0.3612565445026178,0.022654779255390167
0.034465534465534464,0.3612565445026178,0.022659212350845337
0.034482758620689655,0.3612565445026178,0.022677626460790634
0.0345,0.3612565445026178,0.022677747532725334
0.03451725862931466,0.3612565445026178,0.022696174681186676
0.03453453453453453,0.3612565445026178,0.02271869406104088
0.03455182774161242,0.3612565445026178,0.02272670902311802
0.034569138276553106,0.3612565445026178,0.022733580321073532
0.03458646616541353,0.3612565445026178,0.0227364394813776
0.03460381143430291,0.3612565445026178,0.02275124005973339
0.03462117410938284,0.3612565445026178,0.022762056440114975
0.03463855421686747,0.3612565445026178,0.02276318147778511
0.03465595178302361,0.3612565445026178,0.02277042716741562
0.034673366834170855,0.3612565445026178,0.022786114364862442
0.03469079939668175,0.3612565445026178,0.02278657630085945
0.03470824949698189,0.3612565445026178,0.022793341428041458
0.034725717161550075,0.3612565445026178,0.022803157567977905
0.03474320241691843,0.3612565445026178,0.022809898480772972
0.034760705289672546,0.3612565445026178,0.02281537465751171
0.03477822580645161,0.3612565445026178,0.02281610108911991
0.03479576399394856,0.3612565445026178,0.022822177037596703
0.03481331987891019,0.3612565445026178,0.022828761488199234
0.0348308934881373,0.3612565445026178,0.02283606119453907
0.03484848484848485,0.3612565445026178,0.022837772965431213
0.03486609398686205,0.3612565445026178,0.022845478728413582
0.03488372093023256,0.3612565445026178,0.022854283452033997
0.03490136570561457,0.3612565445026178,0.022864097729325294
0.034919028340080975,0.3612565445026178,0.022898010909557343
0.034936708860759495,0.3612565445026178,0.02290213853120804
0.034954407294832825,0.3612565445026178,0.022905798628926277
0.03497212366953877,0.3612565445026178,0.02291097678244114
0.03498985801217039,0.3612565445026178,0.02292228303849697
0.0350076103500761,0.3612565445026178,0.022922491654753685
0.0350253807106599,0.3612565445026178,0.02293132059276104
0.03504316912138141,0.3612565445026178,0.022932708263397217
0.0350609756097561,0.3612565445026178,0.022946249693632126
0.03507880020335536,0.3612565445026178,0.022963523864746094
0.035096642929806715,0.3612565445026178,0.022973569110035896
0.035114503816793895,0.3612565445026178,0.02297833375632763
0.03513238289205703,0.3612565445026178,0.022984104230999947
0.035150280183392765,0.3612565445026178,0.02298440970480442
0.035168195718654434,0.3612565445026178,0.02299605868756771
0.03518612952575217,0.3612565445026178,0.02300606667995453
0.03520408163265306,0.3612565445026178,0.023012947291135788
0.03522205206738132,0.3612565445026178,0.02302125096321106
0.035240040858018386,0.3612565445026178,0.023024672642350197
0.03525804803270312,0.3612565445026178,0.023028239607810974
0.0352760736196319,0.3612565445026178,0.023035885766148567
0.03529411764705882,0.3612565445026178,0.023069633170962334
0.035312180143295804,0.3612565445026178,0.02307741343975067
0.03533026113671275,0.3612565445026178,0.023081118240952492
0.0353483606557377,0.3612565445026178,0.02308609150350094
0.035366478728856995,0.3612565445026178,0.02312181144952774
0.03538461538461538,0.3612565445026178,0.023122500628232956
0.03540277065161621,0.3612565445026178,0.02313130348920822
0.03542094455852156,0.3612565445026178,0.02314724773168564
0.03543913713405239,0.3612565445026178,0.02316218987107277
0.03545734840698869,0.3612565445026178,0.02318592742085457
0.03547557840616967,0.3612565445026178,0.023202013224363327
0.035493827160493825,0.3612565445026178,0.02321634814143181
0.035512094698919194,0.3612565445026178,0.02321658656001091
0.03553038105046344,0.3612565445026178,0.02321954257786274
0.03554868624420402,0.3612565445026178,0.023229192942380905
0.03556701030927835,0.3612565445026178,0.02324097231030464
0.03558535327488396,0.3612565445026178,0.023242756724357605
0.03560371517027864,0.3612565445026178,0.023282872512936592
0.035622096024780586,0.3612565445026178,0.023285090923309326
0.035640495867768594,0.3612565445026178,0.023287178948521614
0.03565891472868217,0.3612565445026178,0.023293783888220787
0.035677352637021716,0.3612565445026178,0.023300429806113243
0.03569580962234868,0.3612565445026178,0.023304391652345657
0.03571428571428571,0.3612565445026178,0.023310568183660507
0.035732780942516834,0.3612565445026178,0.02331657148897648
0.035751295336787565,0.3612565445026178,0.023323755711317062
0.03576982892690513,0.3612565445026178,0.023331843316555023
0.03578838174273859,0.3612565445026178,0.02333313226699829
0.03580695381421899,0.3612565445026178,0.023352548480033875
0.03582554517133956,0.3612565445026178,0.023363342508673668
0.035844155844155845,0.3612565445026178,0.02336352877318859
0.035862785862785865,0.3612565445026178,0.02336912788450718
0.0358814352574103,0.3612565445026178,0.023371974006295204
0.03590010405827263,0.3612565445026178,0.02337808720767498
0.03591879229567933,0.3612565445026178,0.023396752774715424
0.0359375,0.3612565445026178,0.02341347187757492
0.03595622720166754,0.3612565445026178,0.023419871926307678
0.03597497393117831,0.3612565445026178,0.02343994937837124
0.03599374021909233,0.3612565445026178,0.023463115096092224
0.0360125260960334,0.3612565445026178,0.023465001955628395
0.03603133159268929,0.3612565445026178,0.023485589772462845
0.03605015673981191,0.3612565445026178,0.023511886596679688
0.03606900156821746,0.3612565445026178,0.023532310500741005
0.03608786610878661,0.3612565445026178,0.02353893406689167
0.03610675039246468,0.3612565445026178,0.023544620722532272
0.03612565445026178,0.3612565445026178,0.023545680567622185
0.03614457831325301,0.3612565445026178,0.02358204498887062
0.036163522012578615,0.3612565445026178,0.023596370592713356
0.03618248557944415,0.3612565445026178,0.02362162061035633
0.03620146904512067,0.3612565445026178,0.023630959913134575
0.03622047244094488,0.3612565445026178,0.02363494783639908
0.03623949579831933,0.3612565445026178,0.023654554039239883
0.03625853914871256,0.3612565445026178,0.023657141253352165
0.03627760252365931,0.3612565445026178,0.023668598383665085
0.036296685954760655,0.3612565445026178,0.02367161214351654
0.03631578947368421,0.3612565445026178,0.023684967309236526
0.036334913112164295,0.3612565445026178,0.02370164357125759
0.03635405690200211,0.3612565445026178,0.023702604696154594
0.03637322087506589,0.3612565445026178,0.023720305413007736
0.03639240506329114,0.3612565445026178,0.023727543652057648
0.03641160949868074,0.3612565445026178,0.02375166304409504
0.036430834213305174,0.3612565445026178,0.023758545517921448
0.03645007923930269,0.3612565445026178,0.023775329813361168
0.03646934460887949,0.3612565445026178,0.02377554029226303
0.03648863035430989,0.3612565445026178,0.023782193660736084
0.03650793650793651,0.3612565445026178,0.023788033053278923
0.036527263102170464,0.3612565445026178,0.02379126287996769
0.036546610169491525,0.3612565445026178,0.023792080581188202
0.03656597774244833,0.3612565445026178,0.023794859647750854
0.036585365853658534,0.3612565445026178,0.023797547444701195
0.03660477453580902,0.3612565445026178,0.023810161277651787
0.03662420382165605,0.3612565445026178,0.023814674466848373
0.03664365374402549,0.3612565445026178,0.023835955187678337
0.036663124335812966,0.3612565445026178,0.023837119340896606
0.03668261562998405,0.3612565445026178,0.02383877895772457
0.036702127659574466,0.3612565445026178,0.02386450208723545
0.036721660457690264,0.3612565445026178,0.023872356861829758
0.036741214057507986,0.3612565445026178,0.023874113336205482
0.036760788492274904,0.3612565445026178,0.023879263550043106
0.036780383795309166,0.3612565445026178,0.02389003522694111
0.0368,0.3612565445026178,0.023891549557447433
0.0368196371398079,0.3612565445026178,0.023923255503177643
0.03683929524826481,0.3612565445026178,0.02392495982348919
0.03685897435897436,0.3612565445026178,0.023927275091409683
0.03687867450561197,0.3612565445026178,0.023945296183228493
0.03689839572192513,0.3612565445026178,0.024001138284802437
0.03691813804173355,0.3612565445026178,0.024017350748181343
0.03693790149892934,0.3612565445026178,0.024018319323658943
0.036957686127477234,0.3612565445026178,0.02405688166618347
0.03697749196141479,0.3612565445026178,0.024061458185315132
0.036997319034852545,0.3612565445026178,0.024072224274277687
0.03701716738197425,0.3612565445026178,0.02409881167113781
0.037037037037037035,0.3612565445026178,0.024101821705698967
0.03705692803437164,0.3612565445026178,0.024108313024044037
0.03707684040838259,0.3612565445026178,0.024113450199365616
0.037096774193548385,0.3612565445026178,0.024145929142832756
0.037116729424421735,0.3612565445026178,0.02420794777572155
0.03713670613562971,0.3612565445026178,0.024209197610616684
0.03715670436187399,0.3612565445026178,0.024227390065789223
0.037176724137931036,0.3612565445026178,0.024233495816588402
0.03719676549865229,0.3612565445026178,0.02423381805419922
0.0372168284789644,0.3612565445026178,0.024239612743258476
0.0372369131138694,0.3612565445026178,0.024241600185632706
0.03725701943844492,0.3612565445026178,0.0242510586977005
0.03727714748784441,0.3612565445026178,0.024263784289360046
0.0372972972972973,0.3612565445026178,0.024264585226774216
0.03731746890210925,0.3612565445026178,0.024306118488311768
0.037337662337662336,0.3612565445026178,0.024306325241923332
0.03735787763941527,0.3612565445026178,0.024320920929312706
0.03737811484290358,0.3612565445026178,0.024334413930773735
0.03739837398373984,0.3612565445026178,0.024360312148928642
0.037418655097613884,0.3612565445026178,0.02436041459441185
0.037438958220293,0.3612565445026178,0.024385102093219757
0.03745928338762215,0.3612565445026178,0.02440922148525715
0.037479630635524175,0.3612565445026178,0.024410635232925415
0.0375,0.3612565445026178,0.024422425776720047
0.037520391517128875,0.3612565445026178,0.02447420544922352
0.03754080522306855,0.3612565445026178,0.024475805461406708
0.03756124115405553,0.3612565445026178,0.02449699677526951
0.03758169934640523,0.3612565445026178,0.02452399954199791
0.03760217983651226,0.3612565445026178,0.02453659661114216
0.0376226826608506,0.3612565445026178,0.02456149086356163
0.03764320785597381,0.3612565445026178,0.024572476744651794
0.03766375545851528,0.3612565445026178,0.02462927997112274
0.037684325505188423,0.3612565445026178,0.024632727727293968
0.03770491803278689,0.3612565445026178,0.02464425563812256
0.0377255330781848,0.3612565445026178,0.024682778865098953
0.03774617067833698,0.3612565445026178,0.024713315069675446
0.03776683087027915,0.3612565445026178,0.02472059614956379
0.03778751369112815,0.3612565445026178,0.024724557995796204
0.03780821917808219,0.3612565445026178,0.02472582831978798
0.03728070175438596,0.35602094240837695,0.024731390178203583
0.03730115194733955,0.35602094240837695,0.024756524711847305
0.03732162458836443,0.35602094240837695,0.024758119136095047
0.037342119714442616,0.35602094240837695,0.02478559873998165
0.03736263736263736,0.35602094240837695,0.024787364527583122
0.037383177570093455,0.35602094240837695,0.02481466718018055
0.0374037403740374,0.35602094240837695,0.024835653603076935
0.03742432581177765,0.35602094240837695,0.02485860511660576
0.037444933920704845,0.35602094240837695,0.024859674274921417
0.03746556473829201,0.35602094240837695,0.024871420115232468
0.037486218302094816,0.35602094240837695,0.02487233281135559
0.03750689464975179,0.35602094240837695,0.02488023415207863
0.037527593818984545,0.35602094240837695,0.024892965331673622
0.03699613473219216,0.3507853403141361,0.02489975281059742
0.037016574585635356,0.3507853403141361,0.024903863668441772
0.037037037037037035,0.3507853403141361,0.02490430325269699
0.03705752212389381,0.3507853403141361,0.02491159737110138
0.03707802988378528,0.3507853403141361,0.024913586676120758
0.03709856035437431,0.3507853403141361,0.024920599535107613
0.0371191135734072,0.3507853403141361,0.024928389117121696
0.03713968957871397,0.3507853403141361,0.02492973394691944
0.03716028840820854,0.3507853403141361,0.024931808933615685
0.03718091009988901,0.3507853403141361,0.024935893714427948
0.03720155469183787,0.3507853403141361,0.024939969182014465
0.03722222222222222,0.3507853403141361,0.02494281716644764
0.03724291272929405,0.3507853403141361,0.0249448511749506
0.03670745272525028,0.34554973821989526,0.02495620772242546
0.03672787979966611,0.34554973821989526,0.024960584938526154
0.036748329621380846,0.34554973821989526,0.02497168630361557
0.03676880222841226,0.34554973821989526,0.02497197687625885
0.03678929765886288,0.34554973821989526,0.0249747633934021
0.03680981595092025,0.34554973821989526,0.02499508485198021
0.036830357142857144,0.34554973821989526,0.025002606213092804
0.03685092127303183,0.34554973821989526,0.02502514235675335
0.03687150837988827,0.34554973821989526,0.025034859776496887
0.0368921185019564,0.34554973821989526,0.025036832317709923
0.03691275167785235,0.34554973821989526,0.025050144642591476
0.03693340794627868,0.34554973821989526,0.025054819881916046
0.036954087346024636,0.34554973821989526,0.025064658373594284
0.03697478991596639,0.34554973821989526,0.025065952911973
0.03699551569506727,0.34554973821989526,0.025073664262890816
0.03701626472237801,0.34554973821989526,0.02508116513490677
0.037037037037037035,0.34554973821989526,0.025096291676163673
0.03705783267827063,0.34554973821989526,0.025102965533733368
0.03707865168539326,0.34554973821989526,0.025115210562944412
0.03709949409780776,0.34554973821989526,0.025121761485934258
0.03712035995500562,0.34554973821989526,0.025126583874225616
0.03714124929656725,0.34554973821989526,0.025127388536930084
0.037162162162162164,0.34554973821989526,0.025132307782769203
0.03718309859154929,0.34554973821989526,0.025166641920804977
0.03720405862457723,0.34554973821989526,0.025173267349600792
0.03722504230118443,0.34554973821989526,0.02518201246857643
0.03724604966139955,0.34554973821989526,0.02518410235643387
0.037267080745341616,0.34554973821989526,0.02520398236811161
0.03728813559322034,0.34554973821989526,0.025244010612368584
0.03730921424533635,0.34554973821989526,0.025257129222154617
0.03733031674208145,0.34554973821989526,0.025292113423347473
0.03735144312393888,0.34554973821989526,0.025318512693047523
0.03737259343148358,0.34554973821989526,0.025327356532216072
0.037393767705382434,0.34554973821989526,0.025351906195282936
0.03741496598639456,0.34554973821989526,0.025364337489008904
0.03743618831537152,0.34554973821989526,0.025382155552506447
0.03745743473325766,0.34554973821989526,0.02539312280714512
0.03747870528109029,0.34554973821989526,0.025413092225790024
0.036931818181818184,0.3403141361256545,0.02541661635041237
0.03695281409891984,0.3403141361256545,0.0254221148788929
0.036973833902161544,0.3403141361256545,0.025424567982554436
0.03699487763232783,0.3403141361256545,0.025428112596273422
0.03644646924829157,0.33507853403141363,0.025435350835323334
0.036467236467236465,0.33507853403141363,0.02544567920267582
0.036488027366020526,0.33507853403141363,0.02546755224466324
0.03593839132915003,0.3298429319371728,0.02547110803425312
0.03595890410958904,0.3298429319371728,0.02549820952117443
0.03597944031981725,0.3298429319371728,0.025510208681225777
0.036,0.3298429319371728,0.025515221059322357
0.036020583190394515,0.3298429319371728,0.02551966719329357
0.036041189931350116,0.3298429319371728,0.025533150881528854
0.03606182026330853,0.3298429319371728,0.025539426133036613
0.03608247422680412,0.3298429319371728,0.025541109964251518
0.03610315186246418,0.3298429319371728,0.0255440603941679
0.03612385321100917,0.3298429319371728,0.025550037622451782
0.03614457831325301,0.3298429319371728,0.025562873110175133
0.03616532721010333,0.3298429319371728,0.025566449388861656
0.03618609994256174,0.3298429319371728,0.025593502447009087
0.03620689655172414,0.3298429319371728,0.025602860376238823
0.03622771707878091,0.3298429319371728,0.025606298819184303
0.03624856156501726,0.3298429319371728,0.02562805637717247
0.03626943005181347,0.3298429319371728,0.025645285844802856
0.036290322580645164,0.3298429319371728,0.025650320574641228
0.03631123919308357,0.3298429319371728,0.025658776983618736
0.03575547866205306,0.32460732984293195,0.025705132633447647
0.03577611079053664,0.32460732984293195,0.025720778852701187
0.03579676674364896,0.32460732984293195,0.025744425132870674
0.03581744656268053,0.32460732984293195,0.02575261890888214
0.035838150289017344,0.32460732984293195,0.02575545571744442
0.035858877964141125,0.32460732984293195,0.025760049000382423
0.03587962962962963,0.32460732984293195,0.025775307789444923
0.03590040532715692,0.32460732984293195,0.025782030075788498
0.03534183082271147,0.3193717277486911,0.025789014995098114
0.03536231884057971,0.3193717277486911,0.025797946378588676
0.03538283062645012,0.3193717277486911,0.02581135556101799
0.035403366221706326,0.3193717277486911,0.025821374729275703
0.03542392566782811,0.3193717277486911,0.025831270962953568
0.03544450900639163,0.3193717277486911,0.02583150565624237
0.035465116279069765,0.3193717277486911,0.025840044021606445
0.035485747527632346,0.3193717277486911,0.025865964591503143
0.03550640279394645,0.3193717277486911,0.02586616948246956
0.035527082119976704,0.3193717277486911,0.025880716741085052
0.035547785547785545,0.3193717277486911,0.025891214609146118
0.035568513119533525,0.3193717277486911,0.025943154469132423
0.03558926487747958,0.3193717277486911,0.025967806577682495
0.03561004086398132,0.3193717277486911,0.025969041511416435
0.035630841121495324,0.3193717277486911,0.02598002552986145
0.03565166569257744,0.3193717277486911,0.025990013033151627
0.03567251461988304,0.3193717277486911,0.025990651920437813
0.035693387946167346,0.3193717277486911,0.02599724568426609
0.03571428571428571,0.3193717277486911,0.02601298876106739
0.035735207967193906,0.3193717277486911,0.026013517752289772
0.03575615474794842,0.3193717277486911,0.026017354801297188
0.03577712609970674,0.3193717277486911,0.026044292375445366
0.0357981220657277,0.3193717277486911,0.026044992730021477
0.0358191426893717,0.3193717277486911,0.026056678965687752
0.035840188014101056,0.3193717277486911,0.026058712974190712
0.035861258083480306,0.3193717277486911,0.026061678305268288
0.03588235294117647,0.3193717277486911,0.026068346574902534
0.03590347263095939,0.3193717277486911,0.026114270091056824
0.035924617196702,0.3193717277486911,0.026116954162716866
0.03594578668238067,0.3193717277486911,0.02613694593310356
0.03596698113207547,0.3193717277486911,0.026143310591578484
0.0359882005899705,0.3193717277486911,0.026146821677684784
0.03600944510035419,0.3193717277486911,0.026170501485466957
0.03603071470761961,0.3193717277486911,0.026179274544119835
0.03605200945626478,0.3193717277486911,0.02618999406695366
0.036073329390892965,0.3193717277486911,0.026190809905529022
0.03609467455621302,0.3193717277486911,0.0262127872556448
0.036116044997039666,0.3193717277486911,0.026218770071864128
0.03613744075829384,0.3193717277486911,0.026227956637740135
0.03615886188500297,0.3193717277486911,0.026236459612846375
0.036180308422301306,0.3193717277486911,0.026237640529870987
0.03620178041543027,0.3193717277486911,0.026238659396767616
0.03622327790973872,0.3193717277486911,0.02624412439763546
0.036244800950683304,0.3193717277486911,0.02624557912349701
0.03626634958382877,0.3193717277486911,0.026250815019011497
0.0362879238548483,0.3193717277486911,0.026252608746290207
0.03630952380952381,0.3193717277486911,0.02626917138695717
0.03633114949374628,0.3193717277486911,0.026271166279911995
0.03635280095351609,0.3193717277486911,0.02628650888800621
0.03637447823494335,0.3193717277486911,0.026305468752980232
0.03639618138424821,0.3193717277486911,0.026311956346035004
0.036417910447761194,0.3193717277486911,0.026314741000533104
0.03643966547192354,0.3193717277486911,0.026314888149499893
0.03646144650328751,0.3193717277486911,0.026346366852521896
0.03648325358851675,0.3193717277486911,0.026355134323239326
0.03590664272890485,0.31413612565445026,0.02637043036520481
0.03592814371257485,0.31413612565445026,0.026374012231826782
0.035949670461354104,0.31413612565445026,0.026376528665423393
0.03597122302158273,0.31413612565445026,0.026388846337795258
0.035992801439712056,0.31413612565445026,0.026408305391669273
0.03601440576230492,0.31413612565445026,0.026419172063469887
0.036036036036036036,0.31413612565445026,0.02644919417798519
0.036057692307692304,0.31413612565445026,0.026457076892256737
0.03607937462417318,0.31413612565445026,0.026488671079277992
0.036101083032490974,0.31413612565445026,0.026493333280086517
0.036122817579771226,0.31413612565445026,0.026498081162571907
0.03614457831325301,0.31413612565445026,0.026535481214523315
0.03616636528028933,0.31413612565445026,0.02654026634991169
0.03618817852834741,0.31413612565445026,0.026555577293038368
0.036210018105009054,0.31413612565445026,0.02657005935907364
0.036231884057971016,0.31413612565445026,0.026593059301376343
0.03625377643504532,0.31413612565445026,0.02661430463194847
0.036275695284159616,0.31413612565445026,0.02664911188185215
0.036297640653357534,0.31413612565445026,0.026658574119210243
0.03631961259079903,0.31413612565445026,0.026660244911909103
0.03634161114476075,0.31413612565445026,0.026674164459109306
0.03636363636363636,0.31413612565445026,0.026691872626543045
0.036385688295936934,0.31413612565445026,0.0267129335552454
0.03640776699029126,0.31413612565445026,0.026719214394688606
0.03642987249544627,0.31413612565445026,0.026721930131316185
0.03645200486026731,0.31413612565445026,0.026733508333563805
0.0364741641337386,0.31413612565445026,0.026736952364444733
0.0364963503649635,0.31413612565445026,0.026744820177555084
0.036518563603164945,0.31413612565445026,0.02675403654575348
0.03654080389768575,0.31413612565445026,0.026755688712000847
0.03656307129798903,0.31413612565445026,0.0267596784979105
0.036585365853658534,0.31413612565445026,0.02676575258374214
0.036607687614399025,0.31413612565445026,0.02677633985877037
0.03663003663003663,0.31413612565445026,0.026782672852277756
0.03665241295051924,0.31413612565445026,0.026784492656588554
0.03667481662591687,0.31413612565445026,0.026788407936692238
0.03669724770642202,0.31413612565445026,0.026796134188771248
0.03671970624235006,0.31413612565445026,0.02681085094809532
0.03674219228413962,0.31413612565445026,0.0268141720443964
0.03676470588235294,0.31413612565445026,0.02681804820895195
0.03678724708767627,0.31413612565445026,0.026827238500118256
0.03680981595092025,0.31413612565445026,0.026853276416659355
0.03683241252302026,0.31413612565445026,0.026884857565164566
0.036855036855036855,0.31413612565445026,0.02688741683959961
0.03687768899815612,0.31413612565445026,0.026889706030488014
0.03690036900369004,0.31413612565445026,0.02690286561846733
0.036923076923076927,0.31413612565445026,0.026922477409243584
0.03694581280788178,0.31413612565445026,0.026926809921860695
0.036968576709796676,0.31413612565445026,0.026946309953927994
0.036991368680641186,0.31413612565445026,0.026947783306241035
0.03701418877236274,0.31413612565445026,0.026951709762215614
0.037037037037037035,0.31413612565445026,0.02698535844683647
0.03705991352686844,0.31413612565445026,0.026988664641976357
0.037082818294190356,0.31413612565445026,0.026989903301000595
0.03710575139146568,0.31413612565445026,0.02699781209230423
0.03712871287128713,0.31413612565445026,0.027003305032849312
0.03715170278637771,0.31413612565445026,0.027004694566130638
0.03717472118959108,0.31413612565445026,0.027009984478354454
0.037197768133911964,0.31413612565445026,0.027018574997782707
0.03722084367245657,0.31413612565445026,0.02703273296356201
0.037243947858473,0.31413612565445026,0.02703758142888546
0.037267080745341616,0.31413612565445026,0.027044322341680527
0.037290242386575516,0.31413612565445026,0.02705991640686989
0.03731343283582089,0.31413612565445026,0.027068058028817177
0.037336652146857496,0.31413612565445026,0.02707851678133011
0.037359900373599,0.31413612565445026,0.027086732909083366
0.037383177570093455,0.31413612565445026,0.027104521170258522
0.03740648379052369,0.31413612565445026,0.02711700275540352
0.037429819089207735,0.31413612565445026,0.027146561071276665
0.03745318352059925,0.31413612565445026,0.02715935744345188
0.037476577139287946,0.31413612565445026,0.027172356843948364
0.0375,0.31413612565445026,0.027185017243027687
0.0375234521575985,0.31413612565445026,0.027195440605282784
0.03754693366708386,0.31413612565445026,0.02720649354159832
0.03757044458359424,0.31413612565445026,0.027211882174015045
0.03759398496240601,0.31413612565445026,0.027217896655201912
0.03761755485893417,0.31413612565445026,0.027218807488679886
0.037641154328732745,0.31413612565445026,0.027226218953728676
0.03766478342749529,0.31413612565445026,0.02724781073629856
0.03768844221105527,0.31413612565445026,0.027251513674855232
0.03771213073538655,0.31413612565445026,0.02725180611014366
0.03773584905660377,0.31413612565445026,0.02726609632372856
0.03775959723096287,0.31413612565445026,0.02729487232863903
0.037783375314861464,0.31413612565445026,0.027299486100673676
0.03780718336483932,0.31413612565445026,0.02730979584157467
0.03783102143757881,0.31413612565445026,0.02731737680733204
0.03785488958990536,0.31413612565445026,0.02732165902853012
0.03787878787878788,0.31413612565445026,0.027340756729245186
0.03790271636133923,0.31413612565445026,0.027362095192074776
0.03792667509481669,0.31413612565445026,0.027372285723686218
0.03795066413662239,0.31413612565445026,0.02737637422978878
0.0379746835443038,0.31413612565445026,0.027378324419260025
0.03799873337555415,0.31413612565445026,0.027379389852285385
0.03802281368821293,0.31413612565445026,0.02740517444908619
0.03804692454026633,0.31413612565445026,0.02742026373744011
0.03807106598984772,0.31413612565445026,0.027434654533863068
0.0380952380952381,0.31413612565445026,0.027440140023827553
0.03811944091486658,0.31413612565445026,0.027446158230304718
0.03814367450731087,0.31413612565445026,0.02745863050222397
0.03816793893129771,0.31413612565445026,0.02747022546827793
0.037555697008274984,0.3089005235602094,0.02748085744678974
0.0375796178343949,0.3089005235602094,0.027509162202477455
0.03760356915232632,0.3089005235602094,0.027513660490512848
0.03762755102040816,0.3089005235602094,0.02751670591533184
0.03765156349712827,0.3089005235602094,0.027554966509342194
0.037675606641123884,0.3089005235602094,0.02756098285317421
0.03769968051118211,0.3089005235602094,0.027569841593503952
0.037723785166240406,0.3089005235602094,0.027573836967349052
0.037747920665387076,0.3089005235602094,0.027577517554163933
0.03777208706786172,0.3089005235602094,0.02758258394896984
0.03779628443305574,0.3089005235602094,0.027585066854953766
0.03782051282051282,0.3089005235602094,0.027595650404691696
0.03784477228992944,0.3089005235602094,0.02759961038827896
0.037869062901155326,0.3089005235602094,0.027600770816206932
0.03789338471419396,0.3089005235602094,0.027606835588812828
0.037917737789203085,0.3089005235602094,0.027613187208771706
0.037942122186495175,0.3089005235602094,0.02763093076646328
0.03796653796653797,0.3089005235602094,0.027663452550768852
0.037990985189954925,0.3089005235602094,0.027672816067934036
0.03801546391752577,0.3089005235602094,0.027684835717082024
0.038039974210186976,0.3089005235602094,0.027687139809131622
0.03806451612903226,0.3089005235602094,0.027730803936719894
0.03808908973531311,0.3089005235602094,0.02776755951344967
0.03811369509043928,0.3089005235602094,0.027803102508187294
0.03813833225597932,0.3089005235602094,0.027806777507066727
0.03816300129366106,0.3089005235602094,0.02783515863120556
0.038187702265372166,0.3089005235602094,0.027857011184096336
0.03821243523316062,0.3089005235602094,0.02786630392074585
0.03823720025923526,0.3089005235602094,0.027866361662745476
0.03826199740596628,0.3089005235602094,0.027869997546076775
0.038286826735885786,0.3089005235602094,0.027884069830179214
0.03831168831168831,0.3089005235602094,0.027892006561160088
0.03833658219623132,0.3089005235602094,0.027904357761144638
0.03836150845253576,0.3089005235602094,0.027959104627370834
0.038386467143786594,0.3089005235602094,0.027959711849689484
0.038411458333333336,0.3089005235602094,0.027968881651759148
0.038436482084690554,0.3089005235602094,0.027972200885415077
0.038461538461538464,0.3089005235602094,0.027977120131254196
0.038486627527723416,0.3089005235602094,0.027996495366096497
0.038511749347258484,0.3089005235602094,0.02805173583328724
0.038536903984323974,0.3089005235602094,0.028052639216184616
0.038562091503267976,0.3089005235602094,0.028062494471669197
0.03858731196860693,0.3089005235602094,0.028063420206308365
0.03861256544502618,0.3089005235602094,0.028064973652362823
0.038637851997380485,0.3089005235602094,0.028067834675312042
0.03866317169069463,0.3089005235602094,0.0280709620565176
0.038688524590163934,0.3089005235602094,0.028078464791178703
0.03871391076115486,0.3089005235602094,0.02807922475039959
0.038739330269205514,0.3089005235602094,0.028080591931939125
0.03876478318002628,0.3089005235602094,0.028080768883228302
0.03879026955950033,0.3089005235602094,0.02810630016028881
0.03881578947368421,0.3089005235602094,0.028139710426330566
0.038841342988808425,0.3089005235602094,0.02815258502960205
0.038866930171278,0.3089005235602094,0.028210286051034927
0.03889255108767304,0.3089005235602094,0.02821393869817257
0.03891820580474934,0.3089005235602094,0.02822835184633732
0.038943894389438946,0.3089005235602094,0.02823389694094658
0.03896961690885073,0.3089005235602094,0.028241518884897232
0.038995373430270985,0.3089005235602094,0.02824697643518448
0.03902116402116402,0.3089005235602094,0.028253978118300438
0.039046988749172735,0.3089005235602094,0.028259621933102608
0.0390728476821192,0.3089005235602094,0.028270401060581207
0.0390987408880053,0.3089005235602094,0.028281884267926216
0.03912466843501326,0.3089005235602094,0.028325852006673813
0.039150630391506305,0.3089005235602094,0.028347473591566086
0.039176626826029216,0.3089005235602094,0.028358731418848038
0.03920265780730897,0.3089005235602094,0.028366683050990105
0.03922872340425532,0.3089005235602094,0.028398316353559494
0.039254823685961414,0.3089005235602094,0.0283995121717453
0.03861517976031957,0.3036649214659686,0.02841203473508358
0.038640906062624915,0.3036649214659686,0.02842080034315586
0.03866666666666667,0.3036649214659686,0.028423454612493515
0.03871829105473965,0.3036649214659686,0.02843019925057888
0.038744154976619906,0.3036649214659686,0.02845264971256256
0.03877005347593583,0.3036649214659686,0.02845310978591442
0.03879598662207358,0.3036649214659686,0.02846338041126728
0.038821954484605084,0.3036649214659686,0.02847144566476345
0.03884795713328868,0.3036649214659686,0.028472883626818657
0.0388739946380697,0.3036649214659686,0.02847304753959179
0.038900067069081154,0.3036649214659686,0.02848021686077118
0.038926174496644296,0.3036649214659686,0.028493216261267662
0.03895231699126931,0.3036649214659686,0.028498971834778786
0.038978494623655914,0.3036649214659686,0.028508108109235764
0.03900470746469401,0.3036649214659686,0.028527874499559402
0.039030955585464336,0.3036649214659686,0.028535155579447746
0.039057239057239054,0.3036649214659686,0.028541099280118942
0.03908355795148248,0.3036649214659686,0.02855077013373375
0.03910991233985165,0.3036649214659686,0.028568703681230545
0.03913630229419703,0.3036649214659686,0.028569059446454048
0.03916272788656313,0.3036649214659686,0.028580019250512123
0.03918918918918919,0.3036649214659686,0.028608443215489388
0.0392156862745098,0.3036649214659686,0.02865612506866455
0.03924221921515562,0.3036649214659686,0.02867218479514122
0.03926878808395396,0.3036649214659686,0.028685925528407097
0.03929539295392954,0.3036649214659686,0.02869592048227787
0.03932203389830508,0.3036649214659686,0.02869694121181965
0.03934871099050204,0.3036649214659686,0.02874792367219925
0.03937542430414121,0.3036649214659686,0.028752630576491356
0.03940217391304348,0.3036649214659686,0.028756825253367424
0.03942895989123046,0.3036649214659686,0.028757870197296143
0.03945578231292517,0.3036649214659686,0.028761832043528557
0.039482641252552755,0.3036649214659686,0.028765695169568062
0.039509536784741145,0.3036649214659686,0.02877119928598404
0.03953646898432175,0.3036649214659686,0.028776435181498528
0.03956343792633015,0.3036649214659686,0.028788387775421143
0.039590443686006824,0.3036649214659686,0.02879234589636326
0.03961748633879782,0.3036649214659686,0.028815750032663345
0.039644565960355434,0.3036649214659686,0.028821241110563278
0.03967168262653899,0.3036649214659686,0.028842197731137276
0.03969883641341547,0.3036649214659686,0.02886064723134041
0.03972602739726028,0.3036649214659686,0.028876295313239098
0.039753255654557916,0.3036649214659686,0.028899142518639565
0.039780521262002745,0.3036649214659686,0.028908004984259605
0.03980782429649966,0.3036649214659686,0.028910093009471893
0.03983516483516483,0.3036649214659686,0.028913063928484917
0.03986254295532646,0.3036649214659686,0.028921887278556824
0.039889958734525444,0.3036649214659686,0.028922831639647484
0.03991741225051618,0.3036649214659686,0.028944339603185654
0.03994490358126722,0.3036649214659686,0.02895944193005562
0.03997243280496209,0.3036649214659686,0.028959637507796288
0.04,0.3036649214659686,0.02897515520453453
0.04002760524499655,0.3036649214659686,0.029033903032541275
0.04005524861878453,0.3036649214659686,0.02904096618294716
0.04008293020041465,0.3036649214659686,0.02904217503964901
0.040110650069156296,0.3036649214659686,0.02913387306034565
0.04013840830449827,0.3036649214659686,0.02916794642806053
0.04016620498614958,0.3036649214659686,0.029168615117669106
0.040194040194040194,0.3036649214659686,0.029171457514166832
0.04022191400832178,0.3036649214659686,0.02920614369213581
0.040249826509368494,0.3036649214659686,0.029209768399596214
0.04027777777777778,0.3036649214659686,0.029209833592176437
0.04030576789437109,0.3036649214659686,0.029251733794808388
0.04033379694019471,0.3036649214659686,0.029253460466861725
0.04036186499652053,0.3036649214659686,0.02926001325249672
0.0403899721448468,0.3036649214659686,0.02926459349691868
0.04041811846689895,0.3036649214659686,0.029266908764839172
0.040446304044630406,0.3036649214659686,0.02927474118769169
0.040474528960223306,0.3036649214659686,0.029278000816702843
0.040502793296089384,0.3036649214659686,0.029306938871741295
0.04053109713487072,0.3036649214659686,0.02934023179113865
0.04055944055944056,0.3036649214659686,0.029356641694903374
0.04058782365290413,0.3036649214659686,0.029360506683588028
0.04061624649859944,0.3036649214659686,0.02936408855021
0.04064470918009811,0.3036649214659686,0.02936464548110962
0.04067321178120617,0.3036649214659686,0.029390249401330948
0.04070175438596491,0.3036649214659686,0.02939719893038273
0.04073033707865169,0.3036649214659686,0.02940233051776886
0.040758959943780745,0.3036649214659686,0.02941598929464817
0.040787623066104076,0.3036649214659686,0.02942904643714428
0.04081632653061224,0.3036649214659686,0.029431207105517387
0.04084507042253521,0.3036649214659686,0.02949042059481144
0.0408738548273432,0.3036649214659686,0.029497474431991577
0.04090267983074753,0.3036649214659686,0.02952185831964016
0.040931545518701484,0.3036649214659686,0.02954438328742981
0.04096045197740113,0.3036649214659686,0.029550274834036827
0.04098939929328622,0.3036649214659686,0.02955833077430725
0.04101838755304102,0.3036649214659686,0.02956787310540676
0.04104741684359519,0.3036649214659686,0.029588991776108742
0.04107648725212465,0.3036649214659686,0.02966136857867241
0.041105598866052445,0.3036649214659686,0.02966759167611599
0.04113475177304964,0.3036649214659686,0.02968769706785679
0.0411639460610362,0.3036649214659686,0.029693905264139175
0.041193181818181816,0.3036649214659686,0.029718870297074318
0.0412224591329069,0.3036649214659686,0.029720349237322807
0.041251778093883355,0.3036649214659686,0.029749156907200813
0.04128113879003559,0.3036649214659686,0.029752839356660843
0.04131054131054131,0.3036649214659686,0.029762040823698044
0.041339985744832504,0.3036649214659686,0.02979392185807228
0.04136947218259629,0.3036649214659686,0.029818713665008545
0.04139900071377588,0.3036649214659686,0.029819412156939507
0.041428571428571426,0.3036649214659686,0.02982902154326439
0.04145818441744103,0.3036649214659686,0.029839590191841125
0.04148783977110158,0.3036649214659686,0.029850121587514877
0.04151753758052971,0.3036649214659686,0.02990325354039669
0.04154727793696275,0.3036649214659686,0.029916582629084587
0.04157706093189964,0.3036649214659686,0.029936539009213448
0.04160688665710186,0.3036649214659686,0.029984690248966217
0.0416367552045944,0.3036649214659686,0.02998737245798111
0.041666666666666664,0.3036649214659686,0.030001580715179443
0.041696621135873475,0.3036649214659686,0.030017472803592682
0.041726618705035974,0.3036649214659686,0.030028603971004486
0.04175665946724262,0.3036649214659686,0.030041228979825974
0.04178674351585014,0.3036649214659686,0.03004126250743866
0.0418168709444845,0.3036649214659686,0.030048636719584465
0.04184704184704185,0.3036649214659686,0.030063657090067863
0.04115523465703971,0.29842931937172773,0.030073000118136406
0.041184971098265896,0.29842931937172773,0.03008589893579483
0.04121475054229935,0.29842931937172773,0.03009815141558647
0.04124457308248915,0.29842931937172773,0.030101289972662926
0.041274438812454746,0.29842931937172773,0.03010648488998413
0.041304347826086954,0.29842931937172773,0.030120186507701874
0.04133430021754895,0.29842931937172773,0.03013923019170761
0.041364296081277216,0.29842931937172773,0.030146712437272072
0.04139433551198257,0.29842931937172773,0.03015202470123768
0.040697674418604654,0.2931937172774869,0.030169237405061722
0.04072727272727273,0.2931937172774869,0.030170507729053497
0.040756914119359534,0.2931937172774869,0.03017326444387436
0.04078659868900218,0.2931937172774869,0.030184254050254822
0.04081632653061224,0.2931937172774869,0.0301849115639925
0.040846097738876735,0.2931937172774869,0.030190084129571915
0.040875912408759124,0.2931937172774869,0.03019827790558338
0.04090577063550037,0.2931937172774869,0.030199481174349785
0.04093567251461988,0.2931937172774869,0.030208146199584007
0.040965618141916606,0.2931937172774869,0.030232125893235207
0.040995607613469986,0.2931937172774869,0.03025466576218605
0.041025641025641026,0.2931937172774869,0.030256543308496475
0.04105571847507331,0.2931937172774869,0.030262647196650505
0.041085840058694055,0.2931937172774869,0.03028053417801857
0.041116005873715125,0.2931937172774869,0.030346648767590523
0.041146216017634095,0.2931937172774869,0.03036152385175228
0.041176470588235294,0.2931937172774869,0.03036813624203205
0.041206769683590876,0.2931937172774869,0.030369367450475693
0.04050073637702504,0.2879581151832461,0.030373653396964073
0.040530582166543844,0.2879581151832461,0.030391421169042587
0.04056047197640118,0.2879581151832461,0.030395111069083214
0.04059040590405904,0.2879581151832461,0.03040590137243271
0.04062038404726736,0.2879581151832461,0.03043689951300621
0.03991130820399113,0.28272251308900526,0.03043702244758606
0.03994082840236687,0.28272251308900526,0.030438747256994247
0.03997039230199852,0.28272251308900526,0.030448269098997116
0.04,0.28272251308900526,0.030460095033049583
0.04002965159377316,0.28272251308900526,0.03048253431916237
0.040059347181008904,0.28272251308900526,0.030495256185531616
0.0400890868596882,0.28272251308900526,0.03050016053020954
0.04011887072808321,0.28272251308900526,0.03053155541419983
0.04014869888475837,0.28272251308900526,0.030537718906998634
0.04017857142857143,0.28272251308900526,0.030543621629476547
0.040208488458674606,0.28272251308900526,0.030567966401576996
0.040238450074515646,0.28272251308900526,0.030572542920708656
0.040268456375838924,0.28272251308900526,0.030599648132920265
0.03955223880597015,0.2774869109947644,0.030603084713220596
0.039581777445855115,0.2774869109947644,0.030606528744101524
0.03961136023916293,0.2774869109947644,0.030606722459197044
0.039640987284966345,0.2774869109947644,0.030665630474686623
0.03967065868263473,0.2774869109947644,0.030666356906294823
0.039700374531835204,0.2774869109947644,0.030701620504260063
0.03973013493253373,0.2774869109947644,0.03071526437997818
0.03975993998499625,0.2774869109947644,0.030718615278601646
0.03978978978978979,0.2774869109947644,0.030731990933418274
0.03906836964688205,0.27225130890052357,0.03074849210679531
0.039097744360902256,0.27225130890052357,0.030749358236789703
0.03912716328066215,0.27225130890052357,0.030776524916291237
0.0391566265060241,0.27225130890052357,0.03078717179596424
0.03918613413715147,0.27225130890052357,0.03086235001683235
0.0392156862745098,0.27225130890052357,0.030885541811585426
0.03924528301886793,0.27225130890052357,0.030887557193636894
0.03927492447129909,0.27225130890052357,0.03089117631316185
0.039304610733182165,0.27225130890052357,0.03091702051460743
0.039334341906202726,0.27225130890052357,0.03094968944787979
0.03936411809235428,0.27225130890052357,0.03097154200077057
0.03939393939393939,0.27225130890052357,0.03102784976363182
0.039423805913570885,0.27225130890052357,0.03103702701628208
0.03945371775417299,0.27225130890052357,0.031041517853736877
0.039483675018982534,0.27225130890052357,0.031073061749339104
0.03951367781155015,0.27225130890052357,0.031118612736463547
0.03954372623574144,0.27225130890052357,0.031120795756578445
0.0395738203957382,0.27225130890052357,0.031152930110692978
0.039603960396039604,0.27225130890052357,0.03115595132112503
0.039634146341463415,0.27225130890052357,0.031178833916783333
0.03966437833714721,0.27225130890052357,0.03118748404085636
0.03969465648854962,0.27225130890052357,0.03122095577418804
0.03972498090145149,0.27225130890052357,0.03125219792127609
0.039755351681957186,0.27225130890052357,0.03125535696744919
0.03978576893649579,0.27225130890052357,0.031259264796972275
0.039816232771822356,0.27225130890052357,0.03126262128353119
0.03984674329501916,0.27225130890052357,0.031278107315301895
0.03987730061349693,0.27225130890052357,0.03128033131361008
0.039907904834996163,0.27225130890052357,0.03130488842725754
0.039938556067588324,0.27225130890052357,0.03135061636567116
0.03996925441967717,0.27225130890052357,0.031360846012830734
0.04,0.27225130890052357,0.03137616068124771
0.04003079291762895,0.27225130890052357,0.031383901834487915
0.040061633281972264,0.27225130890052357,0.03138679265975952
0.040092521202775636,0.27225130890052357,0.03141053393483162
0.040123456790123455,0.27225130890052357,0.031417135149240494
0.040154440154440155,0.27225130890052357,0.03142125532031059
0.0401854714064915,0.27225130890052357,0.03143618628382683
0.04021655065738593,0.27225130890052357,0.031496305018663406
0.04024767801857585,0.27225130890052357,0.031497836112976074
0.040278853601859024,0.27225130890052357,0.03149883449077606
0.040310077519379844,0.27225130890052357,0.03155646100640297
0.04034134988363072,0.27225130890052357,0.03155726194381714
0.040372670807453416,0.27225130890052357,0.03160999342799187
0.04040404040404041,0.27225130890052357,0.03163118660449982
0.04043545878693624,0.27225130890052357,0.031651854515075684
0.04046692607003891,0.27225130890052357,0.03166157379746437
0.040498442367601244,0.27225130890052357,0.03169677406549454
0.04053000779423227,0.27225130890052357,0.031704775989055634
0.0405616224648986,0.27225130890052357,0.031708382070064545
0.04059328649492584,0.27225130890052357,0.031782831996679306
0.040625,0.27225130890052357,0.03178485482931137
0.040656763096168884,0.27225130890052357,0.03178856894373894
0.0406885758998435,0.27225130890052357,0.031843505799770355
0.04072043852779953,0.27225130890052357,0.03189069777727127
0.04075235109717868,0.27225130890052357,0.031904030591249466
0.0407843137254902,0.27225130890052357,0.03191038593649864
0.04081632653061224,0.27225130890052357,0.03193391114473343
0.0408483896307934,0.27225130890052357,0.03194067254662514
0.040880503144654086,0.27225130890052357,0.03194475546479225
0.040912667191188044,0.27225130890052357,0.031945016235113144
0.04094488188976378,0.27225130890052357,0.031979575753211975
0.04097714736012608,0.27225130890052357,0.031982216984033585
0.04100946372239748,0.27225130890052357,0.03202943131327629
0.04104183109707971,0.27225130890052357,0.032029617577791214
0.04107424960505529,0.27225130890052357,0.032042600214481354
0.04110671936758893,0.27225130890052357,0.03205905482172966
0.04113924050632911,0.27225130890052357,0.03206218034029007
0.04117181314330958,0.27225130890052357,0.03211318328976631
0.04120443740095087,0.27225130890052357,0.03213655576109886
0.041237113402061855,0.27225130890052357,0.03222181275486946
0.04126984126984127,0.27225130890052357,0.03223782405257225
0.04130262112787927,0.27225130890052357,0.032269436866045
0.04133545310015898,0.27225130890052357,0.03232730180025101
0.04136833731105807,0.27225130890052357,0.032327860593795776
0.041401273885350316,0.27225130890052357,0.03234292194247246
0.04143426294820717,0.27225130890052357,0.0323462188243866
0.04146730462519936,0.27225130890052357,0.032350629568099976
0.041500399042298484,0.27225130890052357,0.03235752880573273
0.04153354632587859,0.27225130890052357,0.03237712010741234
0.04156674660271783,0.27225130890052357,0.03239379823207855
0.0416,0.27225130890052357,0.03239387273788452
0.041633306645316254,0.27225130890052357,0.032399266958236694
0.041666666666666664,0.27225130890052357,0.03240475431084633
0.04170008019246191,0.27225130890052357,0.03245413675904274
0.04173354735152488,0.27225130890052357,0.032482344657182693
0.04096385542168675,0.2670157068062827,0.03248982131481171
0.0409967845659164,0.2670157068062827,0.032503075897693634
0.04102976669348351,0.2670157068062827,0.03250899910926819
0.04106280193236715,0.2670157068062827,0.032514024525880814
0.0410958904109589,0.2670157068062827,0.03253588452935219
0.04112903225806452,0.2670157068062827,0.03254357725381851
0.04116222760290557,0.2670157068062827,0.03257845714688301
0.04119547657512116,0.2670157068062827,0.032578665763139725
0.041228779304769606,0.2670157068062827,0.032601721584796906
0.0412621359223301,0.2670157068062827,0.03262285143136978
0.04129554655870445,0.2670157068062827,0.03268471732735634
0.041329011345218804,0.2670157068062827,0.03268745541572571
0.0413625304136253,0.2670157068062827,0.03272438421845436
0.041396103896103896,0.2670157068062827,0.03273489698767662
0.041429731925264016,0.2670157068062827,0.0327441468834877
0.041463414634146344,0.2670157068062827,0.03275327757000923
0.04149715215622457,0.2670157068062827,0.032753512263298035
0.041530944625407164,0.2670157068062827,0.03275495395064354
0.04156479217603912,0.2670157068062827,0.03275718912482262
0.041598694942903754,0.2670157068062827,0.032766759395599365
0.04163265306122449,0.2670157068062827,0.03279367461800575
0.041666666666666664,0.2670157068062827,0.03280327096581459
0.041700735895339326,0.2670157068062827,0.0328047014772892
0.041734860883797055,0.2670157068062827,0.03281624615192413
0.04176904176904177,0.2670157068062827,0.03284993767738342
0.04180327868852459,0.2670157068062827,0.03285498172044754
0.04183757178014766,0.2670157068062827,0.032861270010471344
0.04187192118226601,0.2670157068062827,0.032861609011888504
0.0419063270336894,0.2670157068062827,0.03289661183953285
0.04194078947368421,0.2670157068062827,0.03290676325559616
0.04197530864197531,0.2670157068062827,0.03290759027004242
0.042009884678747944,0.2670157068062827,0.03291473165154457
0.04204451772464963,0.2670157068062827,0.03292788937687874
0.04207920792079208,0.2670157068062827,0.03294907510280609
0.042113955408753095,0.2670157068062827,0.03299327194690704
0.04214876033057851,0.2670157068062827,0.033004797995090485
0.04218362282878412,0.2670157068062827,0.03300848230719566
0.042218543046357616,0.2670157068062827,0.03302815929055214
0.04225352112676056,0.2670157068062827,0.03303832560777664
0.04228855721393035,0.2670157068062827,0.033039093017578125
0.04232365145228216,0.2670157068062827,0.03303954377770424
0.04235880398671096,0.2670157068062827,0.03305128589272499
0.04239401496259352,0.2670157068062827,0.03305879607796669
0.042429284525790346,0.2670157068062827,0.03308197483420372
0.042464612822647796,0.2670157068062827,0.03308524563908577
0.0425,0.2670157068062827,0.03308958560228348
0.042535446205170975,0.2670157068062827,0.03310519829392433
0.04257095158597663,0.2670157068062827,0.03311195224523544
0.042606516290726815,0.2670157068062827,0.033122532069683075
0.042642140468227424,0.2670157068062827,0.0331539660692215
0.042677824267782424,0.2670157068062827,0.033174265176057816
0.04271356783919598,0.2670157068062827,0.03317707031965256
0.04274937133277452,0.2670157068062827,0.03319060057401657
0.04278523489932886,0.2670157068062827,0.03321145474910736
0.042821158690176324,0.2670157068062827,0.03322138637304306
0.04285714285714286,0.2670157068062827,0.033221691846847534
0.04289318755256518,0.2670157068062827,0.03322729095816612
0.04292929292929293,0.2670157068062827,0.0332341305911541
0.04296545914069082,0.2670157068062827,0.03324422612786293
0.04300168634064081,0.2670157068062827,0.03326888009905815
0.043037974683544304,0.2670157068062827,0.03328157961368561
0.04307432432432432,0.2670157068062827,0.033283013850450516
0.04311073541842773,0.2670157068062827,0.03328423574566841
0.04314720812182741,0.2670157068062827,0.03332854062318802
0.04318374259102455,0.2670157068062827,0.033329255878925323
0.043220338983050846,0.2670157068062827,0.03335927426815033
0.043256997455470736,0.2670157068062827,0.03337652236223221
0.0432937181663837,0.2670157068062827,0.0333813913166523
0.04333050127442651,0.2670157068062827,0.03340870514512062
0.04336734693877551,0.2670157068062827,0.03344370052218437
0.04340425531914894,0.2670157068062827,0.03345869481563568
0.0434412265758092,0.2670157068062827,0.03347388654947281
0.043478260869565216,0.2670157068062827,0.033485058695077896
0.043515358361774746,0.2670157068062827,0.03350916504859924
0.04355251921434671,0.2670157068062827,0.03351520374417305
0.04358974358974359,0.2670157068062827,0.033554837107658386
0.04362703165098375,0.2670157068062827,0.03359641134738922
0.04366438356164384,0.2670157068062827,0.03362009674310684
0.043701799485861184,0.2670157068062827,0.03364239260554314
0.04373927958833619,0.2670157068062827,0.033656321465969086
0.04377682403433476,0.2670157068062827,0.03372030705213547
0.04381443298969072,0.2670157068062827,0.03373580798506737
0.043852106620808254,0.2670157068062827,0.03377154469490051
0.04388984509466437,0.2670157068062827,0.03379816561937332
0.04392764857881137,0.2670157068062827,0.03381200134754181
0.04396551724137931,0.2670157068062827,0.03381756320595741
0.04400345125107852,0.2670157068062827,0.03382081910967827
0.04404145077720207,0.2670157068062827,0.0338430292904377
0.04407951598962835,0.2670157068062827,0.03384852036833763
0.04411764705882353,0.2670157068062827,0.03386099636554718
0.04415584415584416,0.2670157068062827,0.03388963267207146
0.04419410745233969,0.2670157068062827,0.03390445187687874
0.04423243712055507,0.2670157068062827,0.03391781449317932
0.044270833333333336,0.2670157068062827,0.033929359167814255
0.044309296264118156,0.2670157068062827,0.033935435116291046
0.04434782608695652,0.2670157068062827,0.03395505249500275
0.044386422976501305,0.2670157068062827,0.033974118530750275
0.04442508710801394,0.2670157068062827,0.033974789083004
0.044463818657367045,0.2670157068062827,0.03399888426065445
0.04450261780104712,0.2670157068062827,0.034037940204143524
0.043668122270742356,0.2617801047120419,0.03405348211526871
0.043706293706293704,0.2617801047120419,0.03405383974313736
0.04374453193350831,0.2617801047120419,0.03408181294798851
0.043782837127845885,0.2617801047120419,0.03409387543797493
0.04382120946538125,0.2617801047120419,0.034095752984285355
0.04298245614035088,0.25654450261780104,0.03409641981124878
0.04302019315188762,0.25654450261780104,0.03410372510552406
0.04305799648506151,0.25654450261780104,0.03410534933209419
0.04309586631486367,0.25654450261780104,0.03412378579378128
0.043133802816901406,0.25654450261780104,0.034126780927181244
0.04317180616740088,0.25654450261780104,0.0342131145298481
0.043209876543209874,0.25654450261780104,0.03421984240412712
0.04324801412180053,0.25654450261780104,0.03424035757780075
0.04328621908127209,0.25654450261780104,0.03426414355635643
0.04332449160035367,0.25654450261780104,0.03427042439579964
0.04247787610619469,0.2513089005235602,0.03427278622984886
0.042515500442869794,0.2513089005235602,0.03428587689995766
0.0425531914893617,0.2513089005235602,0.034289754927158356
0.04259094942324756,0.2513089005235602,0.03429050371050835
0.04262877442273535,0.2513089005235602,0.03430735692381859
0.042666666666666665,0.2513089005235602,0.03431340679526329
0.042704626334519574,0.2513089005235602,0.03432469069957733
0.0427426536064114,0.2513089005235602,0.034329142421483994
0.0427807486631016,0.2513089005235602,0.03435938432812691
0.042818911685994644,0.2513089005235602,0.03436486795544624
0.04285714285714286,0.2513089005235602,0.03440903499722481
0.04289544235924933,0.2513089005235602,0.03440955653786659
0.04203935599284436,0.24607329842931938,0.03441067412495613
0.04207699194270367,0.24607329842931938,0.03446934372186661
0.042114695340501794,0.24607329842931938,0.03447737544775009
0.042152466367713005,0.24607329842931938,0.03455787152051926
0.0421903052064632,0.24607329842931938,0.0345604233443737
0.042228212039532795,0.24607329842931938,0.03456442430615425
0.04226618705035971,0.24607329842931938,0.034604355692863464
0.0423042304230423,0.24607329842931938,0.034618623554706573
0.04234234234234234,0.24607329842931938,0.03464251011610031
0.04238052299368801,0.24607329842931938,0.034644123166799545
0.042418772563176894,0.24607329842931938,0.034681323915719986
0.04245709123757904,0.24607329842931938,0.034700773656368256
0.042495479204339964,0.24607329842931938,0.03477334976196289
0.04253393665158371,0.24607329842931938,0.03480106592178345
0.042572463768115944,0.24607329842931938,0.03480248525738716
0.04261106074342702,0.24607329842931938,0.0348031260073185
0.0426497277676951,0.24607329842931938,0.03480760008096695
0.042727272727272725,0.24607329842931938,0.034812185913324356
0.042766151046405826,0.24607329842931938,0.03481297567486763
0.042805100182149364,0.24607329842931938,0.034832216799259186
0.04284412032816773,0.24607329842931938,0.034855179488658905
0.04288321167883212,0.24607329842931938,0.03488636016845703
0.042922374429223746,0.24607329842931938,0.03489091247320175
0.04296160877513711,0.24607329842931938,0.034976307302713394
0.043000914913083256,0.24607329842931938,0.03500019758939743
0.04304029304029304,0.24607329842931938,0.035036880522966385
0.04307974335472044,0.24607329842931938,0.035045403987169266
0.043119266055045874,0.24607329842931938,0.035094134509563446
0.04315886134067952,0.24607329842931938,0.03509889915585518
0.043198529411764705,0.24607329842931938,0.035151951014995575
0.04323827046918123,0.24607329842931938,0.0351635105907917
0.0432780847145488,0.24607329842931938,0.03516456112265587
0.04331797235023042,0.24607329842931938,0.035181351006031036
0.043357933579335796,0.24607329842931938,0.03522799536585808
0.04339796860572484,0.24607329842931938,0.03525965288281441
0.04343807763401109,0.24607329842931938,0.03528207540512085
0.043478260869565216,0.24607329842931938,0.03532906994223595
0.04351851851851852,0.24607329842931938,0.03533433377742767
0.04355885078776645,0.24607329842931938,0.035339079797267914
0.04359925788497217,0.24607329842931938,0.03535625711083412
0.0436397400185701,0.24607329842931938,0.03538943827152252
0.04368029739776952,0.24607329842931938,0.03548385947942734
0.04372093023255814,0.24607329842931938,0.035509563982486725
0.043761638733705775,0.24607329842931938,0.035519544035196304
0.04380242311276794,0.24607329842931938,0.03552139550447464
0.043843283582089554,0.24607329842931938,0.03553652763366699
0.04388422035480859,0.24607329842931938,0.03557343780994415
0.04392523364485981,0.24607329842931938,0.035582534968853
0.04396632366697849,0.24607329842931938,0.03560387343168259
0.04400749063670412,0.24607329842931938,0.03561394289135933
0.044048734770384255,0.24607329842931938,0.035666324198246
0.04409005628517824,0.24607329842931938,0.03568270057439804
0.044131455399061034,0.24607329842931938,0.03568773716688156
0.044172932330827065,0.24607329842931938,0.03569365665316582
0.04421448730009407,0.24607329842931938,0.035701148211956024
0.044256120527306965,0.24607329842931938,0.035713594406843185
0.04429783223374175,0.24607329842931938,0.03572283312678337
0.04433962264150943,0.24607329842931938,0.03572383522987366
0.044381491973559964,0.24607329842931938,0.03573700040578842
0.0444234404536862,0.24607329842931938,0.03576093167066574
0.04446546830652791,0.24607329842931938,0.035799477249383926
0.04450757575757576,0.24607329842931938,0.03581797331571579
0.04454976303317536,0.24607329842931938,0.03584232181310654
0.04459203036053131,0.24607329842931938,0.035845156759023666
0.0446343779677113,0.24607329842931938,0.035850778222084045
0.04467680608365019,0.24607329842931938,0.03585876151919365
0.04471931493815414,0.24607329842931938,0.03589596599340439
0.04476190476190476,0.24607329842931938,0.03594030812382698
0.044804575786463297,0.24607329842931938,0.036004699766635895
0.04484732824427481,0.24607329842931938,0.03605443984270096
0.044890162368672396,0.24607329842931938,0.036054935306310654
0.044933078393881457,0.24607329842931938,0.03611302003264427
0.044976076555023926,0.24607329842931938,0.036169011145830154
0.045019157088122604,0.24607329842931938,0.036185555160045624
0.045062320230105465,0.24607329842931938,0.03620213270187378
0.045105566218809984,0.24607329842931938,0.03622550144791603
0.04514889529298751,0.24607329842931938,0.036240104585886
0.04519230769230769,0.24607329842931938,0.036263443529605865
0.04523580365736285,0.24607329842931938,0.03627666085958481
0.04527938342967245,0.24607329842931938,0.03632952645421028
0.04532304725168756,0.24607329842931938,0.03634083643555641
0.045366795366795366,0.24607329842931938,0.03634820133447647
0.04541062801932367,0.24607329842931938,0.03635391592979431
0.045454545454545456,0.24607329842931938,0.03636033087968826
0.04549854791868345,0.24607329842931938,0.03636786714196205
0.045542635658914726,0.24607329842931938,0.03642737865447998
0.04558680892337536,0.24607329842931938,0.0364648811519146
0.04563106796116505,0.24607329842931938,0.03648258373141289
0.0456754130223518,0.24607329842931938,0.03648749738931656
0.04571984435797665,0.24607329842931938,0.03649056330323219
0.045764362220058426,0.24607329842931938,0.03649230673909187
0.04580896686159844,0.24607329842931938,0.03649435564875603
0.045853658536585365,0.24607329842931938,0.03649620711803436
0.0458984375,0.24607329842931938,0.03653731942176819
0.044965786901270774,0.24083769633507854,0.03655754029750824
0.04500978473581213,0.24083769633507854,0.03658478334546089
0.04505386875612145,0.24083769633507854,0.036602653563022614
0.045098039215686274,0.24083769633507854,0.03661849722266197
0.045142296368989206,0.24083769633507854,0.036643821746110916
0.04518664047151277,0.24083769633507854,0.036664530634880066
0.04523107177974434,0.24083769633507854,0.03666950762271881
0.045275590551181105,0.24083769633507854,0.03670061379671097
0.04532019704433497,0.24083769633507854,0.0367223359644413
0.045364891518737675,0.24083769633507854,0.03674299642443657
0.045409674234945706,0.24083769633507854,0.03677111864089966
0.045454545454545456,0.24083769633507854,0.036798734217882156
0.04549950544015826,0.24083769633507854,0.03683113306760788
0.04554455445544554,0.24083769633507854,0.03691030293703079
0.04558969276511397,0.24083769633507854,0.03694509342312813
0.04563492063492063,0.24083769633507854,0.03695766627788544
0.04568023833167825,0.24083769633507854,0.03696952387690544
0.04572564612326044,0.24083769633507854,0.03698642551898956
0.045771144278606964,0.24083769633507854,0.03699420765042305
0.045816733067729085,0.24083769633507854,0.037049535661935806
0.045862412761714856,0.24083769633507854,0.03705906867980957
0.04590818363273453,0.24083769633507854,0.03706112876534462
0.04595404595404595,0.24083769633507854,0.037096939980983734
0.046,0.24083769633507854,0.03712369129061699
0.04604604604604605,0.24083769633507854,0.03717406466603279
0.04609218436873747,0.24083769633507854,0.03721378371119499
0.04613841524573721,0.24083769633507854,0.0372321642935276
0.04618473895582329,0.24083769633507854,0.03725317493081093
0.04623115577889447,0.24083769633507854,0.037262968719005585
0.04627766599597585,0.24083769633507854,0.03730081766843796
0.04632426988922457,0.24083769633507854,0.03730963543057442
0.046370967741935484,0.24083769633507854,0.03731520101428032
0.04641775983854692,0.24083769633507854,0.03733475133776665
0.046464646464646465,0.24083769633507854,0.03733690455555916
0.046511627906976744,0.24083769633507854,0.037341102957725525
0.0465587044534413,0.24083769633507854,0.03736567497253418
0.04660587639311044,0.24083769633507854,0.03739304095506668
0.04665314401622718,0.24083769633507854,0.03744175657629967
0.046700507614213196,0.24083769633507854,0.03744857758283615
0.046747967479674794,0.24083769633507854,0.03748773783445358
0.04679552390640895,0.24083769633507854,0.03749515116214752
0.04684317718940937,0.24083769633507854,0.03749711066484451
0.046890927624872576,0.24083769633507854,0.037620384246110916
0.04693877551020408,0.24083769633507854,0.03764680400490761
0.04698672114402452,0.24083769633507854,0.03765374422073364
0.04703476482617587,0.24083769633507854,0.037656210362911224
0.04708290685772774,0.24083769633507854,0.03768237307667732
0.0471311475409836,0.24083769633507854,0.03768245130777359
0.04717948717948718,0.24083769633507854,0.03769562020897865
0.04722792607802875,0.24083769633507854,0.03771798312664032
0.047276464542651594,0.24083769633507854,0.03775962069630623
0.047325102880658436,0.24083769633507854,0.03778914362192154
0.04737384140061792,0.24083769633507854,0.037804700434207916
0.04742268041237113,0.24083769633507854,0.03782569617033005
0.047471620227038186,0.24083769633507854,0.037835605442523956
0.047520661157024795,0.24083769633507854,0.03786417841911316
0.047569803516028956,0.24083769633507854,0.037864189594984055
0.047619047619047616,0.24083769633507854,0.03787454217672348
0.04766839378238342,0.24083769633507854,0.03794582188129425
0.04771784232365145,0.24083769633507854,0.03795737400650978
0.04776739356178609,0.24083769633507854,0.037981122732162476
0.04677754677754678,0.2356020942408377,0.0379972867667675
0.046826222684703434,0.2356020942408377,0.0379984974861145
0.046875,0.2356020942408377,0.038010209798812866
0.04692387904066736,0.2356020942408377,0.038028087466955185
0.04697286012526096,0.2356020942408377,0.03805962949991226
0.047021943573667714,0.2356020942408377,0.03812125697731972
0.04707112970711297,0.2356020942408377,0.038164205849170685
0.04712041884816754,0.2356020942408377,0.038178931921720505
0.04716981132075472,0.2356020942408377,0.038195401430130005
0.0472193074501574,0.2356020942408377,0.03820207715034485
0.04726890756302521,0.2356020942408377,0.038202784955501556
0.0473186119873817,0.2356020942408377,0.0382247269153595
0.04736842105263158,0.2356020942408377,0.03823362663388252
0.04741833508956796,0.2356020942408377,0.03832259029150009
0.04746835443037975,0.2356020942408377,0.03832568973302841
0.04751847940865892,0.2356020942408377,0.038330428302288055
0.04756871035940803,0.2356020942408377,0.03835449740290642
0.04656084656084656,0.23036649214659685,0.0383739098906517
0.046610169491525424,0.23036649214659685,0.038514457643032074
0.04665959703075292,0.23036649214659685,0.03852127119898796
0.045647558386411886,0.225130890052356,0.03853476792573929
0.04569606801275239,0.225130890052356,0.0385606586933136
0.045744680851063826,0.225130890052356,0.03857496380805969
0.04579339723109691,0.225130890052356,0.03858181834220886
0.04584221748400853,0.225130890052356,0.03860829398036003
0.04589114194236926,0.225130890052356,0.03864690288901329
0.045940170940170943,0.225130890052356,0.03870990872383118
0.045989304812834225,0.225130890052356,0.03871957212686539
0.046038543897216275,0.225130890052356,0.03872087597846985
0.04608788853161844,0.225130890052356,0.038730256259441376
0.046137339055793994,0.225130890052356,0.03873985633254051
0.04618689581095596,0.225130890052356,0.0388256311416626
0.046236559139784944,0.225130890052356,0.03883618488907814
0.04628632938643703,0.225130890052356,0.0388607531785965
0.04633620689655173,0.225130890052356,0.03886675089597702
0.04638619201725998,0.225130890052356,0.03887627273797989
0.04643628509719223,0.225130890052356,0.03890009969472885
0.04540540540540541,0.2198952879581152,0.03890791907906532
0.045454545454545456,0.2198952879581152,0.03891026973724365
0.04550379198266522,0.2198952879581152,0.03891679644584656
0.0455531453362256,0.2198952879581152,0.03891972079873085
0.04560260586319218,0.2198952879581152,0.038927581161260605
0.04565217391304348,0.2198952879581152,0.03892863541841507
0.04570184983677911,0.2198952879581152,0.03892899677157402
0.0457516339869281,0.2198952879581152,0.038948118686676025
0.04580152671755725,0.2198952879581152,0.03898276016116142
0.04585152838427948,0.2198952879581152,0.03901045769453049
0.04590163934426229,0.2198952879581152,0.039062950760126114
0.045951859956236324,0.2198952879581152,0.039064355194568634
0.04600219058050383,0.2198952879581152,0.03907350078225136
0.046052631578947366,0.2198952879581152,0.039082903414964676
0.04500548847420417,0.21465968586387435,0.03911938518285751
0.045054945054945054,0.21465968586387435,0.03913494944572449
0.045104510451045104,0.21465968586387435,0.03917752951383591
0.04515418502202643,0.21465968586387435,0.03918515890836716
0.04520396912899669,0.21465968586387435,0.03920238837599754
0.04525386313465784,0.21465968586387435,0.03925095498561859
0.045303867403314914,0.21465968586387435,0.039258427917957306
0.04535398230088496,0.21465968586387435,0.03937734290957451
0.04540420819490587,0.21465968586387435,0.03940485417842865
0.045454545454545456,0.21465968586387435,0.03942681476473808
0.04550499445061043,0.21465968586387435,0.03945838660001755
0.04555555555555556,0.21465968586387435,0.03947823494672775
0.04560622914349277,0.21465968586387435,0.03956210985779762
0.045657015590200446,0.21465968586387435,0.039595749229192734
0.045707915273132664,0.21465968586387435,0.03962869197130203
0.04575892857142857,0.21465968586387435,0.03963393718004227
0.04581005586592179,0.21465968586387435,0.039642054587602615
0.04586129753914989,0.21465968586387435,0.03965562582015991
0.04591265397536394,0.21465968586387435,0.03965730220079422
0.04596412556053812,0.21465968586387435,0.0396675281226635
0.04489337822671156,0.2094240837696335,0.03968789801001549
0.0449438202247191,0.2094240837696335,0.03970830887556076
0.04499437570303712,0.2094240837696335,0.03972453251481056
0.04504504504504504,0.2094240837696335,0.03972799703478813
0.04509582863585118,0.2094240837696335,0.03973571956157684
0.045146726862302484,0.2094240837696335,0.03974555432796478
0.04519774011299435,0.2094240837696335,0.039777837693691254
0.04524886877828054,0.2094240837696335,0.03979399427771568
0.045300113250283124,0.2094240837696335,0.03980197384953499
0.045351473922902494,0.2094240837696335,0.03980463743209839
0.04540295119182747,0.2094240837696335,0.03980553522706032
0.045454545454545456,0.2094240837696335,0.039829134941101074
0.04550625711035267,0.2094240837696335,0.039839696139097214
0.04555808656036447,0.2094240837696335,0.039857495576143265
0.04561003420752566,0.2094240837696335,0.03989051654934883
0.045662100456621,0.2094240837696335,0.03992146626114845
0.045714285714285714,0.2094240837696335,0.039938174188137054
0.04576659038901602,0.2094240837696335,0.03995857387781143
0.045819014891179836,0.2094240837696335,0.04004392772912979
0.045871559633027525,0.2094240837696335,0.04009922221302986
0.045924225028702644,0.2094240837696335,0.04011039435863495
0.04597701149425287,0.2094240837696335,0.04011877626180649
0.04602991944764097,0.2094240837696335,0.04012668877840042
0.04608294930875576,0.2094240837696335,0.040141571313142776
0.0461361014994233,0.2094240837696335,0.04019340127706528
0.046189376443418015,0.2094240837696335,0.040231987833976746
0.046242774566473986,0.2094240837696335,0.040341608226299286
0.046296296296296294,0.2094240837696335,0.04037228971719742
0.046349942062572425,0.2094240837696335,0.04041368141770363
0.04640371229698376,0.2094240837696335,0.040432363748550415
0.04645760743321719,0.2094240837696335,0.04049144312739372
0.046511627906976744,0.2094240837696335,0.040510665625333786
0.046565774155995346,0.2094240837696335,0.04051515832543373
0.046620046620046623,0.2094240837696335,0.0405636802315712
0.046674445740956826,0.2094240837696335,0.04056569188833237
0.04672897196261682,0.2094240837696335,0.04056773707270622
0.04678362573099415,0.2094240837696335,0.04062617942690849
0.0468384074941452,0.2094240837696335,0.04064180329442024
0.04689331770222743,0.2094240837696335,0.04070030525326729
0.046948356807511735,0.2094240837696335,0.04070955142378807
0.04700352526439483,0.2094240837696335,0.04073347896337509
0.047058823529411764,0.2094240837696335,0.040787823498249054
0.04711425206124853,0.2094240837696335,0.040818337351083755
0.04716981132075472,0.2094240837696335,0.04081973060965538
0.047225501770956316,0.2094240837696335,0.04082951322197914
0.04728132387706856,0.2094240837696335,0.040850598365068436
0.047337278106508875,0.2094240837696335,0.04094565659761429
0.04739336492890995,0.2094240837696335,0.04098237305879593
0.04744958481613286,0.2094240837696335,0.04100244864821434
0.047505938242280284,0.2094240837696335,0.04108525067567825
0.04756242568370987,0.2094240837696335,0.04111458733677864
0.047619047619047616,0.2094240837696335,0.041155874729156494
0.04767580452920143,0.2094240837696335,0.04119294509291649
0.0477326968973747,0.2094240837696335,0.04122651368379593
0.04778972520908005,0.2094240837696335,0.04128246009349823
0.04784688995215311,0.2094240837696335,0.041349709033966064
0.04790419161676647,0.2094240837696335,0.04147609695792198
0.047961630695443645,0.2094240837696335,0.041506025940179825
0.04801920768307323,0.2094240837696335,0.04151381552219391
0.04807692307692308,0.2094240837696335,0.04154008626937866
0.048134777376654635,0.2094240837696335,0.04157746583223343
0.04819277108433735,0.2094240837696335,0.04163391888141632
0.04825090470446321,0.2094240837696335,0.041701238602399826
0.04830917874396135,0.2094240837696335,0.041712939739227295
0.04836759371221282,0.2094240837696335,0.041741397231817245
0.048426150121065374,0.2094240837696335,0.041817545890808105
0.048484848484848485,0.2094240837696335,0.04184798151254654
0.04854368932038835,0.2094240837696335,0.04186736419796944
0.04860267314702309,0.2094240837696335,0.041869763284921646
0.04866180048661801,0.2094240837696335,0.04187591373920441
0.048721071863580996,0.2094240837696335,0.04187806695699692
0.04878048780487805,0.2094240837696335,0.041923120617866516
0.04884004884004884,0.2094240837696335,0.041927698999643326
0.0488997555012225,0.2094240837696335,0.0419306755065918
0.04895960832313342,0.2094240837696335,0.04193519055843353
0.049019607843137254,0.2094240837696335,0.041974976658821106
0.049079754601226995,0.2094240837696335,0.04198823869228363
0.04914004914004914,0.2094240837696335,0.042015790939331055
0.04920049200492005,0.2094240837696335,0.04203758016228676
0.04926108374384237,0.2094240837696335,0.04204896092414856
0.04932182490752158,0.2094240837696335,0.04208327829837799
0.04938271604938271,0.2094240837696335,0.04213697090744972
0.049443757725587144,0.2094240837696335,0.0421583391726017
0.04950495049504951,0.2094240837696335,0.04217581823468208
0.04956629491945477,0.2094240837696335,0.04218380153179169
0.04962779156327544,0.2094240837696335,0.042228732258081436
0.049689440993788817,0.2094240837696335,0.04227025434374809
0.04975124378109453,0.2094240837696335,0.04229568690061569
0.049813200498132,0.2094240837696335,0.04231773316860199
0.048628428927680795,0.20418848167539266,0.04232682287693024
0.04868913857677903,0.20418848167539266,0.042354125529527664
0.04875,0.20418848167539266,0.042411450296640396
0.04881101376720901,0.20418848167539266,0.04241945967078209
0.047619047619047616,0.19895287958115182,0.04243801534175873
0.04767879548306148,0.19895287958115182,0.042457785457372665
0.04773869346733668,0.19895287958115182,0.0424884669482708
0.04779874213836478,0.19895287958115182,0.042555395513772964
0.04785894206549118,0.19895287958115182,0.042623162269592285
0.04791929382093316,0.19895287958115182,0.0426340326666832
0.047979797979797977,0.19895287958115182,0.04268239438533783
0.04804045512010114,0.19895287958115182,0.04269212484359741
0.04810126582278481,0.19895287958115182,0.042784713208675385
0.048162230671736375,0.19895287958115182,0.0428038164973259
0.048223350253807105,0.19895287958115182,0.04282832145690918
0.048284625158831,0.19895287958115182,0.042907293885946274
0.04834605597964377,0.19895287958115182,0.04292396083474159
0.048407643312101914,0.19895287958115182,0.042940400540828705
0.04846938775510204,0.19895287958115182,0.042963381856679916
0.04853128991060025,0.19895287958115182,0.043025657534599304
0.04859335038363171,0.19895287958115182,0.043058622628450394
0.04865556978233035,0.19895287958115182,0.043090444058179855
0.04871794871794872,0.19895287958115182,0.04312262311577797
0.04878048780487805,0.19895287958115182,0.043128762394189835
0.04884318766066838,0.19895287958115182,0.0431392528116703
0.0489060489060489,0.19895287958115182,0.04317721724510193
0.04768041237113402,0.193717277486911,0.043198756873607635
0.04774193548387097,0.193717277486911,0.043303441256284714
0.04780361757105943,0.193717277486911,0.04331193491816521
0.047865459249676584,0.193717277486911,0.043345704674720764
0.04792746113989637,0.193717277486911,0.043374840170145035
0.04798962386511025,0.193717277486911,0.04347356781363487
0.048051948051948054,0.193717277486911,0.04349111020565033
0.04811443433029909,0.193717277486911,0.0435999259352684
0.048177083333333336,0.193717277486911,0.04367653653025627
0.048239895697522815,0.193717277486911,0.043715331703424454
0.048302872062663184,0.193717277486911,0.043747030198574066
0.048366013071895426,0.193717277486911,0.04384375736117363
0.04842931937172775,0.193717277486911,0.04389350861310959
0.04849279161205767,0.193717277486911,0.043895550072193146
0.048556430446194225,0.193717277486911,0.04391176253557205
0.04862023653088042,0.193717277486911,0.043978143483400345
0.04868421052631579,0.193717277486911,0.043984197080135345
0.048748353096179184,0.193717277486911,0.044023483991622925
0.048812664907651716,0.193717277486911,0.044144101440906525
0.0488771466314399,0.193717277486911,0.04415024816989899
0.04894179894179894,0.193717277486911,0.04420942813158035
0.04900662251655629,0.193717277486911,0.044223129749298096
0.04907161803713528,0.193717277486911,0.044258370995521545
0.049136786188579015,0.193717277486911,0.04433620721101761
0.04920212765957447,0.193717277486911,0.04434043914079666
0.0492676431424767,0.193717277486911,0.0443471260368824
0.04933333333333333,0.193717277486911,0.04435795173048973
0.049399198931909215,0.193717277486911,0.0443655289709568
0.04946524064171123,0.193717277486911,0.04437904432415962
0.049531459170013385,0.193717277486911,0.044398270547389984
0.049597855227882036,0.193717277486911,0.04442574083805084
0.049664429530201344,0.193717277486911,0.04446481913328171
0.04973118279569892,0.193717277486911,0.04450245574116707
0.04979811574697174,0.193717277486911,0.044525980949401855
0.04986522911051213,0.193717277486911,0.044548556208610535
0.048582995951417005,0.18848167539267016,0.0445830412209034
0.04864864864864865,0.18848167539267016,0.04459308460354805
0.04871447902571042,0.18848167539267016,0.04463815689086914
0.04878048780487805,0.18848167539267016,0.044661253690719604
0.048846675712347354,0.18848167539267016,0.04467817395925522
0.04891304347826087,0.18848167539267016,0.04469990357756615
0.04897959183673469,0.18848167539267016,0.04473964869976044
0.04904632152588556,0.18848167539267016,0.044787533581256866
0.04911323328785812,0.18848167539267016,0.044881731271743774
0.04918032786885246,0.18848167539267016,0.044900450855493546
0.049247606019151846,0.18848167539267016,0.045092370361089706
0.049315068493150684,0.18848167539267016,0.04510188847780228
0.04938271604938271,0.18848167539267016,0.04512599855661392
0.04945054945054945,0.18848167539267016,0.045146312564611435
0.04951856946354883,0.18848167539267016,0.045179057866334915
0.048209366391184574,0.18324607329842932,0.04519033804535866
0.04827586206896552,0.18324607329842932,0.04521762952208519
0.04834254143646409,0.18324607329842932,0.04525810852646828
0.048409405255878286,0.18324607329842932,0.045312318950891495
0.04847645429362881,0.18324607329842932,0.04539235681295395
0.04854368932038835,0.18324607329842932,0.0455828532576561
0.04861111111111111,0.18324607329842932,0.045587118715047836
0.048678720445062586,0.18324607329842932,0.045688092708587646
0.04874651810584958,0.18324607329842932,0.045715972781181335
0.04881450488145049,0.18324607329842932,0.04571894556283951
0.04888268156424581,0.18324607329842932,0.04573747515678406
0.04895104895104895,0.18324607329842932,0.04580339044332504
0.047619047619047616,0.17801047120418848,0.04593537375330925
0.047685834502103785,0.17801047120418848,0.04596124589443207
0.047752808988764044,0.17801047120418848,0.04596641659736633
0.04781997187060478,0.17801047120418848,0.045967984944581985
0.04788732394366197,0.17801047120418848,0.04598348215222359
0.047954866008462625,0.17801047120418848,0.04600181430578232
0.0480225988700565,0.17801047120418848,0.046015407890081406
0.04809052333804809,0.17801047120418848,0.04607461765408516
0.04815864022662889,0.17801047120418848,0.04608776792883873
0.04822695035460993,0.17801047120418848,0.04610300064086914
0.048295454545454544,0.17801047120418848,0.04620067775249481
0.04836415362731152,0.17801047120418848,0.0463017001748085
0.04843304843304843,0.17801047120418848,0.046344462782144547
0.04850213980028531,0.17801047120418848,0.04636447876691818
0.04857142857142857,0.17801047120418848,0.04637360945343971
0.04864091559370529,0.17801047120418848,0.046447668224573135
0.04871060171919771,0.17801047120418848,0.04647091031074524
0.04878048780487805,0.17801047120418848,0.04653160646557808
0.04885057471264368,0.17801047120418848,0.0465591698884964
0.04892086330935252,0.17801047120418848,0.04657415673136711
0.04899135446685879,0.17801047120418848,0.046598441898822784
0.049062049062049064,0.17801047120418848,0.04674617946147919
0.049132947976878616,0.17801047120418848,0.04675190895795822
0.049204052098408106,0.17801047120418848,0.046792831271886826
0.04927536231884058,0.17801047120418848,0.046810414642095566
0.04934687953555878,0.17801047120418848,0.04682087153196335
0.04941860465116279,0.17801047120418848,0.04682444781064987
0.049490538573508006,0.17801047120418848,0.04686448723077774
0.04956268221574344,0.17801047120418848,0.04688715189695358
0.049635036496350364,0.17801047120418848,0.046909041702747345
0.049707602339181284,0.17801047120418848,0.04703068733215332
0.04978038067349927,0.17801047120418848,0.04705019295215607
0.04838709677419355,0.17277486910994763,0.04705139994621277
0.048458149779735685,0.17277486910994763,0.047065481543540955
0.04852941176470588,0.17277486910994763,0.047119103372097015
0.048600883652430045,0.17277486910994763,0.047218963503837585
0.048672566371681415,0.17277486910994763,0.04762868210673332
0.04874446085672083,0.17277486910994763,0.047644324600696564
0.04881656804733728,0.17277486910994763,0.0477597638964653
0.047407407407407405,0.16753926701570682,0.04782147705554962
0.04747774480712166,0.16753926701570682,0.04788042604923248
0.0475482912332838,0.16753926701570682,0.04796135053038597
0.047619047619047616,0.16753926701570682,0.04800565540790558
0.04769001490312966,0.16753926701570682,0.04802347347140312
0.04776119402985075,0.16753926701570682,0.048059530556201935
0.04783258594917788,0.16753926701570682,0.04807990789413452
0.04790419161676647,0.16753926701570682,0.048158206045627594
0.047976011994003,0.16753926701570682,0.0482398122549057
0.04804804804804805,0.16753926701570682,0.048271503299474716
0.0481203007518797,0.16753926701570682,0.04827367141842842
0.04819277108433735,0.16753926701570682,0.048407550901174545
0.048265460030165915,0.16753926701570682,0.04847985506057739
0.04833836858006042,0.16753926701570682,0.04848375916481018
0.048411497730711045,0.16753926701570682,0.04848547652363777
0.048484848484848485,0.16753926701570682,0.048491548746824265
0.048558421851289835,0.16753926701570682,0.048522841185331345
0.0486322188449848,0.16753926701570682,0.04856903851032257
0.0471841704718417,0.16230366492146597,0.04858764261007309
0.04725609756097561,0.16230366492146597,0.048597197979688644
0.04732824427480916,0.16230366492146597,0.04864264652132988
0.047400611620795105,0.16230366492146597,0.048722267150878906
0.04747320061255743,0.16230366492146597,0.04876112565398216
0.04754601226993865,0.16230366492146597,0.04877827689051628
0.047619047619047616,0.16230366492146597,0.048910953104496
0.047692307692307694,0.16230366492146597,0.048911385238170624
0.04776579352850539,0.16230366492146597,0.04891717806458473
0.047839506172839504,0.16230366492146597,0.04892886057496071
0.04791344667697063,0.16230366492146597,0.04897483438253403
0.047987616099071206,0.16230366492146597,0.04898884892463684
0.04806201550387597,0.16230366492146597,0.049014803022146225
0.04813664596273292,0.16230366492146597,0.04902418330311775
0.04821150855365474,0.16230366492146597,0.04906889423727989
0.048286604361370715,0.16230366492146597,0.049076952040195465
0.0483619344773791,0.16230366492146597,0.04913514479994774
0.0484375,0.16230366492146597,0.04914504662156105
0.048513302034428794,0.16230366492146597,0.04919559508562088
0.048589341692789965,0.16230366492146597,0.04924174025654793
0.04866562009419152,0.16230366492146597,0.04925506189465523
0.04874213836477988,0.16230366492146597,0.0492570735514164
0.048818897637795275,0.16230366492146597,0.04925887659192085
0.04889589905362776,0.16230366492146597,0.04927311837673187
0.04897314375987362,0.16230366492146597,0.049319278448820114
0.0490506329113924,0.16230366492146597,0.049374427646398544
0.0491283676703645,0.16230366492146597,0.049383413046598434
0.049206349206349205,0.16230366492146597,0.049420420080423355
0.0492845786963434,0.16230366492146597,0.049486782401800156
0.04936305732484077,0.16230366492146597,0.04954516142606735
0.049441786283891544,0.16230366492146597,0.049546465277671814
0.04952076677316294,0.16230366492146597,0.04957253858447075
0.0496,0.16230366492146597,0.049574755132198334
0.049679487179487176,0.16230366492146597,0.04958052933216095
0.04975922953451043,0.16230366492146597,0.04960738494992256
0.04983922829581994,0.16230366492146597,0.04961692914366722
0.0499194847020934,0.16230366492146597,0.04969517141580582
0.04838709677419355,0.15706806282722513,0.04973549395799637
0.048465266558966075,0.15706806282722513,0.0497840940952301
0.04854368932038835,0.15706806282722513,0.049880705773830414
0.04862236628849271,0.15706806282722513,0.049905627965927124
0.048701298701298704,0.15706806282722513,0.04998568072915077
0.04878048780487805,0.15706806282722513,0.04998813569545746
0.048859934853420196,0.15706806282722513,0.04999556019902229
0.048939641109298535,0.15706806282722513,0.05016651749610901
0.049019607843137254,0.15706806282722513,0.0501740500330925
0.049099836333878884,0.15706806282722513,0.05028209462761879
0.04918032786885246,0.15706806282722513,0.05029010400176048
0.04926108374384237,0.15706806282722513,0.050296273082494736
0.049342105263157895,0.15706806282722513,0.050300728529691696
0.04942339373970346,0.15706806282722513,0.05030936375260353
0.04950495049504951,0.15706806282722513,0.05032123252749443
0.047933884297520664,0.1518324607329843,0.0503418929874897
0.048013245033112585,0.1518324607329843,0.050380922853946686
0.04809286898839138,0.1518324607329843,0.05040425434708595
0.04817275747508306,0.1518324607329843,0.050465695559978485
0.048252911813643926,0.1518324607329843,0.05046967417001724
0.04833333333333333,0.1518324607329843,0.05052413046360016
0.048414023372287146,0.1518324607329843,0.05055028572678566
0.048494983277591976,0.1518324607329843,0.05058140680193901
0.048576214405360134,0.1518324607329843,0.05066833272576332
0.04865771812080537,0.1518324607329843,0.05076051503419876
0.04873949579831933,0.1518324607329843,0.05089109390974045
0.04882154882154882,0.1518324607329843,0.050925400108098984
0.048903878583473864,0.1518324607329843,0.051042474806308746
0.048986486486486486,0.1518324607329843,0.05109040066599846
0.047377326565143825,0.14659685863874344,0.05111376568675041
0.04745762711864407,0.14659685863874344,0.05111958086490631
0.04753820033955857,0.14659685863874344,0.051144566386938095
0.047619047619047616,0.14659685863874344,0.05118628218770027
0.04770017035775128,0.14659685863874344,0.05125545337796211
0.04778156996587031,0.14659685863874344,0.051396455615758896
0.04786324786324787,0.14659685863874344,0.051422931253910065
0.04794520547945205,0.14659685863874344,0.05148796737194061
0.048027444253859346,0.14659685863874344,0.051520418375730515
0.048109965635738834,0.14659685863874344,0.05158596858382225
0.04819277108433735,0.14659685863874344,0.051709506660699844
0.04827586206896552,0.14659685863874344,0.05171315744519234
0.046632124352331605,0.14136125654450263,0.05173821374773979
0.04671280276816609,0.14136125654450263,0.05177461728453636
0.04679376083188908,0.14136125654450263,0.05180076137185097
0.046875,0.14136125654450263,0.05181301385164261
0.04695652173913043,0.14136125654450263,0.051819007843732834
0.047038327526132406,0.14136125654450263,0.051848817616701126
0.04712041884816754,0.14136125654450263,0.05190297216176987
0.0472027972027972,0.14136125654450263,0.05192362517118454
0.047285464098073555,0.14136125654450263,0.05197053402662277
0.04736842105263158,0.14136125654450263,0.05197329446673393
0.04745166959578207,0.14136125654450263,0.052060842514038086
0.04753521126760563,0.14136125654450263,0.05209200829267502
0.047619047619047616,0.14136125654450263,0.052161410450935364
0.04770318021201413,0.14136125654450263,0.05222808197140694
0.047787610619469026,0.14136125654450263,0.05226028710603714
0.047872340425531915,0.14136125654450263,0.052288495004177094
0.047957371225577264,0.14136125654450263,0.052386168390512466
0.04804270462633452,0.14136125654450263,0.05243745073676109
0.0481283422459893,0.14136125654450263,0.05245566368103027
0.048214285714285716,0.14136125654450263,0.05246296525001526
0.04830053667262969,0.14136125654450263,0.052499886602163315
0.04838709677419355,0.14136125654450263,0.0525289922952652
0.04847396768402154,0.14136125654450263,0.05257803574204445
0.048561151079136694,0.14136125654450263,0.05259089916944504
0.04864864864864865,0.14136125654450263,0.05263020098209381
0.048736462093862815,0.14136125654450263,0.052856769412755966
0.048824593128390596,0.14136125654450263,0.05286426842212677
0.04891304347826087,0.14136125654450263,0.052876804023981094
0.04900181488203267,0.14136125654450263,0.052885450422763824
0.04909090909090909,0.14136125654450263,0.05297117680311203
0.04918032786885246,0.14136125654450263,0.052980754524469376
0.04927007299270073,0.14136125654450263,0.05298241972923279
0.04936014625228519,0.14136125654450263,0.053077518939971924
0.04945054945054945,0.14136125654450263,0.0533064641058445
0.04954128440366973,0.14136125654450263,0.05343211442232132
0.04963235294117647,0.14136125654450263,0.053520865738391876
0.049723756906077346,0.14136125654450263,0.05353616923093796
0.04981549815498155,0.14136125654450263,0.053703419864177704
0.04805914972273567,0.13612565445026178,0.05372912436723709
0.04814814814814815,0.13612565445026178,0.05376702919602394
0.04823747680890538,0.13612565445026178,0.053777363151311874
0.048327137546468404,0.13612565445026178,0.053788647055625916
0.048417132216014895,0.13612565445026178,0.05381486564874649
0.048507462686567165,0.13612565445026178,0.053817909210920334
0.048598130841121495,0.13612565445026178,0.05382785573601723
0.04868913857677903,0.13612565445026178,0.05387946218252182
0.04878048780487805,0.13612565445026178,0.053918976336717606
0.04887218045112782,0.13612565445026178,0.053919270634651184
0.04896421845574388,0.13612565445026178,0.05392593517899513
0.04905660377358491,0.13612565445026178,0.054002080112695694
0.04914933837429111,0.13612565445026178,0.0540921613574028
0.04924242424242424,0.13612565445026178,0.05421137809753418
0.04933586337760911,0.13612565445026178,0.05428529903292656
0.049429657794676805,0.13612565445026178,0.05431225523352623
0.049523809523809526,0.13612565445026178,0.05441422387957573
0.04961832061068702,0.13612565445026178,0.05450447276234627
0.0497131931166348,0.13612565445026178,0.05451798439025879
0.04980842911877394,0.13612565445026178,0.05455777049064636
0.04990403071017274,0.13612565445026178,0.05474083870649338
0.05,0.13612565445026178,0.05488329753279686
0.05009633911368015,0.13612565445026178,0.05494271591305733
0.05019305019305019,0.13612565445026178,0.05503898113965988
0.05029013539651837,0.13612565445026178,0.05507760867476463
0.050387596899224806,0.13612565445026178,0.05515959858894348
0.05048543689320388,0.13612565445026178,0.05522020161151886
0.05058365758754864,0.13612565445026178,0.055324770510196686
0.050682261208576995,0.13612565445026178,0.05535772070288658
0.05078125,0.13612565445026178,0.05548190698027611
0.050880626223091974,0.13612565445026178,0.055510904639959335
0.050980392156862744,0.13612565445026178,0.055651046335697174
0.05108055009823183,0.13612565445026178,0.055846355855464935
0.051181102362204724,0.13612565445026178,0.05585218593478203
0.05128205128205128,0.13612565445026178,0.05593721568584442
0.05138339920948617,0.13612565445026178,0.05602345988154411
0.05148514851485148,0.13612565445026178,0.05612144619226456
0.051587301587301584,0.13612565445026178,0.056136757135391235
0.05168986083499006,0.13612565445026178,0.05625518783926964
0.05179282868525897,0.13612565445026178,0.056259848177433014
0.05189620758483034,0.13612565445026178,0.05632708966732025
0.052,0.13612565445026178,0.056386228650808334
0.052104208416833664,0.13612565445026178,0.05647933483123779
0.05220883534136546,0.13612565445026178,0.05648890137672424
0.052313883299798795,0.13612565445026178,0.05654775723814964
0.05241935483870968,0.13612565445026178,0.056612901389598846
0.052525252525252523,0.13612565445026178,0.056625839322805405
0.05263157894736842,0.13612565445026178,0.056631967425346375
0.05273833671399594,0.13612565445026178,0.05664990469813347
0.052845528455284556,0.13612565445026178,0.05665340647101402
0.05295315682281059,0.13612565445026178,0.05674227327108383
0.053061224489795916,0.13612565445026178,0.056781549006700516
0.053169734151329244,0.13612565445026178,0.0569249726831913
0.05327868852459016,0.13612565445026178,0.05695613473653793
0.053388090349075976,0.13612565445026178,0.05706358328461647
0.053497942386831275,0.13612565445026178,0.057097554206848145
0.05360824742268041,0.13612565445026178,0.05722050368785858
0.05371900826446281,0.13612565445026178,0.05733296275138855
0.053830227743271224,0.13612565445026178,0.0573609322309494
0.05394190871369295,0.13612565445026178,0.057745154947042465
0.05405405405405406,0.13612565445026178,0.05775313079357147
0.05416666666666667,0.13612565445026178,0.05777044594287872
0.054279749478079335,0.13612565445026178,0.05786516144871712
0.05439330543933055,0.13612565445026178,0.05789149925112724
0.05450733752620545,0.13612565445026178,0.05789641663432121
0.0546218487394958,0.13612565445026178,0.05793621018528938
0.05473684210526316,0.13612565445026178,0.058142323046922684
0.05485232067510549,0.13612565445026178,0.05816930904984474
0.05496828752642706,0.13612565445026178,0.05827206000685692
0.05508474576271186,0.13612565445026178,0.058279529213905334
0.055201698513800426,0.13612565445026178,0.058304306119680405
0.05531914893617021,0.13612565445026178,0.05830930545926094
0.05543710021321962,0.13612565445026178,0.05831562727689743
0.05555555555555555,0.13612565445026178,0.058460574597120285
0.055674518201284794,0.13612565445026178,0.058892540633678436
0.055793991416309016,0.13612565445026178,0.05899990350008011
0.05591397849462366,0.13612565445026178,0.0590713769197464
0.05603448275862069,0.13612565445026178,0.0591147355735302
0.056155507559395246,0.13612565445026178,0.05916094779968262
0.05627705627705628,0.13612565445026178,0.05922672525048256
0.05639913232104121,0.13612565445026178,0.059234876185655594
0.05652173913043478,0.13612565445026178,0.05934479460120201
0.05664488017429194,0.13612565445026178,0.05938473716378212
0.056768558951965066,0.13612565445026178,0.059406619518995285
0.05689277899343545,0.13612565445026178,0.05943344905972481
0.05701754385964912,0.13612565445026178,0.05946841463446617
0.05714285714285714,0.13612565445026178,0.05957881733775139
0.05726872246696035,0.13612565445026178,0.0596785768866539
0.05739514348785872,0.13612565445026178,0.059929437935352325
0.05752212389380531,0.13612565445026178,0.059985607862472534
0.057649667405764965,0.13612565445026178,0.0600573867559433
0.057777777777777775,0.13612565445026178,0.060071367770433426
0.05790645879732739,0.13612565445026178,0.060097113251686096
0.05803571428571429,0.13612565445026178,0.06013166531920433
0.058165548098434,0.13612565445026178,0.06017196923494339
0.05829596412556054,0.13612565445026178,0.06030530110001564
0.058426966292134834,0.13612565445026178,0.060549408197402954
0.05855855855855856,0.13612565445026178,0.06059852987527847
0.05869074492099323,0.13612565445026178,0.06063244119286537
0.058823529411764705,0.13612565445026178,0.0606960654258728
0.05895691609977324,0.13612565445026178,0.06070170924067497
0.05909090909090909,0.13612565445026178,0.06072498857975006
0.05922551252847381,0.13612565445026178,0.06087220087647438
0.0593607305936073,0.13612565445026178,0.06100551784038544
0.059496567505720827,0.13612565445026178,0.06112319603562355
0.05963302752293578,0.13612565445026178,0.06121668219566345
0.059770114942528735,0.13612565445026178,0.061253614723682404
0.059907834101382486,0.13612565445026178,0.06127828359603882
0.06004618937644342,0.13612565445026178,0.061404865235090256
0.06018518518518518,0.13612565445026178,0.06140676513314247
0.060324825986078884,0.13612565445026178,0.061444446444511414
0.06046511627906977,0.13612565445026178,0.06146370619535446
0.06060606060606061,0.13612565445026178,0.06152141094207764
0.06074766355140187,0.13612565445026178,0.06163932383060455
0.06088992974238876,0.13612565445026178,0.062019992619752884
0.06103286384976526,0.13612565445026178,0.06215472146868706
0.0611764705882353,0.13612565445026178,0.062166422605514526
0.06132075471698113,0.13612565445026178,0.06221679598093033
0.061465721040189124,0.13612565445026178,0.06222014129161835
0.061611374407582936,0.13612565445026178,0.06224201247096062
0.06175771971496437,0.13612565445026178,0.06224434822797775
0.06190476190476191,0.13612565445026178,0.06229478493332863
0.06205250596658711,0.13612565445026178,0.06235315278172493
0.06220095693779904,0.13612565445026178,0.06250844895839691
0.06235011990407674,0.13612565445026178,0.06254252046346664
0.0625,0.13612565445026178,0.06257908046245575
0.06265060240963856,0.13612565445026178,0.06271395087242126
0.06280193236714976,0.13612565445026178,0.06273725628852844
0.06295399515738499,0.13612565445026178,0.06273975223302841
0.06310679611650485,0.13612565445026178,0.06278736889362335
0.06326034063260341,0.13612565445026178,0.06292849034070969
0.06341463414634146,0.13612565445026178,0.0631021186709404
0.06356968215158924,0.13612565445026178,0.06313371658325195
0.06372549019607843,0.13612565445026178,0.06313515454530716
0.06388206388206388,0.13612565445026178,0.06332676112651825
0.06403940886699508,0.13612565445026178,0.06343105435371399
0.06419753086419754,0.13612565445026178,0.06345234811306
0.06435643564356436,0.13612565445026178,0.06346586346626282
0.06451612903225806,0.13612565445026178,0.06371156871318817
0.06467661691542288,0.13612565445026178,0.06378526240587234
0.06483790523690773,0.13612565445026178,0.06379526108503342
0.065,0.13612565445026178,0.0637979805469513
0.06516290726817042,0.13612565445026178,0.06391684710979462
0.06532663316582915,0.13612565445026178,0.06413387507200241
0.0654911838790932,0.13612565445026178,0.06420649588108063
0.06565656565656566,0.13612565445026178,0.06424503773450851
0.06582278481012659,0.13612565445026178,0.06435880810022354
0.06598984771573604,0.13612565445026178,0.06444782018661499
0.06615776081424936,0.13612565445026178,0.06450203061103821
0.0663265306122449,0.13612565445026178,0.06458278745412827
0.06649616368286446,0.13612565445026178,0.06460878252983093
0.06666666666666667,0.13612565445026178,0.06464844197034836
0.06683804627249357,0.13612565445026178,0.06493408232927322
0.06701030927835051,0.13612565445026178,0.06511463969945908
0.06718346253229975,0.13612565445026178,0.0651206225156784
0.06476683937823834,0.13089005235602094,0.06513170152902603
0.06493506493506493,0.13089005235602094,0.06531425565481186
0.06510416666666667,0.13089005235602094,0.06542752683162689
0.06527415143603134,0.13089005235602094,0.06559868156909943
0.06544502617801047,0.13089005235602094,0.06560998409986496
0.06561679790026247,0.13089005235602094,0.06569982320070267
0.06578947368421052,0.13089005235602094,0.06573335081338882
0.06596306068601583,0.13089005235602094,0.06579667329788208
0.06613756613756613,0.13089005235602094,0.06586281210184097
0.06631299734748011,0.13089005235602094,0.06586962193250656
0.06648936170212766,0.13089005235602094,0.06599000096321106
0.06666666666666667,0.13089005235602094,0.06600099802017212
0.06417112299465241,0.1256544502617801,0.06605303287506104
0.064343163538874,0.1256544502617801,0.06607509404420853
0.06451612903225806,0.1256544502617801,0.06608948111534119
0.0646900269541779,0.1256544502617801,0.06622423231601715
0.06486486486486487,0.1256544502617801,0.06627292931079865
0.06504065040650407,0.1256544502617801,0.06628192961215973
0.06521739130434782,0.1256544502617801,0.06632456928491592
0.0653950953678474,0.1256544502617801,0.06650034338235855
0.06557377049180328,0.1256544502617801,0.0667741447687149
0.06575342465753424,0.1256544502617801,0.06679161638021469
0.06318681318681318,0.12041884816753927,0.06685950607061386
0.06336088154269973,0.12041884816753927,0.06686104089021683
0.06353591160220995,0.12041884816753927,0.06703689694404602
0.06371191135734072,0.12041884816753927,0.0670659989118576
0.06388888888888888,0.12041884816753927,0.06707527488470078
0.06406685236768803,0.12041884816753927,0.06712295860052109
0.06424581005586592,0.12041884816753927,0.06728425621986389
0.06442577030812324,0.12041884816753927,0.06730948388576508
0.06460674157303371,0.12041884816753927,0.06751103699207306
0.0647887323943662,0.12041884816753927,0.06754643470048904
0.06497175141242938,0.12041884816753927,0.06764866411685944
0.06515580736543909,0.12041884816753927,0.0679754987359047
0.06534090909090909,0.12041884816753927,0.06798146665096283
0.06552706552706553,0.12041884816753927,0.06806474924087524
0.06571428571428571,0.12041884816753927,0.0681067556142807
0.0659025787965616,0.12041884816753927,0.06825818866491318
0.06609195402298851,0.12041884816753927,0.068305104970932
0.06628242074927954,0.12041884816753927,0.06851932406425476
0.06647398843930635,0.12041884816753927,0.06894177198410034
0.06666666666666667,0.12041884816753927,0.06910236179828644
0.06686046511627906,0.12041884816753927,0.06913081556558609
0.06705539358600583,0.12041884816753927,0.06932712346315384
0.06725146198830409,0.12041884816753927,0.06937014311552048
0.06744868035190615,0.12041884816753927,0.06945911794900894
0.06764705882352941,0.12041884816753927,0.06959019601345062
0.06784660766961652,0.12041884816753927,0.06960031390190125
0.06804733727810651,0.12041884816753927,0.06972157955169678
0.06824925816023739,0.12041884816753927,0.07015467435121536
0.06845238095238096,0.12041884816753927,0.07017634809017181
0.06865671641791045,0.12041884816753927,0.07064379006624222
0.0688622754491018,0.12041884816753927,0.07072317600250244
0.06906906906906907,0.12041884816753927,0.07091082632541656
0.06927710843373494,0.12041884816753927,0.07091671973466873
0.06948640483383686,0.12041884816753927,0.07096429914236069
0.0696969696969697,0.12041884816753927,0.07097063213586807
0.06990881458966565,0.12041884816753927,0.0710366889834404
0.0701219512195122,0.12041884816753927,0.07119012624025345
0.07033639143730887,0.12041884816753927,0.07119050621986389
0.0705521472392638,0.12041884816753927,0.07131215184926987
0.07076923076923076,0.12041884816753927,0.07132202386856079
0.07098765432098765,0.12041884816753927,0.07139074802398682
0.07120743034055728,0.12041884816753927,0.07147739082574844
0.07142857142857142,0.12041884816753927,0.07149193435907364
0.07165109034267912,0.12041884816753927,0.07188477367162704
0.071875,0.12041884816753927,0.07192302495241165
0.07210031347962383,0.12041884816753927,0.07193078845739365
0.07232704402515723,0.12041884816753927,0.07210821658372879
0.07255520504731862,0.12041884816753927,0.07229744642972946
0.07278481012658228,0.12041884816753927,0.07230831682682037
0.07301587301587302,0.12041884816753927,0.07240845263004303
0.0732484076433121,0.12041884816753927,0.07243163138628006
0.07028753993610223,0.11518324607329843,0.07247750461101532
0.07051282051282051,0.11518324607329843,0.07258757948875427
0.0707395498392283,0.11518324607329843,0.07260186225175858
0.07096774193548387,0.11518324607329843,0.0729546919465065
0.07119741100323625,0.11518324607329843,0.07309689372777939
0.07142857142857142,0.11518324607329843,0.07321073114871979
0.07166123778501629,0.11518324607329843,0.0733603984117508
0.0718954248366013,0.11518324607329843,0.0735817551612854
0.07213114754098361,0.11518324607329843,0.07389171421527863
0.07236842105263158,0.11518324607329843,0.07395265996456146
0.07260726072607261,0.11518324607329843,0.07409285753965378
0.0728476821192053,0.11518324607329843,0.07474029809236526
0.07308970099667775,0.11518324607329843,0.07485394179821014
0.07333333333333333,0.11518324607329843,0.07518205791711807
0.07357859531772576,0.11518324607329843,0.07524015754461288
0.0738255033557047,0.11518324607329843,0.0753234326839447
0.07407407407407407,0.11518324607329843,0.0753815546631813
0.07432432432432433,0.11518324607329843,0.07540467381477356
0.07457627118644068,0.11518324607329843,0.07561169564723969
0.07482993197278912,0.11518324607329843,0.07569921761751175
0.07508532423208192,0.11518324607329843,0.07570962607860565
0.07534246575342465,0.11518324607329843,0.07576379925012589
0.07560137457044673,0.11518324607329843,0.0757826566696167
0.07586206896551724,0.11518324607329843,0.07578650861978531
0.07612456747404844,0.11518324607329843,0.07590918987989426
0.0763888888888889,0.11518324607329843,0.07591670006513596
0.07665505226480836,0.11518324607329843,0.07599344104528427
0.07342657342657342,0.1099476439790576,0.07606258988380432
0.07368421052631578,0.1099476439790576,0.076136015355587
0.07394366197183098,0.1099476439790576,0.07617226243019104
0.07420494699646643,0.1099476439790576,0.07618851959705353
0.07446808510638298,0.1099476439790576,0.07620058953762054
0.07473309608540925,0.1099476439790576,0.07631788402795792
0.075,0.1099476439790576,0.07650409638881683
0.07526881720430108,0.1099476439790576,0.07651563733816147
0.07553956834532374,0.1099476439790576,0.07661932706832886
0.07581227436823104,0.1099476439790576,0.07669331133365631
0.07608695652173914,0.1099476439790576,0.07681678235530853
0.07636363636363637,0.1099476439790576,0.0771220251917839
0.07664233576642336,0.1099476439790576,0.07715623825788498
0.07692307692307693,0.1099476439790576,0.07734274119138718
0.07720588235294118,0.1099476439790576,0.07734694331884384
0.07749077490774908,0.1099476439790576,0.07735417783260345
0.07777777777777778,0.1099476439790576,0.07761652767658234
0.07806691449814127,0.1099476439790576,0.07843982428312302
0.07835820895522388,0.1099476439790576,0.07875604182481766
0.07865168539325842,0.1099476439790576,0.07883765548467636
0.07894736842105263,0.1099476439790576,0.07884993404150009
0.07924528301886792,0.1099476439790576,0.07886669784784317
0.07954545454545454,0.1099476439790576,0.0792023241519928
0.07604562737642585,0.10471204188481675,0.07943371683359146
0.07633587786259542,0.10471204188481675,0.07948097586631775
0.07662835249042145,0.10471204188481675,0.07957286387681961
0.07692307692307693,0.10471204188481675,0.08002278208732605
0.07722007722007722,0.10471204188481675,0.08004547655582428
0.07751937984496124,0.10471204188481675,0.0804346576333046
0.07782101167315175,0.10471204188481675,0.08054053038358688
0.078125,0.10471204188481675,0.08065059036016464
0.0784313725490196,0.10471204188481675,0.08067037910223007
0.07874015748031496,0.10471204188481675,0.08089902997016907
0.07509881422924901,0.09947643979057591,0.08098136633634567
0.07539682539682539,0.09947643979057591,0.08128109574317932
0.07569721115537849,0.09947643979057591,0.08146560937166214
0.076,0.09947643979057591,0.08154671639204025
0.07630522088353414,0.09947643979057591,0.08156828582286835
0.07661290322580645,0.09947643979057591,0.08172933012247086
0.07692307692307693,0.09947643979057591,0.08212752640247345
0.07317073170731707,0.09424083769633508,0.08214925974607468
0.06938775510204082,0.08900523560209424,0.08269830048084259
0.06967213114754098,0.08900523560209424,0.08272306621074677
0.06995884773662552,0.08900523560209424,0.08312326669692993
0.07024793388429752,0.08900523560209424,0.08353680372238159
0.07053941908713693,0.08900523560209424,0.0836808830499649
0.07083333333333333,0.08900523560209424,0.08370931446552277
0.07112970711297072,0.08900523560209424,0.08397629112005234
0.07142857142857142,0.08900523560209424,0.08434523642063141
0.07172995780590717,0.08900523560209424,0.08444368839263916
0.06779661016949153,0.08376963350785341,0.08449079841375351
0.06808510638297872,0.08376963350785341,0.08453734219074249
0.06837606837606838,0.08376963350785341,0.08468201756477356
0.06866952789699571,0.08376963350785341,0.08479921519756317
0.06896551724137931,0.08376963350785341,0.08481597900390625
0.06926406926406926,0.08376963350785341,0.0850541889667511
0.06521739130434782,0.07853403141361257,0.08507586270570755
0.06550218340611354,0.07853403141361257,0.0851656123995781
0.06578947368421052,0.07853403141361257,0.08519714325666428
0.06607929515418502,0.07853403141361257,0.08521460741758347
0.06637168141592921,0.07853403141361257,0.08534739166498184
0.06666666666666667,0.07853403141361257,0.0853535458445549
0.06696428571428571,0.07853403141361257,0.08537641167640686
0.06726457399103139,0.07853403141361257,0.08557450026273727
0.06756756756756757,0.07853403141361257,0.08589903265237808
0.06787330316742081,0.07853403141361257,0.08601006865501404
0.06818181818181818,0.07853403141361257,0.08633960783481598
0.0684931506849315,0.07853403141361257,0.08658339083194733
0.06880733944954129,0.07853403141361257,0.08683952689170837
0.06912442396313365,0.07853403141361257,0.0868535190820694
0.06944444444444445,0.07853403141361257,0.08686551451683044
0.06976744186046512,0.07853403141361257,0.08709017932415009
0.07009345794392523,0.07853403141361257,0.08714104443788528
0.07042253521126761,0.07853403141361257,0.08723415434360504
0.07075471698113207,0.07853403141361257,0.08749460428953171
0.07109004739336493,0.07853403141361257,0.08814068883657455
0.07142857142857142,0.07853403141361257,0.08820778131484985
0.07177033492822966,0.07853403141361257,0.08828946202993393
0.07211538461538461,0.07853403141361257,0.08853911608457565
0.07246376811594203,0.07853403141361257,0.08854975551366806
0.07281553398058252,0.07853403141361257,0.08909985423088074
0.07317073170731707,0.07853403141361257,0.08921372145414352
0.07352941176470588,0.07853403141361257,0.08923836797475815
0.07389162561576355,0.07853403141361257,0.08959008753299713
0.07425742574257425,0.07853403141361257,0.08994251489639282
0.07462686567164178,0.07853403141361257,0.09045986831188202
0.075,0.07853403141361257,0.09052497893571854
0.07537688442211055,0.07853403141361257,0.09057053178548813
0.07575757575757576,0.07853403141361257,0.09090538322925568
0.07614213197969544,0.07853403141361257,0.09101297706365585
0.07653061224489796,0.07853403141361257,0.09102673083543777
0.07692307692307693,0.07853403141361257,0.09107935428619385
0.07731958762886598,0.07853403141361257,0.09116333723068237
0.07772020725388601,0.07853403141361257,0.09133564680814743
0.078125,0.07853403141361257,0.0913357138633728
0.07853403141361257,0.07853403141361257,0.09137339144945145
0.07894736842105263,0.07853403141361257,0.09152226150035858
0.07936507936507936,0.07853403141361257,0.0917939841747284
0.0797872340425532,0.07853403141361257,0.09187137335538864
0.08021390374331551,0.07853403141361257,0.09189972281455994
0.08064516129032258,0.07853403141361257,0.09193940460681915
0.08108108108108109,0.07853403141361257,0.09238060563802719
0.07608695652173914,0.07329842931937172,0.09248559176921844
0.07103825136612021,0.06806282722513089,0.09304191172122955
0.07142857142857142,0.06806282722513089,0.09355983883142471
0.0718232044198895,0.06806282722513089,0.09396198391914368
0.07222222222222222,0.06806282722513089,0.09429414570331573
0.07262569832402235,0.06806282722513089,0.09490472078323364
0.07303370786516854,0.06806282722513089,0.09512747079133987
0.07344632768361582,0.06806282722513089,0.09535448253154755
0.07386363636363637,0.06806282722513089,0.09590301662683487
0.07428571428571429,0.06806282722513089,0.09612150490283966
0.07471264367816093,0.06806282722513089,0.09639325737953186
0.07514450867052024,0.06806282722513089,0.09678750485181808
0.0755813953488372,0.06806282722513089,0.09701893478631973
0.07602339181286549,0.06806282722513089,0.09751825779676437
0.07647058823529412,0.06806282722513089,0.09753359854221344
0.07692307692307693,0.06806282722513089,0.09771550446748734
0.07738095238095238,0.06806282722513089,0.09863150864839554
0.07784431137724551,0.06806282722513089,0.09866883605718613
0.0783132530120482,0.06806282722513089,0.09883544594049454
0.07878787878787878,0.06806282722513089,0.09894326329231262
0.07926829268292683,0.06806282722513089,0.09910871833562851
0.07975460122699386,0.06806282722513089,0.0993594080209732
0.08024691358024691,0.06806282722513089,0.09941811859607697
0.08074534161490683,0.06806282722513089,0.09964609891176224
0.075,0.06282722513089005,0.0998757854104042
0.07547169811320754,0.06282722513089005,0.10011917352676392
0.0759493670886076,0.06282722513089005,0.10069070756435394
0.07643312101910828,0.06282722513089005,0.10069133341312408
0.07692307692307693,0.06282722513089005,0.10111100226640701
0.07741935483870968,0.06282722513089005,0.10154582560062408
0.07792207792207792,0.06282722513089005,0.10157567262649536
0.0784313725490196,0.06282722513089005,0.10196394473314285
0.07894736842105263,0.06282722513089005,0.1020275130867958
0.0728476821192053,0.05759162303664921,0.10210920870304108
0.07333333333333333,0.05759162303664921,0.1035144180059433
0.06711409395973154,0.05235602094240838,0.10374997556209564
0.06756756756756757,0.05235602094240838,0.10377508401870728
0.06802721088435375,0.05235602094240838,0.10398974269628525
0.0684931506849315,0.05235602094240838,0.1047719419002533
0.06896551724137931,0.05235602094240838,0.10502421110868454
0.06944444444444445,0.05235602094240838,0.10525549948215485
0.06993006993006994,0.05235602094240838,0.10525788366794586
0.07042253521126761,0.05235602094240838,0.10572489351034164
0.07092198581560284,0.05235602094240838,0.10575766861438751
0.07142857142857142,0.05235602094240838,0.10586182773113251
0.07194244604316546,0.05235602094240838,0.10606654733419418
0.07246376811594203,0.05235602094240838,0.10635156184434891
0.072992700729927,0.05235602094240838,0.10636699199676514
0.07352941176470588,0.05235602094240838,0.10638990998268127
0.07407407407407407,0.05235602094240838,0.10651995241641998
0.07462686567164178,0.05235602094240838,0.1068350225687027
0.07518796992481203,0.05235602094240838,0.10774067789316177
0.06818181818181818,0.04712041884816754,0.10841134190559387
0.06870229007633588,0.04712041884816754,0.10852958261966705
0.06923076923076923,0.04712041884816754,0.10918368399143219
0.06976744186046512,0.04712041884816754,0.109418123960495
0.0703125,0.04712041884816754,0.10998111218214035
0.07086614173228346,0.04712041884816754,0.11009255796670914
0.07142857142857142,0.04712041884816754,0.11085066199302673
0.072,0.04712041884816754,0.11150016635656357
0.07258064516129033,0.04712041884816754,0.11153851449489594
0.07317073170731707,0.04712041884816754,0.11160296946763992
0.07377049180327869,0.04712041884816754,0.11161600798368454
0.0743801652892562,0.04712041884816754,0.11215680837631226
0.075,0.04712041884816754,0.11274983733892441
0.07563025210084033,0.04712041884816754,0.11282041668891907
0.07627118644067797,0.04712041884816754,0.11368387937545776
0.06837606837606838,0.041884816753926704,0.1139674261212349
0.06896551724137931,0.041884816753926704,0.1145542785525322
0.06086956521739131,0.03664921465968586,0.11476705968379974
0.06140350877192982,0.03664921465968586,0.11541807651519775
0.061946902654867256,0.03664921465968586,0.11586085706949234
0.05357142857142857,0.031413612565445025,0.11634618043899536
0.05405405405405406,0.031413612565445025,0.1165601834654808
0.05454545454545454,0.031413612565445025,0.11701920628547668
0.05504587155963303,0.031413612565445025,0.11738839745521545
0.05555555555555555,0.031413612565445025,0.11877231299877167
0.056074766355140186,0.031413612565445025,0.11895909160375595
0.05660377358490566,0.031413612565445025,0.11965063214302063
0.05714285714285714,0.031413612565445025,0.12029949575662613
0.057692307692307696,0.031413612565445025,0.12037820369005203
0.05825242718446602,0.031413612565445025,0.12066228687763214
0.058823529411764705,0.031413612565445025,0.1206841841340065
0.0594059405940594,0.031413612565445025,0.1209975928068161
0.06,0.031413612565445025,0.1213473305106163
0.06060606060606061,0.031413612565445025,0.12210756540298462
0.061224489795918366,0.031413612565445025,0.12228565663099289
0.061855670103092786,0.031413612565445025,0.1235416978597641
0.0625,0.031413612565445025,0.12369842827320099
0.06315789473684211,0.031413612565445025,0.12390678375959396
0.06382978723404255,0.031413612565445025,0.1261371225118637
0.06451612903225806,0.031413612565445025,0.12632234394550323
0.06521739130434782,0.031413612565445025,0.12778575718402863
0.06593406593406594,0.031413612565445025,0.12882649898529053
0.06666666666666667,0.031413612565445025,0.12905378639698029
0.06741573033707865,0.031413612565445025,0.1295691877603531
0.06818181818181818,0.031413612565445025,0.1296413391828537
0.05747126436781609,0.02617801047120419,0.12966038286685944
0.05813953488372093,0.02617801047120419,0.13105739653110504
0.058823529411764705,0.02617801047120419,0.13202530145645142
0.05952380952380952,0.02617801047120419,0.13240084052085876
0.060240963855421686,0.02617801047120419,0.13462109863758087
0.06097560975609756,0.02617801047120419,0.13470785319805145
0.06172839506172839,0.02617801047120419,0.13477325439453125
0.0625,0.02617801047120419,0.13497380912303925
0.06329113924050633,0.02617801047120419,0.13522589206695557
0.0641025641025641,0.02617801047120419,0.13586261868476868
0.05194805194805195,0.020942408376963352,0.13699665665626526
0.05263157894736842,0.020942408376963352,0.13841089606285095
0.05333333333333334,0.020942408376963352,0.13958661258220673
0.05405405405405406,0.020942408376963352,0.14282235503196716
0.05555555555555555,0.020942408376963352,0.14340771734714508
0.056338028169014086,0.020942408376963352,0.1454453021287918
0.05714285714285714,0.020942408376963352,0.14565086364746094
0.057971014492753624,0.020942408376963352,0.14586924016475677
0.058823529411764705,0.020942408376963352,0.14625459909439087
0.05970149253731343,0.020942408376963352,0.14698520302772522
0.06060606060606061,0.020942408376963352,0.14874647557735443
0.06153846153846154,0.020942408376963352,0.15017929673194885
0.0625,0.020942408376963352,0.15085110068321228
0.06349206349206349,0.020942408376963352,0.15279163420200348
0.06451612903225806,0.020942408376963352,0.1529228687286377
0.06557377049180328,0.020942408376963352,0.1531313955783844
0.06666666666666667,0.020942408376963352,0.15739355981349945
0.06779661016949153,0.020942408376963352,0.1575363129377365
0.06896551724137931,0.020942408376963352,0.15818464756011963
0.07017543859649122,0.020942408376963352,0.15838153660297394
0.07142857142857142,0.020942408376963352,0.15859365463256836
0.07272727272727272,0.020942408376963352,0.15876412391662598
0.07407407407407407,0.020942408376963352,0.16219443082809448
0.07547169811320754,0.020942408376963352,0.16220608353614807
0.07692307692307693,0.020942408376963352,0.16420632600784302
0.0784313725490196,0.020942408376963352,0.1659671664237976
0.08,0.020942408376963352,0.16659168899059296
0.08163265306122448,0.020942408376963352,0.16832335293293
0.08333333333333333,0.020942408376963352,0.17062635719776154
0.06382978723404255,0.015706806282722512,0.17177291214466095
0.06521739130434782,0.015706806282722512,0.1737520396709442
0.06666666666666667,0.015706806282722512,0.17471882700920105
0.06818181818181818,0.015706806282722512,0.17544880509376526
0.06976744186046512,0.015706806282722512,0.17762871086597443
0.07142857142857142,0.015706806282722512,0.1812884509563446
0.04878048780487805,0.010471204188481676,0.18346907198429108
0.05,0.010471204188481676,0.18380717933177948
0.05128205128205128,0.010471204188481676,0.185414120554924
0.02631578947368421,0.005235602094240838,0.18629077076911926
0.02702702702702703,0.005235602094240838,0.19005168974399567
0.0,0.0,0.19431640207767487
0.0,0.0,0.19505412876605988
0.0,0.0,0.19529598951339722
0.0,0.0,0.19596262276172638
0.0,0.0,0.2034662663936615
0.0,0.0,0.21350182592868805
0.0,0.0,0.21367670595645905
0.0,0.0,0.21863222122192383
0.0,0.0,0.2199210822582245
0.0,0.0,0.22053490579128265
0.0,0.0,0.24113155901432037
0.0,0.0,0.24292771518230438
0.0,0.0,0.24554172158241272
0.0,0.0,0.2466907948255539
0.0,0.0,0.24991640448570251
0.0,0.0,0.2533988356590271
0.0,0.0,0.25802233815193176
0.0,0.0,0.26069867610931396
0.0,0.0,0.2608613967895508
0.0,0.0,0.26313525438308716
0.0,0.0,0.26318708062171936
0.0,0.0,0.2657546401023865
0.0,0.0,0.2703453302383423
0.0,0.0,0.2753507196903229
0.0,0.0,0.29130682349205017
0.0,0.0,0.29589414596557617
0.0,0.0,0.2983260452747345
0.0,0.0,0.2983815371990204
0.0,0.0,0.3054506480693817
0.0,0.0,0.32086414098739624
0.0,0.0,0.3644455075263977
0.0,0.0,0.36686772108078003
0.0,0.0,0.3837060332298279
0.0,0.0,0.3951793611049652
0.0,0.0,0.437700092792511
0.0,0.0,0.43974241614341736
1.0,0.0,
