City,Feature,Feature_value,SHAP_value,used_in_panels
Shanghai,Height,9,-0.3913373947,"a,e"
Wuhan,Height,18,-0.1196717769,"a,e"
Shanghai,Height,18,-0.2245438397,"a,e"
Beijing,Height,15,-0.1696823984,"a,e"
Wuhan,Height,9,-0.3435090482,"a,e"
Shanghai,Height,15,-0.0898860991,"a,e"
Shanghai,Height,18,-0.08356554806,"a,e"
Shanghai,Height,9,-0.3143937588,"a,e"
Shanghai,Height,18,-0.17317608,"a,e"
Shanghai,Height,21,0.2738998532,"a,e"
Shanghai,Height,9,-0.3553844392,"a,e"
Guangzhou,Height,9,-0.3621505201,"a,e"
Guangzhou,Height,9,-0.4220679104,"a,e"
Shanghai,Height,12,-0.2076811194,"a,e"
Wuhan,Height,18,-0.1927972287,"a,e"
Guangzhou,Height,18,-0.01142646931,"a,e"
Wuhan,Height,21,0.02241139859,"a,e"
Shanghai,Height,9,-0.2963813543,"a,e"
Shanghai,Height,15,-0.203372851,"a,e"
Shanghai,Height,30,0.2436831743,"a,e"
Shanghai,Height,9,-0.3618527055,"a,e"
Wuhan,Height,9,-0.4239830077,"a,e"
Shanghai,Height,15,-0.1334548593,"a,e"
Wuhan,Height,33,0.1752524823,"a,e"
Shanghai,Height,15,-0.04952764511,"a,e"
Shanghai,Height,18,-0.1392530948,"a,e"
Shanghai,Height,18,-0.03545828164,"a,e"
Beijing,Height,15,-0.1189314201,"a,e"
Shanghai,Height,9,-0.4678559601,"a,e"
Guangzhou,Height,6,-0.3523167372,"a,e"
Beijing,Height,18,-0.09425674379,"a,e"
Wuhan,Height,18,-0.1234935299,"a,e"
Shanghai,Height,18,-0.1124639586,"a,e"
Shanghai,Height,18,-0.1586025804,"a,e"
Shanghai,Height,18,-0.1137211248,"a,e"
Shanghai,Height,18,-0.2463506311,"a,e"
Wuhan,Height,9,-0.2620260119,"a,e"
Shanghai,Height,6,-0.2154382318,"a,e"
Wuhan,Height,30,0.05860891193,"a,e"
Shanghai,Height,18,-0.1566328108,"a,e"
Shanghai,Height,36,0.3130150139,"a,e"
Guangzhou,Height,15,-0.03092696145,"a,e"
Shanghai,Height,24,0.09047542512,"a,e"
Guangzhou,Height,30,0.2925691605,"a,e"
Beijing,Height,18,-0.195648104,"a,e"
Wuhan,Height,15,-0.06602244079,"a,e"
Shanghai,Height,9,-0.3177005351,"a,e"
Shanghai,Height,9,-0.1927558333,"a,e"
Shanghai,Height,75,0.4813676178,"a,e"
Shanghai,Height,9,-0.3551411033,"a,e"
Beijing,Height,15,-0.1294397861,"a,e"
Beijing,Height,12,-0.3162519038,"a,e"
Guangzhou,Height,9,-0.4945456386,"a,e"
Shanghai,Height,12,-0.1311264187,"a,e"
Guangzhou,Height,9,-0.4342226982,"a,e"
Wuhan,Height,21,0.04074790701,"a,e"
Wuhan,Height,15,-0.1431415528,"a,e"
Shanghai,Height,18,-0.06342160702,"a,e"
Shanghai,Height,6,-0.2505369186,"a,e"
Guangzhou,Height,15,0.09784642607,"a,e"
Beijing,Height,21,0.30565539,"a,e"
Shanghai,Height,42,0.2162542939,"a,e"
Shanghai,Height,9,-0.3413623571,"a,e"
Shanghai,Height,9,-0.1356414407,"a,e"
Beijing,Height,36,0.2448356152,"a,e"
Shanghai,Height,18,-0.161400184,"a,e"
Shanghai,Height,18,-0.1564224064,"a,e"
Wuhan,Height,9,-0.3131791055,"a,e"
Beijing,Height,39,0.4381845295,"a,e"
Beijing,Height,9,-0.2549530268,"a,e"
Shanghai,Height,12,-0.2748571038,"a,e"
Guangzhou,Height,9,-0.3653432131,"a,e"
Shanghai,Height,9,-0.3366780281,"a,e"
Shanghai,Height,15,-0.04304158315,"a,e"
Shanghai,Height,18,-0.1788822412,"a,e"
Shanghai,Height,21,0.03859837353,"a,e"
Shanghai,Height,18,-0.02171822824,"a,e"
Beijing,Height,30,0.1021030918,"a,e"
Shanghai,Height,15,-0.1122713685,"a,e"
Shanghai,Height,9,-0.3856734633,"a,e"
Beijing,Height,15,-0.06550095975,"a,e"
Wuhan,Height,60,0.2233540416,"a,e"
Shanghai,Height,18,-0.1917507648,"a,e"
Shanghai,Height,15,-0.1198816001,"a,e"
Shanghai,Height,15,-0.1552987695,"a,e"
Wuhan,Height,18,-0.07588287443,"a,e"
Shanghai,Height,30,0.1585221589,"a,e"
Guangzhou,Height,15,-0.03252756223,"a,e"
Guangzhou,Height,6,-0.1982415915,"a,e"
Wuhan,Height,21,0.07109898329,"a,e"
Shanghai,Height,18,-0.160300687,"a,e"
Shanghai,Height,9,-0.2972274423,"a,e"
Shanghai,Height,9,-0.3881208301,"a,e"
Shanghai,Height,9,-0.273793608,"a,e"
Shanghai,Height,15,-0.03408913687,"a,e"
Wuhan,Height,9,-0.2398119271,"a,e"
Shanghai,Height,33,0.3650333583,"a,e"
Beijing,Height,54,0.2801720798,"a,e"
Guangzhou,Height,15,-0.1043341756,"a,e"
Shanghai,Height,15,-0.1627615243,"a,e"
Beijing,Height,9,-0.2981140018,"a,e"
Guangzhou,Height,24,0.05179686844,"a,e"
Wuhan,Height,18,-0.115275532,"a,e"
Shanghai,Height,9,-0.3552644551,"a,e"
Shanghai,Height,18,-0.1558406204,"a,e"
Shanghai,Height,6,-0.3381367028,"a,e"
Shanghai,Height,18,-0.02112969384,"a,e"
Guangzhou,Height,24,0.3215590119,"a,e"
Guangzhou,Height,9,-0.4317630827,"a,e"
Shanghai,Height,18,-0.1320793331,"a,e"
Shanghai,Height,30,0.1308077574,"a,e"
Wuhan,Height,24,0.1677658111,"a,e"
Guangzhou,Height,18,-0.07497315854,"a,e"
Beijing,Height,9,-0.3195593655,"a,e"
Shanghai,Height,18,-0.1991999149,"a,e"
Shanghai,Height,18,-0.1972962022,"a,e"
Shanghai,Height,60,0.3242121041,"a,e"
Shanghai,Height,18,-0.1188379079,"a,e"
Wuhan,Height,9,-0.4292687774,"a,e"
Wuhan,Height,15,-0.1954312772,"a,e"
Shanghai,Height,9,-0.268024236,"a,e"
Shanghai,Height,21,-0.1489611119,"a,e"
Shanghai,Height,18,-0.05573388189,"a,e"
Wuhan,Height,18,-0.1661909223,"a,e"
Shanghai,Height,18,-0.2063029557,"a,e"
Shanghai,Height,30,0.3818632662,"a,e"
Shanghai,Height,9,-0.2182836831,"a,e"
Shanghai,Height,18,-0.03095306829,"a,e"
Beijing,Height,6,-0.2518060803,"a,e"
Wuhan,Height,15,-0.1114708558,"a,e"
Shanghai,Height,54,0.2932367921,"a,e"
Wuhan,Height,15,-0.1617009193,"a,e"
Shanghai,Height,9,-0.4219641685,"a,e"
Shanghai,Height,9,-0.3729246557,"a,e"
Shanghai,Height,18,-0.122749418,"a,e"
Shanghai,Height,9,-0.3235444427,"a,e"
Beijing,Height,9,-0.3156080544,"a,e"
Shanghai,Height,18,-0.1542716622,"a,e"
Wuhan,Height,15,-0.1871448904,"a,e"
Guangzhou,Height,9,-0.4836561084,"a,e"
Shanghai,Height,15,-0.08634509891,"a,e"
Shanghai,Height,18,-0.05058167502,"a,e"
Shanghai,Height,18,-0.0701270625,"a,e"
Shanghai,Height,18,-0.1570597738,"a,e"
Wuhan,Height,21,-0.1111939847,"a,e"
Shanghai,Height,15,-0.06795922667,"a,e"
Guangzhou,Height,30,0.08799913526,"a,e"
Wuhan,Height,12,-0.3792850673,"a,e"
Beijing,Height,18,-0.1228932664,"a,e"
Wuhan,Height,24,0.1047569662,"a,e"
Shanghai,Height,60,0.3714705706,"a,e"
Beijing,Height,9,-0.2802509964,"a,e"
Shanghai,Height,12,-0.2054746747,"a,e"
Beijing,Height,18,-0.2388366312,"a,e"
Beijing,Height,12,-0.2042918503,"a,e"
Wuhan,Height,18,-0.1688351631,"a,e"
Shanghai,Height,9,-0.3514261246,"a,e"
Shanghai,Height,21,-0.09695460647,"a,e"
Shanghai,Height,21,-0.04141793028,"a,e"
Shanghai,Height,18,-0.1607401669,"a,e"
Guangzhou,Height,12,-0.3001032174,"a,e"
Shanghai,Height,12,-0.321018666,"a,e"
Shanghai,Height,33,0.1701030284,"a,e"
Shanghai,Height,18,-0.1994091719,"a,e"
Beijing,Height,15,-0.1753273606,"a,e"
Shanghai,Height,30,0.2775203288,"a,e"
Guangzhou,Height,24,0.2282605767,"a,e"
Guangzhou,Height,9,-0.4226916432,"a,e"
Shanghai,Height,12,-0.1235586107,"a,e"
Shanghai,Height,9,-0.3528284729,"a,e"
Shanghai,Height,18,-0.1672958136,"a,e"
Shanghai,Height,9,-0.3087521791,"a,e"
Shanghai,Height,18,-0.1996307522,"a,e"
Guangzhou,Height,9,-0.3588766158,"a,e"
Shanghai,Height,12,-0.2030704021,"a,e"
Guangzhou,Height,30,0.323960036,"a,e"
Wuhan,Height,9,-0.3290928602,"a,e"
Shanghai,Height,18,-0.1539070606,"a,e"
Shanghai,Height,9,-0.1767969131,"a,e"
Shanghai,Height,6,-0.1925964057,"a,e"
Shanghai,Height,18,-0.07369083911,"a,e"
Shanghai,Height,9,-0.3553807139,"a,e"
Wuhan,Height,48,0.2434322983,"a,e"
Shanghai,Height,15,-0.1560783535,"a,e"
Shanghai,Height,12,-0.3058932126,"a,e"
Wuhan,Height,9,-0.2631843686,"a,e"
Wuhan,Height,21,-0.1150829569,"a,e"
Shanghai,Height,18,-0.1314216703,"a,e"
Shanghai,Height,15,-0.1263484061,"a,e"
Shanghai,Height,18,-0.1663781703,"a,e"
Wuhan,Height,21,-0.02674779296,"a,e"
Guangzhou,Height,48,0.2834927142,"a,e"
Shanghai,Height,18,-0.008056753315,"a,e"
Shanghai,Height,12,-0.1544938684,"a,e"
Shanghai,Height,9,-0.3528898358,"a,e"
Beijing,Height,24,0.07573383301,"a,e"
Shanghai,Height,15,-0.1103211492,"a,e"
Beijing,Height,9,-0.1577184945,"a,e"
Shanghai,Height,18,-0.1736164391,"a,e"
Beijing,Height,18,-0.2268209755,"a,e"
Shanghai,Height,18,-0.11047481,"a,e"
Guangzhou,Height,9,-0.4523716867,"a,e"
Shanghai,Height,36,0.3482934535,"a,e"
Wuhan,Height,24,0.2347903252,"a,e"
Shanghai,Height,30,0.192119658,"a,e"
Shanghai,Height,18,-0.06929330528,"a,e"
Shanghai,Height,18,-0.19278422,"a,e"
Shanghai,Height,18,-0.06201856956,"a,e"
Shanghai,Height,42,0.241704151,"a,e"
Shanghai,Height,12,-0.2338342369,"a,e"
Guangzhou,Height,24,0.1806346923,"a,e"
Guangzhou,Height,9,-0.348387152,"a,e"
Shanghai,Height,18,-0.1681508422,"a,e"
Wuhan,Height,30,0.2518259585,"a,e"
Guangzhou,Height,24,0.2730827034,"a,e"
Wuhan,Height,21,0.2271035016,"a,e"
Shanghai,Height,18,-0.1605164707,"a,e"
Beijing,Height,30,0.2870315611,"a,e"
Guangzhou,Height,9,-0.2976530492,"a,e"
Shanghai,Height,15,-0.06853049248,"a,e"
Shanghai,Height,30,0.3156671226,"a,e"
Shanghai,Height,21,-0.0212027505,"a,e"
Shanghai,Height,9,-0.3005605936,"a,e"
Shanghai,Height,18,-0.03211099654,"a,e"
Shanghai,Height,21,-0.01827474684,"a,e"
Shanghai,Height,18,-0.02329045348,"a,e"
Shanghai,Height,9,-0.2498116195,"a,e"
Wuhan,Height,18,-0.1817887574,"a,e"
Shanghai,Height,9,-0.2684357166,"a,e"
Shanghai,Height,18,-0.1427572668,"a,e"
Shanghai,Height,9,-0.2760019302,"a,e"
Shanghai,Height,12,-0.265599072,"a,e"
Beijing,Height,54,0.3580448329,"a,e"
Wuhan,Height,12,-0.1843031049,"a,e"
Shanghai,Height,18,-0.1073459312,"a,e"
Wuhan,Height,60,0.4276938438,"a,e"
Shanghai,Height,18,-0.1501936764,"a,e"
Wuhan,Height,15,-0.1468640417,"a,e"
Shanghai,Height,18,-0.04888628423,"a,e"
Wuhan,Height,18,-0.06806467474,"a,e"
Guangzhou,Height,27,0.1563055366,"a,e"
Wuhan,Height,9,-0.4231061935,"a,e"
Shanghai,Height,18,-0.1455755085,"a,e"
Shanghai,Height,33,0.2017697096,"a,e"
Guangzhou,Height,24,0.1016869694,"a,e"
Shanghai,Height,30,0.3066255748,"a,e"
Shanghai,Height,18,-0.2084323764,"a,e"
Beijing,Height,15,-0.1251543462,"a,e"
Shanghai,Height,18,-0.1506976783,"a,e"
Shanghai,Height,60,0.2380765676,"a,e"
Shanghai,Height,15,-0.1717402935,"a,e"
Shanghai,Height,15,-0.06296090037,"a,e"
Guangzhou,Height,9,-0.3954479396,"a,e"
Shanghai,Height,18,-0.06815180182,"a,e"
Guangzhou,Height,9,-0.400496006,"a,e"
Guangzhou,Height,9,-0.4969554842,"a,e"
Wuhan,Height,15,-0.1754001975,"a,e"
Shanghai,Height,6,-0.2999521792,"a,e"
Shanghai,Height,18,-0.1937335432,"a,e"
Wuhan,Height,18,-0.2144463807,"a,e"
Shanghai,Height,18,-0.08492818475,"a,e"
Shanghai,Height,18,-0.2129236907,"a,e"
Wuhan,Height,9,-0.430028528,"a,e"
Wuhan,Height,24,0.1216537431,"a,e"
Shanghai,Height,48,0.2777093947,"a,e"
Guangzhou,Height,12,-0.3168249726,"a,e"
Shanghai,Height,18,-0.2294052392,"a,e"
Shanghai,Height,15,-0.1335526556,"a,e"
Shanghai,Height,18,-0.1826621592,"a,e"
Beijing,Height,15,-0.1025217101,"a,e"
Shanghai,Height,36,0.2843163908,"a,e"
Shanghai,Height,18,-0.07243335992,"a,e"
Shanghai,Height,21,-0.009362953715,"a,e"
Shanghai,Height,15,-0.1927848458,"a,e"
Beijing,Height,18,-0.1247219071,"a,e"
Guangzhou,Height,45,0.1947366297,"a,e"
Beijing,Height,45,0.2221530229,"a,e"
Shanghai,Height,42,0.1481933594,"a,e"
Beijing,Height,21,0.2023615837,"a,e"
Wuhan,Height,21,0.0001152544282,"a,e"
Beijing,Height,27,0.002303428482,"a,e"
Guangzhou,Height,6,-0.4416878223,"a,e"
Beijing,Height,9,-0.1826325953,"a,e"
Shanghai,Height,24,0.08873125911,"a,e"
Wuhan,Height,12,-0.1197714359,"a,e"
Shanghai,Height,18,-0.1486404538,"a,e"
Shanghai,Height,9,-0.3541900814,"a,e"
Beijing,Height,42,0.2866618037,"a,e"
Guangzhou,Height,18,-0.009073744528,"a,e"
Shanghai,Height,54,0.4934025705,"a,e"
Shanghai,Height,33,0.2543197572,"a,e"
Guangzhou,Height,18,0.09506659955,"a,e"
Shanghai,Height,9,-0.2411202639,"a,e"
Shanghai,Height,48,0.3196609318,"a,e"
Shanghai,Height,9,-0.3357814848,"a,e"
Shanghai,Height,18,-0.2284649312,"a,e"
Shanghai,Height,9,-0.2495592684,"a,e"
Shanghai,Height,15,-0.08060018718,"a,e"
Guangzhou,Height,9,-0.4609653652,"a,e"
Beijing,Height,21,0.17988047,"a,e"
Beijing,Height,12,-0.2606863379,"a,e"
Beijing,Height,9,-0.2733811736,"a,e"
Beijing,Height,18,-0.114989616,"a,e"
Wuhan,Height,21,-0.08675722033,"a,e"
Shanghai,Height,18,-0.1483068019,"a,e"
Beijing,Height,24,0.123802714,"a,e"
Wuhan,Height,12,-0.3949862421,"a,e"
Shanghai,Height,9,-0.3423007429,"a,e"
Beijing,Height,54,0.1914982945,"a,e"
Shanghai,Height,33,0.2957825065,"a,e"
Shanghai,Height,9,-0.1727382541,"a,e"
Guangzhou,Height,9,-0.4378063679,"a,e"
Shanghai,Height,48,0.3138969839,"a,e"
Shanghai,Height,18,-0.09855879843,"a,e"
Wuhan,Height,15,-0.08509749174,"a,e"
Shanghai,Height,6,-0.1340847909,"a,e"
Guangzhou,Height,75,0.7324719429,"a,e"
Shanghai,Height,36,0.2849864662,"a,e"
Guangzhou,Height,9,-0.2775884867,"a,e"
Shanghai,Height,18,-0.1489901245,"a,e"
Wuhan,Height,6,-0.1344866753,"a,e"
Wuhan,Height,51,0.5864129066,"a,e"
Guangzhou,Height,9,-0.4191730618,"a,e"
Shanghai,Height,9,-0.2430375218,"a,e"
Shanghai,Height,66,0.3109845519,"a,e"
Guangzhou,Height,9,-0.427682817,"a,e"
Wuhan,Height,18,-0.1454437226,"a,e"
Wuhan,Height,18,-0.1072039455,"a,e"
Shanghai,Height,15,-0.2410938442,"a,e"
Shanghai,Height,18,-0.1948882341,"a,e"
Guangzhou,Height,12,-0.3260949552,"a,e"
Guangzhou,Height,24,0.07756394148,"a,e"
Beijing,Height,9,-0.4484912753,"a,e"
Shanghai,Height,18,-0.1646744311,"a,e"
Shanghai,Height,18,-0.07384937257,"a,e"
Shanghai,Height,15,-0.2006162703,"a,e"
Shanghai,Height,18,-0.2205296308,"a,e"
Shanghai,Height,18,-0.1763973981,"a,e"
Wuhan,Height,9,-0.2277196944,"a,e"
Wuhan,Height,12,-0.4372010529,"a,e"
Wuhan,Height,6,-0.2127459347,"a,e"
Shanghai,Height,6,-0.3847005665,"a,e"
Shanghai,Height,12,-0.2793116271,"a,e"
Guangzhou,Height,27,0.1723279804,"a,e"
Wuhan,Height,18,-0.08904195577,"a,e"
Wuhan,Height,30,0.07024496794,"a,e"
Shanghai,Height,9,-0.3293304443,"a,e"
Wuhan,Height,15,-0.1361960173,"a,e"
Guangzhou,Height,24,0.2043077797,"a,e"
Beijing,Height,9,-0.1484734118,"a,e"
Wuhan,Height,15,-0.1680077016,"a,e"
Guangzhou,Height,9,-0.3293231428,"a,e"
Wuhan,Height,15,-0.09418158233,"a,e"
Shanghai,Height,15,-0.07119076699,"a,e"
Shanghai,Height,24,0.0715462938,"a,e"
Shanghai,Height,12,-0.179284066,"a,e"
Shanghai,Height,18,-0.1448834389,"a,e"
Beijing,Height,18,-0.06478669494,"a,e"
Shanghai,Height,18,-0.1416499764,"a,e"
Shanghai,Height,9,-0.4883663654,"a,e"
Wuhan,Height,15,-0.1493942291,"a,e"
Beijing,Height,9,-0.254884392,"a,e"
Shanghai,Height,18,-0.07401213795,"a,e"
Shanghai,Height,9,-0.2879387438,"a,e"
Wuhan,Height,9,-0.3224069476,"a,e"
Wuhan,Height,18,-0.1181097925,"a,e"
Shanghai,Height,18,-0.1162678599,"a,e"
Beijing,Height,9,-0.2706444561,"a,e"
Shanghai,Height,9,-0.2959365547,"a,e"
Shanghai,Height,9,-0.2752009332,"a,e"
Shanghai,Height,18,-0.1728378534,"a,e"
Shanghai,Height,21,-0.1616710722,"a,e"
Shanghai,Height,12,-0.2851728201,"a,e"
Shanghai,Height,75,0.6546047926,"a,e"
Shanghai,Height,21,-0.1104416847,"a,e"
Shanghai,Height,6,-0.3390400708,"a,e"
Shanghai,Height,9,-0.3527987599,"a,e"
Shanghai,Height,18,-0.1540070027,"a,e"
Shanghai,Height,18,-0.05868826061,"a,e"
Shanghai,Height,54,0.4774330556,"a,e"
Shanghai,Height,18,-0.01372476853,"a,e"
Shanghai,Height,18,-0.1979007721,"a,e"
Guangzhou,Height,15,-0.1178161353,"a,e"
Shanghai,Height,18,-0.1640870571,"a,e"
Shanghai,Height,24,0.2071243674,"a,e"
Guangzhou,Height,15,-0.08658430725,"a,e"
Shanghai,Height,9,-0.3693140745,"a,e"
Shanghai,Height,63,0.2709871829,"a,e"
Shanghai,Height,18,-0.1572037339,"a,e"
Shanghai,Height,9,-0.3107680678,"a,e"
Shanghai,Height,15,-0.1412988156,"a,e"
Shanghai,Height,39,0.2406711429,"a,e"
Shanghai,Height,9,-0.254186064,"a,e"
Shanghai,Height,18,-0.1745662987,"a,e"
Shanghai,Height,6,-0.3684464693,"a,e"
Shanghai,Height,18,-0.05046459287,"a,e"
Shanghai,Height,9,-0.3863915801,"a,e"
Wuhan,Height,33,0.3382430375,"a,e"
Shanghai,Height,21,-0.009943047538,"a,e"
Shanghai,Height,9,-0.1768313795,"a,e"
Shanghai,Height,18,-0.162730962,"a,e"
Shanghai,Height,18,-0.08855275065,"a,e"
Shanghai,Height,18,-0.1827631295,"a,e"
Guangzhou,Height,15,-0.1179677546,"a,e"
Shanghai,Height,24,0.2505437434,"a,e"
Shanghai,Height,21,-0.02494063042,"a,e"
Shanghai,Height,18,-0.1702818424,"a,e"
Shanghai,Height,6,-0.2390611768,"a,e"
Shanghai,Height,9,-0.313808471,"a,e"
Guangzhou,Height,15,-0.142442897,"a,e"
Shanghai,Height,18,-0.0864103958,"a,e"
Shanghai,Height,12,-0.272110045,"a,e"
Wuhan,Height,30,0.2605917156,"a,e"
Wuhan,Height,18,-0.07035454363,"a,e"
Guangzhou,Height,18,-0.01199470647,"a,e"
Shanghai,Height,30,0.133452177,"a,e"
Guangzhou,Height,9,-0.4218859673,"a,e"
Shanghai,Height,9,-0.370048672,"a,e"
Wuhan,Height,18,-0.2204235047,"a,e"
Shanghai,Height,18,-0.06775418669,"a,e"
Shanghai,Height,9,-0.4023299813,"a,e"
Shanghai,Height,15,-0.09105158597,"a,e"
Shanghai,Height,18,-0.08986819535,"a,e"
Shanghai,Height,9,-0.3747375011,"a,e"
Wuhan,Height,18,-0.1475675255,"a,e"
Shanghai,Height,18,-0.04487252235,"a,e"
Shanghai,Height,15,-0.2443839312,"a,e"
Beijing,Height,33,0.2695361674,"a,e"
Shanghai,Height,33,0.2219412029,"a,e"
Shanghai,Height,12,-0.2790136635,"a,e"
Wuhan,Height,15,-0.09164620936,"a,e"
Shanghai,Height,18,-0.1507189274,"a,e"
Beijing,Height,9,-0.1583463252,"a,e"
Beijing,Height,33,0.08011962473,"a,e"
Wuhan,Height,36,0.2005253583,"a,e"
Shanghai,Height,15,-0.2378237993,"a,e"
Shanghai,Height,18,-0.2171471268,"a,e"
Shanghai,Height,21,-0.09486563504,"a,e"
Beijing,Height,18,-0.07181346416,"a,e"
Wuhan,Height,18,-0.1459363103,"a,e"
Shanghai,Height,18,-0.0328432247,"a,e"
Shanghai,Height,33,0.2583150864,"a,e"
Wuhan,Height,36,0.3495182991,"a,e"
Shanghai,Height,30,0.02191833779,"a,e"
Shanghai,Height,15,-0.1643626094,"a,e"
Wuhan,Height,18,-0.1196498647,"a,e"
Beijing,Height,21,-0.03268091753,"a,e"
Shanghai,Height,54,0.5550960898,"a,e"
Shanghai,Height,9,-0.3772421479,"a,e"
Wuhan,Height,18,-0.08565079421,"a,e"
Shanghai,Height,18,-0.1674239337,"a,e"
Guangzhou,Height,18,-0.02258294635,"a,e"
Shanghai,Height,9,-0.3437367082,"a,e"
Shanghai,Height,18,-0.156392023,"a,e"
Wuhan,Height,51,0.4364772141,"a,e"
Wuhan,Height,18,-0.03216627613,"a,e"
Beijing,Height,9,-0.2783753574,"a,e"
Wuhan,Height,36,0.2317574024,"a,e"
Wuhan,Height,21,-0.1155236587,"a,e"
Wuhan,Height,18,-0.02671156451,"a,e"
Shanghai,Height,30,0.1836309284,"a,e"
Guangzhou,Height,15,0.07524880767,"a,e"
Beijing,Height,18,-0.3004589677,"a,e"
Wuhan,Height,9,-0.2356158793,"a,e"
Shanghai,Height,15,-0.2480454445,"a,e"
Wuhan,Height,12,-0.2696954608,"a,e"
Wuhan,Height,15,-0.1231009662,"a,e"
Shanghai,Height,18,-0.1118456125,"a,e"
Shanghai,Height,12,-0.2915817499,"a,e"
Shanghai,Height,18,-0.230555281,"a,e"
Beijing,Height,39,0.2256268859,"a,e"
Shanghai,Height,18,-0.1714654267,"a,e"
Beijing,Height,18,-0.01444179192,"a,e"
Shanghai,Height,9,-0.4500626922,"a,e"
Shanghai,Height,9,-0.3595579267,"a,e"
Wuhan,Height,21,-0.07521610707,"a,e"
Shanghai,Height,12,-0.2388321757,"a,e"
Wuhan,Height,18,-0.2119590789,"a,e"
Shanghai,Height,24,0.2678289711,"a,e"
Beijing,Height,24,0.04431021214,"a,e"
Wuhan,Height,9,-0.2645616531,"a,e"
Shanghai,Height,15,-0.1803857684,"a,e"
Shanghai,Height,18,-0.06475219876,"a,e"
Shanghai,Height,15,-0.1691605002,"a,e"
Shanghai,Height,33,0.2281327248,"a,e"
Wuhan,Height,18,-0.1280616671,"a,e"
Shanghai,Height,18,-0.08192076534,"a,e"
Guangzhou,Height,12,-0.3970584273,"a,e"
Shanghai,Height,9,-0.2660761774,"a,e"
Shanghai,Height,18,-0.1001868621,"a,e"
Wuhan,Height,21,-0.1028406024,"a,e"
Wuhan,Height,12,-0.1856705993,"a,e"
Shanghai,Height,18,-0.1491075754,"a,e"
Wuhan,Height,21,-0.01303182635,"a,e"
Shanghai,Height,18,-0.1249701306,"a,e"
Shanghai,Height,6,-0.1514262855,"a,e"
Shanghai,Height,9,-0.4677071571,"a,e"
Shanghai,Height,12,-0.3861329257,"a,e"
Beijing,Height,15,-0.1045755222,"a,e"
Shanghai,Height,24,0.3164045215,"a,e"
Beijing,Height,18,-0.1046435088,"a,e"
Guangzhou,Height,30,0.3242124319,"a,e"
Shanghai,Height,9,-0.2075365335,"a,e"
Beijing,Height,15,-0.003205767833,"a,e"
Beijing,Height,12,-0.277582556,"a,e"
Shanghai,Height,6,-0.1347851157,"a,e"
Guangzhou,Height,9,-0.3702634275,"a,e"
Guangzhou,Height,24,0.1870448589,"a,e"
Shanghai,Height,9,-0.2980493009,"a,e"
Guangzhou,Height,36,0.09693128616,"a,e"
Shanghai,Height,21,0.003065559547,"a,e"
Beijing,Height,54,0.3601962328,"a,e"
Shanghai,Height,24,0.1364928335,"a,e"
Guangzhou,Height,9,-0.4216234684,"a,e"
Shanghai,Height,9,-0.307654053,"a,e"
Beijing,Height,9,-0.2656620443,"a,e"
Guangzhou,Height,42,0.2852954268,"a,e"
Guangzhou,Height,72,0.4082720578,"a,e"
Shanghai,Height,9,-0.2115237415,"a,e"
Shanghai,Height,9,-0.4405583143,"a,e"
Wuhan,Height,63,0.314322561,"a,e"
Shanghai,Height,18,-0.2085575461,"a,e"
Shanghai,Height,21,-0.0701906085,"a,e"
Shanghai,Height,18,-0.1621262878,"a,e"
Shanghai,Height,6,-0.3540035188,"a,e"
Wuhan,Height,18,-0.1816480309,"a,e"
Beijing,Height,21,-0.04411063343,"a,e"
Guangzhou,Height,24,0.1310427338,"a,e"
Guangzhou,Height,9,-0.5174551606,"a,e"
Shanghai,Height,15,-0.1399729252,"a,e"
Guangzhou,Height,18,-0.08896247298,"a,e"
Shanghai,Height,15,-0.1506734043,"a,e"
Shanghai,Height,18,-0.1002629474,"a,e"
Wuhan,Height,18,-0.1460520178,"a,e"
Shanghai,Height,18,-0.1678364277,"a,e"
Shanghai,Height,6,-0.2274597734,"a,e"
Shanghai,Height,12,-0.1942743808,"a,e"
Shanghai,Height,15,-0.3174085021,"a,e"
Shanghai,Height,9,-0.2880407274,"a,e"
Wuhan,Height,12,-0.4205956757,"a,e"
Shanghai,Height,9,-0.3733285367,"a,e"
Shanghai,Height,48,0.3209866285,"a,e"
Wuhan,Height,33,0.2189534307,"a,e"
Wuhan,Height,9,-0.3297492564,"a,e"
Beijing,Height,21,0.1183176413,"a,e"
Shanghai,Height,18,-0.07168682665,"a,e"
Guangzhou,Height,9,-0.3308319151,"a,e"
Wuhan,Height,9,-0.3700880706,"a,e"
Beijing,Height,12,-0.2377860248,"a,e"
Shanghai,Height,18,-0.05687244609,"a,e"
Shanghai,Height,36,0.2599280775,"a,e"
Beijing,Height,24,0.01161080506,"a,e"
Shanghai,Height,9,-0.2526270151,"a,e"
Shanghai,Height,18,-0.1935182959,"a,e"
Beijing,Height,15,0.02678603493,"a,e"
Wuhan,Height,12,-0.1712004691,"a,e"
Guangzhou,Height,9,-0.3598546088,"a,e"
Wuhan,Height,12,-0.2324445844,"a,e"
Guangzhou,Height,9,-0.4265214205,"a,e"
Shanghai,Height,18,-0.192266956,"a,e"
Shanghai,Height,15,-0.04690379277,"a,e"
Shanghai,Height,15,-0.1677645445,"a,e"
Beijing,Height,30,0.2043399513,"a,e"
Shanghai,Height,21,-0.06788098812,"a,e"
Guangzhou,Height,18,-0.01605028287,"a,e"
Shanghai,Height,18,-0.1158409044,"a,e"
Guangzhou,Height,18,-0.08226425946,"a,e"
Shanghai,Height,18,-0.04468055442,"a,e"
Shanghai,Height,18,-0.07884174585,"a,e"
Wuhan,Height,12,-0.1897667497,"a,e"
Guangzhou,Height,9,-0.4892109931,"a,e"
Shanghai,Height,24,0.1601678878,"a,e"
Shanghai,Height,18,-0.1572280079,"a,e"
Shanghai,Height,9,-0.2098281384,"a,e"
Shanghai,Height,21,0.05135049671,"a,e"
Guangzhou,Height,9,-0.3647373319,"a,e"
Wuhan,Height,9,-0.393987298,"a,e"
Shanghai,Height,15,-0.1876106411,"a,e"
Shanghai,Height,36,0.2981090844,"a,e"
Shanghai,Height,18,-0.1538508385,"a,e"
Shanghai,Height,18,-0.1721559614,"a,e"
Shanghai,Height,48,0.3093535602,"a,e"
Shanghai,Height,15,-0.1517034918,"a,e"
Wuhan,Height,36,0.3565484881,"a,e"
Shanghai,Height,9,-0.2751179039,"a,e"
Shanghai,Height,18,-0.2338035405,"a,e"
Shanghai,Height,18,-0.192031458,"a,e"
Wuhan,Height,24,0.2201969624,"a,e"
Shanghai,Height,18,-0.09844148159,"a,e"
Wuhan,Height,18,-0.2660592198,"a,e"
Guangzhou,Height,21,0.05876976624,"a,e"
Shanghai,Height,9,-0.2934740484,"a,e"
Shanghai,Height,18,-0.06830657274,"a,e"
Shanghai,Height,30,0.1871523261,"a,e"
Shanghai,Height,30,0.2177248299,"a,e"
Shanghai,Height,9,-0.3489753306,"a,e"
Shanghai,Height,18,-0.1181659326,"a,e"
Shanghai,Height,9,-0.4149298072,"a,e"
Shanghai,Height,12,-0.127835393,"a,e"
Shanghai,Height,18,-0.1593447477,"a,e"
Shanghai,Height,54,0.2471795082,"a,e"
Shanghai,Height,15,-0.172155261,"a,e"
Shanghai,Height,18,-0.1025177836,"a,e"
Beijing,Height,9,-0.2507538795,"a,e"
Shanghai,Height,15,-0.1727806479,"a,e"
Guangzhou,Height,9,-0.3337666392,"a,e"
Guangzhou,Height,24,0.2628356218,"a,e"
Guangzhou,Height,15,-0.04973593354,"a,e"
Beijing,Height,9,-0.3154400289,"a,e"
Beijing,Height,15,-0.01036878675,"a,e"
Wuhan,Height,15,-0.04618313164,"a,e"
Shanghai,Height,12,-0.1920820773,"a,e"
Shanghai,Height,18,-0.1000829414,"a,e"
Shanghai,Height,21,0.3641886115,"a,e"
Shanghai,Height,18,-0.1931764185,"a,e"
Shanghai,Height,18,-0.1723085195,"a,e"
Shanghai,Height,18,-0.214976266,"a,e"
Shanghai,Height,69,0.5419529676,"a,e"
Shanghai,Height,18,-0.1477511376,"a,e"
Shanghai,Height,15,-0.1918551773,"a,e"
Shanghai,Height,18,-0.1116709411,"a,e"
Beijing,Height,18,-0.2428781241,"a,e"
Guangzhou,Height,9,-0.3233340383,"a,e"
Shanghai,Height,18,-0.09126825631,"a,e"
Guangzhou,Height,18,0.04196313769,"a,e"
Shanghai,Height,48,0.3252151608,"a,e"
Shanghai,Height,12,-0.3606097102,"a,e"
Shanghai,Height,9,-0.4400399327,"a,e"
Shanghai,Height,42,0.4914023578,"a,e"
Shanghai,Height,36,0.3201016784,"a,e"
Guangzhou,Height,9,-0.3306628764,"a,e"
Shanghai,Height,18,-0.07851649076,"a,e"
Shanghai,Height,18,-0.09543672949,"a,e"
Beijing,Height,15,-0.1712318808,"a,e"
Shanghai,Height,24,0.1989343762,"a,e"
Shanghai,Height,15,-0.1419258267,"a,e"
Wuhan,Height,15,-0.1867916882,"a,e"
Wuhan,Height,12,-0.1453944296,"a,e"
Guangzhou,Height,9,-0.3944729567,"a,e"
Shanghai,Height,18,-0.1912281513,"a,e"
Shanghai,Height,18,-0.1489786506,"a,e"
Wuhan,Height,15,-0.08387284726,"a,e"
Shanghai,Height,18,-0.1627314985,"a,e"
Guangzhou,Height,15,-0.1145986468,"a,e"
Shanghai,Height,54,0.4025777876,"a,e"
Shanghai,Height,9,-0.3635222018,"a,e"
Shanghai,Height,18,-0.06325150281,"a,e"
Wuhan,Height,9,-0.3754441738,"a,e"
Guangzhou,Height,15,-0.1010141447,"a,e"
Shanghai,Height,18,-0.1426996887,"a,e"
Shanghai,Height,18,-0.0668201223,"a,e"
Wuhan,Height,81,1.028664947,"a,e"
Shanghai,Height,15,-0.1311252564,"a,e"
Shanghai,Height,27,0.185348317,"a,e"
Shanghai,Height,15,-0.08203314245,"a,e"
Beijing,Height,21,-0.0005923900753,"a,e"
Shanghai,Height,18,-0.1094633639,"a,e"
Guangzhou,Height,9,-0.4359753132,"a,e"
Shanghai,Height,15,-0.2314935774,"a,e"
Beijing,Height,12,-0.1918251663,"a,e"
Guangzhou,Height,48,0.4281687737,"a,e"
Wuhan,Height,12,-0.1940187812,"a,e"
Shanghai,Height,18,-0.2152743489,"a,e"
Wuhan,Height,9,-0.3054850101,"a,e"
Shanghai,Height,18,-0.08337429166,"a,e"
Wuhan,Height,12,-0.332752794,"a,e"
Guangzhou,Height,9,-0.4367295206,"a,e"
Shanghai,Height,30,0.2334349751,"a,e"
Guangzhou,Height,18,-0.01668398082,"a,e"
Guangzhou,Height,39,0.3735618591,"a,e"
Shanghai,Height,15,-0.1767439991,"a,e"
Shanghai,Height,18,-0.1436497271,"a,e"
Shanghai,Height,15,-0.09515377879,"a,e"
Guangzhou,Height,9,-0.3588725328,"a,e"
Shanghai,Height,18,-0.174177438,"a,e"
Guangzhou,Height,9,-0.3359237611,"a,e"
Guangzhou,Height,18,-0.05975310504,"a,e"
Beijing,Height,30,0.2139149606,"a,e"
Shanghai,Height,9,-0.3902955353,"a,e"
Shanghai,Height,21,0.01610709354,"a,e"
Shanghai,Height,21,-0.07607140392,"a,e"
Wuhan,Height,18,-0.05144322291,"a,e"
Shanghai,Height,18,-0.05517964438,"a,e"
Shanghai,Height,9,-0.1661974192,"a,e"
Beijing,Height,9,-0.2084357888,"a,e"
Beijing,Height,51,0.211686179,"a,e"
Wuhan,Height,18,-0.1848868132,"a,e"
Wuhan,Height,48,0.1747356802,"a,e"
Wuhan,Height,9,-0.3947271109,"a,e"
Shanghai,Height,48,0.2920085788,"a,e"
Shanghai,Height,15,-0.1659168899,"a,e"
Shanghai,Height,9,-0.3782451153,"a,e"
Shanghai,Height,15,-0.04802172631,"a,e"
Shanghai,Height,9,-0.2521513104,"a,e"
Shanghai,Height,18,-0.06316692382,"a,e"
Guangzhou,Height,15,0.01943225041,"a,e"
Shanghai,Height,15,-0.07301753759,"a,e"
Wuhan,Height,15,-0.2373837084,"a,e"
Wuhan,Height,15,-0.1791171879,"a,e"
Shanghai,Height,18,-0.1449480355,"a,e"
Shanghai,Height,6,-0.229634136,"a,e"
Shanghai,Height,6,-0.2381419986,"a,e"
Beijing,Height,48,0.2930079401,"a,e"
Shanghai,Height,18,-0.1258747578,"a,e"
Shanghai,Height,33,0.3461075425,"a,e"
Shanghai,Height,21,0.2662400007,"a,e"
Wuhan,Height,18,-0.2302521765,"a,e"
Wuhan,Height,30,0.1347166151,"a,e"
Beijing,Height,36,0.2664753497,"a,e"
Shanghai,Height,30,0.1883980036,"a,e"
Guangzhou,Height,9,-0.325794965,"a,e"
Shanghai,Height,18,-0.1669062227,"a,e"
Guangzhou,Height,9,-0.3347845078,"a,e"
Beijing,Height,9,-0.2483908683,"a,e"
Shanghai,Height,9,-0.3435562253,"a,e"
Shanghai,Height,30,0.3617493212,"a,e"
Wuhan,Height,9,-0.2990179658,"a,e"
Beijing,Height,9,-0.3059918284,"a,e"
Shanghai,Height,24,0.193813324,"a,e"
Shanghai,Height,12,-0.2749629021,"a,e"
Shanghai,Height,21,-0.07719890028,"a,e"
Beijing,Height,66,0.2914626896,"a,e"
Shanghai,Height,54,0.3610911667,"a,e"
Shanghai,Height,18,-0.1964458972,"a,e"
Beijing,Height,12,-0.1414233893,"a,e"
Shanghai,Height,24,0.1422681063,"a,e"
Shanghai,Height,18,-0.1030268818,"a,e"
Wuhan,Height,30,0.09896630794,"a,e"
Shanghai,Height,21,-0.02280779183,"a,e"
Shanghai,Height,18,-0.1400674284,"a,e"
Shanghai,Height,18,-0.07855217159,"a,e"
Shanghai,Height,9,-0.2795123458,"a,e"
Shanghai,Height,15,-0.1675980836,"a,e"
Wuhan,Height,18,-0.225068152,"a,e"
Shanghai,Height,12,-0.2063000947,"a,e"
Wuhan,Height,36,0.2603715658,"a,e"
Shanghai,Height,9,-0.2792650461,"a,e"
Wuhan,Height,12,-0.4029628932,"a,e"
Guangzhou,Height,9,-0.3637252748,"a,e"
Shanghai,Height,21,0.1076811925,"a,e"
Beijing,Height,72,0.289812088,"a,e"
Wuhan,Height,21,0.4020603001,"a,e"
Beijing,Height,15,-0.2321406156,"a,e"
Shanghai,Height,18,-0.09659124911,"a,e"
Shanghai,Height,9,-0.3982917964,"a,e"
Beijing,Height,12,-0.19611983,"a,e"
Beijing,Height,12,-0.3770131171,"a,e"
Guangzhou,Height,9,-0.3695736825,"a,e"
Shanghai,Height,18,-0.1442223191,"a,e"
Wuhan,Height,18,-0.1737228632,"a,e"
Wuhan,Height,18,-0.281960994,"a,e"
Guangzhou,Height,18,-0.002283107722,"a,e"
Shanghai,Height,9,-0.3072568178,"a,e"
Shanghai,Height,18,-0.1516192257,"a,e"
Shanghai,Height,15,-0.1133469269,"a,e"
Wuhan,Height,9,-0.3153744042,"a,e"
Shanghai,Height,9,-0.3191510439,"a,e"
Shanghai,Height,9,-0.26648736,"a,e"
Shanghai,Height,15,-0.2507074177,"a,e"
Shanghai,Height,18,-0.1250947714,"a,e"
Beijing,Height,18,-0.1893972307,"a,e"
Beijing,Height,21,0.3143292964,"a,e"
Shanghai,Height,18,-0.1994275749,"a,e"
Shanghai,Height,18,-0.1656268686,"a,e"
Shanghai,Height,15,-0.1595568061,"a,e"
Shanghai,Height,45,0.3501890004,"a,e"
Beijing,Height,30,0.1652724147,"a,e"
Wuhan,Height,15,-0.1893333942,"a,e"
Beijing,Height,9,-0.2604554296,"a,e"
Wuhan,Height,9,-0.4501934946,"a,e"
Shanghai,Height,18,-0.1721525043,"a,e"
Guangzhou,Height,9,-0.4658303261,"a,e"
Beijing,Height,18,-0.2880469263,"a,e"
Shanghai,Height,9,-0.3723811209,"a,e"
Shanghai,Height,18,-0.06753697991,"a,e"
Wuhan,Height,9,-0.2084743083,"a,e"
Shanghai,Height,18,-0.1562931538,"a,e"
Shanghai,Height,12,-0.2586480379,"a,e"
Shanghai,Height,9,-0.38794294,"a,e"
Shanghai,Height,48,0.2828639746,"a,e"
Shanghai,Height,9,-0.231676206,"a,e"
Shanghai,Height,9,-0.3328147233,"a,e"
Guangzhou,Height,9,-0.4163036644,"a,e"
Shanghai,Height,18,-0.1532815546,"a,e"
Beijing,Height,24,-0.03315001726,"a,e"
Shanghai,Height,18,-0.07722917199,"a,e"
Shanghai,Height,6,-0.3665502667,"a,e"
Beijing,Height,18,-0.1284051389,"a,e"
Shanghai,Height,9,-0.3357282877,"a,e"
Shanghai,Height,18,-0.1726631075,"a,e"
Wuhan,Height,24,-0.01161008235,"a,e"
Guangzhou,Height,18,-0.08392765373,"a,e"
Beijing,Height,9,-0.289873749,"a,e"
Shanghai,Height,18,-0.1544962674,"a,e"
Beijing,Height,18,-0.0907253623,"a,e"
Wuhan,Height,81,0.7027763724,"a,e"
Shanghai,Height,45,0.1025297791,"a,e"
Shanghai,Height,15,-0.1044795513,"a,e"
Beijing,Height,18,-0.1555426568,"a,e"
Shanghai,Height,6,-0.1761367172,"a,e"
Beijing,Height,9,-0.2805301845,"a,e"
Shanghai,Height,6,-0.1786623895,"a,e"
Guangzhou,Height,18,-0.07207192481,"a,e"
Shanghai,Height,18,-0.1619949341,"a,e"
Guangzhou,Height,15,0.04353421926,"a,e"
Shanghai,Height,18,-0.1931497902,"a,e"
Shanghai,Height,36,0.3179755509,"a,e"
Shanghai,Height,18,-0.1648107469,"a,e"
Shanghai,Height,30,0.227540642,"a,e"
Shanghai,Height,9,-0.3513800502,"a,e"
Wuhan,Height,18,-0.1976401806,"a,e"
Wuhan,Height,33,0.09117794782,"a,e"
Shanghai,Height,18,-0.2109941095,"a,e"
Shanghai,Height,9,-0.4041694105,"a,e"
Guangzhou,Height,9,-0.4044651687,"a,e"
Guangzhou,Height,9,-0.4231104255,"a,e"
Beijing,Height,30,0.2595930099,"a,e"
Shanghai,Height,18,-0.1715097576,"a,e"
Shanghai,Height,18,-0.1086078882,"a,e"
Shanghai,Height,18,-0.1867745817,"a,e"
Guangzhou,Height,24,0.2157796621,"a,e"
Shanghai,Height,9,-0.2922697365,"a,e"
Shanghai,Height,21,-0.05103193969,"a,e"
Shanghai,Height,18,-0.09867026657,"a,e"
Shanghai,Height,6,-0.132109344,"a,e"
Wuhan,Height,12,-0.4000219405,"a,e"
Guangzhou,Height,27,0.1476880908,"a,e"
Guangzhou,Height,9,-0.368701905,"a,e"
Shanghai,Height,39,0.4178668261,"a,e"
Beijing,Height,18,-0.1643318981,"a,e"
Shanghai,Height,15,-0.2019407451,"a,e"
Shanghai,Height,6,-0.4434689581,"a,e"
Shanghai,Height,9,-0.2868926823,"a,e"
Shanghai,Height,18,-0.03715796024,"a,e"
Shanghai,Height,9,-0.2694250047,"a,e"
Guangzhou,Height,9,-0.2852900326,"a,e"
Shanghai,Height,9,-0.3673663735,"a,e"
Beijing,Height,18,-0.02361839078,"a,e"
Shanghai,Height,6,-0.1424607486,"a,e"
Shanghai,Height,21,-0.0552624613,"a,e"
Wuhan,Height,21,-0.108595863,"a,e"
Shanghai,Height,54,0.541253686,"a,e"
Shanghai,Height,12,-0.2313993573,"a,e"
Beijing,Height,9,-0.4275333285,"a,e"
Shanghai,Height,15,-0.124676466,"a,e"
Shanghai,Height,15,-0.09967505187,"a,e"
Wuhan,Height,36,0.1427574903,"a,e"
Shanghai,Height,6,-0.3911166489,"a,e"
Shanghai,Height,66,0.1295064837,"a,e"
Shanghai,Height,18,-0.08814253658,"a,e"
Shanghai,Height,15,-0.2094384432,"a,e"
Shanghai,Height,18,-0.07958415896,"a,e"
Wuhan,Height,63,0.5260124803,"a,e"
Shanghai,Height,18,-0.1772507876,"a,e"
Shanghai,Height,21,0.3419905305,"a,e"
Wuhan,Height,36,0.3065977693,"a,e"
Shanghai,Height,21,-0.009490606375,"a,e"
Shanghai,Height,18,-0.1464624703,"a,e"
Shanghai,Height,18,-0.1659211814,"a,e"
Wuhan,Height,18,-0.2037194967,"a,e"
Beijing,Height,9,-0.2473432273,"a,e"
Guangzhou,Height,12,-0.2542197704,"a,e"
Shanghai,Height,15,-0.1930753887,"a,e"
Wuhan,Height,9,-0.3845117092,"a,e"
Wuhan,Height,21,0.01804000512,"a,e"
Wuhan,Height,15,-0.09508293867,"a,e"
Shanghai,Height,9,-0.2263792902,"a,e"
Shanghai,Height,18,-0.1183513701,"a,e"
Shanghai,Height,30,0.1602833569,"a,e"
Shanghai,Height,12,-0.2416339666,"a,e"
Shanghai,Height,6,-0.3471342921,"a,e"
Shanghai,Height,18,-0.1955935359,"a,e"
Shanghai,Height,6,-0.1626891345,"a,e"
Wuhan,Height,33,0.1518802494,"a,e"
Shanghai,Height,15,-0.130339399,"a,e"
Shanghai,Height,9,-0.1893584728,"a,e"
Shanghai,Height,18,-0.08447959274,"a,e"
Shanghai,Height,18,-0.2903588414,"a,e"
Shanghai,Height,21,-0.04189479724,"a,e"
Shanghai,Height,36,0.4082541168,"a,e"
Shanghai,Height,6,-0.1771658957,"a,e"
Shanghai,Height,18,-0.2252679318,"a,e"
Shanghai,Height,24,0.06198653579,"a,e"
Guangzhou,Height,72,0.29162395,"a,e"
Shanghai,Height,18,-0.134960562,"a,e"
Shanghai,Height,15,-0.116185151,"a,e"
Wuhan,Height,18,-0.09246772528,"a,e"
Beijing,Height,24,-0.01829506084,"a,e"
Shanghai,Height,18,-0.1486434788,"a,e"
Shanghai,Height,18,-0.1241532862,"a,e"
Guangzhou,Height,72,0.2297753096,"a,e"
Shanghai,Height,6,-0.3540193737,"a,e"
Shanghai,Height,9,-0.2258418947,"a,e"
Guangzhou,Height,9,-0.4470850229,"a,e"
Shanghai,Height,9,-0.4156980217,"a,e"
Wuhan,Height,15,-0.07202094048,"a,e"
Guangzhou,Height,18,-0.05076436698,"a,e"
Beijing,Height,66,0.537433207,"a,e"
Guangzhou,Height,18,-0.05492210761,"a,e"
Shanghai,Height,9,-0.25148049,"a,e"
Shanghai,Height,6,-0.3630131781,"a,e"
Shanghai,Height,18,-0.2395826876,"a,e"
Wuhan,Height,9,-0.4555706382,"a,e"
Shanghai,Height,18,-0.09452376515,"a,e"
Shanghai,Height,18,-0.1346501559,"a,e"
Beijing,Height,15,-0.2746199965,"a,e"
Wuhan,Height,15,0.002946753055,"a,e"
Shanghai,Height,18,-0.142157346,"a,e"
Wuhan,Height,9,-0.1867010444,"a,e"
Beijing,Height,9,-0.3608100414,"a,e"
Shanghai,Height,6,-0.3302207291,"a,e"
Shanghai,Height,18,-0.1373666376,"a,e"
Beijing,Height,18,-0.08722022921,"a,e"
Guangzhou,Height,15,-0.1088130921,"a,e"
Shanghai,Height,21,-0.1049196497,"a,e"
Shanghai,Height,18,-0.09287311137,"a,e"
Shanghai,Height,24,0.2073560357,"a,e"
Shanghai,Height,24,0.2003073841,"a,e"
Wuhan,Height,36,0.2642207146,"a,e"
Shanghai,Height,18,-0.2026083618,"a,e"
Shanghai,Height,15,-0.08067370206,"a,e"
Shanghai,Height,18,-0.1640053988,"a,e"
Shanghai,Height,18,-0.1490714699,"a,e"
Wuhan,Height,18,-0.07010100037,"a,e"
Wuhan,Height,9,-0.4231879413,"a,e"
Guangzhou,Height,18,-0.1819286793,"a,e"
Shanghai,Height,9,-0.3631559014,"a,e"
Guangzhou,Height,15,-0.02879811265,"a,e"
Shanghai,Height,18,-0.133990258,"a,e"
Shanghai,Height,9,-0.3894236088,"a,e"
Beijing,Height,9,-0.2534599304,"a,e"
Wuhan,Height,15,-0.1351948529,"a,e"
Shanghai,Height,18,-0.1831297278,"a,e"
Shanghai,Height,21,0.07096739113,"a,e"
Shanghai,Height,21,0.00222413009,"a,e"
Guangzhou,Height,21,0.04456296936,"a,e"
Shanghai,Height,18,-0.08779387921,"a,e"
Shanghai,Height,9,-0.2529229522,"a,e"
Shanghai,Height,18,-0.1764727682,"a,e"
Shanghai,Height,15,-0.1217806637,"a,e"
Beijing,Height,18,-0.01289935783,"a,e"
Shanghai,Height,6,-0.3630131781,"a,e"
Shanghai,Height,9,-0.3149738014,"a,e"
Shanghai,Height,15,-0.1301806271,"a,e"
Guangzhou,Height,9,-0.4191797376,"a,e"
Wuhan,Height,33,0.1512668878,"a,e"
Shanghai,Height,21,0.0311751347,"a,e"
Shanghai,Height,18,-0.1103492826,"a,e"
Beijing,Height,18,-0.2632269859,"a,e"
Beijing,Height,54,0.2905296683,"a,e"
Beijing,Height,15,-0.1298413873,"a,e"
Shanghai,Height,9,-0.3737764359,"a,e"
Shanghai,Height,9,-0.309731245,"a,e"
Shanghai,Height,18,-0.08155397326,"a,e"
Wuhan,Height,12,-0.2443258464,"a,e"
Shanghai,Height,15,-0.1308063418,"a,e"
Shanghai,Height,12,-0.1717262715,"a,e"
Shanghai,Height,18,-0.1581314504,"a,e"
Guangzhou,Height,30,0.1989413947,"a,e"
Shanghai,Height,18,-0.1093587726,"a,e"
Shanghai,Height,15,-0.1758265793,"a,e"
Shanghai,Height,9,-0.228772372,"a,e"
Guangzhou,Height,12,-0.2838461697,"a,e"
Guangzhou,Height,12,-0.1623906791,"a,e"
Shanghai,Height,18,-0.1955813915,"a,e"
Shanghai,Height,18,-0.1393877268,"a,e"
Beijing,Height,9,-0.2658431828,"a,e"
Shanghai,Height,18,-0.1351253092,"a,e"
Guangzhou,Height,9,-0.4544463456,"a,e"
Wuhan,Height,15,-0.1497559994,"a,e"
Shanghai,Height,15,-0.1699472666,"a,e"
Wuhan,Height,18,-0.2125736773,"a,e"
Guangzhou,Height,24,0.162646383,"a,e"
Wuhan,Height,27,0.1911568344,"a,e"
Guangzhou,Height,24,0.2049020976,"a,e"
Guangzhou,Height,9,-0.4805401564,"a,e"
Shanghai,Height,9,-0.2845152318,"a,e"
Shanghai,Height,6,-0.2035053372,"a,e"
Beijing,Height,36,0.2906379104,"a,e"
Guangzhou,Height,9,-0.3638868332,"a,e"
Wuhan,Height,9,-0.3688293695,"a,e"
Shanghai,Height,18,-0.07082452625,"a,e"
Beijing,Height,9,-0.2662637234,"a,e"
Shanghai,Height,18,-0.07241590321,"a,e"
Shanghai,Height,18,-0.07794158906,"a,e"
Shanghai,Height,9,-0.4198369086,"a,e"
Wuhan,Height,12,-0.229198873,"a,e"
Shanghai,Height,42,0.4143532515,"a,e"
Guangzhou,Height,15,-0.1142035052,"a,e"
Beijing,Height,18,-0.09823647887,"a,e"
Shanghai,Height,9,-0.3555041552,"a,e"
Shanghai,Height,9,-0.2068363726,"a,e"
Shanghai,Height,9,-0.3306680918,"a,e"
Guangzhou,Height,12,-0.2537363172,"a,e"
Guangzhou,Height,9,-0.3583247364,"a,e"
Guangzhou,Height,12,-0.2802878618,"a,e"
Shanghai,Height,18,-0.08139307052,"a,e"
Beijing,Height,12,-0.2059909105,"a,e"
Shanghai,Height,9,-0.2422567904,"a,e"
Guangzhou,Height,9,-0.4236700833,"a,e"
Shanghai,Height,18,-0.1959042549,"a,e"
Shanghai,Height,15,-0.1080696434,"a,e"
Shanghai,Height,18,-0.1306099594,"a,e"
Guangzhou,Height,24,0.1159189269,"a,e"
Shanghai,Height,42,0.2819768786,"a,e"
Shanghai,Height,8,-0.1894706488,"a,e"
Shanghai,Height,12,-0.321071893,"a,e"
Wuhan,Height,24,0.1997160912,"a,e"
Wuhan,Height,30,0.1335225701,"a,e"
Guangzhou,Height,9,-0.3506443799,"a,e"
Shanghai,Height,60,0.2834697366,"a,e"
Wuhan,Height,9,-0.2155177593,"a,e"
Shanghai,Height,15,-0.1245858893,"a,e"
Beijing,Height,9,-0.2745003104,"a,e"
Shanghai,Height,21,0.08102432638,"a,e"
Beijing,Height,9,-0.2645145357,"a,e"
Shanghai,Height,9,-0.2233319581,"a,e"
Guangzhou,Height,9,-0.3727678359,"a,e"
Shanghai,Height,6,-0.2852322459,"a,e"
Beijing,Height,12,-0.2326283157,"a,e"
Shanghai,Height,42,0.3253478706,"a,e"
Shanghai,Height,9,-0.2589246035,"a,e"
Shanghai,Height,9,-0.4187817872,"a,e"
Shanghai,Height,15,-0.1749913841,"a,e"
Shanghai,Height,18,-0.1461034268,"a,e"
Beijing,Height,9,-0.2515573204,"a,e"
Guangzhou,Height,9,-0.4465113282,"a,e"
Wuhan,Height,30,0.2840404212,"a,e"
Shanghai,Height,18,-0.1919667274,"a,e"
Shanghai,Height,60,0.2076108605,"a,e"
Wuhan,Height,15,-0.1941934228,"a,e"
Guangzhou,Height,9,-0.3588614464,"a,e"
Shanghai,Height,9,-0.2904392183,"a,e"
Shanghai,Height,6,-0.1302113235,"a,e"
Shanghai,Height,12,-0.270047158,"a,e"
Beijing,Height,6,-0.2705176473,"a,e"
Wuhan,Height,18,-0.05130160227,"a,e"
Wuhan,Height,12,-0.3246929646,"a,e"
Shanghai,Height,9,-0.203651011,"a,e"
Shanghai,Height,15,-0.2338844389,"a,e"
Wuhan,Height,57,0.2725743353,"a,e"
Shanghai,Height,30,0.3627949357,"a,e"
Shanghai,Height,6,-0.2267190218,"a,e"
Shanghai,Height,15,-0.202756539,"a,e"
Beijing,Height,54,0.2608510256,"a,e"
Shanghai,Height,18,-0.1978972256,"a,e"
Shanghai,Height,9,-0.2235905528,"a,e"
Wuhan,Height,9,-0.3833624423,"a,e"
Shanghai,Height,9,-0.3645424545,"a,e"
Shanghai,Height,9,-0.2799094915,"a,e"
Shanghai,Height,18,-0.1529442668,"a,e"
Shanghai,Height,18,-0.1139170527,"a,e"
Beijing,Height,9,-0.3045578599,"a,e"
Wuhan,Height,18,-0.1288434714,"a,e"
Beijing,Height,21,0.1015188694,"a,e"
Beijing,Height,30,0.1092154458,"a,e"
Shanghai,Height,18,-0.07069768757,"a,e"
Shanghai,Height,18,-0.06904242933,"a,e"
Shanghai,Height,18,-0.08137719333,"a,e"
Guangzhou,Height,9,-0.4050161541,"a,e"
Shanghai,Height,30,0.0274103824,"a,e"
Shanghai,Height,21,-0.01395292953,"a,e"
Beijing,Height,36,0.3465917706,"a,e"
Shanghai,Height,39,0.3637163937,"a,e"
Beijing,Height,9,-0.3243831694,"a,e"
Wuhan,Height,9,-0.3154568374,"a,e"
Shanghai,Height,18,-0.237379685,"a,e"
Wuhan,Height,12,-0.1712004691,"a,e"
Shanghai,Height,66,0.4917057157,"a,e"
Beijing,Height,6,-0.260810554,"a,e"
Shanghai,Height,75,0.5188586116,"a,e"
Wuhan,Height,18,-0.1128599793,"a,e"
Shanghai,Height,15,-0.2497631758,"a,e"
Shanghai,Height,18,-0.1009229347,"a,e"
Beijing,Height,9,-0.3162702024,"a,e"
Shanghai,Height,18,-0.1762322485,"a,e"
Guangzhou,Height,9,-0.4226610661,"a,e"
Shanghai,Height,9,-0.2863752544,"a,e"
Beijing,Height,9,-0.3009533882,"a,e"
Wuhan,Height,18,-0.1194182411,"a,e"
Shanghai,Height,9,-0.3533202708,"a,e"
Shanghai,Height,12,-0.3095717132,"a,e"
Beijing,Height,9,-0.4289432168,"a,e"
Wuhan,Height,9,-0.4006685913,"a,e"
Shanghai,Height,18,-0.2251678258,"a,e"
Shanghai,Height,15,-0.1239695698,"a,e"
Guangzhou,Height,9,-0.3340785801,"a,e"
Shanghai,Height,18,-0.2193875909,"a,e"
Beijing,Height,18,-0.2460212857,"a,e"
Shanghai,Height,18,-0.1580030471,"a,e"
Shanghai,Height,12,-0.2749449015,"a,e"
Guangzhou,Height,51,0.3115952611,"a,e"
Shanghai,Height,9,-0.3526138365,"a,e"
Beijing,Height,18,-0.08118963242,"a,e"
Shanghai,Height,15,-0.1366319805,"a,e"
Shanghai,Height,21,-0.006513659377,"a,e"
Guangzhou,Height,9,-0.4555137157,"a,e"
Wuhan,Height,36,0.2439866364,"a,e"
Wuhan,Height,60,0.2349850982,"a,e"
Shanghai,Height,9,-0.2559521496,"a,e"
Shanghai,Height,18,-0.1650368273,"a,e"
Shanghai,Height,18,-0.1712412387,"a,e"
Shanghai,Height,18,-0.09374216944,"a,e"
Wuhan,Height,9,-0.4408801198,"a,e"
Wuhan,Height,51,0.4672550857,"a,e"
Shanghai,Height,18,-0.1079634428,"a,e"
Shanghai,Height,15,-0.08999082446,"a,e"
Shanghai,Height,9,-0.2959432602,"a,e"
Wuhan,Height,15,-0.2145111412,"a,e"
Wuhan,Height,30,0.1834667027,"a,e"
Shanghai,Height,39,0.3787199855,"a,e"
Wuhan,Height,24,0.1393534392,"a,e"
Beijing,Height,18,-0.07969236374,"a,e"
Shanghai,Height,18,-0.1510387063,"a,e"
Beijing,Height,9,-0.2858849466,"a,e"
Shanghai,Height,15,-0.09694701433,"a,e"
Wuhan,Height,21,-0.04049931467,"a,e"
Guangzhou,Height,12,-0.2255269736,"a,e"
Shanghai,Height,9,-0.1810296774,"a,e"
Guangzhou,Height,84,0.9032010436,"a,e"
Wuhan,Height,21,-0.1457119137,"a,e"
Wuhan,Height,15,-0.2027522326,"a,e"
Shanghai,Height,9,-0.3430039287,"a,e"
Wuhan,Height,18,-0.09105549753,"a,e"
Wuhan,Height,18,-0.09597993642,"a,e"
Shanghai,Height,6,-0.2549039423,"a,e"
Shanghai,Height,18,-0.1942317933,"a,e"
Shanghai,Height,9,-0.3583722413,"a,e"
Guangzhou,Height,9,-0.4030519724,"a,e"
Shanghai,Height,6,-0.3648912907,"a,e"
Wuhan,Height,9,-0.2897771299,"a,e"
Shanghai,Height,18,-0.01862389594,"a,e"
Beijing,Height,21,0.2629855275,"a,e"
Guangzhou,Height,18,-0.2313904911,"a,e"
Shanghai,Height,9,-0.3104425371,"a,e"
Shanghai,Height,15,-0.1168623343,"a,e"
Shanghai,Height,15,-0.07755724341,"a,e"
Shanghai,Height,9,-0.287127614,"a,e"
Shanghai,Height,18,-0.1241975799,"a,e"
Wuhan,Height,9,-0.2616704404,"a,e"
Beijing,Height,9,-0.3014995158,"a,e"
Shanghai,Height,15,-0.1599047631,"a,e"
Beijing,Height,12,-0.2075924724,"a,e"
Shanghai,Height,9,-0.2789706588,"a,e"
Shanghai,Height,9,-0.4860029221,"a,e"
Guangzhou,Height,9,-0.4547322392,"a,e"
Shanghai,Height,18,-0.07062134147,"a,e"
Guangzhou,Height,9,-0.3609831929,"a,e"
Shanghai,Height,9,-0.2947499156,"a,e"
Shanghai,Height,12,-0.3340121508,"a,e"
Shanghai,Height,15,-0.1103374213,"a,e"
Shanghai,Height,18,-0.1325246245,"a,e"
Shanghai,Height,18,-0.1120180339,"a,e"
Wuhan,Height,18,-0.03857366741,"a,e"
Wuhan,Height,9,-0.3135655224,"a,e"
Guangzhou,Height,9,-0.3723010719,"a,e"
Shanghai,Height,9,-0.2883077562,"a,e"
Shanghai,Height,18,-0.211460948,"a,e"
Shanghai,Height,9,-0.3495941758,"a,e"
Shanghai,Height,21,0.3093269169,"a,e"
Guangzhou,Height,9,-0.4490941465,"a,e"
Wuhan,Height,12,-0.1250297129,"a,e"
Shanghai,Height,21,0.01523603965,"a,e"
Shanghai,Height,30,0.2132478803,"a,e"
Beijing,Height,12,-0.3414061368,"a,e"
Shanghai,Height,15,-0.1824200451,"a,e"
Shanghai,Height,30,0.3252934515,"a,e"
Shanghai,Height,9,-0.2011557817,"a,e"
Wuhan,Height,48,0.3520075679,"a,e"
Shanghai,Height,9,-0.2785837054,"a,e"
Wuhan,Height,15,-0.1636816412,"a,e"
Wuhan,Height,18,-0.1926010847,"a,e"
Wuhan,Height,18,-0.07562134415,"a,e"
Shanghai,Height,9,-0.2103642821,"a,e"
Beijing,Height,66,0.3716339767,"a,e"
Guangzhou,Height,15,-0.1498699933,"a,e"
Wuhan,Height,21,-0.09801723063,"a,e"
Wuhan,Height,21,-0.01879923232,"a,e"
Shanghai,Height,18,-0.1884498596,"a,e"
Guangzhou,Height,9,-0.4298531115,"a,e"
Wuhan,Height,18,-0.1150803417,"a,e"
Guangzhou,Height,78,0.7152301669,"a,e"
Wuhan,Height,9,-0.2685047984,"a,e"
Shanghai,Height,30,0.06084448472,"a,e"
Guangzhou,Height,18,-0.02079080231,"a,e"
Shanghai,Height,30,0.2048861384,"a,e"
Shanghai,Height,18,-0.1307826042,"a,e"
Shanghai,Height,9,-0.2358589023,"a,e"
Shanghai,Height,15,-0.1241866127,"a,e"
Wuhan,Height,12,-0.3118806183,"a,e"
Shanghai,Height,18,-0.2259245068,"a,e"
Shanghai,Height,15,-0.1871403009,"a,e"
Beijing,Height,27,0.1334091425,"a,e"
Shanghai,Height,15,-0.2041567713,"a,e"
Shanghai,Height,18,-0.0649702549,"a,e"
Shanghai,Height,18,-0.1412008852,"a,e"
Shanghai,Height,18,-0.1928074062,"a,e"
Shanghai,Height,18,-0.1730543822,"a,e"
Shanghai,Height,9,-0.285939157,"a,e"
Beijing,Height,9,-0.228274107,"a,e"
Shanghai,Height,9,-0.1660040617,"a,e"
Guangzhou,Height,9,-0.3155893981,"a,e"
Wuhan,Height,78,0.808950603,"a,e"
Shanghai,Height,15,-0.2499682307,"a,e"
Shanghai,Height,15,-0.1823023558,"a,e"
Beijing,Height,12,-0.1218482554,"a,e"
Guangzhou,Height,12,-0.2910368443,"a,e"
Wuhan,Height,54,0.4680516422,"a,e"
Wuhan,Height,12,-0.2241111994,"a,e"
Shanghai,Height,15,-0.1650903076,"a,e"
Wuhan,Height,18,-0.2084871083,"a,e"
Shanghai,Height,36,0.1798704118,"a,e"
Shanghai,Height,18,-0.05782245845,"a,e"
Shanghai,Height,33,0.3277226985,"a,e"
Shanghai,Height,75,0.6375099421,"a,e"
Beijing,Height,6,-0.2526117563,"a,e"
Shanghai,Height,9,-0.3159908354,"a,e"
Guangzhou,Height,18,-0.2153935283,"a,e"
Wuhan,Height,18,-0.1649267972,"a,e"
Wuhan,Height,45,0.3819952309,"a,e"
Beijing,Height,15,-0.1408519596,"a,e"
Shanghai,Height,15,-0.1556868255,"a,e"
Shanghai,Height,42,0.3602534533,"a,e"
Wuhan,Height,9,-0.3304542303,"a,e"
Wuhan,Height,21,0.0001382486662,"a,e"
Guangzhou,Height,9,-0.3588080704,"a,e"
Beijing,Height,18,-0.1308116764,"a,e"
Beijing,Height,9,-0.3753544688,"a,e"
Shanghai,Height,9,-0.2332100272,"a,e"
Beijing,Height,15,-0.07073871046,"a,e"
Shanghai,Height,18,-0.1677049398,"a,e"
Shanghai,Height,15,-0.1570286155,"a,e"
Wuhan,Height,18,-0.2303792983,"a,e"
Shanghai,Height,36,0.4194671512,"a,e"
Beijing,Height,54,0.1760593057,"a,e"
Shanghai,Height,9,-0.2449190915,"a,e"
Guangzhou,Height,30,0.2792841792,"a,e"
Shanghai,Height,42,0.2878432572,"a,e"
Wuhan,Height,9,-0.3055790067,"a,e"
Shanghai,Height,12,-0.2022434473,"a,e"
Guangzhou,Height,9,-0.3514736295,"a,e"
Shanghai,Height,12,-0.3667438328,"a,e"
Shanghai,Height,9,-0.2926189601,"a,e"
Shanghai,Height,15,-0.2129944414,"a,e"
Shanghai,Height,18,-0.1616507024,"a,e"
Beijing,Height,18,-0.09269523621,"a,e"
Beijing,Height,21,-0.02782259881,"a,e"
Beijing,Height,9,-0.2518644631,"a,e"
Shanghai,Height,15,-0.1726005226,"a,e"
Shanghai,Height,15,-0.1554181874,"a,e"
Shanghai,Height,15,-0.08111533523,"a,e"
Shanghai,Height,18,-0.1853978038,"a,e"
Shanghai,Height,6,-0.2365510017,"a,e"
Beijing,Height,9,-0.232964918,"a,e"
Shanghai,Height,9,-0.1285871267,"a,e"
Shanghai,Height,36,0.1896498054,"a,e"
Shanghai,Height,6,-0.3583603501,"a,e"
Guangzhou,Height,9,-0.3574413657,"a,e"
Beijing,Height,21,0.4339205921,"a,e"
Shanghai,Height,18,-0.1209455058,"a,e"
Shanghai,Height,9,-0.3059409857,"a,e"
Shanghai,Height,18,-0.1631152183,"a,e"
Shanghai,Height,36,0.3146223128,"a,e"
Wuhan,Height,51,0.2120273858,"a,e"
Shanghai,Height,9,-0.4684748054,"a,e"
Guangzhou,Height,21,0.3727412224,"a,e"
Guangzhou,Height,9,-0.4361713529,"a,e"
Shanghai,Height,9,-0.3672946393,"a,e"
Shanghai,Height,6,-0.3902659714,"a,e"
Shanghai,Height,54,0.3275108039,"a,e"
Shanghai,Height,33,0.2455781847,"a,e"
Shanghai,Height,9,-0.3148854673,"a,e"
Wuhan,Height,18,-0.1935187429,"a,e"
Beijing,Height,18,-0.1674517095,"a,e"
Guangzhou,Height,30,0.1217628866,"a,e"
Wuhan,Height,18,-0.2516155839,"a,e"
Shanghai,Height,9,-0.4079322815,"a,e"
Wuhan,Height,18,-0.1292627901,"a,e"
Wuhan,Height,24,0.1348918676,"a,e"
Shanghai,Height,12,-0.2124505043,"a,e"
Beijing,Height,9,-0.2643038034,"a,e"
Wuhan,Height,60,0.2690945268,"a,e"
Shanghai,Height,9,-0.2218857408,"a,e"
Shanghai,Height,21,-0.004151917063,"a,e"
Guangzhou,Height,12,-0.2220498472,"a,e"
Beijing,Height,15,-0.1791811585,"a,e"
Wuhan,Height,30,0.1174757108,"a,e"
Shanghai,Height,9,-0.4496389329,"a,e"
Shanghai,Height,18,-0.2779433727,"a,e"
Shanghai,Height,9,-0.3891852498,"a,e"
Wuhan,Height,12,-0.3339969516,"a,e"
Beijing,Height,9,-0.2693994045,"a,e"
Shanghai,Height,6,-0.1769101918,"a,e"
Shanghai,Height,9,-0.3591697216,"a,e"
Shanghai,Height,12,-0.3225081563,"a,e"
Beijing,Height,18,-0.2087601274,"a,e"
Shanghai,Height,18,-0.1819677651,"a,e"
Wuhan,Height,15,-0.03793055192,"a,e"
Guangzhou,Height,36,0.144485563,"a,e"
Wuhan,Height,36,0.1980214566,"a,e"
Guangzhou,Height,9,-0.3451509774,"a,e"
Shanghai,Height,9,-0.3526639938,"a,e"
Guangzhou,Height,18,-0.2218025029,"a,e"
Shanghai,Height,33,0.09856816381,"a,e"
Wuhan,Height,15,-0.1704157889,"a,e"
Beijing,Height,6,-0.2518060803,"a,e"
Shanghai,Height,18,-0.1223491058,"a,e"
Guangzhou,Height,27,0.3365472853,"a,e"
Wuhan,Height,18,-0.08167755604,"a,e"
Guangzhou,Height,15,-0.0827870667,"a,e"
Shanghai,Height,9,-0.3111133277,"a,e"
Beijing,Height,18,-0.1605786234,"a,e"
Shanghai,Height,12,-0.1792470366,"a,e"
Shanghai,Height,9,-0.3905727863,"a,e"
Shanghai,Height,21,-0.01606331393,"a,e"
Guangzhou,Height,15,-0.0148015609,"a,e"
Wuhan,Height,12,-0.2478264272,"a,e"
Guangzhou,Height,6,-0.4466235042,"a,e"
Shanghai,Height,18,-0.1348863989,"a,e"
Shanghai,Height,18,-0.2334550172,"a,e"
Wuhan,Height,32,0.2170118541,"a,e"
Guangzhou,Height,30,0.1877240688,"a,e"
Wuhan,Height,18,-0.08653691411,"a,e"
Beijing,Height,9,-0.3020997345,"a,e"
Shanghai,Height,18,-0.1674985141,"a,e"
Guangzhou,Height,9,-0.3800373077,"a,e"
Shanghai,Height,45,0.4179545343,"a,e"
Shanghai,Height,21,0.4415594637,"a,e"
Guangzhou,Height,9,-0.4095811546,"a,e"
Beijing,Height,18,-0.199684158,"a,e"
Guangzhou,Height,18,-0.03386008739,"a,e"
Shanghai,Height,9,-0.2602857649,"a,e"
Shanghai,Height,33,0.2975933254,"a,e"
Shanghai,Height,18,-0.06997253001,"a,e"
Shanghai,Height,15,-0.07477749139,"a,e"
Wuhan,Height,36,0.2842590511,"a,e"
Beijing,Height,18,-0.2027753592,"a,e"
Wuhan,Height,24,0.1680816561,"a,e"
Shanghai,Height,18,-0.1853007823,"a,e"
Wuhan,Height,24,0.1729702801,"a,e"
Shanghai,Height,36,0.4167718887,"a,e"
Shanghai,Height,18,-0.09689325839,"a,e"
Shanghai,Height,9,-0.3592603505,"a,e"
Wuhan,Height,18,-0.08039011061,"a,e"
Beijing,Height,36,0.1975291669,"a,e"
Guangzhou,Height,9,-0.429360956,"a,e"
Shanghai,Height,18,-0.121009551,"a,e"
Shanghai,Height,18,-0.08392148465,"a,e"
Guangzhou,Height,9,-0.4247009754,"a,e"
Shanghai,Height,9,-0.2100014538,"a,e"
Guangzhou,Height,30,0.06718461961,"a,e"
Shanghai,Height,18,-0.104337804,"a,e"
Shanghai,Height,18,-0.2189693153,"a,e"
Shanghai,Height,18,-0.1236297041,"a,e"
Shanghai,Height,9,-0.3269917369,"a,e"
Shanghai,Height,6,-0.3162333369,"a,e"
Wuhan,Height,36,0.1177573875,"a,e"
Shanghai,Height,18,-0.1562445313,"a,e"
Shanghai,Height,9,-0.3467439413,"a,e"
Shanghai,Height,9,-0.3730018437,"a,e"
Shanghai,Height,6,-0.1868644357,"a,e"
Wuhan,Height,81,0.9939914942,"a,e"
Shanghai,Height,12,-0.2637325227,"a,e"
Guangzhou,Height,9,-0.4101288319,"a,e"
Shanghai,Height,9,-0.3407929838,"a,e"
Shanghai,Height,18,-0.1843315959,"a,e"
Shanghai,Height,15,-0.2244831771,"a,e"
Shanghai,Height,18,-0.1889838278,"a,e"
Shanghai,Height,9,-0.3249017,"a,e"
Guangzhou,Height,21,0.07871758938,"a,e"
Guangzhou,Height,12,-0.3506586254,"a,e"
Beijing,Height,15,-0.09439949691,"a,e"
Wuhan,Height,9,-0.3610224724,"a,e"
Shanghai,Height,9,-0.3820936382,"a,e"
Wuhan,Height,12,-0.3040743172,"a,e"
Beijing,Height,30,0.08960051835,"a,e"
Shanghai,Height,18,-0.1558635235,"a,e"
Beijing,Height,21,0.0006798290415,"a,e"
Shanghai,Height,18,-0.2189238071,"a,e"
Guangzhou,Height,24,0.2093192935,"a,e"
Shanghai,Height,18,-0.07750526816,"a,e"
Shanghai,Height,12,-0.1402767599,"a,e"
Shanghai,Height,12,-0.1248671412,"a,e"
Beijing,Height,48,0.4104517102,"a,e"
Shanghai,Height,18,-0.07820503414,"a,e"
Shanghai,Height,15,-0.2105781734,"a,e"
Shanghai,Height,18,-0.165083766,"a,e"
Wuhan,Height,21,0.3685150146,"a,e"
Shanghai,Height,18,-0.1440817714,"a,e"
Wuhan,Height,12,-0.2299847454,"a,e"
Shanghai,Height,9,-0.32721439,"a,e"
Wuhan,Height,18,-0.1733941436,"a,e"
Shanghai,Height,18,-0.2402328849,"a,e"
Guangzhou,Height,12,-0.2204584926,"a,e"
Shanghai,Height,18,-0.03925559297,"a,e"
Shanghai,Height,12,-0.4255087674,"a,e"
Shanghai,Height,30,0.2342253178,"a,e"
Wuhan,Height,21,0.004093102645,"a,e"
Wuhan,Height,21,-0.1143316627,"a,e"
Shanghai,Height,6,-0.3918324113,"a,e"
Shanghai,Height,12,-0.1939368844,"a,e"
Shanghai,Height,21,0.2699645758,"a,e"
Shanghai,Height,15,-0.2292964309,"a,e"
Shanghai,Height,9,-0.3084622622,"a,e"
Shanghai,Height,33,0.3767151535,"a,e"
Shanghai,Height,18,-0.1012786552,"a,e"
Beijing,Height,18,-0.1434632838,"a,e"
Wuhan,Height,12,-0.1067660749,"a,e"
Shanghai,Height,18,-0.060351789,"a,e"
Beijing,Height,18,-0.1698628366,"a,e"
Guangzhou,Height,9,-0.3014314175,"a,e"
Shanghai,Height,15,-0.2356255949,"a,e"
Shanghai,Height,9,-0.3605133891,"a,e"
Shanghai,Height,6,-0.1871397495,"a,e"
Shanghai,Height,15,-0.07987657189,"a,e"
Shanghai,Height,9,-0.3218997717,"a,e"
Guangzhou,Height,30,0.3013806343,"a,e"
Shanghai,Height,9,-0.3603079915,"a,e"
Shanghai,Height,9,-0.4293818474,"a,e"
Shanghai,Height,9,-0.3947838247,"a,e"
Shanghai,Height,12,-0.172081545,"a,e"
Wuhan,Height,30,0.1914062798,"a,e"
Shanghai,Height,9,-0.3494476974,"a,e"
Beijing,Height,33,0.09819632769,"a,e"
Beijing,Height,12,-0.2372148931,"a,e"
Guangzhou,Height,15,-0.08529862761,"a,e"
Shanghai,Height,9,-0.3046834469,"a,e"
Wuhan,Height,9,-0.3694376945,"a,e"
Guangzhou,Height,24,0.3079275787,"a,e"
Beijing,Height,24,-0.03901271522,"a,e"
Shanghai,Height,15,-0.1394247711,"a,e"
Beijing,Height,18,-0.1628706753,"a,e"
Wuhan,Height,24,0.1961601526,"a,e"
Shanghai,Height,33,0.2551315129,"a,e"
Wuhan,Height,12,-0.2687600255,"a,e"
Guangzhou,Height,24,-0.003519321792,"a,e"
Wuhan,Height,9,-0.1863251925,"a,e"
Shanghai,Height,75,0.6121068597,"a,e"
Shanghai,Height,18,-0.186870724,"a,e"
Guangzhou,Height,48,0.2281254828,"a,e"
Shanghai,Height,12,-0.2839475274,"a,e"
Beijing,Height,30,0.1252624243,"a,e"
Shanghai,Height,24,0.1740629524,"a,e"
Shanghai,Height,18,-0.154875651,"a,e"
Wuhan,Height,33,0.1942787766,"a,e"
Shanghai,Height,21,-0.1149867252,"a,e"
Shanghai,Height,6,-0.2294501662,"a,e"
Wuhan,Height,15,-0.07137392461,"a,e"
Shanghai,Height,18,-0.1902692616,"a,e"
Wuhan,Height,15,-0.2566508651,"a,e"
Shanghai,Height,18,-0.1617821306,"a,e"
Wuhan,Height,21,0.04616219923,"a,e"
Shanghai,Height,21,0.1354049742,"a,e"
Beijing,Height,39,0.263677448,"a,e"
Shanghai,Height,12,-0.2538266182,"a,e"
Guangzhou,Height,9,-0.4673755169,"a,e"
Shanghai,Height,6,-0.132489264,"a,e"
Shanghai,Height,48,0.4886442125,"a,e"
Shanghai,Height,15,-0.08187016845,"a,e"
Wuhan,Height,18,-0.1547572017,"a,e"
Shanghai,Height,9,-0.3202451468,"a,e"
Shanghai,Height,39,0.2151136994,"a,e"
Shanghai,Height,21,0.2834536135,"a,e"
Beijing,Height,9,-0.3382345736,"a,e"
Shanghai,Height,21,-0.01918646321,"a,e"
Shanghai,Height,18,-0.1713647395,"a,e"
Shanghai,Height,42,0.3138128519,"a,e"
Shanghai,Height,18,0.005188770127,"a,e"
Shanghai,Height,9,-0.2934559286,"a,e"
Shanghai,Height,18,-0.1715335995,"a,e"
Beijing,Height,18,-0.03793649748,"a,e"
Shanghai,Height,12,-0.261601299,"a,e"
Shanghai,Height,18,-0.1578822732,"a,e"
Shanghai,Height,18,-0.2069191188,"a,e"
Wuhan,Height,9,-0.3447495997,"a,e"
Wuhan,Height,60,0.2958102524,"a,e"
Beijing,Height,24,0.1690775752,"a,e"
Wuhan,Height,69,0.1545940787,"a,e"
Wuhan,Height,39,0.1458605975,"a,e"
Shanghai,Height,9,-0.3214604855,"a,e"
Shanghai,Height,69,0.3881632686,"a,e"
Wuhan,Height,18,-0.1650440693,"a,e"
Wuhan,Height,9,-0.4686719477,"a,e"
Shanghai,Height,15,-0.1154137999,"a,e"
Beijing,Height,30,0.07207416743,"a,e"
Shanghai,Height,6,-0.3702673316,"a,e"
Wuhan,Height,9,-0.3157817125,"a,e"
Guangzhou,Height,15,0.1397893429,"a,e"
Shanghai,Height,6,-0.3848203123,"a,e"
Shanghai,Height,69,0.5126435161,"a,e"
Shanghai,Height,15,-0.1988052428,"a,e"
Shanghai,Height,9,-0.170601353,"a,e"
Shanghai,Height,24,0.111781314,"a,e"
Shanghai,Height,9,-0.3529862165,"a,e"
Beijing,Height,15,-0.2448807657,"a,e"
Beijing,Height,12,-0.2592300475,"a,e"
Shanghai,Height,30,0.1727808267,"a,e"
Shanghai,Height,60,0.422850579,"a,e"
Shanghai,Height,15,-0.060897246,"a,e"
Shanghai,Height,15,-0.1735719144,"a,e"
Beijing,Height,9,-0.2475006878,"a,e"
Beijing,Height,18,-0.2090243995,"a,e"
Shanghai,Height,9,-0.3183169961,"a,e"
Shanghai,Height,18,-0.09365681559,"a,e"
Wuhan,Height,18,-0.1933763623,"a,e"
Wuhan,Height,9,-0.4208500087,"a,e"
Guangzhou,Height,9,-0.3255170584,"a,e"
Shanghai,Height,18,-0.1549733579,"a,e"
Shanghai,Height,6,-0.174454689,"a,e"
Shanghai,Height,15,-0.109556295,"a,e"
Wuhan,Height,15,-0.2716609538,"a,e"
Wuhan,Height,18,-0.05619449541,"a,e"
Wuhan,Height,18,-0.2386225909,"a,e"
Shanghai,Height,57,0.4446958303,"a,e"
Shanghai,Height,18,-0.09610319138,"a,e"
Beijing,Height,9,-0.137847349,"a,e"
Shanghai,Height,18,-0.0574459359,"a,e"
Wuhan,Height,18,-0.08653230965,"a,e"
Shanghai,Height,18,-0.1203662679,"a,e"
Beijing,Height,18,-0.1693215072,"a,e"
Shanghai,Height,30,0.1882602125,"a,e"
Shanghai,Height,15,-0.2058708221,"a,e"
Shanghai,Height,15,-0.1430076361,"a,e"
Guangzhou,Height,27,0.1764419675,"a,e"
Shanghai,Height,18,-0.168708235,"a,e"
Shanghai,Height,33,0.1662932187,"a,e"
Guangzhou,Height,9,-0.417811662,"a,e"
Beijing,Height,15,-0.2251710594,"a,e"
Wuhan,Height,12,-0.1927738488,"a,e"
Shanghai,Height,33,0.1671352834,"a,e"
Wuhan,Height,15,-0.2488803416,"a,e"
Wuhan,Height,15,-0.1877271533,"a,e"
Shanghai,Height,18,-0.1820399463,"a,e"
Wuhan,Height,60,0.231060788,"a,e"
Guangzhou,Height,30,0.1495138258,"a,e"
Beijing,Height,15,-0.1650391817,"a,e"
Shanghai,Height,15,-0.189346984,"a,e"
Wuhan,Height,30,0.2669475377,"a,e"
Shanghai,Height,15,-0.09442093968,"a,e"
Wuhan,Height,15,-0.1142460927,"a,e"
Shanghai,Height,12,-0.2725450993,"a,e"
Guangzhou,Height,9,-0.414208293,"a,e"
Shanghai,Height,24,0.178255409,"a,e"
Shanghai,Height,18,-0.1367154717,"a,e"
Guangzhou,Height,9,-0.3833010793,"a,e"
Shanghai,Height,18,-0.1497903168,"a,e"
Wuhan,Height,18,-0.1240093857,"a,e"
Shanghai,Height,15,-0.02114436217,"a,e"
Beijing,Height,18,-0.2255949676,"a,e"
Beijing,Height,9,-0.3173628747,"a,e"
Guangzhou,Height,18,-0.03733487055,"a,e"
Shanghai,Height,15,-0.04596598074,"a,e"
Shanghai,Height,6,-0.1219393536,"a,e"
Shanghai,Height,18,-0.1730663925,"a,e"
Wuhan,Height,9,-0.3094115257,"a,e"
Beijing,Height,9,-0.245821625,"a,e"
Beijing,Height,27,0.06471342593,"a,e"
Shanghai,Height,9,-0.1918293238,"a,e"
Shanghai,Height,9,-0.2887238562,"a,e"
Shanghai,Height,15,-0.2112242579,"a,e"
Wuhan,Height,15,-0.175078392,"a,e"
Shanghai,Height,18,-0.02132737637,"a,e"
Shanghai,Height,6,-0.1549875438,"a,e"
Shanghai,Height,42,0.3827954829,"a,e"
Guangzhou,Height,18,-0.009832249023,"a,e"
Shanghai,Height,18,-0.04840102419,"a,e"
Wuhan,Height,18,-0.1323172748,"a,e"
Beijing,Height,54,0.3222622275,"a,e"
Shanghai,Height,15,-0.1669570804,"a,e"
Wuhan,Height,18,-0.2572014332,"a,e"
Guangzhou,Height,9,-0.4177768528,"a,e"
Guangzhou,Height,18,-0.1037912145,"a,e"
Shanghai,Height,18,-0.1261039972,"a,e"
Shanghai,Height,21,-0.07044198364,"a,e"
Shanghai,Height,18,-0.120509088,"a,e"
Beijing,Height,18,-0.1515743583,"a,e"
Wuhan,Height,9,-0.3092479408,"a,e"
Shanghai,Height,21,0.1444369853,"a,e"
Guangzhou,Height,9,-0.4559160471,"a,e"
Guangzhou,Height,9,-0.4145855308,"a,e"
Shanghai,Height,33,0.1577933282,"a,e"
Beijing,Height,6,-0.3618766665,"a,e"
Beijing,Height,9,-0.3499092162,"a,e"
Shanghai,Height,9,-0.3669677377,"a,e"
Shanghai,Height,18,-0.1879223287,"a,e"
Wuhan,Height,15,-0.1856758147,"a,e"
Shanghai,Height,21,-0.06727710366,"a,e"
Shanghai,Height,30,0.1815507412,"a,e"
Shanghai,Height,21,0.233495295,"a,e"
Wuhan,Height,15,-0.2028123736,"a,e"
Wuhan,Height,63,0.2809923291,"a,e"
Shanghai,Height,15,-0.1021635085,"a,e"
Shanghai,Height,42,0.2241854519,"a,e"
Wuhan,Height,51,0.2498183846,"a,e"
Shanghai,Height,18,-0.1128742918,"a,e"
Shanghai,Height,18,-0.1064284295,"a,e"
Wuhan,Height,18,-0.03398799151,"a,e"
Beijing,Height,12,-0.25252527,"a,e"
Shanghai,Height,33,0.1705414355,"a,e"
Wuhan,Height,18,-0.1879819483,"a,e"
Shanghai,Height,9,-0.2906317413,"a,e"
Shanghai,Height,18,-0.1819961518,"a,e"
Wuhan,Height,9,-0.295114994,"a,e"
Shanghai,Height,15,-0.1307485849,"a,e"
Beijing,Height,30,0.1118177846,"a,e"
Guangzhou,Height,9,-0.4654828608,"a,e"
Shanghai,Height,18,-0.1496670693,"a,e"
Beijing,Height,15,-0.2199597657,"a,e"
Wuhan,Height,45,0.2692489028,"a,e"
Beijing,Height,18,-0.1498136967,"a,e"
Shanghai,Height,6,-0.3597894013,"a,e"
Shanghai,Height,18,-0.1559774727,"a,e"
Guangzhou,Height,9,-0.4151009023,"a,e"
Guangzhou,Height,9,-0.3379565179,"a,e"
Shanghai,Height,18,-0.2512476742,"a,e"
Guangzhou,Height,24,0.1809652895,"a,e"
Shanghai,Height,18,-0.2018373162,"a,e"
Guangzhou,Height,21,0.0173200164,"a,e"
Wuhan,Height,18,-0.1245079115,"a,e"
Guangzhou,Height,9,-0.3559731543,"a,e"
Shanghai,Height,39,0.246880576,"a,e"
Shanghai,Height,12,-0.2384509891,"a,e"
Shanghai,Height,9,-0.3033948541,"a,e"
Wuhan,Height,9,-0.1538548321,"a,e"
Wuhan,Height,21,0.02424615808,"a,e"
Shanghai,Height,18,-0.1550027877,"a,e"
Shanghai,Height,18,-0.1042515188,"a,e"
Wuhan,Height,72,0.3547633886,"a,e"
Shanghai,Height,18,-0.1404376775,"a,e"
Shanghai,Height,12,-0.127835393,"a,e"
Guangzhou,Height,24,0.185236007,"a,e"
Beijing,Height,36,0.2622780502,"a,e"
Shanghai,Height,9,-0.2665240467,"a,e"
Guangzhou,Height,30,0.1959344894,"a,e"
Shanghai,Height,18,-0.1409433484,"a,e"
Shanghai,Height,18,-0.1146875396,"a,e"
Shanghai,Height,6,-0.1860968471,"a,e"
Shanghai,Height,9,-0.2534789145,"a,e"
Shanghai,Height,18,-0.006994378753,"a,e"
Beijing,Height,18,-0.06517788768,"a,e"
Beijing,Height,9,-0.3097480237,"a,e"
Shanghai,Height,30,0.1176168099,"a,e"
Shanghai,Height,9,-0.1127725318,"a,e"
Wuhan,Height,18,-0.1034121588,"a,e"
Shanghai,Height,9,-0.153420642,"a,e"
Shanghai,Height,18,-0.1206488535,"a,e"
Shanghai,Height,6,-0.1358433813,"a,e"
Beijing,Height,9,-0.2910245061,"a,e"
Shanghai,Height,12,-0.2768220901,"a,e"
Shanghai,Height,18,-0.162320137,"a,e"
Wuhan,Height,12,-0.1709725112,"a,e"
Beijing,Height,18,-0.1243020296,"a,e"
Shanghai,Height,12,-0.3357375264,"a,e"
Beijing,Height,15,-0.01233636867,"a,e"
Shanghai,Height,18,-0.07238750905,"a,e"
Shanghai,Height,18,-0.1510823369,"a,e"
Beijing,Height,36,0.04568682238,"a,e"
Shanghai,Height,18,-0.08521777391,"a,e"
Wuhan,Height,33,0.1064352691,"a,e"
Shanghai,Height,9,-0.3521746397,"a,e"
Shanghai,Height,66,0.5356354117,"a,e"
Beijing,Height,21,0.2207834721,"a,e"
Guangzhou,Height,12,-0.420660913,"a,e"
Shanghai,Height,18,-0.1497671753,"a,e"
Shanghai,Height,33,0.2313082516,"a,e"
Beijing,Height,15,-0.1039325893,"a,e"
Shanghai,Height,21,0.03330734745,"a,e"
Shanghai,Height,9,-0.3302772045,"a,e"
Shanghai,Height,18,-0.06997538358,"a,e"
Shanghai,Height,66,0.3383054137,"a,e"
Beijing,Height,18,-0.1865347922,"a,e"
Guangzhou,Height,15,-0.1287920028,"a,e"
Wuhan,Height,18,0.0680956617,"a,e"
Shanghai,Height,18,-0.06216120347,"a,e"
Shanghai,Height,18,-0.02924237773,"a,e"
Shanghai,Height,24,0.2370660901,"a,e"
Shanghai,Height,21,-0.07936736196,"a,e"
Wuhan,Height,18,-0.1837326884,"a,e"
Shanghai,Height,9,-0.4082799852,"a,e"
Shanghai,Height,18,-0.06414099783,"a,e"
Guangzhou,Height,9,-0.3762813509,"a,e"
Guangzhou,Height,24,0.2296447456,"a,e"
Guangzhou,Height,12,-0.2896407545,"a,e"
Beijing,Height,18,-0.103375718,"a,e"
Beijing,Height,72,0.4411669374,"a,e"
Shanghai,Height,30,0.2063641399,"a,e"
Shanghai,Height,6,-0.2280762047,"a,e"
Beijing,Height,12,-0.2054414153,"a,e"
Shanghai,Height,15,-0.2557113767,"a,e"
Wuhan,Height,21,-0.02113988437,"a,e"
Shanghai,Height,18,-0.2084421068,"a,e"
Shanghai,Height,18,-0.1810757369,"a,e"
Shanghai,Height,15,-0.05806434527,"a,e"
Beijing,Height,15,-0.1048323438,"a,e"
Wuhan,Height,12,-0.3917927444,"a,e"
Beijing,Height,12,-0.2305906564,"a,e"
Guangzhou,Height,36,0.1412235796,"a,e"
Shanghai,Height,24,0.245215565,"a,e"
Shanghai,Height,18,-0.04796492681,"a,e"
Shanghai,Height,18,-0.1147316694,"a,e"
Shanghai,Height,18,-0.2726452351,"a,e"
Shanghai,Height,21,0.08805090934,"a,e"
Shanghai,Height,15,-0.2133833319,"a,e"
Shanghai,Height,18,-0.05558440834,"a,e"
Guangzhou,Height,24,0.09969652444,"a,e"
Guangzhou,Height,15,-0.05140926689,"a,e"
Guangzhou,Height,9,-0.3990751505,"a,e"
Shanghai,Height,18,-0.2177993059,"a,e"
Shanghai,Height,18,-0.1165599599,"a,e"
Wuhan,Height,9,-0.3410441577,"a,e"
Shanghai,Height,24,0.1936920732,"a,e"
Shanghai,Height,33,0.1609971076,"a,e"
Wuhan,Height,24,0.184426263,"a,e"
Shanghai,Height,18,-0.212988466,"a,e"
Shanghai,Height,12,-0.2063507289,"a,e"
Beijing,Height,15,-0.1755197197,"a,e"
Shanghai,Height,33,0.2615891397,"a,e"
Wuhan,Height,18,-0.1901562214,"a,e"
Shanghai,Height,15,-0.1468891203,"a,e"
Wuhan,Height,18,-0.07653120905,"a,e"
Beijing,Height,27,0.1603380293,"a,e"
Shanghai,Height,18,-0.2131091952,"a,e"
Shanghai,Height,54,0.3690535426,"a,e"
Shanghai,Height,33,0.2744784057,"a,e"
Beijing,Height,9,-0.2134723514,"a,e"
Shanghai,Height,18,-0.1448742896,"a,e"
Beijing,Height,18,-0.1189124286,"a,e"
Beijing,Height,18,-0.1486013681,"a,e"
Shanghai,Height,18,-0.1171717793,"a,e"
Wuhan,Height,18,-0.1722188741,"a,e"
Shanghai,Height,18,-0.08506901562,"a,e"
Shanghai,Height,18,-0.1619757265,"a,e"
Shanghai,Height,15,-0.05902470648,"a,e"
Shanghai,Height,18,-0.1362946033,"a,e"
Shanghai,Height,30,0.2563675642,"a,e"
Beijing,Height,54,0.2536792159,"a,e"
Shanghai,Height,48,0.3644245267,"a,e"
Wuhan,Height,9,-0.266066432,"a,e"
Shanghai,Height,15,-0.1387352347,"a,e"
Guangzhou,Height,9,-0.3663629889,"a,e"
Shanghai,Height,33,0.4398216903,"a,e"
Wuhan,Height,9,-0.3507402241,"a,e"
Shanghai,Height,6,-0.2445930988,"a,e"
Shanghai,Height,18,-0.1876603812,"a,e"
Shanghai,Height,18,-0.1204360723,"a,e"
Beijing,Height,36,0.2713148594,"a,e"
Shanghai,Height,21,0.03332298249,"a,e"
Beijing,Height,9,-0.2644033134,"a,e"
Guangzhou,Height,12,-0.3107439578,"a,e"
Guangzhou,Height,15,-0.2127516717,"a,e"
Shanghai,Height,18,-0.1871442348,"a,e"
Shanghai,Height,18,-0.08254187554,"a,e"
Shanghai,Height,9,-0.3352811038,"a,e"
Shanghai,Height,18,-0.1307099462,"a,e"
Shanghai,Height,15,-0.1128511503,"a,e"
Shanghai,Height,15,-0.2076212764,"a,e"
Shanghai,Height,72,0.2657476962,"a,e"
Guangzhou,Height,9,-0.325794965,"a,e"
Shanghai,Height,15,-0.0577105619,"a,e"
Shanghai,Height,9,-0.1565199643,"a,e"
Shanghai,Height,33,0.1998301446,"a,e"
Shanghai,Height,48,0.4052613974,"a,e"
Shanghai,Height,9,-0.4608794451,"a,e"
Guangzhou,Height,9,-0.3642860651,"a,e"
Guangzhou,Height,9,-0.4090951383,"a,e"
Shanghai,Height,48,0.2802324295,"a,e"
Guangzhou,Height,9,-0.4404135942,"a,e"
Shanghai,Height,9,-0.320425123,"a,e"
Wuhan,Height,69,0.1364363581,"a,e"
Shanghai,Height,15,-0.1626007706,"a,e"
Beijing,Height,18,-0.1091477498,"a,e"
Shanghai,Height,6,-0.2188995928,"a,e"
Wuhan,Height,18,-0.09380969405,"a,e"
Wuhan,Height,15,-0.2671416104,"a,e"
Shanghai,Height,18,-0.06463737786,"a,e"
Beijing,Height,18,-0.127845183,"a,e"
Shanghai,Height,18,-0.1058179811,"a,e"
Beijing,Height,9,-0.1915502548,"a,e"
Beijing,Height,18,-0.2545509338,"a,e"
Wuhan,Height,21,-0.1149834245,"a,e"
Shanghai,Height,18,-0.08100776374,"a,e"
Shanghai,Height,9,-0.2849112451,"a,e"
Shanghai,Height,9,-0.3104582727,"a,e"
Shanghai,Height,9,-0.3918711543,"a,e"
Shanghai,Height,15,-0.2698653936,"a,e"
Wuhan,Height,21,-0.07126839459,"a,e"
Wuhan,Height,15,-0.2145723552,"a,e"
Shanghai,Height,18,-0.07538790256,"a,e"
Shanghai,Height,36,0.1792656928,"a,e"
Shanghai,Height,36,0.2337606698,"a,e"
Shanghai,Height,33,0.2777914107,"a,e"
Shanghai,Height,18,-0.06391961873,"a,e"
Shanghai,Height,21,-0.02158820257,"a,e"
Shanghai,Height,15,-0.1639712453,"a,e"
Wuhan,Height,18,-0.04515684769,"a,e"
Shanghai,Height,21,-0.04482132941,"a,e"
Beijing,Height,18,-0.2659853995,"a,e"
Shanghai,Height,6,-0.1946794391,"a,e"
Guangzhou,Height,18,-0.1460992694,"a,e"
Guangzhou,Height,9,-0.4487316012,"a,e"
Wuhan,Height,12,-0.1535808742,"a,e"
Shanghai,Height,9,-0.3696311116,"a,e"
Shanghai,Height,15,-0.06156928837,"a,e"
Beijing,Height,21,-0.1298571825,"a,e"
Wuhan,Height,18,-0.1339324564,"a,e"
Shanghai,Height,18,-0.1620538384,"a,e"
Wuhan,Height,36,0.1913541108,"a,e"
Shanghai,Height,9,-0.2270954847,"a,e"
Shanghai,Height,36,0.136357069,"a,e"
Shanghai,Height,18,-0.1846755445,"a,e"
Shanghai,Height,36,0.2354786694,"a,e"
Guangzhou,Height,9,-0.3809819818,"a,e"
Guangzhou,Height,9,-0.3491279483,"a,e"
Shanghai,Height,12,-0.159179613,"a,e"
Guangzhou,Height,12,-0.3219293356,"a,e"
Guangzhou,Height,9,-0.4088876247,"a,e"
Wuhan,Height,9,-0.3862352371,"a,e"
Shanghai,Height,36,0.3003507555,"a,e"
Shanghai,Height,18,-0.1098104417,"a,e"
Wuhan,Height,54,0.4009112418,"a,e"
Shanghai,Height,18,-0.1406929791,"a,e"
Shanghai,Height,18,-0.01981701888,"a,e"
Shanghai,Height,15,-0.1183450297,"a,e"
Beijing,Height,24,0.1195149571,"a,e"
Shanghai,Height,9,-0.2941940725,"a,e"
Beijing,Height,18,-0.1949266046,"a,e"
Wuhan,Height,24,0.1927101314,"a,e"
Shanghai,Height,15,-0.1378583014,"a,e"
Shanghai,Height,18,-0.2119329572,"a,e"
Shanghai,Height,9,-0.2875809968,"a,e"
Shanghai,Height,36,0.2801699042,"a,e"
Shanghai,Height,6,-0.400870502,"a,e"
Shanghai,Height,9,-0.3011179864,"a,e"
Shanghai,Height,21,-0.01914070919,"a,e"
Wuhan,Height,33,0.0887349695,"a,e"
Beijing,Height,15,-0.09949211031,"a,e"
Shanghai,Height,9,-0.3104483783,"a,e"
Beijing,Height,9,-0.3800913095,"a,e"
Shanghai,Height,9,-0.05785534158,"a,e"
Shanghai,Height,9,-0.3347676098,"a,e"
Shanghai,Height,6,-0.3779321611,"a,e"
Shanghai,Height,21,0.2776605785,"a,e"
Shanghai,Height,36,0.2783946097,"a,e"
Shanghai,Height,18,-0.1122293472,"a,e"
Beijing,Height,30,0.213430047,"a,e"
Wuhan,Height,9,-0.3351000249,"a,e"
Wuhan,Height,45,0.2773723304,"a,e"
Shanghai,Height,9,-0.395957768,"a,e"
Shanghai,Height,30,0.2106689215,"a,e"
Shanghai,Height,12,-0.3365203738,"a,e"
Shanghai,Height,9,-0.30248034,"a,e"
Shanghai,Height,9,-0.340880543,"a,e"
Shanghai,Height,21,0.02903559245,"a,e"
Wuhan,Height,9,-0.1818508953,"a,e"
Shanghai,Height,15,-0.09819298983,"a,e"
Shanghai,Height,15,-0.1890720725,"a,e"
Guangzhou,Height,24,0.1711356938,"a,e"
Beijing,Height,36,0.2700643837,"a,e"
Wuhan,Height,24,0.1384899169,"a,e"
Shanghai,Height,9,-0.2379670292,"a,e"
Shanghai,Height,15,-0.2414405346,"a,e"
Wuhan,Height,18,-0.1463042647,"a,e"
Guangzhou,Height,9,-0.3494015932,"a,e"
Wuhan,Height,15,-0.1773841679,"a,e"
Shanghai,Height,15,-0.06753122807,"a,e"
Guangzhou,Height,18,0.02260111272,"a,e"
Shanghai,Height,30,0.2154071629,"a,e"
Shanghai,Height,18,-0.06013033539,"a,e"
Shanghai,Height,9,-0.2559661269,"a,e"
Beijing,Height,30,0.1780048907,"a,e"
Shanghai,Height,9,-0.2745910287,"a,e"
Guangzhou,Height,9,-0.3839928508,"a,e"
Shanghai,Height,18,-0.2505309582,"a,e"
Beijing,Height,18,-0.1864608228,"a,e"
Shanghai,Height,18,-0.08330601454,"a,e"
Shanghai,Height,18,-0.2070818692,"a,e"
Shanghai,Height,21,-0.05816335976,"a,e"
Guangzhou,Height,24,0.1107647717,"a,e"
Wuhan,Height,24,0.3885855079,"a,e"
Shanghai,Height,18,-0.05896272138,"a,e"
Shanghai,Height,21,0.07388862222,"a,e"
Shanghai,Height,18,-0.1504087001,"a,e"
Shanghai,Height,27,0.301133275,"a,e"
Wuhan,Height,9,-0.373873502,"a,e"
Beijing,Height,30,0.06962987036,"a,e"
Shanghai,Height,18,-0.1706760079,"a,e"
Shanghai,Height,15,-0.1856924146,"a,e"
Beijing,Height,12,-0.1918248236,"a,e"
Shanghai,Height,9,-0.3361023664,"a,e"
Wuhan,Height,18,-0.01683783159,"a,e"
Shanghai,Height,18,-0.09611038864,"a,e"
Beijing,Height,66,0.4171545506,"a,e"
Shanghai,Height,9,-0.2554334998,"a,e"
Shanghai,Height,9,-0.2395692319,"a,e"
Wuhan,Height,9,-0.3913618624,"a,e"
Wuhan,Height,9,-0.3241924345,"a,e"
Shanghai,Height,18,-0.2648093998,"a,e"
Shanghai,Height,18,-0.1502432376,"a,e"
Wuhan,Height,9,-0.3274429739,"a,e"
Shanghai,Height,12,-0.1848303229,"a,e"
Wuhan,Height,9,-0.3581628501,"a,e"
Wuhan,Height,12,-0.3398605287,"a,e"
Shanghai,Height,18,-0.2487287819,"a,e"
Shanghai,Height,36,0.2786472738,"a,e"
Guangzhou,Height,21,-0.05022169277,"a,e"
Shanghai,Height,45,0.3372783363,"a,e"
Shanghai,Height,9,-0.3508341908,"a,e"
Shanghai,Height,9,-0.2841084898,"a,e"
Wuhan,Height,21,-0.09395508468,"a,e"
Shanghai,Height,18,-0.11330273,"a,e"
Shanghai,Height,18,-0.1592710465,"a,e"
Shanghai,Height,18,-0.1427352726,"a,e"
Shanghai,Height,9,-0.2324649245,"a,e"
Shanghai,Height,18,-0.1707521081,"a,e"
Shanghai,Height,21,0.1407487243,"a,e"
Guangzhou,Height,9,-0.4053944349,"a,e"
Shanghai,Height,21,-0.008371629752,"a,e"
Shanghai,Height,6,-0.1990015358,"a,e"
Guangzhou,Height,24,0.1514962465,"a,e"
Beijing,Height,21,-0.03293860704,"a,e"
Wuhan,Height,18,-0.1617326289,"a,e"
Shanghai,Height,21,0.08792234212,"a,e"
Shanghai,Height,18,-0.06635257602,"a,e"
Guangzhou,Height,18,0.02652257122,"a,e"
Shanghai,Height,15,-0.1806416363,"a,e"
Shanghai,Height,18,-0.1112546399,"a,e"
Shanghai,Height,9,-0.2778823078,"a,e"
Beijing,Height,9,-0.2514591217,"a,e"
Shanghai,Height,9,-0.3135999143,"a,e"
Shanghai,Height,18,-0.1647438854,"a,e"
Shanghai,Height,18,-0.2032766491,"a,e"
Beijing,Height,15,-0.09328208119,"a,e"
Shanghai,Height,18,-0.1621376425,"a,e"
Guangzhou,Height,15,-0.1462435424,"a,e"
Shanghai,Height,18,-0.03764557838,"a,e"
Shanghai,Height,33,0.2155198306,"a,e"
Shanghai,Height,9,-0.3321588635,"a,e"
Shanghai,Height,21,0.393393904,"a,e"
Shanghai,Height,36,0.2256472111,"a,e"
Wuhan,Height,18,-0.04470706731,"a,e"
Wuhan,Height,12,-0.1612972617,"a,e"
Wuhan,Height,9,-0.2552675307,"a,e"
Beijing,Height,12,-0.1681673527,"a,e"
Guangzhou,Height,15,-0.1261667013,"a,e"
Guangzhou,Height,9,-0.3940489888,"a,e"
Guangzhou,Height,18,-0.2032982409,"a,e"
Shanghai,Height,9,-0.330339998,"a,e"
Shanghai,Height,9,-0.1678004563,"a,e"
Guangzhou,Height,6,-0.3584194183,"a,e"
Shanghai,Height,18,-0.0684723109,"a,e"
Wuhan,Height,24,0.1294143647,"a,e"
Shanghai,Height,9,-0.3600063324,"a,e"
Wuhan,Height,18,-0.1925131977,"a,e"
Beijing,Height,18,-0.03866543248,"a,e"
Shanghai,Height,15,-0.1157396436,"a,e"
Shanghai,Height,69,0.4051239491,"a,e"
Shanghai,Height,18,-0.1847525537,"a,e"
Beijing,Height,30,0.2830510437,"a,e"
Wuhan,Height,15,-0.2075969428,"a,e"
Guangzhou,Height,12,-0.3167260885,"a,e"
Wuhan,Height,42,0.1722408682,"a,e"
Shanghai,Height,9,-0.1239804253,"a,e"
Guangzhou,Height,30,0.3315636516,"a,e"
Shanghai,Height,30,0.09936103225,"a,e"
Shanghai,Height,18,-0.1204385161,"a,e"
Wuhan,Height,24,0.1150377542,"a,e"
Wuhan,Height,21,-0.05272203684,"a,e"
Shanghai,Height,9,-0.3523768783,"a,e"
Beijing,Height,12,-0.2449370623,"a,e"
Shanghai,Height,33,0.2967842817,"a,e"
Shanghai,Height,33,0.1852610856,"a,e"
Shanghai,Height,18,-0.1712469757,"a,e"
Shanghai,Height,39,0.3505957425,"a,e"
Shanghai,Height,18,-0.133947134,"a,e"
Shanghai,Height,18,-0.2143853307,"a,e"
Shanghai,Height,21,-0.1006109938,"a,e"
Wuhan,Height,15,-0.2066287994,"a,e"
Wuhan,Height,12,-0.2104329914,"a,e"
Wuhan,Height,24,0.2609687746,"a,e"
Shanghai,Height,18,-0.1315170825,"a,e"
Shanghai,Height,9,-0.327170819,"a,e"
Shanghai,Height,33,0.2326874435,"a,e"
Shanghai,Height,18,-0.2249433398,"a,e"
Beijing,Height,9,-0.2805609405,"a,e"
Shanghai,Height,15,-0.1098134294,"a,e"
Wuhan,Height,15,-0.06462597102,"a,e"
Shanghai,Height,54,0.3396520615,"a,e"
Shanghai,Height,6,-0.3992654979,"a,e"
Guangzhou,Height,27,0.1445732117,"a,e"
Shanghai,Height,12,-0.3023173809,"a,e"
Beijing,Height,9,-0.3312176764,"a,e"
Beijing,Height,6,-0.2475467771,"a,e"
Shanghai,Height,36,0.162825793,"a,e"
Shanghai,Height,6,-0.2558125854,"a,e"
Shanghai,Height,15,-0.1721652299,"a,e"
Guangzhou,Height,9,-0.3910643756,"a,e"
Shanghai,Height,18,-0.1641516387,"a,e"
Wuhan,Height,15,-0.1942883283,"a,e"
Shanghai,Height,9,-0.2742741704,"a,e"
Shanghai,Height,48,0.422093749,"a,e"
Shanghai,Height,42,0.3354407549,"a,e"
Shanghai,Height,21,0.4125408232,"a,e"
Wuhan,Height,12,-0.2254308313,"a,e"
Shanghai,Height,15,-0.1138315126,"a,e"
Beijing,Height,15,-0.1365124583,"a,e"
Beijing,Height,18,-0.2601495683,"a,e"
Beijing,Height,9,-0.3258832097,"a,e"
Shanghai,Height,15,-0.1931323707,"a,e"
Shanghai,Height,9,-0.3199267089,"a,e"
Shanghai,Height,12,-0.2669457197,"a,e"
Shanghai,Height,18,-0.2538620532,"a,e"
Shanghai,Height,60,0.2407014221,"a,e"
Shanghai,Height,18,-0.04184088483,"a,e"
Shanghai,Height,15,-0.1574717313,"a,e"
Shanghai,Height,27,0.04074513912,"a,e"
Shanghai,Height,33,0.5145448446,"a,e"
Shanghai,Height,18,-0.186871469,"a,e"
Shanghai,Height,15,-0.08305282891,"a,e"
Shanghai,Height,18,-0.09183296561,"a,e"
Beijing,Height,9,-0.3006923795,"a,e"
Shanghai,Height,12,-0.2423363924,"a,e"
Shanghai,Height,15,-0.1373236477,"a,e"
Guangzhou,Height,9,-0.4399835765,"a,e"
Shanghai,Height,15,-0.1627093703,"a,e"
Shanghai,Height,9,-0.2044263184,"a,e"
Beijing,Height,12,-0.2042918503,"a,e"
Beijing,Height,21,-0.01457028929,"a,e"
Beijing,Height,24,0.08882589638,"a,e"
Wuhan,Height,15,-0.1042083874,"a,e"
Shanghai,Height,45,0.2472832352,"a,e"
Shanghai,Height,18,-0.1955175102,"a,e"
Shanghai,Height,9,-0.3355457485,"a,e"
Beijing,Height,48,0.230807364,"a,e"
Shanghai,Height,9,-0.4401780367,"a,e"
Wuhan,Height,33,0.1617330164,"a,e"
Guangzhou,Height,18,-0.07297152281,"a,e"
Beijing,Height,9,-0.2307625413,"a,e"
Wuhan,Height,24,0.1640272141,"a,e"
Wuhan,Height,69,0.3423030078,"a,e"
Shanghai,Height,21,-0.01634156704,"a,e"
Shanghai,Height,18,-0.06313107163,"a,e"
Shanghai,Height,9,-0.2497363389,"a,e"
Beijing,Height,24,0.1187209785,"a,e"
Shanghai,Height,8,-0.3481995165,"a,e"
Shanghai,Height,15,-0.1635770053,"a,e"
Wuhan,Height,21,0.2150554955,"a,e"
Shanghai,Height,6,-0.1837784052,"a,e"
Beijing,Height,33,0.1153487936,"a,e"
Shanghai,Height,18,-0.1547290832,"a,e"
Shanghai,Height,27,0.0120228231,"a,e"
Shanghai,Height,12,-0.1946754158,"a,e"
Guangzhou,Height,66,0.2075099051,"a,e"
Shanghai,Height,9,-0.3031229377,"a,e"
Wuhan,Height,18,-0.06915338337,"a,e"
Shanghai,Height,9,-0.3424755037,"a,e"
Shanghai,Height,18,-0.04976927862,"a,e"
Shanghai,Height,18,-0.2010312229,"a,e"
Shanghai,Height,9,-0.3705372214,"a,e"
Shanghai,Height,15,-0.05234892666,"a,e"
Wuhan,Height,18,-0.1566487998,"a,e"
Wuhan,Height,15,-0.1952847242,"a,e"
Guangzhou,Height,42,0.1462578773,"a,e"
Wuhan,Height,18,-0.0487918146,"a,e"
Wuhan,Height,6,-0.3843104243,"a,e"
Beijing,Height,9,-0.343945682,"a,e"
Guangzhou,Height,9,-0.432610482,"a,e"
Shanghai,Height,15,-0.09753834456,"a,e"
Shanghai,Height,15,-0.1564772129,"a,e"
Shanghai,Height,6,-0.3486683667,"a,e"
Shanghai,Height,9,-0.3719026744,"a,e"
Shanghai,Height,6,-0.2916630805,"a,e"
Shanghai,Height,15,-0.09151493758,"a,e"
Wuhan,Height,54,0.3839065731,"a,e"
Guangzhou,Height,9,-0.386231035,"a,e"
Shanghai,Height,18,-0.148992151,"a,e"
Wuhan,Height,12,-0.2070251107,"a,e"
Shanghai,Height,18,-0.1154306605,"a,e"
Shanghai,Height,18,-0.2142942846,"a,e"
Shanghai,Height,21,-0.04416473582,"a,e"
Shanghai,Height,54,0.4379140735,"a,e"
Shanghai,Height,18,-0.1947895885,"a,e"
Shanghai,Height,18,-0.1748963296,"a,e"
Wuhan,Height,9,-0.2296665609,"a,e"
Shanghai,Height,18,-0.1046334878,"a,e"
Wuhan,Height,15,-0.2195002437,"a,e"
Shanghai,Height,33,0.2432832569,"a,e"
Beijing,Height,15,-0.1817655265,"a,e"
Guangzhou,Height,15,-0.1576083899,"a,e"
Wuhan,Height,15,-0.138437137,"a,e"
Shanghai,Height,18,-0.1515408754,"a,e"
Guangzhou,Height,9,-0.4125397205,"a,e"
Shanghai,Height,66,0.603132844,"a,e"
Shanghai,Height,12,-0.2156281471,"a,e"
Guangzhou,Height,24,0.1571169347,"a,e"
Shanghai,Height,48,0.5895761251,"a,e"
Shanghai,Height,18,-0.1970594227,"a,e"
Wuhan,Height,21,-0.09890910238,"a,e"
Wuhan,Height,12,-0.1623640209,"a,e"
Shanghai,Height,18,-0.07209088653,"a,e"
Shanghai,Height,15,-0.1361389756,"a,e"
Shanghai,Height,24,0.09794397652,"a,e"
Shanghai,Height,6,-0.1549904346,"a,e"
Shanghai,Height,12,-0.2536146343,"a,e"
Shanghai,Height,21,0.4602128863,"a,e"
Wuhan,Height,21,-0.009409583174,"a,e"
Shanghai,Height,66,0.3898847401,"a,e"
Wuhan,Height,18,-0.1816938818,"a,e"
Shanghai,Height,6,-0.1915994883,"a,e"
Wuhan,Height,18,-0.1844156384,"a,e"
Shanghai,Height,18,-0.1525569856,"a,e"
Guangzhou,Height,15,-0.1350844949,"a,e"
Beijing,Height,18,-0.2017759383,"a,e"
Shanghai,Height,6,-0.3401946425,"a,e"
Shanghai,Height,18,-0.1684970856,"a,e"
Shanghai,Height,18,-0.2191244066,"a,e"
Shanghai,Height,9,-0.2631907761,"a,e"
Shanghai,Height,18,-0.1112210676,"a,e"
Shanghai,Height,21,-0.02083163895,"a,e"
Shanghai,Height,9,-0.2605938911,"a,e"
Beijing,Height,18,-0.1767438799,"a,e"
Wuhan,Height,24,0.07504169643,"a,e"
Shanghai,Height,30,0.2025254369,"a,e"
Wuhan,Height,9,-0.3564167321,"a,e"
Shanghai,Height,9,-0.2663274407,"a,e"
Shanghai,Height,9,-0.4762122035,"a,e"
Shanghai,Height,30,0.2440304905,"a,e"
Shanghai,Height,9,-0.2920890152,"a,e"
Beijing,Height,36,0.189214468,"a,e"
Wuhan,Height,12,-0.1819875836,"a,e"
Shanghai,Height,18,-0.1955921054,"a,e"
Shanghai,Height,18,-0.1321582943,"a,e"
Shanghai,Height,30,0.4408230782,"a,e"
Wuhan,Height,12,-0.1664343625,"a,e"
Guangzhou,Height,30,0.2170269191,"a,e"
Beijing,Height,15,-0.05277092382,"a,e"
Shanghai,Height,54,0.3202493191,"a,e"
Wuhan,Height,12,-0.3424277604,"a,e"
Wuhan,Height,9,-0.3013801873,"a,e"
Shanghai,Height,18,-0.0608192645,"a,e"
Shanghai,Height,24,0.2139225453,"a,e"
Guangzhou,Height,9,-0.3892098367,"a,e"
Guangzhou,Height,24,0.3660457134,"a,e"
Shanghai,Height,18,-0.03881261125,"a,e"
Wuhan,Height,30,0.3871713579,"a,e"
Shanghai,Height,12,-0.2182843089,"a,e"
Wuhan,Height,15,-0.1873548031,"a,e"
Shanghai,Height,15,-0.1738852262,"a,e"
Shanghai,Height,33,0.2528186738,"a,e"
Guangzhou,Height,24,0.1804207116,"a,e"
Wuhan,Height,18,-0.1941575855,"a,e"
Shanghai,Height,18,-0.1513478756,"a,e"
Guangzhou,Height,9,-0.3955841064,"a,e"
Guangzhou,Height,9,-0.4459343255,"a,e"
Guangzhou,Height,9,-0.388287127,"a,e"
Shanghai,Height,18,-0.1273609698,"a,e"
Beijing,Height,30,0.2192775458,"a,e"
Guangzhou,Height,15,-0.03839220107,"a,e"
Shanghai,Height,18,-0.09573325515,"a,e"
Shanghai,Height,18,-0.1636993438,"a,e"
Shanghai,Height,18,-0.1066694185,"a,e"
Wuhan,Height,39,0.3053183258,"a,e"
Shanghai,Height,9,-0.4396163821,"a,e"
Shanghai,Height,15,-0.1939659864,"a,e"
Shanghai,Height,18,-0.1932504177,"a,e"
Shanghai,Height,15,-0.1238841265,"a,e"
Guangzhou,Height,9,-0.3465580642,"a,e"
Guangzhou,Height,9,-0.3551538587,"a,e"
Wuhan,Height,21,0.04317251593,"a,e"
Shanghai,Height,18,-0.1691569239,"a,e"
Shanghai,Height,18,-0.1762977093,"a,e"
Shanghai,Height,15,-0.1363066584,"a,e"
Wuhan,Height,15,-0.06349560618,"a,e"
Shanghai,Height,15,-0.1783620417,"a,e"
Shanghai,Height,18,-0.1089722812,"a,e"
Guangzhou,Height,9,-0.4217073023,"a,e"
Shanghai,Height,48,0.2557253838,"a,e"
Shanghai,Height,30,0.2033929825,"a,e"
Shanghai,Height,18,-0.2096353471,"a,e"
Shanghai,Height,18,-0.1777766943,"a,e"
Shanghai,Height,9,-0.3621996641,"a,e"
Shanghai,Height,15,-0.07328543067,"a,e"
Wuhan,Height,30,0.2791908085,"a,e"
Shanghai,Height,18,-0.006592948455,"a,e"
Shanghai,Height,18,-0.1130299643,"a,e"
Shanghai,Height,30,0.2022214681,"a,e"
Beijing,Height,9,-0.4091740549,"a,e"
Wuhan,Height,12,-0.03963871673,"a,e"
Shanghai,Height,18,-0.1470182687,"a,e"
Shanghai,Height,18,-0.1170333847,"a,e"
Shanghai,Height,15,-0.06071287021,"a,e"
Shanghai,Height,18,-0.1517045349,"a,e"
Shanghai,Height,9,-0.3257302642,"a,e"
Beijing,Height,9,-0.3859044909,"a,e"
Shanghai,Height,18,-0.1785516292,"a,e"
Shanghai,Height,9,-0.3201376796,"a,e"
Beijing,Height,9,-0.3421239853,"a,e"
Beijing,Height,39,0.1898107231,"a,e"
Beijing,Height,54,0.2781217992,"a,e"
Beijing,Height,30,0.1988296509,"a,e"
Shanghai,Height,18,-0.1425431371,"a,e"
Shanghai,Height,15,-0.1324689835,"a,e"
Wuhan,Height,30,0.2936375141,"a,e"
Shanghai,Height,18,-0.1293450743,"a,e"
Guangzhou,Height,9,-0.3856805265,"a,e"
Shanghai,Height,18,-0.07414389402,"a,e"
Shanghai,Height,24,-0.004757856019,"a,e"
Shanghai,Height,15,-0.05055452138,"a,e"
Wuhan,Height,12,-0.2190099955,"a,e"
Guangzhou,Height,30,0.2724486887,"a,e"
Wuhan,Height,45,0.4121302962,"a,e"
Beijing,Height,36,0.2595232427,"a,e"
Guangzhou,Height,21,-0.05922640488,"a,e"
Shanghai,Height,15,-0.1921996921,"a,e"
Beijing,Height,18,-0.07510867715,"a,e"
Beijing,Height,30,0.008312171325,"a,e"
Guangzhou,Height,18,-0.08084359765,"a,e"
Beijing,Height,15,-0.1741762012,"a,e"
Shanghai,Height,6,-0.1647356451,"a,e"
Shanghai,Height,42,0.2987527847,"a,e"
Guangzhou,Height,9,-0.4442340732,"a,e"
Wuhan,Height,30,0.174509719,"a,e"
Shanghai,Height,12,-0.112119019,"a,e"
Shanghai,Height,9,-0.3926045001,"a,e"
Guangzhou,Height,30,0.1557546556,"a,e"
Shanghai,Height,21,-0.02032762021,"a,e"
Beijing,Height,9,-0.3421846926,"a,e"
Shanghai,Height,18,-0.2197900563,"a,e"
Guangzhou,Height,9,-0.4237704575,"a,e"
Wuhan,Height,15,-0.2122909129,"a,e"
Wuhan,Height,15,-0.08933699876,"a,e"
Shanghai,Height,30,0.2587049901,"a,e"
Shanghai,Height,15,-0.1629967541,"a,e"
Beijing,Height,30,0.07259245217,"a,e"
Shanghai,Height,18,-0.1320776045,"a,e"
Shanghai,Height,24,0.167143926,"a,e"
Wuhan,Height,21,-0.0411708504,"a,e"
Wuhan,Height,21,0.004513173364,"a,e"
Shanghai,Height,21,-0.01774989441,"a,e"
Guangzhou,Height,15,-0.1917056441,"a,e"
Shanghai,Height,9,-0.3447958529,"a,e"
Shanghai,Height,18,-0.207740128,"a,e"
Shanghai,Height,33,0.2413311005,"a,e"
Guangzhou,Height,9,-0.4360258281,"a,e"
Beijing,Height,18,-0.1318418533,"a,e"
Wuhan,Height,30,0.1373504251,"a,e"
Wuhan,Height,18,-0.0835051313,"a,e"
Shanghai,Height,12,-0.2184855938,"a,e"
Shanghai,Height,12,-0.2576987147,"a,e"
Shanghai,Height,18,-0.1532536745,"a,e"
Beijing,Height,24,0.03699511662,"a,e"
Wuhan,Height,18,-0.1542948335,"a,e"
Shanghai,Height,9,-0.2869451642,"a,e"
Shanghai,Height,18,-0.2003630847,"a,e"
Shanghai,Height,9,-0.3449860811,"a,e"
Shanghai,Height,15,-0.1778502166,"a,e"
Guangzhou,Height,9,-0.3876739144,"a,e"
Beijing,Height,9,-0.4108230174,"a,e"
Beijing,Height,18,-0.02251061983,"a,e"
Shanghai,Height,18,-0.04820428416,"a,e"
Shanghai,Height,6,-0.3161374331,"a,e"
Wuhan,Height,18,-0.1924627274,"a,e"
Beijing,Height,36,0.3350752294,"a,e"
Beijing,Height,9,-0.5045360327,"a,e"
Wuhan,Height,24,0.04943043739,"a,e"
Shanghai,Height,15,-0.1702486575,"a,e"
Guangzhou,Height,9,-0.4555425346,"a,e"
Shanghai,Height,9,-0.3596704006,"a,e"
Shanghai,Height,9,-0.2856811583,"a,e"
Shanghai,Height,18,-0.1607359648,"a,e"
Shanghai,Height,36,0.2537665665,"a,e"
Wuhan,Height,15,-0.03465274721,"a,e"
Wuhan,Height,15,-0.1494855732,"a,e"
Beijing,Height,9,-0.3435637355,"a,e"
Shanghai,Height,48,0.3806812465,"a,e"
Shanghai,Height,18,-0.08318083733,"a,e"
Shanghai,Height,33,0.2120907605,"a,e"
Wuhan,Height,24,0.1755118221,"a,e"
Guangzhou,Height,9,-0.4243217111,"a,e"
Shanghai,Height,18,-0.111602813,"a,e"
Shanghai,Height,75,0.3833489716,"a,e"
Shanghai,Height,33,0.4262643456,"a,e"
Shanghai,Height,18,-0.182272613,"a,e"
Beijing,Height,9,-0.2280062735,"a,e"
Beijing,Height,15,-0.3270290494,"a,e"
Shanghai,Height,9,-0.2598181367,"a,e"
Shanghai,Height,33,0.1850003749,"a,e"
Shanghai,Height,9,-0.4377209544,"a,e"
Shanghai,Height,9,-0.4458835721,"a,e"
Shanghai,Height,18,-0.1148039326,"a,e"
Shanghai,Height,18,-0.124638699,"a,e"
Wuhan,Height,75,0.360085696,"a,e"
Wuhan,Height,21,-0.1038465649,"a,e"
Beijing,Height,18,-0.07812347263,"a,e"
Guangzhou,Height,9,-0.4831906855,"a,e"
Guangzhou,Height,9,-0.5026375651,"a,e"
Shanghai,Height,18,-0.1751880944,"a,e"
Shanghai,Height,18,-0.08672469854,"a,e"
Wuhan,Height,48,0.3700903952,"a,e"
Guangzhou,Height,9,-0.3936180472,"a,e"
Wuhan,Height,9,-0.3679640293,"a,e"
Shanghai,Height,18,-0.2360093743,"a,e"
Shanghai,Height,33,0.2660263777,"a,e"
Shanghai,Height,6,-0.3886895776,"a,e"
Shanghai,Height,15,-0.1009343266,"a,e"
Shanghai,Height,15,-0.0099010868,"a,e"
Shanghai,Height,18,-0.1493685395,"a,e"
Shanghai,Height,42,0.2922875881,"a,e"
Shanghai,Height,15,-0.132676512,"a,e"
Shanghai,Height,18,-0.1096408442,"a,e"
Shanghai,Height,18,-0.1865568608,"a,e"
Shanghai,Height,18,-0.1302427948,"a,e"
Beijing,Height,9,-0.2419279814,"a,e"
Wuhan,Height,15,-0.3498638868,"a,e"
Shanghai,Height,15,-0.1378058344,"a,e"
Shanghai,Height,18,-0.1143714488,"a,e"
Shanghai,Height,18,-0.1165629476,"a,e"
Shanghai,Height,18,-0.07566544414,"a,e"
Wuhan,Height,18,-0.134602949,"a,e"
Shanghai,Height,39,0.3509601057,"a,e"
Shanghai,Height,9,-0.3409602344,"a,e"
Wuhan,Height,15,-0.05945221335,"a,e"
Shanghai,Height,9,-0.5501570702,"a,e"
Guangzhou,Height,12,-0.3332240283,"a,e"
Wuhan,Height,18,-0.06969309598,"a,e"
Shanghai,Height,18,-0.0002892906778,"a,e"
Guangzhou,Height,9,-0.3799207807,"a,e"
Wuhan,Height,36,0.2291719615,"a,e"
Beijing,Height,15,-0.1147234514,"a,e"
Guangzhou,Height,30,0.3798330426,"a,e"
Guangzhou,Height,9,-0.4563429058,"a,e"
Guangzhou,Height,9,-0.3532369733,"a,e"
Shanghai,Height,42,0.1512612998,"a,e"
Shanghai,Height,6,-0.317825079,"a,e"
Guangzhou,Height,18,-0.04605403543,"a,e"
Wuhan,Height,9,-0.2774017453,"a,e"
Wuhan,Height,12,-0.3909095824,"a,e"
Shanghai,Height,15,-0.1354164928,"a,e"
Beijing,Height,9,-0.2367256433,"a,e"
Beijing,Height,24,0.01455392223,"a,e"
Beijing,Height,18,-0.1178518236,"a,e"
Shanghai,Height,18,-0.06687303632,"a,e"
Guangzhou,Height,9,-0.437351495,"a,e"
Beijing,Height,66,0.1856210083,"a,e"
Wuhan,Height,30,0.01166214049,"a,e"
Guangzhou,Height,9,-0.38574031,"a,e"
Wuhan,Height,18,-0.1210029721,"a,e"
Shanghai,Height,9,-0.3623815179,"a,e"
Shanghai,Height,15,-0.12440148,"a,e"
Guangzhou,Height,32,0.1974784285,"a,e"
Shanghai,Height,33,0.2228437662,"a,e"
Wuhan,Height,18,-0.1794145107,"a,e"
Shanghai,Height,18,-0.07647171617,"a,e"
Beijing,Height,36,0.2341525257,"a,e"
Shanghai,Height,66,0.385676831,"a,e"
Shanghai,Height,12,-0.2292021364,"a,e"
Shanghai,Height,18,-0.1501253694,"a,e"
Wuhan,Height,12,-0.2043879181,"a,e"
Guangzhou,Height,18,0.04723453149,"a,e"
Shanghai,Height,9,-0.3630515337,"a,e"
Wuhan,Height,18,-0.09019781649,"a,e"
Guangzhou,Height,9,-0.3507360518,"a,e"
Shanghai,Height,9,-0.2748946249,"a,e"
Beijing,Height,51,0.2884657979,"a,e"
Shanghai,Height,15,-0.172374621,"a,e"
Wuhan,Height,9,-0.3144843876,"a,e"
Shanghai,Height,27,0.149754554,"a,e"
Wuhan,Height,9,-0.3545425236,"a,e"
Shanghai,Height,9,-0.179931432,"a,e"
Shanghai,Height,18,-0.1396001279,"a,e"
Wuhan,Height,24,0.1655558497,"a,e"
Guangzhou,Height,9,-0.4400360584,"a,e"
Shanghai,Height,21,-0.03568548709,"a,e"
Shanghai,Height,9,-0.2062713057,"a,e"
Shanghai,Height,12,-0.2451928407,"a,e"
Shanghai,Height,21,-0.001176359598,"a,e"
Shanghai,Height,18,-0.1314055622,"a,e"
Shanghai,Height,51,0.3319871426,"a,e"
Shanghai,Height,15,-0.0461230725,"a,e"
Wuhan,Height,18,-0.2160054743,"a,e"
Wuhan,Height,21,0.04272700846,"a,e"
Shanghai,Height,9,-0.2917743027,"a,e"
Shanghai,Height,9,-0.2249362767,"a,e"
Shanghai,Height,9,-0.339751631,"a,e"
Shanghai,Height,18,-0.1019268185,"a,e"
Wuhan,Height,15,-0.1723523587,"a,e"
Shanghai,Height,18,-0.1918111295,"a,e"
Guangzhou,Height,18,-0.07580284774,"a,e"
Shanghai,Height,18,-0.06145939603,"a,e"
Wuhan,Height,15,-0.09906511009,"a,e"
Guangzhou,Height,15,-0.1007150188,"a,e"
Shanghai,Height,18,-0.08424065262,"a,e"
Shanghai,Height,18,-0.1831419915,"a,e"
Beijing,Height,21,-0.1593189389,"a,e"
Shanghai,Height,9,-0.4070190787,"a,e"
Shanghai,Height,15,-0.06795922667,"a,e"
Wuhan,Height,18,-0.1742340177,"a,e"
Wuhan,Height,12,-0.231608659,"a,e"
Shanghai,Height,18,-0.1327740848,"a,e"
Shanghai,Height,6,-0.2307428867,"a,e"
Beijing,Height,33,0.1866778582,"a,e"
Beijing,Height,9,-0.297891289,"a,e"
Wuhan,Height,15,-0.1906204224,"a,e"
Wuhan,Height,48,0.3677347898,"a,e"
Beijing,Height,30,0.1001628563,"a,e"
Shanghai,Height,27,0.2232767791,"a,e"
Shanghai,Height,18,-0.1447298229,"a,e"
Wuhan,Height,75,0.4126318693,"a,e"
Shanghai,Height,18,-0.09596288204,"a,e"
Wuhan,Height,27,0.3336319625,"a,e"
Shanghai,Height,12,-0.1442032456,"a,e"
Wuhan,Height,15,-0.2440119684,"a,e"
Shanghai,Height,18,-0.1578640491,"a,e"
Wuhan,Height,24,0.0973566398,"a,e"
Shanghai,Height,9,-0.4395390451,"a,e"
Shanghai,Height,15,-0.1307290345,"a,e"
Shanghai,Height,15,-0.1756257415,"a,e"
Wuhan,Height,18,-0.1634049565,"a,e"
Shanghai,Height,9,-0.330339998,"a,e"
Wuhan,Height,30,0.1365640014,"a,e"
Beijing,Height,18,-0.2578626871,"a,e"
Shanghai,Height,12,-0.200383395,"a,e"
Shanghai,Height,9,-0.3369898498,"a,e"
Guangzhou,Height,24,0.189006716,"a,e"
Shanghai,Height,18,-0.1323170364,"a,e"
Shanghai,Height,9,-0.3015373945,"a,e"
Beijing,Height,12,-0.3176316917,"a,e"
Shanghai,Height,39,0.2899332047,"a,e"
Shanghai,Height,18,-0.1245976463,"a,e"
Wuhan,Height,15,-0.1416715086,"a,e"
Shanghai,Height,15,-0.2761762738,"a,e"
Shanghai,Height,9,-0.2886134386,"a,e"
Shanghai,Height,18,-0.2439679205,"a,e"
Shanghai,Height,18,-0.1766327471,"a,e"
Shanghai,Height,18,-0.1871274561,"a,e"
Guangzhou,Height,12,-0.3432306349,"a,e"
Guangzhou,Height,30,0.3380862176,"a,e"
Shanghai,Height,15,-0.09078229219,"a,e"
Wuhan,Height,18,-0.07291711867,"a,e"
Shanghai,Height,15,-0.1687171757,"a,e"
Shanghai,Height,9,-0.3258446455,"a,e"
Wuhan,Height,18,-0.2174045742,"a,e"
Guangzhou,Height,15,-0.09928298742,"a,e"
Shanghai,Height,9,-0.3305172324,"a,e"
Wuhan,Height,15,-0.1118455157,"a,e"
Shanghai,Height,9,-0.2424506098,"a,e"
Shanghai,Height,18,-0.1750265509,"a,e"
Beijing,Height,9,-0.2897113562,"a,e"
Wuhan,Height,24,0.1172012314,"a,e"
Shanghai,Height,9,-0.2958199382,"a,e"
Shanghai,Height,18,-0.2045898288,"a,e"
Wuhan,Height,15,-0.07871458679,"a,e"
Shanghai,Height,18,-0.1538595408,"a,e"
Wuhan,Height,18,-0.06505132467,"a,e"
Shanghai,Height,9,-0.4173790514,"a,e"
Beijing,Height,12,-0.2186552435,"a,e"
Beijing,Height,12,-0.3165472746,"a,e"
Shanghai,Height,18,-0.03705834597,"a,e"
Beijing,Height,18,-0.1261954755,"a,e"
Beijing,Height,27,0.08243966848,"a,e"
Shanghai,Height,18,-0.1668615639,"a,e"
Wuhan,Height,12,-0.2126560956,"a,e"
Shanghai,Height,33,0.3245525956,"a,e"
Shanghai,Height,18,-0.04257932305,"a,e"
Shanghai,Height,9,-0.1593769938,"a,e"
Shanghai,Height,18,-0.2371710539,"a,e"
Shanghai,Height,15,-0.234117493,"a,e"
Beijing,Height,21,-0.08411342651,"a,e"
Wuhan,Height,21,-0.07568344474,"a,e"
Shanghai,Height,9,-0.3563679457,"a,e"
Shanghai,Height,30,0.2068647295,"a,e"
Guangzhou,Height,12,-0.2159087807,"a,e"
Shanghai,Height,18,-0.1644255817,"a,e"
Shanghai,Height,18,-0.211223349,"a,e"
Beijing,Height,6,-0.275055021,"a,e"
Shanghai,Height,9,-0.3383118808,"a,e"
Beijing,Height,18,-0.1599369496,"a,e"
Wuhan,Height,9,-0.3446455896,"a,e"
Shanghai,Height,15,-0.1755403876,"a,e"
Wuhan,Height,12,-0.1742658764,"a,e"
Shanghai,Height,18,-0.1722356081,"a,e"
Shanghai,Height,48,0.1696091294,"a,e"
Shanghai,Height,18,-0.1129672751,"a,e"
Beijing,Height,18,-0.1823710799,"a,e"
Wuhan,Height,36,0.1105073914,"a,e"
Wuhan,Height,30,0.1126276329,"a,e"
Guangzhou,Height,6,-0.2684354782,"a,e"
Shanghai,Height,12,-0.2121039033,"a,e"
Shanghai,Height,18,-0.1049970984,"a,e"
Shanghai,Height,18,-0.177463606,"a,e"
Shanghai,Height,30,0.3035421371,"a,e"
Beijing,Height,24,0.08727738261,"a,e"
Shanghai,Height,9,-0.3609654605,"a,e"
Beijing,Height,12,-0.2042918503,"a,e"
Beijing,Height,9,-0.3750209808,"a,e"
Shanghai,Height,21,-0.05781343207,"a,e"
Shanghai,Height,18,-0.09783989191,"a,e"
Shanghai,Height,66,0.5165019631,"a,e"
Beijing,Height,21,-0.02250347659,"a,e"
Wuhan,Height,15,-0.08600238711,"a,e"
Beijing,Height,9,-0.3274124265,"a,e"
Shanghai,Height,15,-0.06982966512,"a,e"
Guangzhou,Height,18,-0.1135031879,"a,e"
Beijing,Height,15,-0.2410351187,"a,e"
Shanghai,Height,18,-0.1813356876,"a,e"
Shanghai,Height,9,-0.3012626469,"a,e"
Wuhan,Height,54,0.3345502615,"a,e"
Shanghai,Height,9,-0.3318646848,"a,e"
Wuhan,Height,30,0.08438623697,"a,e"
Wuhan,Height,9,-0.4694296122,"a,e"
Beijing,Height,60,0.353684932,"a,e"
Wuhan,Height,36,0.2925862372,"a,e"
Wuhan,Height,15,-0.1900280714,"a,e"
Wuhan,Height,60,0.274348408,"a,e"
Guangzhou,Height,30,0.2128047794,"a,e"
Shanghai,Height,15,-0.2409181744,"a,e"
Shanghai,Height,9,-0.2092904598,"a,e"
Wuhan,Height,21,0.2272955179,"a,e"
Shanghai,Height,18,-0.1765914559,"a,e"
Guangzhou,Height,24,0.250790447,"a,e"
Wuhan,Height,18,-0.09932471812,"a,e"
Shanghai,Height,9,-0.3347676098,"a,e"
Wuhan,Height,18,-0.03826737404,"a,e"
Shanghai,Height,18,-0.1385366917,"a,e"
Wuhan,Height,15,-0.1727249771,"a,e"
Shanghai,Height,9,-0.3959906697,"a,e"
Guangzhou,Height,12,-0.254639715,"a,e"
Shanghai,Height,9,-0.2421000749,"a,e"
Guangzhou,Height,9,-0.3927277923,"a,e"
Shanghai,Height,12,-0.1299501061,"a,e"
Guangzhou,Height,9,-0.4185068309,"a,e"
Wuhan,Height,18,-0.1791749895,"a,e"
Shanghai,Height,9,-0.2362567186,"a,e"
Guangzhou,Height,30,0.1940103173,"a,e"
Shanghai,Height,12,-0.2111797929,"a,e"
Wuhan,Height,6,-0.4040301442,"a,e"
Shanghai,Height,18,-0.154856503,"a,e"
Shanghai,Height,45,0.2836896777,"a,e"
Beijing,Height,30,0.1182897389,"a,e"
Shanghai,Height,9,-0.4472412765,"a,e"
Beijing,Height,78,0.8349860311,"a,e"
Beijing,Height,24,0.0079469271,"a,e"
Shanghai,Height,18,-0.1747690588,"a,e"
Beijing,Height,15,-0.2068329901,"a,e"
Beijing,Height,9,-0.3066689074,"a,e"
Wuhan,Height,60,0.1524832845,"a,e"
Shanghai,Height,18,-0.08634998649,"a,e"
Shanghai,Height,9,-0.3978409171,"a,e"
Wuhan,Height,18,-0.08502160013,"a,e"
Shanghai,Height,6,-0.2151553035,"a,e"
Shanghai,Height,9,-0.4101919234,"a,e"
Shanghai,Height,9,-0.4176915884,"a,e"
Shanghai,Height,9,-0.3704546094,"a,e"
Wuhan,Height,9,-0.3912914693,"a,e"
Shanghai,Height,9,-0.2638350129,"a,e"
Shanghai,Height,15,-0.1288049668,"a,e"
Wuhan,Height,24,0.2287713438,"a,e"
Guangzhou,Height,6,-0.3597070575,"a,e"
Wuhan,Height,12,-0.2136300206,"a,e"
Wuhan,Height,18,-0.06804466993,"a,e"
Shanghai,Height,18,-0.1457188576,"a,e"
Shanghai,Height,9,-0.4266253114,"a,e"
Wuhan,Height,18,-0.1665723473,"a,e"
Wuhan,Height,63,0.2317887396,"a,e"
Shanghai,Height,15,-0.1688170731,"a,e"
Shanghai,Height,18,-0.2167109102,"a,e"
Wuhan,Height,54,0.2994398475,"a,e"
Guangzhou,Height,36,0.2236101776,"a,e"
Shanghai,Height,18,-0.1807491481,"a,e"
Guangzhou,Height,54,0.3246923387,"a,e"
Shanghai,Height,18,-0.1514592618,"a,e"
Guangzhou,Height,24,0.1425994188,"a,e"
Beijing,Height,18,-0.2483160794,"a,e"
Shanghai,Height,12,-0.2581026554,"a,e"
Wuhan,Height,9,-0.2400609404,"a,e"
Shanghai,Height,9,-0.4644694626,"a,e"
Shanghai,Height,18,-0.1693309546,"a,e"
Shanghai,Height,9,-0.3330958486,"a,e"
Shanghai,Height,18,-0.1642908901,"a,e"
Shanghai,Height,9,-0.2912684679,"a,e"
Beijing,Height,24,0.01854323223,"a,e"
Guangzhou,Height,9,-0.4220671654,"a,e"
Shanghai,Height,12,-0.2920930684,"a,e"
Shanghai,Height,30,0.2987838089,"a,e"
Beijing,Height,9,-0.3386034369,"a,e"
Wuhan,Height,20,-0.1383269578,"a,e"
Shanghai,Height,33,0.2528923452,"a,e"
Shanghai,Height,27,0.1759707183,"a,e"
Wuhan,Height,15,-0.08981696516,"a,e"
Beijing,Height,18,-0.1054813713,"a,e"
Shanghai,Height,18,-0.1135765463,"a,e"
Shanghai,Height,9,-0.3330962658,"a,e"
Beijing,Height,21,0.0840702951,"a,e"
Guangzhou,Height,18,-0.01163536496,"a,e"
Shanghai,Height,15,-0.1707210541,"a,e"
Shanghai,Height,9,-0.2985328436,"a,e"
Wuhan,Height,12,-0.2348704487,"a,e"
Shanghai,Height,9,-0.3374337852,"a,e"
Shanghai,Height,15,-0.1691997349,"a,e"
Shanghai,Height,36,0.1917025,"a,e"
Shanghai,Height,15,-0.1291502267,"a,e"
Shanghai,Height,9,-0.3028658032,"a,e"
Shanghai,Height,9,-0.3261297643,"a,e"
Shanghai,Height,6,-0.2896103263,"a,e"
Shanghai,Height,9,-0.3836014569,"a,e"
Shanghai,Height,6,-0.3375653327,"a,e"
Beijing,Height,24,0.1675917804,"a,e"
Wuhan,Height,51,0.3224592507,"a,e"
Shanghai,Height,9,-0.3668507338,"a,e"
Shanghai,Height,18,-0.2081403732,"a,e"
Shanghai,Height,6,-0.2549754381,"a,e"
Shanghai,Height,27,0.2282589525,"a,e"
Wuhan,Height,60,0.3243910968,"a,e"
Shanghai,Height,33,0.2393544912,"a,e"
Guangzhou,Height,18,0.01172291674,"a,e"
Shanghai,Height,18,-0.2276457399,"a,e"
Wuhan,Height,6,-0.188408792,"a,e"
Shanghai,Height,18,-0.1291711777,"a,e"
Wuhan,Height,21,-0.1028497219,"a,e"
Beijing,Height,9,-0.3055590391,"a,e"
Guangzhou,Height,21,0.1035185158,"a,e"
Wuhan,Height,54,0.09384257346,"a,e"
Beijing,Height,18,-0.2346828878,"a,e"
Shanghai,Height,18,-0.2103014737,"a,e"
Shanghai,Height,33,0.2372843772,"a,e"
Beijing,Height,24,-0.005899439566,"a,e"
Shanghai,Height,18,-0.0537144728,"a,e"
Wuhan,Height,9,-0.1577828228,"a,e"
Shanghai,Height,18,-0.1447027624,"a,e"
Beijing,Height,18,-0.2555588186,"a,e"
Shanghai,Height,18,-0.114778325,"a,e"
Guangzhou,Height,15,0.07847777009,"a,e"
Wuhan,Height,9,-0.3555892706,"a,e"
Shanghai,Height,12,-0.1311264187,"a,e"
Wuhan,Height,6,-0.2127459347,"a,e"
Shanghai,Height,18,-0.1191790551,"a,e"
Wuhan,Height,24,0.1388966441,"a,e"
Shanghai,Height,12,-0.198914811,"a,e"
Guangzhou,Height,18,-0.03387320042,"a,e"
Shanghai,Height,15,-0.09565129876,"a,e"
Shanghai,Height,6,-0.3783481121,"a,e"
Shanghai,Height,18,-0.1173785999,"a,e"
Shanghai,Height,24,0.1740424186,"a,e"
Shanghai,Height,72,0.3595933616,"a,e"
Guangzhou,Height,18,-0.03174963593,"a,e"
Beijing,Height,9,-0.2476245761,"a,e"
Beijing,Height,6,-0.3347798586,"a,e"
Wuhan,Height,12,-0.1546120048,"a,e"
Beijing,Height,12,-0.1861042976,"a,e"
Shanghai,Height,18,-0.192321077,"a,e"
Guangzhou,Height,18,-0.2026524991,"a,e"
Shanghai,Height,18,-0.05197703838,"a,e"
Shanghai,Height,12,-0.239722535,"a,e"
Guangzhou,Height,15,-0.03984744847,"a,e"
Beijing,Height,24,0.03890572861,"a,e"
Guangzhou,Height,9,-0.4663224816,"a,e"
Shanghai,Height,18,-0.1294145882,"a,e"
Wuhan,Height,15,-0.06833457947,"a,e"
Wuhan,Height,30,0.3761847019,"a,e"
Shanghai,Height,6,-0.2612397075,"a,e"
Shanghai,Height,9,-0.3501832485,"a,e"
Wuhan,Height,18,-0.2773582339,"a,e"
Shanghai,Height,18,-0.09007518739,"a,e"
Beijing,Height,12,-0.1853047311,"a,e"
Shanghai,Height,12,-0.2491731346,"a,e"
Guangzhou,Height,12,-0.3008587956,"a,e"
Shanghai,Height,18,-0.132334426,"a,e"
Wuhan,Height,12,-0.2867586613,"a,e"
Shanghai,Height,18,-0.1421870142,"a,e"
Shanghai,Height,18,-0.04483309761,"a,e"
Shanghai,Height,18,-0.168298319,"a,e"
Shanghai,Height,42,0.2350476831,"a,e"
Wuhan,Height,15,-0.008440394886,"a,e"
Beijing,Height,9,-0.2365514189,"a,e"
Guangzhou,Height,15,-0.06952401996,"a,e"
Shanghai,Height,18,-0.2348996997,"a,e"
Shanghai,Height,9,-0.2432837337,"a,e"
Shanghai,Height,9,-0.3485974073,"a,e"
Shanghai,Height,18,-0.1805041283,"a,e"
Beijing,Height,9,-0.2455810457,"a,e"
Shanghai,Height,9,-0.4018245339,"a,e"
Wuhan,Height,18,-0.1954003125,"a,e"
Shanghai,Height,9,-0.3230893314,"a,e"
Beijing,Height,18,-0.164065823,"a,e"
Wuhan,Height,9,-0.1895952672,"a,e"
Wuhan,Height,24,0.1253430098,"a,e"
Shanghai,Height,18,-0.1163420677,"a,e"
Shanghai,Height,9,-0.4079979658,"a,e"
Shanghai,Height,33,0.2842538953,"a,e"
Shanghai,Height,12,-0.2185185254,"a,e"
Guangzhou,Height,9,-0.2737234235,"a,e"
Shanghai,Height,6,-0.2808939815,"a,e"
Wuhan,Height,6,-0.3245332837,"a,e"
Shanghai,Height,18,-0.2058094293,"a,e"
Shanghai,Height,9,-0.4594316483,"a,e"
Shanghai,Height,21,-0.02842559852,"a,e"
Guangzhou,Height,24,0.3088792562,"a,e"
Guangzhou,Height,9,-0.392787993,"a,e"
Shanghai,Height,9,-0.3210503757,"a,e"
Shanghai,Height,9,-0.2067294717,"a,e"
Shanghai,Height,33,0.2428407222,"a,e"
Shanghai,Height,9,-0.2534869015,"a,e"
Wuhan,Height,18,-0.09517253935,"a,e"
Wuhan,Height,30,0.1471465677,"a,e"
Wuhan,Height,63,0.2604678869,"a,e"
Shanghai,Height,12,-0.3156521022,"a,e"
Beijing,Height,18,-0.1548445374,"a,e"
Shanghai,Height,18,-0.1678738445,"a,e"
Shanghai,Height,18,-0.1796513349,"a,e"
Shanghai,Height,33,0.202868104,"a,e"
Shanghai,Height,18,-0.1723948121,"a,e"
Shanghai,Height,42,0.3184216022,"a,e"
Wuhan,Height,9,-0.3475194275,"a,e"
Wuhan,Height,18,-0.05951334909,"a,e"
Guangzhou,Height,15,-0.07148719579,"a,e"
Shanghai,Height,9,-0.3460933566,"a,e"
Wuhan,Height,24,0.1082556024,"a,e"
Shanghai,Height,21,0.4465403557,"a,e"
Shanghai,Height,18,-0.1085007414,"a,e"
Shanghai,Height,12,-0.2216645181,"a,e"
Wuhan,Height,21,-0.1270782053,"a,e"
Wuhan,Height,6,-0.38748914,"a,e"
Shanghai,Height,24,0.2604962885,"a,e"
Wuhan,Height,84,0.7321033478,"a,e"
Shanghai,Height,15,-0.1142852232,"a,e"
Shanghai,Height,21,0.02832289226,"a,e"
Wuhan,Height,54,0.3974916041,"a,e"
Wuhan,Height,18,-0.1608518511,"a,e"
Guangzhou,Height,9,-0.4187355042,"a,e"
Wuhan,Height,12,-0.156241551,"a,e"
Shanghai,Height,12,-0.3469351828,"a,e"
Wuhan,Height,24,0.01339457557,"a,e"
Shanghai,Height,9,-0.362785399,"a,e"
Wuhan,Height,15,-0.1902573556,"a,e"
Shanghai,Height,9,-0.2993738949,"a,e"
Guangzhou,Height,27,0.2769352496,"a,e"
Beijing,Height,9,-0.1631024182,"a,e"
Guangzhou,Height,9,-0.3720937073,"a,e"
Wuhan,Height,12,-0.2032771111,"a,e"
Shanghai,Height,24,0.1018045098,"a,e"
Shanghai,Height,18,-0.1170650795,"a,e"
Wuhan,Height,15,-0.1956200898,"a,e"
Shanghai,Height,9,-0.4449751079,"a,e"
Shanghai,Height,18,-0.05178490281,"a,e"
Shanghai,Height,18,-0.1650805622,"a,e"
Wuhan,Height,15,-0.1060204431,"a,e"
Shanghai,Height,9,-0.145937115,"a,e"
Wuhan,Height,36,0.25561589,"a,e"
Wuhan,Height,9,-0.3109197617,"a,e"
Shanghai,Height,6,-0.4274586141,"a,e"
Wuhan,Height,9,-0.3396208584,"a,e"
Shanghai,Height,75,0.4623593986,"a,e"
Shanghai,Height,18,-0.2287420034,"a,e"
Wuhan,Height,15,-0.1472753584,"a,e"
Shanghai,Height,39,0.4048694372,"a,e"
Shanghai,Height,54,0.3894751966,"a,e"
Beijing,Height,18,-0.2528934777,"a,e"
Shanghai,Height,9,-0.4157165289,"a,e"
Beijing,Height,12,-0.2426759452,"a,e"
Shanghai,Height,18,-0.1686510891,"a,e"
Wuhan,Height,9,-0.1538548321,"a,e"
Shanghai,Height,24,0.2561482489,"a,e"
Guangzhou,Height,9,-0.3288168013,"a,e"
Wuhan,Height,48,0.4983901083,"a,e"
Beijing,Height,15,-0.09978942573,"a,e"
Shanghai,Height,21,0.01200823672,"a,e"
Beijing,Height,24,0.1190930009,"a,e"
Shanghai,Height,6,-0.2108988911,"a,e"
Shanghai,Height,18,-0.1424389035,"a,e"
Guangzhou,Height,9,-0.3798432052,"a,e"
Wuhan,Height,15,-0.2140340209,"a,e"
Shanghai,Height,15,-0.1979234368,"a,e"
Guangzhou,Height,24,0.157333836,"a,e"
Shanghai,Height,33,0.205155164,"a,e"
Guangzhou,Height,18,0.05644813552,"a,e"
Beijing,Height,15,-0.2344000936,"a,e"
Shanghai,Height,18,-0.177874282,"a,e"
Shanghai,Height,12,-0.218398571,"a,e"
Wuhan,Height,12,-0.1993198544,"a,e"
Guangzhou,Height,60,0.2568465769,"a,e"
Wuhan,Height,9,-0.3156096637,"a,e"
Wuhan,Height,9,-0.391287297,"a,e"
Shanghai,Height,21,-0.02640299685,"a,e"
Shanghai,Height,24,0.1016223282,"a,e"
Wuhan,Height,54,0.1907554418,"a,e"
Shanghai,Height,18,-0.1729451865,"a,e"
Shanghai,Height,18,-0.1401090026,"a,e"
Shanghai,Height,18,-0.2260484993,"a,e"
Beijing,Height,48,0.2042204589,"a,e"
Shanghai,Height,36,0.289978832,"a,e"
Guangzhou,Height,18,-0.05955969915,"a,e"
Shanghai,Height,78,0.6018520594,"a,e"
Shanghai,Height,21,0.08517017961,"a,e"
Shanghai,Height,18,-0.1546594501,"a,e"
Shanghai,Height,18,-0.1352263987,"a,e"
Shanghai,Height,18,-0.07288073003,"a,e"
Shanghai,Height,36,0.1194443181,"a,e"
Wuhan,Height,21,0.003239104524,"a,e"
Beijing,Height,9,-0.3261272311,"a,e"
Shanghai,Height,9,-0.256246537,"a,e"
Shanghai,Height,21,0.2803350389,"a,e"
Shanghai,Height,9,-0.4373670816,"a,e"
Beijing,Height,9,-0.2390246242,"a,e"
Guangzhou,Height,9,-0.447738409,"a,e"
Shanghai,Height,6,-0.1412082613,"a,e"
Shanghai,Height,12,-0.3142936826,"a,e"
Guangzhou,Height,12,-0.2610720098,"a,e"
Guangzhou,Height,9,-0.3797674775,"a,e"
Shanghai,Height,9,-0.3298716843,"a,e"
Guangzhou,Height,9,-0.4528582394,"a,e"
Shanghai,Height,18,-0.1068737358,"a,e"
Shanghai,Height,18,-0.2318767309,"a,e"
Shanghai,Height,27,0.194692567,"a,e"
Wuhan,Height,18,-0.1091900095,"a,e"
Shanghai,Height,9,-0.3393096924,"a,e"
Shanghai,Height,21,-0.1283584088,"a,e"
Wuhan,Height,12,-0.2439800799,"a,e"
Shanghai,Height,18,-0.1521673054,"a,e"
Wuhan,Height,18,-0.08580897003,"a,e"
Shanghai,Height,18,-0.2390099466,"a,e"
Shanghai,Height,9,-0.4681771696,"a,e"
Wuhan,Height,18,-0.1980829984,"a,e"
Guangzhou,Height,9,-0.3795655966,"a,e"
Guangzhou,Height,27,0.273685962,"a,e"
Shanghai,Height,15,-0.1063210219,"a,e"
Beijing,Height,9,-0.2998912632,"a,e"
Shanghai,Height,45,0.2470219731,"a,e"
Shanghai,Height,18,-0.1751244813,"a,e"
Shanghai,Height,9,-0.3425350785,"a,e"
Shanghai,Height,18,-0.2109912187,"a,e"
Shanghai,Height,18,-0.1785307825,"a,e"
Shanghai,Height,21,0.02717471495,"a,e"
Wuhan,Height,18,-0.2078584582,"a,e"
Guangzhou,Height,18,-0.04011853784,"a,e"
Shanghai,Height,9,-0.3192386925,"a,e"
Shanghai,Height,6,-0.211229533,"a,e"
Shanghai,Height,12,-0.128022328,"a,e"
Wuhan,Height,51,0.243215844,"a,e"
Shanghai,Height,9,-0.3300351202,"a,e"
Beijing,Height,9,-0.2804373205,"a,e"
Wuhan,Height,18,-0.1950987279,"a,e"
Shanghai,Height,18,-0.1957221776,"a,e"
Wuhan,Height,36,0.4094102085,"a,e"
Guangzhou,Height,9,-0.3846000433,"a,e"
Shanghai,Height,18,-0.2564588785,"a,e"
Guangzhou,Height,36,0.1830143034,"a,e"
Shanghai,Height,15,-0.07524035126,"a,e"
Shanghai,Height,9,-0.3242251277,"a,e"
Shanghai,Height,39,0.2940093875,"a,e"
Beijing,Height,24,0.1630034298,"a,e"
Shanghai,Height,18,-0.08862688392,"a,e"
Wuhan,Height,9,-0.274761796,"a,e"
Beijing,Height,12,-0.2309003919,"a,e"
Beijing,Height,30,0.1928048432,"a,e"
Shanghai,Height,9,-0.2011091411,"a,e"
Shanghai,Height,21,0.002328920411,"a,e"
Guangzhou,Height,9,-0.3655160964,"a,e"
Beijing,Height,18,-0.1628118604,"a,e"
Shanghai,Height,9,-0.328730464,"a,e"
Wuhan,Height,18,-0.1887945384,"a,e"
Shanghai,Height,9,-0.3487598598,"a,e"
Shanghai,Height,9,-0.3496646583,"a,e"
Shanghai,Height,15,-0.1170961782,"a,e"
Beijing,Height,30,0.2306396067,"a,e"
Shanghai,Height,15,-0.1067161188,"a,e"
Shanghai,Height,15,-0.1089711487,"a,e"
Shanghai,Height,54,0.2724245191,"a,e"
Shanghai,Height,15,-0.1453583241,"a,e"
Wuhan,Height,9,-0.179633975,"a,e"
Shanghai,Height,9,-0.3681791723,"a,e"
Shanghai,Height,6,-0.1418794394,"a,e"
Shanghai,Height,12,-0.1871770769,"a,e"
Wuhan,Height,36,0.3251446187,"a,e"
Shanghai,Height,18,-0.2033396959,"a,e"
Shanghai,Height,12,-0.2319570482,"a,e"
Wuhan,Height,18,-0.113092266,"a,e"
Shanghai,Height,18,-0.2236703336,"a,e"
Shanghai,Height,33,0.2356376201,"a,e"
Shanghai,Height,18,-0.1921530962,"a,e"
Beijing,Height,54,0.3091950715,"a,e"
Shanghai,Height,84,0.8289992213,"a,e"
Shanghai,Height,33,0.2295570225,"a,e"
Wuhan,Height,12,-0.2088694721,"a,e"
Guangzhou,Height,18,-0.07029049844,"a,e"
Shanghai,Height,15,-0.114735432,"a,e"
Shanghai,Height,12,-0.252939254,"a,e"
Shanghai,Height,18,-0.2399199307,"a,e"
Wuhan,Height,24,0.05557199568,"a,e"
Shanghai,Height,12,-0.1747288704,"a,e"
Shanghai,Height,18,-0.1973930001,"a,e"
Shanghai,Height,18,-0.2000547349,"a,e"
Shanghai,Height,33,0.212344557,"a,e"
Guangzhou,Height,24,0.1114662439,"a,e"
Shanghai,Height,9,-0.3529862165,"a,e"
Guangzhou,Height,30,0.150135681,"a,e"
Shanghai,Height,15,-0.08029513806,"a,e"
Shanghai,Height,18,-0.1337671727,"a,e"
Shanghai,Height,18,-0.175371781,"a,e"
Shanghai,Height,15,-0.1043070331,"a,e"
Shanghai,Height,18,-0.1902630329,"a,e"
Shanghai,Height,12,-0.1525458992,"a,e"
Shanghai,Height,12,-0.2499200106,"a,e"
Shanghai,Height,18,-0.08662716299,"a,e"
Shanghai,Height,30,0.2041593194,"a,e"
Beijing,Height,18,-0.2264909744,"a,e"
Wuhan,Height,24,0.1591543406,"a,e"
Shanghai,Height,36,0.3412398994,"a,e"
Shanghai,Height,18,-0.007259127218,"a,e"
Wuhan,Height,9,-0.3611952662,"a,e"
Beijing,Height,9,-0.236255005,"a,e"
Shanghai,Height,15,-0.1359876394,"a,e"
Shanghai,Height,36,0.2929521501,"a,e"
Beijing,Height,21,-0.06664035469,"a,e"
Guangzhou,Height,9,-0.3475294709,"a,e"
Shanghai,Height,18,-0.08510656655,"a,e"
Shanghai,Height,9,-0.3417116702,"a,e"
Wuhan,Height,9,-0.2352908701,"a,e"
Shanghai,Height,12,-0.1563044488,"a,e"
Shanghai,Height,9,-0.1715884954,"a,e"
Shanghai,Height,9,-0.3562476933,"a,e"
Beijing,Height,18,-0.2527582049,"a,e"
Shanghai,Height,15,-0.07097147405,"a,e"
Shanghai,Height,18,-0.2230515331,"a,e"
Guangzhou,Height,9,-0.3302878141,"a,e"
Beijing,Height,12,-0.1931487471,"a,e"
Shanghai,Height,6,-0.2764934897,"a,e"
Shanghai,Height,6,-0.1933859289,"a,e"
Beijing,Height,39,0.2626360655,"a,e"
Beijing,Height,18,-0.2090962082,"a,e"
Wuhan,Height,9,-0.2057743073,"a,e"
Shanghai,Height,18,-0.1278419793,"a,e"
Shanghai,Height,18,-0.1537819058,"a,e"
Shanghai,Height,18,-0.2281656116,"a,e"
Guangzhou,Height,15,-0.06839312613,"a,e"
Beijing,Height,15,-0.01853015274,"a,e"
Shanghai,Height,12,-0.3365977108,"a,e"
Shanghai,Height,30,0.1782777309,"a,e"
Shanghai,Height,39,0.2795593441,"a,e"
Shanghai,Height,9,-0.2733373344,"a,e"
Shanghai,Height,15,-0.0479359515,"a,e"
Shanghai,Height,39,0.233048752,"a,e"
Shanghai,Height,18,-0.2039945126,"a,e"
Beijing,Height,9,-0.375938952,"a,e"
Shanghai,Height,15,-0.06812486053,"a,e"
Shanghai,Height,15,-0.06800238788,"a,e"
Wuhan,Height,9,-0.3160174787,"a,e"
Shanghai,Height,9,-0.3750508726,"a,e"
Guangzhou,Height,21,0.06701547652,"a,e"
Beijing,Height,24,0.1604035497,"a,e"
Guangzhou,Height,15,0.02426828071,"a,e"
Shanghai,Height,21,-0.000730807893,"a,e"
Shanghai,Height,33,0.326159358,"a,e"
Shanghai,Height,6,-0.1972379386,"a,e"
Shanghai,Height,15,-0.1721466184,"a,e"
Guangzhou,Height,27,0.1537156552,"a,e"
Guangzhou,Height,9,-0.3329984844,"a,e"
Guangzhou,Height,9,-0.4103346467,"a,e"
Shanghai,Height,54,0.5947657824,"a,e"
Shanghai,Height,9,-0.3763032854,"a,e"
Shanghai,Height,18,-0.1418918669,"a,e"
Guangzhou,Height,9,-0.476305604,"a,e"
Shanghai,Height,9,-0.4529625475,"a,e"
Beijing,Height,9,-0.2020721436,"a,e"
Beijing,Height,15,-0.1867301017,"a,e"
Shanghai,Height,12,-0.2322669178,"a,e"
Shanghai,Height,12,-0.165631786,"a,e"
Shanghai,Height,12,-0.2082441449,"a,e"
Guangzhou,Height,9,-0.4345512986,"a,e"
Shanghai,Height,48,0.266278863,"a,e"
Shanghai,Height,27,0.2903127968,"a,e"
Shanghai,Height,18,-0.2445621938,"a,e"
Beijing,Height,6,-0.3644371927,"a,e"
Shanghai,Height,15,-0.08202840388,"a,e"
Beijing,Height,9,-0.3201499879,"a,e"
Guangzhou,Height,12,-0.3637817502,"a,e"
Wuhan,Height,54,0.3302587271,"a,e"
Shanghai,Height,18,-0.08729437739,"a,e"
Guangzhou,Height,12,-0.4395920336,"a,e"
Shanghai,Height,54,0.3816099465,"a,e"
Guangzhou,Height,9,-0.409491241,"a,e"
Shanghai,Height,9,-0.2910376787,"a,e"
Shanghai,Height,21,-0.007220803294,"a,e"
Shanghai,Height,18,-0.1658803076,"a,e"
Wuhan,Height,15,-0.2022881061,"a,e"
Shanghai,Height,18,-0.07654859126,"a,e"
Guangzhou,Height,21,-0.01187600102,"a,e"
Shanghai,Height,15,-0.1108579934,"a,e"
Beijing,Height,48,0.3591858149,"a,e"
Guangzhou,Height,9,-0.4036554396,"a,e"
Wuhan,Height,18,-0.1870515794,"a,e"
Shanghai,Height,15,-0.2348675281,"a,e"
Shanghai,Height,18,-0.123648122,"a,e"
Shanghai,Height,18,-0.2115856111,"a,e"
Shanghai,Height,12,-0.2620775402,"a,e"
Shanghai,Height,21,-0.005412434693,"a,e"
Beijing,Height,9,-0.3339496255,"a,e"
Wuhan,Height,18,-0.1911848187,"a,e"
Wuhan,Height,12,-0.3563701808,"a,e"
Beijing,Height,30,0.1882871091,"a,e"
Guangzhou,Height,30,0.2181352824,"a,e"
Shanghai,Height,18,-0.1414984167,"a,e"
Wuhan,Height,12,-0.4835258126,"a,e"
Shanghai,Height,15,-0.06543705612,"a,e"
Shanghai,Height,12,-0.2023740709,"a,e"
Shanghai,Height,9,-0.09257237613,"a,e"
Beijing,Height,15,-0.2262888998,"a,e"
Beijing,Height,15,-0.1715798676,"a,e"
Guangzhou,Height,12,-0.2676514685,"a,e"
Shanghai,Height,18,-0.1097198725,"a,e"
Shanghai,Height,18,-0.2166847736,"a,e"
Shanghai,Height,18,-0.2189347297,"a,e"
Beijing,Height,9,-0.3137952983,"a,e"
Shanghai,Height,36,0.3084340692,"a,e"
Shanghai,Height,9,-0.3291370571,"a,e"
Wuhan,Height,84,0.8857569098,"a,e"
Shanghai,Height,12,-0.2030086219,"a,e"
Shanghai,Height,15,-0.1198317334,"a,e"
Shanghai,Height,12,-0.2313396633,"a,e"
Shanghai,Height,30,0.3891027868,"a,e"
Shanghai,Height,18,-0.1966487765,"a,e"
Beijing,Height,30,0.128911227,"a,e"
Shanghai,Height,9,-0.4566533864,"a,e"
Shanghai,Height,39,0.2756103873,"a,e"
Shanghai,Height,15,-0.1972689033,"a,e"
Wuhan,Height,18,-0.1199032366,"a,e"
Wuhan,Height,9,-0.3845115304,"a,e"
Shanghai,Height,24,0.2243057489,"a,e"
Shanghai,Height,18,-0.1678281724,"a,e"
Shanghai,Height,18,-0.09561087936,"a,e"
Shanghai,Height,21,-0.04488609731,"a,e"
Shanghai,Height,15,-0.2378396243,"a,e"
Shanghai,Height,15,-0.17435579,"a,e"
Wuhan,Height,18,-0.08974113315,"a,e"
Wuhan,Height,45,0.4934289157,"a,e"
Wuhan,Height,9,-0.3082500398,"a,e"
Shanghai,Height,6,-0.3351626098,"a,e"
Shanghai,Height,12,-0.2330862433,"a,e"
Wuhan,Height,15,-0.1908738911,"a,e"
Shanghai,Height,18,-0.1469225287,"a,e"
Guangzhou,Height,9,-0.3589508533,"a,e"
Shanghai,Height,21,-0.003984936979,"a,e"
Beijing,Height,9,-0.2805576622,"a,e"
Beijing,Height,66,0.229666993,"a,e"
Shanghai,Height,18,-0.07714177668,"a,e"
Shanghai,Height,18,-0.1557711363,"a,e"
Shanghai,Height,18,-0.1740010828,"a,e"
Wuhan,Height,18,-0.1512423307,"a,e"
Shanghai,Height,9,-0.2256026119,"a,e"
Beijing,Height,18,-0.1061756536,"a,e"
Shanghai,Height,18,-0.1386948675,"a,e"
Wuhan,Height,30,0.3884766698,"a,e"
Shanghai,Height,15,-0.07932187617,"a,e"
Shanghai,Height,18,-0.2152728736,"a,e"
Beijing,Height,18,-0.06136564165,"a,e"
Shanghai,Height,18,-0.1599716842,"a,e"
Shanghai,Height,27,0.1931037456,"a,e"
Shanghai,Height,18,-0.1260133684,"a,e"
Shanghai,Height,21,0.4221777618,"a,e"
Shanghai,Height,6,-0.3570531309,"a,e"
Shanghai,Height,21,0.002308705356,"a,e"
Shanghai,Height,15,-0.2736004591,"a,e"
Shanghai,Height,18,-0.09672950208,"a,e"
Shanghai,Height,9,-0.2999487817,"a,e"
Guangzhou,Height,9,-0.4199183583,"a,e"
Shanghai,Height,9,-0.3295610249,"a,e"
Wuhan,Height,36,0.07999806106,"a,e"
Shanghai,Height,6,-0.1791792959,"a,e"
Shanghai,Height,18,-0.1228973418,"a,e"
Wuhan,Height,54,0.3435610831,"a,e"
Wuhan,Height,18,-0.105243586,"a,e"
Wuhan,Height,12,-0.2026356012,"a,e"
Shanghai,Height,18,-0.1316788197,"a,e"
Beijing,Height,54,0.1626155972,"a,e"
Shanghai,Height,18,-0.1792378277,"a,e"
Beijing,Height,18,-0.2216570675,"a,e"
Beijing,Height,24,0.1469624937,"a,e"
Shanghai,Height,12,-0.194475174,"a,e"
Shanghai,Height,9,-0.4128417969,"a,e"
Shanghai,Height,21,-0.07089169323,"a,e"
Shanghai,Height,6,-0.2369109094,"a,e"
Shanghai,Height,6,-0.3677373528,"a,e"
Shanghai,Height,12,-0.365098685,"a,e"
Shanghai,Height,9,-0.3594746888,"a,e"
Shanghai,Height,9,-0.2822310925,"a,e"
Guangzhou,Height,15,-0.104349263,"a,e"
Shanghai,Height,18,-0.0728026405,"a,e"
Shanghai,Height,18,-0.1149353907,"a,e"
Shanghai,Height,30,0.2524977922,"a,e"
Guangzhou,Height,18,-0.06296432018,"a,e"
Shanghai,Height,15,-0.1658760905,"a,e"
Shanghai,Height,42,0.2836167514,"a,e"
Beijing,Height,24,0.2497456223,"a,e"
Guangzhou,Height,36,0.2778441906,"a,e"
Shanghai,Height,9,-0.2928062379,"a,e"
Shanghai,Height,18,-0.157783404,"a,e"
Shanghai,Height,9,-0.270041734,"a,e"
Shanghai,Height,6,-0.3831569552,"a,e"
Shanghai,Height,15,-0.1653377265,"a,e"
Beijing,Height,24,0.1372061968,"a,e"
Wuhan,Height,27,0.2121643424,"a,e"
Guangzhou,Height,15,-0.04942356423,"a,e"
Shanghai,Height,9,-0.4687731862,"a,e"
Shanghai,Height,9,-0.2778823078,"a,e"
Wuhan,Height,9,-0.2984474003,"a,e"
Shanghai,Height,12,-0.2887844443,"a,e"
Shanghai,Height,12,-0.3454377651,"a,e"
Shanghai,Height,9,-0.3055203259,"a,e"
Guangzhou,Height,48,0.2679258287,"a,e"
Wuhan,Height,12,-0.1961475313,"a,e"
Shanghai,Height,15,-0.1795482188,"a,e"
Shanghai,Height,9,-0.3162079751,"a,e"
Shanghai,Height,21,0.05310206115,"a,e"
Wuhan,Height,18,-0.1974127889,"a,e"
Shanghai,Height,18,-0.07815573364,"a,e"
Guangzhou,Height,12,-0.2719222903,"a,e"
Shanghai,Height,39,0.2729587853,"a,e"
Shanghai,Height,18,-0.1734401435,"a,e"
Beijing,Height,15,-0.1854257435,"a,e"
Shanghai,Height,9,-0.2607066035,"a,e"
Shanghai,Height,15,-0.1504992247,"a,e"
Shanghai,Height,12,-0.3180871904,"a,e"
Shanghai,Height,18,-0.1611304879,"a,e"
Shanghai,Height,9,-0.2899796963,"a,e"
Shanghai,Height,9,-0.3669309318,"a,e"
Wuhan,Height,18,-0.3675733507,"a,e"
Shanghai,Height,15,-0.1321953684,"a,e"
Wuhan,Height,9,-0.2441746891,"a,e"
Shanghai,Height,18,-0.1352558583,"a,e"
Wuhan,Height,51,0.352974534,"a,e"
Shanghai,Height,18,-0.186575681,"a,e"
Shanghai,Height,18,-0.0389351286,"a,e"
Shanghai,Height,6,-0.4279765785,"a,e"
Guangzhou,Height,9,-0.4430356622,"a,e"
Wuhan,Height,24,0.1348805279,"a,e"
Beijing,Height,21,-0.05128993839,"a,e"
Beijing,Height,48,0.1969501525,"a,e"
Shanghai,Height,15,-0.07912302017,"a,e"
Beijing,Height,18,-0.02255586535,"a,e"
Shanghai,Height,84,0.7262294888,"a,e"
Wuhan,Height,15,-0.1075295955,"a,e"
Shanghai,Height,9,-0.291623801,"a,e"
Shanghai,Height,18,-0.2059282213,"a,e"
Guangzhou,Height,15,-0.0324209407,"a,e"
Shanghai,Height,9,-0.3949387074,"a,e"
Wuhan,Height,21,0.004237386398,"a,e"
Wuhan,Height,30,0.30090639,"a,e"
Guangzhou,Height,15,-0.06695771217,"a,e"
Shanghai,Height,15,-0.2249656916,"a,e"
Wuhan,Height,9,-0.2457298934,"a,e"
Shanghai,Height,30,0.1656602025,"a,e"
Shanghai,Height,18,-0.1282631755,"a,e"
Wuhan,Height,9,-0.1973875463,"a,e"
Shanghai,Height,24,0.2530865967,"a,e"
Guangzhou,Height,9,-0.3460129201,"a,e"
Guangzhou,Height,9,-0.2829529047,"a,e"
Guangzhou,Height,9,-0.4065130353,"a,e"
Shanghai,Height,15,-0.2094585598,"a,e"
Wuhan,Height,24,0.05794499815,"a,e"
Wuhan,Height,18,-0.1497704089,"a,e"
Wuhan,Height,54,0.2840094268,"a,e"
Guangzhou,Height,9,-0.4441452026,"a,e"
Beijing,Height,72,0.3113811314,"a,e"
Beijing,Height,9,-0.2580809891,"a,e"
Wuhan,Height,18,-0.1560692936,"a,e"
Shanghai,Height,9,-0.3442336619,"a,e"
Shanghai,Height,6,-0.1848780513,"a,e"
Guangzhou,Height,15,-0.08178503066,"a,e"
Shanghai,Height,18,-0.1650173366,"a,e"
Beijing,Height,9,-0.2409916669,"a,e"
Guangzhou,Height,18,-0.0806266889,"a,e"
Wuhan,Height,30,0.2435171902,"a,e"
Shanghai,Height,9,-0.5351068974,"a,e"
Shanghai,Height,18,-0.09555684775,"a,e"
Beijing,Height,12,-0.2065328211,"a,e"
Shanghai,Height,21,-0.08344965428,"a,e"
Wuhan,Height,24,0.1792988181,"a,e"
Shanghai,Height,18,-0.04407298192,"a,e"
Shanghai,Height,9,-0.2738310993,"a,e"
Wuhan,Height,15,-0.1349768937,"a,e"
Shanghai,Height,9,-0.2447637022,"a,e"
Shanghai,Height,9,-0.2928184271,"a,e"
Guangzhou,Height,24,0.05201767385,"a,e"
Shanghai,Height,9,-0.3116630018,"a,e"
Guangzhou,Height,15,0.0747781992,"a,e"
Wuhan,Height,39,0.2125159204,"a,e"
Guangzhou,Height,9,-0.3299914002,"a,e"
Shanghai,Height,48,0.3916446269,"a,e"
Guangzhou,Height,9,-0.5092115998,"a,e"
Guangzhou,Height,9,-0.4060897827,"a,e"
Guangzhou,Height,9,-0.4331813157,"a,e"
Beijing,Height,15,-0.2097044438,"a,e"
Beijing,Height,9,-0.2092364579,"a,e"
Shanghai,Height,18,-0.2092847377,"a,e"
Shanghai,Height,18,-0.203796193,"a,e"
Wuhan,Height,9,-0.2427364886,"a,e"
Guangzhou,Height,30,-0.01863049902,"a,e"
Beijing,Height,24,0.1880299002,"a,e"
Beijing,Height,9,-0.3424873948,"a,e"
Shanghai,Height,9,-0.1827809811,"a,e"
Wuhan,Height,9,-0.2580979764,"a,e"
Shanghai,Height,21,-0.02697600052,"a,e"
Wuhan,Height,18,-0.2883920372,"a,e"
Wuhan,Height,36,0.1413307041,"a,e"
Beijing,Height,24,0.1584333777,"a,e"
Shanghai,Height,15,-0.06126246229,"a,e"
Wuhan,Height,69,0.3595734835,"a,e"
Shanghai,Height,18,-0.1306643486,"a,e"
Wuhan,Height,60,0.5226430893,"a,e"
Shanghai,Height,18,-0.0993738845,"a,e"
Beijing,Height,18,0.02579553053,"a,e"
Shanghai,Height,9,-0.3160333037,"a,e"
Shanghai,Height,9,-0.3100435436,"a,e"
Shanghai,Height,9,-0.3011256456,"a,e"
Shanghai,Height,30,0.2171129584,"a,e"
Beijing,Height,9,-0.3032265902,"a,e"
Shanghai,Height,18,-0.216148138,"a,e"
Beijing,Height,18,-0.1371793002,"a,e"
Shanghai,Height,9,-0.2609335482,"a,e"
Guangzhou,Height,9,-0.4635733664,"a,e"
Shanghai,Height,27,0.2292798012,"a,e"
Wuhan,Height,9,-0.3330931962,"a,e"
Shanghai,Height,9,-0.3415950835,"a,e"
Shanghai,Height,33,0.1848435253,"a,e"
Wuhan,Height,21,0.03828706592,"a,e"
Shanghai,Height,24,-0.02259177156,"a,e"
Beijing,Height,30,0.1437200159,"a,e"
Wuhan,Height,21,-0.03220757842,"a,e"
Shanghai,Height,9,-0.3758820295,"a,e"
Beijing,Height,9,-0.4412606657,"a,e"
Shanghai,Height,9,-0.1850145459,"a,e"
Shanghai,Height,18,-0.147778362,"a,e"
Shanghai,Height,18,-0.08649481088,"a,e"
Wuhan,Height,24,0.2021964341,"a,e"
Wuhan,Height,12,-0.3488371074,"a,e"
Shanghai,Height,18,-0.1277590245,"a,e"
Wuhan,Height,15,-0.1099939346,"a,e"
Shanghai,Height,9,-0.3729044199,"a,e"
Guangzhou,Height,15,-0.1204184294,"a,e"
Shanghai,Height,9,-0.2939328253,"a,e"
Beijing,Height,30,0.2752707005,"a,e"
Shanghai,Height,9,-0.1202158779,"a,e"
Guangzhou,Height,9,-0.3466502726,"a,e"
Shanghai,Height,18,-0.06190540269,"a,e"
Shanghai,Height,12,-0.2579700053,"a,e"
Shanghai,Height,21,-0.07201440632,"a,e"
Shanghai,Height,15,-0.1819371879,"a,e"
Shanghai,Height,18,-0.1967346221,"a,e"
Shanghai,Height,18,-0.1089026853,"a,e"
Wuhan,Height,18,-0.142168358,"a,e"
Beijing,Height,18,-0.2166043371,"a,e"
Wuhan,Height,48,0.3435552418,"a,e"
Shanghai,Height,12,-0.2024392337,"a,e"
Beijing,Height,9,-0.2024896443,"a,e"
Shanghai,Height,18,-0.1299405694,"a,e"
Shanghai,Height,36,0.07146464288,"a,e"
Shanghai,Height,12,-0.2545740604,"a,e"
Shanghai,Height,9,-0.306047529,"a,e"
Wuhan,Height,21,0.1913026869,"a,e"
Shanghai,Height,9,-0.2111760378,"a,e"
Beijing,Height,30,0.1423215568,"a,e"
Shanghai,Height,33,0.318359077,"a,e"
Shanghai,Height,27,0.09120544046,"a,e"
Shanghai,Height,66,0.4311276376,"a,e"
Shanghai,Height,9,-0.373203069,"a,e"
Shanghai,Height,15,-0.09843257815,"a,e"
Shanghai,Height,18,-0.2053847462,"a,e"
Wuhan,Height,30,0.2857752442,"a,e"
Shanghai,Height,15,-0.2212584168,"a,e"
Beijing,Height,78,0.8087192774,"a,e"
Shanghai,Height,48,0.3911367357,"a,e"
Shanghai,Height,18,-0.1839649379,"a,e"
Shanghai,Height,18,-0.165861398,"a,e"
Shanghai,Height,15,-0.1409934759,"a,e"
Shanghai,Height,6,-0.20842731,"a,e"
Shanghai,Height,48,0.4073538482,"a,e"
Shanghai,Height,18,-0.150500685,"a,e"
Guangzhou,Height,18,-0.0627315715,"a,e"
Beijing,Height,15,-0.2927426398,"a,e"
Shanghai,Height,9,-0.3349710107,"a,e"
Wuhan,Height,9,-0.1538541913,"a,e"
Shanghai,Height,12,-0.214066267,"a,e"
Wuhan,Height,12,-0.171201393,"a,e"
Shanghai,Height,18,-0.263761133,"a,e"
Guangzhou,Height,9,-0.3841312826,"a,e"
Beijing,Height,9,-0.3647826612,"a,e"
Guangzhou,Height,18,-0.0434300676,"a,e"
Wuhan,Height,30,0.1019688323,"a,e"
Wuhan,Height,18,-0.1632219702,"a,e"
Wuhan,Height,60,0.2095107585,"a,e"
Beijing,Height,12,-0.1873677969,"a,e"
Shanghai,Height,15,-0.08825556189,"a,e"
Shanghai,Height,9,-0.3352216482,"a,e"
Shanghai,Height,30,0.2668801844,"a,e"
Guangzhou,Height,9,-0.4926365912,"a,e"
Wuhan,Height,9,-0.3231789172,"a,e"
Shanghai,Height,9,-0.1736323237,"a,e"
Shanghai,Height,18,-0.1699571759,"a,e"
Shanghai,Height,9,-0.1967840046,"a,e"
Shanghai,Height,18,-0.1430059224,"a,e"
Shanghai,Height,21,-0.06219085678,"a,e"
Shanghai,Height,9,-0.42153427,"a,e"
Shanghai,Height,18,-0.07556445897,"a,e"
Shanghai,Height,18,-0.1809444129,"a,e"
Beijing,Height,30,0.2840415835,"a,e"
Guangzhou,Height,9,-0.3336702883,"a,e"
Shanghai,Height,9,-0.3290733397,"a,e"
Wuhan,Height,30,0.03582678735,"a,e"
Shanghai,Height,6,-0.1967605203,"a,e"
Shanghai,Height,69,0.6794849634,"a,e"
Wuhan,Height,18,-0.2360084206,"a,e"
Wuhan,Height,9,-0.3681948781,"a,e"
Shanghai,Height,24,0.209855929,"a,e"
Wuhan,Height,12,-0.2194112986,"a,e"
Shanghai,Height,18,-0.09800763428,"a,e"
Shanghai,Height,18,-0.1027717739,"a,e"
Shanghai,Height,9,-0.2942542732,"a,e"
Shanghai,Height,18,-0.1732697636,"a,e"
Beijing,Height,9,-0.167617023,"a,e"
Beijing,Height,12,-0.1777680218,"a,e"
Beijing,Height,30,0.1938731223,"a,e"
Guangzhou,Height,15,-0.08753953129,"a,e"
Wuhan,Height,15,-0.1308745891,"a,e"
Wuhan,Height,15,-0.05355967581,"a,e"
Shanghai,Height,18,-0.1607039422,"a,e"
Shanghai,Height,9,-0.3153848946,"a,e"
Shanghai,Height,18,-0.192385152,"a,e"
Guangzhou,Height,9,-0.3622755408,"a,e"
Shanghai,Height,18,-0.185057357,"a,e"
Shanghai,Height,63,0.3105218709,"a,e"
Shanghai,Height,9,-0.3873524666,"a,e"
Shanghai,Height,15,-0.207833901,"a,e"
Shanghai,Height,15,-0.1391512156,"a,e"
Beijing,Height,42,0.2051050216,"a,e"
Guangzhou,Height,48,0.3585509658,"a,e"
Shanghai,Height,18,-0.172093913,"a,e"
Shanghai,Height,18,-0.06678043306,"a,e"
Shanghai,Height,18,-0.09536099434,"a,e"
Beijing,Height,9,-0.2648851871,"a,e"
Guangzhou,Height,18,-0.004183397163,"a,e"
Guangzhou,Height,9,-0.3652872145,"a,e"
Shanghai,Height,30,0.2878392339,"a,e"
Shanghai,Height,15,-0.1999685615,"a,e"
Beijing,Height,12,-0.2017179281,"a,e"
Wuhan,Height,9,-0.3320158124,"a,e"
Shanghai,Height,9,-0.270141542,"a,e"
Shanghai,Height,15,-0.2848309875,"a,e"
Shanghai,Height,18,-0.06065308675,"a,e"
Shanghai,Height,18,-0.1673115492,"a,e"
Beijing,Height,9,-0.3055003285,"a,e"
Wuhan,Height,9,-0.4885439575,"a,e"
Wuhan,Height,9,-0.3009716272,"a,e"
Shanghai,Height,9,-0.3674123883,"a,e"
Wuhan,Height,15,-0.1791962534,"a,e"
Wuhan,Height,18,-0.1076123938,"a,e"
Beijing,Height,18,-0.06131955981,"a,e"
Shanghai,Height,18,-0.1158133745,"a,e"
Guangzhou,Height,9,-0.2852144837,"a,e"
Beijing,Height,9,-0.218028903,"a,e"
Shanghai,Height,39,0.2724421024,"a,e"
Wuhan,Height,9,-0.3859378099,"a,e"
Shanghai,Height,18,-0.1897224486,"a,e"
Shanghai,Height,18,-0.1845647693,"a,e"
Shanghai,Height,15,-0.1547276676,"a,e"
Beijing,Height,18,-0.1954157799,"a,e"
Wuhan,Height,15,-0.04948527366,"a,e"
Shanghai,Height,18,-0.09407102317,"a,e"
Shanghai,Height,18,-0.1629316211,"a,e"
Beijing,Height,18,-0.04383771867,"a,e"
Shanghai,Height,12,-0.1673181653,"a,e"
Shanghai,Height,9,-0.3468759656,"a,e"
Beijing,Height,9,-0.31226632,"a,e"
Guangzhou,Height,9,-0.4102040827,"a,e"
Shanghai,Height,9,-0.3524636924,"a,e"
Wuhan,Height,33,0.07137088478,"a,e"
Shanghai,Height,18,-0.05611884966,"a,e"
Shanghai,Height,18,-0.1101139784,"a,e"
Shanghai,Height,18,-0.1320664138,"a,e"
Guangzhou,Height,24,0.07106222212,"a,e"
Shanghai,Height,12,-0.2907706201,"a,e"
Shanghai,Height,6,-0.2195101529,"a,e"
Shanghai,Height,21,-0.05017558113,"a,e"
Shanghai,Height,9,-0.268324405,"a,e"
Beijing,Height,9,-0.2494360209,"a,e"
Guangzhou,Height,9,-0.359768182,"a,e"
Shanghai,Height,9,-0.3417415023,"a,e"
Wuhan,Height,24,0.08043287694,"a,e"
Wuhan,Height,15,-0.2265528589,"a,e"
Shanghai,Height,6,-0.1702002436,"a,e"
Wuhan,Height,15,-0.1034968495,"a,e"
Guangzhou,Height,9,-0.3918441534,"a,e"
Beijing,Height,18,-0.2606165707,"a,e"
Beijing,Height,27,0.08605743945,"a,e"
Shanghai,Height,9,-0.2559521496,"a,e"
Shanghai,Height,18,-0.2209648043,"a,e"
Wuhan,Height,9,-0.4198987186,"a,e"
Shanghai,Height,9,-0.3138032258,"a,e"
Shanghai,Height,18,-0.1276848316,"a,e"
Guangzhou,Height,18,0.117769368,"a,e"
Wuhan,Height,21,0.2467362136,"a,e"
Shanghai,Height,15,-0.1632775664,"a,e"
Shanghai,Height,15,-0.2411029637,"a,e"
Wuhan,Height,18,-0.1555458605,"a,e"
Shanghai,Height,18,-0.2001762986,"a,e"
Beijing,Height,30,0.2969223857,"a,e"
Shanghai,Height,18,-0.1680948734,"a,e"
Beijing,Height,72,0.3875425458,"a,e"
Shanghai,Height,60,0.3638190031,"a,e"
Beijing,Height,18,-0.2273632139,"a,e"
Shanghai,Height,12,-0.2259177715,"a,e"
Shanghai,Height,18,-0.1829031557,"a,e"
Shanghai,Height,54,0.2903173268,"a,e"
Wuhan,Height,54,0.3178180754,"a,e"
Beijing,Height,24,0.1331905276,"a,e"
Guangzhou,Height,9,-0.4056870341,"a,e"
Wuhan,Height,15,-0.2119912654,"a,e"
Wuhan,Height,12,-0.3353668749,"a,e"
Shanghai,Height,9,-0.353521049,"a,e"
Shanghai,Height,18,-0.04301036522,"a,e"
Shanghai,Height,15,-0.06719040126,"a,e"
Shanghai,Height,18,-0.1334570944,"a,e"
Shanghai,Height,18,-0.1364989281,"a,e"
Wuhan,Height,30,0.04099689797,"a,e"
Shanghai,Height,39,0.2837832868,"a,e"
Guangzhou,Height,9,-0.4777393639,"a,e"
Shanghai,Height,18,-0.1698980778,"a,e"
Wuhan,Height,18,-0.09619708359,"a,e"
Guangzhou,Height,9,-0.4174038172,"a,e"
Shanghai,Height,9,-0.3557878733,"a,e"
Beijing,Height,15,-0.2076776028,"a,e"
Shanghai,Height,9,-0.3590117991,"a,e"
Shanghai,Height,15,-0.03609278426,"a,e"
Shanghai,Height,21,-0.04145640135,"a,e"
Shanghai,Height,21,-0.00892736949,"a,e"
Beijing,Height,18,-0.2823809981,"a,e"
Shanghai,Height,18,-0.07301470637,"a,e"
Shanghai,Height,6,-0.1491128057,"a,e"
Shanghai,Height,6,-0.167240873,"a,e"
Beijing,Height,45,0.2154049724,"a,e"
Beijing,Height,42,0.243749544,"a,e"
Beijing,Height,24,0.2707318068,"a,e"
Shanghai,Height,6,-0.1529500633,"a,e"
Shanghai,Height,18,-0.06823893636,"a,e"
Shanghai,Height,12,-0.2013982683,"a,e"
Shanghai,Height,9,-0.4272065163,"a,e"
Shanghai,Height,33,0.2184635699,"a,e"
Shanghai,Height,6,-0.3745879829,"a,e"
Wuhan,Height,6,-0.3702025712,"a,e"
Shanghai,Height,60,0.6865476966,"a,e"
Beijing,Height,9,-0.3142807186,"a,e"
Guangzhou,Height,24,0.2659920752,"a,e"
Beijing,Height,42,0.2139998376,"a,e"
Beijing,Height,12,-0.262801975,"a,e"
Shanghai,Height,6,-0.225012213,"a,e"
Shanghai,Height,18,-0.07491351664,"a,e"
Wuhan,Height,51,0.3283267915,"a,e"
Wuhan,Height,15,-0.1876707375,"a,e"
Shanghai,Height,18,-0.1401861906,"a,e"
Shanghai,Height,36,0.2375899255,"a,e"
Shanghai,Height,9,-0.2291108817,"a,e"
Shanghai,Height,15,-0.1132022366,"a,e"
Shanghai,Height,9,-0.2903419435,"a,e"
Shanghai,Height,18,-0.119107753,"a,e"
Wuhan,Height,60,0.2546102703,"a,e"
Wuhan,Height,18,-0.2523970306,"a,e"
Shanghai,Height,9,-0.2836708426,"a,e"
Wuhan,Height,69,0.208341524,"a,e"
Shanghai,Height,12,-0.267990768,"a,e"
Guangzhou,Height,9,-0.4519658387,"a,e"
Beijing,Height,30,0.09899787605,"a,e"
Wuhan,Height,24,0.2366175652,"a,e"
Beijing,Height,18,-0.1618890762,"a,e"
Wuhan,Height,9,-0.1538541913,"a,e"
Guangzhou,Height,21,0.01465435885,"a,e"
Shanghai,Height,18,-0.2392653078,"a,e"
Shanghai,Height,24,0.1773207933,"a,e"
Beijing,Height,9,-0.3182407916,"a,e"
Guangzhou,Height,30,0.254277885,"a,e"
Wuhan,Height,12,-0.2605721653,"a,e"
Shanghai,Height,18,-0.09869281203,"a,e"
Shanghai,Height,33,0.2861700952,"a,e"
Wuhan,Height,9,-0.2702028751,"a,e"
Shanghai,Height,9,-0.2858641744,"a,e"
Shanghai,Height,21,0.02635319345,"a,e"
Shanghai,Height,9,-0.3487087786,"a,e"
Beijing,Height,24,0.0003850585781,"a,e"
Beijing,Height,9,-0.2206018716,"a,e"
Guangzhou,Height,12,-0.2261526287,"a,e"
Wuhan,Height,21,-0.06996824592,"a,e"
Guangzhou,Height,66,0.3428910971,"a,e"
Shanghai,Height,18,-0.2030231506,"a,e"
Beijing,Height,24,0.09183418006,"a,e"
Shanghai,Height,18,-0.1335104108,"a,e"
Beijing,Height,36,0.2920201123,"a,e"
Wuhan,Height,18,-0.2218130082,"a,e"
Shanghai,Height,15,-0.1629864573,"a,e"
Shanghai,Height,30,0.192865178,"a,e"
Shanghai,Height,9,-0.4589489102,"a,e"
Shanghai,Height,12,-0.2244512588,"a,e"
Shanghai,Height,15,-0.1241910607,"a,e"
Shanghai,Height,21,-0.05618080124,"a,e"
Wuhan,Height,9,-0.3304542303,"a,e"
Guangzhou,Height,12,-0.2547362149,"a,e"
Shanghai,Height,48,0.1694296747,"a,e"
Shanghai,Height,18,-0.1480729431,"a,e"
Shanghai,Height,9,-0.3562476933,"a,e"
Shanghai,Height,33,0.09727939218,"a,e"
Guangzhou,Height,36,0.2362828851,"a,e"
Shanghai,Height,15,-0.1207507104,"a,e"
Wuhan,Height,15,-0.06499128044,"a,e"
Shanghai,Height,27,0.2455596179,"a,e"
Guangzhou,Height,6,-0.2920043766,"a,e"
Beijing,Height,9,-0.269397229,"a,e"
Beijing,Height,60,0.2491845191,"a,e"
Shanghai,Height,21,0.004947558977,"a,e"
Beijing,Height,36,0.2528858483,"a,e"
Shanghai,Height,12,-0.2206292748,"a,e"
Guangzhou,Height,24,0.04310113564,"a,e"
Shanghai,Height,15,-0.08342882246,"a,e"
Guangzhou,Height,18,-0.03697738051,"a,e"
Guangzhou,Height,15,-0.04791458696,"a,e"
Shanghai,Height,18,-0.2037409544,"a,e"
Beijing,Height,9,-0.3337429464,"a,e"
Shanghai,Height,51,0.4348611534,"a,e"
Shanghai,Height,9,-0.3303855062,"a,e"
Wuhan,Height,18,-0.1759866178,"a,e"
Shanghai,Height,15,-0.1284285337,"a,e"
Shanghai,Height,18,-0.02600416169,"a,e"
Guangzhou,Height,9,-0.387314558,"a,e"
Shanghai,Height,15,-0.1041205749,"a,e"
Shanghai,Height,18,-0.1190542057,"a,e"
Wuhan,Height,36,0.3300876021,"a,e"
Shanghai,Height,18,-0.2134236395,"a,e"
Shanghai,Height,6,-0.3858550787,"a,e"
Shanghai,Height,27,0.2341253012,"a,e"
Shanghai,Height,9,-0.2177893966,"a,e"
Beijing,Height,9,-0.3557117581,"a,e"
Shanghai,Height,15,-0.1193585396,"a,e"
Shanghai,Height,9,-0.356267333,"a,e"
Shanghai,Height,6,-0.3739621639,"a,e"
Shanghai,Height,36,0.2392766476,"a,e"
Shanghai,Height,9,-0.2766886353,"a,e"
Shanghai,Height,15,-0.1706446111,"a,e"
Wuhan,Height,18,-0.1538684964,"a,e"
Shanghai,Height,12,-0.2262769789,"a,e"
Wuhan,Height,18,-0.2157459557,"a,e"
Wuhan,Height,15,-0.2102530152,"a,e"
Wuhan,Height,63,0.2002877891,"a,e"
Shanghai,Height,18,-0.1574822068,"a,e"
Shanghai,Height,15,-0.08340168744,"a,e"
Shanghai,Height,9,-0.2631907761,"a,e"
Shanghai,Height,12,-0.2345927954,"a,e"
Shanghai,Height,9,-0.3274980485,"a,e"
Wuhan,Height,9,-0.3282097578,"a,e"
Guangzhou,Height,9,-0.3647111952,"a,e"
Shanghai,Height,15,-0.0766101554,"a,e"
Shanghai,Height,18,-0.09253683686,"a,e"
Shanghai,Height,18,-0.1835495383,"a,e"
Shanghai,Height,9,-0.3488825858,"a,e"
Guangzhou,Height,9,-0.4209766686,"a,e"
Wuhan,Height,30,0.3148384094,"a,e"
Shanghai,Height,21,-0.2047737688,"a,e"
Wuhan,Height,9,-0.1819014847,"a,e"
Guangzhou,Height,9,-0.4333544374,"a,e"
Beijing,Height,24,0.0434904322,"a,e"
Shanghai,Height,9,-0.3708824515,"a,e"
Shanghai,Height,21,-0.04224141687,"a,e"
Guangzhou,Height,9,-0.4427649081,"a,e"
Shanghai,Height,18,-0.06301884353,"a,e"
Shanghai,Height,33,0.1459854245,"a,e"
Wuhan,Height,36,0.1485930383,"a,e"
Beijing,Height,18,-0.2579974234,"a,e"
Shanghai,Height,12,-0.2285020053,"a,e"
Shanghai,Height,18,-0.1886921078,"a,e"
Shanghai,Height,15,-0.1690174788,"a,e"
Guangzhou,Height,9,-0.4252993762,"a,e"
Wuhan,Height,15,-0.2566325366,"a,e"
Shanghai,Height,30,0.1507296115,"a,e"
Shanghai,Height,18,-0.07605808973,"a,e"
Shanghai,Height,6,-0.209159866,"a,e"
Wuhan,Height,12,-0.2144078016,"a,e"
Wuhan,Height,18,-0.1376253217,"a,e"
Shanghai,Height,18,-0.2829547822,"a,e"
Shanghai,Height,66,0.4262756705,"a,e"
Guangzhou,Height,27,0.2731683552,"a,e"
Shanghai,Height,12,-0.2163906246,"a,e"
Shanghai,Height,36,0.1479250938,"a,e"
Shanghai,Height,15,-0.1237284765,"a,e"
Shanghai,Height,9,-0.2018495947,"a,e"
Shanghai,Height,12,-0.4142934978,"a,e"
Guangzhou,Height,9,-0.4518102407,"a,e"
Shanghai,Height,30,0.362842828,"a,e"
Wuhan,Height,24,0.1445055008,"a,e"
Shanghai,Height,18,-0.1366099864,"a,e"
Shanghai,Height,39,0.4024600387,"a,e"
Shanghai,Height,18,-0.1191396862,"a,e"
Shanghai,Height,9,-0.4053978324,"a,e"
Wuhan,Height,36,0.188803792,"a,e"
Beijing,Height,21,-0.094543688,"a,e"
Guangzhou,Height,24,0.1761607081,"a,e"
Beijing,Height,9,-0.3636400104,"a,e"
Shanghai,Height,12,-0.2548771203,"a,e"
Guangzhou,Height,9,-0.3624080718,"a,e"
Wuhan,Height,18,-0.06851439923,"a,e"
Beijing,Height,30,0.1992348731,"a,e"
Shanghai,Height,15,-0.2368180454,"a,e"
Guangzhou,Height,18,0.03349676728,"a,e"
Beijing,Height,21,-0.03489050269,"a,e"
Wuhan,Height,63,0.1589834094,"a,e"
Wuhan,Height,33,0.05751733109,"a,e"
Shanghai,Height,9,-0.2643665373,"a,e"
Shanghai,Height,18,-0.07395274192,"a,e"
Shanghai,Height,18,-0.05785785988,"a,e"
Shanghai,Height,6,-0.3677491844,"a,e"
Guangzhou,Height,9,-0.3637705445,"a,e"
Shanghai,Height,18,-0.06894470751,"a,e"
Beijing,Height,6,-0.1557275206,"a,e"
Shanghai,Height,18,-0.1319874525,"a,e"
Guangzhou,Height,18,0.0791073963,"a,e"
Guangzhou,Height,9,-0.4125397205,"a,e"
Shanghai,Height,24,0.1801807135,"a,e"
Shanghai,Height,18,-0.0688688904,"a,e"
Shanghai,Height,9,-0.3314855993,"a,e"
Shanghai,Height,9,-0.1864018142,"a,e"
Shanghai,Height,6,-0.2607888877,"a,e"
Shanghai,Height,9,-0.1853670478,"a,e"
Beijing,Height,30,0.2577949464,"a,e"
Wuhan,Height,18,-0.03336256742,"a,e"
Guangzhou,Height,18,-0.04883150011,"a,e"
Shanghai,Height,21,0.2081641853,"a,e"
Guangzhou,Height,9,-0.4470850229,"a,e"
Shanghai,Height,9,-0.3061191738,"a,e"
Shanghai,Height,15,-0.05138568208,"a,e"
Shanghai,Height,18,-0.1589472592,"a,e"
Shanghai,Height,9,-0.4713564217,"a,e"
Shanghai,Height,18,-0.1337417662,"a,e"
Shanghai,Height,21,0.3388471007,"a,e"
Shanghai,Height,15,-0.137110576,"a,e"
Beijing,Height,18,-0.2250209451,"a,e"
Shanghai,Height,42,0.5419484377,"a,e"
Beijing,Height,6,-0.2501937747,"a,e"
Shanghai,Height,18,-0.1130357906,"a,e"
Guangzhou,Height,9,-0.3762813509,"a,e"
Shanghai,Height,18,-0.08119725436,"a,e"
Shanghai,Height,9,-0.2158280164,"a,e"
Shanghai,Height,18,-0.1713089645,"a,e"
Shanghai,Height,27,0.1120448112,"a,e"
Shanghai,Height,15,-0.1041743979,"a,e"
Shanghai,Height,6,-0.3252104819,"a,e"
Beijing,Height,6,-0.2861115932,"a,e"
Shanghai,Height,15,-0.09553613514,"a,e"
Shanghai,Height,33,0.3175463974,"a,e"
Shanghai,Height,6,-0.148942098,"a,e"
Beijing,Height,21,-0.04386615008,"a,e"
Wuhan,Height,48,0.3157367706,"a,e"
Shanghai,Height,48,0.4183070362,"a,e"
Guangzhou,Height,9,-0.3989684582,"a,e"
Beijing,Height,15,-0.08939678222,"a,e"
Guangzhou,Height,24,0.2567007542,"a,e"
Shanghai,Height,30,0.1897872239,"a,e"
Shanghai,Height,9,-0.3697037697,"a,e"
Shanghai,Height,36,0.240117982,"a,e"
Wuhan,Height,9,-0.3754568398,"a,e"
Wuhan,Height,9,-0.187579602,"a,e"
Shanghai,Height,18,-0.0630164668,"a,e"
Shanghai,Height,36,0.1632986516,"a,e"
Shanghai,Height,9,-0.479254663,"a,e"
Guangzhou,Height,12,-0.1631715596,"a,e"
Shanghai,Height,9,-0.1455020458,"a,e"
Shanghai,Height,9,-0.4884582758,"a,e"
Shanghai,Height,15,-0.200127095,"a,e"
Shanghai,Height,18,-0.009448213503,"a,e"
Shanghai,Height,9,-0.3524072766,"a,e"
Shanghai,Height,18,-0.05447495356,"a,e"
Guangzhou,Height,21,-0.07410653681,"a,e"
Shanghai,Height,18,-0.1681225002,"a,e"
Shanghai,Height,9,-0.3506947458,"a,e"
Guangzhou,Height,9,-0.3547050059,"a,e"
Guangzhou,Height,9,-0.4000127614,"a,e"
Shanghai,Height,9,-0.371532917,"a,e"
Shanghai,Height,15,-0.241085887,"a,e"
Shanghai,Height,21,0.03121941164,"a,e"
Beijing,Height,18,-0.1075427681,"a,e"
Guangzhou,Height,18,-0.07524827868,"a,e"
Shanghai,Height,12,-0.2037023455,"a,e"
Shanghai,Height,18,-0.1463109553,"a,e"
Beijing,Height,18,-0.1792938411,"a,e"
Shanghai,Height,12,-0.2287498415,"a,e"
Shanghai,Height,9,-0.398252368,"a,e"
Shanghai,Height,18,-0.08476756513,"a,e"
Guangzhou,Height,9,-0.4709084034,"a,e"
Beijing,Height,24,0.06468550116,"a,e"
Shanghai,Height,12,-0.2061795592,"a,e"
Shanghai,Height,6,-0.4064727724,"a,e"
Shanghai,Height,33,0.1725787371,"a,e"
Shanghai,Height,18,-0.03766294941,"a,e"
Shanghai,Height,9,-0.3228780031,"a,e"
Shanghai,Height,6,-0.1500470936,"a,e"
Guangzhou,Height,9,-0.4142428339,"a,e"
Wuhan,Height,24,0.2539150715,"a,e"
Wuhan,Height,15,-0.1495602876,"a,e"
Shanghai,Height,18,-0.1320694685,"a,e"
Guangzhou,Height,45,0.4229719341,"a,e"
Guangzhou,Height,18,-0.1506677419,"a,e"
Shanghai,Height,18,-0.170088008,"a,e"
Shanghai,Height,18,-0.2405362129,"a,e"
Shanghai,Height,6,-0.3745796382,"a,e"
Shanghai,Height,21,-0.0004675557138,"a,e"
Wuhan,Height,12,-0.1014361531,"a,e"
Shanghai,Height,21,0.2595157623,"a,e"
Guangzhou,Height,9,-0.3909155428,"a,e"
Shanghai,Height,18,-0.1767800599,"a,e"
Guangzhou,Height,9,-0.2919133902,"a,e"
Wuhan,Height,60,0.2723633647,"a,e"
Beijing,Height,15,-0.09724535793,"a,e"
Beijing,Height,6,-0.2688539624,"a,e"
Wuhan,Height,15,-0.06090180948,"a,e"
Shanghai,Height,18,-0.1218451485,"a,e"
Guangzhou,Height,9,-0.4392854869,"a,e"
Shanghai,Height,9,-0.3292745352,"a,e"
Shanghai,Height,6,-0.3975986242,"a,e"
Shanghai,Height,9,-0.3532732725,"a,e"
Guangzhou,Height,9,-0.3477653563,"a,e"
Shanghai,Height,42,0.2499365211,"a,e"
Guangzhou,Height,9,-0.5044486523,"a,e"
Shanghai,Height,9,-0.4471930265,"a,e"
Wuhan,Height,21,0.1231927648,"a,e"
Shanghai,Height,12,-0.241210416,"a,e"
Shanghai,Height,18,-0.1334747374,"a,e"
Shanghai,Height,12,-0.2163697332,"a,e"
Guangzhou,Height,21,0.04268646613,"a,e"
Guangzhou,Height,9,-0.3794097602,"a,e"
Shanghai,Height,18,-0.1814528108,"a,e"
Guangzhou,Height,6,-0.4122883677,"a,e"
Wuhan,Height,18,-0.1115610898,"a,e"
Shanghai,Height,9,-0.2518731356,"a,e"
Wuhan,Height,9,-0.3265883923,"a,e"
Shanghai,Height,9,-0.2728613019,"a,e"
Shanghai,Height,9,-0.1205314621,"a,e"
Wuhan,Height,15,-0.187853232,"a,e"
Shanghai,Height,6,-0.1354010999,"a,e"
Wuhan,Height,9,-0.2031197846,"a,e"
Wuhan,Height,15,-0.1067428216,"a,e"
Shanghai,Height,9,-0.4212037027,"a,e"
Shanghai,Height,18,-0.08944432437,"a,e"
Wuhan,Height,9,-0.5547927022,"a,e"
Beijing,Height,12,-0.2057999074,"a,e"
Guangzhou,Height,9,-0.3794995248,"a,e"
Shanghai,Height,18,-0.08612046391,"a,e"
Wuhan,Height,24,0.114158012,"a,e"
Shanghai,Height,18,-0.1407720596,"a,e"
Shanghai,Height,18,-0.1499334872,"a,e"
Shanghai,Height,18,-0.1748153567,"a,e"
Wuhan,Height,24,0.3052060306,"a,e"
Shanghai,Height,12,-0.2243755162,"a,e"
Shanghai,Height,18,-0.1268206388,"a,e"
Shanghai,Height,21,0.4494594038,"a,e"
Guangzhou,Height,9,-0.2514181733,"a,e"
Shanghai,Height,12,-0.1730454415,"a,e"
Shanghai,Height,15,-0.1737281978,"a,e"
Shanghai,Height,18,-0.1977562904,"a,e"
Shanghai,Height,6,-0.3746246994,"a,e"
Shanghai,Height,18,-0.1099836379,"a,e"
Wuhan,Height,18,-0.1924552023,"a,e"
Guangzhou,Height,12,-0.2962320149,"a,e"
Shanghai,Height,18,-0.1179156005,"a,e"
Shanghai,Height,33,0.2882608473,"a,e"
Shanghai,Height,15,-0.07302559912,"a,e"
Shanghai,Height,15,-0.1509805024,"a,e"
Wuhan,Height,9,-0.3258855045,"a,e"
Wuhan,Height,54,0.388982594,"a,e"
Wuhan,Height,36,0.2875624299,"a,e"
Guangzhou,Height,9,-0.4161770046,"a,e"
Wuhan,Height,18,-0.07671390474,"a,e"
Wuhan,Height,18,-0.1590081602,"a,e"
Beijing,Height,9,-0.4041350782,"a,e"
Shanghai,Height,21,0.2710666358,"a,e"
Wuhan,Height,12,-0.1553370655,"a,e"
Shanghai,Height,66,0.4577050507,"a,e"
Guangzhou,Height,15,-0.08408271521,"a,e"
Shanghai,Height,12,-0.08855868131,"a,e"
Shanghai,Height,18,-0.226539433,"a,e"
Shanghai,Height,9,-0.2501069903,"a,e"
Guangzhou,Height,9,-0.3787180185,"a,e"
Shanghai,Height,9,-0.2663301528,"a,e"
Guangzhou,Height,24,-0.009894826449,"a,e"
Shanghai,Height,15,-0.1046180353,"a,e"
Shanghai,Height,18,-0.1568519026,"a,e"
Shanghai,Height,18,-0.1740279943,"a,e"
Shanghai,Height,18,-0.1666863114,"a,e"
Shanghai,Height,18,-0.1654189825,"a,e"
Beijing,Height,12,-0.2885191739,"a,e"
Wuhan,Height,15,-0.1313248575,"a,e"
Beijing,Height,36,0.1820555627,"a,e"
Shanghai,Height,15,-0.1904344261,"a,e"
Wuhan,Height,81,0.8616972566,"a,e"
Beijing,Height,18,-0.1943039894,"a,e"
Shanghai,Height,9,-0.3147757649,"a,e"
Shanghai,Height,12,-0.241809383,"a,e"
Shanghai,Height,18,-0.2011986226,"a,e"
Wuhan,Height,36,0.1933565736,"a,e"
Wuhan,Height,60,0.2705562711,"a,e"
Shanghai,Height,15,-0.1409122199,"a,e"
Wuhan,Height,12,-0.2007881999,"a,e"
Beijing,Height,9,-0.3136808276,"a,e"
Shanghai,Height,39,0.4279707372,"a,e"
Shanghai,Height,15,-0.04058740288,"a,e"
Shanghai,Height,18,-0.1699325293,"a,e"
Guangzhou,Height,9,-0.4561434388,"a,e"
Shanghai,Height,15,-0.101938501,"a,e"
Wuhan,Height,21,-0.03403490782,"a,e"
Guangzhou,Height,15,-0.04919203743,"a,e"
Guangzhou,Height,9,-0.3261468709,"a,e"
Beijing,Height,15,-0.1800419241,"a,e"
Shanghai,Height,9,-0.2162440121,"a,e"
Shanghai,Height,15,-0.08256538212,"a,e"
Shanghai,Height,18,-0.1673888266,"a,e"
Guangzhou,Height,9,-0.3795419335,"a,e"
Shanghai,Height,21,-0.04748242721,"a,e"
Shanghai,Height,15,-0.0732017383,"a,e"
Shanghai,Height,15,-0.2240502089,"a,e"
Beijing,Height,12,-0.192180112,"a,e"
Wuhan,Height,15,-0.2109367102,"a,e"
Shanghai,Height,6,-0.2175944895,"a,e"
Beijing,Height,18,-0.10510353,"a,e"
Shanghai,Height,18,-0.194950968,"a,e"
Shanghai,Height,45,0.5982436538,"a,e"
Shanghai,Height,18,-0.2054997981,"a,e"
Wuhan,Height,9,-0.4042210281,"a,e"
Shanghai,Height,9,-0.2112475038,"a,e"
Shanghai,Height,30,0.2109221369,"a,e"
Beijing,Height,24,0.2515664697,"a,e"
Shanghai,Height,9,-0.3012774885,"a,e"
Beijing,Height,21,-0.1602083296,"a,e"
Beijing,Height,12,-0.2752971053,"a,e"
Beijing,Height,21,0.03686380386,"a,e"
Shanghai,Height,18,-0.1310410798,"a,e"
Shanghai,Height,18,-0.1743945628,"a,e"
Beijing,Height,30,0.1946767122,"a,e"
Shanghai,Height,54,0.2017646283,"a,e"
Beijing,Height,15,-0.0464152135,"a,e"
Shanghai,Height,33,0.1807162464,"a,e"
Shanghai,Height,27,0.1086779833,"a,e"
Shanghai,Height,33,0.04615517333,"a,e"
Shanghai,Height,6,-0.1521789581,"a,e"
Shanghai,Height,15,-0.1302619278,"a,e"
Shanghai,Height,18,-0.2339439541,"a,e"
Shanghai,Height,12,-0.2799346149,"a,e"
Shanghai,Height,18,-0.1953627765,"a,e"
Shanghai,Height,18,-0.1936311424,"a,e"
Shanghai,Height,54,0.2967371047,"a,e"
Shanghai,Height,9,-0.3519834578,"a,e"
Shanghai,Height,33,0.2738936841,"a,e"
Shanghai,Height,66,0.5178286433,"a,e"
Shanghai,Height,9,-0.2641844451,"a,e"
Shanghai,Height,6,-0.3639187813,"a,e"
Shanghai,Height,15,-0.1219135076,"a,e"
Shanghai,Height,15,-0.1631871164,"a,e"
Shanghai,Height,15,-0.2368187755,"a,e"
Shanghai,Height,33,0.316655606,"a,e"
Beijing,Height,21,0.2124423683,"a,e"
Wuhan,Height,18,-0.08502160013,"a,e"
Guangzhou,Height,9,-0.3677580953,"a,e"
Guangzhou,Height,9,-0.3691781759,"a,e"
Shanghai,Height,21,-0.05561061949,"a,e"
Beijing,Height,36,0.2281322032,"a,e"
Beijing,Height,9,-0.2295015454,"a,e"
Shanghai,Height,15,-0.0900407508,"a,e"
Wuhan,Height,18,-0.0782475546,"a,e"
Shanghai,Height,33,0.3370244503,"a,e"
Guangzhou,Height,9,-0.3894613385,"a,e"
Shanghai,Height,18,-0.09623331577,"a,e"
Wuhan,Height,12,-0.2231223136,"a,e"
Wuhan,Height,27,0.2164248228,"a,e"
Shanghai,Height,21,-0.06843579561,"a,e"
Shanghai,Height,18,-0.1406650245,"a,e"
Wuhan,Height,21,-0.03327149525,"a,e"
Shanghai,Height,9,-0.2974580824,"a,e"
Shanghai,Height,18,-0.1013132706,"a,e"
Wuhan,Height,9,-0.2655496001,"a,e"
Shanghai,Height,18,-0.1269814968,"a,e"
Shanghai,Height,18,0.1277075261,"a,e"
Beijing,Height,51,0.204982847,"a,e"
Shanghai,Height,9,-0.2704145312,"a,e"
Wuhan,Height,45,0.3684847355,"a,e"
Shanghai,Height,9,-0.3805737197,"a,e"
Wuhan,Height,12,-0.2443682402,"a,e"
Wuhan,Height,18,-0.1600565165,"a,e"
Shanghai,Height,18,-0.03657401726,"a,e"
Shanghai,Height,9,-0.2668038607,"a,e"
Shanghai,Height,18,-0.207903862,"a,e"
Shanghai,Height,33,0.2632208467,"a,e"
Shanghai,Height,9,-0.3020271063,"a,e"
Wuhan,Height,9,-0.2858847976,"a,e"
Shanghai,Height,9,-0.3295090199,"a,e"
Wuhan,Height,12,-0.2168106139,"a,e"
Shanghai,Height,15,-0.1879295558,"a,e"
Guangzhou,Height,15,-0.09879665077,"a,e"
Shanghai,Height,18,-0.1336441636,"a,e"
Shanghai,Height,6,-0.2917869091,"a,e"
Beijing,Height,18,-0.1541345716,"a,e"
Guangzhou,Height,18,-0.03276433051,"a,e"
Shanghai,Height,9,-0.3577676713,"a,e"
Shanghai,Height,33,0.326761663,"a,e"
Shanghai,Height,45,0.480576098,"a,e"
Shanghai,Height,18,-0.1479174793,"a,e"
Guangzhou,Height,9,-0.3429884911,"a,e"
Shanghai,Height,18,-0.09914071113,"a,e"
Guangzhou,Height,9,-0.4190930128,"a,e"
Beijing,Height,18,-0.2587444484,"a,e"
Shanghai,Height,18,-0.1638952792,"a,e"
Shanghai,Height,9,-0.3669197559,"a,e"
Shanghai,Height,6,-0.3781629503,"a,e"
Shanghai,Height,15,-0.1388247162,"a,e"
Shanghai,Height,12,-0.3424504101,"a,e"
Wuhan,Height,18,-0.1740836799,"a,e"
Shanghai,Height,15,-0.164872095,"a,e"
Beijing,Height,15,-0.1589525193,"a,e"
Wuhan,Height,18,-0.07950439304,"a,e"
Shanghai,Height,15,-0.1315502822,"a,e"
Shanghai,Height,18,-0.1567427963,"a,e"
Wuhan,Height,36,0.1737779826,"a,e"
Guangzhou,Height,15,-0.04123655334,"a,e"
Wuhan,Height,9,-0.183859095,"a,e"
Shanghai,Height,9,-0.2995491922,"a,e"
Guangzhou,Height,45,0.2088552564,"a,e"
Shanghai,Height,9,-0.3421830535,"a,e"
Beijing,Height,9,-0.3505834341,"a,e"
Shanghai,Height,15,-0.25434798,"a,e"
Shanghai,Height,30,0.01495141722,"a,e"
Shanghai,Height,9,-0.3775005341,"a,e"
Shanghai,Height,24,0.08094808459,"a,e"
Shanghai,Height,12,-0.2613271475,"a,e"
Shanghai,Height,15,-0.1768913567,"a,e"
Wuhan,Height,12,-0.04751819745,"a,e"
Guangzhou,Height,18,-0.05097950622,"a,e"
Wuhan,Height,30,0.1458210051,"a,e"
Guangzhou,Height,18,-0.1654407978,"a,e"
Shanghai,Height,9,-0.2535158694,"a,e"
Shanghai,Height,6,-0.2131828666,"a,e"
Shanghai,Height,6,-0.2001200616,"a,e"
Shanghai,Height,18,-0.1604649723,"a,e"
Beijing,Height,12,-0.1617382765,"a,e"
Shanghai,Height,9,-0.3122137189,"a,e"
Shanghai,Height,9,-0.2534869015,"a,e"
Guangzhou,Height,15,-0.1532200873,"a,e"
Shanghai,Height,15,-0.06164256111,"a,e"
Guangzhou,Height,9,-0.3691407442,"a,e"
Shanghai,Height,9,-0.2112475038,"a,e"
Shanghai,Height,12,-0.2707058787,"a,e"
Shanghai,Height,18,-0.1638840437,"a,e"
Shanghai,Height,15,-0.1714286953,"a,e"
Wuhan,Height,24,0.2395285964,"a,e"
Shanghai,Height,21,0.07025468349,"a,e"
Guangzhou,Height,9,-0.3615517616,"a,e"
Shanghai,Height,18,-0.1692300737,"a,e"
Wuhan,Height,6,-0.405895859,"a,e"
Guangzhou,Height,18,-0.07661525905,"a,e"
Shanghai,Height,36,0.4277405441,"a,e"
Beijing,Height,18,-0.1204808354,"a,e"
Wuhan,Height,12,-0.2421395928,"a,e"
Guangzhou,Height,18,-0.06615126878,"a,e"
Shanghai,Height,15,-0.2589749992,"a,e"
Beijing,Height,21,-0.002825085772,"a,e"
Guangzhou,Height,18,-0.001128578559,"a,e"
Beijing,Height,9,-0.351511538,"a,e"
Shanghai,Height,18,-0.1300415844,"a,e"
Shanghai,Height,15,-0.153567344,"a,e"
Shanghai,Height,15,-0.1836171299,"a,e"
Shanghai,Height,18,-0.1267561913,"a,e"
Wuhan,Height,42,0.2445673794,"a,e"
Shanghai,Height,18,-0.1864489168,"a,e"
Shanghai,Height,6,-0.4048820138,"a,e"
Wuhan,Height,18,-0.1808411181,"a,e"
Guangzhou,Height,9,-0.4139706492,"a,e"
Shanghai,Height,36,0.2187553197,"a,e"
Shanghai,Height,21,-0.1519448608,"a,e"
Guangzhou,Height,12,-0.2411499768,"a,e"
Shanghai,Height,39,0.245137617,"a,e"
Beijing,Height,9,-0.302698493,"a,e"
Shanghai,Height,18,-0.1021164656,"a,e"
Beijing,Height,30,0.1133535504,"a,e"
Shanghai,Height,15,-0.2605751455,"a,e"
Guangzhou,Height,9,-0.4265524447,"a,e"
Shanghai,Height,15,-0.1197359711,"a,e"
Shanghai,Height,21,0.3144094348,"a,e"
Shanghai,Height,18,-0.1607953459,"a,e"
Shanghai,Height,78,1.418056011,"a,e"
Shanghai,Height,9,-0.2878983319,"a,e"
Shanghai,Height,45,0.4639599919,"a,e"
Guangzhou,Height,24,0.2669188976,"a,e"
Guangzhou,Height,9,-0.3546262681,"a,e"
Shanghai,Height,12,-0.2838098407,"a,e"
Shanghai,Height,48,0.2464066446,"a,e"
Wuhan,Height,12,-0.4022955894,"a,e"
Beijing,Height,15,-0.09973084927,"a,e"
Wuhan,Height,18,-0.157130748,"a,e"
Shanghai,Height,15,-0.2078520805,"a,e"
Guangzhou,Height,9,-0.2954767346,"a,e"
Beijing,Height,15,-0.07902501523,"a,e"
Shanghai,Height,9,-0.2839280069,"a,e"
Beijing,Height,18,-0.1379623115,"a,e"
Shanghai,Height,18,-0.1113637015,"a,e"
Wuhan,Height,18,-0.1221587807,"a,e"
Beijing,Height,21,-0.00460275216,"a,e"
Shanghai,Height,18,-0.2576450109,"a,e"
Wuhan,Height,48,0.352388829,"a,e"
Shanghai,Height,15,-0.1969560236,"a,e"
Shanghai,Height,21,-0.07028170675,"a,e"
Beijing,Height,12,-0.2730608284,"a,e"
Shanghai,Height,48,0.373482585,"a,e"
Shanghai,Height,18,-0.1436166316,"a,e"
Shanghai,Height,9,-0.3297882378,"a,e"
Guangzhou,Height,9,-0.4156618118,"a,e"
Beijing,Height,30,0.2501607537,"a,e"
Shanghai,Height,6,-0.2381465137,"a,e"
Shanghai,Height,18,-0.09779234231,"a,e"
Shanghai,Height,30,0.2202070355,"a,e"
Wuhan,Height,54,0.4590691924,"a,e"
Wuhan,Height,54,0.3908094168,"a,e"
Shanghai,Height,15,-0.07679712027,"a,e"
Shanghai,Height,9,-0.258873105,"a,e"
Wuhan,Height,48,0.08765465766,"a,e"
Beijing,Height,24,0.1336927116,"a,e"
Shanghai,Height,9,-0.3093278706,"a,e"
Wuhan,Height,12,-0.1796753556,"a,e"
Shanghai,Height,15,-0.310299933,"a,e"
Wuhan,Height,15,-0.03358705342,"a,e"
Shanghai,Height,18,-0.08456221223,"a,e"
Shanghai,Height,9,-0.2715895474,"a,e"
Beijing,Height,12,-0.1965330988,"a,e"
Shanghai,Height,15,-0.186643064,"a,e"
Shanghai,Height,18,-0.1602677405,"a,e"
Wuhan,Height,9,-0.1989142299,"a,e"
Wuhan,Height,15,-0.1761003137,"a,e"
Wuhan,Height,9,-0.265335083,"a,e"
Guangzhou,Height,9,-0.4012082517,"a,e"
Shanghai,Height,12,-0.2111936659,"a,e"
Shanghai,Height,18,-0.1578589529,"a,e"
Guangzhou,Height,33,0.1261163205,"a,e"
Shanghai,Height,9,-0.3965213001,"a,e"
Shanghai,Height,15,-0.1158094928,"a,e"
Shanghai,Height,18,-0.2264329493,"a,e"
Shanghai,Height,15,-0.06601395458,"a,e"
Shanghai,Height,9,-0.3121187985,"a,e"
Wuhan,Height,21,-0.1007031649,"a,e"
Shanghai,Height,12,-0.1627761275,"a,e"
Wuhan,Height,18,-0.06221943349,"a,e"
Shanghai,Height,9,-0.3123611808,"a,e"
Shanghai,Height,18,-0.09635342658,"a,e"
Shanghai,Height,15,-0.1103153229,"a,e"
Guangzhou,Height,48,0.04190033674,"a,e"
Shanghai,Height,18,-0.1926114857,"a,e"
Shanghai,Height,12,-0.3303079605,"a,e"
Shanghai,Height,18,-0.1654818058,"a,e"
Shanghai,Height,6,-0.2245711237,"a,e"
Shanghai,Height,18,-0.06927661598,"a,e"
Shanghai,Height,18,-0.1178621948,"a,e"
Shanghai,Height,12,-0.3158201277,"a,e"
Shanghai,Height,18,-0.2060620785,"a,e"
Shanghai,Height,24,0.1322717965,"a,e"
Beijing,Height,18,-0.2262520492,"a,e"
Beijing,Height,12,-0.1621502936,"a,e"
Shanghai,Height,6,-0.1810006201,"a,e"
Shanghai,Height,9,-0.4881128669,"a,e"
Shanghai,Height,33,0.2662984133,"a,e"
Shanghai,Height,6,-0.179976061,"a,e"
Shanghai,Height,18,-0.1794545352,"a,e"
Guangzhou,Height,15,-0.1934246421,"a,e"
Shanghai,Height,18,-0.08511776477,"a,e"
Beijing,Height,24,0.06688986719,"a,e"
Shanghai,Height,18,-0.1057657674,"a,e"
Shanghai,Height,18,-0.1337324232,"a,e"
Wuhan,Height,24,0.2769526541,"a,e"
Shanghai,Height,15,-0.1674213707,"a,e"
Shanghai,Height,27,0.1531570852,"a,e"
Wuhan,Height,33,0.303101033,"a,e"
Shanghai,Height,21,-0.1129592955,"a,e"
Guangzhou,Height,9,-0.2122542858,"a,e"
Shanghai,Height,39,0.4085122347,"a,e"
Shanghai,Height,21,0.02446698397,"a,e"
Wuhan,Height,18,-0.1070513427,"a,e"
Shanghai,Height,15,-0.2469386011,"a,e"
Shanghai,Height,9,-0.2821026146,"a,e"
Shanghai,Height,12,-0.2625469267,"a,e"
Beijing,Height,30,0.1767796576,"a,e"
Beijing,Height,15,-0.04972433671,"a,e"
Beijing,Height,18,-0.2641433775,"a,e"
Shanghai,Height,18,-0.05058428645,"a,e"
Shanghai,Height,24,0.1333048642,"a,e"
Beijing,Height,9,-0.2471723258,"a,e"
Shanghai,Height,18,-0.06573520601,"a,e"
Wuhan,Height,12,-0.1945437193,"a,e"
Wuhan,Height,18,-0.1691084206,"a,e"
Shanghai,Height,18,-0.2289294451,"a,e"
Guangzhou,Height,12,-0.2210657299,"a,e"
Guangzhou,Height,30,0.06671632826,"a,e"
Shanghai,Height,18,-0.2037469298,"a,e"
Guangzhou,Height,9,-0.4003069103,"a,e"
Wuhan,Height,36,0.1249871701,"a,e"
Shanghai,Height,15,-0.1065099239,"a,e"
Beijing,Height,9,-0.2953405082,"a,e"
Shanghai,Height,15,-0.08298654109,"a,e"
Shanghai,Height,9,-0.3572987616,"a,e"
Wuhan,Height,30,0.06504882872,"a,e"
Guangzhou,Height,18,-0.1206576899,"a,e"
Guangzhou,Height,9,-0.3612266183,"a,e"
Shanghai,Height,30,0.1923881918,"a,e"
Guangzhou,Height,21,0.05559187382,"a,e"
Shanghai,Height,9,-0.3348986804,"a,e"
Shanghai,Height,9,-0.1992757618,"a,e"
Shanghai,Height,36,0.2609267533,"a,e"
Shanghai,Height,33,0.2336768657,"a,e"
Shanghai,Height,15,-0.1146212816,"a,e"
Wuhan,Height,9,-0.3071937561,"a,e"
Beijing,Height,18,-0.1382339299,"a,e"
Shanghai,Height,9,-0.3480668366,"a,e"
Beijing,Height,9,-0.3630968928,"a,e"
Wuhan,Height,9,-0.3548817039,"a,e"
Wuhan,Height,33,0.0909383446,"a,e"
Wuhan,Height,18,-0.09477631748,"a,e"
Guangzhou,Height,9,-0.3687958121,"a,e"
Guangzhou,Height,30,0.1501567811,"a,e"
Guangzhou,Height,24,0.1880362332,"a,e"
Shanghai,Height,18,-0.168578729,"a,e"
Shanghai,Height,9,-0.3779973388,"a,e"
Guangzhou,Height,18,-0.01705598272,"a,e"
Shanghai,Height,6,-0.3847564757,"a,e"
Shanghai,Height,9,-0.2693232894,"a,e"
Shanghai,Height,15,-0.1256947815,"a,e"
Shanghai,Height,15,-0.2089740038,"a,e"
Wuhan,Height,15,-0.2212868929,"a,e"
Guangzhou,Height,24,0.2508666515,"a,e"
Shanghai,Height,18,-0.2230771184,"a,e"
Beijing,Height,12,-0.1970815957,"a,e"
Shanghai,Height,9,-0.3608304858,"a,e"
Shanghai,Height,9,-0.2651245892,"a,e"
Beijing,Height,24,0.1263527721,"a,e"
Wuhan,Height,15,-0.1604087651,"a,e"
Shanghai,Height,18,-0.07717037946,"a,e"
Shanghai,Height,24,0.2325312644,"a,e"
Wuhan,Height,15,-0.1597983241,"a,e"
Wuhan,Height,9,-0.2355108559,"a,e"
Beijing,Height,18,-0.1973531395,"a,e"
Shanghai,Height,9,-0.2921041548,"a,e"
Wuhan,Height,9,-0.486274302,"a,e"
Wuhan,Height,24,0.2180746347,"a,e"
Guangzhou,Height,9,-0.4110349417,"a,e"
Shanghai,Height,12,-0.1707550436,"a,e"
Guangzhou,Height,18,0.06503179669,"a,e"
Wuhan,Height,9,-0.2485488355,"a,e"
Guangzhou,Height,12,-0.3345695436,"a,e"
Shanghai,Height,18,-0.1015942618,"a,e"
Shanghai,Height,18,-0.1915029436,"a,e"
Shanghai,Height,21,-0.06527002156,"a,e"
Shanghai,Height,18,-0.1606299132,"a,e"
Shanghai,Height,18,-0.133501485,"a,e"
Shanghai,Height,48,0.2413714081,"a,e"
Shanghai,Height,15,-0.1087623611,"a,e"
Wuhan,Height,24,0.2821230292,"a,e"
Shanghai,Height,12,-0.2772585154,"a,e"
Shanghai,Height,6,-0.3513047993,"a,e"
Shanghai,Height,54,0.1429035068,"a,e"
Shanghai,Height,12,-0.2780146599,"a,e"
Shanghai,Height,12,-0.2967998683,"a,e"
Shanghai,Height,15,-0.0824078992,"a,e"
Wuhan,Height,9,-0.1892839372,"a,e"
Beijing,Height,15,-0.1562550366,"a,e"
Shanghai,Height,18,-0.1856559217,"a,e"
Guangzhou,Height,21,-0.09160474688,"a,e"
Shanghai,Height,9,-0.3227780461,"a,e"
Shanghai,Height,9,-0.3476441801,"a,e"
Shanghai,Height,9,-0.2579078078,"a,e"
Beijing,Height,6,-0.409397006,"a,e"
Shanghai,Height,54,0.1792016327,"a,e"
Shanghai,Height,12,-0.2957217991,"a,e"
Shanghai,Height,12,-0.2710902691,"a,e"
Shanghai,Height,39,0.3252910376,"a,e"
Shanghai,Height,18,-0.07773665339,"a,e"
Shanghai,Height,18,-0.2304247469,"a,e"
Guangzhou,Height,9,-0.4326968193,"a,e"
Shanghai,Height,24,0.2819668651,"a,e"
Beijing,Height,18,-0.08017092198,"a,e"
Shanghai,Height,18,-0.1330765486,"a,e"
Shanghai,Height,33,0.2515745461,"a,e"
Shanghai,Height,18,-0.1682312042,"a,e"
Shanghai,Height,18,-0.238385275,"a,e"
Shanghai,Height,45,0.2995014787,"a,e"
Wuhan,Height,75,0.2756685317,"a,e"
Wuhan,Height,6,-0.267677784,"a,e"
Shanghai,Height,33,0.3512353301,"a,e"
Guangzhou,Height,9,-0.3911559284,"a,e"
Shanghai,Height,15,-0.1659110636,"a,e"
Shanghai,Height,15,-0.06042246148,"a,e"
Shanghai,Height,18,-0.06334593892,"a,e"
Shanghai,Height,18,-0.1902624518,"a,e"
Beijing,Height,33,0.2517720759,"a,e"
Shanghai,Height,15,-0.1430934072,"a,e"
Shanghai,Height,9,-0.1382527649,"a,e"
Shanghai,Height,39,0.3062854707,"a,e"
Guangzhou,Height,9,-0.5006988645,"a,e"
Shanghai,Height,18,-0.1929965764,"a,e"
Wuhan,Height,15,-0.116279833,"a,e"
Shanghai,Height,15,-0.2193034291,"a,e"
Beijing,Height,24,0.102229692,"a,e"
Shanghai,Height,12,-0.2226106673,"a,e"
Shanghai,Height,18,-0.1413365453,"a,e"
Shanghai,Height,18,-0.2139403522,"a,e"
Shanghai,Height,9,-0.2749272287,"a,e"
Wuhan,Height,18,-0.09101626277,"a,e"
Wuhan,Height,18,-0.1532484591,"a,e"
Shanghai,Height,27,0.1604216099,"a,e"
Shanghai,Height,12,-0.2327633053,"a,e"
Shanghai,Height,21,-0.02758356556,"a,e"
Shanghai,Height,48,0.2318465114,"a,e"
Shanghai,Height,15,-0.03141072765,"a,e"
Shanghai,Height,9,-0.2699163556,"a,e"
Shanghai,Height,9,-0.2488424182,"a,e"
Wuhan,Height,18,-0.06194393709,"a,e"
Shanghai,Height,6,-0.08729147166,"a,e"
Guangzhou,Height,27,0.2166609913,"a,e"
Shanghai,Height,18,-0.1473350078,"a,e"
Wuhan,Height,18,-0.1738386601,"a,e"
Shanghai,Height,33,0.267362535,"a,e"
Shanghai,Height,9,-0.2059895694,"a,e"
Guangzhou,Height,30,0.1742116213,"a,e"
Shanghai,Height,18,-0.09335525334,"a,e"
Shanghai,Height,15,-0.02398679033,"a,e"
Shanghai,Height,18,-0.1535283923,"a,e"
Shanghai,Height,30,0.1059750095,"a,e"
Shanghai,Height,27,0.2562208772,"a,e"
Guangzhou,Height,9,-0.3762824833,"a,e"
Shanghai,Height,18,-0.1853877008,"a,e"
Wuhan,Height,60,0.1854862124,"a,e"
Shanghai,Height,9,-0.2489457279,"a,e"
Guangzhou,Height,18,-0.08226425946,"a,e"
Shanghai,Height,9,-0.4584047794,"a,e"
Shanghai,Height,9,-0.3364112377,"a,e"
Shanghai,Height,21,-0.04610675201,"a,e"
Wuhan,Height,24,0.2448417395,"a,e"
Shanghai,Height,9,-0.3729246557,"a,e"
Shanghai,Height,6,-0.3507564962,"a,e"
Beijing,Height,12,-0.1924185008,"a,e"
Shanghai,Height,9,-0.4214158654,"a,e"
Beijing,Height,30,0.03695038334,"a,e"
Shanghai,Height,12,-0.320687145,"a,e"
Wuhan,Height,24,0.1385825872,"a,e"
Wuhan,Height,63,0.2428574711,"a,e"
Beijing,Height,30,-0.02007942647,"a,e"
Wuhan,Height,51,0.3604541719,"a,e"
Shanghai,Height,18,-0.05011161789,"a,e"
Wuhan,Height,6,-0.3602904975,"a,e"
Shanghai,Height,9,-0.3203878999,"a,e"
Guangzhou,Height,9,-0.4048445523,"a,e"
Shanghai,Height,18,-0.1787573397,"a,e"
Shanghai,Height,15,-0.2025331408,"a,e"
Beijing,Height,9,-0.2572022378,"a,e"
Wuhan,Height,9,-0.3530778289,"a,e"
Beijing,Height,18,-0.03697251901,"a,e"
Wuhan,Height,18,-0.1652144939,"a,e"
Shanghai,Height,9,-0.3947094083,"a,e"
Shanghai,Height,36,0.2224942148,"a,e"
Beijing,Height,54,0.2911953032,"a,e"
Beijing,Height,21,-0.08388115466,"a,e"
Beijing,Height,9,-0.4598213732,"a,e"
Wuhan,Height,12,-0.2587383091,"a,e"
Wuhan,Height,51,0.3639545739,"a,e"
Shanghai,Height,6,-0.1544595212,"a,e"
Shanghai,Height,18,-0.184477523,"a,e"
Shanghai,Height,42,0.2413293868,"a,e"
Shanghai,Height,6,-0.143912375,"a,e"
Beijing,Height,6,-0.3271450996,"a,e"
Shanghai,Height,18,-0.1545600295,"a,e"
Shanghai,Height,18,-0.2163427472,"a,e"
Shanghai,Height,75,0.4267416596,"a,e"
Shanghai,Height,18,-0.08722680807,"a,e"
Beijing,Height,18,-0.2025988698,"a,e"
Shanghai,Height,18,-0.0831387639,"a,e"
Shanghai,Height,9,-0.2974808216,"a,e"
Shanghai,Height,15,-0.2036203593,"a,e"
Shanghai,Height,18,-0.1096329093,"a,e"
Guangzhou,Height,24,0.2679771483,"a,e"
Guangzhou,Height,30,0.1328599602,"a,e"
Shanghai,Height,9,-0.2896206677,"a,e"
Wuhan,Height,24,0.2100488096,"a,e"
Wuhan,Height,15,-0.1626197249,"a,e"
Beijing,Height,69,0.1776112467,"a,e"
Shanghai,Height,9,-0.3704605699,"a,e"
Shanghai,Height,18,-0.0983928591,"a,e"
Wuhan,Height,30,0.1361605078,"a,e"
Shanghai,Height,12,-0.1895563453,"a,e"
Beijing,Height,9,-0.4456715882,"a,e"
Shanghai,Height,15,-0.2251559943,"a,e"
Guangzhou,Height,15,-0.2008851469,"a,e"
Guangzhou,Height,30,0.1837846041,"a,e"
Guangzhou,Height,9,-0.3864437938,"a,e"
Wuhan,Height,9,-0.1186063886,"a,e"
Shanghai,Height,18,-0.03455680981,"a,e"
Shanghai,Height,15,-0.1499700546,"a,e"
Wuhan,Height,18,-0.1319320649,"a,e"
Beijing,Height,9,-0.2836536169,"a,e"
Guangzhou,Height,9,-0.3791196048,"a,e"
Beijing,Height,24,0.1049885973,"a,e"
Shanghai,Height,18,-0.1827506721,"a,e"
Wuhan,Height,15,-0.08413264155,"a,e"
Shanghai,Height,9,-0.3477606177,"a,e"
Wuhan,Height,9,-0.309558928,"a,e"
Beijing,Height,9,-0.2029236406,"a,e"
Beijing,Height,9,-0.2376108915,"a,e"
Wuhan,Height,21,0.00646169344,"a,e"
Shanghai,Height,9,-0.3400675952,"a,e"
Wuhan,Height,15,-0.2539519072,"a,e"
Beijing,Height,15,-0.1651459783,"a,e"
Beijing,Height,9,-0.2776052952,"a,e"
Shanghai,Height,9,-0.2602867186,"a,e"
Shanghai,Height,9,-0.3369164169,"a,e"
Guangzhou,Height,9,-0.4275162816,"a,e"
Beijing,Height,45,0.421613723,"a,e"
Beijing,Height,12,-0.2638361752,"a,e"
Shanghai,Height,18,-0.1416162401,"a,e"
Wuhan,Height,21,-0.1032994166,"a,e"
Shanghai,Height,9,-0.3820004463,"a,e"
Shanghai,Height,9,-0.2346132845,"a,e"
Wuhan,Height,18,-0.0706249252,"a,e"
Shanghai,Height,18,-0.1306109279,"a,e"
Shanghai,Height,18,-0.2467714995,"a,e"
Wuhan,Height,18,-0.2090013027,"a,e"
Shanghai,Height,18,-0.166396305,"a,e"
Shanghai,Height,9,-0.4458283186,"a,e"
Wuhan,Height,21,0.08932416886,"a,e"
Shanghai,Height,9,-0.2003483176,"a,e"
Beijing,Height,24,0.04587981105,"a,e"
Guangzhou,Height,15,0.06712079793,"a,e"
Wuhan,Height,15,-0.1654860526,"a,e"
Shanghai,Height,18,-0.1368018389,"a,e"
Shanghai,Height,12,-0.296331495,"a,e"
Shanghai,Height,9,-0.3679340482,"a,e"
Shanghai,Height,9,-0.4493931532,"a,e"
Shanghai,Height,9,-0.2759853005,"a,e"
Shanghai,Height,36,0.2423770726,"a,e"
Wuhan,Height,48,0.2910937071,"a,e"
Shanghai,Height,30,0.12815772,"a,e"
Shanghai,Height,24,0.08935794234,"a,e"
Beijing,Height,15,-0.0330795683,"a,e"
Shanghai,Height,30,0.03049344197,"a,e"
Shanghai,Height,15,-0.1409860998,"a,e"
Wuhan,Height,18,-0.2087187022,"a,e"
Shanghai,Height,9,-0.3337756693,"a,e"
Shanghai,Height,21,0.002723074984,"a,e"
Beijing,Height,21,0.4309773743,"a,e"
Beijing,Height,12,-0.1188559607,"a,e"
Wuhan,Height,9,-0.3650706708,"a,e"
Shanghai,Height,18,-0.04050193354,"a,e"
Wuhan,Height,15,-0.2267920673,"a,e"
Wuhan,Height,18,-0.07938272506,"a,e"
Beijing,Height,6,-0.2501937747,"a,e"
Beijing,Height,72,0.3377792239,"a,e"
Shanghai,Height,9,-0.338925302,"a,e"
Shanghai,Height,12,-0.2520638704,"a,e"
Shanghai,Height,15,-0.1912857443,"a,e"
Shanghai,Height,6,-0.3304326832,"a,e"
Shanghai,Height,18,-0.1706174165,"a,e"
Shanghai,Height,9,-0.3136666715,"a,e"
Shanghai,Height,21,0.2585368752,"a,e"
Shanghai,Height,9,-0.4291116297,"a,e"
Shanghai,Height,18,-0.07930531353,"a,e"
Shanghai,Height,18,-0.07966435701,"a,e"
Guangzhou,Height,21,0.09292323887,"a,e"
Wuhan,Height,18,-0.1794907749,"a,e"
Beijing,Height,18,-0.1703163832,"a,e"
Wuhan,Height,51,0.1596556753,"a,e"
Shanghai,Height,15,-0.1493989676,"a,e"
Shanghai,Height,18,-0.08183964342,"a,e"
Shanghai,Height,12,-0.2105629146,"a,e"
Shanghai,Height,9,-0.2246193737,"a,e"
Wuhan,Height,18,-0.1757596433,"a,e"
Wuhan,Height,18,-0.1706706136,"a,e"
Guangzhou,Height,27,0.1752974242,"a,e"
Shanghai,Height,18,-0.02387843654,"a,e"
Shanghai,Height,9,-0.3380002677,"a,e"
Shanghai,Height,9,-0.3272814453,"a,e"
Shanghai,Height,12,-0.2652056813,"a,e"
Shanghai,Height,9,-0.4175423384,"a,e"
Shanghai,Height,9,-0.2839414477,"a,e"
Wuhan,Height,15,-0.04268060625,"a,e"
Shanghai,Height,9,-0.324537605,"a,e"
Shanghai,Height,12,-0.3068605661,"a,e"
Shanghai,Height,42,0.4051804841,"a,e"
Shanghai,Height,9,-0.2408934236,"a,e"
Beijing,Height,9,-0.3179806173,"a,e"
Shanghai,Height,9,-0.3469375372,"a,e"
Shanghai,Height,15,-0.185559988,"a,e"
Shanghai,Height,18,-0.08006068319,"a,e"
Wuhan,Height,30,0.1185531616,"a,e"
Shanghai,Height,9,-0.2852482498,"a,e"
Wuhan,Height,9,-0.2736340463,"a,e"
Guangzhou,Height,15,-0.0532617867,"a,e"
Shanghai,Height,24,0.0534347631,"a,e"
Beijing,Height,75,0.3447142541,"a,e"
Wuhan,Height,9,-0.2844260931,"a,e"
Shanghai,Height,18,-0.1177392825,"a,e"
Guangzhou,Height,9,-0.3769813478,"a,e"
Wuhan,Height,36,0.1631379426,"a,e"
Shanghai,Height,9,-0.2426282465,"a,e"
Beijing,Height,30,0.1183668897,"a,e"
Shanghai,Height,18,-0.0711440146,"a,e"
Shanghai,Height,18,-0.1499232948,"a,e"
Wuhan,Height,24,0.1249264032,"a,e"
Shanghai,Height,18,-0.1096394658,"a,e"
Shanghai,Height,18,-0.1650248468,"a,e"
Shanghai,Height,21,-0.007507849019,"a,e"
Shanghai,Height,18,-0.1033020392,"a,e"
Wuhan,Height,18,-0.1840509921,"a,e"
Wuhan,Height,9,-0.3131790459,"a,e"
Guangzhou,Height,9,-0.2882728875,"a,e"
Shanghai,Height,9,-0.3569948077,"a,e"
Shanghai,Height,15,-0.2098310143,"a,e"
Shanghai,Height,72,0.3106451929,"a,e"
Beijing,Height,48,0.2468476892,"a,e"
Shanghai,Height,18,-0.1707678735,"a,e"
Wuhan,Height,45,0.1712077409,"a,e"
Wuhan,Height,9,-0.162385866,"a,e"
Beijing,Height,15,-0.08813406527,"a,e"
Shanghai,Height,18,-0.09098280221,"a,e"
Shanghai,Height,18,-0.1618923545,"a,e"
Shanghai,Height,18,-0.06579805166,"a,e"
Wuhan,Height,9,-0.3447615504,"a,e"
Shanghai,Height,30,0.2888711989,"a,e"
Wuhan,Height,18,-0.2331774682,"a,e"
Shanghai,Height,18,-0.1637499183,"a,e"
Beijing,Height,42,0.2775886357,"a,e"
Shanghai,Height,15,-0.1480638534,"a,e"
Shanghai,Height,6,-0.1453602314,"a,e"
Shanghai,Height,9,-0.4488824606,"a,e"
Beijing,Height,6,-0.2927677929,"a,e"
Wuhan,Height,33,0.09955156595,"a,e"
Wuhan,Height,15,-0.1665035784,"a,e"
Beijing,Height,18,-0.0594391115,"a,e"
Shanghai,Height,18,-0.229981333,"a,e"
Shanghai,Height,18,-0.239754796,"a,e"
Wuhan,Height,15,-0.1158910915,"a,e"
Guangzhou,Height,9,-0.3605865538,"a,e"
Shanghai,Height,18,-0.1091292575,"a,e"
Shanghai,Height,18,-0.1916103363,"a,e"
Shanghai,Height,18,-0.1652747393,"a,e"
Guangzhou,Height,9,-0.427682817,"a,e"
Wuhan,Height,21,0.2850776017,"a,e"
Shanghai,Height,15,-0.16864793,"a,e"
Shanghai,Height,15,-0.08642821759,"a,e"
Shanghai,Height,12,-0.1658223271,"a,e"
Shanghai,Height,9,-0.2303400487,"a,e"
Shanghai,Height,60,0.6259385347,"a,e"
Guangzhou,Height,24,0.1844238788,"a,e"
Shanghai,Height,9,-0.3980610669,"a,e"
Wuhan,Height,9,-0.4042922258,"a,e"
Wuhan,Height,18,-0.1753923595,"a,e"
Shanghai,Height,18,-0.08188680559,"a,e"
Beijing,Height,18,-0.1484641731,"a,e"
Wuhan,Height,15,-0.1389876455,"a,e"
Wuhan,Height,18,-0.1672782004,"a,e"
Guangzhou,Height,9,-0.3895651996,"a,e"
Shanghai,Height,9,-0.4867098629,"a,e"
Shanghai,Height,18,-0.073910743,"a,e"
Beijing,Height,21,0.3425537646,"a,e"
Shanghai,Height,12,-0.2382817119,"a,e"
Shanghai,Height,15,-0.1225392297,"a,e"
Shanghai,Height,18,-0.1555717736,"a,e"
Wuhan,Height,9,-0.3495000303,"a,e"
Shanghai,Height,12,-0.1790031195,"a,e"
Beijing,Height,9,-0.3574908078,"a,e"
Shanghai,Height,48,0.3120121062,"a,e"
Shanghai,Height,15,-0.1375827193,"a,e"
Wuhan,Height,24,0.1110613942,"a,e"
Wuhan,Height,60,0.3530140519,"a,e"
Shanghai,Height,9,-0.366817534,"a,e"
Shanghai,Height,18,-0.03643436357,"a,e"
Shanghai,Height,18,-0.1563407034,"a,e"
Beijing,Height,30,0.1229555979,"a,e"
Shanghai,Height,15,-0.1827452332,"a,e"
Shanghai,Height,9,-0.3586523831,"a,e"
Shanghai,Height,15,-0.211609304,"a,e"
Shanghai,Height,18,-0.1895836443,"a,e"
Shanghai,Height,18,-0.2039146721,"a,e"
Shanghai,Height,18,-0.2534006238,"a,e"
Shanghai,Height,18,-0.1575031877,"a,e"
Shanghai,Height,18,-0.1576853245,"a,e"
Shanghai,Height,9,-0.3160333037,"a,e"
Shanghai,Height,9,-0.2826567292,"a,e"
Shanghai,Height,9,-0.505338192,"a,e"
Wuhan,Height,15,-0.2566216588,"a,e"
Shanghai,Height,9,-0.3855690658,"a,e"
Wuhan,Height,15,-0.1574155837,"a,e"
Shanghai,Height,9,-0.1981011629,"a,e"
Guangzhou,Height,15,-0.1735506356,"a,e"
Shanghai,Height,9,-0.3023176789,"a,e"
Shanghai,Height,18,-0.1418039501,"a,e"
Shanghai,Height,33,0.1816962957,"a,e"
Guangzhou,Height,24,0.1041658819,"a,e"
Beijing,Height,12,-0.2037824392,"a,e"
Beijing,Height,33,0.03586967662,"a,e"
Shanghai,Height,15,-0.1375142634,"a,e"
Guangzhou,Height,12,-0.3466711342,"a,e"
Shanghai,Height,15,-0.1081570685,"a,e"
Shanghai,Height,18,-0.08870195597,"a,e"
Shanghai,Height,18,-0.2141530365,"a,e"
Shanghai,Height,9,-0.4061532319,"a,e"
Shanghai,Height,18,-0.1430706829,"a,e"
Guangzhou,Height,15,-0.1479451358,"a,e"
Shanghai,Height,18,-0.1084529832,"a,e"
Shanghai,Height,18,-0.1140215322,"a,e"
Shanghai,Height,21,-0.0373448357,"a,e"
Wuhan,Height,30,0.2835719287,"a,e"
Shanghai,Height,9,-0.3783195317,"a,e"
Shanghai,Height,15,-0.09593486786,"a,e"
Beijing,Height,24,0.05210936815,"a,e"
Shanghai,Height,15,-0.234802112,"a,e"
Wuhan,Height,24,0.1975758523,"a,e"
Wuhan,Height,9,-0.1772328168,"a,e"
Guangzhou,Height,24,0.3110245764,"a,e"
Beijing,Height,18,-0.09663325548,"a,e"
Shanghai,Height,9,-0.3597747982,"a,e"
Shanghai,Height,21,0.01228313148,"a,e"
Wuhan,Height,24,0.1603569537,"a,e"
Wuhan,Height,9,-0.2620260119,"a,e"
Shanghai,Height,6,-0.1477583498,"a,e"
Beijing,Height,21,-0.06496564299,"a,e"
Beijing,Height,18,-0.2899814248,"a,e"
Shanghai,Height,21,-0.03118517809,"a,e"
Shanghai,Height,9,-0.2965026498,"a,e"
Shanghai,Height,18,-0.09786343575,"a,e"
Shanghai,Height,21,-0.05728327855,"a,e"
Shanghai,Height,12,-0.3615013957,"a,e"
Beijing,Height,18,-0.1697105169,"a,e"
Shanghai,Height,24,0.1223792434,"a,e"
Wuhan,Height,24,0.2235513926,"a,e"
Shanghai,Height,18,-0.2376998514,"a,e"
Shanghai,Height,18,-0.1086568534,"a,e"
Beijing,Height,6,-0.2734559476,"a,e"
Shanghai,Height,18,-0.06968227029,"a,e"
Guangzhou,Height,6,-0.2356821597,"a,e"
Shanghai,Height,18,-0.1464157254,"a,e"
Shanghai,Height,9,-0.3959551454,"a,e"
Shanghai,Height,6,-0.2497101873,"a,e"
Beijing,Height,18,-0.2372977287,"a,e"
Shanghai,Height,18,-0.2265144587,"a,e"
Shanghai,Height,18,-0.07052838802,"a,e"
Shanghai,Height,24,0.2416728735,"a,e"
Shanghai,Height,15,-0.1279058009,"a,e"
Shanghai,Height,15,-0.1014634296,"a,e"
Wuhan,Height,21,-0.0001755724661,"a,e"
Shanghai,Height,9,-0.4871146977,"a,e"
Shanghai,Height,21,-0.04556550831,"a,e"
Beijing,Height,72,0.4016515613,"a,e"
Shanghai,Height,18,-0.0173099637,"a,e"
Beijing,Height,24,0.05984232947,"a,e"
Beijing,Height,9,-0.2931955159,"a,e"
Guangzhou,Height,12,-0.2801171541,"a,e"
Shanghai,Height,36,0.3383631706,"a,e"
Shanghai,Height,18,-0.2438796163,"a,e"
Shanghai,Height,18,-0.1198352501,"a,e"
Shanghai,Height,18,-0.2154378444,"a,e"
Shanghai,Height,15,-0.1974952668,"a,e"
Shanghai,Height,6,-0.2545282543,"a,e"
Shanghai,Height,9,-0.2648810446,"a,e"
Beijing,Height,9,-0.2491174787,"a,e"
Beijing,Height,9,-0.2778909802,"a,e"
Guangzhou,Height,18,-0.05537069961,"a,e"
Shanghai,Height,9,-0.2870260179,"a,e"
Shanghai,Height,15,-0.1277910322,"a,e"
Guangzhou,Height,9,-0.4290241003,"a,e"
Shanghai,Height,15,-0.09831157327,"a,e"
Guangzhou,Height,9,-0.4261028469,"a,e"
Beijing,Height,18,-0.1055310518,"a,e"
Shanghai,Height,18,-0.001370768645,"a,e"
Shanghai,Height,54,0.2119229436,"a,e"
Shanghai,Height,18,-0.09162795544,"a,e"
Guangzhou,Height,33,0.2275059968,"a,e"
Shanghai,Height,36,0.3023064137,"a,e"
Shanghai,Height,9,-0.4657007754,"a,e"
Guangzhou,Height,18,0.03672775254,"a,e"
Beijing,Height,9,-0.2563179135,"a,e"
Shanghai,Height,15,-0.1045041755,"a,e"
Shanghai,Height,18,-0.1427017301,"a,e"
Guangzhou,Height,9,-0.4573671222,"a,e"
Shanghai,Height,9,-0.3409669995,"a,e"
Shanghai,Height,33,0.1445029527,"a,e"
Guangzhou,Height,24,0.1508428305,"a,e"
Guangzhou,Height,24,0.1185007021,"a,e"
Beijing,Height,6,-0.3706479967,"a,e"
Wuhan,Height,9,-0.2091301978,"a,e"
Shanghai,Height,18,-0.1773097813,"a,e"
Shanghai,Height,84,0.9543095827,"a,e"
Wuhan,Height,12,-0.2315072864,"a,e"
Shanghai,Height,18,-0.1915708482,"a,e"
Shanghai,Height,18,-0.1811124682,"a,e"
Shanghai,Height,39,0.2597483993,"a,e"
Shanghai,Height,9,-0.328961432,"a,e"
Shanghai,Height,18,-0.1138667837,"a,e"
Beijing,Height,24,0.1630984098,"a,e"
Shanghai,Height,6,-0.2356827259,"a,e"
Shanghai,Height,21,-0.009664967656,"a,e"
Shanghai,Height,12,-0.2540972829,"a,e"
Shanghai,Height,12,-0.2960488796,"a,e"
Shanghai,Height,18,-0.1947640628,"a,e"
Beijing,Height,21,0.3324336112,"a,e"
Wuhan,Height,18,-0.1841115505,"a,e"
Beijing,Height,9,-0.2490750551,"a,e"
Beijing,Height,15,0.105417423,"a,e"
Beijing,Height,27,0.1212591082,"a,e"
Shanghai,Height,15,-0.178450644,"a,e"
Shanghai,Height,9,-0.3191778064,"a,e"
Shanghai,Height,27,0.1433554292,"a,e"
Shanghai,Height,18,-0.1729237884,"a,e"
Shanghai,Height,33,0.2616666555,"a,e"
Shanghai,Height,15,-0.1223954409,"a,e"
Wuhan,Height,18,-0.07626410574,"a,e"
Shanghai,Height,36,0.2317145914,"a,e"
Shanghai,Height,9,-0.545589149,"a,e"
Wuhan,Height,12,-0.1544817686,"a,e"
Shanghai,Height,21,-0.151149556,"a,e"
Shanghai,Height,30,0.3582273424,"a,e"
Guangzhou,Height,15,-0.1431398541,"a,e"
Shanghai,Height,18,-0.09019657224,"a,e"
Shanghai,Height,18,-0.1571187675,"a,e"
Shanghai,Height,21,0.08389657736,"a,e"
Wuhan,Height,9,-0.2390443534,"a,e"
Wuhan,Height,12,-0.1945954263,"a,e"
Wuhan,Height,18,-0.1605082154,"a,e"
Shanghai,Height,24,0.1613866389,"a,e"
Shanghai,Height,9,-0.2576536238,"a,e"
Guangzhou,Height,15,0.07723252475,"a,e"
Shanghai,Height,18,-0.1989502013,"a,e"
Shanghai,Height,18,-0.1024426818,"a,e"
Wuhan,Height,36,0.110426411,"a,e"
Beijing,Height,18,-0.1443919241,"a,e"
Shanghai,Height,18,-0.1407876164,"a,e"
Wuhan,Height,36,0.2841235101,"a,e"
Beijing,Height,21,0.2828099728,"a,e"
Shanghai,Height,9,-0.3869043887,"a,e"
Shanghai,Height,15,-0.1191734597,"a,e"
Shanghai,Height,33,0.2010557353,"a,e"
Guangzhou,Height,21,0.07035709172,"a,e"
Shanghai,Height,9,-0.3539669216,"a,e"
Wuhan,Height,15,-0.1407015473,"a,e"
Shanghai,Height,18,-0.1558914185,"a,e"
Wuhan,Height,9,-0.4107555151,"a,e"
Beijing,Height,27,0.1126041636,"a,e"
Shanghai,Height,6,-0.1295619905,"a,e"
Shanghai,Height,18,-0.1825029701,"a,e"
Shanghai,Height,15,-0.1472596675,"a,e"
Shanghai,Height,15,-0.1413400322,"a,e"
Wuhan,Height,51,0.2110272646,"a,e"
Shanghai,Height,6,-0.2336616367,"a,e"
Beijing,Height,18,-0.0682317391,"a,e"
Shanghai,Height,9,-0.4568110704,"a,e"
Beijing,Height,42,0.2357570231,"a,e"
Wuhan,Height,12,-0.009345616214,"a,e"
Beijing,Height,15,-0.2247655392,"a,e"
Shanghai,Height,18,-0.05388661847,"a,e"
Shanghai,Height,48,0.5441853404,"a,e"
Shanghai,Height,9,-0.40330109,"a,e"
Shanghai,Height,9,-0.292615205,"a,e"
Shanghai,Height,9,-0.2262565643,"a,e"
Shanghai,Height,15,-0.1610995084,"a,e"
Beijing,Height,9,-0.3007718921,"a,e"
Shanghai,Height,18,-0.03249078244,"a,e"
Shanghai,Height,9,-0.226067394,"a,e"
Wuhan,Height,45,0.3636321127,"a,e"
Shanghai,Height,9,-0.3627637625,"a,e"
Guangzhou,Height,9,-0.552464664,"a,e"
Wuhan,Height,30,0.3675999045,"a,e"
Beijing,Height,54,0.4527738094,"a,e"
Wuhan,Height,15,-0.1881459057,"a,e"
Shanghai,Height,33,0.2226956934,"a,e"
Wuhan,Height,36,0.4307645261,"a,e"
Shanghai,Height,18,-0.08122444898,"a,e"
Shanghai,Height,15,-0.1709996611,"a,e"
Shanghai,Height,18,-0.1496019065,"a,e"
Beijing,Height,24,0.06316716969,"a,e"
Shanghai,Height,21,-0.01581575349,"a,e"
Shanghai,Height,84,0.6918109655,"a,e"
Wuhan,Height,21,0.4179169536,"a,e"
Shanghai,Height,21,-0.02599976584,"a,e"
Shanghai,Height,9,-0.4176782072,"a,e"
Guangzhou,Height,9,-0.4060451984,"a,e"
Shanghai,Height,9,-0.3472356498,"a,e"
Wuhan,Height,9,-0.3941741288,"a,e"
Wuhan,Height,12,-0.189128682,"a,e"
Shanghai,Height,12,-0.1648014933,"a,e"
Shanghai,Height,15,-0.01228101086,"a,e"
Shanghai,Height,18,-0.1058443636,"a,e"
Shanghai,Height,60,0.6770620346,"a,e"
Wuhan,Height,48,0.3248685896,"a,e"
Shanghai,Height,18,-0.2604233921,"a,e"
Shanghai,Height,36,0.4212467968,"a,e"
Wuhan,Height,6,-0.4653998613,"a,e"
Wuhan,Height,15,-0.1845898926,"a,e"
Shanghai,Height,9,-0.3687190711,"a,e"
Beijing,Height,9,-0.2826844156,"a,e"
Shanghai,Height,18,-0.2265017033,"a,e"
Wuhan,Height,21,-0.1149834245,"a,e"
Shanghai,Height,9,-0.3628281355,"a,e"
Beijing,Height,33,0.2048126459,"a,e"
Shanghai,Height,18,-0.165205434,"a,e"
Shanghai,Height,18,-0.1522219777,"a,e"
Shanghai,Height,18,-0.156771332,"a,e"
Shanghai,Height,9,-0.3586607873,"a,e"
Shanghai,Height,9,-0.2318234742,"a,e"
Shanghai,Height,9,-0.2990619838,"a,e"
Shanghai,Height,18,-0.1758865118,"a,e"
Shanghai,Height,39,0.4060609937,"a,e"
Wuhan,Height,9,-0.3446455896,"a,e"
Shanghai,Height,18,-0.1549209654,"a,e"
Beijing,Height,18,-0.1067587882,"a,e"
Shanghai,Height,9,-0.2345566899,"a,e"
Shanghai,Height,18,-0.2115735263,"a,e"
Shanghai,Height,33,0.3476199508,"a,e"
Shanghai,Height,9,-0.3412899971,"a,e"
Beijing,Height,9,-0.3186113238,"a,e"
Guangzhou,Height,15,-0.107820712,"a,e"
Shanghai,Height,15,-0.04858860373,"a,e"
Wuhan,Height,51,0.4462667406,"a,e"
Shanghai,Height,9,-0.4041964114,"a,e"
Beijing,Height,33,0.2704084814,"a,e"
Beijing,Height,9,-0.3993227482,"a,e"
Wuhan,Height,9,-0.3844643235,"a,e"
Wuhan,Height,21,-0.07998458296,"a,e"
Beijing,Height,9,-0.3413055837,"a,e"
Beijing,Height,42,0.3411783874,"a,e"
Shanghai,Height,21,0.006973802112,"a,e"
Shanghai,Height,21,0.03790095448,"a,e"
Shanghai,Height,72,0.4139977396,"a,e"
Wuhan,Height,18,-0.196291104,"a,e"
Shanghai,Height,18,-0.1487345994,"a,e"
Guangzhou,Height,9,-0.3867383003,"a,e"
Shanghai,Height,18,-0.0520920977,"a,e"
Beijing,Height,15,-0.192158401,"a,e"
Shanghai,Height,18,-0.1647800356,"a,e"
Beijing,Height,21,0.2635741234,"a,e"
Shanghai,Height,9,-0.3042250872,"a,e"
Guangzhou,Height,9,-0.3601936996,"a,e"
Shanghai,Height,48,0.4599330425,"a,e"
Beijing,Height,9,-0.1216381714,"a,e"
Guangzhou,Height,9,-0.3982017636,"a,e"
Shanghai,Height,9,-0.1970291585,"a,e"
Shanghai,Height,18,-0.07889195532,"a,e"
Shanghai,Height,9,-0.4205075204,"a,e"
Shanghai,Height,15,-0.2060734779,"a,e"
Guangzhou,Height,9,-0.4397683144,"a,e"
Shanghai,Height,9,-0.2722020149,"a,e"
Wuhan,Height,45,0.2317862362,"a,e"
Beijing,Height,18,-0.3184054196,"a,e"
Shanghai,Height,18,-0.09719227254,"a,e"
Shanghai,Height,9,-0.3887034953,"a,e"
Guangzhou,Height,9,-0.5002251863,"a,e"
Shanghai,Height,18,-0.1501372159,"a,e"
Shanghai,Height,9,-0.3750587106,"a,e"
Shanghai,Height,18,-0.1003191769,"a,e"
Wuhan,Height,24,0.1921692193,"a,e"
Shanghai,Height,39,0.4515991509,"a,e"
Shanghai,Height,9,-0.3450772762,"a,e"
Shanghai,Height,15,-0.0712428093,"a,e"
Shanghai,Height,18,-0.1712718606,"a,e"
Shanghai,Height,60,0.6450639367,"a,e"
Shanghai,Height,30,0.3224046528,"a,e"
Shanghai,Height,66,0.2670377493,"a,e"
Beijing,Height,18,-0.07541768998,"a,e"
Beijing,Height,12,-0.2381887734,"a,e"
Shanghai,Height,15,-0.1019780412,"a,e"
Shanghai,Height,12,-0.3068934381,"a,e"
Shanghai,Height,9,-0.3381761014,"a,e"
Shanghai,Height,60,0.5724913478,"a,e"
Shanghai,Height,18,-0.07561766356,"a,e"
Beijing,Height,15,-0.06953983754,"a,e"
Shanghai,Height,9,-0.3371154368,"a,e"
Shanghai,Height,18,-0.1750141382,"a,e"
Beijing,Height,9,-0.2495110184,"a,e"
Shanghai,Height,45,0.6048839688,"a,e"
Shanghai,Height,36,0.277642101,"a,e"
Shanghai,Height,18,-0.2528884113,"a,e"
Wuhan,Height,9,-0.2580291927,"a,e"
Shanghai,Height,12,-0.2414591312,"a,e"
Shanghai,Height,15,-0.07894107699,"a,e"
Wuhan,Height,12,-0.2479147017,"a,e"
Beijing,Height,60,0.3203522265,"a,e"
Wuhan,Height,24,0.1300263554,"a,e"
Wuhan,Height,15,-0.2053802162,"a,e"
Beijing,Height,84,1.126868367,"a,e"
Shanghai,Height,18,-0.191380024,"a,e"
Shanghai,Height,18,-0.03348232806,"a,e"
Shanghai,Height,18,-0.111421518,"a,e"
Wuhan,Height,12,-0.1905370653,"a,e"
Guangzhou,Height,18,-0.05961968005,"a,e"
Shanghai,Height,15,-0.09606986493,"a,e"
Guangzhou,Height,45,0.4422590435,"a,e"
Shanghai,Height,9,-0.3077995479,"a,e"
Shanghai,Height,9,-0.2483670712,"a,e"
Shanghai,Height,6,-0.2827264965,"a,e"
Wuhan,Height,60,0.1976476461,"a,e"
Shanghai,Height,12,-0.24124749,"a,e"
Shanghai,Height,18,-0.1729303151,"a,e"
Shanghai,Height,18,-0.08113867044,"a,e"
Shanghai,Height,21,0.37034899,"a,e"
Shanghai,Height,42,0.2546024919,"a,e"
Beijing,Height,21,-0.03822103143,"a,e"
Beijing,Height,15,-0.07842893153,"a,e"
Wuhan,Height,18,-0.1683558077,"a,e"
Wuhan,Height,9,-0.2528450489,"a,e"
Beijing,Height,18,-0.2247888446,"a,e"
Wuhan,Height,60,0.3130929768,"a,e"
Shanghai,Height,9,-0.2916517556,"a,e"
Shanghai,Height,18,-0.2987039089,"a,e"
Shanghai,Height,9,-0.2232696861,"a,e"
Shanghai,Height,6,-0.4460552931,"a,e"
Shanghai,Height,18,-0.1258660704,"a,e"
Shanghai,Height,18,-0.2021993697,"a,e"
Beijing,Height,30,0.2011519521,"a,e"
Shanghai,Height,9,-0.3728792667,"a,e"
Guangzhou,Height,18,0.02643059939,"a,e"
Shanghai,Height,30,0.2348570973,"a,e"
Shanghai,Height,18,-0.1243789196,"a,e"
Wuhan,Height,15,-0.1201842427,"a,e"
Beijing,Height,24,0.07095631212,"a,e"
Shanghai,Height,21,-0.003031576285,"a,e"
Shanghai,Height,18,-0.1136519536,"a,e"
Shanghai,Height,15,-0.1572601348,"a,e"
Guangzhou,Height,36,0.1278462857,"a,e"
Shanghai,Height,9,-0.3797875643,"a,e"
Wuhan,Height,24,0.2148797363,"a,e"
Shanghai,Height,9,-0.3047031164,"a,e"
Shanghai,Height,15,-0.2199668884,"a,e"
Shanghai,Height,18,-0.1135287806,"a,e"
Shanghai,Height,9,-0.3610980213,"a,e"
Shanghai,Height,18,-0.1900211424,"a,e"
Beijing,Height,12,-0.2603294253,"a,e"
Beijing,Height,27,-0.06464824826,"a,e"
Shanghai,Height,9,-0.334435612,"a,e"
Shanghai,Height,18,-0.2319474816,"a,e"
Shanghai,Height,18,-0.187776804,"a,e"
Shanghai,Height,18,-0.06306736916,"a,e"
Shanghai,Height,9,-0.390656352,"a,e"
Wuhan,Height,24,0.2860782444,"a,e"
Beijing,Height,15,-0.270231396,"a,e"
Shanghai,Height,18,-0.2113374174,"a,e"
Guangzhou,Height,18,-0.01027765404,"a,e"
Shanghai,Height,12,-0.2651582956,"a,e"
Shanghai,Height,15,-0.1648974568,"a,e"
Shanghai,Height,18,-0.1846656203,"a,e"
Shanghai,Height,9,-0.2886642218,"a,e"
Guangzhou,Height,12,-0.2868161201,"a,e"
Shanghai,Height,15,-0.2076268941,"a,e"
Shanghai,Height,33,0.2204949409,"a,e"
Wuhan,Height,12,-0.18735376,"a,e"
Shanghai,Height,12,-0.2544281781,"a,e"
Shanghai,Height,9,-0.3044343889,"a,e"
Beijing,Height,60,0.3019129336,"a,e"
Shanghai,Height,18,-0.03277187794,"a,e"
Shanghai,Height,9,-0.3647567928,"a,e"
Guangzhou,Height,9,-0.4479136169,"a,e"
Guangzhou,Height,18,-0.2553035915,"a,e"
Guangzhou,Height,12,-0.3243741095,"a,e"
Beijing,Height,84,0.7258696556,"a,e"
Shanghai,Height,12,-0.2512082458,"a,e"
Shanghai,Height,15,-0.1720867604,"a,e"
Guangzhou,Height,9,-0.3727323711,"a,e"
Shanghai,Height,15,-0.1425242275,"a,e"
Shanghai,Height,15,-0.20715186,"a,e"
Wuhan,Height,33,0.2189534307,"a,e"
Shanghai,Height,18,-0.1545531005,"a,e"
Guangzhou,Height,30,0.2341762483,"a,e"
Shanghai,Height,9,-0.3889636099,"a,e"
Wuhan,Height,6,-0.3125394881,"a,e"
Shanghai,Height,21,-0.03719465062,"a,e"
Shanghai,Height,18,-0.08589311689,"a,e"
Shanghai,Height,18,-0.1719227135,"a,e"
Shanghai,Height,18,-0.07403913885,"a,e"
Shanghai,Height,9,-0.3095309436,"a,e"
Shanghai,Height,9,-0.2637082934,"a,e"
Beijing,Height,12,-0.2009877414,"a,e"
Shanghai,Height,15,-0.168894127,"a,e"
Shanghai,Height,18,-0.1795596331,"a,e"
Shanghai,Height,18,-0.1058107242,"a,e"
Shanghai,Height,9,-0.2810878754,"a,e"
Beijing,Height,12,-0.2059239745,"a,e"
Shanghai,Height,18,-0.2240363806,"a,e"
Wuhan,Height,18,-0.1335358173,"a,e"
Guangzhou,Height,9,-0.3745799661,"a,e"
Shanghai,Height,18,-0.1408976763,"a,e"
Guangzhou,Height,18,-0.01959247701,"a,e"
Shanghai,Height,15,-0.08598769456,"a,e"
Shanghai,Height,9,-0.3464748561,"a,e"
Beijing,Height,24,0.187927708,"a,e"
Beijing,Height,9,-0.2515714169,"a,e"
Shanghai,Height,15,-0.04336474463,"a,e"
Shanghai,Height,18,-0.2226726562,"a,e"
Shanghai,Height,18,-0.1111094877,"a,e"
Guangzhou,Height,72,0.4006417692,"a,e"
Shanghai,Height,18,-0.09252958,"a,e"
Guangzhou,Height,9,-0.4982071817,"a,e"
Guangzhou,Height,18,0.08837974817,"a,e"
Shanghai,Height,15,-0.2147100419,"a,e"
Shanghai,Height,9,-0.3852728009,"a,e"
Shanghai,Height,75,0.5152307749,"a,e"
Shanghai,Height,18,-0.17245242,"a,e"
Shanghai,Height,9,-0.4048835337,"a,e"
Shanghai,Height,45,0.2466976643,"a,e"
Shanghai,Height,18,-0.1242113858,"a,e"
Shanghai,Height,9,-0.3835660517,"a,e"
Shanghai,Height,18,-0.1578936726,"a,e"
Guangzhou,Height,9,-0.2939234376,"a,e"
Shanghai,Height,15,-0.2351023257,"a,e"
Wuhan,Height,12,-0.1670445055,"a,e"
Wuhan,Height,18,-0.1063811257,"a,e"
Shanghai,Height,15,-0.1993433535,"a,e"
Shanghai,Height,9,-0.3389040232,"a,e"
Guangzhou,Height,24,0.2018797696,"a,e"
Shanghai,Height,51,0.5795617104,"a,e"
Shanghai,Height,9,-0.3229453266,"a,e"
Shanghai,Height,9,-0.3897328973,"a,e"
Guangzhou,Height,9,-0.3167703748,"a,e"
Wuhan,Height,15,-0.1081817374,"a,e"
Shanghai,Height,9,-0.2388329208,"a,e"
Shanghai,Height,18,-0.1428493708,"a,e"
Shanghai,Height,45,0.1416062117,"a,e"
Beijing,Height,15,-0.2011195719,"a,e"
Beijing,Height,9,-0.4726054668,"a,e"
Shanghai,Height,18,-0.2073697746,"a,e"
Shanghai,Height,9,-0.2951933742,"a,e"
Shanghai,Height,12,-0.2219944,"a,e"
Guangzhou,Height,18,0.0342226252,"a,e"
Shanghai,Height,9,-0.3244308531,"a,e"
Guangzhou,Height,30,0.4260561764,"a,e"
Shanghai,Height,60,0.3774523139,"a,e"
Shanghai,Height,15,-0.2201412171,"a,e"
Wuhan,Height,33,0.06628187001,"a,e"
Shanghai,Height,12,-0.330167979,"a,e"
Wuhan,Height,24,0.04769752175,"a,e"
Beijing,Height,18,-0.08828385919,"a,e"
Shanghai,Height,12,-0.3135263026,"a,e"
Guangzhou,Height,24,0.1778492332,"a,e"
Shanghai,Height,9,-0.352750659,"a,e"
Shanghai,Height,9,-0.3737095594,"a,e"
Guangzhou,Height,9,-0.3718909323,"a,e"
Wuhan,Height,15,-0.2068056166,"a,e"
Shanghai,Height,15,-0.03988108784,"a,e"
Shanghai,Height,15,-0.2248888761,"a,e"
Shanghai,Height,18,-0.04321062937,"a,e"
Shanghai,Height,18,-0.1965623349,"a,e"
Wuhan,Height,21,0.016015701,"a,e"
Wuhan,Height,18,-0.04629506916,"a,e"
Shanghai,Height,9,-0.1519942582,"a,e"
Guangzhou,Height,9,-0.2955974936,"a,e"
Beijing,Height,18,-0.1231347024,"a,e"
Beijing,Height,18,-0.1973262727,"a,e"
Beijing,Height,54,0.32277897,"a,e"
Shanghai,Height,12,-0.3256324828,"a,e"
Beijing,Height,51,0.2410848886,"a,e"
Beijing,Height,18,-0.06810729206,"a,e"
Shanghai,Height,15,-0.1511935294,"a,e"
Wuhan,Height,30,0.1320067346,"a,e"
Shanghai,Height,60,0.317278862,"a,e"
Guangzhou,Height,15,0.05826552585,"a,e"
Beijing,Height,18,-0.1946758032,"a,e"
Wuhan,Height,12,-0.1573798805,"a,e"
Shanghai,Height,18,-0.1725585163,"a,e"
Shanghai,Height,6,-0.1681435406,"a,e"
Guangzhou,Height,9,-0.3792462349,"a,e"
Wuhan,Height,9,-0.3385195732,"a,e"
Guangzhou,Height,9,-0.3603982925,"a,e"
Wuhan,Height,15,-0.06497373432,"a,e"
Shanghai,Height,15,-0.2085880041,"a,e"
Shanghai,Height,15,-0.2212988436,"a,e"
Shanghai,Height,18,-0.1332348436,"a,e"
Beijing,Height,54,0.3217772841,"a,e"
Shanghai,Height,6,-0.1799478978,"a,e"
Shanghai,Height,12,-0.2594605386,"a,e"
Shanghai,Height,18,-0.1603420973,"a,e"
Guangzhou,Height,36,0.1830551773,"a,e"
Shanghai,Height,9,-0.3296930492,"a,e"
Shanghai,Height,9,-0.4368093908,"a,e"
Wuhan,Height,18,-0.06464593112,"a,e"
Wuhan,Height,9,-0.2980065644,"a,e"
Wuhan,Height,9,-0.5251864791,"a,e"
Guangzhou,Height,30,0.388535589,"a,e"
Wuhan,Height,12,-0.4198487997,"a,e"
Guangzhou,Height,21,0.01041761879,"a,e"
Shanghai,Height,18,-0.09908086807,"a,e"
Shanghai,Height,18,-0.1762466431,"a,e"
Wuhan,Height,9,-0.3215013146,"a,e"
Beijing,Height,21,-0.05344346538,"a,e"
Wuhan,Height,18,-0.08962629735,"a,e"
Shanghai,Height,18,-0.2097420096,"a,e"
Wuhan,Height,60,0.3933331966,"a,e"
Shanghai,Height,21,0.03872990608,"a,e"
Shanghai,Height,9,-0.177765578,"a,e"
Shanghai,Height,18,-0.1104258969,"a,e"
Beijing,Height,60,0.3185174167,"a,e"
Shanghai,Height,6,-0.2930672765,"a,e"
Shanghai,Height,18,-0.01812658459,"a,e"
Beijing,Height,18,-0.2351339608,"a,e"
Shanghai,Height,6,-0.1987351179,"a,e"
Wuhan,Height,39,0.2237053812,"a,e"
Shanghai,Height,18,-0.06263314188,"a,e"
Shanghai,Height,9,-0.334215045,"a,e"
Shanghai,Height,33,0.2966994345,"a,e"
Shanghai,Height,9,-0.2801060379,"a,e"
Shanghai,Height,15,-0.1605051607,"a,e"
Beijing,Height,54,0.4787219763,"a,e"
Shanghai,Height,9,-0.3492691517,"a,e"
Wuhan,Height,18,-0.180606395,"a,e"
Wuhan,Height,9,-0.3128571808,"a,e"
Shanghai,Height,6,-0.268907547,"a,e"
Wuhan,Height,18,-0.1535396129,"a,e"
Guangzhou,Height,30,0.2658383846,"a,e"
Wuhan,Height,36,0.2699232996,"a,e"
Beijing,Height,12,-0.2113967389,"a,e"
Beijing,Height,30,0.1778118759,"a,e"
Wuhan,Height,21,0.08472118527,"a,e"
Shanghai,Height,18,-0.1176396608,"a,e"
Shanghai,Height,18,-0.1454844326,"a,e"
Shanghai,Height,15,-0.1932531446,"a,e"
Shanghai,Height,18,-0.1005434617,"a,e"
Shanghai,Height,12,-0.2425663918,"a,e"
Guangzhou,Height,12,-0.2995642126,"a,e"
Shanghai,Height,18,-0.182745114,"a,e"
Shanghai,Height,18,-0.07983990759,"a,e"
Wuhan,Height,18,-0.1241609007,"a,e"
Wuhan,Height,18,-0.1953233778,"a,e"
Beijing,Height,54,0.2340014726,"a,e"
Guangzhou,Height,21,-0.0723194927,"a,e"
Guangzhou,Height,12,-0.3404158056,"a,e"
Beijing,Height,9,-0.2407946587,"a,e"
Shanghai,Height,9,-0.21285595,"a,e"
Guangzhou,Height,54,0.09724123776,"a,e"
Shanghai,Height,18,-0.1246581748,"a,e"
Guangzhou,Height,9,-0.3576573431,"a,e"
Guangzhou,Height,9,-0.3040564954,"a,e"
Beijing,Height,24,0.01511777658,"a,e"
Guangzhou,Height,60,0.4087506235,"a,e"
Beijing,Height,18,-0.09640541673,"a,e"
Shanghai,Height,48,0.3457733393,"a,e"
Beijing,Height,15,-0.2926891744,"a,e"
Shanghai,Height,18,-0.0983838588,"a,e"
Beijing,Height,9,-0.3155068457,"a,e"
Shanghai,Height,18,-0.05695042014,"a,e"
Shanghai,Height,30,0.3382432461,"a,e"
Shanghai,Height,9,-0.4720065296,"a,e"
Beijing,Height,12,-0.1810476631,"a,e"
Shanghai,Height,9,-0.4061957598,"a,e"
Shanghai,Height,18,-0.2093887627,"a,e"
Shanghai,Height,30,0.1883413792,"a,e"
Shanghai,Height,36,0.1707287133,"a,e"
Shanghai,Height,18,-0.05395940319,"a,e"
Wuhan,Height,33,0.05806196481,"a,e"
Shanghai,Height,15,-0.1454964429,"a,e"
Wuhan,Height,18,-0.1032823622,"a,e"
Guangzhou,Height,15,0.06340759248,"a,e"
Wuhan,Height,9,-0.373028338,"a,e"
Wuhan,Height,33,0.1476462781,"a,e"
Shanghai,Height,9,-0.1644426435,"a,e"
Wuhan,Height,15,-0.1281347126,"a,e"
Shanghai,Height,18,-0.1294592619,"a,e"
Shanghai,Height,21,0.2624492943,"a,e"
Shanghai,Height,21,-0.04406609759,"a,e"
Guangzhou,Height,9,-0.3448126316,"a,e"
Shanghai,Height,18,-0.1795002371,"a,e"
Wuhan,Height,15,-0.1591484696,"a,e"
Shanghai,Height,15,-0.04057892412,"a,e"
Shanghai,Height,18,-0.0937384963,"a,e"
Beijing,Height,54,0.4072389305,"a,e"
Shanghai,Height,18,-0.1382945031,"a,e"
Beijing,Height,36,0.3902773261,"a,e"
Shanghai,Height,60,0.4643268585,"a,e"
Shanghai,Height,15,-0.1238464862,"a,e"
Shanghai,Height,9,-0.2324927002,"a,e"
Guangzhou,Height,9,-0.4146380723,"a,e"
Wuhan,Height,36,0.2203824073,"a,e"
Shanghai,Height,54,0.1599855423,"a,e"
Shanghai,Height,15,-0.08538457006,"a,e"
Shanghai,Height,33,0.4217165411,"a,e"
Shanghai,Height,15,-0.2671798468,"a,e"
Shanghai,Height,9,-0.3799335361,"a,e"
Shanghai,Height,60,0.5754697919,"a,e"
Wuhan,Height,18,-0.2567548156,"a,e"
Shanghai,Height,18,-0.0750046894,"a,e"
Guangzhou,Height,30,0.198685959,"a,e"
Shanghai,Height,6,-0.1879643351,"a,e"
Beijing,Height,24,0.2720698416,"a,e"
Wuhan,Height,9,-0.2162532508,"a,e"
Shanghai,Height,18,-0.1425267011,"a,e"
Guangzhou,Height,60,0.2043855041,"a,e"
Wuhan,Height,21,0.03300447762,"a,e"
Guangzhou,Height,9,-0.4470850229,"a,e"
Shanghai,Height,36,0.1778900921,"a,e"
Wuhan,Height,51,0.1858310252,"a,e"
Shanghai,Height,9,-0.3281684816,"a,e"
Shanghai,Height,9,-0.318949163,"a,e"
Shanghai,Height,12,-0.1948536187,"a,e"
Wuhan,Height,15,-0.220829919,"a,e"
Wuhan,Height,18,-0.06221014634,"a,e"
Shanghai,Height,18,-0.191452533,"a,e"
Shanghai,Height,9,-0.2820943594,"a,e"
Beijing,Height,30,0.3201183975,"a,e"
Shanghai,Height,12,-0.1698915809,"a,e"
Shanghai,Height,18,-0.16221039,"a,e"
Guangzhou,Height,18,-0.0895666033,"a,e"
Wuhan,Height,24,0.3293499351,"a,e"
Wuhan,Height,18,-0.1938983053,"a,e"
Shanghai,Height,9,-0.295339942,"a,e"
Beijing,Height,18,-0.02795790322,"a,e"
Shanghai,Height,9,-0.3893913627,"a,e"
Shanghai,Height,18,-0.005378704052,"a,e"
Wuhan,Height,15,-0.2165991217,"a,e"
Beijing,Height,12,-0.1927560568,"a,e"
Shanghai,Height,9,-0.3482955992,"a,e"
Wuhan,Height,21,0.06240825355,"a,e"
Wuhan,Height,21,0.04014644399,"a,e"
Shanghai,Height,18,-0.06303821504,"a,e"
Shanghai,Height,18,-0.1335889399,"a,e"
Shanghai,Height,15,-0.1183150113,"a,e"
Shanghai,Height,18,-0.1370807737,"a,e"
Guangzhou,Height,9,-0.389959991,"a,e"
Shanghai,Height,45,0.3666300774,"a,e"
Shanghai,Height,21,-0.01567018591,"a,e"
Shanghai,Height,18,-0.1421267986,"a,e"
Shanghai,Height,9,-0.3267054558,"a,e"
Shanghai,Height,9,-0.3663100004,"a,e"
Shanghai,Height,9,-0.3795016408,"a,e"
Beijing,Height,30,0.1865773499,"a,e"
Wuhan,Height,9,-0.3064772785,"a,e"
Wuhan,Height,36,0.1093586534,"a,e"
Guangzhou,Height,9,-0.4186216891,"a,e"
Wuhan,Height,9,-0.209117189,"a,e"
Shanghai,Height,6,-0.3347072303,"a,e"
Shanghai,Height,15,-0.07941546291,"a,e"
Wuhan,Height,18,-0.1824459732,"a,e"
Shanghai,Height,18,-0.1239338443,"a,e"
Wuhan,Height,9,-0.2603426874,"a,e"
Wuhan,Height,9,-0.3771817088,"a,e"
Shanghai,Height,9,-0.3319540322,"a,e"
Shanghai,Height,18,-0.1578554213,"a,e"
Wuhan,Height,15,-0.2648410499,"a,e"
Shanghai,Height,39,0.4048074484,"a,e"
Shanghai,Height,54,0.4527956247,"a,e"
Shanghai,Height,9,-0.3233186305,"a,e"
Wuhan,Height,18,-0.08081247658,"a,e"
Shanghai,Height,18,-0.1928294152,"a,e"
Shanghai,Height,78,0.6308863759,"a,e"
Guangzhou,Height,9,-0.3631632924,"a,e"
Guangzhou,Height,9,-0.3641119599,"a,e"
Wuhan,Height,18,-0.1731649637,"a,e"
Shanghai,Height,15,-0.09860347211,"a,e"
Wuhan,Height,24,0.1608425677,"a,e"
Shanghai,Height,18,-0.1640126109,"a,e"
Wuhan,Height,75,0.3654724061,"a,e"
Shanghai,Height,18,-0.137093842,"a,e"
Guangzhou,Height,24,0.2310076803,"a,e"
Wuhan,Height,15,-0.128912136,"a,e"
Wuhan,Height,15,-0.1359766871,"a,e"
Beijing,Height,36,0.07195142657,"a,e"
Shanghai,Height,18,-0.1047158912,"a,e"
Beijing,Height,24,0.0793832615,"a,e"
Shanghai,Height,6,-0.290268302,"a,e"
Guangzhou,Height,9,-0.3377349377,"a,e"
Shanghai,Height,18,-0.1765099615,"a,e"
Shanghai,Height,30,0.1842713356,"a,e"
Shanghai,Height,18,-0.05672300234,"a,e"
Guangzhou,Height,9,-0.4091778398,"a,e"
Shanghai,Height,18,-0.2278088331,"a,e"
Shanghai,Height,24,0.2106348127,"a,e"
Beijing,Height,9,-0.3511687219,"a,e"
Shanghai,Height,9,-0.4313711822,"a,e"
Shanghai,Height,21,0.08466288447,"a,e"
Shanghai,Height,9,-0.4165436029,"a,e"
Beijing,Height,15,-0.05318019912,"a,e"
Shanghai,Height,12,-0.1375509202,"a,e"
Guangzhou,Height,9,-0.3798792958,"a,e"
Shanghai,Height,21,0.2848813832,"a,e"
Shanghai,Height,15,-0.13879399,"a,e"
Guangzhou,Height,9,-0.444013238,"a,e"
Guangzhou,Height,18,-0.03537678719,"a,e"
Guangzhou,Height,9,-0.3931902647,"a,e"
Shanghai,Height,18,-0.1080221459,"a,e"
Shanghai,Height,12,-0.1852093488,"a,e"
Beijing,Height,15,-0.2524337173,"a,e"
Shanghai,Height,9,-0.225837782,"a,e"
Wuhan,Height,54,0.258267194,"a,e"
Beijing,Height,18,-0.09858089685,"a,e"
Shanghai,Height,18,-0.1703108251,"a,e"
Shanghai,Height,18,-0.1917824745,"a,e"
Shanghai,Height,6,-0.3221827447,"a,e"
Beijing,Height,18,-0.1814495474,"a,e"
Wuhan,Height,69,0.193761602,"a,e"
Guangzhou,Height,18,-0.0412148051,"a,e"
Wuhan,Height,15,-0.007062360179,"a,e"
Wuhan,Height,21,-0.1323218048,"a,e"
Shanghai,Height,18,-0.24124524,"a,e"
Guangzhou,Height,9,-0.419273138,"a,e"
Shanghai,Height,9,-0.303054899,"a,e"
Shanghai,Height,18,-0.1605849117,"a,e"
Guangzhou,Height,9,-0.4182462096,"a,e"
Shanghai,Height,18,-0.1371818632,"a,e"
Shanghai,Height,18,-0.1104067042,"a,e"
Guangzhou,Height,30,0.09655292332,"a,e"
Shanghai,Height,18,-0.04491211101,"a,e"
Shanghai,Height,9,-0.2890397906,"a,e"
Shanghai,Height,18,-0.07098353654,"a,e"
Beijing,Height,24,-0.06990153342,"a,e"
Guangzhou,Height,9,-0.3718577027,"a,e"
Shanghai,Height,15,-0.1570662707,"a,e"
Wuhan,Height,15,-0.192618534,"a,e"
Shanghai,Height,18,-0.1603788286,"a,e"
Shanghai,Height,6,-0.3238938451,"a,e"
Guangzhou,Height,54,0.2923929393,"a,e"
Guangzhou,Height,60,0.1782746911,"a,e"
Shanghai,Height,18,-0.08599812537,"a,e"
Guangzhou,Height,9,-0.2044271529,"a,e"
Beijing,Height,18,-0.1915354282,"a,e"
Shanghai,Height,24,0.2122976482,"a,e"
Shanghai,Height,18,-0.2285949141,"a,e"
Beijing,Height,39,0.2744958103,"a,e"
Shanghai,Height,12,-0.2678014636,"a,e"
Shanghai,Height,36,0.3203486204,"a,e"
Shanghai,Height,15,-0.1415676475,"a,e"
Shanghai,Height,18,-0.2200033069,"a,e"
Shanghai,Height,9,-0.4059076905,"a,e"
Guangzhou,Height,9,-0.5490474105,"a,e"
Shanghai,Height,72,0.4925182462,"a,e"
Shanghai,Height,12,-0.2659726441,"a,e"
Wuhan,Height,12,-0.1536551118,"a,e"
Wuhan,Height,54,0.2909974158,"a,e"
Beijing,Height,9,-0.2725561857,"a,e"
Wuhan,Height,60,0.3209657967,"a,e"
Shanghai,Height,18,-0.1697616577,"a,e"
Shanghai,Height,9,-0.2425601929,"a,e"
Shanghai,Height,12,-0.2320491672,"a,e"
Guangzhou,Height,9,-0.3760300875,"a,e"
Shanghai,Height,12,-0.191778183,"a,e"
Shanghai,Height,18,-0.1809021086,"a,e"
Shanghai,Height,6,-0.3991102874,"a,e"
Guangzhou,Height,18,-0.07308188081,"a,e"
Shanghai,Height,9,-0.2843879461,"a,e"
Shanghai,Height,9,-0.3657211065,"a,e"
Guangzhou,Height,15,-0.1026362926,"a,e"
Shanghai,Height,15,-0.1500309706,"a,e"
Beijing,Height,9,-0.2730114162,"a,e"
Wuhan,Height,9,-0.2650234997,"a,e"
Shanghai,Height,21,-0.09103097767,"a,e"
Shanghai,Height,15,-0.06357730925,"a,e"
Shanghai,Height,9,-0.3865346313,"a,e"
Beijing,Height,15,-0.2699802816,"a,e"
Shanghai,Height,30,0.1600482315,"a,e"
Shanghai,Height,18,-0.0771714896,"a,e"
Guangzhou,Height,18,-0.08216565847,"a,e"
Shanghai,Height,9,-0.4375470579,"a,e"
Guangzhou,Height,15,-0.1387019604,"a,e"
Shanghai,Height,18,-0.1504617333,"a,e"
Shanghai,Height,9,-0.3003358245,"a,e"
Shanghai,Height,33,0.2609397769,"a,e"
Shanghai,Height,12,-0.2505063117,"a,e"
Shanghai,Height,9,-0.2232212275,"a,e"
Guangzhou,Height,9,-0.4364412427,"a,e"
Shanghai,Height,27,0.2052070051,"a,e"
Shanghai,Height,15,-0.09592501074,"a,e"
Shanghai,Height,9,-0.305870682,"a,e"
Shanghai,Height,18,-0.1110725254,"a,e"
Shanghai,Height,9,-0.3070121706,"a,e"
Guangzhou,Height,9,-0.433118701,"a,e"
Shanghai,Height,18,-0.0924128741,"a,e"
Shanghai,Height,9,-0.3264650106,"a,e"
Shanghai,Height,18,-0.1635798961,"a,e"
Shanghai,Height,33,0.2641223371,"a,e"
Shanghai,Height,18,-0.08144186437,"a,e"
Shanghai,Height,18,-0.1157746315,"a,e"
Guangzhou,Height,9,-0.3797517419,"a,e"
Shanghai,Height,9,-0.3492691517,"a,e"
Shanghai,Height,18,-0.1525602788,"a,e"
Shanghai,Height,15,-0.0987579301,"a,e"
Guangzhou,Height,15,-0.08519923687,"a,e"
Shanghai,Height,9,-0.3307644725,"a,e"
Shanghai,Height,9,-0.2761162221,"a,e"
Shanghai,Height,24,0.1056576222,"a,e"
Beijing,Height,21,-0.02448024601,"a,e"
Beijing,Height,9,-0.2911652029,"a,e"
Shanghai,Height,15,-0.09091795236,"a,e"
Shanghai,Height,75,0.3777121603,"a,e"
Shanghai,Height,15,-0.2577381432,"a,e"
Shanghai,Height,21,-0.03355401382,"a,e"
Wuhan,Height,9,-0.3353937864,"a,e"
Shanghai,Height,45,0.6250960827,"a,e"
Shanghai,Height,18,-0.1634404957,"a,e"
Wuhan,Height,9,-0.3723487854,"a,e"
Shanghai,Height,12,-0.3145114779,"a,e"
Shanghai,Height,9,-0.2478051931,"a,e"
Shanghai,Height,15,-0.1114418656,"a,e"
Shanghai,Height,36,0.3196947575,"a,e"
Wuhan,Height,15,-0.1310554743,"a,e"
Shanghai,Height,9,-0.3380686939,"a,e"
Guangzhou,Height,21,0.4907280803,"a,e"
Shanghai,Height,12,-0.2849596441,"a,e"
Wuhan,Height,12,-0.1555469185,"a,e"
Shanghai,Height,9,-0.411627233,"a,e"
Shanghai,Height,9,-0.3902379274,"a,e"
Guangzhou,Height,42,0.1932341456,"a,e"
Wuhan,Height,18,-0.1329622567,"a,e"
Shanghai,Height,24,0.1222463623,"a,e"
Beijing,Height,9,-0.263235718,"a,e"
Shanghai,Height,18,-0.07656526566,"a,e"
Shanghai,Height,18,-0.1688279063,"a,e"
Guangzhou,Height,9,-0.3265093565,"a,e"
Shanghai,Height,18,-0.1654717624,"a,e"
Beijing,Height,15,-0.05191198736,"a,e"
Wuhan,Height,24,-0.003761291038,"a,e"
Guangzhou,Height,27,0.2761265337,"a,e"
Wuhan,Height,18,-0.08455112576,"a,e"
Wuhan,Height,12,-0.2579069436,"a,e"
Guangzhou,Height,18,-0.1758326143,"a,e"
Shanghai,Height,6,-0.3108999133,"a,e"
Guangzhou,Height,9,-0.4077464342,"a,e"
Guangzhou,Height,18,-0.1180923805,"a,e"
Shanghai,Height,9,-0.3642559946,"a,e"
Beijing,Height,27,0.1150420159,"a,e"
Shanghai,Height,18,-0.06704502553,"a,e"
Shanghai,Height,18,-0.2176493257,"a,e"
Wuhan,Height,12,-0.1104237661,"a,e"
Shanghai,Height,9,-0.1841048598,"a,e"
Guangzhou,Height,20,0.02670194209,"a,e"
Shanghai,Height,18,-0.0769559592,"a,e"
Shanghai,Height,15,-0.1043287143,"a,e"
Shanghai,Height,6,-0.2140919119,"a,e"
Beijing,Height,15,-0.2520323098,"a,e"
Shanghai,Height,60,0.4354177415,"a,e"
Shanghai,Height,12,-0.2565174401,"a,e"
Wuhan,Height,9,-0.3218053877,"a,e"
Guangzhou,Height,12,-0.2351093441,"a,e"
Guangzhou,Height,36,0.1593224406,"a,e"
Shanghai,Height,9,-0.3239342272,"a,e"
Beijing,Height,9,-0.3813867569,"a,e"
Shanghai,Height,18,-0.02765206061,"a,e"
Wuhan,Height,12,-0.3358636498,"a,e"
Wuhan,Height,18,-0.1630353779,"a,e"
Guangzhou,Height,9,-0.4235419333,"a,e"
Shanghai,Height,18,-0.1935844123,"a,e"
Shanghai,Height,9,-0.2293671966,"a,e"
Shanghai,Height,15,-0.1309359074,"a,e"
Beijing,Height,21,0.02494208887,"a,e"
Shanghai,Height,18,-0.01861555129,"a,e"
Shanghai,Height,15,-0.2044472396,"a,e"
Guangzhou,Height,21,0.1691141427,"a,e"
Beijing,Height,45,0.132860899,"a,e"
Shanghai,Height,18,-0.06428089738,"a,e"
Shanghai,Height,9,-0.3424332738,"a,e"
Shanghai,Height,6,-0.3704206645,"a,e"
Beijing,Height,12,-0.1615279615,"a,e"
Shanghai,Height,9,-0.1863093674,"a,e"
Shanghai,Height,6,-0.3445769846,"a,e"
Shanghai,Height,9,-0.3573423326,"a,e"
Shanghai,Height,18,-0.1540785879,"a,e"
Shanghai,Height,9,-0.3503124118,"a,e"
Shanghai,Height,18,-0.1364836842,"a,e"
Beijing,Height,9,-0.2551697493,"a,e"
Guangzhou,Height,9,-0.2918484509,"a,e"
Beijing,Height,18,-0.1747268587,"a,e"
Shanghai,Height,18,-0.3345930874,"a,e"
Guangzhou,Height,18,0.06503179669,"a,e"
Shanghai,Height,12,-0.3797459602,"a,e"
Shanghai,Height,6,-0.2590993047,"a,e"
Wuhan,Height,9,-0.1867011935,"a,e"
Shanghai,Height,6,-0.230380863,"a,e"
Shanghai,Height,9,-0.1876843125,"a,e"
Shanghai,Height,27,0.1121746898,"a,e"
Shanghai,Height,6,-0.2188390642,"a,e"
Guangzhou,Height,9,-0.3543353975,"a,e"
Beijing,Height,60,0.2920060456,"a,e"
Shanghai,Height,9,-0.2262623757,"a,e"
Shanghai,Height,9,-0.2116117626,"a,e"
Beijing,Height,24,0.06411938369,"a,e"
Beijing,Height,9,-0.3013962805,"a,e"
Beijing,Height,9,-0.2178424597,"a,e"
Shanghai,Height,15,-0.2088223398,"a,e"
Shanghai,Height,12,-0.2206233591,"a,e"
Shanghai,Height,69,0.5140838623,"a,e"
Beijing,Height,18,-0.1183128282,"a,e"
Shanghai,Height,45,0.2620332837,"a,e"
Guangzhou,Height,9,-0.4183801711,"a,e"
Beijing,Height,6,-0.2502081394,"a,e"
Shanghai,Height,18,-0.156833306,"a,e"
Wuhan,Height,21,-0.008948119357,"a,e"
Shanghai,Height,18,-0.08770071715,"a,e"
Wuhan,Height,15,-0.1586358249,"a,e"
Wuhan,Height,21,0.03699729592,"a,e"
Shanghai,Height,15,-0.1631157398,"a,e"
Shanghai,Height,18,-0.2079716176,"a,e"
Shanghai,Height,36,0.1896471083,"a,e"
Wuhan,Height,18,-0.2203219533,"a,e"
Shanghai,Height,18,-0.1691642106,"a,e"
Wuhan,Height,18,-0.2533175349,"a,e"
Guangzhou,Height,24,0.09186755866,"a,e"
Shanghai,Height,45,0.2856585383,"a,e"
Shanghai,Height,18,-0.1319053024,"a,e"
Guangzhou,Height,9,-0.4131394625,"a,e"
Shanghai,Height,6,-0.1615422964,"a,e"
Shanghai,Height,18,-0.2387028486,"a,e"
Guangzhou,Height,9,-0.2581802011,"a,e"
Beijing,Height,21,0.05705208704,"a,e"
Shanghai,Height,18,-0.06518489122,"a,e"
Shanghai,Height,9,-0.3774074912,"a,e"
Shanghai,Height,9,-0.3409602344,"a,e"
Shanghai,Height,9,-0.3897328973,"a,e"
Shanghai,Height,12,-0.2048791051,"a,e"
Guangzhou,Height,12,-0.249316752,"a,e"
Guangzhou,Height,18,-0.08859401196,"a,e"
Wuhan,Height,18,-0.1200573295,"a,e"
Shanghai,Height,18,-0.1813069731,"a,e"
Beijing,Height,6,-0.2616881132,"a,e"
Beijing,Height,21,-0.0538485907,"a,e"
Guangzhou,Height,6,-0.4567674994,"a,e"
Shanghai,Height,9,-0.4357243478,"a,e"
Shanghai,Height,18,-0.09164879471,"a,e"
Shanghai,Height,12,-0.2495017946,"a,e"
Shanghai,Height,18,-0.1877161264,"a,e"
Shanghai,Height,18,-0.1848273724,"a,e"
Guangzhou,Height,9,-0.3253180087,"a,e"
Shanghai,Height,6,-0.2011513263,"a,e"
Shanghai,Height,12,-0.2686867714,"a,e"
Wuhan,Height,18,-0.1287415773,"a,e"
Beijing,Height,36,0.3129332364,"a,e"
Beijing,Height,27,0.1986864358,"a,e"
Shanghai,Height,21,0.06813814491,"a,e"
Shanghai,Height,30,0.2328937054,"a,e"
Shanghai,Height,18,-0.08325128257,"a,e"
Beijing,Height,18,-0.1340083927,"a,e"
Shanghai,Height,15,-0.1980035901,"a,e"
Shanghai,Height,18,-0.123035565,"a,e"
Beijing,Height,27,0.05700894818,"a,e"
Wuhan,Height,54,0.3912179768,"a,e"
Guangzhou,Height,9,-0.347914964,"a,e"
Wuhan,Height,15,-0.03105461225,"a,e"
Shanghai,Height,51,0.2475770414,"a,e"
Shanghai,Height,18,-0.1852078736,"a,e"
Shanghai,Height,9,-0.3254259527,"a,e"
Wuhan,Height,30,0.3014050126,"a,e"
Wuhan,Height,18,-0.1656782627,"a,e"
Shanghai,Height,12,-0.2365117222,"a,e"
Shanghai,Height,9,-0.2647617459,"a,e"
Shanghai,Height,9,-0.287587136,"a,e"
Shanghai,Height,24,0.1284181923,"a,e"
Shanghai,Height,9,-0.2838707566,"a,e"
Wuhan,Height,18,-0.1352273822,"a,e"
Beijing,Height,30,0.1457459629,"a,e"
Shanghai,Height,15,-0.1682831049,"a,e"
Shanghai,Height,18,-0.2135252357,"a,e"
Wuhan,Height,18,-0.1834871024,"a,e"
Shanghai,Height,18,-0.1430259198,"a,e"
Shanghai,Height,15,-0.1450671107,"a,e"
Shanghai,Height,12,-0.2364415079,"a,e"
Beijing,Height,15,-0.2920384407,"a,e"
Shanghai,Height,9,-0.2014013082,"a,e"
Beijing,Height,15,-0.0520645082,"a,e"
Wuhan,Height,9,-0.1865637302,"a,e"
Shanghai,Height,18,-0.05699736625,"a,e"
Shanghai,Height,12,-0.245972842,"a,e"
Shanghai,Height,18,-0.1168290377,"a,e"
Shanghai,Height,15,-0.03554025665,"a,e"
Guangzhou,Height,12,-0.2665455937,"a,e"
Shanghai,Height,6,-0.3360414803,"a,e"
Wuhan,Height,9,-0.3055191636,"a,e"
Wuhan,Height,36,0.1643820405,"a,e"
Shanghai,Height,9,-0.3332540095,"a,e"
Beijing,Height,18,-0.2361088991,"a,e"
Wuhan,Height,18,-0.121866554,"a,e"
Wuhan,Height,51,0.2507055104,"a,e"
Shanghai,Height,15,-0.136296764,"a,e"
Shanghai,Height,9,-0.2077651918,"a,e"
Shanghai,Height,15,-0.1045553833,"a,e"
Beijing,Height,12,-0.25794819,"a,e"
Shanghai,Height,18,-0.2034441233,"a,e"
Shanghai,Height,12,-0.2178921998,"a,e"
Shanghai,Height,9,-0.3670735955,"a,e"
Shanghai,Height,6,-0.1482073814,"a,e"
Wuhan,Height,45,0.3528395295,"a,e"
Guangzhou,Height,24,0.1063939855,"a,e"
Wuhan,Height,15,-0.1820959002,"a,e"
Beijing,Height,66,0.2946114838,"a,e"
Guangzhou,Height,9,-0.3969517946,"a,e"
Wuhan,Height,9,-0.309558928,"a,e"
Shanghai,Height,21,0.02706437185,"a,e"
Guangzhou,Height,18,-0.03856283426,"a,e"
Beijing,Height,9,-0.2980739772,"a,e"
Shanghai,Height,12,-0.207092911,"a,e"
Shanghai,Height,15,-0.1497405767,"a,e"
Beijing,Height,18,-0.2134471685,"a,e"
Beijing,Height,9,-0.31696859,"a,e"
Shanghai,Height,21,-0.08949955553,"a,e"
Shanghai,Height,12,-0.1969025731,"a,e"
Shanghai,Height,15,-0.07153646648,"a,e"
Shanghai,Height,27,0.4148106277,"a,e"
Shanghai,Height,18,-0.09166114777,"a,e"
Wuhan,Height,12,-0.4285485744,"a,e"
Guangzhou,Height,12,-0.1686668396,"a,e"
Shanghai,Height,9,-0.2716580331,"a,e"
Shanghai,Height,9,-0.4356725812,"a,e"
Shanghai,Height,12,-0.2098370492,"a,e"
Beijing,Height,36,0.266638279,"a,e"
Shanghai,Height,18,-0.03593178093,"a,e"
Shanghai,Height,6,-0.4084295034,"a,e"
Shanghai,Height,12,-0.2388266474,"a,e"
Wuhan,Height,51,0.4207748473,"a,e"
Shanghai,Height,21,0.4242208302,"a,e"
Shanghai,Height,18,-0.04175103828,"a,e"
Wuhan,Height,18,-0.1916286051,"a,e"
Beijing,Height,48,0.4032004178,"a,e"
Beijing,Height,30,0.1516144872,"a,e"
Beijing,Height,24,0.1226321533,"a,e"
Shanghai,Height,9,-0.2631087005,"a,e"
Beijing,Height,18,-0.01956451125,"a,e"
Shanghai,Height,18,-0.1406015009,"a,e"
Shanghai,Height,18,-0.1893818676,"a,e"
Shanghai,Height,9,-0.2339010388,"a,e"
Guangzhou,Height,9,-0.455273509,"a,e"
Shanghai,Height,6,-0.3339876831,"a,e"
Beijing,Height,21,-0.09562667459,"a,e"
Shanghai,Height,9,-0.3635686338,"a,e"
Shanghai,Height,60,0.4148136079,"a,e"
Guangzhou,Height,9,-0.3906530142,"a,e"
Guangzhou,Height,36,0.2699297667,"a,e"
Wuhan,Height,12,-0.3944631815,"a,e"
Beijing,Height,30,0.4169076085,"a,e"
Shanghai,Height,42,0.2622336447,"a,e"
Shanghai,Height,9,-0.2987506986,"a,e"
Shanghai,Height,18,-0.1811064482,"a,e"
Wuhan,Height,9,-0.2249136269,"a,e"
Beijing,Height,30,0.1668578982,"a,e"
Shanghai,Height,9,-0.1989389062,"a,e"
Wuhan,Height,60,0.158743158,"a,e"
Beijing,Height,24,0.06442243606,"a,e"
Beijing,Height,12,-0.2075865269,"a,e"
Shanghai,Height,6,-0.3090231717,"a,e"
Wuhan,Height,12,-0.2227022201,"a,e"
Guangzhou,Height,9,-0.371870935,"a,e"
Wuhan,Height,18,-0.2326822281,"a,e"
Shanghai,Height,18,-0.1398307979,"a,e"
Shanghai,Height,9,-0.3280128837,"a,e"
Guangzhou,Height,15,-0.1126954779,"a,e"
Shanghai,Height,9,-0.3405936658,"a,e"
Wuhan,Height,9,-0.2606675923,"a,e"
Shanghai,Height,18,-0.2080755979,"a,e"
Beijing,Height,18,-0.1503233016,"a,e"
Shanghai,Height,9,-0.1954441518,"a,e"
Guangzhou,Height,15,-0.02180267684,"a,e"
Wuhan,Height,18,-0.2121290118,"a,e"
Beijing,Height,42,0.417884022,"a,e"
Shanghai,Height,15,-0.2255765647,"a,e"
Wuhan,Height,54,0.4315705299,"a,e"
Shanghai,Height,18,-0.149596557,"a,e"
Wuhan,Height,30,0.300452292,"a,e"
Guangzhou,Height,9,-0.3374297023,"a,e"
Wuhan,Height,12,-0.0153878117,"a,e"
Shanghai,Height,9,-0.2768699229,"a,e"
Shanghai,Height,12,-0.2028873414,"a,e"
Guangzhou,Height,9,-0.4934843481,"a,e"
Shanghai,Height,18,-0.187493518,"a,e"
Shanghai,Height,9,-0.5788723826,"a,e"
Shanghai,Height,15,-0.2548273802,"a,e"
Shanghai,Height,18,-0.06270518154,"a,e"
Shanghai,Height,30,0.08585999906,"a,e"
Shanghai,Height,18,-0.1383637041,"a,e"
Guangzhou,Height,24,0.2150997519,"a,e"
Shanghai,Height,18,-0.1074567512,"a,e"
Shanghai,Height,9,-0.4598119855,"a,e"
Wuhan,Height,24,0.1005816236,"a,e"
Shanghai,Height,9,-0.2991710603,"a,e"
Guangzhou,Height,6,-0.3689991534,"a,e"
Wuhan,Height,21,-0.09048700333,"a,e"
Shanghai,Height,51,0.3410577774,"a,e"
Wuhan,Height,9,-0.2840091288,"a,e"
Guangzhou,Height,18,-0.02274654247,"a,e"
Beijing,Height,33,0.1443721652,"a,e"
Wuhan,Height,18,-0.05633364245,"a,e"
Shanghai,Height,9,-0.2703761458,"a,e"
Shanghai,Height,18,-0.1745564938,"a,e"
Shanghai,Height,27,0.2336807847,"a,e"
Shanghai,Height,18,-0.04346462339,"a,e"
Shanghai,Height,18,-0.04589985311,"a,e"
Shanghai,Height,18,-0.1549589485,"a,e"
Shanghai,Height,48,0.2632436454,"a,e"
Beijing,Height,9,-0.3723066747,"a,e"
Beijing,Height,60,0.3505202234,"a,e"
Shanghai,Height,18,-0.1798054576,"a,e"
Guangzhou,Height,18,-0.1278940588,"a,e"
Guangzhou,Height,24,0.1724203825,"a,e"
Shanghai,Height,33,0.09986694157,"a,e"
Wuhan,Height,9,-0.3070365191,"a,e"
Shanghai,Height,15,-0.1239403635,"a,e"
Shanghai,Height,48,0.3792566657,"a,e"
Shanghai,Height,9,-0.2309710681,"a,e"
Shanghai,Height,36,0.3079298437,"a,e"
Shanghai,Height,15,-0.06512067467,"a,e"
Beijing,Height,15,-0.01050153095,"a,e"
Beijing,Height,18,-0.2012969106,"a,e"
Guangzhou,Height,18,-0.07460981607,"a,e"
Wuhan,Height,6,-0.4549629092,"a,e"
Shanghai,Height,33,0.2541288137,"a,e"
Wuhan,Height,30,0.09261068702,"a,e"
Beijing,Height,12,-0.2180978358,"a,e"
Shanghai,Height,9,-0.2935037911,"a,e"
Beijing,Height,9,-0.2367577106,"a,e"
Beijing,Height,6,-0.2575712204,"a,e"
Shanghai,Height,18,-0.168443501,"a,e"
Wuhan,Height,18,-0.1045764983,"a,e"
Wuhan,Height,9,-0.3490555584,"a,e"
Shanghai,Height,18,-0.106935747,"a,e"
Shanghai,Height,18,-0.01307091862,"a,e"
Shanghai,Height,15,-0.1010227948,"a,e"
Shanghai,Height,18,-0.1124147698,"a,e"
Wuhan,Height,63,0.4356048107,"a,e"
Shanghai,Height,9,-0.3029137552,"a,e"
Shanghai,Height,12,-0.2762115002,"a,e"
Wuhan,Height,36,0.2644202113,"a,e"
Shanghai,Height,18,-0.1192715839,"a,e"
Wuhan,Height,9,-0.2894171178,"a,e"
Guangzhou,Height,15,-0.04520479962,"a,e"
Shanghai,Height,6,-0.3281597793,"a,e"
Shanghai,Height,18,-0.184675768,"a,e"
Beijing,Height,9,-0.2700618804,"a,e"
Beijing,Height,9,-0.299729377,"a,e"
Shanghai,Height,27,0.2766311169,"a,e"
Guangzhou,Height,12,-0.3077823222,"a,e"
Shanghai,Height,33,0.4111198783,"a,e"
Shanghai,Height,18,-0.1301755011,"a,e"
Wuhan,Height,18,-0.1979959011,"a,e"
Guangzhou,Height,18,-0.004281731788,"a,e"
Wuhan,Height,18,-0.06760581583,"a,e"
Shanghai,Height,39,0.3193824291,"a,e"
Shanghai,Height,15,-0.08664742857,"a,e"
Guangzhou,Height,9,-0.3560806513,"a,e"
Wuhan,Height,18,-0.1314020455,"a,e"
Guangzhou,Height,60,0.369204402,"a,e"
Wuhan,Height,18,-0.04692586511,"a,e"
Shanghai,Height,9,-0.2900499701,"a,e"
Wuhan,Height,9,-0.302544117,"a,e"
Shanghai,Height,63,0.3869332373,"a,e"
Shanghai,Height,12,-0.2508497536,"a,e"
Shanghai,Height,18,-0.03028420918,"a,e"
Beijing,Height,72,0.5208920836,"a,e"
Shanghai,Height,18,-0.1085886434,"a,e"
Shanghai,Height,9,-0.2856532037,"a,e"
Guangzhou,Height,15,0.03432492539,"a,e"
Shanghai,Height,15,-0.1835457236,"a,e"
Shanghai,Height,30,0.3126580417,"a,e"
Shanghai,Height,6,-0.2385983467,"a,e"
Shanghai,Height,21,-0.01109858695,"a,e"
Shanghai,Height,18,-0.06460853666,"a,e"
Beijing,Height,12,-0.1027781963,"a,e"
Beijing,Height,9,-0.2541174293,"a,e"
Shanghai,Height,42,0.3539682031,"a,e"
Shanghai,Height,9,-0.3902365565,"a,e"
Shanghai,Height,9,-0.41713956,"a,e"
Shanghai,Height,6,-0.1434448212,"a,e"
Shanghai,Height,21,-0.05713316053,"a,e"
Shanghai,Height,18,-0.1156726107,"a,e"
Shanghai,Height,18,-0.06884130836,"a,e"
Shanghai,Height,9,-0.2781166732,"a,e"
Shanghai,Height,15,-0.1061166674,"a,e"
Shanghai,Height,45,0.2960906327,"a,e"
Wuhan,Height,9,-0.3071087301,"a,e"
Wuhan,Height,18,-0.07025465369,"a,e"
Shanghai,Height,18,-0.1701538712,"a,e"
Shanghai,Height,24,-0.03779020905,"a,e"
Shanghai,Height,21,-0.002957041375,"a,e"
Shanghai,Height,12,-0.2383257151,"a,e"
Beijing,Height,36,0.1798870414,"a,e"
Beijing,Height,15,-0.1388451308,"a,e"
Wuhan,Height,15,-0.1118646413,"a,e"
Guangzhou,Height,54,0.2446260452,"a,e"
Shanghai,Height,12,-0.2735614777,"a,e"
Shanghai,Height,18,-0.1055327207,"a,e"
Shanghai,Height,21,0.05915402621,"a,e"
Guangzhou,Height,12,-0.2822175026,"a,e"
Beijing,Height,9,-0.3752604425,"a,e"
Beijing,Height,9,-0.3237190247,"a,e"
Wuhan,Height,9,-0.3718310297,"a,e"
Beijing,Height,24,0.1730932295,"a,e"
Shanghai,Height,18,-0.1011310816,"a,e"
Guangzhou,Height,9,-0.3744563162,"a,e"
Shanghai,Height,6,-0.2252197713,"a,e"
Wuhan,Height,12,-0.4188754857,"a,e"
Shanghai,Height,15,-0.0499227345,"a,e"
Wuhan,Height,9,-0.309548229,"a,e"
Shanghai,Height,18,0.007612176705,"a,e"
Shanghai,Height,30,0.2751705348,"a,e"
Shanghai,Height,15,-0.1232965589,"a,e"
Shanghai,Height,21,-0.04388841614,"a,e"
Shanghai,Height,21,0.4546007514,"a,e"
Wuhan,Height,12,-0.2218286395,"a,e"
Guangzhou,Height,24,0.2479432076,"a,e"
Shanghai,Height,15,-0.0907240808,"a,e"
Shanghai,Height,6,-0.3745879829,"a,e"
Shanghai,Height,18,-0.1624714583,"a,e"
Shanghai,Height,6,-0.3313986957,"a,e"
Shanghai,Height,18,-0.1828212589,"a,e"
Wuhan,Height,27,0.2101476192,"a,e"
Shanghai,Height,21,-0.01553336158,"a,e"
Shanghai,Height,9,-0.1837086827,"a,e"
Guangzhou,Height,9,-0.3636233807,"a,e"
Wuhan,Height,9,-0.307530731,"a,e"
Shanghai,Height,9,-0.2293673754,"a,e"
Wuhan,Height,12,-0.1871021539,"a,e"
Shanghai,Height,9,-0.348475188,"a,e"
Beijing,Height,9,-0.2944627702,"a,e"
Shanghai,Height,15,-0.1531734765,"a,e"
Shanghai,Height,9,-0.2188697904,"a,e"
Shanghai,Height,9,-0.3380084038,"a,e"
Shanghai,Height,12,-0.1624249965,"a,e"
Guangzhou,Height,30,0.3000056148,"a,e"
Shanghai,Height,9,-0.2369033992,"a,e"
Beijing,Height,21,0.1192709655,"a,e"
Beijing,Height,18,-0.1823117882,"a,e"
Shanghai,Height,21,-0.06608646363,"a,e"
Guangzhou,Height,15,0.03569404781,"a,e"
Guangzhou,Height,60,0.3380962312,"a,e"
Wuhan,Height,18,-0.1824918687,"a,e"
Beijing,Height,18,-0.3053322136,"a,e"
Shanghai,Height,9,-0.2037477195,"a,e"
Beijing,Height,21,-0.00812223088,"a,e"
Guangzhou,Height,24,0.2090203166,"a,e"
Shanghai,Height,18,-0.1507935375,"a,e"
Shanghai,Height,39,0.3775671124,"a,e"
Guangzhou,Height,9,-0.3445031643,"a,e"
Shanghai,Height,15,-0.04725433141,"a,e"
Guangzhou,Height,9,-0.454213053,"a,e"
Shanghai,Height,42,0.3260275126,"a,e"
Shanghai,Height,18,-0.193680957,"a,e"
Shanghai,Height,12,-0.225773558,"a,e"
Shanghai,Height,60,0.3409831226,"a,e"
Wuhan,Height,18,-0.09734555334,"a,e"
Beijing,Height,15,-0.1088580415,"a,e"
Shanghai,Height,9,-0.2958901823,"a,e"
Wuhan,Height,9,-0.3093773127,"a,e"
Beijing,Height,54,0.2071630359,"a,e"
Shanghai,Height,72,0.2785747051,"a,e"
Beijing,Height,30,0.1938607991,"a,e"
Shanghai,Height,18,-0.2247247845,"a,e"
Shanghai,Height,18,-0.2084328979,"a,e"
Wuhan,Height,9,-0.2240282148,"a,e"
Guangzhou,Height,18,-0.01091802586,"a,e"
Beijing,Height,9,-0.2664650083,"a,e"
Shanghai,Height,15,-0.1225660667,"a,e"
Guangzhou,Height,9,-0.4374150932,"a,e"
Guangzhou,Height,18,0.08719151467,"a,e"
Guangzhou,Height,9,-0.4542521834,"a,e"
Wuhan,Height,18,-0.05547265708,"a,e"
Shanghai,Height,18,-0.09148280323,"a,e"
Shanghai,Height,18,-0.0955087319,"a,e"
Shanghai,Height,9,-0.3519822955,"a,e"
Wuhan,Height,69,0.2459133565,"a,e"
Shanghai,Height,30,0.223232463,"a,e"
Beijing,Height,18,-0.2354336828,"a,e"
Wuhan,Height,6,-0.5413843393,"a,e"
Shanghai,Height,9,-0.3181667924,"a,e"
Wuhan,Height,9,-0.3551576436,"a,e"
Shanghai,Height,9,-0.3657211065,"a,e"
Shanghai,Height,18,-0.2159014344,"a,e"
Shanghai,Height,18,-0.1664218307,"a,e"
Shanghai,Height,18,-0.09513010085,"a,e"
Shanghai,Height,18,-0.09067291021,"a,e"
Beijing,Height,15,-0.05962001532,"a,e"
Wuhan,Height,24,0.2442557216,"a,e"
Shanghai,Height,48,0.4709733427,"a,e"
Shanghai,Height,9,-0.3458108902,"a,e"
Shanghai,Height,18,-0.1007376313,"a,e"
Shanghai,Height,9,-0.3008939326,"a,e"
Wuhan,Height,36,0.1023861691,"a,e"
Shanghai,Height,15,-0.2203320563,"a,e"
Beijing,Height,42,0.3180385232,"a,e"
Wuhan,Height,69,0.2477315515,"a,e"
Wuhan,Height,63,0.2203215659,"a,e"
Shanghai,Height,18,-0.1904823035,"a,e"
Shanghai,Height,18,-0.2020068169,"a,e"
Wuhan,Height,15,-0.09799350053,"a,e"
Shanghai,Height,15,-0.1022164971,"a,e"
Shanghai,Height,12,-0.2746516466,"a,e"
Shanghai,Height,12,-0.2915817499,"a,e"
Wuhan,Height,18,-0.09701630473,"a,e"
Shanghai,Height,9,-0.3323299289,"a,e"
Shanghai,Height,9,-0.503855288,"a,e"
Beijing,Height,21,-0.08505792171,"a,e"
Beijing,Height,60,0.3016529977,"a,e"
Shanghai,Height,18,-0.18998833,"a,e"
Wuhan,Height,9,-0.2463386357,"a,e"
Shanghai,Height,15,-0.2097751796,"a,e"
Wuhan,Height,63,0.2090907991,"a,e"
Shanghai,Height,33,0.2028994709,"a,e"
Shanghai,Height,15,-0.2377857417,"a,e"
Shanghai,Height,18,-0.235828191,"a,e"
Shanghai,Height,33,0.173130095,"a,e"
Shanghai,Height,18,-0.2315893322,"a,e"
Beijing,Height,12,-0.3436635733,"a,e"
Shanghai,Height,9,-0.5005987883,"a,e"
Wuhan,Height,48,0.1684568077,"a,e"
Beijing,Height,27,0.05946870148,"a,e"
Shanghai,Height,18,-0.1683265716,"a,e"
Guangzhou,Height,48,0.2417140752,"a,e"
Shanghai,Height,27,0.1609572321,"a,e"
Shanghai,Height,18,-0.1513440609,"a,e"
Beijing,Height,24,0.2691713274,"a,e"
Wuhan,Height,63,0.176736936,"a,e"
Wuhan,Height,21,-0.07756160945,"a,e"
Shanghai,Height,15,-0.1826853901,"a,e"
Wuhan,Height,18,-0.1834823787,"a,e"
Beijing,Height,21,-0.06570256501,"a,e"
Wuhan,Height,9,-0.1538541913,"a,e"
Shanghai,Height,18,-0.1768716425,"a,e"
Shanghai,Height,15,-0.05319259688,"a,e"
Shanghai,Height,18,-0.08333473653,"a,e"
Guangzhou,Height,9,-0.2954823971,"a,e"
Shanghai,Height,18,-0.1318823546,"a,e"
Shanghai,Height,45,0.3716074526,"a,e"
Shanghai,Height,18,-0.1654780656,"a,e"
Shanghai,Height,30,0.2645002604,"a,e"
Shanghai,Height,18,-0.1505960226,"a,e"
Guangzhou,Height,9,-0.4051786661,"a,e"
Beijing,Height,30,0.1054763272,"a,e"
Shanghai,Height,18,-0.182063207,"a,e"
Shanghai,Height,15,-0.09643217176,"a,e"
Guangzhou,Height,15,-0.002543870127,"a,e"
Shanghai,Height,6,-0.3907918632,"a,e"
Shanghai,Height,24,0.07060404867,"a,e"
Wuhan,Height,54,0.2761324048,"a,e"
Guangzhou,Height,9,-0.3656652868,"a,e"
Shanghai,Height,15,-0.1308528632,"a,e"
Shanghai,Height,15,-0.2567752898,"a,e"
Shanghai,Height,6,-0.3472854793,"a,e"
Shanghai,Height,18,-0.06753282994,"a,e"
Wuhan,Height,18,-0.1072845832,"a,e"
Guangzhou,Height,24,0.1931037009,"a,e"
Shanghai,Height,9,-0.2292535901,"a,e"
Shanghai,Height,18,-0.1243135482,"a,e"
Wuhan,Height,18,-0.04396878928,"a,e"
Beijing,Height,12,-0.2640036345,"a,e"
Shanghai,Height,48,0.302117914,"a,e"
Wuhan,Height,18,-0.1212245002,"a,e"
Shanghai,Height,6,-0.3199664354,"a,e"
Shanghai,Height,18,-0.2207523584,"a,e"
Shanghai,Height,18,-0.1443012208,"a,e"
Shanghai,Height,9,-0.2484359145,"a,e"
Shanghai,Height,9,-0.1365008652,"a,e"
Shanghai,Height,18,-0.1280001104,"a,e"
Shanghai,Height,15,-0.2175532728,"a,e"
Shanghai,Height,18,-0.2321059406,"a,e"
Guangzhou,Height,9,-0.3174433112,"a,e"
Shanghai,Height,9,-0.3790258765,"a,e"
Shanghai,Height,12,-0.1874440908,"a,e"
Shanghai,Height,18,-0.2275511026,"a,e"
Shanghai,Height,45,0.2556582689,"a,e"
Shanghai,Height,18,-0.07704930007,"a,e"
Guangzhou,Height,9,-0.4113723338,"a,e"
Shanghai,Height,9,-0.212127313,"a,e"
Shanghai,Height,12,-0.1567592472,"a,e"
Shanghai,Height,18,-0.1504840255,"a,e"
Beijing,Height,9,-0.25370574,"a,e"
Shanghai,Height,18,-0.06164804101,"a,e"
Wuhan,Height,9,-0.2248213589,"a,e"
Wuhan,Height,60,0.2670024931,"a,e"
Shanghai,Height,18,-0.148847416,"a,e"
Guangzhou,Height,9,-0.4402256608,"a,e"
Shanghai,Height,9,-0.288066268,"a,e"
Beijing,Height,9,-0.3821561933,"a,e"
Wuhan,Height,36,0.3523470461,"a,e"
Beijing,Height,18,-0.120816797,"a,e"
Shanghai,Height,18,-0.1677127331,"a,e"
Shanghai,Height,24,0.1003809869,"a,e"
Shanghai,Height,15,-0.1636895686,"a,e"
Wuhan,Height,12,-0.1536551416,"a,e"
Beijing,Height,9,-0.3388314843,"a,e"
Beijing,Height,30,0.1693146676,"a,e"
Beijing,Height,9,-0.3854644597,"a,e"
Shanghai,Height,18,-0.1722397506,"a,e"
Wuhan,Height,63,0.2425770909,"a,e"
Wuhan,Height,30,0.08807308972,"a,e"
Beijing,Height,42,0.2684899569,"a,e"
Wuhan,Height,30,0.2410116494,"a,e"
Wuhan,Height,18,-0.2092259675,"a,e"
Shanghai,Height,18,-0.1580741256,"a,e"
Shanghai,Height,21,0.05593523756,"a,e"
Wuhan,Height,18,-0.1136489734,"a,e"
Shanghai,Height,18,-0.1930780113,"a,e"
Beijing,Height,30,0.3088783622,"a,e"
Shanghai,Height,18,0.01965016872,"a,e"
Shanghai,Height,18,-0.2012487501,"a,e"
Shanghai,Height,15,-0.1488699913,"a,e"
Beijing,Height,9,-0.4216537774,"a,e"
Beijing,Height,18,-0.04365618154,"a,e"
Wuhan,Height,39,0.08638250828,"a,e"
Guangzhou,Height,9,-0.4203619063,"a,e"
Wuhan,Height,9,-0.3523087502,"a,e"
Wuhan,Height,15,-0.08968291432,"a,e"
Shanghai,Height,12,-0.2596295774,"a,e"
Shanghai,Height,9,-0.4354035556,"a,e"
Shanghai,Height,15,-0.1528560072,"a,e"
Shanghai,Height,18,-0.0306700822,"a,e"
Wuhan,Height,12,-0.2882626057,"a,e"
Guangzhou,Height,18,0.05178049579,"a,e"
Shanghai,Height,15,-0.04436769709,"a,e"
Wuhan,Height,18,-0.06063490734,"a,e"
Shanghai,Height,9,-0.3605949283,"a,e"
Shanghai,Height,9,-0.3191210628,"a,e"
Shanghai,Height,21,0.06445539743,"a,e"
Shanghai,Height,18,-0.2065377086,"a,e"
Guangzhou,Height,9,-0.2070116997,"a,e"
Beijing,Height,30,0.04845429584,"a,e"
Shanghai,Height,9,-0.2302267402,"a,e"
Shanghai,Height,18,-0.08030217886,"a,e"
Guangzhou,Height,30,0.2848311067,"a,e"
Shanghai,Height,15,-0.1479437202,"a,e"
Shanghai,Height,15,-0.05255575851,"a,e"
Shanghai,Height,18,-0.1466813982,"a,e"
Beijing,Height,6,-0.2669581175,"a,e"
Beijing,Height,18,-0.0352358371,"a,e"
Beijing,Height,9,-0.2769759595,"a,e"
Beijing,Height,60,0.2146490067,"a,e"
Shanghai,Height,18,-0.07425559312,"a,e"
Shanghai,Height,45,0.2637749612,"a,e"
Wuhan,Height,15,-0.1183506325,"a,e"
Beijing,Height,24,0.01689756662,"a,e"
Shanghai,Height,9,-0.5314542055,"a,e"
Shanghai,Height,36,0.1846898198,"a,e"
Shanghai,Height,18,-0.09960813075,"a,e"
Guangzhou,Height,9,-0.4183914661,"a,e"
Shanghai,Height,18,-0.2793193161,"a,e"
Guangzhou,Height,24,0.2133831531,"a,e"
Beijing,Height,21,-0.02459017746,"a,e"
Shanghai,Height,18,-0.2168375254,"a,e"
Beijing,Height,24,0.1188196465,"a,e"
Wuhan,Height,30,0.1108959019,"a,e"
Wuhan,Height,15,-0.08351600915,"a,e"
Wuhan,Height,54,0.3132160902,"a,e"
Shanghai,Height,9,-0.2502351999,"a,e"
Guangzhou,Height,12,-0.3246206641,"a,e"
Wuhan,Height,21,-0.03307705745,"a,e"
Beijing,Height,18,-0.1062089875,"a,e"
Shanghai,Height,21,-0.07260670513,"a,e"
Wuhan,Height,18,-0.3310040832,"a,e"
Shanghai,Height,18,-0.07677461952,"a,e"
Shanghai,Height,33,0.3064534068,"a,e"
Shanghai,Height,30,0.2524513304,"a,e"
Beijing,Height,24,0.09214776009,"a,e"
Beijing,Height,24,0.1028699577,"a,e"
Shanghai,Height,9,-0.4525250494,"a,e"
Wuhan,Height,15,-0.1906373948,"a,e"
Shanghai,Height,18,-0.16771999,"a,e"
Wuhan,Height,21,-0.04064199328,"a,e"
Shanghai,Height,12,-0.2443670034,"a,e"
Wuhan,Height,9,-0.30638659,"a,e"
Shanghai,Height,18,-0.05558246374,"a,e"
Shanghai,Height,18,-0.07450965047,"a,e"
Shanghai,Height,45,0.3296135962,"a,e"
Wuhan,Height,9,-0.362567842,"a,e"
Guangzhou,Height,9,-0.4402085543,"a,e"
Beijing,Height,15,-0.1847787797,"a,e"
Shanghai,Height,15,-0.1543759555,"a,e"
Beijing,Height,54,0.2883636057,"a,e"
Shanghai,Height,9,-0.3387049437,"a,e"
Guangzhou,Height,9,-0.3935050666,"a,e"
Shanghai,Height,9,-0.3327277005,"a,e"
Shanghai,Height,12,-0.1896012425,"a,e"
Wuhan,Height,18,-0.1945313662,"a,e"
Shanghai,Height,18,-0.1487988085,"a,e"
Shanghai,Height,18,-0.2071311772,"a,e"
Guangzhou,Height,9,-0.3694202304,"a,e"
Shanghai,Height,9,-0.3579213917,"a,e"
Shanghai,Height,21,0.07468858361,"a,e"
Beijing,Height,9,-0.2549175918,"a,e"
Guangzhou,Height,9,-0.4341033399,"a,e"
Shanghai,Height,9,-0.2796570063,"a,e"
Shanghai,Height,15,-0.1683407724,"a,e"
Guangzhou,Height,30,0.1733737886,"a,e"
Shanghai,Height,15,-0.1289636791,"a,e"
Shanghai,Height,15,-0.08583759516,"a,e"
Beijing,Height,18,-0.0788615495,"a,e"
Shanghai,Height,9,-0.1161285639,"a,e"
Wuhan,Height,51,0.1637102365,"a,e"
Shanghai,Height,18,-0.04431530833,"a,e"
Shanghai,Height,9,-0.2207561284,"a,e"
Shanghai,Height,9,-0.2373074889,"a,e"
Guangzhou,Height,15,0.07799488306,"a,e"
Beijing,Height,12,-0.2381916344,"a,e"
Shanghai,Height,30,0.3543815017,"a,e"
Shanghai,Height,15,-0.08467328548,"a,e"
Guangzhou,Height,9,-0.428106755,"a,e"
Beijing,Height,9,-0.4821609259,"a,e"
Shanghai,Height,12,-0.2441272587,"a,e"
Guangzhou,Height,9,-0.3809819818,"a,e"
Wuhan,Height,9,-0.2667022943,"a,e"
Guangzhou,Height,9,-0.3623884618,"a,e"
Shanghai,Height,18,-0.2191474885,"a,e"
Wuhan,Height,15,-0.251288265,"a,e"
Shanghai,Height,6,-0.2555000186,"a,e"
Shanghai,Height,9,-0.1928088516,"a,e"
Guangzhou,Height,9,-0.3834335506,"a,e"
Shanghai,Height,12,-0.2127397507,"a,e"
Wuhan,Height,18,-0.08370105922,"a,e"
Shanghai,Height,6,-0.1882584244,"a,e"
Shanghai,Height,15,-0.2012616992,"a,e"
Shanghai,Height,9,-0.3370571733,"a,e"
Guangzhou,Height,21,-0.05207492784,"a,e"
Shanghai,Height,15,-0.008253307082,"a,e"
Shanghai,Height,18,-0.08333873004,"a,e"
Shanghai,Height,33,0.1791881323,"a,e"
Shanghai,Height,9,-0.311791122,"a,e"
Shanghai,Height,15,-0.118564643,"a,e"
Shanghai,Height,18,-0.196548894,"a,e"
Beijing,Height,30,0.1815940142,"a,e"
Shanghai,Height,18,-0.11390917,"a,e"
Shanghai,Height,18,-0.173513189,"a,e"
Shanghai,Height,15,-0.1253845692,"a,e"
Guangzhou,Height,15,0.09504836053,"a,e"
Shanghai,Height,18,-0.1531014442,"a,e"
Wuhan,Height,36,0.2715092003,"a,e"
Shanghai,Height,18,-0.1421200037,"a,e"
Shanghai,Height,42,0.362005204,"a,e"
Shanghai,Height,15,-0.123966448,"a,e"
Guangzhou,Height,6,-0.1922230721,"a,e"
Wuhan,Height,9,-0.4267834723,"a,e"
Beijing,Height,21,-0.05231482536,"a,e"
Guangzhou,Height,9,-0.4391813576,"a,e"
Shanghai,Height,9,-0.2734659314,"a,e"
Shanghai,Height,9,-0.3141972423,"a,e"
Shanghai,Height,18,-0.2129299641,"a,e"
Shanghai,Height,15,-0.199499622,"a,e"
Wuhan,Height,30,0.209038198,"a,e"
Shanghai,Height,9,-0.2854219973,"a,e"
Beijing,Height,15,-0.2050479203,"a,e"
Guangzhou,Height,45,0.4000911415,"a,e"
Wuhan,Height,24,0.1816943437,"a,e"
Shanghai,Height,12,-0.3007705808,"a,e"
Shanghai,Height,12,-0.2373699695,"a,e"
Guangzhou,Height,15,-0.1091635302,"a,e"
Shanghai,Height,15,-0.1288110018,"a,e"
Guangzhou,Height,36,0.2099447399,"a,e"
Beijing,Height,9,-0.3104118407,"a,e"
Shanghai,Height,12,-0.3318108022,"a,e"
Shanghai,Height,51,0.3286738992,"a,e"
Shanghai,Height,42,0.1749686301,"a,e"
Wuhan,Height,21,0.3385324776,"a,e"
Wuhan,Height,18,-0.2039535493,"a,e"
Beijing,Height,18,-0.05415392667,"a,e"
Shanghai,Height,9,-0.3314368725,"a,e"
Beijing,Height,9,-0.3472269475,"a,e"
Wuhan,Height,18,-0.09968481213,"a,e"
Beijing,Height,39,0.1692750305,"a,e"
Shanghai,Height,18,-0.1850236356,"a,e"
Shanghai,Height,9,-0.3757975996,"a,e"
Wuhan,Height,33,0.2061828971,"a,e"
Guangzhou,Height,9,-0.3650868237,"a,e"
Shanghai,Height,9,-0.3040118515,"a,e"
Shanghai,Height,18,-0.1466313154,"a,e"
Wuhan,Height,21,-0.1183529869,"a,e"
Shanghai,Height,18,-0.1236735955,"a,e"
Shanghai,Height,42,0.3602953255,"a,e"
Wuhan,Height,15,-0.1481193602,"a,e"
Beijing,Height,6,-0.2558725476,"a,e"
Wuhan,Height,33,0.2836838365,"a,e"
Beijing,Height,36,0.3536649346,"a,e"
Beijing,Height,30,0.1565927118,"a,e"
Beijing,Height,18,-0.2869751751,"a,e"
Shanghai,Height,9,-0.3411743641,"a,e"
Shanghai,Height,6,-0.2329451442,"a,e"
Shanghai,Height,15,-0.2502649724,"a,e"
Shanghai,Height,9,-0.2404925227,"a,e"
Shanghai,Height,9,-0.3185357749,"a,e"
Shanghai,Height,18,-0.1709934175,"a,e"
Shanghai,Height,12,-0.2067029327,"a,e"
Shanghai,Height,18,-0.1882908344,"a,e"
Shanghai,Height,9,-0.2838843465,"a,e"
Wuhan,Height,6,-0.491356045,"a,e"
Beijing,Height,24,0.08581697941,"a,e"
Wuhan,Height,30,0.2148663998,"a,e"
Shanghai,Height,9,-0.1553261876,"a,e"
Wuhan,Height,15,-0.1279318035,"a,e"
Shanghai,Height,15,-0.0658281371,"a,e"
Wuhan,Height,15,-0.16144979,"a,e"
Shanghai,Height,18,-0.1041850969,"a,e"
Shanghai,Height,18,-0.1889981776,"a,e"
Wuhan,Height,24,0.1144700795,"a,e"
Beijing,Height,9,-0.2399027348,"a,e"
Shanghai,Height,18,-0.0556845367,"a,e"
Wuhan,Height,9,-0.3396848142,"a,e"
Wuhan,Height,18,-0.2219385952,"a,e"
Beijing,Height,12,-0.1812222004,"a,e"
Beijing,Height,6,-0.3464373946,"a,e"
Shanghai,Height,9,-0.3601994812,"a,e"
Shanghai,Height,18,-0.1547071934,"a,e"
Shanghai,Height,18,-0.08701685071,"a,e"
Wuhan,Height,9,-0.2155887932,"a,e"
Shanghai,Height,18,-0.20908764,"a,e"
Beijing,Height,15,-0.2189617157,"a,e"
Wuhan,Height,9,-0.2160862833,"a,e"
Wuhan,Height,24,0.217635721,"a,e"
Shanghai,Height,15,-0.1266409457,"a,e"
Wuhan,Height,15,-0.0320674628,"a,e"
Shanghai,Height,9,-0.4145356715,"a,e"
Wuhan,Height,21,0.02313035168,"a,e"
Shanghai,Height,12,-0.3631926775,"a,e"
Wuhan,Height,21,-0.04113159701,"a,e"
Shanghai,Height,30,0.248404637,"a,e"
Shanghai,Height,18,-0.1583527029,"a,e"
Wuhan,Height,21,0.4054698348,"a,e"
Shanghai,Height,6,-0.3702673316,"a,e"
Guangzhou,Height,9,-0.2864260375,"a,e"
Shanghai,Height,18,-0.1666028947,"a,e"
Wuhan,Height,18,-0.04187482223,"a,e"
Shanghai,Height,18,-0.1800423414,"a,e"
Shanghai,Height,12,-0.2645329535,"a,e"
Guangzhou,Height,18,-0.03851918131,"a,e"
Shanghai,Height,15,-0.1844728589,"a,e"
Shanghai,Height,24,0.1863165647,"a,e"
Shanghai,Height,18,-0.1685080379,"a,e"
Shanghai,Height,9,-0.2858317494,"a,e"
Shanghai,Height,9,-0.2199820578,"a,e"
Wuhan,Height,18,-0.08224151284,"a,e"
Shanghai,Height,9,-0.2538069785,"a,e"
Guangzhou,Height,9,-0.4068879485,"a,e"
Shanghai,Height,18,-0.09487703443,"a,e"
Shanghai,Height,21,-0.02836382203,"a,e"
Beijing,Height,9,-0.2566056252,"a,e"
Guangzhou,Height,36,0.1667757332,"a,e"
Shanghai,Height,15,-0.1743749976,"a,e"
Shanghai,Height,18,-0.1201321334,"a,e"
Shanghai,Height,18,-0.1345974058,"a,e"
Shanghai,Height,9,-0.4017966092,"a,e"
Shanghai,Height,18,-0.153342694,"a,e"
Wuhan,Height,18,-0.1885607988,"a,e"
Wuhan,Height,18,-0.1298639923,"a,e"
Shanghai,Height,21,0.03227775916,"a,e"
Wuhan,Height,9,-0.2116695642,"a,e"
Beijing,Height,84,0.8609970212,"a,e"
Shanghai,Height,15,-0.04229858518,"a,e"
Shanghai,Height,18,-0.07467081398,"a,e"
Shanghai,Height,6,-0.5536301732,"a,e"
Beijing,Height,39,0.2777873576,"a,e"
Shanghai,Height,9,-0.279949069,"a,e"
Wuhan,Height,15,-0.1231200397,"a,e"
Shanghai,Height,18,-0.1722028852,"a,e"
Guangzhou,Height,9,-0.3633970618,"a,e"
Shanghai,Height,12,-0.2622071803,"a,e"
Shanghai,Height,6,-0.2277980149,"a,e"
Shanghai,Height,15,-0.2728692889,"a,e"
Beijing,Height,9,-0.1498355418,"a,e"
Guangzhou,Height,9,-0.4444354177,"a,e"
Shanghai,Height,18,-0.2146464735,"a,e"
Shanghai,Height,18,-0.08440735936,"a,e"
Wuhan,Height,15,-0.121293202,"a,e"
Beijing,Height,63,0.3292490244,"a,e"
Shanghai,Height,15,-0.1187677085,"a,e"
Guangzhou,Height,9,-0.3765375912,"a,e"
Shanghai,Height,18,-0.09441617876,"a,e"
Shanghai,Height,48,0.4326047897,"a,e"
Beijing,Height,27,0.1577752531,"a,e"
Guangzhou,Height,9,-0.3346502781,"a,e"
Wuhan,Height,18,-0.136892885,"a,e"
Shanghai,Height,21,-0.07150479406,"a,e"
Wuhan,Height,9,-0.3240090907,"a,e"
Beijing,Height,18,-0.2016014308,"a,e"
Shanghai,Height,18,-0.1731934845,"a,e"
Wuhan,Height,24,0.1591220051,"a,e"
Guangzhou,Height,30,0.09293752909,"a,e"
Shanghai,Height,15,-0.1533464044,"a,e"
Shanghai,Height,15,-0.02593578026,"a,e"
Shanghai,Height,15,-0.04809837788,"a,e"
Beijing,Height,9,-0.2952824235,"a,e"
Wuhan,Height,21,0.02642077766,"a,e"
Guangzhou,Height,9,-0.366790235,"a,e"
Shanghai,Height,18,-0.04159109667,"a,e"
Shanghai,Height,15,-0.109360002,"a,e"
Shanghai,Height,54,0.4410330653,"a,e"
Shanghai,Height,18,-0.06272797287,"a,e"
Wuhan,Height,30,0.2688185871,"a,e"
Shanghai,Height,9,-0.2957510054,"a,e"
Shanghai,Height,18,-0.1129608974,"a,e"
Guangzhou,Height,9,-0.4144998193,"a,e"
Wuhan,Height,60,0.1995928437,"a,e"
Wuhan,Height,9,-0.3434991539,"a,e"
Shanghai,Height,15,-0.102055192,"a,e"
Wuhan,Height,15,-0.02529139258,"a,e"
Shanghai,Height,9,-0.3767530918,"a,e"
Beijing,Height,15,-0.2374033779,"a,e"
Beijing,Height,24,0.05136548728,"a,e"
Beijing,Height,12,-0.2312891334,"a,e"
Wuhan,Height,54,0.2835874259,"a,e"
Shanghai,Height,18,-0.2398014814,"a,e"
Shanghai,Height,9,-0.1715884954,"a,e"
Shanghai,Height,18,-0.08755082637,"a,e"
Wuhan,Height,21,-0.1653338373,"a,e"
Shanghai,Height,9,-0.3199267089,"a,e"
Wuhan,Height,12,-0.278167814,"a,e"
Shanghai,Height,18,-0.07131839544,"a,e"
Shanghai,Height,84,0.7220727801,"a,e"
Guangzhou,Height,9,-0.3508727551,"a,e"
Shanghai,Height,9,-0.3849291205,"a,e"
Wuhan,Height,18,-0.08266591281,"a,e"
Beijing,Height,18,-0.2714869678,"a,e"
Shanghai,Height,30,0.3585923314,"a,e"
Guangzhou,Height,18,-0.0412148051,"a,e"
Beijing,Height,54,0.3022282422,"a,e"
Shanghai,Height,18,-0.1334496737,"a,e"
Shanghai,Height,9,-0.3417116702,"a,e"
Wuhan,Height,9,-0.3253424764,"a,e"
Shanghai,Height,12,-0.19039388,"a,e"
Shanghai,Height,42,0.2313827425,"a,e"
Shanghai,Height,9,-0.4219415784,"a,e"
Shanghai,Height,9,-0.1383747309,"a,e"
Wuhan,Height,9,-0.3479643762,"a,e"
Shanghai,Height,24,0.1681893617,"a,e"
Wuhan,Height,18,-0.1911460757,"a,e"
Shanghai,Height,42,0.2069213539,"a,e"
Beijing,Height,18,-0.1297412068,"a,e"
Guangzhou,Height,9,-0.3525031209,"a,e"
Guangzhou,Height,9,-0.2018062472,"a,e"
Shanghai,Height,9,-0.154758051,"a,e"
Wuhan,Height,18,-0.2068159878,"a,e"
Shanghai,Height,24,0.2390981019,"a,e"
Shanghai,Height,18,-0.1588557512,"a,e"
Shanghai,Height,9,-0.3501783311,"a,e"
Guangzhou,Height,9,-0.4139706492,"a,e"
Beijing,Height,9,-0.2750552893,"a,e"
Shanghai,Height,18,-0.1399270147,"a,e"
Shanghai,Height,9,-0.3528811038,"a,e"
Beijing,Height,15,-0.02351063117,"a,e"
Shanghai,Height,9,-0.2059642673,"a,e"
Shanghai,Height,9,-0.3968379796,"a,e"
Shanghai,Height,12,-0.2108833939,"a,e"
Shanghai,Height,12,-0.2528648973,"a,e"
Beijing,Height,12,-0.1513531804,"a,e"
Shanghai,Height,15,-0.2201287299,"a,e"
Wuhan,Height,9,-0.1239877194,"a,e"
Beijing,Height,6,-0.3455744982,"a,e"
Shanghai,Height,54,0.3076799512,"a,e"
Wuhan,Height,15,-0.2482394874,"a,e"
Wuhan,Height,51,0.5498256087,"a,e"
Shanghai,Height,18,-0.1497220248,"a,e"
Shanghai,Height,12,-0.2038680762,"a,e"
Shanghai,Height,6,-0.3529808819,"a,e"
Shanghai,Height,18,-0.09406276047,"a,e"
Shanghai,Height,9,-0.4377108216,"a,e"
Shanghai,Height,18,-0.1398270279,"a,e"
Beijing,Height,18,-0.1579375118,"a,e"
Shanghai,Height,12,-0.204533726,"a,e"
Shanghai,Height,9,-0.2444939315,"a,e"
Shanghai,Height,18,-0.08326976001,"a,e"
Shanghai,Height,54,0.6122368574,"a,e"
Shanghai,Height,36,0.1649455726,"a,e"
Wuhan,Height,33,0.09620241076,"a,e"
Beijing,Height,60,0.3803977966,"a,e"
Shanghai,Height,18,-0.1906519383,"a,e"
Shanghai,Height,12,-0.1939870715,"a,e"
Shanghai,Height,12,-0.4056025743,"a,e"
Wuhan,Height,18,-0.1724363565,"a,e"
Shanghai,Height,48,0.2235117257,"a,e"
Shanghai,Height,33,0.2297714502,"a,e"
Shanghai,Height,9,-0.3026262224,"a,e"
Shanghai,Height,15,-0.07888207585,"a,e"
Shanghai,Height,18,-0.1456745118,"a,e"
Shanghai,Height,9,-0.2026182115,"a,e"
Shanghai,Height,27,0.06275933236,"a,e"
Shanghai,Height,9,-0.3027834892,"a,e"
Wuhan,Height,30,0.3197897375,"a,e"
Shanghai,Height,18,-0.07210555673,"a,e"
Wuhan,Height,9,-0.418767035,"a,e"
Beijing,Height,72,0.2969522476,"a,e"
Shanghai,Height,12,-0.08972419053,"a,e"
Guangzhou,Height,15,-0.09881095588,"a,e"
Beijing,Height,6,-0.410988152,"a,e"
Shanghai,Height,18,-0.1829510629,"a,e"
Shanghai,Height,18,-0.149545595,"a,e"
Guangzhou,Height,9,-0.3635393381,"a,e"
Shanghai,Height,18,-0.1263109297,"a,e"
Shanghai,Height,6,-0.1334866434,"a,e"
Shanghai,Height,18,-0.008540769108,"a,e"
Guangzhou,Height,9,-0.4197252691,"a,e"
Shanghai,Height,42,0.1987001151,"a,e"
Wuhan,Height,9,-0.3445980549,"a,e"
Wuhan,Height,30,0.215041846,"a,e"
Wuhan,Height,15,-0.127124086,"a,e"
Shanghai,Height,9,-0.3905727863,"a,e"
Beijing,Height,30,0.1770158708,"a,e"
Guangzhou,Height,9,-0.4389874935,"a,e"
Shanghai,Height,18,-0.09841743857,"a,e"
Guangzhou,Height,15,0.0805818066,"a,e"
Shanghai,Height,15,-0.124820672,"a,e"
Shanghai,Height,30,0.2815241516,"a,e"
Shanghai,Height,18,-0.1149935275,"a,e"
Shanghai,Height,18,-0.1223903671,"a,e"
Shanghai,Height,51,0.6051815748,"a,e"
Beijing,Height,6,-0.3437038958,"a,e"
Wuhan,Height,21,-0.03888636455,"a,e"
Shanghai,Height,9,-0.327924639,"a,e"
Beijing,Height,12,-0.2155382037,"a,e"
Shanghai,Height,18,-0.1377970129,"a,e"
Guangzhou,Height,30,0.1779645532,"a,e"
Shanghai,Height,12,-0.2900566459,"a,e"
Shanghai,Height,15,-0.2479202002,"a,e"
Shanghai,Height,6,-0.1336506158,"a,e"
Shanghai,Height,15,-0.1344368905,"a,e"
Shanghai,Height,18,-0.214835763,"a,e"
Wuhan,Height,12,-0.1612972319,"a,e"
Wuhan,Height,51,0.4707078338,"a,e"
Wuhan,Height,15,-0.192869097,"a,e"
Beijing,Height,24,0.1899097413,"a,e"
Shanghai,Height,21,0.0272076875,"a,e"
Beijing,Height,9,-0.304823637,"a,e"
Wuhan,Height,15,-0.06048212573,"a,e"
Shanghai,Height,18,-0.05488233268,"a,e"
Guangzhou,Height,12,-0.4098121524,"a,e"
Wuhan,Height,30,0.1419271976,"a,e"
Shanghai,Height,18,-0.1223741025,"a,e"
Wuhan,Height,39,0.1139135435,"a,e"
Shanghai,Height,18,-0.1107863784,"a,e"
Guangzhou,Height,9,-0.4081363976,"a,e"
Shanghai,Height,9,-0.2323414534,"a,e"
Shanghai,Height,18,-0.176418528,"a,e"
Shanghai,Height,6,-0.1296398193,"a,e"
Shanghai,Height,15,-0.07699382305,"a,e"
Shanghai,Height,15,-0.09621229768,"a,e"
Shanghai,Height,18,-0.1086059287,"a,e"
Beijing,Height,15,-0.254470557,"a,e"
Guangzhou,Height,12,-0.3377949297,"a,e"
Shanghai,Height,18,-0.1468408555,"a,e"
Shanghai,Height,18,-0.2453610599,"a,e"
Shanghai,Height,18,-0.2297620773,"a,e"
Shanghai,Height,18,-0.2056583017,"a,e"
Wuhan,Height,21,0.2766293585,"a,e"
Shanghai,Height,33,0.1796464473,"a,e"
Beijing,Height,24,0.2237330973,"a,e"
Guangzhou,Height,9,-0.2974670231,"a,e"
Beijing,Height,24,0.1665299684,"a,e"
Wuhan,Height,21,0.004727270454,"a,e"
Shanghai,Height,15,-0.236902386,"a,e"
Shanghai,Height,18,-0.04275584966,"a,e"
Wuhan,Height,12,-0.3282516003,"a,e"
Shanghai,Height,21,-0.06003235653,"a,e"
Shanghai,Height,15,-0.1056726128,"a,e"
Wuhan,Height,9,-0.3974590302,"a,e"
Guangzhou,Height,9,-0.4052892029,"a,e"
Wuhan,Height,15,-0.2567943931,"a,e"
Shanghai,Height,18,-0.09942997247,"a,e"
Shanghai,Height,9,-0.3444496691,"a,e"
Shanghai,Height,42,0.3339173198,"a,e"
Beijing,Height,21,-0.1549474299,"a,e"
Shanghai,Height,15,-0.2413707376,"a,e"
Shanghai,Height,18,-0.2133026421,"a,e"
Shanghai,Height,15,-0.1432258934,"a,e"
Shanghai,Height,18,-0.1694823354,"a,e"
Shanghai,Height,48,0.1727129221,"a,e"
Shanghai,Height,18,-0.2457511425,"a,e"
Shanghai,Height,18,-0.1433953047,"a,e"
Wuhan,Height,12,-0.2397793829,"a,e"
Wuhan,Height,15,-0.1886413693,"a,e"
Guangzhou,Height,15,-0.07710364461,"a,e"
Shanghai,Height,15,-0.08604340255,"a,e"
Beijing,Height,15,-0.3073923886,"a,e"
Shanghai,Height,15,-0.1831132323,"a,e"
Wuhan,Height,18,-0.1035146564,"a,e"
Beijing,Height,54,0.3349446356,"a,e"
Guangzhou,Height,12,-0.3718170822,"a,e"
Shanghai,Height,48,0.6038280725,"a,e"
Guangzhou,Height,27,0.1905615628,"a,e"
Shanghai,Height,12,-0.3307185471,"a,e"
Shanghai,Height,15,-0.07950055599,"a,e"
Guangzhou,Height,9,-0.4321217537,"a,e"
Guangzhou,Height,9,-0.3669648767,"a,e"
Shanghai,Height,18,-0.08439658582,"a,e"
Shanghai,Height,18,-0.1675212532,"a,e"
Shanghai,Height,18,-0.1824262887,"a,e"
Wuhan,Height,27,0.1784724146,"a,e"
Shanghai,Height,18,-0.1997249871,"a,e"
Wuhan,Height,33,0.08699344099,"a,e"
Beijing,Height,30,0.03112033382,"a,e"
Guangzhou,Height,9,-0.4007016718,"a,e"
Guangzhou,Height,18,-0.05817811191,"a,e"
Shanghai,Height,18,-0.1936949342,"a,e"
Shanghai,Height,15,-0.1445204914,"a,e"
Shanghai,Height,9,-0.3495462239,"a,e"
Shanghai,Height,18,-0.03967728093,"a,e"
Beijing,Height,30,0.1535088569,"a,e"
Wuhan,Height,24,0.1772952378,"a,e"
Shanghai,Height,21,-0.05453823507,"a,e"
Shanghai,Height,18,-0.3039633334,"a,e"
Shanghai,Height,15,-0.1967407465,"a,e"
Shanghai,Height,15,-0.08942722529,"a,e"
Wuhan,Height,12,-0.2444327921,"a,e"
Shanghai,Height,18,-0.1689337343,"a,e"
Wuhan,Height,9,-0.2703629434,"a,e"
Shanghai,Height,9,-0.3672754467,"a,e"
Guangzhou,Height,30,0.2390944511,"a,e"
Wuhan,Height,24,0.115491204,"a,e"
Shanghai,Height,18,-0.2452780008,"a,e"
Guangzhou,Height,9,-0.3649001122,"a,e"
Shanghai,Height,9,-0.3001566827,"a,e"
Shanghai,Height,9,-0.3889636099,"a,e"
Wuhan,Height,9,-0.3236967623,"a,e"
Guangzhou,Height,9,-0.3711278439,"a,e"
Beijing,Height,39,0.2329779863,"a,e"
Beijing,Height,21,0.009535863064,"a,e"
Wuhan,Height,15,-0.2016037107,"a,e"
Shanghai,Height,15,-0.07058053464,"a,e"
Guangzhou,Height,21,0.08127255738,"a,e"
Shanghai,Height,6,-0.2254964858,"a,e"
Shanghai,Height,15,-0.1647029221,"a,e"
Wuhan,Height,15,-0.1793609262,"a,e"
Wuhan,Height,9,-0.3068581522,"a,e"
Beijing,Height,18,-0.2048863024,"a,e"
Wuhan,Height,39,0.1944318861,"a,e"
Shanghai,Height,9,-0.5072963238,"a,e"
Shanghai,Height,21,-0.03517305851,"a,e"
Shanghai,Height,18,-0.02958006971,"a,e"
Beijing,Height,21,-0.06660500169,"a,e"
Shanghai,Height,9,-0.3401081562,"a,e"
Wuhan,Height,15,-0.02739033289,"a,e"
Shanghai,Height,18,-0.06876001507,"a,e"
Shanghai,Height,21,0.01143084187,"a,e"
Shanghai,Height,18,-0.1755468845,"a,e"
Shanghai,Height,9,-0.3359741569,"a,e"
Shanghai,Height,18,-0.1793051362,"a,e"
Shanghai,Height,15,-0.09410092235,"a,e"
Shanghai,Height,18,-0.1459730119,"a,e"
Shanghai,Height,9,-0.3525754511,"a,e"
Wuhan,Height,15,-0.1561273932,"a,e"
Shanghai,Height,18,-0.1505610347,"a,e"
Beijing,Height,30,0.1770015955,"a,e"
Beijing,Height,9,-0.2448846996,"a,e"
Shanghai,Height,18,-0.1856866777,"a,e"
Shanghai,Height,18,-0.04672981054,"a,e"
Shanghai,Height,18,-0.190134272,"a,e"
Guangzhou,Height,15,-0.1862925589,"a,e"
Shanghai,Height,15,-0.05300690606,"a,e"
Beijing,Height,24,0.05140417442,"a,e"
Shanghai,Height,9,-0.25297755,"a,e"
Beijing,Height,9,-0.3520597219,"a,e"
Shanghai,Height,9,-0.3109718561,"a,e"
Shanghai,Height,21,-0.04992757738,"a,e"
Shanghai,Height,18,-0.1332590133,"a,e"
Beijing,Height,18,-0.1833694577,"a,e"
Shanghai,Height,9,-0.286827147,"a,e"
Shanghai,Height,9,-0.3628643155,"a,e"
Shanghai,Height,18,-0.2082759291,"a,e"
Wuhan,Height,15,-0.2022580355,"a,e"
Beijing,Height,6,-0.3942228556,"a,e"
Wuhan,Height,9,-0.330126971,"a,e"
Shanghai,Height,18,-0.1617690474,"a,e"
Shanghai,Height,6,-0.2100891173,"a,e"
Wuhan,Height,9,-0.2396047711,"a,e"
Shanghai,Height,15,-0.08360914141,"a,e"
Shanghai,Height,18,-0.1959500015,"a,e"
Wuhan,Height,30,0.08401432633,"a,e"
Wuhan,Height,48,0.3714655042,"a,e"
Wuhan,Height,15,-0.02069041878,"a,e"
Shanghai,Height,9,-0.189942643,"a,e"
Shanghai,Height,18,-0.03699102253,"a,e"
Wuhan,Height,18,-0.08090808988,"a,e"
Shanghai,Height,6,-0.2410317063,"a,e"
Guangzhou,Height,9,-0.4052440226,"a,e"
Wuhan,Height,15,-0.2091276944,"a,e"
Shanghai,Height,12,-0.09603562206,"a,e"
Wuhan,Height,15,-0.1602117866,"a,e"
Guangzhou,Height,9,-0.4378417134,"a,e"
Shanghai,Height,9,-0.2167948186,"a,e"
Shanghai,Height,21,-0.03531346098,"a,e"
Beijing,Height,9,-0.4066690803,"a,e"
Shanghai,Height,18,-0.1545408815,"a,e"
Shanghai,Height,12,-0.2889512777,"a,e"
Shanghai,Height,36,0.2576831877,"a,e"
Shanghai,Height,30,0.2242189497,"a,e"
Shanghai,Height,9,-0.4577322602,"a,e"
Shanghai,Height,18,-0.08504457027,"a,e"
Shanghai,Height,6,-0.1474009305,"a,e"
Shanghai,Height,9,-0.3246921003,"a,e"
Shanghai,Height,9,-0.3625634313,"a,e"
Shanghai,Height,36,0.2165689319,"a,e"
Shanghai,Height,30,0.2750942409,"a,e"
Shanghai,Height,9,-0.3411309123,"a,e"
Shanghai,Height,6,-0.388115555,"a,e"
Shanghai,Height,18,-0.1803231388,"a,e"
Shanghai,Height,15,-0.2097662687,"a,e"
Wuhan,Height,21,0.008629495278,"a,e"
Shanghai,Height,12,-0.1819036156,"a,e"
Shanghai,Height,45,0.3191309869,"a,e"
Shanghai,Height,9,-0.345852226,"a,e"
Shanghai,Height,18,-0.318895936,"a,e"
Shanghai,Height,18,-0.07752768695,"a,e"
Wuhan,Height,30,0.139321059,"a,e"
Shanghai,Height,15,-0.1002008095,"a,e"
Shanghai,Height,15,-0.08910724521,"a,e"
Wuhan,Height,15,-0.131166935,"a,e"
Beijing,Height,18,-0.1065965742,"a,e"
Wuhan,Height,15,-0.08619838208,"a,e"
Beijing,Height,15,-0.1197685525,"a,e"
Shanghai,Height,60,0.6636001468,"a,e"
Shanghai,Height,18,-0.2225297689,"a,e"
Shanghai,Height,33,0.2693237364,"a,e"
Wuhan,Height,12,-0.2242312878,"a,e"
Shanghai,Height,18,-0.173403725,"a,e"
Shanghai,Height,18,-0.2179636806,"a,e"
Shanghai,Height,15,-0.1864371896,"a,e"
Shanghai,Height,18,-0.09091632068,"a,e"
Guangzhou,Height,15,-0.06044797227,"a,e"
Shanghai,Height,18,-0.1166844517,"a,e"
Wuhan,Height,18,-0.2293848246,"a,e"
Shanghai,Height,15,-0.03155068308,"a,e"
Shanghai,Height,9,-0.3065489233,"a,e"
Wuhan,Height,15,-0.2303349972,"a,e"
Shanghai,Height,12,-0.3482691944,"a,e"
Beijing,Height,9,-0.2439932823,"a,e"
Shanghai,Height,15,-0.2212972045,"a,e"
Shanghai,Height,15,-0.2064646333,"a,e"
Shanghai,Height,9,-0.1490887851,"a,e"
Wuhan,Height,9,-0.4009744823,"a,e"
Guangzhou,Height,30,0.1013050303,"a,e"
Beijing,Height,18,-0.09804701805,"a,e"
Shanghai,Height,18,-0.1501953602,"a,e"
Guangzhou,Height,9,-0.491497308,"a,e"
Shanghai,Height,18,-0.145017907,"a,e"
Wuhan,Height,15,-0.1260647327,"a,e"
Wuhan,Height,30,0.2684068382,"a,e"
Wuhan,Height,24,0.2578866482,"a,e"
Guangzhou,Height,9,-0.3520323932,"a,e"
Shanghai,Height,21,0.007456542924,"a,e"
Wuhan,Height,60,0.2602262795,"a,e"
Wuhan,Height,18,-0.06189785898,"a,e"
Shanghai,Height,9,-0.3494122922,"a,e"
Shanghai,Height,12,-0.2599878013,"a,e"
Shanghai,Height,18,-0.120168969,"a,e"
Guangzhou,Height,24,0.3682384789,"a,e"
Guangzhou,Height,24,0.09122011811,"a,e"
Shanghai,Height,18,-0.1495637,"a,e"
Shanghai,Height,21,-0.03219107538,"a,e"
Wuhan,Height,9,-0.3582569361,"a,e"
Shanghai,Height,9,-0.3546001911,"a,e"
Shanghai,Height,18,-0.1908250153,"a,e"
Shanghai,Height,12,-0.2222501636,"a,e"
Beijing,Height,9,-0.266472578,"a,e"
Wuhan,Height,15,-0.08843591064,"a,e"
Guangzhou,Height,18,-0.03721462935,"a,e"
Wuhan,Height,6,-0.2406244874,"a,e"
Shanghai,Height,18,-0.09557919204,"a,e"
Wuhan,Height,63,0.2090727538,"a,e"
Shanghai,Height,21,0.07284782827,"a,e"
Shanghai,Height,18,-0.1854143888,"a,e"
Wuhan,Height,9,-0.317674309,"a,e"
Guangzhou,Height,9,-0.388938874,"a,e"
Shanghai,Height,9,-0.2944752574,"a,e"
Shanghai,Height,18,-0.2136006057,"a,e"
Beijing,Height,15,-0.06444162875,"a,e"
Shanghai,Height,42,0.3785858154,"a,e"
Shanghai,Height,18,-0.1815467924,"a,e"
Shanghai,Height,12,-0.1450460255,"a,e"
Shanghai,Height,54,0.4164170027,"a,e"
Shanghai,Height,18,-0.1407432854,"a,e"
Shanghai,Height,9,-0.3084474206,"a,e"
Wuhan,Height,18,-0.2517648339,"a,e"
Beijing,Height,15,-0.2786820829,"a,e"
Shanghai,Height,18,-0.1841561645,"a,e"
Shanghai,Height,9,-0.429243952,"a,e"
Shanghai,Height,18,-0.1364987642,"a,e"
Shanghai,Height,9,-0.385011971,"a,e"
Beijing,Height,9,-0.4002941549,"a,e"
Shanghai,Height,6,-0.2773213685,"a,e"
Shanghai,Height,18,-0.1833810955,"a,e"
Beijing,Height,39,0.3272111416,"a,e"
Guangzhou,Height,9,-0.4284748137,"a,e"
Shanghai,Height,18,-0.02587897889,"a,e"
Shanghai,Height,12,-0.2552513182,"a,e"
Shanghai,Height,9,-0.3098386824,"a,e"
Shanghai,Height,18,-0.1956002265,"a,e"
Shanghai,Height,9,-0.3516807854,"a,e"
Wuhan,Height,9,-0.4735667408,"a,e"
Wuhan,Height,30,0.06913357228,"a,e"
Guangzhou,Height,9,-0.352551043,"a,e"
Beijing,Height,9,-0.3072384,"a,e"
Beijing,Height,24,0.09550159425,"a,e"
Beijing,Height,15,-0.28379637,"a,e"
Shanghai,Height,6,-0.1739487052,"a,e"
Guangzhou,Height,18,0.0900581032,"a,e"
Guangzhou,Height,30,0.102712281,"a,e"
Shanghai,Height,18,-0.1428357959,"a,e"
Shanghai,Height,9,-0.3748141825,"a,e"
Guangzhou,Height,9,-0.3788147569,"a,e"
Shanghai,Height,30,0.2512638569,"a,e"
Wuhan,Height,15,-0.1733274013,"a,e"
Shanghai,Height,18,-0.08208221197,"a,e"
Beijing,Height,21,-0.05468073115,"a,e"
Shanghai,Height,18,-0.08630207181,"a,e"
Shanghai,Height,15,-0.1073105112,"a,e"
Wuhan,Height,9,-0.3777586222,"a,e"
Beijing,Height,9,-0.2871815562,"a,e"
Shanghai,Height,45,0.3918866217,"a,e"
Wuhan,Height,54,0.1564273685,"a,e"
Beijing,Height,18,-0.06897042692,"a,e"
Shanghai,Height,18,-0.06732869893,"a,e"
Beijing,Height,66,0.2695017755,"a,e"
Shanghai,Height,6,-0.4767304063,"a,e"
Shanghai,Height,21,-0.02530112676,"a,e"
Shanghai,Height,18,-0.1547194123,"a,e"
Shanghai,Height,12,-0.2281041592,"a,e"
Shanghai,Height,9,-0.3397633731,"a,e"
Beijing,Height,15,-0.2172280997,"a,e"
Shanghai,Height,27,0.04427178204,"a,e"
Shanghai,Height,9,-0.3113951087,"a,e"
Shanghai,Height,9,-0.2395708263,"a,e"
Shanghai,Height,9,-0.3292345405,"a,e"
Guangzhou,Height,21,0.08042214066,"a,e"
Beijing,Height,15,-0.125740543,"a,e"
Shanghai,Height,15,-0.190483287,"a,e"
Shanghai,Height,6,-0.2380648106,"a,e"
Shanghai,Height,6,-0.3561502397,"a,e"
Shanghai,Height,45,0.3963125348,"a,e"
Shanghai,Height,12,-0.2804058194,"a,e"
Wuhan,Height,18,-0.0854415223,"a,e"
Guangzhou,Height,15,-0.171297133,"a,e"
Shanghai,Height,15,-0.09709149599,"a,e"
Shanghai,Height,30,0.3040448129,"a,e"
Shanghai,Height,9,-0.3517234325,"a,e"
Beijing,Height,24,-0.001543580089,"a,e"
Wuhan,Height,9,-0.3464459777,"a,e"
Beijing,Height,18,-0.1410108507,"a,e"
Shanghai,Height,18,-0.2035926729,"a,e"
Guangzhou,Height,9,-0.352039665,"a,e"
Shanghai,Height,18,-0.1325814724,"a,e"
Shanghai,Height,9,-0.2043520361,"a,e"
Beijing,Height,6,-0.1488318741,"a,e"
Guangzhou,Height,9,-0.4139706492,"a,e"
Beijing,Height,30,0.07858191431,"a,e"
Shanghai,Height,18,-0.08998899162,"a,e"
Wuhan,Height,18,-0.164697513,"a,e"
Shanghai,Height,18,-0.1021226272,"a,e"
Shanghai,Height,15,-0.2859893739,"a,e"
Shanghai,Height,39,0.2460787296,"a,e"
Shanghai,Height,24,0.2616652548,"a,e"
Guangzhou,Height,9,-0.3968170881,"a,e"
Beijing,Height,12,-0.1801772565,"a,e"
Shanghai,Height,21,-0.05780847743,"a,e"
Shanghai,Height,15,-0.1116954163,"a,e"
Beijing,Height,9,-0.4570703506,"a,e"
Shanghai,Height,18,-0.1159432828,"a,e"
Shanghai,Height,12,-0.1178169399,"a,e"
Shanghai,Height,9,-0.4691264629,"a,e"
Wuhan,Height,21,-0.02431240678,"a,e"
Wuhan,Height,24,0.1739411801,"a,e"
Shanghai,Height,27,0.146731928,"a,e"
Shanghai,Height,18,-0.1240100637,"a,e"
Wuhan,Height,15,-0.139090836,"a,e"
Shanghai,Height,18,-0.1468217075,"a,e"
Shanghai,Height,9,-0.329731375,"a,e"
Shanghai,Height,15,-0.09547995031,"a,e"
Wuhan,Height,15,-0.198245272,"a,e"
Shanghai,Height,9,-0.36201033,"a,e"
Guangzhou,Height,9,-0.4197398722,"a,e"
Wuhan,Height,12,-0.2543846071,"a,e"
Shanghai,Height,9,-0.3770588636,"a,e"
Shanghai,Height,15,-0.09660702944,"a,e"
Shanghai,Height,18,-0.082590051,"a,e"
Shanghai,Height,18,-0.1172847524,"a,e"
Shanghai,Height,15,-0.1802258193,"a,e"
Beijing,Height,9,-0.2811214328,"a,e"
Wuhan,Height,9,-0.3619535565,"a,e"
Beijing,Height,30,0.1630274504,"a,e"
Shanghai,Height,21,0.01546306722,"a,e"
Beijing,Height,9,-0.4075824916,"a,e"
Shanghai,Height,15,-0.232618317,"a,e"
Shanghai,Height,9,-0.2093850076,"a,e"
Shanghai,Height,9,-0.2855522037,"a,e"
Beijing,Height,6,-0.3228483498,"a,e"
Wuhan,Height,18,-0.1394415647,"a,e"
Shanghai,Height,18,-0.1037833691,"a,e"
Wuhan,Height,15,-0.09148363024,"a,e"
Wuhan,Height,63,0.3272185922,"a,e"
Shanghai,Height,18,-0.1595705599,"a,e"
Shanghai,Height,18,-0.1326979846,"a,e"
Beijing,Height,18,-0.08717904985,"a,e"
Wuhan,Height,12,-0.1555469483,"a,e"
Wuhan,Height,15,-0.1855960637,"a,e"
Shanghai,Height,9,-0.1643646061,"a,e"
Beijing,Height,33,0.1676711142,"a,e"
Shanghai,Height,9,-0.2160240114,"a,e"
Shanghai,Height,9,-0.3976054788,"a,e"
Shanghai,Height,18,-0.1465166658,"a,e"
Shanghai,Height,24,0.1105367765,"a,e"
Wuhan,Height,21,-0.07861929387,"a,e"
Guangzhou,Height,9,-0.2635254264,"a,e"
Wuhan,Height,24,0.02857151628,"a,e"
Shanghai,Height,15,-0.05532598868,"a,e"
Wuhan,Height,63,0.2782535255,"a,e"
Wuhan,Height,18,-0.174984321,"a,e"
Shanghai,Height,18,-0.07121215016,"a,e"
Shanghai,Height,18,-0.2066658288,"a,e"
Shanghai,Height,9,-0.4333559275,"a,e"
Beijing,Height,48,0.4095298052,"a,e"
Beijing,Height,18,-0.1386595815,"a,e"
Shanghai,Height,15,-0.1096481308,"a,e"
Shanghai,Height,9,-0.3191969991,"a,e"
Guangzhou,Height,9,-0.3355222344,"a,e"
Shanghai,Height,18,-0.09323045611,"a,e"
Wuhan,Height,60,0.3223262429,"a,e"
Wuhan,Height,9,-0.1804829985,"a,e"
Shanghai,Height,30,0.1689384133,"a,e"
Shanghai,Height,15,-0.09658767283,"a,e"
Wuhan,Height,36,0.1985303909,"a,e"
Shanghai,Height,9,-0.2364593744,"a,e"
Shanghai,Height,18,-0.1289294511,"a,e"
Shanghai,Height,24,0.3359801769,"a,e"
Wuhan,Height,12,-0.1646568477,"a,e"
Shanghai,Height,18,-0.08571073413,"a,e"
Wuhan,Height,15,-0.1053162143,"a,e"
Wuhan,Height,15,-0.1555169672,"a,e"
Shanghai,Height,21,0.08278445899,"a,e"
Shanghai,Height,39,0.2471417636,"a,e"
Wuhan,Height,12,-0.2657893598,"a,e"
Wuhan,Height,18,-0.2042301148,"a,e"
Shanghai,Height,18,-0.1692772657,"a,e"
Guangzhou,Height,18,-0.06790047884,"a,e"
Wuhan,Height,48,0.3412370086,"a,e"
Shanghai,Height,54,0.4787559211,"a,e"
Shanghai,Height,21,-0.01039123349,"a,e"
Beijing,Height,18,-0.1337599903,"a,e"
Shanghai,Height,15,-0.1479360461,"a,e"
Shanghai,Height,33,0.0297893174,"a,e"
Guangzhou,Height,15,-0.143407315,"a,e"
Wuhan,Height,15,-0.1921163797,"a,e"
Beijing,Height,24,0.03363490477,"a,e"
Wuhan,Height,9,-0.4417651296,"a,e"
Guangzhou,Height,12,-0.2482129335,"a,e"
Shanghai,Height,51,0.3022669852,"a,e"
Shanghai,Height,18,-0.194422856,"a,e"
Shanghai,Height,12,-0.2078092843,"a,e"
Shanghai,Height,30,0.2382941097,"a,e"
Shanghai,Height,18,-0.1282842606,"a,e"
Wuhan,Height,21,-0.1029116884,"a,e"
Beijing,Height,18,-0.2687148154,"a,e"
Shanghai,Height,18,-0.1590204835,"a,e"
Shanghai,Height,9,-0.212437287,"a,e"
Wuhan,Height,21,-0.01259963401,"a,e"
Shanghai,Height,18,-0.1614439487,"a,e"
Shanghai,Height,18,-0.1267448217,"a,e"
Shanghai,Height,9,-0.4045154154,"a,e"
Wuhan,Height,9,-0.3058337569,"a,e"
Shanghai,Height,30,0.1786144376,"a,e"
Wuhan,Height,9,-0.2617374361,"a,e"
Shanghai,Height,15,-0.1590363383,"a,e"
Beijing,Height,9,-0.3617963791,"a,e"
Wuhan,Height,51,0.4401743114,"a,e"
Shanghai,Height,12,-0.2485216856,"a,e"
Wuhan,Height,9,-0.2658548653,"a,e"
Beijing,Height,51,0.3259515464,"a,e"
Shanghai,Height,18,-0.1712291092,"a,e"
Beijing,Height,36,0.2151181847,"a,e"
Wuhan,Height,9,-0.3685240448,"a,e"
Wuhan,Height,12,-0.129449442,"a,e"
Guangzhou,Height,9,-0.3562352359,"a,e"
Shanghai,Height,21,-0.009568355046,"a,e"
Shanghai,Height,9,-0.3691077232,"a,e"
Beijing,Height,39,0.1778809726,"a,e"
Shanghai,Height,15,-0.1355466098,"a,e"
Wuhan,Height,60,0.2770532072,"a,e"
Shanghai,Height,6,-0.1296398193,"a,e"
Shanghai,Height,18,-0.1731935889,"a,e"
Shanghai,Height,18,-0.1729921848,"a,e"
Wuhan,Height,9,-0.2356087565,"a,e"
Shanghai,Height,9,-0.3438043892,"a,e"
Shanghai,Height,18,0.006507598329,"a,e"
Shanghai,Height,15,-0.2678988874,"a,e"
Shanghai,Height,9,-0.2387605906,"a,e"
Beijing,Height,48,0.2850442529,"a,e"
Shanghai,Height,6,-0.1732929349,"a,e"
Shanghai,Height,18,-0.04821036011,"a,e"
Beijing,Height,21,0.2043599635,"a,e"
Shanghai,Height,9,-0.2169182301,"a,e"
Shanghai,Height,18,-0.2049681395,"a,e"
Beijing,Height,9,-0.2084357888,"a,e"
Shanghai,Height,12,-0.2275060862,"a,e"
Shanghai,Height,15,-0.1652726531,"a,e"
Wuhan,Height,54,0.2420176566,"a,e"
Wuhan,Height,6,-0.410133779,"a,e"
Shanghai,Height,54,0.3498409092,"a,e"
Beijing,Height,42,0.3015436232,"a,e"
Shanghai,Height,18,-0.1691281646,"a,e"
Shanghai,Height,18,-0.1259878129,"a,e"
Shanghai,Height,24,0.2653128803,"a,e"
Wuhan,Height,30,0.2121237367,"a,e"
Shanghai,Height,18,-0.1491021663,"a,e"
Shanghai,Height,27,0.1993945986,"a,e"
Wuhan,Height,18,-0.214223966,"a,e"
Shanghai,Height,15,-0.0557220988,"a,e"
Shanghai,Height,30,0.4833941162,"a,e"
Guangzhou,Height,33,0.2809836268,"a,e"
Shanghai,Height,18,-0.2026051134,"a,e"
Shanghai,Height,33,0.1771140844,"a,e"
Guangzhou,Height,9,-0.3587248027,"a,e"
Guangzhou,Height,21,-0.02915623039,"a,e"
Shanghai,Height,15,-0.1921587139,"a,e"
Shanghai,Height,18,-0.04953117296,"a,e"
Shanghai,Height,18,-0.1113498583,"a,e"
Shanghai,Height,54,0.4487621486,"a,e"
Shanghai,Height,18,-0.06568099558,"a,e"
Shanghai,Height,18,-0.08064925671,"a,e"
Shanghai,Height,18,-0.2474304885,"a,e"
Shanghai,Height,12,-0.2397341579,"a,e"
Beijing,Height,84,0.8946573138,"a,e"
Wuhan,Height,21,0.009225917049,"a,e"
Beijing,Height,18,-0.31970945,"a,e"
Shanghai,Height,9,-0.2323028147,"a,e"
Shanghai,Height,15,-0.1145332381,"a,e"
Beijing,Height,18,-0.2318006158,"a,e"
Wuhan,Height,30,0.05029775202,"a,e"
Shanghai,Height,54,0.4193248451,"a,e"
Beijing,Height,18,-0.1621660888,"a,e"
Beijing,Height,21,-0.1577834934,"a,e"
Shanghai,Height,18,-0.2287073731,"a,e"
Guangzhou,Height,24,0.2094800621,"a,e"
Shanghai,Height,36,0.324929297,"a,e"
Shanghai,Height,9,-0.3471906483,"a,e"
Shanghai,Height,18,-0.170158878,"a,e"
Shanghai,Height,18,-0.1964093149,"a,e"
Shanghai,Height,9,-0.40899387,"a,e"
Wuhan,Height,12,-0.2039230615,"a,e"
Shanghai,Height,18,-0.09197679907,"a,e"
Wuhan,Height,21,-0.09739722311,"a,e"
Shanghai,Height,36,0.1452378035,"a,e"
Shanghai,Height,9,-0.2818097174,"a,e"
Shanghai,Height,18,-0.1144620478,"a,e"
Shanghai,Height,9,-0.3938758969,"a,e"
Shanghai,Height,18,-0.1560471058,"a,e"
Shanghai,Height,6,-0.240747273,"a,e"
Shanghai,Height,24,0.2091344744,"a,e"
Wuhan,Height,48,0.475669086,"a,e"
Shanghai,Height,18,-0.1532724798,"a,e"
Shanghai,Height,18,-0.1234708652,"a,e"
Shanghai,Height,18,-0.0940111503,"a,e"
Shanghai,Height,18,-0.1412415206,"a,e"
Shanghai,Height,9,-0.3363966942,"a,e"
Beijing,Height,15,-0.06806084514,"a,e"
Shanghai,Height,21,0.01837595925,"a,e"
Shanghai,Height,75,0.3044423759,"a,e"
Shanghai,Height,18,-0.1763162762,"a,e"
Shanghai,Height,24,-0.003888280131,"a,e"
Shanghai,Height,45,0.3342722654,"a,e"
Shanghai,Height,12,-0.2525832653,"a,e"
Shanghai,Height,9,-0.201738134,"a,e"
Shanghai,Height,18,-0.1036678329,"a,e"
Shanghai,Height,33,0.2163311392,"a,e"
Shanghai,Height,15,-0.1865955591,"a,e"
Shanghai,Height,15,-0.09933312237,"a,e"
Wuhan,Height,9,-0.2568137944,"a,e"
Shanghai,Height,33,0.269747436,"a,e"
Shanghai,Height,15,-0.09486334771,"a,e"
Shanghai,Height,15,-0.1367499828,"a,e"
Guangzhou,Height,36,0.1021036431,"a,e"
Shanghai,Height,8,-0.244099617,"a,e"
Wuhan,Height,18,-0.04220862314,"a,e"
Wuhan,Height,15,-0.202443555,"a,e"
Wuhan,Height,15,-0.2928283811,"a,e"
Shanghai,Height,9,-0.3790051043,"a,e"
Shanghai,Height,18,-0.1909430623,"a,e"
Shanghai,Height,21,0.04675751925,"a,e"
Shanghai,Height,15,-0.1545976549,"a,e"
Shanghai,Height,12,-0.2769473493,"a,e"
Shanghai,Height,18,-0.1936783493,"a,e"
Shanghai,Height,9,-0.4150318503,"a,e"
Shanghai,Height,12,-0.2025631666,"a,e"
Wuhan,Height,9,-0.1982130557,"a,e"
Shanghai,Height,9,-0.301222533,"a,e"
Shanghai,Height,18,-0.1556670815,"a,e"
Shanghai,Height,15,-0.1210229024,"a,e"
Shanghai,Height,12,-0.1900797337,"a,e"
Guangzhou,Height,9,-0.3717225492,"a,e"
Wuhan,Height,30,0.0307524167,"a,e"
Wuhan,Height,12,-0.278539151,"a,e"
Shanghai,Height,75,0.6442283392,"a,e"
Shanghai,Height,18,-0.1604565531,"a,e"
Shanghai,Height,18,-0.1130468622,"a,e"
Shanghai,Height,9,-0.382060647,"a,e"
Wuhan,Height,36,0.256293565,"a,e"
Guangzhou,Height,9,-0.09443996102,"a,e"
Shanghai,Height,15,-0.2147593647,"a,e"
Shanghai,Height,9,-0.3722086251,"a,e"
Shanghai,Height,18,-0.1277111322,"a,e"
Beijing,Height,21,-0.07596822828,"a,e"
Shanghai,Height,24,0.1909545213,"a,e"
Wuhan,Height,18,-0.1348704845,"a,e"
Shanghai,Height,21,-0.07091928273,"a,e"
Shanghai,Height,9,-0.404933393,"a,e"
Wuhan,Height,30,0.2638155818,"a,e"
Shanghai,Height,9,-0.3365071416,"a,e"
Guangzhou,Height,39,0.4787595868,"a,e"
Wuhan,Height,6,-0.5289279819,"a,e"
Beijing,Height,9,-0.3370378613,"a,e"
Wuhan,Height,6,-0.4632031024,"a,e"
Shanghai,Height,18,-0.1950849146,"a,e"
Shanghai,Height,18,-0.07951474935,"a,e"
Shanghai,Height,9,-0.3938025832,"a,e"
Wuhan,Height,9,-0.134416312,"a,e"
Shanghai,Height,48,0.20260939,"a,e"
Wuhan,Height,60,0.3886235952,"a,e"
Wuhan,Height,21,0.04575551674,"a,e"
Shanghai,Height,15,-0.2408076823,"a,e"
Shanghai,Height,33,0.2114409655,"a,e"
Shanghai,Height,33,0.2303891778,"a,e"
Shanghai,Height,15,-0.1419187337,"a,e"
Shanghai,Height,18,-0.1800854802,"a,e"
Guangzhou,Height,9,-0.3858057261,"a,e"
Shanghai,Height,12,-0.2348397225,"a,e"
Shanghai,Height,18,-0.1782039404,"a,e"
Shanghai,Height,9,-0.2191933542,"a,e"
Wuhan,Height,21,-0.07638864219,"a,e"
Beijing,Height,18,-0.1054358929,"a,e"
Shanghai,Height,18,-0.1606833041,"a,e"
Beijing,Height,15,-0.02022373118,"a,e"
Guangzhou,Height,18,-0.07038250566,"a,e"
Shanghai,Height,9,-0.4126644135,"a,e"
Beijing,Height,12,-0.1475198418,"a,e"
Shanghai,Height,9,-0.31645751,"a,e"
Beijing,Height,15,-0.1427389234,"a,e"
Wuhan,Height,15,-0.1736036837,"a,e"
Shanghai,Height,18,-0.2248012722,"a,e"
Wuhan,Height,18,-0.1214530617,"a,e"
Shanghai,Height,48,0.2941510677,"a,e"
Shanghai,Height,9,-0.3630746901,"a,e"
Shanghai,Height,6,-0.3363074362,"a,e"
Shanghai,Height,18,-0.1875942647,"a,e"
Beijing,Height,6,-0.4113267362,"a,e"
Beijing,Height,30,0.0696420446,"a,e"
Wuhan,Height,30,0.05344486237,"a,e"
Shanghai,Height,15,-0.1437058151,"a,e"
Beijing,Height,27,0.2212607414,"a,e"
Guangzhou,Height,24,0.04458585754,"a,e"
Shanghai,Height,18,-0.199912563,"a,e"
Shanghai,Height,9,-0.2978604436,"a,e"
Beijing,Height,18,-0.2930130959,"a,e"
Guangzhou,Height,9,-0.3629560173,"a,e"
Shanghai,Height,15,-0.1068453565,"a,e"
Shanghai,Height,9,-0.3476268947,"a,e"
Shanghai,Height,9,-0.2232696861,"a,e"
Wuhan,Height,9,-0.3476064801,"a,e"
Shanghai,Height,12,-0.3119980097,"a,e"
Shanghai,Height,15,-0.1134828702,"a,e"
Shanghai,Height,9,-0.5645623803,"a,e"
Shanghai,Height,24,0.1453617513,"a,e"
Shanghai,Height,9,-0.1479606032,"a,e"
Guangzhou,Height,15,-0.1170339137,"a,e"
Shanghai,Height,15,-0.1056316569,"a,e"
Shanghai,Height,6,-0.2989441156,"a,e"
Wuhan,Height,6,-0.1992771626,"a,e"
Shanghai,Height,9,-0.3818413317,"a,e"
Shanghai,Height,18,-0.1274324656,"a,e"
Shanghai,Height,21,0.02962197736,"a,e"
Shanghai,Height,21,-0.006636605132,"a,e"
Shanghai,Height,18,-0.143704325,"a,e"
Shanghai,Height,18,-0.0949973017,"a,e"
Shanghai,Height,36,0.2533287406,"a,e"
Wuhan,Height,18,-0.04041401297,"a,e"
Shanghai,Height,9,-0.3799883425,"a,e"
Wuhan,Height,9,-0.4198479354,"a,e"
Guangzhou,Height,9,-0.3949233294,"a,e"
Shanghai,Height,9,-0.4556820691,"a,e"
Shanghai,Height,18,-0.1623935252,"a,e"
Wuhan,Height,18,-0.09938172251,"a,e"
Shanghai,Height,9,-0.3205955029,"a,e"
Guangzhou,Height,36,0.2748252749,"a,e"
Shanghai,Height,15,-0.08162542433,"a,e"
Beijing,Height,9,-0.3160450459,"a,e"
Shanghai,Height,18,-0.1792382151,"a,e"
Shanghai,Height,9,-0.3056753576,"a,e"
Shanghai,Height,9,-0.3245766759,"a,e"
Guangzhou,Height,9,-0.3808782101,"a,e"
Shanghai,Height,15,-0.1009991691,"a,e"
Shanghai,Height,45,0.3073064685,"a,e"
Shanghai,Height,18,-0.1679230034,"a,e"
Wuhan,Height,21,-0.07095487416,"a,e"
Wuhan,Height,12,-0.175076142,"a,e"
Wuhan,Height,30,0.1438689977,"a,e"
Shanghai,Height,9,-0.3278143406,"a,e"
Wuhan,Height,60,0.3768988252,"a,e"
Shanghai,Height,9,-0.3433328867,"a,e"
Wuhan,Height,12,-0.2045982182,"a,e"
Wuhan,Height,21,-0.1653159261,"a,e"
Shanghai,Height,21,-0.014157122,"a,e"
Wuhan,Height,30,0.2481928617,"a,e"
Wuhan,Height,36,0.3275415599,"a,e"
Wuhan,Height,12,-0.2538380623,"a,e"
Beijing,Height,18,0.02547875419,"a,e"
Shanghai,Height,15,-0.08493471146,"a,e"
Wuhan,Height,6,-0.2212497294,"a,e"
Guangzhou,Height,6,-0.1936873198,"a,e"
Shanghai,Height,9,-0.4987255335,"a,e"
Shanghai,Height,18,-0.2438466251,"a,e"
Wuhan,Height,18,-0.08436892927,"a,e"
Shanghai,Height,72,0.1626107693,"a,e"
Guangzhou,Height,12,-0.3886550069,"a,e"
Shanghai,Height,21,0.05064441264,"a,e"
Shanghai,Height,9,-0.2559521496,"a,e"
Shanghai,Height,24,0.1181540862,"a,e"
Wuhan,Height,9,-0.3992812335,"a,e"
Guangzhou,Height,15,0.06214908883,"a,e"
Shanghai,Height,6,-0.2215111107,"a,e"
Shanghai,Height,9,-0.3403447866,"a,e"
Shanghai,Height,9,-0.4874858856,"a,e"
Shanghai,Height,18,-0.09028770775,"a,e"
Shanghai,Height,15,-0.0681289658,"a,e"
Shanghai,Height,18,-0.1622377336,"a,e"
Shanghai,Height,9,-0.1569817662,"a,e"
Beijing,Height,33,0.06526203454,"a,e"
Shanghai,Height,21,0.2466441691,"a,e"
Shanghai,Height,18,-0.1723293364,"a,e"
Guangzhou,Height,12,-0.314617902,"a,e"
Shanghai,Height,15,-0.05230078474,"a,e"
Beijing,Height,9,-0.3818792701,"a,e"
Shanghai,Height,15,-0.07554659992,"a,e"
Shanghai,Height,12,-0.1739602387,"a,e"
Wuhan,Height,15,-0.1643211097,"a,e"
Shanghai,Height,66,0.3475563228,"a,e"
Shanghai,Height,9,-0.261516571,"a,e"
Shanghai,Height,6,-0.4911538363,"a,e"
Shanghai,Height,36,0.1776377112,"a,e"
Wuhan,Height,21,-0.05871782824,"a,e"
Beijing,Height,12,-0.2138795257,"a,e"
Beijing,Height,6,-0.4178990424,"a,e"
Shanghai,Height,21,0.04339411482,"a,e"
Shanghai,Height,18,-0.1554345638,"a,e"
Wuhan,Height,18,-0.04671312496,"a,e"
Shanghai,Height,12,-0.27995193,"a,e"
Wuhan,Height,75,0.4008164704,"a,e"
Shanghai,Height,18,-0.07141225785,"a,e"
Wuhan,Height,15,-0.1052892059,"a,e"
Shanghai,Height,6,-0.2950333357,"a,e"
Shanghai,Height,15,-0.07669059932,"a,e"
Shanghai,Height,9,-0.3472281396,"a,e"
Shanghai,Height,15,-0.06960263103,"a,e"
Guangzhou,Height,9,-0.3694932461,"a,e"
Shanghai,Height,30,0.1349286735,"a,e"
Shanghai,Height,12,-0.1835027784,"a,e"
Shanghai,Height,9,-0.326993525,"a,e"
Shanghai,Height,9,-0.1502701491,"a,e"
Shanghai,Height,9,-0.3406496942,"a,e"
Shanghai,Height,9,-0.3691056073,"a,e"
Shanghai,Height,9,-0.3610468507,"a,e"
Wuhan,Height,9,-0.4264236391,"a,e"
Shanghai,Height,9,-0.4298997521,"a,e"
Shanghai,Height,6,-0.2746776342,"a,e"
Shanghai,Height,9,-0.3263606727,"a,e"
Beijing,Height,48,0.2939576805,"a,e"
Shanghai,Height,9,-0.3239342272,"a,e"
Guangzhou,Height,9,-0.3682132363,"a,e"
Shanghai,Height,18,-0.1579230726,"a,e"
Beijing,Height,42,0.3618199825,"a,e"
Guangzhou,Height,30,0.07976973802,"a,e"
Shanghai,Height,18,-0.1428844184,"a,e"
Wuhan,Height,12,-0.2261667848,"a,e"
Shanghai,Height,9,-0.3598387539,"a,e"
Shanghai,Height,9,-0.2672673762,"a,e"
Wuhan,Height,18,-0.05414802954,"a,e"
Wuhan,Height,39,0.1977427155,"a,e"
Wuhan,Height,12,-0.1670445055,"a,e"
Shanghai,Height,18,-0.1986538023,"a,e"
Shanghai,Height,18,-0.09453690797,"a,e"
Beijing,Height,18,-0.05139737949,"a,e"
Shanghai,Height,18,-0.1676946729,"a,e"
Wuhan,Height,12,-0.2447311431,"a,e"
Shanghai,Height,18,-0.1767446697,"a,e"
Shanghai,Height,9,-0.447403878,"a,e"
Wuhan,Height,18,-0.1381312013,"a,e"
Shanghai,Height,24,0.0663330704,"a,e"
Shanghai,Height,6,-0.3576985002,"a,e"
Shanghai,Height,15,-0.06406220049,"a,e"
Shanghai,Height,12,-0.1994764954,"a,e"
Wuhan,Height,24,0.1539385468,"a,e"
Wuhan,Height,9,-0.2528450489,"a,e"
Shanghai,Height,18,-0.1480696499,"a,e"
Wuhan,Height,54,0.2940591276,"a,e"
Shanghai,Height,9,-0.1658740193,"a,e"
Shanghai,Height,15,-0.05914576724,"a,e"
Beijing,Height,9,-0.2380865514,"a,e"
Shanghai,Height,54,0.3747152388,"a,e"
Shanghai,Height,9,-0.3707641661,"a,e"
Shanghai,Height,12,-0.2764205337,"a,e"
Beijing,Height,6,-0.2193142325,"a,e"
Shanghai,Height,15,-0.1375029236,"a,e"
Wuhan,Height,9,-0.3131791055,"a,e"
Shanghai,Height,18,-0.1592424065,"a,e"
Guangzhou,Height,36,0.3143189549,"a,e"
Wuhan,Height,12,-0.2011759877,"a,e"
Wuhan,Height,9,-0.2397558093,"a,e"
Shanghai,Height,9,-0.3103232384,"a,e"
Shanghai,Height,36,0.2655322552,"a,e"
Shanghai,Height,18,-0.1709022969,"a,e"
Beijing,Height,27,0.03451323882,"a,e"
Wuhan,Height,9,-0.3446455896,"a,e"
Shanghai,Height,18,-0.1350111067,"a,e"
Shanghai,Height,12,-0.319362402,"a,e"
Shanghai,Height,9,-0.3261297643,"a,e"
Shanghai,Height,18,-0.06974709034,"a,e"
Beijing,Height,18,-0.2041802704,"a,e"
Wuhan,Height,15,-0.1882144958,"a,e"
Guangzhou,Height,9,-0.3631159961,"a,e"
Guangzhou,Height,9,-0.4357957542,"a,e"
Shanghai,Height,21,-0.1150108948,"a,e"
Wuhan,Height,24,0.1911362708,"a,e"
Beijing,Height,30,0.2178986371,"a,e"
Shanghai,Height,12,-0.2106907368,"a,e"
Shanghai,Height,15,-0.1283038259,"a,e"
Guangzhou,Height,24,0.05958512425,"a,e"
Shanghai,Height,6,-0.3476291001,"a,e"
Beijing,Height,9,-0.1575406939,"a,e"
Wuhan,Height,15,-0.2107861191,"a,e"
Shanghai,Height,18,-0.04610522836,"a,e"
Shanghai,Height,51,0.3947194815,"a,e"
Shanghai,Height,12,-0.2735271156,"a,e"
Shanghai,Height,15,-0.1751545817,"a,e"
Wuhan,Height,30,0.2981885076,"a,e"
Shanghai,Height,51,0.4154483676,"a,e"
Guangzhou,Height,45,0.3119041026,"a,e"
Shanghai,Height,9,-0.2932685614,"a,e"
Guangzhou,Height,9,-0.4131394625,"a,e"
Shanghai,Height,18,-0.2037472129,"a,e"
Shanghai,Height,15,-0.1355138421,"a,e"
Shanghai,Height,9,-0.215222612,"a,e"
Shanghai,Height,9,-0.3339423537,"a,e"
Shanghai,Height,18,-0.2143094987,"a,e"
Shanghai,Height,9,-0.3516677022,"a,e"
Shanghai,Height,24,0.07815677673,"a,e"
Shanghai,Height,27,0.2465436012,"a,e"
Shanghai,Height,18,-0.06368881464,"a,e"
Beijing,Height,9,-0.32829687,"a,e"
Beijing,Height,21,0.3322339952,"a,e"
Wuhan,Height,9,-0.2675734162,"a,e"
Wuhan,Height,12,-0.09296081215,"a,e"
Wuhan,Height,12,-0.2435831726,"a,e"
Beijing,Height,30,0.1023948863,"a,e"
Shanghai,Height,18,-0.1866574734,"a,e"
Shanghai,Height,15,-0.313319087,"a,e"
Shanghai,Height,9,-0.3811146319,"a,e"
Wuhan,Height,18,-0.2246410698,"a,e"
Shanghai,Height,15,-0.05548199266,"a,e"
Shanghai,Height,27,0.1406890899,"a,e"
Wuhan,Height,18,-0.1157928705,"a,e"
Shanghai,Height,18,-0.1412107944,"a,e"
Shanghai,Height,18,-0.07156159729,"a,e"
Shanghai,Height,9,-0.3691645265,"a,e"
Shanghai,Height,9,-0.3524917662,"a,e"
Shanghai,Height,9,-0.2315187603,"a,e"
Shanghai,Height,18,-0.1010848433,"a,e"
Shanghai,Height,18,-0.1139777973,"a,e"
Guangzhou,Height,9,-0.4125351906,"a,e"
Shanghai,Height,9,-0.3683795631,"a,e"
Shanghai,Height,9,-0.1174236163,"a,e"
Shanghai,Height,18,-0.169209376,"a,e"
Shanghai,Height,18,-0.1388819218,"a,e"
Guangzhou,Height,45,0.3533124328,"a,e"
Shanghai,Height,21,0.02077040821,"a,e"
Beijing,Height,36,0.2026242763,"a,e"
Shanghai,Height,18,-0.2203914076,"a,e"
Wuhan,Height,9,-0.3397791386,"a,e"
Shanghai,Height,15,-0.02536783367,"a,e"
Shanghai,Height,21,0.07964669168,"a,e"
Beijing,Height,54,0.374651581,"a,e"
Shanghai,Height,18,-0.1040306613,"a,e"
Beijing,Height,6,-0.2667026222,"a,e"
Shanghai,Height,18,-0.1859897077,"a,e"
Shanghai,Height,18,-0.04687235877,"a,e"
Beijing,Height,12,-0.1716022938,"a,e"
Beijing,Height,24,0.1385455728,"a,e"
Shanghai,Height,18,-0.1377923042,"a,e"
Guangzhou,Height,18,-0.03974765539,"a,e"
Wuhan,Height,21,0.0309853144,"a,e"
Beijing,Height,9,-0.2632552981,"a,e"
Shanghai,Height,18,-0.09117879719,"a,e"
Beijing,Height,9,-0.2912286222,"a,e"
Beijing,Height,27,0.01756388322,"a,e"
Wuhan,Height,24,0.1871160567,"a,e"
Beijing,Height,30,0.2845360637,"a,e"
Beijing,Height,18,-0.2259683609,"a,e"
Shanghai,Height,18,-0.06151029468,"a,e"
Shanghai,Height,9,-0.279949069,"a,e"
Wuhan,Height,18,-0.06415586174,"a,e"
Guangzhou,Height,18,-0.07443778962,"a,e"
Shanghai,Height,12,-0.1312891841,"a,e"
Wuhan,Height,18,-0.1910079122,"a,e"
Wuhan,Height,15,-0.2180555165,"a,e"
Wuhan,Height,9,-0.2162532508,"a,e"
Shanghai,Height,9,-0.3016548753,"a,e"
Shanghai,Height,9,-0.4938804805,"a,e"
Shanghai,Height,6,-0.1932416111,"a,e"
Beijing,Height,30,0.2368785292,"a,e"
Shanghai,Height,9,-0.4325256348,"a,e"
Shanghai,Height,36,0.3884005547,"a,e"
Shanghai,Height,9,-0.3752651811,"a,e"
Beijing,Height,24,0.1334628016,"a,e"
Shanghai,Height,12,-0.2061265111,"a,e"
Shanghai,Height,6,-0.4650176466,"a,e"
Beijing,Height,18,-0.2808081806,"a,e"
Shanghai,Height,18,-0.08874244243,"a,e"
Shanghai,Height,18,-0.08069466799,"a,e"
Shanghai,Height,18,-0.03517658636,"a,e"
Guangzhou,Height,54,0.2517827451,"a,e"
Wuhan,Height,15,-0.1146989167,"a,e"
Wuhan,Height,75,0.2942298949,"a,e"
Shanghai,Height,18,-0.2211738676,"a,e"
Shanghai,Height,24,0.329072237,"a,e"
Shanghai,Height,15,-0.167708993,"a,e"
Shanghai,Height,18,-0.1312726587,"a,e"
Shanghai,Height,18,-0.05994933844,"a,e"
Guangzhou,Height,9,-0.4414076805,"a,e"
Shanghai,Height,18,-0.1945903301,"a,e"
Shanghai,Height,18,-0.1417932212,"a,e"
Shanghai,Height,6,-0.1487668157,"a,e"
Beijing,Height,18,-0.07577129453,"a,e"
Guangzhou,Height,24,0.05967529491,"a,e"
Beijing,Height,36,0.2518771589,"a,e"
Beijing,Height,24,0.05909284949,"a,e"
Beijing,Height,51,0.3096809387,"a,e"
Wuhan,Height,27,0.2315601557,"a,e"
Shanghai,Height,9,-0.3899864256,"a,e"
Wuhan,Height,18,-0.1462704241,"a,e"
Guangzhou,Height,9,-0.3664064705,"a,e"
Wuhan,Height,9,-0.2253002524,"a,e"
Shanghai,Height,21,0.03867712617,"a,e"
Wuhan,Height,18,-0.06502138078,"a,e"
Wuhan,Height,18,-0.1635209173,"a,e"
Shanghai,Height,21,-0.04328489304,"a,e"
Beijing,Height,9,-0.3127461374,"a,e"
Shanghai,Height,12,-0.2678343356,"a,e"
Shanghai,Height,18,-0.09297275543,"a,e"
Shanghai,Height,18,-0.0560919717,"a,e"
Shanghai,Height,24,0.2558056712,"a,e"
Shanghai,Height,12,-0.1976034641,"a,e"
Shanghai,Height,39,0.3116391003,"a,e"
Guangzhou,Height,18,-0.02507952601,"a,e"
Beijing,Height,18,-0.2076104134,"a,e"
Shanghai,Height,9,-0.2527392209,"a,e"
Wuhan,Height,9,-0.4098131955,"a,e"
Shanghai,Height,9,-0.3312487006,"a,e"
Shanghai,Height,18,-0.09360805154,"a,e"
Beijing,Height,6,-0.3185088336,"a,e"
Wuhan,Height,6,-0.4136148691,"a,e"
Shanghai,Height,15,-0.2125045359,"a,e"
Shanghai,Height,9,-0.2455087602,"a,e"
Wuhan,Height,9,-0.309548229,"a,e"
Shanghai,Height,9,-0.2250966132,"a,e"
Beijing,Height,54,0.2763624489,"a,e"
Guangzhou,Height,12,-0.2625944018,"a,e"
Shanghai,Height,18,-0.1616614908,"a,e"
Shanghai,Height,12,-0.128022328,"a,e"
Beijing,Height,54,0.1863111854,"a,e"
Shanghai,Height,9,-0.2815358937,"a,e"
Shanghai,Height,18,-0.112186417,"a,e"
Shanghai,Height,9,-0.4229082465,"a,e"
Wuhan,Height,39,0.2278700024,"a,e"
Wuhan,Height,18,-0.1109337509,"a,e"
Shanghai,Height,18,-0.02817412093,"a,e"
Guangzhou,Height,36,0.2047694325,"a,e"
Shanghai,Height,18,-0.2213845104,"a,e"
Shanghai,Height,18,-0.2250613421,"a,e"
Shanghai,Height,9,-0.3456833065,"a,e"
Shanghai,Height,9,-0.2770909667,"a,e"
Shanghai,Height,18,-0.223004058,"a,e"
Shanghai,Height,18,-0.2190826535,"a,e"
Shanghai,Height,9,-0.3616861701,"a,e"
Shanghai,Height,9,-0.356721133,"a,e"
Shanghai,Height,18,-0.2522893548,"a,e"
Shanghai,Height,9,-0.4751906395,"a,e"
Wuhan,Height,30,0.2412669063,"a,e"
Shanghai,Height,9,-0.3453830183,"a,e"
Guangzhou,Height,9,-0.3244791925,"a,e"
Shanghai,Height,9,-0.2370897233,"a,e"
Shanghai,Height,18,-0.1622411013,"a,e"
Wuhan,Height,9,-0.2529540956,"a,e"
Guangzhou,Height,9,-0.3737636209,"a,e"
Wuhan,Height,15,-0.04913244396,"a,e"
Shanghai,Height,6,-0.3108925223,"a,e"
Beijing,Height,12,-0.2719838023,"a,e"
Wuhan,Height,12,-0.3983401358,"a,e"
Wuhan,Height,15,-0.235288173,"a,e"
Shanghai,Height,18,-0.07689080387,"a,e"
Shanghai,Height,6,-0.4080384672,"a,e"
Shanghai,Height,30,0.2467148155,"a,e"
Wuhan,Height,81,0.9254943132,"a,e"
Shanghai,Height,15,-0.1556874365,"a,e"
Beijing,Height,9,-0.2535403371,"a,e"
Shanghai,Height,18,-0.1376952231,"a,e"
Wuhan,Height,9,-0.4048849046,"a,e"
Guangzhou,Height,24,0.07756394148,"a,e"
Shanghai,Height,15,-0.1882772744,"a,e"
Shanghai,Height,18,-0.1850435436,"a,e"
Shanghai,Height,15,-0.08286630362,"a,e"
Shanghai,Height,18,-0.2280519903,"a,e"
Shanghai,Height,33,0.2278825194,"a,e"
Shanghai,Height,21,0.03766477481,"a,e"
Beijing,Height,12,-0.1971962452,"a,e"
Shanghai,Height,9,-0.2533358037,"a,e"
Shanghai,Height,18,-0.1300433129,"a,e"
Guangzhou,Height,9,-0.3673953414,"a,e"
Shanghai,Height,15,-0.1343766302,"a,e"
Shanghai,Height,18,-0.1291372925,"a,e"
Guangzhou,Height,9,-0.3942407668,"a,e"
Guangzhou,Height,9,-0.4383046627,"a,e"
Guangzhou,Height,6,-0.2122554332,"a,e"
Guangzhou,Height,18,-0.01115455292,"a,e"
Shanghai,Height,21,0.2610720396,"a,e"
Shanghai,Height,27,0.1736700982,"a,e"
Guangzhou,Height,9,-0.511828959,"a,e"
Shanghai,Height,18,-0.1225466281,"a,e"
Wuhan,Height,21,0.06912926584,"a,e"
Shanghai,Height,18,-0.1233931258,"a,e"
Shanghai,Height,18,-0.1839819998,"a,e"
Shanghai,Height,9,-0.410020858,"a,e"
Guangzhou,Height,15,-0.07443097979,"a,e"
Guangzhou,Height,27,0.1314852387,"a,e"
Wuhan,Height,24,0.1916848868,"a,e"
Shanghai,Height,15,-0.1069942191,"a,e"
Shanghai,Height,6,-0.3771309853,"a,e"
Shanghai,Height,33,0.2093367875,"a,e"
Shanghai,Height,18,-0.08696927875,"a,e"
Shanghai,Height,9,-0.5531411767,"a,e"
Shanghai,Height,18,-0.1044139937,"a,e"
Shanghai,Height,12,-0.2764818966,"a,e"
Shanghai,Height,9,-0.1657409072,"a,e"
Shanghai,Height,9,-0.1965692341,"a,e"
Shanghai,Height,21,0.2602169514,"a,e"
Shanghai,Height,18,-0.1011712924,"a,e"
Shanghai,Height,18,-0.02484843694,"a,e"
Guangzhou,Height,30,0.1272105724,"a,e"
Shanghai,Height,15,-0.1721583605,"a,e"
Shanghai,Height,18,-0.2077483982,"a,e"
Shanghai,Height,12,-0.3737166822,"a,e"
Beijing,Height,9,-0.2620453238,"a,e"
Wuhan,Height,12,-0.2096229941,"a,e"
Beijing,Height,9,-0.2911652029,"a,e"
Shanghai,Height,18,-0.1309317797,"a,e"
Shanghai,Height,24,0.114482604,"a,e"
Beijing,Height,9,-0.317602545,"a,e"
Shanghai,Height,18,-0.0250522811,"a,e"
Guangzhou,Height,9,-0.4054996669,"a,e"
Beijing,Height,12,-0.2099719197,"a,e"
Wuhan,Height,48,0.1802199781,"a,e"
Shanghai,Height,33,0.2439708859,"a,e"
Shanghai,Height,18,-0.1740499586,"a,e"
Shanghai,Height,9,-0.3230318129,"a,e"
Guangzhou,Height,15,-0.06505895406,"a,e"
Shanghai,Height,18,-0.1548100412,"a,e"
Beijing,Height,9,-0.283223331,"a,e"
Shanghai,Height,6,-0.260266155,"a,e"
Wuhan,Height,18,-0.1293682754,"a,e"
Beijing,Height,21,0.3566772342,"a,e"
Shanghai,Height,18,-0.07919041812,"a,e"
Shanghai,Height,21,-0.07668281347,"a,e"
Shanghai,Height,39,0.2802512646,"a,e"
Shanghai,Height,12,-0.3096753657,"a,e"
Shanghai,Height,18,-0.1420914084,"a,e"
Shanghai,Height,9,-0.3623507321,"a,e"
Guangzhou,Height,21,-0.0970466882,"a,e"
Beijing,Height,9,-0.3729743063,"a,e"
Beijing,Height,6,-0.3391117156,"a,e"
Shanghai,Height,48,0.3713398874,"a,e"
Beijing,Height,30,0.238642171,"a,e"
Wuhan,Height,18,-0.1672729701,"a,e"
Beijing,Height,12,-0.199565798,"a,e"
Shanghai,Height,12,-0.2406823039,"a,e"
Shanghai,Height,18,-0.1595686972,"a,e"
Wuhan,Height,69,0.3811593354,"a,e"
Wuhan,Height,9,-0.3399582207,"a,e"
Shanghai,Height,18,-0.1342992485,"a,e"
Shanghai,Height,39,0.2466554642,"a,e"
Shanghai,Height,15,-0.133456856,"a,e"
Wuhan,Height,15,0.01211744454,"a,e"
Shanghai,Height,9,-0.3236917257,"a,e"
Shanghai,Height,36,0.2331856489,"a,e"
Guangzhou,Height,9,-0.4210702181,"a,e"
Guangzhou,Height,27,0.04864090681,"a,e"
Guangzhou,Height,36,0.1570878327,"a,e"
Wuhan,Height,33,0.09112524986,"a,e"
Wuhan,Height,24,0.313865453,"a,e"
Beijing,Height,18,-0.2359822392,"a,e"
Shanghai,Height,18,-0.146928668,"a,e"
Beijing,Height,30,0.009437787347,"a,e"
Shanghai,Height,18,-0.05747214705,"a,e"
Shanghai,Height,27,0.1356479675,"a,e"
Shanghai,Height,9,-0.1933537275,"a,e"
Shanghai,Height,42,0.2487951517,"a,e"
Shanghai,Height,21,0.4373331964,"a,e"
Wuhan,Height,18,-0.1781074107,"a,e"
Wuhan,Height,9,-0.2455591857,"a,e"
Shanghai,Height,27,0.2426992059,"a,e"
Shanghai,Height,18,-0.1756820083,"a,e"
Shanghai,Height,39,0.3709127307,"a,e"
Wuhan,Height,12,-0.1707179695,"a,e"
Shanghai,Height,18,-0.144324705,"a,e"
Beijing,Height,30,0.08022261411,"a,e"
Guangzhou,Height,18,0.09510344267,"a,e"
Shanghai,Height,18,-0.09791647643,"a,e"
Shanghai,Height,72,0.3695655167,"a,e"
Shanghai,Height,15,-0.1600059122,"a,e"
Wuhan,Height,18,-0.1862329096,"a,e"
Shanghai,Height,33,0.2537592351,"a,e"
Beijing,Height,36,0.1642358154,"a,e"
Shanghai,Height,36,0.2907894552,"a,e"
Shanghai,Height,18,-0.2151780874,"a,e"
Wuhan,Height,18,-0.07916013896,"a,e"
Shanghai,Height,18,-0.1961010844,"a,e"
Beijing,Height,9,-0.2736930251,"a,e"
Guangzhou,Height,9,-0.3600685894,"a,e"
Shanghai,Height,42,0.2351944298,"a,e"
Wuhan,Height,18,-0.1003786027,"a,e"
Guangzhou,Height,15,-0.1524464935,"a,e"
Shanghai,Height,24,0.1390746236,"a,e"
Shanghai,Height,21,0.3203089833,"a,e"
Beijing,Height,18,-0.1195031703,"a,e"
Shanghai,Height,18,-0.1646982729,"a,e"
Wuhan,Height,33,0.1078331321,"a,e"
Wuhan,Height,15,-0.2332638353,"a,e"
Shanghai,Height,9,-0.2945219874,"a,e"
Shanghai,Height,12,-0.2732462287,"a,e"
Shanghai,Height,30,0.2903485894,"a,e"
Shanghai,Height,9,-0.3513316512,"a,e"
Guangzhou,Height,27,0.234897241,"a,e"
Shanghai,Height,15,-0.05492444336,"a,e"
Shanghai,Height,21,-0.0005266345106,"a,e"
Shanghai,Height,15,-0.1731543094,"a,e"
Wuhan,Height,9,-0.3882731199,"a,e"
Guangzhou,Height,12,-0.3253228664,"a,e"
Wuhan,Height,27,0.1944055855,"a,e"
Wuhan,Height,36,0.2190086246,"a,e"
Shanghai,Height,12,-0.3285028636,"a,e"
Shanghai,Height,18,-0.1035020947,"a,e"
Shanghai,Height,18,-0.1827867478,"a,e"
Beijing,Height,18,-0.2317708135,"a,e"
Shanghai,Height,9,-0.3134523928,"a,e"
Shanghai,Height,9,-0.3569605052,"a,e"
Shanghai,Height,18,-0.1764036864,"a,e"
Wuhan,Height,18,-0.0842846632,"a,e"
Shanghai,Height,15,-0.1985417306,"a,e"
Wuhan,Height,30,0.1901626289,"a,e"
Shanghai,Height,24,0.1606793404,"a,e"
Shanghai,Height,18,-0.05238742381,"a,e"
Guangzhou,Height,15,-0.0779343918,"a,e"
Shanghai,Height,15,-0.1489982009,"a,e"
Beijing,Height,12,-0.1965043098,"a,e"
Wuhan,Height,33,0.09807725996,"a,e"
Shanghai,Height,9,-0.2471971363,"a,e"
Beijing,Height,12,-0.1925650686,"a,e"
Shanghai,Height,21,-0.01892428845,"a,e"
Wuhan,Height,9,-0.2952162325,"a,e"
Beijing,Height,12,-0.2241119295,"a,e"
Shanghai,Height,21,-0.04144123942,"a,e"
Shanghai,Height,45,0.2611340284,"a,e"
Beijing,Height,51,0.45358634,"a,e"
Shanghai,Height,18,-0.1411394626,"a,e"
Wuhan,Height,18,-0.265999198,"a,e"
Shanghai,Height,18,-0.1819633991,"a,e"
Shanghai,Height,9,-0.2830348611,"a,e"
Shanghai,Height,21,0.02116757259,"a,e"
Shanghai,Height,18,-0.189133659,"a,e"
Shanghai,Height,15,-0.1415010095,"a,e"
Shanghai,Height,18,-0.09513010085,"a,e"
Shanghai,Height,9,-0.3332229257,"a,e"
Shanghai,Height,6,-0.1852667779,"a,e"
Shanghai,Height,9,-0.3061191738,"a,e"
Shanghai,Height,12,-0.198574841,"a,e"
Shanghai,Height,15,-0.1825055927,"a,e"
Guangzhou,Height,15,-0.1134558693,"a,e"
Guangzhou,Height,9,-0.3833833933,"a,e"
Shanghai,Height,18,-0.07513805479,"a,e"
Shanghai,Height,9,-0.2029202729,"a,e"
Shanghai,Height,18,-0.1721486747,"a,e"
Shanghai,Height,9,-0.3366713226,"a,e"
Shanghai,Height,18,-0.06748300046,"a,e"
Shanghai,Height,39,0.4077920318,"a,e"
Beijing,Height,9,-0.2654700875,"a,e"
Guangzhou,Height,15,-0.1242624074,"a,e"
Shanghai,Height,18,-0.1790632755,"a,e"
Beijing,Height,24,0.156962961,"a,e"
Shanghai,Height,9,-0.4676977694,"a,e"
Guangzhou,Height,9,-0.4138674736,"a,e"
Guangzhou,Height,9,-0.4007978141,"a,e"
Guangzhou,Height,9,-0.4191236198,"a,e"
Shanghai,Height,18,-0.145724535,"a,e"
Wuhan,Height,18,-0.08381122351,"a,e"
Shanghai,Height,18,-0.1529782563,"a,e"
Shanghai,Height,18,-0.1965791881,"a,e"
Wuhan,Height,24,0.221236676,"a,e"
Shanghai,Height,18,-0.1094377041,"a,e"
Wuhan,Height,18,-0.05489147082,"a,e"
Beijing,Height,60,0.383743763,"a,e"
Wuhan,Height,18,-0.1258100271,"a,e"
Shanghai,Height,9,-0.3889334798,"a,e"
Shanghai,Height,9,-0.3578673303,"a,e"
Shanghai,Height,72,0.5876390338,"a,e"
Guangzhou,Height,9,-0.3711366355,"a,e"
Wuhan,Height,21,0.04491883144,"a,e"
Shanghai,Height,18,-0.1165041849,"a,e"
Guangzhou,Height,9,-0.4362411797,"a,e"
Wuhan,Height,9,-0.3172719181,"a,e"
Wuhan,Height,9,-0.3030292094,"a,e"
Shanghai,Height,18,-0.1612051576,"a,e"
Shanghai,Height,6,-0.1130727679,"a,e"
Shanghai,Height,39,0.3253180385,"a,e"
Guangzhou,Height,15,-0.05420431867,"a,e"
Guangzhou,Height,54,0.3740702271,"a,e"
Shanghai,Height,9,-0.3541071117,"a,e"
Beijing,Height,30,0.1947766393,"a,e"
Shanghai,Height,33,0.3794149756,"a,e"
Guangzhou,Height,9,-0.3236709237,"a,e"
Shanghai,Height,18,-0.1156608239,"a,e"
Guangzhou,Height,9,-0.4037094712,"a,e"
Shanghai,Height,12,-0.2555062175,"a,e"
Shanghai,Height,9,-0.2809824944,"a,e"
Shanghai,Height,6,-0.3108864725,"a,e"
Beijing,Height,9,-0.2831694186,"a,e"
Guangzhou,Height,12,-0.237863794,"a,e"
Guangzhou,Height,9,-0.3098277748,"a,e"
Shanghai,Height,15,-0.1477633715,"a,e"
Shanghai,Height,18,-0.1748209745,"a,e"
Shanghai,Height,9,-0.2369752377,"a,e"
Guangzhou,Height,9,-0.4423212707,"a,e"
Wuhan,Height,21,-0.05412575603,"a,e"
Beijing,Height,12,-0.2895408273,"a,e"
Guangzhou,Height,12,-0.1691984534,"a,e"
Shanghai,Height,9,-0.345382005,"a,e"
Wuhan,Height,15,-0.2131201774,"a,e"
Shanghai,Height,15,-0.04687597975,"a,e"
Shanghai,Height,48,0.2028443217,"a,e"
Guangzhou,Height,9,-0.3784784377,"a,e"
Shanghai,Height,15,-0.228156805,"a,e"
Shanghai,Height,18,-0.1649138033,"a,e"
Shanghai,Height,15,-0.1337947398,"a,e"
Shanghai,Height,21,0.05766469613,"a,e"
Shanghai,Height,9,-0.4009885192,"a,e"
Beijing,Height,18,-0.3165876567,"a,e"
Shanghai,Height,18,-0.1126983091,"a,e"
Beijing,Height,15,-0.2084587067,"a,e"
Shanghai,Height,30,0.1399073303,"a,e"
Shanghai,Height,9,-0.4348480999,"a,e"
Wuhan,Height,15,-0.1657739729,"a,e"
Beijing,Height,30,0.1538981199,"a,e"
Shanghai,Height,18,-0.1366983354,"a,e"
Shanghai,Height,30,0.3067972064,"a,e"
Shanghai,Height,12,-0.1324626356,"a,e"
Guangzhou,Height,9,-0.4736849368,"a,e"
Shanghai,Height,9,-0.3076245785,"a,e"
Shanghai,Height,6,-0.2140925378,"a,e"
Guangzhou,Height,18,-0.2069541365,"a,e"
Shanghai,Height,9,-0.4048835337,"a,e"
Shanghai,Height,48,0.4985245168,"a,e"
Wuhan,Height,9,-0.2129691094,"a,e"
Shanghai,Height,18,-0.1384438127,"a,e"
Shanghai,Height,15,-0.2449125797,"a,e"
Beijing,Height,33,0.07331799716,"a,e"
Beijing,Height,9,-0.2658431828,"a,e"
Beijing,Height,18,-0.09377102554,"a,e"
Wuhan,Height,36,0.3278038204,"a,e"
Shanghai,Height,21,0.2624490857,"a,e"
Shanghai,Height,18,-0.1729063988,"a,e"
Guangzhou,Height,36,0.1487860531,"a,e"
Beijing,Height,18,-0.1975436062,"a,e"
Beijing,Height,48,0.4383195341,"a,e"
Beijing,Height,9,-0.3061093986,"a,e"
Shanghai,Height,18,-0.1472237408,"a,e"
Wuhan,Height,54,0.4489066005,"a,e"
Guangzhou,Height,15,-0.1626441926,"a,e"
Wuhan,Height,18,-0.1442697942,"a,e"
Shanghai,Height,21,-0.02863495797,"a,e"
Shanghai,Height,21,0.3814988434,"a,e"
Wuhan,Height,54,0.5612381697,"a,e"
Wuhan,Height,18,-0.1704397947,"a,e"
Shanghai,Height,42,0.3421746492,"a,e"
Shanghai,Height,18,-0.1429176331,"a,e"
Shanghai,Height,18,-0.1585578322,"a,e"
Beijing,Height,9,-0.2541174293,"a,e"
Shanghai,Height,9,-0.3691645265,"a,e"
Shanghai,Height,15,-0.164394334,"a,e"
Wuhan,Height,69,0.1456797868,"a,e"
Wuhan,Height,21,-0.04781381041,"a,e"
Wuhan,Height,9,-0.4084220529,"a,e"
Shanghai,Height,9,-0.2451741397,"a,e"
Beijing,Height,9,-0.2494360209,"a,e"
Shanghai,Height,33,0.3503511846,"a,e"
Guangzhou,Height,30,0.1559805274,"a,e"
Guangzhou,Height,9,-0.3542064428,"a,e"
Shanghai,Height,33,0.2319181412,"a,e"
Shanghai,Height,15,-0.1952329874,"a,e"
Shanghai,Height,18,-0.1704277992,"a,e"
Wuhan,Height,18,-0.1282512397,"a,e"
Shanghai,Height,9,-0.3562453091,"a,e"
Shanghai,Height,9,-0.4444718063,"a,e"
Shanghai,Height,6,-0.183590889,"a,e"
Shanghai,Height,15,-0.07364381105,"a,e"
Wuhan,Height,15,-0.1683678031,"a,e"
Shanghai,Height,9,-0.2965144217,"a,e"
Shanghai,Height,9,-0.5012964606,"a,e"
Guangzhou,Height,24,0.279366225,"a,e"
Shanghai,Height,9,-0.3314470053,"a,e"
Shanghai,Height,15,-0.1245689243,"a,e"
Shanghai,Height,9,-0.260938853,"a,e"
Shanghai,Height,9,-0.3302772045,"a,e"
Wuhan,Height,18,-0.2690193653,"a,e"
Guangzhou,Height,18,0.02919081971,"a,e"
Beijing,Height,18,-0.1333144307,"a,e"
Wuhan,Height,9,-0.3348882794,"a,e"
Shanghai,Height,18,-0.1612989306,"a,e"
Shanghai,Height,18,-0.1667191684,"a,e"
Shanghai,Height,18,-0.2105388343,"a,e"
Guangzhou,Height,9,-0.4581381381,"a,e"
Shanghai,Height,9,-0.2105689496,"a,e"
Shanghai,Height,9,-0.4095317125,"a,e"
Shanghai,Height,18,-0.09214626998,"a,e"
Beijing,Height,9,-0.4665362239,"a,e"
Shanghai,Height,12,-0.3230423033,"a,e"
Wuhan,Height,18,-0.1811395884,"a,e"
Shanghai,Height,12,-0.3031246662,"a,e"
Shanghai,Height,9,-0.342277199,"a,e"
Shanghai,Height,9,-0.1791014224,"a,e"
Beijing,Height,12,-0.2391272336,"a,e"
Guangzhou,Height,9,-0.3702428937,"a,e"
Shanghai,Height,21,0.04720425233,"a,e"
Shanghai,Height,18,-0.0159398336,"a,e"
Wuhan,Height,24,0.1430518776,"a,e"
Shanghai,Height,33,0.3842720687,"a,e"
Guangzhou,Height,18,0.05322165042,"a,e"
Shanghai,Height,15,-0.09873220325,"a,e"
Shanghai,Height,12,-0.2667217851,"a,e"
Shanghai,Height,21,-0.02972360142,"a,e"
Guangzhou,Height,9,-0.4405218661,"a,e"
Beijing,Height,18,-0.2178118229,"a,e"
Beijing,Height,15,-0.2029587328,"a,e"
Wuhan,Height,60,0.4384270012,"a,e"
Shanghai,Height,9,-0.2354394048,"a,e"
Shanghai,Height,30,0.1235028207,"a,e"
Shanghai,Height,9,-0.2334171683,"a,e"
Shanghai,Height,9,-0.3693900704,"a,e"
Shanghai,Height,15,-0.11061427,"a,e"
Shanghai,Height,9,-0.2311255187,"a,e"
Beijing,Height,9,-0.3978113234,"a,e"
Guangzhou,Height,24,0.2741713226,"a,e"
Shanghai,Height,18,-0.09190219641,"a,e"
Shanghai,Height,9,-0.326469481,"a,e"
Guangzhou,Height,9,-0.4212197959,"a,e"
Shanghai,Height,51,0.5554369092,"a,e"
Shanghai,Height,9,-0.1542333215,"a,e"
Shanghai,Height,21,-0.01867373101,"a,e"
Shanghai,Height,15,-0.2352606356,"a,e"
Guangzhou,Height,9,-0.404427886,"a,e"
Beijing,Height,6,-0.2233591229,"a,e"
Guangzhou,Height,24,0.1920826733,"a,e"
Guangzhou,Height,9,-0.4368962944,"a,e"
Guangzhou,Height,9,-0.3719327152,"a,e"
Shanghai,Height,9,-0.3925534487,"a,e"
Shanghai,Height,9,-0.289198339,"a,e"
Beijing,Height,15,-0.1407838762,"a,e"
Shanghai,Height,18,-0.06998284906,"a,e"
Shanghai,Height,8,-0.2951680124,"a,e"
Guangzhou,Height,9,-0.4098344743,"a,e"
Guangzhou,Height,40,0.2559010983,"a,e"
Shanghai,Height,9,-0.3383746743,"a,e"
Shanghai,Height,6,-0.3468605876,"a,e"
Shanghai,Height,15,-0.1309814006,"a,e"
Shanghai,Height,9,-0.1669019461,"a,e"
Shanghai,Height,18,-0.1312537491,"a,e"
Wuhan,Height,18,-0.09630001336,"a,e"
Shanghai,Height,9,-0.4115727842,"a,e"
Shanghai,Height,18,-0.02360768244,"a,e"
Guangzhou,Height,30,0.2180724293,"a,e"
Beijing,Height,9,-0.2538501918,"a,e"
Wuhan,Height,18,-0.145096153,"a,e"
Wuhan,Height,18,-0.07104914635,"a,e"
Guangzhou,Height,12,-0.4661088288,"a,e"
Shanghai,Height,15,-0.1314409822,"a,e"
Beijing,Height,18,-0.04108289629,"a,e"
Beijing,Height,15,-0.3692227602,"a,e"
Shanghai,Height,9,-0.3396936655,"a,e"
Shanghai,Height,18,-0.1936110556,"a,e"
Wuhan,Height,21,0.05678201094,"a,e"
Shanghai,Height,12,-0.286991775,"a,e"
Shanghai,Height,18,-0.07070723921,"a,e"
Shanghai,Height,18,-0.1201538593,"a,e"
Guangzhou,Height,45,0.1469429731,"a,e"
Guangzhou,Height,9,-0.3573987484,"a,e"
Wuhan,Height,36,0.1541946083,"a,e"
Shanghai,Height,15,-0.1338841468,"a,e"
Wuhan,Height,12,-0.2232498974,"a,e"
Beijing,Height,18,-0.1320462674,"a,e"
Shanghai,Height,18,-0.1590875834,"a,e"
Beijing,Height,9,-0.2492448986,"a,e"
Shanghai,Height,9,-0.360396713,"a,e"
Shanghai,Height,39,0.4449317455,"a,e"
Shanghai,Height,9,-0.3696084023,"a,e"
Wuhan,Height,21,-0.04740184173,"a,e"
Wuhan,Height,9,-0.3173407018,"a,e"
Shanghai,Height,15,-0.1215160117,"a,e"
Shanghai,Height,15,-0.2265516073,"a,e"
Shanghai,Height,18,-0.1570908576,"a,e"
Shanghai,Height,9,-0.4483872354,"a,e"
Shanghai,Height,15,-0.183120504,"a,e"
Shanghai,Height,15,-0.2533635199,"a,e"
Wuhan,Height,9,-0.2638461292,"a,e"
Shanghai,Height,15,-0.2905679047,"a,e"
Shanghai,Height,18,-0.1714906245,"a,e"
Shanghai,Height,48,0.2083770037,"a,e"
Shanghai,Height,36,0.244797647,"a,e"
Wuhan,Height,18,-0.2119933963,"a,e"
Beijing,Height,24,-0.0122514097,"a,e"
Wuhan,Height,30,0.1139731929,"a,e"
Shanghai,Height,18,-0.1302045435,"a,e"
Shanghai,Height,9,-0.2854895294,"a,e"
Shanghai,Height,39,0.33577618,"a,e"
Shanghai,Height,9,-0.2967045605,"a,e"
Wuhan,Height,18,-0.1780063361,"a,e"
Shanghai,Height,75,0.6240459681,"a,e"
Shanghai,Height,9,-0.3334785104,"a,e"
Guangzhou,Height,30,0.2858754396,"a,e"
Beijing,Height,15,-0.1559943855,"a,e"
Shanghai,Height,12,-0.2222351581,"a,e"
Wuhan,Height,9,-0.351673007,"a,e"
Shanghai,Height,18,-0.110626772,"a,e"
Shanghai,Height,18,-0.1047416627,"a,e"
Shanghai,Height,9,-0.3099086285,"a,e"
Shanghai,Height,18,-0.1573196203,"a,e"
Shanghai,Height,18,-0.07901927084,"a,e"
Shanghai,Height,24,0.05304056033,"a,e"
Shanghai,Height,6,-0.1190565601,"a,e"
Shanghai,Height,18,-0.1463671625,"a,e"
Shanghai,Height,18,-0.1885064244,"a,e"
Shanghai,Height,12,-0.219684124,"a,e"
Beijing,Height,51,0.2562988997,"a,e"
Shanghai,Height,42,0.4031487107,"a,e"
Shanghai,Height,21,-0.05122392625,"a,e"
Shanghai,Height,18,-0.1776715964,"a,e"
Guangzhou,Height,9,-0.3706128299,"a,e"
Shanghai,Height,15,-0.111309655,"a,e"
Guangzhou,Height,9,-0.4157602191,"a,e"
Shanghai,Height,18,-0.0774455145,"a,e"
Shanghai,Height,15,-0.2417727411,"a,e"
Shanghai,Height,18,-0.09539449215,"a,e"
Shanghai,Height,18,-0.1634153426,"a,e"
Wuhan,Height,12,-0.1789944172,"a,e"
Wuhan,Height,42,0.3294889033,"a,e"
Shanghai,Height,9,-0.3402223885,"a,e"
Shanghai,Height,18,-0.1313692927,"a,e"
Shanghai,Height,12,-0.2394610047,"a,e"
Shanghai,Height,9,-0.3153857291,"a,e"
Beijing,Height,39,0.2334358543,"a,e"
Shanghai,Height,6,-0.3544301093,"a,e"
Shanghai,Height,9,-0.3301333785,"a,e"
Wuhan,Height,12,-0.2315422446,"a,e"
Shanghai,Height,12,-0.2430401891,"a,e"
Shanghai,Height,9,-0.2675492167,"a,e"
Beijing,Height,18,0.04026928172,"a,e"
Guangzhou,Height,9,-0.3789207935,"a,e"
Wuhan,Height,9,-0.3093969226,"a,e"
Shanghai,Height,9,-0.1915279329,"a,e"
Shanghai,Height,9,-0.1297441423,"a,e"
Shanghai,Height,18,-0.044150047,"a,e"
Shanghai,Height,15,-0.2050840557,"a,e"
Beijing,Height,12,-0.2239283025,"a,e"
Shanghai,Height,18,-0.1648988277,"a,e"
Shanghai,Height,9,-0.3618317246,"a,e"
Wuhan,Height,21,-0.1080274284,"a,e"
Guangzhou,Height,9,-0.3795511127,"a,e"
Shanghai,Height,9,-0.3770422637,"a,e"
Shanghai,Height,18,-0.1705743223,"a,e"
Shanghai,Height,45,0.2387029082,"a,e"
Shanghai,Height,18,-0.04305807129,"a,e"
Shanghai,Height,18,-0.08588244021,"a,e"
Shanghai,Height,15,-0.1178026274,"a,e"
Shanghai,Height,9,-0.3653182089,"a,e"
Shanghai,Height,18,-0.1032309309,"a,e"
Wuhan,Height,18,-0.2041812241,"a,e"
Beijing,Height,18,-0.1384310722,"a,e"
Shanghai,Height,18,-0.2059674263,"a,e"
Shanghai,Height,9,-0.3435139656,"a,e"
Shanghai,Height,18,-0.1883227378,"a,e"
Shanghai,Height,15,-0.1410156041,"a,e"
Shanghai,Height,9,-0.4785346091,"a,e"
Beijing,Height,18,-0.2557218969,"a,e"
Shanghai,Height,18,-0.1177392825,"a,e"
Shanghai,Height,18,-0.2119980752,"a,e"
Shanghai,Height,45,0.2980442941,"a,e"
Guangzhou,Height,9,-0.2851439714,"a,e"
Shanghai,Height,18,-0.09199738503,"a,e"
Wuhan,Height,18,-0.06213751808,"a,e"
Beijing,Height,36,0.1971926242,"a,e"
Shanghai,Height,18,-0.2186052799,"a,e"
Guangzhou,Height,30,0.0174453482,"a,e"
Wuhan,Height,36,0.1542378962,"a,e"
Wuhan,Height,18,-0.07264134288,"a,e"
Shanghai,Height,9,-0.2944042683,"a,e"
Wuhan,Height,15,-0.1859951913,"a,e"
Guangzhou,Height,12,-0.261164248,"a,e"
Wuhan,Height,36,0.04391026124,"a,e"
Guangzhou,Height,9,-0.2628960907,"a,e"
Shanghai,Height,18,-0.06735313684,"a,e"
Shanghai,Height,15,-0.1957095712,"a,e"
Beijing,Height,24,0.02954004705,"a,e"
Beijing,Height,12,-0.2221683562,"a,e"
Shanghai,Height,9,-0.3461096883,"a,e"
Wuhan,Height,15,-0.215287596,"a,e"
Shanghai,Height,9,-0.3511821926,"a,e"
Wuhan,Height,12,-0.3396245241,"a,e"
Beijing,Height,6,-0.2788766623,"a,e"
Shanghai,Height,15,-0.09612418711,"a,e"
Shanghai,Height,9,-0.298974514,"a,e"
Shanghai,Height,9,-0.3628643751,"a,e"
Shanghai,Height,30,0.09430771321,"a,e"
Beijing,Height,18,-0.1189124286,"a,e"
Shanghai,Height,18,-0.175354749,"a,e"
Shanghai,Height,15,-0.1030533537,"a,e"
Wuhan,Height,18,-0.1190121546,"a,e"
Beijing,Height,15,-0.3037354946,"a,e"
Wuhan,Height,30,0.02083821781,"a,e"
Shanghai,Height,9,-0.344376862,"a,e"
Shanghai,Height,18,-0.1658986956,"a,e"
Shanghai,Height,15,-0.09364994615,"a,e"
Shanghai,Height,30,0.121760346,"a,e"
Shanghai,Height,18,-0.2190463841,"a,e"
Wuhan,Height,12,-0.1514205039,"a,e"
Shanghai,Height,6,-0.2100860476,"a,e"
Shanghai,Height,12,-0.1687561721,"a,e"
Beijing,Height,9,-0.2395060956,"a,e"
Beijing,Height,15,-0.0866246894,"a,e"
Shanghai,Height,9,-0.3052713871,"a,e"
Shanghai,Height,15,-0.1701946855,"a,e"
Shanghai,Height,12,-0.3054137826,"a,e"
Wuhan,Height,12,-0.1825909019,"a,e"
Shanghai,Height,18,-0.1197992042,"a,e"
Beijing,Height,27,0.1130019128,"a,e"
Shanghai,Height,30,0.4382122457,"a,e"
Shanghai,Height,15,-0.2153711766,"a,e"
Guangzhou,Height,21,-0.06702022254,"a,e"
Shanghai,Height,18,-0.09392423183,"a,e"
Shanghai,Height,6,-0.2158176005,"a,e"
Beijing,Height,36,0.2589306533,"a,e"
Beijing,Height,9,-0.1799120158,"a,e"
Guangzhou,Height,9,-0.4196390212,"a,e"
Shanghai,Height,15,-0.1258146763,"a,e"
Shanghai,Height,6,-0.2349444628,"a,e"
Shanghai,Height,9,-0.3509472013,"a,e"
Shanghai,Height,15,-0.1865673065,"a,e"
Shanghai,Height,18,-0.1371478289,"a,e"
Shanghai,Height,15,-0.2047998011,"a,e"
Shanghai,Height,21,-0.1183144525,"a,e"
Wuhan,Height,18,-0.1013480499,"a,e"
Shanghai,Height,18,-0.1317178011,"a,e"
Shanghai,Height,33,0.1959180832,"a,e"
Shanghai,Height,33,0.09775356948,"a,e"
Beijing,Height,66,0.3133139908,"a,e"
Beijing,Height,9,-0.1956320554,"a,e"
Shanghai,Height,9,-0.373409152,"a,e"
Guangzhou,Height,18,0.04200327024,"a,e"
Shanghai,Height,15,-0.09206078947,"a,e"
Shanghai,Height,18,-0.1072488129,"a,e"
Shanghai,Height,9,-0.3114484847,"a,e"
Shanghai,Height,36,0.1500501782,"a,e"
Shanghai,Height,18,-0.05410985276,"a,e"
Wuhan,Height,30,0.3380744159,"a,e"
Beijing,Height,15,-0.2576834559,"a,e"
Shanghai,Height,72,0.5798870921,"a,e"
Shanghai,Height,9,-0.3561397493,"a,e"
Beijing,Height,18,-0.1886423677,"a,e"
Shanghai,Height,18,-0.1589619219,"a,e"
Shanghai,Height,9,-0.29554075,"a,e"
Shanghai,Height,33,0.2173982561,"a,e"
Shanghai,Height,9,-0.3008776605,"a,e"
Wuhan,Height,30,0.1162551194,"a,e"
Guangzhou,Height,9,-0.3650121987,"a,e"
Shanghai,Height,9,-0.2715895474,"a,e"
Shanghai,Height,9,-0.4210053086,"a,e"
Shanghai,Height,9,-0.3297635615,"a,e"
Wuhan,Height,12,-0.1928665787,"a,e"
Shanghai,Height,21,0.07265191525,"a,e"
Shanghai,Height,30,0.1567503661,"a,e"
Guangzhou,Height,9,-0.3633413613,"a,e"
Shanghai,Height,27,0.2323596478,"a,e"
Shanghai,Height,9,-0.2971574068,"a,e"
Shanghai,Height,33,0.297488004,"a,e"
Guangzhou,Height,36,0.2918168604,"a,e"
Shanghai,Height,18,-0.2489416599,"a,e"
Beijing,Height,18,-0.2826215327,"a,e"
Beijing,Height,36,0.1543559581,"a,e"
Wuhan,Height,24,0.174574092,"a,e"
Shanghai,Height,15,-0.192885831,"a,e"
Guangzhou,Height,15,-0.1185241193,"a,e"
Shanghai,Height,30,0.2023952752,"a,e"
Shanghai,Height,18,-0.1846838444,"a,e"
Guangzhou,Height,27,0.2237846106,"a,e"
Shanghai,Height,18,-0.185373351,"a,e"
Beijing,Height,12,-0.2654010355,"a,e"
Shanghai,Height,15,-0.1398864239,"a,e"
Shanghai,Height,18,-0.06121504679,"a,e"
Shanghai,Height,18,-0.2151133418,"a,e"
Shanghai,Height,18,-0.09452997893,"a,e"
Beijing,Height,9,-0.2374499142,"a,e"
Shanghai,Height,18,-0.2225935161,"a,e"
Guangzhou,Height,21,0.4542907774,"a,e"
Shanghai,Height,18,-0.1124556065,"a,e"
Shanghai,Height,30,0.3560015857,"a,e"
Guangzhou,Height,18,0.05385169387,"a,e"
Shanghai,Height,36,0.1898996979,"a,e"
Shanghai,Height,9,-0.3492691517,"a,e"
Shanghai,Height,24,0.1191422865,"a,e"
Wuhan,Height,60,0.1980109811,"a,e"
Beijing,Height,72,0.4158245623,"a,e"
Shanghai,Height,21,-0.0172930453,"a,e"
Beijing,Height,18,-0.02370777167,"a,e"
Beijing,Height,15,-0.1922381818,"a,e"
Shanghai,Height,9,-0.2687530518,"a,e"
Shanghai,Height,21,-0.04105050117,"a,e"
Wuhan,Height,21,0.1330621541,"a,e"
Shanghai,Height,12,-0.2271005064,"a,e"
Wuhan,Height,12,-0.2442675829,"a,e"
Wuhan,Height,9,-0.3874157965,"a,e"
Shanghai,Height,15,-0.1999760121,"a,e"
Wuhan,Height,24,0.3277221024,"a,e"
Shanghai,Height,6,-0.2887866497,"a,e"
Shanghai,Height,18,-0.08064925671,"a,e"
Wuhan,Height,18,-0.05775532499,"a,e"
Shanghai,Height,9,-0.359521091,"a,e"
Shanghai,Height,15,-0.05722479895,"a,e"
Wuhan,Height,15,-0.1309868693,"a,e"
Shanghai,Height,36,0.1859623343,"a,e"
Shanghai,Height,51,0.4888236821,"a,e"
Shanghai,Height,9,-0.2467219085,"a,e"
Beijing,Height,12,-0.2782261074,"a,e"
Shanghai,Height,18,-0.1577746868,"a,e"
Guangzhou,Height,18,0.1019123048,"a,e"
Guangzhou,Height,12,-0.2654183209,"a,e"
Guangzhou,Height,15,-0.1151902825,"a,e"
Shanghai,Height,18,-0.1210470796,"a,e"
Shanghai,Height,15,-0.1154891029,"a,e"
Shanghai,Height,9,-0.2023261189,"a,e"
Wuhan,Height,9,-0.1865559816,"a,e"
Shanghai,Height,39,0.3537890017,"a,e"
Shanghai,Height,18,-0.113790378,"a,e"
Wuhan,Height,9,-0.2605729401,"a,e"
Beijing,Height,84,0.9942064285,"a,e"
Shanghai,Height,15,-0.1075895503,"a,e"
Shanghai,Height,15,-0.09141521156,"a,e"
Shanghai,Height,9,-0.326562494,"a,e"
Shanghai,Height,15,-0.1525739431,"a,e"
Shanghai,Height,18,-0.1684011221,"a,e"
Beijing,Height,60,0.3653452396,"a,e"
Shanghai,Height,18,-0.1115992069,"a,e"
Shanghai,Height,18,-0.1737405062,"a,e"
Wuhan,Height,15,-0.1982375681,"a,e"
Beijing,Height,18,-0.072597377,"a,e"
Shanghai,Height,9,-0.3390872478,"a,e"
Shanghai,Height,9,-0.4025099874,"a,e"
Guangzhou,Height,27,0.2854228318,"a,e"
Beijing,Height,15,-0.05490078032,"a,e"
Beijing,Height,21,-0.1286211312,"a,e"
Wuhan,Height,18,-0.06524798274,"a,e"
Shanghai,Height,6,-0.3607489169,"a,e"
Shanghai,Height,18,-0.1948139071,"a,e"
Shanghai,Height,9,-0.304040134,"a,e"
Wuhan,Height,18,-0.1521411538,"a,e"
Shanghai,Height,18,-0.09545754641,"a,e"
Shanghai,Height,6,-0.2333336174,"a,e"
Shanghai,Height,12,-0.277984798,"a,e"
Beijing,Height,30,0.07228533924,"a,e"
Shanghai,Height,9,-0.2624405921,"a,e"
Beijing,Height,9,-0.2649618685,"a,e"
Wuhan,Height,9,-0.2622000277,"a,e"
Wuhan,Height,18,-0.1774865091,"a,e"
Wuhan,Height,18,-0.06846936047,"a,e"
Guangzhou,Height,12,-0.3065750301,"a,e"
Shanghai,Height,18,-0.07926958799,"a,e"
Shanghai,Height,18,-0.1958337426,"a,e"
Shanghai,Height,15,-0.1215172485,"a,e"
Wuhan,Height,18,-0.175273478,"a,e"
Shanghai,Height,12,-0.2312690318,"a,e"
Shanghai,Height,15,-0.1082767174,"a,e"
Shanghai,Height,18,-0.1536338031,"a,e"
Shanghai,Height,15,-0.07080262899,"a,e"
Wuhan,Height,15,-0.08837844431,"a,e"
Wuhan,Height,36,0.3338567019,"a,e"
Beijing,Height,18,-0.176093787,"a,e"
Beijing,Height,78,0.6740148664,"a,e"
Shanghai,Height,9,-0.3239342272,"a,e"
Wuhan,Height,15,-0.1075074673,"a,e"
Shanghai,Height,9,-0.2222450376,"a,e"
Wuhan,Height,15,-0.1648002863,"a,e"
Guangzhou,Height,9,-0.3320996165,"a,e"
Shanghai,Height,18,-0.1771018207,"a,e"
Beijing,Height,39,0.3215629756,"a,e"
Shanghai,Height,15,-0.1542227119,"a,e"
Shanghai,Height,9,-0.2055530399,"a,e"
Guangzhou,Height,9,-0.4359712601,"a,e"
Wuhan,Height,24,0.1370268166,"a,e"
Beijing,Height,9,-0.223138839,"a,e"
Beijing,Height,21,0.4835346043,"a,e"
Wuhan,Height,18,-0.1938542873,"a,e"
Wuhan,Height,48,0.2478177249,"a,e"
Shanghai,Height,9,-0.3321476579,"a,e"
Shanghai,Height,18,-0.1145293936,"a,e"
Wuhan,Height,15,-0.1788839102,"a,e"
Shanghai,Height,18,-0.168012768,"a,e"
Shanghai,Height,48,0.3931401968,"a,e"
Wuhan,Height,9,-0.3760378361,"a,e"
Shanghai,Height,6,-0.2498320192,"a,e"
Shanghai,Height,24,0.1111947894,"a,e"
Shanghai,Height,6,-0.1426139027,"a,e"
Guangzhou,Height,15,-0.0672672689,"a,e"
Guangzhou,Height,27,0.3278693855,"a,e"
Wuhan,Height,9,-0.383210361,"a,e"
Shanghai,Height,6,-0.3444737494,"a,e"
Wuhan,Height,42,0.1497813761,"a,e"
Shanghai,Height,15,-0.1448259056,"a,e"
Shanghai,Height,9,-0.2812117636,"a,e"
Shanghai,Height,21,-0.03794272989,"a,e"
Guangzhou,Height,9,-0.5341271162,"a,e"
Shanghai,Height,18,-0.1502302736,"a,e"
Shanghai,Height,15,-0.1333194375,"a,e"
Shanghai,Height,15,-0.1917852759,"a,e"
Guangzhou,Height,9,-0.3763362765,"a,e"
Shanghai,Height,9,-0.359521091,"a,e"
Shanghai,Height,18,-0.144594565,"a,e"
Beijing,Height,21,0.1958519816,"a,e"
Beijing,Height,9,-0.3736021519,"a,e"
Wuhan,Height,30,0.4092078209,"a,e"
Beijing,Height,9,-0.3406121135,"a,e"
Shanghai,Height,33,0.1537703723,"a,e"
Shanghai,Height,12,-0.279574573,"a,e"
Shanghai,Height,18,-0.127905637,"a,e"
Shanghai,Height,39,0.2751561403,"a,e"
Guangzhou,Height,12,-0.3534635603,"a,e"
Shanghai,Height,12,-0.2373730838,"a,e"
Shanghai,Height,9,-0.335485518,"a,e"
Shanghai,Height,15,-0.05999117345,"a,e"
Guangzhou,Height,18,0.0848659426,"a,e"
Shanghai,Height,9,-0.3148946762,"a,e"
Shanghai,Height,9,-0.2892549038,"a,e"
Shanghai,Height,6,-0.2877190709,"a,e"
Shanghai,Height,75,0.225558266,"a,e"
Beijing,Height,15,-0.1885279268,"a,e"
Shanghai,Height,12,-0.2885672152,"a,e"
Wuhan,Height,21,-0.03931552172,"a,e"
Beijing,Height,18,-0.06504295766,"a,e"
Wuhan,Height,12,-0.1381821334,"a,e"
Shanghai,Height,18,-0.108702682,"a,e"
Beijing,Height,60,0.1403528005,"a,e"
Wuhan,Height,18,-0.2190229297,"a,e"
Shanghai,Height,9,-0.5149582624,"a,e"
Shanghai,Height,15,-0.1449237913,"a,e"
Shanghai,Height,18,-0.05343688652,"a,e"
Guangzhou,Height,48,0.299228698,"a,e"
Beijing,Height,39,0.2537654042,"a,e"
Shanghai,Height,9,-0.4510031641,"a,e"
Beijing,Height,18,-0.03105589561,"a,e"
Shanghai,Height,18,-0.02358354814,"a,e"
Shanghai,Height,24,0.1043452844,"a,e"
Shanghai,Height,18,-0.122579284,"a,e"
Shanghai,Height,6,-0.206932649,"a,e"
Shanghai,Height,30,0.2716567218,"a,e"
Shanghai,Height,15,-0.1410352588,"a,e"
Shanghai,Height,18,-0.1024559885,"a,e"
Beijing,Height,42,0.233558774,"a,e"
Wuhan,Height,51,0.2165315747,"a,e"
Beijing,Height,51,0.353274256,"a,e"
Shanghai,Height,18,-0.02141714841,"a,e"
Wuhan,Height,9,-0.2070645988,"a,e"
Shanghai,Height,9,-0.4299301803,"a,e"
Wuhan,Height,15,-0.1369311363,"a,e"
Shanghai,Height,18,-0.1800200939,"a,e"
Guangzhou,Height,48,0.3804183304,"a,e"
Wuhan,Height,24,0.1427471191,"a,e"
Beijing,Height,15,-0.04735971615,"a,e"
Shanghai,Height,9,-0.3343377113,"a,e"
Wuhan,Height,21,0.04349616915,"a,e"
Beijing,Height,48,0.3046948016,"a,e"
Wuhan,Height,12,-0.1957097799,"a,e"
Beijing,Height,30,0.3421437442,"a,e"
Wuhan,Height,15,-0.06282418221,"a,e"
Wuhan,Height,21,-0.1274062246,"a,e"
Guangzhou,Height,15,-0.1127641201,"a,e"
Shanghai,Height,9,-0.1442547143,"a,e"
Shanghai,Height,9,-0.2309401482,"a,e"
Shanghai,Height,18,-0.1597805619,"a,e"
Wuhan,Height,18,-0.1672628671,"a,e"
Beijing,Height,18,-0.1106973961,"a,e"
Guangzhou,Height,9,-0.4139706492,"a,e"
Shanghai,Height,6,-0.1621271223,"a,e"
Guangzhou,Height,15,-0.09667958319,"a,e"
Shanghai,Height,9,-0.3435828686,"a,e"
Shanghai,Height,18,-0.1777481288,"a,e"
Shanghai,Height,9,-0.341738373,"a,e"
Shanghai,Height,12,-0.4267837107,"a,e"
Wuhan,Height,15,-0.143679142,"a,e"
Shanghai,Height,60,0.4453436434,"a,e"
Shanghai,Height,15,-0.1177275404,"a,e"
Shanghai,Height,9,-0.3494278193,"a,e"
Wuhan,Height,18,-0.1791172773,"a,e"
Shanghai,Height,30,0.2540086508,"a,e"
Shanghai,Height,9,-0.3673869073,"a,e"
Guangzhou,Height,30,0.2535923123,"a,e"
Wuhan,Height,78,0.7975336313,"a,e"
Shanghai,Height,18,-0.1781317145,"a,e"
Shanghai,Height,9,-0.3478575647,"a,e"
Shanghai,Height,18,-0.2212441415,"a,e"
Wuhan,Height,6,-0.3607659042,"a,e"
Beijing,Height,54,0.3458982408,"a,e"
Shanghai,Height,9,-0.329000771,"a,e"
Shanghai,Height,30,0.214832589,"a,e"
Wuhan,Height,18,-0.2304943353,"a,e"
Wuhan,Height,18,-0.0805478245,"a,e"
Wuhan,Height,24,0.1321066916,"a,e"
Guangzhou,Height,9,-0.4877808392,"a,e"
Wuhan,Height,36,0.3012254834,"a,e"
Wuhan,Height,15,-0.2200265527,"a,e"
Beijing,Height,9,-0.2750546634,"a,e"
Shanghai,Height,9,-0.2590792477,"a,e"
Shanghai,Height,21,-0.02596195228,"a,e"
Shanghai,Height,9,-0.3100821972,"a,e"
Shanghai,Height,45,0.3580474854,"a,e"
Shanghai,Height,36,0.1014932841,"a,e"
Beijing,Height,72,0.1902539432,"a,e"
Beijing,Height,9,-0.3448254168,"a,e"
Guangzhou,Height,30,0.1543215811,"a,e"
Shanghai,Height,30,0.3315007985,"a,e"
Shanghai,Height,15,-0.05352061987,"a,e"
Shanghai,Height,9,-0.4373414218,"a,e"
Shanghai,Height,18,-0.1465037316,"a,e"
Wuhan,Height,12,-0.1972296387,"a,e"
Guangzhou,Height,12,-0.2479624599,"a,e"
Guangzhou,Height,36,0.2706509531,"a,e"
Shanghai,Height,9,-0.1923934072,"a,e"
Shanghai,Height,24,0.103258498,"a,e"
Shanghai,Height,15,-0.1126143858,"a,e"
Wuhan,Height,18,-0.08983974904,"a,e"
Shanghai,Height,9,-0.383795768,"a,e"
Guangzhou,Height,12,-0.3315203488,"a,e"
Shanghai,Height,15,-0.08040505648,"a,e"
Shanghai,Height,15,-0.165204525,"a,e"
Shanghai,Height,9,-0.2269957215,"a,e"
Beijing,Height,15,-0.300404042,"a,e"
Shanghai,Height,15,-0.249480173,"a,e"
Guangzhou,Height,9,-0.4722713828,"a,e"
Shanghai,Height,18,-0.04721957445,"a,e"
Beijing,Height,12,-0.329297334,"a,e"
Guangzhou,Height,45,0.1774722934,"a,e"
Beijing,Height,36,0.1883919835,"a,e"
Wuhan,Height,30,0.206353426,"a,e"
Beijing,Height,9,-0.2810813189,"a,e"
Shanghai,Height,18,-0.1849024743,"a,e"
Shanghai,Height,21,-0.02893493138,"a,e"
Shanghai,Height,18,-0.09676673263,"a,e"
Wuhan,Height,9,-0.3264294267,"a,e"
Shanghai,Height,24,0.1637051553,"a,e"
Guangzhou,Height,12,-0.2400090843,"a,e"
Shanghai,Height,18,-0.1286348552,"a,e"
Beijing,Height,84,0.5362836123,"a,e"
Wuhan,Height,15,-0.1667872965,"a,e"
Shanghai,Height,18,-0.171615988,"a,e"
Shanghai,Height,33,0.1893991083,"a,e"
Shanghai,Height,9,-0.3975160718,"a,e"
Guangzhou,Height,45,0.2015119195,"a,e"
Shanghai,Height,30,0.224036932,"a,e"
Shanghai,Height,6,-0.2439528257,"a,e"
Wuhan,Height,12,-0.2355072349,"a,e"
Shanghai,Height,9,-0.2246455103,"a,e"
Shanghai,Height,18,-0.08552391827,"a,e"
Shanghai,Height,6,-0.4321298897,"a,e"
Shanghai,Height,9,-0.3897328973,"a,e"
Shanghai,Height,18,-0.1002956703,"a,e"
Wuhan,Height,15,-0.2348020077,"a,e"
Shanghai,Height,18,-0.06919103861,"a,e"
Beijing,Height,21,0.3239962459,"a,e"
Shanghai,Height,18,-0.1661224961,"a,e"
Shanghai,Height,18,-0.08501528203,"a,e"
Beijing,Height,33,0.2606461942,"a,e"
Guangzhou,Height,9,-0.4546031356,"a,e"
Wuhan,Height,15,-0.1378975213,"a,e"
Shanghai,Height,12,-0.3374506533,"a,e"
Wuhan,Height,21,-0.00769414939,"a,e"
Shanghai,Height,9,-0.3790051043,"a,e"
Wuhan,Height,21,-0.06314470619,"a,e"
Shanghai,Height,30,0.2430642247,"a,e"
Wuhan,Height,48,0.3797082603,"a,e"
Wuhan,Height,12,-0.2238241136,"a,e"
Shanghai,Height,21,-0.0303782206,"a,e"
Shanghai,Height,15,-0.1647140682,"a,e"
Shanghai,Height,18,-0.1271097958,"a,e"
Shanghai,Height,33,0.2484021038,"a,e"
Shanghai,Height,9,-0.2502350211,"a,e"
Shanghai,Height,21,-0.01682597026,"a,e"
Shanghai,Height,24,0.1431787908,"a,e"
Shanghai,Height,36,0.322054565,"a,e"
Shanghai,Height,39,0.301759392,"a,e"
Shanghai,Height,12,-0.2366848141,"a,e"
Wuhan,Height,12,-0.2836472094,"a,e"
Shanghai,Height,15,-0.05672420189,"a,e"
Guangzhou,Height,12,-0.2785405815,"a,e"
Shanghai,Height,9,-0.1764594465,"a,e"
Guangzhou,Height,21,0.3351630569,"a,e"
Beijing,Height,27,0.1224837899,"a,e"
Shanghai,Height,18,-0.2368000299,"a,e"
Guangzhou,Height,9,-0.4024922252,"a,e"
Wuhan,Height,21,-0.03856511414,"a,e"
Wuhan,Height,15,-0.1863407791,"a,e"
Shanghai,Height,9,-0.2768383622,"a,e"
Wuhan,Height,48,0.3819130659,"a,e"
Shanghai,Height,18,-0.1559476554,"a,e"
Guangzhou,Height,30,0.1338611692,"a,e"
Shanghai,Height,9,-0.3754583895,"a,e"
Wuhan,Height,12,-0.1914271861,"a,e"
Wuhan,Height,15,-0.07954008877,"a,e"
Shanghai,Height,36,0.2603464127,"a,e"
Beijing,Height,78,0.7862713933,"a,e"
Shanghai,Height,9,-0.1271191239,"a,e"
Wuhan,Height,33,0.09480509907,"a,e"
Shanghai,Height,18,-0.1534088403,"a,e"
Wuhan,Height,30,0.1155126691,"a,e"
Wuhan,Height,18,-0.1640520692,"a,e"
Wuhan,Height,21,0.08481046557,"a,e"
Beijing,Height,21,0.1333130002,"a,e"
Beijing,Height,15,-0.2454175949,"a,e"
Wuhan,Height,9,-0.1685674191,"a,e"
Wuhan,Height,30,0.05854348466,"a,e"
Shanghai,Height,18,-0.2016541213,"a,e"
Shanghai,Height,9,-0.3472344875,"a,e"
Shanghai,Height,18,-0.1115558296,"a,e"
Shanghai,Height,15,-0.1663463861,"a,e"
Shanghai,Height,12,-0.2343709469,"a,e"
Shanghai,Height,9,-0.3530599773,"a,e"
Guangzhou,Height,9,-0.4221110642,"a,e"
Shanghai,Height,15,-0.06441969424,"a,e"
Shanghai,Height,45,0.1776611209,"a,e"
Shanghai,Height,18,-0.1945344359,"a,e"
Wuhan,Height,9,-0.3019419312,"a,e"
Shanghai,Height,18,-0.09496407956,"a,e"
Shanghai,Height,6,-0.3317547739,"a,e"
Shanghai,Height,18,-0.1645754874,"a,e"
Shanghai,Height,18,-0.2780001462,"a,e"
Shanghai,Height,18,-0.03472032025,"a,e"
Shanghai,Height,24,-0.03716728464,"a,e"
Guangzhou,Height,12,-0.2539978921,"a,e"
Shanghai,Height,18,-0.03999008238,"a,e"
Shanghai,Height,6,-0.2168823034,"a,e"
Wuhan,Height,21,-0.05718648806,"a,e"
Wuhan,Height,12,-0.1305455416,"a,e"
Shanghai,Height,24,0.1420596242,"a,e"
Beijing,Height,24,0.001510858769,"a,e"
Shanghai,Height,6,-0.2993032932,"a,e"
Wuhan,Height,18,-0.2219807506,"a,e"
Shanghai,Height,15,-0.1933665127,"a,e"
Shanghai,Height,12,-0.2136051804,"a,e"
Shanghai,Height,9,-0.3464591801,"a,e"
Shanghai,Height,36,0.3359012604,"a,e"
Shanghai,Height,15,-0.1252309084,"a,e"
Wuhan,Height,21,-0.06766280532,"a,e"
Shanghai,Height,18,-0.1188735738,"a,e"
Shanghai,Height,18,-0.2134200931,"a,e"
Guangzhou,Height,21,0.006485257298,"a,e"
Shanghai,Height,12,-0.1842467189,"a,e"
Shanghai,Height,18,-0.05186435208,"a,e"
Wuhan,Height,24,0.274268657,"a,e"
Shanghai,Height,21,0.02529964782,"a,e"
Beijing,Height,36,0.2149111181,"a,e"
Shanghai,Height,15,-0.1427191496,"a,e"
Shanghai,Height,18,-0.08862784505,"a,e"
Wuhan,Height,24,0.1816151291,"a,e"
Shanghai,Height,18,-0.1146008149,"a,e"
Beijing,Height,18,-0.1557605416,"a,e"
Beijing,Height,18,-0.2052291036,"a,e"
Shanghai,Height,9,-0.3202509582,"a,e"
Guangzhou,Height,9,-0.424665451,"a,e"
Wuhan,Height,84,0.937792182,"a,e"
Shanghai,Height,9,-0.3600063324,"a,e"
Shanghai,Height,12,-0.2642609775,"a,e"
Shanghai,Height,12,-0.1737738699,"a,e"
Guangzhou,Height,9,-0.3599362373,"a,e"
Shanghai,Height,9,-0.3380686939,"a,e"
Shanghai,Height,9,-0.3271448612,"a,e"
Guangzhou,Height,9,-0.3397753537,"a,e"
Shanghai,Height,9,-0.3283946812,"a,e"
Beijing,Height,18,-0.07286136597,"a,e"
Wuhan,Height,9,-0.3862871826,"a,e"
Guangzhou,Height,18,-0.09136726707,"a,e"
Shanghai,Height,9,-0.4238853157,"a,e"
Guangzhou,Height,12,-0.2954163551,"a,e"
Shanghai,Height,9,-0.22756657,"a,e"
Shanghai,Height,12,-0.2412841469,"a,e"
Guangzhou,Height,36,0.2388785928,"a,e"
Wuhan,Height,21,-0.1265625656,"a,e"
Shanghai,Height,12,-0.3007792234,"a,e"
Beijing,Height,18,-0.1957675666,"a,e"
Shanghai,Height,18,-0.1296904832,"a,e"
Wuhan,Height,18,-0.1639691293,"a,e"
Wuhan,Height,33,0.1809098274,"a,e"
Guangzhou,Height,18,-0.1704404652,"a,e"
Wuhan,Height,60,0.3148883879,"a,e"
Beijing,Height,9,-0.2582157254,"a,e"
Beijing,Height,18,-0.1925372332,"a,e"
Wuhan,Height,18,-0.05763479695,"a,e"
Wuhan,Height,9,-0.2202873826,"a,e"
Wuhan,Height,9,-0.4113867879,"a,e"
Shanghai,Height,9,-0.2283735126,"a,e"
Beijing,Height,18,-0.04716460034,"a,e"
Shanghai,Height,9,-0.3699342012,"a,e"
Shanghai,Height,12,-0.1830143481,"a,e"
Guangzhou,Height,30,0.1552019715,"a,e"
Guangzhou,Height,9,-0.428252399,"a,e"
Beijing,Height,15,-0.1695979238,"a,e"
Shanghai,Height,15,-0.2375598401,"a,e"
Shanghai,Height,18,-0.09305849671,"a,e"
Shanghai,Height,18,-0.09682428837,"a,e"
Shanghai,Height,18,-0.1094336584,"a,e"
Wuhan,Height,24,0.1762905419,"a,e"
Wuhan,Height,18,-0.02380211838,"a,e"
Beijing,Height,18,-0.2038906217,"a,e"
Shanghai,Height,36,0.2771838009,"a,e"
Shanghai,Height,18,-0.1712524593,"a,e"
Shanghai,Height,18,-0.1764226407,"a,e"
Shanghai,Height,12,-0.2649686038,"a,e"
Shanghai,Height,12,-0.2370007336,"a,e"
Beijing,Height,24,0.1368807852,"a,e"
Beijing,Height,36,0.2188544124,"a,e"
Shanghai,Height,9,-0.2794578075,"a,e"
Beijing,Height,24,0.06546442956,"a,e"
Guangzhou,Height,9,-0.3794273734,"a,e"
Shanghai,Height,18,-0.1862751991,"a,e"
Shanghai,Height,9,-0.3231666088,"a,e"
Shanghai,Height,15,-0.0534241125,"a,e"
Shanghai,Height,9,-0.287389189,"a,e"
Shanghai,Height,18,-0.1349131018,"a,e"
Wuhan,Height,36,0.1655701846,"a,e"
Shanghai,Height,9,-0.3876193166,"a,e"
Shanghai,Height,15,-0.09170491248,"a,e"
Beijing,Height,18,-0.1269063205,"a,e"
Shanghai,Height,9,-0.2935615778,"a,e"
Shanghai,Height,15,-0.03545891494,"a,e"
Shanghai,Height,12,-0.2740443945,"a,e"
Guangzhou,Height,12,-0.2920108736,"a,e"
Guangzhou,Height,9,-0.4305122495,"a,e"
Shanghai,Height,15,-0.1090068817,"a,e"
Beijing,Height,15,-0.2844521999,"a,e"
Shanghai,Height,18,-0.1291605979,"a,e"
Shanghai,Height,9,-0.3840657175,"a,e"
Shanghai,Height,9,-0.1490973085,"a,e"
Shanghai,Height,63,0.3900414407,"a,e"
Guangzhou,Height,9,-0.4614296556,"a,e"
Shanghai,Height,18,-0.1491229832,"a,e"
Beijing,Height,12,-0.2057729214,"a,e"
Beijing,Height,21,-0.0698678121,"a,e"
Wuhan,Height,15,-0.05405743048,"a,e"
Wuhan,Height,9,-0.298779279,"a,e"
Shanghai,Height,12,-0.2570125461,"a,e"
Wuhan,Height,12,-0.03259894252,"a,e"
Shanghai,Height,21,-0.09896622598,"a,e"
Guangzhou,Height,18,0.1441614926,"a,e"
Shanghai,Height,21,0.3039833009,"a,e"
Wuhan,Height,15,-0.2103236318,"a,e"
Beijing,Height,9,-0.2226584554,"a,e"
Shanghai,Height,9,-0.2636199892,"a,e"
Beijing,Height,15,-0.09847684205,"a,e"
Shanghai,Height,18,-0.1658944637,"a,e"
Shanghai,Height,9,-0.3694765866,"a,e"
Shanghai,Height,18,-0.2057222575,"a,e"
Shanghai,Height,18,-0.1589195877,"a,e"
Beijing,Height,33,0.1129850671,"a,e"
Shanghai,Height,18,-0.07597459108,"a,e"
Shanghai,Height,18,-0.08343662322,"a,e"
Shanghai,Height,33,0.2317400724,"a,e"
Guangzhou,Height,30,0.2303620279,"a,e"
Shanghai,Height,9,-0.3423104882,"a,e"
Beijing,Height,21,0.02051027119,"a,e"
Shanghai,Height,21,-0.0384362638,"a,e"
Guangzhou,Height,9,-0.3932977915,"a,e"
Shanghai,Height,9,-0.3006537557,"a,e"
Guangzhou,Height,9,-0.3809202909,"a,e"
Shanghai,Height,18,-0.1788991094,"a,e"
Wuhan,Height,9,-0.4699425101,"a,e"
Shanghai,Height,18,-0.06393988431,"a,e"
Wuhan,Height,54,0.4299511313,"a,e"
Shanghai,Height,15,-0.06383383274,"a,e"
Shanghai,Height,18,-0.1896771044,"a,e"
Shanghai,Height,24,0.09276982397,"a,e"
Shanghai,Height,18,-0.07893270254,"a,e"
Shanghai,Height,12,-0.2048641443,"a,e"
Wuhan,Height,15,-0.1801134944,"a,e"
Shanghai,Height,18,-0.1562133878,"a,e"
Shanghai,Height,18,-0.2015425116,"a,e"
Shanghai,Height,18,-0.1691242009,"a,e"
Wuhan,Height,18,-0.06888397783,"a,e"
Shanghai,Height,9,-0.3337756693,"a,e"
Beijing,Height,18,-0.1468269825,"a,e"
Shanghai,Height,18,-0.1913783699,"a,e"
Shanghai,Height,18,-0.1912304759,"a,e"
Guangzhou,Height,33,0.1909457743,"a,e"
Shanghai,Height,9,-0.3683242202,"a,e"
Shanghai,Height,9,-0.3743855953,"a,e"
Shanghai,Height,15,-0.09236420691,"a,e"
Shanghai,Height,45,0.1459983736,"a,e"
Shanghai,Height,36,0.2878898382,"a,e"
Wuhan,Height,15,-0.09005976468,"a,e"
Shanghai,Height,51,0.2878993154,"a,e"
Beijing,Height,15,-0.2844447792,"a,e"
Beijing,Height,9,-0.3195801377,"a,e"
Wuhan,Height,18,-0.1393234283,"a,e"
Shanghai,Height,21,-0.07667566091,"a,e"
Wuhan,Height,24,0.2197987288,"a,e"
Wuhan,Height,18,-0.1525289416,"a,e"
Guangzhou,Height,16,-0.1235432103,"a,e"
Shanghai,Height,9,-0.267724365,"a,e"
Shanghai,Height,9,-0.3579213917,"a,e"
Shanghai,Height,9,-0.3528275788,"a,e"
Shanghai,Height,18,-0.2146228552,"a,e"
Wuhan,Height,24,0.1303253174,"a,e"
Wuhan,Height,54,0.3375377953,"a,e"
Wuhan,Height,84,0.9296268821,"a,e"
Wuhan,Height,36,0.2198200077,"a,e"
Shanghai,Height,18,-0.1209306568,"a,e"
Wuhan,Height,12,-0.128324002,"a,e"
Wuhan,Height,15,-0.06187760457,"a,e"
Shanghai,Height,18,-0.05743380636,"a,e"
Shanghai,Height,24,0.122732982,"a,e"
Beijing,Height,24,0.1382449269,"a,e"
Wuhan,Height,72,0.2560624182,"a,e"
Shanghai,Height,21,0.05645520613,"a,e"
Beijing,Height,18,-0.2374590039,"a,e"
Shanghai,Height,30,0.1479723006,"a,e"
Shanghai,Height,12,-0.2255753875,"a,e"
Beijing,Height,72,0.478394717,"a,e"
Shanghai,Height,15,-0.1201957762,"a,e"
Wuhan,Height,45,0.202764526,"a,e"
Shanghai,Height,18,-0.2453489006,"a,e"
Shanghai,Height,18,-0.1797718257,"a,e"
Wuhan,Height,18,-0.1331282854,"a,e"
Shanghai,Height,15,-0.1578063369,"a,e"
Shanghai,Height,75,0.600522697,"a,e"
Shanghai,Height,15,-0.18145518,"a,e"
Shanghai,Height,60,0.4366704524,"a,e"
Wuhan,Height,15,-0.2212070674,"a,e"
Guangzhou,Height,30,0.1060344279,"a,e"
Shanghai,Height,18,-0.05558367819,"a,e"
Shanghai,Height,18,-0.1291450411,"a,e"
Wuhan,Height,18,-0.2050777972,"a,e"
Wuhan,Height,18,-0.1623535603,"a,e"
Beijing,Height,6,-0.2657289207,"a,e"
Shanghai,Height,9,-0.2838788629,"a,e"
Shanghai,Height,15,-0.1901410967,"a,e"
Wuhan,Height,45,0.3014735281,"a,e"
Shanghai,Height,9,-0.3487719893,"a,e"
Beijing,Height,9,-0.2720782757,"a,e"
Shanghai,Height,21,-0.1029475257,"a,e"
Shanghai,Height,18,-0.1199932769,"a,e"
Beijing,Height,15,-0.107278958,"a,e"
Shanghai,Height,12,-0.2318742126,"a,e"
Shanghai,Height,6,-0.3771309853,"a,e"
Shanghai,Height,6,-0.2018627226,"a,e"
Shanghai,Height,18,-0.1692698598,"a,e"
Wuhan,Height,33,0.08850931376,"a,e"
Beijing,Height,21,0.0253267996,"a,e"
Shanghai,Height,24,0.121391736,"a,e"
Shanghai,Height,21,0.2653100193,"a,e"
Shanghai,Height,48,0.3246129453,"a,e"
Shanghai,Height,18,-0.08928322047,"a,e"
Wuhan,Height,15,-0.1496388614,"a,e"
Shanghai,Height,9,-0.2198213488,"a,e"
Shanghai,Height,9,-0.08885762095,"a,e"
Shanghai,Height,18,-0.1745143235,"a,e"
Guangzhou,Height,9,-0.5123749971,"a,e"
Shanghai,Height,18,-0.1773099303,"a,e"
Shanghai,Height,18,-0.1598352045,"a,e"
Shanghai,Height,18,-0.2010296136,"a,e"
Wuhan,Height,18,-0.1589630246,"a,e"
Guangzhou,Height,9,-0.456703335,"a,e"
Beijing,Height,18,-0.02283098176,"a,e"
Shanghai,Height,18,-0.1575976759,"a,e"
Shanghai,Height,18,-0.1074083522,"a,e"
Shanghai,Height,9,-0.372338295,"a,e"
Guangzhou,Height,18,-0.05578714982,"a,e"
Shanghai,Height,9,-0.3907115161,"a,e"
Shanghai,Height,6,-0.2851273715,"a,e"
Shanghai,Height,18,-0.03145088255,"a,e"
Beijing,Height,30,0.2206649184,"a,e"
Beijing,Height,45,0.2435470223,"a,e"
Shanghai,Height,12,-0.2089808583,"a,e"
Wuhan,Height,18,-0.2383249253,"a,e"
Shanghai,Height,18,-0.1622280329,"a,e"
Shanghai,Height,9,-0.2624361217,"a,e"
Beijing,Height,24,0.2760021985,"a,e"
Wuhan,Height,18,-0.2248212397,"a,e"
Wuhan,Height,18,-0.1682587415,"a,e"
Shanghai,Height,9,-0.3937321603,"a,e"
Shanghai,Height,15,-0.1890973896,"a,e"
Beijing,Height,18,-0.1848391593,"a,e"
Shanghai,Height,18,-0.1069918945,"a,e"
Shanghai,Height,72,0.3094380498,"a,e"
Guangzhou,Height,18,-0.1933562756,"a,e"
Wuhan,Height,15,-0.1555390507,"a,e"
Shanghai,Height,15,-0.1487564147,"a,e"
Shanghai,Height,9,-0.3189918399,"a,e"
Wuhan,Height,36,0.2687162161,"a,e"
Shanghai,Height,42,0.3244950771,"a,e"
Shanghai,Height,12,-0.2437603623,"a,e"
Wuhan,Height,36,0.248026073,"a,e"
Beijing,Height,51,0.1486919671,"a,e"
Beijing,Height,12,-0.2021455318,"a,e"
Wuhan,Height,9,-0.2926822007,"a,e"
Wuhan,Height,18,-0.09892614186,"a,e"
Guangzhou,Height,9,-0.4041405916,"a,e"
Beijing,Height,9,-0.3882104158,"a,e"
Beijing,Height,21,-0.008000358939,"a,e"
Shanghai,Height,9,-0.4532358348,"a,e"
Guangzhou,Height,9,-0.3658268452,"a,e"
Shanghai,Height,18,-0.1647896022,"a,e"
Beijing,Height,15,-0.2527801394,"a,e"
Shanghai,Height,18,-0.1032748073,"a,e"
Shanghai,Height,18,-0.1675448865,"a,e"
Wuhan,Height,54,0.2380796373,"a,e"
Beijing,Height,9,-0.2269079387,"a,e"
Guangzhou,Height,12,-0.2281969935,"a,e"
Shanghai,Height,18,-0.1214663982,"a,e"
Guangzhou,Height,15,-0.05768921599,"a,e"
Shanghai,Height,18,-0.05624602735,"a,e"
Wuhan,Height,60,0.2510642707,"a,e"
Shanghai,Height,6,-0.1772723943,"a,e"
Wuhan,Height,18,-0.08803381026,"a,e"
Shanghai,Height,9,-0.2598697245,"a,e"
Shanghai,Height,18,-0.2071381956,"a,e"
Shanghai,Height,18,-0.1704655439,"a,e"
Shanghai,Height,27,0.1173076704,"a,e"
Wuhan,Height,15,-0.1723899543,"a,e"
Beijing,Height,36,0.1591341794,"a,e"
Guangzhou,Height,9,-0.3732950091,"a,e"
Guangzhou,Height,9,-0.3445921838,"a,e"
Wuhan,Height,18,-0.187632665,"a,e"
Shanghai,Height,9,-0.2447127849,"a,e"
Shanghai,Height,12,-0.4052658081,"a,e"
Shanghai,Height,30,0.2492202967,"a,e"
Wuhan,Height,15,-0.1553090513,"a,e"
Guangzhou,Height,15,-0.1693241,"a,e"
Beijing,Height,30,0.2328165323,"a,e"
Wuhan,Height,45,0.4018315077,"a,e"
Shanghai,Height,15,-0.1184680909,"a,e"
Shanghai,Height,33,0.1357138455,"a,e"
Shanghai,Height,24,0.3932199478,"a,e"
Wuhan,Height,42,0.4545143843,"a,e"
Shanghai,Height,36,0.2854137123,"a,e"
Wuhan,Height,18,-0.1485212296,"a,e"
Shanghai,Height,9,-0.3439000547,"a,e"
Shanghai,Height,9,-0.4285157025,"a,e"
Shanghai,Height,9,-0.2813568115,"a,e"
Shanghai,Height,6,-0.3529582918,"a,e"
Beijing,Height,18,-0.1773495376,"a,e"
Shanghai,Height,27,0.1742237359,"a,e"
Wuhan,Height,18,-0.2207178771,"a,e"
Shanghai,Height,15,-0.1835002005,"a,e"
Wuhan,Height,12,-0.2137072086,"a,e"
Guangzhou,Height,18,-0.06833923608,"a,e"
Shanghai,Height,18,-0.08571228385,"a,e"
Beijing,Height,24,-0.07855153084,"a,e"
Wuhan,Height,12,-0.2261897624,"a,e"
Shanghai,Height,30,0.2266128659,"a,e"
Guangzhou,Height,9,-0.4437214434,"a,e"
Shanghai,Height,15,-0.04280099273,"a,e"
Beijing,Height,9,-0.3269172609,"a,e"
Shanghai,Height,9,-0.3334703147,"a,e"
Guangzhou,Height,9,-0.3285295963,"a,e"
Beijing,Height,15,-0.2870623469,"a,e"
Shanghai,Height,15,-0.1441382021,"a,e"
Shanghai,Height,15,-0.08855739981,"a,e"
Shanghai,Height,9,-0.2510900497,"a,e"
Shanghai,Height,15,-0.111700125,"a,e"
Guangzhou,Height,60,0.2408734262,"a,e"
Wuhan,Height,18,-0.2161785066,"a,e"
Shanghai,Height,18,-0.07943452895,"a,e"
Shanghai,Height,75,0.7820256352,"a,e"
Beijing,Height,9,-0.3337811232,"a,e"
Shanghai,Height,15,-0.1313598454,"a,e"
Shanghai,Height,36,0.1970017701,"a,e"
Wuhan,Height,18,-0.06980643421,"a,e"
Shanghai,Height,18,-0.1776591092,"a,e"
Shanghai,Height,9,-0.3676941991,"a,e"
Wuhan,Height,18,-0.1790294945,"a,e"
Beijing,Height,21,0.06272847205,"a,e"
Wuhan,Height,9,-0.2995797396,"a,e"
Shanghai,Height,18,-0.26228109,"a,e"
Wuhan,Height,15,-0.151963219,"a,e"
Beijing,Height,60,0.1994631588,"a,e"
Beijing,Height,18,-0.088019602,"a,e"
Shanghai,Height,36,0.110397391,"a,e"
Shanghai,Height,18,-0.1704663634,"a,e"
Guangzhou,Height,15,-0.1258941889,"a,e"
Shanghai,Height,9,-0.2077949345,"a,e"
Shanghai,Height,51,0.5588856339,"a,e"
Shanghai,Height,9,-0.3803938031,"a,e"
Shanghai,Height,18,-0.09889439493,"a,e"
Beijing,Height,6,-0.3428146541,"a,e"
Shanghai,Height,15,-0.1580016464,"a,e"
Shanghai,Height,45,0.2488786131,"a,e"
Guangzhou,Height,9,-0.3886658549,"a,e"
Shanghai,Height,6,-0.1774478853,"a,e"
Shanghai,Height,18,-0.05802566186,"a,e"
Shanghai,Height,9,-0.3428919315,"a,e"
Shanghai,Height,18,-0.1388978362,"a,e"
Beijing,Height,66,0.3487744033,"a,e"
Shanghai,Height,9,-0.3472287953,"a,e"
Beijing,Height,39,0.1398520917,"a,e"
Guangzhou,Height,9,-0.3506803811,"a,e"
Shanghai,Height,18,-0.06879685819,"a,e"
Guangzhou,Height,9,-0.4084103107,"a,e"
Shanghai,Height,21,-0.1131948903,"a,e"
Shanghai,Height,33,0.3021523654,"a,e"
Shanghai,Height,6,-0.2059482187,"a,e"
Shanghai,Height,21,0.2316860855,"a,e"
Shanghai,Height,36,0.3374052942,"a,e"
Shanghai,Height,6,-0.2426622808,"a,e"
Wuhan,Height,36,0.1051557958,"a,e"
Shanghai,Height,42,0.2276102901,"a,e"
Shanghai,Height,18,-0.1535769552,"a,e"
Shanghai,Height,18,-0.1015505195,"a,e"
Beijing,Height,21,-0.03851268813,"a,e"
Shanghai,Height,18,-0.1553732753,"a,e"
Shanghai,Height,9,-0.449849993,"a,e"
Shanghai,Height,18,-0.1226853952,"a,e"
Shanghai,Height,18,-0.04008620605,"a,e"
Wuhan,Height,15,-0.06282835454,"a,e"
Shanghai,Height,18,-0.03575391695,"a,e"
Guangzhou,Height,15,-0.03668711334,"a,e"
Guangzhou,Height,9,-0.3975612521,"a,e"
Shanghai,Height,54,0.4566453695,"a,e"
Shanghai,Height,18,-0.07137344778,"a,e"
Shanghai,Height,18,-0.1896373034,"a,e"
Wuhan,Height,15,-0.1458950192,"a,e"
Shanghai,Height,18,-0.020357823,"a,e"
Shanghai,Height,54,0.4192230403,"a,e"
Shanghai,Height,15,-0.1128528565,"a,e"
Beijing,Height,18,-0.05967926979,"a,e"
Beijing,Height,9,-0.3239319026,"a,e"
Wuhan,Height,9,-0.2374552935,"a,e"
Beijing,Height,18,-0.1140469834,"a,e"
Shanghai,Height,6,-0.3575572968,"a,e"
Wuhan,Height,15,-0.08082322031,"a,e"
Beijing,Height,30,0.01182275545,"a,e"
Shanghai,Height,15,-0.0345030576,"a,e"
Guangzhou,Height,9,-0.3433091938,"a,e"
Shanghai,Height,18,-0.09886159748,"a,e"
Guangzhou,Height,45,0.2911551297,"a,e"
Shanghai,Height,18,-0.1581505537,"a,e"
Shanghai,Height,9,-0.2018495947,"a,e"
Shanghai,Height,75,0.5371428132,"a,e"
Beijing,Height,9,-0.4087843597,"a,e"
Guangzhou,Height,9,-0.4413430095,"a,e"
Shanghai,Height,18,-0.09096799791,"a,e"
Shanghai,Height,60,0.3585797846,"a,e"
Shanghai,Height,18,-0.1530352533,"a,e"
Shanghai,Height,24,0.241250053,"a,e"
Shanghai,Height,12,-0.3424236178,"a,e"
Beijing,Height,9,-0.2927081287,"a,e"
Guangzhou,Height,24,0.09178792685,"a,e"
Beijing,Height,15,0.0205168575,"a,e"
Beijing,Height,60,0.2924689054,"a,e"
Shanghai,Height,9,-0.3833617866,"a,e"
Shanghai,Height,21,-0.09974916279,"a,e"
Wuhan,Height,15,-0.186079815,"a,e"
Wuhan,Height,9,-0.3891498446,"a,e"
Guangzhou,Height,9,-0.2813818455,"a,e"
Shanghai,Height,6,-0.235684976,"a,e"
Shanghai,Height,36,0.3024298847,"a,e"
Shanghai,Height,9,-0.3414597809,"a,e"
Guangzhou,Height,15,-0.03208364919,"a,e"
Shanghai,Height,18,-0.1378087699,"a,e"
Shanghai,Height,9,-0.2049039751,"a,e"
Shanghai,Height,15,-0.1580574214,"a,e"
Guangzhou,Height,18,-0.00735655427,"a,e"
Shanghai,Height,21,0.04590858147,"a,e"
Shanghai,Height,24,0.0970261991,"a,e"
Shanghai,Height,6,-0.1554511189,"a,e"
Shanghai,Height,21,0.1354582906,"a,e"
Shanghai,Height,9,-0.3580744565,"a,e"
Wuhan,Height,54,0.3018841445,"a,e"
Beijing,Height,24,0.1384209245,"a,e"
Wuhan,Height,15,-0.2001895905,"a,e"
Shanghai,Height,9,-0.1907304376,"a,e"
Wuhan,Height,33,0.1265107542,"a,e"
Shanghai,Height,18,-0.2430372536,"a,e"
Shanghai,Height,18,-0.09817273915,"a,e"
Beijing,Height,9,-0.3209637105,"a,e"
Beijing,Height,24,0.05755413324,"a,e"
Shanghai,Height,18,-0.07835846394,"a,e"
Shanghai,Height,9,-0.310932219,"a,e"
Beijing,Height,18,-0.1379748881,"a,e"
Beijing,Height,18,-0.1170290709,"a,e"
Shanghai,Height,9,-0.3516784012,"a,e"
Guangzhou,Height,9,-0.4133909345,"a,e"
Shanghai,Height,6,-0.3776161373,"a,e"
Shanghai,Height,18,-0.2096731514,"a,e"
Shanghai,Height,18,-0.1840326041,"a,e"
Beijing,Height,12,-0.191262275,"a,e"
Shanghai,Height,24,0.1158995926,"a,e"
Beijing,Height,15,-0.06192157045,"a,e"
Shanghai,Height,18,-0.181309849,"a,e"
Shanghai,Height,18,-0.1613915116,"a,e"
Beijing,Height,30,0.3398146331,"a,e"
Shanghai,Height,6,-0.1696791798,"a,e"
Beijing,Height,30,0.1358427554,"a,e"
Shanghai,Height,15,-0.08461675048,"a,e"
Wuhan,Height,24,0.2394629717,"a,e"
Beijing,Height,15,-0.1352798343,"a,e"
Beijing,Height,72,0.229997769,"a,e"
Beijing,Height,9,-0.2801428735,"a,e"
Wuhan,Height,15,-0.2116650194,"a,e"
Beijing,Height,33,0.442183733,"a,e"
Wuhan,Height,15,-0.2203898132,"a,e"
Wuhan,Height,15,-0.07084137946,"a,e"
Wuhan,Height,15,-0.2860030532,"a,e"
Guangzhou,Height,9,-0.5887977481,"a,e"
Shanghai,Height,30,0.1991278976,"a,e"
Wuhan,Height,36,0.1632882655,"a,e"
Beijing,Height,9,-0.2742156982,"a,e"
Shanghai,Height,9,-0.3836853504,"a,e"
Shanghai,Height,18,-0.2160602063,"a,e"
Wuhan,Height,45,0.3123418093,"a,e"
Guangzhou,Height,9,-0.4455775023,"a,e"
Shanghai,Height,24,0.04379347712,"a,e"
Shanghai,Height,21,-0.02440799586,"a,e"
Shanghai,Height,15,-0.2835185528,"a,e"
Wuhan,Height,24,0.0109730633,"a,e"
Shanghai,Height,15,-0.1689635962,"a,e"
Guangzhou,Height,12,-0.3197577894,"a,e"
Shanghai,Height,18,-0.1009836271,"a,e"
Shanghai,Height,30,0.1534710228,"a,e"
Shanghai,Height,18,-0.1164567247,"a,e"
Shanghai,Height,18,-0.1684148461,"a,e"
Shanghai,Height,9,-0.5817885995,"a,e"
Guangzhou,Height,9,-0.417478025,"a,e"
Shanghai,Height,36,0.3645250797,"a,e"
Shanghai,Height,39,0.3542230129,"a,e"
Shanghai,Height,9,-0.2299613357,"a,e"
Beijing,Height,9,-0.2397537977,"a,e"
Wuhan,Height,30,0.157698378,"a,e"
Beijing,Height,6,-0.2699293494,"a,e"
Guangzhou,Height,9,-0.3658219576,"a,e"
Wuhan,Height,21,-0.01339990366,"a,e"
Shanghai,Height,18,-0.2377010435,"a,e"
Shanghai,Height,9,-0.280757159,"a,e"
Shanghai,Height,9,-0.3510549068,"a,e"
Shanghai,Height,18,-0.07992271334,"a,e"
Shanghai,Height,9,-0.3503407538,"a,e"
Shanghai,Height,18,-0.152185455,"a,e"
Guangzhou,Height,12,-0.3403033018,"a,e"
Shanghai,Height,24,0.2344416827,"a,e"
Shanghai,Height,18,-0.06535285711,"a,e"
Shanghai,Height,18,-0.118475765,"a,e"
Shanghai,Height,15,-0.136117667,"a,e"
Shanghai,Height,15,-0.2071873099,"a,e"
Beijing,Height,9,-0.3205941617,"a,e"
Shanghai,Height,21,-0.07126797736,"a,e"
Shanghai,Height,18,-0.1142409742,"a,e"
Guangzhou,Height,9,-0.4066024125,"a,e"
Guangzhou,Height,30,0.3957932889,"a,e"
Beijing,Height,12,-0.2330886871,"a,e"
Wuhan,Height,18,-0.1906217188,"a,e"
Shanghai,Height,9,-0.1450597793,"a,e"
Shanghai,Height,33,0.2859445512,"a,e"
Guangzhou,Height,9,-0.381646961,"a,e"
Shanghai,Height,42,0.1922757179,"a,e"
Guangzhou,Height,9,-0.4394197464,"a,e"
Shanghai,Height,15,-0.3012402654,"a,e"
Guangzhou,Height,9,-0.4184521735,"a,e"
Wuhan,Height,24,0.05811445415,"a,e"
Shanghai,Height,15,-0.1028171927,"a,e"
Shanghai,Height,18,-0.2799250484,"a,e"
Shanghai,Height,18,-0.1023254916,"a,e"
Shanghai,Height,54,0.4039513171,"a,e"
Beijing,Height,18,-0.08762098104,"a,e"
Shanghai,Height,36,0.2265107185,"a,e"
Shanghai,Height,18,-0.1856009513,"a,e"
Shanghai,Height,18,-0.1550750881,"a,e"
Wuhan,Height,18,-0.1145060435,"a,e"
Shanghai,Height,9,-0.3640934229,"a,e"
Guangzhou,Height,9,-0.3310309052,"a,e"
Beijing,Height,54,0.2612018585,"a,e"
Shanghai,Height,18,-0.1579292268,"a,e"
Wuhan,Height,15,-0.1381337941,"a,e"
Beijing,Height,21,-0.002936871257,"a,e"
Shanghai,Height,12,-0.1257097274,"a,e"
Shanghai,Height,18,-0.1796193272,"a,e"
Shanghai,Height,18,-0.08863519877,"a,e"
Shanghai,Height,12,-0.1943388283,"a,e"
Shanghai,Height,30,0.2120558172,"a,e"
Wuhan,Height,9,-0.3991089761,"a,e"
Guangzhou,Height,18,-0.07852939516,"a,e"
Wuhan,Height,21,0.01452865731,"a,e"
Shanghai,Height,9,-0.4872143269,"a,e"
Shanghai,Height,9,-0.3765412867,"a,e"
Shanghai,Height,18,-0.1960213482,"a,e"
Guangzhou,Height,36,0.1961880922,"a,e"
Shanghai,Height,15,-0.175069347,"a,e"
Shanghai,Height,9,-0.4471325278,"a,e"
Beijing,Height,21,0.003512292402,"a,e"
Beijing,Height,24,-0.03981358558,"a,e"
Guangzhou,Height,9,-0.2717236578,"a,e"
Wuhan,Height,9,-0.3136879802,"a,e"
Beijing,Height,24,0.01056514028,"a,e"
Shanghai,Height,36,0.2279618233,"a,e"
Guangzhou,Height,9,-0.3650858998,"a,e"
Beijing,Height,24,-0.007863181643,"a,e"
Beijing,Height,39,0.2659703493,"a,e"
Shanghai,Height,18,-0.1344168186,"a,e"
Shanghai,Height,39,0.3306822181,"a,e"
Shanghai,Height,18,-0.1618199199,"a,e"
Shanghai,Height,18,-0.1134785935,"a,e"
Shanghai,Height,9,-0.3705360591,"a,e"
Shanghai,Height,9,-0.3616738617,"a,e"
Shanghai,Height,9,-0.1504354775,"a,e"
Wuhan,Height,9,-0.3546372652,"a,e"
Beijing,Height,27,0.1811015457,"a,e"
Wuhan,Height,12,-0.1867655665,"a,e"
Shanghai,Height,9,-0.327170521,"a,e"
Wuhan,Height,9,-0.3207948506,"a,e"
Shanghai,Height,15,-0.2147723436,"a,e"
Shanghai,Height,18,-0.1214150861,"a,e"
Shanghai,Height,33,0.4338800609,"a,e"
Shanghai,Height,15,-0.319654882,"a,e"
Shanghai,Height,15,-0.1079398841,"a,e"
Wuhan,Height,27,0.2473232299,"a,e"
Shanghai,Height,9,-0.228708297,"a,e"
Shanghai,Height,12,-0.1924028695,"a,e"
Wuhan,Height,9,-0.3676838875,"a,e"
Beijing,Height,30,0.09868057817,"a,e"
Shanghai,Height,12,-0.1961237788,"a,e"
Shanghai,Height,15,-0.1615505666,"a,e"
Shanghai,Height,18,-0.1032822952,"a,e"
Guangzhou,Height,15,-0.1775944829,"a,e"
Beijing,Height,9,-0.1713089645,"a,e"
Shanghai,Height,12,-0.3256751299,"a,e"
Wuhan,Height,36,0.3081252873,"a,e"
Shanghai,Height,72,0.4554997683,"a,e"
Shanghai,Height,18,-0.1968400776,"a,e"
Beijing,Height,9,-0.3851501346,"a,e"
Shanghai,Height,15,-0.1784111857,"a,e"
Guangzhou,Height,9,-0.3817376494,"a,e"
Shanghai,Height,12,-0.221137315,"a,e"
Wuhan,Height,48,0.2839658856,"a,e"
Wuhan,Height,21,0.01318463963,"a,e"
Guangzhou,Height,30,0.1868209243,"a,e"
Wuhan,Height,9,-0.3883828223,"a,e"
Shanghai,Height,9,-0.1471789628,"a,e"
Shanghai,Height,24,0.1250638515,"a,e"
Beijing,Height,9,-0.3021443486,"a,e"
Beijing,Height,12,-0.2040306032,"a,e"
Shanghai,Height,9,-0.2810878456,"a,e"
Beijing,Height,18,-0.02028351463,"a,e"
Guangzhou,Height,9,-0.2672808468,"a,e"
Shanghai,Height,15,-0.1533069909,"a,e"
Wuhan,Height,15,-0.1082503572,"a,e"
Shanghai,Height,15,-0.1323610395,"a,e"
Guangzhou,Height,9,-0.3803730607,"a,e"
Beijing,Height,9,-0.2632357478,"a,e"
Wuhan,Height,12,-0.3623796105,"a,e"
Beijing,Height,39,0.1070943847,"a,e"
Shanghai,Height,84,1.00496757,"a,e"
Guangzhou,Height,24,0.1795026362,"a,e"
Shanghai,Height,15,-0.229013145,"a,e"
Shanghai,Height,6,-0.1759919971,"a,e"
Shanghai,Height,9,-0.2474203855,"a,e"
Shanghai,Height,9,-0.3762934208,"a,e"
Wuhan,Height,12,-0.1377054304,"a,e"
Shanghai,Height,27,0.1765386462,"a,e"
Beijing,Height,39,0.273024708,"a,e"
Shanghai,Height,21,-0.01129220705,"a,e"
Shanghai,Height,18,-0.1089033261,"a,e"
Guangzhou,Height,15,-0.05314300954,"a,e"
Beijing,Height,72,0.4299027324,"a,e"
Shanghai,Height,18,-0.1219741255,"a,e"
Shanghai,Height,33,0.1076101065,"a,e"
Shanghai,Height,15,-0.05210075527,"a,e"
Shanghai,Height,18,-0.185867101,"a,e"
Shanghai,Height,9,-0.2105294764,"a,e"
Wuhan,Height,15,-0.0989023149,"a,e"
Shanghai,Height,18,-0.07506781071,"a,e"
Shanghai,Height,9,-0.345243454,"a,e"
Shanghai,Height,18,-0.129213199,"a,e"
Beijing,Height,9,-0.4043603241,"a,e"
Shanghai,Height,15,-0.1482148618,"a,e"
Wuhan,Height,24,0.1676606983,"a,e"
Shanghai,Height,9,-0.4165436029,"a,e"
Shanghai,Height,6,-0.3783481121,"a,e"
Shanghai,Height,18,-0.1871873289,"a,e"
Shanghai,Height,18,-0.1817577481,"a,e"
Shanghai,Height,63,0.6467391849,"a,e"
Shanghai,Height,21,-0.03804056346,"a,e"
Wuhan,Height,54,0.1885538697,"a,e"
Shanghai,Height,18,-0.1521752328,"a,e"
Shanghai,Height,18,-0.1690474451,"a,e"
Shanghai,Height,15,-0.2410986722,"a,e"
Wuhan,Height,15,-0.1109540612,"a,e"
Shanghai,Height,18,-0.1912751049,"a,e"
Shanghai,Height,30,0.118615821,"a,e"
Shanghai,Height,18,-0.1833544374,"a,e"
Shanghai,Height,21,0.3404351771,"a,e"
Shanghai,Height,24,0.228384763,"a,e"
Shanghai,Height,9,-0.4273946285,"a,e"
Wuhan,Height,18,-0.1775083393,"a,e"
Shanghai,Height,18,-0.06629235297,"a,e"
Shanghai,Height,21,-0.04057398438,"a,e"
Shanghai,Height,42,0.2466408312,"a,e"
Shanghai,Height,9,-0.3566426039,"a,e"
Wuhan,Height,18,-0.07135032862,"a,e"
Beijing,Height,12,-0.1748714,"a,e"
Guangzhou,Height,9,-0.4407363236,"a,e"
Shanghai,Height,18,-0.1200938895,"a,e"
Wuhan,Height,21,-0.02064600214,"a,e"
Wuhan,Height,15,-0.07242772728,"a,e"
Shanghai,Height,12,-0.2969637811,"a,e"
Beijing,Height,9,-0.3069934845,"a,e"
Beijing,Height,18,-0.2429661304,"a,e"
Beijing,Height,9,-0.1994553059,"a,e"
Wuhan,Height,15,-0.00747319404,"a,e"
Beijing,Height,18,-0.2266186178,"a,e"
Shanghai,Height,18,-0.05017841235,"a,e"
Beijing,Height,48,0.3763458133,"a,e"
Shanghai,Height,48,0.5221013427,"a,e"
Shanghai,Height,21,0.08859884739,"a,e"
Shanghai,Height,18,-0.1021968722,"a,e"
Wuhan,Height,18,-0.1497157961,"a,e"
Shanghai,Height,9,-0.1715884954,"a,e"
Guangzhou,Height,12,-0.2368025035,"a,e"
Shanghai,Height,9,-0.2428947687,"a,e"
Shanghai,Height,18,-0.1093492359,"a,e"
Shanghai,Height,33,0.3107436895,"a,e"
Wuhan,Height,9,-0.3716597259,"a,e"
Wuhan,Height,24,0.217251271,"a,e"
Beijing,Height,72,0.2240359485,"a,e"
Wuhan,Height,15,-0.1189383194,"a,e"
Shanghai,Height,15,-0.1210998297,"a,e"
Shanghai,Height,81,0.7873820066,"a,e"
Wuhan,Height,18,-0.07298879325,"a,e"
Shanghai,Height,18,-0.08574750274,"a,e"
Beijing,Height,9,-0.2801292539,"a,e"
Wuhan,Height,21,0.03081017733,"a,e"
Shanghai,Height,9,-0.3156154752,"a,e"
Shanghai,Height,12,-0.1652298719,"a,e"
Shanghai,Height,9,-0.3513076007,"a,e"
Beijing,Height,54,0.4284513891,"a,e"
Shanghai,Height,18,-0.07392312586,"a,e"
Guangzhou,Height,39,0.2239150405,"a,e"
Shanghai,Height,9,-0.3409914672,"a,e"
Shanghai,Height,15,-0.2219072133,"a,e"
Guangzhou,Height,18,-0.06666310132,"a,e"
Shanghai,Height,18,-0.1695797294,"a,e"
Shanghai,Height,9,-0.3274773061,"a,e"
Shanghai,Height,18,-0.07262657583,"a,e"
Guangzhou,Height,15,-0.07594299316,"a,e"
Shanghai,Height,15,-0.2379342318,"a,e"
Guangzhou,Height,12,-0.2574040294,"a,e"
Guangzhou,Height,30,0.2295975834,"a,e"
Shanghai,Height,15,-0.01445162948,"a,e"
Shanghai,Height,9,-0.354295224,"a,e"
Shanghai,Height,18,-0.1502861381,"a,e"
Wuhan,Height,33,0.07905079424,"a,e"
Beijing,Height,36,0.1240842491,"a,e"
Wuhan,Height,18,-0.05113001168,"a,e"
Shanghai,Height,30,0.2360247821,"a,e"
Guangzhou,Height,9,-0.4313873947,"a,e"
Shanghai,Height,21,-0.01018402632,"a,e"
Wuhan,Height,75,0.4253737926,"a,e"
Guangzhou,Height,9,-0.4139706492,"a,e"
Shanghai,Height,9,-0.2815650702,"a,e"
Shanghai,Height,18,-0.275069356,"a,e"
Shanghai,Height,9,-0.2965068519,"a,e"
Wuhan,Height,63,0.2731235623,"a,e"
Shanghai,Height,18,-0.128593713,"a,e"
Shanghai,Height,18,-0.2352780551,"a,e"
Wuhan,Height,18,-0.1066302434,"a,e"
Shanghai,Height,9,-0.3211733997,"a,e"
Shanghai,Height,18,-0.113956742,"a,e"
Shanghai,Height,18,-0.1489733011,"a,e"
Shanghai,Height,6,-0.3160179853,"a,e"
Wuhan,Height,60,0.2677854002,"a,e"
Shanghai,Height,18,-0.1720484048,"a,e"
Shanghai,Height,18,-0.1365686655,"a,e"
Shanghai,Height,9,-0.2548345923,"a,e"
Shanghai,Height,18,-0.1025554389,"a,e"
Wuhan,Height,24,0.1793565601,"a,e"
Shanghai,Height,21,0.4756018221,"a,e"
Wuhan,Height,9,-0.4886491597,"a,e"
Wuhan,Height,18,-0.1868637651,"a,e"
Beijing,Height,36,0.310205996,"a,e"
Shanghai,Height,18,-0.1064704061,"a,e"
Wuhan,Height,24,0.219269067,"a,e"
Shanghai,Height,33,0.281752944,"a,e"
Shanghai,Height,6,-0.4209309816,"a,e"
Guangzhou,Height,9,-0.4359712601,"a,e"
Shanghai,Height,30,0.2511466742,"a,e"
Wuhan,Height,21,-0.07565125823,"a,e"
Wuhan,Height,9,-0.2724220455,"a,e"
Wuhan,Height,9,-0.3106983304,"a,e"
Shanghai,Height,18,-0.1745450944,"a,e"
Shanghai,Height,18,-0.1653504074,"a,e"
Shanghai,Height,18,-0.03423404694,"a,e"
Guangzhou,Height,12,-0.2706986964,"a,e"
Wuhan,Height,18,-0.182785064,"a,e"
Shanghai,Height,9,-0.3363368213,"a,e"
Shanghai,Height,18,-0.2610765696,"a,e"
Shanghai,Height,18,-0.1168476194,"a,e"
Shanghai,Height,9,-0.4100254774,"a,e"
Guangzhou,Height,18,-0.07127311081,"a,e"
Beijing,Height,15,-0.1655848175,"a,e"
Beijing,Height,18,-0.1540662944,"a,e"
Shanghai,Height,12,-0.2690652609,"a,e"
Shanghai,Height,9,-0.09209715575,"a,e"
Shanghai,Height,24,0.2240656316,"a,e"
Shanghai,Height,6,-0.3931291103,"a,e"
Guangzhou,Height,24,0.1288560778,"a,e"
Guangzhou,Height,9,-0.3318924308,"a,e"
Shanghai,Height,9,-0.3662493825,"a,e"
Beijing,Height,30,0.04651387781,"a,e"
Shanghai,Height,9,-0.2692525685,"a,e"
Shanghai,Height,12,-0.2600642443,"a,e"
Beijing,Height,72,0.2672889531,"a,e"
Beijing,Height,18,-0.0457055904,"a,e"
Guangzhou,Height,9,-0.4053818583,"a,e"
Shanghai,Height,21,-0.05559408665,"a,e"
Shanghai,Height,45,0.4446073472,"a,e"
Beijing,Height,9,-0.2793332934,"a,e"
Guangzhou,Height,15,-0.176812157,"a,e"
Guangzhou,Height,24,0.08202989399,"a,e"
Guangzhou,Height,12,-0.2446138114,"a,e"
Shanghai,Height,9,-0.411827147,"a,e"
Wuhan,Height,15,-0.1976542324,"a,e"
Beijing,Height,18,-0.126859948,"a,e"
Wuhan,Height,18,-0.2322528064,"a,e"
Shanghai,Height,12,-0.1793004721,"a,e"
Shanghai,Height,21,-0.01647770405,"a,e"
Shanghai,Height,39,0.3475545943,"a,e"
Shanghai,Height,60,0.3250917196,"a,e"
Wuhan,Height,18,-0.1683019847,"a,e"
Guangzhou,Height,18,-0.1657564193,"a,e"
Wuhan,Height,21,-0.06942484528,"a,e"
Shanghai,Height,9,-0.3968963325,"a,e"
Shanghai,Height,18,-0.06338944286,"a,e"
Shanghai,Height,15,-0.2043043077,"a,e"
Guangzhou,Height,30,0.06672430784,"a,e"
Shanghai,Height,9,-0.2253915071,"a,e"
Wuhan,Height,12,-0.244365871,"a,e"
Shanghai,Height,21,-0.06807573885,"a,e"
Shanghai,Height,15,-0.08751630783,"a,e"
Shanghai,Height,21,0.007590937894,"a,e"
Beijing,Height,24,0.2107380182,"a,e"
Shanghai,Height,18,-0.06978001446,"a,e"
Guangzhou,Height,9,-0.3888508081,"a,e"
Shanghai,Height,15,-0.1059327796,"a,e"
Beijing,Height,18,-0.2020516694,"a,e"
Wuhan,Height,21,0.06210949272,"a,e"
Wuhan,Height,12,-0.1288440973,"a,e"
Shanghai,Height,36,0.2267895043,"a,e"
Wuhan,Height,54,0.3630923629,"a,e"
Shanghai,Height,15,-0.0972218886,"a,e"
Shanghai,Height,18,-0.125440225,"a,e"
Wuhan,Height,15,-0.1663383991,"a,e"
Beijing,Height,21,0.03978366405,"a,e"
Shanghai,Height,18,-0.1129777357,"a,e"
Shanghai,Height,12,-0.2048622668,"a,e"
Wuhan,Height,9,-0.3135248423,"a,e"
Shanghai,Height,33,0.2832002938,"a,e"
Shanghai,Height,9,-0.4818213284,"a,e"
Shanghai,Height,9,-0.2826114297,"a,e"
Guangzhou,Height,30,0.3074575067,"a,e"
Wuhan,Height,6,-0.3445804715,"a,e"
Shanghai,Height,15,-0.3072378337,"a,e"
Shanghai,Height,6,-0.3595602512,"a,e"
Guangzhou,Height,21,0.03150760755,"a,e"
Beijing,Height,9,-0.2501747906,"a,e"
Shanghai,Height,18,-0.2163645625,"a,e"
Guangzhou,Height,6,-0.4975417554,"a,e"
Beijing,Height,9,-0.3169028759,"a,e"
Beijing,Height,18,-0.2202025354,"a,e"
Shanghai,Height,21,-0.08545399457,"a,e"
Wuhan,Height,15,-0.2543958724,"a,e"
Guangzhou,Height,21,0.1157209128,"a,e"
Shanghai,Height,15,-0.1832526177,"a,e"
Shanghai,Height,30,0.1695161909,"a,e"
Shanghai,Height,21,0.05861994997,"a,e"
Shanghai,Height,15,-0.1365515292,"a,e"
Shanghai,Height,9,-0.3863905966,"a,e"
Beijing,Height,9,-0.2492650747,"a,e"
Wuhan,Height,15,-0.2472780198,"a,e"
Shanghai,Height,18,-0.07513930649,"a,e"
Shanghai,Height,9,-0.1344425678,"a,e"
Shanghai,Height,18,-0.1480414271,"a,e"
Wuhan,Height,18,-0.01741080731,"a,e"
Wuhan,Height,15,-0.206449002,"a,e"
Wuhan,Height,18,-0.1709294319,"a,e"
Shanghai,Height,18,-0.04569521174,"a,e"
Beijing,Height,12,-0.1841552705,"a,e"
Shanghai,Height,18,-0.1992072314,"a,e"
Shanghai,Height,18,-0.04139749333,"a,e"
Wuhan,Height,15,-0.1878640205,"a,e"
Shanghai,Height,66,0.3450829089,"a,e"
Beijing,Height,18,-0.1242673844,"a,e"
Shanghai,Height,9,-0.2745872736,"a,e"
Shanghai,Height,12,-0.2467842847,"a,e"
Guangzhou,Height,30,0.3115491271,"a,e"
Wuhan,Height,15,-0.247007817,"a,e"
Guangzhou,Height,9,-0.3832512498,"a,e"
Beijing,Height,15,-0.08906267583,"a,e"
Shanghai,Height,18,-0.04689098522,"a,e"
Beijing,Height,30,0.1048457325,"a,e"
Shanghai,Height,15,-0.146783188,"a,e"
Beijing,Height,6,-0.3483454287,"a,e"
Beijing,Height,18,-0.1605065316,"a,e"
Beijing,Height,9,-0.2563236952,"a,e"
Shanghai,Height,9,-0.3614850044,"a,e"
Wuhan,Height,15,-0.2109456807,"a,e"
Shanghai,Height,18,-0.03389178962,"a,e"
Shanghai,Height,9,-0.501512289,"a,e"
Shanghai,Height,18,-0.04508118704,"a,e"
Wuhan,Height,60,0.2308083773,"a,e"
Guangzhou,Height,9,-0.415987134,"a,e"
Guangzhou,Height,18,-0.06561525166,"a,e"
Shanghai,Height,18,-0.2123676538,"a,e"
Shanghai,Height,18,-0.1252144277,"a,e"
Beijing,Height,12,-0.2384475023,"a,e"
Beijing,Height,12,-0.2222955227,"a,e"
Shanghai,Height,36,0.09442364424,"a,e"
Shanghai,Height,21,-0.01767293178,"a,e"
Beijing,Height,60,0.02007805184,"a,e"
Shanghai,Height,9,-0.3905727863,"a,e"
Shanghai,Height,9,-0.3126632571,"a,e"
Wuhan,Height,12,-0.2832023203,"a,e"
Guangzhou,Height,9,-0.3827041984,"a,e"
Shanghai,Height,9,-0.1955315024,"a,e"
Wuhan,Height,21,-0.1657353491,"a,e"
Beijing,Height,9,-0.2746848762,"a,e"
Shanghai,Height,15,-0.2152501941,"a,e"
Shanghai,Height,9,-0.3359285593,"a,e"
Shanghai,Height,21,-0.2264973223,"a,e"
Beijing,Height,24,0.1368986964,"a,e"
Beijing,Height,15,-0.3001785278,"a,e"
Shanghai,Height,18,-0.1527688801,"a,e"
Shanghai,Height,21,0.1453531384,"a,e"
Shanghai,Height,9,-0.3444734514,"a,e"
Shanghai,Height,15,-0.08496023715,"a,e"
Shanghai,Height,6,-0.3494226336,"a,e"
Wuhan,Height,15,-0.09233676642,"a,e"
Beijing,Height,21,0.03140960634,"a,e"
Wuhan,Height,9,-0.1577828228,"a,e"
Shanghai,Height,18,-0.1702487469,"a,e"
Shanghai,Height,15,-0.1220836416,"a,e"
Beijing,Height,15,-0.1076752171,"a,e"
Shanghai,Height,33,0.342543751,"a,e"
Wuhan,Height,30,0.1505345106,"a,e"
Wuhan,Height,21,0.06292613596,"a,e"
Guangzhou,Height,36,0.2821626961,"a,e"
Wuhan,Height,21,0.03892120346,"a,e"
Shanghai,Height,9,-0.3002712429,"a,e"
Beijing,Height,48,0.2981502712,"a,e"
Beijing,Height,18,-0.2974015474,"a,e"
Wuhan,Height,30,0.02012137324,"a,e"
Shanghai,Height,15,-0.1109136268,"a,e"
Beijing,Height,15,-0.1420411319,"a,e"
Shanghai,Height,15,-0.08089718968,"a,e"
Wuhan,Height,30,0.09247729182,"a,e"
Shanghai,Height,9,-0.327916503,"a,e"
Shanghai,Height,18,-0.2073120028,"a,e"
Beijing,Height,15,-0.07340464741,"a,e"
Wuhan,Height,33,0.1253652275,"a,e"
Beijing,Height,6,-0.2933215499,"a,e"
Shanghai,Height,18,-0.1409145147,"a,e"
Shanghai,Height,15,-0.1217571571,"a,e"
Shanghai,Height,18,-0.0878027603,"a,e"
Beijing,Height,9,-0.3067058027,"a,e"
Shanghai,Height,18,-0.04051961377,"a,e"
Beijing,Height,48,0.1845631748,"a,e"
Beijing,Height,18,-0.07291595638,"a,e"
Wuhan,Height,12,-0.1549875736,"a,e"
Wuhan,Height,15,-0.2027977258,"a,e"
Shanghai,Height,18,-0.1238797456,"a,e"
Beijing,Height,9,-0.275841862,"a,e"
Guangzhou,Height,15,0.08945282549,"a,e"
Shanghai,Height,15,-0.2005470693,"a,e"
Shanghai,Height,36,0.2500369847,"a,e"
Wuhan,Height,12,-0.4019422233,"a,e"
Shanghai,Height,15,-0.2008045316,"a,e"
Shanghai,Height,18,-0.1634218544,"a,e"
Shanghai,Height,24,0.08250714839,"a,e"
Shanghai,Height,15,-0.1145386547,"a,e"
Beijing,Height,18,-0.06245223805,"a,e"
Shanghai,Height,48,0.1928478628,"a,e"
Beijing,Height,9,-0.2365514189,"a,e"
Shanghai,Height,18,-0.08160483092,"a,e"
Beijing,Height,24,0.03942007571,"a,e"
Shanghai,Height,15,-0.1603545994,"a,e"
Guangzhou,Height,9,-0.5177435279,"a,e"
Shanghai,Height,18,-0.1264698505,"a,e"
Shanghai,Height,9,-0.4003634453,"a,e"
Beijing,Height,18,-0.197636053,"a,e"
Shanghai,Height,6,-0.3164655268,"a,e"
Wuhan,Height,15,-0.1876232922,"a,e"
Guangzhou,Height,45,0.5216769576,"a,e"
Beijing,Height,39,0.2196166664,"a,e"
Guangzhou,Height,9,-0.4161623716,"a,e"
Shanghai,Height,21,0.2894258499,"a,e"
Shanghai,Height,18,-0.1997197568,"a,e"
Wuhan,Height,15,-0.2035759836,"a,e"
Shanghai,Height,39,0.2865941226,"a,e"
Shanghai,Height,21,0.03012719192,"a,e"
Shanghai,Height,9,-0.3594799042,"a,e"
Shanghai,Height,18,-0.08578576148,"a,e"
Shanghai,Height,9,-0.1426283866,"a,e"
Beijing,Height,30,0.1285646558,"a,e"
Shanghai,Height,18,-0.04736722261,"a,e"
Beijing,Height,33,0.2563312948,"a,e"
Beijing,Height,21,-0.1049234048,"a,e"
Shanghai,Height,18,-0.05791763961,"a,e"
Shanghai,Height,21,0.04428679496,"a,e"
Shanghai,Height,9,-0.2698366046,"a,e"
Shanghai,Height,30,0.1012741998,"a,e"
Shanghai,Height,18,-0.1425414979,"a,e"
Shanghai,Height,15,-0.1497268081,"a,e"
Beijing,Height,81,0.7453246117,"a,e"
Shanghai,Height,9,-0.4521401227,"a,e"
Wuhan,Height,84,1.002126575,"a,e"
Shanghai,Height,33,0.2311127633,"a,e"
Guangzhou,Height,9,-0.2898751795,"a,e"
Guangzhou,Height,9,-0.4724815488,"a,e"
Beijing,Height,24,0.04640428349,"a,e"
Shanghai,Height,12,-0.2238717824,"a,e"
Guangzhou,Height,9,-0.3595641851,"a,e"
Guangzhou,Height,9,-0.4187097549,"a,e"
Shanghai,Height,9,-0.2385964096,"a,e"
Wuhan,Height,15,-0.04491410777,"a,e"
Shanghai,Height,18,-0.107565552,"a,e"
Beijing,Height,60,0.3170158267,"a,e"
Wuhan,Height,66,0.2636172175,"a,e"
Guangzhou,Height,21,0.07339750975,"a,e"
Wuhan,Height,18,-0.1664245874,"a,e"
Shanghai,Height,18,-0.2004924268,"a,e"
Shanghai,Height,18,-0.1824447662,"a,e"
Shanghai,Height,9,-0.3545086682,"a,e"
Shanghai,Height,18,-0.08570469171,"a,e"
Guangzhou,Height,9,-0.2996557355,"a,e"
Beijing,Height,27,0.04075458646,"a,e"
Shanghai,Height,30,0.167780146,"a,e"
Wuhan,Height,75,0.3967989683,"a,e"
Shanghai,Height,24,0.06663223356,"a,e"
Shanghai,Height,18,-0.06939770281,"a,e"
Shanghai,Height,9,-0.3411664665,"a,e"
Shanghai,Height,15,-0.2249326706,"a,e"
Wuhan,Height,18,-0.06486272067,"a,e"
Shanghai,Height,15,-0.1064729914,"a,e"
Beijing,Height,9,-0.3145956397,"a,e"
Wuhan,Height,12,-0.182834819,"a,e"
Wuhan,Height,21,0.01505805552,"a,e"
Shanghai,Height,18,-0.08100841939,"a,e"
Shanghai,Height,18,-0.07055630535,"a,e"
Guangzhou,Height,24,0.1067408025,"a,e"
Wuhan,Height,21,0.1275205761,"a,e"
Wuhan,Height,60,0.5143971443,"a,e"
Wuhan,Height,21,-0.02112217993,"a,e"
Shanghai,Height,18,-0.05429594219,"a,e"
Shanghai,Height,9,-0.2906087041,"a,e"
Wuhan,Height,24,0.3167340159,"a,e"
Guangzhou,Height,9,-0.3828582168,"a,e"
Shanghai,Height,18,-0.1096010953,"a,e"
Shanghai,Height,18,-0.09422384202,"a,e"
Shanghai,Height,9,-0.3275519013,"a,e"
Wuhan,Height,18,-0.1295791715,"a,e"
Wuhan,Height,9,-0.3476064801,"a,e"
Wuhan,Height,6,-0.3114312291,"a,e"
Shanghai,Height,18,-0.1548881233,"a,e"
Shanghai,Height,18,-0.110302873,"a,e"
Beijing,Height,12,-0.2681526542,"a,e"
Beijing,Height,30,0.1854420155,"a,e"
Shanghai,Height,9,-0.3140049577,"a,e"
Shanghai,Height,15,-0.2056289911,"a,e"
Shanghai,Height,15,-0.2197709978,"a,e"
Shanghai,Height,18,-0.173747465,"a,e"
Shanghai,Height,18,-0.1216631383,"a,e"
Shanghai,Height,18,-0.2660265863,"a,e"
Shanghai,Height,15,-0.2048117965,"a,e"
Shanghai,Height,36,0.2532072067,"a,e"
Shanghai,Height,18,-0.1069641188,"a,e"
Shanghai,Height,27,0.1936549097,"a,e"
Wuhan,Height,18,-0.1507191211,"a,e"
Shanghai,Height,36,0.2896400988,"a,e"
Shanghai,Height,6,-0.1811343133,"a,e"
Wuhan,Height,15,-0.232045874,"a,e"
Shanghai,Height,30,0.1931167394,"a,e"
Guangzhou,Height,36,0.4862162173,"a,e"
Shanghai,Height,75,0.5228357911,"a,e"
Guangzhou,Height,18,-0.2227066159,"a,e"
Guangzhou,Height,9,-0.4218483567,"a,e"
Wuhan,Height,48,0.3960287869,"a,e"
Shanghai,Height,18,-0.02750057727,"a,e"
Shanghai,Height,18,-0.1012580618,"a,e"
Shanghai,Height,30,0.1080696136,"a,e"
Wuhan,Height,69,0.3520271182,"a,e"
Beijing,Height,24,0.06368081272,"a,e"
Beijing,Height,9,-0.2393034101,"a,e"
Shanghai,Height,18,-0.1872769892,"a,e"
Shanghai,Height,18,-0.193625465,"a,e"
Beijing,Height,18,-0.1576585174,"a,e"
Wuhan,Height,15,-0.1379859447,"a,e"
Shanghai,Height,18,-0.2113453299,"a,e"
Guangzhou,Height,24,0.1833047569,"a,e"
Wuhan,Height,15,-0.1726504415,"a,e"
Beijing,Height,36,0.2842925191,"a,e"
Shanghai,Height,15,-0.1479817182,"a,e"
Shanghai,Height,9,-0.2591870725,"a,e"
Wuhan,Height,15,-0.1971223503,"a,e"
Guangzhou,Height,9,-0.3363899887,"a,e"
Beijing,Height,12,-0.2467117608,"a,e"
Shanghai,Height,18,-0.08671373129,"a,e"
Beijing,Height,6,-0.2219743133,"a,e"
Shanghai,Height,30,0.2756223381,"a,e"
Shanghai,Height,18,-0.2470242977,"a,e"
Shanghai,Height,60,0.483264178,"a,e"
Shanghai,Height,15,-0.1402329206,"a,e"
Shanghai,Height,6,-0.1817222536,"a,e"
Wuhan,Height,12,-0.2035715282,"a,e"
Guangzhou,Height,18,-0.06009526551,"a,e"
Shanghai,Height,18,-0.1273223758,"a,e"
Beijing,Height,9,-0.1340316087,"a,e"
Shanghai,Height,33,0.3167725205,"a,e"
Shanghai,Height,18,-0.1164916903,"a,e"
Shanghai,Height,15,-0.1374223381,"a,e"
Wuhan,Height,36,0.09200834483,"a,e"
Shanghai,Height,15,-0.1817254871,"a,e"
Shanghai,Height,9,-0.3563043177,"a,e"
Shanghai,Height,21,-0.06097596884,"a,e"
Beijing,Height,30,0.1035228372,"a,e"
Shanghai,Height,9,-0.327609539,"a,e"
Beijing,Height,81,1.277850151,"a,e"
Shanghai,Height,18,-0.176974684,"a,e"
Wuhan,Height,51,0.1983486265,"a,e"
Wuhan,Height,18,-0.07220324129,"a,e"
Wuhan,Height,18,-0.1082530543,"a,e"
Shanghai,Height,9,-0.2985035181,"a,e"
Shanghai,Height,36,0.301253587,"a,e"
Shanghai,Height,18,-0.1512606144,"a,e"
Shanghai,Height,9,-0.3381212056,"a,e"
Wuhan,Height,18,-0.1340440512,"a,e"
Shanghai,Height,30,0.2130421102,"a,e"
Shanghai,Height,18,-0.08815152943,"a,e"
Shanghai,Height,15,-0.08359315246,"a,e"
Shanghai,Height,42,0.2914303243,"a,e"
Beijing,Height,18,-0.09805369377,"a,e"
Shanghai,Height,18,-0.1769437939,"a,e"
Shanghai,Height,15,-0.08806148171,"a,e"
Shanghai,Height,9,-0.3763926327,"a,e"
Shanghai,Height,48,0.1972926557,"a,e"
Wuhan,Height,9,-0.3253418505,"a,e"
Wuhan,Height,18,-0.2439954728,"a,e"
Shanghai,Height,9,-0.2532750964,"a,e"
Shanghai,Height,18,-0.176608339,"a,e"
Shanghai,Height,15,-0.1297623515,"a,e"
Beijing,Height,21,-0.02672006935,"a,e"
Wuhan,Height,69,0.3626038134,"a,e"
Shanghai,Height,15,-0.07263273746,"a,e"
Shanghai,Height,30,0.2782839835,"a,e"
Guangzhou,Height,18,-0.05031532422,"a,e"
Wuhan,Height,27,0.2678967714,"a,e"
Shanghai,Height,18,-0.1248184964,"a,e"
Shanghai,Height,18,-0.09367988259,"a,e"
Shanghai,Height,12,-0.2194299698,"a,e"
Guangzhou,Height,9,-0.426827997,"a,e"
Beijing,Height,30,0.1229485124,"a,e"
Wuhan,Height,45,0.2505145669,"a,e"
Shanghai,Height,12,-0.2320788503,"a,e"
Shanghai,Height,45,0.2871900201,"a,e"
Shanghai,Height,33,0.2407564521,"a,e"
Guangzhou,Height,9,-0.3693373799,"a,e"
Shanghai,Height,12,-0.2649328709,"a,e"
Shanghai,Height,9,-0.1080266312,"a,e"
Guangzhou,Height,18,-0.09883963317,"a,e"
Shanghai,Height,18,-0.02375675365,"a,e"
Shanghai,Height,9,-0.2985328436,"a,e"
Guangzhou,Height,36,0.2135049105,"a,e"
Wuhan,Height,54,0.2750452459,"a,e"
Shanghai,Height,9,-0.286675185,"a,e"
Shanghai,Height,15,-0.0954875052,"a,e"
Shanghai,Height,9,-0.4217911959,"a,e"
Wuhan,Height,9,-0.3094699979,"a,e"
Wuhan,Height,18,-0.1607311517,"a,e"
Shanghai,Height,18,-0.0987938717,"a,e"
Wuhan,Height,12,-0.291795224,"a,e"
Shanghai,Height,15,-0.1230251491,"a,e"
Wuhan,Height,24,0.1643377393,"a,e"
Wuhan,Height,30,0.244269833,"a,e"
Guangzhou,Height,15,-0.1907130629,"a,e"
Beijing,Height,9,-0.3549861312,"a,e"
Wuhan,Height,9,-0.3465684056,"a,e"
Shanghai,Height,21,0.03279970586,"a,e"
Shanghai,Height,18,-0.2317871153,"a,e"
Shanghai,Height,18,-0.1412111968,"a,e"
Shanghai,Height,18,-0.09243254364,"a,e"
Beijing,Height,18,-0.1831273586,"a,e"
Shanghai,Height,18,-0.08642087877,"a,e"
Shanghai,Height,9,-0.2892233133,"a,e"
Shanghai,Height,18,-0.06167132407,"a,e"
Wuhan,Height,18,-0.2062583715,"a,e"
Shanghai,Height,9,-0.2930739224,"a,e"
Wuhan,Height,21,-0.04541436583,"a,e"
Shanghai,Height,18,-0.1623876244,"a,e"
Wuhan,Height,21,-0.07660026848,"a,e"
Shanghai,Height,18,-0.02750057727,"a,e"
Shanghai,Height,54,0.393692255,"a,e"
Shanghai,Height,24,0.1476688534,"a,e"
Beijing,Height,9,-0.2856289446,"a,e"
Guangzhou,Height,9,-0.4296520352,"a,e"
Shanghai,Height,9,-0.2102933079,"a,e"
Wuhan,Height,54,0.3587092757,"a,e"
Shanghai,Height,30,0.2224116027,"a,e"
Shanghai,Height,18,-0.04122720286,"a,e"
Shanghai,Height,21,0.355234772,"a,e"
Shanghai,Height,18,-0.2330839634,"a,e"
Shanghai,Height,15,-0.2330074608,"a,e"
Guangzhou,Height,9,-0.3411900103,"a,e"
Shanghai,Height,21,-0.05537869781,"a,e"
Shanghai,Height,18,-0.1521535516,"a,e"
Beijing,Height,21,0.3741460443,"a,e"
Shanghai,Height,9,-0.2998839319,"a,e"
Shanghai,Height,15,-0.06155774742,"a,e"
Beijing,Height,9,-0.2340170145,"a,e"
Guangzhou,Height,12,-0.2212517709,"a,e"
Shanghai,Height,15,-0.07353897393,"a,e"
Shanghai,Height,9,-0.3830430806,"a,e"
Guangzhou,Height,15,-0.1957754493,"a,e"
Wuhan,Height,18,-0.1676209718,"a,e"
Shanghai,Height,9,-0.2634885907,"a,e"
Shanghai,Height,75,0.4597046673,"a,e"
Beijing,Height,27,0.01618394256,"a,e"
Shanghai,Height,18,-0.1382557154,"a,e"
Wuhan,Height,12,-0.180490613,"a,e"
Shanghai,Height,18,-0.2028647959,"a,e"
Shanghai,Height,18,-0.1923485994,"a,e"
Guangzhou,Height,9,-0.4187791348,"a,e"
Shanghai,Height,18,-0.1768626869,"a,e"
Wuhan,Height,9,-0.3056482077,"a,e"
Beijing,Height,12,-0.2386928648,"a,e"
Beijing,Height,51,0.2364571393,"a,e"
Shanghai,Height,36,0.1706428528,"a,e"
Shanghai,Height,9,-0.3407929838,"a,e"
Beijing,Height,21,-0.06081471965,"a,e"
Wuhan,Height,9,-0.2886081934,"a,e"
Shanghai,Height,18,-0.2242172509,"a,e"
Shanghai,Height,18,-0.06179322302,"a,e"
Guangzhou,Height,9,-0.3250641823,"a,e"
Beijing,Height,21,0.1540621221,"a,e"
Shanghai,Height,33,0.2251177877,"a,e"
Wuhan,Height,9,-0.3666582704,"a,e"
Wuhan,Height,18,-0.07951535285,"a,e"
Shanghai,Height,18,-0.07797199488,"a,e"
Wuhan,Height,15,-0.04555726051,"a,e"
Wuhan,Height,18,-0.1067050919,"a,e"
Shanghai,Height,15,-0.1572427601,"a,e"
Wuhan,Height,18,-0.1734040529,"a,e"
Guangzhou,Height,24,0.1967769712,"a,e"
Shanghai,Height,18,-0.1616029441,"a,e"
Shanghai,Height,9,-0.1788937151,"a,e"
Beijing,Height,24,-0.005538552068,"a,e"
Shanghai,Height,6,-0.1746834219,"a,e"
Shanghai,Height,6,-0.2425767481,"a,e"
Beijing,Height,30,0.008521550335,"a,e"
Guangzhou,Height,18,-0.05440415442,"a,e"
Beijing,Height,24,0.08772234619,"a,e"
Shanghai,Height,9,-0.3943487406,"a,e"
Shanghai,Height,18,-0.1788883209,"a,e"
Wuhan,Height,9,-0.3254657388,"a,e"
Shanghai,Height,21,0.4360755086,"a,e"
Shanghai,Height,18,-0.1320854276,"a,e"
Guangzhou,Height,15,-0.005918960087,"a,e"
Shanghai,Height,18,-0.1747760624,"a,e"
Shanghai,Height,18,-0.1612457335,"a,e"
Beijing,Height,36,0.3830396533,"a,e"
Shanghai,Height,15,-0.2280119061,"a,e"
Beijing,Height,60,0.2801062167,"a,e"
Shanghai,Height,9,-0.1592540592,"a,e"
Shanghai,Height,9,-0.2294224352,"a,e"
Guangzhou,Height,15,-0.1378394812,"a,e"
Shanghai,Height,12,-0.2297257185,"a,e"
Beijing,Height,39,0.1494700462,"a,e"
Shanghai,Height,6,-0.2947492599,"a,e"
Shanghai,Height,6,-0.2468209565,"a,e"
Wuhan,Height,21,-0.08673656732,"a,e"
Wuhan,Height,21,-0.004064793698,"a,e"
Shanghai,Height,36,0.2677678466,"a,e"
Shanghai,Height,18,-0.1267972589,"a,e"
Shanghai,Height,9,-0.3180573583,"a,e"
Guangzhou,Height,12,-0.2991893888,"a,e"
Guangzhou,Height,18,0.01476096455,"a,e"
Wuhan,Height,18,-0.06750933081,"a,e"
Beijing,Height,9,-0.3531238139,"a,e"
Wuhan,Height,54,0.5527163744,"a,e"
Wuhan,Height,9,-0.2923982441,"a,e"
Wuhan,Height,36,0.1389445513,"a,e"
Shanghai,Height,18,-0.1475978494,"a,e"
Shanghai,Height,9,-0.1848479807,"a,e"
Wuhan,Height,36,-0.01108754333,"a,e"
Guangzhou,Height,9,-0.408459425,"a,e"
Shanghai,Height,18,-0.07629972696,"a,e"
Shanghai,Height,9,-0.2632896304,"a,e"
Shanghai,Height,18,-0.1587564349,"a,e"
Wuhan,Height,12,-0.1750294864,"a,e"
Shanghai,Height,15,-0.07076387852,"a,e"
Wuhan,Height,9,-0.422640413,"a,e"
Beijing,Height,42,0.2219253778,"a,e"
Beijing,Height,36,0.2609198689,"a,e"
Shanghai,Height,9,-0.2631489336,"a,e"
Beijing,Height,9,-0.1194585413,"a,e"
Shanghai,Height,18,-0.2014255822,"a,e"
Shanghai,Height,48,0.4483474195,"a,e"
Wuhan,Height,15,-0.1156117842,"a,e"
Wuhan,Height,18,-0.2576461136,"a,e"
Shanghai,Height,21,-0.04459085688,"a,e"
Shanghai,Height,9,-0.3632977009,"a,e"
Wuhan,Height,15,-0.2581470311,"a,e"
Shanghai,Height,18,-0.153453514,"a,e"
Shanghai,Height,9,-0.2383295298,"a,e"
Shanghai,Height,9,-0.3230893314,"a,e"
Shanghai,Height,9,-0.2268660814,"a,e"
Shanghai,Height,18,-0.2841718495,"a,e"
Beijing,Height,60,0.3279695213,"a,e"
Shanghai,Height,9,-0.3347677886,"a,e"
Shanghai,Height,15,-0.1155300513,"a,e"
Beijing,Height,12,-0.2818057537,"a,e"
Shanghai,Height,18,-0.2072798312,"a,e"
Wuhan,Height,54,0.3971932232,"a,e"
Shanghai,Height,15,-0.1098374352,"a,e"
Shanghai,Height,18,-0.1706689745,"a,e"
Wuhan,Height,21,-0.1529805511,"a,e"
Shanghai,Height,18,-0.05407797173,"a,e"
Shanghai,Height,18,-0.07710114866,"a,e"
Wuhan,Height,30,0.2649500072,"a,e"
Shanghai,Height,18,-0.09321203828,"a,e"
Shanghai,Height,15,-0.1268281937,"a,e"
Beijing,Height,6,-0.2512392402,"a,e"
Beijing,Height,9,-0.2657667398,"a,e"
Guangzhou,Height,9,-0.3795655966,"a,e"
Shanghai,Height,18,-0.1378370076,"a,e"
Shanghai,Height,15,-0.2096898109,"a,e"
Beijing,Height,18,-0.1675697267,"a,e"
Shanghai,Height,18,-0.1507441998,"a,e"
Guangzhou,Height,9,-0.3371753991,"a,e"
Wuhan,Height,18,-0.1586945355,"a,e"
Wuhan,Height,24,0.09946025908,"a,e"
Shanghai,Height,15,-0.2358799577,"a,e"
Shanghai,Height,18,-0.1240692139,"a,e"
Shanghai,Height,18,-0.1018687636,"a,e"
Shanghai,Height,27,0.3334171772,"a,e"
Shanghai,Height,9,-0.2759047747,"a,e"
Shanghai,Height,18,-0.17760773,"a,e"
Shanghai,Height,9,-0.2700975835,"a,e"
Shanghai,Height,48,0.5377501845,"a,e"
Wuhan,Height,15,-0.1970446259,"a,e"
Shanghai,Height,15,-0.1395749301,"a,e"
Shanghai,Height,75,0.6659801602,"a,e"
Wuhan,Height,36,0.3243326843,"a,e"
Wuhan,Height,9,-0.3410613537,"a,e"
Guangzhou,Height,9,-0.4552837908,"a,e"
Guangzhou,Height,9,-0.3481729925,"a,e"
Shanghai,Height,21,-0.0475394465,"a,e"
Beijing,Height,30,0.232612431,"a,e"
Beijing,Height,6,-0.2200568318,"a,e"
Shanghai,Height,9,-0.2587254941,"a,e"
Wuhan,Height,9,-0.4026105404,"a,e"
Shanghai,Height,30,0.2623613179,"a,e"
Shanghai,Height,18,-0.1842303574,"a,e"
Shanghai,Height,12,-0.3326813877,"a,e"
Wuhan,Height,12,-0.2463538647,"a,e"
Shanghai,Height,18,-0.07405575365,"a,e"
Shanghai,Height,9,-0.4890833497,"a,e"
Shanghai,Height,18,-0.191375941,"a,e"
Guangzhou,Height,12,-0.3256081343,"a,e"
Shanghai,Height,18,-0.06786997616,"a,e"
Shanghai,Height,9,-0.3055452704,"a,e"
Wuhan,Height,33,0.1449262798,"a,e"
Wuhan,Height,15,-0.1559544057,"a,e"
Shanghai,Height,9,-0.6147044301,"a,e"
Beijing,Height,9,-0.2293223292,"a,e"
Shanghai,Height,18,-0.1759342849,"a,e"
Beijing,Height,9,-0.2981899679,"a,e"
Wuhan,Height,48,0.1911070943,"a,e"
Beijing,Height,36,0.1545450836,"a,e"
Shanghai,Height,9,-0.3217487931,"a,e"
Beijing,Height,18,-0.2784838676,"a,e"
Shanghai,Height,18,-0.1673300117,"a,e"
Shanghai,Height,18,-0.1683473587,"a,e"
Wuhan,Height,18,-0.0885867551,"a,e"
Shanghai,Height,18,-0.09575866908,"a,e"
Guangzhou,Height,9,-0.4119187295,"a,e"
Shanghai,Height,21,0.1273460239,"a,e"
Guangzhou,Height,15,-0.1422966123,"a,e"
Wuhan,Height,18,-0.1832519919,"a,e"
Shanghai,Height,33,0.3795793653,"a,e"
Shanghai,Height,9,-0.3666391373,"a,e"
Guangzhou,Height,9,-0.394834429,"a,e"
Shanghai,Height,6,-0.2221146971,"a,e"
Guangzhou,Height,18,-0.006647324655,"a,e"
Shanghai,Height,18,-0.1394107044,"a,e"
Shanghai,Height,15,-0.08821810782,"a,e"
Shanghai,Height,18,-0.07717092335,"a,e"
Wuhan,Height,21,0.01697443984,"a,e"
Shanghai,Height,15,-0.05347250402,"a,e"
Shanghai,Height,9,-0.3361071348,"a,e"
Wuhan,Height,15,-0.1964189708,"a,e"
Shanghai,Height,18,-0.2000847608,"a,e"
Shanghai,Height,18,-0.09944599122,"a,e"
Shanghai,Height,21,0.1040826067,"a,e"
Guangzhou,Height,9,-0.4050432146,"a,e"
Wuhan,Height,9,-0.2669934928,"a,e"
Wuhan,Height,15,-0.2029061764,"a,e"
Beijing,Height,24,0.1276946068,"a,e"
Wuhan,Height,63,0.4080176353,"a,e"
Shanghai,Height,18,-0.1581189334,"a,e"
Shanghai,Height,15,-0.1661586463,"a,e"
Wuhan,Height,6,-0.2591647506,"a,e"
Beijing,Height,21,0.04115395248,"a,e"
Shanghai,Height,6,-0.4179542065,"a,e"
Shanghai,Height,18,-0.1184162125,"a,e"
Shanghai,Height,6,-0.1839711815,"a,e"
Guangzhou,Height,9,-0.3994121552,"a,e"
Beijing,Height,15,-0.1994896084,"a,e"
Wuhan,Height,18,-0.2200142592,"a,e"
Shanghai,Height,18,-0.2669522464,"a,e"
Shanghai,Height,9,-0.351223886,"a,e"
Shanghai,Height,18,-0.1633773744,"a,e"
Guangzhou,Height,15,-0.2027219981,"a,e"
Shanghai,Height,6,-0.6025265455,"a,e"
Wuhan,Height,69,0.1888831556,"a,e"
Shanghai,Height,18,-0.2202062011,"a,e"
Shanghai,Height,9,-0.4185377657,"a,e"
Guangzhou,Height,42,0.2637762427,"a,e"
Shanghai,Height,9,-0.3364112377,"a,e"
Wuhan,Height,18,-0.1618965119,"a,e"
Wuhan,Height,18,-0.1628308594,"a,e"
Shanghai,Height,15,-0.1274193674,"a,e"
Guangzhou,Height,9,-0.5004458427,"a,e"
Beijing,Height,36,0.2910052836,"a,e"
Shanghai,Height,18,-0.1988838166,"a,e"
Beijing,Height,36,0.3048214018,"a,e"
Guangzhou,Height,9,-0.418835789,"a,e"
Guangzhou,Height,21,0.01303612534,"a,e"
Wuhan,Height,18,-0.1009280905,"a,e"
Shanghai,Height,30,0.3608094454,"a,e"
Shanghai,Height,30,0.1122698784,"a,e"
Shanghai,Height,18,-0.08564319462,"a,e"
Shanghai,Height,15,-0.1340115666,"a,e"
Shanghai,Height,9,-0.2566930354,"a,e"
Wuhan,Height,18,-0.1138627976,"a,e"
Shanghai,Height,6,-0.2013082653,"a,e"
Guangzhou,Height,9,-0.3387708664,"a,e"
Shanghai,Height,18,-0.1060381383,"a,e"
Guangzhou,Height,9,-0.4256945252,"a,e"
Shanghai,Height,18,-0.08892357349,"a,e"
Shanghai,Height,18,-0.1570320576,"a,e"
Wuhan,Height,9,-0.2511901259,"a,e"
Wuhan,Height,18,-0.1642320156,"a,e"
Shanghai,Height,21,-0.02996960282,"a,e"
Shanghai,Height,15,-0.1567381918,"a,e"
Shanghai,Height,9,-0.3200081587,"a,e"
Shanghai,Height,6,-0.1572406739,"a,e"
Shanghai,Height,12,-0.2826579213,"a,e"
Shanghai,Height,18,-0.1056817845,"a,e"
Beijing,Height,30,0.05246504769,"a,e"
Shanghai,Height,9,-0.343652755,"a,e"
Beijing,Height,15,-0.2851958573,"a,e"
Wuhan,Height,9,-0.3563925028,"a,e"
Guangzhou,Height,24,0.2193953395,"a,e"
Shanghai,Height,18,-0.2080063969,"a,e"
Shanghai,Height,66,0.2974394858,"a,e"
Beijing,Height,9,-0.2782517076,"a,e"
Wuhan,Height,18,-0.1811948866,"a,e"
Shanghai,Height,9,-0.2478899658,"a,e"
Beijing,Height,9,-0.2424772829,"a,e"
Shanghai,Height,36,0.06475704163,"a,e"
Shanghai,Height,15,-0.1662517488,"a,e"
Shanghai,Height,18,-0.1694452316,"a,e"
Wuhan,Height,12,-0.1905370653,"a,e"
Shanghai,Height,9,-0.280587256,"a,e"
Wuhan,Height,9,-0.134416312,"a,e"
Shanghai,Height,18,-0.1617618352,"a,e"
Shanghai,Height,9,-0.0647739321,"a,e"
Shanghai,Height,6,-0.4214220345,"a,e"
Wuhan,Height,18,-0.1870146692,"a,e"
Guangzhou,Height,9,-0.3057904243,"a,e"
Wuhan,Height,9,-0.2565509677,"a,e"
Guangzhou,Height,24,0.1309214532,"a,e"
Shanghai,Height,18,-0.1444583684,"a,e"
Guangzhou,Height,9,-0.3329338133,"a,e"
Shanghai,Height,48,0.2410543263,"a,e"
Beijing,Height,36,0.2317189276,"a,e"
Wuhan,Height,9,-0.3144843876,"a,e"
Shanghai,Height,33,0.2671593428,"a,e"
Wuhan,Height,45,0.2582179606,"a,e"
Shanghai,Height,18,-0.1561064422,"a,e"
Guangzhou,Height,18,-0.03712431341,"a,e"
Shanghai,Height,18,-0.1775444597,"a,e"
Shanghai,Height,66,0.4859445691,"a,e"
Shanghai,Height,9,-0.2534869015,"a,e"
Shanghai,Height,9,-0.3214625418,"a,e"
Shanghai,Height,21,-0.07297187299,"a,e"
Shanghai,Height,9,-0.1944859922,"a,e"
Shanghai,Height,12,-0.4144857228,"a,e"
Shanghai,Height,18,-0.1469056457,"a,e"
Shanghai,Height,18,-0.1847919822,"a,e"
Beijing,Height,15,-0.2388839722,"a,e"
Shanghai,Height,18,-0.198573634,"a,e"
Wuhan,Height,15,-0.1445418149,"a,e"
Shanghai,Height,18,-0.06707943976,"a,e"
Beijing,Height,15,-0.2429451644,"a,e"
Shanghai,Height,9,-0.3539885879,"a,e"
Shanghai,Height,15,-0.1098825261,"a,e"
Shanghai,Height,15,-0.08993088454,"a,e"
Guangzhou,Height,12,-0.2981765866,"a,e"
Wuhan,Height,21,0.01556567568,"a,e"
Shanghai,Height,18,-0.07522118837,"a,e"
Shanghai,Height,9,-0.3750564158,"a,e"
Shanghai,Height,9,-0.2560145855,"a,e"
Shanghai,Height,18,-0.05271911621,"a,e"
Wuhan,Height,18,-0.1727615893,"a,e"
Shanghai,Height,18,-0.1343737394,"a,e"
Shanghai,Height,18,-0.1612467021,"a,e"
Shanghai,Height,33,0.1727040559,"a,e"
Guangzhou,Height,9,-0.404794693,"a,e"
Shanghai,Height,18,-0.1091668904,"a,e"
Shanghai,Height,18,-0.1618073583,"a,e"
Shanghai,Height,18,-0.1420884728,"a,e"
Wuhan,Height,9,-0.3332077265,"a,e"
Shanghai,Height,21,0.03653104603,"a,e"
Shanghai,Height,15,-0.2595290244,"a,e"
Shanghai,Height,12,-0.294313699,"a,e"
Shanghai,Height,33,0.08868929744,"a,e"
Beijing,Height,12,-0.3912348151,"a,e"
Shanghai,Height,36,0.2750592828,"a,e"
Beijing,Height,18,-0.2250708044,"a,e"
Wuhan,Height,36,0.1150587797,"a,e"
Shanghai,Height,42,0.1314610988,"a,e"
Shanghai,Height,18,-0.09816429019,"a,e"
Shanghai,Height,6,-0.2423275858,"a,e"
Shanghai,Height,18,-0.01671322621,"a,e"
Beijing,Height,9,-0.3063406944,"a,e"
Wuhan,Height,30,0.1631796509,"a,e"
Wuhan,Height,9,-0.4202531874,"a,e"
Beijing,Height,9,-0.304756403,"a,e"
Shanghai,Height,9,-0.2466477454,"a,e"
Shanghai,Height,30,0.3129761219,"a,e"
Shanghai,Height,36,0.3149064481,"a,e"
Guangzhou,Height,9,-0.4220343232,"a,e"
Beijing,Height,18,-0.1725585461,"a,e"
Shanghai,Height,15,-0.1052588522,"a,e"
Shanghai,Height,18,-0.08741018921,"a,e"
Shanghai,Height,18,-0.08882710338,"a,e"
Guangzhou,Height,30,0.08505237103,"a,e"
Beijing,Height,9,-0.2312530428,"a,e"
Shanghai,Height,9,-0.1972177923,"a,e"
Guangzhou,Height,12,-0.1614732742,"a,e"
Shanghai,Height,18,-0.1626210064,"a,e"
Shanghai,Height,18,-0.2368346602,"a,e"
Shanghai,Height,18,-0.1633245945,"a,e"
Shanghai,Height,15,-0.06119520217,"a,e"
Shanghai,Height,9,-0.4386605322,"a,e"
Guangzhou,Height,36,0.254149586,"a,e"
Shanghai,Height,12,-0.2113836408,"a,e"
Shanghai,Height,18,-0.1089026853,"a,e"
Wuhan,Height,12,-0.1695987135,"a,e"
Shanghai,Height,18,-0.1268653423,"a,e"
Beijing,Height,21,0.01999660023,"a,e"
Wuhan,Height,9,-0.3325973749,"a,e"
Wuhan,Height,12,-0.2482979298,"a,e"
Wuhan,Height,15,-0.1100293472,"a,e"
Shanghai,Height,66,0.2577121258,"a,e"
Shanghai,Height,9,-0.2806554139,"a,e"
Wuhan,Height,18,-0.1042400971,"a,e"
Wuhan,Height,18,-0.1651080698,"a,e"
Shanghai,Height,18,-0.1686272025,"a,e"
Shanghai,Height,18,-0.1490956694,"a,e"
Shanghai,Height,9,-0.2880418599,"a,e"
Shanghai,Height,12,-0.3470799327,"a,e"
Shanghai,Height,12,-0.3253261447,"a,e"
Shanghai,Height,15,-0.04512742534,"a,e"
Shanghai,Height,18,-0.1914246231,"a,e"
Shanghai,Height,18,-0.1935074627,"a,e"
Shanghai,Height,24,0.1631567478,"a,e"
Beijing,Height,24,0.1292837411,"a,e"
Shanghai,Height,9,-0.333422184,"a,e"
Shanghai,Height,18,-0.220485419,"a,e"
Shanghai,Height,54,0.5344007611,"a,e"
Wuhan,Height,9,-0.3229753077,"a,e"
Guangzhou,Height,66,0.2585503161,"a,e"
Wuhan,Height,15,-0.09969254583,"a,e"
Shanghai,Height,15,-0.2417449355,"a,e"
Guangzhou,Height,9,-0.3595897555,"a,e"
Guangzhou,Height,9,-0.3548081219,"a,e"
Guangzhou,Height,15,0.1008531973,"a,e"
Shanghai,Height,18,-0.1024212167,"a,e"
Shanghai,Height,24,-0.002722560428,"a,e"
Guangzhou,Height,9,-0.4177768528,"a,e"
Shanghai,Height,18,-0.09853717685,"a,e"
Shanghai,Height,15,-0.2431399673,"a,e"
Guangzhou,Height,63,0.3084098101,"a,e"
Wuhan,Height,18,-0.1440491825,"a,e"
Wuhan,Height,12,-0.206304878,"a,e"
Shanghai,Height,18,-0.2048362494,"a,e"
Wuhan,Height,18,-0.1126242876,"a,e"
Shanghai,Height,18,-0.05178490281,"a,e"
Wuhan,Height,9,-0.3486823738,"a,e"
Shanghai,Height,12,-0.2984938323,"a,e"
Wuhan,Height,9,-0.2349938452,"a,e"
Wuhan,Height,12,-0.2109899223,"a,e"
Shanghai,Height,15,-0.0681700334,"a,e"
Shanghai,Height,9,-0.4087999463,"a,e"
Shanghai,Height,18,-0.08118081838,"a,e"
Guangzhou,Height,9,-0.4182215631,"a,e"
Shanghai,Height,9,-0.3304162323,"a,e"
Wuhan,Height,60,0.1836986393,"a,e"
Shanghai,Height,30,0.3402660489,"a,e"
Shanghai,Height,18,-0.0369624272,"a,e"
Shanghai,Height,18,-0.2110669762,"a,e"
Shanghai,Height,18,-0.1329626739,"a,e"
Guangzhou,Height,12,-0.29002738,"a,e"
Shanghai,Height,6,-0.1262196153,"a,e"
Shanghai,Height,18,-0.06363168359,"a,e"
Shanghai,Height,33,0.1803381592,"a,e"
Beijing,Height,15,0.1144703254,"a,e"
Wuhan,Height,36,0.2665774226,"a,e"
Beijing,Height,18,-0.2255876511,"a,e"
Guangzhou,Height,9,-0.4278262556,"a,e"
Wuhan,Height,21,0.0143305352,"a,e"
Shanghai,Height,27,0.184596926,"a,e"
Wuhan,Height,18,-0.1466949582,"a,e"
Beijing,Height,15,-0.2692553103,"a,e"
Shanghai,Height,21,0.1055284366,"a,e"
Shanghai,Height,6,-0.2012884617,"a,e"
Shanghai,Height,6,-0.208952412,"a,e"
Shanghai,Height,33,0.2227495611,"a,e"
Shanghai,Height,15,-0.1341929287,"a,e"
Shanghai,Height,12,-0.260920167,"a,e"
Guangzhou,Height,12,-0.2197235078,"a,e"
Wuhan,Height,15,-0.1297347248,"a,e"
Wuhan,Height,9,-0.3707790673,"a,e"
Shanghai,Height,18,-0.2076984942,"a,e"
Guangzhou,Height,9,-0.4047993422,"a,e"
Shanghai,Height,9,-0.3559210896,"a,e"
Shanghai,Height,33,0.2278825194,"a,e"
Wuhan,Height,15,-0.2949614227,"a,e"
Shanghai,Height,18,-0.1561799794,"a,e"
Wuhan,Height,21,-0.04413861781,"a,e"
Shanghai,Height,33,0.3209814727,"a,e"
Shanghai,Height,18,-0.1389195025,"a,e"
Shanghai,Height,18,-0.1614972502,"a,e"
Shanghai,Height,18,-0.16781497,"a,e"
Shanghai,Height,21,-0.02268504724,"a,e"
Shanghai,Height,18,-0.07873374969,"a,e"
Beijing,Height,42,0.3202157319,"a,e"
Beijing,Height,6,-0.3766926825,"a,e"
Wuhan,Height,24,0.06197714433,"a,e"
Wuhan,Height,9,-0.1793728769,"a,e"
Shanghai,Height,12,-0.189622134,"a,e"
Shanghai,Height,21,-0.02734493837,"a,e"
Guangzhou,Height,9,-0.3845988214,"a,e"
Guangzhou,Height,6,-0.3328052163,"a,e"
Shanghai,Height,12,-0.3107481003,"a,e"
Beijing,Height,9,-0.3474946618,"a,e"
Shanghai,Height,18,-0.1106390283,"a,e"
Shanghai,Height,9,-0.4095275104,"a,e"
Guangzhou,Height,24,0.1228983328,"a,e"
Wuhan,Height,15,-0.17575863,"a,e"
Shanghai,Height,15,-0.1777586192,"a,e"
Shanghai,Height,30,0.0882652849,"a,e"
Wuhan,Height,18,-0.07259859145,"a,e"
Shanghai,Height,15,-0.2598295808,"a,e"
Wuhan,Height,21,-0.02554248832,"a,e"
Shanghai,Height,12,-0.1620102525,"a,e"
Shanghai,Height,9,-0.334179014,"a,e"
Wuhan,Height,30,0.1302431673,"a,e"
Shanghai,Height,75,0.3876088262,"a,e"
Shanghai,Height,15,-0.1799545884,"a,e"
Shanghai,Height,18,-0.07348783314,"a,e"
Shanghai,Height,18,-0.1471498609,"a,e"
Shanghai,Height,18,-0.2265956402,"a,e"
Wuhan,Height,15,-0.1461188346,"a,e"
Shanghai,Height,18,-0.2113496214,"a,e"
Shanghai,Height,18,-0.06854695082,"a,e"
Wuhan,Height,18,-0.07229552418,"a,e"
Guangzhou,Height,9,-0.376192838,"a,e"
Shanghai,Height,15,-0.16365242,"a,e"
Shanghai,Height,33,0.2788205147,"a,e"
Wuhan,Height,18,-0.1641988754,"a,e"
Shanghai,Height,69,0.3370829225,"a,e"
Shanghai,Height,18,-0.1208682731,"a,e"
Shanghai,Height,21,-0.114136301,"a,e"
Shanghai,Height,15,-0.1834313869,"a,e"
Guangzhou,Height,15,-0.1111997217,"a,e"
Wuhan,Height,9,-0.2490687817,"a,e"
Shanghai,Height,9,-0.1839148253,"a,e"
Wuhan,Height,12,-0.1550054699,"a,e"
Wuhan,Height,51,0.1871709824,"a,e"
Shanghai,Height,18,-0.1723616123,"a,e"
Beijing,Height,51,0.471603781,"a,e"
Shanghai,Height,9,-0.2348977327,"a,e"
Shanghai,Height,9,-0.3303183913,"a,e"
Guangzhou,Height,36,0.1195640489,"a,e"
Shanghai,Height,15,-0.1875845045,"a,e"
Guangzhou,Height,18,-0.0395710282,"a,e"
Shanghai,Height,42,0.1872078478,"a,e"
Shanghai,Height,15,-0.1513999701,"a,e"
Guangzhou,Height,6,-0.4042156637,"a,e"
Shanghai,Height,18,-0.2084100693,"a,e"
Beijing,Height,18,-0.2363879085,"a,e"
Guangzhou,Height,81,0.9515910745,"a,e"
Shanghai,Height,18,-0.0359389782,"a,e"
Shanghai,Height,9,-0.3384154439,"a,e"
Guangzhou,Height,30,0.2694666088,"a,e"
Guangzhou,Height,9,-0.4429484606,"a,e"
Wuhan,Height,18,-0.1741362065,"a,e"
Beijing,Height,9,-0.3176909983,"a,e"
Shanghai,Height,30,0.2139632702,"a,e"
Shanghai,Height,9,-0.2304417938,"a,e"
Shanghai,Height,18,-0.1078616306,"a,e"
Beijing,Height,6,-0.3590609729,"a,e"
Beijing,Height,66,0.340165019,"a,e"
Shanghai,Height,18,-0.1588791013,"a,e"
Beijing,Height,15,-0.2473067045,"a,e"
Shanghai,Height,9,-0.3479409814,"a,e"
Shanghai,Height,18,-0.1364411712,"a,e"
Shanghai,Height,9,-0.31093207,"a,e"
Guangzhou,Height,12,-0.3843969703,"a,e"
Beijing,Height,12,-0.19983688,"a,e"
Shanghai,Height,12,-0.3400879502,"a,e"
Guangzhou,Height,9,-0.3912627697,"a,e"
Shanghai,Height,12,-0.2462279797,"a,e"
Beijing,Height,39,0.4352637231,"a,e"
Guangzhou,Height,9,-0.3977796733,"a,e"
Shanghai,Height,18,-0.106107831,"a,e"
Shanghai,Height,18,-0.06617508829,"a,e"
Guangzhou,Height,18,-0.02577437274,"a,e"
Shanghai,Height,21,-0.002069420647,"a,e"
Wuhan,Height,18,-0.1648823172,"a,e"
Shanghai,Height,18,-0.09985034168,"a,e"
Shanghai,Height,15,-0.2252766043,"a,e"
Wuhan,Height,18,-0.2159767896,"a,e"
Beijing,Height,42,0.1298285425,"a,e"
Shanghai,Height,9,-0.1866388619,"a,e"
Beijing,Height,18,-0.1682809889,"a,e"
Shanghai,Height,21,-0.0447389707,"a,e"
Shanghai,Height,18,-0.2047585845,"a,e"
Guangzhou,Height,9,-0.3809202909,"a,e"
Beijing,Height,21,0.1700676233,"a,e"
Wuhan,Height,9,-0.2354613394,"a,e"
Wuhan,Height,54,0.2819480002,"a,e"
Shanghai,Height,33,0.177841112,"a,e"
Shanghai,Height,27,0.1700720787,"a,e"
Shanghai,Height,21,0.035050001,"a,e"
Beijing,Height,6,-0.2774321437,"a,e"
Guangzhou,Height,15,-0.1287064999,"a,e"
Beijing,Height,21,0.1507247835,"a,e"
Shanghai,Height,18,-0.2113301754,"a,e"
Shanghai,Height,18,-0.1594228595,"a,e"
Shanghai,Height,48,0.3572203219,"a,e"
Shanghai,Height,21,-0.02894706093,"a,e"
Shanghai,Height,18,-0.2127400637,"a,e"
Shanghai,Height,6,-0.1255414635,"a,e"
Shanghai,Height,21,-0.04318659008,"a,e"
Wuhan,Height,18,-0.1679130346,"a,e"
Shanghai,Height,36,0.2202651054,"a,e"
Guangzhou,Height,12,-0.2710202634,"a,e"
Shanghai,Height,6,-0.1880495846,"a,e"
Beijing,Height,18,-0.241929546,"a,e"
Shanghai,Height,9,-0.1546479613,"a,e"
Shanghai,Height,9,-0.2579518855,"a,e"
Beijing,Height,24,0.1598155648,"a,e"
Beijing,Height,9,-0.2780437469,"a,e"
Beijing,Height,9,-0.2694678009,"a,e"
Guangzhou,Height,9,-0.4236619174,"a,e"
Shanghai,Height,24,0.2599484026,"a,e"
Shanghai,Height,39,0.2962448895,"a,e"
Guangzhou,Height,9,-0.3484636843,"a,e"
Shanghai,Height,15,-0.1841297001,"a,e"
Shanghai,Height,21,-0.05998634174,"a,e"
Wuhan,Height,15,-0.2650671303,"a,e"
Shanghai,Height,18,-0.204957068,"a,e"
Guangzhou,Height,18,-0.0423533991,"a,e"
Wuhan,Height,9,-0.3610809445,"a,e"
Beijing,Height,18,-0.2240879238,"a,e"
Wuhan,Height,21,-0.1453356594,"a,e"
Guangzhou,Height,48,0.1608736962,"a,e"
Shanghai,Height,36,0.285638392,"a,e"
Shanghai,Height,15,-0.1489717066,"a,e"
Shanghai,Height,30,0.1787528396,"a,e"
Shanghai,Height,15,-0.1519261301,"a,e"
Shanghai,Height,15,-0.09328176826,"a,e"
Wuhan,Height,9,-0.3095588982,"a,e"
Shanghai,Height,18,-0.02680744417,"a,e"
Shanghai,Height,21,0.4111506939,"a,e"
Guangzhou,Height,30,0.3151756227,"a,e"
Shanghai,Height,18,-0.1581341624,"a,e"
Beijing,Height,12,-0.1231250465,"a,e"
Shanghai,Height,9,-0.2803405821,"a,e"
Shanghai,Height,18,-0.1370042413,"a,e"
Shanghai,Height,18,-0.2171254754,"a,e"
Wuhan,Height,60,0.3638492227,"a,e"
Shanghai,Height,21,0.0876339674,"a,e"
