City,Feature,Feature_value,SHAP_value,used_in_panels
Shanghai,Fee,0.4,-0.199877128,"a,j"
Shanghai,Fee,4.2,0.2192220092,"a,j"
Shanghai,Fee,0.5,0.07290825248,"a,j"
Shanghai,Fee,2.3,-0.1329889596,"a,j"
Shanghai,Fee,1.2,-0.154128775,"a,j"
Shanghai,Fee,1.3,0.01476756949,"a,j"
Beijing,Fee,1.68,-0.05893983692,"a,j"
Beijing,Fee,0.7,-0.1720305383,"a,j"
Shanghai,Fee,0.3,-0.1003518105,"a,j"
Beijing,Fee,3.0,0.06559489667,"a,j"
Wuhan,Fee,1.0,-0.01432228927,"a,j"
Beijing,Fee,0.8,-0.01045555249,"a,j"
Shanghai,Fee,5.6,-0.2039527893,"a,j"
Beijing,Fee,3.0,0.1156110018,"a,j"
Shanghai,Fee,2.8,-0.04080951214,"a,j"
Shanghai,Fee,2.25,0.03428780288,"a,j"
Shanghai,Fee,2.5,-0.03406089544,"a,j"
Guangzhou,Fee,3.7,0.08601728082,"a,j"
Shanghai,Fee,1.2,0.08051732928,"a,j"
Guangzhou,Fee,3.5,0.2625448406,"a,j"
Shanghai,Fee,3.45,-0.02489029616,"a,j"
Shanghai,Fee,0.55,0.01019333955,"a,j"
Shanghai,Fee,2.9,0.04079691693,"a,j"
Shanghai,Fee,0.7,0.02800893597,"a,j"
Wuhan,Fee,1.0,-0.1164837927,"a,j"
Wuhan,Fee,0.5,-0.0381952934,"a,j"
Beijing,Fee,0.9,-0.1137490273,"a,j"
Shanghai,Fee,1.2,0.08538538963,"a,j"
Shanghai,Fee,1.36,-0.04797992483,"a,j"
Shanghai,Fee,1.62,-0.04543820396,"a,j"
Guangzhou,Fee,1.0,-0.09271516651,"a,j"
Shanghai,Fee,0.8,-0.1086037606,"a,j"
Wuhan,Fee,0.5,-0.10859707,"a,j"
Shanghai,Fee,0.8,-0.02920024097,"a,j"
Wuhan,Fee,0.8,-0.04625365138,"a,j"
Guangzhou,Fee,1.8,-0.1011057943,"a,j"
Wuhan,Fee,1.0,-0.1011111736,"a,j"
Wuhan,Fee,1.7,0.1177924722,"a,j"
Shanghai,Fee,0.9,-0.04285837337,"a,j"
Shanghai,Fee,0.35,-0.2422263175,"a,j"
Wuhan,Fee,0.5,-0.06398764998,"a,j"
Wuhan,Fee,1.8,0.0549745895,"a,j"
Wuhan,Fee,0.9,-0.09542069584,"a,j"
Shanghai,Fee,0.6,-0.02132730559,"a,j"
Shanghai,Fee,0.8,-0.1075276881,"a,j"
Wuhan,Fee,0.6,-0.05979551747,"a,j"
Wuhan,Fee,0.5,-0.1014399007,"a,j"
Shanghai,Fee,4.0,0.1568207741,"a,j"
Guangzhou,Fee,1.5,-0.1588736475,"a,j"
Wuhan,Fee,0.8,-0.05499568954,"a,j"
Shanghai,Fee,6.2,-0.4110474885,"a,j"
Wuhan,Fee,0.8,-0.0910507068,"a,j"
Shanghai,Fee,5.0,-0.8470522165,"a,j"
Shanghai,Fee,0.5,0.02308613993,"a,j"
Shanghai,Fee,1.25,-0.004034250043,"a,j"
Shanghai,Fee,0.3,0.664911747,"a,j"
Shanghai,Fee,0.85,-0.02610259503,"a,j"
Shanghai,Fee,2.0,-0.06078954414,"a,j"
Shanghai,Fee,0.9,-0.01437353529,"a,j"
Wuhan,Fee,0.5,-0.02569010481,"a,j"
Shanghai,Fee,1.35,-0.03399524093,"a,j"
Beijing,Fee,0.6,-0.05889460072,"a,j"
Shanghai,Fee,1.8,-0.1801958829,"a,j"
Guangzhou,Fee,2.5,-0.1704064459,"a,j"
Beijing,Fee,0.98,-0.05901269987,"a,j"
Wuhan,Fee,1.2,-0.02118705958,"a,j"
Guangzhou,Fee,0.9,-0.04934827238,"a,j"
Beijing,Fee,0.4,0.1621669531,"a,j"
Beijing,Fee,1.9,0.0181804169,"a,j"
Guangzhou,Fee,2.0,-0.1870700866,"a,j"
Beijing,Fee,0.5,0.07644946128,"a,j"
Shanghai,Fee,6.2,-0.6147184372,"a,j"
Shanghai,Fee,2.4,-0.1856731325,"a,j"
Beijing,Fee,1.9,0.06277652085,"a,j"
Wuhan,Fee,2.2,0.1862648129,"a,j"
Shanghai,Fee,0.6,-0.004679467995,"a,j"
Shanghai,Fee,0.75,-0.01807441004,"a,j"
Wuhan,Fee,1.2,0.02432317287,"a,j"
Shanghai,Fee,1.1,-0.04013540596,"a,j"
Wuhan,Fee,2.98,0.2172254771,"a,j"
Shanghai,Fee,6.8,-0.6013354659,"a,j"
Shanghai,Fee,0.5,-0.04852856323,"a,j"
Shanghai,Fee,0.8,-0.003310652915,"a,j"
Shanghai,Fee,0.65,-0.06569294631,"a,j"
Shanghai,Fee,0.5,-0.04557308182,"a,j"
Shanghai,Fee,2.5,-0.04398382083,"a,j"
Shanghai,Fee,4.46,0.139071241,"a,j"
Shanghai,Fee,2.2,0.005012625363,"a,j"
Shanghai,Fee,2.3,0.008695723489,"a,j"
Wuhan,Fee,0.5,-0.1626484692,"a,j"
Shanghai,Fee,2.8,-0.120145537,"a,j"
Beijing,Fee,5.5,-0.4190514982,"a,j"
Beijing,Fee,2.0,0.0009698765352,"a,j"
Guangzhou,Fee,0.5,-0.03153299913,"a,j"
Shanghai,Fee,1.5,0.0102189891,"a,j"
Wuhan,Fee,1.0,-0.001632018946,"a,j"
Wuhan,Fee,1.0,-0.05497305468,"a,j"
Guangzhou,Fee,1.5,-0.1906009018,"a,j"
Shanghai,Fee,0.6,-0.05871573091,"a,j"
Wuhan,Fee,4.5,0.1634228379,"a,j"
Guangzhou,Fee,2.0,-0.2403349727,"a,j"
Shanghai,Fee,0.65,0.01996629313,"a,j"
Guangzhou,Fee,0.8,-0.04988479614,"a,j"
Shanghai,Fee,1.0,-0.05159780756,"a,j"
Shanghai,Fee,0.6,0.0088522695,"a,j"
Guangzhou,Fee,2.0,0.1077956557,"a,j"
Wuhan,Fee,0.9,-0.1627579778,"a,j"
Shanghai,Fee,0.4,-0.273016423,"a,j"
Shanghai,Fee,0.6,0.01243926212,"a,j"
Shanghai,Fee,0.5,-0.01912944205,"a,j"
Shanghai,Fee,2.4,0.04154412821,"a,j"
Wuhan,Fee,1.0,0.02237343229,"a,j"
Shanghai,Fee,0.5,-0.04020939022,"a,j"
Shanghai,Fee,1.2,0.1099173203,"a,j"
Beijing,Fee,2.55,0.1091665477,"a,j"
Beijing,Fee,0.8,-0.08041067421,"a,j"
Shanghai,Fee,0.45,0.05136947706,"a,j"
Shanghai,Fee,1.5,-0.1941781789,"a,j"
Shanghai,Fee,0.54,-0.01702390797,"a,j"
Shanghai,Fee,1.53,-0.04340882227,"a,j"
Shanghai,Fee,2.98,0.0519686155,"a,j"
Wuhan,Fee,0.6,-0.0240065679,"a,j"
Shanghai,Fee,0.8,-0.0313822031,"a,j"
Shanghai,Fee,0.45,0.05410545692,"a,j"
Wuhan,Fee,0.5,-0.0726685822,"a,j"
Shanghai,Fee,0.51,0.003775339574,"a,j"
Wuhan,Fee,4.5,0.082090877,"a,j"
Shanghai,Fee,1.55,-0.1548207849,"a,j"
Shanghai,Fee,1.8,-0.009121799842,"a,j"
Shanghai,Fee,3.0,0.006915596779,"a,j"
Beijing,Fee,0.5,0.04314046726,"a,j"
Shanghai,Fee,0.5,-0.03747823089,"a,j"
Shanghai,Fee,0.8,-0.005818211008,"a,j"
Shanghai,Fee,0.8,-0.04646303132,"a,j"
Guangzhou,Fee,1.2,0.05448208377,"a,j"
Guangzhou,Fee,0.9,-0.107670255,"a,j"
Shanghai,Fee,2.5,-0.03526657075,"a,j"
Shanghai,Fee,1.8,-0.1125653535,"a,j"
Beijing,Fee,0.73,-0.07905851305,"a,j"
Shanghai,Fee,1.5,-0.1610372812,"a,j"
Guangzhou,Fee,0.5,0.1143493652,"a,j"
Wuhan,Fee,1.2,0.1452400535,"a,j"
Wuhan,Fee,2.0,-0.1263166666,"a,j"
Shanghai,Fee,0.85,-0.02625093609,"a,j"
Beijing,Fee,0.62,0.02409444749,"a,j"
Shanghai,Fee,3.0,0.1141663045,"a,j"
Beijing,Fee,1.2,0.09236897528,"a,j"
Shanghai,Fee,0.45,0.0138904443,"a,j"
Shanghai,Fee,1.45,-0.01613498479,"a,j"
Shanghai,Fee,0.35,0.0817187801,"a,j"
Shanghai,Fee,0.7,-0.1264479011,"a,j"
Beijing,Fee,0.5,-0.07599946111,"a,j"
Wuhan,Fee,0.8,-0.1023940295,"a,j"
Guangzhou,Fee,3.8,0.3131667078,"a,j"
Shanghai,Fee,0.3,0.6518076658,"a,j"
Shanghai,Fee,8.0,-0.2882757187,"a,j"
Wuhan,Fee,2.5,-0.04636180028,"a,j"
Shanghai,Fee,2.0,-0.02747587115,"a,j"
Shanghai,Fee,3.5,0.1284859627,"a,j"
Shanghai,Fee,4.8,0.2851363122,"a,j"
Shanghai,Fee,1.96,-0.1444412321,"a,j"
Shanghai,Fee,0.5,0.03915539756,"a,j"
Wuhan,Fee,0.9,-0.1060935557,"a,j"
Beijing,Fee,1.8,-0.0460421592,"a,j"
Shanghai,Fee,1.8,-0.1185106486,"a,j"
Beijing,Fee,0.8,-0.04824205488,"a,j"
Shanghai,Fee,4.5,0.08124183118,"a,j"
Shanghai,Fee,1.3,0.04380339384,"a,j"
Beijing,Fee,0.5,-0.03902876377,"a,j"
Shanghai,Fee,2.55,0.01945278235,"a,j"
Guangzhou,Fee,1.9,-0.1588722616,"a,j"
Beijing,Fee,2.5,-0.05039692298,"a,j"
Shanghai,Fee,0.4,-0.1566987932,"a,j"
Wuhan,Fee,0.7,-0.1817964166,"a,j"
Shanghai,Fee,1.25,0.01415654272,"a,j"
Shanghai,Fee,4.46,0.1587330699,"a,j"
Shanghai,Fee,1.9,-0.07093074173,"a,j"
Shanghai,Fee,0.98,-0.02969127893,"a,j"
Shanghai,Fee,0.8,-0.02804446593,"a,j"
Shanghai,Fee,3.2,0.06459399313,"a,j"
Beijing,Fee,0.5,-0.04381233081,"a,j"
Guangzhou,Fee,0.9,-0.1186496988,"a,j"
Guangzhou,Fee,2.0,-0.2102003247,"a,j"
Shanghai,Fee,0.45,0.03219608217,"a,j"
Wuhan,Fee,1.2,0.008276034147,"a,j"
Shanghai,Fee,2.0,-0.1007099152,"a,j"
Shanghai,Fee,2.0,-0.1335980892,"a,j"
Shanghai,Fee,0.8,-0.04767618328,"a,j"
Shanghai,Fee,0.8,-0.04864169285,"a,j"
Shanghai,Fee,0.45,0.05926375464,"a,j"
Wuhan,Fee,0.8,-0.26378268,"a,j"
Shanghai,Fee,1.78,-0.1591537297,"a,j"
Wuhan,Fee,1.5,-0.1007087156,"a,j"
Beijing,Fee,0.9,-0.01235386077,"a,j"
Wuhan,Fee,0.6,-0.1274892688,"a,j"
Shanghai,Fee,1.7,-0.03367492929,"a,j"
Shanghai,Fee,6.0,-0.7991251945,"a,j"
Shanghai,Fee,0.8,0.00782847777,"a,j"
Wuhan,Fee,0.7,-0.1016153023,"a,j"
Beijing,Fee,0.8,-0.03614077345,"a,j"
Shanghai,Fee,2.0,0.06970248371,"a,j"
Guangzhou,Fee,3.9,0.001528491732,"a,j"
Beijing,Fee,1.5,-0.1497885436,"a,j"
Shanghai,Fee,0.3,0.04518837109,"a,j"
Shanghai,Fee,2.0,0.02627787367,"a,j"
Shanghai,Fee,0.6,-0.008323838003,"a,j"
Shanghai,Fee,0.55,0.01064338442,"a,j"
Shanghai,Fee,0.5,0.08704812825,"a,j"
Wuhan,Fee,0.5,-0.006330780685,"a,j"
Beijing,Fee,4.6,0.03451544419,"a,j"
Shanghai,Fee,0.3,-0.04751717672,"a,j"
Wuhan,Fee,0.5,0.007734972052,"a,j"
Guangzhou,Fee,0.6,-0.02370241657,"a,j"
Shanghai,Fee,1.2,0.02046759613,"a,j"
Wuhan,Fee,0.8,-0.06658558547,"a,j"
Shanghai,Fee,1.55,-0.07181383669,"a,j"
Guangzhou,Fee,6.8,-0.2417191565,"a,j"
Beijing,Fee,4.5,0.04578534886,"a,j"
Shanghai,Fee,0.8,-0.09110952914,"a,j"
Shanghai,Fee,0.45,-0.02880037017,"a,j"
Shanghai,Fee,0.75,-0.009355684742,"a,j"
Shanghai,Fee,0.8,-0.03825356066,"a,j"
Beijing,Fee,0.9,-0.01164688822,"a,j"
Shanghai,Fee,4.0,0.4937201738,"a,j"
Shanghai,Fee,0.6,-0.05217218399,"a,j"
Beijing,Fee,1.0,-0.0197898075,"a,j"
Guangzhou,Fee,0.9,-0.08993589133,"a,j"
Shanghai,Fee,0.5,-0.01725884527,"a,j"
Shanghai,Fee,1.06,-0.1319925934,"a,j"
Shanghai,Fee,0.8,0.01521344017,"a,j"
Guangzhou,Fee,2.0,-0.189542681,"a,j"
Beijing,Fee,0.5,-0.03753378242,"a,j"
Shanghai,Fee,0.5,0.1247338727,"a,j"
Shanghai,Fee,3.98,0.3370355368,"a,j"
Shanghai,Fee,7.5,-0.1029666066,"a,j"
Wuhan,Fee,0.5,0.02186962217,"a,j"
Guangzhou,Fee,2.0,-0.2885060608,"a,j"
Wuhan,Fee,0.5,-0.1269538403,"a,j"
Guangzhou,Fee,0.9,-0.03479202092,"a,j"
Shanghai,Fee,1.0,-0.1580092758,"a,j"
Shanghai,Fee,2.9,-0.09669913352,"a,j"
Beijing,Fee,0.8,-0.009367950261,"a,j"
Beijing,Fee,0.6,0.0279286094,"a,j"
Wuhan,Fee,1.2,0.07225084305,"a,j"
Guangzhou,Fee,0.9,-0.1341249198,"a,j"
Shanghai,Fee,0.8,-0.026282534,"a,j"
Shanghai,Fee,0.5,0.07029603422,"a,j"
Beijing,Fee,0.6,0.003485883586,"a,j"
Wuhan,Fee,2.0,0.03874985129,"a,j"
Wuhan,Fee,1.0,-0.09399513155,"a,j"
Shanghai,Fee,1.0,-0.01630682312,"a,j"
Shanghai,Fee,6.8,-0.7120432854,"a,j"
Shanghai,Fee,6.0,-0.3947462738,"a,j"
Wuhan,Fee,0.5,-0.08353882283,"a,j"
Shanghai,Fee,7.5,-0.2221548706,"a,j"
Guangzhou,Fee,2.0,-0.190787971,"a,j"
Shanghai,Fee,2.5,-0.0727905184,"a,j"
Shanghai,Fee,0.85,-0.0493561551,"a,j"
Shanghai,Fee,0.6,0.04562260211,"a,j"
Shanghai,Fee,0.8,-0.03782889247,"a,j"
Shanghai,Fee,0.35,-0.2195137441,"a,j"
Wuhan,Fee,0.7,-0.05886333436,"a,j"
Shanghai,Fee,0.5,-0.05070518702,"a,j"
Wuhan,Fee,0.9,-0.0514569357,"a,j"
Wuhan,Fee,0.6,-0.1460249722,"a,j"
Shanghai,Fee,0.4,0.05397132039,"a,j"
Beijing,Fee,0.5,-0.04236061499,"a,j"
Shanghai,Fee,0.8,-0.0105393976,"a,j"
Shanghai,Fee,0.5,0.1006156951,"a,j"
Beijing,Fee,1.0,-0.1056527272,"a,j"
Shanghai,Fee,1.8,0.04271987453,"a,j"
Wuhan,Fee,2.0,-0.02178624272,"a,j"
Guangzhou,Fee,2.0,-0.07381761074,"a,j"
Beijing,Fee,0.5,0.04129368812,"a,j"
Shanghai,Fee,1.8,-0.2035041302,"a,j"
Shanghai,Fee,2.0,-0.09594146907,"a,j"
Shanghai,Fee,0.3,-0.1062893048,"a,j"
Shanghai,Fee,2.05,0.1711596102,"a,j"
Beijing,Fee,7.8,-0.6125687957,"a,j"
Wuhan,Fee,0.5,0.03277773783,"a,j"
Beijing,Fee,2.0,-0.06214462221,"a,j"
Wuhan,Fee,0.6,-0.0590974018,"a,j"
Wuhan,Fee,2.0,-0.2280384004,"a,j"
Shanghai,Fee,0.8,-0.04152501374,"a,j"
Guangzhou,Fee,3.7,0.09551392496,"a,j"
Shanghai,Fee,0.8,-0.009979374707,"a,j"
Wuhan,Fee,1.5,-0.04854975268,"a,j"
Beijing,Fee,0.9,-0.07671970874,"a,j"
Shanghai,Fee,6.2,-0.4012473226,"a,j"
Wuhan,Fee,0.9,-0.1283137202,"a,j"
Shanghai,Fee,0.8,-0.03591404483,"a,j"
Guangzhou,Fee,0.9,0.001937823836,"a,j"
Shanghai,Fee,0.3,-0.05622562021,"a,j"
Shanghai,Fee,2.6,0.07973002642,"a,j"
Wuhan,Fee,0.5,-0.008578440174,"a,j"
Shanghai,Fee,2.5,0.0478826426,"a,j"
Shanghai,Fee,0.9,-0.05374898016,"a,j"
Shanghai,Fee,0.8,-0.009009500034,"a,j"
Shanghai,Fee,0.45,0.08666391671,"a,j"
Shanghai,Fee,0.45,-0.1717490703,"a,j"
Shanghai,Fee,0.85,-0.07625380903,"a,j"
Wuhan,Fee,1.4,-0.0310553275,"a,j"
Guangzhou,Fee,1.5,-0.09305799007,"a,j"
Guangzhou,Fee,2.3,-0.1147995815,"a,j"
Shanghai,Fee,0.9,-0.03469037265,"a,j"
Shanghai,Fee,0.9,-0.08726911992,"a,j"
Shanghai,Fee,0.5,-0.07755073905,"a,j"
Guangzhou,Fee,3.7,0.05006182194,"a,j"
Shanghai,Fee,5.6,-0.2912938595,"a,j"
Shanghai,Fee,1.0,-0.01531356946,"a,j"
Guangzhou,Fee,0.6,-0.1049709916,"a,j"
Beijing,Fee,0.9,-0.03170057386,"a,j"
Shanghai,Fee,0.9,-0.1018125489,"a,j"
Beijing,Fee,0.55,-0.09757137299,"a,j"
Guangzhou,Fee,0.8,-0.0454749465,"a,j"
Beijing,Fee,0.55,-0.05960452557,"a,j"
Guangzhou,Fee,1.8,-0.2115917206,"a,j"
Shanghai,Fee,0.85,-0.0227351822,"a,j"
Guangzhou,Fee,0.5,0.01604937389,"a,j"
Shanghai,Fee,1.45,-0.01404502708,"a,j"
Shanghai,Fee,0.35,0.07183799148,"a,j"
Beijing,Fee,2.36,0.166757226,"a,j"
Shanghai,Fee,0.8,0.04106500372,"a,j"
Shanghai,Fee,0.6,-0.008115686476,"a,j"
Wuhan,Fee,0.6,-0.09087814391,"a,j"
Shanghai,Fee,2.0,-0.1460883766,"a,j"
Guangzhou,Fee,0.5,0.000907399226,"a,j"
Shanghai,Fee,5.8,-0.8243353963,"a,j"
Shanghai,Fee,0.5,0.2281207293,"a,j"
Shanghai,Fee,1.85,0.1841301322,"a,j"
Shanghai,Fee,1.3,0.05892572924,"a,j"
Wuhan,Fee,0.6,-0.02100514993,"a,j"
Shanghai,Fee,0.5,0.03984012827,"a,j"
Shanghai,Fee,5.0,0.002309797332,"a,j"
Beijing,Fee,0.6,0.08016803116,"a,j"
Shanghai,Fee,2.0,-0.1669814587,"a,j"
Shanghai,Fee,0.5,-0.001385883312,"a,j"
Shanghai,Fee,0.8,-0.1086059064,"a,j"
Shanghai,Fee,0.9,-0.159946993,"a,j"
Beijing,Fee,5.5,-0.9450483322,"a,j"
Shanghai,Fee,0.8,-0.06403712183,"a,j"
Shanghai,Fee,1.2,-0.004222636577,"a,j"
Shanghai,Fee,1.1,0.05011554435,"a,j"
Shanghai,Fee,0.5,0.006504134275,"a,j"
Beijing,Fee,1.0,-0.1369598359,"a,j"
Beijing,Fee,0.9,-0.1626698524,"a,j"
Shanghai,Fee,0.3,-0.1474511474,"a,j"
Shanghai,Fee,1.2,0.1245660409,"a,j"
Shanghai,Fee,0.45,0.01954421028,"a,j"
Shanghai,Fee,4.5,-0.1922831237,"a,j"
Shanghai,Fee,2.8,-0.08812879026,"a,j"
Wuhan,Fee,0.9,-0.1683032513,"a,j"
Shanghai,Fee,1.5,-0.06721864641,"a,j"
Wuhan,Fee,0.9,0.01711028442,"a,j"
Shanghai,Fee,0.8,-0.01692882553,"a,j"
Wuhan,Fee,0.5,-0.1967207491,"a,j"
Beijing,Fee,1.0,-0.1238553524,"a,j"
Shanghai,Fee,0.35,-0.09900621325,"a,j"
Guangzhou,Fee,0.5,0.03365214169,"a,j"
Shanghai,Fee,2.0,-0.1096586436,"a,j"
Shanghai,Fee,1.25,-0.01476348191,"a,j"
Shanghai,Fee,1.2,0.07756950706,"a,j"
Beijing,Fee,4.45,0.2330764085,"a,j"
Guangzhou,Fee,2.0,-0.1755247861,"a,j"
Beijing,Fee,1.1,0.01368006878,"a,j"
Shanghai,Fee,0.3,-0.1915660053,"a,j"
Shanghai,Fee,1.2,0.0334090814,"a,j"
Wuhan,Fee,1.8,-0.07476677746,"a,j"
Shanghai,Fee,0.8,-0.01229112223,"a,j"
Beijing,Fee,1.98,-0.09675795585,"a,j"
Shanghai,Fee,1.45,0.01411718968,"a,j"
Shanghai,Fee,1.2,-0.02166560851,"a,j"
Guangzhou,Fee,1.8,-0.1307610273,"a,j"
Shanghai,Fee,0.6,-0.06425145268,"a,j"
Wuhan,Fee,0.7,-0.04750436917,"a,j"
Wuhan,Fee,0.5,-0.009016072378,"a,j"
Beijing,Fee,0.5,0.02901147306,"a,j"
Beijing,Fee,0.7,-0.02431320399,"a,j"
Shanghai,Fee,0.3,0.3741798103,"a,j"
Shanghai,Fee,0.5,0.02073231339,"a,j"
Shanghai,Fee,0.8,-0.07683067769,"a,j"
Wuhan,Fee,1.3,0.004543249495,"a,j"
Shanghai,Fee,0.5,0.03179213405,"a,j"
Shanghai,Fee,0.9,-0.0946194604,"a,j"
Shanghai,Fee,0.5,-0.02351773158,"a,j"
Shanghai,Fee,1.2,0.04039283469,"a,j"
Shanghai,Fee,1.1,0.08706744015,"a,j"
Shanghai,Fee,0.65,0.02700769715,"a,j"
Shanghai,Fee,3.3,-0.0298772268,"a,j"
Beijing,Fee,1.2,-0.03308352455,"a,j"
Wuhan,Fee,3.98,0.7275022864,"a,j"
Shanghai,Fee,1.6,-0.08965416998,"a,j"
Shanghai,Fee,1.2,0.06219778582,"a,j"
Shanghai,Fee,0.4,-0.2427336127,"a,j"
Wuhan,Fee,0.3,-0.07425459474,"a,j"
Shanghai,Fee,6.2,-0.3939727247,"a,j"
Beijing,Fee,0.5,0.0339313522,"a,j"
Wuhan,Fee,0.9,-0.1241658255,"a,j"
Shanghai,Fee,1.45,-0.01778958738,"a,j"
Guangzhou,Fee,1.2,0.06478926539,"a,j"
Shanghai,Fee,3.2,-0.03171256557,"a,j"
Shanghai,Fee,0.95,0.006079044659,"a,j"
Wuhan,Fee,0.9,-0.06150196865,"a,j"
Wuhan,Fee,0.5,0.008841644041,"a,j"
Beijing,Fee,2.09,0.01927547157,"a,j"
Beijing,Fee,2.4,0.05001306534,"a,j"
Shanghai,Fee,0.6,0.004876363557,"a,j"
Guangzhou,Fee,5.8,-0.9052557349,"a,j"
Guangzhou,Fee,2.0,-0.1362864375,"a,j"
Shanghai,Fee,2.8,-0.01077733934,"a,j"
Guangzhou,Fee,3.9,0.1366794258,"a,j"
Guangzhou,Fee,2.6,0.1025952101,"a,j"
Guangzhou,Fee,3.0,-1.576158684e-05,"a,j"
Wuhan,Fee,1.2,0.09829121083,"a,j"
Guangzhou,Fee,3.0,0.1355138123,"a,j"
Shanghai,Fee,3.45,-0.05506791174,"a,j"
Shanghai,Fee,0.8,-0.0384583734,"a,j"
Shanghai,Fee,7.0,-0.457498163,"a,j"
Shanghai,Fee,1.35,-0.07829677314,"a,j"
Shanghai,Fee,2.3,-0.1030524075,"a,j"
Beijing,Fee,2.5,0.06568436325,"a,j"
Shanghai,Fee,0.5,-0.09276427329,"a,j"
Shanghai,Fee,3.3,0.09934479743,"a,j"
Shanghai,Fee,0.5,0.02351524495,"a,j"
Wuhan,Fee,0.6,-0.1315697432,"a,j"
Beijing,Fee,2.6,0.004244599026,"a,j"
Shanghai,Fee,0.99,-0.06070185453,"a,j"
Guangzhou,Fee,0.95,-0.01791750267,"a,j"
Wuhan,Fee,4.0,0.383318454,"a,j"
Beijing,Fee,0.5,-0.01554376539,"a,j"
Shanghai,Fee,0.95,-0.09830334038,"a,j"
Guangzhou,Fee,2.8,0.03681727499,"a,j"
Shanghai,Fee,4.0,0.3129835427,"a,j"
Shanghai,Fee,2.0,-0.1354512423,"a,j"
Wuhan,Fee,1.5,-0.183363378,"a,j"
Beijing,Fee,1.58,-0.1357754469,"a,j"
Shanghai,Fee,1.1,0.06651755422,"a,j"
Shanghai,Fee,5.5,-0.8308570981,"a,j"
Beijing,Fee,0.7,-0.01470033266,"a,j"
Beijing,Fee,0.5,-0.07631690055,"a,j"
Shanghai,Fee,1.9,-0.1320733428,"a,j"
Shanghai,Fee,2.1,-0.03050090373,"a,j"
Shanghai,Fee,2.8,-0.0789585337,"a,j"
Beijing,Fee,0.9,-0.2303206623,"a,j"
Guangzhou,Fee,1.9,-0.1067449227,"a,j"
Shanghai,Fee,0.35,-0.1154185683,"a,j"
Shanghai,Fee,0.55,0.002176637063,"a,j"
Shanghai,Fee,0.6,-0.01631756686,"a,j"
Shanghai,Fee,3.7,0.2971050739,"a,j"
Shanghai,Fee,1.9,-0.06777252257,"a,j"
Guangzhou,Fee,0.5,-0.07106699795,"a,j"
Shanghai,Fee,3.5,0.1732685864,"a,j"
Shanghai,Fee,1.5,-0.1389314234,"a,j"
Guangzhou,Fee,5.1,-0.3723039329,"a,j"
Guangzhou,Fee,0.9,-0.01580672339,"a,j"
Shanghai,Fee,0.65,-0.03096183948,"a,j"
Wuhan,Fee,0.8,-0.1304835975,"a,j"
Wuhan,Fee,2.0,0.01416414604,"a,j"
Shanghai,Fee,2.1,-0.1437927634,"a,j"
Shanghai,Fee,6.35,-0.1722156107,"a,j"
Guangzhou,Fee,2.0,-0.1035557538,"a,j"
Shanghai,Fee,2.8,-0.1208442822,"a,j"
Shanghai,Fee,1.1,0.06085037813,"a,j"
Shanghai,Fee,0.8,-0.004838614725,"a,j"
Wuhan,Fee,1.0,-0.09846124798,"a,j"
Wuhan,Fee,3.5,0.1124902219,"a,j"
Beijing,Fee,0.5,0.1762770265,"a,j"
Shanghai,Fee,2.0,0.03676144406,"a,j"
Shanghai,Fee,2.0,-0.05619164929,"a,j"
Shanghai,Fee,1.25,-0.001292568166,"a,j"
Guangzhou,Fee,2.7,-0.137948975,"a,j"
Shanghai,Fee,0.47,0.05515044555,"a,j"
Shanghai,Fee,8.0,-0.4387928545,"a,j"
Shanghai,Fee,0.8,-0.1009994075,"a,j"
Beijing,Fee,2.52,0.224266693,"a,j"
Shanghai,Fee,2.2,0.0576419346,"a,j"
Beijing,Fee,2.28,-0.1496615708,"a,j"
Wuhan,Fee,0.7,-0.1616921872,"a,j"
Guangzhou,Fee,1.2,-0.04009946063,"a,j"
Guangzhou,Fee,3.0,-0.08976622671,"a,j"
Shanghai,Fee,1.7,-0.04923752323,"a,j"
Shanghai,Fee,0.5,-0.007833220996,"a,j"
Shanghai,Fee,0.9,-0.0250720717,"a,j"
Wuhan,Fee,0.5,0.01200698037,"a,j"
Wuhan,Fee,1.0,-0.08325271308,"a,j"
Wuhan,Fee,0.7,-0.1640728116,"a,j"
Beijing,Fee,1.0,-0.1476556659,"a,j"
Shanghai,Fee,1.5,-0.1362327188,"a,j"
Wuhan,Fee,0.3,-0.1881469786,"a,j"
Shanghai,Fee,1.1,0.1390452981,"a,j"
Shanghai,Fee,0.5,0.02583408542,"a,j"
Wuhan,Fee,0.6,0.06739073992,"a,j"
Shanghai,Fee,1.41,-0.03749618679,"a,j"
Shanghai,Fee,6.0,-0.4012758732,"a,j"
Shanghai,Fee,0.6,-0.01463632658,"a,j"
Shanghai,Fee,1.8,-0.06165774912,"a,j"
Wuhan,Fee,3.5,0.1051942855,"a,j"
Wuhan,Fee,1.8,-0.07382909954,"a,j"
Wuhan,Fee,2.0,-0.1552948058,"a,j"
Shanghai,Fee,0.85,-0.1177665889,"a,j"
Shanghai,Fee,0.9,-0.01721708663,"a,j"
Shanghai,Fee,1.5,-0.1358607411,"a,j"
Shanghai,Fee,2.0,-0.03091593832,"a,j"
Shanghai,Fee,1.25,-0.01896407455,"a,j"
Shanghai,Fee,0.65,-0.03733996302,"a,j"
Shanghai,Fee,0.9,-0.1265247911,"a,j"
Wuhan,Fee,1.4,-0.03755749017,"a,j"
Guangzhou,Fee,0.5,0.04039828479,"a,j"
Wuhan,Fee,1.0,-0.07682094723,"a,j"
Beijing,Fee,0.4,0.185761869,"a,j"
Shanghai,Fee,2.5,-0.129880175,"a,j"
Shanghai,Fee,6.2,-0.4835611582,"a,j"
Shanghai,Fee,1.4,-0.04347506166,"a,j"
Shanghai,Fee,2.05,-0.03740228713,"a,j"
Shanghai,Fee,2.0,-0.1479598433,"a,j"
Shanghai,Fee,1.75,-0.1028703079,"a,j"
Wuhan,Fee,0.5,-0.1407961398,"a,j"
Shanghai,Fee,0.68,-0.04023008794,"a,j"
Wuhan,Fee,1.6,-0.04371536151,"a,j"
Beijing,Fee,1.48,-0.04909166321,"a,j"
Wuhan,Fee,0.5,0.1838116795,"a,j"
Shanghai,Fee,4.8,0.03408110887,"a,j"
Shanghai,Fee,1.8,0.0154198166,"a,j"
Guangzhou,Fee,2.0,-0.1782225519,"a,j"
Shanghai,Fee,0.35,-0.1675954163,"a,j"
Shanghai,Fee,2.87,-0.02003101259,"a,j"
Beijing,Fee,0.5,0.05023922771,"a,j"
Shanghai,Fee,0.8,-0.05333413929,"a,j"
Guangzhou,Fee,0.5,0.2536467016,"a,j"
Wuhan,Fee,1.0,-0.07059726864,"a,j"
Wuhan,Fee,0.6,-0.03421511129,"a,j"
Beijing,Fee,1.7,0.003764790017,"a,j"
Wuhan,Fee,0.9,-0.01714965887,"a,j"
Beijing,Fee,2.2,0.002412551781,"a,j"
Shanghai,Fee,1.0,-0.02710033022,"a,j"
Shanghai,Fee,1.5,-0.01798226126,"a,j"
Shanghai,Fee,6.9,-0.6071804762,"a,j"
Beijing,Fee,1.8,-0.04166398197,"a,j"
Shanghai,Fee,2.3,-0.1310668141,"a,j"
Shanghai,Fee,5.8,-0.231500119,"a,j"
Guangzhou,Fee,5.8,-0.2456366718,"a,j"
Beijing,Fee,5.0,-0.4727671444,"a,j"
Wuhan,Fee,0.5,-0.05989526957,"a,j"
Shanghai,Fee,0.8,-0.0156245064,"a,j"
Shanghai,Fee,1.2,0.1026934385,"a,j"
Guangzhou,Fee,2.0,-0.0832547918,"a,j"
Guangzhou,Fee,1.5,-0.0911648199,"a,j"
Wuhan,Fee,0.9,-0.1068167314,"a,j"
Guangzhou,Fee,0.8,0.006644194014,"a,j"
Beijing,Fee,2.5,-0.1369557083,"a,j"
Shanghai,Fee,0.45,0.07101445645,"a,j"
Wuhan,Fee,1.5,-0.2239096761,"a,j"
Wuhan,Fee,0.5,-0.06809473783,"a,j"
Shanghai,Fee,1.95,-0.04639951512,"a,j"
Shanghai,Fee,0.8,-0.05535407364,"a,j"
Wuhan,Fee,0.9,-0.04161269218,"a,j"
Shanghai,Fee,2.5,-0.1518924981,"a,j"
Shanghai,Fee,2.8,-0.02642266452,"a,j"
Guangzhou,Fee,2.8,0.3231003284,"a,j"
Shanghai,Fee,1.1,-0.06959848851,"a,j"
Shanghai,Fee,4.0,0.2651407123,"a,j"
Shanghai,Fee,1.65,-0.1050750166,"a,j"
Beijing,Fee,0.9,-0.0576053448,"a,j"
Shanghai,Fee,0.45,-0.01434175298,"a,j"
Wuhan,Fee,0.7,-0.01056947839,"a,j"
Shanghai,Fee,0.5,0.06067663804,"a,j"
Shanghai,Fee,0.65,-0.07870279998,"a,j"
Wuhan,Fee,1.2,0.05185777694,"a,j"
Shanghai,Fee,2.3,-0.1126648635,"a,j"
Shanghai,Fee,6.9,-0.5770184398,"a,j"
Shanghai,Fee,3.8,0.2464568466,"a,j"
Shanghai,Fee,0.85,0.002232991159,"a,j"
Shanghai,Fee,0.45,0.03596542031,"a,j"
Shanghai,Fee,0.9,-0.04591428488,"a,j"
Shanghai,Fee,0.5,0.051114887,"a,j"
Shanghai,Fee,0.6,0.0809314549,"a,j"
Shanghai,Fee,2.0,-0.03946745396,"a,j"
Shanghai,Fee,1.5,-0.1413279325,"a,j"
Shanghai,Fee,1.2,0.09813795984,"a,j"
Shanghai,Fee,1.2,0.09420746565,"a,j"
Shanghai,Fee,2.0,-0.1530207694,"a,j"
Shanghai,Fee,1.1,0.05420944467,"a,j"
Shanghai,Fee,0.6,0.03293642774,"a,j"
Shanghai,Fee,6.8,-0.8057534695,"a,j"
Wuhan,Fee,2.0,0.1113750711,"a,j"
Shanghai,Fee,0.6,0.02943908796,"a,j"
Shanghai,Fee,0.9,-0.1029963493,"a,j"
Shanghai,Fee,0.6,-0.09459697455,"a,j"
Shanghai,Fee,0.5,0.01322444808,"a,j"
Shanghai,Fee,1.05,0.02743035369,"a,j"
Wuhan,Fee,2.0,-0.0745889619,"a,j"
Wuhan,Fee,1.5,-0.07707427442,"a,j"
Shanghai,Fee,0.6,-0.08876396716,"a,j"
Shanghai,Fee,0.5,-0.00753217563,"a,j"
Shanghai,Fee,0.8,-0.04464531317,"a,j"
Shanghai,Fee,1.2,0.04815710708,"a,j"
Wuhan,Fee,2.9,0.09985361993,"a,j"
Shanghai,Fee,1.8,-0.08675272018,"a,j"
Shanghai,Fee,2.38,-0.1170118749,"a,j"
Wuhan,Fee,0.9,0.001276582014,"a,j"
Shanghai,Fee,2.9,-0.0947593376,"a,j"
Wuhan,Fee,0.6,-0.03386566788,"a,j"
Shanghai,Fee,2.0,-0.1168060005,"a,j"
Shanghai,Fee,0.3,-0.1029531583,"a,j"
Shanghai,Fee,1.5,-0.1803728044,"a,j"
Wuhan,Fee,0.7,0.005980530754,"a,j"
Shanghai,Fee,0.8,-0.005482620094,"a,j"
Wuhan,Fee,0.8,-0.1276043206,"a,j"
Beijing,Fee,1.0,-0.112786904,"a,j"
Shanghai,Fee,4.0,0.1350776106,"a,j"
Shanghai,Fee,0.4,0.01540835295,"a,j"
Guangzhou,Fee,1.2,-0.03065780178,"a,j"
Shanghai,Fee,2.0,-0.04668238759,"a,j"
Wuhan,Fee,1.4,0.01428613998,"a,j"
Shanghai,Fee,0.5,0.1817980558,"a,j"
Beijing,Fee,2.5,-0.1270754784,"a,j"
Shanghai,Fee,1.0,-0.0133309979,"a,j"
Shanghai,Fee,1.6,-0.009659948759,"a,j"
Shanghai,Fee,1.5,-0.1627433449,"a,j"
Guangzhou,Fee,1.7,-0.2845958471,"a,j"
Shanghai,Fee,2.51,0.006570295896,"a,j"
Wuhan,Fee,0.5,-0.01570082456,"a,j"
Wuhan,Fee,1.5,-0.004264067858,"a,j"
Wuhan,Fee,1.5,-0.1362225115,"a,j"
Beijing,Fee,4.8,0.2361061275,"a,j"
Shanghai,Fee,0.5,-0.007877662778,"a,j"
Shanghai,Fee,0.6,-0.0279804375,"a,j"
Shanghai,Fee,0.5,0.02658890188,"a,j"
Shanghai,Fee,0.5,0.08284406364,"a,j"
Shanghai,Fee,6.0,-0.4692097306,"a,j"
Shanghai,Fee,5.8,-0.9683687091,"a,j"
Guangzhou,Fee,1.5,-0.2366697788,"a,j"
Shanghai,Fee,0.5,0.1850209385,"a,j"
Shanghai,Fee,1.5,-0.1304585934,"a,j"
Guangzhou,Fee,1.3,-0.04924679548,"a,j"
Guangzhou,Fee,1.32,-0.07339260727,"a,j"
Wuhan,Fee,2.8,0.197017163,"a,j"
Shanghai,Fee,6.8,-0.1129536331,"a,j"
Shanghai,Fee,0.9,-0.1648313403,"a,j"
Shanghai,Fee,6.0,-0.2057053894,"a,j"
Shanghai,Fee,1.8,-0.06786721945,"a,j"
Shanghai,Fee,1.4,-0.04842812568,"a,j"
Shanghai,Fee,1.65,-0.1122800037,"a,j"
Shanghai,Fee,1.5,-0.1620872766,"a,j"
Shanghai,Fee,0.8,-0.09400265664,"a,j"
Shanghai,Fee,5.0,-0.8555294871,"a,j"
Shanghai,Fee,1.0,0.008940554224,"a,j"
Shanghai,Fee,0.6,-0.01168927085,"a,j"
Shanghai,Fee,2.1,-0.1038435996,"a,j"
Beijing,Fee,0.9,-0.0196306929,"a,j"
Shanghai,Fee,2.5,0.002442389261,"a,j"
Shanghai,Fee,0.5,0.08096638322,"a,j"
Shanghai,Fee,0.9,-0.03021913581,"a,j"
Shanghai,Fee,0.8,-0.03220839798,"a,j"
Shanghai,Fee,1.1,0.07827793062,"a,j"
Shanghai,Fee,2.0,0.05321086571,"a,j"
Shanghai,Fee,2.5,-0.008726293221,"a,j"
Wuhan,Fee,0.5,-0.003667616751,"a,j"
Beijing,Fee,1.1,0.01565009914,"a,j"
Shanghai,Fee,0.35,-0.1786606908,"a,j"
Guangzhou,Fee,1.5,-0.101257205,"a,j"
Guangzhou,Fee,2.0,-0.1759373695,"a,j"
Beijing,Fee,0.52,0.0848878175,"a,j"
Wuhan,Fee,0.9,-0.1531485021,"a,j"
Beijing,Fee,2.68,0.1535439938,"a,j"
Shanghai,Fee,1.5,-0.1300582886,"a,j"
Wuhan,Fee,0.4,-0.2695985436,"a,j"
Beijing,Fee,0.6,-0.009254870005,"a,j"
Shanghai,Fee,0.5,0.129079923,"a,j"
Shanghai,Fee,0.6,0.02940388024,"a,j"
Shanghai,Fee,0.45,0.01651840471,"a,j"
Wuhan,Fee,0.5,-0.08227594197,"a,j"
Shanghai,Fee,3.98,0.6639263034,"a,j"
Beijing,Fee,2.88,0.03219080716,"a,j"
Shanghai,Fee,0.55,-0.009793617763,"a,j"
Wuhan,Fee,0.5,-0.0194651559,"a,j"
Shanghai,Fee,4.3,0.2002848089,"a,j"
Shanghai,Fee,0.6,0.03972306848,"a,j"
Shanghai,Fee,0.33,-0.05698878318,"a,j"
Guangzhou,Fee,3.7,0.01455356739,"a,j"
Shanghai,Fee,0.59,0.0004062845255,"a,j"
Wuhan,Fee,1.3,0.05639186502,"a,j"
Shanghai,Fee,0.6,-0.00434471434,"a,j"
Shanghai,Fee,1.1,0.01751601696,"a,j"
Shanghai,Fee,1.59,-0.1549851894,"a,j"
Shanghai,Fee,0.5,-0.078579925,"a,j"
Shanghai,Fee,0.6,0.0274502784,"a,j"
Shanghai,Fee,0.4,-0.2317222506,"a,j"
Wuhan,Fee,0.8,-0.1551412344,"a,j"
Shanghai,Fee,2.1,-0.02583294362,"a,j"
Shanghai,Fee,1.8,-0.1593012512,"a,j"
Wuhan,Fee,0.55,-0.1331858039,"a,j"
Guangzhou,Fee,0.8,0.01625667699,"a,j"
Guangzhou,Fee,1.5,-0.2407979518,"a,j"
Beijing,Fee,2.98,0.1976058781,"a,j"
Beijing,Fee,1.8,0.01606870629,"a,j"
Shanghai,Fee,0.5,-0.02481811866,"a,j"
Guangzhou,Fee,1.8,0.05292724073,"a,j"
Shanghai,Fee,1.5,-0.1120104492,"a,j"
Shanghai,Fee,0.5,0.02679428272,"a,j"
Shanghai,Fee,1.2,-0.03751756996,"a,j"
Shanghai,Fee,2.0,0.04116703942,"a,j"
Shanghai,Fee,2.1,-0.05864547938,"a,j"
Shanghai,Fee,0.75,0.001356865512,"a,j"
Beijing,Fee,1.5,-0.0864867866,"a,j"
Shanghai,Fee,0.6,-0.05058313906,"a,j"
Shanghai,Fee,2.5,0.06640164554,"a,j"
Shanghai,Fee,1.89,-0.09449052066,"a,j"
Shanghai,Fee,0.8,-0.002039592247,"a,j"
Wuhan,Fee,0.9,-0.1408591866,"a,j"
Shanghai,Fee,2.1,-0.2526429296,"a,j"
Shanghai,Fee,4.0,0.3485074043,"a,j"
Shanghai,Fee,4.5,0.1740650684,"a,j"
Shanghai,Fee,3.2,-0.0132179223,"a,j"
Shanghai,Fee,2.98,-0.06446607411,"a,j"
Wuhan,Fee,0.4,-0.2047103941,"a,j"
Guangzhou,Fee,2.6,0.3055965602,"a,j"
Beijing,Fee,1.5,-0.07798849046,"a,j"
Shanghai,Fee,0.8,-0.0291724056,"a,j"
Wuhan,Fee,1.5,-0.02137167007,"a,j"
Wuhan,Fee,0.5,-0.09868842363,"a,j"
Wuhan,Fee,0.5,-0.06232307106,"a,j"
Guangzhou,Fee,1.2,0.03315686807,"a,j"
Wuhan,Fee,0.6,-0.01821017638,"a,j"
Shanghai,Fee,0.56,-0.004829845391,"a,j"
Shanghai,Fee,0.5,0.03817988932,"a,j"
Shanghai,Fee,0.6,-0.03187857196,"a,j"
Guangzhou,Fee,2.3,-0.1469672471,"a,j"
Shanghai,Fee,0.5,0.02233619988,"a,j"
Shanghai,Fee,1.45,-0.1009206623,"a,j"
Shanghai,Fee,2.5,-0.1466087699,"a,j"
Shanghai,Fee,0.9,-0.002491718624,"a,j"
Shanghai,Fee,1.2,0.05382549763,"a,j"
Shanghai,Fee,1.9,-0.1637281179,"a,j"
Beijing,Fee,1.58,-0.1384605169,"a,j"
Wuhan,Fee,1.1,0.04844130948,"a,j"
Beijing,Fee,0.9,-0.1070152596,"a,j"
Shanghai,Fee,0.8,-0.03766712174,"a,j"
Wuhan,Fee,2.0,-0.04004175961,"a,j"
Shanghai,Fee,0.5,-0.03357440978,"a,j"
Beijing,Fee,0.9,-0.1604712605,"a,j"
Guangzhou,Fee,2.0,-0.1337960511,"a,j"
Shanghai,Fee,1.5,-0.1256195903,"a,j"
Shanghai,Fee,0.8,-0.1593409628,"a,j"
Shanghai,Fee,0.5,0.03869163617,"a,j"
Shanghai,Fee,3.2,-0.04947252572,"a,j"
Wuhan,Fee,1.6,-0.04591162875,"a,j"
Wuhan,Fee,1.2,-0.009048279375,"a,j"
Shanghai,Fee,2.8,-0.07158776373,"a,j"
Beijing,Fee,0.5,0.03217611834,"a,j"
Shanghai,Fee,0.45,0.004775445908,"a,j"
Guangzhou,Fee,2.0,-0.03337972239,"a,j"
Beijing,Fee,0.5,0.0383207798,"a,j"
Wuhan,Fee,0.5,0.07512723655,"a,j"
Shanghai,Fee,3.5,0.1297690272,"a,j"
Shanghai,Fee,0.5,0.03435003012,"a,j"
Wuhan,Fee,0.5,-0.04627620801,"a,j"
Beijing,Fee,2.5,-0.08137102425,"a,j"
Shanghai,Fee,1.2,-0.01509743929,"a,j"
Beijing,Fee,0.86,-0.07441728562,"a,j"
Shanghai,Fee,0.52,0.07026212662,"a,j"
Wuhan,Fee,1.2,0.0608590655,"a,j"
Shanghai,Fee,1.2,0.09170738608,"a,j"
Shanghai,Fee,2.5,-0.07548136264,"a,j"
Shanghai,Fee,1.2,0.03151290491,"a,j"
Shanghai,Fee,0.8,-0.05604873598,"a,j"
Shanghai,Fee,0.5,0.06628747284,"a,j"
Guangzhou,Fee,3.7,0.001609976403,"a,j"
Guangzhou,Fee,1.2,0.03699331358,"a,j"
Shanghai,Fee,1.0,-0.02832660824,"a,j"
Guangzhou,Fee,2.0,-0.1577028781,"a,j"
Wuhan,Fee,1.6,-0.1544204801,"a,j"
Shanghai,Fee,1.0,-0.0830546394,"a,j"
Guangzhou,Fee,1.8,-0.1811227947,"a,j"
Shanghai,Fee,0.35,-0.2460996658,"a,j"
Beijing,Fee,1.8,-0.04896688461,"a,j"
Shanghai,Fee,1.2,-0.04498249665,"a,j"
Shanghai,Fee,1.0,-0.06753305346,"a,j"
Shanghai,Fee,0.6,0.04794963077,"a,j"
Shanghai,Fee,2.3,-0.01479204372,"a,j"
Shanghai,Fee,3.0,0.07688979805,"a,j"
Beijing,Fee,0.55,-0.02600716799,"a,j"
Beijing,Fee,0.5,-0.1021315232,"a,j"
Shanghai,Fee,1.1,0.04474814981,"a,j"
Wuhan,Fee,0.5,0.002164138481,"a,j"
Guangzhou,Fee,2.3,0.02636980452,"a,j"
Beijing,Fee,1.27,-0.05464444682,"a,j"
Shanghai,Fee,0.65,-0.09645940363,"a,j"
Shanghai,Fee,2.1,-0.1051863134,"a,j"
Beijing,Fee,1.8,-0.006904459093,"a,j"
Shanghai,Fee,1.5,-0.1357381642,"a,j"
Shanghai,Fee,0.6,-0.00443830248,"a,j"
Shanghai,Fee,0.45,-0.08175669611,"a,j"
Shanghai,Fee,1.2,0.08867543936,"a,j"
Shanghai,Fee,1.0,-0.0006947000511,"a,j"
Shanghai,Fee,8.0,-0.2245795876,"a,j"
Guangzhou,Fee,5.0,-0.5931884646,"a,j"
Shanghai,Fee,1.5,-0.1048519686,"a,j"
Shanghai,Fee,0.6,-0.1367247105,"a,j"
Shanghai,Fee,0.6,0.005726918112,"a,j"
Guangzhou,Fee,0.8,-0.1399658024,"a,j"
Shanghai,Fee,1.32,-0.07319887727,"a,j"
Shanghai,Fee,0.55,0.01072240155,"a,j"
Guangzhou,Fee,3.0,-0.1233538985,"a,j"
Wuhan,Fee,0.6,-0.1233048737,"a,j"
Shanghai,Fee,0.6,0.01090348791,"a,j"
Beijing,Fee,0.5,-0.02505177259,"a,j"
Beijing,Fee,1.1,-0.02924887277,"a,j"
Beijing,Fee,0.6,-0.02127538808,"a,j"
Shanghai,Fee,1.0,-0.1623587757,"a,j"
Wuhan,Fee,0.6,-0.1256934702,"a,j"
Guangzhou,Fee,2.0,-0.1935460567,"a,j"
Guangzhou,Fee,2.0,-0.2144730836,"a,j"
Beijing,Fee,8.0,-0.469506681,"a,j"
Shanghai,Fee,1.5,-0.07915192097,"a,j"
Shanghai,Fee,0.45,-0.1397775114,"a,j"
Shanghai,Fee,0.5,0.02037433535,"a,j"
Wuhan,Fee,2.8,-0.07961612195,"a,j"
Shanghai,Fee,2.8,-0.0168786291,"a,j"
Guangzhou,Fee,0.9,-0.003531583119,"a,j"
Shanghai,Fee,2.2,-0.1430681348,"a,j"
Shanghai,Fee,4.95,-0.1948115826,"a,j"
Shanghai,Fee,1.0,-0.00814271532,"a,j"
Shanghai,Fee,1.0,0.005332332104,"a,j"
Shanghai,Fee,0.5,0.06665748358,"a,j"
Wuhan,Fee,1.65,-0.07277908921,"a,j"
Shanghai,Fee,6.9,-0.5994567871,"a,j"
Wuhan,Fee,2.7,0.1916046441,"a,j"
Wuhan,Fee,0.8,-0.2025009096,"a,j"
Guangzhou,Fee,2.6,-0.04773090407,"a,j"
Shanghai,Fee,0.95,-0.007087538019,"a,j"
Shanghai,Fee,0.5,0.02576084249,"a,j"
Wuhan,Fee,1.45,-0.08938892186,"a,j"
Shanghai,Fee,2.0,0.0003219568171,"a,j"
Shanghai,Fee,0.5,-0.00688023027,"a,j"
Wuhan,Fee,1.2,0.1122751459,"a,j"
Wuhan,Fee,0.3,-0.08572712541,"a,j"
Wuhan,Fee,0.6,-0.03531471267,"a,j"
Shanghai,Fee,1.8,-0.1310669631,"a,j"
Wuhan,Fee,1.7,0.04585912079,"a,j"
Shanghai,Fee,0.7,-0.03862476349,"a,j"
Beijing,Fee,0.9,-0.1256831288,"a,j"
Guangzhou,Fee,1.2,-0.07317261398,"a,j"
Guangzhou,Fee,4.0,0.3481305242,"a,j"
Shanghai,Fee,1.6,-0.09248626232,"a,j"
Shanghai,Fee,1.8,-0.02173314989,"a,j"
Beijing,Fee,3.0,0.1422974616,"a,j"
Shanghai,Fee,0.5,-0.02065656893,"a,j"
Beijing,Fee,2.78,0.09669749439,"a,j"
Guangzhou,Fee,0.9,0.01593954489,"a,j"
Guangzhou,Fee,3.0,-0.1220069453,"a,j"
Shanghai,Fee,1.8,-0.008330084383,"a,j"
Guangzhou,Fee,0.5,-0.03531705588,"a,j"
Wuhan,Fee,2.0,-0.110791564,"a,j"
Beijing,Fee,0.68,0.01866999082,"a,j"
Shanghai,Fee,0.5,0.05099930987,"a,j"
Shanghai,Fee,1.35,0.01569530182,"a,j"
Beijing,Fee,1.1,-0.1038187593,"a,j"
Shanghai,Fee,0.5,0.04786855727,"a,j"
Wuhan,Fee,0.55,-0.08244737238,"a,j"
Shanghai,Fee,1.0,-0.06623270363,"a,j"
Beijing,Fee,1.0,-0.1001107097,"a,j"
Wuhan,Fee,2.8,0.05486041307,"a,j"
Shanghai,Fee,0.5,0.05349761248,"a,j"
Shanghai,Fee,8.0,-0.2993192673,"a,j"
Beijing,Fee,0.5,-0.07896792889,"a,j"
Beijing,Fee,6.0,-0.40913257,"a,j"
Shanghai,Fee,1.1,0.01771508157,"a,j"
Shanghai,Fee,1.2,0.008784030564,"a,j"
Guangzhou,Fee,3.5,0.08030388504,"a,j"
Guangzhou,Fee,1.8,0.04793122783,"a,j"
Wuhan,Fee,2.0,-0.01334352139,"a,j"
Wuhan,Fee,0.5,0.01609647274,"a,j"
Wuhan,Fee,2.68,0.1385553628,"a,j"
Shanghai,Fee,1.8,0.005709450692,"a,j"
Beijing,Fee,1.3,-0.08862736821,"a,j"
Shanghai,Fee,1.7,-0.1814151257,"a,j"
Wuhan,Fee,2.8,-0.05502150953,"a,j"
Guangzhou,Fee,2.0,8.973159129e-05,"a,j"
Wuhan,Fee,1.0,-0.09458050132,"a,j"
Shanghai,Fee,1.2,0.09181293845,"a,j"
Shanghai,Fee,7.5,-0.1961102188,"a,j"
Shanghai,Fee,2.2,0.09052980691,"a,j"
Shanghai,Fee,1.7,-0.1760732234,"a,j"
Shanghai,Fee,6.5,-0.8176802993,"a,j"
Shanghai,Fee,0.5,0.03957030922,"a,j"
Guangzhou,Fee,2.5,-0.1703528911,"a,j"
Shanghai,Fee,1.9,-0.1212472543,"a,j"
Guangzhou,Fee,2.5,-0.007523766719,"a,j"
Shanghai,Fee,2.5,-0.04671034217,"a,j"
Shanghai,Fee,0.45,0.1331066638,"a,j"
Beijing,Fee,1.58,-0.06553436071,"a,j"
Wuhan,Fee,0.6,0.0009851872455,"a,j"
Shanghai,Fee,2.0,-0.03023315221,"a,j"
Shanghai,Fee,1.55,-0.1145044267,"a,j"
Shanghai,Fee,1.68,0.005916893948,"a,j"
Guangzhou,Fee,0.8,-0.01569775492,"a,j"
Shanghai,Fee,0.8,-0.06214539707,"a,j"
Beijing,Fee,0.62,-0.0943255648,"a,j"
Shanghai,Fee,8.0,-0.4023033381,"a,j"
Shanghai,Fee,0.44,-0.1470538676,"a,j"
Guangzhou,Fee,0.9,-0.02027396485,"a,j"
Shanghai,Fee,0.5,-0.004015098792,"a,j"
Beijing,Fee,2.95,0.1521145701,"a,j"
Shanghai,Fee,0.6,-0.001144727692,"a,j"
Shanghai,Fee,0.42,0.01524447184,"a,j"
Shanghai,Fee,0.46,-0.05846924335,"a,j"
Beijing,Fee,0.9,-0.2077175379,"a,j"
Guangzhou,Fee,2.0,-0.1487535238,"a,j"
Shanghai,Fee,0.8,0.00313070789,"a,j"
Shanghai,Fee,0.95,-0.01412935834,"a,j"
Shanghai,Fee,0.5,0.02401593886,"a,j"
Shanghai,Fee,3.0,0.02035026811,"a,j"
Shanghai,Fee,2.0,-0.09164329618,"a,j"
Shanghai,Fee,0.9,-0.004762197845,"a,j"
Wuhan,Fee,0.5,-0.1255322695,"a,j"
Wuhan,Fee,0.5,-0.02903688699,"a,j"
Shanghai,Fee,0.5,-0.03904353455,"a,j"
Wuhan,Fee,1.2,0.1512389779,"a,j"
Shanghai,Fee,1.75,-0.05821622908,"a,j"
Guangzhou,Fee,3.8,0.1382244378,"a,j"
Wuhan,Fee,0.8,-0.07490283996,"a,j"
Shanghai,Fee,1.8,-0.09207348526,"a,j"
Shanghai,Fee,0.8,-0.01840706356,"a,j"
Shanghai,Fee,0.5,-0.02101103961,"a,j"
Wuhan,Fee,0.9,-0.1141419262,"a,j"
Shanghai,Fee,6.0,-0.402820915,"a,j"
Shanghai,Fee,1.2,0.0411234349,"a,j"
Shanghai,Fee,1.2,0.06565793604,"a,j"
Shanghai,Fee,0.7,0.006979000289,"a,j"
Beijing,Fee,0.9,-0.05388434976,"a,j"
Shanghai,Fee,1.2,0.01922278106,"a,j"
Shanghai,Fee,0.8,-0.1126603708,"a,j"
Beijing,Fee,1.1,0.05339298397,"a,j"
Shanghai,Fee,0.8,-0.009341980331,"a,j"
Wuhan,Fee,2.0,-0.01239910815,"a,j"
Beijing,Fee,0.6,-0.06514523923,"a,j"
Shanghai,Fee,1.2,0.02316227555,"a,j"
Wuhan,Fee,0.5,0.08313016593,"a,j"
Wuhan,Fee,2.0,-0.04246947542,"a,j"
Shanghai,Fee,5.0,-0.2408260405,"a,j"
Wuhan,Fee,1.2,0.05699574575,"a,j"
Shanghai,Fee,0.8,-0.01269585826,"a,j"
Beijing,Fee,7.9,-0.5621840954,"a,j"
Shanghai,Fee,4.2,0.3458327651,"a,j"
Shanghai,Fee,0.65,-0.07091059536,"a,j"
Wuhan,Fee,2.98,0.08404000849,"a,j"
Shanghai,Fee,3.0,0.1230590791,"a,j"
Wuhan,Fee,0.5,-0.03029030003,"a,j"
Shanghai,Fee,4.5,-0.08003858477,"a,j"
Shanghai,Fee,1.3,-0.0386204496,"a,j"
Shanghai,Fee,0.55,0.01465370413,"a,j"
Shanghai,Fee,1.2,0.08571262658,"a,j"
Shanghai,Fee,3.88,0.1294196099,"a,j"
Guangzhou,Fee,3.0,0.2293264568,"a,j"
Wuhan,Fee,0.9,-0.0762314871,"a,j"
Guangzhou,Fee,0.5,0.1144877374,"a,j"
Shanghai,Fee,0.5,0.03778979182,"a,j"
Shanghai,Fee,1.1,0.04863846302,"a,j"
Wuhan,Fee,0.5,0.01582563668,"a,j"
Shanghai,Fee,1.2,-0.05169878155,"a,j"
Shanghai,Fee,2.8,-0.0719370842,"a,j"
Shanghai,Fee,1.65,-0.1019078791,"a,j"
Beijing,Fee,1.95,0.0638660267,"a,j"
Shanghai,Fee,3.0,-0.1386359483,"a,j"
Shanghai,Fee,1.2,0.03127907962,"a,j"
Shanghai,Fee,1.25,0.0194307752,"a,j"
Shanghai,Fee,0.44,-0.113396585,"a,j"
Shanghai,Fee,0.8,-0.03598161042,"a,j"
Shanghai,Fee,1.75,-0.02821355686,"a,j"
Shanghai,Fee,3.2,-0.02364796773,"a,j"
Wuhan,Fee,1.0,0.008636966348,"a,j"
Shanghai,Fee,1.2,0.09813795984,"a,j"
Wuhan,Fee,2.5,0.02133375406,"a,j"
Shanghai,Fee,3.98,0.559654057,"a,j"
Guangzhou,Fee,2.0,-0.2063039243,"a,j"
Wuhan,Fee,1.2,0.0591032654,"a,j"
Shanghai,Fee,0.6,0.008533668704,"a,j"
Shanghai,Fee,2.5,-0.04599967599,"a,j"
Shanghai,Fee,1.2,0.04674610868,"a,j"
Shanghai,Fee,1.5,-0.1184666753,"a,j"
Guangzhou,Fee,1.5,-0.106757164,"a,j"
Wuhan,Fee,0.8,-0.01463151444,"a,j"
Shanghai,Fee,1.9,-0.08805281669,"a,j"
Beijing,Fee,1.3,-0.0102241626,"a,j"
Shanghai,Fee,2.2,-0.08349187672,"a,j"
Shanghai,Fee,2.5,-0.03413275257,"a,j"
Beijing,Fee,2.6,-0.107996203,"a,j"
Beijing,Fee,0.52,-0.02125497535,"a,j"
Wuhan,Fee,2.5,0.01608062722,"a,j"
Shanghai,Fee,2.8,0.01797292568,"a,j"
Shanghai,Fee,0.5,-0.2546707094,"a,j"
Shanghai,Fee,2.0,-0.1043698117,"a,j"
Guangzhou,Fee,0.9,-0.1308982372,"a,j"
Wuhan,Fee,0.8,-0.01520830207,"a,j"
Wuhan,Fee,2.0,-0.00450180145,"a,j"
Shanghai,Fee,1.5,-0.1580904573,"a,j"
Shanghai,Fee,0.5,0.01737402566,"a,j"
Shanghai,Fee,1.2,0.05929313228,"a,j"
Shanghai,Fee,0.5,0.02533403412,"a,j"
Shanghai,Fee,1.85,0.2315016538,"a,j"
Wuhan,Fee,1.0,-0.08128419518,"a,j"
Guangzhou,Fee,2.0,-0.1649474055,"a,j"
Shanghai,Fee,3.5,0.2228068709,"a,j"
Shanghai,Fee,0.65,-0.04316096753,"a,j"
Shanghai,Fee,2.5,-0.08902270347,"a,j"
Shanghai,Fee,1.56,-0.1158296391,"a,j"
Shanghai,Fee,1.5,-0.09708807617,"a,j"
Shanghai,Fee,1.2,-0.02332079597,"a,j"
Shanghai,Fee,0.5,0.0131554855,"a,j"
Shanghai,Fee,0.5,0.009609927423,"a,j"
Shanghai,Fee,0.5,0.03630789369,"a,j"
Beijing,Fee,1.85,0.01972801238,"a,j"
Beijing,Fee,0.76,-0.1045149043,"a,j"
Wuhan,Fee,0.3,-0.01981462166,"a,j"
Shanghai,Fee,0.5,-0.0003839819692,"a,j"
Wuhan,Fee,1.0,0.007301373407,"a,j"
Shanghai,Fee,0.4,-0.1511844397,"a,j"
Guangzhou,Fee,3.5,0.05325029418,"a,j"
Wuhan,Fee,0.6,-0.02368031815,"a,j"
Guangzhou,Fee,0.65,0.09850091487,"a,j"
Beijing,Fee,0.8,-0.1782993376,"a,j"
Shanghai,Fee,0.52,-0.04572405666,"a,j"
Shanghai,Fee,2.0,-0.06953078508,"a,j"
Beijing,Fee,0.5,-0.04177646711,"a,j"
Shanghai,Fee,3.8,0.1607651412,"a,j"
Shanghai,Fee,1.3,0.04324769974,"a,j"
Shanghai,Fee,7.5,-0.262589395,"a,j"
Shanghai,Fee,0.8,-0.1027867049,"a,j"
Shanghai,Fee,0.5,-0.03874388337,"a,j"
Wuhan,Fee,1.0,0.02320862189,"a,j"
Shanghai,Fee,2.05,-0.05695438385,"a,j"
Shanghai,Fee,0.5,0.2286920249,"a,j"
Shanghai,Fee,0.44,-0.198508814,"a,j"
Shanghai,Fee,0.5,0.05406245962,"a,j"
Shanghai,Fee,3.0,-0.01279378869,"a,j"
Wuhan,Fee,0.55,-5.883723497e-05,"a,j"
Wuhan,Fee,1.0,0.02779742703,"a,j"
Shanghai,Fee,0.7,-0.06381882727,"a,j"
Shanghai,Fee,0.5,0.02695985138,"a,j"
Guangzhou,Fee,0.5,0.05725618452,"a,j"
Guangzhou,Fee,1.6,-0.05807489902,"a,j"
Shanghai,Fee,2.0,-0.1513677239,"a,j"
Shanghai,Fee,0.6,-0.04470041767,"a,j"
Shanghai,Fee,1.5,-0.112783201,"a,j"
Wuhan,Fee,0.5,-0.1125628501,"a,j"
Shanghai,Fee,4.2,0.3523550034,"a,j"
Shanghai,Fee,0.6,-0.04107569903,"a,j"
Shanghai,Fee,0.55,0.02593302168,"a,j"
Beijing,Fee,1.9,-0.0168739967,"a,j"
Shanghai,Fee,0.8,-0.01479361858,"a,j"
Shanghai,Fee,1.2,-0.02072346769,"a,j"
Shanghai,Fee,1.55,-0.1835343838,"a,j"
Wuhan,Fee,1.6,0.075032942,"a,j"
Wuhan,Fee,2.0,0.04084858671,"a,j"
Shanghai,Fee,1.6,-0.1821212322,"a,j"
Wuhan,Fee,0.6,0.01680891216,"a,j"
Shanghai,Fee,2.3,-0.1203073859,"a,j"
Beijing,Fee,0.9,-0.1561695933,"a,j"
Wuhan,Fee,2.8,0.07173028588,"a,j"
Beijing,Fee,0.99,-0.04525788501,"a,j"
Shanghai,Fee,0.55,-0.01148255356,"a,j"
Guangzhou,Fee,0.5,-0.0644434765,"a,j"
Shanghai,Fee,3.0,-0.02954767272,"a,j"
Wuhan,Fee,2.0,-0.1076488569,"a,j"
Guangzhou,Fee,1.5,-0.1273918599,"a,j"
Shanghai,Fee,0.8,-0.02614340931,"a,j"
Wuhan,Fee,0.3,-0.0885239169,"a,j"
Shanghai,Fee,2.0,0.01062857453,"a,j"
Shanghai,Fee,0.6,-0.04971363023,"a,j"
Guangzhou,Fee,4.0,0.6223341823,"a,j"
Beijing,Fee,2.6,0.003922634758,"a,j"
Wuhan,Fee,0.5,0.003655268811,"a,j"
Shanghai,Fee,0.6,-0.01034623012,"a,j"
Beijing,Fee,2.38,-0.04177711159,"a,j"
Shanghai,Fee,0.5,0.01752680726,"a,j"
Wuhan,Fee,1.2,0.1007313207,"a,j"
Beijing,Fee,0.5,0.09873980284,"a,j"
Shanghai,Fee,3.0,0.02223447338,"a,j"
Shanghai,Fee,1.0,-0.03274162114,"a,j"
Shanghai,Fee,2.0,-0.1649148315,"a,j"
Wuhan,Fee,2.0,-0.07314150035,"a,j"
Shanghai,Fee,1.8,-0.1184845865,"a,j"
Wuhan,Fee,0.6,-0.008986923844,"a,j"
Guangzhou,Fee,2.0,-0.2061991245,"a,j"
Wuhan,Fee,2.8,-0.09977262467,"a,j"
Shanghai,Fee,0.5,0.008693490177,"a,j"
Wuhan,Fee,0.5,0.06326454878,"a,j"
Shanghai,Fee,1.15,0.01854315028,"a,j"
Shanghai,Fee,1.1,0.04273513705,"a,j"
Shanghai,Fee,0.8,-0.0215495415,"a,j"
Shanghai,Fee,0.8,0.003422727343,"a,j"
Shanghai,Fee,1.1,0.05114839226,"a,j"
Shanghai,Fee,0.65,0.02551536821,"a,j"
Beijing,Fee,2.5,-0.09270066023,"a,j"
Beijing,Fee,0.5,-0.02892341465,"a,j"
Shanghai,Fee,0.4,-0.2112737149,"a,j"
Beijing,Fee,0.9,-0.1842355877,"a,j"
Shanghai,Fee,2.0,0.0081356382,"a,j"
Beijing,Fee,1.0,-0.09533116221,"a,j"
Shanghai,Fee,2.68,0.004443441983,"a,j"
Shanghai,Fee,2.3,0.04234528169,"a,j"
Shanghai,Fee,0.5,0.03754036501,"a,j"
Guangzhou,Fee,2.0,-0.1651793122,"a,j"
Guangzhou,Fee,0.5,0.0374000594,"a,j"
Beijing,Fee,2.5,-0.1158802658,"a,j"
Shanghai,Fee,4.0,0.5088301301,"a,j"
Shanghai,Fee,0.5,0.09781143814,"a,j"
Shanghai,Fee,1.15,-0.03069464117,"a,j"
Wuhan,Fee,1.0,-0.08583550155,"a,j"
Wuhan,Fee,2.0,0.1785146445,"a,j"
Shanghai,Fee,0.45,-0.07102739811,"a,j"
Shanghai,Fee,1.2,0.01780238934,"a,j"
Wuhan,Fee,0.9,-0.0494868122,"a,j"
Beijing,Fee,0.84,-0.06181647256,"a,j"
Shanghai,Fee,0.5,0.004901365377,"a,j"
Guangzhou,Fee,1.8,-0.2211556286,"a,j"
Shanghai,Fee,1.5,-0.1562501341,"a,j"
Wuhan,Fee,1.2,0.04471811652,"a,j"
Guangzhou,Fee,1.2,-0.06149426848,"a,j"
Guangzhou,Fee,1.9,-0.1216632947,"a,j"
Shanghai,Fee,0.8,-0.01171678025,"a,j"
Shanghai,Fee,0.85,-0.03312337026,"a,j"
Beijing,Fee,1.5,-0.1714232713,"a,j"
Shanghai,Fee,0.45,0.008677629754,"a,j"
Wuhan,Fee,1.5,-0.1667328626,"a,j"
Beijing,Fee,0.5,0.1556949317,"a,j"
Shanghai,Fee,1.2,0.0420104824,"a,j"
Shanghai,Fee,4.9,0.16332151,"a,j"
Shanghai,Fee,3.5,0.2200623751,"a,j"
Wuhan,Fee,0.5,-0.01474138815,"a,j"
Shanghai,Fee,4.5,0.07922409475,"a,j"
Wuhan,Fee,2.0,-0.02820897847,"a,j"
Shanghai,Fee,3.3,0.08418339491,"a,j"
Shanghai,Fee,3.45,-0.06631002575,"a,j"
Shanghai,Fee,0.45,0.03363940865,"a,j"
Shanghai,Fee,4.8,0.2341782302,"a,j"
Shanghai,Fee,3.0,-0.0418927148,"a,j"
Shanghai,Fee,0.81,-0.03240104392,"a,j"
Guangzhou,Fee,3.7,0.1295921057,"a,j"
Shanghai,Fee,3.5,0.1670445204,"a,j"
Shanghai,Fee,2.0,-0.1176848188,"a,j"
Wuhan,Fee,0.9,-0.1398146302,"a,j"
Shanghai,Fee,0.8,-0.1011883616,"a,j"
Shanghai,Fee,0.6,-0.02258339338,"a,j"
Guangzhou,Fee,1.2,0.007297682576,"a,j"
Beijing,Fee,2.2,0.01301655732,"a,j"
Shanghai,Fee,1.5,-0.06692199409,"a,j"
Shanghai,Fee,4.6,0.09276980162,"a,j"
Wuhan,Fee,0.3,-0.1213987917,"a,j"
Shanghai,Fee,1.2,0.07710339129,"a,j"
Guangzhou,Fee,0.6,0.4407187402,"a,j"
Shanghai,Fee,0.8,-0.0240115691,"a,j"
Shanghai,Fee,0.4,-0.09654593468,"a,j"
Wuhan,Fee,1.0,-0.02273348719,"a,j"
Wuhan,Fee,1.0,0.02090279385,"a,j"
Guangzhou,Fee,2.0,-0.2377418876,"a,j"
Beijing,Fee,1.5,-0.08932365477,"a,j"
Beijing,Fee,1.1,-0.02496870607,"a,j"
Shanghai,Fee,0.8,-0.09481886774,"a,j"
Shanghai,Fee,1.2,0.004610561766,"a,j"
Shanghai,Fee,1.7,-0.1501499861,"a,j"
Wuhan,Fee,0.5,-0.03141561151,"a,j"
Wuhan,Fee,3.5,0.1280499995,"a,j"
Shanghai,Fee,1.2,0.07907058299,"a,j"
Wuhan,Fee,0.5,-0.06652078032,"a,j"
Beijing,Fee,3.0,0.2484149188,"a,j"
Shanghai,Fee,2.8,-0.03146765381,"a,j"
Shanghai,Fee,1.1,0.002125632949,"a,j"
Shanghai,Fee,1.1,0.1198167503,"a,j"
Guangzhou,Fee,2.6,0.03044530936,"a,j"
Shanghai,Fee,2.2,-0.04070314765,"a,j"
Shanghai,Fee,0.5,-0.1033192351,"a,j"
Shanghai,Fee,0.35,-0.05654994771,"a,j"
Guangzhou,Fee,0.9,-0.05327919871,"a,j"
Shanghai,Fee,3.6,0.4737104475,"a,j"
Shanghai,Fee,0.6,-0.004212862346,"a,j"
Beijing,Fee,1.1,0.04690211266,"a,j"
Shanghai,Fee,1.48,0.03792268038,"a,j"
Shanghai,Fee,5.9,-0.7616168261,"a,j"
Beijing,Fee,1.0,-0.1140549853,"a,j"
Shanghai,Fee,0.8,-0.03999083117,"a,j"
Beijing,Fee,1.3,-0.1351341009,"a,j"
Wuhan,Fee,0.9,-0.04734637216,"a,j"
Shanghai,Fee,0.75,-0.03439310938,"a,j"
Guangzhou,Fee,1.8,-0.2842547297,"a,j"
Shanghai,Fee,0.8,-0.06130476296,"a,j"
Shanghai,Fee,0.6,-1.068541314e-05,"a,j"
Shanghai,Fee,1.98,-0.155276522,"a,j"
Wuhan,Fee,1.0,-0.1238356233,"a,j"
Wuhan,Fee,0.5,0.04146871716,"a,j"
Beijing,Fee,2.17,-0.07476940006,"a,j"
Guangzhou,Fee,4.0,0.4285055995,"a,j"
Shanghai,Fee,1.5,-0.05042148009,"a,j"
Wuhan,Fee,2.0,-0.1442021579,"a,j"
Beijing,Fee,1.3,-0.01237057056,"a,j"
Shanghai,Fee,1.7,-0.03572708741,"a,j"
Guangzhou,Fee,3.7,0.01306607854,"a,j"
Shanghai,Fee,0.6,0.009078262374,"a,j"
Guangzhou,Fee,2.0,-0.1446977109,"a,j"
Wuhan,Fee,0.8,-0.1318101138,"a,j"
Shanghai,Fee,0.8,0.02062483132,"a,j"
Shanghai,Fee,2.0,-0.09511642903,"a,j"
Guangzhou,Fee,2.8,-0.07196060568,"a,j"
Shanghai,Fee,0.45,-0.03183970228,"a,j"
Shanghai,Fee,0.8,-0.07535983622,"a,j"
Shanghai,Fee,1.45,-0.1035072356,"a,j"
Wuhan,Fee,1.2,0.07636820525,"a,j"
Wuhan,Fee,1.0,-0.08462293446,"a,j"
Guangzhou,Fee,1.5,-0.06801809371,"a,j"
Shanghai,Fee,0.8,-0.07290253043,"a,j"
Shanghai,Fee,0.6,-0.003403329756,"a,j"
Wuhan,Fee,3.5,0.1576476842,"a,j"
Shanghai,Fee,3.8,0.1802892238,"a,j"
Shanghai,Fee,1.73,0.06999509037,"a,j"
Shanghai,Fee,1.2,0.01335254125,"a,j"
Shanghai,Fee,0.9,0.03566110507,"a,j"
Guangzhou,Fee,2.0,-0.2240325063,"a,j"
Shanghai,Fee,1.5,-0.1709067672,"a,j"
Shanghai,Fee,0.7,0.01893135533,"a,j"
Shanghai,Fee,0.8,-0.01958173513,"a,j"
Shanghai,Fee,6.9,-0.4434238672,"a,j"
Wuhan,Fee,1.5,-0.1281542629,"a,j"
Wuhan,Fee,0.5,-0.005928150378,"a,j"
Shanghai,Fee,2.0,-0.1067227274,"a,j"
Shanghai,Fee,0.6,-0.007259500679,"a,j"
Guangzhou,Fee,1.5,-0.07540274411,"a,j"
Guangzhou,Fee,0.6,0.001403004862,"a,j"
Shanghai,Fee,6.0,-0.8889330029,"a,j"
Shanghai,Fee,1.8,0.04378277436,"a,j"
Wuhan,Fee,0.9,-0.06683710217,"a,j"
Shanghai,Fee,1.5,-0.1245717257,"a,j"
Wuhan,Fee,1.2,0.1064412519,"a,j"
Guangzhou,Fee,2.0,-0.2435529083,"a,j"
Wuhan,Fee,1.8,-0.0269074738,"a,j"
Wuhan,Fee,0.6,-0.004648643546,"a,j"
Wuhan,Fee,2.5,-0.03579892591,"a,j"
Shanghai,Fee,1.5,-0.130116269,"a,j"
Shanghai,Fee,0.5,0.02979821712,"a,j"
Shanghai,Fee,1.2,0.06396218389,"a,j"
Shanghai,Fee,6.8,-0.5193389654,"a,j"
Guangzhou,Fee,0.5,-0.03194951639,"a,j"
Shanghai,Fee,0.3,-0.07828679681,"a,j"
Shanghai,Fee,1.75,-0.181129992,"a,j"
Shanghai,Fee,1.1,0.07599129528,"a,j"
Shanghai,Fee,1.25,0.01004484855,"a,j"
Beijing,Fee,0.6,0.03324204683,"a,j"
Shanghai,Fee,0.8,-0.04069851711,"a,j"
Shanghai,Fee,2.98,0.02852284163,"a,j"
Guangzhou,Fee,2.0,0.0141659705,"a,j"
Shanghai,Fee,0.7,-0.02967269346,"a,j"
Shanghai,Fee,1.7,-0.06994600594,"a,j"
Wuhan,Fee,0.9,-0.04860307276,"a,j"
Wuhan,Fee,0.5,-0.04738285765,"a,j"
Shanghai,Fee,1.25,0.01702899486,"a,j"
Beijing,Fee,0.9,-0.0660019964,"a,j"
Shanghai,Fee,4.2,0.428796798,"a,j"
Shanghai,Fee,2.0,-0.1015303135,"a,j"
Beijing,Fee,1.0,-0.07434820384,"a,j"
Wuhan,Fee,0.3,-0.01870070025,"a,j"
Guangzhou,Fee,3.0,-0.01849409379,"a,j"
Shanghai,Fee,2.7,0.09500522166,"a,j"
Beijing,Fee,0.5,0.2109199017,"a,j"
Shanghai,Fee,1.1,0.0464858599,"a,j"
Shanghai,Fee,5.9,-0.8084740043,"a,j"
Shanghai,Fee,0.78,-0.03568283841,"a,j"
Guangzhou,Fee,0.5,0.1450293362,"a,j"
Wuhan,Fee,1.5,-0.05066973343,"a,j"
Shanghai,Fee,0.75,-0.08435811102,"a,j"
Shanghai,Fee,0.5,-0.03033301607,"a,j"
Wuhan,Fee,1.2,0.05207987875,"a,j"
Wuhan,Fee,1.5,-0.168338716,"a,j"
Shanghai,Fee,0.4,-0.1907325983,"a,j"
Beijing,Fee,0.9,-0.1000951678,"a,j"
Shanghai,Fee,0.6,-0.02544173598,"a,j"
Guangzhou,Fee,2.0,-0.2012220323,"a,j"
Shanghai,Fee,7.0,-0.5704294443,"a,j"
Beijing,Fee,0.64,-0.0187359117,"a,j"
Shanghai,Fee,0.85,-0.06020816043,"a,j"
Shanghai,Fee,0.35,-0.1626980603,"a,j"
Shanghai,Fee,1.1,0.08893027902,"a,j"
Shanghai,Fee,0.5,0.09951420128,"a,j"
Guangzhou,Fee,2.5,-0.2193021029,"a,j"
Shanghai,Fee,7.0,-0.5108316541,"a,j"
Shanghai,Fee,2.25,-0.001345647266,"a,j"
Beijing,Fee,2.1,-0.03958205134,"a,j"
Shanghai,Fee,0.6,-0.001798012294,"a,j"
Shanghai,Fee,0.4,0.1599241346,"a,j"
Shanghai,Fee,1.09,0.007886650041,"a,j"
Shanghai,Fee,2.8,-0.06421693414,"a,j"
Guangzhou,Fee,0.5,0.2022356093,"a,j"
Shanghai,Fee,0.5,0.007051570341,"a,j"
Shanghai,Fee,2.0,0.08925906569,"a,j"
Shanghai,Fee,1.5,-0.1501544565,"a,j"
Shanghai,Fee,0.9,-0.1467661262,"a,j"
Wuhan,Fee,0.5,-0.008794730529,"a,j"
Shanghai,Fee,0.3,-0.1030552536,"a,j"
Wuhan,Fee,1.2,0.1678404957,"a,j"
Shanghai,Fee,1.5,-0.1147782356,"a,j"
Guangzhou,Fee,5.0,-0.4023039043,"a,j"
Beijing,Fee,2.8,-0.1060861424,"a,j"
Shanghai,Fee,1.45,-0.009769754484,"a,j"
Wuhan,Fee,1.6,-0.1669297069,"a,j"
Shanghai,Fee,0.35,-0.06574657559,"a,j"
Wuhan,Fee,1.5,-0.07336476445,"a,j"
Shanghai,Fee,0.8,0.0160674639,"a,j"
Beijing,Fee,0.5,0.0955767706,"a,j"
Shanghai,Fee,2.1,-0.02196783759,"a,j"
Shanghai,Fee,2.0,-0.1466498226,"a,j"
Beijing,Fee,2.84,0.03846824169,"a,j"
Shanghai,Fee,3.6,0.02464187704,"a,j"
Wuhan,Fee,1.5,0.06755724549,"a,j"
Wuhan,Fee,0.5,0.09460872412,"a,j"
Shanghai,Fee,2.0,-0.2004828155,"a,j"
Shanghai,Fee,0.4,-0.01621296257,"a,j"
Shanghai,Fee,3.5,0.1460016668,"a,j"
Shanghai,Fee,1.52,-0.07409209013,"a,j"
Shanghai,Fee,0.9,-0.07844442129,"a,j"
Shanghai,Fee,3.7,0.1791464835,"a,j"
Wuhan,Fee,2.3,0.150210008,"a,j"
Wuhan,Fee,2.0,-0.1045617089,"a,j"
Shanghai,Fee,6.8,-0.544921279,"a,j"
Guangzhou,Fee,2.0,-0.1682296991,"a,j"
Shanghai,Fee,1.6,-0.07292500883,"a,j"
Guangzhou,Fee,0.5,0.09087636322,"a,j"
Shanghai,Fee,2.0,-0.06953465939,"a,j"
Wuhan,Fee,0.5,-0.0591946207,"a,j"
Shanghai,Fee,1.2,0.0337000452,"a,j"
Beijing,Fee,3.86,0.1958129704,"a,j"
Beijing,Fee,2.2,-0.002239210997,"a,j"
Shanghai,Fee,1.0,0.05697328225,"a,j"
Shanghai,Fee,4.4,0.2700505853,"a,j"
Shanghai,Fee,1.2,-0.1105760485,"a,j"
Shanghai,Fee,6.8,-0.8407564759,"a,j"
Shanghai,Fee,0.7,-0.01805233769,"a,j"
Beijing,Fee,0.9,-0.03554880992,"a,j"
Wuhan,Fee,1.8,0.01246623881,"a,j"
Shanghai,Fee,0.33,-0.07292985916,"a,j"
Shanghai,Fee,0.3,-0.1179619357,"a,j"
Guangzhou,Fee,0.6,-0.01452556998,"a,j"
Shanghai,Fee,4.5,0.06641641259,"a,j"
Shanghai,Fee,1.1,0.04683178663,"a,j"
Wuhan,Fee,0.5,-0.07717398554,"a,j"
Shanghai,Fee,0.35,-0.07118655741,"a,j"
Beijing,Fee,1.0,-0.04078673199,"a,j"
Shanghai,Fee,0.62,-0.06008943915,"a,j"
Guangzhou,Fee,3.0,-0.03769344464,"a,j"
Guangzhou,Fee,1.5,-0.1907526553,"a,j"
Shanghai,Fee,0.5,0.04664048925,"a,j"
Guangzhou,Fee,1.8,-0.08437529206,"a,j"
Wuhan,Fee,2.8,-0.03898741305,"a,j"
Guangzhou,Fee,2.0,-0.2018258125,"a,j"
Guangzhou,Fee,0.9,0.01548532303,"a,j"
Shanghai,Fee,1.75,-0.05984095857,"a,j"
Shanghai,Fee,0.5,0.04591559991,"a,j"
Shanghai,Fee,4.5,-0.05267030746,"a,j"
Shanghai,Fee,0.9,-0.1336939782,"a,j"
Shanghai,Fee,0.5,0.05122769251,"a,j"
Beijing,Fee,0.55,0.02395418659,"a,j"
Shanghai,Fee,2.8,-0.1464345902,"a,j"
Shanghai,Fee,0.5,0.01970003359,"a,j"
Shanghai,Fee,0.9,-0.03402311355,"a,j"
Shanghai,Fee,2.4,0.1050980017,"a,j"
Shanghai,Fee,1.3,-0.08865660429,"a,j"
Shanghai,Fee,1.3,0.007084838115,"a,j"
Shanghai,Fee,1.25,0.008703073487,"a,j"
Shanghai,Fee,1.2,-0.00923304446,"a,j"
Shanghai,Fee,0.5,-0.08463408053,"a,j"
Shanghai,Fee,3.0,-0.009204473346,"a,j"
Guangzhou,Fee,2.0,-0.1255699247,"a,j"
Guangzhou,Fee,3.0,0.01491272449,"a,j"
Shanghai,Fee,1.58,-0.1349474639,"a,j"
Wuhan,Fee,0.5,-0.09872670472,"a,j"
Beijing,Fee,3.9,0.3903082311,"a,j"
Shanghai,Fee,0.8,-0.01958720386,"a,j"
Beijing,Fee,2.84,-0.044617787,"a,j"
Guangzhou,Fee,1.8,-0.03036106005,"a,j"
Beijing,Fee,1.98,0.1357616186,"a,j"
Wuhan,Fee,0.6,-0.02419032156,"a,j"
Wuhan,Fee,3.5,0.1182741076,"a,j"
Guangzhou,Fee,2.5,0.05875872821,"a,j"
Shanghai,Fee,1.5,-0.1109208539,"a,j"
Shanghai,Fee,4.0,0.4998650551,"a,j"
Beijing,Fee,1.8,-0.1068827361,"a,j"
Shanghai,Fee,0.35,-0.01806047373,"a,j"
Shanghai,Fee,1.5,-0.02829900756,"a,j"
Shanghai,Fee,0.45,0.0395841077,"a,j"
Shanghai,Fee,0.6,0.01175277121,"a,j"
Shanghai,Fee,0.5,0.02847323567,"a,j"
Shanghai,Fee,0.8,-0.08681574464,"a,j"
Beijing,Fee,0.9,-0.1301924139,"a,j"
Wuhan,Fee,2.5,0.05003145337,"a,j"
Shanghai,Fee,1.78,-0.2064148486,"a,j"
Wuhan,Fee,1.5,-0.05696753412,"a,j"
Beijing,Fee,1.5,-0.1091148406,"a,j"
Beijing,Fee,0.5,0.05557912961,"a,j"
Shanghai,Fee,1.4,-0.03968249261,"a,j"
Shanghai,Fee,1.32,0.02415593714,"a,j"
Wuhan,Fee,1.5,0.01638928056,"a,j"
Shanghai,Fee,2.0,0.01525609288,"a,j"
Wuhan,Fee,0.5,-0.1229351684,"a,j"
Shanghai,Fee,2.0,-0.00289125368,"a,j"
Wuhan,Fee,1.0,-0.1767567545,"a,j"
Beijing,Fee,0.58,-0.1031820029,"a,j"
Shanghai,Fee,7.5,-0.2434649765,"a,j"
Guangzhou,Fee,2.8,0.1022013277,"a,j"
Shanghai,Fee,1.0,-0.02415965497,"a,j"
Shanghai,Fee,0.5,0.001928826328,"a,j"
Wuhan,Fee,0.5,0.02008988522,"a,j"
Shanghai,Fee,2.1,0.09017143399,"a,j"
Beijing,Fee,1.2,-0.05269124359,"a,j"
Wuhan,Fee,0.8,-0.1526509225,"a,j"
Shanghai,Fee,1.96,-0.04506491125,"a,j"
Wuhan,Fee,0.5,-0.02333753556,"a,j"
Guangzhou,Fee,2.0,-0.238716498,"a,j"
Shanghai,Fee,0.8,-0.1330725998,"a,j"
Shanghai,Fee,0.5,-0.05055800825,"a,j"
Shanghai,Fee,1.5,-0.1240420192,"a,j"
Guangzhou,Fee,0.9,-0.01128226891,"a,j"
Beijing,Fee,1.3,-0.158546716,"a,j"
Shanghai,Fee,0.7,-0.09016780555,"a,j"
Guangzhou,Fee,1.5,-0.02230256423,"a,j"
Beijing,Fee,0.9,-0.08805496246,"a,j"
Shanghai,Fee,0.8,-0.1212612838,"a,j"
Shanghai,Fee,0.6,-0.07436361909,"a,j"
Wuhan,Fee,0.5,-0.08209885657,"a,j"
Shanghai,Fee,1.5,-0.1102837622,"a,j"
Wuhan,Fee,0.5,0.004724984989,"a,j"
Beijing,Fee,0.5,0.02870300412,"a,j"
Wuhan,Fee,0.5,-0.02897203714,"a,j"
Wuhan,Fee,0.8,-0.1327663064,"a,j"
Shanghai,Fee,0.7,-0.0244633574,"a,j"
Beijing,Fee,0.5,0.01321127545,"a,j"
Wuhan,Fee,1.45,-0.06246735528,"a,j"
Guangzhou,Fee,1.45,-0.1669075042,"a,j"
Shanghai,Fee,2.0,-0.06249754876,"a,j"
Shanghai,Fee,0.7,-0.2304446697,"a,j"
Beijing,Fee,2.2,0.01753656007,"a,j"
Guangzhou,Fee,0.5,-0.01967531443,"a,j"
Guangzhou,Fee,0.9,-0.07242107391,"a,j"
Shanghai,Fee,0.5,-0.04240228236,"a,j"
Shanghai,Fee,3.5,0.2453676462,"a,j"
Wuhan,Fee,3.5,0.1179326922,"a,j"
Guangzhou,Fee,1.0,-0.04960406944,"a,j"
Shanghai,Fee,0.85,-0.04994693398,"a,j"
Shanghai,Fee,1.0,-0.05499296635,"a,j"
Shanghai,Fee,0.5,0.03983806446,"a,j"
Shanghai,Fee,0.5,-0.01583964191,"a,j"
Shanghai,Fee,0.5,0.02448050678,"a,j"
Guangzhou,Fee,2.0,-0.166468367,"a,j"
Shanghai,Fee,1.5,-0.1801760644,"a,j"
Shanghai,Fee,1.1,0.08293170482,"a,j"
Wuhan,Fee,0.6,0.03002419323,"a,j"
Shanghai,Fee,2.0,-0.08715866506,"a,j"
Shanghai,Fee,0.8,-0.03388838097,"a,j"
Beijing,Fee,4.0,0.350002557,"a,j"
Shanghai,Fee,4.5,0.08178841323,"a,j"
Beijing,Fee,0.64,-0.09932649881,"a,j"
Shanghai,Fee,1.2,0.04169939458,"a,j"
Shanghai,Fee,1.44,-0.04322424904,"a,j"
Guangzhou,Fee,1.2,0.09978418797,"a,j"
Shanghai,Fee,0.5,0.06520225853,"a,j"
Wuhan,Fee,4.0,0.7824756503,"a,j"
Shanghai,Fee,0.9,-0.03777824715,"a,j"
Beijing,Fee,3.2,0.02179574966,"a,j"
Shanghai,Fee,1.8,0.0010178925,"a,j"
Shanghai,Fee,1.5,-0.1816574931,"a,j"
Beijing,Fee,0.7,-0.1016135737,"a,j"
Beijing,Fee,4.98,-0.1743876189,"a,j"
Shanghai,Fee,0.5,0.03947111964,"a,j"
Guangzhou,Fee,2.0,0.009212175384,"a,j"
Shanghai,Fee,0.8,-0.09714128077,"a,j"
Wuhan,Fee,0.7,-0.1310486943,"a,j"
Shanghai,Fee,3.8,0.2656607926,"a,j"
Shanghai,Fee,2.0,-0.07742153853,"a,j"
Wuhan,Fee,3.5,0.1582390964,"a,j"
Wuhan,Fee,0.9,0.02784279734,"a,j"
Shanghai,Fee,0.5,0.0002955929958,"a,j"
Wuhan,Fee,0.8,-0.0639558211,"a,j"
Wuhan,Fee,2.0,0.01636623777,"a,j"
Shanghai,Fee,0.9,-0.06648571044,"a,j"
Shanghai,Fee,1.55,-0.06038793549,"a,j"
Shanghai,Fee,1.25,0.06970351189,"a,j"
Guangzhou,Fee,0.9,-0.05576082692,"a,j"
Shanghai,Fee,0.5,0.195329681,"a,j"
Shanghai,Fee,0.6,0.01437291689,"a,j"
Shanghai,Fee,0.8,-0.06252260506,"a,j"
Wuhan,Fee,1.5,-0.05120818317,"a,j"
Shanghai,Fee,1.7,0.002672004048,"a,j"
Beijing,Fee,0.5,0.01812162809,"a,j"
Shanghai,Fee,1.2,0.0286484696,"a,j"
Shanghai,Fee,0.4,-0.2120238394,"a,j"
Shanghai,Fee,1.5,-0.1611485779,"a,j"
Shanghai,Fee,1.4,0.01642061584,"a,j"
Shanghai,Fee,8.0,-0.331176877,"a,j"
Shanghai,Fee,0.5,0.06284278631,"a,j"
Shanghai,Fee,3.5,0.1194039881,"a,j"
Wuhan,Fee,1.5,-0.06178551912,"a,j"
Guangzhou,Fee,0.7,-0.008978541009,"a,j"
Wuhan,Fee,1.2,0.140763998,"a,j"
Shanghai,Fee,1.2,0.03390766308,"a,j"
Shanghai,Fee,6.9,-0.67884022,"a,j"
Beijing,Fee,2.5,-0.09389163554,"a,j"
Shanghai,Fee,1.2,0.1233819053,"a,j"
Shanghai,Fee,0.8,-0.03521624207,"a,j"
Shanghai,Fee,0.5,-0.004726875108,"a,j"
Wuhan,Fee,0.5,0.07676348835,"a,j"
Shanghai,Fee,0.5,0.00460762158,"a,j"
Shanghai,Fee,1.1,0.08932203054,"a,j"
Guangzhou,Fee,2.1,0.08907131851,"a,j"
Shanghai,Fee,0.55,-0.003229595488,"a,j"
Guangzhou,Fee,2.0,-0.1515506357,"a,j"
Beijing,Fee,1.0,-0.02812219039,"a,j"
Wuhan,Fee,0.5,-0.09045512974,"a,j"
Shanghai,Fee,1.08,0.0112004932,"a,j"
Shanghai,Fee,3.6,0.1281581372,"a,j"
Beijing,Fee,6.5,-0.8700823784,"a,j"
Shanghai,Fee,1.0,-0.03362119198,"a,j"
Wuhan,Fee,0.5,-0.03358032927,"a,j"
Beijing,Fee,0.58,-0.1423756629,"a,j"
Wuhan,Fee,0.5,0.1000779197,"a,j"
Beijing,Fee,0.5,-0.01119597815,"a,j"
Wuhan,Fee,3.84,0.6465828419,"a,j"
Shanghai,Fee,0.8,-0.04121683165,"a,j"
Beijing,Fee,0.8,-0.1220982522,"a,j"
Beijing,Fee,1.5,-0.07384506613,"a,j"
Beijing,Fee,5.9,-0.9335877895,"a,j"
Shanghai,Fee,1.75,0.04079590738,"a,j"
Shanghai,Fee,0.35,-0.07585990429,"a,j"
Wuhan,Fee,0.9,-0.1528068632,"a,j"
Wuhan,Fee,0.5,0.008206994273,"a,j"
Shanghai,Fee,1.2,0.05622321367,"a,j"
Shanghai,Fee,1.5,-0.08037924767,"a,j"
Shanghai,Fee,0.7,-0.1288447082,"a,j"
Beijing,Fee,2.4,0.03131666034,"a,j"
Shanghai,Fee,2.0,0.09143912792,"a,j"
Shanghai,Fee,1.0,-0.06794348359,"a,j"
Shanghai,Fee,1.8,-0.03137819469,"a,j"
Guangzhou,Fee,3.0,0.2166372687,"a,j"
Shanghai,Fee,1.8,-0.1559323221,"a,j"
Shanghai,Fee,0.8,-0.04231119901,"a,j"
Wuhan,Fee,1.0,-0.02774015442,"a,j"
Beijing,Fee,0.8,-0.008423305117,"a,j"
Shanghai,Fee,0.8,-0.04617137462,"a,j"
Shanghai,Fee,0.45,-0.0173442401,"a,j"
Shanghai,Fee,0.55,-0.01842567138,"a,j"
Beijing,Fee,0.5,-0.03612961248,"a,j"
Shanghai,Fee,0.4,-0.0978115499,"a,j"
Shanghai,Fee,0.65,-0.03639663383,"a,j"
Shanghai,Fee,0.8,-0.07888270915,"a,j"
Shanghai,Fee,2.0,-0.05509233847,"a,j"
Beijing,Fee,4.18,0.3901083767,"a,j"
Shanghai,Fee,1.85,-0.1827555448,"a,j"
Wuhan,Fee,1.2,-0.003508410417,"a,j"
Shanghai,Fee,0.6,0.009150026366,"a,j"
Shanghai,Fee,0.7,-0.09237289429,"a,j"
Shanghai,Fee,0.9,-0.02413603291,"a,j"
Shanghai,Fee,1.1,0.006478885189,"a,j"
Wuhan,Fee,0.5,-0.01574777067,"a,j"
Shanghai,Fee,0.6,0.0009293609764,"a,j"
Shanghai,Fee,0.3,0.4090886414,"a,j"
Beijing,Fee,0.9,-0.1605397314,"a,j"
Shanghai,Fee,2.0,-0.04319859669,"a,j"
Shanghai,Fee,2.3,-0.1147033498,"a,j"
Shanghai,Fee,1.5,-0.09381628782,"a,j"
Shanghai,Fee,0.6,0.01024431176,"a,j"
Wuhan,Fee,0.6,-0.004305039532,"a,j"
Beijing,Fee,2.0,0.05705919489,"a,j"
Shanghai,Fee,1.0,-0.1004371196,"a,j"
Shanghai,Fee,0.75,-0.01364739332,"a,j"
Wuhan,Fee,0.9,-0.21488069,"a,j"
Wuhan,Fee,2.6,0.1656683832,"a,j"
Shanghai,Fee,2.2,-0.09598189592,"a,j"
Wuhan,Fee,0.3,-0.05188931525,"a,j"
Guangzhou,Fee,2.7,0.09867398441,"a,j"
Shanghai,Fee,2.25,-0.03703633323,"a,j"
Wuhan,Fee,0.3,-0.002161375014,"a,j"
Shanghai,Fee,0.5,-0.05908510089,"a,j"
Wuhan,Fee,0.6,-0.005857359618,"a,j"
Wuhan,Fee,2.68,0.05483296514,"a,j"
Shanghai,Fee,0.35,-0.1480505764,"a,j"
Shanghai,Fee,1.6,-0.08016082644,"a,j"
Beijing,Fee,0.86,-0.1063104272,"a,j"
Guangzhou,Fee,1.8,-0.03554583713,"a,j"
Guangzhou,Fee,0.8,-0.07868221402,"a,j"
Beijing,Fee,0.5,0.01324245147,"a,j"
Shanghai,Fee,0.6,0.03475944698,"a,j"
Wuhan,Fee,1.2,0.06031562015,"a,j"
Shanghai,Fee,0.35,0.3511399329,"a,j"
Shanghai,Fee,0.5,0.2273732573,"a,j"
Shanghai,Fee,2.1,0.005160893314,"a,j"
Shanghai,Fee,1.7,-0.01428430062,"a,j"
Shanghai,Fee,0.5,0.0460164994,"a,j"
Wuhan,Fee,3.0,0.1525273323,"a,j"
Beijing,Fee,7.9,-0.4815111756,"a,j"
Shanghai,Fee,1.1,0.07183535397,"a,j"
Beijing,Fee,0.9,-0.06239711866,"a,j"
Shanghai,Fee,1.1,0.08332811296,"a,j"
Shanghai,Fee,0.8,-0.1671426594,"a,j"
Shanghai,Fee,3.0,0.07134967297,"a,j"
Beijing,Fee,0.8,-0.1377727389,"a,j"
Shanghai,Fee,4.2,0.312690407,"a,j"
Shanghai,Fee,0.5,0.03116096556,"a,j"
Shanghai,Fee,1.6,-0.171514377,"a,j"
Shanghai,Fee,1.5,-0.1290663034,"a,j"
Shanghai,Fee,3.5,0.374221921,"a,j"
Shanghai,Fee,0.6,-0.0594820939,"a,j"
Shanghai,Fee,1.2,0.1022653356,"a,j"
Wuhan,Fee,2.5,0.1585290432,"a,j"
Guangzhou,Fee,0.8,-0.01158537436,"a,j"
Shanghai,Fee,1.5,-0.144729346,"a,j"
Shanghai,Fee,2.8,-0.01656468585,"a,j"
Beijing,Fee,0.5,0.02240733057,"a,j"
Guangzhou,Fee,3.8,0.1566262841,"a,j"
Shanghai,Fee,2.3,-0.08911358565,"a,j"
Guangzhou,Fee,2.5,-0.1481260061,"a,j"
Shanghai,Fee,0.7,-0.0670652464,"a,j"
Wuhan,Fee,0.6,-0.01390608121,"a,j"
Wuhan,Fee,2.8,0.1364188194,"a,j"
Shanghai,Fee,1.6,-0.02441709861,"a,j"
Shanghai,Fee,0.6,-0.05648265406,"a,j"
Shanghai,Fee,2.0,-0.08534022421,"a,j"
Shanghai,Fee,0.35,-0.2298016101,"a,j"
Wuhan,Fee,1.2,0.07763236761,"a,j"
Shanghai,Fee,1.0,0.0008786331746,"a,j"
Shanghai,Fee,1.45,-0.02166546695,"a,j"
Shanghai,Fee,0.8,-0.06912051141,"a,j"
Wuhan,Fee,0.9,-0.1190401912,"a,j"
Wuhan,Fee,0.7,0.0004774087574,"a,j"
Shanghai,Fee,0.5,0.0410021469,"a,j"
Shanghai,Fee,1.0,-0.01182074659,"a,j"
Shanghai,Fee,0.8,-0.02338870242,"a,j"
Shanghai,Fee,2.4,-0.1335663944,"a,j"
Beijing,Fee,2.27,0.1367310435,"a,j"
Shanghai,Fee,0.7,-0.08717599511,"a,j"
Shanghai,Fee,1.1,0.1105849817,"a,j"
Shanghai,Fee,0.92,-0.02300560474,"a,j"
Beijing,Fee,0.5,-0.003748778719,"a,j"
Guangzhou,Fee,0.8,0.01517321821,"a,j"
Shanghai,Fee,0.8,-0.03230553493,"a,j"
Guangzhou,Fee,1.95,-0.1410117149,"a,j"
Beijing,Fee,1.0,-0.05576753616,"a,j"
Beijing,Fee,0.8,-0.08448812366,"a,j"
Shanghai,Fee,4.5,0.1002234668,"a,j"
Beijing,Fee,2.29,0.1286645085,"a,j"
Wuhan,Fee,1.2,0.01979038492,"a,j"
Shanghai,Fee,1.0,-0.02954187803,"a,j"
Shanghai,Fee,2.08,0.06809730083,"a,j"
Shanghai,Fee,0.8,-0.02121549845,"a,j"
Shanghai,Fee,1.6,-0.098754704,"a,j"
Shanghai,Fee,0.6,-0.03500549495,"a,j"
Wuhan,Fee,0.8,-0.09809843451,"a,j"
Guangzhou,Fee,2.0,-0.05631616712,"a,j"
Wuhan,Fee,0.8,-0.03306873515,"a,j"
Wuhan,Fee,2.0,0.02674118429,"a,j"
Shanghai,Fee,0.3,-0.1371908933,"a,j"
Shanghai,Fee,0.8,-0.02196559124,"a,j"
Shanghai,Fee,0.45,0.2796974778,"a,j"
Shanghai,Fee,2.1,-0.02149619535,"a,j"
Shanghai,Fee,2.0,-0.1802660376,"a,j"
Wuhan,Fee,1.2,0.09311246872,"a,j"
Shanghai,Fee,0.8,-0.0329391323,"a,j"
Shanghai,Fee,1.96,-0.08706204593,"a,j"
Shanghai,Fee,2.8,-0.1215463653,"a,j"
Shanghai,Fee,2.05,-0.02144622244,"a,j"
Beijing,Fee,0.5,0.1491379589,"a,j"
Shanghai,Fee,0.8,-0.09161316603,"a,j"
Wuhan,Fee,0.8,-0.1782485992,"a,j"
Beijing,Fee,2.0,-0.1068596691,"a,j"
Shanghai,Fee,0.6,-0.03372343257,"a,j"
Guangzhou,Fee,2.3,-0.09805814922,"a,j"
Wuhan,Fee,0.6,-0.005762550049,"a,j"
Guangzhou,Fee,0.6,0.05595686287,"a,j"
Shanghai,Fee,0.5,-0.0009455957916,"a,j"
Wuhan,Fee,2.45,-0.0154696526,"a,j"
Shanghai,Fee,1.0,-0.02612611651,"a,j"
Guangzhou,Fee,1.0,-0.07647591084,"a,j"
Shanghai,Fee,2.1,-0.2256609499,"a,j"
Shanghai,Fee,1.85,-0.1799787581,"a,j"
Shanghai,Fee,1.0,0.005119656213,"a,j"
Shanghai,Fee,0.8,-0.04727156833,"a,j"
Wuhan,Fee,0.5,0.01833562925,"a,j"
Shanghai,Fee,1.18,0.06000831351,"a,j"
Guangzhou,Fee,2.0,-0.0548273623,"a,j"
Shanghai,Fee,0.8,-0.02862579376,"a,j"
Wuhan,Fee,0.5,-0.06837759167,"a,j"
Wuhan,Fee,0.9,-0.04969552904,"a,j"
Guangzhou,Fee,3.7,0.08294177055,"a,j"
Wuhan,Fee,5.9,-0.7103927135,"a,j"
Beijing,Fee,1.5,-0.1134961918,"a,j"
Shanghai,Fee,3.2,0.1088067964,"a,j"
Shanghai,Fee,1.5,-0.04712647572,"a,j"
Wuhan,Fee,1.0,-0.07452330738,"a,j"
Beijing,Fee,1.0,-0.01501757652,"a,j"
Wuhan,Fee,1.0,0.07865463942,"a,j"
Shanghai,Fee,1.4,-0.03686644137,"a,j"
Beijing,Fee,0.7,-0.1921154559,"a,j"
Shanghai,Fee,0.5,-0.03234921396,"a,j"
Wuhan,Fee,1.5,-0.118961595,"a,j"
Wuhan,Fee,0.5,-0.06824629754,"a,j"
Guangzhou,Fee,2.0,-0.1335066557,"a,j"
Shanghai,Fee,2.0,-0.1627127528,"a,j"
Shanghai,Fee,1.25,0.04684472829,"a,j"
Wuhan,Fee,1.5,0.005260028876,"a,j"
Shanghai,Fee,3.2,-0.04674259201,"a,j"
Shanghai,Fee,0.5,0.0455907248,"a,j"
Shanghai,Fee,4.8,0.0355466418,"a,j"
Shanghai,Fee,1.2,0.06665775925,"a,j"
Wuhan,Fee,0.6,0.004789659753,"a,j"
Shanghai,Fee,1.75,-0.1236987412,"a,j"
Shanghai,Fee,2.8,-0.1172643006,"a,j"
Shanghai,Fee,3.0,-0.04929111898,"a,j"
Wuhan,Fee,1.0,0.02106716856,"a,j"
Shanghai,Fee,1.85,-0.1156806424,"a,j"
Guangzhou,Fee,0.9,-0.0568315126,"a,j"
Shanghai,Fee,0.8,-0.04141082615,"a,j"
Beijing,Fee,0.9,-0.06114897504,"a,j"
Guangzhou,Fee,0.9,-0.06837426871,"a,j"
Wuhan,Fee,0.8,-0.1699573696,"a,j"
Shanghai,Fee,1.1,0.04869393259,"a,j"
Shanghai,Fee,1.14,-0.01385724265,"a,j"
Shanghai,Fee,1.1,0.1001249105,"a,j"
Guangzhou,Fee,0.6,-0.02594162524,"a,j"
Beijing,Fee,7.0,-0.3939927518,"a,j"
Shanghai,Fee,1.5,-0.1553957611,"a,j"
Beijing,Fee,1.2,-0.04931661859,"a,j"
Guangzhou,Fee,0.8,-0.1605434865,"a,j"
Shanghai,Fee,0.5,-0.04264850542,"a,j"
Shanghai,Fee,0.68,-0.006472828332,"a,j"
Wuhan,Fee,0.9,-0.06228558719,"a,j"
Beijing,Fee,0.9,-0.03858108819,"a,j"
Shanghai,Fee,0.5,0.0200833492,"a,j"
Guangzhou,Fee,2.8,0.2908518016,"a,j"
Shanghai,Fee,1.2,0.04138357937,"a,j"
Wuhan,Fee,2.8,-0.03638485074,"a,j"
Shanghai,Fee,1.69,-0.05478602648,"a,j"
Shanghai,Fee,1.5,-0.1417083293,"a,j"
Shanghai,Fee,0.5,0.09666651487,"a,j"
Shanghai,Fee,1.9,-0.1060298607,"a,j"
Beijing,Fee,1.3,-0.04785438254,"a,j"
Wuhan,Fee,0.8,-0.1990310699,"a,j"
Shanghai,Fee,0.5,-0.0331848152,"a,j"
Shanghai,Fee,1.1,0.06497243047,"a,j"
Wuhan,Fee,2.6,-0.04894613102,"a,j"
Shanghai,Fee,2.2,-0.02342757769,"a,j"
Shanghai,Fee,1.0,-0.06455722451,"a,j"
Shanghai,Fee,1.8,-0.06693904847,"a,j"
Beijing,Fee,0.6,-0.03756313771,"a,j"
Beijing,Fee,2.0,-0.1588261873,"a,j"
Wuhan,Fee,0.5,-0.1089554057,"a,j"
Shanghai,Fee,0.5,0.1141519994,"a,j"
Guangzhou,Fee,0.6,0.01887881756,"a,j"
Shanghai,Fee,0.85,-0.03822673485,"a,j"
Shanghai,Fee,0.8,-0.05603421107,"a,j"
Shanghai,Fee,0.54,-0.004349518102,"a,j"
Shanghai,Fee,0.8,-0.07597572356,"a,j"
Shanghai,Fee,1.8,-0.1154342517,"a,j"
Shanghai,Fee,2.0,-0.2210121155,"a,j"
Wuhan,Fee,1.8,0.03732386976,"a,j"
Shanghai,Fee,0.95,0.02879196033,"a,j"
Shanghai,Fee,1.0,-0.06767296791,"a,j"
Shanghai,Fee,0.42,-0.170340687,"a,j"
Guangzhou,Fee,0.5,0.06316212565,"a,j"
Shanghai,Fee,0.5,0.06185280904,"a,j"
Wuhan,Fee,1.6,0.04036180303,"a,j"
Shanghai,Fee,3.45,-0.03362935781,"a,j"
Wuhan,Fee,2.0,0.07378073782,"a,j"
Guangzhou,Fee,1.9,-0.1873316616,"a,j"
Shanghai,Fee,1.8,-0.08447850496,"a,j"
Beijing,Fee,0.4,0.3019471467,"a,j"
Shanghai,Fee,0.5,0.0001720435102,"a,j"
Shanghai,Fee,0.75,-0.01318117604,"a,j"
Shanghai,Fee,0.5,0.07005824894,"a,j"
Shanghai,Fee,0.8,-0.1391300112,"a,j"
Shanghai,Fee,0.6,-0.1427629143,"a,j"
Beijing,Fee,0.55,0.03021171317,"a,j"
Shanghai,Fee,1.2,0.07980627567,"a,j"
Guangzhou,Fee,5.8,-0.2164907753,"a,j"
Beijing,Fee,2.62,-0.02388409153,"a,j"
Shanghai,Fee,0.7,0.01442212239,"a,j"
Shanghai,Fee,2.7,0.09099439532,"a,j"
Shanghai,Fee,1.0,-0.0260990411,"a,j"
Beijing,Fee,3.0,-0.07689716667,"a,j"
Shanghai,Fee,1.2,0.02023143321,"a,j"
Shanghai,Fee,1.15,0.03180922568,"a,j"
Shanghai,Fee,0.8,-0.1028652936,"a,j"
Guangzhou,Fee,1.2,0.003859010292,"a,j"
Shanghai,Fee,0.7,-0.00163309183,"a,j"
Guangzhou,Fee,0.5,-0.002596545499,"a,j"
Shanghai,Fee,0.95,-0.0373580493,"a,j"
Wuhan,Fee,0.9,0.01076360792,"a,j"
Shanghai,Fee,0.4,-0.1416664571,"a,j"
Shanghai,Fee,1.2,0.03382799774,"a,j"
Shanghai,Fee,2.7,0.001663496718,"a,j"
Shanghai,Fee,0.35,-0.02945809066,"a,j"
Shanghai,Fee,2.0,-0.1496161073,"a,j"
Shanghai,Fee,1.19,0.09919521213,"a,j"
Shanghai,Fee,2.0,0.1231888831,"a,j"
Wuhan,Fee,1.5,0.02949972451,"a,j"
Shanghai,Fee,3.8,-2.670916729e-05,"a,j"
Shanghai,Fee,2.3,0.01167891547,"a,j"
Shanghai,Fee,0.6,-0.04378319532,"a,j"
Wuhan,Fee,0.5,0.02766976506,"a,j"
Beijing,Fee,2.9,0.01954065636,"a,j"
Shanghai,Fee,0.5,0.1050523967,"a,j"
Shanghai,Fee,0.55,-0.01645140536,"a,j"
Guangzhou,Fee,2.0,0.005557236262,"a,j"
Shanghai,Fee,0.5,0.007114429958,"a,j"
Shanghai,Fee,1.5,-0.1104168519,"a,j"
Shanghai,Fee,0.5,0.05170287192,"a,j"
Beijing,Fee,0.5,0.1274861246,"a,j"
Shanghai,Fee,0.8,-0.04351942986,"a,j"
Shanghai,Fee,0.5,0.01694186218,"a,j"
Guangzhou,Fee,2.0,-0.1627759188,"a,j"
Beijing,Fee,1.1,-0.09551235288,"a,j"
Wuhan,Fee,1.6,-0.1125467941,"a,j"
Shanghai,Fee,2.3,-0.08581020683,"a,j"
Beijing,Fee,0.5,-0.001266905572,"a,j"
Wuhan,Fee,1.0,0.007180212997,"a,j"
Wuhan,Fee,0.5,-0.00955770351,"a,j"
Shanghai,Fee,0.5,-0.06526221335,"a,j"
Shanghai,Fee,1.89,-0.151661396,"a,j"
Shanghai,Fee,2.48,-0.09000853449,"a,j"
Wuhan,Fee,0.5,-0.01574777067,"a,j"
Wuhan,Fee,1.7,-0.07166007161,"a,j"
Beijing,Fee,1.2,0.02164230868,"a,j"
Beijing,Fee,0.5,-0.04272309691,"a,j"
Wuhan,Fee,0.8,-0.1098686308,"a,j"
Guangzhou,Fee,3.5,-0.002876401879,"a,j"
Shanghai,Fee,2.5,0.1319984645,"a,j"
Shanghai,Fee,3.3,0.06822566688,"a,j"
Wuhan,Fee,1.7,0.2216341197,"a,j"
Wuhan,Fee,2.8,-0.05555830523,"a,j"
Guangzhou,Fee,0.9,-0.1307701916,"a,j"
Shanghai,Fee,1.96,0.01326469705,"a,j"
Beijing,Fee,0.9,-0.03268946707,"a,j"
Shanghai,Fee,5.5,-0.5145056844,"a,j"
Beijing,Fee,0.4,0.1462469548,"a,j"
Shanghai,Fee,1.0,0.05868111178,"a,j"
Shanghai,Fee,0.5,0.08846077323,"a,j"
Shanghai,Fee,2.0,-0.05746797472,"a,j"
Shanghai,Fee,0.55,0.03761380166,"a,j"
Shanghai,Fee,1.97,0.007874736562,"a,j"
Wuhan,Fee,3.5,-0.00465936726,"a,j"
Shanghai,Fee,3.0,0.09801348299,"a,j"
Beijing,Fee,2.0,0.006209805608,"a,j"
Beijing,Fee,0.5,0.06563723087,"a,j"
Wuhan,Fee,2.8,0.108547762,"a,j"
Beijing,Fee,4.8,0.1060271859,"a,j"
Shanghai,Fee,0.6,-0.01402950939,"a,j"
Beijing,Fee,2.0,-0.1049307287,"a,j"
Shanghai,Fee,0.7,-0.1326185167,"a,j"
Shanghai,Fee,2.0,-0.1891463399,"a,j"
Wuhan,Fee,0.8,-0.2169120014,"a,j"
Shanghai,Fee,0.85,-0.03750228882,"a,j"
Shanghai,Fee,1.16,0.03192517534,"a,j"
Shanghai,Fee,4.5,-0.1520155519,"a,j"
Beijing,Fee,0.9,-0.01457861066,"a,j"
Beijing,Fee,1.75,-0.03932509571,"a,j"
Beijing,Fee,3.0,-0.1184250489,"a,j"
Shanghai,Fee,0.45,-0.005659942515,"a,j"
Shanghai,Fee,1.06,-0.04737559333,"a,j"
Shanghai,Fee,1.5,-0.1008789465,"a,j"
Beijing,Fee,1.97,-0.0768930763,"a,j"
Shanghai,Fee,1.2,0.009731963277,"a,j"
Wuhan,Fee,0.7,-0.01332230214,"a,j"
Shanghai,Fee,0.3,0.5558577776,"a,j"
Shanghai,Fee,2.0,-0.1663711816,"a,j"
Shanghai,Fee,2.5,-0.01475525089,"a,j"
Shanghai,Fee,0.8,-0.05285967886,"a,j"
Shanghai,Fee,2.0,-0.1417516768,"a,j"
Shanghai,Fee,0.6,0.00319250254,"a,j"
Guangzhou,Fee,2.0,-0.1578042656,"a,j"
Shanghai,Fee,1.2,0.01782880351,"a,j"
Wuhan,Fee,0.5,-0.1082127392,"a,j"
Shanghai,Fee,4.2,0.4008404911,"a,j"
Guangzhou,Fee,2.0,-0.06798136234,"a,j"
Wuhan,Fee,0.7,-0.02937853709,"a,j"
Shanghai,Fee,1.25,0.06909225136,"a,j"
Shanghai,Fee,2.8,-0.07430541515,"a,j"
Guangzhou,Fee,1.5,-0.1161802262,"a,j"
Wuhan,Fee,0.8,-0.1300161779,"a,j"
Shanghai,Fee,0.4,0.07616526634,"a,j"
Shanghai,Fee,5.0,-0.4022996426,"a,j"
Beijing,Fee,0.7,-0.1457722187,"a,j"
Wuhan,Fee,1.0,0.00679410249,"a,j"
Wuhan,Fee,1.2,0.1104623899,"a,j"
Shanghai,Fee,1.5,-0.0405013524,"a,j"
Shanghai,Fee,1.19,0.01611584425,"a,j"
Shanghai,Fee,0.8,-0.03167263046,"a,j"
Beijing,Fee,0.5,0.2776329517,"a,j"
Shanghai,Fee,0.5,0.02781822346,"a,j"
Shanghai,Fee,0.5,0.2716812789,"a,j"
Shanghai,Fee,1.2,0.06064857915,"a,j"
Guangzhou,Fee,1.5,-0.05424163491,"a,j"
Shanghai,Fee,0.8,-0.06332313269,"a,j"
Beijing,Fee,8.0,-0.681415379,"a,j"
Beijing,Fee,2.8,0.1179846078,"a,j"
Shanghai,Fee,1.8,-0.1884930879,"a,j"
Wuhan,Fee,2.2,0.1277722418,"a,j"
Shanghai,Fee,1.0,-0.03487340361,"a,j"
Shanghai,Fee,1.2,-0.005811898038,"a,j"
Guangzhou,Fee,0.9,-0.1243840978,"a,j"
Guangzhou,Fee,0.5,0.0611034967,"a,j"
Wuhan,Fee,0.9,-0.1066249236,"a,j"
Beijing,Fee,2.0,-0.2129494548,"a,j"
Shanghai,Fee,2.85,0.09490968287,"a,j"
Beijing,Fee,0.5,0.01876538061,"a,j"
Shanghai,Fee,0.8,-0.0948208943,"a,j"
Shanghai,Fee,0.5,0.02009677514,"a,j"
Shanghai,Fee,0.9,0.008533466607,"a,j"
Shanghai,Fee,0.65,-0.01790361665,"a,j"
Shanghai,Fee,0.6,-0.01459967997,"a,j"
Beijing,Fee,0.5,0.01654958911,"a,j"
Beijing,Fee,1.6,-0.2345178127,"a,j"
Shanghai,Fee,0.35,-0.02427764423,"a,j"
Wuhan,Fee,0.5,-0.09505774081,"a,j"
Guangzhou,Fee,0.6,0.003276905976,"a,j"
Wuhan,Fee,0.5,-0.04738285765,"a,j"
Guangzhou,Fee,2.5,-0.1056141406,"a,j"
Shanghai,Fee,1.95,0.01310434565,"a,j"
Shanghai,Fee,0.3,-0.1705414206,"a,j"
Wuhan,Fee,2.8,-0.03759267554,"a,j"
Shanghai,Fee,0.8,-0.05261615664,"a,j"
Shanghai,Fee,2.3,-0.1580194533,"a,j"
Shanghai,Fee,1.3,-0.03682525828,"a,j"
Shanghai,Fee,0.8,-0.05110534281,"a,j"
Shanghai,Fee,0.6,0.009406661615,"a,j"
Wuhan,Fee,2.0,-0.1240088195,"a,j"
Beijing,Fee,0.5,0.0001380881295,"a,j"
Shanghai,Fee,0.8,-0.04377411306,"a,j"
Wuhan,Fee,0.6,-0.02846604958,"a,j"
Shanghai,Fee,1.8,-0.04467756674,"a,j"
Shanghai,Fee,0.8,-0.05167715624,"a,j"
Shanghai,Fee,3.5,0.3355092108,"a,j"
Wuhan,Fee,0.5,0.00934299361,"a,j"
Wuhan,Fee,0.5,-0.001327252015,"a,j"
Shanghai,Fee,0.35,-0.05993404612,"a,j"
Shanghai,Fee,0.7,0.02847918868,"a,j"
Shanghai,Fee,7.5,-0.08669122308,"a,j"
Shanghai,Fee,0.35,0.271021843,"a,j"
Wuhan,Fee,0.5,-0.08006184548,"a,j"
Beijing,Fee,0.64,0.0198233258,"a,j"
Wuhan,Fee,1.7,0.037698742,"a,j"
Guangzhou,Fee,2.0,-0.008824709803,"a,j"
Wuhan,Fee,1.8,0.02661842108,"a,j"
Shanghai,Fee,1.5,-0.1072027385,"a,j"
Guangzhou,Fee,2.8,0.08197493851,"a,j"
Guangzhou,Fee,2.2,0.1592151225,"a,j"
Shanghai,Fee,1.5,-0.128542304,"a,j"
Shanghai,Fee,1.75,-0.1470814794,"a,j"
Shanghai,Fee,0.6,0.0112608755,"a,j"
Shanghai,Fee,2.3,-0.1310668141,"a,j"
Guangzhou,Fee,1.6,-0.1337498426,"a,j"
Beijing,Fee,0.4,0.1081773788,"a,j"
Shanghai,Fee,0.5,0.09872697294,"a,j"
Shanghai,Fee,0.5,-0.1123251915,"a,j"
Beijing,Fee,6.19,-0.4966292083,"a,j"
Wuhan,Fee,1.0,-0.1092655584,"a,j"
Guangzhou,Fee,0.5,-0.0334688127,"a,j"
Shanghai,Fee,2.1,-0.2015897334,"a,j"
Guangzhou,Fee,2.0,-0.2063039243,"a,j"
Shanghai,Fee,2.8,-0.05287514627,"a,j"
Beijing,Fee,0.8,-0.08655301481,"a,j"
Beijing,Fee,0.5,-0.02549650893,"a,j"
Shanghai,Fee,1.8,0.02630070969,"a,j"
Shanghai,Fee,1.95,0.0637042895,"a,j"
Shanghai,Fee,0.5,0.03649231791,"a,j"
Shanghai,Fee,1.25,-0.04094418511,"a,j"
Wuhan,Fee,1.05,0.0312987715,"a,j"
Shanghai,Fee,1.1,-0.04486557841,"a,j"
Shanghai,Fee,1.5,-0.1114639118,"a,j"
Shanghai,Fee,0.6,-0.05248758197,"a,j"
Wuhan,Fee,0.5,0.00718461629,"a,j"
Guangzhou,Fee,0.6,-0.0914080292,"a,j"
Shanghai,Fee,3.5,0.4199422896,"a,j"
Wuhan,Fee,0.9,-0.07338121533,"a,j"
Wuhan,Fee,0.5,0.001289040316,"a,j"
Wuhan,Fee,0.8,-0.08386866748,"a,j"
Beijing,Fee,5.0,-0.09420618415,"a,j"
Shanghai,Fee,0.6,-0.02151893452,"a,j"
Wuhan,Fee,0.9,-0.1149230972,"a,j"
Wuhan,Fee,0.9,-0.1477311552,"a,j"
Shanghai,Fee,4.5,0.1490152031,"a,j"
Shanghai,Fee,0.8,-0.03548152,"a,j"
Shanghai,Fee,2.0,-0.07571145892,"a,j"
Wuhan,Fee,1.2,0.103956975,"a,j"
Shanghai,Fee,0.8,-0.04430649057,"a,j"
Shanghai,Fee,1.85,-0.01044358313,"a,j"
Guangzhou,Fee,0.9,-0.1391087174,"a,j"
Shanghai,Fee,6.0,-0.923968792,"a,j"
Wuhan,Fee,0.5,-0.1305367351,"a,j"
Shanghai,Fee,2.3,-0.01932933182,"a,j"
Shanghai,Fee,0.6,-0.0243359264,"a,j"
Shanghai,Fee,0.6,-0.001472971169,"a,j"
Shanghai,Fee,0.8,-0.05929614976,"a,j"
Shanghai,Fee,0.8,-0.03721394762,"a,j"
Shanghai,Fee,1.0,-0.09335482121,"a,j"
Shanghai,Fee,0.5,-0.05473338813,"a,j"
Guangzhou,Fee,2.8,-0.1792072207,"a,j"
Wuhan,Fee,1.0,-0.129248172,"a,j"
Wuhan,Fee,5.0,-0.7843672633,"a,j"
Wuhan,Fee,0.3,-0.07760799676,"a,j"
Shanghai,Fee,8.0,-0.9536024332,"a,j"
Beijing,Fee,1.0,-0.04953208193,"a,j"
Shanghai,Fee,1.2,0.02756868675,"a,j"
Beijing,Fee,0.9,-0.09244775772,"a,j"
Shanghai,Fee,1.0,0.01382283866,"a,j"
Guangzhou,Fee,0.5,0.02927570604,"a,j"
Shanghai,Fee,2.0,-0.1387686431,"a,j"
Guangzhou,Fee,1.8,-0.1965127885,"a,j"
Guangzhou,Fee,1.45,-0.1203436404,"a,j"
Shanghai,Fee,0.45,0.01036341581,"a,j"
Shanghai,Fee,0.55,-0.02083313093,"a,j"
Shanghai,Fee,0.6,-0.01450784132,"a,j"
Beijing,Fee,0.6,-0.001214670949,"a,j"
Wuhan,Fee,3.5,0.2643396556,"a,j"
Shanghai,Fee,0.5,-0.113187395,"a,j"
Shanghai,Fee,1.0,-0.02190634981,"a,j"
Shanghai,Fee,0.6,-0.04429276288,"a,j"
Shanghai,Fee,4.5,0.1557466388,"a,j"
Shanghai,Fee,0.7,-3.250082955e-05,"a,j"
Shanghai,Fee,0.8,-0.06265208125,"a,j"
Beijing,Fee,0.9,-0.1251712292,"a,j"
Shanghai,Fee,1.96,-0.1831026524,"a,j"
Beijing,Fee,1.2,-0.01084965281,"a,j"
Guangzhou,Fee,0.9,-0.1617606431,"a,j"
Beijing,Fee,1.2,0.0388658829,"a,j"
Beijing,Fee,1.0,-0.05563132837,"a,j"
Shanghai,Fee,2.0,-0.1282735914,"a,j"
Wuhan,Fee,0.6,-0.01881497353,"a,j"
Wuhan,Fee,0.5,-0.06440215558,"a,j"
Guangzhou,Fee,3.0,-0.1040130258,"a,j"
Shanghai,Fee,0.8,-0.02358783036,"a,j"
Shanghai,Fee,0.8,-0.02503206767,"a,j"
Wuhan,Fee,0.9,-0.1050967723,"a,j"
Shanghai,Fee,0.45,0.2789867222,"a,j"
Shanghai,Fee,1.7,-0.1963715255,"a,j"
Shanghai,Fee,1.2,0.07049120963,"a,j"
Shanghai,Fee,1.14,0.07828314602,"a,j"
Guangzhou,Fee,2.0,-0.1459108889,"a,j"
Guangzhou,Fee,1.8,-0.135917902,"a,j"
Shanghai,Fee,0.9,-0.1314692944,"a,j"
Shanghai,Fee,0.7,-0.1084099486,"a,j"
Shanghai,Fee,0.5,0.08752232045,"a,j"
Shanghai,Fee,0.89,-0.1145308167,"a,j"
Guangzhou,Fee,3.7,0.000785256736,"a,j"
Shanghai,Fee,0.42,-0.1097262651,"a,j"
Shanghai,Fee,0.85,0.006555561908,"a,j"
Shanghai,Fee,1.09,0.01307044458,"a,j"
Beijing,Fee,2.5,0.003942400683,"a,j"
Shanghai,Fee,0.6,0.03921923041,"a,j"
Shanghai,Fee,0.35,-0.1274219751,"a,j"
Shanghai,Fee,0.5,-0.1172303334,"a,j"
Shanghai,Fee,4.5,0.1754060984,"a,j"
Shanghai,Fee,4.0,0.2919121981,"a,j"
Beijing,Fee,3.28,-0.0164745599,"a,j"
Guangzhou,Fee,0.5,0.2106453776,"a,j"
Beijing,Fee,3.2,0.07257252187,"a,j"
Shanghai,Fee,4.4,0.08574888855,"a,j"
Wuhan,Fee,0.7,-0.03389713541,"a,j"
Shanghai,Fee,0.8,-0.07815041393,"a,j"
Wuhan,Fee,0.5,-0.04300008714,"a,j"
Beijing,Fee,2.0,-0.15190579,"a,j"
Beijing,Fee,2.5,-0.08930272609,"a,j"
Wuhan,Fee,0.6,-0.1446192563,"a,j"
Shanghai,Fee,2.8,-0.004493399989,"a,j"
Wuhan,Fee,1.8,-0.1365783215,"a,j"
Shanghai,Fee,0.9,-0.0320174396,"a,j"
Guangzhou,Fee,3.8,0.5814041495,"a,j"
Shanghai,Fee,0.35,0.05979205668,"a,j"
Shanghai,Fee,0.7,-0.0537211895,"a,j"
Wuhan,Fee,1.8,0.01761350036,"a,j"
Shanghai,Fee,3.5,0.1183782667,"a,j"
Shanghai,Fee,2.1,-0.1853748709,"a,j"
Shanghai,Fee,0.8,-0.08912480623,"a,j"
Shanghai,Fee,3.5,0.2671176493,"a,j"
Shanghai,Fee,0.5,-0.004713705741,"a,j"
Wuhan,Fee,3.28,0.1329515576,"a,j"
Shanghai,Fee,1.5,-0.1344013661,"a,j"
Beijing,Fee,0.57,0.006297352724,"a,j"
Guangzhou,Fee,0.5,-0.07740143687,"a,j"
Wuhan,Fee,3.2,0.02602250315,"a,j"
Beijing,Fee,0.5,0.02991027385,"a,j"
Shanghai,Fee,1.2,0.1017694771,"a,j"
Beijing,Fee,1.0,-0.1097206175,"a,j"
Guangzhou,Fee,2.0,-0.1320020854,"a,j"
Shanghai,Fee,0.35,0.06421343237,"a,j"
Shanghai,Fee,2.0,-0.08857452124,"a,j"
Wuhan,Fee,0.5,-0.03056936711,"a,j"
Beijing,Fee,0.9,-0.1052337885,"a,j"
Beijing,Fee,0.5,0.1175764129,"a,j"
Shanghai,Fee,1.41,0.03413603455,"a,j"
Guangzhou,Fee,2.8,0.2224836946,"a,j"
Wuhan,Fee,3.2,0.3639509082,"a,j"
Beijing,Fee,5.0,-0.3587933779,"a,j"
Guangzhou,Fee,0.5,0.1836393625,"a,j"
Shanghai,Fee,1.0,0.04822214693,"a,j"
Guangzhou,Fee,2.0,-0.02925311774,"a,j"
Shanghai,Fee,2.4,-0.1245562434,"a,j"
Shanghai,Fee,0.45,0.02001342922,"a,j"
Wuhan,Fee,1.6,0.001383482013,"a,j"
Beijing,Fee,1.95,0.06755760312,"a,j"
Shanghai,Fee,0.8,0.05780892074,"a,j"
Wuhan,Fee,0.5,0.04172348976,"a,j"
Wuhan,Fee,0.6,-0.01842914894,"a,j"
Beijing,Fee,0.9,-0.04911733046,"a,j"
Wuhan,Fee,2.8,-0.08286717534,"a,j"
Shanghai,Fee,0.4,-0.158073023,"a,j"
Wuhan,Fee,0.3,-0.07619830221,"a,j"
Shanghai,Fee,0.8,-0.03638413176,"a,j"
Shanghai,Fee,1.0,-0.04944123328,"a,j"
Shanghai,Fee,2.0,-0.1329437345,"a,j"
Shanghai,Fee,1.6,-0.1044487879,"a,j"
Beijing,Fee,2.2,0.1230260432,"a,j"
Guangzhou,Fee,2.2,0.02108070627,"a,j"
Beijing,Fee,1.5,-0.02087290213,"a,j"
Shanghai,Fee,2.0,-0.1945691258,"a,j"
Shanghai,Fee,0.7,-0.1778852046,"a,j"
Wuhan,Fee,0.6,-0.126108095,"a,j"
Shanghai,Fee,1.8,-0.08109150827,"a,j"
Guangzhou,Fee,2.75,0.0123710651,"a,j"
Guangzhou,Fee,1.0,0.05485180765,"a,j"
Shanghai,Fee,0.4,-0.2600747645,"a,j"
Shanghai,Fee,3.98,0.5480880737,"a,j"
Shanghai,Fee,4.0,0.2745144665,"a,j"
Shanghai,Fee,2.0,-0.164664641,"a,j"
Shanghai,Fee,0.45,-0.1107157245,"a,j"
Shanghai,Fee,1.0,0.04158848524,"a,j"
Shanghai,Fee,0.8,-0.02079421841,"a,j"
Shanghai,Fee,0.8,-0.141461432,"a,j"
Beijing,Fee,2.3,0.09175602347,"a,j"
Shanghai,Fee,3.0,0.1087920889,"a,j"
Wuhan,Fee,2.6,0.09409563243,"a,j"
Beijing,Fee,1.9,0.04273949191,"a,j"
Guangzhou,Fee,2.0,-0.1471464336,"a,j"
Shanghai,Fee,1.0,-0.1557153612,"a,j"
Beijing,Fee,2.8,0.04949438199,"a,j"
Shanghai,Fee,1.6,-0.1134445593,"a,j"
Shanghai,Fee,0.6,-0.01455399953,"a,j"
Guangzhou,Fee,0.9,-0.1802639514,"a,j"
Shanghai,Fee,0.9,-0.01135934889,"a,j"
Wuhan,Fee,3.28,0.09831496328,"a,j"
Shanghai,Fee,0.6,-0.02452907898,"a,j"
Shanghai,Fee,0.5,-0.01324429363,"a,j"
Guangzhou,Fee,2.5,0.1125011891,"a,j"
Shanghai,Fee,1.9,-0.08404123783,"a,j"
Wuhan,Fee,1.38,-0.07863225788,"a,j"
Beijing,Fee,0.9,-0.04042339325,"a,j"
Wuhan,Fee,0.9,-0.1342527568,"a,j"
Shanghai,Fee,2.8,0.04712256044,"a,j"
Beijing,Fee,3.2,0.01110530365,"a,j"
Shanghai,Fee,1.0,-0.001988140633,"a,j"
Beijing,Fee,0.8,-0.1160472929,"a,j"
Shanghai,Fee,2.1,-0.004359130748,"a,j"
Beijing,Fee,1.0,-0.09448699653,"a,j"
Guangzhou,Fee,2.0,-0.19050394,"a,j"
Shanghai,Fee,3.2,0.07543217391,"a,j"
Beijing,Fee,1.8,-0.1114469841,"a,j"
Guangzhou,Fee,3.7,-0.09187603742,"a,j"
Shanghai,Fee,4.8,0.2500432134,"a,j"
Shanghai,Fee,0.6,-0.003588048508,"a,j"
Shanghai,Fee,1.96,-0.161102742,"a,j"
Wuhan,Fee,2.5,0.1119349599,"a,j"
Shanghai,Fee,0.7,0.01070070732,"a,j"
Shanghai,Fee,1.5,-0.09848341346,"a,j"
Wuhan,Fee,0.65,-0.006522980984,"a,j"
Wuhan,Fee,0.6,-0.0308479555,"a,j"
Shanghai,Fee,6.5,-0.795143187,"a,j"
Guangzhou,Fee,1.0,-0.05360809341,"a,j"
Shanghai,Fee,3.2,0.1608134061,"a,j"
Shanghai,Fee,0.5,-0.08843167871,"a,j"
Shanghai,Fee,3.5,0.1716439873,"a,j"
Shanghai,Fee,1.8,-0.05304289982,"a,j"
Shanghai,Fee,0.45,0.2193551809,"a,j"
Shanghai,Fee,3.5,0.07632398605,"a,j"
Shanghai,Fee,0.45,-0.04116764292,"a,j"
Shanghai,Fee,1.0,0.01943981834,"a,j"
Wuhan,Fee,0.9,-0.08793714643,"a,j"
Wuhan,Fee,0.6,0.05920601264,"a,j"
Beijing,Fee,0.9,-0.05100079253,"a,j"
Shanghai,Fee,1.2,0.08508853614,"a,j"
Shanghai,Fee,1.5,-0.1177060679,"a,j"
Shanghai,Fee,1.26,0.01413072832,"a,j"
Shanghai,Fee,4.2,0.2939635813,"a,j"
Wuhan,Fee,0.5,-0.110410668,"a,j"
Shanghai,Fee,1.5,-0.0657678321,"a,j"
Shanghai,Fee,0.3,-0.07385354489,"a,j"
Beijing,Fee,1.8,0.004823693074,"a,j"
Shanghai,Fee,0.5,-0.1183206663,"a,j"
Shanghai,Fee,0.6,0.03001672775,"a,j"
Shanghai,Fee,2.55,0.03277650476,"a,j"
Beijing,Fee,0.8,-0.06767838448,"a,j"
Shanghai,Fee,0.5,0.03927310556,"a,j"
Shanghai,Fee,0.6,-0.03771792725,"a,j"
Wuhan,Fee,0.8,-0.1882230192,"a,j"
Shanghai,Fee,2.0,-0.1820207387,"a,j"
Shanghai,Fee,0.8,-0.09122327715,"a,j"
Guangzhou,Fee,2.0,-0.1811920702,"a,j"
Guangzhou,Fee,2.8,0.03570603207,"a,j"
Shanghai,Fee,1.35,0.003095179563,"a,j"
Shanghai,Fee,0.8,-0.01541030686,"a,j"
Shanghai,Fee,1.15,0.1141051501,"a,j"
Wuhan,Fee,0.6,0.02800440416,"a,j"
Wuhan,Fee,0.6,-0.01841599122,"a,j"
Beijing,Fee,0.6,-0.07707376033,"a,j"
Shanghai,Fee,0.45,-0.04209904373,"a,j"
Beijing,Fee,1.3,-0.07756301016,"a,j"
Shanghai,Fee,0.5,-0.0433572717,"a,j"
Beijing,Fee,0.5,0.07984019816,"a,j"
Shanghai,Fee,8.0,-0.2772842646,"a,j"
Guangzhou,Fee,0.6,-0.0390698947,"a,j"
Shanghai,Fee,3.6,0.2771833241,"a,j"
Wuhan,Fee,0.3,-0.07386577874,"a,j"
Shanghai,Fee,0.5,-0.005551880691,"a,j"
Shanghai,Fee,0.45,0.0570486784,"a,j"
Shanghai,Fee,0.65,-0.01034286339,"a,j"
Wuhan,Fee,1.8,-0.1193420887,"a,j"
Wuhan,Fee,2.8,0.04791150615,"a,j"
Shanghai,Fee,1.75,-0.04529814795,"a,j"
Wuhan,Fee,0.5,-0.0214898698,"a,j"
Shanghai,Fee,1.12,0.03177119046,"a,j"
Shanghai,Fee,1.6,-0.06411315501,"a,j"
Shanghai,Fee,2.8,-0.0702746287,"a,j"
Shanghai,Fee,7.0,-0.7932559252,"a,j"
Wuhan,Fee,2.0,0.06857400388,"a,j"
Shanghai,Fee,0.57,-0.003836998483,"a,j"
Shanghai,Fee,2.98,0.08634927124,"a,j"
Wuhan,Fee,0.5,-0.0943576321,"a,j"
Beijing,Fee,2.09,0.04043013602,"a,j"
Wuhan,Fee,0.5,-0.04593240097,"a,j"
Beijing,Fee,1.92,-0.02665461041,"a,j"
Wuhan,Fee,1.5,-0.08944378793,"a,j"
Shanghai,Fee,2.0,-0.1069359705,"a,j"
Beijing,Fee,2.8,-0.02368985116,"a,j"
Wuhan,Fee,1.8,0.0116591379,"a,j"
Shanghai,Fee,0.9,-0.02543677762,"a,j"
Shanghai,Fee,6.8,-0.5384833813,"a,j"
Shanghai,Fee,0.3,-0.07117833942,"a,j"
Shanghai,Fee,0.5,-0.04344182462,"a,j"
Wuhan,Fee,2.0,0.01464529056,"a,j"
Wuhan,Fee,1.0,0.04365018755,"a,j"
Wuhan,Fee,1.5,-0.09426814318,"a,j"
Shanghai,Fee,1.8,-0.05793815479,"a,j"
Shanghai,Fee,2.0,-0.02885591984,"a,j"
Beijing,Fee,3.0,0.06912816316,"a,j"
Shanghai,Fee,0.8,-0.09168617427,"a,j"
Shanghai,Fee,6.35,-0.303959161,"a,j"
Beijing,Fee,1.0,-0.01704273559,"a,j"
Guangzhou,Fee,0.9,-0.02298231609,"a,j"
Shanghai,Fee,3.5,0.1529598683,"a,j"
Guangzhou,Fee,1.8,-0.05303408951,"a,j"
Shanghai,Fee,5.1,-0.3528410196,"a,j"
Beijing,Fee,1.68,-0.03204387054,"a,j"
Shanghai,Fee,3.4,0.04923044145,"a,j"
Shanghai,Fee,3.5,0.1626924574,"a,j"
Wuhan,Fee,1.0,0.02248772606,"a,j"
Wuhan,Fee,0.3,-0.0305929631,"a,j"
Guangzhou,Fee,2.0,-0.23066625,"a,j"
Guangzhou,Fee,0.4,0.0959354341,"a,j"
Wuhan,Fee,2.0,0.0120760398,"a,j"
Shanghai,Fee,0.85,-0.09561291337,"a,j"
Shanghai,Fee,0.5,0.01017041039,"a,j"
Wuhan,Fee,4.5,0.06400863826,"a,j"
Wuhan,Fee,2.95,0.1684213281,"a,j"
Shanghai,Fee,1.96,-0.198668927,"a,j"
Shanghai,Fee,0.45,0.05800366774,"a,j"
Shanghai,Fee,0.5,0.02257418633,"a,j"
Shanghai,Fee,0.6,0.03753300384,"a,j"
Beijing,Fee,0.93,-0.09159885347,"a,j"
Wuhan,Fee,0.8,-0.1877592951,"a,j"
Shanghai,Fee,3.8,0.3182170093,"a,j"
Shanghai,Fee,2.3,-0.1689067185,"a,j"
Shanghai,Fee,0.7,-0.02307246439,"a,j"
Shanghai,Fee,1.7,-0.1407732964,"a,j"
Shanghai,Fee,0.5,0.1005109027,"a,j"
Beijing,Fee,0.5,-0.02182717994,"a,j"
Guangzhou,Fee,0.5,0.03208087012,"a,j"
Shanghai,Fee,0.6,0.0123241609,"a,j"
Guangzhou,Fee,0.9,-0.04805548117,"a,j"
Guangzhou,Fee,0.9,-0.06486652792,"a,j"
Shanghai,Fee,0.5,0.02335239947,"a,j"
Beijing,Fee,1.68,0.08441835642,"a,j"
Shanghai,Fee,1.0,-0.04117858782,"a,j"
Shanghai,Fee,1.8,-0.1060532033,"a,j"
Beijing,Fee,0.5,0.06141708419,"a,j"
Shanghai,Fee,2.0,-0.105311431,"a,j"
Shanghai,Fee,1.2,0.05273953825,"a,j"
Beijing,Fee,0.65,0.02787074074,"a,j"
Shanghai,Fee,0.75,-0.1045432538,"a,j"
Wuhan,Fee,0.6,-0.1099437177,"a,j"
Shanghai,Fee,0.75,-0.03889201954,"a,j"
Wuhan,Fee,0.8,-0.1292936355,"a,j"
Shanghai,Fee,4.0,0.4932353199,"a,j"
Shanghai,Fee,2.1,-0.2288502604,"a,j"
Shanghai,Fee,4.0,0.4623486996,"a,j"
Wuhan,Fee,1.0,-0.1183799207,"a,j"
Wuhan,Fee,2.48,-0.03027506545,"a,j"
Shanghai,Fee,1.08,-0.01344232075,"a,j"
Shanghai,Fee,2.1,-0.226913929,"a,j"
Wuhan,Fee,0.5,0.002421731129,"a,j"
Shanghai,Fee,1.5,-0.1429399997,"a,j"
Shanghai,Fee,1.2,0.01379940845,"a,j"
Wuhan,Fee,0.4,0.2428331375,"a,j"
Shanghai,Fee,2.5,0.0178955216,"a,j"
Wuhan,Fee,1.2,-0.03894621134,"a,j"
Guangzhou,Fee,3.7,0.07926851511,"a,j"
Shanghai,Fee,0.45,0.05168530717,"a,j"
Guangzhou,Fee,2.7,-0.180104658,"a,j"
Shanghai,Fee,1.25,-0.03559510782,"a,j"
Wuhan,Fee,0.6,-0.02383297682,"a,j"
Guangzhou,Fee,0.5,-0.03303909302,"a,j"
Wuhan,Fee,1.5,-0.04679930583,"a,j"
Shanghai,Fee,3.2,-0.06621833146,"a,j"
Shanghai,Fee,2.0,0.01512184646,"a,j"
Shanghai,Fee,1.5,-0.2303424329,"a,j"
Wuhan,Fee,4.2,0.2569456697,"a,j"
Shanghai,Fee,0.5,-0.01851090416,"a,j"
Beijing,Fee,2.84,-0.116184324,"a,j"
Shanghai,Fee,1.2,0.04473747313,"a,j"
Wuhan,Fee,1.0,-0.08287806064,"a,j"
Wuhan,Fee,1.0,0.03161755577,"a,j"
Shanghai,Fee,1.78,-0.217019096,"a,j"
Beijing,Fee,2.98,0.1681679636,"a,j"
Shanghai,Fee,5.85,-1.000038981,"a,j"
Shanghai,Fee,1.7,-0.08615812659,"a,j"
Wuhan,Fee,1.0,0.05268013105,"a,j"
Shanghai,Fee,0.7,-0.03428847715,"a,j"
Shanghai,Fee,1.45,-0.02213880979,"a,j"
Wuhan,Fee,0.6,-0.01585121825,"a,j"
Guangzhou,Fee,2.7,-0.2451737672,"a,j"
Guangzhou,Fee,1.8,-0.04390715063,"a,j"
Shanghai,Fee,1.5,-0.1251049042,"a,j"
Wuhan,Fee,1.5,-0.1105604172,"a,j"
Guangzhou,Fee,0.4,-0.1158351004,"a,j"
Shanghai,Fee,3.2,0.005972975399,"a,j"
Shanghai,Fee,0.6,0.002075680764,"a,j"
Shanghai,Fee,2.0,0.03991347924,"a,j"
Guangzhou,Fee,3.0,-0.1137491614,"a,j"
Shanghai,Fee,1.2,0.09609860182,"a,j"
Shanghai,Fee,2.0,-0.2044813186,"a,j"
Shanghai,Fee,0.6,-0.002125791973,"a,j"
Guangzhou,Fee,2.0,-0.07070506364,"a,j"
Guangzhou,Fee,1.0,0.007985683158,"a,j"
Wuhan,Fee,1.4,0.02832349017,"a,j"
Guangzhou,Fee,0.6,0.01137982402,"a,j"
Guangzhou,Fee,1.0,-0.1731268913,"a,j"
Shanghai,Fee,0.8,-0.03596014529,"a,j"
Shanghai,Fee,1.45,-0.1277077198,"a,j"
Shanghai,Fee,1.7,0.06077739224,"a,j"
Shanghai,Fee,0.55,0.004286770709,"a,j"
Shanghai,Fee,1.0,-0.04425051808,"a,j"
Shanghai,Fee,2.4,-0.008951308206,"a,j"
Wuhan,Fee,2.0,-0.04727271572,"a,j"
Guangzhou,Fee,2.3,-0.08806155622,"a,j"
Shanghai,Fee,0.75,-0.04557160288,"a,j"
Wuhan,Fee,1.2,0.04531605169,"a,j"
Beijing,Fee,7.5,-0.4796776772,"a,j"
Shanghai,Fee,5.3,-0.5713967085,"a,j"
Shanghai,Fee,2.3,0.004174094182,"a,j"
Guangzhou,Fee,0.9,-0.05970577151,"a,j"
Guangzhou,Fee,2.7,-0.05818077549,"a,j"
Shanghai,Fee,0.5,-0.005297922064,"a,j"
Shanghai,Fee,2.17,-0.02841157466,"a,j"
Shanghai,Fee,2.0,0.07348576188,"a,j"
Shanghai,Fee,2.0,-0.176579684,"a,j"
Wuhan,Fee,2.6,-0.145549804,"a,j"
Shanghai,Fee,3.0,-0.03835100681,"a,j"
Shanghai,Fee,2.0,-0.2044813186,"a,j"
Shanghai,Fee,3.0,0.1420281082,"a,j"
Shanghai,Fee,3.0,0.1226107404,"a,j"
Guangzhou,Fee,2.0,-0.18846865,"a,j"
Wuhan,Fee,0.5,-0.07456162572,"a,j"
Shanghai,Fee,1.55,-0.1553733796,"a,j"
Shanghai,Fee,1.5,-0.139554292,"a,j"
Wuhan,Fee,0.6,-0.2291298062,"a,j"
Shanghai,Fee,0.5,-0.009108713828,"a,j"
Guangzhou,Fee,2.0,-0.2015797943,"a,j"
Wuhan,Fee,0.9,-0.1229284257,"a,j"
Shanghai,Fee,1.2,-0.04361254722,"a,j"
Shanghai,Fee,2.5,-0.05054388568,"a,j"
Shanghai,Fee,0.4,-0.234549582,"a,j"
Wuhan,Fee,0.7,-0.03048649058,"a,j"
Shanghai,Fee,0.5,0.07203789055,"a,j"
Shanghai,Fee,0.6,-0.04004081711,"a,j"
Wuhan,Fee,1.5,-0.08977700025,"a,j"
Shanghai,Fee,0.55,0.003568625543,"a,j"
Shanghai,Fee,1.2,0.1136922836,"a,j"
Shanghai,Fee,0.8,-0.03440277278,"a,j"
Guangzhou,Fee,0.5,0.04290099815,"a,j"
Beijing,Fee,0.8,-0.2428182662,"a,j"
Shanghai,Fee,3.2,0.1048788056,"a,j"
Shanghai,Fee,1.2,-0.003190198913,"a,j"
Guangzhou,Fee,5.8,-0.1027959883,"a,j"
Shanghai,Fee,1.9,-0.1123288348,"a,j"
Shanghai,Fee,2.0,-0.160702467,"a,j"
Beijing,Fee,2.3,0.1099734604,"a,j"
Shanghai,Fee,1.1,0.04516150057,"a,j"
Guangzhou,Fee,1.9,-0.1118183583,"a,j"
Shanghai,Fee,1.8,-0.1438280493,"a,j"
Shanghai,Fee,1.78,-0.1977294236,"a,j"
Shanghai,Fee,0.35,-0.1051937565,"a,j"
Shanghai,Fee,1.5,-0.08844722807,"a,j"
Shanghai,Fee,0.65,-0.02210028842,"a,j"
Shanghai,Fee,0.4,0.2206083387,"a,j"
Shanghai,Fee,0.9,-0.03279127553,"a,j"
Shanghai,Fee,7.5,-0.7791756988,"a,j"
Wuhan,Fee,2.0,-0.09614447504,"a,j"
Shanghai,Fee,0.8,-0.03805585206,"a,j"
Guangzhou,Fee,3.0,0.005414283369,"a,j"
Beijing,Fee,1.0,-0.06305939704,"a,j"
Beijing,Fee,1.0,-0.02697307616,"a,j"
Shanghai,Fee,0.6,-0.01112062298,"a,j"
Wuhan,Fee,0.8,-0.1341005266,"a,j"
Shanghai,Fee,2.0,-0.1964903623,"a,j"
Guangzhou,Fee,1.0,-0.1312804967,"a,j"
Shanghai,Fee,1.98,-0.1248501539,"a,j"
Shanghai,Fee,1.7,0.08341279626,"a,j"
Shanghai,Fee,0.45,-0.03093239293,"a,j"
Beijing,Fee,2.0,-0.1837899536,"a,j"
Shanghai,Fee,5.0,-0.1810991913,"a,j"
Shanghai,Fee,5.6,-0.640565753,"a,j"
Wuhan,Fee,0.4,-0.2577421069,"a,j"
Beijing,Fee,0.9,-0.03022447973,"a,j"
Wuhan,Fee,2.0,0.1311457753,"a,j"
Wuhan,Fee,0.8,-0.1418283433,"a,j"
Shanghai,Fee,4.0,0.5739453435,"a,j"
Shanghai,Fee,4.3,0.1465242803,"a,j"
Guangzhou,Fee,1.8,-0.02931263298,"a,j"
Guangzhou,Fee,2.0,-0.1795386225,"a,j"
Beijing,Fee,3.89,0.5241466165,"a,j"
Shanghai,Fee,0.8,-0.09854613245,"a,j"
Shanghai,Fee,4.5,-0.01324907877,"a,j"
Shanghai,Fee,0.75,-0.0408080034,"a,j"
Guangzhou,Fee,0.9,-0.1888260096,"a,j"
Wuhan,Fee,0.7,-0.05766483024,"a,j"
Beijing,Fee,2.0,-0.1647254974,"a,j"
Beijing,Fee,3.5,0.2408395559,"a,j"
Wuhan,Fee,0.8,-0.07154848427,"a,j"
Beijing,Fee,2.0,-0.09091423452,"a,j"
Guangzhou,Fee,0.5,0.08746685833,"a,j"
Beijing,Fee,2.6,-0.1646840572,"a,j"
Wuhan,Fee,0.9,-0.1807252467,"a,j"
Shanghai,Fee,1.2,-0.05232365802,"a,j"
Shanghai,Fee,0.6,0.01622328907,"a,j"
Shanghai,Fee,0.8,-0.07220198214,"a,j"
Shanghai,Fee,7.8,-0.2670497298,"a,j"
Shanghai,Fee,0.5,0.01210439671,"a,j"
Shanghai,Fee,1.55,-0.08876599371,"a,j"
Shanghai,Fee,0.85,-0.05077479035,"a,j"
Guangzhou,Fee,2.0,-0.04578487203,"a,j"
Wuhan,Fee,0.8,-0.0187263824,"a,j"
Wuhan,Fee,0.5,-0.1317998022,"a,j"
Guangzhou,Fee,2.0,-0.2201912552,"a,j"
Shanghai,Fee,0.8,-0.1198944002,"a,j"
Shanghai,Fee,2.9,-0.0761860311,"a,j"
Wuhan,Fee,1.7,0.2039825171,"a,j"
Shanghai,Fee,0.8,-0.01214903034,"a,j"
Shanghai,Fee,0.6,-0.06361479312,"a,j"
Beijing,Fee,1.8,-0.115888916,"a,j"
Shanghai,Fee,1.45,-0.1568764597,"a,j"
Shanghai,Fee,0.8,-0.08224475384,"a,j"
Shanghai,Fee,0.5,0.02359269559,"a,j"
Shanghai,Fee,1.05,0.04986408353,"a,j"
Wuhan,Fee,1.2,0.04836719483,"a,j"
Guangzhou,Fee,1.45,-0.1154932901,"a,j"
Beijing,Fee,0.88,-0.1834265292,"a,j"
Shanghai,Fee,0.3,0.2382738441,"a,j"
Wuhan,Fee,1.5,-0.1123631373,"a,j"
Guangzhou,Fee,3.0,0.03664394096,"a,j"
Shanghai,Fee,0.9,-0.1846131831,"a,j"
Shanghai,Fee,0.4,0.05198801309,"a,j"
Shanghai,Fee,6.35,-0.2252144516,"a,j"
Shanghai,Fee,1.58,-0.2536780834,"a,j"
Wuhan,Fee,1.4,0.05064863712,"a,j"
Beijing,Fee,1.22,-0.02034480684,"a,j"
Shanghai,Fee,0.35,-0.1148474067,"a,j"
Guangzhou,Fee,1.2,-0.05257394537,"a,j"
Shanghai,Fee,0.8,-0.03195150197,"a,j"
Guangzhou,Fee,1.8,-0.02861970663,"a,j"
Shanghai,Fee,0.8,-0.1162530854,"a,j"
Wuhan,Fee,0.8,-0.2377464473,"a,j"
Shanghai,Fee,0.8,-0.03105907142,"a,j"
Shanghai,Fee,0.4,-0.2648923099,"a,j"
Shanghai,Fee,0.75,-0.02847782336,"a,j"
Beijing,Fee,2.0,-0.0369986333,"a,j"
Wuhan,Fee,1.5,-0.06655520201,"a,j"
Shanghai,Fee,0.5,0.05333899707,"a,j"
Guangzhou,Fee,2.0,-0.03908186406,"a,j"
Shanghai,Fee,0.42,-0.04701259732,"a,j"
Shanghai,Fee,1.79,0.03543703631,"a,j"
Shanghai,Fee,0.33,-0.0617608875,"a,j"
Wuhan,Fee,1.0,-0.0648457557,"a,j"
Wuhan,Fee,1.5,-0.1631183177,"a,j"
Beijing,Fee,2.0,-0.1714995652,"a,j"
Shanghai,Fee,1.5,-0.1075482443,"a,j"
Wuhan,Fee,0.5,-0.0113422256,"a,j"
Shanghai,Fee,1.2,0.04009476304,"a,j"
Guangzhou,Fee,1.9,-0.01795180887,"a,j"
Shanghai,Fee,0.55,0.0001918440685,"a,j"
Shanghai,Fee,4.1,0.2736947536,"a,j"
Shanghai,Fee,0.6,-0.004574883729,"a,j"
Beijing,Fee,7.9,-0.4698291421,"a,j"
Beijing,Fee,2.1,-0.02132453956,"a,j"
Shanghai,Fee,0.85,-0.02069507167,"a,j"
Shanghai,Fee,0.5,0.02024946548,"a,j"
Wuhan,Fee,2.8,0.0005832234165,"a,j"
Shanghai,Fee,1.05,-0.01131051779,"a,j"
Shanghai,Fee,1.8,-0.02645896189,"a,j"
Shanghai,Fee,0.7,-0.02067951299,"a,j"
Shanghai,Fee,0.35,-0.07926937938,"a,j"
Shanghai,Fee,2.2,0.01655653119,"a,j"
Shanghai,Fee,2.48,-0.102265425,"a,j"
Shanghai,Fee,0.5,0.0619709529,"a,j"
Guangzhou,Fee,1.8,-0.1003601551,"a,j"
Beijing,Fee,0.5,0.0163621828,"a,j"
Shanghai,Fee,0.5,-0.01069362555,"a,j"
Shanghai,Fee,2.0,-0.1557423323,"a,j"
Beijing,Fee,2.0,-0.09583034366,"a,j"
Guangzhou,Fee,5.8,-0.7631564736,"a,j"
Shanghai,Fee,1.0,-0.02122325264,"a,j"
Wuhan,Fee,2.0,-0.01850870997,"a,j"
Shanghai,Fee,5.0,-0.8468583226,"a,j"
Beijing,Fee,0.9,-0.210353151,"a,j"
Shanghai,Fee,1.77,-0.01875388436,"a,j"
Guangzhou,Fee,0.5,-0.1310601979,"a,j"
Shanghai,Fee,3.2,-0.04803417251,"a,j"
Beijing,Fee,0.64,0.006108649541,"a,j"
Guangzhou,Fee,0.5,0.05777778104,"a,j"
Shanghai,Fee,0.5,-0.01877604052,"a,j"
Shanghai,Fee,0.6,0.001848579152,"a,j"
Shanghai,Fee,1.7,0.1490087211,"a,j"
Guangzhou,Fee,3.7,-0.05072427914,"a,j"
Wuhan,Fee,0.5,-0.1308901459,"a,j"
Shanghai,Fee,0.7,-0.01924555004,"a,j"
Guangzhou,Fee,2.0,-0.2156347334,"a,j"
Beijing,Fee,3.2,0.02395413257,"a,j"
Beijing,Fee,2.5,-0.1059035584,"a,j"
Shanghai,Fee,1.3,-0.00323872338,"a,j"
Shanghai,Fee,1.11,0.008696001954,"a,j"
Guangzhou,Fee,2.5,-0.1990389377,"a,j"
Shanghai,Fee,1.98,-0.001653403044,"a,j"
Guangzhou,Fee,2.0,-0.03196576983,"a,j"
Shanghai,Fee,6.35,-0.1801698208,"a,j"
Shanghai,Fee,4.2,0.4079209268,"a,j"
Shanghai,Fee,4.5,0.04663572088,"a,j"
Wuhan,Fee,1.2,0.1169909015,"a,j"
Beijing,Fee,0.8,-0.0251073949,"a,j"
Shanghai,Fee,1.0,-0.01591864228,"a,j"
Shanghai,Fee,1.5,-0.1537567824,"a,j"
Shanghai,Fee,1.2,0.05375002325,"a,j"
Beijing,Fee,1.4,-0.02120188251,"a,j"
Shanghai,Fee,0.5,0.1736725718,"a,j"
Shanghai,Fee,3.0,0.08486767858,"a,j"
Wuhan,Fee,0.5,-0.04288471863,"a,j"
Shanghai,Fee,0.95,0.008414465003,"a,j"
Wuhan,Fee,0.5,-0.05907611921,"a,j"
Shanghai,Fee,1.98,0.03419863805,"a,j"
Wuhan,Fee,1.6,0.01216551289,"a,j"
Wuhan,Fee,1.8,-0.1597305983,"a,j"
Beijing,Fee,1.1,-0.03579816222,"a,j"
Beijing,Fee,0.9,-0.1305976212,"a,j"
Shanghai,Fee,0.5,-0.06824909151,"a,j"
Shanghai,Fee,2.0,-0.1746635437,"a,j"
Wuhan,Fee,0.85,-0.1220120713,"a,j"
Shanghai,Fee,0.3,-0.06659620255,"a,j"
Wuhan,Fee,2.0,-0.06831357628,"a,j"
Shanghai,Fee,0.6,-0.05805730075,"a,j"
Wuhan,Fee,1.6,-0.09411060065,"a,j"
Shanghai,Fee,2.8,-0.001786101609,"a,j"
Wuhan,Fee,0.5,-0.0540667586,"a,j"
Guangzhou,Fee,0.5,0.03354945406,"a,j"
Beijing,Fee,0.8,-0.1001382098,"a,j"
Guangzhou,Fee,0.9,-0.00101399736,"a,j"
Shanghai,Fee,3.9,0.2113224566,"a,j"
Beijing,Fee,1.0,-0.09434749186,"a,j"
Wuhan,Fee,1.8,0.03130219877,"a,j"
Guangzhou,Fee,0.5,0.01476195548,"a,j"
Beijing,Fee,1.85,0.02898802049,"a,j"
Wuhan,Fee,1.2,0.070657067,"a,j"
Guangzhou,Fee,2.0,-0.1998661757,"a,j"
Beijing,Fee,1.55,-0.1194460243,"a,j"
Shanghai,Fee,3.8,0.1041577086,"a,j"
Wuhan,Fee,3.5,0.2747925222,"a,j"
Shanghai,Fee,0.8,-0.160969004,"a,j"
Shanghai,Fee,1.8,-0.0361379534,"a,j"
Shanghai,Fee,1.25,0.002577754902,"a,j"
Shanghai,Fee,1.8,-0.05779518932,"a,j"
Shanghai,Fee,1.3,-0.06741758436,"a,j"
Shanghai,Fee,2.5,-0.08521468937,"a,j"
Shanghai,Fee,2.6,-0.09197705984,"a,j"
Shanghai,Fee,2.8,0.0284671355,"a,j"
Guangzhou,Fee,2.0,-0.2311951071,"a,j"
Beijing,Fee,0.9,-0.0489875786,"a,j"
Shanghai,Fee,0.8,-0.07597009838,"a,j"
Shanghai,Fee,0.6,-0.0006912203389,"a,j"
Beijing,Fee,1.75,-0.003468879964,"a,j"
Beijing,Fee,1.8,-0.001112597063,"a,j"
Shanghai,Fee,1.7,-0.06709465384,"a,j"
Shanghai,Fee,0.8,-0.016070351,"a,j"
Shanghai,Fee,0.6,0.06689225882,"a,j"
Wuhan,Fee,2.55,0.006483982783,"a,j"
Shanghai,Fee,0.9,-0.0665346235,"a,j"
Wuhan,Fee,3.5,0.4351557195,"a,j"
Beijing,Fee,0.53,0.1242965534,"a,j"
Shanghai,Fee,0.8,-0.1123425364,"a,j"
Shanghai,Fee,0.6,-0.07303711027,"a,j"
Shanghai,Fee,0.6,-0.001598927891,"a,j"
Shanghai,Fee,2.9,0.004314265214,"a,j"
Guangzhou,Fee,2.8,-0.1352923363,"a,j"
Shanghai,Fee,0.5,-0.01235893089,"a,j"
Shanghai,Fee,2.0,-0.2069841474,"a,j"
Wuhan,Fee,0.9,0.01030425727,"a,j"
Guangzhou,Fee,1.95,-0.0850186348,"a,j"
Beijing,Fee,0.9,-0.0703644827,"a,j"
Shanghai,Fee,1.5,-0.1318241805,"a,j"
Shanghai,Fee,2.5,0.007917772979,"a,j"
Beijing,Fee,1.5,-0.2006917745,"a,j"
Beijing,Fee,3.0,0.1012272313,"a,j"
Shanghai,Fee,0.5,0.009181431495,"a,j"
Shanghai,Fee,0.9,-0.01563718542,"a,j"
Wuhan,Fee,0.5,-0.1101430655,"a,j"
Beijing,Fee,2.95,0.156790331,"a,j"
Shanghai,Fee,1.2,0.06766673923,"a,j"
Wuhan,Fee,1.6,-0.08470864594,"a,j"
Beijing,Fee,0.6,-0.0667199716,"a,j"
Beijing,Fee,0.5,0.08944024146,"a,j"
Wuhan,Fee,0.9,-0.1781145632,"a,j"
Wuhan,Fee,2.0,-0.1448112428,"a,j"
Guangzhou,Fee,3.7,-0.04052756354,"a,j"
Wuhan,Fee,0.9,-0.1009264737,"a,j"
Guangzhou,Fee,0.5,0.06833180785,"a,j"
Beijing,Fee,2.5,0.05427136645,"a,j"
Shanghai,Fee,0.8,-0.03325790167,"a,j"
Shanghai,Fee,1.7,-0.06313804537,"a,j"
Shanghai,Fee,0.5,0.04888415709,"a,j"
Wuhan,Fee,0.6,-0.05905948207,"a,j"
Shanghai,Fee,0.6,-0.05202100053,"a,j"
Wuhan,Fee,0.5,0.009388439357,"a,j"
Shanghai,Fee,1.2,0.1226939708,"a,j"
Shanghai,Fee,3.7,0.1063054949,"a,j"
Guangzhou,Fee,0.9,-0.01581498794,"a,j"
Shanghai,Fee,3.0,0.002138440497,"a,j"
Beijing,Fee,0.5,0.06268819422,"a,j"
Shanghai,Fee,0.5,0.01226765569,"a,j"
Shanghai,Fee,1.5,-0.1345888525,"a,j"
Shanghai,Fee,1.2,0.03905324265,"a,j"
Shanghai,Fee,2.0,-0.05258651078,"a,j"
Shanghai,Fee,2.0,-0.02486775815,"a,j"
Beijing,Fee,2.0,-0.1240743101,"a,j"
Shanghai,Fee,1.7,-0.08682277054,"a,j"
Shanghai,Fee,0.8,-0.09783236682,"a,j"
Guangzhou,Fee,1.65,-0.02962050214,"a,j"
Shanghai,Fee,2.98,0.00531492522,"a,j"
Shanghai,Fee,1.35,-0.09407620132,"a,j"
Shanghai,Fee,0.5,0.02586540394,"a,j"
Shanghai,Fee,2.48,-0.1452909112,"a,j"
Shanghai,Fee,0.5,-0.09168574959,"a,j"
Shanghai,Fee,1.7,-0.0866342932,"a,j"
Beijing,Fee,0.8,-0.1595142931,"a,j"
Shanghai,Fee,6.0,-0.7207400203,"a,j"
Shanghai,Fee,0.8,-0.02758286521,"a,j"
Shanghai,Fee,2.5,-0.06580252945,"a,j"
Beijing,Fee,1.0,-0.1181443781,"a,j"
Shanghai,Fee,1.1,0.07874204963,"a,j"
Shanghai,Fee,0.5,0.00455701258,"a,j"
Beijing,Fee,0.8,-0.2115802467,"a,j"
Guangzhou,Fee,0.6,0.04931043833,"a,j"
Beijing,Fee,7.5,-0.489307642,"a,j"
Shanghai,Fee,0.35,-0.06957042217,"a,j"
Shanghai,Fee,2.25,-0.07174810022,"a,j"
Beijing,Fee,1.0,-0.06078474224,"a,j"
Guangzhou,Fee,0.5,0.08409841359,"a,j"
Shanghai,Fee,1.7,0.04981238395,"a,j"
Shanghai,Fee,2.5,0.02487684786,"a,j"
Shanghai,Fee,1.96,-0.1880161762,"a,j"
Shanghai,Fee,1.5,-0.1344013661,"a,j"
Wuhan,Fee,1.8,-0.02533045039,"a,j"
Guangzhou,Fee,0.59,-0.04905171692,"a,j"
Guangzhou,Fee,5.0,-0.1352850497,"a,j"
Beijing,Fee,3.5,0.3245171309,"a,j"
Beijing,Fee,0.4,0.1246406585,"a,j"
Shanghai,Fee,1.2,0.03901938349,"a,j"
Guangzhou,Fee,0.5,-0.0848402977,"a,j"
Wuhan,Fee,1.88,0.05671367049,"a,j"
Shanghai,Fee,0.45,0.05588269234,"a,j"
Shanghai,Fee,0.5,-0.05541372672,"a,j"
Shanghai,Fee,5.2,-0.9332716465,"a,j"
Shanghai,Fee,0.9,-0.1002158299,"a,j"
Beijing,Fee,0.6,-0.01862053387,"a,j"
Shanghai,Fee,0.6,-0.02216952294,"a,j"
Beijing,Fee,0.65,-0.006487713195,"a,j"
Beijing,Fee,3.2,-0.04605781287,"a,j"
Shanghai,Fee,2.0,-0.00153593719,"a,j"
Wuhan,Fee,0.5,0.07890791446,"a,j"
Shanghai,Fee,0.5,0.0007847820525,"a,j"
Shanghai,Fee,0.8,-0.004260939546,"a,j"
Beijing,Fee,2.2,0.1533764303,"a,j"
Shanghai,Fee,3.4,0.1146396995,"a,j"
Shanghai,Fee,0.8,-0.01490584947,"a,j"
Guangzhou,Fee,0.9,-0.09331804514,"a,j"
Guangzhou,Fee,5.0,-0.3088544905,"a,j"
Beijing,Fee,1.6,-0.03676164523,"a,j"
Shanghai,Fee,1.2,0.09099256247,"a,j"
Wuhan,Fee,0.6,-0.08314611763,"a,j"
Beijing,Fee,2.8,0.1139895543,"a,j"
Wuhan,Fee,3.84,0.608915329,"a,j"
Shanghai,Fee,1.75,-0.05717885494,"a,j"
Beijing,Fee,3.0,0.1234738976,"a,j"
Shanghai,Fee,1.0,0.06489658356,"a,j"
Wuhan,Fee,1.5,-0.064408198,"a,j"
Wuhan,Fee,1.5,0.003222274361,"a,j"
Guangzhou,Fee,2.0,-0.1919621229,"a,j"
Beijing,Fee,1.0,-0.09305005521,"a,j"
Shanghai,Fee,5.5,-0.5603923202,"a,j"
Wuhan,Fee,0.9,-0.1063675284,"a,j"
Wuhan,Fee,0.5,-0.03725963458,"a,j"
Shanghai,Fee,0.6,0.02059898898,"a,j"
Beijing,Fee,7.5,-0.4454854131,"a,j"
Shanghai,Fee,8.0,-0.2200309336,"a,j"
Wuhan,Fee,0.3,0.360419184,"a,j"
Shanghai,Fee,1.5,-0.1100577787,"a,j"
Guangzhou,Fee,3.7,0.2408750653,"a,j"
Wuhan,Fee,1.2,0.07344476134,"a,j"
Shanghai,Fee,5.0,-0.4440750778,"a,j"
Guangzhou,Fee,1.2,0.116442129,"a,j"
Shanghai,Fee,1.6,-0.1229300201,"a,j"
Wuhan,Fee,0.5,-0.1131212115,"a,j"
Shanghai,Fee,2.0,-0.09580099583,"a,j"
Guangzhou,Fee,3.7,-0.09791939706,"a,j"
Shanghai,Fee,0.35,-0.05732002854,"a,j"
Shanghai,Fee,0.5,0.08772885054,"a,j"
Wuhan,Fee,1.2,-0.03459886461,"a,j"
Guangzhou,Fee,1.0,0.0282449387,"a,j"
Beijing,Fee,4.5,-0.007275559474,"a,j"
Shanghai,Fee,0.6,0.01287026145,"a,j"
Shanghai,Fee,0.4,-0.05937279761,"a,j"
Beijing,Fee,0.5,-0.01544176228,"a,j"
Guangzhou,Fee,0.9,-0.1293302923,"a,j"
Shanghai,Fee,3.8,0.162130639,"a,j"
Beijing,Fee,1.0,-0.1542297751,"a,j"
Wuhan,Fee,0.5,0.006083046086,"a,j"
Shanghai,Fee,1.85,0.02433626726,"a,j"
Shanghai,Fee,2.5,0.07304349542,"a,j"
Shanghai,Fee,6.0,-0.3760122359,"a,j"
Wuhan,Fee,2.9,0.06217354536,"a,j"
Shanghai,Fee,0.4,-0.2262851596,"a,j"
Beijing,Fee,0.9,-0.09573581815,"a,j"
Shanghai,Fee,0.8,-0.05023878813,"a,j"
Beijing,Fee,1.02,-0.09574735165,"a,j"
Shanghai,Fee,0.4,-0.2429861426,"a,j"
Beijing,Fee,2.38,-0.003354134504,"a,j"
Shanghai,Fee,0.6,0.105469808,"a,j"
Shanghai,Fee,0.8,-0.03159222752,"a,j"
Wuhan,Fee,3.5,0.1179326922,"a,j"
Shanghai,Fee,0.8,-0.06220062822,"a,j"
Shanghai,Fee,2.0,-0.1753961593,"a,j"
Beijing,Fee,0.8,-0.08534825593,"a,j"
Guangzhou,Fee,5.8,-0.1640986204,"a,j"
Wuhan,Fee,0.6,-0.2673243582,"a,j"
Shanghai,Fee,3.2,0.1934533417,"a,j"
Beijing,Fee,2.9,0.1380024701,"a,j"
Shanghai,Fee,0.8,-0.04290360212,"a,j"
Shanghai,Fee,0.55,-0.01545198541,"a,j"
Shanghai,Fee,0.85,-0.03335087374,"a,j"
Wuhan,Fee,1.8,0.141504243,"a,j"
Beijing,Fee,2.5,-0.121741429,"a,j"
Guangzhou,Fee,1.5,0.01401444059,"a,j"
Wuhan,Fee,0.4,0.2434750199,"a,j"
Wuhan,Fee,1.0,-0.04832371697,"a,j"
Shanghai,Fee,1.3,-0.01239780616,"a,j"
Shanghai,Fee,0.8,-0.02249865234,"a,j"
Shanghai,Fee,4.0,0.5474154949,"a,j"
Wuhan,Fee,0.9,-0.07223922759,"a,j"
Guangzhou,Fee,0.9,-0.03660449013,"a,j"
Wuhan,Fee,1.5,-0.05485519394,"a,j"
Wuhan,Fee,1.6,-0.1241382957,"a,j"
Shanghai,Fee,1.2,0.0206094496,"a,j"
Wuhan,Fee,2.5,0.01778836548,"a,j"
Wuhan,Fee,2.0,0.1349049956,"a,j"
Shanghai,Fee,2.8,-0.03994317725,"a,j"
Wuhan,Fee,1.8,0.155196771,"a,j"
Guangzhou,Fee,3.7,0.07891272008,"a,j"
Wuhan,Fee,2.6,0.00848053582,"a,j"
Guangzhou,Fee,0.9,-0.1787862927,"a,j"
Shanghai,Fee,5.9,-0.4918135703,"a,j"
Shanghai,Fee,0.5,0.009652178735,"a,j"
Guangzhou,Fee,0.6,0.05385959521,"a,j"
Shanghai,Fee,4.8,-0.2272135615,"a,j"
Shanghai,Fee,0.6,0.01310576685,"a,j"
Shanghai,Fee,0.5,0.04552384838,"a,j"
Beijing,Fee,0.86,-0.1097757518,"a,j"
Wuhan,Fee,0.6,0.03015495464,"a,j"
Shanghai,Fee,1.5,-0.123685576,"a,j"
Beijing,Fee,0.8,-0.007946394384,"a,j"
Wuhan,Fee,0.6,0.02320440859,"a,j"
Wuhan,Fee,0.6,-0.1357621402,"a,j"
Shanghai,Fee,0.5,0.02054880559,"a,j"
Shanghai,Fee,2.0,-0.2172078341,"a,j"
Shanghai,Fee,2.0,-0.1124098077,"a,j"
Wuhan,Fee,1.2,0.07422534376,"a,j"
Shanghai,Fee,2.0,-0.08179288357,"a,j"
Wuhan,Fee,0.5,-0.1089959145,"a,j"
Wuhan,Fee,1.98,0.1094911471,"a,j"
Beijing,Fee,0.3,0.08705351502,"a,j"
Shanghai,Fee,1.2,0.01464099064,"a,j"
Shanghai,Fee,1.0,-0.002293093596,"a,j"
Shanghai,Fee,1.0,0.01527435146,"a,j"
Shanghai,Fee,0.55,-0.01021738257,"a,j"
Wuhan,Fee,4.5,0.05134127289,"a,j"
Wuhan,Fee,3.5,0.1183935404,"a,j"
Wuhan,Fee,3.0,0.03919366375,"a,j"
Shanghai,Fee,0.8,-0.07324911654,"a,j"
Shanghai,Fee,0.9,-0.09770224243,"a,j"
Shanghai,Fee,1.5,-0.1357381642,"a,j"
Shanghai,Fee,1.35,-0.02859590203,"a,j"
Shanghai,Fee,0.5,-0.1025920957,"a,j"
Guangzhou,Fee,0.59,-0.01890265569,"a,j"
Shanghai,Fee,6.9,-0.6938897371,"a,j"
Shanghai,Fee,0.8,-0.1615478098,"a,j"
Shanghai,Fee,0.7,-0.128471598,"a,j"
Wuhan,Fee,2.8,0.013457397,"a,j"
Wuhan,Fee,1.2,0.1396485418,"a,j"
Guangzhou,Fee,2.0,-0.1527531147,"a,j"
Wuhan,Fee,0.5,0.02903034911,"a,j"
Shanghai,Fee,0.5,0.01920312084,"a,j"
Shanghai,Fee,1.6,-0.1185867637,"a,j"
Wuhan,Fee,0.5,-0.07510789484,"a,j"
Wuhan,Fee,1.5,-0.06621850282,"a,j"
Guangzhou,Fee,0.68,0.1095170155,"a,j"
Shanghai,Fee,0.5,0.03165910766,"a,j"
Shanghai,Fee,1.8,-0.1419483572,"a,j"
Shanghai,Fee,2.8,-0.005582913291,"a,j"
Shanghai,Fee,0.4,-0.1413450688,"a,j"
Shanghai,Fee,0.5,0.1426251531,"a,j"
Shanghai,Fee,1.5,-0.07123944163,"a,j"
Guangzhou,Fee,0.9,-0.1172072887,"a,j"
Shanghai,Fee,0.8,-0.03185251728,"a,j"
Guangzhou,Fee,0.9,-0.06166443601,"a,j"
Shanghai,Fee,0.7,-0.1148614362,"a,j"
Shanghai,Fee,0.7,-0.07083248347,"a,j"
Shanghai,Fee,0.5,0.03739681467,"a,j"
Shanghai,Fee,0.95,-0.01264699269,"a,j"
Guangzhou,Fee,0.8,-0.07514027506,"a,j"
Wuhan,Fee,1.4,-0.04835965857,"a,j"
Guangzhou,Fee,2.5,-0.1565657109,"a,j"
Shanghai,Fee,0.55,-0.02572859265,"a,j"
Wuhan,Fee,1.5,-0.07290183008,"a,j"
Guangzhou,Fee,2.0,-0.1678750813,"a,j"
Beijing,Fee,1.9,-0.003987708129,"a,j"
Shanghai,Fee,1.5,-0.09379494935,"a,j"
Shanghai,Fee,1.5,-0.210659802,"a,j"
Guangzhou,Fee,1.5,-0.1481056213,"a,j"
Beijing,Fee,1.5,-0.1367061287,"a,j"
Shanghai,Fee,0.5,-0.02246689424,"a,j"
Wuhan,Fee,0.5,-0.2235170156,"a,j"
Shanghai,Fee,2.0,-0.1110664159,"a,j"
Shanghai,Fee,0.8,-0.05173846334,"a,j"
Guangzhou,Fee,1.4,-0.02108797431,"a,j"
Beijing,Fee,2.59,0.1326704472,"a,j"
Guangzhou,Fee,0.6,-0.01964518428,"a,j"
Shanghai,Fee,0.8,-0.1562309712,"a,j"
Shanghai,Fee,0.3,-0.1212659478,"a,j"
Shanghai,Fee,0.8,-0.05134209991,"a,j"
Beijing,Fee,2.28,0.003677541856,"a,j"
Shanghai,Fee,1.2,0.07232763618,"a,j"
Shanghai,Fee,0.8,3.248098074e-05,"a,j"
Wuhan,Fee,1.0,-0.08312569559,"a,j"
Beijing,Fee,1.85,-0.2332292348,"a,j"
Shanghai,Fee,1.5,-0.1904494762,"a,j"
Shanghai,Fee,3.2,0.172419399,"a,j"
Guangzhou,Fee,0.5,0.003740165383,"a,j"
Wuhan,Fee,0.5,-0.08200564981,"a,j"
Shanghai,Fee,2.1,-0.1424930841,"a,j"
Wuhan,Fee,2.6,0.1365872175,"a,j"
Shanghai,Fee,1.5,-0.1453430802,"a,j"
Shanghai,Fee,3.98,0.3440694809,"a,j"
Shanghai,Fee,0.5,-0.04247204214,"a,j"
Shanghai,Fee,0.5,-0.04228535295,"a,j"
Guangzhou,Fee,1.2,0.1567228287,"a,j"
Beijing,Fee,1.88,0.078343153,"a,j"
Shanghai,Fee,0.6,-0.04958637431,"a,j"
Shanghai,Fee,0.5,-0.01406478509,"a,j"
Guangzhou,Fee,1.6,-0.1426665336,"a,j"
Shanghai,Fee,1.6,-0.09134416282,"a,j"
Shanghai,Fee,1.8,-0.05636009946,"a,j"
Beijing,Fee,1.85,0.004629863892,"a,j"
Shanghai,Fee,4.3,0.1927755773,"a,j"
Shanghai,Fee,2.0,-0.1343428195,"a,j"
Beijing,Fee,2.1,0.037038818,"a,j"
Shanghai,Fee,4.0,0.4151036739,"a,j"
Beijing,Fee,2.5,-0.017797824,"a,j"
Shanghai,Fee,8.0,-0.970426321,"a,j"
Wuhan,Fee,1.98,-0.03634195775,"a,j"
Wuhan,Fee,2.0,0.1006188989,"a,j"
Shanghai,Fee,0.5,0.005440030247,"a,j"
Shanghai,Fee,2.1,-0.1184915602,"a,j"
Shanghai,Fee,1.45,-0.1018046886,"a,j"
Wuhan,Fee,1.2,-0.004400091246,"a,j"
Shanghai,Fee,0.8,-0.03870250285,"a,j"
Shanghai,Fee,0.8,-0.1225683019,"a,j"
Wuhan,Fee,3.27,0.1344106942,"a,j"
Shanghai,Fee,1.8,-0.03695903346,"a,j"
Shanghai,Fee,1.2,0.01551351883,"a,j"
Shanghai,Fee,0.55,-0.02127859741,"a,j"
Wuhan,Fee,0.3,-0.1892720014,"a,j"
Beijing,Fee,0.55,0.03965686634,"a,j"
Beijing,Fee,0.7,-0.07089095563,"a,j"
Shanghai,Fee,1.2,0.05045958236,"a,j"
Shanghai,Fee,0.8,-0.03148369491,"a,j"
Wuhan,Fee,0.5,-0.06156698614,"a,j"
Shanghai,Fee,1.75,0.006251933053,"a,j"
Shanghai,Fee,2.4,-0.04280259833,"a,j"
Shanghai,Fee,2.9,-0.007576899137,"a,j"
Guangzhou,Fee,0.9,-0.02397875674,"a,j"
Shanghai,Fee,0.5,0.03201019019,"a,j"
Guangzhou,Fee,2.3,-0.1313589215,"a,j"
Wuhan,Fee,1.8,0.01875738055,"a,j"
Shanghai,Fee,0.3,0.004257359542,"a,j"
Guangzhou,Fee,0.5,0.09312721342,"a,j"
Wuhan,Fee,0.7,-0.132117793,"a,j"
Wuhan,Fee,0.5,0.009469536133,"a,j"
Guangzhou,Fee,3.7,0.06815177947,"a,j"
Shanghai,Fee,4.7,0.1029180661,"a,j"
Guangzhou,Fee,0.5,-0.03919826075,"a,j"
Guangzhou,Fee,2.4,-0.04032088444,"a,j"
Shanghai,Fee,6.0,-0.4638327658,"a,j"
Guangzhou,Fee,5.8,-0.1180897504,"a,j"
Shanghai,Fee,0.5,0.06170254573,"a,j"
Wuhan,Fee,0.6,0.007530680858,"a,j"
Beijing,Fee,0.5,-0.008243532851,"a,j"
Shanghai,Fee,1.8,-0.04067516699,"a,j"
Wuhan,Fee,0.6,-0.1063119322,"a,j"
Shanghai,Fee,2.0,-0.1846567094,"a,j"
Shanghai,Fee,0.7,-0.05279450491,"a,j"
Beijing,Fee,0.6,-0.09438999742,"a,j"
Shanghai,Fee,0.48,-0.002039201092,"a,j"
Wuhan,Fee,0.3,0.02244643122,"a,j"
Beijing,Fee,2.0,-0.02645509318,"a,j"
Shanghai,Fee,1.0,-0.01822480373,"a,j"
Wuhan,Fee,2.95,0.1931994259,"a,j"
Guangzhou,Fee,1.5,-0.1676813066,"a,j"
Shanghai,Fee,0.75,-0.007549148053,"a,j"
Shanghai,Fee,0.8,-0.03240107,"a,j"
Guangzhou,Fee,2.0,-0.2548284531,"a,j"
Shanghai,Fee,0.65,0.0167789422,"a,j"
Shanghai,Fee,8.0,-0.5177186131,"a,j"
Guangzhou,Fee,2.8,0.2000570446,"a,j"
Shanghai,Fee,0.5,0.02245985903,"a,j"
Wuhan,Fee,0.5,0.0132619068,"a,j"
Wuhan,Fee,0.4,-0.1611746401,"a,j"
Guangzhou,Fee,3.7,0.0133542968,"a,j"
Shanghai,Fee,8.0,-0.5045388341,"a,j"
Guangzhou,Fee,1.8,-0.1046617925,"a,j"
Shanghai,Fee,0.8,-0.09084775299,"a,j"
Wuhan,Fee,2.0,-0.0007936055772,"a,j"
Shanghai,Fee,0.5,0.02592148073,"a,j"
Shanghai,Fee,1.0,-0.02516958676,"a,j"
Shanghai,Fee,3.98,0.3225649595,"a,j"
Guangzhou,Fee,2.0,-0.1543694437,"a,j"
Wuhan,Fee,2.5,0.004252180923,"a,j"
Shanghai,Fee,0.5,-0.02210125327,"a,j"
Guangzhou,Fee,2.0,-0.1879217774,"a,j"
Beijing,Fee,1.2,0.02220680192,"a,j"
Shanghai,Fee,1.2,0.04476971179,"a,j"
Shanghai,Fee,0.5,-0.0002318285406,"a,j"
Beijing,Fee,2.0,-0.1610713303,"a,j"
Guangzhou,Fee,3.7,-0.08753018826,"a,j"
Wuhan,Fee,0.8,-0.03373550996,"a,j"
Shanghai,Fee,2.0,-0.09343799204,"a,j"
Beijing,Fee,1.61,-0.08950220793,"a,j"
Wuhan,Fee,1.0,-0.01897312328,"a,j"
Beijing,Fee,1.35,-0.1118963063,"a,j"
Wuhan,Fee,0.5,-0.0200669989,"a,j"
Beijing,Fee,1.5,-0.2248558253,"a,j"
Shanghai,Fee,2.0,0.006443371531,"a,j"
Shanghai,Fee,2.0,-0.1365342885,"a,j"
Shanghai,Fee,1.35,-0.06687049568,"a,j"
Guangzhou,Fee,1.3,-0.177598834,"a,j"
Shanghai,Fee,1.2,0.05934194848,"a,j"
Wuhan,Fee,2.6,-0.02789848298,"a,j"
Beijing,Fee,1.2,-0.01299477555,"a,j"
Shanghai,Fee,0.5,-0.06512708217,"a,j"
Wuhan,Fee,0.3,-0.01999299601,"a,j"
Shanghai,Fee,0.6,-0.00837736018,"a,j"
Shanghai,Fee,1.45,-0.07635004073,"a,j"
Wuhan,Fee,0.6,-0.1686119586,"a,j"
Shanghai,Fee,0.5,0.07399354875,"a,j"
Shanghai,Fee,4.0,0.2814441025,"a,j"
Shanghai,Fee,0.5,0.02443782054,"a,j"
Shanghai,Fee,0.98,-0.02515785769,"a,j"
Guangzhou,Fee,2.4,-0.01992723718,"a,j"
Shanghai,Fee,2.0,-0.1027760431,"a,j"
Beijing,Fee,2.5,-0.1161769032,"a,j"
Shanghai,Fee,0.7,-0.0571972765,"a,j"
Shanghai,Fee,1.0,-0.003386019729,"a,j"
Wuhan,Fee,0.9,-0.1261725724,"a,j"
Shanghai,Fee,1.32,-0.03289358318,"a,j"
Shanghai,Fee,1.2,-0.022326231,"a,j"
Shanghai,Fee,0.5,0.1505289823,"a,j"
Shanghai,Fee,2.0,-0.1157887205,"a,j"
Wuhan,Fee,0.5,0.02699891105,"a,j"
Shanghai,Fee,0.9,9.825988673e-05,"a,j"
Shanghai,Fee,8.0,-0.4278587103,"a,j"
Wuhan,Fee,0.9,0.006297345273,"a,j"
Shanghai,Fee,0.6,0.005910057575,"a,j"
Shanghai,Fee,3.0,0.1345249563,"a,j"
Wuhan,Fee,2.0,0.06048762798,"a,j"
Shanghai,Fee,1.2,-0.01565213688,"a,j"
Wuhan,Fee,1.4,-0.02096606791,"a,j"
Beijing,Fee,1.0,-0.03954542428,"a,j"
Shanghai,Fee,1.2,0.01271284185,"a,j"
Shanghai,Fee,1.5,-0.1676262319,"a,j"
Beijing,Fee,0.65,-0.09249161184,"a,j"
Guangzhou,Fee,0.5,-0.06764411926,"a,j"
Guangzhou,Fee,0.9,-0.1961696446,"a,j"
Beijing,Fee,1.2,-0.06786611676,"a,j"
Shanghai,Fee,1.71,-0.05629704893,"a,j"
Shanghai,Fee,1.2,0.02452997118,"a,j"
Wuhan,Fee,0.55,-0.1873392314,"a,j"
Guangzhou,Fee,2.0,-0.1628377736,"a,j"
Shanghai,Fee,3.0,-0.06465169787,"a,j"
Guangzhou,Fee,2.0,-0.07217516005,"a,j"
Shanghai,Fee,1.8,-0.1179706976,"a,j"
Shanghai,Fee,0.5,0.06578247994,"a,j"
Shanghai,Fee,0.6,0.06888256967,"a,j"
Shanghai,Fee,0.8,-0.1125570759,"a,j"
Shanghai,Fee,0.5,-0.006213463843,"a,j"
Wuhan,Fee,1.2,0.1396485418,"a,j"
Shanghai,Fee,2.3,-0.1200291663,"a,j"
Shanghai,Fee,0.5,0.02547308058,"a,j"
Shanghai,Fee,1.6,-0.1096983328,"a,j"
Guangzhou,Fee,0.66,-0.04514684528,"a,j"
Wuhan,Fee,0.3,-0.06587125361,"a,j"
Beijing,Fee,7.9,-0.5114753842,"a,j"
Wuhan,Fee,0.7,-0.2033015937,"a,j"
Guangzhou,Fee,0.6,0.00166090834,"a,j"
Shanghai,Fee,3.25,-0.04749469459,"a,j"
Shanghai,Fee,3.8,0.1871565282,"a,j"
Shanghai,Fee,1.85,-0.04124933109,"a,j"
Shanghai,Fee,7.5,-0.2150859833,"a,j"
Shanghai,Fee,2.5,-0.07235923409,"a,j"
Guangzhou,Fee,2.0,-0.1592070162,"a,j"
Shanghai,Fee,1.2,0.0159774106,"a,j"
Wuhan,Fee,0.8,-0.06525696814,"a,j"
Shanghai,Fee,1.98,-0.04379871488,"a,j"
Wuhan,Fee,1.8,0.108125709,"a,j"
Shanghai,Fee,1.15,-0.02097419836,"a,j"
Wuhan,Fee,2.2,0.1635427326,"a,j"
Shanghai,Fee,1.45,-0.02275853045,"a,j"
Shanghai,Fee,0.8,-0.06404461712,"a,j"
Shanghai,Fee,1.7,-0.1855557263,"a,j"
Guangzhou,Fee,1.8,-0.1143037155,"a,j"
Shanghai,Fee,0.8,-0.01880875975,"a,j"
Shanghai,Fee,4.5,0.1313270181,"a,j"
Shanghai,Fee,2.5,0.0768931061,"a,j"
Shanghai,Fee,0.8,-0.1717326343,"a,j"
Shanghai,Fee,0.5,-0.02103264257,"a,j"
Shanghai,Fee,2.5,0.04011079669,"a,j"
Wuhan,Fee,2.68,0.01134370733,"a,j"
Beijing,Fee,1.8,-0.1269476414,"a,j"
Shanghai,Fee,1.0,0.02020202577,"a,j"
Beijing,Fee,0.9,-0.0611836873,"a,j"
Guangzhou,Fee,2.0,-0.03403612971,"a,j"
Beijing,Fee,1.68,-0.0498368144,"a,j"
Shanghai,Fee,0.5,0.00149385375,"a,j"
Wuhan,Fee,0.5,-0.01153323986,"a,j"
Shanghai,Fee,0.9,-0.03332335502,"a,j"
Shanghai,Fee,1.45,-0.1697147638,"a,j"
Shanghai,Fee,2.8,0.002012370853,"a,j"
Shanghai,Fee,4.0,0.2947711945,"a,j"
Guangzhou,Fee,0.5,-0.129966259,"a,j"
Wuhan,Fee,0.5,-0.06220052019,"a,j"
Beijing,Fee,4.07,0.2781048119,"a,j"
Shanghai,Fee,1.85,-0.03089875355,"a,j"
Shanghai,Fee,0.89,-0.1509020329,"a,j"
Wuhan,Fee,1.2,0.1682710499,"a,j"
Guangzhou,Fee,2.8,0.2067454755,"a,j"
Shanghai,Fee,1.35,-0.09091631323,"a,j"
Guangzhou,Fee,0.9,-0.1672296375,"a,j"
Shanghai,Fee,0.64,-0.03553472087,"a,j"
Wuhan,Fee,1.2,0.09175460041,"a,j"
Wuhan,Fee,0.3,-0.05883572996,"a,j"
Shanghai,Fee,1.3,0.03445811942,"a,j"
Shanghai,Fee,4.5,0.1684617847,"a,j"
Wuhan,Fee,1.8,0.00565558672,"a,j"
Shanghai,Fee,1.0,-0.02534037642,"a,j"
Guangzhou,Fee,1.45,-0.1561284214,"a,j"
Wuhan,Fee,0.4,0.238540858,"a,j"
Shanghai,Fee,1.2,0.05012022704,"a,j"
Guangzhou,Fee,1.2,0.01672740653,"a,j"
Shanghai,Fee,0.5,0.07762218267,"a,j"
Shanghai,Fee,0.5,0.01139036007,"a,j"
Shanghai,Fee,1.2,0.07863284647,"a,j"
Shanghai,Fee,3.88,0.1258492321,"a,j"
Shanghai,Fee,1.55,-0.1674849391,"a,j"
Shanghai,Fee,1.9,-0.05306007341,"a,j"
Shanghai,Fee,1.3,0.006371374708,"a,j"
Guangzhou,Fee,2.0,-0.1484166831,"a,j"
Shanghai,Fee,0.45,-0.007533465512,"a,j"
Shanghai,Fee,0.5,0.1662712246,"a,j"
Shanghai,Fee,0.7,-0.09518067539,"a,j"
Wuhan,Fee,0.6,-0.01797031984,"a,j"
Shanghai,Fee,0.5,0.05083999783,"a,j"
Shanghai,Fee,1.5,-0.09377065301,"a,j"
Shanghai,Fee,0.3,0.003518090118,"a,j"
Guangzhou,Fee,3.7,-0.06413578987,"a,j"
Wuhan,Fee,0.5,-0.1167129278,"a,j"
Shanghai,Fee,0.8,-0.02680998854,"a,j"
Shanghai,Fee,1.3,-0.0290817488,"a,j"
Shanghai,Fee,1.5,-0.1344759017,"a,j"
Shanghai,Fee,0.4,-0.1336570829,"a,j"
Shanghai,Fee,5.95,-0.6515680552,"a,j"
Shanghai,Fee,0.75,-0.02725905925,"a,j"
Shanghai,Fee,0.55,0.04011609405,"a,j"
Beijing,Fee,1.3,-0.01151750516,"a,j"
Shanghai,Fee,0.8,-0.04226956889,"a,j"
Guangzhou,Fee,1.0,-0.08209297061,"a,j"
Beijing,Fee,2.0,-0.02039449848,"a,j"
Beijing,Fee,0.9,-0.0648785606,"a,j"
Shanghai,Fee,0.4,-0.1199768111,"a,j"
Guangzhou,Fee,1.7,-0.2746082544,"a,j"
Wuhan,Fee,0.5,0.01263687294,"a,j"
Shanghai,Fee,0.4,-0.09783051163,"a,j"
Shanghai,Fee,7.0,-0.4502244294,"a,j"
Guangzhou,Fee,0.9,-0.02457604185,"a,j"
Shanghai,Fee,1.2,0.08752018213,"a,j"
Shanghai,Fee,1.0,-0.001521316124,"a,j"
Beijing,Fee,2.28,0.1100352183,"a,j"
Wuhan,Fee,0.6,-0.1483100951,"a,j"
Shanghai,Fee,1.0,0.01728597656,"a,j"
Shanghai,Fee,0.9,-0.03138813004,"a,j"
Wuhan,Fee,0.9,-0.009853638709,"a,j"
Shanghai,Fee,1.4,0.003864150029,"a,j"
Shanghai,Fee,2.0,-0.1820207387,"a,j"
Shanghai,Fee,0.6,-0.00059413095,"a,j"
Shanghai,Fee,0.5,-0.05004070699,"a,j"
Shanghai,Fee,0.7,-0.09356702864,"a,j"
Beijing,Fee,2.4,0.1909978241,"a,j"
Beijing,Fee,1.68,-0.1143181324,"a,j"
Guangzhou,Fee,0.5,0.004312490579,"a,j"
Shanghai,Fee,0.3,-0.06849367172,"a,j"
Shanghai,Fee,1.2,0.06181121618,"a,j"
Wuhan,Fee,2.0,0.1077034175,"a,j"
Guangzhou,Fee,2.0,-0.1820997894,"a,j"
Shanghai,Fee,5.1,-0.3727449179,"a,j"
Shanghai,Fee,6.62,-0.1359163225,"a,j"
Shanghai,Fee,0.5,0.01436942071,"a,j"
Shanghai,Fee,0.57,0.04249494523,"a,j"
Shanghai,Fee,2.95,0.1157357842,"a,j"
Guangzhou,Fee,1.95,-0.09196911752,"a,j"
Wuhan,Fee,0.3,0.05265853554,"a,j"
Shanghai,Fee,0.6,-0.03932914138,"a,j"
Beijing,Fee,1.1,0.04657075927,"a,j"
Shanghai,Fee,2.8,-0.06236514077,"a,j"
Shanghai,Fee,0.4,-0.0259342324,"a,j"
Shanghai,Fee,0.35,0.1139532104,"a,j"
Shanghai,Fee,1.0,0.01663426682,"a,j"
Beijing,Fee,5.81,-0.2686604559,"a,j"
Shanghai,Fee,1.7,0.0558863394,"a,j"
Beijing,Fee,0.8,-0.1232029796,"a,j"
Beijing,Fee,0.6,0.01830410585,"a,j"
Shanghai,Fee,1.75,0.06181093305,"a,j"
Wuhan,Fee,1.18,0.05283109844,"a,j"
Guangzhou,Fee,2.5,0.00598940393,"a,j"
Wuhan,Fee,3.1,0.1250330806,"a,j"
Shanghai,Fee,1.2,0.07626764476,"a,j"
Guangzhou,Fee,2.3,-0.1442983896,"a,j"
Shanghai,Fee,1.15,0.04366753995,"a,j"
Guangzhou,Fee,0.8,-0.06412918866,"a,j"
Shanghai,Fee,8.0,-0.4659828842,"a,j"
Shanghai,Fee,0.35,-0.2008246332,"a,j"
Wuhan,Fee,2.0,-0.1153906435,"a,j"
Beijing,Fee,0.95,-0.03542901948,"a,j"
Wuhan,Fee,1.2,0.07218318433,"a,j"
Shanghai,Fee,1.5,-0.1358281821,"a,j"
Shanghai,Fee,1.5,-0.1050353572,"a,j"
Shanghai,Fee,0.35,-0.004764713813,"a,j"
Beijing,Fee,0.5,-0.07293299586,"a,j"
Shanghai,Fee,1.5,-0.1419763863,"a,j"
Guangzhou,Fee,0.9,-0.1370120496,"a,j"
Shanghai,Fee,0.5,-0.05771512166,"a,j"
Guangzhou,Fee,0.9,-0.1947968304,"a,j"
Beijing,Fee,0.5,0.0428423956,"a,j"
Shanghai,Fee,1.5,-0.06651981175,"a,j"
Beijing,Fee,0.7,-0.06050588191,"a,j"
Shanghai,Fee,3.4,-0.01852082461,"a,j"
Shanghai,Fee,0.8,-0.0513676703,"a,j"
Wuhan,Fee,1.8,-0.1799629033,"a,j"
Shanghai,Fee,0.35,-0.07597092539,"a,j"
Wuhan,Fee,2.8,0.07648643851,"a,j"
Wuhan,Fee,0.55,-0.03400869295,"a,j"
Wuhan,Fee,2.0,0.07986068726,"a,j"
Guangzhou,Fee,0.95,-0.05912454799,"a,j"
Shanghai,Fee,1.65,-0.03025371209,"a,j"
Shanghai,Fee,0.8,-0.04588237777,"a,j"
Shanghai,Fee,1.96,-0.1601938754,"a,j"
Wuhan,Fee,0.5,0.05873959512,"a,j"
Shanghai,Fee,1.5,-0.04712647572,"a,j"
Shanghai,Fee,0.9,-0.05222909525,"a,j"
Wuhan,Fee,5.1,-0.7845950127,"a,j"
Wuhan,Fee,0.5,-0.002182665979,"a,j"
Shanghai,Fee,0.4,0.1678665876,"a,j"
Shanghai,Fee,0.6,0.0003129929537,"a,j"
Guangzhou,Fee,3.7,0.257216841,"a,j"
Shanghai,Fee,1.5,-0.1208718643,"a,j"
Shanghai,Fee,1.9,-0.1671997309,"a,j"
Shanghai,Fee,1.5,-0.09082657844,"a,j"
Beijing,Fee,0.5,-0.02607096918,"a,j"
Shanghai,Fee,0.8,-0.08964914083,"a,j"
Shanghai,Fee,2.7,0.04051851854,"a,j"
Beijing,Fee,2.5,-0.01612756401,"a,j"
Shanghai,Fee,0.55,0.05228374898,"a,j"
Shanghai,Fee,0.9,-0.0587269403,"a,j"
Guangzhou,Fee,2.0,-0.210149169,"a,j"
Shanghai,Fee,0.65,0.3425992727,"a,j"
Guangzhou,Fee,1.1,-0.07517205179,"a,j"
Wuhan,Fee,2.0,0.04163110629,"a,j"
Shanghai,Fee,0.7,-0.01401272044,"a,j"
Beijing,Fee,1.71,0.04720778763,"a,j"
Shanghai,Fee,2.2,0.1183085889,"a,j"
Shanghai,Fee,2.4,-0.00315603707,"a,j"
Shanghai,Fee,0.8,-0.01129875518,"a,j"
Wuhan,Fee,2.0,0.05121591687,"a,j"
Beijing,Fee,0.9,-0.1030455008,"a,j"
Shanghai,Fee,0.44,0.04017110914,"a,j"
Shanghai,Fee,1.0,-0.01429621596,"a,j"
Shanghai,Fee,0.5,0.002852567937,"a,j"
Shanghai,Fee,2.0,-0.02720688283,"a,j"
Shanghai,Fee,3.4,0.04934920371,"a,j"
Shanghai,Fee,3.2,0.07332832366,"a,j"
Shanghai,Fee,0.8,-0.03563339636,"a,j"
Wuhan,Fee,1.2,0.004306600429,"a,j"
Shanghai,Fee,1.5,-0.1333094537,"a,j"
Shanghai,Fee,2.0,-0.1024037004,"a,j"
Shanghai,Fee,0.55,0.03270607814,"a,j"
Shanghai,Fee,2.0,0.002134299837,"a,j"
Shanghai,Fee,1.7,-0.05371445417,"a,j"
Shanghai,Fee,2.0,-0.1535870582,"a,j"
Shanghai,Fee,2.0,-0.1110046506,"a,j"
Shanghai,Fee,0.7,0.00509104412,"a,j"
Shanghai,Fee,0.5,-0.06285107136,"a,j"
Guangzhou,Fee,1.8,-0.02459161356,"a,j"
Shanghai,Fee,1.8,0.004158906639,"a,j"
Shanghai,Fee,0.5,0.03736793995,"a,j"
Shanghai,Fee,1.6,-0.09631380439,"a,j"
Shanghai,Fee,0.9,0.001389566343,"a,j"
Shanghai,Fee,0.8,-0.027334949,"a,j"
Guangzhou,Fee,0.9,-0.05781182274,"a,j"
Shanghai,Fee,0.6,0.07977281511,"a,j"
Wuhan,Fee,0.9,-0.05722086877,"a,j"
Shanghai,Fee,7.5,-0.6057314873,"a,j"
Shanghai,Fee,0.9,-0.04827838764,"a,j"
Wuhan,Fee,0.5,0.02081701532,"a,j"
Wuhan,Fee,0.5,0.02766293287,"a,j"
Shanghai,Fee,1.06,-0.0238327831,"a,j"
Guangzhou,Fee,0.5,0.031181328,"a,j"
Beijing,Fee,0.7,-0.026644703,"a,j"
Wuhan,Fee,0.5,-0.01180862729,"a,j"
Guangzhou,Fee,0.5,0.02464383096,"a,j"
Shanghai,Fee,0.8,-0.04032072797,"a,j"
Beijing,Fee,2.38,-0.149593249,"a,j"
Wuhan,Fee,1.6,0.1106692553,"a,j"
Wuhan,Fee,0.5,0.0721950382,"a,j"
Shanghai,Fee,0.8,-0.1023160443,"a,j"
Shanghai,Fee,2.3,-0.04281270131,"a,j"
Shanghai,Fee,1.8,-0.1764830202,"a,j"
Shanghai,Fee,1.45,-0.05753491074,"a,j"
Guangzhou,Fee,3.2,0.1116392091,"a,j"
Shanghai,Fee,0.5,-0.01562394481,"a,j"
Wuhan,Fee,1.2,0.07490087301,"a,j"
Shanghai,Fee,4.46,0.1587330699,"a,j"
Shanghai,Fee,1.35,-0.07564311475,"a,j"
Shanghai,Fee,0.9,-0.05866135284,"a,j"
Wuhan,Fee,1.45,-0.06962565333,"a,j"
Wuhan,Fee,0.5,0.006592359394,"a,j"
Wuhan,Fee,0.8,-0.1899568886,"a,j"
Shanghai,Fee,0.5,0.1111878753,"a,j"
Shanghai,Fee,0.6,0.0009025663021,"a,j"
Wuhan,Fee,0.6,0.02067513391,"a,j"
Shanghai,Fee,0.5,0.02318827249,"a,j"
Shanghai,Fee,0.67,-0.000129504595,"a,j"
Shanghai,Fee,0.5,0.03597856686,"a,j"
Beijing,Fee,2.0,-0.1010802388,"a,j"
Shanghai,Fee,2.0,0.02469743043,"a,j"
Shanghai,Fee,0.5,0.06442027539,"a,j"
Wuhan,Fee,0.5,-0.0286940895,"a,j"
Shanghai,Fee,0.8,-0.04400726035,"a,j"
Shanghai,Fee,0.85,-0.09183783829,"a,j"
Shanghai,Fee,1.15,0.01480478235,"a,j"
Guangzhou,Fee,1.8,-0.08473734558,"a,j"
Guangzhou,Fee,3.7,0.00954870414,"a,j"
Beijing,Fee,0.5,-0.08653070033,"a,j"
Shanghai,Fee,1.45,-0.001005263068,"a,j"
Shanghai,Fee,1.55,-0.06927672029,"a,j"
Shanghai,Fee,0.8,-0.008820585907,"a,j"
Shanghai,Fee,0.5,0.02991862595,"a,j"
Wuhan,Fee,0.5,-0.1514151096,"a,j"
Shanghai,Fee,1.1,0.0765195936,"a,j"
Shanghai,Fee,1.0,-0.009810160846,"a,j"
Guangzhou,Fee,2.0,-0.05092180148,"a,j"
Shanghai,Fee,6.9,-0.6980304122,"a,j"
Wuhan,Fee,2.0,0.08417316526,"a,j"
Guangzhou,Fee,2.0,-0.1114441231,"a,j"
Shanghai,Fee,0.6,0.005179791246,"a,j"
Guangzhou,Fee,2.0,-0.1951816827,"a,j"
Wuhan,Fee,0.5,0.1484273672,"a,j"
Shanghai,Fee,0.9,-0.005466450471,"a,j"
Beijing,Fee,2.0,-0.137020275,"a,j"
Shanghai,Fee,1.0,-0.1180728599,"a,j"
Shanghai,Fee,0.5,0.05275923014,"a,j"
Guangzhou,Fee,0.9,-0.03190897778,"a,j"
Shanghai,Fee,0.8,-0.04732048512,"a,j"
Wuhan,Fee,2.8,0.02059446275,"a,j"
Guangzhou,Fee,0.9,-0.09020294994,"a,j"
Shanghai,Fee,1.5,-0.1305710673,"a,j"
Shanghai,Fee,0.8,-0.05783068761,"a,j"
Shanghai,Fee,0.8,-0.09549512714,"a,j"
Shanghai,Fee,1.0,-0.01645101979,"a,j"
Shanghai,Fee,0.6,0.03911207244,"a,j"
Shanghai,Fee,0.45,-0.06987991929,"a,j"
Shanghai,Fee,1.1,0.06763417274,"a,j"
Shanghai,Fee,1.2,0.003234174335,"a,j"
Shanghai,Fee,0.6,0.1082259044,"a,j"
Beijing,Fee,0.8,-0.117238991,"a,j"
Beijing,Fee,2.6,-0.02333841287,"a,j"
Shanghai,Fee,1.5,-0.1184652001,"a,j"
Shanghai,Fee,1.2,0.00219553872,"a,j"
Shanghai,Fee,0.6,0.004455274902,"a,j"
Shanghai,Fee,0.8,-0.09923519194,"a,j"
Shanghai,Fee,1.2,0.06918557733,"a,j"
Guangzhou,Fee,0.5,0.07484605163,"a,j"
Shanghai,Fee,1.46,0.02546652034,"a,j"
Shanghai,Fee,2.5,0.04984607548,"a,j"
Wuhan,Fee,3.5,0.1089411825,"a,j"
Guangzhou,Fee,1.5,-0.1424625963,"a,j"
Shanghai,Fee,3.2,0.06734876335,"a,j"
Beijing,Fee,2.1,0.04464326426,"a,j"
Shanghai,Fee,0.5,0.01588332281,"a,j"
Shanghai,Fee,1.9,0.05303432047,"a,j"
Shanghai,Fee,1.15,0.0912149176,"a,j"
Shanghai,Fee,1.45,-0.02200517058,"a,j"
Shanghai,Fee,2.0,-0.1738456488,"a,j"
Shanghai,Fee,1.2,0.01262643468,"a,j"
Shanghai,Fee,4.2,0.3773854673,"a,j"
Shanghai,Fee,1.2,0.1233825162,"a,j"
Shanghai,Fee,0.5,-0.01275205705,"a,j"
Shanghai,Fee,1.3,-0.0006626022514,"a,j"
Shanghai,Fee,1.5,-0.09099474549,"a,j"
Shanghai,Fee,1.56,-0.12793082,"a,j"
Wuhan,Fee,0.5,-0.1717866808,"a,j"
Wuhan,Fee,2.0,0.01487845648,"a,j"
Shanghai,Fee,0.5,0.09310334921,"a,j"
Shanghai,Fee,0.8,-0.03641628101,"a,j"
Guangzhou,Fee,5.0,-0.9046317935,"a,j"
Wuhan,Fee,0.6,-0.03782419115,"a,j"
Shanghai,Fee,0.7,-0.2084867656,"a,j"
Guangzhou,Fee,5.8,-0.363758117,"a,j"
Guangzhou,Fee,0.6,0.005387012847,"a,j"
Wuhan,Fee,2.0,-0.1544921845,"a,j"
Shanghai,Fee,2.8,-0.1256696284,"a,j"
Guangzhou,Fee,1.0,0.01597103104,"a,j"
Shanghai,Fee,4.3,0.1539267451,"a,j"
Shanghai,Fee,0.5,-0.009458790533,"a,j"
Beijing,Fee,0.9,-0.02654737048,"a,j"
Beijing,Fee,4.3,0.2470168322,"a,j"
Guangzhou,Fee,0.5,0.03057557344,"a,j"
Wuhan,Fee,1.2,0.0609774664,"a,j"
Guangzhou,Fee,2.5,-0.2067636698,"a,j"
Shanghai,Fee,2.2,-0.1323292255,"a,j"
Guangzhou,Fee,0.9,-0.08700480312,"a,j"
Shanghai,Fee,1.9,0.03015782498,"a,j"
Shanghai,Fee,1.5,-0.214786768,"a,j"
Shanghai,Fee,3.2,-0.08506227285,"a,j"
Guangzhou,Fee,1.98,-0.03379619867,"a,j"
Shanghai,Fee,0.38,-0.04809704423,"a,j"
Shanghai,Fee,0.8,-0.07080105692,"a,j"
Guangzhou,Fee,2.8,-0.1410576254,"a,j"
Shanghai,Fee,1.8,-0.03150224686,"a,j"
Wuhan,Fee,0.6,-0.03914823011,"a,j"
Shanghai,Fee,1.9,-0.0342339091,"a,j"
Shanghai,Fee,1.14,0.04641406611,"a,j"
Shanghai,Fee,3.0,0.2293325365,"a,j"
Shanghai,Fee,0.45,0.2075194865,"a,j"
Shanghai,Fee,0.8,-0.1138246655,"a,j"
Shanghai,Fee,1.67,-0.06531564146,"a,j"
Shanghai,Fee,0.85,-0.1251466572,"a,j"
Wuhan,Fee,0.8,-0.04400720075,"a,j"
Wuhan,Fee,1.0,-0.02554844692,"a,j"
Shanghai,Fee,1.5,-0.1075482443,"a,j"
Shanghai,Fee,0.5,0.009726823308,"a,j"
Shanghai,Fee,1.8,-0.1036145389,"a,j"
Shanghai,Fee,0.8,-0.06846787781,"a,j"
Shanghai,Fee,2.8,-0.02414997108,"a,j"
Beijing,Fee,1.1,-0.001619958319,"a,j"
Shanghai,Fee,1.23,0.05491737649,"a,j"
Shanghai,Fee,0.45,0.07369916141,"a,j"
Shanghai,Fee,1.2,-0.0008068149327,"a,j"
Wuhan,Fee,0.5,-0.01883301884,"a,j"
Shanghai,Fee,2.1,-0.02486454137,"a,j"
Wuhan,Fee,0.9,-0.1035845727,"a,j"
Shanghai,Fee,0.45,-0.01422318071,"a,j"
Shanghai,Fee,0.4,-0.05294788256,"a,j"
Guangzhou,Fee,2.0,-0.221587494,"a,j"
Shanghai,Fee,1.1,0.05162529647,"a,j"
Wuhan,Fee,2.8,-0.06093301997,"a,j"
Shanghai,Fee,0.35,-0.1607414484,"a,j"
Shanghai,Fee,2.0,-0.1562219113,"a,j"
Shanghai,Fee,1.8,-0.1152033731,"a,j"
Guangzhou,Fee,0.9,-0.07919660211,"a,j"
Wuhan,Fee,1.2,0.06237088144,"a,j"
Shanghai,Fee,3.6,0.1800635308,"a,j"
Shanghai,Fee,0.61,-0.03212754428,"a,j"
Shanghai,Fee,0.55,-0.001132864505,"a,j"
Shanghai,Fee,6.2,-0.6020294428,"a,j"
Shanghai,Fee,0.8,-0.04002535343,"a,j"
Wuhan,Fee,1.5,0.01999284327,"a,j"
Shanghai,Fee,0.85,-0.05369403586,"a,j"
Shanghai,Fee,2.5,-0.08651801199,"a,j"
Beijing,Fee,0.5,0.06135622784,"a,j"
Guangzhou,Fee,3.7,-0.0507212542,"a,j"
Shanghai,Fee,0.8,-0.0711729154,"a,j"
Beijing,Fee,0.9,-0.08964008838,"a,j"
Guangzhou,Fee,2.3,0.05469357595,"a,j"
Wuhan,Fee,0.6,-0.1280888915,"a,j"
Wuhan,Fee,0.8,-0.07905700058,"a,j"
Shanghai,Fee,0.5,-0.03063231334,"a,j"
Wuhan,Fee,0.5,0.03441493958,"a,j"
Wuhan,Fee,0.8,-0.008134311065,"a,j"
Shanghai,Fee,1.2,0.06684441119,"a,j"
Shanghai,Fee,1.3,0.01784915105,"a,j"
Shanghai,Fee,1.2,0.02572478913,"a,j"
Shanghai,Fee,0.45,0.1181939393,"a,j"
Shanghai,Fee,2.48,-0.131415382,"a,j"
Wuhan,Fee,0.3,0.00955155585,"a,j"
Beijing,Fee,3.18,0.1318600327,"a,j"
Guangzhou,Fee,2.0,-0.1783134639,"a,j"
Guangzhou,Fee,2.0,0.06562960893,"a,j"
Guangzhou,Fee,1.5,-0.1964036673,"a,j"
Shanghai,Fee,0.6,-0.05891637504,"a,j"
Shanghai,Fee,2.8,-0.03817107901,"a,j"
Shanghai,Fee,2.5,-0.02224113047,"a,j"
Shanghai,Fee,0.6,-0.005585571751,"a,j"
Shanghai,Fee,0.8,0.01082572248,"a,j"
Shanghai,Fee,1.2,0.04848436639,"a,j"
Beijing,Fee,1.0,-0.13650693,"a,j"
Shanghai,Fee,1.2,-0.02926129848,"a,j"
Shanghai,Fee,1.75,0.04441783577,"a,j"
Shanghai,Fee,0.8,-0.07212700695,"a,j"
Shanghai,Fee,0.5,0.02394717,"a,j"
Shanghai,Fee,2.3,-0.0300749708,"a,j"
Beijing,Fee,0.9,-0.05378286541,"a,j"
Wuhan,Fee,2.3,0.1387729049,"a,j"
Wuhan,Fee,0.5,0.004917670973,"a,j"
Guangzhou,Fee,1.0,-0.0147062717,"a,j"
Guangzhou,Fee,0.9,-0.05071472377,"a,j"
Guangzhou,Fee,0.9,-0.0151351057,"a,j"
Shanghai,Fee,0.6,-0.009971170686,"a,j"
Shanghai,Fee,3.6,0.3605058789,"a,j"
Beijing,Fee,2.7,0.07936156541,"a,j"
Shanghai,Fee,1.1,0.02074034885,"a,j"
Wuhan,Fee,0.6,-0.07248769701,"a,j"
Wuhan,Fee,0.5,-0.05269633979,"a,j"
Guangzhou,Fee,0.9,-0.04875362664,"a,j"
Shanghai,Fee,1.8,-0.1195073053,"a,j"
Wuhan,Fee,1.6,0.01449497603,"a,j"
Guangzhou,Fee,1.8,-1.174630597e-05,"a,j"
Shanghai,Fee,3.2,-0.06700603664,"a,j"
Shanghai,Fee,1.5,-0.04848125204,"a,j"
Wuhan,Fee,0.5,-0.2275460958,"a,j"
Shanghai,Fee,1.2,0.1347670555,"a,j"
Shanghai,Fee,2.15,-0.01031796914,"a,j"
Guangzhou,Fee,2.0,-0.1400294304,"a,j"
Wuhan,Fee,1.5,-0.09562546015,"a,j"
Wuhan,Fee,1.8,-0.01352766622,"a,j"
Shanghai,Fee,1.75,-0.0328441523,"a,j"
Shanghai,Fee,0.54,0.008615668863,"a,j"
Wuhan,Fee,0.4,-0.1570732445,"a,j"
Shanghai,Fee,0.54,-0.02284198999,"a,j"
Shanghai,Fee,1.0,-0.02355872095,"a,j"
Shanghai,Fee,0.6,0.007900509052,"a,j"
Wuhan,Fee,1.5,-0.132211566,"a,j"
Wuhan,Fee,0.5,-0.2212031186,"a,j"
Shanghai,Fee,0.7,-0.1190019399,"a,j"
Shanghai,Fee,0.3,-0.05045499653,"a,j"
Beijing,Fee,0.5,0.04710920155,"a,j"
Shanghai,Fee,3.1,-0.009992703795,"a,j"
Beijing,Fee,1.8,-0.1675305814,"a,j"
Beijing,Fee,0.8,-0.1270686686,"a,j"
Beijing,Fee,1.38,-0.06339151412,"a,j"
Shanghai,Fee,2.0,0.1013983488,"a,j"
Guangzhou,Fee,0.9,0.02836675569,"a,j"
Shanghai,Fee,1.75,-0.07435618341,"a,j"
Beijing,Fee,0.5,0.09309255332,"a,j"
Shanghai,Fee,1.5,-0.1744741201,"a,j"
Guangzhou,Fee,0.9,-0.06975315511,"a,j"
Shanghai,Fee,2.8,-0.0800698325,"a,j"
Shanghai,Fee,0.5,-0.0584483631,"a,j"
Shanghai,Fee,0.8,-0.04652456194,"a,j"
Shanghai,Fee,3.0,-0.06408940256,"a,j"
Shanghai,Fee,1.9,-0.1566870809,"a,j"
Shanghai,Fee,1.5,-0.09562039375,"a,j"
Shanghai,Fee,0.8,-0.01106551941,"a,j"
Guangzhou,Fee,2.8,0.06782051176,"a,j"
Shanghai,Fee,4.0,0.3620811403,"a,j"
Shanghai,Fee,0.9,-0.03116098419,"a,j"
Shanghai,Fee,2.9,0.1128104776,"a,j"
Shanghai,Fee,1.85,0.1785636693,"a,j"
Shanghai,Fee,1.7,-0.03495816514,"a,j"
Shanghai,Fee,4.2,0.2924497426,"a,j"
Shanghai,Fee,0.9,-0.1104745269,"a,j"
Shanghai,Fee,2.2,-0.04265107214,"a,j"
Guangzhou,Fee,1.8,-0.1989401579,"a,j"
Shanghai,Fee,0.8,-0.06883840263,"a,j"
Shanghai,Fee,0.4,-0.1321681589,"a,j"
Beijing,Fee,1.26,-0.0339682661,"a,j"
Shanghai,Fee,8.0,-0.3125821054,"a,j"
Shanghai,Fee,7.7,-0.8058640957,"a,j"
Shanghai,Fee,3.0,-0.03835100681,"a,j"
Shanghai,Fee,1.35,-0.0440877676,"a,j"
Shanghai,Fee,5.1,-0.5284968615,"a,j"
Shanghai,Fee,2.0,0.03897139058,"a,j"
Guangzhou,Fee,3.7,0.2148414254,"a,j"
Shanghai,Fee,0.45,0.2594574392,"a,j"
Guangzhou,Fee,1.9,-0.08351511508,"a,j"
Shanghai,Fee,0.5,-0.02699239179,"a,j"
Wuhan,Fee,1.5,-0.05768541619,"a,j"
Wuhan,Fee,1.0,-0.0684042424,"a,j"
Beijing,Fee,0.3,-0.06222043931,"a,j"
Wuhan,Fee,1.0,-0.05817897618,"a,j"
Shanghai,Fee,8.0,-0.3111985922,"a,j"
Wuhan,Fee,2.3,0.1655400395,"a,j"
Shanghai,Fee,3.16,0.1674416661,"a,j"
Shanghai,Fee,0.6,0.1682413965,"a,j"
Wuhan,Fee,1.8,0.07928572595,"a,j"
Shanghai,Fee,0.5,0.04025812447,"a,j"
Shanghai,Fee,0.45,0.03400706872,"a,j"
Shanghai,Fee,1.48,-0.0137701435,"a,j"
Wuhan,Fee,0.6,-0.003080688417,"a,j"
Wuhan,Fee,1.0,0.01229928993,"a,j"
Wuhan,Fee,0.9,-0.1542416662,"a,j"
Shanghai,Fee,2.8,-0.03541300446,"a,j"
Shanghai,Fee,4.0,0.4706567526,"a,j"
Wuhan,Fee,3.5,0.1854965389,"a,j"
Shanghai,Fee,0.4,0.1257431805,"a,j"
Shanghai,Fee,0.45,0.04585148767,"a,j"
Shanghai,Fee,0.5,0.04044050351,"a,j"
Guangzhou,Fee,2.0,-0.2235329449,"a,j"
Beijing,Fee,7.9,-0.7843634486,"a,j"
Beijing,Fee,8.0,-0.446015656,"a,j"
Wuhan,Fee,2.5,0.004947649315,"a,j"
Wuhan,Fee,0.6,0.01482213568,"a,j"
Shanghai,Fee,1.5,-0.1263597012,"a,j"
Wuhan,Fee,1.2,-0.002215181477,"a,j"
Shanghai,Fee,0.5,-0.0269192569,"a,j"
Beijing,Fee,1.2,-0.07974092662,"a,j"
Wuhan,Fee,0.5,-0.03593825921,"a,j"
Guangzhou,Fee,1.0,-0.02315718867,"a,j"
Shanghai,Fee,1.0,0.02604373917,"a,j"
Wuhan,Fee,0.5,0.01159157883,"a,j"
Shanghai,Fee,1.5,-0.03409936279,"a,j"
Wuhan,Fee,0.8,-0.07526696473,"a,j"
Shanghai,Fee,0.5,0.004782029428,"a,j"
Shanghai,Fee,1.2,0.1115069464,"a,j"
Shanghai,Fee,0.5,0.03353796899,"a,j"
Shanghai,Fee,2.7,0.142278403,"a,j"
Wuhan,Fee,3.5,0.1180461198,"a,j"
Shanghai,Fee,0.4,0.1788347214,"a,j"
Shanghai,Fee,4.2,0.2498697937,"a,j"
Guangzhou,Fee,0.9,-0.05576151237,"a,j"
Shanghai,Fee,2.0,-0.02723857947,"a,j"
Guangzhou,Fee,1.98,-0.06187210977,"a,j"
Shanghai,Fee,0.5,0.00495258905,"a,j"
Shanghai,Fee,2.0,-0.01033396553,"a,j"
Shanghai,Fee,1.78,-0.217019096,"a,j"
Shanghai,Fee,2.5,-0.04562362283,"a,j"
Wuhan,Fee,0.9,-0.1445562989,"a,j"
Beijing,Fee,0.4,0.1558901519,"a,j"
Guangzhou,Fee,2.5,-0.03907240182,"a,j"
Shanghai,Fee,1.5,-0.221001938,"a,j"
Guangzhou,Fee,2.0,-0.1951674521,"a,j"
Beijing,Fee,0.8,-0.1142918915,"a,j"
Shanghai,Fee,3.6,0.1279743463,"a,j"
Beijing,Fee,0.9,-0.03673511744,"a,j"
Shanghai,Fee,0.7,-0.07640565187,"a,j"
Shanghai,Fee,1.8,-0.01782815531,"a,j"
Beijing,Fee,0.6,-0.03150152043,"a,j"
Wuhan,Fee,1.0,-0.1300745755,"a,j"
Wuhan,Fee,0.5,-0.09349785,"a,j"
Shanghai,Fee,1.5,-0.1644383669,"a,j"
Shanghai,Fee,0.8,-0.04026602209,"a,j"
Shanghai,Fee,1.8,-0.0721924901,"a,j"
Guangzhou,Fee,2.0,-0.110235244,"a,j"
Shanghai,Fee,4.8,0.1907573491,"a,j"
Guangzhou,Fee,1.8,-0.0688790679,"a,j"
Guangzhou,Fee,2.0,-0.2627429664,"a,j"
Beijing,Fee,7.9,-0.5178666115,"a,j"
Shanghai,Fee,0.6,-0.002016022103,"a,j"
Shanghai,Fee,2.5,0.02440259047,"a,j"
Shanghai,Fee,2.0,-0.1822061688,"a,j"
Wuhan,Fee,0.5,0.01287395507,"a,j"
Wuhan,Fee,0.5,-0.02057497576,"a,j"
Beijing,Fee,2.83,-0.02789457887,"a,j"
Wuhan,Fee,0.5,-0.01364202704,"a,j"
Wuhan,Fee,2.5,0.04053192213,"a,j"
Shanghai,Fee,1.17,0.007743369788,"a,j"
Guangzhou,Fee,0.9,-0.1750232875,"a,j"
Shanghai,Fee,1.9,-0.103759788,"a,j"
Wuhan,Fee,1.45,-0.09169909358,"a,j"
Shanghai,Fee,1.44,-0.06405228376,"a,j"
Guangzhou,Fee,3.8,0.07555261999,"a,j"
Wuhan,Fee,2.8,-0.07237228751,"a,j"
Beijing,Fee,2.0,-0.1890496016,"a,j"
Shanghai,Fee,2.1,-0.2189433128,"a,j"
Wuhan,Fee,0.5,-0.005449877121,"a,j"
Beijing,Fee,0.86,-0.05291205645,"a,j"
Shanghai,Fee,4.8,0.05973501876,"a,j"
Shanghai,Fee,1.2,0.04319203272,"a,j"
Shanghai,Fee,0.5,-0.03998096287,"a,j"
Guangzhou,Fee,2.0,-0.0003941177856,"a,j"
Guangzhou,Fee,1.8,-0.2149481773,"a,j"
Shanghai,Fee,1.9,0.0596568957,"a,j"
Shanghai,Fee,3.0,-0.01575021818,"a,j"
Shanghai,Fee,2.1,-0.13239941,"a,j"
Wuhan,Fee,0.9,-0.06872684509,"a,j"
Shanghai,Fee,1.1,0.04789320007,"a,j"
Shanghai,Fee,0.45,-0.001548891072,"a,j"
Wuhan,Fee,2.2,0.1443274319,"a,j"
Guangzhou,Fee,2.0,-0.2317793965,"a,j"
Shanghai,Fee,0.5,0.06648526341,"a,j"
Wuhan,Fee,2.98,0.3298296928,"a,j"
Shanghai,Fee,0.5,0.01190266665,"a,j"
Shanghai,Fee,0.5,0.03997218236,"a,j"
Wuhan,Fee,2.0,0.0310017243,"a,j"
Wuhan,Fee,2.5,0.1358380616,"a,j"
Wuhan,Fee,0.5,0.03291030973,"a,j"
Shanghai,Fee,2.5,-0.07849054784,"a,j"
Shanghai,Fee,1.2,0.07129306346,"a,j"
Wuhan,Fee,2.0,-0.02007410303,"a,j"
Guangzhou,Fee,1.45,-0.1290306598,"a,j"
Beijing,Fee,5.0,-0.315723449,"a,j"
Wuhan,Fee,1.6,-0.1849656403,"a,j"
Shanghai,Fee,2.3,-0.1196894646,"a,j"
Shanghai,Fee,2.2,-0.1278425455,"a,j"
Guangzhou,Fee,5.0,0.04366450384,"a,j"
Shanghai,Fee,0.8,-0.03067223355,"a,j"
Shanghai,Fee,1.2,0.04695067555,"a,j"
Shanghai,Fee,0.5,0.01550580095,"a,j"
Wuhan,Fee,0.5,0.04418360442,"a,j"
Shanghai,Fee,0.8,-0.1359838694,"a,j"
Wuhan,Fee,1.98,0.16437383,"a,j"
Shanghai,Fee,4.5,0.050099805,"a,j"
Shanghai,Fee,2.0,-0.0593977347,"a,j"
Wuhan,Fee,0.4,-0.2152119428,"a,j"
Shanghai,Fee,0.8,0.01902104169,"a,j"
Beijing,Fee,0.5,-0.0360670723,"a,j"
Shanghai,Fee,0.8,-0.06702946126,"a,j"
Shanghai,Fee,0.85,-0.01519075781,"a,j"
Shanghai,Fee,1.05,-0.01102552749,"a,j"
Wuhan,Fee,0.8,-0.03150783107,"a,j"
Shanghai,Fee,0.5,0.01357394084,"a,j"
Wuhan,Fee,1.88,0.1052423939,"a,j"
Guangzhou,Fee,2.0,-0.2199288011,"a,j"
Shanghai,Fee,1.55,-0.02916980721,"a,j"
Shanghai,Fee,1.5,-0.07676687092,"a,j"
Wuhan,Fee,1.0,-0.06825035065,"a,j"
Shanghai,Fee,1.0,-0.01425883919,"a,j"
Shanghai,Fee,5.0,-0.4329921305,"a,j"
Beijing,Fee,0.5,0.03920736164,"a,j"
Shanghai,Fee,0.4,-0.04122833163,"a,j"
Shanghai,Fee,1.55,-0.06325116754,"a,j"
Shanghai,Fee,1.2,0.06418254226,"a,j"
Shanghai,Fee,0.3,-0.1476373523,"a,j"
Shanghai,Fee,0.9,-0.08372816443,"a,j"
Shanghai,Fee,1.5,-0.1579520553,"a,j"
Beijing,Fee,0.6,0.04870257154,"a,j"
Shanghai,Fee,0.45,-0.04524762928,"a,j"
Shanghai,Fee,0.35,-0.07927426696,"a,j"
Shanghai,Fee,1.2,0.081188187,"a,j"
Beijing,Fee,0.5,-0.04317295551,"a,j"
Shanghai,Fee,0.6,0.02739731036,"a,j"
Beijing,Fee,0.65,-0.02059451118,"a,j"
Wuhan,Fee,0.5,-0.09267367423,"a,j"
Shanghai,Fee,3.2,-0.04389303178,"a,j"
Shanghai,Fee,0.5,0.03725573793,"a,j"
Shanghai,Fee,1.2,0.1340824217,"a,j"
Shanghai,Fee,2.2,-0.09147630632,"a,j"
Shanghai,Fee,0.52,-0.0599771291,"a,j"
Wuhan,Fee,0.5,-0.0726685822,"a,j"
Wuhan,Fee,0.7,-0.1571395397,"a,j"
Wuhan,Fee,1.5,-0.1009942964,"a,j"
Shanghai,Fee,2.0,-0.1391344368,"a,j"
Beijing,Fee,2.8,0.1372076273,"a,j"
Shanghai,Fee,0.5,-0.01814852655,"a,j"
Wuhan,Fee,0.9,-0.04866342247,"a,j"
Guangzhou,Fee,5.0,-0.4371412694,"a,j"
Shanghai,Fee,0.7,-0.03805571795,"a,j"
Shanghai,Fee,1.2,0.05102420598,"a,j"
Shanghai,Fee,0.5,0.02631027624,"a,j"
Shanghai,Fee,0.55,-0.007577432785,"a,j"
Shanghai,Fee,1.6,-0.001287549967,"a,j"
Beijing,Fee,0.8,-0.06231044605,"a,j"
Shanghai,Fee,1.2,0.02963437885,"a,j"
Shanghai,Fee,3.5,0.4877216518,"a,j"
Beijing,Fee,2.07,0.01729095168,"a,j"
Wuhan,Fee,0.8,-0.04069588706,"a,j"
Guangzhou,Fee,0.9,-0.05006401613,"a,j"
Shanghai,Fee,0.8,-0.08149752766,"a,j"
Shanghai,Fee,0.85,-0.1327341199,"a,j"
Guangzhou,Fee,1.45,-0.1199957281,"a,j"
Shanghai,Fee,2.0,0.009922660887,"a,j"
Shanghai,Fee,1.4,0.01456642896,"a,j"
Shanghai,Fee,0.8,-0.03672827408,"a,j"
Guangzhou,Fee,0.8,-0.0659866333,"a,j"
Shanghai,Fee,0.6,0.01590539515,"a,j"
Wuhan,Fee,2.8,0.007277931087,"a,j"
Wuhan,Fee,2.0,-0.1399233937,"a,j"
Beijing,Fee,0.9,-0.1098386422,"a,j"
Shanghai,Fee,1.5,-0.1373699158,"a,j"
Wuhan,Fee,0.5,-0.09511166066,"a,j"
Shanghai,Fee,2.1,-0.2127713412,"a,j"
Beijing,Fee,1.96,0.06491330266,"a,j"
Shanghai,Fee,1.6,-0.1099760011,"a,j"
Wuhan,Fee,1.8,0.03448672593,"a,j"
Shanghai,Fee,1.95,0.1441980451,"a,j"
Guangzhou,Fee,0.5,-0.1124168187,"a,j"
Shanghai,Fee,4.5,-0.1093437448,"a,j"
Guangzhou,Fee,2.8,0.2242789119,"a,j"
Shanghai,Fee,1.35,-0.1226170212,"a,j"
Shanghai,Fee,4.0,0.202570498,"a,j"
Shanghai,Fee,0.75,-0.01675407775,"a,j"
Wuhan,Fee,2.9,0.1098711267,"a,j"
Wuhan,Fee,0.5,-0.007253843825,"a,j"
Wuhan,Fee,0.5,0.1382194012,"a,j"
Shanghai,Fee,0.7,-0.09165108949,"a,j"
Shanghai,Fee,0.8,-0.0314032957,"a,j"
Shanghai,Fee,5.9,-0.851608634,"a,j"
Shanghai,Fee,1.2,0.09933313727,"a,j"
Shanghai,Fee,1.5,-0.05868121609,"a,j"
Shanghai,Fee,0.5,0.07986801863,"a,j"
Shanghai,Fee,0.5,0.06657019258,"a,j"
Guangzhou,Fee,1.2,0.01795074344,"a,j"
Beijing,Fee,0.87,-0.05180487409,"a,j"
Shanghai,Fee,0.45,-0.03913133964,"a,j"
Shanghai,Fee,0.8,-0.02573225088,"a,j"
Wuhan,Fee,0.5,0.05595115572,"a,j"
Shanghai,Fee,0.8,-0.03023384884,"a,j"
Shanghai,Fee,1.2,-0.01683746651,"a,j"
Shanghai,Fee,4.5,0.1834329516,"a,j"
Shanghai,Fee,3.2,-0.02749867737,"a,j"
Guangzhou,Fee,2.0,-0.1918347776,"a,j"
Shanghai,Fee,4.0,0.1592863798,"a,j"
Shanghai,Fee,0.75,-0.08250137419,"a,j"
Wuhan,Fee,1.0,-0.1416490525,"a,j"
Guangzhou,Fee,0.9,-0.1798308194,"a,j"
Shanghai,Fee,0.65,-0.01218986884,"a,j"
Shanghai,Fee,2.18,-0.09588768333,"a,j"
Shanghai,Fee,3.4,0.07706841826,"a,j"
Beijing,Fee,1.0,-0.01416881848,"a,j"
Shanghai,Fee,0.5,0.06117166951,"a,j"
Guangzhou,Fee,2.0,-0.1525722295,"a,j"
Beijing,Fee,1.95,-0.02576998249,"a,j"
Wuhan,Fee,1.2,0.07756782323,"a,j"
Guangzhou,Fee,0.5,-0.0267834533,"a,j"
Wuhan,Fee,0.3,-0.1170248762,"a,j"
Shanghai,Fee,1.8,-0.04742212594,"a,j"
Guangzhou,Fee,0.5,0.04393463209,"a,j"
Shanghai,Fee,1.7,-0.1855557263,"a,j"
Wuhan,Fee,1.0,-0.1247411668,"a,j"
Shanghai,Fee,0.75,-0.06532849371,"a,j"
Guangzhou,Fee,2.0,-0.1120408773,"a,j"
Shanghai,Fee,5.6,-0.8413003683,"a,j"
Shanghai,Fee,0.65,-0.0002294443548,"a,j"
Beijing,Fee,0.65,-0.1060255468,"a,j"
Shanghai,Fee,1.75,-0.04603381827,"a,j"
Shanghai,Fee,0.8,-0.09895613045,"a,j"
Shanghai,Fee,1.75,-0.03149984032,"a,j"
Wuhan,Fee,0.7,-0.1747874171,"a,j"
Shanghai,Fee,1.3,-0.008683801629,"a,j"
Shanghai,Fee,0.5,0.05692487955,"a,j"
Wuhan,Fee,2.5,0.006712950766,"a,j"
Shanghai,Fee,0.6,-0.06862934679,"a,j"
Shanghai,Fee,0.8,-0.132951498,"a,j"
Shanghai,Fee,0.5,-0.02335544303,"a,j"
Shanghai,Fee,2.2,-0.1165870875,"a,j"
Shanghai,Fee,0.3,-0.139062494,"a,j"
Wuhan,Fee,2.0,-0.06738565117,"a,j"
Beijing,Fee,1.46,-0.05174531415,"a,j"
Shanghai,Fee,0.6,0.01089595258,"a,j"
Wuhan,Fee,2.0,-0.1199941188,"a,j"
Guangzhou,Fee,2.0,-0.1470731944,"a,j"
Shanghai,Fee,1.1,0.03250985965,"a,j"
Shanghai,Fee,1.65,-0.1080482304,"a,j"
Beijing,Fee,0.78,-0.08101629466,"a,j"
Shanghai,Fee,1.6,-0.03229928389,"a,j"
Shanghai,Fee,0.9,-0.03333870694,"a,j"
Shanghai,Fee,1.0,-0.07912237942,"a,j"
Wuhan,Fee,1.3,0.05494495109,"a,j"
Shanghai,Fee,1.2,0.1214304864,"a,j"
Shanghai,Fee,1.85,-0.07325835526,"a,j"
Shanghai,Fee,0.45,0.07978264242,"a,j"
Shanghai,Fee,1.0,-0.02464818023,"a,j"
Shanghai,Fee,0.55,0.003082850715,"a,j"
Shanghai,Fee,0.74,-0.006369634997,"a,j"
Guangzhou,Fee,1.45,-0.1060585007,"a,j"
Guangzhou,Fee,0.5,0.004856033251,"a,j"
Shanghai,Fee,1.2,0.1558581889,"a,j"
Shanghai,Fee,0.9,-0.09098183364,"a,j"
Shanghai,Fee,1.2,0.08185253292,"a,j"
Wuhan,Fee,1.0,0.005929234438,"a,j"
Wuhan,Fee,1.8,0.0530746989,"a,j"
Shanghai,Fee,2.8,-0.05422506481,"a,j"
Shanghai,Fee,1.78,-0.2315853238,"a,j"
Beijing,Fee,1.3,-0.03863883764,"a,j"
Wuhan,Fee,1.8,-0.1220055372,"a,j"
Shanghai,Fee,6.5,-0.586040318,"a,j"
Shanghai,Fee,2.5,-0.03257217631,"a,j"
Wuhan,Fee,1.8,-0.08847951889,"a,j"
Shanghai,Fee,1.5,-0.07760326564,"a,j"
Shanghai,Fee,0.7,-0.03151571006,"a,j"
Shanghai,Fee,1.0,-0.01022055745,"a,j"
Shanghai,Fee,0.9,-0.07046806067,"a,j"
Wuhan,Fee,1.0,-0.07966659963,"a,j"
Shanghai,Fee,4.0,0.4096103907,"a,j"
Shanghai,Fee,1.7,-0.07107533514,"a,j"
Wuhan,Fee,0.9,-0.03012617677,"a,j"
Wuhan,Fee,0.5,-0.08894689381,"a,j"
Shanghai,Fee,0.55,0.0385196209,"a,j"
Shanghai,Fee,1.5,-0.1632612795,"a,j"
Shanghai,Fee,0.7,-0.01940090209,"a,j"
Shanghai,Fee,1.0,-0.1112526283,"a,j"
Shanghai,Fee,1.8,-0.1016907468,"a,j"
Shanghai,Fee,0.5,-0.02113990672,"a,j"
Shanghai,Fee,0.3,-0.05819844827,"a,j"
Shanghai,Fee,0.5,0.04940882325,"a,j"
Shanghai,Fee,0.8,-0.05045676976,"a,j"
Shanghai,Fee,0.8,-0.06059158966,"a,j"
Shanghai,Fee,1.3,0.0411786437,"a,j"
Shanghai,Fee,1.55,-0.1195275337,"a,j"
Wuhan,Fee,1.2,0.1660722196,"a,j"
Wuhan,Fee,0.9,0.02322488651,"a,j"
Guangzhou,Fee,0.9,-0.1901726574,"a,j"
Shanghai,Fee,1.1,0.08025050163,"a,j"
Shanghai,Fee,1.25,-0.005454522558,"a,j"
Wuhan,Fee,2.6,-0.146020174,"a,j"
Beijing,Fee,0.9,-0.113682501,"a,j"
Guangzhou,Fee,0.5,0.03760580719,"a,j"
Shanghai,Fee,0.5,0.121232301,"a,j"
Shanghai,Fee,2.0,-0.1263297945,"a,j"
Guangzhou,Fee,2.0,-0.1367651224,"a,j"
Shanghai,Fee,1.0,-0.09837003797,"a,j"
Shanghai,Fee,0.8,-0.03167260811,"a,j"
Shanghai,Fee,1.2,0.03239111975,"a,j"
Shanghai,Fee,4.5,-0.1541968584,"a,j"
Wuhan,Fee,0.5,-0.2509728074,"a,j"
Shanghai,Fee,0.7,-0.1042252854,"a,j"
Beijing,Fee,0.9,-0.04556003585,"a,j"
Wuhan,Fee,0.9,-0.0568954125,"a,j"
Shanghai,Fee,6.9,-0.4123444557,"a,j"
Wuhan,Fee,0.3,-0.05429237336,"a,j"
Shanghai,Fee,6.62,-0.2323597521,"a,j"
Guangzhou,Fee,1.2,0.04347692803,"a,j"
Shanghai,Fee,0.35,-0.08050833642,"a,j"
Wuhan,Fee,0.5,-0.008973383345,"a,j"
Shanghai,Fee,1.7,-0.173380971,"a,j"
Shanghai,Fee,0.6,-0.07172993571,"a,j"
Shanghai,Fee,1.0,0.006382679567,"a,j"
Shanghai,Fee,0.8,-0.06921374053,"a,j"
Beijing,Fee,2.1,-0.2041782886,"a,j"
Guangzhou,Fee,1.2,0.09769179672,"a,j"
Shanghai,Fee,1.6,-0.04343424737,"a,j"
Shanghai,Fee,0.5,-0.02355897054,"a,j"
Beijing,Fee,1.71,0.1445533335,"a,j"
Shanghai,Fee,2.2,-0.1265037209,"a,j"
Shanghai,Fee,2.5,-0.04236462712,"a,j"
Shanghai,Fee,0.7,-0.01016960852,"a,j"
Shanghai,Fee,0.8,-0.07949926704,"a,j"
Shanghai,Fee,2.0,-0.1850153208,"a,j"
Wuhan,Fee,0.9,-0.004427327309,"a,j"
Guangzhou,Fee,3.7,-0.05287168548,"a,j"
Shanghai,Fee,2.0,0.02260561287,"a,j"
Beijing,Fee,2.5,-0.134183079,"a,j"
Shanghai,Fee,1.85,-0.05357545242,"a,j"
Shanghai,Fee,0.5,0.01066028234,"a,j"
Shanghai,Fee,0.6,-0.003116030945,"a,j"
Wuhan,Fee,0.5,-0.1066577137,"a,j"
Shanghai,Fee,0.8,-0.05697999895,"a,j"
Guangzhou,Fee,5.8,-0.2689861357,"a,j"
Wuhan,Fee,2.6,-0.154601872,"a,j"
Shanghai,Fee,2.0,-0.1351380944,"a,j"
Shanghai,Fee,1.75,-4.62862663e-05,"a,j"
Beijing,Fee,3.8,0.06018747389,"a,j"
Shanghai,Fee,1.0,-0.02672201581,"a,j"
Beijing,Fee,0.8,-0.09585665166,"a,j"
Guangzhou,Fee,2.0,-0.2000534087,"a,j"
Wuhan,Fee,1.6,-0.07020011544,"a,j"
Shanghai,Fee,1.07,-0.03479253501,"a,j"
Beijing,Fee,2.0,-0.1889001876,"a,j"
Wuhan,Fee,0.7,-0.1395025402,"a,j"
Wuhan,Fee,0.9,-0.007089040242,"a,j"
Guangzhou,Fee,2.0,-0.1839305311,"a,j"
Shanghai,Fee,0.3,0.3899329603,"a,j"
Guangzhou,Fee,0.9,-0.1684423834,"a,j"
Shanghai,Fee,2.5,-0.1217695549,"a,j"
Guangzhou,Fee,2.0,-0.1627396643,"a,j"
Shanghai,Fee,1.5,-0.09397806972,"a,j"
Shanghai,Fee,4.5,-0.1338877082,"a,j"
Shanghai,Fee,0.8,-0.06996183097,"a,j"
Shanghai,Fee,3.2,0.1310950518,"a,j"
Beijing,Fee,0.6,0.03226794675,"a,j"
Wuhan,Fee,2.0,-0.05058291927,"a,j"
Shanghai,Fee,2.5,-0.01802291162,"a,j"
Beijing,Fee,2.6,0.1209014505,"a,j"
Shanghai,Fee,0.8,-0.05195309594,"a,j"
Shanghai,Fee,4.2,0.3066141605,"a,j"
Wuhan,Fee,0.6,-0.008689918555,"a,j"
Guangzhou,Fee,0.5,0.1931810975,"a,j"
Shanghai,Fee,3.8,0.09386186302,"a,j"
Shanghai,Fee,1.75,-0.03793794289,"a,j"
Shanghai,Fee,0.8,-0.04178121313,"a,j"
Shanghai,Fee,0.8,-0.04230991006,"a,j"
Shanghai,Fee,1.75,-0.1212798506,"a,j"
Shanghai,Fee,1.0,-0.06358443946,"a,j"
Shanghai,Fee,0.8,-0.06333931535,"a,j"
Wuhan,Fee,3.5,0.0777426213,"a,j"
Guangzhou,Fee,2.3,-0.07687008381,"a,j"
Guangzhou,Fee,3.5,0.1966455877,"a,j"
Wuhan,Fee,1.4,-0.04898235574,"a,j"
Beijing,Fee,7.5,-0.4602272809,"a,j"
Shanghai,Fee,0.8,-0.07008904964,"a,j"
Shanghai,Fee,0.7,-0.1073654592,"a,j"
Shanghai,Fee,0.4,-0.1250850558,"a,j"
Shanghai,Fee,1.6,-0.1483684629,"a,j"
Guangzhou,Fee,3.2,0.05063096061,"a,j"
Wuhan,Fee,0.6,-0.03921351582,"a,j"
Guangzhou,Fee,2.0,-0.1750531644,"a,j"
Guangzhou,Fee,1.5,-0.1622055471,"a,j"
Wuhan,Fee,2.2,-0.0630633831,"a,j"
Beijing,Fee,0.6,0.01387378387,"a,j"
Shanghai,Fee,4.0,0.2935611904,"a,j"
Guangzhou,Fee,1.9,-0.01889185607,"a,j"
Shanghai,Fee,0.7,-0.05348043144,"a,j"
Shanghai,Fee,1.52,-0.07473369688,"a,j"
Wuhan,Fee,0.7,-0.03619233891,"a,j"
Shanghai,Fee,1.2,0.08011519164,"a,j"
Shanghai,Fee,0.75,-0.1194136292,"a,j"
Wuhan,Fee,1.45,-0.08919338882,"a,j"
Shanghai,Fee,1.1,0.0362976864,"a,j"
Beijing,Fee,0.5,0.04317598045,"a,j"
Wuhan,Fee,2.5,-0.03552152589,"a,j"
Shanghai,Fee,0.5,0.01984366402,"a,j"
Shanghai,Fee,0.8,-0.01184109785,"a,j"
Shanghai,Fee,0.8,-0.06116260216,"a,j"
Wuhan,Fee,1.45,-0.08137848973,"a,j"
Shanghai,Fee,1.5,-0.1194016039,"a,j"
Shanghai,Fee,0.6,0.03729225323,"a,j"
Shanghai,Fee,1.6,-0.07073840499,"a,j"
Shanghai,Fee,0.5,-0.006070311647,"a,j"
Shanghai,Fee,3.1,0.07754898816,"a,j"
Shanghai,Fee,0.8,-0.02642058395,"a,j"
Shanghai,Fee,0.8,-0.03233580291,"a,j"
Shanghai,Fee,2.5,-0.1388410032,"a,j"
Shanghai,Fee,4.2,0.4923448265,"a,j"
Shanghai,Fee,0.8,-0.03781406581,"a,j"
Wuhan,Fee,2.2,0.1503315121,"a,j"
Shanghai,Fee,4.3,0.09714709967,"a,j"
Shanghai,Fee,1.5,-0.1001087949,"a,j"
Beijing,Fee,1.8,-0.07704745233,"a,j"
Shanghai,Fee,0.8,-0.04674082622,"a,j"
Shanghai,Fee,0.9,-0.0620087944,"a,j"
Shanghai,Fee,0.8,-0.05034853518,"a,j"
Shanghai,Fee,2.0,-0.1888941526,"a,j"
Wuhan,Fee,1.0,0.01933016628,"a,j"
Shanghai,Fee,0.5,0.0007880046614,"a,j"
Shanghai,Fee,2.6,-0.03810596466,"a,j"
Shanghai,Fee,1.4,-0.047935348,"a,j"
Beijing,Fee,1.68,-0.03576361388,"a,j"
Shanghai,Fee,2.0,0.01701969653,"a,j"
Wuhan,Fee,0.9,-0.08975902945,"a,j"
Shanghai,Fee,0.8,-0.04283822328,"a,j"
Wuhan,Fee,0.9,0.0007724221796,"a,j"
Beijing,Fee,2.5,-0.1160089746,"a,j"
Shanghai,Fee,0.56,0.01500198524,"a,j"
Wuhan,Fee,0.9,-0.03565273806,"a,j"
Shanghai,Fee,0.3,0.2533022463,"a,j"
Shanghai,Fee,2.0,0.01704765297,"a,j"
Shanghai,Fee,1.5,-0.08840151876,"a,j"
Beijing,Fee,1.0,-0.01914819889,"a,j"
Shanghai,Fee,0.4,-0.06545649469,"a,j"
Shanghai,Fee,0.65,-0.05598341301,"a,j"
Shanghai,Fee,0.5,-0.005443659611,"a,j"
Shanghai,Fee,0.8,-0.01243583765,"a,j"
Shanghai,Fee,0.8,-0.06468584388,"a,j"
Shanghai,Fee,0.6,-0.01543865446,"a,j"
Shanghai,Fee,0.35,-0.211184904,"a,j"
Wuhan,Fee,3.0,0.05053190887,"a,j"
Shanghai,Fee,1.2,-0.02394254878,"a,j"
Shanghai,Fee,1.8,0.008151885122,"a,j"
Shanghai,Fee,2.0,0.1062409878,"a,j"
Wuhan,Fee,0.9,-0.1794357747,"a,j"
Shanghai,Fee,0.6,-0.04068762809,"a,j"
Shanghai,Fee,0.5,0.02676941268,"a,j"
Guangzhou,Fee,2.0,-0.2497381866,"a,j"
Shanghai,Fee,4.5,0.04809451103,"a,j"
Shanghai,Fee,0.5,-0.05431031063,"a,j"
Shanghai,Fee,2.9,0.003403231734,"a,j"
Shanghai,Fee,1.2,0.05324088782,"a,j"
Shanghai,Fee,1.0,-0.001869676635,"a,j"
Shanghai,Fee,2.0,-0.1805765629,"a,j"
Wuhan,Fee,0.5,-0.03500418365,"a,j"
Shanghai,Fee,0.4,0.2178375125,"a,j"
Shanghai,Fee,1.2,0.02971214429,"a,j"
Beijing,Fee,0.5,-0.03385688365,"a,j"
Guangzhou,Fee,1.0,-0.1515191644,"a,j"
Shanghai,Fee,2.9,-0.03317362443,"a,j"
Shanghai,Fee,0.45,-0.04187116772,"a,j"
Shanghai,Fee,0.5,0.005891373381,"a,j"
Shanghai,Fee,0.8,-0.02445379831,"a,j"
Shanghai,Fee,1.4,-0.02676859312,"a,j"
Shanghai,Fee,0.58,-0.01616625302,"a,j"
Shanghai,Fee,1.05,0.01138482429,"a,j"
Wuhan,Fee,1.2,0.1372262388,"a,j"
Shanghai,Fee,0.5,0.029953897,"a,j"
Shanghai,Fee,2.8,0.03793001547,"a,j"
Shanghai,Fee,0.3,-0.1210166216,"a,j"
Wuhan,Fee,1.2,0.1220962107,"a,j"
Shanghai,Fee,1.75,-0.03797006607,"a,j"
Shanghai,Fee,0.4,0.07309490442,"a,j"
Shanghai,Fee,4.8,0.08298580348,"a,j"
Shanghai,Fee,0.5,-0.003970823716,"a,j"
Beijing,Fee,0.9,-0.08550016582,"a,j"
Shanghai,Fee,0.8,-0.04422716051,"a,j"
Shanghai,Fee,4.2,0.1703091562,"a,j"
Wuhan,Fee,0.6,0.1302226186,"a,j"
Wuhan,Fee,3.5,0.118207112,"a,j"
Wuhan,Fee,4.2,0.3123826385,"a,j"
Guangzhou,Fee,3.8,0.182509616,"a,j"
Shanghai,Fee,3.8,0.2265913486,"a,j"
Guangzhou,Fee,1.8,0.01239603758,"a,j"
Shanghai,Fee,0.8,-0.01149677671,"a,j"
Beijing,Fee,5.0,-0.2650968134,"a,j"
Shanghai,Fee,0.8,-0.05940486863,"a,j"
Beijing,Fee,2.0,-0.08616619557,"a,j"
Shanghai,Fee,0.8,0.003296366194,"a,j"
Shanghai,Fee,6.3,-0.5569320917,"a,j"
Beijing,Fee,1.2,0.01927503198,"a,j"
Shanghai,Fee,0.7,-0.04427358508,"a,j"
Shanghai,Fee,1.18,0.02425705455,"a,j"
Shanghai,Fee,2.3,0.08396542072,"a,j"
Guangzhou,Fee,0.54,-0.03304624185,"a,j"
Shanghai,Fee,0.8,-0.02092352882,"a,j"
Shanghai,Fee,1.1,-0.002538795117,"a,j"
Shanghai,Fee,2.0,-0.1070609763,"a,j"
Shanghai,Fee,1.4,-0.06373791397,"a,j"
Shanghai,Fee,2.0,-0.02036604099,"a,j"
Wuhan,Fee,0.5,0.01387315802,"a,j"
Shanghai,Fee,1.9,-0.09548746049,"a,j"
Shanghai,Fee,0.5,0.03397107497,"a,j"
Wuhan,Fee,4.5,0.0731812194,"a,j"
Shanghai,Fee,1.29,-0.06241200864,"a,j"
Shanghai,Fee,1.2,0.087756522,"a,j"
Shanghai,Fee,0.75,-0.01430998556,"a,j"
Shanghai,Fee,2.5,-0.07090137899,"a,j"
Wuhan,Fee,1.8,0.09731953591,"a,j"
Shanghai,Fee,0.8,-0.01196629554,"a,j"
Shanghai,Fee,1.58,-0.1063063368,"a,j"
Beijing,Fee,1.45,-0.09973879904,"a,j"
Wuhan,Fee,0.5,-0.1283349991,"a,j"
Shanghai,Fee,0.5,0.01598520949,"a,j"
Wuhan,Fee,2.8,-0.006917189807,"a,j"
Shanghai,Fee,2.1,-0.02877973951,"a,j"
Shanghai,Fee,0.6,-0.02812061086,"a,j"
Beijing,Fee,0.5,0.05172251165,"a,j"
Shanghai,Fee,4.2,0.5627080798,"a,j"
Guangzhou,Fee,1.5,-0.09947273135,"a,j"
Wuhan,Fee,2.0,-0.01766774431,"a,j"
Shanghai,Fee,1.1,-0.004328865092,"a,j"
Shanghai,Fee,4.2,0.3296931982,"a,j"
Beijing,Fee,4.0,0.2309918851,"a,j"
Wuhan,Fee,0.6,0.02004517242,"a,j"
Shanghai,Fee,1.3,0.01432286482,"a,j"
Wuhan,Fee,3.6,0.2729910314,"a,j"
Beijing,Fee,1.12,0.1056028381,"a,j"
Shanghai,Fee,0.6,0.02968960628,"a,j"
Beijing,Fee,0.5,0.04833136871,"a,j"
Wuhan,Fee,0.3,-0.06618560106,"a,j"
Shanghai,Fee,0.6,0.008627690375,"a,j"
Guangzhou,Fee,3.0,-0.03974969685,"a,j"
Wuhan,Fee,1.0,0.0370490402,"a,j"
Shanghai,Fee,0.5,0.08513139188,"a,j"
Shanghai,Fee,2.0,-0.09876303375,"a,j"
Wuhan,Fee,2.0,0.07125104219,"a,j"
Shanghai,Fee,2.8,-0.03423319757,"a,j"
Shanghai,Fee,1.05,-0.007404228207,"a,j"
Guangzhou,Fee,2.5,0.06343063712,"a,j"
Shanghai,Fee,5.5,-0.4863902926,"a,j"
Shanghai,Fee,2.0,-0.03440732509,"a,j"
Shanghai,Fee,0.8,-0.07888962328,"a,j"
Wuhan,Fee,0.6,-0.01676500216,"a,j"
Wuhan,Fee,2.2,0.1480136216,"a,j"
Shanghai,Fee,0.8,-0.05055867136,"a,j"
Shanghai,Fee,4.8,0.2075468898,"a,j"
Shanghai,Fee,1.6,-0.1350777447,"a,j"
Shanghai,Fee,0.6,0.006858111359,"a,j"
Shanghai,Fee,1.55,-0.07436820865,"a,j"
Guangzhou,Fee,3.7,0.2492164075,"a,j"
Shanghai,Fee,2.95,0.009704511613,"a,j"
Beijing,Fee,0.6,0.008160026744,"a,j"
Shanghai,Fee,1.1,0.01265346911,"a,j"
Guangzhou,Fee,2.38,0.0008921436965,"a,j"
Guangzhou,Fee,0.9,0.001096765511,"a,j"
Shanghai,Fee,1.8,-0.07062540203,"a,j"
Shanghai,Fee,0.8,-0.04862227663,"a,j"
Shanghai,Fee,1.2,0.06348416209,"a,j"
Shanghai,Fee,0.54,-0.00565909408,"a,j"
Shanghai,Fee,0.5,-0.04242703319,"a,j"
Beijing,Fee,0.9,-0.04760079458,"a,j"
Beijing,Fee,2.4,-0.06620997936,"a,j"
Wuhan,Fee,1.0,-0.1235038042,"a,j"
Wuhan,Fee,0.8,-0.06519727409,"a,j"
Shanghai,Fee,0.65,-0.04696718976,"a,j"
Shanghai,Fee,0.45,0.3220101893,"a,j"
Wuhan,Fee,2.0,-0.1485981494,"a,j"
Beijing,Fee,0.6,0.01103769243,"a,j"
Wuhan,Fee,1.5,-0.1201828569,"a,j"
Wuhan,Fee,0.5,-0.04816540703,"a,j"
Shanghai,Fee,6.0,-0.9661331773,"a,j"
Beijing,Fee,1.7,-0.0347504057,"a,j"
Guangzhou,Fee,0.5,0.06924056262,"a,j"
Shanghai,Fee,2.0,-0.08775732666,"a,j"
Beijing,Fee,2.0,-0.1791070998,"a,j"
Guangzhou,Fee,3.5,0.1303559989,"a,j"
Guangzhou,Fee,0.5,-0.02329922467,"a,j"
Beijing,Fee,2.35,0.03776960447,"a,j"
Wuhan,Fee,0.3,-0.03167573363,"a,j"
Guangzhou,Fee,2.8,-0.03788935393,"a,j"
Shanghai,Fee,1.6,-0.07977388799,"a,j"
Wuhan,Fee,0.5,0.0383047387,"a,j"
Shanghai,Fee,2.1,-0.2249594182,"a,j"
Beijing,Fee,3.2,0.0158822313,"a,j"
Wuhan,Fee,0.5,-0.05170185491,"a,j"
Shanghai,Fee,0.5,-0.17741023,"a,j"
Shanghai,Fee,1.2,0.04630640149,"a,j"
Guangzhou,Fee,1.2,-0.07537247241,"a,j"
Wuhan,Fee,1.0,-0.0198809281,"a,j"
Shanghai,Fee,0.7,-0.1328392178,"a,j"
Guangzhou,Fee,2.8,-0.1669087261,"a,j"
Shanghai,Fee,1.4,-0.04741836712,"a,j"
Shanghai,Fee,1.35,-0.009936325252,"a,j"
Shanghai,Fee,1.45,-0.1174473986,"a,j"
Wuhan,Fee,2.95,0.02386770211,"a,j"
Shanghai,Fee,0.8,-0.1150708348,"a,j"
Guangzhou,Fee,0.5,0.04751725867,"a,j"
Shanghai,Fee,0.5,-0.03610726818,"a,j"
Shanghai,Fee,0.8,-0.09065698832,"a,j"
Shanghai,Fee,1.75,0.02520152554,"a,j"
Wuhan,Fee,1.6,-0.1077769026,"a,j"
Shanghai,Fee,3.8,0.1690120399,"a,j"
Beijing,Fee,0.9,-0.1095980704,"a,j"
Wuhan,Fee,0.5,0.02889216691,"a,j"
Shanghai,Fee,1.78,-0.206351757,"a,j"
Shanghai,Fee,3.3,0.2146497071,"a,j"
Shanghai,Fee,0.9,-0.1743222475,"a,j"
Shanghai,Fee,3.9,0.1605292708,"a,j"
Guangzhou,Fee,0.5,-0.01228861138,"a,j"
Shanghai,Fee,0.75,-0.1192400679,"a,j"
Beijing,Fee,1.85,0.01725606248,"a,j"
Guangzhou,Fee,0.95,0.00120313419,"a,j"
Wuhan,Fee,0.5,0.0003050770611,"a,j"
Shanghai,Fee,0.8,0.03085689992,"a,j"
Shanghai,Fee,2.5,-0.01648897119,"a,j"
Shanghai,Fee,0.8,-0.1195338368,"a,j"
Shanghai,Fee,0.6,-0.05204731598,"a,j"
Shanghai,Fee,0.55,0.01099641807,"a,j"
Wuhan,Fee,0.9,0.01976266503,"a,j"
Guangzhou,Fee,1.3,-0.05073088408,"a,j"
Wuhan,Fee,0.9,-0.1137847826,"a,j"
Wuhan,Fee,1.2,0.1357417852,"a,j"
Beijing,Fee,0.63,-0.02841045521,"a,j"
Wuhan,Fee,0.8,-0.1339984536,"a,j"
Shanghai,Fee,1.2,0.08294828236,"a,j"
Beijing,Fee,1.1,0.01623272896,"a,j"
Guangzhou,Fee,0.7,-0.1665822566,"a,j"
Shanghai,Fee,8.0,-0.4897695482,"a,j"
Guangzhou,Fee,0.5,-0.1718879193,"a,j"
Shanghai,Fee,2.6,0.01338134333,"a,j"
Beijing,Fee,0.5,0.1371655613,"a,j"
Shanghai,Fee,6.35,-0.1835117787,"a,j"
Shanghai,Fee,0.5,-0.0531546846,"a,j"
Beijing,Fee,0.55,-0.01412751339,"a,j"
Guangzhou,Fee,0.9,-0.1109864786,"a,j"
Guangzhou,Fee,1.9,-0.09279452264,"a,j"
Shanghai,Fee,0.5,-0.1020541638,"a,j"
Wuhan,Fee,2.0,0.1711979657,"a,j"
Shanghai,Fee,2.0,-0.1378634572,"a,j"
Shanghai,Fee,4.5,0.1499594301,"a,j"
Wuhan,Fee,0.6,-0.03964477032,"a,j"
Guangzhou,Fee,1.5,-0.01664789021,"a,j"
Guangzhou,Fee,0.5,-0.04132412747,"a,j"
Guangzhou,Fee,2.0,-0.1954579204,"a,j"
Shanghai,Fee,0.55,0.004441006575,"a,j"
Guangzhou,Fee,1.8,-0.1611224562,"a,j"
Shanghai,Fee,7.8,-0.3018691242,"a,j"
Shanghai,Fee,3.2,0.04891413078,"a,j"
Guangzhou,Fee,0.69,-0.0181367211,"a,j"
Guangzhou,Fee,1.8,0.01252038218,"a,j"
Guangzhou,Fee,1.5,-0.04445229471,"a,j"
Beijing,Fee,3.9,0.2604656816,"a,j"
Wuhan,Fee,0.5,-0.1331655085,"a,j"
Beijing,Fee,0.9,-0.102329202,"a,j"
Shanghai,Fee,2.0,-0.183705464,"a,j"
Shanghai,Fee,2.0,-0.04684721678,"a,j"
Beijing,Fee,0.5,0.03997243568,"a,j"
Guangzhou,Fee,2.0,-0.1665453315,"a,j"
Shanghai,Fee,0.68,-0.02698582038,"a,j"
Wuhan,Fee,2.0,-0.001095385291,"a,j"
Shanghai,Fee,2.0,-0.119287625,"a,j"
Shanghai,Fee,1.6,-0.02717704698,"a,j"
Wuhan,Fee,0.5,0.007936659269,"a,j"
Shanghai,Fee,0.5,0.01333991718,"a,j"
Shanghai,Fee,0.8,-0.03692357242,"a,j"
Shanghai,Fee,1.5,-0.1076071933,"a,j"
Shanghai,Fee,4.4,0.2881849706,"a,j"
Wuhan,Fee,1.8,0.1108223125,"a,j"
Beijing,Fee,5.5,-0.3701713681,"a,j"
Beijing,Fee,0.5,0.03219746798,"a,j"
Guangzhou,Fee,4.0,0.2922644019,"a,j"
Shanghai,Fee,3.98,0.2396190763,"a,j"
Shanghai,Fee,1.3,-0.006729791872,"a,j"
Wuhan,Fee,0.65,-0.008058379404,"a,j"
Shanghai,Fee,2.1,-0.1989130229,"a,j"
Shanghai,Fee,1.4,-0.07735922933,"a,j"
Shanghai,Fee,1.52,-0.07256869972,"a,j"
Shanghai,Fee,1.1,0.07795663923,"a,j"
Beijing,Fee,0.9,-0.1178313866,"a,j"
Wuhan,Fee,3.3,0.124665916,"a,j"
Beijing,Fee,0.9,-0.05823433399,"a,j"
Shanghai,Fee,0.8,-0.04105685651,"a,j"
Shanghai,Fee,2.0,-0.03041356802,"a,j"
Shanghai,Fee,0.65,0.01005578041,"a,j"
Guangzhou,Fee,3.7,-0.03184344247,"a,j"
Beijing,Fee,0.8,-0.05053013936,"a,j"
Shanghai,Fee,1.0,-0.02959991246,"a,j"
Beijing,Fee,0.5,0.05561796948,"a,j"
Shanghai,Fee,3.23,0.1531607807,"a,j"
Wuhan,Fee,0.6,-0.01595248282,"a,j"
Beijing,Fee,0.5,0.03175194934,"a,j"
Shanghai,Fee,6.0,-0.5797595382,"a,j"
Beijing,Fee,6.19,-0.4355600774,"a,j"
Shanghai,Fee,2.8,0.03622254357,"a,j"
Wuhan,Fee,0.45,-0.01870008372,"a,j"
Beijing,Fee,5.6,-0.8925821185,"a,j"
Beijing,Fee,0.5,0.005141897127,"a,j"
Shanghai,Fee,2.0,0.1233921722,"a,j"
Wuhan,Fee,2.6,-0.1455528289,"a,j"
Wuhan,Fee,2.5,-0.060414318,"a,j"
Wuhan,Fee,0.8,-0.2404132932,"a,j"
Wuhan,Fee,1.2,0.08609719574,"a,j"
Beijing,Fee,0.8,-0.2648859322,"a,j"
Shanghai,Fee,0.5,-0.083365798,"a,j"
Wuhan,Fee,0.3,0.01458974089,"a,j"
Guangzhou,Fee,2.0,-0.1987949461,"a,j"
Wuhan,Fee,0.3,-0.1278259605,"a,j"
Shanghai,Fee,1.2,0.01420204528,"a,j"
Guangzhou,Fee,0.5,-0.1446715295,"a,j"
Shanghai,Fee,3.6,0.1646093428,"a,j"
Guangzhou,Fee,2.0,-0.2067186236,"a,j"
Wuhan,Fee,1.5,-0.04543767869,"a,j"
Beijing,Fee,0.5,0.06311387569,"a,j"
Shanghai,Fee,3.88,0.1292492598,"a,j"
Wuhan,Fee,1.2,0.05700557679,"a,j"
Shanghai,Fee,3.0,0.08044750988,"a,j"
Shanghai,Fee,0.56,-0.0462372154,"a,j"
Shanghai,Fee,1.6,-0.1919654608,"a,j"
Shanghai,Fee,1.3,0.07398040593,"a,j"
Shanghai,Fee,0.62,-0.01003661565,"a,j"
Wuhan,Fee,0.5,-0.1165489554,"a,j"
Shanghai,Fee,1.25,-0.003771061078,"a,j"
Shanghai,Fee,4.5,0.1816167086,"a,j"
Wuhan,Fee,0.5,0.004157526419,"a,j"
Shanghai,Fee,0.5,0.01747611538,"a,j"
Beijing,Fee,2.5,0.03952401504,"a,j"
Shanghai,Fee,6.9,-0.6233649254,"a,j"
Shanghai,Fee,0.65,-0.03553143889,"a,j"
Shanghai,Fee,1.2,0.05057960376,"a,j"
Shanghai,Fee,0.35,-0.08370484412,"a,j"
Shanghai,Fee,8.0,-0.8523167372,"a,j"
Wuhan,Fee,1.8,-0.1199364066,"a,j"
Beijing,Fee,0.5,-0.003454951569,"a,j"
Shanghai,Fee,4.9,0.1911006421,"a,j"
Shanghai,Fee,1.8,-0.1229407936,"a,j"
Guangzhou,Fee,2.0,0.00890388526,"a,j"
Shanghai,Fee,0.35,-0.1118008494,"a,j"
Shanghai,Fee,1.26,0.0159365572,"a,j"
Beijing,Fee,2.85,0.1873169541,"a,j"
Shanghai,Fee,0.75,-0.05520576611,"a,j"
Shanghai,Fee,0.8,-0.02214369737,"a,j"
Shanghai,Fee,1.1,0.04252138361,"a,j"
Shanghai,Fee,1.45,-0.02313556336,"a,j"
Shanghai,Fee,0.5,-0.05220548436,"a,j"
Shanghai,Fee,0.5,-0.1534068137,"a,j"
Guangzhou,Fee,1.0,-0.07897160202,"a,j"
Wuhan,Fee,0.57,-0.01074464992,"a,j"
Shanghai,Fee,4.8,-0.1400772929,"a,j"
Shanghai,Fee,0.7,-0.01336498186,"a,j"
Shanghai,Fee,0.5,0.01052058954,"a,j"
Wuhan,Fee,1.6,-0.02208724618,"a,j"
Guangzhou,Fee,5.0,-0.6090786457,"a,j"
Guangzhou,Fee,0.59,-0.07231337577,"a,j"
Guangzhou,Fee,2.0,-0.142388314,"a,j"
Shanghai,Fee,6.9,-0.5426949859,"a,j"
Wuhan,Fee,2.8,-0.05502150953,"a,j"
Wuhan,Fee,2.0,0.002851032186,"a,j"
Shanghai,Fee,0.5,0.08226706833,"a,j"
Shanghai,Fee,2.2,-0.007004558574,"a,j"
Wuhan,Fee,2.0,-0.07300114632,"a,j"
Shanghai,Fee,0.99,-0.03043664992,"a,j"
Wuhan,Fee,0.6,-0.07023710012,"a,j"
Beijing,Fee,1.2,-0.02520351857,"a,j"
Beijing,Fee,1.35,-0.17670995,"a,j"
Shanghai,Fee,0.6,-0.08537954092,"a,j"
Shanghai,Fee,0.8,-0.05021215603,"a,j"
Shanghai,Fee,1.2,0.06077476591,"a,j"
Wuhan,Fee,1.0,-0.06025167555,"a,j"
Shanghai,Fee,0.68,-0.02923799492,"a,j"
Shanghai,Fee,1.25,-0.0275177937,"a,j"
Beijing,Fee,2.0,-0.04055813327,"a,j"
Wuhan,Fee,0.6,-0.07805145532,"a,j"
Shanghai,Fee,2.2,0.07937148958,"a,j"
Beijing,Fee,1.3,-0.06198766083,"a,j"
Guangzhou,Fee,2.0,-0.2311951071,"a,j"
Wuhan,Fee,1.2,0.05732329562,"a,j"
Beijing,Fee,0.6,-0.05497143045,"a,j"
Beijing,Fee,6.8,-0.7521534562,"a,j"
Guangzhou,Fee,2.5,-0.1778373271,"a,j"
Wuhan,Fee,0.9,-0.01142129116,"a,j"
Shanghai,Fee,1.06,-0.1227765605,"a,j"
Shanghai,Fee,0.9,-0.001751515782,"a,j"
Shanghai,Fee,1.8,-0.07365112007,"a,j"
Shanghai,Fee,1.2,0.04217683151,"a,j"
Shanghai,Fee,0.7,-0.01479952969,"a,j"
Shanghai,Fee,0.6,-0.005627832841,"a,j"
Beijing,Fee,0.44,-0.02370839752,"a,j"
Shanghai,Fee,5.6,-0.7360422611,"a,j"
Shanghai,Fee,1.1,0.0847484991,"a,j"
Shanghai,Fee,0.8,-0.09738780558,"a,j"
Beijing,Fee,0.5,-0.03487802297,"a,j"
Wuhan,Fee,1.2,0.1256084144,"a,j"
Guangzhou,Fee,0.4,-0.1697905809,"a,j"
Wuhan,Fee,0.5,-0.01438549627,"a,j"
Shanghai,Fee,1.35,-0.04894415289,"a,j"
Beijing,Fee,0.5,-0.0740179494,"a,j"
Shanghai,Fee,5.0,-0.7915602922,"a,j"
Shanghai,Fee,2.0,-0.1434421539,"a,j"
Guangzhou,Fee,0.6,0.06653192639,"a,j"
Wuhan,Fee,0.9,-0.04067235813,"a,j"
Shanghai,Fee,2.0,0.04035856202,"a,j"
Wuhan,Fee,1.5,-0.09727674723,"a,j"
Wuhan,Fee,1.7,0.08295898885,"a,j"
Shanghai,Fee,0.6,-0.02808601037,"a,j"
Shanghai,Fee,0.8,-0.07936628163,"a,j"
Beijing,Fee,2.16,-0.01254318189,"a,j"
Shanghai,Fee,0.8,-0.07200431824,"a,j"
Guangzhou,Fee,2.0,-0.2539124489,"a,j"
Shanghai,Fee,0.89,-0.1104691848,"a,j"
Beijing,Fee,0.8,-0.195102796,"a,j"
Shanghai,Fee,5.5,-0.5723249316,"a,j"
Shanghai,Fee,0.8,-0.02868185937,"a,j"
Wuhan,Fee,0.6,-0.1293083727,"a,j"
Beijing,Fee,0.9,-0.1076215059,"a,j"
Shanghai,Fee,0.7,-0.03937022761,"a,j"
Wuhan,Fee,1.0,0.005794924684,"a,j"
Shanghai,Fee,0.3,0.04434558004,"a,j"
Shanghai,Fee,0.5,0.01968992129,"a,j"
Wuhan,Fee,0.6,-0.01522692479,"a,j"
Beijing,Fee,4.3,0.3094295859,"a,j"
Shanghai,Fee,0.7,-0.09165108949,"a,j"
Wuhan,Fee,2.0,-0.08860768378,"a,j"
Shanghai,Fee,0.6,-0.03155174851,"a,j"
Shanghai,Fee,1.35,-0.08530172706,"a,j"
Wuhan,Fee,0.5,-0.01026758738,"a,j"
Shanghai,Fee,2.2,-0.1356676072,"a,j"
Shanghai,Fee,1.2,0.03728381917,"a,j"
Beijing,Fee,4.8,0.2099664807,"a,j"
Shanghai,Fee,1.0,-0.01861349121,"a,j"
Shanghai,Fee,0.55,-0.01165438909,"a,j"
Shanghai,Fee,2.2,-0.1439170688,"a,j"
Shanghai,Fee,1.7,-0.2041907459,"a,j"
Beijing,Fee,1.2,0.003573856782,"a,j"
Beijing,Fee,0.9,-0.07008439302,"a,j"
Shanghai,Fee,2.0,-0.1358460486,"a,j"
Guangzhou,Fee,0.5,-0.01440678909,"a,j"
Wuhan,Fee,0.7,-0.0007755586412,"a,j"
Beijing,Fee,0.5,0.1117854416,"a,j"
Shanghai,Fee,0.4,-0.2183536142,"a,j"
Shanghai,Fee,2.6,0.06133560836,"a,j"
Beijing,Fee,0.5,-0.0116480682,"a,j"
Shanghai,Fee,0.8,-0.02306740358,"a,j"
Shanghai,Fee,0.5,0.02582132816,"a,j"
Shanghai,Fee,1.15,0.0248208344,"a,j"
Shanghai,Fee,4.6,0.135561958,"a,j"
Shanghai,Fee,0.6,-0.03746428713,"a,j"
Shanghai,Fee,0.35,-0.07143384963,"a,j"
Shanghai,Fee,2.0,0.02165569365,"a,j"
Shanghai,Fee,0.35,0.2971742749,"a,j"
Shanghai,Fee,2.2,-0.05757177621,"a,j"
Guangzhou,Fee,2.9,0.1721995175,"a,j"
Beijing,Fee,0.38,-0.1049257442,"a,j"
Shanghai,Fee,4.2,0.2442827374,"a,j"
Shanghai,Fee,0.8,-0.01213461626,"a,j"
Shanghai,Fee,0.7,-0.1148614362,"a,j"
Wuhan,Fee,0.5,-0.06330717355,"a,j"
Shanghai,Fee,0.45,0.206280306,"a,j"
Wuhan,Fee,0.6,0.01538856607,"a,j"
Shanghai,Fee,0.7,-0.08484640718,"a,j"
Shanghai,Fee,0.4,-0.186953485,"a,j"
Wuhan,Fee,2.3,0.08688056469,"a,j"
Shanghai,Fee,1.35,-0.05028730258,"a,j"
Shanghai,Fee,0.5,0.04722259194,"a,j"
Shanghai,Fee,1.5,-0.1361424178,"a,j"
Wuhan,Fee,1.2,0.03420684487,"a,j"
Guangzhou,Fee,1.0,-0.06491165608,"a,j"
Shanghai,Fee,0.48,0.004645850044,"a,j"
Shanghai,Fee,0.5,0.0862763077,"a,j"
Shanghai,Fee,1.8,-0.04498937353,"a,j"
Shanghai,Fee,2.0,0.02607880346,"a,j"
Shanghai,Fee,2.0,-0.03861017153,"a,j"
Shanghai,Fee,0.58,-0.1248103976,"a,j"
Wuhan,Fee,0.5,-0.0937538594,"a,j"
Shanghai,Fee,3.8,0.1737260371,"a,j"
Shanghai,Fee,2.5,-0.02952875569,"a,j"
Wuhan,Fee,0.9,-0.1223149747,"a,j"
Wuhan,Fee,0.3,0.2858484685,"a,j"
Guangzhou,Fee,0.9,-0.07617712766,"a,j"
Shanghai,Fee,0.9,-0.01988527738,"a,j"
Beijing,Fee,0.65,-0.08487287909,"a,j"
Guangzhou,Fee,2.9,0.02887073532,"a,j"
Shanghai,Fee,0.6,-0.03140648827,"a,j"
Shanghai,Fee,0.9,-0.1263688356,"a,j"
Shanghai,Fee,0.9,-0.03204063699,"a,j"
Shanghai,Fee,2.2,0.05310112983,"a,j"
Wuhan,Fee,0.8,-0.0409338437,"a,j"
Shanghai,Fee,1.75,-0.02571661025,"a,j"
Beijing,Fee,0.9,-0.09136971086,"a,j"
Shanghai,Fee,2.0,-0.08383516222,"a,j"
Shanghai,Fee,0.4,-0.1403624862,"a,j"
Guangzhou,Fee,3.8,0.2594620287,"a,j"
Shanghai,Fee,2.0,-0.05370589346,"a,j"
Shanghai,Fee,0.6,-0.02387725934,"a,j"
Shanghai,Fee,0.65,0.03990190104,"a,j"
Shanghai,Fee,0.5,-0.1049994752,"a,j"
Shanghai,Fee,0.5,-0.02036199346,"a,j"
Wuhan,Fee,2.8,0.04306129739,"a,j"
Wuhan,Fee,0.3,-0.1388393342,"a,j"
Shanghai,Fee,2.5,-0.01995660923,"a,j"
Shanghai,Fee,0.85,-0.09475511312,"a,j"
Shanghai,Fee,6.0,-0.3972355127,"a,j"
Guangzhou,Fee,2.0,-0.2150731534,"a,j"
Shanghai,Fee,1.2,0.03995252401,"a,j"
Guangzhou,Fee,2.0,-0.156590879,"a,j"
Shanghai,Fee,1.05,0.005187086295,"a,j"
Wuhan,Fee,1.4,-0.02108874545,"a,j"
Shanghai,Fee,0.9,-0.1268574744,"a,j"
Shanghai,Fee,0.6,-0.05844349414,"a,j"
Shanghai,Fee,0.7,-0.007711566985,"a,j"
Shanghai,Fee,2.48,-0.1004121974,"a,j"
Wuhan,Fee,2.3,0.1674268395,"a,j"
Shanghai,Fee,0.6,0.09682324529,"a,j"
Shanghai,Fee,1.96,-0.07117813081,"a,j"
Shanghai,Fee,6.35,-0.1720150411,"a,j"
Wuhan,Fee,0.6,-0.04009469971,"a,j"
Guangzhou,Fee,3.7,0.127705574,"a,j"
Wuhan,Fee,0.6,-0.174056679,"a,j"
Shanghai,Fee,1.1,0.05995779485,"a,j"
Beijing,Fee,1.96,0.03612007201,"a,j"
Beijing,Fee,0.5,0.01320205629,"a,j"
Shanghai,Fee,0.5,0.006463621743,"a,j"
Shanghai,Fee,1.7,0.09059253335,"a,j"
Shanghai,Fee,2.36,0.06930603832,"a,j"
Shanghai,Fee,0.8,-0.02730393596,"a,j"
Shanghai,Fee,2.5,-0.06223129854,"a,j"
Guangzhou,Fee,3.5,0.1470083445,"a,j"
Shanghai,Fee,0.6,0.1189731434,"a,j"
Wuhan,Fee,0.8,-0.07042010128,"a,j"
Shanghai,Fee,1.55,-0.0479446277,"a,j"
Shanghai,Fee,0.6,0.02734977566,"a,j"
Shanghai,Fee,0.45,0.01406124048,"a,j"
Wuhan,Fee,0.7,-0.05990028009,"a,j"
Beijing,Fee,0.55,0.00518672308,"a,j"
Guangzhou,Fee,5.0,-0.6768841743,"a,j"
Shanghai,Fee,4.5,-0.2008915991,"a,j"
Shanghai,Fee,1.1,0.06716705114,"a,j"
Wuhan,Fee,0.9,-0.111421831,"a,j"
Wuhan,Fee,1.98,0.02895441279,"a,j"
Shanghai,Fee,0.5,0.01595873199,"a,j"
Wuhan,Fee,1.2,0.08966224641,"a,j"
Shanghai,Fee,0.4,-0.1073793545,"a,j"
Shanghai,Fee,2.0,-0.1154635474,"a,j"
Guangzhou,Fee,0.8,-0.01789530739,"a,j"
Shanghai,Fee,2.5,-0.1928655952,"a,j"
Guangzhou,Fee,2.8,0.1274487823,"a,j"
Wuhan,Fee,1.0,-0.05631961301,"a,j"
Beijing,Fee,0.5,0.07546395063,"a,j"
Shanghai,Fee,2.0,-0.05245988071,"a,j"
Shanghai,Fee,0.8,-0.03218668327,"a,j"
Shanghai,Fee,1.3,-0.0178241469,"a,j"
Beijing,Fee,6.19,-0.4902063012,"a,j"
Beijing,Fee,0.5,0.01609568298,"a,j"
Beijing,Fee,4.2,0.1224065796,"a,j"
Wuhan,Fee,2.98,0.1965590268,"a,j"
Shanghai,Fee,0.5,-0.06052667648,"a,j"
Shanghai,Fee,2.0,-0.116079323,"a,j"
Beijing,Fee,3.6,0.204754293,"a,j"
Shanghai,Fee,1.9,-0.08062601089,"a,j"
Wuhan,Fee,0.45,-0.07553908974,"a,j"
Shanghai,Fee,1.8,-0.1641732901,"a,j"
Beijing,Fee,0.8,-0.1390981525,"a,j"
Shanghai,Fee,0.5,-0.01812485978,"a,j"
Shanghai,Fee,0.8,-0.03498845175,"a,j"
Wuhan,Fee,2.2,-0.004462773912,"a,j"
Wuhan,Fee,0.5,-0.008708134294,"a,j"
Beijing,Fee,0.76,-0.0363349095,"a,j"
Shanghai,Fee,2.1,-0.1880513728,"a,j"
Shanghai,Fee,0.7,-0.04285100102,"a,j"
Wuhan,Fee,2.98,0.2172254771,"a,j"
Wuhan,Fee,0.5,-0.0791227594,"a,j"
Shanghai,Fee,0.8,-0.02472238988,"a,j"
Shanghai,Fee,0.8,-0.014041394,"a,j"
Beijing,Fee,1.3,-0.1140986159,"a,j"
Beijing,Fee,2.5,0.07051113993,"a,j"
Shanghai,Fee,5.2,-0.2594809532,"a,j"
Shanghai,Fee,0.6,-0.02083558962,"a,j"
Shanghai,Fee,1.0,-0.02369110286,"a,j"
Shanghai,Fee,0.3,0.05976486206,"a,j"
Wuhan,Fee,0.6,-0.01838941127,"a,j"
Beijing,Fee,0.8,-0.06249523908,"a,j"
Beijing,Fee,2.28,-0.04936354235,"a,j"
Shanghai,Fee,0.5,0.04119563475,"a,j"
Shanghai,Fee,0.7,-0.09782835096,"a,j"
Shanghai,Fee,3.6,0.2771833241,"a,j"
Beijing,Fee,1.4,-0.08707556874,"a,j"
Shanghai,Fee,0.6,0.001299927942,"a,j"
Shanghai,Fee,0.5,0.0254583694,"a,j"
Shanghai,Fee,0.8,-0.1947841048,"a,j"
Shanghai,Fee,0.8,-0.01939687505,"a,j"
Shanghai,Fee,0.5,0.0005236326251,"a,j"
Shanghai,Fee,4.3,0.05555627123,"a,j"
Shanghai,Fee,0.8,0.008453754708,"a,j"
Wuhan,Fee,3.5,0.2053399384,"a,j"
Shanghai,Fee,2.5,-0.07373346388,"a,j"
Shanghai,Fee,0.5,-0.0205289349,"a,j"
Shanghai,Fee,0.5,-0.04450445995,"a,j"
Shanghai,Fee,1.5,-0.1401340514,"a,j"
Guangzhou,Fee,2.0,-0.1592154056,"a,j"
Shanghai,Fee,0.7,-0.02633568272,"a,j"
Shanghai,Fee,1.2,-0.042476587,"a,j"
Shanghai,Fee,0.8,-0.1184443459,"a,j"
Wuhan,Fee,1.35,0.003745670896,"a,j"
Shanghai,Fee,0.5,-0.00657223491,"a,j"
Shanghai,Fee,1.5,-0.1095353439,"a,j"
Shanghai,Fee,0.34,-0.1073582768,"a,j"
Shanghai,Fee,1.2,0.07564882189,"a,j"
Shanghai,Fee,0.6,-0.07650719583,"a,j"
Guangzhou,Fee,0.6,-0.02873909846,"a,j"
Shanghai,Fee,5.0,-0.4897442162,"a,j"
Shanghai,Fee,2.0,-0.05914036557,"a,j"
Shanghai,Fee,2.0,-0.1918882281,"a,j"
Wuhan,Fee,1.3,0.05297145993,"a,j"
Shanghai,Fee,0.8,-0.1074394509,"a,j"
Beijing,Fee,0.6,0.2137177289,"a,j"
Shanghai,Fee,0.7,-0.009345663711,"a,j"
Shanghai,Fee,0.9,-0.01537301391,"a,j"
Shanghai,Fee,2.2,-0.01915165223,"a,j"
Beijing,Fee,1.5,-0.1342515498,"a,j"
Shanghai,Fee,1.8,-0.07842894644,"a,j"
Shanghai,Fee,0.75,-0.03961039707,"a,j"
Shanghai,Fee,0.6,-0.01816473156,"a,j"
Shanghai,Fee,0.7,0.07229483128,"a,j"
Beijing,Fee,3.28,0.01127548888,"a,j"
Shanghai,Fee,0.8,-0.1494677514,"a,j"
Wuhan,Fee,2.8,-0.02954027615,"a,j"
Shanghai,Fee,0.95,-0.02175567485,"a,j"
Shanghai,Fee,1.25,0.03654278815,"a,j"
Shanghai,Fee,1.08,-0.0431667082,"a,j"
Shanghai,Fee,0.8,-0.03561995178,"a,j"
Wuhan,Fee,5.0,-0.7886193991,"a,j"
Guangzhou,Fee,2.5,0.170679912,"a,j"
Shanghai,Fee,0.56,0.01153139863,"a,j"
Beijing,Fee,1.1,-0.1565778553,"a,j"
Wuhan,Fee,0.5,-0.02362646908,"a,j"
Wuhan,Fee,0.85,-0.1343808472,"a,j"
Beijing,Fee,2.0,-0.05850996822,"a,j"
Beijing,Fee,1.3,-0.2007279992,"a,j"
Beijing,Fee,0.4,-0.06692406535,"a,j"
Wuhan,Fee,0.7,-0.06966844201,"a,j"
Shanghai,Fee,2.1,-0.0462355949,"a,j"
Guangzhou,Fee,2.8,-0.09900005162,"a,j"
Shanghai,Fee,3.0,-0.05490238219,"a,j"
Shanghai,Fee,1.0,-2.910522744e-05,"a,j"
Shanghai,Fee,0.7,-0.03976897523,"a,j"
Shanghai,Fee,3.6,0.1815339327,"a,j"
Beijing,Fee,1.68,-0.1084956527,"a,j"
Shanghai,Fee,2.2,-0.08973740786,"a,j"
Shanghai,Fee,6.2,-0.3036479056,"a,j"
Wuhan,Fee,0.8,-0.0125375716,"a,j"
Shanghai,Fee,0.8,-0.05121262744,"a,j"
Shanghai,Fee,1.2,0.07865790278,"a,j"
Shanghai,Fee,0.5,0.0002436884097,"a,j"
Shanghai,Fee,1.5,-0.133613348,"a,j"
Shanghai,Fee,1.2,0.01022897847,"a,j"
Shanghai,Fee,1.43,0.07353262603,"a,j"
Beijing,Fee,2.5,-0.08164534718,"a,j"
Shanghai,Fee,1.8,-0.004722708371,"a,j"
Shanghai,Fee,1.1,0.05789681897,"a,j"
Shanghai,Fee,2.0,-0.1295812279,"a,j"
Wuhan,Fee,0.4,-0.2340315431,"a,j"
Shanghai,Fee,0.6,0.02223753929,"a,j"
Wuhan,Fee,0.6,-0.160600841,"a,j"
Guangzhou,Fee,2.0,-0.2032024711,"a,j"
Shanghai,Fee,2.1,-0.2127713412,"a,j"
Wuhan,Fee,2.3,-0.01464038808,"a,j"
Wuhan,Fee,2.98,0.2889380157,"a,j"
Shanghai,Fee,0.6,-0.04447861761,"a,j"
Wuhan,Fee,0.5,0.0269266665,"a,j"
Shanghai,Fee,0.5,0.01275238954,"a,j"
Wuhan,Fee,2.68,0.03754128143,"a,j"
Shanghai,Fee,0.8,-0.06680385023,"a,j"
Shanghai,Fee,5.3,-0.5713967085,"a,j"
Guangzhou,Fee,0.5,0.0493853651,"a,j"
Shanghai,Fee,0.5,0.0002350495779,"a,j"
Wuhan,Fee,2.2,0.09560792148,"a,j"
Shanghai,Fee,0.75,-0.03871668503,"a,j"
Beijing,Fee,0.8,-0.1680251658,"a,j"
Beijing,Fee,2.6,0.1267116517,"a,j"
Shanghai,Fee,3.5,0.1431772709,"a,j"
Shanghai,Fee,2.2,0.04756517336,"a,j"
Shanghai,Fee,1.95,0.0794737339,"a,j"
Wuhan,Fee,2.98,0.2705554962,"a,j"
Shanghai,Fee,1.0,-0.006015244406,"a,j"
Wuhan,Fee,1.8,0.197290495,"a,j"
Shanghai,Fee,1.9,-0.07086329162,"a,j"
Wuhan,Fee,2.0,0.05709841847,"a,j"
Shanghai,Fee,1.5,-0.08916223049,"a,j"
Shanghai,Fee,0.5,0.01014725305,"a,j"
Shanghai,Fee,0.45,0.06626110524,"a,j"
Wuhan,Fee,1.5,-0.0275214538,"a,j"
Shanghai,Fee,2.8,-0.07371018082,"a,j"
Guangzhou,Fee,1.5,-0.07267922908,"a,j"
Shanghai,Fee,4.8,0.2441784292,"a,j"
Shanghai,Fee,2.8,-0.1043736711,"a,j"
Shanghai,Fee,1.2,0.05026006699,"a,j"
Shanghai,Fee,0.6,0.005611300468,"a,j"
Shanghai,Fee,3.8,0.09864594787,"a,j"
Shanghai,Fee,1.0,-0.01155391894,"a,j"
Shanghai,Fee,5.8,-0.831782043,"a,j"
Wuhan,Fee,0.5,-0.08066814393,"a,j"
Shanghai,Fee,2.0,-0.005036064424,"a,j"
Shanghai,Fee,2.1,-0.1232102066,"a,j"
Wuhan,Fee,1.5,-0.0003795046359,"a,j"
Beijing,Fee,0.8,-0.1849996597,"a,j"
Shanghai,Fee,0.8,-0.04361748695,"a,j"
Beijing,Fee,0.9,-0.09960748255,"a,j"
Shanghai,Fee,1.2,0.003119030967,"a,j"
Guangzhou,Fee,2.0,-0.2470235825,"a,j"
Shanghai,Fee,2.8,-0.04223635793,"a,j"
Shanghai,Fee,4.5,0.2058713883,"a,j"
Shanghai,Fee,1.7,-0.09550780803,"a,j"
Shanghai,Fee,0.35,-0.0240236856,"a,j"
Shanghai,Fee,2.0,-0.1744097024,"a,j"
Wuhan,Fee,0.5,-0.05955057964,"a,j"
Shanghai,Fee,1.5,-0.1142755449,"a,j"
Wuhan,Fee,1.2,0.05811385438,"a,j"
Shanghai,Fee,0.7,-0.1014726982,"a,j"
Guangzhou,Fee,0.9,-0.06651082635,"a,j"
Shanghai,Fee,0.5,0.1560937166,"a,j"
Guangzhou,Fee,2.0,-0.2463269085,"a,j"
Shanghai,Fee,0.9,-0.01891878061,"a,j"
Beijing,Fee,2.0,-0.08413958549,"a,j"
Beijing,Fee,0.64,-0.04199009761,"a,j"
Shanghai,Fee,0.6,0.007911266759,"a,j"
Beijing,Fee,6.78,-0.8183467388,"a,j"
Shanghai,Fee,1.6,-0.08839318901,"a,j"
Wuhan,Fee,0.5,-0.05489571393,"a,j"
Shanghai,Fee,0.8,-0.0468865484,"a,j"
Guangzhou,Fee,1.2,-0.07554371655,"a,j"
Guangzhou,Fee,0.9,-0.0354671739,"a,j"
Shanghai,Fee,0.6,-0.001492707408,"a,j"
Beijing,Fee,0.8,-0.1412422806,"a,j"
Shanghai,Fee,0.4,-0.2644223273,"a,j"
Beijing,Fee,0.65,-0.09846710414,"a,j"
Beijing,Fee,1.85,-0.09034314752,"a,j"
Wuhan,Fee,0.4,-0.09307112545,"a,j"
Guangzhou,Fee,0.9,-0.03922469169,"a,j"
Shanghai,Fee,2.5,-0.002136886586,"a,j"
Shanghai,Fee,1.4,-0.02018041536,"a,j"
Guangzhou,Fee,2.0,0.06050533801,"a,j"
Shanghai,Fee,4.8,0.0877950415,"a,j"
Shanghai,Fee,0.5,0.04231237248,"a,j"
Shanghai,Fee,0.5,-0.007505705114,"a,j"
Shanghai,Fee,1.8,-0.1909390837,"a,j"
Shanghai,Fee,1.0,-0.01126801129,"a,j"
Beijing,Fee,8.0,-0.4778338373,"a,j"
Shanghai,Fee,0.3,-0.01717842557,"a,j"
Wuhan,Fee,0.5,-0.09176660329,"a,j"
Shanghai,Fee,6.0,-0.27573663,"a,j"
Shanghai,Fee,2.0,-0.1928465813,"a,j"
Shanghai,Fee,3.2,0.09487882257,"a,j"
Shanghai,Fee,0.3,-0.08365079015,"a,j"
Shanghai,Fee,1.5,-0.1076948047,"a,j"
Wuhan,Fee,0.5,-0.05777460337,"a,j"
Shanghai,Fee,3.0,0.1017943993,"a,j"
Shanghai,Fee,1.3,-0.001160873566,"a,j"
Guangzhou,Fee,0.8,-0.1175088137,"a,j"
Shanghai,Fee,0.8,-0.05825591087,"a,j"
Shanghai,Fee,0.5,-0.08674169332,"a,j"
Shanghai,Fee,2.0,-0.1764427572,"a,j"
Shanghai,Fee,1.1,0.1105564982,"a,j"
Shanghai,Fee,0.44,-0.218318373,"a,j"
Shanghai,Fee,0.4,-0.2480882406,"a,j"
Shanghai,Fee,0.89,-0.1122147664,"a,j"
Beijing,Fee,0.6,-0.008655425161,"a,j"
Wuhan,Fee,3.5,0.08836916089,"a,j"
Shanghai,Fee,1.8,-0.1122243926,"a,j"
Shanghai,Fee,0.7,0.002173034241,"a,j"
Shanghai,Fee,1.2,0.1040533558,"a,j"
Shanghai,Fee,0.45,0.04498364776,"a,j"
Shanghai,Fee,1.3,0.008472967893,"a,j"
Shanghai,Fee,5.0,-0.6601727605,"a,j"
Shanghai,Fee,0.7,-0.0447299853,"a,j"
Wuhan,Fee,2.8,0.1046542078,"a,j"
Shanghai,Fee,0.8,-0.1018200293,"a,j"
Guangzhou,Fee,0.9,-0.2689721584,"a,j"
Beijing,Fee,0.9,-0.272390753,"a,j"
Shanghai,Fee,1.1,0.1064813808,"a,j"
Shanghai,Fee,0.8,-0.04032443091,"a,j"
Beijing,Fee,2.98,0.1007046998,"a,j"
Shanghai,Fee,3.0,-0.04969269782,"a,j"
Guangzhou,Fee,0.5,0.04464828968,"a,j"
Shanghai,Fee,0.6,-0.02206325717,"a,j"
Beijing,Fee,0.75,-0.1188490391,"a,j"
Shanghai,Fee,1.6,-0.09624379128,"a,j"
Shanghai,Fee,5.1,-0.3885373473,"a,j"
Beijing,Fee,7.9,-0.4698291421,"a,j"
Wuhan,Fee,0.9,-0.1380698979,"a,j"
Shanghai,Fee,7.5,-0.1709415615,"a,j"
Beijing,Fee,1.0,-0.1362378895,"a,j"
Shanghai,Fee,2.0,-0.1570542902,"a,j"
Shanghai,Fee,3.2,0.1178546399,"a,j"
Wuhan,Fee,1.0,-0.05091959611,"a,j"
Shanghai,Fee,1.15,0.05289571732,"a,j"
Shanghai,Fee,3.2,0.1530816555,"a,j"
Shanghai,Fee,0.6,-0.0320587568,"a,j"
Shanghai,Fee,3.0,0.1129254624,"a,j"
Wuhan,Fee,0.8,-0.1198146194,"a,j"
Beijing,Fee,0.5,-0.0004580676323,"a,j"
Guangzhou,Fee,2.0,-0.2327191383,"a,j"
Guangzhou,Fee,2.0,-0.06341451406,"a,j"
Shanghai,Fee,0.5,0.06517475098,"a,j"
Guangzhou,Fee,2.0,-0.1847233921,"a,j"
Shanghai,Fee,0.79,-0.05847692862,"a,j"
Shanghai,Fee,2.0,-0.1547163874,"a,j"
Shanghai,Fee,0.5,0.0114439521,"a,j"
Wuhan,Fee,3.1,0.01970228739,"a,j"
Shanghai,Fee,1.4,-0.05055633932,"a,j"
Shanghai,Fee,2.6,-0.02512677759,"a,j"
Shanghai,Fee,0.6,-0.02786496282,"a,j"
Shanghai,Fee,0.35,-0.2008790523,"a,j"
Shanghai,Fee,1.5,-0.1537485272,"a,j"
Shanghai,Fee,1.14,0.08261373639,"a,j"
Shanghai,Fee,1.65,-0.1087881699,"a,j"
Shanghai,Fee,2.5,0.0255650524,"a,j"
Beijing,Fee,0.5,0.09998551011,"a,j"
Shanghai,Fee,0.5,0.05768746138,"a,j"
Shanghai,Fee,0.5,0.004366651177,"a,j"
Guangzhou,Fee,2.0,-0.1367130578,"a,j"
Shanghai,Fee,1.2,0.1195963472,"a,j"
Beijing,Fee,2.85,0.141467616,"a,j"
Guangzhou,Fee,1.8,-0.1791888028,"a,j"
Shanghai,Fee,1.85,-0.04176976159,"a,j"
Shanghai,Fee,2.0,-0.1352260113,"a,j"
Guangzhou,Fee,2.7,-0.1093091741,"a,j"
Shanghai,Fee,0.5,0.0128419688,"a,j"
Wuhan,Fee,0.8,-0.06225557625,"a,j"
Shanghai,Fee,0.45,0.0888620764,"a,j"
Shanghai,Fee,1.5,-0.1840909421,"a,j"
Beijing,Fee,2.38,-0.09175913036,"a,j"
Shanghai,Fee,2.5,0.1718087047,"a,j"
Shanghai,Fee,1.35,-0.07407142222,"a,j"
Shanghai,Fee,0.6,0.03441437706,"a,j"
Shanghai,Fee,0.98,-0.06260515749,"a,j"
Shanghai,Fee,2.65,-0.05153369159,"a,j"
Guangzhou,Fee,1.5,-0.2225177139,"a,j"
Shanghai,Fee,2.0,-0.03267810121,"a,j"
Shanghai,Fee,4.2,0.4437031448,"a,j"
Beijing,Fee,0.5,0.04620189592,"a,j"
Shanghai,Fee,4.9,0.1355135888,"a,j"
Shanghai,Fee,0.8,-0.01356178243,"a,j"
Shanghai,Fee,2.0,-0.1185248792,"a,j"
Beijing,Fee,0.5,0.05350450426,"a,j"
Wuhan,Fee,1.5,-0.1075558439,"a,j"
Shanghai,Fee,0.35,-0.179736197,"a,j"
Beijing,Fee,1.0,-0.04737800732,"a,j"
Wuhan,Fee,1.0,-0.1089369357,"a,j"
Guangzhou,Fee,2.2,0.1078550145,"a,j"
Shanghai,Fee,0.8,-0.03489244357,"a,j"
Guangzhou,Fee,1.2,0.05841148645,"a,j"
Wuhan,Fee,1.8,-0.1435588896,"a,j"
Shanghai,Fee,1.4,-0.07695986331,"a,j"
Shanghai,Fee,0.8,-0.01600658521,"a,j"
Shanghai,Fee,1.0,-0.01648223028,"a,j"
Shanghai,Fee,1.2,0.07499432564,"a,j"
Shanghai,Fee,0.5,-0.07542849332,"a,j"
Shanghai,Fee,1.2,0.01902480423,"a,j"
Shanghai,Fee,0.8,-0.06624149531,"a,j"
Wuhan,Fee,0.5,-0.1635506898,"a,j"
Wuhan,Fee,0.8,-0.05801475421,"a,j"
Beijing,Fee,0.5,0.02585226297,"a,j"
Wuhan,Fee,0.9,-0.0400069505,"a,j"
Shanghai,Fee,3.8,0.09894677252,"a,j"
Beijing,Fee,2.0,0.101664193,"a,j"
Shanghai,Fee,1.8,0.006144397426,"a,j"
Shanghai,Fee,1.6,-0.142317608,"a,j"
Beijing,Fee,1.5,-0.1690396369,"a,j"
Beijing,Fee,0.9,-0.03004675359,"a,j"
Shanghai,Fee,2.0,-0.116308406,"a,j"
Shanghai,Fee,0.8,-0.03114284575,"a,j"
Beijing,Fee,2.6,0.1342538446,"a,j"
Guangzhou,Fee,3.5,-0.02047776058,"a,j"
Shanghai,Fee,0.9,-0.007487413008,"a,j"
Shanghai,Fee,0.6,-0.02353889868,"a,j"
Wuhan,Fee,0.3,-0.09140715003,"a,j"
Shanghai,Fee,1.85,0.01098773628,"a,j"
Shanghai,Fee,1.5,-0.1450457722,"a,j"
Shanghai,Fee,0.85,-0.03555366397,"a,j"
Beijing,Fee,0.5,0.04793351516,"a,j"
Shanghai,Fee,1.5,-0.07851212472,"a,j"
Shanghai,Fee,3.1,0.1417296678,"a,j"
Shanghai,Fee,4.5,0.03839005157,"a,j"
Guangzhou,Fee,1.8,-0.2285019457,"a,j"
Shanghai,Fee,0.5,-0.06410765648,"a,j"
Shanghai,Fee,2.0,-0.1819488406,"a,j"
Shanghai,Fee,0.7,-0.07265919447,"a,j"
Shanghai,Fee,0.6,-0.01221829094,"a,j"
Shanghai,Fee,1.75,-0.07141618431,"a,j"
Shanghai,Fee,2.0,-0.2060909569,"a,j"
Beijing,Fee,0.8,-0.03683803231,"a,j"
Beijing,Fee,0.92,-0.05592976511,"a,j"
Shanghai,Fee,1.4,-0.02759878896,"a,j"
Guangzhou,Fee,0.8,-0.06730198115,"a,j"
Shanghai,Fee,0.9,-0.03946358338,"a,j"
Wuhan,Fee,0.6,-0.1474686265,"a,j"
Guangzhou,Fee,1.5,-0.0987328738,"a,j"
Shanghai,Fee,2.8,-0.06506945193,"a,j"
Wuhan,Fee,2.8,0.03569849953,"a,j"
Shanghai,Fee,1.6,-0.1961725801,"a,j"
Guangzhou,Fee,3.7,-0.05461041257,"a,j"
Beijing,Fee,0.3,-0.02474360541,"a,j"
Shanghai,Fee,0.8,-0.03905884549,"a,j"
Beijing,Fee,0.6,-0.01998226345,"a,j"
Wuhan,Fee,2.85,0.2406861633,"a,j"
Beijing,Fee,0.64,0.01241166331,"a,j"
Shanghai,Fee,0.9,0.03794771433,"a,j"
Shanghai,Fee,2.3,-0.04535548389,"a,j"
Shanghai,Fee,1.5,-0.01646822505,"a,j"
Shanghai,Fee,0.5,0.0260605514,"a,j"
Shanghai,Fee,3.2,0.3307160139,"a,j"
Guangzhou,Fee,0.5,0.1434326619,"a,j"
Shanghai,Fee,0.5,-0.09044620395,"a,j"
Shanghai,Fee,0.8,-0.01904920861,"a,j"
Shanghai,Fee,4.9,-0.002364167478,"a,j"
Beijing,Fee,0.4,0.1458972245,"a,j"
Shanghai,Fee,2.5,-0.1086351797,"a,j"
Wuhan,Fee,0.6,-0.03262404352,"a,j"
Shanghai,Fee,0.95,0.02484412864,"a,j"
Wuhan,Fee,0.6,-0.05673217028,"a,j"
Shanghai,Fee,2.0,-0.1842880696,"a,j"
Shanghai,Fee,0.8,-0.01035316475,"a,j"
Shanghai,Fee,1.5,-0.04605751112,"a,j"
Wuhan,Fee,1.8,0.01073088031,"a,j"
Wuhan,Fee,2.6,0.1531897187,"a,j"
Shanghai,Fee,1.2,-0.01488640532,"a,j"
Guangzhou,Fee,2.8,0.201477617,"a,j"
Guangzhou,Fee,1.5,-0.2262340337,"a,j"
Wuhan,Fee,0.5,-0.1233310625,"a,j"
Shanghai,Fee,3.0,-0.03750122711,"a,j"
Shanghai,Fee,1.8,-0.05955156684,"a,j"
Wuhan,Fee,3.5,0.1051942855,"a,j"
Shanghai,Fee,1.6,-0.1048198417,"a,j"
Shanghai,Fee,1.0,-0.03552789986,"a,j"
Shanghai,Fee,1.1,0.06837310642,"a,j"
Shanghai,Fee,0.4,-0.166330725,"a,j"
Shanghai,Fee,0.5,0.03062998503,"a,j"
Shanghai,Fee,0.59,-0.01698165014,"a,j"
Shanghai,Fee,0.8,-0.04692111537,"a,j"
Shanghai,Fee,0.5,-0.0920240134,"a,j"
Wuhan,Fee,0.5,0.05249219015,"a,j"
Beijing,Fee,2.0,-0.1013303995,"a,j"
Guangzhou,Fee,1.2,-0.05056627467,"a,j"
Shanghai,Fee,2.0,-0.1863148212,"a,j"
Wuhan,Fee,2.5,0.01507285982,"a,j"
Shanghai,Fee,1.8,-0.1713046134,"a,j"
Shanghai,Fee,1.2,-0.1005155444,"a,j"
Beijing,Fee,0.85,-0.1624868363,"a,j"
Guangzhou,Fee,1.5,-0.05095912144,"a,j"
Shanghai,Fee,0.5,0.02586089075,"a,j"
Guangzhou,Fee,1.0,-0.06582077593,"a,j"
Shanghai,Fee,0.55,-0.01767829992,"a,j"
Shanghai,Fee,0.5,0.06313695759,"a,j"
Guangzhou,Fee,1.0,0.06743833423,"a,j"
Beijing,Fee,2.5,-0.05787778646,"a,j"
Shanghai,Fee,0.65,0.03990262374,"a,j"
Shanghai,Fee,1.5,-0.09477411211,"a,j"
Guangzhou,Fee,2.0,-0.1149066016,"a,j"
Wuhan,Fee,0.6,-0.02579659596,"a,j"
Wuhan,Fee,0.9,0.00465807505,"a,j"
Beijing,Fee,0.5,0.06575085223,"a,j"
Wuhan,Fee,3.8,0.4525608122,"a,j"
Shanghai,Fee,0.75,-0.02428311296,"a,j"
Shanghai,Fee,1.5,-0.1555707902,"a,j"
Beijing,Fee,0.5,-0.01225346234,"a,j"
Shanghai,Fee,3.2,0.1304140389,"a,j"
Shanghai,Fee,0.85,-0.04967594147,"a,j"
Beijing,Fee,0.5,0.005189415067,"a,j"
Wuhan,Fee,2.0,0.04747888073,"a,j"
Guangzhou,Fee,2.0,-0.2192022502,"a,j"
Shanghai,Fee,3.5,0.1161209866,"a,j"
Beijing,Fee,2.8,0.06296408176,"a,j"
Beijing,Fee,2.5,-0.03364405409,"a,j"
Wuhan,Fee,5.6,-0.7928120494,"a,j"
Shanghai,Fee,0.6,0.01516128238,"a,j"
Wuhan,Fee,0.9,-0.05627308413,"a,j"
Shanghai,Fee,1.2,0.008061931469,"a,j"
Beijing,Fee,1.2,-0.09409034997,"a,j"
Shanghai,Fee,0.4,0.0672654137,"a,j"
Guangzhou,Fee,1.96,0.01883034408,"a,j"
Shanghai,Fee,0.9,-0.003271406284,"a,j"
Shanghai,Fee,3.2,0.00746893324,"a,j"
Shanghai,Fee,1.62,-0.06532879919,"a,j"
Beijing,Fee,0.9,-0.1043248549,"a,j"
Shanghai,Fee,0.8,-0.0438368395,"a,j"
Guangzhou,Fee,0.5,0.05097720027,"a,j"
Shanghai,Fee,1.3,0.07945480198,"a,j"
Wuhan,Fee,1.5,-0.0167612657,"a,j"
Shanghai,Fee,0.83,-0.08055413514,"a,j"
Shanghai,Fee,1.2,-0.01340297796,"a,j"
Guangzhou,Fee,4.0,0.2713589668,"a,j"
Shanghai,Fee,1.0,-0.03669539094,"a,j"
Guangzhou,Fee,2.0,0.116829738,"a,j"
Beijing,Fee,1.0,-0.03983755037,"a,j"
Beijing,Fee,1.0,-0.1596712917,"a,j"
Shanghai,Fee,1.9,-0.07688885182,"a,j"
Shanghai,Fee,1.3,0.0109790545,"a,j"
Shanghai,Fee,1.2,0.05170416832,"a,j"
Guangzhou,Fee,3.7,0.01335381996,"a,j"
Shanghai,Fee,1.25,0.01014064718,"a,j"
Shanghai,Fee,0.6,0.03870469332,"a,j"
Wuhan,Fee,0.5,0.1012551412,"a,j"
Beijing,Fee,1.85,0.05086262897,"a,j"
Guangzhou,Fee,2.0,-0.2028571963,"a,j"
Wuhan,Fee,1.38,-0.0166455023,"a,j"
Shanghai,Fee,0.9,-0.001206738409,"a,j"
Shanghai,Fee,2.3,-0.1350655854,"a,j"
Guangzhou,Fee,1.96,0.01390031539,"a,j"
Beijing,Fee,1.7,0.03091072664,"a,j"
Guangzhou,Fee,1.5,-0.1320743263,"a,j"
Beijing,Fee,0.5,-0.05002810434,"a,j"
Shanghai,Fee,0.6,-7.420481415e-05,"a,j"
Guangzhou,Fee,3.7,-0.03184344247,"a,j"
Shanghai,Fee,0.5,0.02150796913,"a,j"
Shanghai,Fee,2.1,-0.07932112366,"a,j"
Wuhan,Fee,1.2,0.0777021572,"a,j"
Shanghai,Fee,0.8,-0.03825439513,"a,j"
Shanghai,Fee,3.5,0.1464348137,"a,j"
Shanghai,Fee,1.1,0.02121163532,"a,j"
Shanghai,Fee,0.5,-0.03292735666,"a,j"
Shanghai,Fee,0.5,0.005275405012,"a,j"
Shanghai,Fee,1.38,-0.0290768519,"a,j"
Wuhan,Fee,2.0,0.08125023544,"a,j"
Shanghai,Fee,1.5,-0.09509734809,"a,j"
Wuhan,Fee,2.48,0.07688557357,"a,j"
Shanghai,Fee,0.9,-0.01228164323,"a,j"
Shanghai,Fee,2.48,-0.06287935376,"a,j"
Wuhan,Fee,0.6,-0.101865083,"a,j"
Shanghai,Fee,0.6,0.02452450059,"a,j"
Shanghai,Fee,0.5,0.0135732526,"a,j"
Shanghai,Fee,4.95,-0.1768180132,"a,j"
Shanghai,Fee,8.0,-0.4059924185,"a,j"
Wuhan,Fee,3.5,0.3435451686,"a,j"
Shanghai,Fee,2.3,-0.0941246897,"a,j"
Shanghai,Fee,5.0,-0.355905652,"a,j"
Shanghai,Fee,1.3,0.0343942903,"a,j"
Shanghai,Fee,0.8,0.001115172636,"a,j"
Beijing,Fee,1.1,-0.05589878932,"a,j"
Shanghai,Fee,0.65,-0.05624955148,"a,j"
Shanghai,Fee,0.5,-0.02262960002,"a,j"
Beijing,Fee,0.9,-0.03610479459,"a,j"
Shanghai,Fee,1.2,0.09013493359,"a,j"
Wuhan,Fee,2.9,0.02630132064,"a,j"
Shanghai,Fee,0.9,-0.1407742649,"a,j"
Shanghai,Fee,0.5,-0.001112208702,"a,j"
Shanghai,Fee,0.8,-0.01460751798,"a,j"
Shanghai,Fee,1.3,-0.01585569791,"a,j"
Wuhan,Fee,0.5,-0.01749510132,"a,j"
Wuhan,Fee,0.5,-0.035944812,"a,j"
Shanghai,Fee,0.45,0.2064787745,"a,j"
Shanghai,Fee,6.2,-0.498968184,"a,j"
Guangzhou,Fee,3.7,0.0006680293009,"a,j"
Beijing,Fee,1.78,-0.03164651245,"a,j"
Wuhan,Fee,2.6,-0.146020174,"a,j"
Shanghai,Fee,1.8,-0.1617194265,"a,j"
Shanghai,Fee,0.9,0.007656663191,"a,j"
Wuhan,Fee,1.2,0.09433709085,"a,j"
Shanghai,Fee,0.5,-0.04502937198,"a,j"
Shanghai,Fee,1.5,-0.06674119085,"a,j"
Shanghai,Fee,0.52,0.02513412945,"a,j"
Shanghai,Fee,0.5,0.03086590394,"a,j"
Guangzhou,Fee,1.8,-0.03940790519,"a,j"
Shanghai,Fee,1.3,-0.1197435781,"a,j"
Guangzhou,Fee,0.9,-0.1140331179,"a,j"
Beijing,Fee,1.2,-0.01207485422,"a,j"
Shanghai,Fee,1.1,0.01094063371,"a,j"
Shanghai,Fee,2.85,0.08105695248,"a,j"
Shanghai,Fee,1.3,-0.0294665806,"a,j"
Shanghai,Fee,0.4,-0.03045904823,"a,j"
Guangzhou,Fee,0.9,-0.03197372332,"a,j"
Guangzhou,Fee,0.5,0.05730460584,"a,j"
Beijing,Fee,1.2,-0.03090053424,"a,j"
Shanghai,Fee,1.5,-0.1190266758,"a,j"
Shanghai,Fee,1.73,-0.04918182641,"a,j"
Beijing,Fee,1.8,0.06427195668,"a,j"
Beijing,Fee,0.8,-0.0899849385,"a,j"
Wuhan,Fee,4.2,0.2568488121,"a,j"
Shanghai,Fee,0.5,0.05042529851,"a,j"
Shanghai,Fee,1.95,0.1026744545,"a,j"
Wuhan,Fee,0.35,-0.08979602903,"a,j"
Shanghai,Fee,0.8,-0.06438465416,"a,j"
Wuhan,Fee,0.9,-0.07353004813,"a,j"
Wuhan,Fee,3.1,0.2944794595,"a,j"
Beijing,Fee,6.8,-0.7256373167,"a,j"
Shanghai,Fee,1.1,0.1176658496,"a,j"
Shanghai,Fee,0.3,0.01526288502,"a,j"
Wuhan,Fee,1.0,-0.02809005976,"a,j"
Wuhan,Fee,1.6,-0.01868509874,"a,j"
Shanghai,Fee,0.45,0.008683721535,"a,j"
Shanghai,Fee,1.32,-0.001700648107,"a,j"
Wuhan,Fee,2.4,0.01517469622,"a,j"
Shanghai,Fee,0.7,0.00194332446,"a,j"
Guangzhou,Fee,2.0,-0.2375362515,"a,j"
Shanghai,Fee,0.4,-0.1432060897,"a,j"
Shanghai,Fee,1.45,0.03487443924,"a,j"
Shanghai,Fee,1.05,0.02753861435,"a,j"
Shanghai,Fee,0.6,0.01308037806,"a,j"
Wuhan,Fee,1.8,0.09845741838,"a,j"
Wuhan,Fee,0.5,-0.1041318253,"a,j"
Guangzhou,Fee,0.5,0.01065919455,"a,j"
Wuhan,Fee,1.2,0.07694368064,"a,j"
Shanghai,Fee,4.5,0.1165187955,"a,j"
Shanghai,Fee,0.9,-0.01349247806,"a,j"
Beijing,Fee,0.8,-0.1644593924,"a,j"
Shanghai,Fee,2.5,-0.02554247156,"a,j"
Guangzhou,Fee,1.45,-0.1258343309,"a,j"
Guangzhou,Fee,1.8,-0.003960367292,"a,j"
Shanghai,Fee,2.0,-0.07052929699,"a,j"
Shanghai,Fee,0.5,0.01935904659,"a,j"
Shanghai,Fee,1.0,-0.09601911157,"a,j"
Wuhan,Fee,0.7,-0.06605704874,"a,j"
Beijing,Fee,0.5,0.03847068548,"a,j"
Guangzhou,Fee,2.8,-0.1478694826,"a,j"
Shanghai,Fee,0.8,-0.04611753672,"a,j"
Guangzhou,Fee,2.0,-0.02330204844,"a,j"
Wuhan,Fee,1.2,0.1080125868,"a,j"
Beijing,Fee,2.5,0.03633601218,"a,j"
Beijing,Fee,3.2,0.007376034744,"a,j"
Guangzhou,Fee,3.7,0.005644524004,"a,j"
Beijing,Fee,1.85,0.05102196708,"a,j"
Shanghai,Fee,1.68,-0.03120486811,"a,j"
Shanghai,Fee,0.4,-0.1447029114,"a,j"
Shanghai,Fee,2.0,-0.05779175088,"a,j"
Shanghai,Fee,0.52,0.06699679792,"a,j"
Wuhan,Fee,2.3,-0.07559901476,"a,j"
Beijing,Fee,0.58,-0.03152834997,"a,j"
Shanghai,Fee,0.4,-0.2011256367,"a,j"
Guangzhou,Fee,2.0,-0.02049887739,"a,j"
Shanghai,Fee,0.5,0.04857364669,"a,j"
Guangzhou,Fee,0.95,-0.1063197777,"a,j"
Shanghai,Fee,2.2,0.04102826491,"a,j"
Beijing,Fee,4.98,-0.3511582911,"a,j"
Guangzhou,Fee,3.0,-0.1895619631,"a,j"
Beijing,Fee,1.0,-0.1809397936,"a,j"
Shanghai,Fee,1.1,0.1502734721,"a,j"
Shanghai,Fee,8.0,-0.4674161077,"a,j"
Shanghai,Fee,2.0,-0.1912807226,"a,j"
Shanghai,Fee,0.5,0.05219088495,"a,j"
Shanghai,Fee,0.8,-0.06013243645,"a,j"
Wuhan,Fee,0.8,-0.08566899598,"a,j"
Shanghai,Fee,0.5,0.07013774663,"a,j"
Shanghai,Fee,1.0,-0.03077995405,"a,j"
Beijing,Fee,0.5,-0.04259991273,"a,j"
Shanghai,Fee,0.6,0.1185458601,"a,j"
Shanghai,Fee,0.5,0.05117525533,"a,j"
Beijing,Fee,0.58,-0.1681181788,"a,j"
Wuhan,Fee,3.5,0.06231592968,"a,j"
Shanghai,Fee,1.26,0.003463639412,"a,j"
Shanghai,Fee,2.0,-0.1182973757,"a,j"
Shanghai,Fee,0.8,-0.06414378434,"a,j"
Shanghai,Fee,1.4,-0.03485991806,"a,j"
Beijing,Fee,4.98,-0.1434550881,"a,j"
Shanghai,Fee,1.3,0.005309120286,"a,j"
Beijing,Fee,2.0,-0.09953986108,"a,j"
Shanghai,Fee,1.65,-0.0593602173,"a,j"
Shanghai,Fee,3.2,0.009782887995,"a,j"
Beijing,Fee,0.7,-0.05109541863,"a,j"
Shanghai,Fee,1.5,-0.09268278629,"a,j"
Shanghai,Fee,2.0,-0.05541146547,"a,j"
Shanghai,Fee,0.45,0.08053887635,"a,j"
Shanghai,Fee,4.0,0.370557338,"a,j"
Shanghai,Fee,1.2,0.05887953192,"a,j"
Shanghai,Fee,3.0,-0.1060367823,"a,j"
Shanghai,Fee,0.5,-0.00755277276,"a,j"
Shanghai,Fee,1.12,0.07428146154,"a,j"
Beijing,Fee,0.6,0.03417973965,"a,j"
Shanghai,Fee,5.6,-0.1475269794,"a,j"
Shanghai,Fee,0.5,-0.04311063513,"a,j"
Wuhan,Fee,2.6,-0.1242899299,"a,j"
Shanghai,Fee,0.3,-0.0741616115,"a,j"
Wuhan,Fee,0.45,0.01194876712,"a,j"
Beijing,Fee,0.5,0.06739459932,"a,j"
Shanghai,Fee,2.0,-0.09941494465,"a,j"
Wuhan,Fee,0.5,-0.04653618857,"a,j"
Wuhan,Fee,1.98,-0.05972214043,"a,j"
Guangzhou,Fee,0.8,-0.05826213583,"a,j"
Wuhan,Fee,0.3,-0.126712963,"a,j"
Shanghai,Fee,0.5,0.125115484,"a,j"
Wuhan,Fee,0.9,-0.1166301891,"a,j"
Guangzhou,Fee,0.5,-0.08101689816,"a,j"
Shanghai,Fee,0.9,-0.04966569692,"a,j"
Shanghai,Fee,0.6,0.007196068298,"a,j"
Wuhan,Fee,1.0,-0.04401249811,"a,j"
Shanghai,Fee,4.8,0.4087958634,"a,j"
Shanghai,Fee,1.0,-0.06556863338,"a,j"
Guangzhou,Fee,0.9,-0.1669395417,"a,j"
Shanghai,Fee,0.45,-0.05858007073,"a,j"
Beijing,Fee,0.5,-0.05039517954,"a,j"
Shanghai,Fee,2.98,-0.05963106081,"a,j"
Shanghai,Fee,5.2,-0.2517552376,"a,j"
Guangzhou,Fee,3.7,0.0008643371984,"a,j"
Shanghai,Fee,1.25,-0.005794899072,"a,j"
Shanghai,Fee,0.6,-0.1683465093,"a,j"
Shanghai,Fee,0.5,-0.1250195354,"a,j"
Shanghai,Fee,2.0,-0.05361182615,"a,j"
Beijing,Fee,0.93,-0.05990429223,"a,j"
Wuhan,Fee,2.0,-0.02656943724,"a,j"
Shanghai,Fee,1.0,-0.02466436662,"a,j"
Shanghai,Fee,0.65,0.005158899818,"a,j"
Shanghai,Fee,0.5,0.05481253192,"a,j"
Shanghai,Fee,0.35,-0.02848595753,"a,j"
Wuhan,Fee,0.9,-0.1064814702,"a,j"
Shanghai,Fee,0.5,0.0237619523,"a,j"
Wuhan,Fee,1.6,0.05609505251,"a,j"
Guangzhou,Fee,3.9,0.1685629338,"a,j"
Shanghai,Fee,0.8,-0.05417766795,"a,j"
Shanghai,Fee,1.8,-0.1302862614,"a,j"
Shanghai,Fee,0.8,-0.02606007084,"a,j"
Beijing,Fee,0.56,0.01937554404,"a,j"
Wuhan,Fee,0.5,0.01888698339,"a,j"
Shanghai,Fee,0.8,-0.04152688012,"a,j"
Shanghai,Fee,3.9,0.2452767789,"a,j"
Beijing,Fee,0.8,-0.1298219115,"a,j"
Shanghai,Fee,1.32,0.01268255431,"a,j"
Shanghai,Fee,8.0,-0.3841541111,"a,j"
Beijing,Fee,2.8,0.08367913961,"a,j"
Beijing,Fee,6.8,-0.1742720455,"a,j"
Shanghai,Fee,0.62,-0.05555554479,"a,j"
Beijing,Fee,2.5,-0.1137410626,"a,j"
Shanghai,Fee,2.5,-0.01915606298,"a,j"
Guangzhou,Fee,1.8,0.04365340993,"a,j"
Shanghai,Fee,0.35,-0.1089884862,"a,j"
Wuhan,Fee,2.5,-0.04090069234,"a,j"
Guangzhou,Fee,2.0,-0.1676642001,"a,j"
Shanghai,Fee,0.6,0.001446972368,"a,j"
Wuhan,Fee,3.5,0.1176535636,"a,j"
Beijing,Fee,2.5,-0.1129306108,"a,j"
Shanghai,Fee,1.1,0.03048519045,"a,j"
Shanghai,Fee,0.6,-0.01416763756,"a,j"
Guangzhou,Fee,2.8,-0.2329683602,"a,j"
Beijing,Fee,0.54,0.01535960939,"a,j"
Shanghai,Fee,0.4,-0.1440163106,"a,j"
Shanghai,Fee,1.0,0.04187759757,"a,j"
Beijing,Fee,2.96,0.3134512603,"a,j"
Beijing,Fee,0.9,-0.07388432324,"a,j"
Beijing,Fee,0.5,0.06647605449,"a,j"
Guangzhou,Fee,1.8,-0.1257295161,"a,j"
Beijing,Fee,0.56,-0.04918919131,"a,j"
Shanghai,Fee,1.29,0.06013128161,"a,j"
Shanghai,Fee,0.55,0.07529435307,"a,j"
Shanghai,Fee,0.4,-0.2105189115,"a,j"
Beijing,Fee,2.88,0.09872101992,"a,j"
Wuhan,Fee,0.8,-0.03746197373,"a,j"
Wuhan,Fee,0.8,-0.1432970613,"a,j"
Shanghai,Fee,0.5,-0.04053259268,"a,j"
Shanghai,Fee,1.95,0.08816681057,"a,j"
Shanghai,Fee,1.0,0.07417370379,"a,j"
Guangzhou,Fee,0.8,-0.09781394899,"a,j"
Beijing,Fee,1.2,0.01806417853,"a,j"
Guangzhou,Fee,2.0,-0.1880086213,"a,j"
Beijing,Fee,0.5,-0.001265107654,"a,j"
Guangzhou,Fee,2.0,-0.1882997751,"a,j"
Shanghai,Fee,8.0,-0.7177283168,"a,j"
Shanghai,Fee,1.5,-0.1230061501,"a,j"
Shanghai,Fee,1.5,-0.1782694757,"a,j"
Shanghai,Fee,0.6,0.0116332341,"a,j"
Guangzhou,Fee,0.5,0.132444039,"a,j"
Guangzhou,Fee,2.5,-0.08505035192,"a,j"
Wuhan,Fee,0.5,-0.05374889448,"a,j"
Shanghai,Fee,0.5,-0.0009481264278,"a,j"
Guangzhou,Fee,1.2,-0.104149051,"a,j"
Shanghai,Fee,1.2,0.0252616629,"a,j"
Shanghai,Fee,1.5,-0.08897189796,"a,j"
Shanghai,Fee,1.8,-0.05310131982,"a,j"
Shanghai,Fee,0.8,-0.01495032199,"a,j"
Wuhan,Fee,1.8,-0.1429039538,"a,j"
Wuhan,Fee,0.6,-0.114971377,"a,j"
Beijing,Fee,2.46,0.03824994713,"a,j"
Shanghai,Fee,0.35,-0.07344856113,"a,j"
Shanghai,Fee,7.5,-0.7837713361,"a,j"
Shanghai,Fee,0.5,-0.02700533345,"a,j"
Shanghai,Fee,8.0,-0.3275687993,"a,j"
Shanghai,Fee,1.56,-0.1460563242,"a,j"
Beijing,Fee,2.62,-0.01381233707,"a,j"
Shanghai,Fee,0.5,0.002195334295,"a,j"
Guangzhou,Fee,2.0,-0.2504503131,"a,j"
Beijing,Fee,0.9,-0.03856632113,"a,j"
Shanghai,Fee,0.8,-0.04295730218,"a,j"
Shanghai,Fee,0.5,0.05207359418,"a,j"
Wuhan,Fee,0.5,-0.1972386539,"a,j"
Shanghai,Fee,1.45,-0.06315873563,"a,j"
Wuhan,Fee,2.3,-0.04269136861,"a,j"
Guangzhou,Fee,0.9,-0.1909217983,"a,j"
Shanghai,Fee,8.0,-0.2678647339,"a,j"
Shanghai,Fee,2.8,0.01490878128,"a,j"
Guangzhou,Fee,2.0,-0.2103092372,"a,j"
Wuhan,Fee,1.2,0.05309706181,"a,j"
Wuhan,Fee,2.0,-0.05932290852,"a,j"
Wuhan,Fee,0.5,-0.1382765174,"a,j"
Guangzhou,Fee,2.0,-0.1594450474,"a,j"
Wuhan,Fee,1.2,0.03363512456,"a,j"
Wuhan,Fee,0.9,-0.1383865178,"a,j"
Shanghai,Fee,0.8,-0.05766993389,"a,j"
Wuhan,Fee,0.5,-0.05693553388,"a,j"
Wuhan,Fee,0.9,-0.1196745485,"a,j"
Guangzhou,Fee,1.5,-0.1049003378,"a,j"
Shanghai,Fee,0.7,-0.08668729663,"a,j"
Shanghai,Fee,1.5,-0.1540895253,"a,j"
Shanghai,Fee,1.5,-0.01825312153,"a,j"
Wuhan,Fee,0.5,-0.09554792196,"a,j"
Shanghai,Fee,0.5,0.0698216483,"a,j"
Shanghai,Fee,2.0,-0.180576846,"a,j"
Beijing,Fee,0.9,-0.1254688203,"a,j"
Shanghai,Fee,1.0,0.02596798539,"a,j"
Beijing,Fee,0.89,-0.06604316831,"a,j"
Beijing,Fee,2.05,0.08040313423,"a,j"
Guangzhou,Fee,3.7,0.1207942292,"a,j"
Shanghai,Fee,0.3,-0.1064594835,"a,j"
Shanghai,Fee,2.0,-0.04832785204,"a,j"
Guangzhou,Fee,1.5,-0.1070576459,"a,j"
Wuhan,Fee,0.5,-0.03216326609,"a,j"
Shanghai,Fee,2.4,0.03900701925,"a,j"
Shanghai,Fee,0.8,-0.01525411755,"a,j"
Beijing,Fee,4.98,-0.2111965269,"a,j"
Beijing,Fee,0.9,-0.1157343984,"a,j"
Shanghai,Fee,1.7,-0.06883338094,"a,j"
Wuhan,Fee,0.5,0.02857749164,"a,j"
Shanghai,Fee,0.9,-0.0404050909,"a,j"
Wuhan,Fee,0.55,-0.0139503153,"a,j"
Shanghai,Fee,1.06,-0.02827928029,"a,j"
Shanghai,Fee,1.5,-0.04401332512,"a,j"
Wuhan,Fee,2.0,0.1089694127,"a,j"
Shanghai,Fee,1.6,-0.07029853016,"a,j"
Shanghai,Fee,3.8,0.02832534164,"a,j"
Wuhan,Fee,0.5,0.04717935994,"a,j"
Guangzhou,Fee,2.8,-0.1325281411,"a,j"
Guangzhou,Fee,2.0,-0.1221449822,"a,j"
Guangzhou,Fee,0.6,-0.01596271247,"a,j"
Shanghai,Fee,2.3,0.01040115207,"a,j"
Shanghai,Fee,0.35,-0.08807008713,"a,j"
Shanghai,Fee,1.98,0.04297784343,"a,j"
Wuhan,Fee,2.8,-0.009679780342,"a,j"
Shanghai,Fee,0.55,-0.01849174127,"a,j"
Beijing,Fee,1.95,-0.01129151322,"a,j"
Shanghai,Fee,0.5,0.03435408697,"a,j"
Wuhan,Fee,0.55,0.04274186119,"a,j"
Wuhan,Fee,0.4,-0.1636930704,"a,j"
Shanghai,Fee,1.6,-0.1088645309,"a,j"
Shanghai,Fee,0.8,-0.04632582515,"a,j"
Wuhan,Fee,0.48,-0.07771676779,"a,j"
Beijing,Fee,0.9,-0.0750881508,"a,j"
Shanghai,Fee,1.1,0.02134530991,"a,j"
Shanghai,Fee,1.5,-0.1788996458,"a,j"
Shanghai,Fee,0.55,-0.009404899552,"a,j"
Shanghai,Fee,2.0,0.08872503042,"a,j"
Shanghai,Fee,0.9,-0.04927208275,"a,j"
Shanghai,Fee,1.9,-0.1477891356,"a,j"
Shanghai,Fee,0.5,-0.0872843191,"a,j"
Shanghai,Fee,0.7,-0.01462010853,"a,j"
Shanghai,Fee,1.4,-0.1138291284,"a,j"
Wuhan,Fee,3.5,0.1511054784,"a,j"
Guangzhou,Fee,0.8,-0.08017479628,"a,j"
Wuhan,Fee,0.8,-0.04503038153,"a,j"
Shanghai,Fee,2.0,-0.09291365743,"a,j"
Guangzhou,Fee,0.5,0.01053710002,"a,j"
Shanghai,Fee,2.0,-0.1361374408,"a,j"
Shanghai,Fee,0.6,0.03176885471,"a,j"
Shanghai,Fee,0.5,0.1773787141,"a,j"
Beijing,Fee,0.5,-0.04858390242,"a,j"
Guangzhou,Fee,0.9,-0.1047015935,"a,j"
Shanghai,Fee,0.83,-0.02580619045,"a,j"
Guangzhou,Fee,0.4,-0.1987335831,"a,j"
Shanghai,Fee,0.4,-0.1692863107,"a,j"
Wuhan,Fee,2.0,-0.03098065779,"a,j"
Guangzhou,Fee,2.0,-0.06879229844,"a,j"
Wuhan,Fee,3.5,0.2648203075,"a,j"
Wuhan,Fee,0.8,-0.08724788576,"a,j"
Shanghai,Fee,1.7,-0.1814151257,"a,j"
Wuhan,Fee,0.5,0.0006887931377,"a,j"
Wuhan,Fee,2.5,-0.04782018811,"a,j"
Beijing,Fee,1.8,-0.01992572285,"a,j"
Shanghai,Fee,3.0,-0.04580389708,"a,j"
Wuhan,Fee,0.6,-0.1258788407,"a,j"
Beijing,Fee,1.9,0.09278916568,"a,j"
Shanghai,Fee,1.2,0.1248729154,"a,j"
Shanghai,Fee,3.5,0.337887913,"a,j"
Beijing,Fee,3.5,0.2610659301,"a,j"
Guangzhou,Fee,3.7,0.0008643371984,"a,j"
Shanghai,Fee,1.57,-0.1102975681,"a,j"
Shanghai,Fee,0.5,-0.02122179419,"a,j"
Shanghai,Fee,2.0,-0.1105032116,"a,j"
Guangzhou,Fee,1.5,-0.2187914252,"a,j"
Wuhan,Fee,2.0,-0.1208438203,"a,j"
Wuhan,Fee,1.0,-0.1694319844,"a,j"
Shanghai,Fee,0.8,-0.03211974725,"a,j"
Shanghai,Fee,0.4,-0.09647749364,"a,j"
Wuhan,Fee,1.8,-0.04362541437,"a,j"
Shanghai,Fee,0.5,0.0376323387,"a,j"
Shanghai,Fee,0.8,-0.05678479746,"a,j"
Wuhan,Fee,0.46,0.02281308174,"a,j"
Shanghai,Fee,0.7,-0.09149542451,"a,j"
Guangzhou,Fee,0.5,0.003370429389,"a,j"
Shanghai,Fee,0.6,-0.01296050567,"a,j"
Guangzhou,Fee,0.9,-0.06846753508,"a,j"
Shanghai,Fee,2.6,-0.140455395,"a,j"
Shanghai,Fee,1.5,-0.08051694185,"a,j"
Shanghai,Fee,2.8,0.01095677167,"a,j"
Shanghai,Fee,1.2,0.09635308385,"a,j"
Shanghai,Fee,0.7,-0.05202627555,"a,j"
Shanghai,Fee,4.5,0.2027261555,"a,j"
Shanghai,Fee,2.9,0.01293882355,"a,j"
Shanghai,Fee,0.45,0.04495690763,"a,j"
Shanghai,Fee,0.95,-0.1154955775,"a,j"
Wuhan,Fee,0.65,-0.05730999261,"a,j"
Wuhan,Fee,1.0,-0.1396606863,"a,j"
Wuhan,Fee,2.0,0.1312946975,"a,j"
Shanghai,Fee,4.95,-0.1049369574,"a,j"
Shanghai,Fee,0.8,0.0005343612866,"a,j"
Shanghai,Fee,2.0,-0.02950721979,"a,j"
Shanghai,Fee,0.3,-0.06913172454,"a,j"
Shanghai,Fee,2.0,-0.01269160584,"a,j"
Wuhan,Fee,2.8,0.0012907075,"a,j"
Shanghai,Fee,4.51,0.07179036736,"a,j"
Beijing,Fee,5.0,-0.3855017126,"a,j"
Shanghai,Fee,6.0,-0.8796064854,"a,j"
Guangzhou,Fee,1.5,-0.02360773459,"a,j"
Shanghai,Fee,0.6,-0.02032199502,"a,j"
Wuhan,Fee,1.2,0.05164472759,"a,j"
Shanghai,Fee,0.5,0.03051517718,"a,j"
Shanghai,Fee,1.2,-0.02786496468,"a,j"
Beijing,Fee,1.7,-0.08183351159,"a,j"
Shanghai,Fee,1.6,-0.09253818542,"a,j"
Shanghai,Fee,1.5,-0.0475968048,"a,j"
Shanghai,Fee,2.9,-0.02406310104,"a,j"
Shanghai,Fee,2.5,-0.08069162816,"a,j"
Beijing,Fee,1.5,-0.1551464498,"a,j"
Shanghai,Fee,3.1,0.02731539123,"a,j"
Shanghai,Fee,0.6,0.1536422223,"a,j"
Wuhan,Fee,0.3,-0.09990689158,"a,j"
Wuhan,Fee,0.5,0.01975433156,"a,j"
Shanghai,Fee,0.5,0.0208307039,"a,j"
Shanghai,Fee,0.8,-0.07504855841,"a,j"
Shanghai,Fee,0.8,-0.04930647835,"a,j"
Shanghai,Fee,0.8,-0.05637381598,"a,j"
Shanghai,Fee,3.0,-0.01164636947,"a,j"
Shanghai,Fee,0.5,0.04562054202,"a,j"
Shanghai,Fee,1.2,-0.007735836785,"a,j"
Guangzhou,Fee,1.8,-0.04584091529,"a,j"
Shanghai,Fee,1.5,-0.1295589209,"a,j"
Shanghai,Fee,0.45,0.1953956038,"a,j"
Shanghai,Fee,1.5,-0.09216372669,"a,j"
Shanghai,Fee,1.8,-0.009453173727,"a,j"
Wuhan,Fee,2.8,-0.04805239663,"a,j"
Shanghai,Fee,1.0,-0.0184135884,"a,j"
Shanghai,Fee,0.64,0.02512199432,"a,j"
Shanghai,Fee,1.22,0.03999706358,"a,j"
Guangzhou,Fee,0.8,-0.157245025,"a,j"
Shanghai,Fee,0.7,-0.02208183147,"a,j"
Beijing,Fee,3.0,0.2354606539,"a,j"
Shanghai,Fee,2.7,0.05249738321,"a,j"
Shanghai,Fee,0.44,-0.2641742229,"a,j"
Shanghai,Fee,0.9,-0.1117715836,"a,j"
Shanghai,Fee,3.8,0.1686906666,"a,j"
Shanghai,Fee,4.0,0.6358647943,"a,j"
Wuhan,Fee,0.8,0.005910644308,"a,j"
Shanghai,Fee,0.6,0.01579746231,"a,j"
Shanghai,Fee,0.8,-0.03844610974,"a,j"
Guangzhou,Fee,0.6,0.1387812793,"a,j"
Shanghai,Fee,0.4,-0.102871038,"a,j"
Shanghai,Fee,0.45,0.01686817035,"a,j"
Wuhan,Fee,2.3,0.1227812991,"a,j"
Shanghai,Fee,0.7,-0.005567981396,"a,j"
Wuhan,Fee,0.3,-0.06732825935,"a,j"
Wuhan,Fee,0.8,-0.06341874599,"a,j"
Shanghai,Fee,1.1,0.09237729758,"a,j"
Shanghai,Fee,5.0,-0.3179351687,"a,j"
Wuhan,Fee,0.9,-0.07032444328,"a,j"
Wuhan,Fee,1.2,0.06324374676,"a,j"
Shanghai,Fee,2.0,-0.1181461662,"a,j"
Shanghai,Fee,2.48,-0.101860635,"a,j"
Shanghai,Fee,0.8,-0.01683066227,"a,j"
Shanghai,Fee,0.65,0.001326553989,"a,j"
Wuhan,Fee,0.5,-0.07445501536,"a,j"
Shanghai,Fee,0.8,-0.00710941432,"a,j"
Shanghai,Fee,4.8,0.3330954909,"a,j"
Shanghai,Fee,0.5,-0.02966160327,"a,j"
Shanghai,Fee,1.1,0.02919631638,"a,j"
Shanghai,Fee,0.9,-0.03919961303,"a,j"
Wuhan,Fee,0.5,-0.129080072,"a,j"
Beijing,Fee,1.58,-0.1576235145,"a,j"
Wuhan,Fee,1.2,0.1543504,"a,j"
Shanghai,Fee,1.2,0.02553090453,"a,j"
Shanghai,Fee,1.0,-0.09555710107,"a,j"
Shanghai,Fee,1.65,-0.09171500802,"a,j"
Beijing,Fee,2.85,-0.06294148415,"a,j"
Shanghai,Fee,2.4,-0.001622774638,"a,j"
Shanghai,Fee,1.1,0.070624955,"a,j"
Beijing,Fee,0.88,-0.1254316866,"a,j"
Shanghai,Fee,0.5,0.09123485535,"a,j"
Shanghai,Fee,1.9,-0.03944608197,"a,j"
Shanghai,Fee,0.9,-0.08195418864,"a,j"
Shanghai,Fee,1.35,-0.0900805518,"a,j"
Shanghai,Fee,1.3,0.03159372881,"a,j"
Wuhan,Fee,1.8,0.04176167026,"a,j"
Wuhan,Fee,1.2,0.0660379976,"a,j"
Wuhan,Fee,0.8,-0.03545334935,"a,j"
Guangzhou,Fee,0.9,-0.1501192898,"a,j"
Wuhan,Fee,0.5,-0.05999105796,"a,j"
Shanghai,Fee,0.8,-0.03160518408,"a,j"
Beijing,Fee,1.0,-0.007586506661,"a,j"
Shanghai,Fee,0.5,-0.03662294522,"a,j"
Shanghai,Fee,1.0,-0.01626465097,"a,j"
Shanghai,Fee,3.0,-0.1051309109,"a,j"
Guangzhou,Fee,0.5,0.01103548985,"a,j"
Wuhan,Fee,3.8,0.3873211145,"a,j"
Shanghai,Fee,1.0,-0.01625775918,"a,j"
Beijing,Fee,5.5,-0.5559844375,"a,j"
Shanghai,Fee,1.15,0.02843263559,"a,j"
Shanghai,Fee,0.35,-0.1884890199,"a,j"
Beijing,Fee,0.9,-0.01484560687,"a,j"
Shanghai,Fee,3.6,0.03792938218,"a,j"
Shanghai,Fee,7.5,-0.6206623912,"a,j"
Shanghai,Fee,2.3,-0.1027407721,"a,j"
Shanghai,Fee,3.4,0.09409637004,"a,j"
Wuhan,Fee,1.38,-0.02107569575,"a,j"
Wuhan,Fee,1.0,-0.07508811355,"a,j"
Guangzhou,Fee,2.8,-0.115968138,"a,j"
Shanghai,Fee,1.38,-0.1317518651,"a,j"
Wuhan,Fee,1.8,-0.004118784796,"a,j"
Wuhan,Fee,1.6,-0.02974407002,"a,j"
Beijing,Fee,0.86,-0.06192289665,"a,j"
Wuhan,Fee,0.3,-0.08275705576,"a,j"
Shanghai,Fee,1.88,0.01685052365,"a,j"
Wuhan,Fee,1.0,-0.06695079803,"a,j"
Wuhan,Fee,0.5,-0.00745834969,"a,j"
Guangzhou,Fee,0.6,-0.011807492,"a,j"
Shanghai,Fee,3.2,-0.06116230041,"a,j"
Shanghai,Fee,2.45,0.03497288376,"a,j"
Shanghai,Fee,1.0,-0.06807000935,"a,j"
Shanghai,Fee,2.8,-0.06952364743,"a,j"
Shanghai,Fee,1.5,-0.1075841486,"a,j"
Shanghai,Fee,1.25,0.01830353029,"a,j"
Wuhan,Fee,0.6,-0.1364801973,"a,j"
Wuhan,Fee,2.3,0.09539825469,"a,j"
Shanghai,Fee,6.0,-0.4061161876,"a,j"
Shanghai,Fee,0.8,-0.05234247819,"a,j"
Shanghai,Fee,1.5,-0.1560206711,"a,j"
Shanghai,Fee,0.6,0.03185741231,"a,j"
Shanghai,Fee,2.1,-0.02512234263,"a,j"
Shanghai,Fee,0.5,-0.01474884152,"a,j"
Shanghai,Fee,0.5,0.01718563214,"a,j"
Beijing,Fee,2.68,0.1088059768,"a,j"
Shanghai,Fee,0.8,-0.1035176888,"a,j"
Guangzhou,Fee,2.1,0.1174313873,"a,j"
Beijing,Fee,0.9,-0.1098386422,"a,j"
Guangzhou,Fee,0.9,0.02974225208,"a,j"
Beijing,Fee,1.08,0.004339752719,"a,j"
Shanghai,Fee,2.0,-0.1186015978,"a,j"
Guangzhou,Fee,2.0,-0.1883916408,"a,j"
Beijing,Fee,0.8,-0.02008284256,"a,j"
Guangzhou,Fee,0.5,0.05428079516,"a,j"
Guangzhou,Fee,2.5,-0.2024013847,"a,j"
Shanghai,Fee,1.78,-0.217019096,"a,j"
Guangzhou,Fee,2.0,-0.1618245393,"a,j"
Shanghai,Fee,1.5,-0.1619374454,"a,j"
Shanghai,Fee,0.42,-0.1385139078,"a,j"
Shanghai,Fee,2.35,0.08310484141,"a,j"
Beijing,Fee,1.3,0.03842915595,"a,j"
Shanghai,Fee,1.85,-0.006331615616,"a,j"
Wuhan,Fee,2.3,0.1178874075,"a,j"
Shanghai,Fee,0.33,-0.06034301966,"a,j"
Shanghai,Fee,0.5,0.06921987236,"a,j"
Guangzhou,Fee,0.68,0.1101771966,"a,j"
Shanghai,Fee,0.8,0.01222933456,"a,j"
Guangzhou,Fee,2.8,-0.1239111423,"a,j"
Beijing,Fee,2.0,-0.197133705,"a,j"
Guangzhou,Fee,1.45,-0.1358041316,"a,j"
Shanghai,Fee,0.6,-0.0177727174,"a,j"
Shanghai,Fee,2.0,-0.1751981527,"a,j"
Beijing,Fee,3.5,0.2605778277,"a,j"
Wuhan,Fee,1.8,0.0989651531,"a,j"
Shanghai,Fee,2.75,0.170659706,"a,j"
Guangzhou,Fee,3.7,0.02020002529,"a,j"
Shanghai,Fee,0.35,0.01179412752,"a,j"
Shanghai,Fee,3.2,0.1416674405,"a,j"
Guangzhou,Fee,1.2,-0.02062868327,"a,j"
Guangzhou,Fee,0.6,-0.02180723473,"a,j"
Shanghai,Fee,0.5,-0.07165001333,"a,j"
Guangzhou,Fee,2.5,-0.1990389377,"a,j"
Shanghai,Fee,2.0,-0.1365342885,"a,j"
Shanghai,Fee,4.0,0.4696748555,"a,j"
Shanghai,Fee,0.3,0.0380104892,"a,j"
Shanghai,Fee,3.8,0.1818843186,"a,j"
Shanghai,Fee,2.0,-0.1381111443,"a,j"
Shanghai,Fee,3.0,0.0731439814,"a,j"
Shanghai,Fee,1.93,-0.133254841,"a,j"
Shanghai,Fee,5.6,-0.9481051564,"a,j"
Shanghai,Fee,0.4,-0.007823260501,"a,j"
Guangzhou,Fee,3.0,0.009953627363,"a,j"
Wuhan,Fee,0.5,-0.1232815087,"a,j"
Guangzhou,Fee,2.8,0.003904598299,"a,j"
Shanghai,Fee,0.5,0.03618106246,"a,j"
Shanghai,Fee,2.0,-0.07495895773,"a,j"
Shanghai,Fee,0.8,-0.03896938264,"a,j"
Shanghai,Fee,2.0,-0.164664641,"a,j"
Beijing,Fee,4.8,0.0692756027,"a,j"
Shanghai,Fee,1.6,-0.04058454931,"a,j"
Wuhan,Fee,0.5,-0.1152087674,"a,j"
Beijing,Fee,0.89,-0.1132456437,"a,j"
Shanghai,Fee,2.0,-0.1459140927,"a,j"
Shanghai,Fee,2.8,-0.06165087223,"a,j"
Shanghai,Fee,0.45,0.01805998385,"a,j"
Beijing,Fee,7.9,-0.5014029145,"a,j"
Shanghai,Fee,0.6,-0.03424904123,"a,j"
Wuhan,Fee,0.8,-0.1614567339,"a,j"
Beijing,Fee,0.5,0.0327934064,"a,j"
Beijing,Fee,0.6,-0.03802066296,"a,j"
Shanghai,Fee,4.5,0.2136607766,"a,j"
Shanghai,Fee,2.0,-0.1315928698,"a,j"
Guangzhou,Fee,2.0,-0.03667443991,"a,j"
Wuhan,Fee,2.8,-0.05502150953,"a,j"
Guangzhou,Fee,2.0,-0.06494839489,"a,j"
Shanghai,Fee,0.8,-0.0583546795,"a,j"
Shanghai,Fee,1.09,0.007365425583,"a,j"
Beijing,Fee,1.68,-0.1161939055,"a,j"
Shanghai,Fee,4.3,0.1901377887,"a,j"
Shanghai,Fee,1.15,-0.03885054216,"a,j"
Shanghai,Fee,1.45,-0.09814797342,"a,j"
Beijing,Fee,0.5,-0.007920304313,"a,j"
Beijing,Fee,7.5,-0.4507511258,"a,j"
Shanghai,Fee,2.5,-0.01247075945,"a,j"
Shanghai,Fee,1.35,-0.09758345783,"a,j"
Shanghai,Fee,0.8,-0.1700741649,"a,j"
Shanghai,Fee,1.55,-0.1111068651,"a,j"
Beijing,Fee,2.65,0.03395793587,"a,j"
Shanghai,Fee,6.8,-0.2348680645,"a,j"
Beijing,Fee,2.5,-0.1191601306,"a,j"
Shanghai,Fee,0.55,0.03693463653,"a,j"
Shanghai,Fee,2.18,0.009568722919,"a,j"
Shanghai,Fee,1.5,-0.1364772916,"a,j"
Shanghai,Fee,1.5,-0.1461399943,"a,j"
Shanghai,Fee,0.45,0.0456992276,"a,j"
Shanghai,Fee,2.48,-0.1114303172,"a,j"
Shanghai,Fee,0.55,-0.00732503226,"a,j"
Guangzhou,Fee,1.8,-0.2430481166,"a,j"
Beijing,Fee,0.96,-0.1062317118,"a,j"
Shanghai,Fee,1.25,0.0945463255,"a,j"
Guangzhou,Fee,2.0,0.04184955359,"a,j"
Shanghai,Fee,0.8,-0.04463112727,"a,j"
Wuhan,Fee,0.7,-0.1325400919,"a,j"
Wuhan,Fee,0.4,-0.1325060576,"a,j"
Wuhan,Fee,1.6,0.02436493523,"a,j"
Shanghai,Fee,2.8,-0.08545935154,"a,j"
Beijing,Fee,1.0,0.01408138499,"a,j"
Guangzhou,Fee,2.0,-0.1962031126,"a,j"
Shanghai,Fee,1.8,-0.1963137537,"a,j"
Wuhan,Fee,0.3,-0.1277681589,"a,j"
Guangzhou,Fee,0.65,-0.03393946961,"a,j"
Guangzhou,Fee,0.5,-0.001703784219,"a,j"
Shanghai,Fee,2.25,-0.03036160395,"a,j"
Shanghai,Fee,2.88,-0.05553803965,"a,j"
Shanghai,Fee,2.9,-0.0947593376,"a,j"
Shanghai,Fee,4.46,0.1648922861,"a,j"
Shanghai,Fee,2.5,-0.04414271563,"a,j"
Guangzhou,Fee,1.0,-0.1506948769,"a,j"
Shanghai,Fee,0.8,-0.01013138704,"a,j"
Guangzhou,Fee,3.7,-0.03195123747,"a,j"
Beijing,Fee,0.98,-0.06960368156,"a,j"
Shanghai,Fee,0.35,0.3382460177,"a,j"
Shanghai,Fee,1.4,-0.04114886746,"a,j"
Wuhan,Fee,2.5,-0.04132574797,"a,j"
Wuhan,Fee,2.95,0.03287858889,"a,j"
Wuhan,Fee,2.8,0.01812355593,"a,j"
Shanghai,Fee,0.5,-0.0407564044,"a,j"
Beijing,Fee,3.88,0.2715182006,"a,j"
Beijing,Fee,1.24,-0.02000587806,"a,j"
Shanghai,Fee,6.8,-0.6618900299,"a,j"
Guangzhou,Fee,2.5,-0.1559278667,"a,j"
Wuhan,Fee,0.5,0.08944281191,"a,j"
Shanghai,Fee,1.2,0.04794927314,"a,j"
Shanghai,Fee,1.9,-0.1625781655,"a,j"
Shanghai,Fee,1.5,-0.09881339967,"a,j"
Shanghai,Fee,2.8,-0.04428746551,"a,j"
Shanghai,Fee,2.5,0.07689106464,"a,j"
Shanghai,Fee,2.0,-0.0452256538,"a,j"
Wuhan,Fee,0.9,-0.1674799472,"a,j"
Shanghai,Fee,0.5,0.02579527162,"a,j"
Guangzhou,Fee,3.7,0.08605590463,"a,j"
Shanghai,Fee,1.55,-0.01159382239,"a,j"
Beijing,Fee,0.9,-0.06200677156,"a,j"
Wuhan,Fee,0.3,0.7361789942,"a,j"
Shanghai,Fee,2.3,-0.09506421536,"a,j"
Wuhan,Fee,4.5,0.0643318668,"a,j"
Wuhan,Fee,0.9,-0.225684166,"a,j"
Beijing,Fee,5.7,-0.7776833773,"a,j"
Shanghai,Fee,1.2,0.0955221653,"a,j"
Shanghai,Fee,2.0,-0.08884052932,"a,j"
Beijing,Fee,1.5,-0.2261334062,"a,j"
Shanghai,Fee,1.2,0.05508299172,"a,j"
Shanghai,Fee,0.8,-0.01426122431,"a,j"
Beijing,Fee,5.0,-0.3887136281,"a,j"
Guangzhou,Fee,2.85,0.08166787028,"a,j"
Wuhan,Fee,2.8,0.03461448103,"a,j"
Guangzhou,Fee,0.8,-0.1641774327,"a,j"
Shanghai,Fee,2.5,-0.07583876699,"a,j"
Wuhan,Fee,2.8,-0.01284828875,"a,j"
Shanghai,Fee,0.6,0.01823017932,"a,j"
Shanghai,Fee,0.8,-0.01182399504,"a,j"
Shanghai,Fee,0.8,-0.03378706053,"a,j"
Beijing,Fee,0.5,-0.01976974308,"a,j"
Guangzhou,Fee,3.7,0.04903299734,"a,j"
Shanghai,Fee,1.25,0.02888425998,"a,j"
Beijing,Fee,0.5,-0.03117885068,"a,j"
Wuhan,Fee,0.5,-0.09875132889,"a,j"
Shanghai,Fee,1.3,0.004854176193,"a,j"
Shanghai,Fee,0.77,-0.06936680526,"a,j"
Shanghai,Fee,1.2,0.03593611345,"a,j"
Shanghai,Fee,1.12,0.005017792806,"a,j"
Shanghai,Fee,0.8,0.01026192214,"a,j"
Beijing,Fee,2.28,-0.001134912716,"a,j"
Shanghai,Fee,0.5,0.009045528248,"a,j"
Shanghai,Fee,0.35,-0.01743054017,"a,j"
Guangzhou,Fee,2.5,0.06779119372,"a,j"
Shanghai,Fee,1.2,0.06213823706,"a,j"
Shanghai,Fee,1.35,-0.08106103539,"a,j"
Shanghai,Fee,0.5,-0.0488913171,"a,j"
Wuhan,Fee,1.8,0.04880081117,"a,j"
Shanghai,Fee,0.3,0.1937379241,"a,j"
Shanghai,Fee,0.6,-0.02663300745,"a,j"
Shanghai,Fee,0.79,-0.05195272714,"a,j"
Beijing,Fee,0.5,0.003429974895,"a,j"
Shanghai,Fee,0.8,-0.02378851548,"a,j"
Beijing,Fee,2.28,0.02504773997,"a,j"
Wuhan,Fee,0.9,-0.07729729265,"a,j"
Beijing,Fee,1.85,-0.02776641771,"a,j"
Shanghai,Fee,1.5,-0.1394206583,"a,j"
Guangzhou,Fee,3.7,-0.08614851534,"a,j"
Beijing,Fee,0.9,-0.07228925824,"a,j"
Shanghai,Fee,2.48,-0.1624733955,"a,j"
Guangzhou,Fee,0.5,0.0812022984,"a,j"
Shanghai,Fee,0.5,0.0195895154,"a,j"
Wuhan,Fee,0.4,-0.07969371229,"a,j"
Shanghai,Fee,2.25,-0.0275816191,"a,j"
Guangzhou,Fee,3.7,0.2141359299,"a,j"
Shanghai,Fee,0.55,-0.0129948128,"a,j"
Beijing,Fee,2.6,0.2636360824,"a,j"
Beijing,Fee,0.9,-0.1175517887,"a,j"
Shanghai,Fee,1.5,-0.2056059092,"a,j"
Beijing,Fee,1.1,-0.08260876685,"a,j"
Guangzhou,Fee,0.8,-0.05099410936,"a,j"
Guangzhou,Fee,2.0,-0.2085576952,"a,j"
Shanghai,Fee,1.0,0.001061559655,"a,j"
Shanghai,Fee,2.7,-0.1029496714,"a,j"
Shanghai,Fee,0.95,-0.02263163589,"a,j"
Shanghai,Fee,1.5,-0.1538380384,"a,j"
Beijing,Fee,2.63,0.07653091848,"a,j"
Shanghai,Fee,0.7,-0.1035334244,"a,j"
Shanghai,Fee,0.8,-0.01492510177,"a,j"
Shanghai,Fee,2.0,-0.08432587981,"a,j"
Wuhan,Fee,0.5,-0.02748471685,"a,j"
Shanghai,Fee,3.5,0.1876155585,"a,j"
Shanghai,Fee,1.2,0.1050595567,"a,j"
Shanghai,Fee,2.0,-0.1027880758,"a,j"
Beijing,Fee,0.5,0.06457603723,"a,j"
Beijing,Fee,0.5,-0.04120548069,"a,j"
Shanghai,Fee,5.1,-0.3528424501,"a,j"
Beijing,Fee,2.0,-0.01245343219,"a,j"
Guangzhou,Fee,0.5,0.0387451686,"a,j"
Wuhan,Fee,0.9,0.005562242121,"a,j"
Wuhan,Fee,2.0,-0.006763497368,"a,j"
Shanghai,Fee,0.62,0.01894787699,"a,j"
Shanghai,Fee,0.6,0.05708344653,"a,j"
Shanghai,Fee,7.5,-0.1445441693,"a,j"
Beijing,Fee,1.69,-0.1014457196,"a,j"
Guangzhou,Fee,3.5,0.2032265663,"a,j"
Beijing,Fee,0.9,-0.036794357,"a,j"
Beijing,Fee,3.0,-0.02070176415,"a,j"
Beijing,Fee,4.98,-0.2409027666,"a,j"
Shanghai,Fee,0.8,-0.03553298861,"a,j"
Beijing,Fee,0.9,-0.08901866525,"a,j"
Shanghai,Fee,0.8,-0.04845662788,"a,j"
Shanghai,Fee,1.58,-0.1725852787,"a,j"
Wuhan,Fee,0.5,-0.0762392059,"a,j"
Guangzhou,Fee,2.8,-0.1665719599,"a,j"
Beijing,Fee,0.8,-0.07549632341,"a,j"
Shanghai,Fee,2.8,0.0602638796,"a,j"
Shanghai,Fee,1.75,-0.1304941922,"a,j"
Shanghai,Fee,0.7,0.009922907688,"a,j"
Shanghai,Fee,0.8,-0.141461432,"a,j"
Wuhan,Fee,2.0,-0.1472542733,"a,j"
Guangzhou,Fee,0.5,0.02931565605,"a,j"
Shanghai,Fee,0.8,-0.04916008562,"a,j"
Shanghai,Fee,2.0,-0.1581116468,"a,j"
Shanghai,Fee,0.3,-0.0767962113,"a,j"
Shanghai,Fee,0.6,0.01367732789,"a,j"
Beijing,Fee,1.12,0.02325258777,"a,j"
Guangzhou,Fee,1.8,-0.04281340167,"a,j"
Beijing,Fee,0.5,0.1073648706,"a,j"
Shanghai,Fee,1.4,-0.02396817692,"a,j"
Shanghai,Fee,0.5,0.09587582201,"a,j"
Beijing,Fee,0.5,-0.0002693436109,"a,j"
Guangzhou,Fee,2.0,-0.1628124118,"a,j"
Wuhan,Fee,0.5,-0.1038206741,"a,j"
Shanghai,Fee,0.5,0.1073897034,"a,j"
Beijing,Fee,0.8,-0.04794516414,"a,j"
Guangzhou,Fee,2.8,0.000477443682,"a,j"
Wuhan,Fee,0.6,-0.1414874941,"a,j"
Shanghai,Fee,0.4,-0.0823950097,"a,j"
Beijing,Fee,1.8,0.01616734266,"a,j"
Shanghai,Fee,2.18,-0.111417152,"a,j"
Shanghai,Fee,2.2,0.1163553149,"a,j"
Shanghai,Fee,1.02,-0.06344260275,"a,j"
Shanghai,Fee,5.5,-0.5723249316,"a,j"
Wuhan,Fee,1.5,-0.1122439429,"a,j"
Beijing,Fee,7.9,-0.4717117548,"a,j"
Wuhan,Fee,2.5,-0.08971340954,"a,j"
Wuhan,Fee,0.5,0.05681771785,"a,j"
Shanghai,Fee,1.1,0.09768339247,"a,j"
Guangzhou,Fee,1.0,0.066378057,"a,j"
Wuhan,Fee,1.88,-0.04709081352,"a,j"
Shanghai,Fee,1.0,-0.01280419808,"a,j"
Beijing,Fee,0.5,0.132592231,"a,j"
Wuhan,Fee,0.8,-0.1738253832,"a,j"
Shanghai,Fee,0.5,-0.01551607158,"a,j"
Shanghai,Fee,1.2,0.05490969494,"a,j"
Shanghai,Fee,2.5,-0.1038110182,"a,j"
Shanghai,Fee,1.0,-0.004602862056,"a,j"
Shanghai,Fee,0.85,-0.05636858568,"a,j"
Shanghai,Fee,2.3,0.07758539915,"a,j"
Shanghai,Fee,2.5,0.02294122241,"a,j"
Shanghai,Fee,0.55,-0.0218971502,"a,j"
Beijing,Fee,0.5,0.002045230009,"a,j"
Wuhan,Fee,0.7,-0.08920801431,"a,j"
Shanghai,Fee,0.45,0.07147681713,"a,j"
Shanghai,Fee,0.6,-0.0293430984,"a,j"
Wuhan,Fee,0.5,-0.06565818936,"a,j"
Shanghai,Fee,1.0,-0.02906075679,"a,j"
Shanghai,Fee,3.0,0.05084272474,"a,j"
Wuhan,Fee,2.0,-0.05517400801,"a,j"
Wuhan,Fee,2.0,-0.007483740337,"a,j"
Shanghai,Fee,2.5,-0.1096280217,"a,j"
Shanghai,Fee,0.85,-0.0642606169,"a,j"
Guangzhou,Fee,2.0,-0.2298303097,"a,j"
Shanghai,Fee,0.65,-0.04447117075,"a,j"
Shanghai,Fee,2.5,-0.1019979045,"a,j"
Beijing,Fee,0.5,0.4645343423,"a,j"
Shanghai,Fee,1.8,-0.02112100273,"a,j"
Shanghai,Fee,0.56,-0.02367736399,"a,j"
Wuhan,Fee,1.7,0.01916366071,"a,j"
Shanghai,Fee,1.5,-0.07258577645,"a,j"
Wuhan,Fee,0.9,-0.08246564865,"a,j"
Shanghai,Fee,0.7,-0.1059948131,"a,j"
Wuhan,Fee,3.5,0.0777426213,"a,j"
Shanghai,Fee,1.8,0.08285629749,"a,j"
Shanghai,Fee,1.2,0.03934102133,"a,j"
Shanghai,Fee,0.7,-0.03293323144,"a,j"
Shanghai,Fee,1.3,0.04343285412,"a,j"
Shanghai,Fee,1.5,-0.1788636744,"a,j"
Shanghai,Fee,0.5,0.07147954404,"a,j"
Beijing,Fee,1.95,-0.004685519729,"a,j"
Beijing,Fee,2.0,-0.1846600771,"a,j"
Beijing,Fee,2.0,-0.1452647448,"a,j"
Shanghai,Fee,1.2,0.05982559547,"a,j"
Beijing,Fee,2.2,0.02852606773,"a,j"
Wuhan,Fee,0.6,0.008499410935,"a,j"
Shanghai,Fee,1.0,-0.01186620165,"a,j"
Shanghai,Fee,1.5,-0.07620053738,"a,j"
Shanghai,Fee,0.5,0.1194413155,"a,j"
Guangzhou,Fee,2.0,-0.1755247861,"a,j"
Shanghai,Fee,0.5,0.02096532658,"a,j"
Shanghai,Fee,0.5,0.01502825972,"a,j"
Shanghai,Fee,0.55,-0.008520444855,"a,j"
Wuhan,Fee,1.9,-0.001718465239,"a,j"
Guangzhou,Fee,2.8,-0.09530189633,"a,j"
Beijing,Fee,1.75,-0.006623144262,"a,j"
Shanghai,Fee,2.36,0.005271230824,"a,j"
Guangzhou,Fee,2.8,-0.08374551684,"a,j"
Shanghai,Fee,4.2,0.5578207374,"a,j"
Shanghai,Fee,0.9,-0.01573530585,"a,j"
Shanghai,Fee,1.35,-0.07654354721,"a,j"
Shanghai,Fee,0.8,-0.07813545316,"a,j"
Wuhan,Fee,1.45,-0.1014531255,"a,j"
Beijing,Fee,5.5,-0.4249468744,"a,j"
Wuhan,Fee,0.5,-0.03898427263,"a,j"
Shanghai,Fee,1.5,-0.07518287748,"a,j"
Beijing,Fee,4.55,0.04652610794,"a,j"
Shanghai,Fee,1.1,0.06006512046,"a,j"
Wuhan,Fee,2.0,-0.0488890782,"a,j"
Shanghai,Fee,0.8,-0.03379355371,"a,j"
Shanghai,Fee,0.55,-0.02227778733,"a,j"
Guangzhou,Fee,0.6,-0.02450395562,"a,j"
Shanghai,Fee,2.0,-0.1874706298,"a,j"
Wuhan,Fee,1.2,0.09431535751,"a,j"
Shanghai,Fee,0.3,0.02063227259,"a,j"
Wuhan,Fee,2.5,-0.1031777114,"a,j"
Wuhan,Fee,0.5,-0.02758167498,"a,j"
Shanghai,Fee,1.2,0.07671888918,"a,j"
Shanghai,Fee,0.8,0.003749492578,"a,j"
Shanghai,Fee,0.5,0.04236113653,"a,j"
Beijing,Fee,1.5,-0.06295301765,"a,j"
Shanghai,Fee,2.0,-0.1424843967,"a,j"
Shanghai,Fee,1.6,-0.1229496151,"a,j"
Shanghai,Fee,0.7,-0.104879044,"a,j"
Wuhan,Fee,1.2,-0.02461864054,"a,j"
Shanghai,Fee,0.75,-0.06602733582,"a,j"
Shanghai,Fee,1.5,-0.111320138,"a,j"
Shanghai,Fee,0.65,-0.0786029622,"a,j"
Shanghai,Fee,0.4,0.1825060397,"a,j"
Guangzhou,Fee,0.9,0.01008122601,"a,j"
Shanghai,Fee,3.0,-0.07840084285,"a,j"
Shanghai,Fee,0.35,-0.00817778334,"a,j"
Shanghai,Fee,0.56,0.06011159346,"a,j"
Beijing,Fee,0.5,0.05913139507,"a,j"
Shanghai,Fee,0.7,-0.05928436294,"a,j"
Shanghai,Fee,0.35,-0.2194616497,"a,j"
Wuhan,Fee,1.2,0.1031803712,"a,j"
Shanghai,Fee,0.5,0.009104361758,"a,j"
Beijing,Fee,3.68,0.4363107085,"a,j"
Wuhan,Fee,0.5,-0.006276831497,"a,j"
Beijing,Fee,1.5,-0.2136085927,"a,j"
Shanghai,Fee,0.8,-0.03340359405,"a,j"
Shanghai,Fee,4.9,-0.143216759,"a,j"
Shanghai,Fee,1.5,-0.07614316791,"a,j"
Beijing,Fee,1.2,-0.07683875412,"a,j"
Shanghai,Fee,2.0,-0.1412662119,"a,j"
Shanghai,Fee,2.0,-0.1421449929,"a,j"
Beijing,Fee,0.6,-0.1101799831,"a,j"
Shanghai,Fee,2.5,0.003339517862,"a,j"
Beijing,Fee,0.9,-0.04251072556,"a,j"
Guangzhou,Fee,2.5,-0.1858102977,"a,j"
Shanghai,Fee,4.8,0.2751414478,"a,j"
Shanghai,Fee,1.4,-0.06275254488,"a,j"
Shanghai,Fee,3.0,0.06746930629,"a,j"
Shanghai,Fee,2.0,-0.1682296544,"a,j"
Wuhan,Fee,0.5,0.01489254553,"a,j"
Guangzhou,Fee,0.6,-0.03210091963,"a,j"
Shanghai,Fee,1.2,0.001432828838,"a,j"
Wuhan,Fee,2.9,-0.03173615411,"a,j"
Shanghai,Fee,1.4,-0.06804921478,"a,j"
Wuhan,Fee,1.8,0.01839440316,"a,j"
Shanghai,Fee,6.9,-0.505302906,"a,j"
Shanghai,Fee,0.65,-0.008747295476,"a,j"
Shanghai,Fee,2.9,0.02698187344,"a,j"
Shanghai,Fee,1.0,0.01433699485,"a,j"
Shanghai,Fee,0.8,-0.01876124181,"a,j"
Shanghai,Fee,1.8,-0.173894003,"a,j"
Shanghai,Fee,0.6,0.009621215984,"a,j"
Guangzhou,Fee,2.8,0.07116685063,"a,j"
Wuhan,Fee,1.8,0.04540942237,"a,j"
Shanghai,Fee,1.5,-0.09743370861,"a,j"
Wuhan,Fee,0.3,-0.04185769334,"a,j"
Beijing,Fee,0.5,0.05196009204,"a,j"
Wuhan,Fee,0.5,-0.07472296059,"a,j"
Shanghai,Fee,3.1,0.2324107587,"a,j"
Wuhan,Fee,5.9,-0.7108755708,"a,j"
Shanghai,Fee,0.6,0.02671697922,"a,j"
Shanghai,Fee,3.8,0.1076149121,"a,j"
Wuhan,Fee,2.5,-0.02721930295,"a,j"
Beijing,Fee,0.48,0.02340367064,"a,j"
Shanghai,Fee,0.9,-0.02892073803,"a,j"
Shanghai,Fee,1.2,0.02069986798,"a,j"
Guangzhou,Fee,2.0,-0.1555820405,"a,j"
Shanghai,Fee,0.8,-0.02327791974,"a,j"
Beijing,Fee,2.68,0.1088059768,"a,j"
Beijing,Fee,3.6,0.1017699987,"a,j"
Wuhan,Fee,1.5,-0.1080798805,"a,j"
Shanghai,Fee,5.0,-0.787486732,"a,j"
Shanghai,Fee,1.2,0.07221742719,"a,j"
Shanghai,Fee,2.1,-0.2272467017,"a,j"
Shanghai,Fee,2.5,0.159383148,"a,j"
Shanghai,Fee,3.7,0.1547717303,"a,j"
Guangzhou,Fee,1.8,-0.08440925926,"a,j"
Wuhan,Fee,2.0,-0.07596576214,"a,j"
Guangzhou,Fee,2.3,-0.149425149,"a,j"
Shanghai,Fee,0.7,-0.01177666895,"a,j"
Shanghai,Fee,2.0,0.005162956193,"a,j"
Shanghai,Fee,2.0,0.04683762416,"a,j"
Guangzhou,Fee,2.0,-0.2039615363,"a,j"
Wuhan,Fee,0.9,-0.04515259713,"a,j"
Shanghai,Fee,4.0,0.3415926397,"a,j"
Wuhan,Fee,3.5,0.1180458665,"a,j"
Shanghai,Fee,1.45,-0.04486647248,"a,j"
Shanghai,Fee,1.55,-0.1013117433,"a,j"
Shanghai,Fee,0.4,-0.248309359,"a,j"
Guangzhou,Fee,3.7,-0.05461041257,"a,j"
Wuhan,Fee,0.5,-0.06652078032,"a,j"
Beijing,Fee,0.7,-0.04313730821,"a,j"
Shanghai,Fee,0.89,-0.05460945517,"a,j"
Shanghai,Fee,1.35,0.005317274947,"a,j"
Shanghai,Fee,0.6,-0.05600700155,"a,j"
Beijing,Fee,0.5,0.02772636898,"a,j"
Shanghai,Fee,2.5,-0.03449957818,"a,j"
Wuhan,Fee,0.5,0.03614516929,"a,j"
Shanghai,Fee,0.6,0.03464836627,"a,j"
Shanghai,Fee,1.0,-0.007886033505,"a,j"
Beijing,Fee,3.2,0.0512291193,"a,j"
Shanghai,Fee,1.0,-0.1101946086,"a,j"
Shanghai,Fee,2.5,-0.1263694465,"a,j"
Beijing,Fee,1.69,-0.09551528841,"a,j"
Guangzhou,Fee,0.5,-0.04453648999,"a,j"
Shanghai,Fee,1.2,0.06289447844,"a,j"
Wuhan,Fee,0.3,-0.09139158577,"a,j"
Shanghai,Fee,0.8,-0.03190013021,"a,j"
Shanghai,Fee,0.8,-0.08663719893,"a,j"
Shanghai,Fee,0.6,-0.04460829869,"a,j"
Shanghai,Fee,0.6,0.005557109602,"a,j"
Guangzhou,Fee,3.7,-0.005919051357,"a,j"
Shanghai,Fee,0.35,-0.1109934598,"a,j"
Shanghai,Fee,0.6,-0.04031948745,"a,j"
Shanghai,Fee,2.5,-0.06356360763,"a,j"
Shanghai,Fee,0.6,-0.03511520103,"a,j"
Shanghai,Fee,0.8,-0.1442815959,"a,j"
Guangzhou,Fee,0.9,-0.1005443633,"a,j"
Shanghai,Fee,0.6,0.02543570846,"a,j"
Shanghai,Fee,0.8,-0.1420806497,"a,j"
Guangzhou,Fee,2.0,-0.1007051766,"a,j"
Guangzhou,Fee,1.95,-0.1531650126,"a,j"
Beijing,Fee,3.88,0.4211669564,"a,j"
Beijing,Fee,1.28,-0.01750927418,"a,j"
Shanghai,Fee,5.1,-0.4281186461,"a,j"
Shanghai,Fee,0.45,0.1042513922,"a,j"
Beijing,Fee,1.85,-0.04392946512,"a,j"
Shanghai,Fee,1.8,-0.1362064332,"a,j"
Shanghai,Fee,1.2,-0.003090744372,"a,j"
Shanghai,Fee,1.35,0.03215708956,"a,j"
Guangzhou,Fee,2.0,-0.135453999,"a,j"
Shanghai,Fee,0.55,-0.02641603537,"a,j"
Guangzhou,Fee,2.2,-0.04775610194,"a,j"
Guangzhou,Fee,1.9,-0.1611937433,"a,j"
Shanghai,Fee,0.9,-0.0267095454,"a,j"
Beijing,Fee,2.0,-0.1877694726,"a,j"
Beijing,Fee,1.27,-0.06885749847,"a,j"
Guangzhou,Fee,2.0,-0.1373479366,"a,j"
Shanghai,Fee,0.4,0.1562293619,"a,j"
Shanghai,Fee,0.5,0.04878641292,"a,j"
Guangzhou,Fee,0.75,-0.01314550918,"a,j"
Beijing,Fee,3.28,-0.01442909241,"a,j"
Shanghai,Fee,8.0,-0.5632625818,"a,j"
Shanghai,Fee,0.35,-0.07641331106,"a,j"
Wuhan,Fee,0.7,-0.1915597171,"a,j"
Shanghai,Fee,0.7,-0.01479985565,"a,j"
Shanghai,Fee,0.8,-0.00840159785,"a,j"
Beijing,Fee,2.5,-0.1842345446,"a,j"
Shanghai,Fee,0.95,-0.01929473877,"a,j"
Shanghai,Fee,0.3,0.1136500016,"a,j"
Shanghai,Fee,1.8,-0.1649810821,"a,j"
Wuhan,Fee,1.8,-0.1339817047,"a,j"
Shanghai,Fee,1.0,-0.03919338807,"a,j"
Shanghai,Fee,1.1,0.0931821987,"a,j"
Shanghai,Fee,7.5,-0.6166192889,"a,j"
Shanghai,Fee,1.58,-0.2019589692,"a,j"
Shanghai,Fee,0.6,0.003417659085,"a,j"
Shanghai,Fee,1.2,0.06319161505,"a,j"
Shanghai,Fee,0.6,-0.0233538188,"a,j"
Guangzhou,Fee,0.8,-0.08557181805,"a,j"
Shanghai,Fee,0.55,0.03784999251,"a,j"
Wuhan,Fee,2.3,0.09371314943,"a,j"
Wuhan,Fee,2.8,-0.02065551654,"a,j"
Shanghai,Fee,2.5,0.06772193313,"a,j"
Shanghai,Fee,0.5,0.05768241361,"a,j"
Shanghai,Fee,0.3,0.113685444,"a,j"
Shanghai,Fee,0.8,-0.03278728947,"a,j"
Shanghai,Fee,0.8,0.004529405851,"a,j"
Beijing,Fee,1.35,-0.1370620728,"a,j"
Shanghai,Fee,1.4,-0.03876851872,"a,j"
Shanghai,Fee,3.5,0.1619475186,"a,j"
Shanghai,Fee,0.8,-0.03321573511,"a,j"
Shanghai,Fee,2.1,-0.120514594,"a,j"
Beijing,Fee,1.61,-0.153740555,"a,j"
Beijing,Fee,0.6,0.1382902563,"a,j"
Shanghai,Fee,3.2,0.0823700577,"a,j"
Shanghai,Fee,1.25,0.03694159165,"a,j"
Wuhan,Fee,1.3,0.06602669507,"a,j"
Shanghai,Fee,1.5,-0.07974711806,"a,j"
Shanghai,Fee,0.6,0.02864252403,"a,j"
Shanghai,Fee,2.8,-0.04040300474,"a,j"
Shanghai,Fee,0.5,0.03483458236,"a,j"
Wuhan,Fee,2.8,-0.1008718461,"a,j"
Shanghai,Fee,1.3,-0.003837747034,"a,j"
Wuhan,Fee,0.5,-0.05413934588,"a,j"
Shanghai,Fee,1.98,0.02769692428,"a,j"
Shanghai,Fee,0.6,0.03274907544,"a,j"
Shanghai,Fee,1.2,-0.009263134561,"a,j"
Wuhan,Fee,0.8,-0.04420947284,"a,j"
Shanghai,Fee,0.6,-0.01524331421,"a,j"
Shanghai,Fee,1.2,0.04890213907,"a,j"
Shanghai,Fee,3.6,0.279830873,"a,j"
Shanghai,Fee,0.4,-0.1433620751,"a,j"
Shanghai,Fee,7.8,-0.2522726059,"a,j"
Guangzhou,Fee,2.0,-0.1896691173,"a,j"
Shanghai,Fee,0.8,-0.03513720259,"a,j"
Wuhan,Fee,1.6,-0.003947015386,"a,j"
Shanghai,Fee,0.7,-0.05780113116,"a,j"
Shanghai,Fee,2.8,-0.01092429087,"a,j"
Shanghai,Fee,0.65,0.04429391026,"a,j"
Shanghai,Fee,0.8,0.01036291849,"a,j"
Wuhan,Fee,0.5,-0.008732268587,"a,j"
Wuhan,Fee,0.5,-0.1640255749,"a,j"
Guangzhou,Fee,2.0,-0.2461259663,"a,j"
Shanghai,Fee,1.6,-0.01649567485,"a,j"
Shanghai,Fee,0.35,-0.0414879173,"a,j"
Shanghai,Fee,0.8,-0.1778540462,"a,j"
Wuhan,Fee,2.6,-0.05955863744,"a,j"
Shanghai,Fee,0.6,-0.04885878786,"a,j"
Wuhan,Fee,3.5,0.1182489544,"a,j"
Shanghai,Fee,0.35,0.06090194359,"a,j"
Guangzhou,Fee,2.0,-0.04263035208,"a,j"
Shanghai,Fee,1.0,-0.1105594411,"a,j"
Shanghai,Fee,4.5,0.1474002153,"a,j"
Guangzhou,Fee,2.0,-0.1413475871,"a,j"
Beijing,Fee,5.0,-0.4100033939,"a,j"
Wuhan,Fee,2.0,-0.00221061334,"a,j"
Shanghai,Fee,2.2,0.09251773357,"a,j"
Wuhan,Fee,0.9,-0.1210908741,"a,j"
Shanghai,Fee,0.33,-0.08127935231,"a,j"
Wuhan,Fee,0.6,-0.05514116585,"a,j"
Wuhan,Fee,1.8,-0.1204883829,"a,j"
Guangzhou,Fee,3.7,0.1617308259,"a,j"
Wuhan,Fee,0.5,0.0005831746385,"a,j"
Wuhan,Fee,0.9,-0.01079394296,"a,j"
Guangzhou,Fee,2.0,-0.1868303865,"a,j"
Guangzhou,Fee,0.9,-0.06495180726,"a,j"
Wuhan,Fee,1.0,0.02903049812,"a,j"
Shanghai,Fee,0.8,-0.1394576728,"a,j"
Shanghai,Fee,0.8,-0.02811863832,"a,j"
Guangzhou,Fee,0.4,0.1416117102,"a,j"
Beijing,Fee,0.65,-0.1420588195,"a,j"
Shanghai,Fee,6.0,-0.9305249453,"a,j"
Shanghai,Fee,2.8,-0.03756225482,"a,j"
Shanghai,Fee,2.5,-0.1911047399,"a,j"
Wuhan,Fee,2.5,-0.04104564711,"a,j"
Shanghai,Fee,0.8,-0.0279981643,"a,j"
Wuhan,Fee,0.6,-0.07155815512,"a,j"
Wuhan,Fee,0.6,0.05910949782,"a,j"
Wuhan,Fee,1.0,-0.01554729883,"a,j"
Shanghai,Fee,1.35,-0.04748028889,"a,j"
Wuhan,Fee,1.98,0.04136368632,"a,j"
Shanghai,Fee,0.6,-0.02663019672,"a,j"
Beijing,Fee,2.0,-0.1897473633,"a,j"
Beijing,Fee,0.9,-0.1803089678,"a,j"
Guangzhou,Fee,2.0,-0.1688508689,"a,j"
Shanghai,Fee,4.8,0.1204928234,"a,j"
Beijing,Fee,0.5,0.1261820793,"a,j"
Guangzhou,Fee,0.9,-0.1038277596,"a,j"
Shanghai,Fee,0.7,-0.04770900309,"a,j"
Shanghai,Fee,7.0,-0.8358311057,"a,j"
Wuhan,Fee,0.5,0.005223964341,"a,j"
Wuhan,Fee,1.0,-0.07460538298,"a,j"
Shanghai,Fee,0.8,-0.1077431515,"a,j"
Shanghai,Fee,2.1,-0.06216436997,"a,j"
Shanghai,Fee,0.8,-0.05735657364,"a,j"
Shanghai,Fee,0.6,-0.01465570834,"a,j"
Shanghai,Fee,1.0,0.02367680706,"a,j"
Shanghai,Fee,0.6,0.008147466928,"a,j"
Shanghai,Fee,1.5,-0.04644783214,"a,j"
Wuhan,Fee,1.5,-0.04569584131,"a,j"
Shanghai,Fee,0.8,-0.04130522534,"a,j"
Guangzhou,Fee,0.9,-0.00083240401,"a,j"
Shanghai,Fee,2.8,0.2036207318,"a,j"
Wuhan,Fee,0.4,-0.01426704228,"a,j"
Shanghai,Fee,0.8,-0.02408472635,"a,j"
Guangzhou,Fee,0.5,0.01884754747,"a,j"
Shanghai,Fee,0.5,0.02136539295,"a,j"
Shanghai,Fee,0.8,-0.06519243866,"a,j"
Shanghai,Fee,0.36,-0.1311792135,"a,j"
Shanghai,Fee,0.6,-0.01529469993,"a,j"
Beijing,Fee,3.0,0.01164786797,"a,j"
Beijing,Fee,1.76,0.05509002879,"a,j"
Shanghai,Fee,6.9,-0.6159373522,"a,j"
Wuhan,Fee,1.8,-0.1435621679,"a,j"
Shanghai,Fee,1.0,-0.04384796321,"a,j"
Shanghai,Fee,0.5,0.2085636407,"a,j"
Shanghai,Fee,0.8,-0.03767360374,"a,j"
Shanghai,Fee,0.5,0.03146873415,"a,j"
Shanghai,Fee,1.96,-0.2075517923,"a,j"
Beijing,Fee,0.8,-0.2292932123,"a,j"
Shanghai,Fee,1.75,-0.06106986105,"a,j"
Shanghai,Fee,0.5,-0.0685018152,"a,j"
Shanghai,Fee,2.9,-0.08210227638,"a,j"
Shanghai,Fee,0.45,0.3117102087,"a,j"
Guangzhou,Fee,1.5,-0.2066116929,"a,j"
Shanghai,Fee,0.5,-0.03828107938,"a,j"
Shanghai,Fee,2.0,-0.07290774584,"a,j"
Wuhan,Fee,3.5,0.3704533875,"a,j"
Shanghai,Fee,0.9,-0.1017030776,"a,j"
Wuhan,Fee,1.9,0.02410357818,"a,j"
Guangzhou,Fee,0.65,0.002618216444,"a,j"
Shanghai,Fee,0.5,0.0712755695,"a,j"
Shanghai,Fee,0.5,0.02962729894,"a,j"
Wuhan,Fee,2.0,-0.04576287791,"a,j"
Shanghai,Fee,0.8,-0.09956261516,"a,j"
Shanghai,Fee,4.0,0.4855360985,"a,j"
Shanghai,Fee,4.2,0.2202125192,"a,j"
Wuhan,Fee,0.5,-0.09152464569,"a,j"
Wuhan,Fee,0.5,-0.1261082888,"a,j"
Shanghai,Fee,0.45,0.04578788206,"a,j"
Shanghai,Fee,3.2,-0.0806754902,"a,j"
Shanghai,Fee,1.0,-0.09577322006,"a,j"
Beijing,Fee,2.5,-0.09487267584,"a,j"
Guangzhou,Fee,2.0,-0.07172341645,"a,j"
Shanghai,Fee,0.75,-0.1020310372,"a,j"
Shanghai,Fee,0.8,-0.01639310457,"a,j"
Guangzhou,Fee,3.7,-0.1054328084,"a,j"
Wuhan,Fee,3.5,0.04208365455,"a,j"
Beijing,Fee,0.5,0.1020553783,"a,j"
Beijing,Fee,3.2,-0.05781384185,"a,j"
Wuhan,Fee,1.2,0.1693013012,"a,j"
Wuhan,Fee,1.2,0.008355665952,"a,j"
Beijing,Fee,0.8,-0.04594422132,"a,j"
Beijing,Fee,0.8,-0.06677801907,"a,j"
Shanghai,Fee,3.4,0.09094523638,"a,j"
Wuhan,Fee,0.5,-0.02131674811,"a,j"
Shanghai,Fee,0.8,-0.04364862666,"a,j"
Guangzhou,Fee,0.4,0.145274058,"a,j"
Beijing,Fee,0.9,-0.05920481682,"a,j"
Beijing,Fee,0.9,-0.04988914356,"a,j"
Wuhan,Fee,0.6,-0.09344163537,"a,j"
Shanghai,Fee,1.48,0.03078885376,"a,j"
Shanghai,Fee,2.2,0.03189953044,"a,j"
Shanghai,Fee,3.8,0.153914541,"a,j"
Shanghai,Fee,1.2,0.02801511064,"a,j"
Shanghai,Fee,1.2,-0.02594606578,"a,j"
Shanghai,Fee,0.6,0.2308210582,"a,j"
Beijing,Fee,2.26,0.1141682565,"a,j"
Wuhan,Fee,1.7,-0.01994193345,"a,j"
Shanghai,Fee,0.8,-0.01936162263,"a,j"
Shanghai,Fee,1.25,0.03950080648,"a,j"
Wuhan,Fee,0.5,-0.01029097475,"a,j"
Shanghai,Fee,1.25,-0.03162267804,"a,j"
Wuhan,Fee,2.3,0.06284253299,"a,j"
Beijing,Fee,1.48,-0.009197923355,"a,j"
Wuhan,Fee,0.8,-0.1571115404,"a,j"
Shanghai,Fee,0.7,-0.1032351851,"a,j"
Beijing,Fee,0.9,-0.1257664561,"a,j"
Shanghai,Fee,0.8,-0.06387139112,"a,j"
Guangzhou,Fee,3.7,-0.003923644312,"a,j"
Wuhan,Fee,0.3,-0.1225160286,"a,j"
Shanghai,Fee,1.6,-0.07437926531,"a,j"
Shanghai,Fee,0.5,0.005547149573,"a,j"
Shanghai,Fee,0.9,-0.05610076338,"a,j"
Shanghai,Fee,2.4,-0.06800001115,"a,j"
Shanghai,Fee,0.8,-0.06303351372,"a,j"
Wuhan,Fee,4.2,0.3178676367,"a,j"
Shanghai,Fee,2.9,0.02700746991,"a,j"
Guangzhou,Fee,0.9,-0.08642553538,"a,j"
Beijing,Fee,1.98,0.01066625025,"a,j"
Shanghai,Fee,0.9,4.533631727e-05,"a,j"
Shanghai,Fee,0.6,0.003693656996,"a,j"
Guangzhou,Fee,0.9,-0.1704055071,"a,j"
Shanghai,Fee,0.8,-0.02569274604,"a,j"
Shanghai,Fee,1.45,-0.009359420277,"a,j"
Shanghai,Fee,1.5,-0.1003832296,"a,j"
Shanghai,Fee,2.0,-0.1169106215,"a,j"
Shanghai,Fee,0.8,-0.08199270815,"a,j"
Guangzhou,Fee,2.8,0.08198274672,"a,j"
Shanghai,Fee,2.5,0.006793931592,"a,j"
Shanghai,Fee,1.2,-0.01600212418,"a,j"
Shanghai,Fee,1.2,0.02658675052,"a,j"
Shanghai,Fee,6.9,-0.4083465338,"a,j"
Shanghai,Fee,1.9,-0.08258987963,"a,j"
Shanghai,Fee,1.55,-0.1220968887,"a,j"
Guangzhou,Fee,0.5,0.1230559349,"a,j"
Shanghai,Fee,6.9,-0.6071804166,"a,j"
Guangzhou,Fee,3.7,-0.1054328084,"a,j"
Beijing,Fee,1.0,-0.2002641261,"a,j"
Shanghai,Fee,1.1,0.1314700246,"a,j"
Shanghai,Fee,0.6,-0.01530897524,"a,j"
Shanghai,Fee,0.6,0.005955089815,"a,j"
Shanghai,Fee,1.35,-0.01141921803,"a,j"
Beijing,Fee,2.5,-0.1139936969,"a,j"
Guangzhou,Fee,1.5,-0.2438545227,"a,j"
Shanghai,Fee,1.0,-0.03401618078,"a,j"
Shanghai,Fee,3.5,0.1573131531,"a,j"
Shanghai,Fee,2.6,0.04810267314,"a,j"
Shanghai,Fee,0.35,-0.1120515764,"a,j"
Shanghai,Fee,4.5,-0.1862038523,"a,j"
Shanghai,Fee,0.5,0.0231551975,"a,j"
Guangzhou,Fee,1.5,-0.08894767612,"a,j"
Beijing,Fee,0.5,0.02087852918,"a,j"
Beijing,Fee,1.3,-0.02686052397,"a,j"
Shanghai,Fee,2.0,-0.03645937145,"a,j"
Shanghai,Fee,0.4,0.2318654209,"a,j"
Beijing,Fee,2.84,-0.03974396363,"a,j"
Shanghai,Fee,4.0,0.4401071668,"a,j"
Shanghai,Fee,0.3,0.02374352701,"a,j"
Shanghai,Fee,2.5,0.03100093082,"a,j"
Wuhan,Fee,1.5,-0.02941416949,"a,j"
Shanghai,Fee,0.8,-0.01206499338,"a,j"
Shanghai,Fee,0.6,-0.1585154533,"a,j"
Shanghai,Fee,4.7,0.2202558368,"a,j"
Wuhan,Fee,0.5,-0.01034695469,"a,j"
Guangzhou,Fee,0.9,-0.2104125321,"a,j"
Wuhan,Fee,0.7,-0.0754879564,"a,j"
Shanghai,Fee,2.0,-0.1186015978,"a,j"
Shanghai,Fee,0.4,-0.1696025282,"a,j"
Beijing,Fee,1.0,-0.1344318986,"a,j"
Wuhan,Fee,0.5,0.08116580546,"a,j"
Shanghai,Fee,2.9,0.06094833091,"a,j"
Wuhan,Fee,1.5,-0.0006530852988,"a,j"
Guangzhou,Fee,0.9,-0.04494742304,"a,j"
Shanghai,Fee,0.8,-0.1339012831,"a,j"
Wuhan,Fee,1.1,0.1102371886,"a,j"
Beijing,Fee,2.8,0.04932392761,"a,j"
Shanghai,Fee,0.5,0.02471355163,"a,j"
Guangzhou,Fee,1.8,-0.1790817976,"a,j"
Shanghai,Fee,0.8,-0.03235385194,"a,j"
Shanghai,Fee,0.8,-0.07685872912,"a,j"
Shanghai,Fee,1.5,-0.1471542269,"a,j"
Guangzhou,Fee,0.6,0.02792115882,"a,j"
Shanghai,Fee,1.98,0.0754327029,"a,j"
Shanghai,Fee,0.5,-0.105734989,"a,j"
Shanghai,Fee,6.35,-0.1732104719,"a,j"
Guangzhou,Fee,2.0,0.1018157378,"a,j"
Beijing,Fee,0.8,-0.1455598623,"a,j"
Shanghai,Fee,0.6,-0.05807735398,"a,j"
Shanghai,Fee,2.2,-0.1225532517,"a,j"
Guangzhou,Fee,3.7,0.001449580304,"a,j"
Guangzhou,Fee,1.8,0.008193179034,"a,j"
Shanghai,Fee,0.8,-0.02768806368,"a,j"
Shanghai,Fee,0.8,0.01600309275,"a,j"
Shanghai,Fee,2.5,-0.0870141983,"a,j"
Shanghai,Fee,4.5,0.172472626,"a,j"
Shanghai,Fee,3.5,0.266857028,"a,j"
Shanghai,Fee,2.3,0.05775968358,"a,j"
Shanghai,Fee,2.1,-0.2246526331,"a,j"
Shanghai,Fee,1.2,0.07869935781,"a,j"
Beijing,Fee,1.85,-0.0274400115,"a,j"
Shanghai,Fee,0.5,0.1340396106,"a,j"
Guangzhou,Fee,1.2,-0.04975827783,"a,j"
Guangzhou,Fee,5.0,0.146974951,"a,j"
Shanghai,Fee,1.8,0.04965663701,"a,j"
Shanghai,Fee,0.6,0.04607444257,"a,j"
Shanghai,Fee,1.7,-0.1717326343,"a,j"
Beijing,Fee,1.1,-0.09930180013,"a,j"
Guangzhou,Fee,0.5,-0.05374563485,"a,j"
Wuhan,Fee,0.3,-0.07329642028,"a,j"
Wuhan,Fee,0.5,-0.09233585745,"a,j"
Wuhan,Fee,1.8,-0.05333752558,"a,j"
Shanghai,Fee,0.5,-0.01839320734,"a,j"
Wuhan,Fee,0.5,-0.01574777067,"a,j"
Shanghai,Fee,1.38,-0.03090368211,"a,j"
Shanghai,Fee,0.75,-0.02654320747,"a,j"
Shanghai,Fee,0.36,-0.02948597632,"a,j"
Shanghai,Fee,1.1,0.07919550687,"a,j"
Shanghai,Fee,0.3,0.1396604031,"a,j"
Shanghai,Fee,3.2,-0.03486949578,"a,j"
Shanghai,Fee,0.5,-0.03941803053,"a,j"
Guangzhou,Fee,2.0,-0.2336999923,"a,j"
Shanghai,Fee,1.5,-0.07753488421,"a,j"
Shanghai,Fee,0.48,-0.08284448087,"a,j"
Shanghai,Fee,1.65,-0.07951695472,"a,j"
Wuhan,Fee,0.5,-0.09983176738,"a,j"
Wuhan,Fee,1.9,-0.02407285944,"a,j"
Wuhan,Fee,0.9,-0.1297423989,"a,j"
Guangzhou,Fee,1.8,-0.09507897496,"a,j"
Shanghai,Fee,0.8,-0.03616847098,"a,j"
Shanghai,Fee,4.2,0.336345911,"a,j"
Shanghai,Fee,0.8,-0.04333222285,"a,j"
Shanghai,Fee,0.3,0.3650296926,"a,j"
Beijing,Fee,0.55,0.004973346367,"a,j"
Shanghai,Fee,0.5,0.08382829279,"a,j"
Shanghai,Fee,1.5,-0.06141428649,"a,j"
Shanghai,Fee,1.3,0.05690280721,"a,j"
Shanghai,Fee,1.2,0.08476865292,"a,j"
Beijing,Fee,3.5,0.2541367114,"a,j"
Shanghai,Fee,0.83,-0.04952855408,"a,j"
Shanghai,Fee,2.0,-0.115248397,"a,j"
Wuhan,Fee,2.8,-0.04070594907,"a,j"
Wuhan,Fee,0.6,-0.02661506087,"a,j"
Shanghai,Fee,6.9,-0.6909047961,"a,j"
Shanghai,Fee,1.2,0.04805495963,"a,j"
Shanghai,Fee,0.8,-0.1079970151,"a,j"
Guangzhou,Fee,0.9,-0.1847626418,"a,j"
Shanghai,Fee,1.55,-0.1165929362,"a,j"
Beijing,Fee,1.28,-0.1351648867,"a,j"
Shanghai,Fee,1.5,-0.08381580561,"a,j"
Shanghai,Fee,4.8,-0.2649965584,"a,j"
Guangzhou,Fee,0.7,-0.0309179984,"a,j"
Beijing,Fee,0.9,-0.07447788119,"a,j"
Guangzhou,Fee,2.8,-0.1691401154,"a,j"
Shanghai,Fee,2.0,-0.1608479768,"a,j"
Wuhan,Fee,1.6,-0.04213217273,"a,j"
Shanghai,Fee,1.6,-0.1618126333,"a,j"
Beijing,Fee,0.9,-0.07217705995,"a,j"
Wuhan,Fee,0.9,-0.002328512026,"a,j"
Shanghai,Fee,2.5,-0.06655167043,"a,j"
Shanghai,Fee,0.56,-0.02071229927,"a,j"
Wuhan,Fee,2.3,0.1718231291,"a,j"
Beijing,Fee,4.98,-0.07426789403,"a,j"
Shanghai,Fee,0.45,0.1524354666,"a,j"
Shanghai,Fee,0.6,-0.075773485,"a,j"
Wuhan,Fee,0.3,-0.1361918449,"a,j"
Shanghai,Fee,2.8,-0.127306208,"a,j"
Shanghai,Fee,2.8,-0.09239371121,"a,j"
Shanghai,Fee,1.0,-0.04179130122,"a,j"
Shanghai,Fee,2.5,-0.06939314306,"a,j"
Beijing,Fee,2.5,0.1329009682,"a,j"
Shanghai,Fee,1.2,0.04188804328,"a,j"
Shanghai,Fee,2.1,-0.1964805126,"a,j"
Shanghai,Fee,0.35,0.1466903538,"a,j"
Beijing,Fee,5.6,-0.660461247,"a,j"
Shanghai,Fee,3.5,0.4184170961,"a,j"
Beijing,Fee,2.28,0.06737689674,"a,j"
Wuhan,Fee,2.0,-0.0217580907,"a,j"
Shanghai,Fee,2.8,0.06169972941,"a,j"
Wuhan,Fee,0.5,-0.01376805641,"a,j"
Shanghai,Fee,3.45,-0.03280994296,"a,j"
Beijing,Fee,0.5,0.03202721104,"a,j"
Beijing,Fee,0.5,-0.05096510798,"a,j"
Beijing,Fee,2.2,-0.04772088304,"a,j"
Shanghai,Fee,0.5,0.01817843318,"a,j"
Shanghai,Fee,2.5,-0.003879084252,"a,j"
Wuhan,Fee,2.0,-0.1052496657,"a,j"
Guangzhou,Fee,1.8,-0.08828482032,"a,j"
Shanghai,Fee,0.8,-0.03501295298,"a,j"
Beijing,Fee,0.8,-0.05818285793,"a,j"
Shanghai,Fee,0.5,-0.003135307692,"a,j"
Beijing,Fee,0.8,-0.07569469512,"a,j"
Wuhan,Fee,0.5,0.01220308524,"a,j"
Guangzhou,Fee,1.0,-0.09412837029,"a,j"
Shanghai,Fee,0.44,-0.08521130681,"a,j"
Shanghai,Fee,0.8,-0.04731059819,"a,j"
Shanghai,Fee,0.3,-0.05341729149,"a,j"
Shanghai,Fee,1.5,-0.0920170024,"a,j"
Wuhan,Fee,0.5,-0.0363339968,"a,j"
Wuhan,Fee,1.5,0.02025150321,"a,j"
Guangzhou,Fee,0.5,0.05038286,"a,j"
Beijing,Fee,0.5,0.05079522729,"a,j"
Guangzhou,Fee,3.5,0.2161728293,"a,j"
Shanghai,Fee,0.48,0.2124323696,"a,j"
Beijing,Fee,6.19,-0.415173322,"a,j"
Wuhan,Fee,1.2,0.08958442509,"a,j"
Guangzhou,Fee,5.0,0.146651715,"a,j"
Beijing,Fee,0.8,-0.1326493919,"a,j"
Shanghai,Fee,2.2,0.05768507719,"a,j"
Shanghai,Fee,3.8,0.2396915853,"a,j"
Wuhan,Fee,0.8,-0.08170984685,"a,j"
Beijing,Fee,3.2,-0.08092798293,"a,j"
Wuhan,Fee,1.8,-0.01530785952,"a,j"
Shanghai,Fee,1.2,0.04678380489,"a,j"
Shanghai,Fee,2.8,-0.01252203993,"a,j"
Shanghai,Fee,0.6,-0.01825891808,"a,j"
Shanghai,Fee,2.18,-0.01899368502,"a,j"
Shanghai,Fee,4.51,0.0873350352,"a,j"
Shanghai,Fee,0.9,-0.04955922067,"a,j"
Shanghai,Fee,2.1,0.06252752244,"a,j"
Guangzhou,Fee,3.6,0.2999124229,"a,j"
Wuhan,Fee,1.5,-0.07474995404,"a,j"
Shanghai,Fee,0.5,-0.009651249275,"a,j"
Beijing,Fee,2.8,0.2239567041,"a,j"
Wuhan,Fee,1.4,-0.05311122909,"a,j"
Shanghai,Fee,4.5,0.2543404698,"a,j"
Shanghai,Fee,0.55,0.02991615608,"a,j"
Shanghai,Fee,0.5,0.02949161455,"a,j"
Shanghai,Fee,0.3,0.1031937301,"a,j"
Guangzhou,Fee,2.0,-0.1525090784,"a,j"
Shanghai,Fee,1.1,0.02757267654,"a,j"
Wuhan,Fee,1.8,-0.1704996228,"a,j"
Wuhan,Fee,3.5,0.09528829902,"a,j"
Shanghai,Fee,1.5,-0.1370041668,"a,j"
Wuhan,Fee,2.0,-0.2640034258,"a,j"
Beijing,Fee,0.6,0.03075593337,"a,j"
Wuhan,Fee,0.5,0.04934165254,"a,j"
Shanghai,Fee,1.48,0.01139091235,"a,j"
Shanghai,Fee,0.45,-0.01372193079,"a,j"
Guangzhou,Fee,2.8,0.1914243251,"a,j"
Shanghai,Fee,5.5,-0.8710364699,"a,j"
Beijing,Fee,2.58,0.06759246439,"a,j"
Wuhan,Fee,1.8,0.1012695208,"a,j"
Shanghai,Fee,1.5,-0.1259781122,"a,j"
Shanghai,Fee,0.8,-0.03396546841,"a,j"
Wuhan,Fee,0.4,-0.1634306014,"a,j"
Guangzhou,Fee,3.5,0.04854886234,"a,j"
Beijing,Fee,0.5,0.0007310456131,"a,j"
Shanghai,Fee,1.45,-0.06755980104,"a,j"
Shanghai,Fee,0.8,-0.02201116085,"a,j"
Shanghai,Fee,5.1,-0.3711518645,"a,j"
Shanghai,Fee,2.0,-0.1427129209,"a,j"
Shanghai,Fee,0.9,-0.03888132423,"a,j"
Shanghai,Fee,0.8,-0.02664980106,"a,j"
Shanghai,Fee,1.95,-0.0777868405,"a,j"
Beijing,Fee,1.0,-0.09177128971,"a,j"
Shanghai,Fee,0.5,0.008847834542,"a,j"
Guangzhou,Fee,0.9,-0.1760429889,"a,j"
Wuhan,Fee,1.3,0.04214960709,"a,j"
Shanghai,Fee,1.2,0.04405102879,"a,j"
Shanghai,Fee,2.8,-0.024150135,"a,j"
Shanghai,Fee,0.8,-0.1081528068,"a,j"
Beijing,Fee,1.8,0.01023424044,"a,j"
Beijing,Fee,1.2,0.006633977406,"a,j"
Wuhan,Fee,3.5,0.09021443129,"a,j"
Shanghai,Fee,1.15,-0.0227806326,"a,j"
Shanghai,Fee,1.5,-0.1169016361,"a,j"
Shanghai,Fee,0.42,0.3741385043,"a,j"
Wuhan,Fee,1.0,-0.03470391035,"a,j"
Beijing,Fee,0.9,-0.05164188147,"a,j"
Guangzhou,Fee,2.0,-0.1067602709,"a,j"
Beijing,Fee,1.0,-0.1312594563,"a,j"
Shanghai,Fee,1.2,0.07544163615,"a,j"
Shanghai,Fee,1.6,-0.06637794524,"a,j"
Beijing,Fee,0.9,-0.04244737327,"a,j"
Shanghai,Fee,1.1,0.0624534972,"a,j"
Shanghai,Fee,1.5,0.007377782837,"a,j"
Shanghai,Fee,3.1,0.07794487476,"a,j"
Shanghai,Fee,0.8,-0.07126004249,"a,j"
Guangzhou,Fee,0.8,-0.02362358011,"a,j"
Shanghai,Fee,0.6,0.01763327233,"a,j"
Beijing,Fee,1.14,0.07561478764,"a,j"
Shanghai,Fee,3.0,-0.1280287057,"a,j"
Wuhan,Fee,1.6,-0.06747974455,"a,j"
Shanghai,Fee,0.9,-0.06666811556,"a,j"
Shanghai,Fee,0.45,-0.03462785855,"a,j"
Shanghai,Fee,0.5,0.1029692665,"a,j"
Wuhan,Fee,0.9,-0.1405408829,"a,j"
Shanghai,Fee,1.2,-0.004065744113,"a,j"
Shanghai,Fee,1.1,0.03611209244,"a,j"
Beijing,Fee,0.94,-0.06007751077,"a,j"
Shanghai,Fee,1.5,-0.1251100451,"a,j"
Beijing,Fee,2.2,0.1764189899,"a,j"
Shanghai,Fee,3.0,0.1582049876,"a,j"
Beijing,Fee,8.0,-0.4109089971,"a,j"
Shanghai,Fee,4.0,0.4847455621,"a,j"
Guangzhou,Fee,0.9,-0.03039133176,"a,j"
Shanghai,Fee,1.2,0.1149891317,"a,j"
Beijing,Fee,0.9,-0.0740018785,"a,j"
Shanghai,Fee,0.45,0.01816844568,"a,j"
Shanghai,Fee,0.5,-0.01610485464,"a,j"
Guangzhou,Fee,3.79,0.4748183489,"a,j"
Shanghai,Fee,0.6,0.105747506,"a,j"
Beijing,Fee,0.5,0.1187949404,"a,j"
Wuhan,Fee,0.5,-0.07045059651,"a,j"
Shanghai,Fee,0.8,-0.01392798126,"a,j"
Wuhan,Fee,0.5,-0.09826915711,"a,j"
Shanghai,Fee,0.5,0.1072468311,"a,j"
Shanghai,Fee,2.0,-0.1362119168,"a,j"
Shanghai,Fee,0.5,0.08016618341,"a,j"
Wuhan,Fee,0.8,-0.06303232908,"a,j"
Guangzhou,Fee,0.6,-0.03543208539,"a,j"
Shanghai,Fee,3.8,0.1695067883,"a,j"
Wuhan,Fee,0.5,-0.04712028801,"a,j"
Shanghai,Fee,1.0,-0.02824587934,"a,j"
Wuhan,Fee,0.8,-0.02965848148,"a,j"
Shanghai,Fee,1.5,-0.1572254747,"a,j"
Shanghai,Fee,0.7,0.009263882414,"a,j"
Shanghai,Fee,1.7,-0.1019728705,"a,j"
Shanghai,Fee,2.0,-0.1377148032,"a,j"
Shanghai,Fee,2.0,-0.1576417238,"a,j"
Shanghai,Fee,5.0,-0.7604862452,"a,j"
Wuhan,Fee,1.8,-0.03353891894,"a,j"
Wuhan,Fee,4.2,0.3128593564,"a,j"
Wuhan,Fee,0.4,-0.2771661878,"a,j"
Shanghai,Fee,1.2,0.0572239235,"a,j"
Shanghai,Fee,0.4,-0.1800738126,"a,j"
Shanghai,Fee,0.5,-0.04668068141,"a,j"
Shanghai,Fee,2.5,0.02741944604,"a,j"
Guangzhou,Fee,1.0,0.05191334337,"a,j"
Shanghai,Fee,0.9,-0.1271274537,"a,j"
Shanghai,Fee,0.5,-0.01983797178,"a,j"
Beijing,Fee,1.0,-0.2143637389,"a,j"
Shanghai,Fee,1.38,0.01000347175,"a,j"
Wuhan,Fee,0.5,-0.06541413069,"a,j"
Wuhan,Fee,0.5,0.01751226559,"a,j"
Shanghai,Fee,2.0,-0.004167603329,"a,j"
Shanghai,Fee,2.5,-0.0892168209,"a,j"
Wuhan,Fee,0.6,-0.07912668586,"a,j"
Shanghai,Fee,0.9,-0.07444450259,"a,j"
Shanghai,Fee,0.5,0.01928766817,"a,j"
Wuhan,Fee,0.8,-0.1417744905,"a,j"
Shanghai,Fee,1.45,-0.1353133172,"a,j"
Beijing,Fee,0.8,-0.2320663035,"a,j"
Beijing,Fee,2.8,-0.05960570648,"a,j"
Beijing,Fee,0.9,-0.03463381901,"a,j"
Shanghai,Fee,1.5,-0.1340657771,"a,j"
Guangzhou,Fee,2.0,-0.2037758678,"a,j"
Guangzhou,Fee,0.5,-0.01049618982,"a,j"
Wuhan,Fee,2.8,0.1595871747,"a,j"
Shanghai,Fee,0.7,-0.01971773431,"a,j"
Shanghai,Fee,0.5,0.04856587946,"a,j"
Shanghai,Fee,1.98,0.08228460699,"a,j"
Wuhan,Fee,2.95,-0.03585151583,"a,j"
Shanghai,Fee,0.45,0.3051592708,"a,j"
Shanghai,Fee,1.7,-0.1626421958,"a,j"
Shanghai,Fee,3.3,0.1652687788,"a,j"
Wuhan,Fee,0.9,0.0137229953,"a,j"
Shanghai,Fee,0.7,-0.008350740187,"a,j"
Shanghai,Fee,0.5,-0.02440274879,"a,j"
Beijing,Fee,2.8,0.1062464043,"a,j"
Shanghai,Fee,1.6,-0.06817978621,"a,j"
Shanghai,Fee,1.0,-0.04625315592,"a,j"
Guangzhou,Fee,0.9,-0.1118636057,"a,j"
Wuhan,Fee,2.2,0.1021004841,"a,j"
Shanghai,Fee,0.8,-0.04141014069,"a,j"
Shanghai,Fee,0.5,0.06629217416,"a,j"
Guangzhou,Fee,0.9,-0.05876679718,"a,j"
Beijing,Fee,1.2,0.01187715679,"a,j"
Shanghai,Fee,0.8,-0.1018952802,"a,j"
Wuhan,Fee,0.7,-0.1290855557,"a,j"
Shanghai,Fee,1.1,0.04626151919,"a,j"
Guangzhou,Fee,1.8,-0.001606292091,"a,j"
Shanghai,Fee,0.5,-0.006824887358,"a,j"
Wuhan,Fee,0.4,-0.05723517388,"a,j"
Shanghai,Fee,3.5,0.3220223784,"a,j"
Wuhan,Fee,1.2,0.1377817094,"a,j"
Beijing,Fee,2.0,-0.1739483625,"a,j"
Shanghai,Fee,0.65,-0.07505126297,"a,j"
Shanghai,Fee,0.5,-0.05285606906,"a,j"
Guangzhou,Fee,1.8,-0.03143998235,"a,j"
Beijing,Fee,0.7,-0.09363283217,"a,j"
Shanghai,Fee,1.85,-0.1243623048,"a,j"
Guangzhou,Fee,2.5,-0.05561881885,"a,j"
Wuhan,Fee,3.5,0.4481312633,"a,j"
Shanghai,Fee,0.6,0.01670811325,"a,j"
Guangzhou,Fee,1.2,0.0699345246,"a,j"
Shanghai,Fee,0.6,-0.01919235289,"a,j"
Wuhan,Fee,0.8,-0.0220406428,"a,j"
Wuhan,Fee,0.5,0.1333161145,"a,j"
Shanghai,Fee,2.9,-0.0497844778,"a,j"
Guangzhou,Fee,3.0,0.001955929678,"a,j"
Beijing,Fee,2.6,0.06415334344,"a,j"
Wuhan,Fee,0.6,0.01965536922,"a,j"
Wuhan,Fee,1.0,0.01197010651,"a,j"
Shanghai,Fee,6.8,-0.3890619278,"a,j"
Shanghai,Fee,0.85,-0.01479233708,"a,j"
Wuhan,Fee,0.8,-0.1293427348,"a,j"
Beijing,Fee,0.9,-0.06108939275,"a,j"
Shanghai,Fee,0.7,-0.02361183241,"a,j"
Wuhan,Fee,1.8,-0.1135282591,"a,j"
Wuhan,Fee,3.2,0.1315058917,"a,j"
Beijing,Fee,2.6,0.07402148843,"a,j"
Beijing,Fee,0.5,-0.1043437868,"a,j"
Guangzhou,Fee,2.5,0.009748494253,"a,j"
Shanghai,Fee,1.2,0.05887953192,"a,j"
Shanghai,Fee,0.5,0.0001579715172,"a,j"
Shanghai,Fee,0.3,-0.08939522505,"a,j"
Shanghai,Fee,0.6,0.1649223715,"a,j"
Guangzhou,Fee,1.0,-0.07901503891,"a,j"
Wuhan,Fee,0.5,-0.01482534967,"a,j"
Shanghai,Fee,0.5,0.04032509029,"a,j"
Shanghai,Fee,3.88,0.3247714043,"a,j"
Shanghai,Fee,3.6,0.2034856528,"a,j"
Shanghai,Fee,1.5,-0.08979302645,"a,j"
Shanghai,Fee,1.2,0.03252039477,"a,j"
Wuhan,Fee,2.0,-0.1563005298,"a,j"
Shanghai,Fee,2.1,-0.1105528325,"a,j"
Wuhan,Fee,0.7,-0.1915597171,"a,j"
Shanghai,Fee,2.0,0.012525497,"a,j"
Wuhan,Fee,0.3,-0.08572556823,"a,j"
Wuhan,Fee,1.5,-0.1276986897,"a,j"
Shanghai,Fee,4.2,0.1161434725,"a,j"
Beijing,Fee,1.2,-0.04371913895,"a,j"
Beijing,Fee,2.8,0.04763289168,"a,j"
Wuhan,Fee,0.9,-0.002456918359,"a,j"
Shanghai,Fee,6.0,-0.3961743116,"a,j"
Shanghai,Fee,0.6,0.01212344691,"a,j"
Shanghai,Fee,8.0,-0.542250216,"a,j"
Wuhan,Fee,3.0,0.3614726067,"a,j"
Shanghai,Fee,5.5,-0.5388356447,"a,j"
Shanghai,Fee,0.8,-0.05605044216,"a,j"
Shanghai,Fee,1.32,-0.01776047051,"a,j"
Beijing,Fee,0.5,0.06722549349,"a,j"
Wuhan,Fee,3.5,0.1089413464,"a,j"
Beijing,Fee,0.5,0.04208040237,"a,j"
Shanghai,Fee,0.7,-0.01507683564,"a,j"
Beijing,Fee,0.68,-0.05699409917,"a,j"
Beijing,Fee,1.2,0.00472926721,"a,j"
Shanghai,Fee,0.7,0.01624478959,"a,j"
Guangzhou,Fee,2.0,-0.009634693153,"a,j"
Shanghai,Fee,0.5,0.01158302929,"a,j"
Shanghai,Fee,0.55,-0.04101926461,"a,j"
Shanghai,Fee,1.5,-0.2132019252,"a,j"
Wuhan,Fee,3.5,0.0896236971,"a,j"
Shanghai,Fee,0.8,-0.1298981011,"a,j"
Shanghai,Fee,1.2,0.04349448532,"a,j"
Shanghai,Fee,4.7,0.191843614,"a,j"
Shanghai,Fee,1.2,0.1039701924,"a,j"
Guangzhou,Fee,2.0,-0.247851342,"a,j"
Guangzhou,Fee,5.0,-0.8867532015,"a,j"
Shanghai,Fee,0.8,-0.03385426104,"a,j"
Shanghai,Fee,7.5,-0.6989207268,"a,j"
Shanghai,Fee,1.2,0.06933584064,"a,j"
Wuhan,Fee,0.6,-0.009841270745,"a,j"
Beijing,Fee,0.8,-0.1128677279,"a,j"
Shanghai,Fee,0.5,-0.0003839819692,"a,j"
Wuhan,Fee,1.5,-0.05224784091,"a,j"
Beijing,Fee,0.8,-0.1404429823,"a,j"
Shanghai,Fee,4.5,0.201391995,"a,j"
Shanghai,Fee,1.5,-0.0649529174,"a,j"
Beijing,Fee,2.1,0.007740510628,"a,j"
Shanghai,Fee,0.8,-0.1395160556,"a,j"
Shanghai,Fee,0.45,0.05970411375,"a,j"
Shanghai,Fee,1.2,0.04297990724,"a,j"
Shanghai,Fee,2.8,-0.1134771481,"a,j"
Wuhan,Fee,0.5,0.01829364151,"a,j"
Guangzhou,Fee,3.7,0.114968963,"a,j"
Shanghai,Fee,0.73,0.007318378892,"a,j"
Guangzhou,Fee,2.2,0.1418833882,"a,j"
Shanghai,Fee,0.5,-0.05961515382,"a,j"
Shanghai,Fee,1.2,0.03225311264,"a,j"
Shanghai,Fee,1.2,0.1090713665,"a,j"
Shanghai,Fee,0.3,-0.0246852953,"a,j"
Shanghai,Fee,0.85,-0.0241188556,"a,j"
Shanghai,Fee,2.95,0.2123802006,"a,j"
Shanghai,Fee,0.8,-0.02291811816,"a,j"
Shanghai,Fee,1.0,-0.02941995114,"a,j"
Shanghai,Fee,0.45,-0.09893468022,"a,j"
Wuhan,Fee,0.6,-0.001183239277,"a,j"
Shanghai,Fee,1.55,-0.1500946432,"a,j"
Shanghai,Fee,0.6,0.01669675857,"a,j"
Shanghai,Fee,0.9,-0.03251593933,"a,j"
Shanghai,Fee,0.5,0.01026323531,"a,j"
Shanghai,Fee,1.0,-0.1249004975,"a,j"
Shanghai,Fee,0.8,-0.09581099451,"a,j"
Wuhan,Fee,1.0,-0.07214742154,"a,j"
Shanghai,Fee,1.04,-0.001592118293,"a,j"
Beijing,Fee,0.5,0.01754523069,"a,j"
Shanghai,Fee,1.2,0.07379987836,"a,j"
Wuhan,Fee,0.6,-0.02641269565,"a,j"
Shanghai,Fee,5.8,-0.354670763,"a,j"
Wuhan,Fee,3.5,0.03037434816,"a,j"
Shanghai,Fee,2.2,0.07485172153,"a,j"
Shanghai,Fee,0.9,-0.0793241486,"a,j"
Shanghai,Fee,1.85,-0.0442606546,"a,j"
Beijing,Fee,3.2,-0.1064590067,"a,j"
Guangzhou,Fee,0.9,-0.09201383591,"a,j"
Shanghai,Fee,0.6,-0.00425003795,"a,j"
Shanghai,Fee,0.9,-0.03932200745,"a,j"
Shanghai,Fee,0.9,-0.03286178038,"a,j"
Shanghai,Fee,2.3,-0.09467023611,"a,j"
Wuhan,Fee,5.0,-0.4125579596,"a,j"
Shanghai,Fee,1.22,0.03479177877,"a,j"
Shanghai,Fee,1.21,0.02741111442,"a,j"
Shanghai,Fee,0.6,-0.0001689089695,"a,j"
Shanghai,Fee,4.0,0.2898789644,"a,j"
Beijing,Fee,0.9,-0.07240949571,"a,j"
Shanghai,Fee,3.5,0.3535122573,"a,j"
Shanghai,Fee,2.4,-0.1376979202,"a,j"
Shanghai,Fee,0.6,0.02473269217,"a,j"
Guangzhou,Fee,1.5,-0.1073256135,"a,j"
Shanghai,Fee,0.5,0.03580617532,"a,j"
Shanghai,Fee,1.8,-0.1223223805,"a,j"
Shanghai,Fee,1.96,-0.1780395061,"a,j"
Shanghai,Fee,1.9,-0.1084675342,"a,j"
Shanghai,Fee,1.2,0.03992121667,"a,j"
Shanghai,Fee,1.8,0.04006799683,"a,j"
Wuhan,Fee,3.5,0.08973711729,"a,j"
Beijing,Fee,1.99,-0.1025751382,"a,j"
Guangzhou,Fee,2.8,0.3726785183,"a,j"
Shanghai,Fee,3.25,-0.03066516668,"a,j"
Wuhan,Fee,0.65,-0.1268289536,"a,j"
Wuhan,Fee,0.5,-0.03931402415,"a,j"
Shanghai,Fee,2.35,0.004565376323,"a,j"
Shanghai,Fee,2.0,-0.0610967651,"a,j"
Shanghai,Fee,1.35,-0.0384188816,"a,j"
Shanghai,Fee,0.5,-0.03320058435,"a,j"
Beijing,Fee,3.4,0.1155253127,"a,j"
Shanghai,Fee,2.5,-0.009418511763,"a,j"
Shanghai,Fee,0.6,0.01314390637,"a,j"
Guangzhou,Fee,0.5,-0.05361218005,"a,j"
Shanghai,Fee,2.0,-0.03778630868,"a,j"
Wuhan,Fee,1.0,-0.05686565489,"a,j"
Shanghai,Fee,2.0,-0.08166279644,"a,j"
Shanghai,Fee,0.6,-0.1078359932,"a,j"
Wuhan,Fee,0.8,-0.06329409778,"a,j"
Beijing,Fee,5.0,-0.2903050184,"a,j"
Shanghai,Fee,0.3,0.1585655361,"a,j"
Shanghai,Fee,0.5,0.01260738634,"a,j"
Beijing,Fee,0.8,-0.05103454739,"a,j"
Shanghai,Fee,0.8,-0.01519893389,"a,j"
Shanghai,Fee,0.6,-0.05396359041,"a,j"
Guangzhou,Fee,2.0,-0.03487148881,"a,j"
Shanghai,Fee,2.17,-0.02169574611,"a,j"
Beijing,Fee,2.5,0.1004270539,"a,j"
Beijing,Fee,1.2,-0.0548424162,"a,j"
Wuhan,Fee,0.9,-0.06803165376,"a,j"
Shanghai,Fee,0.7,0.006752925925,"a,j"
Shanghai,Fee,0.5,0.1290196478,"a,j"
Shanghai,Fee,0.7,-0.1192401424,"a,j"
Wuhan,Fee,1.44,-0.03710949421,"a,j"
Shanghai,Fee,1.2,0.01140242722,"a,j"
Beijing,Fee,0.5,0.04774414003,"a,j"
Shanghai,Fee,1.2,0.1006808132,"a,j"
Shanghai,Fee,4.98,-0.7602428198,"a,j"
Shanghai,Fee,1.2,0.02466498502,"a,j"
Shanghai,Fee,1.5,-0.06608209759,"a,j"
Shanghai,Fee,0.6,0.005629640073,"a,j"
Beijing,Fee,0.7,-0.1406718493,"a,j"
Shanghai,Fee,1.0,-0.04930217192,"a,j"
Guangzhou,Fee,2.8,0.2304583043,"a,j"
Wuhan,Fee,2.6,-0.01101552602,"a,j"
Shanghai,Fee,0.58,-0.1487271637,"a,j"
Shanghai,Fee,2.5,-0.08508659154,"a,j"
Shanghai,Fee,1.5,-0.07425347716,"a,j"
Shanghai,Fee,3.9,0.1159310415,"a,j"
Beijing,Fee,0.5,0.03387729824,"a,j"
Guangzhou,Fee,0.6,-0.01938704029,"a,j"
Wuhan,Fee,1.0,-0.01357301511,"a,j"
Shanghai,Fee,0.8,-0.009298728779,"a,j"
Guangzhou,Fee,0.5,-0.1460085362,"a,j"
Wuhan,Fee,2.98,0.2206267565,"a,j"
Shanghai,Fee,0.35,0.02767701074,"a,j"
Shanghai,Fee,1.3,-0.1225286126,"a,j"
Shanghai,Fee,1.25,-0.04151471704,"a,j"
Shanghai,Fee,1.1,0.0948459357,"a,j"
Shanghai,Fee,0.5,0.2195094675,"a,j"
Guangzhou,Fee,3.8,0.1504061073,"a,j"
Shanghai,Fee,2.0,-0.1287354082,"a,j"
Shanghai,Fee,3.2,0.008359735832,"a,j"
Wuhan,Fee,0.9,0.001335896552,"a,j"
Wuhan,Fee,0.5,0.01760211214,"a,j"
Wuhan,Fee,0.4,-0.1601660699,"a,j"
Wuhan,Fee,1.6,-0.1758666188,"a,j"
Shanghai,Fee,0.5,0.02206176706,"a,j"
Beijing,Fee,0.5,-0.03852142021,"a,j"
Guangzhou,Fee,2.0,-0.1316519678,"a,j"
Shanghai,Fee,0.85,-0.08022802323,"a,j"
Shanghai,Fee,1.0,-0.03044186905,"a,j"
Wuhan,Fee,1.5,-0.08123502135,"a,j"
Wuhan,Fee,0.9,0.007406661287,"a,j"
Shanghai,Fee,0.45,-0.1037847251,"a,j"
Shanghai,Fee,1.35,-0.02936541662,"a,j"
Beijing,Fee,0.56,0.04011883214,"a,j"
Shanghai,Fee,0.8,-0.0322176069,"a,j"
Beijing,Fee,5.0,-0.3362281621,"a,j"
Shanghai,Fee,2.5,-0.02054846287,"a,j"
Shanghai,Fee,1.25,-0.02170648985,"a,j"
Beijing,Fee,4.0,0.2600001991,"a,j"
Wuhan,Fee,0.8,-0.07960262895,"a,j"
Shanghai,Fee,2.5,-0.05070156977,"a,j"
Beijing,Fee,1.35,-0.1013422608,"a,j"
Shanghai,Fee,2.0,-0.2139934301,"a,j"
Wuhan,Fee,1.0,-0.08277121186,"a,j"
Wuhan,Fee,0.8,-0.0165938288,"a,j"
Beijing,Fee,1.0,-0.005199784879,"a,j"
Beijing,Fee,3.95,0.7555359602,"a,j"
Guangzhou,Fee,2.0,-0.1593110561,"a,j"
Wuhan,Fee,1.4,0.009262580425,"a,j"
Guangzhou,Fee,0.9,-0.06731174886,"a,j"
Beijing,Fee,0.5,-0.0528196767,"a,j"
Guangzhou,Fee,2.8,0.002640108578,"a,j"
Beijing,Fee,0.4,0.1036786735,"a,j"
Wuhan,Fee,2.2,0.1186106354,"a,j"
Shanghai,Fee,3.4,0.01092849299,"a,j"
Beijing,Fee,2.5,0.07463388145,"a,j"
Beijing,Fee,2.0,-0.05529888719,"a,j"
Shanghai,Fee,2.1,-0.07970249653,"a,j"
Shanghai,Fee,0.6,0.003890012391,"a,j"
Wuhan,Fee,3.5,0.1668988615,"a,j"
Shanghai,Fee,0.45,0.02830106951,"a,j"
Shanghai,Fee,1.88,0.06474477053,"a,j"
Shanghai,Fee,0.8,-0.0462156646,"a,j"
Shanghai,Fee,3.5,0.1913426816,"a,j"
Shanghai,Fee,3.2,0.03423302248,"a,j"
Shanghai,Fee,0.5,-0.00304385554,"a,j"
Shanghai,Fee,1.2,0.07621390373,"a,j"
Shanghai,Fee,2.1,-0.04341549054,"a,j"
Wuhan,Fee,4.5,0.01343036909,"a,j"
Guangzhou,Fee,3.7,0.0892059803,"a,j"
Shanghai,Fee,2.0,-0.1041080058,"a,j"
Wuhan,Fee,1.8,0.008553720079,"a,j"
Beijing,Fee,0.5,-0.06824361533,"a,j"
Wuhan,Fee,0.5,-0.1161558628,"a,j"
Guangzhou,Fee,1.2,0.1272739023,"a,j"
Wuhan,Fee,0.8,-0.1034078151,"a,j"
Guangzhou,Fee,0.9,-0.1704055071,"a,j"
Beijing,Fee,4.2,0.3774344325,"a,j"
Shanghai,Fee,2.1,-0.08841850609,"a,j"
Shanghai,Fee,6.2,-0.5559037328,"a,j"
Wuhan,Fee,0.6,-0.1334110647,"a,j"
Wuhan,Fee,0.9,-0.04917445406,"a,j"
Shanghai,Fee,1.75,-0.1635553986,"a,j"
Shanghai,Fee,1.97,-0.0577522777,"a,j"
Shanghai,Fee,2.5,-0.02989832312,"a,j"
Shanghai,Fee,0.35,-0.0698524788,"a,j"
Shanghai,Fee,2.4,-0.06524640322,"a,j"
Shanghai,Fee,0.5,0.02884097211,"a,j"
Wuhan,Fee,3.27,0.1605583727,"a,j"
Wuhan,Fee,1.0,0.03846673295,"a,j"
Shanghai,Fee,5.0,-0.5205193162,"a,j"
Wuhan,Fee,1.2,0.1439400315,"a,j"
Shanghai,Fee,3.2,-0.07232489437,"a,j"
Shanghai,Fee,1.5,-0.144775793,"a,j"
Wuhan,Fee,3.6,0.6267732382,"a,j"
Shanghai,Fee,0.45,0.2469819635,"a,j"
Shanghai,Fee,2.0,-0.1817378849,"a,j"
Wuhan,Fee,0.5,0.02405410074,"a,j"
Shanghai,Fee,0.6,0.02224663086,"a,j"
Shanghai,Fee,2.1,-0.1086679921,"a,j"
Shanghai,Fee,1.5,-0.09973589331,"a,j"
Wuhan,Fee,1.98,0.1338066012,"a,j"
Shanghai,Fee,2.2,-0.03128350154,"a,j"
Shanghai,Fee,2.1,-0.08056347072,"a,j"
Beijing,Fee,0.55,-0.02831474319,"a,j"
Beijing,Fee,0.48,-0.1166457757,"a,j"
Wuhan,Fee,4.2,0.2225879282,"a,j"
Wuhan,Fee,0.6,-0.02669028938,"a,j"
Guangzhou,Fee,1.5,-0.1355026066,"a,j"
Shanghai,Fee,0.6,0.0007495135069,"a,j"
Beijing,Fee,1.5,-0.1130190715,"a,j"
Shanghai,Fee,1.96,0.04211318865,"a,j"
Wuhan,Fee,1.2,0.108805649,"a,j"
Shanghai,Fee,8.0,-0.8485646248,"a,j"
Shanghai,Fee,0.8,-0.09494322538,"a,j"
Wuhan,Fee,1.88,-0.03370218724,"a,j"
Shanghai,Fee,3.5,0.1313686818,"a,j"
Shanghai,Fee,0.6,-0.10375081,"a,j"
Guangzhou,Fee,1.5,-0.08863925189,"a,j"
Beijing,Fee,1.8,0.003278452903,"a,j"
Shanghai,Fee,1.2,0.04899068922,"a,j"
Beijing,Fee,0.65,-0.1409037411,"a,j"
Shanghai,Fee,1.89,0.02523534,"a,j"
Shanghai,Fee,0.45,-0.102559939,"a,j"
Shanghai,Fee,0.5,0.02390392497,"a,j"
Shanghai,Fee,0.7,-0.05113552883,"a,j"
Beijing,Fee,1.0,0.1320735663,"a,j"
Shanghai,Fee,0.6,-0.03541551158,"a,j"
Beijing,Fee,0.5,0.05669587851,"a,j"
Wuhan,Fee,0.5,-0.08926767856,"a,j"
Shanghai,Fee,0.8,-0.05503105372,"a,j"
Shanghai,Fee,0.5,0.06991758198,"a,j"
Wuhan,Fee,0.8,-0.03214327991,"a,j"
Beijing,Fee,0.9,-0.09272056073,"a,j"
Beijing,Fee,1.0,-0.1708136201,"a,j"
Shanghai,Fee,0.9,-0.04955922067,"a,j"
Shanghai,Fee,4.0,0.3746681213,"a,j"
Shanghai,Fee,0.75,-0.02941451035,"a,j"
Shanghai,Fee,0.5,0.03318126872,"a,j"
Guangzhou,Fee,2.0,-0.1708673537,"a,j"
Shanghai,Fee,2.1,-0.06945851445,"a,j"
Beijing,Fee,5.0,-0.359680146,"a,j"
Shanghai,Fee,0.65,0.01848495938,"a,j"
Shanghai,Fee,1.25,-0.007108222228,"a,j"
Shanghai,Fee,0.9,-0.01997710206,"a,j"
Wuhan,Fee,2.8,-0.03990457207,"a,j"
Wuhan,Fee,0.8,-0.0365161933,"a,j"
Shanghai,Fee,2.5,-0.05366963148,"a,j"
Shanghai,Fee,6.0,-0.2629776895,"a,j"
Shanghai,Fee,0.6,-0.01552989427,"a,j"
Wuhan,Fee,1.2,0.09461242706,"a,j"
Shanghai,Fee,0.8,-0.05974148586,"a,j"
Shanghai,Fee,1.35,-0.07482477278,"a,j"
Shanghai,Fee,1.35,0.02277245,"a,j"
Shanghai,Fee,0.9,-0.03203104064,"a,j"
Shanghai,Fee,0.68,-0.03509822115,"a,j"
Wuhan,Fee,0.3,0.0001692278311,"a,j"
Shanghai,Fee,0.8,-0.1149945781,"a,j"
Shanghai,Fee,0.8,-0.1294479072,"a,j"
Shanghai,Fee,0.7,-0.01300371252,"a,j"
Guangzhou,Fee,0.5,0.001681175549,"a,j"
Shanghai,Fee,2.0,0.1723014563,"a,j"
Shanghai,Fee,1.55,-0.1306239665,"a,j"
Beijing,Fee,0.65,-0.0902319476,"a,j"
Shanghai,Fee,0.9,-0.05753942952,"a,j"
Shanghai,Fee,0.55,-0.01451942138,"a,j"
Shanghai,Fee,1.05,-0.02271124907,"a,j"
Shanghai,Fee,1.4,-0.04122887552,"a,j"
Wuhan,Fee,1.5,-0.1084947214,"a,j"
Guangzhou,Fee,2.5,0.1623926759,"a,j"
Beijing,Fee,3.8,0.3433824182,"a,j"
Guangzhou,Fee,2.0,-0.157760635,"a,j"
Shanghai,Fee,4.51,0.08239091933,"a,j"
Shanghai,Fee,2.3,-0.1281080246,"a,j"
Guangzhou,Fee,2.8,0.1743727177,"a,j"
Wuhan,Fee,2.2,0.1694653183,"a,j"
Shanghai,Fee,1.8,-0.1199685633,"a,j"
Shanghai,Fee,0.7,-0.01470717788,"a,j"
Wuhan,Fee,1.5,-0.1647414267,"a,j"
Shanghai,Fee,0.5,0.003746184288,"a,j"
Wuhan,Fee,0.5,-0.002856894163,"a,j"
Shanghai,Fee,3.2,-0.02580963075,"a,j"
Shanghai,Fee,1.65,-0.03353497386,"a,j"
Beijing,Fee,1.0,-0.1869156808,"a,j"
Shanghai,Fee,0.9,-0.05242216587,"a,j"
Shanghai,Fee,2.0,-0.1918904632,"a,j"
Shanghai,Fee,1.25,0.0192264989,"a,j"
Shanghai,Fee,1.5,-0.1182583272,"a,j"
Shanghai,Fee,0.55,-0.005815618206,"a,j"
Guangzhou,Fee,3.0,0.004241940565,"a,j"
Shanghai,Fee,2.98,-0.0862904042,"a,j"
Wuhan,Fee,4.5,0.0643318668,"a,j"
Shanghai,Fee,0.5,0.00108483131,"a,j"
Shanghai,Fee,1.8,-0.07258670032,"a,j"
Wuhan,Fee,0.8,-0.08559112996,"a,j"
Guangzhou,Fee,2.0,-0.2215936929,"a,j"
Beijing,Fee,2.1,-0.04112948105,"a,j"
Wuhan,Fee,1.5,0.06471893936,"a,j"
Wuhan,Fee,2.0,-0.03766572475,"a,j"
Wuhan,Fee,0.5,0.07769541442,"a,j"
Wuhan,Fee,1.0,-0.002462751232,"a,j"
Wuhan,Fee,0.5,-0.01133111864,"a,j"
Shanghai,Fee,3.9,0.3523873985,"a,j"
Shanghai,Fee,1.2,-0.02863029391,"a,j"
Wuhan,Fee,0.9,-0.1299451739,"a,j"
Beijing,Fee,1.98,-0.03121006116,"a,j"
Shanghai,Fee,6.2,-0.3403158784,"a,j"
Shanghai,Fee,0.45,0.02756278962,"a,j"
Wuhan,Fee,2.98,0.1818211377,"a,j"
Beijing,Fee,0.58,-0.1368938088,"a,j"
Shanghai,Fee,1.2,0.08915676922,"a,j"
Shanghai,Fee,4.2,0.5615537763,"a,j"
Shanghai,Fee,1.5,-0.1546930075,"a,j"
Guangzhou,Fee,2.2,-0.04150165245,"a,j"
Shanghai,Fee,0.7,-0.002218995243,"a,j"
Shanghai,Fee,2.5,0.009579246864,"a,j"
Shanghai,Fee,0.5,0.00808971189,"a,j"
Wuhan,Fee,1.38,-0.07673596591,"a,j"
Shanghai,Fee,2.35,0.1610160023,"a,j"
Shanghai,Fee,2.3,-0.1253121942,"a,j"
Shanghai,Fee,0.8,-0.04959584773,"a,j"
Shanghai,Fee,0.6,-0.001412882237,"a,j"
Shanghai,Fee,1.5,-0.1014159843,"a,j"
Wuhan,Fee,0.8,-0.125027895,"a,j"
Wuhan,Fee,0.6,-0.01898328587,"a,j"
Guangzhou,Fee,5.0,-0.09937309474,"a,j"
Shanghai,Fee,0.5,-0.0009981649928,"a,j"
Shanghai,Fee,1.0,-0.01273646858,"a,j"
Shanghai,Fee,2.0,-0.06338818371,"a,j"
Wuhan,Fee,0.32,-0.1827128828,"a,j"
Shanghai,Fee,1.4,-0.002569578122,"a,j"
Shanghai,Fee,1.5,-0.1605081111,"a,j"
Shanghai,Fee,0.8,-0.02310226671,"a,j"
Wuhan,Fee,2.6,0.0479984656,"a,j"
Shanghai,Fee,1.25,0.01268670149,"a,j"
Shanghai,Fee,0.7,-0.01486130524,"a,j"
Shanghai,Fee,2.18,-0.003048677696,"a,j"
Shanghai,Fee,1.2,0.02265514806,"a,j"
Guangzhou,Fee,2.0,-0.1587592214,"a,j"
Shanghai,Fee,0.6,-0.06146713719,"a,j"
Shanghai,Fee,3.0,0.1072166935,"a,j"
Shanghai,Fee,0.7,-0.03227091581,"a,j"
Shanghai,Fee,0.85,-0.04322513193,"a,j"
Beijing,Fee,1.2,-0.008679201826,"a,j"
Shanghai,Fee,0.6,0.05436754599,"a,j"
Shanghai,Fee,0.8,-0.1497786343,"a,j"
Shanghai,Fee,0.5,0.005988202058,"a,j"
Wuhan,Fee,0.9,-0.1139761582,"a,j"
Shanghai,Fee,0.6,-0.007665956393,"a,j"
Shanghai,Fee,0.6,0.02490313351,"a,j"
Shanghai,Fee,0.5,-0.04915847257,"a,j"
Wuhan,Fee,1.2,-0.03459886461,"a,j"
Wuhan,Fee,1.0,-0.09751582146,"a,j"
Shanghai,Fee,1.35,-0.04468381405,"a,j"
Shanghai,Fee,1.32,0.05901631713,"a,j"
Wuhan,Fee,0.5,-0.1263975501,"a,j"
Wuhan,Fee,1.8,-0.1336573511,"a,j"
Beijing,Fee,2.0,-0.1690417826,"a,j"
Guangzhou,Fee,0.5,-0.04433808103,"a,j"
Shanghai,Fee,2.0,-0.0002530815545,"a,j"
Shanghai,Fee,2.0,0.0009921174496,"a,j"
Shanghai,Fee,1.25,0.02518294193,"a,j"
Shanghai,Fee,1.5,-0.156862393,"a,j"
Guangzhou,Fee,2.2,-0.08754854649,"a,j"
Shanghai,Fee,0.8,-0.009731482714,"a,j"
Beijing,Fee,0.5,-0.01660633087,"a,j"
Wuhan,Fee,0.9,0.002976105548,"a,j"
Shanghai,Fee,3.5,0.179025799,"a,j"
Beijing,Fee,2.68,0.0311083775,"a,j"
Shanghai,Fee,0.9,-0.007230840623,"a,j"
Shanghai,Fee,0.6,0.1215791553,"a,j"
Shanghai,Fee,0.5,0.118951939,"a,j"
Wuhan,Fee,0.6,-0.03637777269,"a,j"
Shanghai,Fee,0.85,-0.04886791483,"a,j"
Shanghai,Fee,6.8,-0.6260642409,"a,j"
Wuhan,Fee,0.5,-0.01386018004,"a,j"
Wuhan,Fee,1.5,-0.03197607026,"a,j"
Wuhan,Fee,0.5,-0.1923523992,"a,j"
Shanghai,Fee,0.8,-0.07835803181,"a,j"
Shanghai,Fee,2.48,-0.1228274703,"a,j"
Shanghai,Fee,0.8,-0.0470359996,"a,j"
Shanghai,Fee,1.4,-0.06950294971,"a,j"
Shanghai,Fee,1.2,0.004784979858,"a,j"
Beijing,Fee,0.9,-0.1147327498,"a,j"
Shanghai,Fee,2.5,-0.1196388602,"a,j"
Shanghai,Fee,4.8,0.1739951521,"a,j"
Shanghai,Fee,6.0,-0.9401281476,"a,j"
Shanghai,Fee,0.45,0.03017639183,"a,j"
Guangzhou,Fee,1.0,-0.1268618554,"a,j"
Wuhan,Fee,0.7,-0.09803994745,"a,j"
Shanghai,Fee,0.5,0.009863385931,"a,j"
Shanghai,Fee,7.5,-0.3974001706,"a,j"
Wuhan,Fee,1.0,-0.1061063409,"a,j"
Guangzhou,Fee,1.2,-0.008611140773,"a,j"
Beijing,Fee,2.68,-0.01885050163,"a,j"
Shanghai,Fee,2.5,-0.03589311615,"a,j"
Guangzhou,Fee,1.45,-0.1370918751,"a,j"
Shanghai,Fee,0.85,-0.1647027731,"a,j"
Wuhan,Fee,0.5,-0.0546759963,"a,j"
Shanghai,Fee,2.0,0.05821827054,"a,j"
Guangzhou,Fee,1.8,-0.1279651523,"a,j"
Shanghai,Fee,0.8,-0.03678238764,"a,j"
Shanghai,Fee,0.7,-0.01608438604,"a,j"
Guangzhou,Fee,0.5,0.0303892456,"a,j"
Shanghai,Fee,0.5,0.007419281639,"a,j"
Shanghai,Fee,0.9,-0.1041591614,"a,j"
Shanghai,Fee,1.0,-0.08901533484,"a,j"
Shanghai,Fee,0.8,-0.02346855029,"a,j"
Shanghai,Fee,1.77,-0.0520859845,"a,j"
Beijing,Fee,2.0,-0.2168103456,"a,j"
Shanghai,Fee,1.5,-0.123497799,"a,j"
Shanghai,Fee,1.1,0.03486225754,"a,j"
Shanghai,Fee,0.5,0.01552185044,"a,j"
Beijing,Fee,1.68,-0.05629112571,"a,j"
Guangzhou,Fee,2.0,-0.09582465142,"a,j"
Shanghai,Fee,1.0,-0.01096804067,"a,j"
Shanghai,Fee,0.8,-0.0297207851,"a,j"
Shanghai,Fee,0.8,-0.04001249,"a,j"
Shanghai,Fee,1.5,-0.1462724209,"a,j"
Shanghai,Fee,1.85,0.04585123062,"a,j"
Shanghai,Fee,0.5,0.04118375853,"a,j"
Wuhan,Fee,2.7,0.07788477093,"a,j"
Shanghai,Fee,0.8,-0.08390343189,"a,j"
Shanghai,Fee,0.9,-0.03029470518,"a,j"
Shanghai,Fee,0.8,-0.08550426364,"a,j"
Wuhan,Fee,0.5,-0.1329972893,"a,j"
Shanghai,Fee,0.6,0.002288673539,"a,j"
Wuhan,Fee,1.2,0.07833557576,"a,j"
Shanghai,Fee,1.46,-0.00475377962,"a,j"
Shanghai,Fee,2.8,-0.05832969397,"a,j"
Wuhan,Fee,0.9,-0.1397272497,"a,j"
Shanghai,Fee,0.5,0.06230475381,"a,j"
Guangzhou,Fee,2.0,-0.2671695352,"a,j"
Shanghai,Fee,2.5,-0.1478089988,"a,j"
Shanghai,Fee,0.8,-0.01161557715,"a,j"
Beijing,Fee,1.5,-0.1626769304,"a,j"
Wuhan,Fee,2.0,0.01644667797,"a,j"
Shanghai,Fee,0.8,-0.01787718013,"a,j"
Beijing,Fee,1.0,-0.2351812273,"a,j"
Shanghai,Fee,2.0,-0.173403278,"a,j"
Shanghai,Fee,2.15,-0.03392200544,"a,j"
Shanghai,Fee,0.8,-0.1324706674,"a,j"
Shanghai,Fee,1.2,0.09246869385,"a,j"
Beijing,Fee,1.55,-0.1730349958,"a,j"
Wuhan,Fee,1.2,0.09601546824,"a,j"
Guangzhou,Fee,1.5,-0.1909454018,"a,j"
Shanghai,Fee,3.5,0.1837559938,"a,j"
Shanghai,Fee,1.78,-0.1390292197,"a,j"
Shanghai,Fee,2.5,-0.08080484718,"a,j"
Shanghai,Fee,1.1,0.09375375509,"a,j"
Beijing,Fee,1.0,-0.1236876547,"a,j"
Shanghai,Fee,0.6,0.02673586085,"a,j"
Shanghai,Fee,8.0,-0.735073328,"a,j"
Wuhan,Fee,2.0,-0.0164157711,"a,j"
Shanghai,Fee,1.5,-0.1731620431,"a,j"
Wuhan,Fee,1.8,-0.1748583615,"a,j"
Shanghai,Fee,1.75,-0.03939565271,"a,j"
Shanghai,Fee,0.5,-0.005917307455,"a,j"
Shanghai,Fee,0.7,-0.00486901775,"a,j"
Wuhan,Fee,0.5,-0.03622476757,"a,j"
Shanghai,Fee,1.9,-0.08734858036,"a,j"
Shanghai,Fee,0.56,-0.0147191016,"a,j"
Wuhan,Fee,1.58,-0.07490047067,"a,j"
Guangzhou,Fee,0.9,-0.04180196673,"a,j"
Wuhan,Fee,1.6,-0.09209121019,"a,j"
Shanghai,Fee,0.4,-0.2318879217,"a,j"
Shanghai,Fee,5.1,-0.7016305923,"a,j"
Shanghai,Fee,0.35,-0.07313556969,"a,j"
Shanghai,Fee,2.1,-0.1964805126,"a,j"
Shanghai,Fee,2.0,-0.003653701395,"a,j"
Shanghai,Fee,1.8,-0.1220012456,"a,j"
Beijing,Fee,7.9,-0.5114753842,"a,j"
Shanghai,Fee,0.7,-0.04361755028,"a,j"
Wuhan,Fee,0.9,-0.0673347488,"a,j"
Beijing,Fee,2.17,0.05555548519,"a,j"
Guangzhou,Fee,0.8,-0.1145629361,"a,j"
Wuhan,Fee,1.4,0.06701660901,"a,j"
Shanghai,Fee,1.2,-0.03119693696,"a,j"
Shanghai,Fee,4.9,0.05800882354,"a,j"
Shanghai,Fee,0.6,0.03844281659,"a,j"
Shanghai,Fee,2.5,-0.04535008594,"a,j"
Shanghai,Fee,2.8,-0.1009037495,"a,j"
Shanghai,Fee,1.4,-0.09733648598,"a,j"
Guangzhou,Fee,3.0,-0.1133126989,"a,j"
Wuhan,Fee,2.6,0.1735205054,"a,j"
Beijing,Fee,1.0,-0.01781531423,"a,j"
Wuhan,Fee,0.85,-0.1182569861,"a,j"
Beijing,Fee,4.98,-0.7993600368,"a,j"
Wuhan,Fee,0.7,-0.1665512621,"a,j"
Shanghai,Fee,1.1,0.01816442236,"a,j"
Wuhan,Fee,0.5,-0.02063412964,"a,j"
Beijing,Fee,2.85,0.3091166019,"a,j"
Wuhan,Fee,0.8,-0.09138404578,"a,j"
Guangzhou,Fee,0.5,-0.02839586139,"a,j"
Wuhan,Fee,0.8,-0.2052862346,"a,j"
Shanghai,Fee,2.3,-0.01031580381,"a,j"
Shanghai,Fee,2.1,-0.01912269369,"a,j"
Shanghai,Fee,6.0,-0.6681451797,"a,j"
Wuhan,Fee,0.3,-0.1111529544,"a,j"
Guangzhou,Fee,1.95,-0.1276688278,"a,j"
Wuhan,Fee,0.3,-0.03888836503,"a,j"
Shanghai,Fee,1.75,-0.03141591325,"a,j"
Shanghai,Fee,0.8,-0.0007401704788,"a,j"
Beijing,Fee,2.5,-0.1369557083,"a,j"
Wuhan,Fee,0.5,0.04784876481,"a,j"
Guangzhou,Fee,2.0,-0.002811029553,"a,j"
Shanghai,Fee,3.0,-0.03888127953,"a,j"
Wuhan,Fee,1.2,0.04838216677,"a,j"
Shanghai,Fee,2.18,-0.1277724057,"a,j"
Shanghai,Fee,2.2,0.109511435,"a,j"
Beijing,Fee,2.16,-0.06921090186,"a,j"
Shanghai,Fee,1.1,-0.0859689042,"a,j"
Shanghai,Fee,3.5,0.1505628973,"a,j"
Shanghai,Fee,1.2,0.04712400958,"a,j"
Shanghai,Fee,2.0,-0.09463120252,"a,j"
Shanghai,Fee,0.6,0.0374709703,"a,j"
Guangzhou,Fee,1.45,-0.1485857815,"a,j"
Shanghai,Fee,0.5,0.0007070659194,"a,j"
Wuhan,Fee,0.5,-0.1520717889,"a,j"
Wuhan,Fee,0.5,-0.09164683521,"a,j"
Shanghai,Fee,0.4,-0.2285014391,"a,j"
Wuhan,Fee,2.0,-0.1261882335,"a,j"
Guangzhou,Fee,2.0,-0.2262245566,"a,j"
Shanghai,Fee,2.0,-0.1371126026,"a,j"
Shanghai,Fee,1.28,-0.01575898379,"a,j"
Wuhan,Fee,2.8,0.2736933231,"a,j"
Shanghai,Fee,2.1,-0.02153063193,"a,j"
Wuhan,Fee,1.6,-0.005088429432,"a,j"
Wuhan,Fee,1.0,-0.07310329378,"a,j"
Wuhan,Fee,1.8,-0.1621202677,"a,j"
Shanghai,Fee,5.1,-0.3876284361,"a,j"
Shanghai,Fee,1.2,0.1067279056,"a,j"
Shanghai,Fee,2.0,-0.06910712272,"a,j"
Shanghai,Fee,0.6,0.001659203554,"a,j"
Shanghai,Fee,1.85,-0.1512897313,"a,j"
Shanghai,Fee,1.45,-0.06132582948,"a,j"
Shanghai,Fee,0.4,-0.1605588347,"a,j"
Shanghai,Fee,2.3,-0.1292913258,"a,j"
Guangzhou,Fee,1.2,0.05224104226,"a,j"
Shanghai,Fee,0.62,0.00423309207,"a,j"
Shanghai,Fee,0.75,-0.07682757825,"a,j"
Guangzhou,Fee,1.1,-0.07805641741,"a,j"
Shanghai,Fee,0.5,-0.003020231146,"a,j"
Wuhan,Fee,0.6,0.1207863688,"a,j"
Beijing,Fee,1.5,-0.1016471907,"a,j"
Shanghai,Fee,0.58,-0.03475105017,"a,j"
Wuhan,Fee,0.5,-0.01396470424,"a,j"
Shanghai,Fee,2.25,-0.02521261573,"a,j"
Guangzhou,Fee,2.0,0.009844284505,"a,j"
Shanghai,Fee,0.5,-0.009457949549,"a,j"
Wuhan,Fee,1.2,0.05789361149,"a,j"
Shanghai,Fee,0.8,-0.02842210233,"a,j"
Shanghai,Fee,3.4,0.04102908075,"a,j"
Wuhan,Fee,1.6,-0.008251896128,"a,j"
Shanghai,Fee,2.5,-0.001154085621,"a,j"
Shanghai,Fee,1.2,0.08292349428,"a,j"
Shanghai,Fee,1.1,0.004743183963,"a,j"
Shanghai,Fee,1.2,0.01714568958,"a,j"
Beijing,Fee,2.0,-0.1383632571,"a,j"
Guangzhou,Fee,0.59,0.02431818843,"a,j"
Wuhan,Fee,1.6,-0.05869646743,"a,j"
Shanghai,Fee,5.0,-0.3349222541,"a,j"
Wuhan,Fee,1.2,0.09379245341,"a,j"
Shanghai,Fee,3.0,-0.05714180321,"a,j"
Shanghai,Fee,0.5,0.05392343178,"a,j"
Shanghai,Fee,0.8,-0.05679325759,"a,j"
Shanghai,Fee,4.8,0.08575408906,"a,j"
Shanghai,Fee,0.45,0.02701791003,"a,j"
Shanghai,Fee,0.8,-0.1243507192,"a,j"
Shanghai,Fee,2.0,-0.1602996141,"a,j"
Shanghai,Fee,0.5,0.009040990844,"a,j"
Shanghai,Fee,0.35,-0.1123176217,"a,j"
Beijing,Fee,0.9,-0.07149300724,"a,j"
Wuhan,Fee,0.4,0.03390608728,"a,j"
Shanghai,Fee,3.0,-0.1351776719,"a,j"
Shanghai,Fee,0.3,0.3787320256,"a,j"
Shanghai,Fee,1.4,-0.07185024023,"a,j"
Wuhan,Fee,0.6,-0.0694822371,"a,j"
Beijing,Fee,0.5,0.03719605505,"a,j"
Wuhan,Fee,3.5,0.2584255934,"a,j"
Shanghai,Fee,2.48,-0.09257570654,"a,j"
Shanghai,Fee,0.35,-0.1225572526,"a,j"
Wuhan,Fee,0.5,0.001068150159,"a,j"
Shanghai,Fee,6.8,-0.6157799363,"a,j"
Guangzhou,Fee,1.2,-0.08024303615,"a,j"
Shanghai,Fee,0.57,0.03389427811,"a,j"
Shanghai,Fee,2.0,-0.13253133,"a,j"
Wuhan,Fee,0.65,0.05627365038,"a,j"
Wuhan,Fee,1.2,0.1241153702,"a,j"
Shanghai,Fee,1.1,-0.0001412678394,"a,j"
Wuhan,Fee,1.8,0.1407051086,"a,j"
Guangzhou,Fee,3.8,0.1751490235,"a,j"
Wuhan,Fee,0.5,-0.07071416825,"a,j"
Shanghai,Fee,2.0,-0.1625828892,"a,j"
Wuhan,Fee,0.6,-0.0624814406,"a,j"
Shanghai,Fee,0.5,0.02281256765,"a,j"
Shanghai,Fee,0.6,0.001731125172,"a,j"
Wuhan,Fee,2.5,-0.07898239791,"a,j"
Shanghai,Fee,2.1,-0.1121839285,"a,j"
Shanghai,Fee,0.3,0.02812900208,"a,j"
Shanghai,Fee,0.8,-0.006117112003,"a,j"
Shanghai,Fee,3.0,-0.03668987751,"a,j"
Guangzhou,Fee,0.5,0.02242056653,"a,j"
Guangzhou,Fee,0.5,0.1045239344,"a,j"
Beijing,Fee,0.6,-0.04685797915,"a,j"
Wuhan,Fee,0.7,-0.008833078668,"a,j"
Shanghai,Fee,2.8,-0.09211493284,"a,j"
Wuhan,Fee,1.0,0.02627746016,"a,j"
Beijing,Fee,1.0,-0.1138348803,"a,j"
Shanghai,Fee,0.64,0.005905489903,"a,j"
Wuhan,Fee,0.9,-0.1014165208,"a,j"
Shanghai,Fee,3.2,-0.07232121378,"a,j"
Shanghai,Fee,0.7,-0.01486320794,"a,j"
Beijing,Fee,4.8,0.1532459706,"a,j"
Shanghai,Fee,0.8,-0.04216619581,"a,j"
Beijing,Fee,0.8,-0.07949445397,"a,j"
Shanghai,Fee,0.5,0.0131014809,"a,j"
Shanghai,Fee,2.4,-0.1258081049,"a,j"
Guangzhou,Fee,4.6,0.04846555367,"a,j"
Beijing,Fee,0.9,-0.1193132475,"a,j"
Wuhan,Fee,1.2,0.1615573466,"a,j"
Beijing,Fee,0.5,0.01843706518,"a,j"
Guangzhou,Fee,1.2,0.04071288928,"a,j"
Shanghai,Fee,0.8,0.0129115833,"a,j"
Shanghai,Fee,1.05,0.01469619013,"a,j"
Beijing,Fee,0.6,-0.08820587397,"a,j"
Shanghai,Fee,2.75,0.1008824483,"a,j"
Shanghai,Fee,0.3,-0.04281422496,"a,j"
Shanghai,Fee,1.2,0.04653827474,"a,j"
Shanghai,Fee,1.28,0.0448009558,"a,j"
Shanghai,Fee,5.5,-0.700881958,"a,j"
Guangzhou,Fee,0.5,-0.01269456185,"a,j"
Shanghai,Fee,1.6,-0.1936398149,"a,j"
Shanghai,Fee,2.0,-0.04164645076,"a,j"
Shanghai,Fee,4.8,0.2189462632,"a,j"
Shanghai,Fee,0.5,-0.06520870328,"a,j"
Wuhan,Fee,0.55,-0.02816929296,"a,j"
Guangzhou,Fee,0.5,0.1335150898,"a,j"
Beijing,Fee,2.5,-0.09863395244,"a,j"
Beijing,Fee,3.0,-0.07849825174,"a,j"
Beijing,Fee,0.9,-0.06397008896,"a,j"
Shanghai,Fee,0.3,-0.01513882913,"a,j"
Shanghai,Fee,3.5,0.422637403,"a,j"
Shanghai,Fee,0.8,-0.07373443246,"a,j"
Shanghai,Fee,0.8,-0.1007144898,"a,j"
Shanghai,Fee,1.0,-0.052993536,"a,j"
Wuhan,Fee,0.5,-0.008974377066,"a,j"
Shanghai,Fee,0.9,-0.1018373743,"a,j"
Guangzhou,Fee,0.5,0.1619756818,"a,j"
Guangzhou,Fee,2.0,-0.12426202,"a,j"
Shanghai,Fee,0.7,-0.1004108861,"a,j"
Shanghai,Fee,0.8,-0.02636108547,"a,j"
Shanghai,Fee,2.0,-0.1820207387,"a,j"
Wuhan,Fee,0.9,-0.03276082873,"a,j"
Shanghai,Fee,3.8,0.4679144323,"a,j"
Shanghai,Fee,0.4,0.05523019284,"a,j"
Guangzhou,Fee,0.5,0.1507832855,"a,j"
Shanghai,Fee,0.68,-0.1114328206,"a,j"
Shanghai,Fee,0.6,0.04548250884,"a,j"
Guangzhou,Fee,2.2,-0.08750207722,"a,j"
Shanghai,Fee,1.2,0.1168824509,"a,j"
Shanghai,Fee,4.5,-0.04870628193,"a,j"
Wuhan,Fee,0.5,-0.1083034202,"a,j"
Wuhan,Fee,2.0,0.1129630432,"a,j"
Shanghai,Fee,0.8,-0.0230335705,"a,j"
Shanghai,Fee,0.54,-0.02044331282,"a,j"
Shanghai,Fee,1.2,0.02929152735,"a,j"
Wuhan,Fee,2.0,0.09054508805,"a,j"
Wuhan,Fee,1.0,-0.01500690822,"a,j"
Wuhan,Fee,0.9,-0.1216922626,"a,j"
Shanghai,Fee,0.8,-0.03958365321,"a,j"
Beijing,Fee,1.68,-0.1235719621,"a,j"
Shanghai,Fee,0.9,-0.01693486795,"a,j"
Shanghai,Fee,3.9,0.1617914438,"a,j"
Beijing,Fee,0.5,0.09176341444,"a,j"
Shanghai,Fee,0.5,0.07014843076,"a,j"
Shanghai,Fee,1.2,0.04155201092,"a,j"
Shanghai,Fee,1.2,0.1050978228,"a,j"
Shanghai,Fee,0.6,-0.06917573512,"a,j"
Shanghai,Fee,0.4,0.09139207751,"a,j"
Shanghai,Fee,2.0,-0.112708047,"a,j"
Shanghai,Fee,2.8,0.1047970727,"a,j"
Guangzhou,Fee,2.0,-0.1553475708,"a,j"
Shanghai,Fee,1.0,0.01811209507,"a,j"
Shanghai,Fee,3.0,-0.03993922472,"a,j"
Wuhan,Fee,1.2,0.1155796945,"a,j"
Shanghai,Fee,0.45,0.01683456637,"a,j"
Wuhan,Fee,0.9,-0.1596610248,"a,j"
Shanghai,Fee,0.4,-0.220777899,"a,j"
Shanghai,Fee,1.1,0.06711167097,"a,j"
Wuhan,Fee,1.5,-0.09778959304,"a,j"
Wuhan,Fee,0.3,-0.1889663488,"a,j"
Shanghai,Fee,1.55,-0.165796563,"a,j"
Beijing,Fee,0.53,0.0335168615,"a,j"
Wuhan,Fee,0.7,-0.109268263,"a,j"
Beijing,Fee,2.1,0.006475999486,"a,j"
Shanghai,Fee,2.25,-0.0130834356,"a,j"
Shanghai,Fee,0.5,0.05005906895,"a,j"
Shanghai,Fee,2.0,-0.1974371225,"a,j"
Wuhan,Fee,0.5,-0.05364398658,"a,j"
Guangzhou,Fee,2.48,0.02975752577,"a,j"
Shanghai,Fee,1.2,0.067354545,"a,j"
Shanghai,Fee,0.3,-0.1396344751,"a,j"
Beijing,Fee,0.5,0.06910676509,"a,j"
Shanghai,Fee,1.5,-0.09891465306,"a,j"
Shanghai,Fee,1.1,0.03455924615,"a,j"
Beijing,Fee,2.4,0.1114943698,"a,j"
Guangzhou,Fee,2.0,-0.1599842012,"a,j"
Shanghai,Fee,1.2,0.01642991044,"a,j"
Shanghai,Fee,3.0,-0.07607375085,"a,j"
Shanghai,Fee,0.5,0.04808044061,"a,j"
Shanghai,Fee,1.85,-0.001275925897,"a,j"
Shanghai,Fee,3.0,0.11583253,"a,j"
Wuhan,Fee,0.8,0.00827186089,"a,j"
Shanghai,Fee,0.6,0.03328831121,"a,j"
Shanghai,Fee,0.5,0.01370203588,"a,j"
Shanghai,Fee,0.45,-0.05678883567,"a,j"
Wuhan,Fee,1.2,0.04876220599,"a,j"
Wuhan,Fee,0.5,-0.06288100034,"a,j"
Shanghai,Fee,0.5,0.006869183853,"a,j"
Shanghai,Fee,0.58,-0.1518156976,"a,j"
Shanghai,Fee,3.0,0.1123928726,"a,j"
Wuhan,Fee,1.2,0.0319298543,"a,j"
Wuhan,Fee,1.5,-0.07026017457,"a,j"
Guangzhou,Fee,0.5,0.03298460692,"a,j"
Shanghai,Fee,0.9,-0.09047111124,"a,j"
Beijing,Fee,0.9,-0.06932339817,"a,j"
Shanghai,Fee,0.5,-0.02251011133,"a,j"
Shanghai,Fee,3.7,0.02283551171,"a,j"
Guangzhou,Fee,0.9,-0.07695658505,"a,j"
Shanghai,Fee,1.0,-0.01230627205,"a,j"
Wuhan,Fee,2.0,-0.01492721494,"a,j"
Wuhan,Fee,1.0,-0.1031924784,"a,j"
Guangzhou,Fee,5.1,-0.6342859864,"a,j"
Shanghai,Fee,1.75,-0.03756519035,"a,j"
Wuhan,Fee,0.3,-0.1142454818,"a,j"
Guangzhou,Fee,4.3,0.2064334899,"a,j"
Guangzhou,Fee,2.0,-0.1903108358,"a,j"
Wuhan,Fee,0.8,-0.02765485644,"a,j"
Shanghai,Fee,0.6,-0.03730371594,"a,j"
Shanghai,Fee,2.2,-0.1336662322,"a,j"
Shanghai,Fee,0.7,-0.017717693,"a,j"
Shanghai,Fee,1.35,-0.05479962751,"a,j"
Beijing,Fee,0.68,-0.007242099382,"a,j"
Wuhan,Fee,1.2,-0.03624666482,"a,j"
Guangzhou,Fee,5.0,-0.8781769872,"a,j"
Shanghai,Fee,0.6,0.04782498628,"a,j"
Shanghai,Fee,1.2,0.06540440768,"a,j"
Beijing,Fee,3.9,0.3936853409,"a,j"
Beijing,Fee,0.64,-0.01371666603,"a,j"
Guangzhou,Fee,2.5,-0.0985436663,"a,j"
Shanghai,Fee,0.5,0.04367921874,"a,j"
Wuhan,Fee,1.2,0.07334683836,"a,j"
Beijing,Fee,0.4,0.1477624923,"a,j"
Shanghai,Fee,0.65,-0.04670307413,"a,j"
Beijing,Fee,1.0,-0.04257251322,"a,j"
Shanghai,Fee,2.0,0.05514371768,"a,j"
Guangzhou,Fee,0.6,-0.00362251862,"a,j"
Guangzhou,Fee,1.5,-0.1994004101,"a,j"
Shanghai,Fee,1.5,-0.1228381991,"a,j"
Shanghai,Fee,0.5,-0.03133248165,"a,j"
Guangzhou,Fee,2.0,-0.006547264755,"a,j"
Shanghai,Fee,0.5,-0.06414693594,"a,j"
Shanghai,Fee,2.0,-0.1265911907,"a,j"
Shanghai,Fee,0.6,0.02153559774,"a,j"
Shanghai,Fee,1.38,0.01986321434,"a,j"
Shanghai,Fee,0.5,0.1198831499,"a,j"
Guangzhou,Fee,2.0,-0.214557454,"a,j"
Wuhan,Fee,1.5,-0.07974721491,"a,j"
Shanghai,Fee,0.7,-0.1232094169,"a,j"
Shanghai,Fee,1.0,-0.01666846126,"a,j"
Shanghai,Fee,0.85,-0.1178415194,"a,j"
Shanghai,Fee,0.8,-0.02941625938,"a,j"
Guangzhou,Fee,2.8,0.3649309278,"a,j"
Beijing,Fee,0.5,4.947476555e-06,"a,j"
Shanghai,Fee,0.55,0.02358910814,"a,j"
Shanghai,Fee,3.3,0.1725846976,"a,j"
Guangzhou,Fee,0.5,0.1085547507,"a,j"
Wuhan,Fee,1.0,-0.0982440412,"a,j"
Wuhan,Fee,0.6,-0.02907261252,"a,j"
Shanghai,Fee,2.3,-0.1190360039,"a,j"
Shanghai,Fee,0.8,-0.05345010385,"a,j"
Shanghai,Fee,1.2,0.04780630767,"a,j"
Shanghai,Fee,3.4,0.1209935844,"a,j"
Shanghai,Fee,1.25,-0.0225946717,"a,j"
Shanghai,Fee,1.0,0.02145310119,"a,j"
Wuhan,Fee,2.0,-0.06741318852,"a,j"
Shanghai,Fee,0.8,-0.1253020912,"a,j"
Shanghai,Fee,2.8,0.07226978987,"a,j"
Beijing,Fee,4.2,0.1796327531,"a,j"
Beijing,Fee,2.35,0.0390705727,"a,j"
Shanghai,Fee,5.0,-0.6021030545,"a,j"
Beijing,Fee,0.9,-0.0298466906,"a,j"
Shanghai,Fee,2.2,-0.1207386181,"a,j"
Shanghai,Fee,0.6,0.038166821,"a,j"
Shanghai,Fee,6.9,-0.3885564208,"a,j"
Shanghai,Fee,2.2,-0.0008756420575,"a,j"
Shanghai,Fee,2.8,-0.04797584563,"a,j"
Shanghai,Fee,2.8,-0.03882052749,"a,j"
Shanghai,Fee,3.0,0.1327278614,"a,j"
Shanghai,Fee,1.0,-0.03029895574,"a,j"
Shanghai,Fee,0.8,-0.2346804887,"a,j"
Shanghai,Fee,0.8,-0.03200934082,"a,j"
Shanghai,Fee,0.8,-0.03425722197,"a,j"
Beijing,Fee,8.0,-0.612154901,"a,j"
Shanghai,Fee,0.8,-0.06793861091,"a,j"
Shanghai,Fee,3.5,0.3194637001,"a,j"
Wuhan,Fee,2.3,0.136103794,"a,j"
Wuhan,Fee,0.9,-0.0352258347,"a,j"
Shanghai,Fee,0.7,-0.02537938207,"a,j"
Wuhan,Fee,0.6,-0.06719344854,"a,j"
Shanghai,Fee,1.0,0.02770583704,"a,j"
Beijing,Fee,3.0,-0.1135561317,"a,j"
Wuhan,Fee,0.5,-0.04738285765,"a,j"
Shanghai,Fee,5.9,-0.4914735854,"a,j"
Shanghai,Fee,0.8,-0.02695506811,"a,j"
Shanghai,Fee,1.3,-0.06839644909,"a,j"
Shanghai,Fee,0.8,-0.04347841069,"a,j"
Shanghai,Fee,0.9,0.04236741364,"a,j"
Shanghai,Fee,4.0,0.2978121638,"a,j"
Shanghai,Fee,1.3,0.009292516857,"a,j"
Shanghai,Fee,1.2,0.02788040787,"a,j"
Shanghai,Fee,2.7,-0.02382654138,"a,j"
Beijing,Fee,1.6,-0.1047672778,"a,j"
Beijing,Fee,1.2,-0.08217965066,"a,j"
Guangzhou,Fee,0.9,-0.03254281729,"a,j"
Shanghai,Fee,1.1,0.09115643054,"a,j"
Shanghai,Fee,0.8,-0.06364893913,"a,j"
Wuhan,Fee,0.5,-0.05883746594,"a,j"
Guangzhou,Fee,2.0,-0.2063226104,"a,j"
Shanghai,Fee,1.2,0.04494052008,"a,j"
Shanghai,Fee,2.0,-0.1382427961,"a,j"
Shanghai,Fee,0.7,-0.06190539896,"a,j"
Shanghai,Fee,0.75,-0.03540771827,"a,j"
Wuhan,Fee,0.5,0.0290603973,"a,j"
Shanghai,Fee,1.5,-0.1003066823,"a,j"
Shanghai,Fee,0.7,-0.03764445335,"a,j"
Shanghai,Fee,0.5,-0.0009254120523,"a,j"
Wuhan,Fee,0.5,-0.05570279062,"a,j"
Shanghai,Fee,1.5,-0.08794143796,"a,j"
Wuhan,Fee,0.7,-0.03099109232,"a,j"
Wuhan,Fee,0.6,-0.02032888867,"a,j"
Wuhan,Fee,1.8,0.05993772298,"a,j"
Shanghai,Fee,0.5,0.0003357127425,"a,j"
Shanghai,Fee,7.5,-0.6848959923,"a,j"
Shanghai,Fee,6.2,-0.5339859128,"a,j"
Shanghai,Fee,3.98,0.5422649384,"a,j"
Shanghai,Fee,4.0,0.3146094382,"a,j"
Guangzhou,Fee,0.7,-0.2032953948,"a,j"
Shanghai,Fee,3.0,0.01757748052,"a,j"
Shanghai,Fee,1.5,-0.09046280384,"a,j"
Shanghai,Fee,0.8,-0.05149338767,"a,j"
Wuhan,Fee,1.2,0.1165177524,"a,j"
Shanghai,Fee,2.0,0.1158976927,"a,j"
Guangzhou,Fee,3.2,0.1606834233,"a,j"
Shanghai,Fee,0.6,-0.03403490782,"a,j"
Shanghai,Fee,0.5,0.007346277591,"a,j"
Shanghai,Fee,1.1,-0.03650932759,"a,j"
Wuhan,Fee,1.4,-0.01385088544,"a,j"
Guangzhou,Fee,0.9,-0.2134901732,"a,j"
Beijing,Fee,8.0,-0.6411266923,"a,j"
Guangzhou,Fee,0.9,-0.176153183,"a,j"
Beijing,Fee,0.95,-0.1469970196,"a,j"
Wuhan,Fee,1.0,-0.006551924162,"a,j"
Guangzhou,Fee,1.0,0.04939360917,"a,j"
Shanghai,Fee,0.45,0.0457732901,"a,j"
Wuhan,Fee,1.0,-0.08091425896,"a,j"
Shanghai,Fee,1.2,0.04064549506,"a,j"
Wuhan,Fee,2.3,0.04608985409,"a,j"
Shanghai,Fee,1.95,0.1380941421,"a,j"
Guangzhou,Fee,0.9,-0.1618318707,"a,j"
Wuhan,Fee,2.0,0.1700257808,"a,j"
Shanghai,Fee,1.25,0.01474158093,"a,j"
Shanghai,Fee,2.0,-0.1253127456,"a,j"
Wuhan,Fee,0.3,-0.1025500819,"a,j"
Shanghai,Fee,0.85,0.02405946143,"a,j"
Shanghai,Fee,1.15,0.007972589694,"a,j"
Guangzhou,Fee,1.5,-0.1202477142,"a,j"
Shanghai,Fee,2.5,0.02426835522,"a,j"
Beijing,Fee,2.0,-0.1051912829,"a,j"
Wuhan,Fee,1.6,-0.1625851542,"a,j"
Shanghai,Fee,1.6,-0.09337940067,"a,j"
Shanghai,Fee,0.3,-0.06180559844,"a,j"
Shanghai,Fee,1.9,-0.1423874646,"a,j"
Guangzhou,Fee,1.5,-0.2436115891,"a,j"
Guangzhou,Fee,0.5,-0.03807698563,"a,j"
Shanghai,Fee,4.5,0.1399291456,"a,j"
Wuhan,Fee,0.6,-0.01564504951,"a,j"
Shanghai,Fee,1.5,-0.175696522,"a,j"
Shanghai,Fee,2.0,-0.1390200108,"a,j"
Shanghai,Fee,3.98,0.5344197154,"a,j"
Shanghai,Fee,2.6,-0.07598946244,"a,j"
Shanghai,Fee,1.8,0.02183007449,"a,j"
Wuhan,Fee,0.5,-0.04379335046,"a,j"
Shanghai,Fee,2.0,-0.1810711175,"a,j"
Shanghai,Fee,3.0,0.1410238445,"a,j"
Beijing,Fee,2.4,0.05504271761,"a,j"
Wuhan,Fee,0.5,0.02789153531,"a,j"
Beijing,Fee,0.8,-0.150243625,"a,j"
Wuhan,Fee,3.2,0.1972765177,"a,j"
Shanghai,Fee,0.5,0.09353992343,"a,j"
Shanghai,Fee,0.8,-0.1361132264,"a,j"
Shanghai,Fee,6.0,-0.3987881839,"a,j"
Shanghai,Fee,0.5,-0.001893943176,"a,j"
Beijing,Fee,1.2,-0.1095843017,"a,j"
Shanghai,Fee,2.2,-0.1204134673,"a,j"
Shanghai,Fee,2.5,-0.03364350274,"a,j"
Shanghai,Fee,4.2,0.3983022869,"a,j"
Shanghai,Fee,1.15,-0.03808111325,"a,j"
Wuhan,Fee,0.5,-0.06398764998,"a,j"
Shanghai,Fee,0.35,-0.2260311395,"a,j"
Shanghai,Fee,0.8,-0.05717509985,"a,j"
Beijing,Fee,1.3,-0.1950230896,"a,j"
Beijing,Fee,0.5,0.05056949705,"a,j"
Beijing,Fee,6.8,-0.1652019918,"a,j"
Wuhan,Fee,0.5,0.01659322903,"a,j"
Beijing,Fee,1.8,-0.1415617913,"a,j"
Shanghai,Fee,2.6,0.05498302355,"a,j"
Shanghai,Fee,0.5,-0.005704229232,"a,j"
Wuhan,Fee,1.0,-0.1342031062,"a,j"
Wuhan,Fee,0.5,0.00618170388,"a,j"
Guangzhou,Fee,2.0,-0.2069405913,"a,j"
Beijing,Fee,0.9,-0.1580987573,"a,j"
Shanghai,Fee,0.8,-0.0365457572,"a,j"
Shanghai,Fee,0.5,-0.003055527341,"a,j"
Shanghai,Fee,1.45,-0.08436112106,"a,j"
Shanghai,Fee,0.6,-0.01094121858,"a,j"
Shanghai,Fee,1.98,0.03013794497,"a,j"
Beijing,Fee,2.98,0.1279772967,"a,j"
Shanghai,Fee,0.85,-0.04634289071,"a,j"
Shanghai,Fee,0.56,-0.01141859684,"a,j"
Beijing,Fee,0.81,-0.02138103358,"a,j"
Shanghai,Fee,1.5,-0.2006241977,"a,j"
Wuhan,Fee,1.44,0.002992244903,"a,j"
Guangzhou,Fee,1.0,-0.01027041767,"a,j"
Guangzhou,Fee,2.8,0.2341018468,"a,j"
Shanghai,Fee,0.5,0.008298664354,"a,j"
Shanghai,Fee,1.7,-0.07708059251,"a,j"
Shanghai,Fee,0.8,0.004537454806,"a,j"
Wuhan,Fee,2.0,0.07125104219,"a,j"
Shanghai,Fee,1.5,-0.1708151847,"a,j"
Shanghai,Fee,2.8,-0.05157221854,"a,j"
Shanghai,Fee,2.0,-0.1834142357,"a,j"
Shanghai,Fee,0.8,-0.02179869264,"a,j"
Beijing,Fee,1.35,-0.2116490304,"a,j"
Guangzhou,Fee,1.8,0.06294083595,"a,j"
Shanghai,Fee,0.4,-0.1588719934,"a,j"
Guangzhou,Fee,1.2,-0.07549424469,"a,j"
Shanghai,Fee,0.75,-0.01881746575,"a,j"
Guangzhou,Fee,3.8,0.1181286424,"a,j"
Beijing,Fee,3.5,0.2671067417,"a,j"
Beijing,Fee,0.9,-0.2083326429,"a,j"
Guangzhou,Fee,2.0,-0.2407888621,"a,j"
Guangzhou,Fee,2.0,-0.1597231328,"a,j"
Shanghai,Fee,1.55,-0.1305657327,"a,j"
Shanghai,Fee,0.8,-0.0169230327,"a,j"
Shanghai,Fee,0.5,0.08978081495,"a,j"
Wuhan,Fee,0.5,0.02173548937,"a,j"
Shanghai,Fee,2.18,-0.09488255531,"a,j"
Shanghai,Fee,0.8,-0.01899682917,"a,j"
Shanghai,Fee,0.5,-0.01802176982,"a,j"
Shanghai,Fee,1.0,-0.04135970026,"a,j"
Shanghai,Fee,0.55,0.03226016089,"a,j"
Shanghai,Fee,0.6,0.004876363557,"a,j"
Beijing,Fee,3.28,-0.0001191571355,"a,j"
Shanghai,Fee,0.8,-0.01376093645,"a,j"
Beijing,Fee,0.62,-0.06912918389,"a,j"
Shanghai,Fee,0.5,0.03167879209,"a,j"
Shanghai,Fee,1.96,-0.1438377202,"a,j"
Wuhan,Fee,0.6,-0.07172575593,"a,j"
Shanghai,Fee,0.6,-0.07846654952,"a,j"
Shanghai,Fee,1.5,-0.1115220189,"a,j"
Shanghai,Fee,2.0,-0.1506912857,"a,j"
Shanghai,Fee,0.8,-0.03925987706,"a,j"
Shanghai,Fee,0.5,0.07447713614,"a,j"
Shanghai,Fee,1.5,-0.09345071763,"a,j"
Shanghai,Fee,3.9,0.2907583714,"a,j"
Guangzhou,Fee,2.0,-0.168951869,"a,j"
Beijing,Fee,1.5,-0.1295516789,"a,j"
Guangzhou,Fee,3.7,0.01217754465,"a,j"
Wuhan,Fee,4.2,0.17007038,"a,j"
Wuhan,Fee,4.5,0.2428940535,"a,j"
Shanghai,Fee,1.5,-0.1154639423,"a,j"
Shanghai,Fee,1.5,-0.08766800165,"a,j"
Beijing,Fee,2.0,0.00546429446,"a,j"
Shanghai,Fee,2.8,-0.08601493388,"a,j"
Shanghai,Fee,1.1,0.04198133945,"a,j"
Shanghai,Fee,0.9,-0.03255264834,"a,j"
Guangzhou,Fee,2.5,-0.1755835116,"a,j"
Shanghai,Fee,1.5,-0.1544527262,"a,j"
Wuhan,Fee,3.5,0.2212217897,"a,j"
Beijing,Fee,3.68,0.493611902,"a,j"
Shanghai,Fee,0.8,-0.06441151351,"a,j"
Shanghai,Fee,1.96,-0.1834288239,"a,j"
Shanghai,Fee,0.5,-0.05857504159,"a,j"
Beijing,Fee,0.62,0.012762703,"a,j"
Shanghai,Fee,0.5,0.03659895062,"a,j"
Shanghai,Fee,1.85,0.006839660462,"a,j"
Guangzhou,Fee,0.9,-0.1512738168,"a,j"
Shanghai,Fee,2.15,-0.03117289394,"a,j"
Shanghai,Fee,0.55,0.01944601722,"a,j"
Shanghai,Fee,0.9,-0.03761802241,"a,j"
Guangzhou,Fee,1.7,-0.3069805801,"a,j"
Shanghai,Fee,0.5,0.0295014549,"a,j"
Shanghai,Fee,1.23,-0.04904645309,"a,j"
Wuhan,Fee,0.6,-0.06590364128,"a,j"
Guangzhou,Fee,2.0,-0.1810964942,"a,j"
Shanghai,Fee,2.5,-0.1032627076,"a,j"
Wuhan,Fee,0.3,-0.02082887292,"a,j"
Wuhan,Fee,0.8,-0.208807677,"a,j"
Shanghai,Fee,1.5,-0.1412685215,"a,j"
Shanghai,Fee,0.7,0.0004863694776,"a,j"
Beijing,Fee,0.9,-0.1361152679,"a,j"
Guangzhou,Fee,4.0,0.3083228469,"a,j"
Guangzhou,Fee,0.6,0.1219195575,"a,j"
Guangzhou,Fee,0.9,-0.1163241416,"a,j"
Shanghai,Fee,5.6,-0.1840468198,"a,j"
Shanghai,Fee,0.6,-0.03534300998,"a,j"
Guangzhou,Fee,2.3,-0.1439773142,"a,j"
Beijing,Fee,2.28,-0.09238150716,"a,j"
Shanghai,Fee,2.0,-0.1667591333,"a,j"
Shanghai,Fee,0.35,-0.1960642189,"a,j"
Shanghai,Fee,0.4,-0.05561934412,"a,j"
Wuhan,Fee,0.5,-0.07136780769,"a,j"
Shanghai,Fee,2.5,-0.02893681265,"a,j"
Beijing,Fee,1.78,-0.07961510867,"a,j"
Shanghai,Fee,0.5,0.01755110361,"a,j"
Wuhan,Fee,3.5,0.08067436516,"a,j"
Beijing,Fee,2.0,-0.001990807708,"a,j"
Wuhan,Fee,2.3,0.05966228247,"a,j"
Shanghai,Fee,2.5,-0.1093476489,"a,j"
Wuhan,Fee,4.6,0.1159791052,"a,j"
Wuhan,Fee,2.98,0.1335891634,"a,j"
Shanghai,Fee,1.0,0.02959879488,"a,j"
Beijing,Fee,3.97,0.3359720409,"a,j"
Shanghai,Fee,0.35,-0.1122602075,"a,j"
Beijing,Fee,2.98,0.215791285,"a,j"
Shanghai,Fee,1.5,-0.07173400372,"a,j"
Shanghai,Fee,0.8,-0.08494803309,"a,j"
Shanghai,Fee,1.4,-0.0846580416,"a,j"
Wuhan,Fee,1.5,0.03864682093,"a,j"
Beijing,Fee,1.3,0.006985987537,"a,j"
Beijing,Fee,1.85,-0.07513166964,"a,j"
Shanghai,Fee,1.2,0.09369887412,"a,j"
Beijing,Fee,0.9,-0.245885551,"a,j"
Shanghai,Fee,2.25,-0.04449090734,"a,j"
Shanghai,Fee,0.8,0.07354237139,"a,j"
Wuhan,Fee,0.5,-0.1249090955,"a,j"
Shanghai,Fee,0.6,-0.09709130228,"a,j"
Shanghai,Fee,3.2,0.05558792502,"a,j"
Guangzhou,Fee,0.5,-0.04376922175,"a,j"
Guangzhou,Fee,1.2,0.1593592614,"a,j"
Wuhan,Fee,2.3,-0.011035854,"a,j"
Shanghai,Fee,3.6,0.1274205893,"a,j"
Shanghai,Fee,4.8,-0.05969395116,"a,j"
Guangzhou,Fee,0.9,-0.1270126849,"a,j"
Shanghai,Fee,0.8,0.009188557975,"a,j"
Shanghai,Fee,0.7,-0.0930012688,"a,j"
Shanghai,Fee,2.0,0.05827828124,"a,j"
Guangzhou,Fee,3.2,0.1753075421,"a,j"
Shanghai,Fee,1.6,-0.1340203136,"a,j"
Shanghai,Fee,1.98,-0.05734284967,"a,j"
Shanghai,Fee,1.45,0.01996120065,"a,j"
Shanghai,Fee,0.85,-0.05239096656,"a,j"
Shanghai,Fee,2.0,0.06710532308,"a,j"
Beijing,Fee,2.65,-0.1254554391,"a,j"
Beijing,Fee,0.9,-0.1081958413,"a,j"
Beijing,Fee,3.0,-0.09413581342,"a,j"
Shanghai,Fee,0.8,-0.06117969379,"a,j"
Shanghai,Fee,0.6,-0.02557243779,"a,j"
Wuhan,Fee,0.9,-0.08844850212,"a,j"
Shanghai,Fee,0.5,0.09149201214,"a,j"
Shanghai,Fee,1.4,-0.1017049253,"a,j"
Shanghai,Fee,2.0,-0.02550388873,"a,j"
Shanghai,Fee,1.0,0.03179476038,"a,j"
Shanghai,Fee,6.35,-0.2113862485,"a,j"
Shanghai,Fee,1.25,-0.03241036832,"a,j"
Beijing,Fee,0.5,-0.01888080314,"a,j"
Wuhan,Fee,0.6,-0.06574861705,"a,j"
Shanghai,Fee,0.75,-0.01048332639,"a,j"
Shanghai,Fee,0.9,-0.04371387884,"a,j"
Beijing,Fee,0.9,-0.03596835583,"a,j"
Shanghai,Fee,0.6,0.01444839314,"a,j"
Shanghai,Fee,1.6,-0.1634810269,"a,j"
Beijing,Fee,1.3,-0.04665466771,"a,j"
Guangzhou,Fee,2.8,0.07933261245,"a,j"
Shanghai,Fee,0.55,-0.03350593522,"a,j"
Wuhan,Fee,0.6,-0.08709023148,"a,j"
Wuhan,Fee,1.0,-0.119024843,"a,j"
Shanghai,Fee,1.0,-0.1475211233,"a,j"
Shanghai,Fee,1.8,-0.1596800238,"a,j"
Wuhan,Fee,0.6,-0.04439689592,"a,j"
Shanghai,Fee,0.45,0.01437316835,"a,j"
Wuhan,Fee,0.6,0.003041430842,"a,j"
Wuhan,Fee,0.6,-0.01276088413,"a,j"
Beijing,Fee,0.8,-0.1419059038,"a,j"
Shanghai,Fee,1.9,-0.1587385982,"a,j"
Shanghai,Fee,0.8,-0.02755295485,"a,j"
Shanghai,Fee,0.6,-0.01900342107,"a,j"
Shanghai,Fee,2.0,-0.01141748577,"a,j"
Wuhan,Fee,1.5,-0.1271995157,"a,j"
Shanghai,Fee,0.5,0.004231962375,"a,j"
Shanghai,Fee,0.5,-0.05645807832,"a,j"
Guangzhou,Fee,0.5,0.08674864471,"a,j"
Wuhan,Fee,0.8,-0.1237909645,"a,j"
Beijing,Fee,4.66,0.144784674,"a,j"
Beijing,Fee,0.58,-0.0143583985,"a,j"
Guangzhou,Fee,3.7,-0.05461065099,"a,j"
Shanghai,Fee,0.5,0.009004470892,"a,j"
Shanghai,Fee,1.3,0.02037506364,"a,j"
Wuhan,Fee,0.6,-0.002553339582,"a,j"
Shanghai,Fee,0.65,-0.01194112469,"a,j"
Guangzhou,Fee,0.5,0.0437348932,"a,j"
Shanghai,Fee,0.5,-0.1026628837,"a,j"
Wuhan,Fee,1.5,-0.0272632353,"a,j"
Shanghai,Fee,3.0,0.1862190515,"a,j"
Shanghai,Fee,1.1,0.04071829468,"a,j"
Guangzhou,Fee,5.0,-0.6019892097,"a,j"
Shanghai,Fee,0.9,-0.06918964535,"a,j"
Wuhan,Fee,0.5,-0.1231641471,"a,j"
Shanghai,Fee,0.5,-0.04691246152,"a,j"
Wuhan,Fee,0.9,-0.09754794091,"a,j"
Wuhan,Fee,0.9,-0.06894723326,"a,j"
Shanghai,Fee,2.0,-0.1563434899,"a,j"
Shanghai,Fee,0.6,0.05521150306,"a,j"
Shanghai,Fee,1.15,0.0390521735,"a,j"
Beijing,Fee,2.38,0.001050031511,"a,j"
Guangzhou,Fee,2.5,-0.08377618343,"a,j"
Beijing,Fee,1.0,-0.0310998857,"a,j"
Shanghai,Fee,0.5,0.02248402312,"a,j"
Shanghai,Fee,0.5,-0.005770853721,"a,j"
Wuhan,Fee,0.9,-0.100513339,"a,j"
Beijing,Fee,0.5,-0.02027412318,"a,j"
Shanghai,Fee,0.5,0.02255138941,"a,j"
Shanghai,Fee,2.0,-0.1867959797,"a,j"
Beijing,Fee,1.6,-0.1299655885,"a,j"
Beijing,Fee,2.36,0.04989543557,"a,j"
Shanghai,Fee,6.5,-0.6682223678,"a,j"
Wuhan,Fee,0.38,-0.04485787079,"a,j"
Beijing,Fee,1.27,-0.08727734536,"a,j"
Shanghai,Fee,2.0,-0.01301176753,"a,j"
Shanghai,Fee,3.5,0.08568996191,"a,j"
Guangzhou,Fee,2.8,0.2377035916,"a,j"
Shanghai,Fee,2.6,-0.01368523017,"a,j"
Shanghai,Fee,0.89,-0.1304013282,"a,j"
Shanghai,Fee,1.0,-0.03026306629,"a,j"
Beijing,Fee,3.68,0.2283823937,"a,j"
Wuhan,Fee,0.5,-0.1515972912,"a,j"
Shanghai,Fee,0.5,0.03262134269,"a,j"
Shanghai,Fee,0.35,-0.1103123203,"a,j"
Shanghai,Fee,2.6,0.06205023825,"a,j"
Shanghai,Fee,1.2,0.06111300364,"a,j"
Shanghai,Fee,1.8,-0.1202642247,"a,j"
Beijing,Fee,6.77,-0.2702516913,"a,j"
Shanghai,Fee,1.5,-0.1330911219,"a,j"
Shanghai,Fee,0.59,-0.03352395818,"a,j"
Beijing,Fee,0.4,0.02719958127,"a,j"
Wuhan,Fee,0.6,-0.009866228327,"a,j"
Beijing,Fee,5.0,-0.3212893903,"a,j"
Shanghai,Fee,8.0,-0.263327837,"a,j"
Wuhan,Fee,0.5,-0.005449877121,"a,j"
Guangzhou,Fee,3.79,0.4068689942,"a,j"
Guangzhou,Fee,0.5,0.04029472172,"a,j"
Shanghai,Fee,1.5,-0.09521802515,"a,j"
Shanghai,Fee,0.92,-0.02360165864,"a,j"
Wuhan,Fee,0.5,-0.01411409862,"a,j"
Guangzhou,Fee,1.0,-0.04557435215,"a,j"
Shanghai,Fee,3.2,0.1091390103,"a,j"
Shanghai,Fee,8.0,-0.445512861,"a,j"
Shanghai,Fee,1.2,-0.04181983694,"a,j"
Shanghai,Fee,0.6,0.02587295324,"a,j"
Beijing,Fee,2.28,0.05546852574,"a,j"
Shanghai,Fee,0.9,-0.07163799554,"a,j"
Shanghai,Fee,1.5,-0.07745683938,"a,j"
Beijing,Fee,3.2,0.01366537437,"a,j"
Wuhan,Fee,1.35,-0.0359721221,"a,j"
Shanghai,Fee,1.2,0.1093237028,"a,j"
Beijing,Fee,0.94,-0.02667194605,"a,j"
Shanghai,Fee,0.7,-0.05425220728,"a,j"
Shanghai,Fee,0.85,-0.04457588121,"a,j"
Shanghai,Fee,4.5,0.1193747073,"a,j"
Shanghai,Fee,2.8,0.03880156949,"a,j"
Guangzhou,Fee,3.7,0.0111666359,"a,j"
Beijing,Fee,0.5,0.1731803566,"a,j"
Shanghai,Fee,0.65,-0.09256315231,"a,j"
Shanghai,Fee,1.0,0.01303444058,"a,j"
Shanghai,Fee,1.2,0.02026777156,"a,j"
Shanghai,Fee,1.3,-0.02982018143,"a,j"
Shanghai,Fee,0.8,-0.03892853856,"a,j"
Wuhan,Fee,3.5,0.0780685544,"a,j"
Beijing,Fee,0.5,0.03091210127,"a,j"
Shanghai,Fee,1.1,0.07136135548,"a,j"
Shanghai,Fee,1.75,-0.03848810494,"a,j"
Shanghai,Fee,2.9,0.0004334946861,"a,j"
Guangzhou,Fee,3.7,-0.0272314325,"a,j"
Wuhan,Fee,2.5,-0.01152101345,"a,j"
Shanghai,Fee,1.0,0.002800716087,"a,j"
Wuhan,Fee,0.46,-0.02037661895,"a,j"
Shanghai,Fee,5.0,-0.3098737299,"a,j"
Wuhan,Fee,0.9,0.009243939072,"a,j"
Shanghai,Fee,4.9,-0.02260694467,"a,j"
Shanghai,Fee,1.45,-0.02888799645,"a,j"
Shanghai,Fee,1.1,0.0177969113,"a,j"
Shanghai,Fee,1.75,-0.06320537627,"a,j"
Beijing,Fee,0.98,-0.1373303235,"a,j"
Wuhan,Fee,0.5,-0.06654874235,"a,j"
Shanghai,Fee,2.0,-0.1186015978,"a,j"
Beijing,Fee,0.5,0.1677332073,"a,j"
Shanghai,Fee,1.3,0.04896161333,"a,j"
Shanghai,Fee,0.81,-0.05529977754,"a,j"
Shanghai,Fee,1.5,-0.04387604445,"a,j"
Shanghai,Fee,3.5,0.1553270817,"a,j"
Shanghai,Fee,1.0,-0.1299261004,"a,j"
Wuhan,Fee,1.0,-0.1065929607,"a,j"
Shanghai,Fee,2.0,-0.108266443,"a,j"
Wuhan,Fee,2.2,0.1321427971,"a,j"
Shanghai,Fee,1.0,-0.06636656821,"a,j"
Guangzhou,Fee,0.8,-0.06867691875,"a,j"
Wuhan,Fee,0.8,-0.0196938403,"a,j"
Guangzhou,Fee,0.4,-0.1463722885,"a,j"
Beijing,Fee,2.38,-0.1181630567,"a,j"
Wuhan,Fee,1.98,0.1888086796,"a,j"
Guangzhou,Fee,0.5,0.08451618254,"a,j"
Shanghai,Fee,0.6,0.0139323445,"a,j"
Beijing,Fee,7.5,-0.4366826415,"a,j"
Shanghai,Fee,0.5,0.08519010991,"a,j"
Shanghai,Fee,0.5,0.01115773991,"a,j"
Guangzhou,Fee,1.45,-0.1206358746,"a,j"
Shanghai,Fee,0.67,-0.03458205238,"a,j"
Wuhan,Fee,2.8,-0.02032830007,"a,j"
Shanghai,Fee,0.5,0.1500139683,"a,j"
Wuhan,Fee,1.8,-0.08156684786,"a,j"
Beijing,Fee,1.3,-0.04480475187,"a,j"
Wuhan,Fee,0.55,-0.05535405502,"a,j"
Beijing,Fee,2.65,-0.008389554918,"a,j"
Wuhan,Fee,0.5,-0.08286480606,"a,j"
Wuhan,Fee,0.5,0.03757508099,"a,j"
Shanghai,Fee,1.55,-0.07850664854,"a,j"
Shanghai,Fee,1.2,0.05164116994,"a,j"
Wuhan,Fee,0.5,-0.1264686584,"a,j"
Beijing,Fee,1.55,-0.1214418113,"a,j"
Shanghai,Fee,1.4,-0.05741392076,"a,j"
Shanghai,Fee,0.6,-0.008021233603,"a,j"
Shanghai,Fee,1.6,-0.09823704511,"a,j"
Beijing,Fee,2.56,0.003447169438,"a,j"
Shanghai,Fee,2.0,-0.1297074556,"a,j"
Shanghai,Fee,2.1,-0.226823926,"a,j"
Shanghai,Fee,0.8,-0.1340149939,"a,j"
Guangzhou,Fee,1.2,-0.1134351417,"a,j"
Guangzhou,Fee,1.2,0.04450527579,"a,j"
Beijing,Fee,1.0,-0.06251363456,"a,j"
Guangzhou,Fee,3.7,-0.05066004023,"a,j"
Wuhan,Fee,2.3,-0.008117488585,"a,j"
Shanghai,Fee,0.79,-0.03571793064,"a,j"
Beijing,Fee,0.88,-0.06050918251,"a,j"
Shanghai,Fee,0.85,-0.1514054537,"a,j"
Beijing,Fee,0.76,-0.06051746756,"a,j"
Shanghai,Fee,3.5,0.1733096838,"a,j"
Wuhan,Fee,0.4,-0.2175562382,"a,j"
Guangzhou,Fee,2.0,-0.1504074931,"a,j"
Shanghai,Fee,0.7,-0.04479885474,"a,j"
Shanghai,Fee,0.6,-0.05544734746,"a,j"
Wuhan,Fee,1.18,0.0211892724,"a,j"
Shanghai,Fee,0.5,-0.03406478092,"a,j"
Shanghai,Fee,4.0,0.3923644722,"a,j"
Guangzhou,Fee,1.5,-0.05095912144,"a,j"
Shanghai,Fee,0.5,0.03088919073,"a,j"
Shanghai,Fee,0.8,-0.1329054385,"a,j"
Wuhan,Fee,1.0,-0.09302075952,"a,j"
Beijing,Fee,0.9,-0.08728960156,"a,j"
Wuhan,Fee,2.8,-0.08445202559,"a,j"
Beijing,Fee,0.9,-0.1249537319,"a,j"
Guangzhou,Fee,2.0,-0.1969565153,"a,j"
Shanghai,Fee,0.45,0.0005455818027,"a,j"
Beijing,Fee,0.93,-0.02329693735,"a,j"
Guangzhou,Fee,3.7,-0.1346073151,"a,j"
Shanghai,Fee,0.5,-0.0001819697209,"a,j"
Shanghai,Fee,8.0,-0.5156359076,"a,j"
Guangzhou,Fee,0.9,-0.08228050917,"a,j"
Beijing,Fee,0.75,-0.1306524128,"a,j"
Guangzhou,Fee,2.5,-0.2144781053,"a,j"
Shanghai,Fee,1.0,-0.03231365606,"a,j"
Shanghai,Fee,0.7,-0.03533679247,"a,j"
Beijing,Fee,0.8,-0.0960001573,"a,j"
Wuhan,Fee,0.6,-0.00029485696,"a,j"
Beijing,Fee,1.33,0.04341243207,"a,j"
Shanghai,Fee,0.6,-0.0150320502,"a,j"
Wuhan,Fee,0.6,-0.01510353107,"a,j"
Wuhan,Fee,1.2,-0.04052878171,"a,j"
Guangzhou,Fee,0.5,0.03481300175,"a,j"
Shanghai,Fee,3.0,-0.06658881158,"a,j"
Shanghai,Fee,0.55,-0.01466866303,"a,j"
Shanghai,Fee,0.8,-0.06893847883,"a,j"
Beijing,Fee,2.3,-0.06733250618,"a,j"
Wuhan,Fee,2.9,0.08148686588,"a,j"
Wuhan,Fee,1.0,-0.02019798011,"a,j"
Wuhan,Fee,0.9,0.002881238237,"a,j"
Shanghai,Fee,0.8,-0.08468599617,"a,j"
Wuhan,Fee,0.9,-0.0009660543874,"a,j"
Shanghai,Fee,2.3,-0.126567021,"a,j"
Wuhan,Fee,0.9,-0.06115952879,"a,j"
Shanghai,Fee,1.0,-0.04444938898,"a,j"
Shanghai,Fee,3.9,0.4399927557,"a,j"
Shanghai,Fee,1.0,-0.119799152,"a,j"
Wuhan,Fee,1.8,-0.1741432846,"a,j"
Guangzhou,Fee,1.95,-0.1458958089,"a,j"
Shanghai,Fee,0.8,-0.05215686932,"a,j"
Guangzhou,Fee,2.0,-0.1845428944,"a,j"
Shanghai,Fee,1.3,0.01930490322,"a,j"
Guangzhou,Fee,2.1,0.03834139556,"a,j"
Shanghai,Fee,0.85,-0.0905059725,"a,j"
Wuhan,Fee,2.98,0.3229459524,"a,j"
Beijing,Fee,0.9,-0.07319512218,"a,j"
Shanghai,Fee,0.8,-0.03715800121,"a,j"
Wuhan,Fee,0.6,-0.003955464344,"a,j"
Shanghai,Fee,0.85,-0.02566397935,"a,j"
Beijing,Fee,2.68,0.08343701065,"a,j"
Beijing,Fee,2.4,0.02973889932,"a,j"
Guangzhou,Fee,0.9,-0.1233968586,"a,j"
Guangzhou,Fee,2.0,-0.1663989127,"a,j"
Guangzhou,Fee,5.0,-0.4029393792,"a,j"
Guangzhou,Fee,2.0,-0.1966313273,"a,j"
Shanghai,Fee,2.3,0.02289866097,"a,j"
Shanghai,Fee,0.5,-0.1342771053,"a,j"
Shanghai,Fee,0.8,0.01427622233,"a,j"
Beijing,Fee,4.8,0.1008705422,"a,j"
Shanghai,Fee,2.8,-0.0202678889,"a,j"
Beijing,Fee,1.56,-0.1519599855,"a,j"
Shanghai,Fee,0.7,-0.07942804694,"a,j"
Beijing,Fee,4.2,0.2746202648,"a,j"
Shanghai,Fee,2.8,-0.0719370842,"a,j"
Shanghai,Fee,3.2,-0.05712743104,"a,j"
Guangzhou,Fee,0.9,-0.0153097529,"a,j"
Shanghai,Fee,1.0,0.008401202969,"a,j"
Guangzhou,Fee,1.8,0.01097567938,"a,j"
Wuhan,Fee,1.2,0.04359159619,"a,j"
Beijing,Fee,1.5,-0.1813181937,"a,j"
Wuhan,Fee,0.6,-0.02030456439,"a,j"
Beijing,Fee,0.56,0.009994375519,"a,j"
Shanghai,Fee,0.5,0.05284065008,"a,j"
Shanghai,Fee,2.8,-0.04643556848,"a,j"
Shanghai,Fee,4.95,-0.815950036,"a,j"
Shanghai,Fee,0.9,-0.04928823933,"a,j"
Wuhan,Fee,0.5,-0.06275663525,"a,j"
Beijing,Fee,5.0,-0.4243967533,"a,j"
Shanghai,Fee,2.8,-0.05294737965,"a,j"
Guangzhou,Fee,0.6,0.1018011197,"a,j"
Shanghai,Fee,1.0,0.005085282959,"a,j"
Shanghai,Fee,1.2,0.06200751662,"a,j"
Shanghai,Fee,4.1,0.3026819229,"a,j"
Guangzhou,Fee,2.95,0.1394949555,"a,j"
Shanghai,Fee,1.35,0.007660165895,"a,j"
Guangzhou,Fee,1.15,0.01209466998,"a,j"
Shanghai,Fee,0.8,0.02107890509,"a,j"
Beijing,Fee,2.0,0.1046743765,"a,j"
Guangzhou,Fee,2.0,-0.1745292395,"a,j"
Shanghai,Fee,0.8,-0.0239765998,"a,j"
Shanghai,Fee,1.35,-0.1259519756,"a,j"
Shanghai,Fee,1.0,0.007884754799,"a,j"
Shanghai,Fee,2.5,0.0595131591,"a,j"
Shanghai,Fee,0.8,-0.08687832206,"a,j"
Shanghai,Fee,0.9,-0.01256887801,"a,j"
Shanghai,Fee,0.75,-0.04663689807,"a,j"
Shanghai,Fee,2.0,-0.1790923178,"a,j"
Guangzhou,Fee,0.5,0.07889544964,"a,j"
Wuhan,Fee,0.3,-0.06175403297,"a,j"
Shanghai,Fee,0.6,0.07508645952,"a,j"
Shanghai,Fee,0.4,-0.1741165221,"a,j"
Shanghai,Fee,0.85,-0.158039242,"a,j"
Shanghai,Fee,2.8,-0.07647552341,"a,j"
Shanghai,Fee,3.2,0.05151285976,"a,j"
Shanghai,Fee,2.6,0.03606718034,"a,j"
Shanghai,Fee,0.5,0.05089325085,"a,j"
Shanghai,Fee,1.2,0.09140908718,"a,j"
Beijing,Fee,0.5,0.2823667824,"a,j"
Shanghai,Fee,0.5,0.02028026432,"a,j"
Shanghai,Fee,1.7,-0.02166474797,"a,j"
Shanghai,Fee,1.5,-0.1147118732,"a,j"
Shanghai,Fee,0.6,-0.03798238188,"a,j"
Shanghai,Fee,1.25,0.06054469571,"a,j"
Shanghai,Fee,1.7,0.0274476409,"a,j"
Shanghai,Fee,0.85,0.0330186598,"a,j"
Shanghai,Fee,0.6,-0.0007161204703,"a,j"
Shanghai,Fee,2.1,-0.01632614061,"a,j"
Shanghai,Fee,1.2,-0.01367984246,"a,j"
Shanghai,Fee,0.35,-0.1327125132,"a,j"
Guangzhou,Fee,0.4,0.07198420167,"a,j"
Shanghai,Fee,1.2,0.03191262856,"a,j"
Shanghai,Fee,0.9,-0.03882339224,"a,j"
Shanghai,Fee,1.3,-0.02114831284,"a,j"
Beijing,Fee,1.6,0.03319656476,"a,j"
Wuhan,Fee,0.6,-0.05155583471,"a,j"
Shanghai,Fee,1.75,0.01618205011,"a,j"
Shanghai,Fee,1.1,0.07519490272,"a,j"
Beijing,Fee,1.0,-0.05202924833,"a,j"
Shanghai,Fee,1.55,-0.09816101193,"a,j"
Wuhan,Fee,3.5,0.1183606982,"a,j"
Shanghai,Fee,0.6,-0.02365962416,"a,j"
Shanghai,Fee,0.55,-0.006490238477,"a,j"
Guangzhou,Fee,2.8,0.2711328268,"a,j"
Shanghai,Fee,0.9,-0.07064761221,"a,j"
Shanghai,Fee,1.45,-0.02732630819,"a,j"
Wuhan,Fee,5.1,-0.8638011217,"a,j"
Guangzhou,Fee,1.25,-0.0313417986,"a,j"
Shanghai,Fee,5.85,-1.01181519,"a,j"
Shanghai,Fee,0.5,0.03721998259,"a,j"
Beijing,Fee,1.5,-0.07923984528,"a,j"
Wuhan,Fee,2.45,0.02489626408,"a,j"
Shanghai,Fee,1.7,-0.09413027018,"a,j"
Shanghai,Fee,1.2,0.09854833037,"a,j"
Shanghai,Fee,1.89,-0.1593580097,"a,j"
Beijing,Fee,3.2,-0.08192205429,"a,j"
Guangzhou,Fee,2.8,-0.2041559368,"a,j"
Beijing,Fee,2.6,-0.003580707125,"a,j"
Wuhan,Fee,3.5,0.0703926608,"a,j"
Shanghai,Fee,0.5,0.03868190572,"a,j"
Shanghai,Fee,1.2,0.1976908296,"a,j"
Shanghai,Fee,3.85,0.3465117812,"a,j"
Shanghai,Fee,2.0,-0.04451421276,"a,j"
Shanghai,Fee,0.7,-0.1051253006,"a,j"
Shanghai,Fee,2.1,-0.07928856462,"a,j"
Shanghai,Fee,2.0,-0.04425536096,"a,j"
Shanghai,Fee,0.85,-0.1455377042,"a,j"
Guangzhou,Fee,1.5,-0.1519122571,"a,j"
Shanghai,Fee,3.5,0.2613636553,"a,j"
Wuhan,Fee,3.0,0.113477394,"a,j"
Shanghai,Fee,0.8,0.003735898994,"a,j"
Beijing,Fee,0.9,-0.1140601039,"a,j"
Shanghai,Fee,0.35,-0.2274705321,"a,j"
Wuhan,Fee,1.1,0.08707988262,"a,j"
Wuhan,Fee,1.0,0.01880340651,"a,j"
Shanghai,Fee,0.6,-0.005304791033,"a,j"
Beijing,Fee,1.5,-0.1350525171,"a,j"
Wuhan,Fee,0.9,-0.1316958219,"a,j"
Wuhan,Fee,0.5,0.01239013951,"a,j"
Beijing,Fee,2.0,-0.1514531672,"a,j"
Shanghai,Fee,0.45,0.3161408007,"a,j"
Beijing,Fee,8.0,-0.4810784757,"a,j"
Shanghai,Fee,0.8,-0.06239595264,"a,j"
Shanghai,Fee,0.65,0.02428803779,"a,j"
Wuhan,Fee,2.8,-0.03903432563,"a,j"
Beijing,Fee,2.83,0.2517781258,"a,j"
Shanghai,Fee,0.5,0.1158945858,"a,j"
Shanghai,Fee,2.5,0.035150107,"a,j"
Shanghai,Fee,2.1,-0.226877436,"a,j"
Wuhan,Fee,0.4,-0.1504395157,"a,j"
Shanghai,Fee,0.5,0.01169800293,"a,j"
Shanghai,Fee,0.85,-0.01614814438,"a,j"
Guangzhou,Fee,0.5,0.07712286711,"a,j"
Beijing,Fee,1.68,-0.1057220325,"a,j"
Shanghai,Fee,0.7,-0.04897518829,"a,j"
Guangzhou,Fee,2.0,-0.1850721985,"a,j"
Wuhan,Fee,0.9,-0.1263431758,"a,j"
Wuhan,Fee,2.0,0.1039633602,"a,j"
Shanghai,Fee,1.2,0.03767377138,"a,j"
Wuhan,Fee,0.3,-0.1063508466,"a,j"
Guangzhou,Fee,0.6,0.04332919791,"a,j"
Shanghai,Fee,1.35,0.004791492131,"a,j"
Shanghai,Fee,2.1,-0.1958999783,"a,j"
Beijing,Fee,2.95,-0.1362875849,"a,j"
Guangzhou,Fee,1.8,-0.04597903788,"a,j"
Beijing,Fee,0.8,-0.01826971397,"a,j"
Shanghai,Fee,1.45,0.004425854422,"a,j"
Shanghai,Fee,4.5,0.1748663336,"a,j"
Shanghai,Fee,1.85,-0.09573896974,"a,j"
Shanghai,Fee,1.2,0.08849395812,"a,j"
Shanghai,Fee,1.0,-0.01251207106,"a,j"
Shanghai,Fee,4.5,0.1980375201,"a,j"
Guangzhou,Fee,0.5,0.1108814776,"a,j"
Shanghai,Fee,2.8,-0.09085347503,"a,j"
Wuhan,Fee,1.2,0.09137811512,"a,j"
Wuhan,Fee,1.8,0.05310432613,"a,j"
Beijing,Fee,0.9,-0.09922844917,"a,j"
Shanghai,Fee,1.55,-0.09602106363,"a,j"
Wuhan,Fee,0.4,-0.2462531626,"a,j"
Shanghai,Fee,1.45,-0.1950165778,"a,j"
Shanghai,Fee,0.8,-0.0664235577,"a,j"
Shanghai,Fee,0.5,0.08262049407,"a,j"
Shanghai,Fee,1.6,-0.03551422432,"a,j"
Guangzhou,Fee,2.0,-0.2135052383,"a,j"
Shanghai,Fee,1.6,-0.114872098,"a,j"
Shanghai,Fee,0.5,0.08121192455,"a,j"
Wuhan,Fee,0.5,-0.0786203593,"a,j"
Shanghai,Fee,0.8,-0.02941517159,"a,j"
Shanghai,Fee,0.65,-0.01923382841,"a,j"
Guangzhou,Fee,0.5,-0.004708855879,"a,j"
Guangzhou,Fee,2.0,-0.17523399,"a,j"
Wuhan,Fee,1.0,-0.03844377771,"a,j"
Wuhan,Fee,0.3,-0.01371706743,"a,j"
Shanghai,Fee,1.78,0.01101562567,"a,j"
Shanghai,Fee,1.6,-0.2128874511,"a,j"
Shanghai,Fee,0.5,-0.0602941215,"a,j"
Shanghai,Fee,0.8,-0.01736454479,"a,j"
Wuhan,Fee,0.6,-0.04320548847,"a,j"
Shanghai,Fee,1.6,-0.08634875715,"a,j"
Shanghai,Fee,0.8,-0.02361252531,"a,j"
Shanghai,Fee,0.6,0.02578830905,"a,j"
Guangzhou,Fee,2.8,-0.1177979186,"a,j"
Wuhan,Fee,0.8,-0.03465150297,"a,j"
Beijing,Fee,2.5,0.04202967137,"a,j"
Shanghai,Fee,0.7,-0.0476866439,"a,j"
Wuhan,Fee,2.0,-0.08903697878,"a,j"
Shanghai,Fee,3.5,0.304240495,"a,j"
Beijing,Fee,5.0,-0.4360735118,"a,j"
Shanghai,Fee,1.23,0.05308071524,"a,j"
Guangzhou,Fee,3.7,-0.1027355716,"a,j"
Shanghai,Fee,0.3,0.03736533597,"a,j"
Shanghai,Fee,0.7,-0.00559233781,"a,j"
Beijing,Fee,1.98,0.09731782228,"a,j"
Shanghai,Fee,0.5,-0.05630762875,"a,j"
Wuhan,Fee,0.8,-0.1990310699,"a,j"
Guangzhou,Fee,2.0,-0.2147617638,"a,j"
Shanghai,Fee,0.8,-0.04087853804,"a,j"
Shanghai,Fee,0.83,-0.05105556548,"a,j"
Shanghai,Fee,2.0,-0.1674548984,"a,j"
Beijing,Fee,0.4,0.08661753684,"a,j"
Wuhan,Fee,0.5,0.02786794305,"a,j"
Wuhan,Fee,1.5,-0.09660733491,"a,j"
Shanghai,Fee,1.55,-0.1641483754,"a,j"
Shanghai,Fee,0.6,-0.017269006,"a,j"
Shanghai,Fee,0.5,0.01464109402,"a,j"
Shanghai,Fee,1.5,-0.09989085793,"a,j"
Guangzhou,Fee,0.6,0.05008137971,"a,j"
Shanghai,Fee,2.65,-0.104034707,"a,j"
Shanghai,Fee,2.8,-0.05627967417,"a,j"
Wuhan,Fee,1.5,0.0204823669,"a,j"
Wuhan,Fee,1.2,0.08578112721,"a,j"
Wuhan,Fee,1.4,-0.02174385637,"a,j"
Guangzhou,Fee,0.5,-0.03108028695,"a,j"
Shanghai,Fee,2.5,-0.0356181711,"a,j"
Beijing,Fee,1.3,-0.1954972297,"a,j"
Shanghai,Fee,0.65,-0.0438842997,"a,j"
Beijing,Fee,2.6,-0.1438951641,"a,j"
Shanghai,Fee,2.1,-0.03010584041,"a,j"
Shanghai,Fee,1.35,-0.04449555278,"a,j"
Shanghai,Fee,4.8,0.1962852031,"a,j"
Shanghai,Fee,0.8,-0.05225442722,"a,j"
Shanghai,Fee,0.6,0.1728322506,"a,j"
Shanghai,Fee,1.5,-0.1325391531,"a,j"
Beijing,Fee,1.0,-0.1602877229,"a,j"
Shanghai,Fee,0.5,-0.03253366053,"a,j"
Beijing,Fee,0.4,-0.05778482556,"a,j"
Beijing,Fee,0.8,-0.07127376646,"a,j"
Wuhan,Fee,0.9,-0.06004383042,"a,j"
Shanghai,Fee,3.5,0.23984541,"a,j"
Shanghai,Fee,1.6,-0.2665262818,"a,j"
Beijing,Fee,0.5,0.04529466107,"a,j"
Beijing,Fee,1.2,-0.06259550899,"a,j"
Shanghai,Fee,0.47,0.05515224114,"a,j"
Wuhan,Fee,1.1,0.09079536051,"a,j"
Shanghai,Fee,2.0,-0.1123746485,"a,j"
Shanghai,Fee,0.8,-0.05710073188,"a,j"
Shanghai,Fee,0.6,-0.08156885952,"a,j"
Shanghai,Fee,0.85,-0.07610152662,"a,j"
Wuhan,Fee,0.9,-0.1801128983,"a,j"
Wuhan,Fee,2.0,-0.112898685,"a,j"
Shanghai,Fee,0.6,-0.01919796318,"a,j"
Guangzhou,Fee,2.0,-0.1746848226,"a,j"
Shanghai,Fee,0.8,-0.09092202783,"a,j"
Shanghai,Fee,0.65,0.01219211891,"a,j"
Wuhan,Fee,2.88,0.05288165435,"a,j"
Wuhan,Fee,1.1,-0.01975402609,"a,j"
Wuhan,Fee,1.2,0.1415041983,"a,j"
Wuhan,Fee,1.0,-0.00830050651,"a,j"
Shanghai,Fee,0.3,-0.1025128514,"a,j"
Shanghai,Fee,1.8,-0.09930666536,"a,j"
Shanghai,Fee,0.3,-0.04107927904,"a,j"
Shanghai,Fee,0.5,0.04216590524,"a,j"
Beijing,Fee,0.63,-0.04982261732,"a,j"
Shanghai,Fee,1.2,0.0411234349,"a,j"
Shanghai,Fee,0.8,-0.03124058992,"a,j"
Wuhan,Fee,0.5,-0.06008577719,"a,j"
Guangzhou,Fee,3.0,-0.03026226908,"a,j"
Shanghai,Fee,2.0,-0.182094723,"a,j"
Shanghai,Fee,1.0,-0.1304996014,"a,j"
Shanghai,Fee,2.05,0.08814927191,"a,j"
Shanghai,Fee,1.5,-0.2012284249,"a,j"
Wuhan,Fee,5.2,-0.8766767979,"a,j"
Shanghai,Fee,0.4,-0.1674263924,"a,j"
Shanghai,Fee,1.0,0.006765414029,"a,j"
Shanghai,Fee,0.8,-0.02757971361,"a,j"
Beijing,Fee,1.69,-0.129388839,"a,j"
Wuhan,Fee,1.8,0.02397269383,"a,j"
Guangzhou,Fee,1.5,-0.1695806086,"a,j"
Guangzhou,Fee,2.5,0.1899406165,"a,j"
Beijing,Fee,2.48,0.1607899815,"a,j"
Shanghai,Fee,0.6,0.03406554088,"a,j"
Shanghai,Fee,1.35,-0.03305282816,"a,j"
Shanghai,Fee,0.5,-0.01242754795,"a,j"
Shanghai,Fee,0.5,0.07985153794,"a,j"
Shanghai,Fee,3.5,0.1681289822,"a,j"
Wuhan,Fee,2.0,-0.1248555481,"a,j"
Wuhan,Fee,0.5,-0.1047702208,"a,j"
Beijing,Fee,7.9,-0.5114344358,"a,j"
Shanghai,Fee,0.55,-0.03215956688,"a,j"
Beijing,Fee,1.8,0.1148031056,"a,j"
Guangzhou,Fee,5.0,-0.5972118974,"a,j"
Wuhan,Fee,1.2,0.03516001999,"a,j"
Guangzhou,Fee,2.0,-0.08403608948,"a,j"
Shanghai,Fee,3.2,-0.04121452942,"a,j"
Shanghai,Fee,1.2,0.02225734107,"a,j"
Beijing,Fee,0.9,-0.05419170111,"a,j"
Shanghai,Fee,1.68,-0.07553958148,"a,j"
Beijing,Fee,0.5,-0.01971871965,"a,j"
Wuhan,Fee,1.8,-0.02319449931,"a,j"
Shanghai,Fee,1.0,0.006753700785,"a,j"
Shanghai,Fee,0.5,-0.01334363688,"a,j"
Beijing,Fee,1.0,-0.0833267644,"a,j"
Wuhan,Fee,0.9,-0.1954416186,"a,j"
Shanghai,Fee,1.0,-0.02839601785,"a,j"
Shanghai,Fee,0.5,0.03560700268,"a,j"
Wuhan,Fee,3.5,0.118044436,"a,j"
Shanghai,Fee,1.26,-0.01859320328,"a,j"
Shanghai,Fee,2.0,-0.1155363098,"a,j"
Guangzhou,Fee,5.0,-0.8117428422,"a,j"
Shanghai,Fee,0.5,-0.0093700625,"a,j"
Shanghai,Fee,0.5,-0.09434070438,"a,j"
Shanghai,Fee,1.34,0.06807147712,"a,j"
Wuhan,Fee,0.9,-0.01716839522,"a,j"
Wuhan,Fee,2.98,0.3086721003,"a,j"
Shanghai,Fee,1.05,-0.003785229754,"a,j"
Shanghai,Fee,1.05,0.03358764574,"a,j"
Shanghai,Fee,0.8,0.01105352584,"a,j"
Wuhan,Fee,0.9,-0.04013065994,"a,j"
Shanghai,Fee,2.0,0.01352773234,"a,j"
Guangzhou,Fee,1.5,-0.123604849,"a,j"
Shanghai,Fee,3.2,-0.05599496514,"a,j"
Shanghai,Fee,1.85,-0.0329563655,"a,j"
Wuhan,Fee,0.5,0.04481869191,"a,j"
Shanghai,Fee,0.6,0.01398278028,"a,j"
Wuhan,Fee,1.8,-0.1435621679,"a,j"
Shanghai,Fee,0.8,-0.02026417293,"a,j"
Shanghai,Fee,0.6,-0.03564092889,"a,j"
Wuhan,Fee,0.5,0.1615851074,"a,j"
Shanghai,Fee,2.3,0.002936801873,"a,j"
Beijing,Fee,3.0,-0.1199256107,"a,j"
Shanghai,Fee,1.8,-0.1592344791,"a,j"
Beijing,Fee,1.29,0.001142858528,"a,j"
Shanghai,Fee,1.28,-0.03058578447,"a,j"
Wuhan,Fee,0.4,-0.2431099564,"a,j"
Shanghai,Fee,4.4,0.1656250358,"a,j"
Guangzhou,Fee,0.6,0.06109529361,"a,j"
Beijing,Fee,1.8,-0.1393543482,"a,j"
Guangzhou,Fee,0.6,0.004121948965,"a,j"
Shanghai,Fee,2.8,0.1251117587,"a,j"
Shanghai,Fee,1.2,0.02839235775,"a,j"
Shanghai,Fee,2.6,-0.1010435075,"a,j"
Shanghai,Fee,1.2,0.04971056804,"a,j"
Guangzhou,Fee,2.8,0.193980515,"a,j"
Shanghai,Fee,0.35,-0.1901145875,"a,j"
Shanghai,Fee,0.4,-0.1118918359,"a,j"
Shanghai,Fee,0.5,0.01822896674,"a,j"
Shanghai,Fee,0.5,-0.01167427935,"a,j"
Shanghai,Fee,0.5,-0.1250646263,"a,j"
Shanghai,Fee,3.9,0.1460894942,"a,j"
Shanghai,Fee,0.45,0.01079779118,"a,j"
Shanghai,Fee,1.8,-0.1881879568,"a,j"
Shanghai,Fee,1.7,-0.06493014097,"a,j"
Shanghai,Fee,0.65,-0.01491771545,"a,j"
Wuhan,Fee,1.4,-0.031495139,"a,j"
Shanghai,Fee,1.2,0.04777542874,"a,j"
Shanghai,Fee,0.8,-0.08691865951,"a,j"
Shanghai,Fee,0.6,0.03621149436,"a,j"
Wuhan,Fee,0.5,-0.01994114742,"a,j"
Shanghai,Fee,3.2,-0.06455627829,"a,j"
Guangzhou,Fee,2.8,0.1714240611,"a,j"
Shanghai,Fee,0.65,-0.03215454146,"a,j"
Beijing,Fee,1.0,-0.06229683384,"a,j"
Beijing,Fee,1.6,-0.1384431273,"a,j"
Guangzhou,Fee,1.5,-0.04603933543,"a,j"
Shanghai,Fee,0.5,-0.09253231436,"a,j"
Shanghai,Fee,0.8,-0.1218247637,"a,j"
Shanghai,Fee,2.1,-0.03498386592,"a,j"
Beijing,Fee,0.93,-0.06365440786,"a,j"
Shanghai,Fee,0.5,0.0312025547,"a,j"
Wuhan,Fee,0.9,-0.1238009185,"a,j"
Shanghai,Fee,0.5,0.07784174383,"a,j"
Shanghai,Fee,3.2,-0.06670807302,"a,j"
Shanghai,Fee,0.3,-0.06814236194,"a,j"
Shanghai,Fee,0.9,-0.02327408828,"a,j"
Wuhan,Fee,0.9,0.004851548932,"a,j"
Shanghai,Fee,0.65,0.03330332413,"a,j"
Shanghai,Fee,2.6,-0.1387324929,"a,j"
Wuhan,Fee,1.0,0.01205807459,"a,j"
Wuhan,Fee,3.5,0.03020233288,"a,j"
Shanghai,Fee,2.0,-0.09419774264,"a,j"
Guangzhou,Fee,0.9,-0.1287887096,"a,j"
Shanghai,Fee,2.5,-0.1103536859,"a,j"
Shanghai,Fee,0.5,0.01466601994,"a,j"
Wuhan,Fee,3.5,0.07898650318,"a,j"
Shanghai,Fee,3.5,0.1237903908,"a,j"
Shanghai,Fee,0.5,0.05784886703,"a,j"
Beijing,Fee,0.5,-0.03017251752,"a,j"
Wuhan,Fee,0.3,-0.0592578873,"a,j"
Wuhan,Fee,2.6,0.1213424131,"a,j"
Wuhan,Fee,0.8,-0.02546114102,"a,j"
Shanghai,Fee,2.5,-0.08080484718,"a,j"
Shanghai,Fee,2.0,-0.1131575182,"a,j"
Wuhan,Fee,2.0,0.02332615107,"a,j"
Shanghai,Fee,0.3,-0.1810929179,"a,j"
Guangzhou,Fee,0.5,0.04207253084,"a,j"
Wuhan,Fee,0.8,-0.1150854826,"a,j"
Guangzhou,Fee,2.8,0.04423950985,"a,j"
Shanghai,Fee,0.6,0.02530267835,"a,j"
Shanghai,Fee,4.3,-0.1015811414,"a,j"
Beijing,Fee,2.28,-0.1089289635,"a,j"
Guangzhou,Fee,1.45,-0.1194316149,"a,j"
Shanghai,Fee,0.5,0.008122066036,"a,j"
Shanghai,Fee,0.5,0.02542730421,"a,j"
Shanghai,Fee,0.5,-0.06314491481,"a,j"
Shanghai,Fee,0.6,-0.0119540114,"a,j"
Beijing,Fee,0.9,-0.06751983613,"a,j"
Shanghai,Fee,0.5,-0.000470816216,"a,j"
Wuhan,Fee,2.0,0.09569802135,"a,j"
Shanghai,Fee,0.5,0.08417133987,"a,j"
Guangzhou,Fee,2.2,0.03436966613,"a,j"
Shanghai,Fee,3.8,0.1843498647,"a,j"
Shanghai,Fee,6.0,-0.4323741794,"a,j"
Shanghai,Fee,1.0,0.01935346425,"a,j"
Shanghai,Fee,2.0,-0.08289416879,"a,j"
Shanghai,Fee,1.6,-0.1055392995,"a,j"
Shanghai,Fee,1.5,-0.09172670543,"a,j"
Wuhan,Fee,2.3,-0.1311239451,"a,j"
Wuhan,Fee,2.0,-0.1205041781,"a,j"
Shanghai,Fee,0.55,-0.002209843369,"a,j"
Shanghai,Fee,1.8,-0.1774092913,"a,j"
Wuhan,Fee,1.88,0.06011046469,"a,j"
Shanghai,Fee,0.5,0.03892726824,"a,j"
Shanghai,Fee,0.6,-0.0313080363,"a,j"
Shanghai,Fee,1.78,-0.2046016604,"a,j"
Shanghai,Fee,0.3,0.07652942091,"a,j"
Shanghai,Fee,1.15,-0.03521446511,"a,j"
Beijing,Fee,3.6,0.06258370727,"a,j"
Shanghai,Fee,0.5,0.05586660281,"a,j"
Shanghai,Fee,1.95,-0.05438995361,"a,j"
Wuhan,Fee,2.48,0.07136791199,"a,j"
Beijing,Fee,0.3,-0.07261776924,"a,j"
Shanghai,Fee,1.7,-0.01390795968,"a,j"
Guangzhou,Fee,0.9,0.01314785797,"a,j"
Beijing,Fee,0.6,-0.0286569763,"a,j"
Beijing,Fee,7.9,-0.5014029145,"a,j"
Shanghai,Fee,3.8,0.1846195012,"a,j"
Shanghai,Fee,1.7,-0.1021768302,"a,j"
Shanghai,Fee,0.6,-0.02035409957,"a,j"
Guangzhou,Fee,0.5,-0.026333455,"a,j"
Guangzhou,Fee,1.5,-0.1168085262,"a,j"
Shanghai,Fee,1.2,0.04817988351,"a,j"
Wuhan,Fee,1.3,0.01390974503,"a,j"
Wuhan,Fee,0.5,0.003768875264,"a,j"
Shanghai,Fee,1.06,-0.08335164189,"a,j"
Shanghai,Fee,2.0,-0.01814493723,"a,j"
Wuhan,Fee,0.5,0.01142114121,"a,j"
Beijing,Fee,0.5,-0.02345678397,"a,j"
Guangzhou,Fee,0.5,0.09770000726,"a,j"
Guangzhou,Fee,2.0,0.05256174877,"a,j"
Shanghai,Fee,2.6,-0.06491509825,"a,j"
Beijing,Fee,4.8,0.1319697499,"a,j"
Wuhan,Fee,1.2,0.09380612522,"a,j"
Shanghai,Fee,1.2,0.1112721562,"a,j"
Shanghai,Fee,0.5,0.02192072943,"a,j"
Guangzhou,Fee,1.8,-0.006236735731,"a,j"
Shanghai,Fee,1.72,-0.02325263061,"a,j"
Shanghai,Fee,1.5,-0.0793954581,"a,j"
Shanghai,Fee,3.7,0.1571597308,"a,j"
Shanghai,Fee,0.9,-0.00573814055,"a,j"
Shanghai,Fee,7.0,-0.7768342495,"a,j"
Shanghai,Fee,0.5,-0.01096331887,"a,j"
Guangzhou,Fee,0.5,-0.009129085578,"a,j"
Wuhan,Fee,0.7,-0.03192178532,"a,j"
Shanghai,Fee,0.5,0.01848783717,"a,j"
Shanghai,Fee,1.2,0.02783780918,"a,j"
Shanghai,Fee,0.8,-0.01866823621,"a,j"
Shanghai,Fee,2.8,-0.05182290822,"a,j"
Shanghai,Fee,1.5,-0.08265835792,"a,j"
Shanghai,Fee,0.5,-0.05172655731,"a,j"
Wuhan,Fee,2.38,0.1612576246,"a,j"
Shanghai,Fee,0.7,-0.06341519952,"a,j"
Guangzhou,Fee,0.5,-0.005110932514,"a,j"
Wuhan,Fee,0.5,-0.01570082456,"a,j"
Shanghai,Fee,1.0,-0.05611857399,"a,j"
Shanghai,Fee,0.45,0.02121215314,"a,j"
Guangzhou,Fee,1.8,-0.09303674102,"a,j"
Shanghai,Fee,1.0,-0.1093699709,"a,j"
Guangzhou,Fee,2.5,-0.2024013847,"a,j"
Wuhan,Fee,0.3,-0.08952060342,"a,j"
Guangzhou,Fee,2.7,-0.1541110277,"a,j"
Guangzhou,Fee,3.7,0.05968812108,"a,j"
Wuhan,Fee,2.0,-0.1770144701,"a,j"
Beijing,Fee,1.0,-0.04266101494,"a,j"
Wuhan,Fee,4.0,0.7128756046,"a,j"
Shanghai,Fee,1.7,-0.03622338548,"a,j"
Shanghai,Fee,0.8,-0.006890875753,"a,j"
Wuhan,Fee,1.0,0.01193051133,"a,j"
Shanghai,Fee,1.0,0.001430579927,"a,j"
Shanghai,Fee,6.2,-0.3951448798,"a,j"
Wuhan,Fee,2.8,-0.05555830523,"a,j"
Shanghai,Fee,0.7,0.04509755969,"a,j"
Beijing,Fee,1.95,0.009596429765,"a,j"
Beijing,Fee,0.64,-0.0006981563638,"a,j"
Shanghai,Fee,0.5,0.009056389332,"a,j"
Beijing,Fee,0.55,-0.09672369063,"a,j"
Wuhan,Fee,0.5,0.02487361804,"a,j"
Beijing,Fee,0.4,-0.02717046812,"a,j"
Shanghai,Fee,0.6,0.0103418855,"a,j"
Shanghai,Fee,2.0,-0.1013145819,"a,j"
Guangzhou,Fee,5.0,-0.5150899291,"a,j"
Shanghai,Fee,0.5,0.01511877403,"a,j"
Wuhan,Fee,1.4,-0.02986148,"a,j"
Shanghai,Fee,0.9,-0.0568641834,"a,j"
Beijing,Fee,1.1,9.356345981e-05,"a,j"
Beijing,Fee,2.68,0.2418961376,"a,j"
Shanghai,Fee,1.6,-0.03969045728,"a,j"
Wuhan,Fee,1.0,-0.1203103438,"a,j"
Wuhan,Fee,2.0,-0.1088060886,"a,j"
Shanghai,Fee,2.0,-0.03186003864,"a,j"
Shanghai,Fee,0.6,0.07673248649,"a,j"
Shanghai,Fee,0.35,-0.1230519637,"a,j"
Shanghai,Fee,1.8,-0.1583022028,"a,j"
Shanghai,Fee,0.8,-0.05349643156,"a,j"
Wuhan,Fee,0.7,-0.0904475078,"a,j"
Beijing,Fee,1.5,-0.1482093036,"a,j"
Guangzhou,Fee,1.8,0.03750394657,"a,j"
Guangzhou,Fee,0.5,-0.003614277579,"a,j"
Shanghai,Fee,0.45,-0.06015504152,"a,j"
Shanghai,Fee,0.4,-0.09132754058,"a,j"
Beijing,Fee,3.5,0.3389080167,"a,j"
Guangzhou,Fee,0.65,-0.0341903083,"a,j"
Shanghai,Fee,0.8,-0.07299646735,"a,j"
Guangzhou,Fee,1.5,-0.2029675096,"a,j"
Beijing,Fee,0.5,-0.02423962206,"a,j"
Wuhan,Fee,0.5,0.02894942462,"a,j"
Beijing,Fee,0.9,-0.03105907701,"a,j"
Wuhan,Fee,0.5,-0.02841782197,"a,j"
Shanghai,Fee,0.5,-0.01037104242,"a,j"
Shanghai,Fee,1.6,-0.08653091639,"a,j"
Wuhan,Fee,1.2,0.0483103469,"a,j"
Shanghai,Fee,1.2,0.05998140574,"a,j"
Guangzhou,Fee,5.0,-0.3126718402,"a,j"
Wuhan,Fee,0.5,-0.06288100034,"a,j"
Beijing,Fee,3.2,-0.005334891379,"a,j"
Shanghai,Fee,2.48,-0.163123548,"a,j"
Wuhan,Fee,0.5,0.01157649513,"a,j"
Shanghai,Fee,2.87,0.001287252642,"a,j"
Wuhan,Fee,0.6,0.001553645357,"a,j"
Beijing,Fee,0.5,-0.05309769139,"a,j"
Shanghai,Fee,4.8,0.1276327372,"a,j"
Shanghai,Fee,1.5,-0.1151648909,"a,j"
Shanghai,Fee,0.5,-0.02260521054,"a,j"
Guangzhou,Fee,2.0,-0.1865561604,"a,j"
Shanghai,Fee,0.8,-0.09581099451,"a,j"
Shanghai,Fee,2.0,-0.1966163516,"a,j"
Shanghai,Fee,1.55,-0.0762521401,"a,j"
Shanghai,Fee,2.6,-0.0003472687677,"a,j"
Shanghai,Fee,2.0,-0.06276746094,"a,j"
Shanghai,Fee,0.8,0.003848832101,"a,j"
Shanghai,Fee,1.3,0.007136510219,"a,j"
Wuhan,Fee,1.3,0.01863426343,"a,j"
Wuhan,Fee,1.0,0.02098797262,"a,j"
Beijing,Fee,0.9,-0.1235913113,"a,j"
Shanghai,Fee,0.55,-0.03128711134,"a,j"
Shanghai,Fee,1.2,0.03159290925,"a,j"
Wuhan,Fee,0.8,-0.07020030916,"a,j"
Shanghai,Fee,2.2,0.05206778646,"a,j"
Wuhan,Fee,0.32,-0.1158659086,"a,j"
Guangzhou,Fee,0.9,-0.05930512026,"a,j"
Shanghai,Fee,1.25,0.006673465949,"a,j"
Guangzhou,Fee,2.0,-0.06961718947,"a,j"
Shanghai,Fee,1.23,6.406591274e-05,"a,j"
Guangzhou,Fee,2.0,-0.1998661757,"a,j"
Shanghai,Fee,0.5,-0.06339164078,"a,j"
Beijing,Fee,2.68,0.1155255735,"a,j"
Wuhan,Fee,0.5,0.0002804850228,"a,j"
Beijing,Fee,0.5,0.1922677904,"a,j"
Shanghai,Fee,1.8,-0.04654268175,"a,j"
Shanghai,Fee,1.4,-0.1781172901,"a,j"
Shanghai,Fee,0.8,-0.02165718004,"a,j"
Wuhan,Fee,1.8,-0.05300128087,"a,j"
Shanghai,Fee,0.5,8.87895003e-05,"a,j"
Shanghai,Fee,0.9,-0.06646711379,"a,j"
Shanghai,Fee,4.2,0.4332842529,"a,j"
Shanghai,Fee,4.0,0.3841211796,"a,j"
Shanghai,Fee,0.35,-0.2452327907,"a,j"
Beijing,Fee,2.65,0.07590252906,"a,j"
Wuhan,Fee,1.8,-0.05023408309,"a,j"
Shanghai,Fee,0.8,-0.08722709864,"a,j"
Shanghai,Fee,0.6,-0.03440530598,"a,j"
Shanghai,Fee,0.6,-0.03039050102,"a,j"
Wuhan,Fee,0.6,-0.06973391771,"a,j"
Guangzhou,Fee,2.8,-0.1678783,"a,j"
Shanghai,Fee,1.96,-0.06540358812,"a,j"
Shanghai,Fee,2.5,-0.05070075765,"a,j"
Wuhan,Fee,3.5,0.07043606043,"a,j"
Shanghai,Fee,1.5,-0.174617812,"a,j"
Shanghai,Fee,2.05,-0.03612010553,"a,j"
Wuhan,Fee,0.5,-0.05929132551,"a,j"
Shanghai,Fee,3.5,0.1517927051,"a,j"
Wuhan,Fee,2.9,0.04067304358,"a,j"
Shanghai,Fee,1.8,-0.05399325863,"a,j"
Wuhan,Fee,2.0,0.02379857749,"a,j"
Wuhan,Fee,0.8,-0.1643173844,"a,j"
Beijing,Fee,5.0,-0.267023325,"a,j"
Shanghai,Fee,3.0,-0.05057409778,"a,j"
Wuhan,Fee,0.9,0.001981053501,"a,j"
Wuhan,Fee,1.38,-0.06867862493,"a,j"
Shanghai,Fee,0.8,-0.1073135287,"a,j"
Beijing,Fee,1.3,-0.2023802251,"a,j"
Wuhan,Fee,0.6,-0.003622739809,"a,j"
Beijing,Fee,1.71,-0.114737615,"a,j"
Shanghai,Fee,8.0,-0.5562915802,"a,j"
Beijing,Fee,1.02,-0.04068181291,"a,j"
Shanghai,Fee,3.5,0.1733834743,"a,j"
Wuhan,Fee,0.5,-0.04182815179,"a,j"
Shanghai,Fee,2.0,-0.09269157797,"a,j"
Shanghai,Fee,1.87,0.06856425107,"a,j"
Guangzhou,Fee,1.0,-0.04172519967,"a,j"
Shanghai,Fee,1.8,-0.1097225547,"a,j"
Shanghai,Fee,4.5,0.04157485813,"a,j"
Wuhan,Fee,1.8,-0.2250893563,"a,j"
Beijing,Fee,0.9,-0.05431797355,"a,j"
Shanghai,Fee,0.52,0.07089112699,"a,j"
Shanghai,Fee,2.0,-0.03269637749,"a,j"
Shanghai,Fee,1.0,0.00607051095,"a,j"
Shanghai,Fee,0.5,0.08720018715,"a,j"
Shanghai,Fee,0.35,-0.1583636701,"a,j"
Guangzhou,Fee,2.0,-0.2064161897,"a,j"
Shanghai,Fee,3.2,-0.07710895687,"a,j"
Shanghai,Fee,0.45,0.09229004383,"a,j"
Shanghai,Fee,0.9,0.02713368833,"a,j"
Guangzhou,Fee,0.9,-0.01774809696,"a,j"
Guangzhou,Fee,2.0,-0.1252361387,"a,j"
Shanghai,Fee,0.65,-0.01554253511,"a,j"
Wuhan,Fee,2.0,0.01118393987,"a,j"
Guangzhou,Fee,1.2,-0.04206931964,"a,j"
Shanghai,Fee,2.5,-0.08271029592,"a,j"
Beijing,Fee,1.85,-0.0274400115,"a,j"
Shanghai,Fee,0.9,-0.004652637523,"a,j"
Wuhan,Fee,4.5,0.1425651759,"a,j"
Shanghai,Fee,0.8,-0.1124039814,"a,j"
Shanghai,Fee,0.62,-0.01672010124,"a,j"
Shanghai,Fee,3.8,0.2156672627,"a,j"
Wuhan,Fee,0.9,-0.07244352251,"a,j"
Beijing,Fee,5.6,-0.6368480325,"a,j"
Shanghai,Fee,0.6,-0.03826061264,"a,j"
Wuhan,Fee,0.7,-0.0214525871,"a,j"
Shanghai,Fee,3.2,-0.0111303404,"a,j"
Beijing,Fee,1.3,-0.2002448142,"a,j"
Shanghai,Fee,1.8,-0.1855712086,"a,j"
Shanghai,Fee,0.9,-0.07581675798,"a,j"
Shanghai,Fee,4.2,0.3007606268,"a,j"
Wuhan,Fee,0.6,0.002661535516,"a,j"
Shanghai,Fee,1.3,0.02724961564,"a,j"
Guangzhou,Fee,2.0,-0.1762523055,"a,j"
Shanghai,Fee,4.8,0.2094607204,"a,j"
Guangzhou,Fee,3.0,-0.04113034159,"a,j"
Wuhan,Fee,1.8,-0.009335284121,"a,j"
Beijing,Fee,1.95,0.1311347485,"a,j"
Shanghai,Fee,5.0,-0.145848304,"a,j"
Beijing,Fee,3.38,0.0788609758,"a,j"
Shanghai,Fee,1.35,-0.05782762915,"a,j"
Shanghai,Fee,0.5,0.06513266265,"a,j"
Guangzhou,Fee,0.5,0.06498268247,"a,j"
Shanghai,Fee,0.45,-0.06712982059,"a,j"
Beijing,Fee,2.3,0.002825050615,"a,j"
Shanghai,Fee,0.45,-0.03166361526,"a,j"
Shanghai,Fee,1.15,0.08792920411,"a,j"
Shanghai,Fee,0.6,-0.01203458477,"a,j"
Shanghai,Fee,0.8,-0.0242209807,"a,j"
Shanghai,Fee,1.8,-0.1440435499,"a,j"
Beijing,Fee,3.0,-0.08299776167,"a,j"
Wuhan,Fee,0.9,-0.07310723513,"a,j"
Shanghai,Fee,1.89,-0.1607625932,"a,j"
Wuhan,Fee,2.0,-0.02669185773,"a,j"
Shanghai,Fee,1.06,-0.1210960448,"a,j"
Beijing,Fee,1.3,-0.1791930944,"a,j"
Shanghai,Fee,0.4,-0.04995981976,"a,j"
Shanghai,Fee,0.9,-0.02617738023,"a,j"
Guangzhou,Fee,0.95,-0.1372490525,"a,j"
Beijing,Fee,2.0,-0.08715759963,"a,j"
Shanghai,Fee,0.45,-0.07850949466,"a,j"
Shanghai,Fee,0.36,-0.1377326548,"a,j"
Beijing,Fee,0.98,-0.1358487159,"a,j"
Guangzhou,Fee,2.0,-0.2156371623,"a,j"
Shanghai,Fee,0.35,-0.1496492028,"a,j"
Shanghai,Fee,2.6,-0.04652432725,"a,j"
Wuhan,Fee,0.3,0.07899875939,"a,j"
Shanghai,Fee,1.89,-0.01517874561,"a,j"
Shanghai,Fee,2.5,0.08879006654,"a,j"
Wuhan,Fee,1.4,-0.06732587516,"a,j"
Shanghai,Fee,0.8,-0.1420806497,"a,j"
Wuhan,Fee,2.5,0.155377835,"a,j"
Shanghai,Fee,2.0,-0.1912050843,"a,j"
Beijing,Fee,0.9,-0.119719021,"a,j"
Shanghai,Fee,0.7,-0.08350619674,"a,j"
Shanghai,Fee,0.8,-0.03849959373,"a,j"
Shanghai,Fee,5.6,-0.7123129964,"a,j"
Shanghai,Fee,0.6,0.02280644886,"a,j"
Shanghai,Fee,0.55,0.02940855548,"a,j"
Shanghai,Fee,0.6,0.006336573511,"a,j"
Guangzhou,Fee,0.6,0.06109529361,"a,j"
Shanghai,Fee,0.8,-0.002762765624,"a,j"
Wuhan,Fee,0.6,-0.008257780224,"a,j"
Shanghai,Fee,0.7,-0.06693898141,"a,j"
Shanghai,Fee,2.3,-0.08449754119,"a,j"
Shanghai,Fee,0.4,0.07339000702,"a,j"
Beijing,Fee,1.8,0.06799583882,"a,j"
Shanghai,Fee,1.78,-0.1702007204,"a,j"
Beijing,Fee,2.3,0.1695721596,"a,j"
Guangzhou,Fee,1.8,-0.02685064077,"a,j"
Wuhan,Fee,0.5,-0.07071416825,"a,j"
Shanghai,Fee,1.0,-0.02804793045,"a,j"
Wuhan,Fee,1.9,0.07004969567,"a,j"
Shanghai,Fee,1.4,-0.1815556437,"a,j"
Shanghai,Fee,1.1,-0.006823115516,"a,j"
Shanghai,Fee,1.15,0.122579895,"a,j"
Shanghai,Fee,0.8,-0.1825114191,"a,j"
Wuhan,Fee,1.2,0.04760069773,"a,j"
Guangzhou,Fee,2.0,-0.03309529275,"a,j"
Shanghai,Fee,0.35,-0.1195485294,"a,j"
Shanghai,Fee,3.0,-0.01298403367,"a,j"
Beijing,Fee,0.5,-0.02688958123,"a,j"
Shanghai,Fee,3.9,0.1463926435,"a,j"
Shanghai,Fee,1.93,-0.01974069513,"a,j"
Beijing,Fee,0.8,0.004602230154,"a,j"
Shanghai,Fee,2.7,-0.09911169112,"a,j"
Shanghai,Fee,0.8,-0.02496341243,"a,j"
Shanghai,Fee,0.5,0.07153774798,"a,j"
Beijing,Fee,3.6,0.1613681167,"a,j"
Shanghai,Fee,1.35,-0.06639424711,"a,j"
Guangzhou,Fee,0.8,-0.1242671087,"a,j"
Beijing,Fee,1.2,-0.08153685927,"a,j"
Shanghai,Fee,0.6,0.03526233509,"a,j"
Shanghai,Fee,1.5,-0.09392840415,"a,j"
Guangzhou,Fee,0.9,-0.06218483672,"a,j"
Shanghai,Fee,0.99,-0.04501927644,"a,j"
Shanghai,Fee,2.0,-0.1208489239,"a,j"
Guangzhou,Fee,0.5,0.05738918483,"a,j"
Shanghai,Fee,0.5,0.04019046947,"a,j"
Shanghai,Fee,2.1,-0.1964805126,"a,j"
Shanghai,Fee,2.5,-0.0960431844,"a,j"
Shanghai,Fee,1.96,-0.02559589967,"a,j"
Shanghai,Fee,0.6,-0.001425735652,"a,j"
Wuhan,Fee,1.0,-0.07263605297,"a,j"
Shanghai,Fee,3.6,0.06681445986,"a,j"
Shanghai,Fee,0.7,-0.08392010629,"a,j"
Shanghai,Fee,1.8,-0.08114617318,"a,j"
Shanghai,Fee,2.0,-0.1211850047,"a,j"
Wuhan,Fee,0.5,-0.1144910306,"a,j"
Wuhan,Fee,1.5,0.04233046994,"a,j"
Beijing,Fee,0.9,-0.07126560807,"a,j"
Shanghai,Fee,0.5,0.06859336048,"a,j"
Shanghai,Fee,0.8,-0.09526398778,"a,j"
Shanghai,Fee,0.6,0.02304004692,"a,j"
Shanghai,Fee,0.45,0.1979118884,"a,j"
Shanghai,Fee,1.96,-0.1432448626,"a,j"
Beijing,Fee,2.5,-0.1145651415,"a,j"
Beijing,Fee,3.89,0.1234339178,"a,j"
Shanghai,Fee,0.7,-0.01091588289,"a,j"
Shanghai,Fee,2.0,-0.1210824475,"a,j"
Beijing,Fee,0.83,-0.09390003979,"a,j"
Wuhan,Fee,0.5,0.06569370627,"a,j"
Beijing,Fee,4.0,0.3004058003,"a,j"
Shanghai,Fee,1.15,0.04089935124,"a,j"
Shanghai,Fee,2.4,-0.01373013295,"a,j"
Shanghai,Fee,1.4,-0.03644464165,"a,j"
Beijing,Fee,2.65,-0.02952470258,"a,j"
Shanghai,Fee,2.18,-0.06947305799,"a,j"
Shanghai,Fee,1.36,-0.05011253804,"a,j"
Beijing,Fee,0.5,0.02213923447,"a,j"
Guangzhou,Fee,3.8,0.2992940545,"a,j"
Shanghai,Fee,1.2,0.05047701672,"a,j"
Shanghai,Fee,1.5,-0.07460613549,"a,j"
Shanghai,Fee,0.5,0.009598829783,"a,j"
Guangzhou,Fee,0.65,0.06198577955,"a,j"
Shanghai,Fee,1.3,-0.002205524361,"a,j"
Shanghai,Fee,0.8,-0.1301223338,"a,j"
Beijing,Fee,4.53,0.2129317969,"a,j"
Shanghai,Fee,1.45,-0.09319147468,"a,j"
Wuhan,Fee,1.2,0.07518390566,"a,j"
Shanghai,Fee,0.5,0.07080829144,"a,j"
Shanghai,Fee,0.9,-0.03836310282,"a,j"
Wuhan,Fee,1.5,-0.1445721388,"a,j"
Shanghai,Fee,1.0,-0.0164886266,"a,j"
Shanghai,Fee,0.48,-0.02181298658,"a,j"
Shanghai,Fee,0.5,-0.05355572701,"a,j"
Beijing,Fee,0.61,-0.06105138361,"a,j"
Shanghai,Fee,0.7,-0.0937969014,"a,j"
Shanghai,Fee,0.3,-0.08128022403,"a,j"
Beijing,Fee,0.5,0.329022944,"a,j"
Shanghai,Fee,6.0,-0.7157552242,"a,j"
Shanghai,Fee,0.7,0.05334195495,"a,j"
Shanghai,Fee,0.8,0.04437020794,"a,j"
Beijing,Fee,2.4,-0.05967783928,"a,j"
Shanghai,Fee,2.0,-0.09965837002,"a,j"
Beijing,Fee,5.1,-0.8717175126,"a,j"
Shanghai,Fee,2.0,-0.03463253751,"a,j"
Shanghai,Fee,0.7,-0.1031748131,"a,j"
Wuhan,Fee,3.9,0.4739126563,"a,j"
Guangzhou,Fee,0.8,-0.1798723489,"a,j"
Shanghai,Fee,0.5,0.08036780357,"a,j"
Shanghai,Fee,0.35,-0.05777714401,"a,j"
Shanghai,Fee,2.6,0.1105306596,"a,j"
Shanghai,Fee,0.45,-0.02310809866,"a,j"
Wuhan,Fee,0.3,0.6121171713,"a,j"
Beijing,Fee,1.3,-0.1795163006,"a,j"
Wuhan,Fee,0.6,0.05322400108,"a,j"
Shanghai,Fee,4.0,0.1274425536,"a,j"
Wuhan,Fee,2.0,-0.0884674266,"a,j"
Beijing,Fee,2.4,-0.167718187,"a,j"
Guangzhou,Fee,3.7,-0.03093856946,"a,j"
Beijing,Fee,2.6,-0.08295537531,"a,j"
Shanghai,Fee,3.2,0.06950809062,"a,j"
Shanghai,Fee,0.8,-0.03814522922,"a,j"
Guangzhou,Fee,1.0,-0.001622442855,"a,j"
Wuhan,Fee,0.5,0.002369145863,"a,j"
Beijing,Fee,1.5,-0.0009203711525,"a,j"
Beijing,Fee,1.95,0.006082292181,"a,j"
Wuhan,Fee,0.6,0.01051817928,"a,j"
Wuhan,Fee,0.9,-0.055996079,"a,j"
Shanghai,Fee,0.7,-0.1030557528,"a,j"
Guangzhou,Fee,0.6,0.1126084179,"a,j"
Wuhan,Fee,1.0,0.008005139418,"a,j"
Shanghai,Fee,1.2,0.1055632457,"a,j"
Wuhan,Fee,1.0,0.001624200959,"a,j"
Shanghai,Fee,2.0,-0.1350828707,"a,j"
Wuhan,Fee,0.5,0.0240585357,"a,j"
Beijing,Fee,0.55,-0.03708491102,"a,j"
Guangzhou,Fee,0.4,-0.1193218678,"a,j"
Wuhan,Fee,3.5,0.04813540354,"a,j"
Shanghai,Fee,1.2,-0.003761674976,"a,j"
Beijing,Fee,0.55,-0.1580739915,"a,j"
Wuhan,Fee,1.8,0.1973032057,"a,j"
Shanghai,Fee,0.5,-0.02800916508,"a,j"
Wuhan,Fee,2.5,-0.06520532072,"a,j"
Beijing,Fee,2.0,-0.1925890446,"a,j"
Beijing,Fee,0.9,-0.05406816304,"a,j"
Shanghai,Fee,4.2,0.220385924,"a,j"
Guangzhou,Fee,1.5,0.06992022693,"a,j"
Wuhan,Fee,2.2,0.04708911106,"a,j"
Shanghai,Fee,1.55,-0.1241466403,"a,j"
Wuhan,Fee,0.8,-0.1227742061,"a,j"
Shanghai,Fee,2.2,-0.150743261,"a,j"
Beijing,Fee,2.5,-0.09360019118,"a,j"
Guangzhou,Fee,0.5,0.04578528926,"a,j"
Shanghai,Fee,7.5,-0.163279146,"a,j"
Wuhan,Fee,2.5,-0.07126547396,"a,j"
Shanghai,Fee,0.8,-0.07292030752,"a,j"
Guangzhou,Fee,2.5,0.1228086352,"a,j"
Wuhan,Fee,0.8,-0.06631113589,"a,j"
Shanghai,Fee,1.9,0.08024875075,"a,j"
Shanghai,Fee,4.0,0.3502794802,"a,j"
Shanghai,Fee,0.6,-0.004019673448,"a,j"
Shanghai,Fee,0.5,0.02290225029,"a,j"
Shanghai,Fee,0.5,-0.01063250471,"a,j"
Wuhan,Fee,0.8,-0.2909255624,"a,j"
Shanghai,Fee,0.5,0.04267801344,"a,j"
Wuhan,Fee,1.8,0.07244427502,"a,j"
Shanghai,Fee,2.5,-0.1541609317,"a,j"
Shanghai,Fee,4.4,0.1851310432,"a,j"
Wuhan,Fee,0.32,-0.2125612348,"a,j"
Shanghai,Fee,2.5,0.07443238795,"a,j"
Wuhan,Fee,2.5,0.01068590581,"a,j"
Shanghai,Fee,0.8,-0.1061580852,"a,j"
Guangzhou,Fee,0.4,-0.1039136201,"a,j"
Shanghai,Fee,2.0,-0.09970601648,"a,j"
Wuhan,Fee,1.0,-0.07156187296,"a,j"
Shanghai,Fee,2.9,-0.00259658182,"a,j"
Shanghai,Fee,3.2,0.1094311252,"a,j"
Shanghai,Fee,0.7,-0.1060408652,"a,j"
Guangzhou,Fee,1.0,0.02888289467,"a,j"
Shanghai,Fee,0.7,-0.01094685588,"a,j"
Shanghai,Fee,0.5,0.01387138385,"a,j"
Beijing,Fee,0.8,-0.1071608663,"a,j"
Shanghai,Fee,1.45,-0.05137386546,"a,j"
Shanghai,Fee,0.5,-0.009245554917,"a,j"
Wuhan,Fee,1.0,-0.1323577762,"a,j"
Beijing,Fee,4.98,-0.4564564824,"a,j"
Beijing,Fee,2.3,0.05247038603,"a,j"
Guangzhou,Fee,1.0,0.02953742072,"a,j"
Shanghai,Fee,2.0,-0.07052406669,"a,j"
Shanghai,Fee,0.8,-0.02386629768,"a,j"
Guangzhou,Fee,0.8,-0.08772493154,"a,j"
Guangzhou,Fee,0.5,0.007715998217,"a,j"
Shanghai,Fee,0.5,-0.004984345287,"a,j"
Shanghai,Fee,0.8,-0.112136133,"a,j"
Shanghai,Fee,1.7,-0.173380971,"a,j"
Shanghai,Fee,2.8,-0.01022747532,"a,j"
Guangzhou,Fee,2.0,-0.1806591302,"a,j"
Shanghai,Fee,0.8,-0.06082311645,"a,j"
Shanghai,Fee,0.8,-0.05942455307,"a,j"
Shanghai,Fee,0.52,0.03748226538,"a,j"
Shanghai,Fee,0.8,-0.01549038012,"a,j"
Shanghai,Fee,1.25,0.04464188218,"a,j"
Shanghai,Fee,3.98,0.5462695956,"a,j"
Wuhan,Fee,0.9,-0.0384638235,"a,j"
Shanghai,Fee,1.5,-0.09209236503,"a,j"
Guangzhou,Fee,3.7,-0.05461065099,"a,j"
Wuhan,Fee,0.5,0.1122278869,"a,j"
Shanghai,Fee,0.79,-0.05830234289,"a,j"
Shanghai,Fee,0.8,0.003560494166,"a,j"
Shanghai,Fee,0.5,0.002538399771,"a,j"
Shanghai,Fee,0.5,0.07330396771,"a,j"
Beijing,Fee,2.79,0.2769159973,"a,j"
Wuhan,Fee,1.2,0.08609445393,"a,j"
Shanghai,Fee,0.5,-0.00908254832,"a,j"
Shanghai,Fee,0.6,-0.02994660847,"a,j"
Wuhan,Fee,1.2,0.007365027908,"a,j"
Shanghai,Fee,0.4,-0.1809728742,"a,j"
Wuhan,Fee,0.5,-0.07071416825,"a,j"
Shanghai,Fee,0.6,0.01033155154,"a,j"
Beijing,Fee,0.9,-0.04701799154,"a,j"
Shanghai,Fee,0.4,-0.03030832112,"a,j"
Shanghai,Fee,2.0,-0.09478055686,"a,j"
Guangzhou,Fee,3.8,0.09327022731,"a,j"
Shanghai,Fee,2.3,-0.1147033498,"a,j"
Beijing,Fee,0.5,0.008972014301,"a,j"
Beijing,Fee,0.6,0.006342352834,"a,j"
Shanghai,Fee,1.85,0.2911244035,"a,j"
Shanghai,Fee,0.6,0.01740684174,"a,j"
Shanghai,Fee,2.3,-0.1089642718,"a,j"
Guangzhou,Fee,3.7,-0.1192589998,"a,j"
Shanghai,Fee,1.0,-0.03407308087,"a,j"
Shanghai,Fee,2.5,0.006542131305,"a,j"
Wuhan,Fee,1.0,-0.1408316195,"a,j"
Shanghai,Fee,1.2,0.09991235286,"a,j"
Shanghai,Fee,0.6,0.04042318463,"a,j"
Shanghai,Fee,0.5,0.1256864667,"a,j"
Beijing,Fee,0.5,-0.07147757709,"a,j"
Shanghai,Fee,3.9,0.2095637321,"a,j"
Shanghai,Fee,1.2,-0.002643967513,"a,j"
Shanghai,Fee,0.52,0.02873365581,"a,j"
Beijing,Fee,2.3,-0.0004670876078,"a,j"
Beijing,Fee,2.58,0.1057568565,"a,j"
Shanghai,Fee,1.8,-0.1803561896,"a,j"
Guangzhou,Fee,3.79,0.3011445105,"a,j"
Wuhan,Fee,4.5,0.2082996666,"a,j"
Shanghai,Fee,0.45,0.08637291193,"a,j"
Shanghai,Fee,1.96,-0.02251104452,"a,j"
Shanghai,Fee,1.2,-0.007793086115,"a,j"
Shanghai,Fee,1.85,-0.001186398324,"a,j"
Shanghai,Fee,3.5,0.1753170043,"a,j"
Shanghai,Fee,1.5,-0.1205663532,"a,j"
Shanghai,Fee,0.45,0.03194012493,"a,j"
Shanghai,Fee,0.5,-0.002633507829,"a,j"
Shanghai,Fee,0.6,-0.06933884323,"a,j"
Shanghai,Fee,2.9,-0.02358450368,"a,j"
Shanghai,Fee,0.95,-0.07359882444,"a,j"
Shanghai,Fee,2.7,-0.0338107422,"a,j"
Shanghai,Fee,1.5,-0.05044202879,"a,j"
Shanghai,Fee,4.0,0.4149763584,"a,j"
Shanghai,Fee,0.5,0.182997033,"a,j"
Beijing,Fee,0.5,0.0902383849,"a,j"
Shanghai,Fee,0.4,-0.08902867138,"a,j"
Shanghai,Fee,1.2,0.06548855454,"a,j"
Shanghai,Fee,1.35,-0.08951099217,"a,j"
Wuhan,Fee,0.5,-0.0940631777,"a,j"
Shanghai,Fee,1.5,-0.236652568,"a,j"
Shanghai,Fee,3.2,0.0487337783,"a,j"
Beijing,Fee,1.5,-0.1261848956,"a,j"
Shanghai,Fee,1.1,0.0708823055,"a,j"
Shanghai,Fee,2.0,-0.1189282984,"a,j"
Shanghai,Fee,1.25,0.03056190535,"a,j"
Wuhan,Fee,0.6,0.1004108712,"a,j"
Shanghai,Fee,0.65,-0.01438029855,"a,j"
Shanghai,Fee,0.55,0.00351149682,"a,j"
Shanghai,Fee,2.9,0.06616357714,"a,j"
Shanghai,Fee,0.7,-0.1724631786,"a,j"
Wuhan,Fee,1.8,0.0458127968,"a,j"
Shanghai,Fee,0.5,0.0817476362,"a,j"
Shanghai,Fee,0.95,-0.02419301495,"a,j"
Shanghai,Fee,1.8,-0.09630315006,"a,j"
Beijing,Fee,1.5,-0.1046333611,"a,j"
Beijing,Fee,1.0,-0.1316800117,"a,j"
Shanghai,Fee,4.3,0.06971659511,"a,j"
Shanghai,Fee,2.0,-0.1054288447,"a,j"
Shanghai,Fee,1.8,-0.110704571,"a,j"
Wuhan,Fee,0.6,-0.01124575827,"a,j"
Shanghai,Fee,4.98,-0.517103374,"a,j"
Wuhan,Fee,0.8,-0.2020484805,"a,j"
Guangzhou,Fee,2.0,-0.249366343,"a,j"
Wuhan,Fee,0.8,-0.06001499668,"a,j"
Shanghai,Fee,0.8,-0.02885200828,"a,j"
Shanghai,Fee,1.1,0.03908703104,"a,j"
Shanghai,Fee,0.7,0.01065724343,"a,j"
Shanghai,Fee,1.2,0.05779864639,"a,j"
Wuhan,Fee,1.7,0.1055738106,"a,j"
Shanghai,Fee,0.87,-0.06877584755,"a,j"
Shanghai,Fee,2.0,-0.1118266582,"a,j"
Shanghai,Fee,1.5,-0.076507397,"a,j"
Wuhan,Fee,0.9,-0.1039378941,"a,j"
Shanghai,Fee,6.5,-0.8065512776,"a,j"
Wuhan,Fee,1.0,-0.0004368342925,"a,j"
Shanghai,Fee,0.55,0.005799979903,"a,j"
Shanghai,Fee,3.2,-0.002565190196,"a,j"
Shanghai,Fee,1.0,-0.04964197427,"a,j"
Shanghai,Fee,3.5,0.07720114291,"a,j"
Shanghai,Fee,1.5,-0.1354416162,"a,j"
Shanghai,Fee,1.2,0.05930725485,"a,j"
Wuhan,Fee,1.2,0.0738870278,"a,j"
Shanghai,Fee,4.0,0.4885683358,"a,j"
Wuhan,Fee,1.8,-0.07119487971,"a,j"
Shanghai,Fee,1.5,-0.1563738286,"a,j"
Beijing,Fee,0.6,-0.01765746623,"a,j"
Shanghai,Fee,1.0,-0.07497458905,"a,j"
Beijing,Fee,2.4,-0.1510259658,"a,j"
Shanghai,Fee,1.8,-0.03512624651,"a,j"
Shanghai,Fee,4.8,0.01031279191,"a,j"
Shanghai,Fee,1.48,-0.02583244815,"a,j"
Shanghai,Fee,0.4,-0.07223665714,"a,j"
Beijing,Fee,2.5,0.03779504448,"a,j"
Guangzhou,Fee,0.8,-0.09723158926,"a,j"
Shanghai,Fee,2.0,-0.1883645356,"a,j"
Beijing,Fee,2.4,-0.1362609714,"a,j"
Beijing,Fee,0.5,0.09395288676,"a,j"
Shanghai,Fee,3.1,-0.02608527429,"a,j"
Beijing,Fee,0.8,-0.1782940626,"a,j"
Shanghai,Fee,3.2,-0.06578991562,"a,j"
Shanghai,Fee,4.9,0.2099227607,"a,j"
Guangzhou,Fee,0.9,-0.02125207707,"a,j"
Shanghai,Fee,1.5,-0.1589261889,"a,j"
Beijing,Fee,2.0,-0.02225138061,"a,j"
Wuhan,Fee,0.8,-0.1184812039,"a,j"
Shanghai,Fee,0.7,-0.13629812,"a,j"
Shanghai,Fee,1.45,-0.05819458514,"a,j"
Shanghai,Fee,0.45,-0.005240781233,"a,j"
Shanghai,Fee,5.0,-0.7609648705,"a,j"
Wuhan,Fee,3.2,0.1180615649,"a,j"
Shanghai,Fee,0.83,0.126659289,"a,j"
Wuhan,Fee,1.7,-0.01044550352,"a,j"
Guangzhou,Fee,0.5,-0.0009265234694,"a,j"
Wuhan,Fee,4.5,0.110899806,"a,j"
Guangzhou,Fee,0.9,-0.1538478732,"a,j"
Shanghai,Fee,2.9,0.1111555025,"a,j"
Shanghai,Fee,0.6,-0.02573698387,"a,j"
Guangzhou,Fee,2.7,-0.1509854048,"a,j"
Shanghai,Fee,1.35,-0.121533379,"a,j"
Shanghai,Fee,0.65,-0.006005659234,"a,j"
Wuhan,Fee,0.5,0.03074429184,"a,j"
Shanghai,Fee,0.7,-0.02430234477,"a,j"
Shanghai,Fee,0.55,0.01757360995,"a,j"
Wuhan,Fee,0.5,-0.0403419286,"a,j"
Wuhan,Fee,0.9,-0.06159734353,"a,j"
Guangzhou,Fee,2.0,-0.1060715541,"a,j"
Guangzhou,Fee,1.8,-0.1627005786,"a,j"
Shanghai,Fee,0.5,-0.001903676894,"a,j"
Wuhan,Fee,0.6,0.04760694504,"a,j"
Shanghai,Fee,2.5,-0.09904836863,"a,j"
Shanghai,Fee,2.6,0.1112890989,"a,j"
Wuhan,Fee,2.98,0.1536215246,"a,j"
Shanghai,Fee,0.5,0.03845009208,"a,j"
Shanghai,Fee,1.6,-0.07490000129,"a,j"
Wuhan,Fee,0.6,-0.0415745452,"a,j"
Shanghai,Fee,0.5,0.2612484992,"a,j"
Shanghai,Fee,1.2,0.09465748817,"a,j"
Shanghai,Fee,0.6,-0.0455644913,"a,j"
Wuhan,Fee,1.0,-0.01551139634,"a,j"
Beijing,Fee,2.0,-0.2281062603,"a,j"
Shanghai,Fee,0.7,-0.1708892733,"a,j"
Wuhan,Fee,0.9,-0.2047373801,"a,j"
Wuhan,Fee,0.5,-0.1417024583,"a,j"
Shanghai,Fee,0.9,-0.0009857336991,"a,j"
Shanghai,Fee,2.5,-0.08612354845,"a,j"
Shanghai,Fee,1.0,-0.02134972997,"a,j"
Shanghai,Fee,0.6,-0.0616322346,"a,j"
Shanghai,Fee,0.8,-0.02470869943,"a,j"
Beijing,Fee,2.6,-0.09662681073,"a,j"
Beijing,Fee,0.45,0.06870773435,"a,j"
Shanghai,Fee,1.2,0.06357133389,"a,j"
Shanghai,Fee,1.65,-0.07767986506,"a,j"
Wuhan,Fee,0.68,-0.05483663827,"a,j"
Shanghai,Fee,0.6,-0.01588527858,"a,j"
Wuhan,Fee,1.5,0.0009074648842,"a,j"
Guangzhou,Fee,0.5,-0.02511323616,"a,j"
Shanghai,Fee,0.7,-0.1055061966,"a,j"
Shanghai,Fee,0.8,-0.02937253192,"a,j"
Shanghai,Fee,1.7,0.0629336983,"a,j"
Shanghai,Fee,0.52,-0.01267775614,"a,j"
Wuhan,Fee,1.5,-0.06808372587,"a,j"
Shanghai,Fee,1.9,-0.1417712718,"a,j"
Guangzhou,Fee,0.5,-0.07513980567,"a,j"
Wuhan,Fee,1.5,0.002283844166,"a,j"
Wuhan,Fee,3.5,0.4428527653,"a,j"
Shanghai,Fee,2.0,-0.08639142662,"a,j"
Beijing,Fee,0.8,-0.06414847076,"a,j"
Shanghai,Fee,0.5,0.05020876601,"a,j"
Guangzhou,Fee,0.9,-0.06104486436,"a,j"
Shanghai,Fee,2.0,-0.1069893464,"a,j"
Shanghai,Fee,5.6,-0.6266292334,"a,j"
Shanghai,Fee,2.0,-0.1301187277,"a,j"
Guangzhou,Fee,1.95,-0.04548444599,"a,j"
Shanghai,Fee,0.9,-0.1010340452,"a,j"
Guangzhou,Fee,0.54,0.03772120178,"a,j"
Shanghai,Fee,0.4,-0.1634120643,"a,j"
Wuhan,Fee,0.5,-0.008490749635,"a,j"
Wuhan,Fee,2.0,0.05870614201,"a,j"
Shanghai,Fee,0.6,-0.03003994934,"a,j"
Beijing,Fee,1.1,-0.03109218553,"a,j"
Shanghai,Fee,0.5,0.09998497367,"a,j"
Shanghai,Fee,2.9,-0.1289362162,"a,j"
Beijing,Fee,2.5,-0.1159533933,"a,j"
Beijing,Fee,2.0,-0.1337579936,"a,j"
Wuhan,Fee,0.8,-0.1175984144,"a,j"
Shanghai,Fee,1.0,-0.001837413525,"a,j"
Guangzhou,Fee,0.5,-0.02033853531,"a,j"
Shanghai,Fee,3.95,0.1824601144,"a,j"
Shanghai,Fee,0.8,-0.09760535508,"a,j"
Shanghai,Fee,0.35,0.3649362326,"a,j"
Shanghai,Fee,0.4,0.1939799786,"a,j"
Shanghai,Fee,1.65,-0.1038942784,"a,j"
Shanghai,Fee,0.5,-0.009596193209,"a,j"
Wuhan,Fee,1.2,0.1310116947,"a,j"
Guangzhou,Fee,2.0,-0.2187437266,"a,j"
Shanghai,Fee,1.2,-0.004771743435,"a,j"
Shanghai,Fee,1.2,0.0984345749,"a,j"
Shanghai,Fee,2.0,-0.098741211,"a,j"
Shanghai,Fee,0.4,0.02432134002,"a,j"
Guangzhou,Fee,0.9,-0.1925790459,"a,j"
Shanghai,Fee,3.98,0.2470709831,"a,j"
Shanghai,Fee,0.8,-0.05179335177,"a,j"
Wuhan,Fee,0.4,-0.1868313551,"a,j"
Shanghai,Fee,0.35,-0.06623159349,"a,j"
Shanghai,Fee,3.0,0.01860537566,"a,j"
Shanghai,Fee,2.7,0.04354302213,"a,j"
Wuhan,Fee,0.8,-0.034650933,"a,j"
Beijing,Fee,1.2,-0.06047193334,"a,j"
Guangzhou,Fee,1.8,-0.09729427099,"a,j"
Shanghai,Fee,0.55,-0.02486931533,"a,j"
Shanghai,Fee,1.3,0.08063425869,"a,j"
Wuhan,Fee,0.5,-0.04574571922,"a,j"
Wuhan,Fee,0.6,-0.1115958691,"a,j"
Shanghai,Fee,0.5,0.01340743341,"a,j"
Beijing,Fee,0.9,-0.2050005645,"a,j"
Wuhan,Fee,0.8,-0.1448295712,"a,j"
Wuhan,Fee,0.5,-0.04963726178,"a,j"
Shanghai,Fee,1.0,0.02565962821,"a,j"
Guangzhou,Fee,0.5,-0.01466318127,"a,j"
Guangzhou,Fee,1.76,-0.28701967,"a,j"
Wuhan,Fee,1.8,-0.1019218788,"a,j"
Shanghai,Fee,0.8,-0.01087106392,"a,j"
Beijing,Fee,0.5,0.08253533393,"a,j"
Shanghai,Fee,4.2,0.2051289976,"a,j"
Guangzhou,Fee,2.0,-0.1988040507,"a,j"
Shanghai,Fee,1.3,-0.03911402076,"a,j"
Shanghai,Fee,0.6,-0.02266618423,"a,j"
Shanghai,Fee,0.8,-0.04128318653,"a,j"
Guangzhou,Fee,3.18,0.1755405813,"a,j"
Beijing,Fee,1.8,-0.09953300655,"a,j"
Guangzhou,Fee,0.9,-0.06429329515,"a,j"
Guangzhou,Fee,6.0,-0.4914734662,"a,j"
Beijing,Fee,2.1,0.00462012412,"a,j"
Shanghai,Fee,0.5,-0.01272233296,"a,j"
Shanghai,Fee,2.0,-0.1683612317,"a,j"
Wuhan,Fee,1.2,0.1355608255,"a,j"
Wuhan,Fee,0.5,-0.1781343669,"a,j"
Shanghai,Fee,0.84,-0.07628643513,"a,j"
Guangzhou,Fee,2.0,-0.1998661757,"a,j"
Shanghai,Fee,0.4,-0.152308777,"a,j"
Wuhan,Fee,4.5,0.05245056003,"a,j"
Shanghai,Fee,1.2,0.1322034001,"a,j"
Shanghai,Fee,1.5,-0.1717881858,"a,j"
Shanghai,Fee,1.85,0.006949898321,"a,j"
Guangzhou,Fee,2.0,-0.2049191147,"a,j"
Beijing,Fee,0.35,-0.1093991771,"a,j"
Shanghai,Fee,0.9,-0.06328350306,"a,j"
Shanghai,Fee,0.8,-0.07276688516,"a,j"
Wuhan,Fee,0.6,-0.003886269405,"a,j"
Beijing,Fee,0.5,0.04868567362,"a,j"
Shanghai,Fee,0.7,0.04506970942,"a,j"
Wuhan,Fee,0.6,0.001454579644,"a,j"
Shanghai,Fee,2.0,0.0649010092,"a,j"
Shanghai,Fee,1.29,0.04427073896,"a,j"
Wuhan,Fee,1.9,-0.0332191959,"a,j"
Shanghai,Fee,0.6,0.02949812077,"a,j"
Wuhan,Fee,3.2,0.1926684529,"a,j"
Beijing,Fee,2.4,-0.1383736134,"a,j"
Shanghai,Fee,2.0,-0.172816202,"a,j"
Shanghai,Fee,0.5,0.02432743274,"a,j"
Beijing,Fee,2.5,-0.1413475126,"a,j"
Shanghai,Fee,0.6,-0.04873070121,"a,j"
Shanghai,Fee,0.6,0.03406554088,"a,j"
Shanghai,Fee,0.8,-0.1194476634,"a,j"
Shanghai,Fee,2.7,0.1030116081,"a,j"
Guangzhou,Fee,2.0,-0.1901943982,"a,j"
Wuhan,Fee,1.6,-0.1360845268,"a,j"
Shanghai,Fee,4.8,-0.2184330076,"a,j"
Shanghai,Fee,0.7,-0.02069262974,"a,j"
Wuhan,Fee,2.98,-0.02701499686,"a,j"
Wuhan,Fee,1.6,-0.05211839825,"a,j"
Shanghai,Fee,2.45,-0.002287904266,"a,j"
Shanghai,Fee,1.2,-0.003888848936,"a,j"
Shanghai,Fee,1.3,0.01913046092,"a,j"
Shanghai,Fee,2.0,-0.1834539324,"a,j"
Shanghai,Fee,0.5,0.02192865871,"a,j"
Shanghai,Fee,0.8,-0.1554965824,"a,j"
Shanghai,Fee,1.25,0.02291106805,"a,j"
Guangzhou,Fee,1.0,-0.02072586492,"a,j"
Shanghai,Fee,0.8,-0.0339278467,"a,j"
Guangzhou,Fee,0.9,-0.06666101515,"a,j"
Beijing,Fee,0.9,-0.08464808762,"a,j"
Shanghai,Fee,0.52,0.03785223141,"a,j"
Wuhan,Fee,0.6,-0.03745975718,"a,j"
Shanghai,Fee,0.6,-0.0184548106,"a,j"
Shanghai,Fee,1.2,0.04790687561,"a,j"
Shanghai,Fee,0.5,-0.02055621147,"a,j"
Guangzhou,Fee,0.9,-0.09241389483,"a,j"
Beijing,Fee,0.72,-0.1757843941,"a,j"
Shanghai,Fee,0.38,-0.196553722,"a,j"
Shanghai,Fee,0.8,-0.09002212435,"a,j"
Shanghai,Fee,0.8,-0.05348678678,"a,j"
Wuhan,Fee,1.0,0.02806191891,"a,j"
Shanghai,Fee,1.0,-0.1133745238,"a,j"
Shanghai,Fee,0.9,-0.1358235478,"a,j"
Shanghai,Fee,3.5,0.4143153727,"a,j"
Guangzhou,Fee,2.0,-0.2325782031,"a,j"
Wuhan,Fee,0.5,-0.09855867922,"a,j"
Wuhan,Fee,0.5,-0.1301109195,"a,j"
Shanghai,Fee,0.8,-0.03596000001,"a,j"
Shanghai,Fee,1.95,-0.0248452574,"a,j"
Shanghai,Fee,1.4,-0.04755759612,"a,j"
Shanghai,Fee,1.2,0.05590049177,"a,j"
Shanghai,Fee,1.0,0.004428815562,"a,j"
Beijing,Fee,5.0,-0.3869587481,"a,j"
Wuhan,Fee,0.8,-0.1043126807,"a,j"
Shanghai,Fee,0.8,-0.0165346954,"a,j"
Shanghai,Fee,0.6,-0.1109101325,"a,j"
Shanghai,Fee,0.85,-0.009320224635,"a,j"
Beijing,Fee,0.65,-0.03585882857,"a,j"
Shanghai,Fee,0.45,0.02673862129,"a,j"
Wuhan,Fee,0.8,-0.1190423071,"a,j"
Beijing,Fee,1.56,-0.08487930149,"a,j"
Beijing,Fee,2.85,-0.07032068819,"a,j"
Wuhan,Fee,0.4,-0.2013939619,"a,j"
Wuhan,Fee,0.8,-0.03099845722,"a,j"
Shanghai,Fee,1.0,-0.06954652071,"a,j"
Shanghai,Fee,1.0,0.01608045027,"a,j"
Shanghai,Fee,1.5,-0.1370711923,"a,j"
Shanghai,Fee,0.8,-0.05931955948,"a,j"
Shanghai,Fee,0.5,-0.02485440299,"a,j"
Shanghai,Fee,0.5,0.0146970097,"a,j"
Shanghai,Fee,0.6,0.00609046407,"a,j"
Shanghai,Fee,1.1,0.03406598419,"a,j"
Beijing,Fee,1.2,0.1879679263,"a,j"
Shanghai,Fee,0.5,0.03908801824,"a,j"
Guangzhou,Fee,2.7,-0.153999567,"a,j"
Shanghai,Fee,2.5,-0.06287620217,"a,j"
Shanghai,Fee,3.8,0.1947079897,"a,j"
Wuhan,Fee,2.0,0.03318979591,"a,j"
Shanghai,Fee,0.36,-0.04488778859,"a,j"
Shanghai,Fee,3.5,0.2236579359,"a,j"
Shanghai,Fee,1.65,-0.09687186033,"a,j"
Shanghai,Fee,2.7,0.05305640027,"a,j"
Beijing,Fee,1.45,-0.08065841347,"a,j"
Guangzhou,Fee,6.8,-0.319013834,"a,j"
Beijing,Fee,0.85,-0.1049819216,"a,j"
Wuhan,Fee,0.9,-0.06556123495,"a,j"
Guangzhou,Fee,0.4,-0.1419095248,"a,j"
Shanghai,Fee,4.2,0.4927842021,"a,j"
Shanghai,Fee,0.6,-0.005770328455,"a,j"
Wuhan,Fee,0.9,-0.0008214046247,"a,j"
Beijing,Fee,0.62,0.02725445479,"a,j"
Shanghai,Fee,1.5,-0.1094992086,"a,j"
Guangzhou,Fee,0.5,-0.01930608042,"a,j"
Shanghai,Fee,1.5,-0.09177152067,"a,j"
Beijing,Fee,0.5,-0.02417678759,"a,j"
Guangzhou,Fee,2.0,-0.253996253,"a,j"
Wuhan,Fee,0.5,-0.07071416825,"a,j"
Wuhan,Fee,0.9,0.007704151794,"a,j"
Shanghai,Fee,0.5,0.04568217322,"a,j"
Guangzhou,Fee,2.5,0.1380387694,"a,j"
Wuhan,Fee,0.5,-0.1115180328,"a,j"
Beijing,Fee,0.9,-0.04756093398,"a,j"
Shanghai,Fee,1.8,-0.07081157714,"a,j"
Shanghai,Fee,2.0,-0.1542003304,"a,j"
Shanghai,Fee,2.45,0.04180845246,"a,j"
Shanghai,Fee,1.12,0.037208803,"a,j"
Guangzhou,Fee,0.6,-0.04681565613,"a,j"
Beijing,Fee,0.9,-0.1636632979,"a,j"
Guangzhou,Fee,1.8,-0.04284181818,"a,j"
Beijing,Fee,0.9,-0.05292223394,"a,j"
Shanghai,Fee,3.98,0.5955328941,"a,j"
Beijing,Fee,0.45,-0.02862547711,"a,j"
Shanghai,Fee,0.8,-0.1038666293,"a,j"
Shanghai,Fee,0.6,-0.02923150174,"a,j"
Shanghai,Fee,2.0,0.09867303073,"a,j"
Wuhan,Fee,2.3,0.0126044536,"a,j"
Wuhan,Fee,2.0,0.1077542156,"a,j"
Beijing,Fee,1.0,-0.004357694183,"a,j"
Shanghai,Fee,0.5,-0.05290256441,"a,j"
Beijing,Fee,0.5,-0.01084228978,"a,j"
Shanghai,Fee,2.0,-0.0937525034,"a,j"
Shanghai,Fee,2.0,-0.121793218,"a,j"
Guangzhou,Fee,0.9,-0.0161379464,"a,j"
Beijing,Fee,2.3,0.06909893453,"a,j"
Shanghai,Fee,0.56,0.0302465409,"a,j"
Shanghai,Fee,1.2,0.02091485821,"a,j"
Shanghai,Fee,1.78,-0.05174652115,"a,j"
Beijing,Fee,1.2,-0.0274986662,"a,j"
Shanghai,Fee,0.84,-0.04549087211,"a,j"
Shanghai,Fee,1.9,0.05436749011,"a,j"
Wuhan,Fee,0.8,-0.1213847697,"a,j"
Guangzhou,Fee,2.8,-0.2349108309,"a,j"
Shanghai,Fee,1.8,-0.09375952929,"a,j"
Shanghai,Fee,0.8,-0.006940104999,"a,j"
Wuhan,Fee,1.0,-0.07982154936,"a,j"
Beijing,Fee,1.9,0.02390897274,"a,j"
Wuhan,Fee,4.2,0.2110724002,"a,j"
Wuhan,Fee,1.5,-0.1721948236,"a,j"
Beijing,Fee,0.5,0.05092559382,"a,j"
Shanghai,Fee,2.3,-0.1350415945,"a,j"
Shanghai,Fee,0.35,-0.114741452,"a,j"
Beijing,Fee,0.8,-0.09423138201,"a,j"
Shanghai,Fee,0.8,-0.02621054277,"a,j"
Shanghai,Fee,1.09,0.05218308419,"a,j"
Shanghai,Fee,0.77,-0.02771813609,"a,j"
Shanghai,Fee,0.72,0.0006597582251,"a,j"
Shanghai,Fee,3.8,0.08792365342,"a,j"
Shanghai,Fee,1.8,-0.01783525571,"a,j"
Beijing,Fee,2.0,-0.04355766997,"a,j"
Beijing,Fee,0.9,-0.151446119,"a,j"
Wuhan,Fee,2.0,-0.05040160567,"a,j"
Shanghai,Fee,1.5,-0.09891649336,"a,j"
Shanghai,Fee,2.0,0.0512477085,"a,j"
Shanghai,Fee,0.8,-0.04047850892,"a,j"
Guangzhou,Fee,3.7,0.1290581375,"a,j"
Beijing,Fee,2.5,-0.06410726905,"a,j"
Shanghai,Fee,0.7,-0.03290031105,"a,j"
Shanghai,Fee,4.5,-0.05089733377,"a,j"
Shanghai,Fee,0.5,0.02149912901,"a,j"
Shanghai,Fee,3.3,0.1806338727,"a,j"
Shanghai,Fee,0.6,0.131657213,"a,j"
Wuhan,Fee,2.6,-0.145549804,"a,j"
Shanghai,Fee,0.8,-0.01850148663,"a,j"
Wuhan,Fee,0.8,-0.1657017469,"a,j"
Shanghai,Fee,2.7,-0.1237501353,"a,j"
Shanghai,Fee,0.56,0.00725724455,"a,j"
Wuhan,Fee,0.6,-0.1472519934,"a,j"
Shanghai,Fee,0.6,-0.1292193681,"a,j"
Shanghai,Fee,0.8,-0.07543257624,"a,j"
Beijing,Fee,0.85,-0.2079024315,"a,j"
Beijing,Fee,1.63,-0.06927257776,"a,j"
Shanghai,Fee,0.8,0.003038608469,"a,j"
Shanghai,Fee,0.6,-0.06889240444,"a,j"
Beijing,Fee,1.5,-0.05595523119,"a,j"
Shanghai,Fee,1.78,-0.1981041282,"a,j"
Beijing,Fee,0.3,-0.1193446368,"a,j"
Shanghai,Fee,1.2,0.05808559433,"a,j"
Shanghai,Fee,1.0,0.004933384247,"a,j"
Shanghai,Fee,4.5,0.1443847865,"a,j"
Shanghai,Fee,1.5,-0.08732002974,"a,j"
Wuhan,Fee,0.6,-0.1707260758,"a,j"
Beijing,Fee,1.2,0.04105810449,"a,j"
Shanghai,Fee,1.5,-0.1679867506,"a,j"
Beijing,Fee,2.0,-0.04587556049,"a,j"
Wuhan,Fee,0.8,-0.05300833285,"a,j"
Wuhan,Fee,2.5,0.01229261328,"a,j"
Guangzhou,Fee,2.0,-0.2011550665,"a,j"
Shanghai,Fee,0.8,-0.02766104043,"a,j"
Beijing,Fee,0.6,-0.03833375871,"a,j"
Guangzhou,Fee,1.8,-0.1608475149,"a,j"
Wuhan,Fee,1.4,-0.009959184565,"a,j"
Guangzhou,Fee,2.8,-0.2039357871,"a,j"
Shanghai,Fee,0.6,0.007863789797,"a,j"
Wuhan,Fee,0.6,-0.02816169336,"a,j"
Shanghai,Fee,0.6,0.03322898224,"a,j"
Guangzhou,Fee,0.9,-0.1496776193,"a,j"
Shanghai,Fee,0.8,-0.02576508932,"a,j"
Shanghai,Fee,0.5,0.03630992025,"a,j"
Beijing,Fee,2.8,0.1095269918,"a,j"
Guangzhou,Fee,2.5,-0.1525367051,"a,j"
Wuhan,Fee,0.8,-0.1289260238,"a,j"
Shanghai,Fee,2.2,-0.1310376525,"a,j"
Wuhan,Fee,0.5,0.03872399405,"a,j"
Guangzhou,Fee,2.0,-0.2146604359,"a,j"
Wuhan,Fee,1.0,-0.1230341196,"a,j"
Shanghai,Fee,0.45,-0.04768188298,"a,j"
Wuhan,Fee,0.85,-0.08129182458,"a,j"
Wuhan,Fee,1.6,0.05609505251,"a,j"
Shanghai,Fee,1.1,0.07905951142,"a,j"
Shanghai,Fee,2.0,-0.01893504336,"a,j"
Wuhan,Fee,3.55,0.2194524556,"a,j"
Wuhan,Fee,1.2,0.1122751459,"a,j"
Shanghai,Fee,0.55,0.01651163585,"a,j"
Shanghai,Fee,0.5,0.04398214445,"a,j"
Shanghai,Fee,1.1,0.08710804582,"a,j"
Shanghai,Fee,0.43,-0.05520648509,"a,j"
Guangzhou,Fee,2.0,-0.23413077,"a,j"
Shanghai,Fee,0.65,0.002918460406,"a,j"
Beijing,Fee,0.5,-0.07787786424,"a,j"
Wuhan,Fee,4.5,0.179807812,"a,j"
Wuhan,Fee,0.6,-0.01120207366,"a,j"
Guangzhou,Fee,2.7,-0.2330250293,"a,j"
Shanghai,Fee,2.0,0.03349361569,"a,j"
Shanghai,Fee,2.0,-0.08582542092,"a,j"
Guangzhou,Fee,1.0,-0.077994138,"a,j"
Guangzhou,Fee,2.0,-0.1484848708,"a,j"
Wuhan,Fee,0.5,0.07629112154,"a,j"
Shanghai,Fee,0.89,-0.02678862214,"a,j"
Beijing,Fee,0.9,-0.05331317708,"a,j"
Wuhan,Fee,0.7,-0.0114620449,"a,j"
Beijing,Fee,0.8,-0.02899714187,"a,j"
Shanghai,Fee,0.5,0.1617869735,"a,j"
Shanghai,Fee,0.5,-0.03710711747,"a,j"
Beijing,Fee,1.3,-0.1829476804,"a,j"
Shanghai,Fee,1.2,0.04629059508,"a,j"
Shanghai,Fee,2.6,0.03456399962,"a,j"
Wuhan,Fee,2.3,-0.08591281623,"a,j"
Shanghai,Fee,0.55,0.03437503427,"a,j"
Shanghai,Fee,2.0,-0.1456456929,"a,j"
Shanghai,Fee,0.8,-0.0883417502,"a,j"
Wuhan,Fee,1.4,0.0389412716,"a,j"
Shanghai,Fee,0.9,-0.1038101539,"a,j"
Guangzhou,Fee,0.9,-0.006826709956,"a,j"
Shanghai,Fee,1.0,-0.01242525782,"a,j"
Guangzhou,Fee,0.8,-0.1343131065,"a,j"
Wuhan,Fee,0.8,-0.06388022751,"a,j"
Shanghai,Fee,1.1,0.09351804852,"a,j"
Shanghai,Fee,0.5,0.03116440773,"a,j"
Shanghai,Fee,2.2,-0.1267407387,"a,j"
Shanghai,Fee,0.52,0.02492550761,"a,j"
Shanghai,Fee,2.0,-0.1352123916,"a,j"
Shanghai,Fee,0.8,0.005332967266,"a,j"
Shanghai,Fee,4.5,-0.02836414427,"a,j"
Shanghai,Fee,0.45,0.04556967691,"a,j"
Shanghai,Fee,3.3,0.07193443924,"a,j"
Shanghai,Fee,0.8,-0.0127775846,"a,j"
Beijing,Fee,1.75,-0.02519800141,"a,j"
Shanghai,Fee,1.6,-0.1430910379,"a,j"
Wuhan,Fee,2.0,-0.05646567047,"a,j"
Shanghai,Fee,0.5,0.002878037514,"a,j"
Shanghai,Fee,0.89,-0.1003579274,"a,j"
Guangzhou,Fee,3.7,0.1025022045,"a,j"
Guangzhou,Fee,0.6,-0.05108608678,"a,j"
Guangzhou,Fee,1.8,-0.2127741277,"a,j"
Shanghai,Fee,0.5,0.06581542641,"a,j"
Shanghai,Fee,2.3,-0.0963017717,"a,j"
Shanghai,Fee,1.0,-0.07274400443,"a,j"
Shanghai,Fee,6.0,-0.4345508218,"a,j"
Shanghai,Fee,1.2,0.06091184542,"a,j"
Shanghai,Fee,0.5,-0.0001854995498,"a,j"
Shanghai,Fee,2.0,-0.1326818913,"a,j"
Shanghai,Fee,1.3,0.03669887409,"a,j"
Guangzhou,Fee,0.9,-0.135807991,"a,j"
Shanghai,Fee,2.8,0.07070715725,"a,j"
Shanghai,Fee,0.6,0.01492590643,"a,j"
Shanghai,Fee,1.9,-0.06752290577,"a,j"
Shanghai,Fee,1.7,0.002509501996,"a,j"
Beijing,Fee,2.5,0.09879370779,"a,j"
Beijing,Fee,0.55,-0.06534396857,"a,j"
Guangzhou,Fee,2.0,-0.168839395,"a,j"
Guangzhou,Fee,0.5,0.04504386336,"a,j"
Shanghai,Fee,8.0,-0.2899742723,"a,j"
Shanghai,Fee,2.5,0.02160409093,"a,j"
Guangzhou,Fee,0.5,0.00919352565,"a,j"
Guangzhou,Fee,1.2,-0.02380209602,"a,j"
Shanghai,Fee,0.5,0.0243518278,"a,j"
Shanghai,Fee,2.9,-0.03864631429,"a,j"
Shanghai,Fee,2.5,0.03525797278,"a,j"
Shanghai,Fee,2.0,-0.1764111519,"a,j"
Wuhan,Fee,1.0,-0.01921929792,"a,j"
Beijing,Fee,4.5,0.08729795367,"a,j"
Shanghai,Fee,0.5,0.000594955869,"a,j"
Shanghai,Fee,0.85,-0.04504230246,"a,j"
Shanghai,Fee,0.6,0.05792775378,"a,j"
Shanghai,Fee,0.8,-0.03553495929,"a,j"
Shanghai,Fee,2.4,-0.03757796437,"a,j"
Shanghai,Fee,2.1,-0.05095449463,"a,j"
Shanghai,Fee,2.0,0.01715253666,"a,j"
Guangzhou,Fee,3.7,0.2085034251,"a,j"
Beijing,Fee,0.9,-0.1111970916,"a,j"
Wuhan,Fee,0.9,-0.009599395096,"a,j"
Shanghai,Fee,1.2,0.1092438996,"a,j"
Beijing,Fee,1.5,-0.1023962721,"a,j"
Beijing,Fee,2.0,0.03273067251,"a,j"
Shanghai,Fee,3.0,0.0496301949,"a,j"
Shanghai,Fee,0.6,-0.007467829622,"a,j"
Guangzhou,Fee,3.7,-0.09490414709,"a,j"
Shanghai,Fee,8.0,-0.3020719588,"a,j"
Shanghai,Fee,0.5,-0.02276869304,"a,j"
Guangzhou,Fee,2.0,-0.2103092372,"a,j"
Shanghai,Fee,0.35,0.2572540939,"a,j"
Guangzhou,Fee,3.4,0.07619085908,"a,j"
Guangzhou,Fee,0.5,0.006900102366,"a,j"
Beijing,Fee,2.0,-0.1265826225,"a,j"
Guangzhou,Fee,2.0,-0.2203685045,"a,j"
Shanghai,Fee,4.5,-0.002127300482,"a,j"
Wuhan,Fee,0.5,-0.08606807888,"a,j"
Guangzhou,Fee,1.0,-0.0966867134,"a,j"
Shanghai,Fee,2.7,0.0204038471,"a,j"
Shanghai,Fee,1.2,0.02941143885,"a,j"
Shanghai,Fee,1.5,-0.07580754161,"a,j"
Beijing,Fee,0.6,0.008850496262,"a,j"
Beijing,Fee,0.8,-0.05642236397,"a,j"
Shanghai,Fee,0.45,0.288444072,"a,j"
Shanghai,Fee,0.8,-0.02286138199,"a,j"
Guangzhou,Fee,2.0,-0.0863833949,"a,j"
Shanghai,Fee,7.5,-0.08603248,"a,j"
Wuhan,Fee,1.9,0.06379529834,"a,j"
Shanghai,Fee,1.35,0.007604600862,"a,j"
Shanghai,Fee,0.55,0.005486429669,"a,j"
Shanghai,Fee,1.95,0.02278378233,"a,j"
Shanghai,Fee,0.6,-0.02131314948,"a,j"
Shanghai,Fee,3.85,0.5874186754,"a,j"
Shanghai,Fee,0.8,-0.01037945226,"a,j"
Shanghai,Fee,1.65,-0.09388062358,"a,j"
Beijing,Fee,0.9,-0.06677246094,"a,j"
Shanghai,Fee,2.0,0.1518920809,"a,j"
Shanghai,Fee,3.5,0.1336637437,"a,j"
Wuhan,Fee,2.9,0.2701593935,"a,j"
Shanghai,Fee,1.25,-0.01657284424,"a,j"
Wuhan,Fee,2.0,0.07757246494,"a,j"
Guangzhou,Fee,3.0,-0.102307573,"a,j"
Beijing,Fee,1.8,-0.08090880513,"a,j"
Wuhan,Fee,1.2,0.1947739869,"a,j"
Shanghai,Fee,2.0,-0.1326867342,"a,j"
Beijing,Fee,1.68,-0.02167004347,"a,j"
Shanghai,Fee,0.8,-0.09188131243,"a,j"
Shanghai,Fee,0.5,0.0194053594,"a,j"
Shanghai,Fee,1.98,-0.06126446649,"a,j"
Shanghai,Fee,0.5,0.254863143,"a,j"
Shanghai,Fee,0.8,-0.07597572356,"a,j"
Shanghai,Fee,2.0,-0.07429181784,"a,j"
Shanghai,Fee,1.96,-0.1435551643,"a,j"
Wuhan,Fee,3.5,0.08541754633,"a,j"
Shanghai,Fee,2.2,-0.04649230465,"a,j"
Guangzhou,Fee,2.0,-0.2403687388,"a,j"
Beijing,Fee,1.4,-0.05639993027,"a,j"
Wuhan,Fee,0.5,-0.06652078032,"a,j"
Shanghai,Fee,2.8,0.060173776,"a,j"
Beijing,Fee,2.0,-0.1376567334,"a,j"
Guangzhou,Fee,0.95,-0.09351471066,"a,j"
Shanghai,Fee,0.45,-0.1179882213,"a,j"
Shanghai,Fee,1.6,-0.1071887314,"a,j"
Wuhan,Fee,0.7,-0.08892261982,"a,j"
Shanghai,Fee,4.8,0.0442645587,"a,j"
Guangzhou,Fee,2.0,-0.1918360144,"a,j"
Shanghai,Fee,0.4,-0.07311028987,"a,j"
Wuhan,Fee,2.0,0.1491923183,"a,j"
Shanghai,Fee,1.1,0.04833233356,"a,j"
Wuhan,Fee,0.5,-0.05646641925,"a,j"
Wuhan,Fee,0.5,-4.972214811e-05,"a,j"
Shanghai,Fee,0.7,0.004101374652,"a,j"
Beijing,Fee,0.8,-0.1625588387,"a,j"
Wuhan,Fee,1.98,0.02629426122,"a,j"
Shanghai,Fee,0.5,0.05226079375,"a,j"
Wuhan,Fee,0.5,0.005180730484,"a,j"
Wuhan,Fee,3.5,0.09504029155,"a,j"
Wuhan,Fee,1.0,-0.05272424594,"a,j"
Shanghai,Fee,0.5,0.003651993582,"a,j"
Shanghai,Fee,0.8,-0.05897596478,"a,j"
Shanghai,Fee,0.5,-0.009865425527,"a,j"
Shanghai,Fee,0.8,-0.01459231135,"a,j"
Beijing,Fee,1.98,0.03659109771,"a,j"
Shanghai,Fee,0.47,-0.003300433513,"a,j"
Shanghai,Fee,1.1,0.0135492878,"a,j"
Shanghai,Fee,0.9,-0.009434144944,"a,j"
Shanghai,Fee,2.0,-0.05077632517,"a,j"
Wuhan,Fee,0.6,-0.05905948207,"a,j"
Beijing,Fee,2.5,-0.09607134014,"a,j"
Guangzhou,Fee,2.0,-0.05319396779,"a,j"
Wuhan,Fee,0.4,-0.11079216,"a,j"
Shanghai,Fee,0.9,-0.03747641668,"a,j"
Guangzhou,Fee,1.9,0.01889083162,"a,j"
Shanghai,Fee,0.35,-0.02485933714,"a,j"
Beijing,Fee,0.5,0.1449321359,"a,j"
Shanghai,Fee,0.8,-0.1916721016,"a,j"
Shanghai,Fee,0.8,-0.001635751105,"a,j"
Shanghai,Fee,1.62,-0.03688376397,"a,j"
Guangzhou,Fee,2.0,0.08280002326,"a,j"
Beijing,Fee,1.33,-0.03383148089,"a,j"
Beijing,Fee,0.6,0.006858286448,"a,j"
Beijing,Fee,2.1,0.05986256152,"a,j"
Shanghai,Fee,0.4,-0.05992076173,"a,j"
Shanghai,Fee,0.75,-0.08759389073,"a,j"
Beijing,Fee,0.5,-0.06845980883,"a,j"
Shanghai,Fee,2.5,-0.04225639999,"a,j"
Beijing,Fee,2.8,-0.1032881662,"a,j"
Guangzhou,Fee,1.5,-0.05499801785,"a,j"
Shanghai,Fee,1.95,-0.03851771727,"a,j"
Beijing,Fee,3.6,0.2737767696,"a,j"
Shanghai,Fee,0.62,0.02116589993,"a,j"
Shanghai,Fee,1.5,-0.1014159843,"a,j"
Shanghai,Fee,6.0,-0.3063911498,"a,j"
Shanghai,Fee,1.8,-0.1132192686,"a,j"
Shanghai,Fee,0.5,-0.03887954727,"a,j"
Shanghai,Fee,1.5,-0.0909968242,"a,j"
Shanghai,Fee,2.4,-0.1573188454,"a,j"
Shanghai,Fee,1.0,0.03123068437,"a,j"
Shanghai,Fee,1.0,-0.09069862962,"a,j"
Beijing,Fee,4.0,0.384911567,"a,j"
Wuhan,Fee,1.5,-0.05349170417,"a,j"
Shanghai,Fee,0.35,-0.05555412918,"a,j"
Shanghai,Fee,0.8,-0.04654502869,"a,j"
Shanghai,Fee,0.7,-0.1210149303,"a,j"
Beijing,Fee,3.0,-0.08603748679,"a,j"
Shanghai,Fee,1.2,0.02104560845,"a,j"
Wuhan,Fee,0.5,-0.08512248844,"a,j"
Wuhan,Fee,0.3,-0.198007971,"a,j"
Shanghai,Fee,1.06,0.009181162342,"a,j"
Beijing,Fee,0.6,-0.03781226277,"a,j"
Shanghai,Fee,1.85,0.3458848596,"a,j"
Shanghai,Fee,1.7,0.01858693361,"a,j"
Shanghai,Fee,0.5,-0.1082820743,"a,j"
Shanghai,Fee,1.2,0.0651473254,"a,j"
Guangzhou,Fee,0.9,-0.1847626418,"a,j"
Shanghai,Fee,1.5,-0.0943216309,"a,j"
Guangzhou,Fee,3.0,-0.1820411831,"a,j"
Shanghai,Fee,0.8,0.009377517737,"a,j"
Shanghai,Fee,5.3,-0.5478841066,"a,j"
Wuhan,Fee,0.5,-0.07401721925,"a,j"
Beijing,Fee,1.5,-0.05817074701,"a,j"
Shanghai,Fee,1.2,-0.03564066067,"a,j"
Shanghai,Fee,0.8,-0.04377481714,"a,j"
Shanghai,Fee,0.35,0.06910342723,"a,j"
Shanghai,Fee,1.26,-0.004983525258,"a,j"
Shanghai,Fee,1.5,-0.09684062749,"a,j"
Beijing,Fee,1.8,-0.09734749794,"a,j"
Guangzhou,Fee,2.0,-0.1831484586,"a,j"
Guangzhou,Fee,3.45,0.1199569181,"a,j"
Wuhan,Fee,0.5,-0.07071416825,"a,j"
Shanghai,Fee,1.2,-0.09778220952,"a,j"
Shanghai,Fee,0.6,-0.06965401769,"a,j"
Shanghai,Fee,0.8,-0.05035498738,"a,j"
Shanghai,Fee,0.35,-0.1346590221,"a,j"
Beijing,Fee,2.5,-0.1014089957,"a,j"
Guangzhou,Fee,3.8,0.3162885904,"a,j"
Wuhan,Fee,2.8,0.03775720298,"a,j"
Wuhan,Fee,0.6,-0.02441125363,"a,j"
Wuhan,Fee,1.2,0.02069448307,"a,j"
Beijing,Fee,1.05,-0.002378131263,"a,j"
Shanghai,Fee,2.5,-0.06323359162,"a,j"
Shanghai,Fee,1.95,-0.06933136284,"a,j"
Wuhan,Fee,2.0,0.167571038,"a,j"
Shanghai,Fee,0.5,0.01443472877,"a,j"
Shanghai,Fee,1.2,0.1054652259,"a,j"
Guangzhou,Fee,0.8,-0.01059507206,"a,j"
Shanghai,Fee,0.55,-0.0002077630488,"a,j"
Shanghai,Fee,0.8,-0.1154606342,"a,j"
Shanghai,Fee,0.8,-0.07914995402,"a,j"
Wuhan,Fee,0.6,-0.02632343769,"a,j"
Guangzhou,Fee,1.5,-0.01744844764,"a,j"
Wuhan,Fee,2.0,-0.01643902063,"a,j"
Guangzhou,Fee,5.0,0.06806153059,"a,j"
Wuhan,Fee,0.5,-0.03157115728,"a,j"
Shanghai,Fee,2.0,-0.03617176786,"a,j"
Guangzhou,Fee,0.9,-0.0283921808,"a,j"
Shanghai,Fee,0.8,-0.08789440244,"a,j"
Guangzhou,Fee,2.0,-0.219204694,"a,j"
Shanghai,Fee,0.5,0.04093641415,"a,j"
Wuhan,Fee,2.0,-0.04536831006,"a,j"
Shanghai,Fee,1.2,0.03698075563,"a,j"
Guangzhou,Fee,2.5,-0.0680738166,"a,j"
Shanghai,Fee,0.8,-0.08766356111,"a,j"
Guangzhou,Fee,3.0,0.1081196815,"a,j"
Shanghai,Fee,0.6,0.009240241721,"a,j"
Shanghai,Fee,6.8,-0.234768495,"a,j"
Wuhan,Fee,0.8,-0.2019967437,"a,j"
Shanghai,Fee,1.6,-0.07094023377,"a,j"
Beijing,Fee,0.9,-0.03950414434,"a,j"
Shanghai,Fee,3.2,0.1286133528,"a,j"
Wuhan,Fee,1.6,-0.1788395643,"a,j"
Shanghai,Fee,0.6,0.03730750829,"a,j"
Shanghai,Fee,1.96,-0.187903285,"a,j"
Wuhan,Fee,0.5,-0.1427215189,"a,j"
Guangzhou,Fee,1.45,-0.1432314366,"a,j"
Shanghai,Fee,1.2,-0.003800600534,"a,j"
Guangzhou,Fee,1.8,-0.1574422121,"a,j"
Wuhan,Fee,2.8,-0.01377817709,"a,j"
Shanghai,Fee,2.4,0.06435955316,"a,j"
Shanghai,Fee,1.8,-0.1244153455,"a,j"
Guangzhou,Fee,3.7,-0.08245463669,"a,j"
Wuhan,Fee,1.8,-0.09913574159,"a,j"
Shanghai,Fee,0.6,-0.03593912721,"a,j"
Beijing,Fee,1.0,-0.05448278785,"a,j"
Guangzhou,Fee,0.9,-0.2118752599,"a,j"
Wuhan,Fee,0.5,-0.0111267725,"a,j"
Shanghai,Fee,5.5,-0.4678407013,"a,j"
Shanghai,Fee,0.8,-0.0395879373,"a,j"
Shanghai,Fee,1.24,0.07439333946,"a,j"
Wuhan,Fee,0.9,-0.03962930292,"a,j"
Beijing,Fee,0.5,-0.006076248363,"a,j"
Shanghai,Fee,1.4,-0.01381020714,"a,j"
Shanghai,Fee,1.7,-0.1850580722,"a,j"
Shanghai,Fee,0.85,-0.02228939906,"a,j"
Guangzhou,Fee,0.5,-0.03154936805,"a,j"
Beijing,Fee,0.63,0.009655639529,"a,j"
Shanghai,Fee,1.35,0.003910371568,"a,j"
Guangzhou,Fee,1.8,-0.04847799987,"a,j"
Shanghai,Fee,0.7,-0.01793038473,"a,j"
Beijing,Fee,0.5,-0.03608654439,"a,j"
Beijing,Fee,1.2,-0.01357643865,"a,j"
Beijing,Fee,1.7,0.03638336062,"a,j"
Shanghai,Fee,0.6,-0.107356973,"a,j"
Guangzhou,Fee,0.8,0.03287913278,"a,j"
Wuhan,Fee,0.5,-0.002817022381,"a,j"
Guangzhou,Fee,1.95,-0.06886276603,"a,j"
Guangzhou,Fee,0.5,0.07889544964,"a,j"
Beijing,Fee,2.5,-0.1161553711,"a,j"
Wuhan,Fee,1.0,0.05992876738,"a,j"
Shanghai,Fee,1.8,-0.1397272646,"a,j"
Wuhan,Fee,1.2,0.07014269382,"a,j"
Shanghai,Fee,1.0,0.03285301477,"a,j"
Shanghai,Fee,0.5,-0.1667554826,"a,j"
Shanghai,Fee,1.6,-0.07681193948,"a,j"
Shanghai,Fee,1.5,-0.1636134088,"a,j"
Shanghai,Fee,0.5,0.03257829323,"a,j"
Wuhan,Fee,1.4,0.002266382799,"a,j"
Shanghai,Fee,1.35,-0.067830652,"a,j"
Shanghai,Fee,1.5,-0.1280682832,"a,j"
Shanghai,Fee,1.5,-0.1379840374,"a,j"
Shanghai,Fee,0.3,-0.06931000948,"a,j"
Guangzhou,Fee,0.9,-0.1672296375,"a,j"
Wuhan,Fee,2.0,0.1226999387,"a,j"
Wuhan,Fee,2.6,-0.001992743928,"a,j"
Shanghai,Fee,0.5,0.04793055728,"a,j"
Wuhan,Fee,2.2,0.1710687429,"a,j"
Beijing,Fee,1.3,-0.05905740336,"a,j"
Wuhan,Fee,0.5,-0.0841332674,"a,j"
Wuhan,Fee,1.3,0.03883983567,"a,j"
Shanghai,Fee,1.25,0.0427095741,"a,j"
Shanghai,Fee,1.1,0.01969603449,"a,j"
Shanghai,Fee,0.8,-0.1192460507,"a,j"
Shanghai,Fee,0.75,-0.03852659836,"a,j"
Beijing,Fee,2.5,-0.1161769032,"a,j"
Shanghai,Fee,2.3,-0.1213064492,"a,j"
Shanghai,Fee,0.5,-0.05734141916,"a,j"
Wuhan,Fee,0.3,0.2191028148,"a,j"
Wuhan,Fee,0.5,-0.0381581597,"a,j"
Beijing,Fee,4.9,-0.1297430545,"a,j"
Shanghai,Fee,0.6,0.1427697837,"a,j"
Beijing,Fee,1.26,-0.00964476075,"a,j"
Shanghai,Fee,4.5,0.1440954953,"a,j"
Shanghai,Fee,0.6,-0.01555195171,"a,j"
Shanghai,Fee,1.2,0.006228132173,"a,j"
Guangzhou,Fee,1.2,0.07904697955,"a,j"
Shanghai,Fee,3.2,0.07443898916,"a,j"
Shanghai,Fee,1.9,-0.03534108028,"a,j"
Guangzhou,Fee,3.0,0.03621939197,"a,j"
Shanghai,Fee,6.2,-0.4831887782,"a,j"
Shanghai,Fee,0.85,-0.06509466469,"a,j"
Wuhan,Fee,0.5,-0.1034426838,"a,j"
Shanghai,Fee,0.6,0.002358571626,"a,j"
Shanghai,Fee,0.5,0.05437293649,"a,j"
Beijing,Fee,0.6,-0.03005549312,"a,j"
Guangzhou,Fee,0.5,-0.03496563435,"a,j"
Wuhan,Fee,3.5,0.0733718425,"a,j"
Shanghai,Fee,1.4,-0.04535219446,"a,j"
Beijing,Fee,1.8,-0.07462139428,"a,j"
Shanghai,Fee,4.8,0.0006280316156,"a,j"
Shanghai,Fee,2.18,-0.05332413688,"a,j"
Shanghai,Fee,5.5,-0.7517760992,"a,j"
Beijing,Fee,0.5,0.07469947636,"a,j"
Shanghai,Fee,0.5,0.03179213405,"a,j"
Shanghai,Fee,0.9,-0.02781720087,"a,j"
Shanghai,Fee,0.35,-0.03864533827,"a,j"
Shanghai,Fee,0.68,-0.0209074188,"a,j"
Shanghai,Fee,0.5,-0.01994532347,"a,j"
Wuhan,Fee,0.3,-0.1165197119,"a,j"
Beijing,Fee,0.9,-0.03640900552,"a,j"
Shanghai,Fee,3.0,-0.01564234123,"a,j"
Shanghai,Fee,0.5,0.0929820016,"a,j"
Shanghai,Fee,2.2,0.01053006947,"a,j"
Shanghai,Fee,0.86,-0.05304892361,"a,j"
Shanghai,Fee,6.8,-0.1584839672,"a,j"
Wuhan,Fee,0.9,-0.003671851009,"a,j"
Shanghai,Fee,1.9,-0.0954349041,"a,j"
Guangzhou,Fee,1.8,-0.0928594619,"a,j"
Shanghai,Fee,1.2,0.0141681768,"a,j"
Shanghai,Fee,0.35,0.21985811,"a,j"
Guangzhou,Fee,2.5,-0.1821383834,"a,j"
Wuhan,Fee,0.5,0.003069740953,"a,j"
Shanghai,Fee,2.8,0.003691128921,"a,j"
Shanghai,Fee,1.96,-0.1686487496,"a,j"
Shanghai,Fee,0.3,-0.1545068324,"a,j"
Wuhan,Fee,3.8,0.2335042506,"a,j"
Wuhan,Fee,3.5,0.1183943599,"a,j"
Wuhan,Fee,0.3,-0.1005950123,"a,j"
Shanghai,Fee,1.5,-0.05330885947,"a,j"
Beijing,Fee,0.5,-0.05271861702,"a,j"
Wuhan,Fee,1.8,-0.03118992597,"a,j"
Shanghai,Fee,0.5,0.02251047082,"a,j"
Guangzhou,Fee,1.8,-0.1653481275,"a,j"
Shanghai,Fee,1.85,-0.1712999195,"a,j"
Shanghai,Fee,3.2,0.06961160153,"a,j"
Shanghai,Fee,0.45,0.2431027591,"a,j"
Shanghai,Fee,0.5,-0.04555431008,"a,j"
Shanghai,Fee,0.8,-0.09367318451,"a,j"
Beijing,Fee,1.2,-0.06634805351,"a,j"
Wuhan,Fee,1.6,-0.02433515713,"a,j"
Shanghai,Fee,1.0,-0.01594465412,"a,j"
Shanghai,Fee,0.6,-0.001939931186,"a,j"
Shanghai,Fee,2.0,0.1244059205,"a,j"
Shanghai,Fee,0.9,-0.08172081411,"a,j"
Shanghai,Fee,0.5,0.07785081118,"a,j"
Wuhan,Fee,0.5,-0.03132154047,"a,j"
Guangzhou,Fee,0.8,-0.05396704376,"a,j"
Wuhan,Fee,0.6,-0.105993174,"a,j"
Wuhan,Fee,1.5,-0.06638507545,"a,j"
Shanghai,Fee,0.5,-0.04016811773,"a,j"
Shanghai,Fee,1.5,-0.1023311689,"a,j"
Shanghai,Fee,0.5,-0.01347321644,"a,j"
Shanghai,Fee,0.4,-0.106936045,"a,j"
Shanghai,Fee,0.9,-0.09660205245,"a,j"
Shanghai,Fee,1.9,0.000639888458,"a,j"
Wuhan,Fee,4.5,0.05355720967,"a,j"
Wuhan,Fee,0.8,-0.1647406965,"a,j"
Guangzhou,Fee,0.9,-0.138247326,"a,j"
Shanghai,Fee,1.21,-0.005532109179,"a,j"
Shanghai,Fee,0.5,0.001640124479,"a,j"
Shanghai,Fee,0.5,0.05399261788,"a,j"
Guangzhou,Fee,0.75,0.08489505947,"a,j"
Shanghai,Fee,2.0,-0.05940836668,"a,j"
Guangzhou,Fee,2.8,0.2260812223,"a,j"
Shanghai,Fee,1.26,-0.01024586055,"a,j"
Shanghai,Fee,2.5,-0.03062558547,"a,j"
Shanghai,Fee,1.6,-0.201026693,"a,j"
Shanghai,Fee,0.65,-0.004353751428,"a,j"
Wuhan,Fee,1.2,-0.01884683222,"a,j"
Shanghai,Fee,1.0,-0.05130488053,"a,j"
Shanghai,Fee,0.35,-0.1450906694,"a,j"
Wuhan,Fee,3.5,0.07899334282,"a,j"
Wuhan,Fee,1.2,0.09515859932,"a,j"
Shanghai,Fee,0.4,0.0282150358,"a,j"
Shanghai,Fee,1.8,0.07504824549,"a,j"
Wuhan,Fee,1.5,-0.03371640295,"a,j"
Shanghai,Fee,1.48,-0.01308246609,"a,j"
Shanghai,Fee,0.7,-0.06632045656,"a,j"
Wuhan,Fee,0.6,-0.06226473674,"a,j"
Guangzhou,Fee,1.9,-0.03523126617,"a,j"
Wuhan,Fee,2.5,0.09135492891,"a,j"
Shanghai,Fee,2.2,-0.1221323833,"a,j"
Wuhan,Fee,0.5,-0.03274019063,"a,j"
Shanghai,Fee,5.6,-0.1911048144,"a,j"
Beijing,Fee,2.0,-0.02368559502,"a,j"
Guangzhou,Fee,0.9,0.001104262657,"a,j"
Wuhan,Fee,3.5,0.1182619333,"a,j"
Shanghai,Fee,5.0,-0.3066594899,"a,j"
Wuhan,Fee,0.9,-0.1929582804,"a,j"
Shanghai,Fee,0.9,-0.1148764342,"a,j"
Guangzhou,Fee,1.6,-0.1468698233,"a,j"
Beijing,Fee,1.5,-0.1180013642,"a,j"
Beijing,Fee,2.6,0.09860800207,"a,j"
Shanghai,Fee,0.6,-0.06172567606,"a,j"
Shanghai,Fee,3.0,-0.03909157217,"a,j"
Beijing,Fee,1.35,-0.06438092887,"a,j"
Shanghai,Fee,0.5,0.04583891481,"a,j"
Shanghai,Fee,2.0,-0.01074089482,"a,j"
Wuhan,Fee,2.8,0.01635519043,"a,j"
Guangzhou,Fee,3.7,-0.1051355302,"a,j"
Wuhan,Fee,2.0,-0.0583922565,"a,j"
Guangzhou,Fee,0.6,-0.05542452261,"a,j"
Shanghai,Fee,0.5,-0.004790422041,"a,j"
Shanghai,Fee,0.6,-0.0001355698332,"a,j"
Shanghai,Fee,2.0,-0.1470801532,"a,j"
Shanghai,Fee,2.1,-0.221945703,"a,j"
Wuhan,Fee,0.6,-0.1772251129,"a,j"
Wuhan,Fee,1.0,0.05113422126,"a,j"
Shanghai,Fee,0.5,0.05983636156,"a,j"
Guangzhou,Fee,3.0,-0.0008430569433,"a,j"
Beijing,Fee,0.8,-0.0600149557,"a,j"
Shanghai,Fee,4.5,0.04850617424,"a,j"
Shanghai,Fee,0.8,-0.03494663164,"a,j"
Guangzhou,Fee,0.9,-0.1801021695,"a,j"
Beijing,Fee,1.3,-0.1269325316,"a,j"
Shanghai,Fee,0.3,0.2268660516,"a,j"
Shanghai,Fee,0.8,-0.01793889701,"a,j"
Shanghai,Fee,0.9,-0.01542068273,"a,j"
Shanghai,Fee,2.1,-0.2219842523,"a,j"
Shanghai,Fee,3.8,0.2219310999,"a,j"
Shanghai,Fee,2.0,-0.07877169549,"a,j"
Guangzhou,Fee,1.5,-0.1278614998,"a,j"
Shanghai,Fee,0.5,0.04776300862,"a,j"
Wuhan,Fee,0.6,0.02478209138,"a,j"
Shanghai,Fee,0.5,0.02301602438,"a,j"
Shanghai,Fee,6.9,-0.598325491,"a,j"
Wuhan,Fee,0.5,-0.04852304235,"a,j"
Shanghai,Fee,0.8,-0.05550866202,"a,j"
Wuhan,Fee,1.8,-0.1767772138,"a,j"
Wuhan,Fee,1.98,-0.0637858808,"a,j"
Wuhan,Fee,0.5,0.009151245467,"a,j"
Beijing,Fee,0.5,0.04379018024,"a,j"
Guangzhou,Fee,3.0,-0.226056844,"a,j"
Shanghai,Fee,4.2,0.2192220092,"a,j"
Beijing,Fee,1.0,-0.1219608635,"a,j"
Shanghai,Fee,2.0,-0.0250418596,"a,j"
Shanghai,Fee,1.85,0.08391118795,"a,j"
Guangzhou,Fee,1.8,-0.02783600986,"a,j"
Wuhan,Fee,0.5,0.1309342384,"a,j"
Shanghai,Fee,1.0,-0.07352873683,"a,j"
Shanghai,Fee,0.8,-0.04832230136,"a,j"
Shanghai,Fee,0.35,-0.09920398146,"a,j"
Wuhan,Fee,2.5,-0.07446921617,"a,j"
Wuhan,Fee,0.9,-0.1080589294,"a,j"
Shanghai,Fee,0.35,0.2456287742,"a,j"
Shanghai,Fee,0.7,0.01949124411,"a,j"
Shanghai,Fee,0.65,-0.02653253078,"a,j"
Wuhan,Fee,0.3,0.5808410048,"a,j"
Beijing,Fee,3.38,0.2252665162,"a,j"
Shanghai,Fee,3.8,0.1736759245,"a,j"
Shanghai,Fee,0.7,-0.1724631786,"a,j"
Wuhan,Fee,1.8,-0.1630752981,"a,j"
Shanghai,Fee,0.8,-0.1681845486,"a,j"
Shanghai,Fee,2.4,-0.1299112588,"a,j"
Shanghai,Fee,0.65,0.03533338755,"a,j"
Shanghai,Fee,0.8,-0.1037659273,"a,j"
Shanghai,Fee,1.4,-0.1785692871,"a,j"
Wuhan,Fee,1.5,-0.02663138136,"a,j"
Guangzhou,Fee,3.5,-0.002876401879,"a,j"
Shanghai,Fee,1.96,-0.1206096709,"a,j"
Wuhan,Fee,0.4,-0.1012393534,"a,j"
Shanghai,Fee,0.45,0.03355536237,"a,j"
Shanghai,Fee,0.5,-0.0445661284,"a,j"
Shanghai,Fee,3.2,0.005209217779,"a,j"
Shanghai,Fee,1.2,0.004631346092,"a,j"
Guangzhou,Fee,3.7,-0.05287168548,"a,j"
Guangzhou,Fee,1.0,-0.07554305345,"a,j"
Wuhan,Fee,0.3,0.05819522217,"a,j"
Shanghai,Fee,0.5,0.07800901681,"a,j"
Shanghai,Fee,2.7,0.1438769549,"a,j"
Guangzhou,Fee,1.8,-0.04268097132,"a,j"
Beijing,Fee,3.05,0.1109985113,"a,j"
Shanghai,Fee,0.6,0.02458219975,"a,j"
Shanghai,Fee,0.65,-0.0174246598,"a,j"
Guangzhou,Fee,3.5,0.1590067148,"a,j"
Beijing,Fee,0.5,0.09360845387,"a,j"
Wuhan,Fee,1.0,-0.1155849174,"a,j"
Wuhan,Fee,1.5,-0.04136405513,"a,j"
Shanghai,Fee,3.0,0.003331385087,"a,j"
Guangzhou,Fee,2.15,0.09936879575,"a,j"
Shanghai,Fee,2.1,-0.07691127062,"a,j"
Shanghai,Fee,0.5,0.1724101007,"a,j"
Shanghai,Fee,0.6,-0.007074571215,"a,j"
Beijing,Fee,3.5,0.3268737793,"a,j"
Shanghai,Fee,3.2,0.1916490048,"a,j"
Beijing,Fee,0.5,0.0703638494,"a,j"
Wuhan,Fee,0.6,-0.1897104084,"a,j"
Beijing,Fee,0.5,-0.03915041313,"a,j"
Guangzhou,Fee,1.6,-0.1859641075,"a,j"
Shanghai,Fee,0.6,-0.01360204443,"a,j"
Guangzhou,Fee,1.8,-0.0385135375,"a,j"
Wuhan,Fee,0.5,-0.06654874235,"a,j"
Shanghai,Fee,1.0,-0.03663311526,"a,j"
Beijing,Fee,2.5,-0.05723812059,"a,j"
Shanghai,Fee,0.5,0.1107503697,"a,j"
Wuhan,Fee,0.6,0.0003009987995,"a,j"
Guangzhou,Fee,2.0,-0.1562446952,"a,j"
Shanghai,Fee,1.48,-0.02251560986,"a,j"
Wuhan,Fee,0.8,-0.08844578266,"a,j"
Beijing,Fee,1.63,-0.03902173415,"a,j"
Guangzhou,Fee,2.5,0.005074660294,"a,j"
Wuhan,Fee,0.8,-0.066499345,"a,j"
Shanghai,Fee,2.9,0.002619425301,"a,j"
Shanghai,Fee,0.6,0.01536823437,"a,j"
Guangzhou,Fee,1.2,-0.1024987996,"a,j"
Wuhan,Fee,2.98,0.3574481606,"a,j"
Guangzhou,Fee,2.0,-0.05685952306,"a,j"
Guangzhou,Fee,0.9,-0.05237005278,"a,j"
Shanghai,Fee,1.7,-0.1746914834,"a,j"
Shanghai,Fee,2.5,-0.02806801908,"a,j"
Shanghai,Fee,7.8,-0.2363884598,"a,j"
Shanghai,Fee,3.5,0.09283725172,"a,j"
Wuhan,Fee,2.98,-0.1288936138,"a,j"
Wuhan,Fee,0.5,-0.06652078032,"a,j"
Beijing,Fee,0.65,-0.08303508908,"a,j"
Shanghai,Fee,0.9,-0.1234837025,"a,j"
Beijing,Fee,2.38,-0.0891912654,"a,j"
Guangzhou,Fee,0.5,-0.00828913413,"a,j"
Shanghai,Fee,1.2,0.1095085144,"a,j"
Shanghai,Fee,0.8,-0.186073944,"a,j"
Shanghai,Fee,0.83,-0.000303451845,"a,j"
Beijing,Fee,2.1,-0.1352818012,"a,j"
Shanghai,Fee,2.0,-0.0161888171,"a,j"
Wuhan,Fee,0.3,-0.09527464211,"a,j"
Guangzhou,Fee,1.2,-0.09451758116,"a,j"
Shanghai,Fee,0.8,-0.02857786044,"a,j"
Shanghai,Fee,1.4,-0.04997297749,"a,j"
Wuhan,Fee,0.6,-0.01841599122,"a,j"
Shanghai,Fee,1.5,-0.114658922,"a,j"
Beijing,Fee,1.68,-0.08768267184,"a,j"
Guangzhou,Fee,1.2,0.06350786239,"a,j"
Shanghai,Fee,1.6,0.004994682968,"a,j"
Guangzhou,Fee,1.8,0.01371931471,"a,j"
Wuhan,Fee,0.5,-0.05367014185,"a,j"
Shanghai,Fee,1.35,-0.01440099999,"a,j"
Shanghai,Fee,1.4,-0.0218886137,"a,j"
Shanghai,Fee,4.8,-0.09189451486,"a,j"
Guangzhou,Fee,0.8,-0.08107928187,"a,j"
Shanghai,Fee,1.7,-0.01369103324,"a,j"
Beijing,Fee,0.55,-0.07227442414,"a,j"
Beijing,Fee,0.56,-0.01226952113,"a,j"
Shanghai,Fee,1.18,0.05595738068,"a,j"
Shanghai,Fee,1.0,0.004417403601,"a,j"
Guangzhou,Fee,1.0,0.08799801022,"a,j"
Wuhan,Fee,2.55,-0.06401455402,"a,j"
Shanghai,Fee,8.0,-0.5344696641,"a,j"
Guangzhou,Fee,0.6,0.09242276102,"a,j"
Beijing,Fee,3.6,0.3844467998,"a,j"
Guangzhou,Fee,0.5,0.09020924568,"a,j"
Guangzhou,Fee,0.65,0.0613479726,"a,j"
Guangzhou,Fee,0.9,-0.169093892,"a,j"
Shanghai,Fee,1.8,-0.02315408364,"a,j"
Shanghai,Fee,0.5,0.08029191941,"a,j"
Shanghai,Fee,3.5,0.2989343703,"a,j"
Shanghai,Fee,0.8,-0.03357397765,"a,j"
Shanghai,Fee,1.5,-0.06936430186,"a,j"
Shanghai,Fee,1.2,0.07832111418,"a,j"
Shanghai,Fee,0.6,-0.02454772778,"a,j"
Shanghai,Fee,0.6,0.002767680679,"a,j"
Shanghai,Fee,0.43,-0.162090525,"a,j"
Shanghai,Fee,8.0,-0.8138104081,"a,j"
Shanghai,Fee,0.6,-0.02592616342,"a,j"
Shanghai,Fee,0.5,0.09872697294,"a,j"
Shanghai,Fee,1.5,-0.1112194806,"a,j"
Beijing,Fee,2.1,0.002659465186,"a,j"
Wuhan,Fee,0.6,-0.007432092912,"a,j"
Wuhan,Fee,1.3,0.1429454684,"a,j"
Wuhan,Fee,2.9,0.06189898029,"a,j"
Guangzhou,Fee,2.8,0.2088263631,"a,j"
Wuhan,Fee,0.9,-0.1127413809,"a,j"
Shanghai,Fee,0.8,-0.03160494193,"a,j"
Wuhan,Fee,2.0,0.1564539671,"a,j"
Wuhan,Fee,3.5,0.1669025421,"a,j"
Beijing,Fee,2.0,-0.1740586758,"a,j"
Beijing,Fee,0.5,0.1150961742,"a,j"
Shanghai,Fee,1.2,-0.01277633198,"a,j"
Shanghai,Fee,0.83,-0.1526980102,"a,j"
Shanghai,Fee,1.5,-0.1227663383,"a,j"
Shanghai,Fee,1.5,-0.1294039637,"a,j"
Shanghai,Fee,4.5,0.1313270181,"a,j"
Wuhan,Fee,2.6,0.01744039729,"a,j"
Shanghai,Fee,1.2,0.07480221987,"a,j"
Beijing,Fee,2.0,-0.07789190114,"a,j"
Shanghai,Fee,0.8,-0.02517065592,"a,j"
Shanghai,Fee,1.85,-0.1225157008,"a,j"
Beijing,Fee,1.5,-0.11465884,"a,j"
Shanghai,Fee,2.0,-0.1883082688,"a,j"
Shanghai,Fee,0.65,-0.001832891721,"a,j"
Shanghai,Fee,1.5,-0.1594403237,"a,j"
Wuhan,Fee,1.88,-0.08089116961,"a,j"
Shanghai,Fee,1.85,0.02555920184,"a,j"
Shanghai,Fee,1.95,0.05667232722,"a,j"
Shanghai,Fee,0.4,0.1619808078,"a,j"
Beijing,Fee,0.65,-0.04666601121,"a,j"
Shanghai,Fee,0.75,-0.02913642302,"a,j"
Wuhan,Fee,3.5,0.113305971,"a,j"
Shanghai,Fee,1.3,0.01326315477,"a,j"
Beijing,Fee,0.6,0.04874287173,"a,j"
Wuhan,Fee,0.8,-0.05719376728,"a,j"
Shanghai,Fee,4.2,0.4398293197,"a,j"
Wuhan,Fee,0.5,0.08953597397,"a,j"
Shanghai,Fee,0.5,-0.0313676931,"a,j"
Shanghai,Fee,2.18,-0.07678433508,"a,j"
Shanghai,Fee,1.8,-0.06950519979,"a,j"
Shanghai,Fee,0.8,-0.1128604263,"a,j"
Shanghai,Fee,0.55,0.0001121753594,"a,j"
Shanghai,Fee,1.96,-0.1452785432,"a,j"
Guangzhou,Fee,0.5,-0.05545963719,"a,j"
Beijing,Fee,0.5,0.08886747062,"a,j"
Guangzhou,Fee,2.0,-0.1919621229,"a,j"
Shanghai,Fee,2.15,-0.008605215698,"a,j"
Beijing,Fee,0.5,0.03074095026,"a,j"
Guangzhou,Fee,1.2,-0.06301066279,"a,j"
Guangzhou,Fee,0.9,-0.1067519188,"a,j"
Wuhan,Fee,0.8,-0.009719341062,"a,j"
Shanghai,Fee,0.8,-0.09532791376,"a,j"
Shanghai,Fee,1.75,0.002685096115,"a,j"
Shanghai,Fee,1.2,0.02141823247,"a,j"
Beijing,Fee,1.3,-0.1503909975,"a,j"
Beijing,Fee,4.8,0.1630331874,"a,j"
Shanghai,Fee,1.8,-0.02407175489,"a,j"
