City,Feature,Feature_value,SHAP_value,used_in_panels
Shanghai,Projected_Area,281.404,0.01883827709,"a,c"
Wuhan,Projected_Area,689.5349,0.6949273944,"a,c"
Wuhan,Projected_Area,744.4205,0.7993255258,"a,c"
Shanghai,Projected_Area,746.1667,1.002839327,"a,c"
Shanghai,Projected_Area,324.8548,-0.04290344194,"a,c"
Shanghai,Projected_Area,210.287,-1.328068495,"a,c"
Shanghai,Projected_Area,828.9229,0.7607748508,"a,c"
Shanghai,Projected_Area,202.9366,-1.143651962,"a,c"
Shanghai,Projected_Area,198.1027,-0.4313037992,"a,c"
Shanghai,Projected_Area,493.2043,0.1453504562,"a,c"
Wuhan,Projected_Area,514.5464,-0.2345508486,"a,c"
Guangzhou,Projected_Area,374.0142,0.2266346067,"a,c"
Shanghai,Projected_Area,849.1466,0.7038990855,"a,c"
Shanghai,Projected_Area,726.8159,0.6459920406,"a,c"
Shanghai,Projected_Area,726.3585,0.4653829634,"a,c"
Shanghai,Projected_Area,392.7867,0.1255315393,"a,c"
Shanghai,Projected_Area,371.6079,-0.07679507881,"a,c"
Wuhan,Projected_Area,239.2887,-1.370562434,"a,c"
Shanghai,Projected_Area,187.9145,-2.20725894,"a,c"
Shanghai,Projected_Area,396.6643,0.04913683981,"a,c"
Shanghai,Projected_Area,562.9766,0.09626036137,"a,c"
Shanghai,Projected_Area,203.6844,-0.6489537358,"a,c"
Shanghai,Projected_Area,114.1768,-1.721428156,"a,c"
Wuhan,Projected_Area,358.2031,-0.2376555353,"a,c"
Beijing,Projected_Area,938.1967,0.1203262582,"a,c"
Shanghai,Projected_Area,304.1025,0.05329861119,"a,c"
Shanghai,Projected_Area,161.8407,-2.074975967,"a,c"
Beijing,Projected_Area,680.5066,0.3999809623,"a,c"
Shanghai,Projected_Area,636.8577,0.5326414108,"a,c"
Shanghai,Projected_Area,428.2577,0.4197682142,"a,c"
Wuhan,Projected_Area,197.789,-0.653701663,"a,c"
Shanghai,Projected_Area,548.539,0.0416822508,"a,c"
Shanghai,Projected_Area,582.3157,-0.003964100499,"a,c"
Shanghai,Projected_Area,428.0531,0.4424702525,"a,c"
Shanghai,Projected_Area,238.7029,-1.397181988,"a,c"
Shanghai,Projected_Area,349.8739,-0.02971986495,"a,c"
Shanghai,Projected_Area,763.0691,0.7587908506,"a,c"
Shanghai,Projected_Area,522.5324,0.1282260567,"a,c"
Shanghai,Projected_Area,303.2944,-0.3411203325,"a,c"
Shanghai,Projected_Area,693.2171,0.5122823119,"a,c"
Beijing,Projected_Area,678.4865,0.3872909248,"a,c"
Shanghai,Projected_Area,418.3977,0.1683101058,"a,c"
Shanghai,Projected_Area,461.5472,0.3158479631,"a,c"
Beijing,Projected_Area,923.6875,0.2674101591,"a,c"
Guangzhou,Projected_Area,147.5504,-1.459295511,"a,c"
Shanghai,Projected_Area,112.3514,-1.529944181,"a,c"
Guangzhou,Projected_Area,99.1933,-1.42576158,"a,c"
Shanghai,Projected_Area,88.3653,-1.348477602,"a,c"
Shanghai,Projected_Area,144.5208,-1.911465049,"a,c"
Wuhan,Projected_Area,650.4955,0.5463805199,"a,c"
Shanghai,Projected_Area,124.0639,-1.506720424,"a,c"
Beijing,Projected_Area,481.0396,0.2006631494,"a,c"
Shanghai,Projected_Area,363.0091,-0.05010408908,"a,c"
Shanghai,Projected_Area,90.1979,-1.639214039,"a,c"
Shanghai,Projected_Area,108.0484,-1.846784592,"a,c"
Wuhan,Projected_Area,1212.0982,0.7105560303,"a,c"
Shanghai,Projected_Area,485.888,0.2045947462,"a,c"
Guangzhou,Projected_Area,206.627,-1.349704027,"a,c"
Wuhan,Projected_Area,370.0266,-0.2479925007,"a,c"
Shanghai,Projected_Area,470.9548,0.1750436723,"a,c"
Wuhan,Projected_Area,112.71,-1.666845679,"a,c"
Guangzhou,Projected_Area,765.3495,0.423032999,"a,c"
Shanghai,Projected_Area,214.4637,-1.444816709,"a,c"
Beijing,Projected_Area,531.8967,-0.0166356992,"a,c"
Shanghai,Projected_Area,123.6126,-1.507465243,"a,c"
Shanghai,Projected_Area,381.5237,-0.06247144565,"a,c"
Beijing,Projected_Area,243.9277,-1.301895499,"a,c"
Shanghai,Projected_Area,476.1156,0.3726186156,"a,c"
Shanghai,Projected_Area,131.8841,-1.834555507,"a,c"
Shanghai,Projected_Area,431.5312,0.242466405,"a,c"
Shanghai,Projected_Area,755.6952,0.5672832131,"a,c"
Beijing,Projected_Area,548.3853,-0.06316149235,"a,c"
Wuhan,Projected_Area,472.5625,0.3255310655,"a,c"
Wuhan,Projected_Area,396.1794,0.005594990216,"a,c"
Shanghai,Projected_Area,228.9866,-1.563538074,"a,c"
Shanghai,Projected_Area,244.9294,-0.879178524,"a,c"
Shanghai,Projected_Area,492.364,0.4121738076,"a,c"
Shanghai,Projected_Area,635.2327,0.4449806213,"a,c"
Shanghai,Projected_Area,640.864,0.5298923254,"a,c"
Wuhan,Projected_Area,1008.5084,0.3292933106,"a,c"
Shanghai,Projected_Area,187.6461,-1.879926324,"a,c"
Shanghai,Projected_Area,106.9526,-1.847716093,"a,c"
Shanghai,Projected_Area,111.202,-1.384978771,"a,c"
Guangzhou,Projected_Area,285.6474,-0.4263623953,"a,c"
Shanghai,Projected_Area,132.7931,-1.981414914,"a,c"
Shanghai,Projected_Area,124.515,-1.509403586,"a,c"
Shanghai,Projected_Area,131.4002,-1.595165491,"a,c"
Wuhan,Projected_Area,232.85,-0.9297409058,"a,c"
Shanghai,Projected_Area,373.6062,-0.02258467674,"a,c"
Beijing,Projected_Area,343.5949,-0.1619204432,"a,c"
Guangzhou,Projected_Area,551.9978,-0.04633243755,"a,c"
Wuhan,Projected_Area,410.474,0.136271134,"a,c"
Shanghai,Projected_Area,196.7783,-1.876374841,"a,c"
Shanghai,Projected_Area,445.5169,0.2847232819,"a,c"
Shanghai,Projected_Area,112.256,-1.628496528,"a,c"
Shanghai,Projected_Area,483.7023,0.3249060512,"a,c"
Wuhan,Projected_Area,678.9245,0.3621229231,"a,c"
Shanghai,Projected_Area,399.967,0.02358511463,"a,c"
Shanghai,Projected_Area,456.8429,0.3491789401,"a,c"
Wuhan,Projected_Area,281.6129,-0.3432061672,"a,c"
Shanghai,Projected_Area,661.4569,0.3346809745,"a,c"
Shanghai,Projected_Area,187.111,-1.817621231,"a,c"
Shanghai,Projected_Area,448.6509,0.2832223773,"a,c"
Shanghai,Projected_Area,443.1826,0.2035691142,"a,c"
Beijing,Projected_Area,524.7534,-0.05965053663,"a,c"
Guangzhou,Projected_Area,284.8231,-0.3417109847,"a,c"
Wuhan,Projected_Area,574.2431,-0.2274427414,"a,c"
Shanghai,Projected_Area,765.4532,0.8073485494,"a,c"
Shanghai,Projected_Area,448.3081,0.187886253,"a,c"
Guangzhou,Projected_Area,408.8039,-0.04063273966,"a,c"
Wuhan,Projected_Area,758.8252,0.4905816317,"a,c"
Wuhan,Projected_Area,482.2584,0.02858494036,"a,c"
Wuhan,Projected_Area,640.2988,0.4831849933,"a,c"
Beijing,Projected_Area,1112.6734,0.8938139081,"a,c"
Shanghai,Projected_Area,459.0749,0.2052382231,"a,c"
Shanghai,Projected_Area,421.2416,0.1775953621,"a,c"
Shanghai,Projected_Area,289.8665,-0.1998587549,"a,c"
Shanghai,Projected_Area,271.8089,-0.2743580043,"a,c"
Shanghai,Projected_Area,619.9356,0.587880075,"a,c"
Shanghai,Projected_Area,279.7783,-0.2735847533,"a,c"
Shanghai,Projected_Area,232.0576,-1.513337255,"a,c"
Shanghai,Projected_Area,199.4431,-0.5602785349,"a,c"
Guangzhou,Projected_Area,991.1282,0.6828145981,"a,c"
Guangzhou,Projected_Area,138.6239,-1.329724073,"a,c"
Shanghai,Projected_Area,141.1359,-2.119647741,"a,c"
Shanghai,Projected_Area,278.3751,-0.3611406386,"a,c"
Shanghai,Projected_Area,772.7782,0.6197910905,"a,c"
Shanghai,Projected_Area,160.0002,-2.088978767,"a,c"
Guangzhou,Projected_Area,267.5302,-0.1503217965,"a,c"
Wuhan,Projected_Area,135.2993,-1.723023534,"a,c"
Wuhan,Projected_Area,436.9478,0.2948448062,"a,c"
Shanghai,Projected_Area,548.4926,0.01783321053,"a,c"
Shanghai,Projected_Area,306.751,0.005014492199,"a,c"
Wuhan,Projected_Area,399.5626,0.05775598437,"a,c"
Shanghai,Projected_Area,143.5384,-1.667836428,"a,c"
Wuhan,Projected_Area,244.7289,-0.9238426685,"a,c"
Shanghai,Projected_Area,264.2797,-0.1814060211,"a,c"
Shanghai,Projected_Area,332.2878,0.4245465994,"a,c"
Shanghai,Projected_Area,230.6096,-1.382565141,"a,c"
Shanghai,Projected_Area,445.259,0.5688830614,"a,c"
Shanghai,Projected_Area,339.373,-0.1228091195,"a,c"
Shanghai,Projected_Area,575.4567,0.0155398529,"a,c"
Shanghai,Projected_Area,369.4925,-0.02766325511,"a,c"
Shanghai,Projected_Area,429.2616,0.3535269499,"a,c"
Guangzhou,Projected_Area,655.2009,0.3534712791,"a,c"
Wuhan,Projected_Area,933.1568,0.1667082012,"a,c"
Shanghai,Projected_Area,276.7267,-0.1460370868,"a,c"
Shanghai,Projected_Area,217.2567,-1.678555131,"a,c"
Shanghai,Projected_Area,283.168,-0.06307385117,"a,c"
Shanghai,Projected_Area,157.3404,-2.034370661,"a,c"
Shanghai,Projected_Area,181.1866,-2.446304083,"a,c"
Guangzhou,Projected_Area,139.0606,-1.284286737,"a,c"
Shanghai,Projected_Area,524.8553,0.02941051312,"a,c"
Guangzhou,Projected_Area,193.7743,-1.726091385,"a,c"
Shanghai,Projected_Area,235.3332,-1.200818181,"a,c"
Shanghai,Projected_Area,345.4339,0.1196838319,"a,c"
Wuhan,Projected_Area,839.8039,0.6310132146,"a,c"
Shanghai,Projected_Area,637.1092,0.4117368162,"a,c"
Beijing,Projected_Area,624.8427,0.3534038067,"a,c"
Shanghai,Projected_Area,439.8952,0.2516635656,"a,c"
Shanghai,Projected_Area,243.6794,-1.460917473,"a,c"
Beijing,Projected_Area,162.2359,-2.204682589,"a,c"
Shanghai,Projected_Area,422.942,0.1866852045,"a,c"
Shanghai,Projected_Area,181.7348,-1.909587741,"a,c"
Shanghai,Projected_Area,233.6211,-1.257547259,"a,c"
Beijing,Projected_Area,324.28,0.1023343951,"a,c"
Shanghai,Projected_Area,127.5506,-1.672929525,"a,c"
Shanghai,Projected_Area,499.2072,0.4285754263,"a,c"
Shanghai,Projected_Area,362.6801,0.1682202518,"a,c"
Wuhan,Projected_Area,176.8719,-1.549040437,"a,c"
Shanghai,Projected_Area,730.8583,0.5821745992,"a,c"
Beijing,Projected_Area,242.4373,-1.27050674,"a,c"
Shanghai,Projected_Area,330.17,-0.002502206946,"a,c"
Wuhan,Projected_Area,384.1467,-0.07578998059,"a,c"
Shanghai,Projected_Area,107.0663,-1.597884297,"a,c"
Shanghai,Projected_Area,226.742,-1.724167705,"a,c"
Shanghai,Projected_Area,136.0519,-1.937822223,"a,c"
Wuhan,Projected_Area,516.5149,0.007215327118,"a,c"
Beijing,Projected_Area,304.6264,0.06758987159,"a,c"
Wuhan,Projected_Area,454.8325,0.2852036953,"a,c"
Shanghai,Projected_Area,166.342,-1.850712299,"a,c"
Wuhan,Projected_Area,429.53,0.2848845124,"a,c"
Shanghai,Projected_Area,271.9702,-0.1910306513,"a,c"
Wuhan,Projected_Area,722.0614,0.2211986184,"a,c"
Shanghai,Projected_Area,207.2939,-1.372892141,"a,c"
Shanghai,Projected_Area,88.863,-1.54964745,"a,c"
Wuhan,Projected_Area,399.6643,-0.009131806903,"a,c"
Shanghai,Projected_Area,112.0863,-1.91423142,"a,c"
Guangzhou,Projected_Area,251.8747,-0.7620505691,"a,c"
Shanghai,Projected_Area,572.8426,-0.0571677275,"a,c"
Shanghai,Projected_Area,160.0265,-2.184448242,"a,c"
Shanghai,Projected_Area,586.2064,0.205435738,"a,c"
Wuhan,Projected_Area,842.0507,0.7983725667,"a,c"
Beijing,Projected_Area,682.2918,0.3447761238,"a,c"
Wuhan,Projected_Area,469.9278,0.3386576176,"a,c"
Wuhan,Projected_Area,97.9246,-1.008917928,"a,c"
Shanghai,Projected_Area,235.5486,-1.570222974,"a,c"
Beijing,Projected_Area,141.8764,-1.330222487,"a,c"
Wuhan,Projected_Area,346.0986,-0.1975479424,"a,c"
Shanghai,Projected_Area,627.6807,0.4567614496,"a,c"
Shanghai,Projected_Area,396.9114,0.3265691102,"a,c"
Shanghai,Projected_Area,258.6743,-0.1680617779,"a,c"
Shanghai,Projected_Area,277.9545,-0.3509428501,"a,c"
Beijing,Projected_Area,511.7803,-0.1436915398,"a,c"
Shanghai,Projected_Area,91.5531,-1.50188303,"a,c"
Guangzhou,Projected_Area,145.695,-1.547678471,"a,c"
Shanghai,Projected_Area,302.0626,-0.2426349223,"a,c"
Shanghai,Projected_Area,345.3356,0.0774089843,"a,c"
Shanghai,Projected_Area,351.0149,0.02688578144,"a,c"
Shanghai,Projected_Area,358.3832,-0.1192436665,"a,c"
Shanghai,Projected_Area,324.6313,-0.110961616,"a,c"
Shanghai,Projected_Area,334.3687,0.01972163469,"a,c"
Shanghai,Projected_Area,452.2366,0.2863796949,"a,c"
Shanghai,Projected_Area,567.262,-0.09255883098,"a,c"
Shanghai,Projected_Area,325.7089,-0.02519442141,"a,c"
Guangzhou,Projected_Area,1013.6568,0.4999908507,"a,c"
Beijing,Projected_Area,134.906,-1.967579007,"a,c"
Shanghai,Projected_Area,251.055,-0.420824796,"a,c"
Wuhan,Projected_Area,573.8401,-0.04245895892,"a,c"
Wuhan,Projected_Area,689.6767,0.330529958,"a,c"
Shanghai,Projected_Area,638.365,0.5759983659,"a,c"
Guangzhou,Projected_Area,100.1585,-1.24536109,"a,c"
Shanghai,Projected_Area,303.3893,-0.352289021,"a,c"
Wuhan,Projected_Area,197.298,-0.682572186,"a,c"
Beijing,Projected_Area,951.4993,0.3297876418,"a,c"
Shanghai,Projected_Area,135.3449,-1.717375994,"a,c"
Wuhan,Projected_Area,166.8601,-1.802824736,"a,c"
Shanghai,Projected_Area,262.3862,0.01892940514,"a,c"
Shanghai,Projected_Area,380.774,0.07672937959,"a,c"
Beijing,Projected_Area,598.5196,0.3096684813,"a,c"
Shanghai,Projected_Area,679.8479,0.2586904764,"a,c"
Shanghai,Projected_Area,163.8432,-2.30424428,"a,c"
Shanghai,Projected_Area,1144.1871,0.6834158301,"a,c"
Guangzhou,Projected_Area,111.0274,-1.46282959,"a,c"
Shanghai,Projected_Area,448.0253,0.3591377437,"a,c"
Shanghai,Projected_Area,309.3288,0.09366967529,"a,c"
Shanghai,Projected_Area,519.5321,0.09876712412,"a,c"
Beijing,Projected_Area,139.5973,-1.144622445,"a,c"
Wuhan,Projected_Area,548.4036,-0.03051983565,"a,c"
Shanghai,Projected_Area,229.5286,-1.397131324,"a,c"
Shanghai,Projected_Area,607.0697,0.5216266513,"a,c"
Shanghai,Projected_Area,402.6183,0.3009272814,"a,c"
Shanghai,Projected_Area,197.1486,-0.5389819145,"a,c"
Guangzhou,Projected_Area,568.6418,-0.08675988764,"a,c"
Shanghai,Projected_Area,361.1415,-0.1016207188,"a,c"
Shanghai,Projected_Area,312.6989,0.2648233771,"a,c"
Shanghai,Projected_Area,298.0131,-0.2860902548,"a,c"
Shanghai,Projected_Area,656.0212,0.2637156844,"a,c"
Shanghai,Projected_Area,205.8057,-1.01117456,"a,c"
Guangzhou,Projected_Area,196.1559,-1.655973792,"a,c"
Wuhan,Projected_Area,532.5329,0.007948628627,"a,c"
Guangzhou,Projected_Area,393.8603,-0.08754311502,"a,c"
Guangzhou,Projected_Area,160.4668,-1.515079498,"a,c"
Guangzhou,Projected_Area,97.9846,-1.491894484,"a,c"
Shanghai,Projected_Area,588.0717,0.211576432,"a,c"
Shanghai,Projected_Area,169.7753,-1.828359365,"a,c"
Shanghai,Projected_Area,104.6846,-1.648126006,"a,c"
Shanghai,Projected_Area,118.1716,-1.09621799,"a,c"
Wuhan,Projected_Area,467.4757,0.3694745898,"a,c"
Shanghai,Projected_Area,161.4522,-1.630681038,"a,c"
Shanghai,Projected_Area,391.6557,0.1315590441,"a,c"
Shanghai,Projected_Area,618.2279,0.3161077201,"a,c"
Wuhan,Projected_Area,1093.0151,0.9096853137,"a,c"
Wuhan,Projected_Area,541.9414,0.0574160479,"a,c"
Guangzhou,Projected_Area,480.1648,0.1571398526,"a,c"
Shanghai,Projected_Area,464.6833,0.3452433944,"a,c"
Shanghai,Projected_Area,502.4027,0.3143259287,"a,c"
Shanghai,Projected_Area,235.6742,-1.585790634,"a,c"
Shanghai,Projected_Area,255.0891,-0.8044646978,"a,c"
Shanghai,Projected_Area,294.0465,-0.2003069371,"a,c"
Guangzhou,Projected_Area,112.7983,-1.201725841,"a,c"
Shanghai,Projected_Area,199.0877,-1.22810483,"a,c"
Shanghai,Projected_Area,164.7784,-2.358355522,"a,c"
Guangzhou,Projected_Area,484.0328,0.05625163391,"a,c"
Shanghai,Projected_Area,534.5441,0.1561768055,"a,c"
Guangzhou,Projected_Area,1234.9586,1.049296737,"a,c"
Wuhan,Projected_Area,1101.8639,0.8924754262,"a,c"
Shanghai,Projected_Area,840.4906,0.6092557311,"a,c"
Wuhan,Projected_Area,102.7754,-1.810397863,"a,c"
Shanghai,Projected_Area,306.8648,-0.2788713872,"a,c"
Beijing,Projected_Area,170.0485,-1.030649543,"a,c"
Shanghai,Projected_Area,187.2544,-1.943904877,"a,c"
Shanghai,Projected_Area,319.0924,0.131270051,"a,c"
Shanghai,Projected_Area,292.4159,-0.3533729911,"a,c"
Shanghai,Projected_Area,823.5471,0.5188570023,"a,c"
Wuhan,Projected_Area,221.3739,-1.117647767,"a,c"
Beijing,Projected_Area,210.6533,-1.391001701,"a,c"
Shanghai,Projected_Area,347.1175,0.1345356405,"a,c"
Shanghai,Projected_Area,436.6367,0.3225299418,"a,c"
Shanghai,Projected_Area,375.9998,0.2351183146,"a,c"
Shanghai,Projected_Area,732.7946,0.6684289575,"a,c"
Beijing,Projected_Area,1031.3482,0.3741238415,"a,c"
Shanghai,Projected_Area,514.6616,0.002825198229,"a,c"
Shanghai,Projected_Area,132.8838,-1.751636744,"a,c"
Guangzhou,Projected_Area,559.0093,-0.03166422993,"a,c"
Wuhan,Projected_Area,528.5791,0.03355817124,"a,c"
Shanghai,Projected_Area,140.3094,-2.047424555,"a,c"
Wuhan,Projected_Area,445.6413,0.07514867187,"a,c"
Beijing,Projected_Area,430.4898,0.3861173987,"a,c"
Wuhan,Projected_Area,201.1857,-0.7463963628,"a,c"
Guangzhou,Projected_Area,80.639,-1.413349628,"a,c"
Beijing,Projected_Area,358.9462,-0.1490593255,"a,c"
Shanghai,Projected_Area,430.2585,0.3094700277,"a,c"
Shanghai,Projected_Area,202.5979,-0.7954217792,"a,c"
Shanghai,Projected_Area,121.0237,-1.638010621,"a,c"
Wuhan,Projected_Area,1378.4743,0.6350530386,"a,c"
Beijing,Projected_Area,1316.3906,0.7538872957,"a,c"
Wuhan,Projected_Area,415.2603,0.01700441726,"a,c"
Shanghai,Projected_Area,736.1999,0.7447378635,"a,c"
Wuhan,Projected_Area,190.0805,-2.077324629,"a,c"
Guangzhou,Projected_Area,526.186,0.001722612651,"a,c"
Wuhan,Projected_Area,410.7638,0.1665093601,"a,c"
Beijing,Projected_Area,449.8431,0.08440177888,"a,c"
Shanghai,Projected_Area,401.2244,0.245118916,"a,c"
Shanghai,Projected_Area,647.342,0.5100358725,"a,c"
Wuhan,Projected_Area,314.9662,0.1819963306,"a,c"
Beijing,Projected_Area,353.2921,-0.02695197985,"a,c"
Shanghai,Projected_Area,231.4517,-1.567340612,"a,c"
Shanghai,Projected_Area,491.1538,0.2140004784,"a,c"
Shanghai,Projected_Area,406.7926,0.05330601335,"a,c"
Shanghai,Projected_Area,178.9121,-2.001155376,"a,c"
Beijing,Projected_Area,649.6814,0.6478853822,"a,c"
Wuhan,Projected_Area,750.9938,0.4345270693,"a,c"
Wuhan,Projected_Area,424.4792,0.1464649439,"a,c"
Shanghai,Projected_Area,386.4641,0.06635650247,"a,c"
Shanghai,Projected_Area,198.821,-1.036179304,"a,c"
Shanghai,Projected_Area,121.1012,-1.411634803,"a,c"
Shanghai,Projected_Area,363.4486,-0.147885412,"a,c"
Shanghai,Projected_Area,146.7804,-1.945871711,"a,c"
Shanghai,Projected_Area,202.2724,-0.6385484338,"a,c"
Shanghai,Projected_Area,400.7315,-0.01212871447,"a,c"
Guangzhou,Projected_Area,234.8789,-1.524913549,"a,c"
Wuhan,Projected_Area,913.5297,0.3651521802,"a,c"
Wuhan,Projected_Area,254.0396,-0.3851588666,"a,c"
Guangzhou,Projected_Area,87.9428,-1.345050335,"a,c"
Shanghai,Projected_Area,183.0739,-1.784463763,"a,c"
Shanghai,Projected_Area,278.9051,-0.2116411179,"a,c"
Shanghai,Projected_Area,454.4703,0.1496398598,"a,c"
Shanghai,Projected_Area,617.3656,0.430865705,"a,c"
Guangzhou,Projected_Area,1454.9718,0.5810466409,"a,c"
Shanghai,Projected_Area,132.0584,-1.67343545,"a,c"
Shanghai,Projected_Area,138.0392,-1.720122457,"a,c"
Shanghai,Projected_Area,770.3762,0.4679229558,"a,c"
Shanghai,Projected_Area,302.7626,-0.07939373702,"a,c"
Guangzhou,Projected_Area,177.6353,-1.627198219,"a,c"
Wuhan,Projected_Area,125.2124,-1.902094483,"a,c"
Wuhan,Projected_Area,1286.6381,0.9505304694,"a,c"
Wuhan,Projected_Area,539.459,0.003568004584,"a,c"
Shanghai,Projected_Area,613.378,0.5098184943,"a,c"
Shanghai,Projected_Area,585.654,0.04496898502,"a,c"
Beijing,Projected_Area,414.6255,-0.1022730991,"a,c"
Beijing,Projected_Area,250.2583,-0.695004642,"a,c"
Shanghai,Projected_Area,122.225,-1.858137012,"a,c"
Shanghai,Projected_Area,517.1582,0.1339998841,"a,c"
Shanghai,Projected_Area,466.2231,0.3648742735,"a,c"
Shanghai,Projected_Area,403.5143,0.1791895479,"a,c"
Wuhan,Projected_Area,482.4542,0.2086395174,"a,c"
Beijing,Projected_Area,1144.5047,0.7051581144,"a,c"
Shanghai,Projected_Area,237.4837,-1.527277827,"a,c"
Shanghai,Projected_Area,1159.3008,0.7566677928,"a,c"
Beijing,Projected_Area,792.9534,1.044722676,"a,c"
Shanghai,Projected_Area,488.751,0.3586699367,"a,c"
Beijing,Projected_Area,80.4071,-1.236067533,"a,c"
Shanghai,Projected_Area,704.1624,0.6174916625,"a,c"
Beijing,Projected_Area,268.5369,-0.3441621661,"a,c"
Shanghai,Projected_Area,210.2719,-1.511869788,"a,c"
Shanghai,Projected_Area,319.4468,0.07101424038,"a,c"
Beijing,Projected_Area,534.2137,-0.07606959343,"a,c"
Guangzhou,Projected_Area,194.0616,-1.645870566,"a,c"
Shanghai,Projected_Area,161.5722,-1.753571868,"a,c"
Guangzhou,Projected_Area,323.7848,-0.08044285327,"a,c"
Wuhan,Projected_Area,1183.1839,0.7262486219,"a,c"
Guangzhou,Projected_Area,259.9069,0.04962857068,"a,c"
Shanghai,Projected_Area,207.1975,-1.611636758,"a,c"
Guangzhou,Projected_Area,200.2329,-0.8019300699,"a,c"
Beijing,Projected_Area,322.5663,0.05820253864,"a,c"
Wuhan,Projected_Area,192.4731,-2.093283653,"a,c"
Wuhan,Projected_Area,238.0194,-0.8224190474,"a,c"
Wuhan,Projected_Area,437.7322,0.2856622636,"a,c"
Wuhan,Projected_Area,472.7096,0.3933410347,"a,c"
Wuhan,Projected_Area,513.9,-0.01473223791,"a,c"
Shanghai,Projected_Area,238.2259,-1.43697691,"a,c"
Shanghai,Projected_Area,375.616,0.2302669734,"a,c"
Wuhan,Projected_Area,190.3163,-1.502725244,"a,c"
Wuhan,Projected_Area,146.1796,-1.731736064,"a,c"
Beijing,Projected_Area,565.5906,-0.1593470424,"a,c"
Shanghai,Projected_Area,681.0502,0.4607140124,"a,c"
Guangzhou,Projected_Area,163.7423,-1.543758988,"a,c"
Shanghai,Projected_Area,442.1236,0.3365016282,"a,c"
Shanghai,Projected_Area,440.4032,0.2893742919,"a,c"
Shanghai,Projected_Area,725.7893,0.5863515735,"a,c"
Shanghai,Projected_Area,469.1534,0.4080297947,"a,c"
Guangzhou,Projected_Area,213.4142,-1.408197403,"a,c"
Guangzhou,Projected_Area,142.4201,-1.226520658,"a,c"
Wuhan,Projected_Area,154.0026,-1.635536671,"a,c"
Shanghai,Projected_Area,1543.7506,0.6462120414,"a,c"
Beijing,Projected_Area,131.2809,-1.920375109,"a,c"
Shanghai,Projected_Area,113.6104,-1.771127105,"a,c"
Shanghai,Projected_Area,311.6661,-0.005703317001,"a,c"
Guangzhou,Projected_Area,92.2051,-1.387238979,"a,c"
Wuhan,Projected_Area,464.6139,0.2523368001,"a,c"
Wuhan,Projected_Area,188.688,-1.67818594,"a,c"
Shanghai,Projected_Area,134.9601,-2.083164454,"a,c"
Guangzhou,Projected_Area,163.6734,-1.703445315,"a,c"
Wuhan,Projected_Area,726.7465,0.4888442755,"a,c"
Beijing,Projected_Area,230.5202,-0.9216769934,"a,c"
Wuhan,Projected_Area,284.1964,-0.1957894117,"a,c"
Shanghai,Projected_Area,646.6744,0.5483192205,"a,c"
Shanghai,Projected_Area,178.4034,-2.081072569,"a,c"
Shanghai,Projected_Area,250.5363,-0.9742876887,"a,c"
Shanghai,Projected_Area,141.4811,-2.010426283,"a,c"
Shanghai,Projected_Area,518.045,0.05341675505,"a,c"
Shanghai,Projected_Area,181.0704,-2.203393698,"a,c"
Shanghai,Projected_Area,419.9383,0.2256358266,"a,c"
Shanghai,Projected_Area,172.2766,-2.178712845,"a,c"
Shanghai,Projected_Area,483.0269,0.1863849163,"a,c"
Shanghai,Projected_Area,818.332,0.8574761152,"a,c"
Wuhan,Projected_Area,184.6824,-1.896396279,"a,c"
Shanghai,Projected_Area,527.8535,0.07200039178,"a,c"
Beijing,Projected_Area,133.0701,-1.90595448,"a,c"
Shanghai,Projected_Area,539.2223,0.1995601654,"a,c"
Guangzhou,Projected_Area,529.2562,0.05840680376,"a,c"
Wuhan,Projected_Area,268.96,-0.2243563235,"a,c"
Wuhan,Projected_Area,163.1402,-1.659627438,"a,c"
Shanghai,Projected_Area,465.7205,0.2323943675,"a,c"
Beijing,Projected_Area,759.7036,0.388910383,"a,c"
Beijing,Projected_Area,920.6073,0.5045902729,"a,c"
Shanghai,Projected_Area,183.7134,-1.996405125,"a,c"
Shanghai,Projected_Area,343.9659,-0.1037210003,"a,c"
Shanghai,Projected_Area,162.4954,-2.101059675,"a,c"
Shanghai,Projected_Area,136.0012,-1.571084261,"a,c"
Guangzhou,Projected_Area,122.3183,-1.42116046,"a,c"
Wuhan,Projected_Area,342.0529,-0.1424261779,"a,c"
Shanghai,Projected_Area,559.3722,-0.01935801655,"a,c"
Shanghai,Projected_Area,267.1775,-0.3558473885,"a,c"
Shanghai,Projected_Area,214.6357,-1.546643972,"a,c"
Shanghai,Projected_Area,378.8009,0.147408545,"a,c"
Wuhan,Projected_Area,372.3143,0.06913069636,"a,c"
Shanghai,Projected_Area,720.7388,0.7163416147,"a,c"
Shanghai,Projected_Area,315.1017,0.2372243255,"a,c"
Shanghai,Projected_Area,167.869,-1.973336101,"a,c"
Shanghai,Projected_Area,650.7531,0.4365721643,"a,c"
Shanghai,Projected_Area,207.9187,-1.681975603,"a,c"
Shanghai,Projected_Area,619.9598,0.4386724234,"a,c"
Wuhan,Projected_Area,677.8194,0.4627494216,"a,c"
Guangzhou,Projected_Area,605.101,0.3313659132,"a,c"
Shanghai,Projected_Area,297.4123,-0.3756285906,"a,c"
Wuhan,Projected_Area,355.545,-0.1173328981,"a,c"
Shanghai,Projected_Area,542.9356,0.08212579042,"a,c"
Wuhan,Projected_Area,423.5043,0.1486681104,"a,c"
Beijing,Projected_Area,158.462,-1.27349484,"a,c"
Shanghai,Projected_Area,461.1739,0.4540088177,"a,c"
Beijing,Projected_Area,548.2446,0.08931173384,"a,c"
Wuhan,Projected_Area,109.7417,-1.001183867,"a,c"
Wuhan,Projected_Area,614.8,0.5177646875,"a,c"
Shanghai,Projected_Area,367.074,-0.009888942353,"a,c"
Shanghai,Projected_Area,600.9635,0.5088760257,"a,c"
Shanghai,Projected_Area,175.5931,-2.161917925,"a,c"
Beijing,Projected_Area,310.8121,0.0643145144,"a,c"
Wuhan,Projected_Area,188.9844,-2.093451977,"a,c"
Guangzhou,Projected_Area,455.0254,0.2368032932,"a,c"
Guangzhou,Projected_Area,486.1932,0.7290737033,"a,c"
Shanghai,Projected_Area,734.7863,0.6655097604,"a,c"
Shanghai,Projected_Area,307.6302,0.2276120037,"a,c"
Beijing,Projected_Area,603.5495,0.1469848454,"a,c"
Shanghai,Projected_Area,368.4772,-0.04907111451,"a,c"
Shanghai,Projected_Area,508.9425,0.1620205343,"a,c"
Beijing,Projected_Area,243.11,-1.377236605,"a,c"
Shanghai,Projected_Area,553.1336,-0.02600991912,"a,c"
Shanghai,Projected_Area,242.2088,-1.339719772,"a,c"
Wuhan,Projected_Area,396.7162,-0.08753866702,"a,c"
Wuhan,Projected_Area,302.4672,-0.3009733558,"a,c"
Beijing,Projected_Area,207.307,-0.9831419587,"a,c"
Wuhan,Projected_Area,523.511,-0.01942854933,"a,c"
Shanghai,Projected_Area,172.3512,-2.113932133,"a,c"
Shanghai,Projected_Area,717.1025,0.3413260579,"a,c"
Wuhan,Projected_Area,754.0223,0.5144881606,"a,c"
Beijing,Projected_Area,368.2065,-0.03342309594,"a,c"
Wuhan,Projected_Area,332.8877,0.01893916726,"a,c"
Shanghai,Projected_Area,546.7523,0.1726664603,"a,c"
Wuhan,Projected_Area,419.5849,0.1801628768,"a,c"
Shanghai,Projected_Area,622.0378,0.357570678,"a,c"
Shanghai,Projected_Area,464.5984,0.1528281718,"a,c"
Shanghai,Projected_Area,290.5152,-0.3203566074,"a,c"
Shanghai,Projected_Area,117.6505,-2.035443306,"a,c"
Beijing,Projected_Area,409.0873,-0.06175515428,"a,c"
Shanghai,Projected_Area,751.8835,0.4256967902,"a,c"
Shanghai,Projected_Area,146.2217,-2.0940485,"a,c"
Wuhan,Projected_Area,431.8115,0.4419124126,"a,c"
Beijing,Projected_Area,516.9351,0.1221289113,"a,c"
Shanghai,Projected_Area,340.141,-0.1823325604,"a,c"
Wuhan,Projected_Area,507.9996,-0.02918436006,"a,c"
Shanghai,Projected_Area,453.0553,0.2973158956,"a,c"
Shanghai,Projected_Area,153.6438,-2.015734673,"a,c"
Shanghai,Projected_Area,135.3027,-1.699294329,"a,c"
Shanghai,Projected_Area,119.0942,-1.914654613,"a,c"
Shanghai,Projected_Area,344.2509,0.1021954045,"a,c"
Beijing,Projected_Area,227.0377,-1.054102302,"a,c"
Wuhan,Projected_Area,402.029,0.05383243039,"a,c"
Shanghai,Projected_Area,273.6202,-0.2468402982,"a,c"
Shanghai,Projected_Area,406.1818,0.03830655664,"a,c"
Beijing,Projected_Area,480.2813,0.3448885977,"a,c"
Shanghai,Projected_Area,330.7291,0.287219435,"a,c"
Shanghai,Projected_Area,169.3109,-1.853325844,"a,c"
Guangzhou,Projected_Area,1297.1167,0.9742122293,"a,c"
Shanghai,Projected_Area,139.9662,-1.759253144,"a,c"
Beijing,Projected_Area,719.4467,0.7142782211,"a,c"
Shanghai,Projected_Area,179.1769,-1.924562335,"a,c"
Shanghai,Projected_Area,614.0934,0.3140965402,"a,c"
Shanghai,Projected_Area,879.9155,0.1632134467,"a,c"
Wuhan,Projected_Area,603.6889,0.4906555116,"a,c"
Shanghai,Projected_Area,247.4443,-0.6946089864,"a,c"
Shanghai,Projected_Area,151.0373,-1.938683867,"a,c"
Shanghai,Projected_Area,334.8459,0.01111270301,"a,c"
Shanghai,Projected_Area,311.3061,0.04677616805,"a,c"
Guangzhou,Projected_Area,1125.1559,0.4206796587,"a,c"
Shanghai,Projected_Area,379.1875,0.02819445729,"a,c"
Shanghai,Projected_Area,527.6058,0.1009925306,"a,c"
Shanghai,Projected_Area,257.6836,-0.494596988,"a,c"
Shanghai,Projected_Area,814.6111,0.6033064723,"a,c"
Guangzhou,Projected_Area,218.0684,-1.227214694,"a,c"
Wuhan,Projected_Area,424.3282,0.09694107622,"a,c"
Beijing,Projected_Area,1184.594,0.6631736159,"a,c"
Wuhan,Projected_Area,798.3701,0.8001500368,"a,c"
Wuhan,Projected_Area,368.4892,0.0613190569,"a,c"
Beijing,Projected_Area,685.0134,0.7392870188,"a,c"
Shanghai,Projected_Area,185.3219,-1.935837269,"a,c"
Wuhan,Projected_Area,414.859,0.1072379202,"a,c"
Shanghai,Projected_Area,196.9878,-1.196630359,"a,c"
Beijing,Projected_Area,166.5141,-1.91918838,"a,c"
Beijing,Projected_Area,410.5149,-0.01998384111,"a,c"
Shanghai,Projected_Area,597.0194,0.2335852385,"a,c"
Wuhan,Projected_Area,271.0388,-0.300172627,"a,c"
Wuhan,Projected_Area,378.3953,-0.01144076325,"a,c"
Shanghai,Projected_Area,272.629,-0.3979732692,"a,c"
Beijing,Projected_Area,258.9517,0.07427781075,"a,c"
Guangzhou,Projected_Area,125.8879,-1.227980852,"a,c"
Shanghai,Projected_Area,224.0806,-1.614427328,"a,c"
Shanghai,Projected_Area,678.9503,0.393966198,"a,c"
Shanghai,Projected_Area,537.5659,0.06912072003,"a,c"
Shanghai,Projected_Area,261.8792,-0.1743334234,"a,c"
Shanghai,Projected_Area,113.7107,-1.64789784,"a,c"
Shanghai,Projected_Area,777.0754,0.6812075973,"a,c"
Shanghai,Projected_Area,685.2886,0.4890489876,"a,c"
Shanghai,Projected_Area,538.484,0.01974260435,"a,c"
Wuhan,Projected_Area,188.413,-1.647765875,"a,c"
Guangzhou,Projected_Area,134.6399,-1.421558857,"a,c"
Shanghai,Projected_Area,656.8974,0.674788177,"a,c"
Wuhan,Projected_Area,216.093,-0.6303468347,"a,c"
Shanghai,Projected_Area,360.8201,0.01938924193,"a,c"
Wuhan,Projected_Area,227.0051,-1.379473329,"a,c"
Shanghai,Projected_Area,175.1257,-1.698253274,"a,c"
Shanghai,Projected_Area,241.9767,-1.095233321,"a,c"
Shanghai,Projected_Area,127.888,-1.686198592,"a,c"
Wuhan,Projected_Area,545.1566,-0.1298868954,"a,c"
Shanghai,Projected_Area,138.7583,-1.403985023,"a,c"
Guangzhou,Projected_Area,137.5536,-1.818818688,"a,c"
Shanghai,Projected_Area,476.1347,0.3256653249,"a,c"
Shanghai,Projected_Area,151.6918,-2.04306221,"a,c"
Shanghai,Projected_Area,222.0592,-1.471231461,"a,c"
Wuhan,Projected_Area,750.5682,0.304816097,"a,c"
Shanghai,Projected_Area,144.0367,-1.772353649,"a,c"
Shanghai,Projected_Area,136.7871,-1.78316617,"a,c"
Wuhan,Projected_Area,345.5323,-0.0123186484,"a,c"
Guangzhou,Projected_Area,115.5028,-1.474720716,"a,c"
Beijing,Projected_Area,321.6371,0.124793075,"a,c"
Shanghai,Projected_Area,203.3274,-1.061902642,"a,c"
Shanghai,Projected_Area,337.5116,0.05266662687,"a,c"
Shanghai,Projected_Area,356.1242,-0.09587214142,"a,c"
Shanghai,Projected_Area,117.9433,-1.643772364,"a,c"
Shanghai,Projected_Area,123.3731,-1.831988215,"a,c"
Shanghai,Projected_Area,747.0411,0.7816166282,"a,c"
Shanghai,Projected_Area,630.6394,0.6852955222,"a,c"
Shanghai,Projected_Area,280.0844,-0.1870204061,"a,c"
Beijing,Projected_Area,346.3166,0.05770271644,"a,c"
Shanghai,Projected_Area,604.4731,0.3510608971,"a,c"
Shanghai,Projected_Area,140.2441,-1.710394382,"a,c"
Shanghai,Projected_Area,124.7674,-1.588276505,"a,c"
Wuhan,Projected_Area,118.9505,-1.755951166,"a,c"
Shanghai,Projected_Area,332.526,-0.1828611791,"a,c"
Shanghai,Projected_Area,191.1396,-1.490844607,"a,c"
Guangzhou,Projected_Area,156.9359,-1.56250298,"a,c"
Shanghai,Projected_Area,309.1282,0.07157368958,"a,c"
Shanghai,Projected_Area,334.7583,0.01531884354,"a,c"
Shanghai,Projected_Area,551.2698,-0.04298867285,"a,c"
Shanghai,Projected_Area,675.3381,0.479896158,"a,c"
Shanghai,Projected_Area,235.1097,-1.481879354,"a,c"
Wuhan,Projected_Area,581.2165,-0.4416311383,"a,c"
Shanghai,Projected_Area,487.122,0.1086868197,"a,c"
Beijing,Projected_Area,804.1736,1.27267468,"a,c"
Shanghai,Projected_Area,532.0511,0.1772662699,"a,c"
Guangzhou,Projected_Area,421.4368,0.1130137667,"a,c"
Guangzhou,Projected_Area,121.2576,-1.412078261,"a,c"
Shanghai,Projected_Area,226.056,-1.459291816,"a,c"
Shanghai,Projected_Area,460.071,0.1348065287,"a,c"
Shanghai,Projected_Area,187.7486,-1.816203237,"a,c"
Shanghai,Projected_Area,634.0156,0.4916175008,"a,c"
Shanghai,Projected_Area,426.0245,0.6911013722,"a,c"
Shanghai,Projected_Area,142.0094,-2.015024662,"a,c"
Beijing,Projected_Area,1192.6875,0.5973724723,"a,c"
Shanghai,Projected_Area,744.4919,0.5600242615,"a,c"
Wuhan,Projected_Area,118.8697,0.1345269084,"a,c"
Shanghai,Projected_Area,564.4439,-0.1422171742,"a,c"
Guangzhou,Projected_Area,199.1467,-0.7615875602,"a,c"
Guangzhou,Projected_Area,307.9855,0.1730413735,"a,c"
Guangzhou,Projected_Area,470.7147,0.1599814743,"a,c"
Shanghai,Projected_Area,585.7171,0.06395902485,"a,c"
Shanghai,Projected_Area,813.1866,0.463391155,"a,c"
Shanghai,Projected_Area,935.233,0.3488098383,"a,c"
Beijing,Projected_Area,157.0953,-2.087745905,"a,c"
Shanghai,Projected_Area,545.9919,0.1371551007,"a,c"
Shanghai,Projected_Area,381.3181,-0.01349438541,"a,c"
Wuhan,Projected_Area,187.6312,-1.412592173,"a,c"
Shanghai,Projected_Area,664.4056,0.5525573492,"a,c"
Wuhan,Projected_Area,225.4258,-1.524980187,"a,c"
Beijing,Projected_Area,217.3913,-1.102751613,"a,c"
Shanghai,Projected_Area,213.3145,-1.330989361,"a,c"
Beijing,Projected_Area,738.3001,0.4207233191,"a,c"
Shanghai,Projected_Area,554.5326,-0.03634184226,"a,c"
Beijing,Projected_Area,415.7347,0.09810970724,"a,c"
Shanghai,Projected_Area,487.0599,0.2923938334,"a,c"
Shanghai,Projected_Area,639.1399,0.6815568805,"a,c"
Beijing,Projected_Area,134.007,-2.258064747,"a,c"
Guangzhou,Projected_Area,273.3031,-0.270103097,"a,c"
Wuhan,Projected_Area,112.8004,-0.6715061069,"a,c"
Shanghai,Projected_Area,441.5172,0.4005509317,"a,c"
Wuhan,Projected_Area,786.7712,0.5804219842,"a,c"
Shanghai,Projected_Area,305.0385,-0.2972081602,"a,c"
Shanghai,Projected_Area,301.5006,-0.1896838695,"a,c"
Guangzhou,Projected_Area,412.5322,-0.1912792325,"a,c"
Shanghai,Projected_Area,372.6047,-0.04686993361,"a,c"
Guangzhou,Projected_Area,1415.0477,0.772172153,"a,c"
Shanghai,Projected_Area,137.8387,-1.761020064,"a,c"
Guangzhou,Projected_Area,282.3703,-0.2495705038,"a,c"
Shanghai,Projected_Area,319.4774,0.2730587125,"a,c"
Wuhan,Projected_Area,379.8776,0.005439529195,"a,c"
Beijing,Projected_Area,183.8288,-2.210962057,"a,c"
Guangzhou,Projected_Area,122.3625,-1.000783682,"a,c"
Guangzhou,Projected_Area,454.1583,0.251902312,"a,c"
Beijing,Projected_Area,533.211,-0.09067256749,"a,c"
Shanghai,Projected_Area,210.7877,-1.60359478,"a,c"
Guangzhou,Projected_Area,103.3712,-1.460551858,"a,c"
Shanghai,Projected_Area,365.7644,-0.07522074878,"a,c"
Beijing,Projected_Area,337.068,-0.01283529028,"a,c"
Shanghai,Projected_Area,531.9959,0.02523382194,"a,c"
Guangzhou,Projected_Area,627.6543,0.196844548,"a,c"
Wuhan,Projected_Area,615.8513,0.5391876698,"a,c"
Shanghai,Projected_Area,245.0384,-1.363974452,"a,c"
Shanghai,Projected_Area,384.8724,0.1766552627,"a,c"
Wuhan,Projected_Area,358.9726,0.008152915165,"a,c"
Shanghai,Projected_Area,127.3504,-1.839127779,"a,c"
Shanghai,Projected_Area,281.0103,-0.2901236117,"a,c"
Shanghai,Projected_Area,367.9782,-0.0005563738523,"a,c"
Shanghai,Projected_Area,240.349,-1.368011475,"a,c"
Wuhan,Projected_Area,248.3353,-0.6819345355,"a,c"
Shanghai,Projected_Area,377.8799,0.1070014834,"a,c"
Shanghai,Projected_Area,585.8988,0.08722469956,"a,c"
Wuhan,Projected_Area,666.7363,0.5014327168,"a,c"
Shanghai,Projected_Area,401.615,-0.07837283611,"a,c"
Shanghai,Projected_Area,396.19,0.06273711473,"a,c"
Beijing,Projected_Area,327.5065,-0.01192676369,"a,c"
Shanghai,Projected_Area,209.1154,-1.028680801,"a,c"
Guangzhou,Projected_Area,594.524,0.2833599746,"a,c"
Shanghai,Projected_Area,516.3236,0.2439935207,"a,c"
Shanghai,Projected_Area,208.0413,-1.748827696,"a,c"
Shanghai,Projected_Area,360.1769,-0.07512208819,"a,c"
Beijing,Projected_Area,265.2619,-0.2998056114,"a,c"
Beijing,Projected_Area,564.9739,-0.2003560364,"a,c"
Wuhan,Projected_Area,115.7013,-1.401753306,"a,c"
Wuhan,Projected_Area,693.8884,0.686368525,"a,c"
Shanghai,Projected_Area,188.0844,-1.812701464,"a,c"
Shanghai,Projected_Area,607.1918,0.4024507105,"a,c"
Shanghai,Projected_Area,301.6122,-0.2542706132,"a,c"
Wuhan,Projected_Area,664.5592,0.4675803185,"a,c"
Shanghai,Projected_Area,131.5657,-1.560842514,"a,c"
Beijing,Projected_Area,121.0325,-1.764621615,"a,c"
Wuhan,Projected_Area,535.5362,0.06688194722,"a,c"
Shanghai,Projected_Area,149.2622,-1.919106603,"a,c"
Beijing,Projected_Area,631.1346,0.404568851,"a,c"
Shanghai,Projected_Area,222.0484,-1.562913537,"a,c"
Shanghai,Projected_Area,192.3365,-1.560216188,"a,c"
Shanghai,Projected_Area,165.9128,-2.151868105,"a,c"
Guangzhou,Projected_Area,101.7395,-1.449905634,"a,c"
Shanghai,Projected_Area,393.2242,0.05393248424,"a,c"
Shanghai,Projected_Area,217.1263,-1.758218884,"a,c"
Shanghai,Projected_Area,488.8371,0.1902719438,"a,c"
Shanghai,Projected_Area,400.1862,0.06897038221,"a,c"
Shanghai,Projected_Area,677.5083,0.205130294,"a,c"
Shanghai,Projected_Area,534.09,-0.03228973597,"a,c"
Shanghai,Projected_Area,394.1908,0.1619882584,"a,c"
Wuhan,Projected_Area,169.7089,-1.56441927,"a,c"
Wuhan,Projected_Area,300.3162,-0.3817314208,"a,c"
Shanghai,Projected_Area,570.2002,-0.06996676326,"a,c"
Wuhan,Projected_Area,456.4623,-0.00615094509,"a,c"
Shanghai,Projected_Area,408.5062,-0.07016418874,"a,c"
Beijing,Projected_Area,1043.0752,0.5686995387,"a,c"
Shanghai,Projected_Area,145.3084,-2.04273653,"a,c"
Shanghai,Projected_Area,182.8113,-2.174994469,"a,c"
Shanghai,Projected_Area,629.5786,0.3555769622,"a,c"
Wuhan,Projected_Area,224.6746,-1.569116592,"a,c"
Shanghai,Projected_Area,90.8725,-1.394341588,"a,c"
Shanghai,Projected_Area,723.2946,0.4169375598,"a,c"
Shanghai,Projected_Area,501.6773,0.2088318318,"a,c"
Shanghai,Projected_Area,182.7323,-1.997806311,"a,c"
Guangzhou,Projected_Area,415.2286,-0.05472106487,"a,c"
Beijing,Projected_Area,762.377,0.3584445715,"a,c"
Shanghai,Projected_Area,227.2158,-1.218275428,"a,c"
Shanghai,Projected_Area,322.1847,0.02245666087,"a,c"
Shanghai,Projected_Area,436.1257,0.2743571699,"a,c"
Shanghai,Projected_Area,423.4889,0.1733680964,"a,c"
Wuhan,Projected_Area,292.6611,-0.3739714622,"a,c"
Guangzhou,Projected_Area,98.7308,-1.426033378,"a,c"
Shanghai,Projected_Area,816.9399,0.5642246008,"a,c"
Shanghai,Projected_Area,545.9993,0.2510258555,"a,c"
Wuhan,Projected_Area,638.6205,0.5002518296,"a,c"
Beijing,Projected_Area,118.7499,-1.84174931,"a,c"
Shanghai,Projected_Area,380.2509,0.03268147632,"a,c"
Wuhan,Projected_Area,383.6704,0.04902368039,"a,c"
Beijing,Projected_Area,417.5593,-0.06636069715,"a,c"
Shanghai,Projected_Area,439.8478,0.2640360296,"a,c"
Wuhan,Projected_Area,718.5281,0.3379724324,"a,c"
Shanghai,Projected_Area,528.1468,0.1022777334,"a,c"
Beijing,Projected_Area,962.9195,0.372897625,"a,c"
Wuhan,Projected_Area,390.6503,0.1063068733,"a,c"
Wuhan,Projected_Area,474.6321,0.2190469056,"a,c"
Shanghai,Projected_Area,96.4382,-1.641170144,"a,c"
Shanghai,Projected_Area,890.1166,0.2159153223,"a,c"
Shanghai,Projected_Area,473.236,0.1486915797,"a,c"
Wuhan,Projected_Area,506.5436,0.17009826,"a,c"
Beijing,Projected_Area,618.0145,0.3377939761,"a,c"
Shanghai,Projected_Area,386.1128,0.07677642256,"a,c"
Shanghai,Projected_Area,492.3334,0.2856324315,"a,c"
Shanghai,Projected_Area,654.452,0.4560365081,"a,c"
Wuhan,Projected_Area,701.512,0.6355507374,"a,c"
Guangzhou,Projected_Area,138.8683,-1.292432427,"a,c"
Beijing,Projected_Area,438.3431,0.3373061419,"a,c"
Shanghai,Projected_Area,424.9882,0.4332368672,"a,c"
Shanghai,Projected_Area,759.6938,0.5440604687,"a,c"
Shanghai,Projected_Area,605.5471,0.600630343,"a,c"
Shanghai,Projected_Area,171.3435,-2.222523928,"a,c"
Wuhan,Projected_Area,389.1792,0.2190725207,"a,c"
Shanghai,Projected_Area,386.3728,0.09534981847,"a,c"
Guangzhou,Projected_Area,361.3454,-0.01371638011,"a,c"
Wuhan,Projected_Area,624.8285,0.337333709,"a,c"
Wuhan,Projected_Area,268.0811,-0.2676920891,"a,c"
Shanghai,Projected_Area,705.1648,0.2385884523,"a,c"
Shanghai,Projected_Area,515.8916,0.05093421414,"a,c"
Guangzhou,Projected_Area,239.3219,-1.12138176,"a,c"
Shanghai,Projected_Area,402.1859,0.1467020363,"a,c"
Shanghai,Projected_Area,940.7038,0.3205943704,"a,c"
Shanghai,Projected_Area,233.8831,-1.350421548,"a,c"
Shanghai,Projected_Area,455.9868,0.339169234,"a,c"
Shanghai,Projected_Area,653.1854,0.5899173021,"a,c"
Shanghai,Projected_Area,278.8077,-0.3327519,"a,c"
Shanghai,Projected_Area,858.9412,0.6331230402,"a,c"
Shanghai,Projected_Area,407.2956,0.1632225066,"a,c"
Shanghai,Projected_Area,619.2435,0.4700435102,"a,c"
Shanghai,Projected_Area,355.8784,-0.142995283,"a,c"
Wuhan,Projected_Area,646.3133,0.3732498586,"a,c"
Wuhan,Projected_Area,306.5425,-0.1870767474,"a,c"
Shanghai,Projected_Area,416.0457,-0.032890331,"a,c"
Shanghai,Projected_Area,623.9345,0.4992760718,"a,c"
Beijing,Projected_Area,455.1803,0.4036312699,"a,c"
Wuhan,Projected_Area,869.2227,0.4731425047,"a,c"
Wuhan,Projected_Area,691.8125,0.5184326172,"a,c"
Shanghai,Projected_Area,568.6816,-0.03629394621,"a,c"
Guangzhou,Projected_Area,176.6554,-1.442352176,"a,c"
Shanghai,Projected_Area,141.0203,-1.777014136,"a,c"
Shanghai,Projected_Area,223.8714,-1.293609381,"a,c"
Guangzhou,Projected_Area,158.8162,-1.399908304,"a,c"
Beijing,Projected_Area,307.239,-0.3731628954,"a,c"
Guangzhou,Projected_Area,646.1532,0.2218026668,"a,c"
Shanghai,Projected_Area,574.3501,0.0201929342,"a,c"
Shanghai,Projected_Area,649.0637,0.5692079663,"a,c"
Guangzhou,Projected_Area,671.3717,0.4520536661,"a,c"
Shanghai,Projected_Area,164.5848,-2.038933277,"a,c"
Shanghai,Projected_Area,215.1517,-1.7446872,"a,c"
Wuhan,Projected_Area,580.715,-0.06225210428,"a,c"
Shanghai,Projected_Area,547.0492,0.1082551479,"a,c"
Shanghai,Projected_Area,422.0163,0.1367915571,"a,c"
Shanghai,Projected_Area,565.0456,-0.014068936,"a,c"
Shanghai,Projected_Area,740.2195,0.6137686372,"a,c"
Shanghai,Projected_Area,397.2568,0.2149268687,"a,c"
Wuhan,Projected_Area,481.6543,0.08921970427,"a,c"
Shanghai,Projected_Area,179.7999,-1.665916443,"a,c"
Shanghai,Projected_Area,483.9821,0.07814636081,"a,c"
Shanghai,Projected_Area,250.7678,-0.6426730156,"a,c"
Beijing,Projected_Area,404.2255,-0.07389635593,"a,c"
Wuhan,Projected_Area,364.5731,-0.05832250789,"a,c"
Shanghai,Projected_Area,648.3586,0.2144680172,"a,c"
Guangzhou,Projected_Area,290.5586,-0.3709188104,"a,c"
Shanghai,Projected_Area,902.5392,0.1839159727,"a,c"
Shanghai,Projected_Area,549.0243,-0.0733795464,"a,c"
Wuhan,Projected_Area,164.9995,-2.093919992,"a,c"
Beijing,Projected_Area,336.2263,-0.1406094581,"a,c"
Shanghai,Projected_Area,206.2208,-1.46091485,"a,c"
Wuhan,Projected_Area,777.8529,0.4489747584,"a,c"
Shanghai,Projected_Area,488.1198,0.323982954,"a,c"
Shanghai,Projected_Area,172.6638,-1.984135747,"a,c"
Shanghai,Projected_Area,141.9677,-1.782752395,"a,c"
Shanghai,Projected_Area,469.0876,0.4219018221,"a,c"
Beijing,Projected_Area,436.7956,0.1814407706,"a,c"
Shanghai,Projected_Area,290.3893,-0.1840767115,"a,c"
Shanghai,Projected_Area,456.1908,0.3114238381,"a,c"
Beijing,Projected_Area,861.1328,0.3547562063,"a,c"
Shanghai,Projected_Area,664.916,0.542999208,"a,c"
Shanghai,Projected_Area,574.1209,-0.04975654185,"a,c"
Shanghai,Projected_Area,557.3406,-0.07768952847,"a,c"
Shanghai,Projected_Area,687.3373,0.7023257613,"a,c"
Shanghai,Projected_Area,191.5139,-1.913064957,"a,c"
Shanghai,Projected_Area,244.9959,-1.268615842,"a,c"
Shanghai,Projected_Area,1294.0255,0.906365633,"a,c"
Shanghai,Projected_Area,339.1915,-0.033561185,"a,c"
Shanghai,Projected_Area,130.6733,-1.836735845,"a,c"
Guangzhou,Projected_Area,102.288,-1.465872884,"a,c"
Wuhan,Projected_Area,373.4077,-0.127506882,"a,c"
Shanghai,Projected_Area,530.3473,0.03484097868,"a,c"
Wuhan,Projected_Area,546.4104,0.07975463569,"a,c"
Wuhan,Projected_Area,409.4659,0.08518128842,"a,c"
Beijing,Projected_Area,585.6079,0.05548865721,"a,c"
Shanghai,Projected_Area,530.5699,0.1564115286,"a,c"
Wuhan,Projected_Area,507.8112,0.359475404,"a,c"
Shanghai,Projected_Area,134.1167,-1.976669192,"a,c"
Shanghai,Projected_Area,476.7675,0.4693280458,"a,c"
Shanghai,Projected_Area,414.2172,0.007419317029,"a,c"
Guangzhou,Projected_Area,607.4251,0.4130802751,"a,c"
Wuhan,Projected_Area,1416.7726,0.9365617037,"a,c"
Guangzhou,Projected_Area,232.2948,-1.173163652,"a,c"
Beijing,Projected_Area,193.3783,-1.804896593,"a,c"
Shanghai,Projected_Area,532.8974,0.05730848759,"a,c"
Beijing,Projected_Area,413.072,0.02656795271,"a,c"
Shanghai,Projected_Area,435.6941,0.1011325642,"a,c"
Shanghai,Projected_Area,465.0617,0.4039846361,"a,c"
Guangzhou,Projected_Area,852.1815,0.55084759,"a,c"
Beijing,Projected_Area,424.5366,0.1702868938,"a,c"
Shanghai,Projected_Area,429.5329,0.7837897539,"a,c"
Shanghai,Projected_Area,118.6533,-1.459900975,"a,c"
Guangzhou,Projected_Area,688.5887,0.631413877,"a,c"
Wuhan,Projected_Area,446.2653,0.3888395727,"a,c"
Shanghai,Projected_Area,309.0897,-0.0219639577,"a,c"
Wuhan,Projected_Area,486.6518,0.2989244461,"a,c"
Shanghai,Projected_Area,493.331,0.2492889017,"a,c"
Wuhan,Projected_Area,153.7541,-1.951677084,"a,c"
Shanghai,Projected_Area,114.8021,-1.786467314,"a,c"
Shanghai,Projected_Area,453.4719,0.1965723336,"a,c"
Shanghai,Projected_Area,579.9646,-0.08728732914,"a,c"
Shanghai,Projected_Area,334.5271,0.132889688,"a,c"
Wuhan,Projected_Area,116.1215,-1.572508574,"a,c"
Shanghai,Projected_Area,147.801,-1.642978072,"a,c"
Shanghai,Projected_Area,764.1908,0.4877750278,"a,c"
Shanghai,Projected_Area,283.9085,-0.2207779735,"a,c"
Shanghai,Projected_Area,571.1075,-0.1087211147,"a,c"
Shanghai,Projected_Area,532.5554,0.1999830306,"a,c"
Shanghai,Projected_Area,290.0575,-0.2784981132,"a,c"
Wuhan,Projected_Area,582.3451,-0.1022214293,"a,c"
Shanghai,Projected_Area,591.1397,0.3807055652,"a,c"
Shanghai,Projected_Area,535.2741,0.1597326547,"a,c"
Shanghai,Projected_Area,417.3881,0.0413890779,"a,c"
Wuhan,Projected_Area,1050.8638,0.5182852745,"a,c"
Shanghai,Projected_Area,328.6764,0.05616538599,"a,c"
Shanghai,Projected_Area,515.4267,0.02422093786,"a,c"
Shanghai,Projected_Area,339.6329,-0.02577674203,"a,c"
Beijing,Projected_Area,366.8529,-0.2012577355,"a,c"
Shanghai,Projected_Area,403.3199,0.06965471059,"a,c"
Beijing,Projected_Area,242.1225,-1.199433327,"a,c"
Beijing,Projected_Area,133.9328,-1.272069454,"a,c"
Shanghai,Projected_Area,671.6655,0.4646368921,"a,c"
Guangzhou,Projected_Area,830.7979,0.6616108418,"a,c"
Beijing,Projected_Area,173.9725,-1.515936255,"a,c"
Shanghai,Projected_Area,469.54,0.1652299017,"a,c"
Shanghai,Projected_Area,273.0996,-0.2939842641,"a,c"
Shanghai,Projected_Area,451.614,0.2140142322,"a,c"
Shanghai,Projected_Area,750.4722,0.5485689044,"a,c"
Beijing,Projected_Area,720.8377,0.2733666599,"a,c"
Shanghai,Projected_Area,484.714,0.2923361063,"a,c"
Beijing,Projected_Area,262.3406,-0.3435105979,"a,c"
Beijing,Projected_Area,1075.919,0.8511561155,"a,c"
Shanghai,Projected_Area,452.1788,0.3152907491,"a,c"
Shanghai,Projected_Area,131.743,-1.560842514,"a,c"
Shanghai,Projected_Area,454.9786,0.15546529,"a,c"
Beijing,Projected_Area,139.3295,-2.160016775,"a,c"
Wuhan,Projected_Area,651.4389,0.6720587611,"a,c"
Shanghai,Projected_Area,573.923,0.003005865496,"a,c"
Shanghai,Projected_Area,116.5798,-1.824619174,"a,c"
Beijing,Projected_Area,1258.8781,0.8153538108,"a,c"
Shanghai,Projected_Area,132.4679,-1.672060013,"a,c"
Guangzhou,Projected_Area,494.4991,0.2756776214,"a,c"
Shanghai,Projected_Area,398.1161,0.07068634033,"a,c"
Shanghai,Projected_Area,332.3187,0.4091903269,"a,c"
Shanghai,Projected_Area,573.3922,0.06311811507,"a,c"
Shanghai,Projected_Area,509.5042,0.1292295307,"a,c"
Shanghai,Projected_Area,751.5031,0.6314148903,"a,c"
Beijing,Projected_Area,233.1307,-1.352103829,"a,c"
Shanghai,Projected_Area,213.5379,-1.518124104,"a,c"
Wuhan,Projected_Area,448.6999,0.3410164118,"a,c"
Shanghai,Projected_Area,286.0428,-0.1681928337,"a,c"
Shanghai,Projected_Area,146.9614,-1.905467987,"a,c"
Beijing,Projected_Area,434.3377,0.1864746064,"a,c"
Wuhan,Projected_Area,976.0213,0.4623233378,"a,c"
Wuhan,Projected_Area,403.514,-0.08056391776,"a,c"
Shanghai,Projected_Area,236.6436,-1.38331151,"a,c"
Wuhan,Projected_Area,538.6327,0.02539954334,"a,c"
Wuhan,Projected_Area,385.1289,-0.03602934629,"a,c"
Wuhan,Projected_Area,127.5585,-1.553166032,"a,c"
Shanghai,Projected_Area,247.4639,-0.4290167093,"a,c"
Beijing,Projected_Area,732.2096,0.5631905198,"a,c"
Wuhan,Projected_Area,703.1417,0.1882123351,"a,c"
Shanghai,Projected_Area,531.9359,0.1531986594,"a,c"
Shanghai,Projected_Area,332.7323,0.1385525763,"a,c"
Shanghai,Projected_Area,467.8804,0.358348757,"a,c"
Shanghai,Projected_Area,432.2927,0.4395748973,"a,c"
Wuhan,Projected_Area,224.0999,-1.290542841,"a,c"
Beijing,Projected_Area,473.6114,0.2239195406,"a,c"
Shanghai,Projected_Area,628.8539,0.50098598,"a,c"
Guangzhou,Projected_Area,142.1102,-1.631760478,"a,c"
Shanghai,Projected_Area,824.9714,0.6065189838,"a,c"
Shanghai,Projected_Area,640.6617,0.4699014723,"a,c"
Wuhan,Projected_Area,743.9998,0.5634053349,"a,c"
Shanghai,Projected_Area,225.5203,-1.224248886,"a,c"
Shanghai,Projected_Area,506.1182,0.1356223077,"a,c"
Shanghai,Projected_Area,483.2639,0.2371350229,"a,c"
Wuhan,Projected_Area,232.1712,-1.476868272,"a,c"
Shanghai,Projected_Area,358.016,-0.1262466311,"a,c"
Shanghai,Projected_Area,241.421,-1.424155593,"a,c"
Guangzhou,Projected_Area,214.946,-1.386494875,"a,c"
Guangzhou,Projected_Area,270.9614,-0.3202377856,"a,c"
Shanghai,Projected_Area,584.4936,0.2240860164,"a,c"
Shanghai,Projected_Area,176.6008,-2.102066755,"a,c"
Guangzhou,Projected_Area,872.6724,0.5846336484,"a,c"
Shanghai,Projected_Area,247.4344,-0.9960904121,"a,c"
Shanghai,Projected_Area,214.8704,-1.606608987,"a,c"
Wuhan,Projected_Area,970.7701,0.6898199916,"a,c"
Shanghai,Projected_Area,97.7491,-1.34160924,"a,c"
Shanghai,Projected_Area,701.8994,0.4499109685,"a,c"
Beijing,Projected_Area,111.2426,-1.136672854,"a,c"
Shanghai,Projected_Area,416.0729,0.167708993,"a,c"
Guangzhou,Projected_Area,121.7036,-1.129300475,"a,c"
Shanghai,Projected_Area,458.8527,0.3218466938,"a,c"
Shanghai,Projected_Area,137.8334,-1.356426597,"a,c"
Shanghai,Projected_Area,587.8213,0.2999236286,"a,c"
Wuhan,Projected_Area,391.0178,0.08914818615,"a,c"
Wuhan,Projected_Area,720.3385,0.4785904884,"a,c"
Guangzhou,Projected_Area,613.3958,0.1908569187,"a,c"
Shanghai,Projected_Area,191.404,-2.03666091,"a,c"
Shanghai,Projected_Area,228.2607,-1.352143645,"a,c"
Shanghai,Projected_Area,421.8885,0.1668495983,"a,c"
Wuhan,Projected_Area,386.8378,0.05406107381,"a,c"
Shanghai,Projected_Area,196.0961,-1.905734301,"a,c"
Shanghai,Projected_Area,180.0036,-1.62266922,"a,c"
Beijing,Projected_Area,266.6151,-0.2260055244,"a,c"
Shanghai,Projected_Area,645.1838,0.5295440555,"a,c"
Shanghai,Projected_Area,100.3126,-1.515996933,"a,c"
Shanghai,Projected_Area,303.4165,-0.3283755481,"a,c"
Wuhan,Projected_Area,739.7973,0.6535010338,"a,c"
Shanghai,Projected_Area,555.328,0.02596724406,"a,c"
Shanghai,Projected_Area,557.4509,0.0314203985,"a,c"
Shanghai,Projected_Area,340.7572,0.00426316075,"a,c"
Wuhan,Projected_Area,351.4354,-0.1870981604,"a,c"
Guangzhou,Projected_Area,638.4439,0.3293560743,"a,c"
Shanghai,Projected_Area,296.3848,-0.2587648332,"a,c"
Wuhan,Projected_Area,777.7339,0.6737037301,"a,c"
Shanghai,Projected_Area,157.4474,-2.286610842,"a,c"
Shanghai,Projected_Area,510.3487,0.1029338017,"a,c"
Shanghai,Projected_Area,218.684,-1.330836058,"a,c"
Beijing,Projected_Area,794.5972,0.8168288469,"a,c"
Wuhan,Projected_Area,323.6013,-0.03554718941,"a,c"
Beijing,Projected_Area,426.4197,0.5010445118,"a,c"
Guangzhou,Projected_Area,1310.2323,0.4701549709,"a,c"
Shanghai,Projected_Area,215.5911,-1.202899814,"a,c"
Wuhan,Projected_Area,228.019,-1.262425303,"a,c"
Shanghai,Projected_Area,180.2851,-2.082580566,"a,c"
Shanghai,Projected_Area,96.8143,-1.743363619,"a,c"
Shanghai,Projected_Area,351.3252,-0.05014276132,"a,c"
Shanghai,Projected_Area,1239.3888,0.7689783573,"a,c"
Shanghai,Projected_Area,371.3123,-0.1064677164,"a,c"
Wuhan,Projected_Area,160.4575,-1.465331674,"a,c"
Guangzhou,Projected_Area,443.7668,0.1298468858,"a,c"
Shanghai,Projected_Area,547.6782,0.0772511214,"a,c"
Shanghai,Projected_Area,484.296,0.2377473265,"a,c"
Shanghai,Projected_Area,351.0596,-0.002510313876,"a,c"
Shanghai,Projected_Area,736.0942,0.5516138077,"a,c"
Guangzhou,Projected_Area,1274.8864,1.047612429,"a,c"
Beijing,Projected_Area,193.3127,-2.164701223,"a,c"
Shanghai,Projected_Area,350.4584,-0.009588811547,"a,c"
Shanghai,Projected_Area,393.6027,0.2099869996,"a,c"
Wuhan,Projected_Area,91.339,-1.330480218,"a,c"
Shanghai,Projected_Area,314.4791,-0.01099327765,"a,c"
Shanghai,Projected_Area,407.4747,0.1624495238,"a,c"
Shanghai,Projected_Area,572.989,-0.07513186336,"a,c"
Shanghai,Projected_Area,440.7875,0.1844689697,"a,c"
Shanghai,Projected_Area,209.3484,-1.452923656,"a,c"
Wuhan,Projected_Area,1293.3385,0.7920360565,"a,c"
Beijing,Projected_Area,298.4842,-0.01026005019,"a,c"
Wuhan,Projected_Area,147.4569,-1.883089066,"a,c"
Shanghai,Projected_Area,610.0682,0.5557522774,"a,c"
Shanghai,Projected_Area,453.813,0.3703740537,"a,c"
Shanghai,Projected_Area,85.5611,-1.752848983,"a,c"
Shanghai,Projected_Area,598.2373,0.001106441836,"a,c"
Shanghai,Projected_Area,480.4923,0.2665601969,"a,c"
Guangzhou,Projected_Area,143.757,-1.587975144,"a,c"
Shanghai,Projected_Area,496.4087,0.002358543919,"a,c"
Shanghai,Projected_Area,660.2631,0.6179414392,"a,c"
Beijing,Projected_Area,225.3168,-1.295544386,"a,c"
Shanghai,Projected_Area,459.9244,0.09638394415,"a,c"
Guangzhou,Projected_Area,373.9445,-0.1570383161,"a,c"
Shanghai,Projected_Area,531.7534,0.004298728891,"a,c"
Shanghai,Projected_Area,498.2832,0.1728451103,"a,c"
Beijing,Projected_Area,1174.9968,0.7482847571,"a,c"
Beijing,Projected_Area,921.1038,0.3173799813,"a,c"
Wuhan,Projected_Area,230.1343,-0.785133481,"a,c"
Wuhan,Projected_Area,177.624,-1.703632355,"a,c"
Shanghai,Projected_Area,223.9242,-1.413704991,"a,c"
Shanghai,Projected_Area,332.1631,0.2146064192,"a,c"
Guangzhou,Projected_Area,288.7933,-0.2144482732,"a,c"
Shanghai,Projected_Area,365.5616,-0.01085757837,"a,c"
Wuhan,Projected_Area,456.444,0.2804977596,"a,c"
Shanghai,Projected_Area,622.9779,0.4301508367,"a,c"
Beijing,Projected_Area,890.0844,0.1300188601,"a,c"
Wuhan,Projected_Area,627.9478,0.2864839733,"a,c"
Shanghai,Projected_Area,165.5122,-2.01796937,"a,c"
Beijing,Projected_Area,532.7602,0.07593086362,"a,c"
Shanghai,Projected_Area,502.4222,0.2638369501,"a,c"
Shanghai,Projected_Area,144.5368,-1.562681079,"a,c"
Guangzhou,Projected_Area,529.5435,-0.03512000665,"a,c"
Shanghai,Projected_Area,451.119,0.2650474608,"a,c"
Shanghai,Projected_Area,560.0941,0.06006442383,"a,c"
Wuhan,Projected_Area,782.0217,0.4993330836,"a,c"
Shanghai,Projected_Area,624.5009,0.328099817,"a,c"
Shanghai,Projected_Area,268.8402,-0.2816785276,"a,c"
Shanghai,Projected_Area,649.4159,0.5143248439,"a,c"
Wuhan,Projected_Area,158.1339,-1.657782078,"a,c"
Wuhan,Projected_Area,672.7189,0.2176193148,"a,c"
Beijing,Projected_Area,129.4917,-1.873265743,"a,c"
Shanghai,Projected_Area,403.4381,0.08212091774,"a,c"
Shanghai,Projected_Area,153.7392,-2.230848551,"a,c"
Guangzhou,Projected_Area,674.8134,0.2455556989,"a,c"
Shanghai,Projected_Area,392.6527,0.03262455389,"a,c"
Beijing,Projected_Area,271.4081,0.02086126246,"a,c"
Wuhan,Projected_Area,280.5639,-0.3654675484,"a,c"
Guangzhou,Projected_Area,952.929,0.2557713687,"a,c"
Shanghai,Projected_Area,187.8864,-1.91803968,"a,c"
Shanghai,Projected_Area,431.9749,0.6842920184,"a,c"
Shanghai,Projected_Area,697.0309,0.5684241056,"a,c"
Wuhan,Projected_Area,488.205,0.1724922657,"a,c"
Guangzhou,Projected_Area,225.4969,-1.443289161,"a,c"
Wuhan,Projected_Area,579.8116,-0.07806722075,"a,c"
Guangzhou,Projected_Area,283.916,-0.2863593698,"a,c"
Shanghai,Projected_Area,339.6122,-0.04877069965,"a,c"
Guangzhou,Projected_Area,772.9856,0.5294895172,"a,c"
Shanghai,Projected_Area,591.082,0.2129726261,"a,c"
Shanghai,Projected_Area,708.5427,0.441716522,"a,c"
Wuhan,Projected_Area,349.4807,-0.1089615747,"a,c"
Guangzhou,Projected_Area,127.554,-1.386440635,"a,c"
Shanghai,Projected_Area,452.8467,0.2442511469,"a,c"
Shanghai,Projected_Area,969.9282,0.5216652751,"a,c"
Shanghai,Projected_Area,392.6101,0.1215068996,"a,c"
Shanghai,Projected_Area,142.9095,-1.673788786,"a,c"
Wuhan,Projected_Area,408.6697,-0.0005731574493,"a,c"
Shanghai,Projected_Area,267.1059,-0.2102457583,"a,c"
Shanghai,Projected_Area,304.5988,-0.2849393487,"a,c"
Guangzhou,Projected_Area,329.5874,0.1191380695,"a,c"
Wuhan,Projected_Area,212.6921,-1.083661795,"a,c"
Wuhan,Projected_Area,843.0249,0.676966846,"a,c"
Shanghai,Projected_Area,682.3214,0.6250262856,"a,c"
Shanghai,Projected_Area,108.9129,-1.580200553,"a,c"
Shanghai,Projected_Area,208.985,-1.601140261,"a,c"
Shanghai,Projected_Area,562.9864,0.08335541934,"a,c"
Shanghai,Projected_Area,192.4883,-1.643325448,"a,c"
Shanghai,Projected_Area,362.0741,-0.07476864755,"a,c"
Shanghai,Projected_Area,1029.0205,0.5076830387,"a,c"
Shanghai,Projected_Area,447.1304,0.3521124423,"a,c"
Shanghai,Projected_Area,231.8036,-1.406712055,"a,c"
Shanghai,Projected_Area,508.8287,0.1314965636,"a,c"
Shanghai,Projected_Area,451.8541,0.117975302,"a,c"
Shanghai,Projected_Area,186.6311,-2.222403526,"a,c"
Shanghai,Projected_Area,351.1963,0.08007755876,"a,c"
Guangzhou,Projected_Area,188.2208,-1.681850433,"a,c"
Shanghai,Projected_Area,528.4201,0.1981945336,"a,c"
Shanghai,Projected_Area,1192.4868,0.5096458793,"a,c"
Wuhan,Projected_Area,830.0808,0.5720948577,"a,c"
Shanghai,Projected_Area,323.8038,0.05728856474,"a,c"
Shanghai,Projected_Area,495.5942,0.1723236889,"a,c"
Shanghai,Projected_Area,232.3106,-1.548599958,"a,c"
Wuhan,Projected_Area,517.5422,0.01059593353,"a,c"
Shanghai,Projected_Area,325.2404,-0.110961616,"a,c"
Shanghai,Projected_Area,126.3308,-1.59269464,"a,c"
Guangzhou,Projected_Area,296.4992,-0.2668454647,"a,c"
Shanghai,Projected_Area,412.5577,0.02608467452,"a,c"
Guangzhou,Projected_Area,237.4401,-1.329136729,"a,c"
Wuhan,Projected_Area,859.2443,0.5798278451,"a,c"
Beijing,Projected_Area,322.8174,-0.1031579748,"a,c"
Guangzhou,Projected_Area,636.4943,0.3496695757,"a,c"
Beijing,Projected_Area,255.5606,-0.5687149167,"a,c"
Guangzhou,Projected_Area,161.8073,-1.608729959,"a,c"
Shanghai,Projected_Area,161.6697,-1.836920977,"a,c"
Beijing,Projected_Area,164.7154,-1.915352345,"a,c"
Beijing,Projected_Area,179.8154,-1.316289902,"a,c"
Beijing,Projected_Area,746.8988,0.4895150661,"a,c"
Shanghai,Projected_Area,1265.9254,0.8439546824,"a,c"
Shanghai,Projected_Area,420.9227,0.1245606393,"a,c"
Wuhan,Projected_Area,915.2569,0.4109641314,"a,c"
Wuhan,Projected_Area,395.8488,-0.1566908211,"a,c"
Wuhan,Projected_Area,358.5138,-0.02781337872,"a,c"
Wuhan,Projected_Area,159.6599,-2.09305048,"a,c"
Shanghai,Projected_Area,552.622,0.09398757666,"a,c"
Guangzhou,Projected_Area,120.9666,-1.634748459,"a,c"
Shanghai,Projected_Area,330.2461,-0.1085552573,"a,c"
Beijing,Projected_Area,544.3622,0.1013967767,"a,c"
Wuhan,Projected_Area,381.7106,-0.04757807776,"a,c"
Wuhan,Projected_Area,979.2128,0.2017333359,"a,c"
Shanghai,Projected_Area,379.0784,0.01985322125,"a,c"
Shanghai,Projected_Area,580.1413,-0.02232452296,"a,c"
Guangzhou,Projected_Area,109.3416,-1.36779356,"a,c"
Wuhan,Projected_Area,351.4952,0.0004679822596,"a,c"
Shanghai,Projected_Area,371.3845,-0.06453467906,"a,c"
Guangzhou,Projected_Area,273.1281,-0.1965886354,"a,c"
Shanghai,Projected_Area,634.9214,0.7333622575,"a,c"
Shanghai,Projected_Area,679.8859,0.4524753392,"a,c"
Shanghai,Projected_Area,618.1486,0.3438327312,"a,c"
Shanghai,Projected_Area,100.4228,-1.582419634,"a,c"
Shanghai,Projected_Area,118.9566,-1.781748176,"a,c"
Guangzhou,Projected_Area,743.3719,0.3175417185,"a,c"
Shanghai,Projected_Area,301.92,-0.3425889611,"a,c"
Beijing,Projected_Area,459.759,0.2347980142,"a,c"
Guangzhou,Projected_Area,617.7059,0.2663210928,"a,c"
Beijing,Projected_Area,549.7823,-0.01371406019,"a,c"
Shanghai,Projected_Area,216.6486,-1.280971885,"a,c"
Guangzhou,Projected_Area,363.6847,-0.180169329,"a,c"
Shanghai,Projected_Area,353.9484,0.01261296868,"a,c"
Shanghai,Projected_Area,714.8032,0.8679208159,"a,c"
Shanghai,Projected_Area,529.2835,0.004304143135,"a,c"
Shanghai,Projected_Area,665.8691,0.2917927504,"a,c"
Beijing,Projected_Area,156.5962,-2.195446253,"a,c"
Wuhan,Projected_Area,488.555,0.152657181,"a,c"
Shanghai,Projected_Area,584.7403,0.1354331672,"a,c"
Beijing,Projected_Area,955.5275,0.2490544766,"a,c"
Shanghai,Projected_Area,576.2121,-0.1777661741,"a,c"
Guangzhou,Projected_Area,466.0929,0.1148838699,"a,c"
Shanghai,Projected_Area,123.5834,-1.412588239,"a,c"
Wuhan,Projected_Area,238.2487,-0.6568549871,"a,c"
Beijing,Projected_Area,750.6924,0.7486935258,"a,c"
Guangzhou,Projected_Area,162.3374,-1.55521667,"a,c"
Shanghai,Projected_Area,381.7764,0.06625251472,"a,c"
Shanghai,Projected_Area,491.8765,0.2003790587,"a,c"
Beijing,Projected_Area,453.0376,0.1243041083,"a,c"
Guangzhou,Projected_Area,358.1952,-0.1635793746,"a,c"
Guangzhou,Projected_Area,390.6415,-0.005345030222,"a,c"
Shanghai,Projected_Area,579.281,-0.01054175477,"a,c"
Beijing,Projected_Area,265.8259,-0.2698612213,"a,c"
Shanghai,Projected_Area,483.6585,0.2592590153,"a,c"
Shanghai,Projected_Area,181.7078,-2.08763504,"a,c"
Shanghai,Projected_Area,118.4662,-1.133305073,"a,c"
Shanghai,Projected_Area,221.6492,-1.295891166,"a,c"
Guangzhou,Projected_Area,362.7936,-0.01531319879,"a,c"
Beijing,Projected_Area,86.1289,-1.275449514,"a,c"
Wuhan,Projected_Area,232.3024,-1.027299166,"a,c"
Shanghai,Projected_Area,123.582,-2.097135782,"a,c"
Guangzhou,Projected_Area,315.7865,-0.04601897299,"a,c"
Wuhan,Projected_Area,359.6183,0.002790340921,"a,c"
Shanghai,Projected_Area,633.369,0.6363356709,"a,c"
Beijing,Projected_Area,1422.5323,1.223710656,"a,c"
Shanghai,Projected_Area,185.3432,-1.992276073,"a,c"
Shanghai,Projected_Area,574.4087,0.008749630302,"a,c"
Shanghai,Projected_Area,202.8045,-0.7272356749,"a,c"
Shanghai,Projected_Area,277.0207,-0.1777530909,"a,c"
Shanghai,Projected_Area,510.2939,-0.001415606355,"a,c"
Wuhan,Projected_Area,716.9843,0.3721898496,"a,c"
Shanghai,Projected_Area,332.2463,0.06861523539,"a,c"
Wuhan,Projected_Area,893.7536,0.4006395936,"a,c"
Shanghai,Projected_Area,202.0853,-0.6692567468,"a,c"
Shanghai,Projected_Area,126.1872,-1.686997652,"a,c"
Shanghai,Projected_Area,165.7569,-2.014474869,"a,c"
Guangzhou,Projected_Area,162.7256,-1.380196452,"a,c"
Beijing,Projected_Area,230.3871,-0.9384630322,"a,c"
Guangzhou,Projected_Area,396.8731,-0.1084238961,"a,c"
Shanghai,Projected_Area,178.6154,-0.8968363404,"a,c"
Beijing,Projected_Area,715.8695,0.5000802279,"a,c"
Beijing,Projected_Area,618.4003,0.3797087371,"a,c"
Wuhan,Projected_Area,170.2687,-1.953403234,"a,c"
Wuhan,Projected_Area,395.9296,0.1021525189,"a,c"
Wuhan,Projected_Area,261.2719,-0.07506489754,"a,c"
Wuhan,Projected_Area,237.6908,-1.314112782,"a,c"
Beijing,Projected_Area,267.7158,-0.2749148607,"a,c"
Shanghai,Projected_Area,334.4607,0.4282887876,"a,c"
Shanghai,Projected_Area,146.7866,-1.763584137,"a,c"
Shanghai,Projected_Area,96.9076,-1.187909365,"a,c"
Beijing,Projected_Area,973.4164,0.1563579887,"a,c"
Shanghai,Projected_Area,184.9728,-2.136034727,"a,c"
Shanghai,Projected_Area,247.2765,-0.8490634561,"a,c"
Shanghai,Projected_Area,339.9364,0.01750842482,"a,c"
Wuhan,Projected_Area,766.4955,0.529655993,"a,c"
Beijing,Projected_Area,107.0874,-1.806305766,"a,c"
Shanghai,Projected_Area,133.7544,-1.603335023,"a,c"
Beijing,Projected_Area,564.706,-0.344016403,"a,c"
Shanghai,Projected_Area,712.8701,0.5381856561,"a,c"
Shanghai,Projected_Area,267.6123,-0.25479123,"a,c"
Shanghai,Projected_Area,728.5421,0.6304053068,"a,c"
Shanghai,Projected_Area,114.8247,-1.721102476,"a,c"
Shanghai,Projected_Area,557.4994,-0.02329930849,"a,c"
Shanghai,Projected_Area,155.3661,-1.733344078,"a,c"
Beijing,Projected_Area,791.7237,0.9873590469,"a,c"
Shanghai,Projected_Area,194.3417,-1.511470556,"a,c"
Shanghai,Projected_Area,460.6649,0.3474670649,"a,c"
Beijing,Projected_Area,301.2767,-0.3857859969,"a,c"
Shanghai,Projected_Area,714.1941,0.2545080483,"a,c"
Shanghai,Projected_Area,277.5416,-0.302285403,"a,c"
Shanghai,Projected_Area,563.3839,0.05406876281,"a,c"
Wuhan,Projected_Area,374.0903,0.03782106563,"a,c"
Guangzhou,Projected_Area,140.6929,-1.278810978,"a,c"
Shanghai,Projected_Area,360.0079,0.005044098943,"a,c"
Beijing,Projected_Area,1009.6588,0.214915663,"a,c"
Shanghai,Projected_Area,364.31,-0.07903862745,"a,c"
Wuhan,Projected_Area,143.1265,-1.659810781,"a,c"
Shanghai,Projected_Area,320.294,0.08926512301,"a,c"
Shanghai,Projected_Area,484.6723,0.3116868436,"a,c"
Wuhan,Projected_Area,257.3226,-0.1252678633,"a,c"
Shanghai,Projected_Area,506.3772,0.324855864,"a,c"
Shanghai,Projected_Area,137.4467,-1.930631638,"a,c"
Shanghai,Projected_Area,1595.5054,0.6287227273,"a,c"
Shanghai,Projected_Area,156.0316,-1.895369172,"a,c"
Guangzhou,Projected_Area,1577.3941,1.292678714,"a,c"
Guangzhou,Projected_Area,96.0129,-1.25485158,"a,c"
Shanghai,Projected_Area,103.309,-1.794407248,"a,c"
Shanghai,Projected_Area,546.1137,0.2291332483,"a,c"
Wuhan,Projected_Area,431.6307,0.3620063365,"a,c"
Wuhan,Projected_Area,1106.5524,1.137066245,"a,c"
Shanghai,Projected_Area,478.9,0.284991771,"a,c"
Shanghai,Projected_Area,129.8577,-1.651123762,"a,c"
Wuhan,Projected_Area,626.3434,0.4297398627,"a,c"
Wuhan,Projected_Area,392.5222,0.1937313229,"a,c"
Wuhan,Projected_Area,1142.3775,0.7569439411,"a,c"
Shanghai,Projected_Area,396.055,-0.01133266278,"a,c"
Shanghai,Projected_Area,372.9597,-0.04490952194,"a,c"
Wuhan,Projected_Area,192.9719,-2.07810545,"a,c"
Wuhan,Projected_Area,183.7943,-1.814631104,"a,c"
Shanghai,Projected_Area,272.7333,-0.2861179113,"a,c"
Shanghai,Projected_Area,357.1435,-0.07898706198,"a,c"
Wuhan,Projected_Area,884.091,0.5682618022,"a,c"
Guangzhou,Projected_Area,211.2177,-1.161227107,"a,c"
Beijing,Projected_Area,122.7524,-1.840786934,"a,c"
Wuhan,Projected_Area,780.122,0.5179417729,"a,c"
Wuhan,Projected_Area,88.9942,-1.603811979,"a,c"
Shanghai,Projected_Area,134.0292,-1.72631216,"a,c"
Shanghai,Projected_Area,235.4139,-1.400657415,"a,c"
Beijing,Projected_Area,736.556,0.4545624554,"a,c"
Guangzhou,Projected_Area,126.4124,-1.31303072,"a,c"
Guangzhou,Projected_Area,152.1471,-2.226045132,"a,c"
Shanghai,Projected_Area,389.1227,0.1483527273,"a,c"
Beijing,Projected_Area,1183.0856,0.887873888,"a,c"
Guangzhou,Projected_Area,146.904,-1.500768542,"a,c"
Shanghai,Projected_Area,564.7944,0.07968780398,"a,c"
Wuhan,Projected_Area,153.3779,-2.071552753,"a,c"
Wuhan,Projected_Area,229.1791,-1.17401123,"a,c"
Shanghai,Projected_Area,321.4898,0.01867530495,"a,c"
Beijing,Projected_Area,254.338,-0.6356586814,"a,c"
Shanghai,Projected_Area,149.5333,-1.616159201,"a,c"
Guangzhou,Projected_Area,462.4502,0.1245237812,"a,c"
Shanghai,Projected_Area,188.5435,-2.194569826,"a,c"
Shanghai,Projected_Area,141.0639,-1.817814708,"a,c"
Beijing,Projected_Area,735.2664,0.4172201455,"a,c"
Guangzhou,Projected_Area,326.3257,-0.1478729397,"a,c"
Guangzhou,Projected_Area,84.9665,-1.287994027,"a,c"
Shanghai,Projected_Area,357.6576,-0.06143680587,"a,c"
Beijing,Projected_Area,189.495,-1.779931545,"a,c"
Shanghai,Projected_Area,409.8876,0.06519772112,"a,c"
Shanghai,Projected_Area,545.7862,0.183164686,"a,c"
Beijing,Projected_Area,753.2853,0.4785543084,"a,c"
Beijing,Projected_Area,283.1173,-0.2575720847,"a,c"
Wuhan,Projected_Area,453.0189,0.2509821355,"a,c"
Shanghai,Projected_Area,398.2869,0.0841447264,"a,c"
Guangzhou,Projected_Area,138.2416,-1.599565625,"a,c"
Wuhan,Projected_Area,408.1186,0.1105526537,"a,c"
Beijing,Projected_Area,791.8858,1.116041064,"a,c"
Beijing,Projected_Area,351.1305,0.03099021688,"a,c"
Shanghai,Projected_Area,236.5024,-1.483314276,"a,c"
Shanghai,Projected_Area,266.8817,-0.3054467738,"a,c"
Shanghai,Projected_Area,132.7553,-1.19127667,"a,c"
Shanghai,Projected_Area,576.4351,0.08510646224,"a,c"
Shanghai,Projected_Area,182.5781,-2.055161715,"a,c"
Beijing,Projected_Area,165.7931,-2.277257442,"a,c"
Wuhan,Projected_Area,265.4447,-0.276854068,"a,c"
Guangzhou,Projected_Area,625.7416,0.3669472933,"a,c"
Shanghai,Projected_Area,917.3969,0.3260401785,"a,c"
Shanghai,Projected_Area,100.612,-1.530472994,"a,c"
Shanghai,Projected_Area,930.8952,0.5555779934,"a,c"
Wuhan,Projected_Area,363.6222,-0.1261600554,"a,c"
Wuhan,Projected_Area,271.4674,-0.2721934021,"a,c"
Shanghai,Projected_Area,151.5565,-2.105899334,"a,c"
Wuhan,Projected_Area,405.7727,0.0561283119,"a,c"
Shanghai,Projected_Area,195.7015,-1.927008152,"a,c"
Shanghai,Projected_Area,173.9303,-1.98194313,"a,c"
Shanghai,Projected_Area,1169.9308,0.8130767941,"a,c"
Shanghai,Projected_Area,166.8161,-1.562821507,"a,c"
Wuhan,Projected_Area,286.4982,-0.1169446632,"a,c"
Beijing,Projected_Area,367.6649,-0.03342309594,"a,c"
Shanghai,Projected_Area,583.2601,0.10270679,"a,c"
Shanghai,Projected_Area,404.5879,0.06292016059,"a,c"
Shanghai,Projected_Area,412.779,0.1694474816,"a,c"
Beijing,Projected_Area,156.4134,-2.243705988,"a,c"
Beijing,Projected_Area,743.3705,0.4078086019,"a,c"
Wuhan,Projected_Area,463.5684,0.2991244495,"a,c"
Shanghai,Projected_Area,113.7702,-1.861277819,"a,c"
Shanghai,Projected_Area,619.5876,0.4694465101,"a,c"
Wuhan,Projected_Area,303.0444,-0.174751997,"a,c"
Shanghai,Projected_Area,478.1003,0.5151948929,"a,c"
Shanghai,Projected_Area,355.4756,0.03462925553,"a,c"
Shanghai,Projected_Area,147.8181,-1.187313437,"a,c"
Shanghai,Projected_Area,135.0185,-1.712021708,"a,c"
Shanghai,Projected_Area,526.926,0.1279503852,"a,c"
Guangzhou,Projected_Area,192.5696,-1.747429371,"a,c"
Beijing,Projected_Area,719.5713,0.8763180971,"a,c"
Beijing,Projected_Area,184.3539,-1.499562263,"a,c"
Shanghai,Projected_Area,488.6298,0.2971020341,"a,c"
Beijing,Projected_Area,275.0561,-0.1063387915,"a,c"
Shanghai,Projected_Area,266.3966,-0.3891226649,"a,c"
Guangzhou,Projected_Area,600.7793,0.4486368001,"a,c"
Shanghai,Projected_Area,262.578,-0.2709584534,"a,c"
Wuhan,Projected_Area,114.211,-1.115676761,"a,c"
Shanghai,Projected_Area,491.839,0.3241749108,"a,c"
Shanghai,Projected_Area,309.762,0.3711595237,"a,c"
Wuhan,Projected_Area,528.1719,-0.03333004564,"a,c"
Shanghai,Projected_Area,199.6592,-0.80837363,"a,c"
Shanghai,Projected_Area,395.9497,0.05450510234,"a,c"
Beijing,Projected_Area,168.8702,-2.149531603,"a,c"
Shanghai,Projected_Area,523.3858,0.152255252,"a,c"
Shanghai,Projected_Area,490.839,0.1710752398,"a,c"
Shanghai,Projected_Area,400.7491,0.05690154061,"a,c"
Shanghai,Projected_Area,302.9127,-0.2706452608,"a,c"
Shanghai,Projected_Area,343.6105,0.0261756666,"a,c"
Shanghai,Projected_Area,210.4351,-1.345163345,"a,c"
Wuhan,Projected_Area,270.089,-0.3896982074,"a,c"
Shanghai,Projected_Area,266.2081,-0.3936582208,"a,c"
Shanghai,Projected_Area,439.6873,0.3485256135,"a,c"
Guangzhou,Projected_Area,116.0194,-1.525822282,"a,c"
Beijing,Projected_Area,930.9996,0.1849344969,"a,c"
Shanghai,Projected_Area,104.6029,-1.73908484,"a,c"
Guangzhou,Projected_Area,501.6985,0.03653245047,"a,c"
Shanghai,Projected_Area,326.4394,-0.09184292704,"a,c"
Shanghai,Projected_Area,602.1072,0.4387014508,"a,c"
Guangzhou,Projected_Area,309.0583,-0.04129878432,"a,c"
Shanghai,Projected_Area,457.5618,0.6444838047,"a,c"
Shanghai,Projected_Area,265.332,-0.2729902864,"a,c"
Beijing,Projected_Area,301.1796,-0.2706753314,"a,c"
Beijing,Projected_Area,326.4381,-0.08913478255,"a,c"
Wuhan,Projected_Area,584.7346,0.01653952152,"a,c"
Wuhan,Projected_Area,556.4055,-0.06491050869,"a,c"
Shanghai,Projected_Area,702.942,0.4869625568,"a,c"
Shanghai,Projected_Area,159.892,-1.876407385,"a,c"
Shanghai,Projected_Area,546.1212,0.2221144885,"a,c"
Guangzhou,Projected_Area,80.5035,-1.413349628,"a,c"
Shanghai,Projected_Area,579.6748,-0.06385723501,"a,c"
Shanghai,Projected_Area,206.1311,-1.733538389,"a,c"
Shanghai,Projected_Area,238.25,-1.306385756,"a,c"
Wuhan,Projected_Area,640.2382,0.1871806383,"a,c"
Wuhan,Projected_Area,690.8805,0.6541797519,"a,c"
Guangzhou,Projected_Area,452.4025,0.3753768206,"a,c"
Wuhan,Projected_Area,719.7114,0.3381865621,"a,c"
Shanghai,Projected_Area,399.0615,-0.05657101423,"a,c"
Shanghai,Projected_Area,406.3398,0.1556212753,"a,c"
Beijing,Projected_Area,477.7055,0.241172865,"a,c"
Shanghai,Projected_Area,123.8647,-1.712308526,"a,c"
Shanghai,Projected_Area,404.4806,0.0903224498,"a,c"
Guangzhou,Projected_Area,220.6636,-1.243380308,"a,c"
Shanghai,Projected_Area,399.3388,0.1137230918,"a,c"
Guangzhou,Projected_Area,136.3569,-1.362944722,"a,c"
Guangzhou,Projected_Area,657.2006,0.238399148,"a,c"
Wuhan,Projected_Area,353.2831,-0.1836564988,"a,c"
Shanghai,Projected_Area,120.9821,-1.502512574,"a,c"
Wuhan,Projected_Area,238.2336,-1.454188704,"a,c"
Shanghai,Projected_Area,599.7213,0.3759756088,"a,c"
Shanghai,Projected_Area,405.2537,-0.07152509689,"a,c"
Shanghai,Projected_Area,627.8225,0.325450629,"a,c"
Wuhan,Projected_Area,867.5827,0.6304957867,"a,c"
Guangzhou,Projected_Area,285.0425,-0.180379644,"a,c"
Beijing,Projected_Area,443.856,0.06176121533,"a,c"
Shanghai,Projected_Area,246.6454,-1.561514616,"a,c"
Shanghai,Projected_Area,467.8414,0.1524543762,"a,c"
Wuhan,Projected_Area,624.306,0.320125401,"a,c"
Beijing,Projected_Area,1069.6828,0.5228716731,"a,c"
Guangzhou,Projected_Area,141.4182,-1.498608232,"a,c"
Shanghai,Projected_Area,647.5233,0.5007971525,"a,c"
Wuhan,Projected_Area,150.5528,-1.996601224,"a,c"
Wuhan,Projected_Area,433.9689,0.09684945643,"a,c"
Guangzhou,Projected_Area,160.1452,-1.503048658,"a,c"
Wuhan,Projected_Area,803.7175,0.8221387267,"a,c"
Guangzhou,Projected_Area,136.386,-1.495713234,"a,c"
Shanghai,Projected_Area,328.7334,0.0964326933,"a,c"
Beijing,Projected_Area,171.7787,-1.882441998,"a,c"
Wuhan,Projected_Area,296.7108,-0.1870570183,"a,c"
Shanghai,Projected_Area,252.835,-0.5213054419,"a,c"
Shanghai,Projected_Area,557.4972,0.0701514855,"a,c"
Shanghai,Projected_Area,434.7534,0.296807915,"a,c"
Wuhan,Projected_Area,225.55,-1.078239441,"a,c"
Shanghai,Projected_Area,258.1372,-0.4521673322,"a,c"
Shanghai,Projected_Area,279.7993,-0.41933465,"a,c"
Wuhan,Projected_Area,347.6695,0.1404827088,"a,c"
Shanghai,Projected_Area,166.808,-2.302842855,"a,c"
Shanghai,Projected_Area,305.0028,-0.224155128,"a,c"
Wuhan,Projected_Area,285.959,-0.4152005911,"a,c"
Wuhan,Projected_Area,469.6773,0.2930474579,"a,c"
Beijing,Projected_Area,620.9676,0.1273021102,"a,c"
Beijing,Projected_Area,162.8167,-1.679499745,"a,c"
Shanghai,Projected_Area,333.3503,-0.02446665615,"a,c"
Guangzhou,Projected_Area,965.5227,0.430015564,"a,c"
Shanghai,Projected_Area,197.832,-0.8636371493,"a,c"
Shanghai,Projected_Area,936.5548,0.3187503517,"a,c"
Shanghai,Projected_Area,216.3727,-1.622401953,"a,c"
Wuhan,Projected_Area,103.3056,-1.443246365,"a,c"
Beijing,Projected_Area,336.6992,0.02860095724,"a,c"
Shanghai,Projected_Area,500.8488,0.3234925568,"a,c"
Guangzhou,Projected_Area,396.2525,0.01742909476,"a,c"
Shanghai,Projected_Area,123.816,-1.572081327,"a,c"
Wuhan,Projected_Area,324.3303,-0.08858961612,"a,c"
Wuhan,Projected_Area,516.5994,0.02608812228,"a,c"
Wuhan,Projected_Area,688.3084,0.526262939,"a,c"
Shanghai,Projected_Area,414.1681,0.04305539653,"a,c"
Shanghai,Projected_Area,315.766,0.04423700273,"a,c"
Guangzhou,Projected_Area,194.3833,-1.563711047,"a,c"
Wuhan,Projected_Area,709.4051,0.523527205,"a,c"
Guangzhou,Projected_Area,98.7786,-1.531943917,"a,c"
Wuhan,Projected_Area,752.0154,0.5189726949,"a,c"
Wuhan,Projected_Area,419.1441,0.07364978641,"a,c"
Shanghai,Projected_Area,283.3693,-0.3475190699,"a,c"
Wuhan,Projected_Area,91.8637,-1.605279684,"a,c"
Shanghai,Projected_Area,399.0319,0.0576570034,"a,c"
Shanghai,Projected_Area,298.6887,-0.4237486124,"a,c"
Wuhan,Projected_Area,424.5061,0.08501780778,"a,c"
Beijing,Projected_Area,249.1557,-0.6191596985,"a,c"
Beijing,Projected_Area,1011.0815,0.2451583743,"a,c"
Wuhan,Projected_Area,570.6808,-0.02625704743,"a,c"
Guangzhou,Projected_Area,383.6189,-0.1103436127,"a,c"
Beijing,Projected_Area,217.335,-1.175390601,"a,c"
Wuhan,Projected_Area,335.2835,-0.2505226731,"a,c"
Wuhan,Projected_Area,346.7622,0.1343670338,"a,c"
Beijing,Projected_Area,223.1349,-1.316892147,"a,c"
Shanghai,Projected_Area,305.6401,-0.1268161684,"a,c"
Guangzhou,Projected_Area,223.148,-2.115062952,"a,c"
Shanghai,Projected_Area,156.4475,-2.135402441,"a,c"
Beijing,Projected_Area,338.3462,-0.01946748048,"a,c"
Shanghai,Projected_Area,562.0287,-0.1738857329,"a,c"
Beijing,Projected_Area,550.182,-0.000227462835,"a,c"
Shanghai,Projected_Area,482.0518,0.1352882236,"a,c"
Shanghai,Projected_Area,158.8016,-2.228322268,"a,c"
Wuhan,Projected_Area,191.9014,-1.504490376,"a,c"
Guangzhou,Projected_Area,465.3202,0.5321345925,"a,c"
Beijing,Projected_Area,232.8545,-1.37311554,"a,c"
Shanghai,Projected_Area,537.027,0.06003977731,"a,c"
Shanghai,Projected_Area,187.8089,-2.166520834,"a,c"
Shanghai,Projected_Area,710.9529,0.6681143641,"a,c"
Shanghai,Projected_Area,490.008,0.1166567728,"a,c"
Shanghai,Projected_Area,361.6021,-0.04828681424,"a,c"
Guangzhou,Projected_Area,642.6397,0.2514859736,"a,c"
Shanghai,Projected_Area,635.8617,0.4829826951,"a,c"
Guangzhou,Projected_Area,187.2176,-1.740569234,"a,c"
Shanghai,Projected_Area,527.5092,-0.1938937753,"a,c"
Shanghai,Projected_Area,541.5005,-0.01593445055,"a,c"
Wuhan,Projected_Area,468.7128,0.1793861836,"a,c"
Shanghai,Projected_Area,543.2391,0.2069480717,"a,c"
Shanghai,Projected_Area,203.2374,-1.045544982,"a,c"
Wuhan,Projected_Area,1273.4,0.6090261936,"a,c"
Beijing,Projected_Area,596.9688,0.3101447523,"a,c"
Shanghai,Projected_Area,217.9704,-1.584012032,"a,c"
Beijing,Projected_Area,323.4351,-0.0466600433,"a,c"
Shanghai,Projected_Area,366.4306,-0.006211900152,"a,c"
Wuhan,Projected_Area,384.3339,0.07831339538,"a,c"
Beijing,Projected_Area,232.4465,-1.370897055,"a,c"
Shanghai,Projected_Area,295.2002,-0.1452526599,"a,c"
Beijing,Projected_Area,137.0488,-1.512534618,"a,c"
Beijing,Projected_Area,763.4729,0.5322135687,"a,c"
Shanghai,Projected_Area,184.279,-2.327067137,"a,c"
Beijing,Projected_Area,464.7584,0.1356199831,"a,c"
Shanghai,Projected_Area,193.7342,-2.207159519,"a,c"
Shanghai,Projected_Area,364.5928,0.05173369125,"a,c"
Beijing,Projected_Area,317.3735,0.03868819028,"a,c"
Shanghai,Projected_Area,203.894,-0.6241405606,"a,c"
Wuhan,Projected_Area,525.7248,-0.08999976516,"a,c"
Wuhan,Projected_Area,636.8951,0.5121269822,"a,c"
Wuhan,Projected_Area,727.144,0.4467793107,"a,c"
Beijing,Projected_Area,313.1666,0.3419774175,"a,c"
Shanghai,Projected_Area,100.5497,-1.634643316,"a,c"
Shanghai,Projected_Area,573.69,-0.03745502979,"a,c"
Shanghai,Projected_Area,691.4381,0.7561191916,"a,c"
Shanghai,Projected_Area,453.3022,0.4269633889,"a,c"
Wuhan,Projected_Area,632.6669,0.5015439391,"a,c"
Wuhan,Projected_Area,905.3805,0.3591249287,"a,c"
Shanghai,Projected_Area,433.7307,0.2850284576,"a,c"
Shanghai,Projected_Area,457.212,0.3753879964,"a,c"
Shanghai,Projected_Area,252.6031,-0.8553732634,"a,c"
Shanghai,Projected_Area,674.8482,0.4220117331,"a,c"
Beijing,Projected_Area,376.6829,-0.002802818781,"a,c"
Shanghai,Projected_Area,522.8629,0.1353481114,"a,c"
Wuhan,Projected_Area,360.711,-0.08107973635,"a,c"
Shanghai,Projected_Area,507.5325,0.3296374977,"a,c"
Shanghai,Projected_Area,100.612,-1.514347434,"a,c"
Shanghai,Projected_Area,449.522,0.2350873202,"a,c"
Shanghai,Projected_Area,180.0508,-2.250991821,"a,c"
Shanghai,Projected_Area,247.8783,-0.7468925118,"a,c"
Beijing,Projected_Area,743.6848,0.4370734096,"a,c"
Wuhan,Projected_Area,394.0841,0.0251116436,"a,c"
Wuhan,Projected_Area,253.9304,-0.1103860438,"a,c"
Guangzhou,Projected_Area,329.899,-0.09382776171,"a,c"
Shanghai,Projected_Area,308.1229,0.02472769655,"a,c"
Shanghai,Projected_Area,735.0762,0.7013095617,"a,c"
Shanghai,Projected_Area,210.7436,-0.6001626253,"a,c"
Shanghai,Projected_Area,150.3539,-2.085579395,"a,c"
Shanghai,Projected_Area,109.6297,-1.512642622,"a,c"
Wuhan,Projected_Area,887.1041,0.5399799347,"a,c"
Shanghai,Projected_Area,468.9657,0.369204849,"a,c"
Shanghai,Projected_Area,489.3624,0.05653453246,"a,c"
Shanghai,Projected_Area,351.7726,0.007098545786,"a,c"
Shanghai,Projected_Area,532.9577,-0.2374634892,"a,c"
Shanghai,Projected_Area,577.8763,-0.04057064652,"a,c"
Guangzhou,Projected_Area,171.1496,-1.191213727,"a,c"
Shanghai,Projected_Area,584.7117,0.05345118046,"a,c"
Guangzhou,Projected_Area,441.6079,0.2993942499,"a,c"
Shanghai,Projected_Area,570.6111,-0.04418198019,"a,c"
Shanghai,Projected_Area,124.4622,-1.846364021,"a,c"
Shanghai,Projected_Area,126.5493,-1.681666136,"a,c"
Wuhan,Projected_Area,699.7006,0.2650191784,"a,c"
Shanghai,Projected_Area,176.8167,-1.33106792,"a,c"
Guangzhou,Projected_Area,203.7522,-0.5972280502,"a,c"
Shanghai,Projected_Area,523.6248,0.1770594567,"a,c"
Shanghai,Projected_Area,221.4583,-1.599575996,"a,c"
Beijing,Projected_Area,112.5397,-1.722878695,"a,c"
Shanghai,Projected_Area,965.6921,0.5914075375,"a,c"
Wuhan,Projected_Area,195.2372,-1.583711386,"a,c"
Shanghai,Projected_Area,653.5357,0.2882371247,"a,c"
Shanghai,Projected_Area,279.625,-0.1764280796,"a,c"
Shanghai,Projected_Area,150.3132,-1.910853386,"a,c"
Beijing,Projected_Area,293.6957,-0.005598526914,"a,c"
Shanghai,Projected_Area,364.9683,-0.01307220943,"a,c"
Shanghai,Projected_Area,274.4009,-0.276676327,"a,c"
Shanghai,Projected_Area,210.8679,-1.553581119,"a,c"
Wuhan,Projected_Area,360.5594,0.01155516505,"a,c"
Shanghai,Projected_Area,484.031,0.1997401565,"a,c"
Wuhan,Projected_Area,591.6575,0.2800101042,"a,c"
Shanghai,Projected_Area,273.5019,-0.3112083077,"a,c"
Wuhan,Projected_Area,405.7109,0.01666068472,"a,c"
Guangzhou,Projected_Area,535.0644,0.09244997799,"a,c"
Beijing,Projected_Area,212.6872,-1.034750819,"a,c"
Wuhan,Projected_Area,566.1553,-0.03121745959,"a,c"
Shanghai,Projected_Area,662.1389,0.4362894297,"a,c"
Shanghai,Projected_Area,526.6279,0.1375778466,"a,c"
Shanghai,Projected_Area,401.5146,0.0833042711,"a,c"
Shanghai,Projected_Area,558.0976,0.03913720697,"a,c"
Beijing,Projected_Area,1601.5506,0.9014715552,"a,c"
Shanghai,Projected_Area,607.6915,0.5652586818,"a,c"
Beijing,Projected_Area,1101.4658,0.6427960396,"a,c"
Shanghai,Projected_Area,462.1868,0.3798764348,"a,c"
Beijing,Projected_Area,506.1572,0.3112931848,"a,c"
Wuhan,Projected_Area,799.3547,0.7756609321,"a,c"
Shanghai,Projected_Area,291.0937,-0.3289234936,"a,c"
Beijing,Projected_Area,551.4439,0.04872487858,"a,c"
Guangzhou,Projected_Area,103.1644,-1.375074744,"a,c"
Wuhan,Projected_Area,777.9304,0.8754290938,"a,c"
Wuhan,Projected_Area,168.6568,-1.447436571,"a,c"
Shanghai,Projected_Area,360.3508,-0.1625029445,"a,c"
Shanghai,Projected_Area,865.8037,0.3275101185,"a,c"
Guangzhou,Projected_Area,105.8701,-1.266938686,"a,c"
Shanghai,Projected_Area,354.8801,-0.07790043205,"a,c"
Guangzhou,Projected_Area,315.4996,0.01459704153,"a,c"
Shanghai,Projected_Area,625.6025,0.3654948175,"a,c"
Shanghai,Projected_Area,308.7911,0.02628070116,"a,c"
Wuhan,Projected_Area,1099.399,0.6283192039,"a,c"
Guangzhou,Projected_Area,248.4057,-0.6798531413,"a,c"
Beijing,Projected_Area,399.6486,0.02445899509,"a,c"
Shanghai,Projected_Area,458.8631,0.1956346184,"a,c"
Shanghai,Projected_Area,146.2889,-1.534466743,"a,c"
Shanghai,Projected_Area,113.861,-1.487261176,"a,c"
Wuhan,Projected_Area,437.5903,-0.06729999185,"a,c"
Beijing,Projected_Area,1161.5086,0.6887786388,"a,c"
Wuhan,Projected_Area,371.4097,-0.1727206111,"a,c"
Wuhan,Projected_Area,376.486,0.006138772704,"a,c"
Shanghai,Projected_Area,194.8135,-1.58467257,"a,c"
Shanghai,Projected_Area,211.6763,-1.815701246,"a,c"
Shanghai,Projected_Area,610.2423,0.5263892412,"a,c"
Shanghai,Projected_Area,105.5382,-1.877229691,"a,c"
Shanghai,Projected_Area,1051.3186,0.5259196758,"a,c"
Shanghai,Projected_Area,672.3934,0.49403736,"a,c"
Shanghai,Projected_Area,416.0234,0.2248807549,"a,c"
Wuhan,Projected_Area,1077.5149,0.721973002,"a,c"
Shanghai,Projected_Area,446.8239,0.1692539752,"a,c"
Beijing,Projected_Area,568.2397,-0.1920337528,"a,c"
Shanghai,Projected_Area,121.0316,-1.798903227,"a,c"
Shanghai,Projected_Area,720.5854,0.5427891016,"a,c"
Beijing,Projected_Area,315.252,-0.1056524441,"a,c"
Shanghai,Projected_Area,889.1631,0.3780093491,"a,c"
Guangzhou,Projected_Area,138.0627,-1.481711507,"a,c"
Guangzhou,Projected_Area,254.382,-0.6463798285,"a,c"
Guangzhou,Projected_Area,227.6542,-1.242222905,"a,c"
Guangzhou,Projected_Area,193.7966,-1.744462729,"a,c"
Beijing,Projected_Area,471.3839,0.1915549338,"a,c"
Wuhan,Projected_Area,597.4798,0.01799756661,"a,c"
Shanghai,Projected_Area,243.1983,-1.322755218,"a,c"
Shanghai,Projected_Area,620.8277,0.5632835031,"a,c"
Shanghai,Projected_Area,354.2221,-0.01050269231,"a,c"
Shanghai,Projected_Area,728.0247,0.3788555861,"a,c"
Shanghai,Projected_Area,234.1185,-1.270957112,"a,c"
Shanghai,Projected_Area,148.1259,-2.210810423,"a,c"
Shanghai,Projected_Area,545.5876,0.2414690107,"a,c"
Guangzhou,Projected_Area,455.3819,0.09520231932,"a,c"
Shanghai,Projected_Area,461.8456,0.5629218817,"a,c"
Shanghai,Projected_Area,509.0501,0.1498808414,"a,c"
Beijing,Projected_Area,381.3708,-0.1215268001,"a,c"
Beijing,Projected_Area,1318.5523,0.4219642878,"a,c"
Guangzhou,Projected_Area,201.6084,-0.2671130896,"a,c"
Shanghai,Projected_Area,571.9517,-0.1651383936,"a,c"
Shanghai,Projected_Area,181.884,-2.156330347,"a,c"
Shanghai,Projected_Area,380.1868,0.1670121253,"a,c"
Shanghai,Projected_Area,265.605,-0.2336387336,"a,c"
Shanghai,Projected_Area,254.2624,-0.7895854712,"a,c"
Wuhan,Projected_Area,413.231,0.04470978677,"a,c"
Guangzhou,Projected_Area,179.8468,-1.616863847,"a,c"
Shanghai,Projected_Area,418.828,0.1090571955,"a,c"
Beijing,Projected_Area,163.2333,-2.342232943,"a,c"
Beijing,Projected_Area,594.9944,0.2612009943,"a,c"
Guangzhou,Projected_Area,580.4599,-0.05605003983,"a,c"
Shanghai,Projected_Area,129.2206,-1.615689397,"a,c"
Shanghai,Projected_Area,264.6426,-0.1964763254,"a,c"
Shanghai,Projected_Area,539.5681,0.04684964567,"a,c"
Shanghai,Projected_Area,562.0492,-0.2259438187,"a,c"
Shanghai,Projected_Area,779.3119,0.6394620538,"a,c"
Beijing,Projected_Area,492.6574,-0.07684082538,"a,c"
Shanghai,Projected_Area,556.1822,0.09380367398,"a,c"
Shanghai,Projected_Area,175.7338,-1.895614266,"a,c"
Shanghai,Projected_Area,129.9121,-1.907111883,"a,c"
Shanghai,Projected_Area,451.7677,0.3143531382,"a,c"
Wuhan,Projected_Area,541.9282,-0.07438249886,"a,c"
Shanghai,Projected_Area,269.9825,-0.270483166,"a,c"
Shanghai,Projected_Area,133.513,-1.658575416,"a,c"
Shanghai,Projected_Area,776.0111,0.6420231462,"a,c"
Shanghai,Projected_Area,208.944,-1.295493126,"a,c"
Shanghai,Projected_Area,160.6039,-1.764061928,"a,c"
Shanghai,Projected_Area,394.8098,0.1106269509,"a,c"
Guangzhou,Projected_Area,463.8286,0.1670882851,"a,c"
Shanghai,Projected_Area,395.6984,0.112187393,"a,c"
Wuhan,Projected_Area,918.3937,0.4419063032,"a,c"
Wuhan,Projected_Area,403.2448,0.1431197822,"a,c"
Shanghai,Projected_Area,121.4214,-1.682483077,"a,c"
Shanghai,Projected_Area,555.8973,0.08080648631,"a,c"
Beijing,Projected_Area,549.5067,-0.1415333748,"a,c"
Shanghai,Projected_Area,209.4027,-1.419041991,"a,c"
Shanghai,Projected_Area,447.4869,0.3287917376,"a,c"
Wuhan,Projected_Area,410.329,0.04181461781,"a,c"
Shanghai,Projected_Area,187.2939,-2.183990002,"a,c"
Shanghai,Projected_Area,201.5159,-1.136052728,"a,c"
Shanghai,Projected_Area,305.2151,-0.2463694662,"a,c"
Wuhan,Projected_Area,995.411,0.08752904087,"a,c"
Beijing,Projected_Area,368.1349,-0.05872770399,"a,c"
Beijing,Projected_Area,586.6603,0.2973133326,"a,c"
Wuhan,Projected_Area,243.1375,-0.958370924,"a,c"
Shanghai,Projected_Area,149.2759,-2.045568705,"a,c"
Shanghai,Projected_Area,507.2327,0.1554879099,"a,c"
Wuhan,Projected_Area,257.2255,0.07282140106,"a,c"
Wuhan,Projected_Area,439.4437,0.1577585787,"a,c"
Beijing,Projected_Area,245.4057,-1.451873899,"a,c"
Shanghai,Projected_Area,145.9258,-1.71566236,"a,c"
Beijing,Projected_Area,481.8731,0.04815902933,"a,c"
Shanghai,Projected_Area,100.612,-1.585427046,"a,c"
Shanghai,Projected_Area,299.4332,-0.1081219167,"a,c"
Wuhan,Projected_Area,503.7291,0.05468621477,"a,c"
Shanghai,Projected_Area,880.7465,0.2993832529,"a,c"
Shanghai,Projected_Area,197.6869,-0.8571121097,"a,c"
Beijing,Projected_Area,671.2823,0.3765062392,"a,c"
Shanghai,Projected_Area,162.7079,-2.109613657,"a,c"
Shanghai,Projected_Area,169.5231,-1.77448535,"a,c"
Wuhan,Projected_Area,367.1475,-0.08228553832,"a,c"
Shanghai,Projected_Area,615.7531,0.4070950449,"a,c"
Shanghai,Projected_Area,493.3746,0.2642772496,"a,c"
Wuhan,Projected_Area,348.2431,-0.04390693083,"a,c"
Shanghai,Projected_Area,320.7557,0.05821787938,"a,c"
Beijing,Projected_Area,259.1581,-0.1367190182,"a,c"
Guangzhou,Projected_Area,414.9661,0.003367864992,"a,c"
Guangzhou,Projected_Area,451.1796,0.04193270206,"a,c"
Shanghai,Projected_Area,174.2136,-2.076782703,"a,c"
Shanghai,Projected_Area,203.528,-1.214812994,"a,c"
Shanghai,Projected_Area,333.8165,-0.04862582684,"a,c"
Beijing,Projected_Area,372.6367,0.06613647938,"a,c"
Wuhan,Projected_Area,438.2454,0.2239391655,"a,c"
Shanghai,Projected_Area,668.8347,0.4895965457,"a,c"
Wuhan,Projected_Area,415.7663,0.2005008012,"a,c"
Wuhan,Projected_Area,593.5748,0.2197577953,"a,c"
Shanghai,Projected_Area,607.2226,0.3783538043,"a,c"
Shanghai,Projected_Area,195.2579,-2.076335192,"a,c"
Wuhan,Projected_Area,718.9488,0.3164708912,"a,c"
Shanghai,Projected_Area,813.8851,0.5484755635,"a,c"
Guangzhou,Projected_Area,1536.4743,0.8780795932,"a,c"
Shanghai,Projected_Area,262.3532,-0.2869072855,"a,c"
Beijing,Projected_Area,162.9604,-1.653544784,"a,c"
Beijing,Projected_Area,414.4433,0.009427750483,"a,c"
Shanghai,Projected_Area,492.6833,0.3205660582,"a,c"
Shanghai,Projected_Area,196.7468,-2.06741643,"a,c"
Guangzhou,Projected_Area,1450.0101,0.7629576325,"a,c"
Shanghai,Projected_Area,418.7068,0.112350136,"a,c"
Shanghai,Projected_Area,544.9832,0.1185045987,"a,c"
Shanghai,Projected_Area,699.7045,0.6704517603,"a,c"
Shanghai,Projected_Area,141.5646,-1.731619477,"a,c"
Shanghai,Projected_Area,359.0203,-0.006313590799,"a,c"
Shanghai,Projected_Area,363.6448,0.02980261855,"a,c"
Shanghai,Projected_Area,289.5004,-0.1178783923,"a,c"
Guangzhou,Projected_Area,157.4893,-1.779500723,"a,c"
Shanghai,Projected_Area,173.9186,-1.820273399,"a,c"
Beijing,Projected_Area,285.075,-0.1049076393,"a,c"
Shanghai,Projected_Area,818.0748,0.3910829723,"a,c"
Shanghai,Projected_Area,469.7891,0.4054657519,"a,c"
Shanghai,Projected_Area,317.741,-0.01051600836,"a,c"
Beijing,Projected_Area,565.8876,-0.01907317527,"a,c"
Beijing,Projected_Area,452.6597,0.3063394129,"a,c"
Shanghai,Projected_Area,675.1096,0.4137217104,"a,c"
Wuhan,Projected_Area,431.8313,0.4580904543,"a,c"
Shanghai,Projected_Area,720.6183,0.5160196424,"a,c"
Shanghai,Projected_Area,599.3022,0.4141731262,"a,c"
Shanghai,Projected_Area,462.8249,0.3700271845,"a,c"
Shanghai,Projected_Area,546.7827,-0.08316370845,"a,c"
Shanghai,Projected_Area,197.882,-0.7649129033,"a,c"
Shanghai,Projected_Area,752.1385,0.5939985514,"a,c"
Beijing,Projected_Area,812.6323,0.3849217594,"a,c"
Shanghai,Projected_Area,492.6718,0.2938263118,"a,c"
Beijing,Projected_Area,458.5608,0.1166323125,"a,c"
Wuhan,Projected_Area,270.908,-0.4270767868,"a,c"
Shanghai,Projected_Area,387.0981,0.007939400151,"a,c"
Shanghai,Projected_Area,317.2153,0.03475382924,"a,c"
Shanghai,Projected_Area,527.7133,0.04989466444,"a,c"
Shanghai,Projected_Area,272.2838,-0.2954721153,"a,c"
Wuhan,Projected_Area,166.7811,-1.708288431,"a,c"
Shanghai,Projected_Area,664.7182,0.4411301613,"a,c"
Shanghai,Projected_Area,147.0054,-1.547017813,"a,c"
Wuhan,Projected_Area,168.9233,-1.750271082,"a,c"
Shanghai,Projected_Area,90.3826,-1.73592782,"a,c"
Shanghai,Projected_Area,519.9294,0.084647201,"a,c"
Shanghai,Projected_Area,120.4967,-1.805575967,"a,c"
Shanghai,Projected_Area,134.7415,-1.707606792,"a,c"
Shanghai,Projected_Area,229.8551,-1.338744164,"a,c"
Shanghai,Projected_Area,269.7544,-0.2483419776,"a,c"
Shanghai,Projected_Area,210.3157,-1.46330905,"a,c"
Wuhan,Projected_Area,803.4936,0.9679050446,"a,c"
Wuhan,Projected_Area,405.7546,0.02104187757,"a,c"
Shanghai,Projected_Area,100.7719,-1.569702506,"a,c"
Wuhan,Projected_Area,514.5373,0.1289785206,"a,c"
Shanghai,Projected_Area,300.8865,0.04292926937,"a,c"
Shanghai,Projected_Area,308.0772,0.4304701686,"a,c"
Guangzhou,Projected_Area,537.0815,-0.05321928859,"a,c"
Shanghai,Projected_Area,617.4556,0.4316817224,"a,c"
Beijing,Projected_Area,244.6044,-0.886777997,"a,c"
Shanghai,Projected_Area,303.7165,-0.3203108609,"a,c"
Shanghai,Projected_Area,568.2687,-0.02373868972,"a,c"
Shanghai,Projected_Area,140.2853,-1.788030863,"a,c"
Shanghai,Projected_Area,413.5095,0.1084669977,"a,c"
Shanghai,Projected_Area,408.5968,0.04240487516,"a,c"
Beijing,Projected_Area,564.9073,-0.1124503985,"a,c"
Shanghai,Projected_Area,238.42,-1.533416867,"a,c"
Shanghai,Projected_Area,246.6349,-1.361435413,"a,c"
Wuhan,Projected_Area,670.1894,0.3546316326,"a,c"
Shanghai,Projected_Area,620.9676,0.5198417306,"a,c"
Shanghai,Projected_Area,466.796,0.4158113301,"a,c"
Beijing,Projected_Area,1023.1012,0.2524060309,"a,c"
Shanghai,Projected_Area,95.9502,-1.626834273,"a,c"
Guangzhou,Projected_Area,437.3877,0.0771061182,"a,c"
Shanghai,Projected_Area,311.5247,0.378048867,"a,c"
Shanghai,Projected_Area,381.691,-0.06168848649,"a,c"
Shanghai,Projected_Area,135.3278,-1.706091642,"a,c"
Guangzhou,Projected_Area,388.3559,0.03647911549,"a,c"
Wuhan,Projected_Area,141.5528,-1.92429328,"a,c"
Shanghai,Projected_Area,182.3203,-1.813768506,"a,c"
Shanghai,Projected_Area,135.39,-1.763858676,"a,c"
Wuhan,Projected_Area,501.2842,0.2703683376,"a,c"
Shanghai,Projected_Area,133.983,-1.671648979,"a,c"
Beijing,Projected_Area,443.2322,0.1954131573,"a,c"
Shanghai,Projected_Area,1467.8381,0.8417496085,"a,c"
Wuhan,Projected_Area,1071.1718,0.9807447791,"a,c"
Beijing,Projected_Area,801.6453,0.7847318053,"a,c"
Shanghai,Projected_Area,244.6852,-1.049820542,"a,c"
Shanghai,Projected_Area,199.0675,-0.8986285925,"a,c"
Guangzhou,Projected_Area,344.3079,-0.02840859257,"a,c"
Shanghai,Projected_Area,801.9566,1.106017232,"a,c"
Shanghai,Projected_Area,169.9569,-1.797776461,"a,c"
Guangzhou,Projected_Area,195.711,-1.616884828,"a,c"
Shanghai,Projected_Area,362.5677,-0.07762680948,"a,c"
Shanghai,Projected_Area,172.0887,-1.871887088,"a,c"
Shanghai,Projected_Area,132.729,-1.789794803,"a,c"
Beijing,Projected_Area,292.8841,-0.2190090269,"a,c"
Shanghai,Projected_Area,535.2416,0.09150630981,"a,c"
Beijing,Projected_Area,153.4066,-1.908620477,"a,c"
Shanghai,Projected_Area,200.8282,-0.6259910464,"a,c"
Guangzhou,Projected_Area,831.7068,0.5534108877,"a,c"
Shanghai,Projected_Area,340.2359,-0.08413424343,"a,c"
Beijing,Projected_Area,451.068,0.2268888503,"a,c"
Shanghai,Projected_Area,686.5311,0.6087561846,"a,c"
Shanghai,Projected_Area,700.1967,0.2467884272,"a,c"
Guangzhou,Projected_Area,811.0311,0.7573204637,"a,c"
Wuhan,Projected_Area,127.2967,-1.559472561,"a,c"
Shanghai,Projected_Area,567.6434,-0.03435804322,"a,c"
Shanghai,Projected_Area,477.2352,0.502258122,"a,c"
Shanghai,Projected_Area,242.0191,-1.188510895,"a,c"
Shanghai,Projected_Area,608.397,0.415794909,"a,c"
Shanghai,Projected_Area,854.4811,0.5767624378,"a,c"
Wuhan,Projected_Area,380.9925,-0.01121958438,"a,c"
Shanghai,Projected_Area,547.6255,0.0761661157,"a,c"
Shanghai,Projected_Area,374.3371,-0.09269559383,"a,c"
Shanghai,Projected_Area,189.1899,-1.884319067,"a,c"
Shanghai,Projected_Area,275.5935,-0.3508326709,"a,c"
Beijing,Projected_Area,472.6962,0.3389770389,"a,c"
Shanghai,Projected_Area,351.8741,0.06098893285,"a,c"
Shanghai,Projected_Area,163.8901,-1.645174623,"a,c"
Shanghai,Projected_Area,221.3845,-1.14539063,"a,c"
Shanghai,Projected_Area,401.935,0.1456865668,"a,c"
Shanghai,Projected_Area,190.9884,-1.929430246,"a,c"
Beijing,Projected_Area,767.7975,0.7534688711,"a,c"
Shanghai,Projected_Area,565.4999,-0.0388032943,"a,c"
Wuhan,Projected_Area,791.0813,0.847104311,"a,c"
Wuhan,Projected_Area,455.1797,0.2556819618,"a,c"
Shanghai,Projected_Area,390.9859,0.05683240667,"a,c"
Guangzhou,Projected_Area,288.2531,-0.3628613353,"a,c"
Shanghai,Projected_Area,452.8602,0.3641624451,"a,c"
Beijing,Projected_Area,568.1125,-0.04808091745,"a,c"
Shanghai,Projected_Area,372.7154,0.07685142756,"a,c"
Shanghai,Projected_Area,161.8644,-2.231288195,"a,c"
Guangzhou,Projected_Area,151.6251,-1.633394718,"a,c"
Shanghai,Projected_Area,147.6945,-2.146954775,"a,c"
Guangzhou,Projected_Area,171.7462,-1.711131334,"a,c"
Shanghai,Projected_Area,110.1562,-1.674970031,"a,c"
Shanghai,Projected_Area,342.5893,-0.03628974035,"a,c"
Wuhan,Projected_Area,357.2285,-0.01422072295,"a,c"
Shanghai,Projected_Area,438.3959,0.1654453725,"a,c"
Beijing,Projected_Area,108.8545,-0.9719151855,"a,c"
Wuhan,Projected_Area,389.2504,-0.09211947769,"a,c"
Beijing,Projected_Area,935.9218,0.5750193596,"a,c"
Shanghai,Projected_Area,710.6819,0.4930395782,"a,c"
Wuhan,Projected_Area,849.0299,0.4980884492,"a,c"
Shanghai,Projected_Area,403.0853,0.1161173135,"a,c"
Wuhan,Projected_Area,577.8216,-0.0937929675,"a,c"
Shanghai,Projected_Area,412.7299,-0.0255054757,"a,c"
Guangzhou,Projected_Area,113.5839,-1.434546471,"a,c"
Wuhan,Projected_Area,1228.9865,0.6702060103,"a,c"
Guangzhou,Projected_Area,94.6302,-1.334047318,"a,c"
Beijing,Projected_Area,111.2213,-1.52395463,"a,c"
Wuhan,Projected_Area,352.9967,-0.07618429512,"a,c"
Guangzhou,Projected_Area,112.7028,-1.229170918,"a,c"
Shanghai,Projected_Area,581.1477,0.01296926104,"a,c"
Beijing,Projected_Area,550.6399,-0.3277734816,"a,c"
Shanghai,Projected_Area,130.9947,-1.856366396,"a,c"
Wuhan,Projected_Area,343.6984,0.08371464163,"a,c"
Shanghai,Projected_Area,269.9037,-0.2169971168,"a,c"
Guangzhou,Projected_Area,433.744,0.08840004355,"a,c"
Wuhan,Projected_Area,833.358,0.6526985765,"a,c"
Shanghai,Projected_Area,229.4277,-1.322157502,"a,c"
Shanghai,Projected_Area,390.3778,-0.03748175874,"a,c"
Wuhan,Projected_Area,726.5258,0.1349396259,"a,c"
Wuhan,Projected_Area,490.5708,0.2764442861,"a,c"
Shanghai,Projected_Area,398.4841,-0.001147244591,"a,c"
Shanghai,Projected_Area,412.6608,0.05746458471,"a,c"
Shanghai,Projected_Area,183.7713,-1.838723779,"a,c"
Shanghai,Projected_Area,452.1699,0.2025246918,"a,c"
Beijing,Projected_Area,319.9513,0.2673175633,"a,c"
Shanghai,Projected_Area,124.6414,-1.366209626,"a,c"
Shanghai,Projected_Area,275.1494,-0.3814197779,"a,c"
Wuhan,Projected_Area,880.9315,0.376258105,"a,c"
Shanghai,Projected_Area,357.7909,-0.02552362159,"a,c"
Shanghai,Projected_Area,198.3612,-1.0755198,"a,c"
Shanghai,Projected_Area,121.9937,-0.8677492142,"a,c"
Shanghai,Projected_Area,510.0481,0.1643652022,"a,c"
Shanghai,Projected_Area,567.6922,0.03675824031,"a,c"
Wuhan,Projected_Area,1039.6139,0.9655006528,"a,c"
Shanghai,Projected_Area,112.7412,-1.475848675,"a,c"
Wuhan,Projected_Area,458.807,0.2507271469,"a,c"
Wuhan,Projected_Area,393.4152,0.1082878634,"a,c"
Beijing,Projected_Area,424.4621,0.1973190755,"a,c"
Shanghai,Projected_Area,234.2667,-1.162679315,"a,c"
Shanghai,Projected_Area,423.0135,0.1937329024,"a,c"
Shanghai,Projected_Area,154.2943,-2.133927107,"a,c"
Beijing,Projected_Area,214.623,-1.022808194,"a,c"
Shanghai,Projected_Area,456.6772,0.3655263484,"a,c"
Beijing,Projected_Area,309.4269,0.2671222091,"a,c"
Beijing,Projected_Area,114.4076,-1.506542444,"a,c"
Beijing,Projected_Area,675.9643,0.300860405,"a,c"
Wuhan,Projected_Area,608.8956,0.6334466934,"a,c"
Shanghai,Projected_Area,527.4538,0.1837228537,"a,c"
Shanghai,Projected_Area,622.5168,0.4397378266,"a,c"
Shanghai,Projected_Area,99.4608,-1.345007062,"a,c"
Wuhan,Projected_Area,748.4332,0.7587952018,"a,c"
Shanghai,Projected_Area,556.9114,0.0663048178,"a,c"
Shanghai,Projected_Area,721.6519,0.3471682072,"a,c"
Wuhan,Projected_Area,413.0354,0.02809872106,"a,c"
Shanghai,Projected_Area,185.9305,-1.601614118,"a,c"
Guangzhou,Projected_Area,1203.6576,0.8174787164,"a,c"
Shanghai,Projected_Area,189.0238,-1.905990005,"a,c"
Wuhan,Projected_Area,400.0214,0.01511316001,"a,c"
Beijing,Projected_Area,627.5998,0.4541382492,"a,c"
Wuhan,Projected_Area,244.2223,-1.49747026,"a,c"
Shanghai,Projected_Area,583.5088,0.1206835732,"a,c"
Shanghai,Projected_Area,755.7397,0.5546531081,"a,c"
Beijing,Projected_Area,630.7988,0.4363443851,"a,c"
Beijing,Projected_Area,218.2384,-1.275739908,"a,c"
Wuhan,Projected_Area,399.9906,-0.031055158,"a,c"
Shanghai,Projected_Area,140.1112,-1.735596061,"a,c"
Beijing,Projected_Area,405.1671,-0.02667565644,"a,c"
Shanghai,Projected_Area,114.4479,-1.854215503,"a,c"
Beijing,Projected_Area,613.7918,0.3888841569,"a,c"
Wuhan,Projected_Area,260.3371,-0.307970047,"a,c"
Wuhan,Projected_Area,450.25,0.1510200053,"a,c"
Wuhan,Projected_Area,917.0654,0.283669889,"a,c"
Beijing,Projected_Area,489.2312,0.1530682743,"a,c"
Shanghai,Projected_Area,182.3569,-2.058220625,"a,c"
Wuhan,Projected_Area,648.3081,0.4192438722,"a,c"
Shanghai,Projected_Area,161.1451,-1.876892328,"a,c"
Guangzhou,Projected_Area,257.897,-0.3123143613,"a,c"
Shanghai,Projected_Area,640.9849,0.3588808179,"a,c"
Shanghai,Projected_Area,140.0913,-1.660627604,"a,c"
Shanghai,Projected_Area,592.1915,0.3540299535,"a,c"
Wuhan,Projected_Area,363.8709,-0.1931693405,"a,c"
Shanghai,Projected_Area,559.079,0.08691710234,"a,c"
Guangzhou,Projected_Area,118.4002,-1.325926304,"a,c"
Beijing,Projected_Area,553.8898,-0.2590437531,"a,c"
Wuhan,Projected_Area,114.9261,-1.796656728,"a,c"
Shanghai,Projected_Area,419.3158,0.1968167573,"a,c"
Shanghai,Projected_Area,191.3743,-1.304449558,"a,c"
Shanghai,Projected_Area,540.9859,0.2224522531,"a,c"
Shanghai,Projected_Area,84.194,-1.490550756,"a,c"
Shanghai,Projected_Area,232.0967,-1.254404902,"a,c"
Guangzhou,Projected_Area,104.5614,-1.395033598,"a,c"
Beijing,Projected_Area,537.0956,-0.193601802,"a,c"
Wuhan,Projected_Area,1025.3137,0.4640391767,"a,c"
Shanghai,Projected_Area,204.746,-0.4426162839,"a,c"
Wuhan,Projected_Area,451.9995,0.1723838001,"a,c"
Shanghai,Projected_Area,601.621,0.2904224992,"a,c"
Beijing,Projected_Area,259.5994,-0.1935102195,"a,c"
Shanghai,Projected_Area,653.6819,0.7240504622,"a,c"
Shanghai,Projected_Area,585.178,0.102709882,"a,c"
Shanghai,Projected_Area,573.9731,-0.2776157856,"a,c"
Shanghai,Projected_Area,426.1736,0.4605781734,"a,c"
Beijing,Projected_Area,787.5652,0.6808976531,"a,c"
Shanghai,Projected_Area,671.593,0.3566587865,"a,c"
Shanghai,Projected_Area,585.1713,0.1146227047,"a,c"
Shanghai,Projected_Area,166.1724,-1.740637422,"a,c"
Shanghai,Projected_Area,287.207,-0.08020123839,"a,c"
Shanghai,Projected_Area,173.7264,-2.103393316,"a,c"
Shanghai,Projected_Area,179.3229,-1.968621135,"a,c"
Shanghai,Projected_Area,471.458,0.2948747575,"a,c"
Beijing,Projected_Area,1217.6662,0.683647573,"a,c"
Beijing,Projected_Area,431.8881,0.4213101268,"a,c"
Beijing,Projected_Area,706.7603,0.2178885788,"a,c"
Shanghai,Projected_Area,535.1398,0.02035636082,"a,c"
Wuhan,Projected_Area,219.1737,-1.404731512,"a,c"
Shanghai,Projected_Area,789.5141,0.885214448,"a,c"
Guangzhou,Projected_Area,164.9597,-1.805021882,"a,c"
Shanghai,Projected_Area,199.4662,-0.6248496771,"a,c"
Shanghai,Projected_Area,351.5072,0.09655379504,"a,c"
Shanghai,Projected_Area,1013.1291,0.3304325938,"a,c"
Wuhan,Projected_Area,541.5291,0.1214095354,"a,c"
Beijing,Projected_Area,416.504,0.273206681,"a,c"
Shanghai,Projected_Area,439.6585,0.3360051215,"a,c"
Beijing,Projected_Area,596.8885,0.1696471423,"a,c"
Beijing,Projected_Area,327.8536,0.007853019983,"a,c"
Beijing,Projected_Area,184.7631,-1.91817379,"a,c"
Wuhan,Projected_Area,396.7013,-0.1448830515,"a,c"
Guangzhou,Projected_Area,156.784,-1.239483714,"a,c"
Guangzhou,Projected_Area,323.5011,-0.07928824425,"a,c"
Shanghai,Projected_Area,569.4983,-0.007382352371,"a,c"
Shanghai,Projected_Area,782.9749,0.6328359842,"a,c"
Shanghai,Projected_Area,242.3946,-1.473561049,"a,c"
Shanghai,Projected_Area,97.3547,-1.582938313,"a,c"
Shanghai,Projected_Area,176.8062,-1.613517761,"a,c"
Guangzhou,Projected_Area,442.2689,0.111157991,"a,c"
Guangzhou,Projected_Area,564.3116,-0.1225386709,"a,c"
Wuhan,Projected_Area,288.395,-0.2878035307,"a,c"
Wuhan,Projected_Area,633.6421,0.4075388014,"a,c"
Guangzhou,Projected_Area,133.2314,-1.477847695,"a,c"
Guangzhou,Projected_Area,242.6514,-1.223257303,"a,c"
Wuhan,Projected_Area,846.0939,0.6630477309,"a,c"
Shanghai,Projected_Area,212.2786,-1.512378573,"a,c"
Beijing,Projected_Area,119.9303,-1.687435508,"a,c"
Shanghai,Projected_Area,518.0038,0.08254062384,"a,c"
Wuhan,Projected_Area,525.5662,-0.003136086045,"a,c"
Shanghai,Projected_Area,202.7771,-0.5078902245,"a,c"
Beijing,Projected_Area,218.1776,-1.748777747,"a,c"
Shanghai,Projected_Area,226.8329,-1.492883086,"a,c"
Guangzhou,Projected_Area,95.2409,-1.459053636,"a,c"
Shanghai,Projected_Area,869.4687,0.3675526977,"a,c"
Shanghai,Projected_Area,138.7837,-1.420371771,"a,c"
Shanghai,Projected_Area,142.8177,-1.777635217,"a,c"
Beijing,Projected_Area,210.2289,-1.441752553,"a,c"
Shanghai,Projected_Area,111.8541,-1.406428576,"a,c"
Shanghai,Projected_Area,438.5893,0.2446574122,"a,c"
Shanghai,Projected_Area,910.6919,0.530593574,"a,c"
Shanghai,Projected_Area,582.2104,-0.01278296672,"a,c"
Shanghai,Projected_Area,91.8346,-1.719379663,"a,c"
Wuhan,Projected_Area,623.6414,0.5053027868,"a,c"
Shanghai,Projected_Area,286.2859,-0.1900746226,"a,c"
Wuhan,Projected_Area,482.6302,0.2356880754,"a,c"
Wuhan,Projected_Area,904.0206,0.442800343,"a,c"
Shanghai,Projected_Area,203.3319,-0.7191333175,"a,c"
Wuhan,Projected_Area,141.6664,-1.03502214,"a,c"
Shanghai,Projected_Area,375.0855,-0.03209308907,"a,c"
Shanghai,Projected_Area,304.2203,-0.271984756,"a,c"
Shanghai,Projected_Area,234.8769,-1.375249982,"a,c"
Shanghai,Projected_Area,537.169,0.09085404873,"a,c"
Shanghai,Projected_Area,134.2289,-1.949387312,"a,c"
Shanghai,Projected_Area,532.4997,0.07229673862,"a,c"
Shanghai,Projected_Area,113.171,-1.579679847,"a,c"
Shanghai,Projected_Area,519.5924,0.1756076068,"a,c"
Shanghai,Projected_Area,487.5951,0.266284734,"a,c"
Shanghai,Projected_Area,291.0425,-0.2306526154,"a,c"
Shanghai,Projected_Area,1281.961,0.8595917225,"a,c"
Shanghai,Projected_Area,254.071,-0.5915512443,"a,c"
Shanghai,Projected_Area,296.5742,-0.245195359,"a,c"
Guangzhou,Projected_Area,139.6891,-1.486253619,"a,c"
Shanghai,Projected_Area,322.4216,-0.1682281494,"a,c"
Wuhan,Projected_Area,412.3452,-0.001415355597,"a,c"
Wuhan,Projected_Area,484.5561,0.3155027628,"a,c"
Wuhan,Projected_Area,1210.1333,1.024429083,"a,c"
Beijing,Projected_Area,260.4048,0.1426236778,"a,c"
Wuhan,Projected_Area,145.2682,-1.639462709,"a,c"
Wuhan,Projected_Area,394.775,0.05539302155,"a,c"
Wuhan,Projected_Area,1084.1409,0.7639237046,"a,c"
Guangzhou,Projected_Area,1572.7332,0.8194794655,"a,c"
Wuhan,Projected_Area,645.7342,0.5605163574,"a,c"
Shanghai,Projected_Area,232.3777,-1.275653481,"a,c"
Shanghai,Projected_Area,467.0712,0.2632038891,"a,c"
Beijing,Projected_Area,431.9047,0.4561915696,"a,c"
Wuhan,Projected_Area,391.5265,-0.02013736218,"a,c"
Wuhan,Projected_Area,154.2406,-1.993828535,"a,c"
Wuhan,Projected_Area,768.4769,0.5017555356,"a,c"
Shanghai,Projected_Area,212.8951,-0.8507701159,"a,c"
Beijing,Projected_Area,450.263,0.2832902074,"a,c"
Wuhan,Projected_Area,359.1694,-0.142576918,"a,c"
Wuhan,Projected_Area,303.2665,-0.2675376236,"a,c"
Wuhan,Projected_Area,839.5054,0.7258737683,"a,c"
Wuhan,Projected_Area,447.1352,0.2910951078,"a,c"
Shanghai,Projected_Area,128.2324,-1.710027695,"a,c"
Guangzhou,Projected_Area,323.0224,-0.07899823785,"a,c"
Wuhan,Projected_Area,488.2988,0.1343559474,"a,c"
Shanghai,Projected_Area,252.984,-0.4020735919,"a,c"
Beijing,Projected_Area,921.1739,0.1189883426,"a,c"
Wuhan,Projected_Area,760.6957,0.4459727705,"a,c"
Shanghai,Projected_Area,280.5036,-0.4271662533,"a,c"
Shanghai,Projected_Area,413.1974,0.03842566162,"a,c"
Shanghai,Projected_Area,811.7771,0.5419921875,"a,c"
Wuhan,Projected_Area,219.7395,-1.769316077,"a,c"
Beijing,Projected_Area,109.4174,-1.635539055,"a,c"
Beijing,Projected_Area,433.7113,0.0568908751,"a,c"
Shanghai,Projected_Area,142.255,-1.864691019,"a,c"
Shanghai,Projected_Area,488.8294,0.2457410395,"a,c"
Shanghai,Projected_Area,163.0375,-1.855159044,"a,c"
Shanghai,Projected_Area,271.2383,-0.2443100065,"a,c"
Wuhan,Projected_Area,822.3669,0.6516762376,"a,c"
Shanghai,Projected_Area,99.8306,-1.662373662,"a,c"
Beijing,Projected_Area,363.784,-0.09949918836,"a,c"
Shanghai,Projected_Area,206.109,-1.519001245,"a,c"
Guangzhou,Projected_Area,111.5333,-1.13827765,"a,c"
Beijing,Projected_Area,319.9222,0.01489842031,"a,c"
Shanghai,Projected_Area,302.7403,-0.2279306799,"a,c"
Wuhan,Projected_Area,445.8962,0.44439587,"a,c"
Beijing,Projected_Area,165.4,-1.936659455,"a,c"
Shanghai,Projected_Area,116.9229,-1.546279311,"a,c"
Shanghai,Projected_Area,330.6878,0.007178945001,"a,c"
Shanghai,Projected_Area,193.6461,-1.579110742,"a,c"
Shanghai,Projected_Area,459.9317,0.3197635114,"a,c"
Shanghai,Projected_Area,295.8088,-0.006932734512,"a,c"
Beijing,Projected_Area,589.5914,0.3324413896,"a,c"
Shanghai,Projected_Area,227.8844,-1.654098034,"a,c"
Wuhan,Projected_Area,551.9417,-0.08330416679,"a,c"
Shanghai,Projected_Area,836.4388,0.5367846489,"a,c"
Shanghai,Projected_Area,285.7804,-0.359683454,"a,c"
Beijing,Projected_Area,157.1922,-1.645782828,"a,c"
Shanghai,Projected_Area,528.1576,0.05861042812,"a,c"
Beijing,Projected_Area,1254.2808,0.7496965528,"a,c"
Guangzhou,Projected_Area,538.2943,0.02251963504,"a,c"
Shanghai,Projected_Area,149.8361,-1.867218733,"a,c"
Shanghai,Projected_Area,464.6847,0.3589894474,"a,c"
Shanghai,Projected_Area,216.1241,-1.48217988,"a,c"
Shanghai,Projected_Area,335.8067,-0.02214108035,"a,c"
Shanghai,Projected_Area,692.648,0.2998434603,"a,c"
Shanghai,Projected_Area,803.4077,1.118908167,"a,c"
Shanghai,Projected_Area,473.5679,0.2776955962,"a,c"
Wuhan,Projected_Area,655.3153,0.3791020811,"a,c"
Shanghai,Projected_Area,179.0455,-1.772810102,"a,c"
Shanghai,Projected_Area,752.6542,0.569424808,"a,c"
Shanghai,Projected_Area,765.4086,0.6091211438,"a,c"
Shanghai,Projected_Area,309.8522,0.2735738456,"a,c"
Wuhan,Projected_Area,447.5432,0.05474229529,"a,c"
Shanghai,Projected_Area,777.4596,0.5757665038,"a,c"
Wuhan,Projected_Area,260.509,-0.1430352032,"a,c"
Wuhan,Projected_Area,343.932,-0.01380088273,"a,c"
Wuhan,Projected_Area,223.2008,-0.8300257921,"a,c"
Shanghai,Projected_Area,265.1755,-0.3161196411,"a,c"
Shanghai,Projected_Area,359.8307,-0.08182888478,"a,c"
Shanghai,Projected_Area,472.5275,0.3248139322,"a,c"
Guangzhou,Projected_Area,1569.0166,0.9065974951,"a,c"
Wuhan,Projected_Area,229.3142,-1.40179348,"a,c"
Shanghai,Projected_Area,519.0418,0.1298115849,"a,c"
Shanghai,Projected_Area,370.8819,0.04320313409,"a,c"
Shanghai,Projected_Area,295.6747,-0.1639884561,"a,c"
Wuhan,Projected_Area,233.3623,-1.05998683,"a,c"
Shanghai,Projected_Area,722.8066,0.5056337714,"a,c"
Shanghai,Projected_Area,391.7444,0.1289598793,"a,c"
Wuhan,Projected_Area,436.6883,0.155553028,"a,c"
Wuhan,Projected_Area,177.3497,-1.777495265,"a,c"
Guangzhou,Projected_Area,133.062,-1.464280009,"a,c"
Wuhan,Projected_Area,538.3145,0.007981622592,"a,c"
Beijing,Projected_Area,563.0412,0.006755261682,"a,c"
Wuhan,Projected_Area,308.4393,0.09139280021,"a,c"
Shanghai,Projected_Area,205.6891,-0.6637349725,"a,c"
Shanghai,Projected_Area,510.9506,0.2528228164,"a,c"
Shanghai,Projected_Area,512.1595,0.2001225203,"a,c"
Shanghai,Projected_Area,465.2074,0.3567740619,"a,c"
Shanghai,Projected_Area,114.5704,-1.831539631,"a,c"
Shanghai,Projected_Area,773.1678,0.8445340991,"a,c"
Beijing,Projected_Area,141.9344,-1.333938956,"a,c"
Beijing,Projected_Area,1030.6775,0.8977643847,"a,c"
Shanghai,Projected_Area,150.1637,-2.046272039,"a,c"
Shanghai,Projected_Area,163.6044,-1.649264693,"a,c"
Shanghai,Projected_Area,192.8231,-1.672602415,"a,c"
Beijing,Projected_Area,631.5321,0.7676287293,"a,c"
Shanghai,Projected_Area,647.8447,0.4298627973,"a,c"
Shanghai,Projected_Area,655.3246,0.3030908406,"a,c"
Shanghai,Projected_Area,638.7222,0.4623258412,"a,c"
Wuhan,Projected_Area,735.5407,0.4819977283,"a,c"
Beijing,Projected_Area,1266.8831,0.7255421877,"a,c"
Guangzhou,Projected_Area,102.5296,-1.72192347,"a,c"
Wuhan,Projected_Area,226.3149,-1.510342002,"a,c"
Shanghai,Projected_Area,794.183,1.088100553,"a,c"
Shanghai,Projected_Area,275.2531,-0.303132683,"a,c"
Shanghai,Projected_Area,305.5394,-0.2369435579,"a,c"
Beijing,Projected_Area,391.2328,-0.0746088922,"a,c"
Shanghai,Projected_Area,173.6206,-2.21784091,"a,c"
Shanghai,Projected_Area,487.0376,0.3607337177,"a,c"
Shanghai,Projected_Area,292.18,-0.2517847121,"a,c"
Guangzhou,Projected_Area,128.5314,-1.445849657,"a,c"
Shanghai,Projected_Area,586.9151,0.3337737918,"a,c"
Shanghai,Projected_Area,133.6185,-1.705617785,"a,c"
Shanghai,Projected_Area,569.5014,0.04380043224,"a,c"
Wuhan,Projected_Area,397.4086,0.06435763091,"a,c"
Shanghai,Projected_Area,407.1781,0.01012068894,"a,c"
Shanghai,Projected_Area,138.7317,-1.503985167,"a,c"
Wuhan,Projected_Area,412.7144,0.03422276676,"a,c"
Wuhan,Projected_Area,213.6526,-1.063704371,"a,c"
Wuhan,Projected_Area,570.202,-0.1204445213,"a,c"
Shanghai,Projected_Area,387.3467,0.1717608422,"a,c"
Wuhan,Projected_Area,167.1703,-2.114029646,"a,c"
Wuhan,Projected_Area,1011.5771,0.3860948086,"a,c"
Guangzhou,Projected_Area,1427.4182,0.8881235719,"a,c"
Shanghai,Projected_Area,529.6989,0.1273906231,"a,c"
Wuhan,Projected_Area,560.5517,-0.09398774058,"a,c"
Shanghai,Projected_Area,557.6756,-0.0363111943,"a,c"
Wuhan,Projected_Area,688.4129,0.4014639258,"a,c"
Guangzhou,Projected_Area,231.6423,-1.301077962,"a,c"
Wuhan,Projected_Area,357.9248,-0.07630512863,"a,c"
Shanghai,Projected_Area,363.783,-0.1352309734,"a,c"
Wuhan,Projected_Area,510.27,0.07562558353,"a,c"
Shanghai,Projected_Area,480.447,0.1260080934,"a,c"
Wuhan,Projected_Area,279.7145,-0.1466200054,"a,c"
Beijing,Projected_Area,131.6292,-1.559458733,"a,c"
Wuhan,Projected_Area,200.3404,-0.7384593487,"a,c"
Shanghai,Projected_Area,442.8505,0.3990520835,"a,c"
Wuhan,Projected_Area,1011.1124,0.5023690462,"a,c"
Shanghai,Projected_Area,474.4265,0.3922150731,"a,c"
Beijing,Projected_Area,632.9908,0.6992576122,"a,c"
Shanghai,Projected_Area,583.3687,0.09915350378,"a,c"
Beijing,Projected_Area,435.073,0.2395955473,"a,c"
Guangzhou,Projected_Area,802.2516,1.18194294,"a,c"
Shanghai,Projected_Area,280.5534,-0.3835600317,"a,c"
Wuhan,Projected_Area,411.2108,0.03166304156,"a,c"
Shanghai,Projected_Area,171.9455,-1.950470567,"a,c"
Beijing,Projected_Area,639.6916,0.4048654735,"a,c"
Shanghai,Projected_Area,370.1706,-0.1162565872,"a,c"
Wuhan,Projected_Area,141.2024,-1.029399276,"a,c"
Beijing,Projected_Area,236.8863,-1.506778479,"a,c"
Shanghai,Projected_Area,654.1181,0.5185871124,"a,c"
Shanghai,Projected_Area,521.9694,0.131578356,"a,c"
Shanghai,Projected_Area,150.9598,-1.956780314,"a,c"
Shanghai,Projected_Area,697.3699,0.6388836503,"a,c"
Shanghai,Projected_Area,319.4118,-0.02611404099,"a,c"
Shanghai,Projected_Area,186.6147,-2.054454327,"a,c"
Shanghai,Projected_Area,668.8813,0.3478743136,"a,c"
Shanghai,Projected_Area,278.4114,-0.4149545729,"a,c"
Beijing,Projected_Area,131.9229,-2.17345643,"a,c"
Wuhan,Projected_Area,1280.6842,1.011488557,"a,c"
Shanghai,Projected_Area,209.5087,-1.287611961,"a,c"
Shanghai,Projected_Area,199.5745,-1.02389884,"a,c"
Wuhan,Projected_Area,617.0423,0.4127245247,"a,c"
Beijing,Projected_Area,146.7028,-1.660897613,"a,c"
Shanghai,Projected_Area,531.6307,0.05780058727,"a,c"
Shanghai,Projected_Area,125.9725,-1.617747903,"a,c"
Guangzhou,Projected_Area,406.7767,-0.00321382517,"a,c"
Wuhan,Projected_Area,317.3432,0.1213344261,"a,c"
Shanghai,Projected_Area,437.4884,0.2861542106,"a,c"
Shanghai,Projected_Area,484.1473,0.2673136592,"a,c"
Shanghai,Projected_Area,129.5482,-1.754671693,"a,c"
Beijing,Projected_Area,262.9563,-0.1274741739,"a,c"
Guangzhou,Projected_Area,247.8537,-0.7402095199,"a,c"
Shanghai,Projected_Area,147.689,-1.835052848,"a,c"
Wuhan,Projected_Area,595.9742,0.07074669749,"a,c"
Guangzhou,Projected_Area,1257.1729,0.7387401462,"a,c"
Shanghai,Projected_Area,309.8107,0.6390830278,"a,c"
Wuhan,Projected_Area,551.0406,-0.1107454523,"a,c"
Shanghai,Projected_Area,99.2198,-1.340896845,"a,c"
Shanghai,Projected_Area,261.3689,-0.3893184066,"a,c"
Shanghai,Projected_Area,638.426,0.4186045527,"a,c"
Beijing,Projected_Area,786.5554,0.4614302516,"a,c"
Guangzhou,Projected_Area,159.2013,-1.522103906,"a,c"
Beijing,Projected_Area,137.9098,-1.969126344,"a,c"
Beijing,Projected_Area,431.8665,0.3633678854,"a,c"
Shanghai,Projected_Area,329.9931,-0.1959600151,"a,c"
Beijing,Projected_Area,826.2481,0.7150053978,"a,c"
Wuhan,Projected_Area,429.4249,0.5071239471,"a,c"
Guangzhou,Projected_Area,366.7192,-0.05886715278,"a,c"
Wuhan,Projected_Area,807.9233,1.060462832,"a,c"
Shanghai,Projected_Area,112.4316,-1.269933581,"a,c"
Shanghai,Projected_Area,823.7291,0.5837465525,"a,c"
Guangzhou,Projected_Area,373.0682,-0.08037281036,"a,c"
Shanghai,Projected_Area,196.7489,-2.090231419,"a,c"
Wuhan,Projected_Area,258.3281,0.01042344328,"a,c"
Shanghai,Projected_Area,550.7242,0.03752200678,"a,c"
Shanghai,Projected_Area,483.1932,0.3299891353,"a,c"
Wuhan,Projected_Area,675.7804,0.4394188225,"a,c"
Shanghai,Projected_Area,151.5826,-1.618457675,"a,c"
Wuhan,Projected_Area,200.1553,-0.7092698812,"a,c"
Shanghai,Projected_Area,444.5568,0.376080215,"a,c"
Shanghai,Projected_Area,337.5857,0.6188557744,"a,c"
Beijing,Projected_Area,190.8114,-1.274674177,"a,c"
Shanghai,Projected_Area,339.5751,-0.01452925242,"a,c"
Shanghai,Projected_Area,144.1595,-1.753473878,"a,c"
Shanghai,Projected_Area,535.0584,0.04506548122,"a,c"
Shanghai,Projected_Area,148.5356,-1.805603862,"a,c"
Shanghai,Projected_Area,130.3423,-1.644557714,"a,c"
Beijing,Projected_Area,149.9047,-1.52435112,"a,c"
Shanghai,Projected_Area,337.8889,-0.1481888741,"a,c"
Beijing,Projected_Area,1026.7898,0.35196504,"a,c"
Wuhan,Projected_Area,896.6948,0.2143922597,"a,c"
Shanghai,Projected_Area,177.6821,-2.018216133,"a,c"
Wuhan,Projected_Area,456.7144,0.0772741437,"a,c"
Shanghai,Projected_Area,1168.1281,0.5013532639,"a,c"
Shanghai,Projected_Area,577.5834,-0.0762437135,"a,c"
Guangzhou,Projected_Area,277.8158,-0.352435112,"a,c"
Shanghai,Projected_Area,139.0589,-1.50195086,"a,c"
Shanghai,Projected_Area,192.8994,-2.025993586,"a,c"
Shanghai,Projected_Area,678.1545,0.5816325545,"a,c"
Wuhan,Projected_Area,604.2967,0.2791227698,"a,c"
Guangzhou,Projected_Area,181.9147,-1.689594507,"a,c"
Beijing,Projected_Area,237.6324,-1.000236511,"a,c"
Wuhan,Projected_Area,526.976,-0.0710375905,"a,c"
Shanghai,Projected_Area,114.2613,-1.85517168,"a,c"
Beijing,Projected_Area,605.9463,0.2758235931,"a,c"
Beijing,Projected_Area,133.369,-1.78261745,"a,c"
Shanghai,Projected_Area,565.6822,0.0626956746,"a,c"
Wuhan,Projected_Area,273.9858,-0.3457207978,"a,c"
Shanghai,Projected_Area,350.9912,-0.03350108489,"a,c"
Beijing,Projected_Area,512.0608,-0.09009645134,"a,c"
Shanghai,Projected_Area,160.1292,-1.788352966,"a,c"
Beijing,Projected_Area,288.5735,-0.1583769172,"a,c"
Guangzhou,Projected_Area,100.6299,-1.517235994,"a,c"
Shanghai,Projected_Area,359.0976,-0.07889202237,"a,c"
Wuhan,Projected_Area,447.6269,0.3839972317,"a,c"
Wuhan,Projected_Area,459.1054,0.3374832869,"a,c"
Shanghai,Projected_Area,1034.7452,0.3058642745,"a,c"
Shanghai,Projected_Area,259.9565,-0.208311528,"a,c"
Shanghai,Projected_Area,422.7768,0.04439656436,"a,c"
Guangzhou,Projected_Area,125.6428,-1.40156436,"a,c"
Beijing,Projected_Area,201.185,-0.5255942345,"a,c"
Shanghai,Projected_Area,118.6659,-1.861835718,"a,c"
Shanghai,Projected_Area,643.7113,0.4840891063,"a,c"
Shanghai,Projected_Area,375.804,0.1529635638,"a,c"
Guangzhou,Projected_Area,751.4864,0.4926331043,"a,c"
Shanghai,Projected_Area,619.8871,0.2515727282,"a,c"
Guangzhou,Projected_Area,92.1571,-1.341402054,"a,c"
Shanghai,Projected_Area,234.613,-1.502291918,"a,c"
Wuhan,Projected_Area,942.836,0.2922978699,"a,c"
Shanghai,Projected_Area,445.6574,0.4713262916,"a,c"
Shanghai,Projected_Area,398.322,0.1062916666,"a,c"
Wuhan,Projected_Area,178.336,-1.621999741,"a,c"
Shanghai,Projected_Area,164.2062,-2.310976267,"a,c"
Guangzhou,Projected_Area,109.5998,-1.300755858,"a,c"
Beijing,Projected_Area,606.1694,0.1999340653,"a,c"
Wuhan,Projected_Area,1004.9518,0.238623172,"a,c"
Beijing,Projected_Area,550.1028,-0.140295133,"a,c"
Shanghai,Projected_Area,313.8198,0.1608169675,"a,c"
Shanghai,Projected_Area,445.2554,0.4025588036,"a,c"
Wuhan,Projected_Area,517.1136,0.05729092285,"a,c"
Beijing,Projected_Area,157.0303,-2.262815475,"a,c"
Shanghai,Projected_Area,211.896,-1.552897811,"a,c"
Shanghai,Projected_Area,437.2343,0.3463745713,"a,c"
Shanghai,Projected_Area,412.0151,0.02797228843,"a,c"
Shanghai,Projected_Area,863.3135,0.2254698426,"a,c"
Shanghai,Projected_Area,1454.9102,0.9852952361,"a,c"
Wuhan,Projected_Area,231.1423,-1.58513701,"a,c"
Shanghai,Projected_Area,532.7123,0.06393255293,"a,c"
Wuhan,Projected_Area,360.8104,-0.01107200142,"a,c"
Wuhan,Projected_Area,348.4582,-0.05709692091,"a,c"
Shanghai,Projected_Area,652.365,0.4228445292,"a,c"
Shanghai,Projected_Area,518.2026,0.03076161817,"a,c"
Shanghai,Projected_Area,610.4272,0.3704530299,"a,c"
Shanghai,Projected_Area,625.5242,0.3329011798,"a,c"
Wuhan,Projected_Area,807.4938,0.9060243368,"a,c"
Shanghai,Projected_Area,538.6411,0.09879724681,"a,c"
Beijing,Projected_Area,186.8186,-2.051669836,"a,c"
Shanghai,Projected_Area,397.9564,0.2586010993,"a,c"
Shanghai,Projected_Area,668.1492,0.6912885308,"a,c"
Wuhan,Projected_Area,884.1432,0.2541522384,"a,c"
Shanghai,Projected_Area,273.6513,-0.4690091908,"a,c"
Beijing,Projected_Area,290.718,-0.2959915996,"a,c"
Shanghai,Projected_Area,612.4583,0.4935353994,"a,c"
Shanghai,Projected_Area,201.7865,-0.8760983348,"a,c"
Shanghai,Projected_Area,558.0352,0.05932904035,"a,c"
Guangzhou,Projected_Area,638.6158,0.5405880213,"a,c"
Shanghai,Projected_Area,511.5932,0.1660693139,"a,c"
Shanghai,Projected_Area,607.3153,0.4545675814,"a,c"
Beijing,Projected_Area,349.8588,-0.06949298084,"a,c"
Shanghai,Projected_Area,525.828,0.1289013326,"a,c"
Shanghai,Projected_Area,99.5763,-1.232035756,"a,c"
Shanghai,Projected_Area,125.3454,-1.730230689,"a,c"
Shanghai,Projected_Area,155.4284,-1.811936736,"a,c"
Wuhan,Projected_Area,451.3507,0.3891730607,"a,c"
Shanghai,Projected_Area,515.416,0.1346805394,"a,c"
Guangzhou,Projected_Area,166.8066,-1.495154381,"a,c"
Wuhan,Projected_Area,610.959,0.4473899007,"a,c"
Shanghai,Projected_Area,408.6171,-0.01593098417,"a,c"
Guangzhou,Projected_Area,505.161,0.2161490917,"a,c"
Shanghai,Projected_Area,778.2662,0.6391909719,"a,c"
Guangzhou,Projected_Area,1277.9211,1.006145477,"a,c"
Shanghai,Projected_Area,129.7067,-1.658519864,"a,c"
Shanghai,Projected_Area,878.789,0.3613243699,"a,c"
Beijing,Projected_Area,179.4533,-1.540308833,"a,c"
Shanghai,Projected_Area,502.2042,0.2650173903,"a,c"
Guangzhou,Projected_Area,139.2063,-1.511397958,"a,c"
Beijing,Projected_Area,442.9939,0.1768484116,"a,c"
Shanghai,Projected_Area,198.9792,-0.946749568,"a,c"
Beijing,Projected_Area,514.2381,0.0322717987,"a,c"
Shanghai,Projected_Area,511.2794,0.07192178071,"a,c"
Shanghai,Projected_Area,302.7769,-0.1352183521,"a,c"
Guangzhou,Projected_Area,1026.8806,0.4737711847,"a,c"
Shanghai,Projected_Area,212.0674,-1.82091248,"a,c"
Wuhan,Projected_Area,649.7528,0.4534390271,"a,c"
Shanghai,Projected_Area,143.4629,-2.184553385,"a,c"
Shanghai,Projected_Area,279.2341,-0.3328116834,"a,c"
Guangzhou,Projected_Area,803.1898,1.382018685,"a,c"
Shanghai,Projected_Area,381.0248,0.02833506279,"a,c"
Beijing,Projected_Area,409.4766,-0.1043333337,"a,c"
Guangzhou,Projected_Area,197.7794,-0.7212783694,"a,c"
Shanghai,Projected_Area,121.4384,-1.670899868,"a,c"
Shanghai,Projected_Area,226.5023,-1.502204418,"a,c"
Shanghai,Projected_Area,438.853,0.3700411916,"a,c"
Wuhan,Projected_Area,295.6931,-0.3251509666,"a,c"
Guangzhou,Projected_Area,447.5925,0.1128652021,"a,c"
Shanghai,Projected_Area,261.6086,-0.142867893,"a,c"
Shanghai,Projected_Area,453.4653,0.5996341705,"a,c"
Beijing,Projected_Area,141.0912,-1.447238088,"a,c"
Shanghai,Projected_Area,300.3976,-0.1044633687,"a,c"
Beijing,Projected_Area,506.9947,0.2207299173,"a,c"
Wuhan,Projected_Area,648.5415,0.2709782422,"a,c"
Shanghai,Projected_Area,199.4038,-1.015602827,"a,c"
Guangzhou,Projected_Area,680.4678,0.2058410496,"a,c"
Guangzhou,Projected_Area,329.0494,-0.189371258,"a,c"
Shanghai,Projected_Area,415.4645,0.2960481346,"a,c"
Shanghai,Projected_Area,193.7,-2.121203184,"a,c"
Guangzhou,Projected_Area,219.7622,-1.307189941,"a,c"
Shanghai,Projected_Area,292.8309,-0.2425365597,"a,c"
Beijing,Projected_Area,704.1312,0.2867592275,"a,c"
Shanghai,Projected_Area,522.7708,0.06755562872,"a,c"
Shanghai,Projected_Area,405.4426,-0.1238677055,"a,c"
Shanghai,Projected_Area,117.4247,-1.79316628,"a,c"
Beijing,Projected_Area,677.2323,0.3605547547,"a,c"
Shanghai,Projected_Area,781.007,0.5835918784,"a,c"
Wuhan,Projected_Area,175.5543,-2.080267429,"a,c"
Shanghai,Projected_Area,346.5042,0.1740463078,"a,c"
Guangzhou,Projected_Area,118.2135,-1.27241087,"a,c"
Shanghai,Projected_Area,385.5393,0.0220598951,"a,c"
Shanghai,Projected_Area,128.1286,-1.851609349,"a,c"
Beijing,Projected_Area,524.6546,-0.06394150108,"a,c"
Shanghai,Projected_Area,469.7175,0.2247679085,"a,c"
Guangzhou,Projected_Area,111.0262,-1.450746536,"a,c"
Shanghai,Projected_Area,126.0632,-1.574004412,"a,c"
Shanghai,Projected_Area,222.9652,-1.232949972,"a,c"
Shanghai,Projected_Area,435.0131,0.3266572058,"a,c"
Shanghai,Projected_Area,141.7585,-1.861260414,"a,c"
Guangzhou,Projected_Area,80.7662,-1.313184023,"a,c"
Guangzhou,Projected_Area,107.5253,-1.06723392,"a,c"
Wuhan,Projected_Area,625.316,0.3569923937,"a,c"
Wuhan,Projected_Area,406.7838,0.1518097073,"a,c"
Wuhan,Projected_Area,720.5102,0.5701342225,"a,c"
Beijing,Projected_Area,586.6772,0.2839559317,"a,c"
Shanghai,Projected_Area,594.5613,0.3088896275,"a,c"
Shanghai,Projected_Area,520.0223,0.09989894181,"a,c"
Shanghai,Projected_Area,170.9536,-1.550870419,"a,c"
Shanghai,Projected_Area,378.8208,-0.07292720675,"a,c"
Shanghai,Projected_Area,175.0699,-2.159993649,"a,c"
Shanghai,Projected_Area,403.4592,0.07616396993,"a,c"
Shanghai,Projected_Area,777.3891,0.6665495634,"a,c"
Beijing,Projected_Area,108.5161,-1.614220142,"a,c"
Shanghai,Projected_Area,253.4578,-0.9344748259,"a,c"
Shanghai,Projected_Area,764.0631,0.4006355405,"a,c"
Wuhan,Projected_Area,474.4727,0.2403619289,"a,c"
Shanghai,Projected_Area,518.7794,0.1178607494,"a,c"
Shanghai,Projected_Area,571.0696,-0.04086625203,"a,c"
Shanghai,Projected_Area,322.1546,0.1535202563,"a,c"
Shanghai,Projected_Area,594.2238,0.3971589208,"a,c"
Shanghai,Projected_Area,295.8456,-0.1066600457,"a,c"
Shanghai,Projected_Area,174.561,-2.039127588,"a,c"
Shanghai,Projected_Area,410.7078,0.08670211583,"a,c"
Beijing,Projected_Area,623.4104,0.2563812733,"a,c"
Shanghai,Projected_Area,125.2671,-1.597335577,"a,c"
Shanghai,Projected_Area,295.4086,-0.01424948685,"a,c"
Beijing,Projected_Area,964.9815,0.4358260632,"a,c"
Shanghai,Projected_Area,518.4656,0.08507023007,"a,c"
Wuhan,Projected_Area,566.2445,-0.1151816845,"a,c"
Shanghai,Projected_Area,366.0575,-0.007962682284,"a,c"
Shanghai,Projected_Area,285.7047,-0.3079563379,"a,c"
Wuhan,Projected_Area,730.1552,0.4026707709,"a,c"
Shanghai,Projected_Area,183.3808,-1.162230253,"a,c"
Shanghai,Projected_Area,340.4375,0.01555378176,"a,c"
Shanghai,Projected_Area,430.4279,0.7344512939,"a,c"
Beijing,Projected_Area,243.1606,-1.298108578,"a,c"
Guangzhou,Projected_Area,160.2989,-1.534178734,"a,c"
Shanghai,Projected_Area,210.4133,-1.534914732,"a,c"
Beijing,Projected_Area,747.2369,0.3974370956,"a,c"
Shanghai,Projected_Area,304.594,-0.3583105803,"a,c"
Shanghai,Projected_Area,258.7872,-0.0147441281,"a,c"
Shanghai,Projected_Area,226.056,-1.399899364,"a,c"
Shanghai,Projected_Area,175.2139,-1.949898839,"a,c"
Shanghai,Projected_Area,754.6466,0.4633122683,"a,c"
Shanghai,Projected_Area,289.9257,-0.3149810731,"a,c"
Shanghai,Projected_Area,727.6536,0.6806647778,"a,c"
Shanghai,Projected_Area,311.8966,0.04714136198,"a,c"
Wuhan,Projected_Area,323.9469,-0.01429599058,"a,c"
Guangzhou,Projected_Area,149.201,-1.562735677,"a,c"
Shanghai,Projected_Area,126.2975,-1.897798061,"a,c"
Shanghai,Projected_Area,116.6946,-1.545633793,"a,c"
Shanghai,Projected_Area,115.5929,-1.53418982,"a,c"
Shanghai,Projected_Area,645.877,0.536896646,"a,c"
Shanghai,Projected_Area,82.1877,-1.061912894,"a,c"
Beijing,Projected_Area,539.3575,0.0005027120933,"a,c"
Beijing,Projected_Area,569.4979,-0.0699147284,"a,c"
Shanghai,Projected_Area,478.7908,0.473964572,"a,c"
Shanghai,Projected_Area,425.7382,0.6721762419,"a,c"
Shanghai,Projected_Area,266.7229,-0.2541291118,"a,c"
Beijing,Projected_Area,900.9319,0.4099388123,"a,c"
Guangzhou,Projected_Area,296.2758,-0.2079566568,"a,c"
Wuhan,Projected_Area,116.8276,-1.556849122,"a,c"
Beijing,Projected_Area,346.9949,-0.05995876342,"a,c"
Guangzhou,Projected_Area,263.291,-0.2809052765,"a,c"
Shanghai,Projected_Area,195.9656,-1.529810786,"a,c"
Shanghai,Projected_Area,373.6804,0.07458010316,"a,c"
Shanghai,Projected_Area,475.9518,0.3723160625,"a,c"
Shanghai,Projected_Area,188.921,-1.709423423,"a,c"
Guangzhou,Projected_Area,411.2041,-0.0504709743,"a,c"
Shanghai,Projected_Area,274.7112,-0.5245926976,"a,c"
Guangzhou,Projected_Area,215.6636,-1.363485813,"a,c"
Wuhan,Projected_Area,165.1737,-1.92745316,"a,c"
Shanghai,Projected_Area,613.9441,0.2679129243,"a,c"
Beijing,Projected_Area,448.0775,-0.0001737100101,"a,c"
Shanghai,Projected_Area,196.4997,-1.869145751,"a,c"
Shanghai,Projected_Area,393.7761,0.02803039551,"a,c"
Shanghai,Projected_Area,226.5356,-1.659146547,"a,c"
Wuhan,Projected_Area,195.3402,-1.772029757,"a,c"
Shanghai,Projected_Area,528.1488,0.1239165217,"a,c"
Wuhan,Projected_Area,766.9208,0.4527093768,"a,c"
Shanghai,Projected_Area,802.3439,0.8440199494,"a,c"
Shanghai,Projected_Area,521.6001,0.0646699518,"a,c"
Shanghai,Projected_Area,603.9102,0.3446617126,"a,c"
Shanghai,Projected_Area,522.0376,0.14513807,"a,c"
Shanghai,Projected_Area,427.9521,0.3686949909,"a,c"
Shanghai,Projected_Area,109.0526,-1.731537342,"a,c"
Beijing,Projected_Area,432.1854,0.2014147937,"a,c"
Wuhan,Projected_Area,842.3917,0.6624045372,"a,c"
Shanghai,Projected_Area,447.3875,0.3938424587,"a,c"
Shanghai,Projected_Area,327.4697,-0.04950706661,"a,c"
Wuhan,Projected_Area,664.9826,0.3413670063,"a,c"
Wuhan,Projected_Area,893.7664,0.331711024,"a,c"
Shanghai,Projected_Area,360.3628,-0.1523451805,"a,c"
Shanghai,Projected_Area,683.9594,0.4386465549,"a,c"
Guangzhou,Projected_Area,968.6925,0.4030116796,"a,c"
Shanghai,Projected_Area,272.5821,-0.215377897,"a,c"
Shanghai,Projected_Area,353.0893,-0.08526392281,"a,c"
Shanghai,Projected_Area,418.9569,0.07993144542,"a,c"
Beijing,Projected_Area,252.6805,-0.8333567977,"a,c"
Beijing,Projected_Area,566.8751,-0.09340371937,"a,c"
Shanghai,Projected_Area,505.2101,0.1787003428,"a,c"
Shanghai,Projected_Area,647.4852,0.4825938642,"a,c"
Shanghai,Projected_Area,310.9326,-0.004984769505,"a,c"
Shanghai,Projected_Area,431.7672,0.4984241724,"a,c"
Shanghai,Projected_Area,347.5672,0.3934569061,"a,c"
Shanghai,Projected_Area,164.7744,-2.156901836,"a,c"
Guangzhou,Projected_Area,133.0072,-1.407583833,"a,c"
Shanghai,Projected_Area,517.4465,0.09127109498,"a,c"
Wuhan,Projected_Area,339.4945,-0.07378199697,"a,c"
Shanghai,Projected_Area,229.3969,-1.347306252,"a,c"
Shanghai,Projected_Area,630.671,0.2151117921,"a,c"
Guangzhou,Projected_Area,469.7753,0.07510815561,"a,c"
Beijing,Projected_Area,279.2408,-0.4502974451,"a,c"
Beijing,Projected_Area,149.4922,-1.5743891,"a,c"
Shanghai,Projected_Area,278.481,-0.3993106484,"a,c"
Shanghai,Projected_Area,171.0354,-1.880195022,"a,c"
Wuhan,Projected_Area,602.9105,0.4805859029,"a,c"
Beijing,Projected_Area,103.2434,-1.177754879,"a,c"
Wuhan,Projected_Area,855.9801,0.7278249264,"a,c"
Beijing,Projected_Area,168.4148,-1.882525206,"a,c"
Guangzhou,Projected_Area,808.9732,1.147923708,"a,c"
Beijing,Projected_Area,764.584,0.5235680938,"a,c"
Wuhan,Projected_Area,760.8837,0.6416847706,"a,c"
Beijing,Projected_Area,224.6743,-1.25875175,"a,c"
Shanghai,Projected_Area,594.2767,0.3089696765,"a,c"
Wuhan,Projected_Area,212.5446,-0.9239662886,"a,c"
Shanghai,Projected_Area,186.3999,-2.244595289,"a,c"
Guangzhou,Projected_Area,191.4809,-1.760886192,"a,c"
Wuhan,Projected_Area,470.7172,0.2472418845,"a,c"
Wuhan,Projected_Area,775.9124,0.9202893376,"a,c"
Shanghai,Projected_Area,218.2988,-1.642625809,"a,c"
Wuhan,Projected_Area,383.5393,0.02881780267,"a,c"
Wuhan,Projected_Area,156.245,-1.806427598,"a,c"
Shanghai,Projected_Area,224.2185,-1.357936621,"a,c"
Shanghai,Projected_Area,246.6037,-1.56093049,"a,c"
Guangzhou,Projected_Area,160.5628,-1.360577703,"a,c"
Shanghai,Projected_Area,206.0212,-1.349372029,"a,c"
Shanghai,Projected_Area,690.5242,0.382081449,"a,c"
Shanghai,Projected_Area,402.3293,0.06637852639,"a,c"
Guangzhou,Projected_Area,482.6269,0.1110421345,"a,c"
Shanghai,Projected_Area,168.6105,-1.777412176,"a,c"
Shanghai,Projected_Area,652.3679,0.4740846455,"a,c"
Shanghai,Projected_Area,371.5189,-0.02711023577,"a,c"
Wuhan,Projected_Area,417.2098,0.05189369246,"a,c"
Beijing,Projected_Area,103.0939,-1.368026018,"a,c"
Shanghai,Projected_Area,237.5391,-1.121738434,"a,c"
Shanghai,Projected_Area,208.7819,-1.749151468,"a,c"
Shanghai,Projected_Area,343.2507,-0.1547497511,"a,c"
Shanghai,Projected_Area,586.1711,0.08774827421,"a,c"
Shanghai,Projected_Area,943.9582,0.3506802619,"a,c"
Shanghai,Projected_Area,482.3788,0.2726108134,"a,c"
Wuhan,Projected_Area,1192.8747,0.8399265409,"a,c"
Shanghai,Projected_Area,480.3443,0.2979708314,"a,c"
Shanghai,Projected_Area,321.8145,-0.03560389578,"a,c"
Shanghai,Projected_Area,448.3971,0.4780292809,"a,c"
Shanghai,Projected_Area,562.7582,0.06679849327,"a,c"
Beijing,Projected_Area,724.372,0.8005372286,"a,c"
Shanghai,Projected_Area,318.9164,0.0794377327,"a,c"
Shanghai,Projected_Area,551.3442,-0.01503383927,"a,c"
Shanghai,Projected_Area,97.5916,-1.35991168,"a,c"
Shanghai,Projected_Area,271.7247,-0.3188615441,"a,c"
Shanghai,Projected_Area,408.6468,0.12901555,"a,c"
Shanghai,Projected_Area,148.017,-1.300631166,"a,c"
Shanghai,Projected_Area,163.6085,-2.132169008,"a,c"
Beijing,Projected_Area,285.8171,-0.3721962571,"a,c"
Guangzhou,Projected_Area,226.921,-1.469045639,"a,c"
Beijing,Projected_Area,828.5263,0.6896611452,"a,c"
Wuhan,Projected_Area,270.6593,-0.3718817234,"a,c"
Shanghai,Projected_Area,573.4506,0.0754146874,"a,c"
Beijing,Projected_Area,146.6948,-2.378248215,"a,c"
Shanghai,Projected_Area,458.2015,0.3504254222,"a,c"
Shanghai,Projected_Area,513.2792,-0.04629930109,"a,c"
Beijing,Projected_Area,270.1662,-0.2243535519,"a,c"
Beijing,Projected_Area,265.5424,-0.3409205675,"a,c"
Shanghai,Projected_Area,504.0145,0.2407425642,"a,c"
Beijing,Projected_Area,190.1119,-2.075319052,"a,c"
Shanghai,Projected_Area,812.4415,0.4771650136,"a,c"
Shanghai,Projected_Area,537.848,0.07102240622,"a,c"
Shanghai,Projected_Area,536.1643,0.1365432888,"a,c"
Shanghai,Projected_Area,426.8574,0.408696413,"a,c"
Shanghai,Projected_Area,237.0533,-1.05132091,"a,c"
Wuhan,Projected_Area,480.9816,0.1935018301,"a,c"
Wuhan,Projected_Area,769.6027,0.4004358053,"a,c"
Beijing,Projected_Area,129.8272,-1.309421062,"a,c"
Shanghai,Projected_Area,280.3183,-0.2807981968,"a,c"
Shanghai,Projected_Area,206.7062,-1.413722992,"a,c"
Guangzhou,Projected_Area,163.4084,-1.49346149,"a,c"
Beijing,Projected_Area,1062.283,0.7497151494,"a,c"
Beijing,Projected_Area,333.331,-0.06088579446,"a,c"
Shanghai,Projected_Area,270.5493,-0.3651291132,"a,c"
Wuhan,Projected_Area,915.2766,0.3494998515,"a,c"
Shanghai,Projected_Area,623.5136,0.5524026155,"a,c"
Wuhan,Projected_Area,196.5526,-1.79773736,"a,c"
Wuhan,Projected_Area,475.3668,0.1797819138,"a,c"
Shanghai,Projected_Area,612.1507,0.4602946341,"a,c"
Guangzhou,Projected_Area,589.0942,0.1515367925,"a,c"
Shanghai,Projected_Area,205.6954,-1.035412431,"a,c"
Shanghai,Projected_Area,413.725,0.1017659381,"a,c"
Shanghai,Projected_Area,710.4482,0.4673204422,"a,c"
Shanghai,Projected_Area,345.2705,0.2132979482,"a,c"
Wuhan,Projected_Area,150.9819,-1.540477037,"a,c"
Shanghai,Projected_Area,352.2293,0.06630638987,"a,c"
Shanghai,Projected_Area,385.8237,0.0762700811,"a,c"
Beijing,Projected_Area,393.8824,-0.03677970916,"a,c"
Guangzhou,Projected_Area,583.9625,0.06517264247,"a,c"
Beijing,Projected_Area,374.6893,0.03603738919,"a,c"
Wuhan,Projected_Area,444.6284,0.281370163,"a,c"
Shanghai,Projected_Area,101.0237,-1.478419423,"a,c"
Wuhan,Projected_Area,738.211,0.2545928955,"a,c"
Guangzhou,Projected_Area,102.0358,-1.515570045,"a,c"
Shanghai,Projected_Area,239.5463,-0.9560312033,"a,c"
Shanghai,Projected_Area,605.7576,0.2393058687,"a,c"
Beijing,Projected_Area,461.2648,0.07449319959,"a,c"
Wuhan,Projected_Area,578.1518,0.02895875275,"a,c"
Shanghai,Projected_Area,273.7892,-0.3385962546,"a,c"
Shanghai,Projected_Area,620.2025,0.4187229276,"a,c"
Shanghai,Projected_Area,634.9888,0.5751261115,"a,c"
Guangzhou,Projected_Area,194.3994,-1.497356772,"a,c"
Shanghai,Projected_Area,311.18,0.5911216736,"a,c"
Beijing,Projected_Area,532.929,0.02124243416,"a,c"
Wuhan,Projected_Area,410.6973,-0.09129710495,"a,c"
Wuhan,Projected_Area,580.5515,-0.2125229985,"a,c"
Shanghai,Projected_Area,452.2074,0.3777949512,"a,c"
Shanghai,Projected_Area,250.7406,-0.6315982342,"a,c"
Shanghai,Projected_Area,126.675,-1.659723997,"a,c"
Shanghai,Projected_Area,570.5079,-0.08315728605,"a,c"
Guangzhou,Projected_Area,396.1515,-0.021375034,"a,c"
Wuhan,Projected_Area,724.4545,0.2367879897,"a,c"
Shanghai,Projected_Area,485.4384,0.3031617403,"a,c"
Shanghai,Projected_Area,174.061,-1.643501401,"a,c"
Beijing,Projected_Area,920.5223,0.230387792,"a,c"
Beijing,Projected_Area,867.7676,0.2541463375,"a,c"
Shanghai,Projected_Area,408.582,0.1470484138,"a,c"
Shanghai,Projected_Area,196.2856,-1.754040003,"a,c"
Wuhan,Projected_Area,358.0671,-0.1379183978,"a,c"
Beijing,Projected_Area,292.9194,-0.2257571965,"a,c"
Shanghai,Projected_Area,110.3808,-1.522096276,"a,c"
Shanghai,Projected_Area,309.0131,0.3320673704,"a,c"
Wuhan,Projected_Area,594.8294,0.1136303768,"a,c"
Shanghai,Projected_Area,371.8907,-0.06035660207,"a,c"
Shanghai,Projected_Area,202.7143,-0.7004685402,"a,c"
Shanghai,Projected_Area,710.1749,0.3775081933,"a,c"
Shanghai,Projected_Area,149.7968,-2.21882534,"a,c"
Shanghai,Projected_Area,235.3966,-1.637206435,"a,c"
Shanghai,Projected_Area,431.5467,0.2916417718,"a,c"
Shanghai,Projected_Area,787.0907,0.7396944761,"a,c"
Beijing,Projected_Area,1277.5255,0.8041554689,"a,c"
Wuhan,Projected_Area,373.6365,0.08459086716,"a,c"
Beijing,Projected_Area,974.6107,0.02375062928,"a,c"
Shanghai,Projected_Area,407.959,0.1871767193,"a,c"
Wuhan,Projected_Area,780.471,0.4874565899,"a,c"
Shanghai,Projected_Area,455.0187,0.3965744972,"a,c"
Wuhan,Projected_Area,718.0353,0.2641473711,"a,c"
Shanghai,Projected_Area,617.8459,0.4719951153,"a,c"
Shanghai,Projected_Area,441.2166,0.2848915458,"a,c"
Shanghai,Projected_Area,106.755,-1.797471642,"a,c"
Shanghai,Projected_Area,199.4222,-1.226921916,"a,c"
Shanghai,Projected_Area,558.1942,0.04929293692,"a,c"
Beijing,Projected_Area,720.7497,0.5403228998,"a,c"
Wuhan,Projected_Area,584.8356,-0.01136340108,"a,c"
Beijing,Projected_Area,265.3081,-0.09622435272,"a,c"
Guangzhou,Projected_Area,85.7262,-1.36705792,"a,c"
Shanghai,Projected_Area,545.1908,0.1272478253,"a,c"
Guangzhou,Projected_Area,116.7576,-1.376534224,"a,c"
Wuhan,Projected_Area,364.5808,0.1160112694,"a,c"
Shanghai,Projected_Area,541.1713,0.05188433081,"a,c"
Shanghai,Projected_Area,652.0997,0.5271564722,"a,c"
Wuhan,Projected_Area,670.591,0.2238565236,"a,c"
Wuhan,Projected_Area,239.84,-1.166657686,"a,c"
Shanghai,Projected_Area,574.0062,0.03176423162,"a,c"
Shanghai,Projected_Area,455.5172,0.5090636611,"a,c"
Shanghai,Projected_Area,127.0425,-1.373931527,"a,c"
Shanghai,Projected_Area,390.2589,-0.02445874549,"a,c"
Wuhan,Projected_Area,646.1648,0.5588341355,"a,c"
Shanghai,Projected_Area,283.1548,-0.05709365383,"a,c"
Beijing,Projected_Area,175.3109,-1.922710419,"a,c"
Guangzhou,Projected_Area,221.5799,-1.411898136,"a,c"
Guangzhou,Projected_Area,470.0094,0.2267188281,"a,c"
Beijing,Projected_Area,335.0832,0.06645911187,"a,c"
Shanghai,Projected_Area,88.8349,-1.470137477,"a,c"
Wuhan,Projected_Area,857.1039,0.4779418111,"a,c"
Shanghai,Projected_Area,88.0528,-1.391444087,"a,c"
Shanghai,Projected_Area,233.0803,-1.578067541,"a,c"
Guangzhou,Projected_Area,149.7163,-1.411864281,"a,c"
Guangzhou,Projected_Area,386.6869,0.022114411,"a,c"
Wuhan,Projected_Area,255.1665,-0.8011441827,"a,c"
Wuhan,Projected_Area,516.6415,0.0729913041,"a,c"
Shanghai,Projected_Area,185.479,-2.179082394,"a,c"
Shanghai,Projected_Area,353.5332,-0.0167207364,"a,c"
Beijing,Projected_Area,1269.124,0.6751769781,"a,c"
Wuhan,Projected_Area,264.3236,-0.2841393054,"a,c"
Guangzhou,Projected_Area,215.2707,-1.325949669,"a,c"
Shanghai,Projected_Area,220.3525,-1.720026374,"a,c"
Beijing,Projected_Area,810.4966,0.6954479814,"a,c"
Guangzhou,Projected_Area,180.8319,-1.749090075,"a,c"
Shanghai,Projected_Area,547.1504,-0.01190994866,"a,c"
Beijing,Projected_Area,271.3467,-0.0612453036,"a,c"
Beijing,Projected_Area,103.1364,-1.815196633,"a,c"
Shanghai,Projected_Area,403.9185,0.08889631927,"a,c"
Shanghai,Projected_Area,202.7641,-0.8429935575,"a,c"
Wuhan,Projected_Area,532.495,0.03037975729,"a,c"
Shanghai,Projected_Area,255.8469,-0.48858127,"a,c"
Wuhan,Projected_Area,560.9795,-0.06351394206,"a,c"
Shanghai,Projected_Area,278.0481,-0.08477314562,"a,c"
Shanghai,Projected_Area,227.6229,-1.354300857,"a,c"
Shanghai,Projected_Area,190.9653,-2.316218138,"a,c"
Shanghai,Projected_Area,225.3835,-1.276943445,"a,c"
Shanghai,Projected_Area,626.221,0.4594237804,"a,c"
Shanghai,Projected_Area,606.5845,0.3370839357,"a,c"
Shanghai,Projected_Area,229.0237,-1.13875556,"a,c"
Wuhan,Projected_Area,440.4379,0.03200725466,"a,c"
Shanghai,Projected_Area,617.2113,0.4236299694,"a,c"
Shanghai,Projected_Area,590.4455,0.2083657235,"a,c"
Beijing,Projected_Area,528.4004,0.1110464782,"a,c"
Shanghai,Projected_Area,476.0404,0.3642268479,"a,c"
Beijing,Projected_Area,297.2392,-0.202762872,"a,c"
Beijing,Projected_Area,829.8593,0.3896154761,"a,c"
Shanghai,Projected_Area,887.5474,0.4271208644,"a,c"
Shanghai,Projected_Area,113.4522,-1.721610308,"a,c"
Wuhan,Projected_Area,186.1702,-1.207688808,"a,c"
Wuhan,Projected_Area,533.3771,0.05058894306,"a,c"
Beijing,Projected_Area,504.3082,0.2030835152,"a,c"
Shanghai,Projected_Area,156.3927,-2.175621748,"a,c"
Wuhan,Projected_Area,105.9628,-1.887957573,"a,c"
Guangzhou,Projected_Area,121.4302,-1.372115612,"a,c"
Wuhan,Projected_Area,843.4122,0.4840628803,"a,c"
Shanghai,Projected_Area,820.3803,0.5562722683,"a,c"
Shanghai,Projected_Area,294.6881,-0.2120902687,"a,c"
Shanghai,Projected_Area,391.5059,0.1663092822,"a,c"
Shanghai,Projected_Area,516.2967,0.03439773992,"a,c"
Guangzhou,Projected_Area,214.5482,-1.489860177,"a,c"
Shanghai,Projected_Area,520.8332,0.06313548982,"a,c"
Beijing,Projected_Area,372.7111,-0.06577272713,"a,c"
Shanghai,Projected_Area,178.0699,-1.621834993,"a,c"
Wuhan,Projected_Area,210.0131,-1.135890603,"a,c"
Shanghai,Projected_Area,408.7563,0.4175429642,"a,c"
Shanghai,Projected_Area,718.8226,0.3636229932,"a,c"
Shanghai,Projected_Area,375.5106,-0.02626093291,"a,c"
Shanghai,Projected_Area,241.6381,-1.607513785,"a,c"
Guangzhou,Projected_Area,317.4641,-0.06377004087,"a,c"
Shanghai,Projected_Area,203.0748,-0.8138662577,"a,c"
Beijing,Projected_Area,1039.1878,0.6733628511,"a,c"
Wuhan,Projected_Area,102.2067,-1.446240664,"a,c"
Shanghai,Projected_Area,427.3612,0.820486784,"a,c"
Guangzhou,Projected_Area,101.388,-1.4066149,"a,c"
Beijing,Projected_Area,592.5258,-0.007480972447,"a,c"
Guangzhou,Projected_Area,382.5181,0.1003344804,"a,c"
Beijing,Projected_Area,352.4087,-0.1698319018,"a,c"
Shanghai,Projected_Area,1075.1651,0.8100837469,"a,c"
Shanghai,Projected_Area,496.5791,0.1080339253,"a,c"
Shanghai,Projected_Area,146.2186,-1.657767534,"a,c"
Shanghai,Projected_Area,127.9871,-1.366057515,"a,c"
Wuhan,Projected_Area,391.5052,0.04267986491,"a,c"
Shanghai,Projected_Area,179.7144,-1.629732609,"a,c"
Shanghai,Projected_Area,183.5265,-2.323063612,"a,c"
Wuhan,Projected_Area,789.4524,1.155642271,"a,c"
Shanghai,Projected_Area,395.3847,0.1264629811,"a,c"
Guangzhou,Projected_Area,1219.3266,1.098600626,"a,c"
Shanghai,Projected_Area,109.2923,-1.568582654,"a,c"
Wuhan,Projected_Area,168.3582,-1.783205032,"a,c"
Shanghai,Projected_Area,232.2016,-1.233568549,"a,c"
Shanghai,Projected_Area,575.8407,-0.04470472038,"a,c"
Shanghai,Projected_Area,636.7215,0.4862248302,"a,c"
Beijing,Projected_Area,1312.7984,0.6407529116,"a,c"
Beijing,Projected_Area,893.1665,0.2946458161,"a,c"
Wuhan,Projected_Area,857.8973,0.6327320933,"a,c"
Guangzhou,Projected_Area,132.0451,-1.420874476,"a,c"
Shanghai,Projected_Area,135.6003,-1.707791448,"a,c"
Shanghai,Projected_Area,166.5905,-2.208909273,"a,c"
Beijing,Projected_Area,212.3645,-0.9679899812,"a,c"
Shanghai,Projected_Area,382.5936,0.1829154193,"a,c"
Shanghai,Projected_Area,446.2154,0.3067192435,"a,c"
Shanghai,Projected_Area,391.2702,0.09430267662,"a,c"
Shanghai,Projected_Area,426.23,0.7173634171,"a,c"
Shanghai,Projected_Area,453.7597,0.3092548847,"a,c"
Shanghai,Projected_Area,111.313,-1.473841667,"a,c"
Shanghai,Projected_Area,696.4792,0.4821893573,"a,c"
Shanghai,Projected_Area,604.513,0.1563909054,"a,c"
Wuhan,Projected_Area,524.5891,-0.002697544638,"a,c"
Guangzhou,Projected_Area,240.2941,-1.468978763,"a,c"
Shanghai,Projected_Area,483.2911,0.286111623,"a,c"
Shanghai,Projected_Area,246.4893,-1.420457125,"a,c"
Shanghai,Projected_Area,469.3614,0.2996648252,"a,c"
Shanghai,Projected_Area,559.3997,-0.05472619087,"a,c"
Shanghai,Projected_Area,182.8127,-1.775757194,"a,c"
Guangzhou,Projected_Area,492.8741,0.06442055851,"a,c"
Shanghai,Projected_Area,453.2487,0.239205271,"a,c"
Shanghai,Projected_Area,91.3651,-1.336226583,"a,c"
Shanghai,Projected_Area,363.691,-0.03879851103,"a,c"
Guangzhou,Projected_Area,102.4285,-1.723455548,"a,c"
Shanghai,Projected_Area,481.6184,0.2889849246,"a,c"
Wuhan,Projected_Area,251.4689,-0.5862581134,"a,c"
Shanghai,Projected_Area,139.9557,-1.613570571,"a,c"
Wuhan,Projected_Area,578.8965,-0.1194028631,"a,c"
Shanghai,Projected_Area,451.4792,0.4088712335,"a,c"
Shanghai,Projected_Area,165.5199,-2.300842524,"a,c"
Wuhan,Projected_Area,1234.8992,0.8898599744,"a,c"
Shanghai,Projected_Area,561.4242,-0.0571628511,"a,c"
Guangzhou,Projected_Area,1125.4273,0.5351347327,"a,c"
Beijing,Projected_Area,843.204,0.6620462537,"a,c"
Guangzhou,Projected_Area,112.663,-1.418592811,"a,c"
Guangzhou,Projected_Area,198.8274,-0.9430370331,"a,c"
Shanghai,Projected_Area,364.1758,-0.02081338689,"a,c"
Beijing,Projected_Area,149.498,-1.591205597,"a,c"
Beijing,Projected_Area,232.4619,-1.412526488,"a,c"
Beijing,Projected_Area,1491.7217,0.7848415375,"a,c"
Shanghai,Projected_Area,368.1683,0.08865712583,"a,c"
Shanghai,Projected_Area,530.2749,0.09680620581,"a,c"
Guangzhou,Projected_Area,244.0251,-1.451557755,"a,c"
Shanghai,Projected_Area,207.9824,-1.510570526,"a,c"
Beijing,Projected_Area,132.5629,-1.603081584,"a,c"
Beijing,Projected_Area,105.4039,-1.655666471,"a,c"
Shanghai,Projected_Area,293.0786,-0.3687633872,"a,c"
Wuhan,Projected_Area,184.5325,-1.434630632,"a,c"
Shanghai,Projected_Area,158.8252,-2.103606939,"a,c"
Shanghai,Projected_Area,384.6013,0.06267528236,"a,c"
Shanghai,Projected_Area,297.2759,0.06596504152,"a,c"
Guangzhou,Projected_Area,190.0561,-1.741497278,"a,c"
Beijing,Projected_Area,1107.9488,0.8368500471,"a,c"
Guangzhou,Projected_Area,418.0641,0.1076124534,"a,c"
Shanghai,Projected_Area,490.3337,0.1320005804,"a,c"
Shanghai,Projected_Area,209.6448,-1.632466078,"a,c"
Shanghai,Projected_Area,359.5779,0.1551535279,"a,c"
Beijing,Projected_Area,783.3983,1.031226754,"a,c"
Shanghai,Projected_Area,461.1437,0.386123389,"a,c"
Wuhan,Projected_Area,201.2652,-0.9389793873,"a,c"
Guangzhou,Projected_Area,105.711,-1.35049665,"a,c"
Shanghai,Projected_Area,338.5674,-0.03254399449,"a,c"
Beijing,Projected_Area,241.892,-0.9333052039,"a,c"
Shanghai,Projected_Area,425.6286,0.6336961389,"a,c"
Shanghai,Projected_Area,384.7082,0.1323195845,"a,c"
Beijing,Projected_Area,200.0045,-0.3089079857,"a,c"
Beijing,Projected_Area,240.3148,-1.238301039,"a,c"
Shanghai,Projected_Area,413.1943,0.08822967857,"a,c"
Guangzhou,Projected_Area,339.1934,0.1092645153,"a,c"
Shanghai,Projected_Area,255.7484,-0.8237072825,"a,c"
Shanghai,Projected_Area,998.3678,0.2986840904,"a,c"
Beijing,Projected_Area,631.8641,1.468802929,"a,c"
Shanghai,Projected_Area,238.7841,-1.556628346,"a,c"
Beijing,Projected_Area,622.5881,0.2649486065,"a,c"
Beijing,Projected_Area,645.0527,0.412171036,"a,c"
Shanghai,Projected_Area,377.3587,0.01840332337,"a,c"
Shanghai,Projected_Area,99.1697,-1.312415957,"a,c"
Wuhan,Projected_Area,452.4416,0.1255017221,"a,c"
Beijing,Projected_Area,430.2349,0.6109556556,"a,c"
Guangzhou,Projected_Area,561.7789,-0.0692550689,"a,c"
Shanghai,Projected_Area,384.5666,0.1255420446,"a,c"
Shanghai,Projected_Area,122.0927,-1.706857562,"a,c"
Shanghai,Projected_Area,650.2735,0.4332548678,"a,c"
Beijing,Projected_Area,577.9351,-0.09135198593,"a,c"
Shanghai,Projected_Area,140.7815,-1.799222946,"a,c"
Shanghai,Projected_Area,282.8854,-0.2258052528,"a,c"
Shanghai,Projected_Area,166.1099,-1.938848257,"a,c"
Shanghai,Projected_Area,528.3655,-0.07758339494,"a,c"
Wuhan,Projected_Area,468.254,0.2955366373,"a,c"
Shanghai,Projected_Area,501.0105,0.3140904605,"a,c"
Shanghai,Projected_Area,387.8362,0.05289596319,"a,c"
Wuhan,Projected_Area,532.7123,-0.02289290167,"a,c"
Wuhan,Projected_Area,401.8027,0.1427619606,"a,c"
Shanghai,Projected_Area,468.3193,0.4252662063,"a,c"
Shanghai,Projected_Area,287.0084,-0.3029679954,"a,c"
Guangzhou,Projected_Area,934.8679,0.7986382842,"a,c"
Shanghai,Projected_Area,137.4137,-2.104389668,"a,c"
Shanghai,Projected_Area,431.8519,0.1530789435,"a,c"
Shanghai,Projected_Area,248.6022,-0.5736905932,"a,c"
Shanghai,Projected_Area,284.4155,-0.3549090326,"a,c"
Shanghai,Projected_Area,131.3339,-1.39565146,"a,c"
Beijing,Projected_Area,297.8838,-0.1755085289,"a,c"
Shanghai,Projected_Area,806.7459,0.9260464311,"a,c"
Shanghai,Projected_Area,159.3405,-2.198361874,"a,c"
Wuhan,Projected_Area,340.5643,-0.06061401218,"a,c"
Wuhan,Projected_Area,662.9044,0.2554308772,"a,c"
Shanghai,Projected_Area,246.2199,-1.16612339,"a,c"
Guangzhou,Projected_Area,1197.6321,1.060028076,"a,c"
Wuhan,Projected_Area,633.1057,0.455529958,"a,c"
Shanghai,Projected_Area,226.056,-1.436398625,"a,c"
Shanghai,Projected_Area,527.03,0.006694432348,"a,c"
Beijing,Projected_Area,310.387,0.001824699691,"a,c"
Beijing,Projected_Area,274.1482,-0.227831915,"a,c"
Guangzhou,Projected_Area,257.6594,-0.2960720658,"a,c"
Shanghai,Projected_Area,405.212,0.0889107734,"a,c"
Guangzhou,Projected_Area,452.1274,0.1264502853,"a,c"
Wuhan,Projected_Area,414.4986,0.09478125721,"a,c"
Shanghai,Projected_Area,498.151,0.1896704435,"a,c"
Wuhan,Projected_Area,411.7482,0.1393410712,"a,c"
Beijing,Projected_Area,295.4172,-0.2477319241,"a,c"
Beijing,Projected_Area,510.1901,0.09024104476,"a,c"
Guangzhou,Projected_Area,488.9626,0.3035661876,"a,c"
Shanghai,Projected_Area,221.1054,-1.484493613,"a,c"
Shanghai,Projected_Area,204.6479,-0.4216713905,"a,c"
Shanghai,Projected_Area,492.4677,0.3061148524,"a,c"
Guangzhou,Projected_Area,139.7998,-1.393219233,"a,c"
Shanghai,Projected_Area,211.8444,-1.140872836,"a,c"
Shanghai,Projected_Area,544.2583,0.1678992212,"a,c"
Shanghai,Projected_Area,303.6846,-0.2956692278,"a,c"
Wuhan,Projected_Area,499.7471,0.3932833076,"a,c"
Guangzhou,Projected_Area,475.5796,0.1822033376,"a,c"
Shanghai,Projected_Area,508.9378,0.09432327747,"a,c"
Shanghai,Projected_Area,267.6643,-0.3632605374,"a,c"
Shanghai,Projected_Area,240.6533,-1.494980097,"a,c"
Shanghai,Projected_Area,814.5192,0.4830858707,"a,c"
Shanghai,Projected_Area,338.3949,-0.09562451392,"a,c"
Shanghai,Projected_Area,114.6439,-1.721428156,"a,c"
Shanghai,Projected_Area,659.8701,0.3749573231,"a,c"
Shanghai,Projected_Area,489.0457,0.2098021656,"a,c"
Guangzhou,Projected_Area,1430.1857,0.6875234246,"a,c"
Wuhan,Projected_Area,1555.3872,0.7323928475,"a,c"
Guangzhou,Projected_Area,156.917,-1.473396301,"a,c"
Shanghai,Projected_Area,120.8521,-1.896103621,"a,c"
Beijing,Projected_Area,178.6861,-2.13215065,"a,c"
Wuhan,Projected_Area,633.9815,0.5032014251,"a,c"
Guangzhou,Projected_Area,1166.782,0.9014661312,"a,c"
Shanghai,Projected_Area,532.1156,0.1069148853,"a,c"
Guangzhou,Projected_Area,860.8399,0.6410101652,"a,c"
Guangzhou,Projected_Area,445.8803,0.06176795065,"a,c"
Wuhan,Projected_Area,419.3773,0.04248188064,"a,c"
Beijing,Projected_Area,603.5512,0.5311813354,"a,c"
Shanghai,Projected_Area,462.3544,0.05464966595,"a,c"
Beijing,Projected_Area,686.4185,0.9110774398,"a,c"
Shanghai,Projected_Area,325.9129,-0.09978368878,"a,c"
Shanghai,Projected_Area,226.6959,-1.270816207,"a,c"
Shanghai,Projected_Area,100.6371,-1.58458817,"a,c"
Shanghai,Projected_Area,448.5474,0.470392853,"a,c"
Wuhan,Projected_Area,437.8689,0.1699050665,"a,c"
Beijing,Projected_Area,1015.8547,0.2236944288,"a,c"
Shanghai,Projected_Area,251.5197,-0.7493214607,"a,c"
Shanghai,Projected_Area,272.5439,-0.3390148878,"a,c"
Shanghai,Projected_Area,197.7198,-0.6383872032,"a,c"
Guangzhou,Projected_Area,1095.7254,0.6976371408,"a,c"
Wuhan,Projected_Area,772.1488,0.0003541873884,"a,c"
Guangzhou,Projected_Area,541.5404,0.05508562177,"a,c"
Shanghai,Projected_Area,105.2248,-1.878480673,"a,c"
Wuhan,Projected_Area,165.0986,-1.983054042,"a,c"
Wuhan,Projected_Area,721.8922,0.599016428,"a,c"
Shanghai,Projected_Area,83.7643,-1.15473628,"a,c"
Shanghai,Projected_Area,467.5729,0.4268773794,"a,c"
Shanghai,Projected_Area,134.6384,-2.075440884,"a,c"
Shanghai,Projected_Area,578.8053,-0.001651698374,"a,c"
Shanghai,Projected_Area,313.1116,-0.1095212474,"a,c"
Shanghai,Projected_Area,331.4467,0.1802326143,"a,c"
Shanghai,Projected_Area,207.2365,-1.51702106,"a,c"
Shanghai,Projected_Area,435.885,0.3549713194,"a,c"
Shanghai,Projected_Area,880.1693,0.4275862873,"a,c"
Guangzhou,Projected_Area,241.6289,-1.088598371,"a,c"
Shanghai,Projected_Area,202.7143,-0.7418162823,"a,c"
Shanghai,Projected_Area,1125.9971,0.7573696375,"a,c"
Shanghai,Projected_Area,786.4703,0.761498034,"a,c"
Shanghai,Projected_Area,390.0162,0.09553026408,"a,c"
Guangzhou,Projected_Area,933.7162,0.5326852202,"a,c"
Shanghai,Projected_Area,441.4741,0.3759133518,"a,c"
Shanghai,Projected_Area,122.3015,-1.547772169,"a,c"
Beijing,Projected_Area,234.9713,-1.566742301,"a,c"
Beijing,Projected_Area,641.3986,0.2950436771,"a,c"
Guangzhou,Projected_Area,268.1403,-0.4522997737,"a,c"
Shanghai,Projected_Area,140.2415,-1.781455874,"a,c"
Guangzhou,Projected_Area,315.5115,0.09717465937,"a,c"
Wuhan,Projected_Area,484.166,0.2635060251,"a,c"
Wuhan,Projected_Area,1214.9711,0.7302547693,"a,c"
Beijing,Projected_Area,798.7822,0.9024481177,"a,c"
Shanghai,Projected_Area,249.177,-0.6269170642,"a,c"
Shanghai,Projected_Area,787.8261,0.630856514,"a,c"
Shanghai,Projected_Area,662.38,0.5370281935,"a,c"
Beijing,Projected_Area,228.3806,-1.329006672,"a,c"
Shanghai,Projected_Area,117.6653,-1.604317188,"a,c"
Beijing,Projected_Area,128.7005,-1.409726977,"a,c"
Shanghai,Projected_Area,231.5965,-1.346826196,"a,c"
Shanghai,Projected_Area,176.2869,-1.809633374,"a,c"
Shanghai,Projected_Area,188.7404,-2.126305103,"a,c"
Beijing,Projected_Area,326.6538,-0.01367015578,"a,c"
Wuhan,Projected_Area,480.78,0.2770783007,"a,c"
Wuhan,Projected_Area,725.036,0.5038743019,"a,c"
Shanghai,Projected_Area,403.9177,0.09832318127,"a,c"
Wuhan,Projected_Area,1104.2482,0.7326123118,"a,c"
Beijing,Projected_Area,459.0231,0.1323975325,"a,c"
Shanghai,Projected_Area,415.858,0.1322796941,"a,c"
Guangzhou,Projected_Area,193.5056,-1.937522769,"a,c"
Wuhan,Projected_Area,866.0159,0.4705047905,"a,c"
Wuhan,Projected_Area,192.5319,-1.93435216,"a,c"
Shanghai,Projected_Area,182.8271,-1.669645309,"a,c"
Shanghai,Projected_Area,145.1959,-1.593564987,"a,c"
Guangzhou,Projected_Area,172.8187,-1.726849914,"a,c"
Beijing,Projected_Area,626.9676,0.1988857836,"a,c"
Wuhan,Projected_Area,113.2703,-1.584617972,"a,c"
Wuhan,Projected_Area,819.7171,0.6437245011,"a,c"
Shanghai,Projected_Area,179.616,-1.691847563,"a,c"
Shanghai,Projected_Area,181.1047,-1.523447275,"a,c"
Shanghai,Projected_Area,257.0378,-0.06937642395,"a,c"
Beijing,Projected_Area,327.6728,0.05575947091,"a,c"
Shanghai,Projected_Area,345.6102,-0.142100513,"a,c"
Guangzhou,Projected_Area,151.4908,-1.665378809,"a,c"
Shanghai,Projected_Area,145.6829,-1.752587676,"a,c"
Beijing,Projected_Area,494.8794,0.3101036549,"a,c"
Guangzhou,Projected_Area,230.587,-1.520257711,"a,c"
Shanghai,Projected_Area,313.2084,0.02231456526,"a,c"
Shanghai,Projected_Area,123.6234,-1.589853287,"a,c"
Guangzhou,Projected_Area,162.0216,-1.724719644,"a,c"
Shanghai,Projected_Area,200.0115,-1.016700029,"a,c"
Beijing,Projected_Area,633.71,0.296312958,"a,c"
Shanghai,Projected_Area,212.0251,-1.554906249,"a,c"
Guangzhou,Projected_Area,91.9899,-1.276403069,"a,c"
Shanghai,Projected_Area,228.3995,-1.165276647,"a,c"
Shanghai,Projected_Area,477.7789,0.451815784,"a,c"
Shanghai,Projected_Area,613.2696,0.4953399003,"a,c"
Shanghai,Projected_Area,587.0541,0.3986384869,"a,c"
Wuhan,Projected_Area,452.01,0.3252079785,"a,c"
Wuhan,Projected_Area,329.2085,-0.1554495692,"a,c"
Shanghai,Projected_Area,155.604,-1.841727614,"a,c"
Shanghai,Projected_Area,206.8328,-1.266137123,"a,c"
Shanghai,Projected_Area,438.4083,0.2113495767,"a,c"
Shanghai,Projected_Area,502.3933,0.2110322863,"a,c"
Beijing,Projected_Area,553.0054,-0.1157396212,"a,c"
Shanghai,Projected_Area,360.2311,-0.08209373057,"a,c"
Shanghai,Projected_Area,481.7947,0.2305882573,"a,c"
Shanghai,Projected_Area,508.768,0.1865514517,"a,c"
Beijing,Projected_Area,653.194,0.4080297947,"a,c"
Wuhan,Projected_Area,255.5895,-0.3843498826,"a,c"
Shanghai,Projected_Area,262.7123,-0.2060052603,"a,c"
Shanghai,Projected_Area,511.9572,0.1101106778,"a,c"
Shanghai,Projected_Area,342.4774,-0.06393818557,"a,c"
Shanghai,Projected_Area,424.5191,0.1122838333,"a,c"
Shanghai,Projected_Area,140.9349,-1.955665827,"a,c"
Shanghai,Projected_Area,189.814,-1.830507636,"a,c"
Wuhan,Projected_Area,132.1576,-1.623642802,"a,c"
Shanghai,Projected_Area,321.7276,-0.0241471082,"a,c"
Shanghai,Projected_Area,99.0177,-1.012405992,"a,c"
Shanghai,Projected_Area,307.1576,-0.1573625207,"a,c"
Shanghai,Projected_Area,139.0329,-1.567131162,"a,c"
Shanghai,Projected_Area,119.6997,-1.477772713,"a,c"
Beijing,Projected_Area,431.9901,0.08087407053,"a,c"
Shanghai,Projected_Area,409.5106,0.08506424725,"a,c"
Shanghai,Projected_Area,698.4847,0.5332097411,"a,c"
Shanghai,Projected_Area,394.0646,0.1012125462,"a,c"
Shanghai,Projected_Area,376.974,0.01487893797,"a,c"
Wuhan,Projected_Area,606.8763,0.3043112755,"a,c"
Wuhan,Projected_Area,485.9437,0.2373476177,"a,c"
Guangzhou,Projected_Area,283.9435,-0.3431372344,"a,c"
Beijing,Projected_Area,586.2536,0.1072036996,"a,c"
Guangzhou,Projected_Area,612.8882,0.1651200354,"a,c"
Shanghai,Projected_Area,95.0821,-1.3803581,"a,c"
Shanghai,Projected_Area,166.6858,-2.091152191,"a,c"
Beijing,Projected_Area,963.3841,0.4806515574,"a,c"
Shanghai,Projected_Area,363.7103,0.06176856533,"a,c"
Beijing,Projected_Area,699.9668,0.4530109465,"a,c"
Wuhan,Projected_Area,909.9253,0.2645986378,"a,c"
Shanghai,Projected_Area,345.5025,0.01746468991,"a,c"
Shanghai,Projected_Area,158.7281,-2.177103996,"a,c"
Wuhan,Projected_Area,196.1837,-1.894000769,"a,c"
Beijing,Projected_Area,305.3843,-0.2341864109,"a,c"
Shanghai,Projected_Area,170.2076,-2.238315821,"a,c"
Beijing,Projected_Area,150.7082,-1.704271674,"a,c"
Shanghai,Projected_Area,663.8852,0.5077531934,"a,c"
Shanghai,Projected_Area,443.6593,0.3717155159,"a,c"
Shanghai,Projected_Area,537.7503,0.03880518675,"a,c"
Wuhan,Projected_Area,104.4565,-1.897147417,"a,c"
Shanghai,Projected_Area,279.4133,-0.1581984311,"a,c"
Beijing,Projected_Area,178.8766,-0.9536457658,"a,c"
Shanghai,Projected_Area,112.6684,-1.831070304,"a,c"
Shanghai,Projected_Area,568.7486,-0.1516799033,"a,c"
Wuhan,Projected_Area,113.9348,-1.501749277,"a,c"
Guangzhou,Projected_Area,165.6488,-1.710185528,"a,c"
Shanghai,Projected_Area,281.499,-0.01129939221,"a,c"
Shanghai,Projected_Area,499.7172,0.4686248899,"a,c"
Guangzhou,Projected_Area,190.3878,-1.750045896,"a,c"
Shanghai,Projected_Area,212.5311,-1.297106981,"a,c"
Shanghai,Projected_Area,156.1901,-2.201124668,"a,c"
Wuhan,Projected_Area,1173.2031,0.8082613349,"a,c"
Wuhan,Projected_Area,228.5872,-0.7855091691,"a,c"
Shanghai,Projected_Area,600.5508,0.7720478773,"a,c"
Shanghai,Projected_Area,169.8617,-1.873515725,"a,c"
Shanghai,Projected_Area,392.0703,0.07275173068,"a,c"
Shanghai,Projected_Area,361.3453,0.004003003705,"a,c"
Wuhan,Projected_Area,709.3045,0.6651949286,"a,c"
Wuhan,Projected_Area,341.8889,-0.1227614135,"a,c"
Shanghai,Projected_Area,488.1109,0.3112328351,"a,c"
Guangzhou,Projected_Area,824.7378,0.5796314478,"a,c"
Shanghai,Projected_Area,306.1068,-0.1434746236,"a,c"
Shanghai,Projected_Area,117.9742,-1.776950717,"a,c"
Shanghai,Projected_Area,665.6968,0.547744453,"a,c"
Shanghai,Projected_Area,380.6549,0.009416616522,"a,c"
Shanghai,Projected_Area,119.2777,-1.758509398,"a,c"
Guangzhou,Projected_Area,163.718,-1.675876856,"a,c"
Wuhan,Projected_Area,1057.9909,0.4558244348,"a,c"
Guangzhou,Projected_Area,106.7166,-1.326981783,"a,c"
Beijing,Projected_Area,328.3862,-0.008990586735,"a,c"
Wuhan,Projected_Area,1101.757,0.9431182146,"a,c"
Shanghai,Projected_Area,214.3573,-1.529110789,"a,c"
Shanghai,Projected_Area,373.3029,0.0583595708,"a,c"
Wuhan,Projected_Area,281.3211,-0.3121186793,"a,c"
Shanghai,Projected_Area,410.8518,0.1957916617,"a,c"
Shanghai,Projected_Area,258.0856,-0.05283329263,"a,c"
Shanghai,Projected_Area,125.0158,-1.729418397,"a,c"
Shanghai,Projected_Area,345.5591,0.06218424439,"a,c"
Shanghai,Projected_Area,598.2824,0.2619107068,"a,c"
Wuhan,Projected_Area,160.4431,-1.655899286,"a,c"
Shanghai,Projected_Area,459.6545,0.4002738297,"a,c"
Guangzhou,Projected_Area,155.8028,-1.679593325,"a,c"
Shanghai,Projected_Area,436.5281,0.3174480796,"a,c"
Wuhan,Projected_Area,1221.265,0.7317576408,"a,c"
Shanghai,Projected_Area,123.816,-1.562746882,"a,c"
Guangzhou,Projected_Area,1387.0977,0.8949440122,"a,c"
Wuhan,Projected_Area,485.4393,0.2389225066,"a,c"
Shanghai,Projected_Area,280.4483,-0.2381270528,"a,c"
Beijing,Projected_Area,502.1949,0.1210994869,"a,c"
Guangzhou,Projected_Area,111.1419,-1.554670095,"a,c"
Shanghai,Projected_Area,456.8102,0.3352800608,"a,c"
Shanghai,Projected_Area,357.6681,0.0633206442,"a,c"
Shanghai,Projected_Area,748.817,0.567063272,"a,c"
Shanghai,Projected_Area,398.4469,0.0621788688,"a,c"
Shanghai,Projected_Area,174.197,-1.936202884,"a,c"
Beijing,Projected_Area,179.769,-1.971107125,"a,c"
Wuhan,Projected_Area,360.3304,-0.1785202175,"a,c"
Wuhan,Projected_Area,156.6678,-1.430706739,"a,c"
Shanghai,Projected_Area,681.8614,0.6692009568,"a,c"
Wuhan,Projected_Area,284.7738,-0.1765179783,"a,c"
Guangzhou,Projected_Area,357.173,-0.02958539687,"a,c"
Shanghai,Projected_Area,611.9603,0.4405351877,"a,c"
Shanghai,Projected_Area,243.0649,-1.100191712,"a,c"
Shanghai,Projected_Area,199.8585,-0.9733196497,"a,c"
Shanghai,Projected_Area,444.1696,0.3250309229,"a,c"
Wuhan,Projected_Area,108.3987,-1.780802727,"a,c"
Shanghai,Projected_Area,522.8622,-0.07567605376,"a,c"
Beijing,Projected_Area,547.4773,-0.1206290051,"a,c"
Shanghai,Projected_Area,502.1057,0.2152228355,"a,c"
Shanghai,Projected_Area,220.1909,-1.603429556,"a,c"
Shanghai,Projected_Area,444.4559,0.4276052713,"a,c"
Shanghai,Projected_Area,88.6758,-1.512465358,"a,c"
Beijing,Projected_Area,139.6636,-1.544944644,"a,c"
Shanghai,Projected_Area,234.0351,-0.9555377364,"a,c"
Shanghai,Projected_Area,1397.6859,0.9743985534,"a,c"
Beijing,Projected_Area,167.1409,-1.547226787,"a,c"
Shanghai,Projected_Area,566.9693,-0.08502966911,"a,c"
Beijing,Projected_Area,574.0069,0.03863146156,"a,c"
Wuhan,Projected_Area,869.9207,0.6247748137,"a,c"
Guangzhou,Projected_Area,643.6583,0.3253203928,"a,c"
Guangzhou,Projected_Area,148.9056,-1.55214572,"a,c"
Guangzhou,Projected_Area,149.2538,-1.485532522,"a,c"
Shanghai,Projected_Area,479.6348,0.3107719719,"a,c"
Shanghai,Projected_Area,305.6009,-0.2944662571,"a,c"
Guangzhou,Projected_Area,738.213,0.4688637555,"a,c"
Wuhan,Projected_Area,336.7573,-0.08765459061,"a,c"
Shanghai,Projected_Area,483.4656,0.2698812485,"a,c"
Beijing,Projected_Area,144.8748,-1.941375256,"a,c"
Shanghai,Projected_Area,629.3303,0.3373581171,"a,c"
Shanghai,Projected_Area,107.5849,-1.807555199,"a,c"
Shanghai,Projected_Area,686.838,0.6180266142,"a,c"
Shanghai,Projected_Area,119.3547,-1.024051428,"a,c"
Shanghai,Projected_Area,244.7068,-1.228242874,"a,c"
Shanghai,Projected_Area,189.9886,-1.735295534,"a,c"
Beijing,Projected_Area,439.078,0.04595633596,"a,c"
Wuhan,Projected_Area,441.1776,0.3210347593,"a,c"
Shanghai,Projected_Area,393.9838,0.1444734186,"a,c"
Shanghai,Projected_Area,701.2313,0.5807983875,"a,c"
Shanghai,Projected_Area,463.7021,0.07102501392,"a,c"
Wuhan,Projected_Area,594.8696,0.2246478349,"a,c"
Shanghai,Projected_Area,351.7315,-0.2364077121,"a,c"
Shanghai,Projected_Area,422.0562,0.1040350199,"a,c"
Guangzhou,Projected_Area,221.639,-1.348036289,"a,c"
Shanghai,Projected_Area,382.9451,0.1647345871,"a,c"
Guangzhou,Projected_Area,275.5057,-0.2980761528,"a,c"
Shanghai,Projected_Area,151.0928,-2.191244125,"a,c"
Wuhan,Projected_Area,455.242,0.1436561942,"a,c"
Shanghai,Projected_Area,437.2154,0.2447230667,"a,c"
Wuhan,Projected_Area,121.5414,-1.573151231,"a,c"
Shanghai,Projected_Area,136.6236,-1.777081728,"a,c"
Shanghai,Projected_Area,489.3003,0.197290808,"a,c"
Wuhan,Projected_Area,416.812,0.2757683992,"a,c"
Shanghai,Projected_Area,352.6473,0.05319260433,"a,c"
Beijing,Projected_Area,330.5406,-0.02142569423,"a,c"
Shanghai,Projected_Area,500.6328,0.1329412609,"a,c"
Shanghai,Projected_Area,255.4614,-0.6245737076,"a,c"
Shanghai,Projected_Area,454.3276,0.2354028374,"a,c"
Wuhan,Projected_Area,877.7363,0.3258393109,"a,c"
Shanghai,Projected_Area,134.8159,-2.085796833,"a,c"
Wuhan,Projected_Area,853.2801,0.4434859753,"a,c"
Wuhan,Projected_Area,249.826,-0.6902042627,"a,c"
Shanghai,Projected_Area,125.8686,-1.696274757,"a,c"
Beijing,Projected_Area,292.5011,-0.1754976213,"a,c"
Shanghai,Projected_Area,405.0607,0.1129666269,"a,c"
Shanghai,Projected_Area,179.3399,-1.759732842,"a,c"
Shanghai,Projected_Area,557.7963,0.01748299599,"a,c"
Shanghai,Projected_Area,1554.0885,1.035917282,"a,c"
Wuhan,Projected_Area,395.0529,0.1760773659,"a,c"
Shanghai,Projected_Area,471.492,0.2333030552,"a,c"
Shanghai,Projected_Area,1067.7082,0.4960819185,"a,c"
Shanghai,Projected_Area,421.925,0.06561266631,"a,c"
Shanghai,Projected_Area,431.4215,0.4224093854,"a,c"
Guangzhou,Projected_Area,919.0039,0.4416317046,"a,c"
Wuhan,Projected_Area,334.7384,-0.1548606306,"a,c"
Wuhan,Projected_Area,588.2784,0.2432527691,"a,c"
Shanghai,Projected_Area,934.2712,0.1733979434,"a,c"
Guangzhou,Projected_Area,140.2548,-1.427445292,"a,c"
Shanghai,Projected_Area,272.689,-0.2593917549,"a,c"
Shanghai,Projected_Area,236.5404,-1.366948128,"a,c"
Wuhan,Projected_Area,301.0672,-0.257406801,"a,c"
Shanghai,Projected_Area,245.4848,-1.460659981,"a,c"
Shanghai,Projected_Area,176.7347,-2.34142971,"a,c"
Shanghai,Projected_Area,1040.4815,0.6273469925,"a,c"
Beijing,Projected_Area,182.3064,-1.747586608,"a,c"
Beijing,Projected_Area,487.3415,0.2214610428,"a,c"
Shanghai,Projected_Area,531.3956,0.07561939955,"a,c"
Shanghai,Projected_Area,457.3992,0.4303688109,"a,c"
Wuhan,Projected_Area,749.626,0.6834512949,"a,c"
Shanghai,Projected_Area,161.373,-1.936921835,"a,c"
Beijing,Projected_Area,137.1175,-1.646122694,"a,c"
Shanghai,Projected_Area,771.6876,0.6123980284,"a,c"
Wuhan,Projected_Area,428.5348,0.4314361513,"a,c"
Beijing,Projected_Area,331.072,0.1646341383,"a,c"
Shanghai,Projected_Area,176.6854,-1.818886757,"a,c"
Beijing,Projected_Area,733.0263,0.4314723015,"a,c"
Shanghai,Projected_Area,533.4502,0.1620471179,"a,c"
Shanghai,Projected_Area,441.2889,0.1211506799,"a,c"
Shanghai,Projected_Area,463.2946,0.3761443794,"a,c"
Wuhan,Projected_Area,770.0152,0.3328220248,"a,c"
Wuhan,Projected_Area,132.3941,-1.623642802,"a,c"
Shanghai,Projected_Area,778.0134,0.6038833261,"a,c"
Wuhan,Projected_Area,606.1858,0.1972469836,"a,c"
Wuhan,Projected_Area,638.3369,0.3814261556,"a,c"
Wuhan,Projected_Area,390.2287,-0.06959565729,"a,c"
Wuhan,Projected_Area,325.9697,0.06813882291,"a,c"
Guangzhou,Projected_Area,95.3503,-1.138568401,"a,c"
Shanghai,Projected_Area,190.9636,-1.874164343,"a,c"
Shanghai,Projected_Area,427.7264,0.5175904036,"a,c"
Shanghai,Projected_Area,374.0104,0.09855031222,"a,c"
Shanghai,Projected_Area,264.3357,-0.180295229,"a,c"
Shanghai,Projected_Area,768.9532,0.7517995238,"a,c"
Shanghai,Projected_Area,136.5749,-1.866222501,"a,c"
Wuhan,Projected_Area,814.0176,0.4496650398,"a,c"
Shanghai,Projected_Area,126.4445,-1.442217469,"a,c"
Shanghai,Projected_Area,242.9684,-1.040409565,"a,c"
Shanghai,Projected_Area,441.1412,0.3918844163,"a,c"
Beijing,Projected_Area,266.7895,-0.09480442107,"a,c"
Wuhan,Projected_Area,619.5159,0.4370801747,"a,c"
Beijing,Projected_Area,534.1318,-0.01748486981,"a,c"
Shanghai,Projected_Area,288.8319,-0.2066147625,"a,c"
Shanghai,Projected_Area,213.3282,-1.612964272,"a,c"
Shanghai,Projected_Area,482.6692,0.3097950518,"a,c"
Wuhan,Projected_Area,158.2541,-1.906603694,"a,c"
Guangzhou,Projected_Area,89.7549,-1.196809173,"a,c"
Wuhan,Projected_Area,305.5115,-0.1776222438,"a,c"
Shanghai,Projected_Area,382.9867,0.05083634704,"a,c"
Wuhan,Projected_Area,635.0742,0.1628986001,"a,c"
Shanghai,Projected_Area,425.9656,0.3015452921,"a,c"
Beijing,Projected_Area,719.4283,0.6904142499,"a,c"
Shanghai,Projected_Area,155.1004,-1.817513347,"a,c"
Shanghai,Projected_Area,193.1164,-2.224098921,"a,c"
Shanghai,Projected_Area,249.4858,-0.5513719916,"a,c"
Wuhan,Projected_Area,397.1461,0.02360421978,"a,c"
Wuhan,Projected_Area,206.0841,-1.464908481,"a,c"
Shanghai,Projected_Area,108.6171,-1.118747354,"a,c"
Wuhan,Projected_Area,1480.2518,1.338917017,"a,c"
Shanghai,Projected_Area,304.6905,-0.1850425303,"a,c"
Shanghai,Projected_Area,537.6422,0.1469090283,"a,c"
Shanghai,Projected_Area,565.815,-0.07985015213,"a,c"
Wuhan,Projected_Area,446.2725,0.2730649114,"a,c"
Shanghai,Projected_Area,195.7633,-1.923552394,"a,c"
Shanghai,Projected_Area,617.7591,0.4905550778,"a,c"
Beijing,Projected_Area,219.9077,-1.661811709,"a,c"
Shanghai,Projected_Area,106.7465,-1.879505754,"a,c"
Shanghai,Projected_Area,208.2851,-1.071747422,"a,c"
Guangzhou,Projected_Area,452.8009,0.07834226638,"a,c"
Shanghai,Projected_Area,289.7156,-0.2679847479,"a,c"
Guangzhou,Projected_Area,800.5283,1.525124669,"a,c"
Wuhan,Projected_Area,803.5717,0.7113405466,"a,c"
Shanghai,Projected_Area,162.8265,-1.862944484,"a,c"
Guangzhou,Projected_Area,130.2075,-1.404461503,"a,c"
Shanghai,Projected_Area,488.5867,0.1869903505,"a,c"
Beijing,Projected_Area,324.4384,-0.05664381385,"a,c"
Shanghai,Projected_Area,177.4273,-1.858655214,"a,c"
Shanghai,Projected_Area,525.6898,0.0903268382,"a,c"
Shanghai,Projected_Area,174.8612,-1.643517375,"a,c"
Beijing,Projected_Area,473.014,0.04400976747,"a,c"
Shanghai,Projected_Area,503.5062,0.1435174048,"a,c"
Shanghai,Projected_Area,555.3563,-0.0101653235,"a,c"
Guangzhou,Projected_Area,465.8448,0.07247727364,"a,c"
Shanghai,Projected_Area,802.3865,0.8969087601,"a,c"
Shanghai,Projected_Area,549.5459,0.07575871795,"a,c"
Shanghai,Projected_Area,437.229,0.3034983277,"a,c"
Shanghai,Projected_Area,529.7666,-0.2297130525,"a,c"
Beijing,Projected_Area,291.5236,-0.3358230591,"a,c"
Wuhan,Projected_Area,1135.3977,0.7403795123,"a,c"
Beijing,Projected_Area,120.8807,-1.725145936,"a,c"
Shanghai,Projected_Area,166.4749,-1.484371781,"a,c"
Shanghai,Projected_Area,469.194,0.1655009836,"a,c"
Shanghai,Projected_Area,161.1544,-1.838345289,"a,c"
Shanghai,Projected_Area,664.6057,0.5334758759,"a,c"
Wuhan,Projected_Area,465.9642,0.1494834423,"a,c"
Guangzhou,Projected_Area,455.7285,0.2163022161,"a,c"
Shanghai,Projected_Area,184.4416,-1.828396678,"a,c"
Shanghai,Projected_Area,436.3432,0.2833504677,"a,c"
Beijing,Projected_Area,735.4317,0.7370581031,"a,c"
Wuhan,Projected_Area,380.3095,-0.02059611119,"a,c"
Shanghai,Projected_Area,562.9735,0.01259924192,"a,c"
Wuhan,Projected_Area,454.565,0.2925643325,"a,c"
Shanghai,Projected_Area,344.479,-0.154951334,"a,c"
Shanghai,Projected_Area,424.9782,0.6573980451,"a,c"
Guangzhou,Projected_Area,720.7247,0.4344145358,"a,c"
Wuhan,Projected_Area,616.3739,0.2237938941,"a,c"
Wuhan,Projected_Area,194.1522,-2.093473196,"a,c"
Shanghai,Projected_Area,117.2898,-1.793770909,"a,c"
Shanghai,Projected_Area,704.3049,0.3605609238,"a,c"
Shanghai,Projected_Area,138.8638,-1.557186246,"a,c"
Wuhan,Projected_Area,958.8705,0.302477181,"a,c"
Shanghai,Projected_Area,1259.863,0.8687643409,"a,c"
Wuhan,Projected_Area,667.0081,0.3547540009,"a,c"
Shanghai,Projected_Area,625.0067,0.3526676595,"a,c"
Shanghai,Projected_Area,252.1794,-0.5918121338,"a,c"
Shanghai,Projected_Area,909.2359,0.419572413,"a,c"
Beijing,Projected_Area,148.7639,-2.129985094,"a,c"
Shanghai,Projected_Area,622.4191,0.4410917759,"a,c"
Wuhan,Projected_Area,318.3553,-0.01899122447,"a,c"
Shanghai,Projected_Area,146.3731,-1.604374886,"a,c"
Shanghai,Projected_Area,615.7772,0.2701584101,"a,c"
Shanghai,Projected_Area,234.5203,-1.478651404,"a,c"
Wuhan,Projected_Area,854.9141,0.5439375639,"a,c"
Shanghai,Projected_Area,436.8023,0.1641727388,"a,c"
Beijing,Projected_Area,560.3428,-0.1243436262,"a,c"
Shanghai,Projected_Area,771.3936,0.732776165,"a,c"
Shanghai,Projected_Area,1038.8731,0.9098470807,"a,c"
Shanghai,Projected_Area,545.892,0.2489120662,"a,c"
Shanghai,Projected_Area,202.2496,-0.7290499806,"a,c"
Shanghai,Projected_Area,303.0585,-0.2987918854,"a,c"
Guangzhou,Projected_Area,1158.9934,0.7788887024,"a,c"
Guangzhou,Projected_Area,264.3032,-0.3449495137,"a,c"
Shanghai,Projected_Area,421.0893,0.1901756376,"a,c"
Shanghai,Projected_Area,227.7578,-1.420934796,"a,c"
Wuhan,Projected_Area,178.1867,-1.914551735,"a,c"
Shanghai,Projected_Area,377.7563,0.1221280023,"a,c"
Beijing,Projected_Area,120.1416,-1.177615523,"a,c"
Wuhan,Projected_Area,162.4174,-2.203166008,"a,c"
Guangzhou,Projected_Area,298.1202,-0.3491204977,"a,c"
Shanghai,Projected_Area,629.9027,0.8043428659,"a,c"
Beijing,Projected_Area,137.3054,-1.574345708,"a,c"
Wuhan,Projected_Area,165.4586,-1.855852604,"a,c"
Wuhan,Projected_Area,191.7894,-2.040426254,"a,c"
Guangzhou,Projected_Area,193.4317,-1.650405765,"a,c"
Shanghai,Projected_Area,149.4316,-1.729485989,"a,c"
Shanghai,Projected_Area,820.4023,0.4308372736,"a,c"
Shanghai,Projected_Area,476.8986,0.4018882513,"a,c"
Shanghai,Projected_Area,345.398,-0.03756558895,"a,c"
Shanghai,Projected_Area,427.6867,0.5446133018,"a,c"
Shanghai,Projected_Area,382.9278,0.138365671,"a,c"
Beijing,Projected_Area,425.0243,0.4513631463,"a,c"
Shanghai,Projected_Area,892.8484,0.1343464106,"a,c"
Shanghai,Projected_Area,584.8249,0.1651415229,"a,c"
Wuhan,Projected_Area,327.6679,-0.1764659435,"a,c"
Guangzhou,Projected_Area,186.6323,-1.548879981,"a,c"
Shanghai,Projected_Area,573.2872,0.001647934201,"a,c"
Shanghai,Projected_Area,336.8134,0.1498318464,"a,c"
Shanghai,Projected_Area,879.209,0.4355344772,"a,c"
Shanghai,Projected_Area,369.2833,-0.08447753638,"a,c"
Shanghai,Projected_Area,129.9957,-1.917657137,"a,c"
Shanghai,Projected_Area,652.8065,0.7354927063,"a,c"
Shanghai,Projected_Area,618.3483,0.4295215905,"a,c"
Wuhan,Projected_Area,270.1573,-0.249357149,"a,c"
Shanghai,Projected_Area,242.2311,-1.308475733,"a,c"
Shanghai,Projected_Area,142.9095,-1.664898515,"a,c"
Beijing,Projected_Area,438.1519,0.3409375846,"a,c"
Guangzhou,Projected_Area,875.7324,0.4486193359,"a,c"
Guangzhou,Projected_Area,631.0897,0.3663143814,"a,c"
Shanghai,Projected_Area,125.546,-1.699040771,"a,c"
Shanghai,Projected_Area,401.6118,0.08214594424,"a,c"
Shanghai,Projected_Area,128.033,-1.326731086,"a,c"
Shanghai,Projected_Area,333.3726,-0.06385664642,"a,c"
Shanghai,Projected_Area,168.9623,-1.940645337,"a,c"
Beijing,Projected_Area,379.5798,0.01741324179,"a,c"
Wuhan,Projected_Area,849.4687,0.6751621366,"a,c"
Shanghai,Projected_Area,118.5972,-0.9521998167,"a,c"
Shanghai,Projected_Area,262.7171,-0.04614446312,"a,c"
Shanghai,Projected_Area,143.2059,-2.117340803,"a,c"
Shanghai,Projected_Area,473.3842,0.285920471,"a,c"
Shanghai,Projected_Area,590.0784,0.1654195935,"a,c"
Shanghai,Projected_Area,315.8903,0.3929758072,"a,c"
Wuhan,Projected_Area,404.1729,0.04616543278,"a,c"
Wuhan,Projected_Area,561.6018,-0.06889697164,"a,c"
Shanghai,Projected_Area,643.3802,0.4404307604,"a,c"
Shanghai,Projected_Area,492.7438,0.2431819737,"a,c"
Wuhan,Projected_Area,683.9876,0.5644207001,"a,c"
Wuhan,Projected_Area,310.8917,-0.05130777881,"a,c"
Wuhan,Projected_Area,937.55,0.5065738559,"a,c"
Shanghai,Projected_Area,812.8593,0.5730116367,"a,c"
Wuhan,Projected_Area,210.1166,-1.248542547,"a,c"
Shanghai,Projected_Area,673.417,0.5063052177,"a,c"
Shanghai,Projected_Area,816.4165,0.5853128433,"a,c"
Wuhan,Projected_Area,625.4028,0.361137718,"a,c"
Shanghai,Projected_Area,427.8725,0.3011842072,"a,c"
Shanghai,Projected_Area,314.5142,0.3068172038,"a,c"
Wuhan,Projected_Area,476.0134,0.4244765043,"a,c"
Wuhan,Projected_Area,118.473,-1.750567913,"a,c"
Guangzhou,Projected_Area,99.193,-1.528577924,"a,c"
Shanghai,Projected_Area,285.6563,-0.05051286891,"a,c"
Shanghai,Projected_Area,231.0983,-1.54022491,"a,c"
Shanghai,Projected_Area,469.2352,0.3129888177,"a,c"
Wuhan,Projected_Area,1023.6143,0.5288001895,"a,c"
Shanghai,Projected_Area,197.1565,-0.7930520773,"a,c"
Wuhan,Projected_Area,558.9314,-0.04890246689,"a,c"
Shanghai,Projected_Area,327.2695,0.07580813766,"a,c"
Guangzhou,Projected_Area,912.281,0.5850775838,"a,c"
Shanghai,Projected_Area,179.091,-1.687507153,"a,c"
Shanghai,Projected_Area,299.9589,-0.1060108393,"a,c"
Shanghai,Projected_Area,235.7908,-1.346856475,"a,c"
Wuhan,Projected_Area,466.3063,0.1209883243,"a,c"
Wuhan,Projected_Area,695.9716,0.3867103755,"a,c"
Shanghai,Projected_Area,390.6964,0.109770678,"a,c"
Shanghai,Projected_Area,169.1222,-2.14171195,"a,c"
Shanghai,Projected_Area,292.1631,-0.3206411302,"a,c"
Beijing,Projected_Area,312.47,0.02685998008,"a,c"
Shanghai,Projected_Area,154.344,-1.999554992,"a,c"
Shanghai,Projected_Area,83.9798,-1.08353138,"a,c"
Wuhan,Projected_Area,201.1186,-0.7357302904,"a,c"
Shanghai,Projected_Area,328.8614,-0.009455310181,"a,c"
Beijing,Projected_Area,210.9743,-0.9842740297,"a,c"
Shanghai,Projected_Area,280.7712,-0.3447725773,"a,c"
Guangzhou,Projected_Area,242.5518,-1.25281775,"a,c"
Shanghai,Projected_Area,235.5843,-1.406795144,"a,c"
Guangzhou,Projected_Area,234.1635,-1.355999827,"a,c"
Shanghai,Projected_Area,399.1728,0.1397171617,"a,c"
Shanghai,Projected_Area,827.3553,0.6218566895,"a,c"
Guangzhou,Projected_Area,163.3964,-1.752533555,"a,c"
Wuhan,Projected_Area,778.5516,0.675462842,"a,c"
Wuhan,Projected_Area,410.1711,0.02804917656,"a,c"
Wuhan,Projected_Area,200.8097,-0.9991087317,"a,c"
Beijing,Projected_Area,593.0882,0.1142748445,"a,c"
Guangzhou,Projected_Area,1630.2465,0.7550550103,"a,c"
Shanghai,Projected_Area,641.0273,0.455444783,"a,c"
Shanghai,Projected_Area,234.057,-1.417874575,"a,c"
Shanghai,Projected_Area,254.7651,-0.74895823,"a,c"
Wuhan,Projected_Area,161.3996,-1.665722251,"a,c"
Shanghai,Projected_Area,195.9759,-2.119416237,"a,c"
Shanghai,Projected_Area,277.5309,-0.4915201068,"a,c"
Beijing,Projected_Area,758.1861,0.4856018722,"a,c"
Beijing,Projected_Area,368.5376,-0.03401569277,"a,c"
Shanghai,Projected_Area,510.5799,0.08432670683,"a,c"
Wuhan,Projected_Area,900.2667,0.3104943931,"a,c"
Shanghai,Projected_Area,368.7045,-0.02139895409,"a,c"
Wuhan,Projected_Area,231.3229,-1.303586721,"a,c"
Beijing,Projected_Area,1047.8689,0.5032786727,"a,c"
Shanghai,Projected_Area,406.058,0.06912381947,"a,c"
Shanghai,Projected_Area,288.889,-0.3496783376,"a,c"
Wuhan,Projected_Area,472.2948,0.3984271288,"a,c"
Shanghai,Projected_Area,178.8504,-1.992703557,"a,c"
Guangzhou,Projected_Area,488.3268,0.181595102,"a,c"
Guangzhou,Projected_Area,155.5487,-1.417883158,"a,c"
Shanghai,Projected_Area,672.0497,0.2484932691,"a,c"
Shanghai,Projected_Area,198.7963,-0.8208093047,"a,c"
Shanghai,Projected_Area,444.2527,0.4509452581,"a,c"
Shanghai,Projected_Area,234.8513,-1.73524487,"a,c"
Wuhan,Projected_Area,514.4101,0.06006861478,"a,c"
Shanghai,Projected_Area,234.2038,-1.682425857,"a,c"
Shanghai,Projected_Area,120.1227,-1.272502661,"a,c"
Beijing,Projected_Area,607.1335,0.301766634,"a,c"
Guangzhou,Projected_Area,1049.5791,0.5627375245,"a,c"
Shanghai,Projected_Area,643.8781,0.4069618881,"a,c"
Shanghai,Projected_Area,224.1143,-1.44064796,"a,c"
Shanghai,Projected_Area,767.336,0.4309498072,"a,c"
Shanghai,Projected_Area,91.0997,-0.9756696224,"a,c"
Wuhan,Projected_Area,223.6217,-0.8300257921,"a,c"
Wuhan,Projected_Area,171.7777,-1.361487985,"a,c"
Guangzhou,Projected_Area,276.5237,-0.1848124713,"a,c"
Guangzhou,Projected_Area,1503.9727,0.9420723319,"a,c"
Shanghai,Projected_Area,631.1137,0.6322520971,"a,c"
Wuhan,Projected_Area,461.3587,-0.04175430909,"a,c"
Beijing,Projected_Area,258.1196,-0.419426918,"a,c"
Guangzhou,Projected_Area,147.2343,-1.512931108,"a,c"
Shanghai,Projected_Area,542.0237,-0.007771556266,"a,c"
Beijing,Projected_Area,217.9112,-1.49362576,"a,c"
Guangzhou,Projected_Area,386.3031,-0.02908363193,"a,c"
Shanghai,Projected_Area,602.0982,0.4433666766,"a,c"
Beijing,Projected_Area,201.2937,-0.6468591094,"a,c"
Shanghai,Projected_Area,671.2693,0.4956317842,"a,c"
Shanghai,Projected_Area,336.1481,-0.2418679893,"a,c"
Guangzhou,Projected_Area,1097.648,0.627396822,"a,c"
Beijing,Projected_Area,516.7612,-0.06356942654,"a,c"
Shanghai,Projected_Area,135.4045,-1.696542025,"a,c"
Shanghai,Projected_Area,527.7809,0.05255392566,"a,c"
Shanghai,Projected_Area,313.4682,0.3061717451,"a,c"
Wuhan,Projected_Area,1002.222,0.5153687596,"a,c"
Wuhan,Projected_Area,333.2149,-0.05451005697,"a,c"
Guangzhou,Projected_Area,603.1476,0.1577063799,"a,c"
Shanghai,Projected_Area,453.0579,0.256724596,"a,c"
Shanghai,Projected_Area,367.8758,0.1810399294,"a,c"
Shanghai,Projected_Area,747.6002,0.5491932034,"a,c"
Beijing,Projected_Area,555.8785,0.04412798956,"a,c"
Shanghai,Projected_Area,132.4818,-1.6306144,"a,c"
Shanghai,Projected_Area,419.5393,0.05355966091,"a,c"
Wuhan,Projected_Area,726.0728,0.4555757344,"a,c"
Shanghai,Projected_Area,499.9969,0.2839572728,"a,c"
Shanghai,Projected_Area,512.8064,0.04518271983,"a,c"
Beijing,Projected_Area,1028.6585,0.7228645086,"a,c"
Wuhan,Projected_Area,224.3172,-1.367614269,"a,c"
Shanghai,Projected_Area,813.1908,0.5983507037,"a,c"
Beijing,Projected_Area,281.2209,-0.3569685519,"a,c"
Beijing,Projected_Area,212.6015,-0.8888549805,"a,c"
Guangzhou,Projected_Area,287.4587,-0.2799569964,"a,c"
Guangzhou,Projected_Area,183.6868,-1.906139135,"a,c"
Beijing,Projected_Area,418.0354,0.1800312102,"a,c"
Shanghai,Projected_Area,578.4427,-0.2713737786,"a,c"
Shanghai,Projected_Area,336.9025,0.1442237347,"a,c"
Beijing,Projected_Area,359.1714,-0.1112973914,"a,c"
Guangzhou,Projected_Area,491.9562,0.08573094755,"a,c"
Shanghai,Projected_Area,382.8978,0.1069846675,"a,c"
Shanghai,Projected_Area,211.5876,-1.311124563,"a,c"
Shanghai,Projected_Area,340.5147,0.04710529,"a,c"
Guangzhou,Projected_Area,563.9294,-0.1161911562,"a,c"
Beijing,Projected_Area,366.5851,-0.05981527269,"a,c"
Wuhan,Projected_Area,611.5945,0.4381109774,"a,c"
Beijing,Projected_Area,966.3432,0.2874026,"a,c"
Wuhan,Projected_Area,280.0915,-0.3455141485,"a,c"
Beijing,Projected_Area,616.0033,0.5843615532,"a,c"
Shanghai,Projected_Area,144.539,-1.700076818,"a,c"
Shanghai,Projected_Area,298.3414,-0.3466256857,"a,c"
Shanghai,Projected_Area,409.8962,0.05115012079,"a,c"
Shanghai,Projected_Area,333.589,0.08062295616,"a,c"
Shanghai,Projected_Area,196.7511,-2.010691404,"a,c"
Wuhan,Projected_Area,705.8715,0.4690273106,"a,c"
Shanghai,Projected_Area,135.4946,-1.909615278,"a,c"
Shanghai,Projected_Area,252.3795,-0.8539354205,"a,c"
Guangzhou,Projected_Area,493.7618,0.2013310492,"a,c"
Beijing,Projected_Area,450.2634,0.3409578204,"a,c"
Shanghai,Projected_Area,400.2204,-0.03687877208,"a,c"
Beijing,Projected_Area,179.8668,-1.336888433,"a,c"
Shanghai,Projected_Area,250.3652,-0.9129151106,"a,c"
Shanghai,Projected_Area,355.5526,0.08855830878,"a,c"
Shanghai,Projected_Area,258.7351,-0.1373821795,"a,c"
Shanghai,Projected_Area,529.9764,-0.1221074611,"a,c"
Wuhan,Projected_Area,327.9806,-0.08368047327,"a,c"
Shanghai,Projected_Area,232.3106,-1.523194313,"a,c"
Shanghai,Projected_Area,479.6984,0.3757192791,"a,c"
Shanghai,Projected_Area,418.4965,0.05515311658,"a,c"
Shanghai,Projected_Area,575.2075,-0.01760964841,"a,c"
Shanghai,Projected_Area,166.342,-1.850712299,"a,c"
Shanghai,Projected_Area,480.1177,0.1693331897,"a,c"
Wuhan,Projected_Area,276.0229,-0.3301695585,"a,c"
Wuhan,Projected_Area,373.9644,-0.04746449366,"a,c"
Guangzhou,Projected_Area,176.5008,-1.831291318,"a,c"
Shanghai,Projected_Area,214.799,-1.700861573,"a,c"
Beijing,Projected_Area,478.9687,0.3513746262,"a,c"
Wuhan,Projected_Area,917.6013,0.4048782885,"a,c"
Shanghai,Projected_Area,267.6047,-0.2953060269,"a,c"
Beijing,Projected_Area,525.7687,0.08539123088,"a,c"
Shanghai,Projected_Area,585.0684,0.1191473007,"a,c"
Wuhan,Projected_Area,162.0467,-1.691212773,"a,c"
Shanghai,Projected_Area,414.6949,-0.1559781283,"a,c"
Shanghai,Projected_Area,528.9356,-0.04513707012,"a,c"
Shanghai,Projected_Area,389.1138,0.04060151428,"a,c"
Guangzhou,Projected_Area,628.6373,0.4674678147,"a,c"
Shanghai,Projected_Area,233.505,-1.525858879,"a,c"
Guangzhou,Projected_Area,908.1243,0.3773854673,"a,c"
Shanghai,Projected_Area,310.2981,0.3065333366,"a,c"
Shanghai,Projected_Area,129.2666,-1.61723721,"a,c"
Shanghai,Projected_Area,493.4777,0.3846269846,"a,c"
Wuhan,Projected_Area,407.5903,0.06322244555,"a,c"
Shanghai,Projected_Area,255.7832,-1.013830066,"a,c"
Wuhan,Projected_Area,455.6184,0.06873181462,"a,c"
Guangzhou,Projected_Area,220.1514,-1.120713711,"a,c"
Shanghai,Projected_Area,272.2921,-0.1405194402,"a,c"
Guangzhou,Projected_Area,273.982,-0.2991648316,"a,c"
Beijing,Projected_Area,559.5332,-0.004282714799,"a,c"
Shanghai,Projected_Area,118.4255,-1.588552713,"a,c"
Beijing,Projected_Area,517.4394,0.03141669184,"a,c"
Shanghai,Projected_Area,390.1154,0.05975428224,"a,c"
Wuhan,Projected_Area,199.6894,-1.067284942,"a,c"
Wuhan,Projected_Area,893.7112,0.3633796573,"a,c"
Wuhan,Projected_Area,787.7974,0.6067844629,"a,c"
Shanghai,Projected_Area,405.4811,0.01423519943,"a,c"
Beijing,Projected_Area,308.5863,0.07287253439,"a,c"
Shanghai,Projected_Area,247.4233,-0.9978289604,"a,c"
Shanghai,Projected_Area,571.7158,0.02566758916,"a,c"
Shanghai,Projected_Area,438.3557,0.2559345663,"a,c"
Guangzhou,Projected_Area,447.7052,0.172166124,"a,c"
Guangzhou,Projected_Area,672.9458,-0.02896707691,"a,c"
Shanghai,Projected_Area,342.1244,-0.1505237222,"a,c"
Shanghai,Projected_Area,327.2851,0.06050044298,"a,c"
Beijing,Projected_Area,605.0491,0.3875182569,"a,c"
Shanghai,Projected_Area,317.4478,0.006190561224,"a,c"
Guangzhou,Projected_Area,1165.0171,0.5332541466,"a,c"
Shanghai,Projected_Area,120.8651,-1.687018275,"a,c"
Guangzhou,Projected_Area,183.1137,-1.703748941,"a,c"
Shanghai,Projected_Area,379.5677,0.07161994278,"a,c"
Wuhan,Projected_Area,330.7118,-0.1219180599,"a,c"
Guangzhou,Projected_Area,535.4543,-0.05350863189,"a,c"
Shanghai,Projected_Area,636.0436,0.5843592286,"a,c"
Shanghai,Projected_Area,329.8413,-0.01238464192,"a,c"
Shanghai,Projected_Area,499.462,0.03193721175,"a,c"
Shanghai,Projected_Area,171.8596,-1.613028884,"a,c"
Beijing,Projected_Area,715.3489,0.8344657421,"a,c"
Shanghai,Projected_Area,415.3987,0.1415690929,"a,c"
Wuhan,Projected_Area,779.0431,0.7135602832,"a,c"
Shanghai,Projected_Area,1519.3234,0.8429064155,"a,c"
Shanghai,Projected_Area,537.5538,0.08742503822,"a,c"
Beijing,Projected_Area,253.4297,-0.496977061,"a,c"
Wuhan,Projected_Area,360.8706,-0.05233259872,"a,c"
Shanghai,Projected_Area,219.9724,-1.504625678,"a,c"
Shanghai,Projected_Area,475.6655,0.404877156,"a,c"
Shanghai,Projected_Area,386.7497,0.02748162672,"a,c"
Shanghai,Projected_Area,310.6045,-0.007600833662,"a,c"
Shanghai,Projected_Area,599.0251,0.3419038653,"a,c"
Wuhan,Projected_Area,547.0657,-0.1248259768,"a,c"
Shanghai,Projected_Area,190.5098,-2.152415514,"a,c"
Beijing,Projected_Area,404.6254,0.09584210068,"a,c"
Shanghai,Projected_Area,475.5646,0.1622182578,"a,c"
Shanghai,Projected_Area,152.5969,-1.902889132,"a,c"
Wuhan,Projected_Area,288.1556,0.3572076857,"a,c"
Shanghai,Projected_Area,540.5241,0.1483756155,"a,c"
Shanghai,Projected_Area,133.8002,-1.637129784,"a,c"
Shanghai,Projected_Area,437.5132,0.5527288318,"a,c"
Beijing,Projected_Area,540.8198,0.004517463967,"a,c"
Shanghai,Projected_Area,338.1489,-0.08572649211,"a,c"
Shanghai,Projected_Area,359.6929,0.009430477396,"a,c"
Guangzhou,Projected_Area,213.3933,-1.248962998,"a,c"
Shanghai,Projected_Area,372.6974,0.1190957054,"a,c"
Shanghai,Projected_Area,167.4934,-1.97891295,"a,c"
Shanghai,Projected_Area,506.1863,0.2370598167,"a,c"
Shanghai,Projected_Area,296.8659,-0.1103847101,"a,c"
Shanghai,Projected_Area,350.9155,0.06214752421,"a,c"
Shanghai,Projected_Area,568.509,-0.04075516388,"a,c"
Shanghai,Projected_Area,620.3806,0.3854614198,"a,c"
Shanghai,Projected_Area,212.2118,-1.530289531,"a,c"
Wuhan,Projected_Area,548.468,-0.07418951392,"a,c"
Beijing,Projected_Area,764.7565,0.6720782518,"a,c"
Shanghai,Projected_Area,624.1684,0.3132231534,"a,c"
Guangzhou,Projected_Area,315.5298,0.0303412471,"a,c"
Guangzhou,Projected_Area,245.7084,-1.402061939,"a,c"
Shanghai,Projected_Area,870.9764,0.3858468831,"a,c"
Shanghai,Projected_Area,367.2989,0.03096453659,"a,c"
Shanghai,Projected_Area,160.4232,-1.581823468,"a,c"
Shanghai,Projected_Area,181.2291,-2.090676785,"a,c"
Beijing,Projected_Area,531.3527,0.006473495625,"a,c"
Wuhan,Projected_Area,399.9755,0.1152528822,"a,c"
Shanghai,Projected_Area,508.1017,0.1213499084,"a,c"
Guangzhou,Projected_Area,168.4817,-1.626959801,"a,c"
Guangzhou,Projected_Area,905.5728,0.4798514545,"a,c"
Shanghai,Projected_Area,650.0775,0.486082226,"a,c"
Wuhan,Projected_Area,749.3846,0.2816402316,"a,c"
Guangzhou,Projected_Area,114.2863,-1.131743431,"a,c"
Guangzhou,Projected_Area,121.4194,-1.57880044,"a,c"
Shanghai,Projected_Area,350.2965,-0.06985218823,"a,c"
Shanghai,Projected_Area,220.4407,-1.559561133,"a,c"
Guangzhou,Projected_Area,249.8332,-0.5626690984,"a,c"
Shanghai,Projected_Area,488.3084,0.3381376565,"a,c"
Beijing,Projected_Area,251.4316,-0.6564142108,"a,c"
Shanghai,Projected_Area,205.0471,-0.846686542,"a,c"
Shanghai,Projected_Area,151.8827,-1.741115212,"a,c"
Shanghai,Projected_Area,538.0171,0.1241789311,"a,c"
Shanghai,Projected_Area,420.2387,0.207498908,"a,c"
Shanghai,Projected_Area,222.9018,-1.685283661,"a,c"
Shanghai,Projected_Area,348.2262,-0.06687686592,"a,c"
Beijing,Projected_Area,937.6401,0.3257887065,"a,c"
Beijing,Projected_Area,1292.2359,1.00575757,"a,c"
Shanghai,Projected_Area,651.6942,0.5588692427,"a,c"
Shanghai,Projected_Area,491.9677,0.1408851594,"a,c"
Shanghai,Projected_Area,512.4636,0.03313340992,"a,c"
Wuhan,Projected_Area,403.145,0.01505688298,"a,c"
Shanghai,Projected_Area,365.6634,-0.07415565848,"a,c"
Beijing,Projected_Area,121.4149,-1.178798199,"a,c"
Shanghai,Projected_Area,148.0373,-1.940956831,"a,c"
Shanghai,Projected_Area,632.3267,0.4765840471,"a,c"
Shanghai,Projected_Area,409.8268,0.1735398322,"a,c"
Shanghai,Projected_Area,277.7958,-0.2766882479,"a,c"
Wuhan,Projected_Area,315.8508,-0.06353964657,"a,c"
Shanghai,Projected_Area,935.5109,0.4692738354,"a,c"
Guangzhou,Projected_Area,849.9,0.7587191463,"a,c"
Guangzhou,Projected_Area,739.6668,0.4811527431,"a,c"
Guangzhou,Projected_Area,155.0212,-1.667942643,"a,c"
Shanghai,Projected_Area,631.3321,0.630448699,"a,c"
Shanghai,Projected_Area,363.4906,-0.06020313129,"a,c"
Shanghai,Projected_Area,515.5664,0.1319006085,"a,c"
Guangzhou,Projected_Area,825.8386,0.7876946926,"a,c"
Shanghai,Projected_Area,109.3211,-1.609027147,"a,c"
Beijing,Projected_Area,259.5049,-0.03907426074,"a,c"
Shanghai,Projected_Area,669.267,0.4280551374,"a,c"
Wuhan,Projected_Area,551.34,-0.0750342086,"a,c"
Shanghai,Projected_Area,189.7802,-2.164463997,"a,c"
Shanghai,Projected_Area,281.6208,-0.1228731573,"a,c"
Shanghai,Projected_Area,475.9293,0.3962700665,"a,c"
Beijing,Projected_Area,419.3654,0.1314104497,"a,c"
Beijing,Projected_Area,543.951,0.03086008318,"a,c"
Guangzhou,Projected_Area,361.1797,-0.1482356191,"a,c"
Shanghai,Projected_Area,222.8483,-1.409362674,"a,c"
Shanghai,Projected_Area,469.7387,0.2854681611,"a,c"
Shanghai,Projected_Area,605.9929,0.4000269175,"a,c"
Guangzhou,Projected_Area,96.661,-1.309283018,"a,c"
Shanghai,Projected_Area,169.6185,-1.880535126,"a,c"
Guangzhou,Projected_Area,912.7118,0.6305383444,"a,c"
Shanghai,Projected_Area,555.6837,0.04530495405,"a,c"
Shanghai,Projected_Area,637.2442,0.6762974262,"a,c"
Beijing,Projected_Area,107.9196,-2.063236237,"a,c"
Shanghai,Projected_Area,770.1483,0.7300381064,"a,c"
Guangzhou,Projected_Area,123.4217,-1.580941439,"a,c"
Shanghai,Projected_Area,514.8239,-0.008075263351,"a,c"
Shanghai,Projected_Area,517.5773,0.1401566118,"a,c"
Wuhan,Projected_Area,145.6299,-1.565350294,"a,c"
Shanghai,Projected_Area,315.9341,0.1794785559,"a,c"
Shanghai,Projected_Area,458.0523,0.3724561036,"a,c"
Shanghai,Projected_Area,500.1606,0.2639184296,"a,c"
Shanghai,Projected_Area,259.6902,-0.2518246174,"a,c"
Shanghai,Projected_Area,607.5452,0.4532313049,"a,c"
Shanghai,Projected_Area,231.928,-1.427508235,"a,c"
Shanghai,Projected_Area,434.5514,0.371322006,"a,c"
Guangzhou,Projected_Area,362.7616,-0.06322514266,"a,c"
Shanghai,Projected_Area,209.2856,-1.626215816,"a,c"
Shanghai,Projected_Area,443.3236,0.280451417,"a,c"
Shanghai,Projected_Area,337.7197,0.07632409036,"a,c"
Wuhan,Projected_Area,148.4172,-1.877555847,"a,c"
Guangzhou,Projected_Area,223.4886,-1.468641043,"a,c"
Beijing,Projected_Area,279.9154,-0.2932139933,"a,c"
Shanghai,Projected_Area,684.0681,0.761128068,"a,c"
Wuhan,Projected_Area,466.4099,0.2227144539,"a,c"
Shanghai,Projected_Area,941.3272,0.5414908528,"a,c"
Guangzhou,Projected_Area,677.6265,0.4450907409,"a,c"
Shanghai,Projected_Area,240.8814,-1.330003858,"a,c"
Shanghai,Projected_Area,509.9056,0.165402621,"a,c"
Wuhan,Projected_Area,339.7675,-0.1476655602,"a,c"
Shanghai,Projected_Area,306.8288,-0.2125177532,"a,c"
Guangzhou,Projected_Area,129.7222,-1.318698883,"a,c"
Wuhan,Projected_Area,861.6782,0.2581416368,"a,c"
Wuhan,Projected_Area,426.0238,0.1497280151,"a,c"
Guangzhou,Projected_Area,127.9965,-1.368111253,"a,c"
Shanghai,Projected_Area,159.6106,-1.97901237,"a,c"
Shanghai,Projected_Area,439.7879,0.3297279775,"a,c"
Shanghai,Projected_Area,1037.9354,0.7150731683,"a,c"
Wuhan,Projected_Area,671.5398,0.4085252881,"a,c"
Wuhan,Projected_Area,458.0446,0.4463828504,"a,c"
Beijing,Projected_Area,716.9021,0.4171484709,"a,c"
Beijing,Projected_Area,657.498,0.4305801988,"a,c"
Wuhan,Projected_Area,1110.9197,1.197139621,"a,c"
Shanghai,Projected_Area,145.994,-2.10731554,"a,c"
Shanghai,Projected_Area,1316.2208,0.8046197891,"a,c"
Wuhan,Projected_Area,670.4472,0.295161128,"a,c"
Guangzhou,Projected_Area,512.0921,0.01031382661,"a,c"
Wuhan,Projected_Area,507.8303,0.2017308325,"a,c"
Shanghai,Projected_Area,173.8497,-2.093951225,"a,c"
Beijing,Projected_Area,235.4779,-1.434273362,"a,c"
Shanghai,Projected_Area,110.3145,-1.6967237,"a,c"
Shanghai,Projected_Area,403.7782,0.06934830546,"a,c"
Shanghai,Projected_Area,288.8774,-0.2310806811,"a,c"
Shanghai,Projected_Area,641.0159,0.5097856522,"a,c"
Shanghai,Projected_Area,229.0237,-1.13875556,"a,c"
Shanghai,Projected_Area,129.9766,-1.217537522,"a,c"
Beijing,Projected_Area,348.5511,-0.02992455848,"a,c"
Shanghai,Projected_Area,385.674,0.1017637998,"a,c"
Shanghai,Projected_Area,718.6347,0.6131470799,"a,c"
Shanghai,Projected_Area,303.6966,-0.3955496252,"a,c"
Shanghai,Projected_Area,310.1281,0.01745059341,"a,c"
Shanghai,Projected_Area,122.6212,-1.614610672,"a,c"
Shanghai,Projected_Area,135.5915,-2.014702082,"a,c"
Shanghai,Projected_Area,195.8698,-1.755532622,"a,c"
Shanghai,Projected_Area,124.7563,-1.271619201,"a,c"
Wuhan,Projected_Area,453.3782,0.2235266417,"a,c"
Shanghai,Projected_Area,298.5173,-0.3579211533,"a,c"
Shanghai,Projected_Area,345.5575,0.05191140249,"a,c"
Shanghai,Projected_Area,313.4803,0.4640420079,"a,c"
Beijing,Projected_Area,311.9872,0.01658074558,"a,c"
Wuhan,Projected_Area,328.4041,0.1778337806,"a,c"
Wuhan,Projected_Area,622.1666,0.4514685869,"a,c"
Shanghai,Projected_Area,549.013,-0.5301896334,"a,c"
Guangzhou,Projected_Area,476.3423,0.2399791926,"a,c"
Shanghai,Projected_Area,595.2642,0.2361402065,"a,c"
Shanghai,Projected_Area,308.0308,0.07847055793,"a,c"
Shanghai,Projected_Area,251.1695,-0.5956812501,"a,c"
Shanghai,Projected_Area,167.2792,-2.11896944,"a,c"
Guangzhou,Projected_Area,308.1726,-0.06965103,"a,c"
Shanghai,Projected_Area,165.4372,-1.972937226,"a,c"
Shanghai,Projected_Area,126.6714,-1.570717692,"a,c"
Beijing,Projected_Area,910.4087,0.1176377386,"a,c"
Wuhan,Projected_Area,599.8256,0.5489035845,"a,c"
Shanghai,Projected_Area,207.5506,-1.442448616,"a,c"
Shanghai,Projected_Area,142.6958,-2.046867847,"a,c"
Wuhan,Projected_Area,572.2633,-0.119960025,"a,c"
Shanghai,Projected_Area,590.8515,-0.0170604568,"a,c"
Beijing,Projected_Area,489.2009,0.005381541327,"a,c"
Guangzhou,Projected_Area,228.0081,-1.422944784,"a,c"
Wuhan,Projected_Area,829.9059,0.7315997481,"a,c"
Shanghai,Projected_Area,176.4231,-1.894743681,"a,c"
Shanghai,Projected_Area,129.4303,-1.24378109,"a,c"
Shanghai,Projected_Area,132.2448,-0.8399816155,"a,c"
Guangzhou,Projected_Area,134.5522,-1.408235431,"a,c"
Shanghai,Projected_Area,317.5363,0.04809130728,"a,c"
Guangzhou,Projected_Area,145.8386,-1.716092229,"a,c"
Wuhan,Projected_Area,384.9369,0.1160509661,"a,c"
Shanghai,Projected_Area,471.314,0.2466048449,"a,c"
Shanghai,Projected_Area,379.5593,0.1471035182,"a,c"
Wuhan,Projected_Area,689.8255,0.5849868059,"a,c"
Shanghai,Projected_Area,658.9441,0.5762503147,"a,c"
Shanghai,Projected_Area,576.4539,-0.09570834041,"a,c"
Beijing,Projected_Area,337.3633,0.3199350238,"a,c"
Wuhan,Projected_Area,270.721,-0.2051088661,"a,c"
Shanghai,Projected_Area,136.0893,-1.882553577,"a,c"
Guangzhou,Projected_Area,958.5891,0.4631292224,"a,c"
Shanghai,Projected_Area,389.4504,0.1212602183,"a,c"
Beijing,Projected_Area,145.3443,-1.65465498,"a,c"
Shanghai,Projected_Area,111.8896,-1.587173462,"a,c"
Guangzhou,Projected_Area,121.522,-1.371774912,"a,c"
Guangzhou,Projected_Area,475.8034,0.1257419288,"a,c"
Shanghai,Projected_Area,507.7508,0.1211919039,"a,c"
Shanghai,Projected_Area,428.5657,0.7623590827,"a,c"
Shanghai,Projected_Area,727.5063,0.5100178123,"a,c"
Beijing,Projected_Area,795.1642,1.02084434,"a,c"
Wuhan,Projected_Area,613.8109,-0.03550265357,"a,c"
Beijing,Projected_Area,710.2874,0.5211855769,"a,c"
Guangzhou,Projected_Area,138.3668,-1.381061554,"a,c"
Guangzhou,Projected_Area,322.5007,-0.123686634,"a,c"
Shanghai,Projected_Area,349.3794,0.0472971797,"a,c"
Wuhan,Projected_Area,279.0434,-0.4867061079,"a,c"
Guangzhou,Projected_Area,449.0623,0.1468865126,"a,c"
Beijing,Projected_Area,299.9881,-0.3532374501,"a,c"
Guangzhou,Projected_Area,677.0217,0.5462620854,"a,c"
Shanghai,Projected_Area,555.3093,0.05805348977,"a,c"
Shanghai,Projected_Area,362.8839,-0.06732302159,"a,c"
Shanghai,Projected_Area,438.8623,0.1731129885,"a,c"
Shanghai,Projected_Area,556.3351,0.005051673856,"a,c"
Wuhan,Projected_Area,622.0786,0.4245222807,"a,c"
Shanghai,Projected_Area,344.4414,0.02763328515,"a,c"
Guangzhou,Projected_Area,192.1617,-1.633637071,"a,c"
Beijing,Projected_Area,412.8768,0.1375537664,"a,c"
Beijing,Projected_Area,80.5782,-1.236870885,"a,c"
Shanghai,Projected_Area,395.2129,0.0861562714,"a,c"
Wuhan,Projected_Area,273.3686,-0.3503769338,"a,c"
Wuhan,Projected_Area,331.5845,-0.02176217921,"a,c"
Shanghai,Projected_Area,545.4149,0.1829479933,"a,c"
Wuhan,Projected_Area,455.6065,0.09345518053,"a,c"
Shanghai,Projected_Area,222.0576,-0.9412607551,"a,c"
Shanghai,Projected_Area,427.9267,0.7611594796,"a,c"
Guangzhou,Projected_Area,558.068,0.06405241787,"a,c"
Beijing,Projected_Area,168.6677,-2.021805763,"a,c"
Wuhan,Projected_Area,488.3561,0.1088265628,"a,c"
Wuhan,Projected_Area,517.8934,0.01583616249,"a,c"
Shanghai,Projected_Area,392.1912,0.0505429469,"a,c"
Beijing,Projected_Area,603.0913,0.3040493131,"a,c"
Beijing,Projected_Area,359.3076,0.05007499084,"a,c"
Shanghai,Projected_Area,140.239,-1.749268293,"a,c"
Shanghai,Projected_Area,240.9567,-1.391098619,"a,c"
Beijing,Projected_Area,171.4753,-1.761932015,"a,c"
Shanghai,Projected_Area,254.8403,-0.7620490789,"a,c"
Wuhan,Projected_Area,295.3075,-0.2065677792,"a,c"
Shanghai,Projected_Area,189.2431,-2.123294353,"a,c"
Shanghai,Projected_Area,578.8915,-0.005049468484,"a,c"
Shanghai,Projected_Area,215.5278,-1.388813853,"a,c"
Shanghai,Projected_Area,944.1956,0.3131411374,"a,c"
Shanghai,Projected_Area,154.3273,-1.991087437,"a,c"
Shanghai,Projected_Area,232.0895,-1.173659086,"a,c"
Beijing,Projected_Area,1469.8411,1.043162465,"a,c"
Shanghai,Projected_Area,254.046,-0.5588436723,"a,c"
Shanghai,Projected_Area,535.0553,0.05715576187,"a,c"
Shanghai,Projected_Area,515.6559,0.1971246749,"a,c"
Shanghai,Projected_Area,100.3968,-1.484899879,"a,c"
Shanghai,Projected_Area,688.5573,0.6296892166,"a,c"
Beijing,Projected_Area,879.2179,0.3302529454,"a,c"
Shanghai,Projected_Area,222.5505,-1.440034389,"a,c"
Shanghai,Projected_Area,165.1605,-2.088952303,"a,c"
Wuhan,Projected_Area,266.7163,-0.4685049355,"a,c"
Shanghai,Projected_Area,473.0577,0.3567734659,"a,c"
Guangzhou,Projected_Area,402.8086,-0.01029594708,"a,c"
Shanghai,Projected_Area,184.0051,-1.937911391,"a,c"
Shanghai,Projected_Area,180.1798,-1.686130524,"a,c"
Wuhan,Projected_Area,430.2845,0.5511451364,"a,c"
Shanghai,Projected_Area,479.7672,0.3230699599,"a,c"
Shanghai,Projected_Area,263.9183,-0.2384156436,"a,c"
Shanghai,Projected_Area,203.3113,-1.005155921,"a,c"
Beijing,Projected_Area,603.1542,0.4832064211,"a,c"
Beijing,Projected_Area,480.0396,0.06305227429,"a,c"
Shanghai,Projected_Area,552.6102,0.05328924954,"a,c"
Wuhan,Projected_Area,148.219,-1.722139835,"a,c"
Shanghai,Projected_Area,272.4457,-0.2795536816,"a,c"
Shanghai,Projected_Area,117.9957,-1.847576499,"a,c"
Beijing,Projected_Area,378.2192,-0.04222382605,"a,c"
Guangzhou,Projected_Area,458.5074,0.1345372945,"a,c"
Shanghai,Projected_Area,626.8049,0.4929216206,"a,c"
Wuhan,Projected_Area,234.2089,-1.112475753,"a,c"
Beijing,Projected_Area,645.4772,0.2050219476,"a,c"
Beijing,Projected_Area,600.9149,0.2057534456,"a,c"
Shanghai,Projected_Area,375.8982,0.08810063452,"a,c"
Beijing,Projected_Area,189.816,-1.764812827,"a,c"
Shanghai,Projected_Area,200.5196,-0.6446723938,"a,c"
Guangzhou,Projected_Area,644.8883,0.54361552,"a,c"
Wuhan,Projected_Area,587.9999,0.3303747475,"a,c"
Shanghai,Projected_Area,315.0509,-0.05759138614,"a,c"
Shanghai,Projected_Area,135.1964,-1.66725862,"a,c"
Guangzhou,Projected_Area,761.2668,0.6342005134,"a,c"
Wuhan,Projected_Area,699.5847,0.5568366051,"a,c"
Shanghai,Projected_Area,170.7362,-1.849976778,"a,c"
Beijing,Projected_Area,360.3157,-0.1465109885,"a,c"
Shanghai,Projected_Area,263.0488,-0.1564369053,"a,c"
Shanghai,Projected_Area,397.6324,0.02672765031,"a,c"
Shanghai,Projected_Area,133.4031,-1.635154605,"a,c"
Shanghai,Projected_Area,486.2823,0.183019504,"a,c"
Shanghai,Projected_Area,90.6965,-1.642116189,"a,c"
Shanghai,Projected_Area,108.8254,-1.73749733,"a,c"
Beijing,Projected_Area,767.4033,0.5316912532,"a,c"
Guangzhou,Projected_Area,250.3407,-0.6149715781,"a,c"
Shanghai,Projected_Area,165.8698,-2.029621363,"a,c"
Shanghai,Projected_Area,136.6971,-1.805876732,"a,c"
Guangzhou,Projected_Area,1392.4233,0.7203891277,"a,c"
Wuhan,Projected_Area,200.273,-0.8319812417,"a,c"
Shanghai,Projected_Area,149.0487,-1.509695411,"a,c"
Shanghai,Projected_Area,436.8932,0.3221528828,"a,c"
Shanghai,Projected_Area,241.9117,-1.529080629,"a,c"
Beijing,Projected_Area,131.9761,-1.297738194,"a,c"
Shanghai,Projected_Area,120.8427,-1.6949687,"a,c"
Shanghai,Projected_Area,121.7011,-1.793003321,"a,c"
Guangzhou,Projected_Area,143.9677,-1.458751917,"a,c"
Shanghai,Projected_Area,567.3201,-0.128730759,"a,c"
Guangzhou,Projected_Area,119.0113,-1.379539013,"a,c"
Beijing,Projected_Area,218.3502,-1.280547261,"a,c"
Guangzhou,Projected_Area,510.0692,0.1138814613,"a,c"
Beijing,Projected_Area,252.7062,-0.4554347694,"a,c"
Shanghai,Projected_Area,134.4252,-1.838278413,"a,c"
Shanghai,Projected_Area,552.0146,0.07479507476,"a,c"
Wuhan,Projected_Area,572.8507,0.05376492068,"a,c"
Wuhan,Projected_Area,97.1435,-1.462539673,"a,c"
Beijing,Projected_Area,387.4725,-0.09920957685,"a,c"
Shanghai,Projected_Area,103.5681,-1.682264328,"a,c"
Shanghai,Projected_Area,294.9178,-0.2874743938,"a,c"
Guangzhou,Projected_Area,128.1744,-1.428735733,"a,c"
Wuhan,Projected_Area,782.1223,0.02329582348,"a,c"
Shanghai,Projected_Area,721.1402,0.6023222804,"a,c"
Beijing,Projected_Area,137.1865,-1.511249661,"a,c"
Beijing,Projected_Area,1498.7559,0.6543887258,"a,c"
Wuhan,Projected_Area,81.6372,-1.767990828,"a,c"
Guangzhou,Projected_Area,182.4364,-1.187290788,"a,c"
Beijing,Projected_Area,1506.375,0.5724567175,"a,c"
Shanghai,Projected_Area,268.5239,-0.2158445865,"a,c"
Shanghai,Projected_Area,207.371,-1.55244112,"a,c"
Shanghai,Projected_Area,448.2086,0.3513812423,"a,c"
Shanghai,Projected_Area,132.8995,-1.775827169,"a,c"
Shanghai,Projected_Area,137.1918,-1.981427193,"a,c"
Beijing,Projected_Area,361.8666,-0.005627070554,"a,c"
Wuhan,Projected_Area,604.4009,0.06422323734,"a,c"
Shanghai,Projected_Area,185.9698,-2.089774847,"a,c"
Guangzhou,Projected_Area,378.2424,0.1006195992,"a,c"
Wuhan,Projected_Area,479.9802,0.3002004027,"a,c"
Shanghai,Projected_Area,190.8197,-2.28821063,"a,c"
Shanghai,Projected_Area,284.2443,-0.07935471833,"a,c"
Shanghai,Projected_Area,157.8658,-1.651739836,"a,c"
Wuhan,Projected_Area,429.5596,0.3675269186,"a,c"
Shanghai,Projected_Area,643.0539,0.4466068447,"a,c"
Wuhan,Projected_Area,208.3123,-1.491809368,"a,c"
Shanghai,Projected_Area,376.1359,-0.06748853624,"a,c"
Guangzhou,Projected_Area,392.4598,-0.1420051605,"a,c"
Shanghai,Projected_Area,554.4116,0.1113901064,"a,c"
Shanghai,Projected_Area,193.4374,-1.896004796,"a,c"
Beijing,Projected_Area,776.0534,0.5519241095,"a,c"
Wuhan,Projected_Area,321.8196,-0.1331203878,"a,c"
Wuhan,Projected_Area,239.2418,-1.396379352,"a,c"
Shanghai,Projected_Area,550.9122,0.09038715065,"a,c"
Shanghai,Projected_Area,165.4703,-1.684096456,"a,c"
Shanghai,Projected_Area,584.3302,0.1155764759,"a,c"
Shanghai,Projected_Area,307.2141,-0.2301332504,"a,c"
Shanghai,Projected_Area,282.6658,-0.02832520939,"a,c"
Shanghai,Projected_Area,154.1624,-2.062835693,"a,c"
Beijing,Projected_Area,150.8568,-1.937632561,"a,c"
Shanghai,Projected_Area,260.318,-0.1519528925,"a,c"
Guangzhou,Projected_Area,1345.0307,1.09775579,"a,c"
Wuhan,Projected_Area,600.5676,0.1597750485,"a,c"
Shanghai,Projected_Area,804.8612,1.148251653,"a,c"
Shanghai,Projected_Area,214.2778,-1.836978436,"a,c"
Shanghai,Projected_Area,258.6626,0.1622646451,"a,c"
Shanghai,Projected_Area,223.6087,-1.548443794,"a,c"
Shanghai,Projected_Area,571.3753,0.002902160399,"a,c"
Wuhan,Projected_Area,967.5175,0.3012830317,"a,c"
Shanghai,Projected_Area,136.9221,-0.2343326658,"a,c"
Shanghai,Projected_Area,538.4278,0.090946652,"a,c"
Beijing,Projected_Area,396.3411,0.009267117828,"a,c"
Wuhan,Projected_Area,347.4867,0.007831880823,"a,c"
Wuhan,Projected_Area,199.1911,-0.796481967,"a,c"
Shanghai,Projected_Area,305.0726,-0.2560796738,"a,c"
Shanghai,Projected_Area,266.6651,-0.2305918932,"a,c"
Wuhan,Projected_Area,519.932,0.1886837184,"a,c"
Shanghai,Projected_Area,723.8186,0.6876791716,"a,c"
Shanghai,Projected_Area,554.9345,0.04621774703,"a,c"
Shanghai,Projected_Area,387.4276,0.0163984336,"a,c"
Wuhan,Projected_Area,980.253,0.06129127741,"a,c"
Shanghai,Projected_Area,93.5579,-1.290534973,"a,c"
Shanghai,Projected_Area,139.5096,-1.922104836,"a,c"
Shanghai,Projected_Area,407.4592,0.01862347871,"a,c"
Shanghai,Projected_Area,427.0422,0.5372391939,"a,c"
Guangzhou,Projected_Area,632.946,0.397980243,"a,c"
Shanghai,Projected_Area,607.9498,0.384791404,"a,c"
Wuhan,Projected_Area,147.191,-1.300190568,"a,c"
Shanghai,Projected_Area,541.1593,0.06364576519,"a,c"
Wuhan,Projected_Area,401.579,0.03894466534,"a,c"
Shanghai,Projected_Area,113.5727,-1.990584016,"a,c"
Shanghai,Projected_Area,170.4532,-1.959294319,"a,c"
Shanghai,Projected_Area,506.2612,0.3671778142,"a,c"
Beijing,Projected_Area,486.1776,0.148804754,"a,c"
Wuhan,Projected_Area,804.3449,1.206116915,"a,c"
Shanghai,Projected_Area,395.5903,0.112187393,"a,c"
Shanghai,Projected_Area,538.7826,0.1101110429,"a,c"
Shanghai,Projected_Area,491.2009,0.251078099,"a,c"
Shanghai,Projected_Area,154.7186,-2.247362614,"a,c"
Wuhan,Projected_Area,188.469,-1.958107114,"a,c"
Guangzhou,Projected_Area,142.3211,-1.538027167,"a,c"
Shanghai,Projected_Area,541.3451,0.1218994558,"a,c"
Shanghai,Projected_Area,613.436,0.4779549837,"a,c"
Guangzhou,Projected_Area,114.9025,-1.403325558,"a,c"
Beijing,Projected_Area,702.3984,0.6161326766,"a,c"
Shanghai,Projected_Area,182.7189,-1.927057981,"a,c"
Wuhan,Projected_Area,360.4906,-0.02138026804,"a,c"
Wuhan,Projected_Area,386.2708,-0.1835279912,"a,c"
Guangzhou,Projected_Area,378.0234,0.0682035014,"a,c"
Shanghai,Projected_Area,239.3587,-1.512476206,"a,c"
Shanghai,Projected_Area,873.0604,0.3070731163,"a,c"
Wuhan,Projected_Area,555.4118,-0.15871647,"a,c"
Shanghai,Projected_Area,472.3394,0.3450259864,"a,c"
Guangzhou,Projected_Area,405.1747,-0.1217578873,"a,c"
Beijing,Projected_Area,143.4392,-2.094977856,"a,c"
Wuhan,Projected_Area,151.1388,-1.565359354,"a,c"
Shanghai,Projected_Area,227.4706,-1.705105305,"a,c"
Wuhan,Projected_Area,217.195,-1.446320057,"a,c"
Shanghai,Projected_Area,559.8939,-0.04379830509,"a,c"
Wuhan,Projected_Area,579.6454,-0.1311766356,"a,c"
Shanghai,Projected_Area,594.5646,0.3032315373,"a,c"
Guangzhou,Projected_Area,362.0278,0.1628745645,"a,c"
Guangzhou,Projected_Area,385.6547,-0.1361535639,"a,c"
Beijing,Projected_Area,1540.1329,0.7759518027,"a,c"
Shanghai,Projected_Area,646.2423,0.4892557561,"a,c"
Guangzhou,Projected_Area,115.9402,-1.232762337,"a,c"
Shanghai,Projected_Area,531.0936,0.05133275315,"a,c"
Shanghai,Projected_Area,135.5558,-1.676943541,"a,c"
Wuhan,Projected_Area,237.225,-1.324612737,"a,c"
Shanghai,Projected_Area,515.8455,0.1675097942,"a,c"
Shanghai,Projected_Area,485.5261,0.2968896925,"a,c"
Guangzhou,Projected_Area,358.9039,-0.1104933396,"a,c"
Beijing,Projected_Area,208.9896,-1.389865398,"a,c"
Beijing,Projected_Area,206.2475,-0.1753799468,"a,c"
Shanghai,Projected_Area,347.7506,-0.05442975461,"a,c"
Beijing,Projected_Area,675.6504,0.5179892182,"a,c"
Shanghai,Projected_Area,310.4621,0.3311364651,"a,c"
Wuhan,Projected_Area,685.8794,0.6190853119,"a,c"
Shanghai,Projected_Area,653.6443,0.3336875141,"a,c"
Shanghai,Projected_Area,110.5438,-1.650638819,"a,c"
Wuhan,Projected_Area,650.0477,0.3718452752,"a,c"
Shanghai,Projected_Area,343.994,0.07232241333,"a,c"
Wuhan,Projected_Area,722.5586,0.4633193016,"a,c"
Shanghai,Projected_Area,573.7058,0.02347642183,"a,c"
Shanghai,Projected_Area,223.0785,-1.212809682,"a,c"
Wuhan,Projected_Area,609.5225,0.5316486359,"a,c"
Shanghai,Projected_Area,619.0707,0.3801678419,"a,c"
Wuhan,Projected_Area,436.303,0.160687834,"a,c"
Shanghai,Projected_Area,90.217,-1.719379663,"a,c"
Shanghai,Projected_Area,632.5416,0.5200166702,"a,c"
Shanghai,Projected_Area,571.4431,0.02976845205,"a,c"
Shanghai,Projected_Area,403.2439,0.04808478802,"a,c"
Beijing,Projected_Area,189.6618,-1.237348914,"a,c"
Shanghai,Projected_Area,81.3233,-1.251734138,"a,c"
Shanghai,Projected_Area,699.1038,0.593213737,"a,c"
Shanghai,Projected_Area,453.8337,0.4134509861,"a,c"
Wuhan,Projected_Area,583.7451,-0.06019093469,"a,c"
Shanghai,Projected_Area,311.9082,0.1722910702,"a,c"
Shanghai,Projected_Area,349.9131,0.2353432328,"a,c"
Guangzhou,Projected_Area,197.6272,-0.3650721312,"a,c"
Beijing,Projected_Area,140.9018,-2.000532627,"a,c"
Wuhan,Projected_Area,119.486,-1.407767653,"a,c"
Beijing,Projected_Area,664.3076,0.3776061833,"a,c"
Guangzhou,Projected_Area,1293.2749,1.004659176,"a,c"
Wuhan,Projected_Area,695.3722,0.521615684,"a,c"
Wuhan,Projected_Area,649.293,0.5324356556,"a,c"
Shanghai,Projected_Area,355.2113,0.06270390749,"a,c"
Wuhan,Projected_Area,787.7868,0.4693030119,"a,c"
Wuhan,Projected_Area,304.3604,-0.3974422216,"a,c"
Shanghai,Projected_Area,354.7871,0.0002651854302,"a,c"
Shanghai,Projected_Area,501.4547,0.4837143719,"a,c"
Shanghai,Projected_Area,534.8667,0.07477891445,"a,c"
Wuhan,Projected_Area,431.6283,0.4736805558,"a,c"
Shanghai,Projected_Area,174.7896,-1.98582685,"a,c"
Shanghai,Projected_Area,1544.577,0.4810033441,"a,c"
Shanghai,Projected_Area,815.2626,0.7841011882,"a,c"
Shanghai,Projected_Area,170.7105,-1.648411632,"a,c"
Shanghai,Projected_Area,721.3497,0.6639750004,"a,c"
Wuhan,Projected_Area,484.3291,0.2869364023,"a,c"
Guangzhou,Projected_Area,409.0025,-0.05880243331,"a,c"
Shanghai,Projected_Area,343.3611,0.06985208392,"a,c"
Shanghai,Projected_Area,89.2075,-1.315410376,"a,c"
Shanghai,Projected_Area,412.0567,0.1921725571,"a,c"
Wuhan,Projected_Area,176.4525,-1.729129672,"a,c"
Shanghai,Projected_Area,844.2154,0.6620330811,"a,c"
Shanghai,Projected_Area,164.9027,-2.090802193,"a,c"
Shanghai,Projected_Area,149.7704,-1.658344865,"a,c"
Shanghai,Projected_Area,204.6803,-0.7129080296,"a,c"
Wuhan,Projected_Area,716.2628,0.6143061519,"a,c"
Shanghai,Projected_Area,221.5365,-1.344622493,"a,c"
Guangzhou,Projected_Area,432.6474,0.1060574576,"a,c"
Guangzhou,Projected_Area,149.8011,-1.462783456,"a,c"
Beijing,Projected_Area,135.2202,-2.031569719,"a,c"
Shanghai,Projected_Area,498.8906,0.1673935801,"a,c"
Guangzhou,Projected_Area,273.0488,-0.3241666853,"a,c"
Shanghai,Projected_Area,383.2501,0.2337631434,"a,c"
Wuhan,Projected_Area,486.7729,0.06667151302,"a,c"
Beijing,Projected_Area,780.2683,0.3034994006,"a,c"
Shanghai,Projected_Area,484.7108,0.3557347059,"a,c"
Shanghai,Projected_Area,409.7891,0.05607612431,"a,c"
Shanghai,Projected_Area,163.2579,-2.064954042,"a,c"
Shanghai,Projected_Area,416.8771,0.1242471859,"a,c"
Shanghai,Projected_Area,122.8144,-1.660511851,"a,c"
Guangzhou,Projected_Area,237.3401,-1.494481325,"a,c"
Shanghai,Projected_Area,330.1089,0.007564212196,"a,c"
Beijing,Projected_Area,704.2282,0.4777461886,"a,c"
Shanghai,Projected_Area,344.3922,0.1903969496,"a,c"
Shanghai,Projected_Area,509.4665,0.2290758193,"a,c"
Shanghai,Projected_Area,548.8762,0.1133743674,"a,c"
Wuhan,Projected_Area,450.6371,0.3618265092,"a,c"
Shanghai,Projected_Area,562.9666,0.02102244459,"a,c"
Shanghai,Projected_Area,557.4929,0.0535200797,"a,c"
Shanghai,Projected_Area,498.5167,0.1648913026,"a,c"
Wuhan,Projected_Area,125.2385,-1.891069889,"a,c"
Guangzhou,Projected_Area,82.6049,-1.236088276,"a,c"
Beijing,Projected_Area,587.9998,0.3133670986,"a,c"
Guangzhou,Projected_Area,458.0584,0.1197594032,"a,c"
Wuhan,Projected_Area,664.5009,0.4900798798,"a,c"
Wuhan,Projected_Area,897.6742,0.5073034763,"a,c"
Shanghai,Projected_Area,144.6912,-1.667292118,"a,c"
Wuhan,Projected_Area,468.7803,0.3365091383,"a,c"
Beijing,Projected_Area,324.2201,0.1160436124,"a,c"
Beijing,Projected_Area,485.5055,0.1380037516,"a,c"
Shanghai,Projected_Area,734.7939,0.6448615789,"a,c"
Shanghai,Projected_Area,328.2377,-0.01752552576,"a,c"
Guangzhou,Projected_Area,163.92,-1.824708104,"a,c"
Shanghai,Projected_Area,469.7424,0.5315918326,"a,c"
Shanghai,Projected_Area,151.9182,-1.582390189,"a,c"
Shanghai,Projected_Area,567.1916,-0.06652695686,"a,c"
Wuhan,Projected_Area,357.0542,-0.2823988795,"a,c"
Beijing,Projected_Area,602.0117,0.2679612935,"a,c"
Shanghai,Projected_Area,385.7055,-0.01318075322,"a,c"
Guangzhou,Projected_Area,383.0336,-0.004916717298,"a,c"
Shanghai,Projected_Area,440.1774,0.1431616098,"a,c"
Beijing,Projected_Area,221.4385,-1.086902857,"a,c"
Wuhan,Projected_Area,1025.1073,0.4512143135,"a,c"
Shanghai,Projected_Area,397.5533,0.018544605,"a,c"
Shanghai,Projected_Area,256.888,-0.485637635,"a,c"
Wuhan,Projected_Area,854.8646,0.5581169128,"a,c"
Shanghai,Projected_Area,251.8523,-0.4759201705,"a,c"
Shanghai,Projected_Area,296.148,-0.1119230986,"a,c"
Shanghai,Projected_Area,720.6065,0.7451895475,"a,c"
Shanghai,Projected_Area,226.7839,-0.8772420883,"a,c"
Shanghai,Projected_Area,248.703,-0.7852364182,"a,c"
Shanghai,Projected_Area,583.9031,0.131858632,"a,c"
Shanghai,Projected_Area,254.0136,-0.370295465,"a,c"
Guangzhou,Projected_Area,166.3323,-1.705231667,"a,c"
Shanghai,Projected_Area,448.3442,0.3427258134,"a,c"
Beijing,Projected_Area,536.8506,-0.1424975693,"a,c"
Wuhan,Projected_Area,435.5389,0.2861807644,"a,c"
Beijing,Projected_Area,795.654,1.147927046,"a,c"
Shanghai,Projected_Area,529.2524,0.1237069368,"a,c"
Shanghai,Projected_Area,154.9417,-2.10291481,"a,c"
Wuhan,Projected_Area,1497.1215,1.023261905,"a,c"
Shanghai,Projected_Area,407.4639,-0.05851785094,"a,c"
Shanghai,Projected_Area,242.5096,-1.335680246,"a,c"
Guangzhou,Projected_Area,865.2227,0.4626365304,"a,c"
Beijing,Projected_Area,640.3662,0.3555410802,"a,c"
Shanghai,Projected_Area,306.3982,-0.2615534067,"a,c"
Shanghai,Projected_Area,333.0258,0.1062961817,"a,c"
Wuhan,Projected_Area,189.0553,-2.190795422,"a,c"
Shanghai,Projected_Area,673.3189,0.498349756,"a,c"
Guangzhou,Projected_Area,208.6146,-1.321224689,"a,c"
Shanghai,Projected_Area,1576.2369,0.5539603233,"a,c"
Shanghai,Projected_Area,559.1442,-0.02344744839,"a,c"
Shanghai,Projected_Area,414.8158,0.06592622399,"a,c"
Shanghai,Projected_Area,317.9891,-0.04146546498,"a,c"
Wuhan,Projected_Area,854.9576,0.6697973609,"a,c"
Shanghai,Projected_Area,310.6594,0.1502855271,"a,c"
Shanghai,Projected_Area,191.8134,-2.06728363,"a,c"
Beijing,Projected_Area,779.2842,0.5997061729,"a,c"
Beijing,Projected_Area,242.2241,-1.542984366,"a,c"
Shanghai,Projected_Area,914.0464,0.1637210399,"a,c"
Shanghai,Projected_Area,442.2424,0.2428068668,"a,c"
Shanghai,Projected_Area,769.7091,0.5669666529,"a,c"
Shanghai,Projected_Area,335.3746,0.03759672865,"a,c"
Shanghai,Projected_Area,601.4275,0.2941465676,"a,c"
Wuhan,Projected_Area,337.413,-0.4027728736,"a,c"
Shanghai,Projected_Area,103.4358,-1.585549116,"a,c"
Shanghai,Projected_Area,500.3751,0.2023569643,"a,c"
Shanghai,Projected_Area,420.9401,0.175055787,"a,c"
Wuhan,Projected_Area,171.4607,-1.935503602,"a,c"
Wuhan,Projected_Area,237.4924,-0.8030421734,"a,c"
Shanghai,Projected_Area,634.0026,0.6689739823,"a,c"
Wuhan,Projected_Area,701.0155,0.2849523425,"a,c"
Shanghai,Projected_Area,297.4817,0.1624994278,"a,c"
Shanghai,Projected_Area,340.5208,-0.1314278096,"a,c"
Shanghai,Projected_Area,339.8973,-0.003076471854,"a,c"
Shanghai,Projected_Area,351.2785,-0.07770062238,"a,c"
Guangzhou,Projected_Area,276.9827,-0.5200689435,"a,c"
Guangzhou,Projected_Area,1159.7957,1.057076573,"a,c"
Shanghai,Projected_Area,268.529,-0.3123153448,"a,c"
Wuhan,Projected_Area,1160.5338,0.8589589596,"a,c"
Shanghai,Projected_Area,237.7386,-1.207351208,"a,c"
Wuhan,Projected_Area,392.4953,0.05225722864,"a,c"
Wuhan,Projected_Area,199.5652,-0.925848186,"a,c"
Wuhan,Projected_Area,178.6186,-1.809751034,"a,c"
Shanghai,Projected_Area,188.8312,-1.850711584,"a,c"
Beijing,Projected_Area,415.9863,0.01579563878,"a,c"
Shanghai,Projected_Area,135.3912,-1.707379341,"a,c"
Wuhan,Projected_Area,453.3427,0.1843289584,"a,c"
Shanghai,Projected_Area,235.774,-0.5939976573,"a,c"
Beijing,Projected_Area,355.4379,-0.02447810955,"a,c"
Guangzhou,Projected_Area,425.9402,0.4801598489,"a,c"
Shanghai,Projected_Area,494.1802,0.3639271855,"a,c"
Beijing,Projected_Area,283.3943,-0.2029502392,"a,c"
Shanghai,Projected_Area,1365.5155,0.4607126415,"a,c"
Shanghai,Projected_Area,692.0718,0.678558588,"a,c"
Shanghai,Projected_Area,387.5814,0.05479856953,"a,c"
Wuhan,Projected_Area,664.8321,0.273799032,"a,c"
Shanghai,Projected_Area,740.7107,0.5598410964,"a,c"
Guangzhou,Projected_Area,217.1644,-1.487528324,"a,c"
Wuhan,Projected_Area,1205.4321,0.7897161841,"a,c"
Shanghai,Projected_Area,331.6922,0.1199558526,"a,c"
Shanghai,Projected_Area,425.7035,0.7569719553,"a,c"
Shanghai,Projected_Area,156.9841,-1.82820487,"a,c"
Wuhan,Projected_Area,631.3355,0.7127181292,"a,c"
Beijing,Projected_Area,395.0024,-0.04221584648,"a,c"
Beijing,Projected_Area,485.7981,0.2359183133,"a,c"
Shanghai,Projected_Area,342.3858,-0.09040743113,"a,c"
Shanghai,Projected_Area,308.3816,0.0393601954,"a,c"
Shanghai,Projected_Area,471.0031,0.3705399632,"a,c"
Wuhan,Projected_Area,300.3162,-0.3295059502,"a,c"
Guangzhou,Projected_Area,875.4321,0.4345441461,"a,c"
Shanghai,Projected_Area,293.699,-0.1484934241,"a,c"
Beijing,Projected_Area,177.3115,-2.263779402,"a,c"
Shanghai,Projected_Area,486.6057,0.2583495378,"a,c"
Shanghai,Projected_Area,562.1055,0.06671302766,"a,c"
Shanghai,Projected_Area,118.8966,-1.761726141,"a,c"
Beijing,Projected_Area,411.6511,-0.08865257353,"a,c"
Wuhan,Projected_Area,618.546,0.4924147129,"a,c"
Beijing,Projected_Area,407.7222,-0.01832882315,"a,c"
Shanghai,Projected_Area,660.5043,0.4304145575,"a,c"
Wuhan,Projected_Area,168.6105,-1.349616528,"a,c"
Shanghai,Projected_Area,559.4341,0.007469060831,"a,c"
Guangzhou,Projected_Area,262.8388,-0.007911683992,"a,c"
Shanghai,Projected_Area,254.6778,-0.7552067637,"a,c"
Shanghai,Projected_Area,477.6958,0.4567625821,"a,c"
Shanghai,Projected_Area,1320.4702,1.074032068,"a,c"
Shanghai,Projected_Area,383.5062,0.03200415149,"a,c"
Wuhan,Projected_Area,112.9636,-1.757190108,"a,c"
Shanghai,Projected_Area,287.8664,-0.08744766563,"a,c"
Shanghai,Projected_Area,303.6388,-0.1840250641,"a,c"
Beijing,Projected_Area,187.2111,-1.65825069,"a,c"
Wuhan,Projected_Area,294.2189,-0.2857824862,"a,c"
Shanghai,Projected_Area,509.8354,0.05669881776,"a,c"
Beijing,Projected_Area,702.3722,0.4220704138,"a,c"
Shanghai,Projected_Area,482.2546,0.2487755418,"a,c"
Shanghai,Projected_Area,556.2493,-0.01896271668,"a,c"
Shanghai,Projected_Area,117.9366,-1.51428628,"a,c"
Shanghai,Projected_Area,206.5292,-0.9903465509,"a,c"
Wuhan,Projected_Area,457.7361,0.3005537987,"a,c"
Shanghai,Projected_Area,376.2842,-0.001006598817,"a,c"
Beijing,Projected_Area,898.3037,0.006361868232,"a,c"
Guangzhou,Projected_Area,155.5289,-1.704376817,"a,c"
Shanghai,Projected_Area,170.367,-1.734573126,"a,c"
Beijing,Projected_Area,273.6354,-0.1700232029,"a,c"
Shanghai,Projected_Area,100.3998,-1.386150241,"a,c"
Beijing,Projected_Area,973.3371,0.2637708485,"a,c"
Shanghai,Projected_Area,308.1335,0.1360352635,"a,c"
Shanghai,Projected_Area,479.283,0.2367906123,"a,c"
Shanghai,Projected_Area,291.133,-0.3925734162,"a,c"
Shanghai,Projected_Area,511.9329,-0.2343145609,"a,c"
Guangzhou,Projected_Area,306.8576,-0.3003825545,"a,c"
Shanghai,Projected_Area,175.0698,-2.158893585,"a,c"
Wuhan,Projected_Area,440.0173,0.2484124452,"a,c"
Wuhan,Projected_Area,235.0014,-1.567882538,"a,c"
Shanghai,Projected_Area,216.5185,-1.415737987,"a,c"
Shanghai,Projected_Area,708.8148,0.5149082541,"a,c"
Beijing,Projected_Area,703.8107,0.2671040297,"a,c"
Shanghai,Projected_Area,225.8901,-1.387822986,"a,c"
Shanghai,Projected_Area,95.2862,-1.215131283,"a,c"
Shanghai,Projected_Area,303.0904,-0.2489488274,"a,c"
Wuhan,Projected_Area,886.2861,0.2312056273,"a,c"
Guangzhou,Projected_Area,259.2832,-0.1798902005,"a,c"
Shanghai,Projected_Area,470.8727,0.4208058715,"a,c"
Guangzhou,Projected_Area,121.4365,-1.372115612,"a,c"
Wuhan,Projected_Area,328.8655,0.01787495054,"a,c"
Wuhan,Projected_Area,152.2605,-1.851760507,"a,c"
Wuhan,Projected_Area,849.2124,0.5392017961,"a,c"
Shanghai,Projected_Area,517.8353,0.07927536219,"a,c"
Wuhan,Projected_Area,968.921,0.3750683367,"a,c"
Shanghai,Projected_Area,206.3923,-1.1245749,"a,c"
Beijing,Projected_Area,113.5988,-1.699797153,"a,c"
Guangzhou,Projected_Area,139.0597,-1.653122663,"a,c"
Wuhan,Projected_Area,1000.5163,0.3609657288,"a,c"
Guangzhou,Projected_Area,80.9151,-1.324306011,"a,c"
Wuhan,Projected_Area,464.2121,0.3527023494,"a,c"
Shanghai,Projected_Area,474.4582,0.2952415347,"a,c"
Shanghai,Projected_Area,167.7161,-2.257517576,"a,c"
Shanghai,Projected_Area,153.2524,-1.821375489,"a,c"
Shanghai,Projected_Area,408.5941,0.2888589501,"a,c"
Shanghai,Projected_Area,694.5678,0.3701113164,"a,c"
Wuhan,Projected_Area,233.1762,-0.7315736413,"a,c"
Wuhan,Projected_Area,391.6059,0.09658240527,"a,c"
Beijing,Projected_Area,457.3562,0.2257826477,"a,c"
Guangzhou,Projected_Area,261.5558,0.1440738887,"a,c"
Shanghai,Projected_Area,202.4465,-0.7976744175,"a,c"
Shanghai,Projected_Area,655.7868,0.3396274745,"a,c"
Wuhan,Projected_Area,431.4855,0.4466859996,"a,c"
Guangzhou,Projected_Area,1027.0857,0.6018952131,"a,c"
Wuhan,Projected_Area,904.8569,0.1226091087,"a,c"
Shanghai,Projected_Area,442.9885,0.3449023366,"a,c"
Shanghai,Projected_Area,82.9069,-1.439020157,"a,c"
Wuhan,Projected_Area,335.3864,0.03968691826,"a,c"
Shanghai,Projected_Area,474.7196,0.3279665709,"a,c"
Shanghai,Projected_Area,229.2366,-1.099283457,"a,c"
Shanghai,Projected_Area,409.8055,0.1455766559,"a,c"
Guangzhou,Projected_Area,232.4275,-1.373071909,"a,c"
Beijing,Projected_Area,387.5011,-0.1194756776,"a,c"
Wuhan,Projected_Area,449.7822,0.318775326,"a,c"
Wuhan,Projected_Area,128.6737,-1.59062314,"a,c"
Beijing,Projected_Area,769.2564,0.2925333083,"a,c"
Beijing,Projected_Area,671.7137,0.2642560303,"a,c"
Beijing,Projected_Area,646.667,0.2587310076,"a,c"
Shanghai,Projected_Area,494.0055,0.1221859455,"a,c"
Shanghai,Projected_Area,282.366,-0.1848324686,"a,c"
Guangzhou,Projected_Area,706.556,0.2004690021,"a,c"
Shanghai,Projected_Area,187.412,-1.802266359,"a,c"
Shanghai,Projected_Area,403.5048,-0.03130386397,"a,c"
Shanghai,Projected_Area,308.1929,0.1780339479,"a,c"
Wuhan,Projected_Area,952.3137,0.3101652563,"a,c"
Shanghai,Projected_Area,389.5861,0.05118502304,"a,c"
Shanghai,Projected_Area,414.7998,0.05870573968,"a,c"
Shanghai,Projected_Area,502.9672,0.2541151941,"a,c"
Shanghai,Projected_Area,492.0007,0.2683624923,"a,c"
Wuhan,Projected_Area,138.1646,-1.568010926,"a,c"
Wuhan,Projected_Area,480.7009,0.2900794744,"a,c"
Shanghai,Projected_Area,312.0475,-0.008089814335,"a,c"
Shanghai,Projected_Area,344.372,0.1598873138,"a,c"
Wuhan,Projected_Area,429.8611,0.4467769861,"a,c"
Shanghai,Projected_Area,331.3961,-0.09819428623,"a,c"
Shanghai,Projected_Area,277.6021,-0.2219660729,"a,c"
Shanghai,Projected_Area,541.8891,0.1593103111,"a,c"
Shanghai,Projected_Area,392.5189,-0.03962313756,"a,c"
Beijing,Projected_Area,692.3792,0.223882705,"a,c"
Wuhan,Projected_Area,201.5099,-0.9484302998,"a,c"
Shanghai,Projected_Area,538.3992,0.08699317276,"a,c"
Shanghai,Projected_Area,405.2088,0.07070943713,"a,c"
Shanghai,Projected_Area,342.6297,-0.1834958643,"a,c"
Wuhan,Projected_Area,327.8776,0.003489466151,"a,c"
Shanghai,Projected_Area,438.2923,0.3161738217,"a,c"
Shanghai,Projected_Area,671.8071,0.6349275112,"a,c"
Beijing,Projected_Area,592.4825,0.1936331093,"a,c"
Shanghai,Projected_Area,378.8738,0.1648670733,"a,c"
Shanghai,Projected_Area,117.2914,-1.63121891,"a,c"
Shanghai,Projected_Area,529.6152,0.127309531,"a,c"
Shanghai,Projected_Area,351.0914,-0.08277931064,"a,c"
Shanghai,Projected_Area,715.8901,0.4609037042,"a,c"
Guangzhou,Projected_Area,289.2047,-0.2503115535,"a,c"
Shanghai,Projected_Area,711.4385,0.5600068569,"a,c"
Beijing,Projected_Area,1225.8228,0.6092528701,"a,c"
Shanghai,Projected_Area,280.7593,-0.2967755198,"a,c"
Wuhan,Projected_Area,135.1163,-1.598155141,"a,c"
Shanghai,Projected_Area,529.1692,0.006955018733,"a,c"
Wuhan,Projected_Area,496.9091,0.3810562491,"a,c"
Shanghai,Projected_Area,369.4877,-0.1284799576,"a,c"
Beijing,Projected_Area,1113.5183,0.7941096425,"a,c"
Shanghai,Projected_Area,222.0201,-1.646089792,"a,c"
Shanghai,Projected_Area,254.0216,-0.8426926136,"a,c"
Shanghai,Projected_Area,682.4419,0.7444142103,"a,c"
Shanghai,Projected_Area,456.4209,0.4304344952,"a,c"
Shanghai,Projected_Area,246.9677,-1.240585446,"a,c"
Beijing,Projected_Area,452.7296,0.3173981607,"a,c"
Wuhan,Projected_Area,770.8845,0.6077104807,"a,c"
Shanghai,Projected_Area,971.7618,0.3493919373,"a,c"
Shanghai,Projected_Area,297.7624,-0.1117859706,"a,c"
Shanghai,Projected_Area,415.7052,0.1583525836,"a,c"
Beijing,Projected_Area,366.6346,0.05638407171,"a,c"
Wuhan,Projected_Area,467.308,0.3006394207,"a,c"
Shanghai,Projected_Area,158.1689,-1.527680635,"a,c"
Wuhan,Projected_Area,925.1323,0.2242174,"a,c"
Guangzhou,Projected_Area,884.3569,0.2060821652,"a,c"
Shanghai,Projected_Area,648.9425,0.4581861794,"a,c"
Shanghai,Projected_Area,331.7871,0.3971675336,"a,c"
Shanghai,Projected_Area,771.4802,0.5367725492,"a,c"
Beijing,Projected_Area,225.4031,-1.513098478,"a,c"
Shanghai,Projected_Area,181.562,-1.729284286,"a,c"
Shanghai,Projected_Area,569.671,-0.07050741464,"a,c"
Wuhan,Projected_Area,369.1093,-0.005696506705,"a,c"
Wuhan,Projected_Area,583.0706,0.1287924498,"a,c"
Shanghai,Projected_Area,465.8092,0.1252501756,"a,c"
Shanghai,Projected_Area,80.6897,-1.183841586,"a,c"
Shanghai,Projected_Area,561.4759,0.07968760282,"a,c"
Shanghai,Projected_Area,267.4718,-0.3320689797,"a,c"
Shanghai,Projected_Area,342.4198,-0.05341586098,"a,c"
Shanghai,Projected_Area,607.2888,0.3531113267,"a,c"
Shanghai,Projected_Area,271.2413,-0.1371393502,"a,c"
Wuhan,Projected_Area,133.9972,-1.717540383,"a,c"
Wuhan,Projected_Area,662.7864,0.4478743374,"a,c"
Shanghai,Projected_Area,128.0799,-1.694762349,"a,c"
Beijing,Projected_Area,234.1155,-1.607983947,"a,c"
Shanghai,Projected_Area,842.6035,0.520131588,"a,c"
Beijing,Projected_Area,161.904,-1.862716794,"a,c"
Guangzhou,Projected_Area,100.0397,-1.537063122,"a,c"
Shanghai,Projected_Area,188.9289,-1.884319067,"a,c"
Shanghai,Projected_Area,159.6206,-1.913287878,"a,c"
Shanghai,Projected_Area,233.1312,-1.325332761,"a,c"
Beijing,Projected_Area,723.8441,0.7080281377,"a,c"
Shanghai,Projected_Area,287.8719,-0.1580398679,"a,c"
Shanghai,Projected_Area,526.8019,0.04783140868,"a,c"
Shanghai,Projected_Area,713.2539,0.3164330125,"a,c"
Guangzhou,Projected_Area,1613.8127,0.4790587425,"a,c"
Beijing,Projected_Area,511.3885,-0.01107703894,"a,c"
Shanghai,Projected_Area,780.0273,0.7627320886,"a,c"
Shanghai,Projected_Area,256.3782,-0.4185921252,"a,c"
Guangzhou,Projected_Area,184.6902,-1.352702498,"a,c"
Shanghai,Projected_Area,727.0842,0.6602152586,"a,c"
Beijing,Projected_Area,218.3492,-1.280547261,"a,c"
Wuhan,Projected_Area,320.0606,0.0913420096,"a,c"
Shanghai,Projected_Area,690.672,0.7129284739,"a,c"
Guangzhou,Projected_Area,857.6462,0.6341017485,"a,c"
Shanghai,Projected_Area,263.2835,-0.1425063312,"a,c"
Shanghai,Projected_Area,402.713,0.1158761382,"a,c"
Beijing,Projected_Area,538.1974,0.0808744505,"a,c"
Shanghai,Projected_Area,265.3343,-0.2975116074,"a,c"
Wuhan,Projected_Area,347.1343,-0.0840266943,"a,c"
Shanghai,Projected_Area,519.8889,0.1585787386,"a,c"
Wuhan,Projected_Area,688.4383,0.6393510699,"a,c"
Shanghai,Projected_Area,152.3473,-1.718817234,"a,c"
Guangzhou,Projected_Area,567.0231,-0.1654324532,"a,c"
Shanghai,Projected_Area,467.517,0.410025984,"a,c"
Wuhan,Projected_Area,270.7217,-0.3639676869,"a,c"
Shanghai,Projected_Area,191.4654,-2.082849264,"a,c"
Shanghai,Projected_Area,464.5317,0.3908232749,"a,c"
Shanghai,Projected_Area,344.7837,0.1287113875,"a,c"
Shanghai,Projected_Area,406.7144,0.0035549202,"a,c"
Shanghai,Projected_Area,653.6063,0.5739369988,"a,c"
Shanghai,Projected_Area,556.8501,0.05835203081,"a,c"
Shanghai,Projected_Area,420.2789,0.1084245145,"a,c"
Shanghai,Projected_Area,498.2343,0.3182069659,"a,c"
Shanghai,Projected_Area,140.6368,-2.184890032,"a,c"
Wuhan,Projected_Area,473.1635,0.27872172,"a,c"
Wuhan,Projected_Area,750.023,0.5893368721,"a,c"
Shanghai,Projected_Area,704.0927,0.4897654653,"a,c"
Shanghai,Projected_Area,146.8829,-1.731574178,"a,c"
Shanghai,Projected_Area,122.3239,-1.754535079,"a,c"
Beijing,Projected_Area,331.8811,0.180272907,"a,c"
Shanghai,Projected_Area,637.6163,0.5217133164,"a,c"
Guangzhou,Projected_Area,98.7514,-1.547357559,"a,c"
Shanghai,Projected_Area,557.5065,-0.08186988533,"a,c"
Shanghai,Projected_Area,174.3465,-2.195871115,"a,c"
Wuhan,Projected_Area,582.7428,0.02064326406,"a,c"
Wuhan,Projected_Area,125.3037,-1.919736743,"a,c"
Wuhan,Projected_Area,276.0507,-0.411313504,"a,c"
Wuhan,Projected_Area,259.2817,0.01789923757,"a,c"
Shanghai,Projected_Area,307.9603,0.360126853,"a,c"
Shanghai,Projected_Area,636.5028,0.5665826201,"a,c"
Shanghai,Projected_Area,157.815,-1.708790064,"a,c"
Shanghai,Projected_Area,248.5177,-0.6243437529,"a,c"
Beijing,Projected_Area,343.8852,-0.1547319293,"a,c"
Shanghai,Projected_Area,205.5631,-0.5938726664,"a,c"
Wuhan,Projected_Area,198.2408,-0.4933111668,"a,c"
Shanghai,Projected_Area,204.0191,-0.579713583,"a,c"
Guangzhou,Projected_Area,291.8782,-0.2796359062,"a,c"
Shanghai,Projected_Area,109.7733,-1.748648405,"a,c"
Shanghai,Projected_Area,687.1226,0.6961600184,"a,c"
Wuhan,Projected_Area,500.4411,0.2710975707,"a,c"
Wuhan,Projected_Area,565.5783,-0.2609694898,"a,c"
Wuhan,Projected_Area,244.8086,-0.7016484737,"a,c"
Shanghai,Projected_Area,561.8288,0.0009741970571,"a,c"
Shanghai,Projected_Area,161.1825,-1.442497969,"a,c"
Shanghai,Projected_Area,562.7553,-0.05850786343,"a,c"
Wuhan,Projected_Area,97.2407,-1.285183191,"a,c"
Shanghai,Projected_Area,759.6618,0.5920330286,"a,c"
Shanghai,Projected_Area,298.4539,-0.1834637821,"a,c"
Shanghai,Projected_Area,320.7885,0.1436831951,"a,c"
Wuhan,Projected_Area,586.1789,-0.0725781247,"a,c"
Shanghai,Projected_Area,157.0221,-1.944337964,"a,c"
Shanghai,Projected_Area,297.1631,-0.1234229878,"a,c"
Guangzhou,Projected_Area,1288.2647,0.5648393035,"a,c"
Shanghai,Projected_Area,428.9227,0.3722941875,"a,c"
Beijing,Projected_Area,320.1489,0.1180949584,"a,c"
Shanghai,Projected_Area,169.0481,-1.773970127,"a,c"
Guangzhou,Projected_Area,506.7144,0.153172031,"a,c"
Shanghai,Projected_Area,210.4653,-1.328255415,"a,c"
Shanghai,Projected_Area,405.311,-0.08849761635,"a,c"
Shanghai,Projected_Area,515.2411,0.03627246991,"a,c"
Shanghai,Projected_Area,221.6007,-1.334178567,"a,c"
Shanghai,Projected_Area,183.6808,-2.163487434,"a,c"
Shanghai,Projected_Area,175.7481,-1.902810693,"a,c"
Shanghai,Projected_Area,571.4139,0.05690610409,"a,c"
Beijing,Projected_Area,274.579,-0.1606142968,"a,c"
Shanghai,Projected_Area,713.5588,0.5666484237,"a,c"
Wuhan,Projected_Area,858.1466,0.5097528696,"a,c"
Wuhan,Projected_Area,170.8351,-1.478911161,"a,c"
Shanghai,Projected_Area,1120.3948,0.5684948564,"a,c"
Guangzhou,Projected_Area,114.9926,-1.508520246,"a,c"
Shanghai,Projected_Area,116.1101,-1.67337954,"a,c"
Shanghai,Projected_Area,692.057,0.7926821113,"a,c"
Shanghai,Projected_Area,158.6752,-1.781240702,"a,c"
Wuhan,Projected_Area,585.3872,0.01948285103,"a,c"
Shanghai,Projected_Area,247.3936,-0.877766788,"a,c"
Shanghai,Projected_Area,145.6256,-1.67832458,"a,c"
Shanghai,Projected_Area,250.8042,-0.6433234215,"a,c"
Shanghai,Projected_Area,390.6623,0.2867851257,"a,c"
Shanghai,Projected_Area,256.0895,-0.4067709446,"a,c"
Beijing,Projected_Area,148.2877,-1.633101344,"a,c"
Shanghai,Projected_Area,513.1771,0.1284664273,"a,c"
Shanghai,Projected_Area,168.7793,-2.175237417,"a,c"
Shanghai,Projected_Area,261.4379,-0.2905817926,"a,c"
Shanghai,Projected_Area,199.5387,-0.7469309568,"a,c"
Guangzhou,Projected_Area,1077.4089,0.6440452933,"a,c"
Shanghai,Projected_Area,1114.9414,0.6880291104,"a,c"
Shanghai,Projected_Area,410.0063,0.1526152343,"a,c"
Beijing,Projected_Area,1273.9829,0.5730464458,"a,c"
Shanghai,Projected_Area,157.185,-2.165127993,"a,c"
Shanghai,Projected_Area,600.7531,0.2971038818,"a,c"
Shanghai,Projected_Area,683.1946,0.6678158045,"a,c"
Wuhan,Projected_Area,146.1852,-1.894141078,"a,c"
Beijing,Projected_Area,190.6298,-1.835564733,"a,c"
Shanghai,Projected_Area,365.1244,-0.1320868284,"a,c"
Wuhan,Projected_Area,239.8582,-0.6980298758,"a,c"
Guangzhou,Projected_Area,370.9011,-0.1128143594,"a,c"
Shanghai,Projected_Area,642.0336,0.4686377048,"a,c"
Shanghai,Projected_Area,438.4018,0.1127782539,"a,c"
Shanghai,Projected_Area,230.6516,-1.629588723,"a,c"
Wuhan,Projected_Area,253.5356,-0.08580574393,"a,c"
Shanghai,Projected_Area,190.1314,-2.098769426,"a,c"
Shanghai,Projected_Area,416.8239,0.02643588372,"a,c"
Shanghai,Projected_Area,742.0033,0.7539696097,"a,c"
Shanghai,Projected_Area,205.2966,-0.02686112747,"a,c"
Shanghai,Projected_Area,567.6326,-0.02191190049,"a,c"
Shanghai,Projected_Area,477.6598,0.454413712,"a,c"
Wuhan,Projected_Area,101.4044,-1.493733644,"a,c"
Wuhan,Projected_Area,290.4772,-0.2020041645,"a,c"
Shanghai,Projected_Area,366.0609,-0.1046512201,"a,c"
Shanghai,Projected_Area,507.0302,0.1145394146,"a,c"
Shanghai,Projected_Area,311.5842,-0.1053048149,"a,c"
Shanghai,Projected_Area,348.8175,0.08175717294,"a,c"
Wuhan,Projected_Area,317.9908,-0.1183310002,"a,c"
Shanghai,Projected_Area,386.73,0.2077492774,"a,c"
Guangzhou,Projected_Area,583.1746,0.1068947911,"a,c"
Wuhan,Projected_Area,282.445,-0.2211531401,"a,c"
Shanghai,Projected_Area,338.2204,0.1236955151,"a,c"
Shanghai,Projected_Area,121.8371,-1.780303717,"a,c"
Beijing,Projected_Area,466.3225,0.3573673069,"a,c"
Guangzhou,Projected_Area,273.6129,-0.262193799,"a,c"
Shanghai,Projected_Area,270.6029,-0.246343106,"a,c"
Guangzhou,Projected_Area,411.5678,0.01195291989,"a,c"
Shanghai,Projected_Area,357.8638,-0.01442234125,"a,c"
Shanghai,Projected_Area,139.0139,-1.984730244,"a,c"
Shanghai,Projected_Area,784.4196,0.4531725943,"a,c"
Wuhan,Projected_Area,513.8264,-0.2648466527,"a,c"
Wuhan,Projected_Area,586.3603,0.0284566395,"a,c"
Guangzhou,Projected_Area,186.4205,-1.53685534,"a,c"
Shanghai,Projected_Area,591.0856,0.07115983963,"a,c"
Shanghai,Projected_Area,309.4812,0.2194668502,"a,c"
Shanghai,Projected_Area,330.165,-0.0451560095,"a,c"
Beijing,Projected_Area,1104.5685,0.5766700506,"a,c"
Shanghai,Projected_Area,487.4589,0.1761612147,"a,c"
Shanghai,Projected_Area,198.623,-0.9268903732,"a,c"
Wuhan,Projected_Area,167.9752,-1.677168608,"a,c"
Shanghai,Projected_Area,668.4863,0.4103197157,"a,c"
Wuhan,Projected_Area,136.2133,-1.664530516,"a,c"
Shanghai,Projected_Area,532.2916,-0.01343587972,"a,c"
Shanghai,Projected_Area,339.456,-0.06024716422,"a,c"
Shanghai,Projected_Area,442.3455,0.3540638387,"a,c"
Guangzhou,Projected_Area,440.1791,-0.03887283802,"a,c"
Wuhan,Projected_Area,400.6816,-0.03115054779,"a,c"
Shanghai,Projected_Area,387.9083,0.104956001,"a,c"
Shanghai,Projected_Area,224.8388,-1.529063821,"a,c"
Shanghai,Projected_Area,495.4386,0.4337101877,"a,c"
Shanghai,Projected_Area,604.0826,0.3536319137,"a,c"
Wuhan,Projected_Area,657.5016,0.3242726028,"a,c"
Shanghai,Projected_Area,764.0796,0.6529612541,"a,c"
Wuhan,Projected_Area,246.7131,-1.178678155,"a,c"
Shanghai,Projected_Area,583.6648,0.03523686156,"a,c"
Shanghai,Projected_Area,415.9421,0.161984086,"a,c"
Guangzhou,Projected_Area,84.7716,-1.357324719,"a,c"
Beijing,Projected_Area,338.5009,-0.09546332061,"a,c"
Shanghai,Projected_Area,671.1141,0.4502326846,"a,c"
Shanghai,Projected_Area,127.3213,-1.581317902,"a,c"
Shanghai,Projected_Area,260.7334,-0.1223410517,"a,c"
Shanghai,Projected_Area,456.7307,0.4256666899,"a,c"
Shanghai,Projected_Area,163.6159,-1.712672353,"a,c"
Wuhan,Projected_Area,365.5247,0.0685461387,"a,c"
Shanghai,Projected_Area,169.8893,-1.929636121,"a,c"
Beijing,Projected_Area,759.1064,0.5608303547,"a,c"
Shanghai,Projected_Area,525.9604,0.19363603,"a,c"
Shanghai,Projected_Area,790.4281,0.9591047764,"a,c"
Guangzhou,Projected_Area,269.2638,-0.3313557208,"a,c"
Guangzhou,Projected_Area,623.3844,-0.02138807811,"a,c"
Beijing,Projected_Area,922.0291,0.3718900979,"a,c"
Wuhan,Projected_Area,1005.2956,0.3686648309,"a,c"
Wuhan,Projected_Area,553.325,0.01323302183,"a,c"
Shanghai,Projected_Area,170.2453,-2.148762703,"a,c"
Wuhan,Projected_Area,164.3169,-1.691321731,"a,c"
Beijing,Projected_Area,123.1459,-1.878042102,"a,c"
Shanghai,Projected_Area,300.3494,-0.2966406643,"a,c"
Shanghai,Projected_Area,193.8854,-2.128064871,"a,c"
Shanghai,Projected_Area,357.2864,-0.06474773586,"a,c"
Beijing,Projected_Area,389.7188,0.03018705733,"a,c"
Shanghai,Projected_Area,165.2771,-1.795842528,"a,c"
Shanghai,Projected_Area,444.621,0.4250481129,"a,c"
Beijing,Projected_Area,400.5957,0.09103993326,"a,c"
Shanghai,Projected_Area,959.6927,0.5913984179,"a,c"
Wuhan,Projected_Area,412.9548,0.02242548205,"a,c"
Shanghai,Projected_Area,248.3282,-0.8436207175,"a,c"
Shanghai,Projected_Area,387.3358,0.03365990892,"a,c"
Shanghai,Projected_Area,234.4717,-1.509921789,"a,c"
Guangzhou,Projected_Area,142.2333,-1.637392402,"a,c"
Beijing,Projected_Area,1341.1235,0.7458003163,"a,c"
Shanghai,Projected_Area,390.1548,0.1028921232,"a,c"
Guangzhou,Projected_Area,162.288,-1.675931573,"a,c"
Shanghai,Projected_Area,466.2054,0.4405135512,"a,c"
Shanghai,Projected_Area,498.4492,0.1592822969,"a,c"
Guangzhou,Projected_Area,422.8546,0.04391827807,"a,c"
Guangzhou,Projected_Area,149.8132,-1.312257648,"a,c"
Shanghai,Projected_Area,182.8031,-2.161760092,"a,c"
Shanghai,Projected_Area,177.5499,-1.72558856,"a,c"
Shanghai,Projected_Area,569.4253,-0.09996595979,"a,c"
Wuhan,Projected_Area,444.7501,0.2022050023,"a,c"
Shanghai,Projected_Area,145.0005,-1.516664743,"a,c"
Shanghai,Projected_Area,147.5203,-1.458436847,"a,c"
Wuhan,Projected_Area,928.7999,0.3985767663,"a,c"
Beijing,Projected_Area,1103.9056,0.6582454443,"a,c"
Shanghai,Projected_Area,189.5098,-2.234456539,"a,c"
Shanghai,Projected_Area,245.8306,-1.402414203,"a,c"
Shanghai,Projected_Area,195.1038,-2.197938919,"a,c"
Shanghai,Projected_Area,458.0021,0.2349316329,"a,c"
Shanghai,Projected_Area,331.788,0.1221069917,"a,c"
Beijing,Projected_Area,1111.9126,0.6821249723,"a,c"
Shanghai,Projected_Area,217.1921,-1.651674628,"a,c"
Wuhan,Projected_Area,415.0869,-0.04070153832,"a,c"
Shanghai,Projected_Area,299.6405,-0.1016092673,"a,c"
Shanghai,Projected_Area,351.6896,0.08912178874,"a,c"
Wuhan,Projected_Area,116.4733,-1.446938753,"a,c"
Beijing,Projected_Area,879.9362,0.2252438962,"a,c"
Wuhan,Projected_Area,156.7386,-1.998479724,"a,c"
Shanghai,Projected_Area,333.9139,0.2702608705,"a,c"
Shanghai,Projected_Area,435.3854,0.3352603912,"a,c"
Shanghai,Projected_Area,224.5517,-1.421012878,"a,c"
Shanghai,Projected_Area,573.0334,-0.02683278359,"a,c"
Wuhan,Projected_Area,463.6093,0.1561188102,"a,c"
Beijing,Projected_Area,731.8436,0.7618156672,"a,c"
Shanghai,Projected_Area,123.6762,-1.699835777,"a,c"
Beijing,Projected_Area,337.8451,0.1666059196,"a,c"
Wuhan,Projected_Area,885.7427,0.5466697216,"a,c"
Beijing,Projected_Area,756.0811,0.5756783485,"a,c"
Shanghai,Projected_Area,219.8249,-1.141625047,"a,c"
Beijing,Projected_Area,506.4611,0.1097858623,"a,c"
Shanghai,Projected_Area,363.867,-0.09501415491,"a,c"
Beijing,Projected_Area,244.9353,-1.16716969,"a,c"
Shanghai,Projected_Area,564.4173,-0.2210622728,"a,c"
Shanghai,Projected_Area,397.9736,0.1225600019,"a,c"
Guangzhou,Projected_Area,126.997,-1.509460568,"a,c"
Shanghai,Projected_Area,171.2451,-1.675791502,"a,c"
Wuhan,Projected_Area,532.3506,-0.05576612428,"a,c"
Shanghai,Projected_Area,634.1226,0.7197284102,"a,c"
Shanghai,Projected_Area,559.0674,-0.06560964882,"a,c"
Shanghai,Projected_Area,625.741,0.3603577316,"a,c"
Wuhan,Projected_Area,411.5236,0.06717653573,"a,c"
Wuhan,Projected_Area,378.7126,0.0621371828,"a,c"
Wuhan,Projected_Area,470.6364,0.3367342651,"a,c"
Shanghai,Projected_Area,209.5118,-1.471338511,"a,c"
Guangzhou,Projected_Area,652.3918,0.3880950809,"a,c"
Shanghai,Projected_Area,428.5511,0.6123985052,"a,c"
Shanghai,Projected_Area,290.6315,-0.2616427839,"a,c"
Shanghai,Projected_Area,162.6096,-1.945599794,"a,c"
Shanghai,Projected_Area,296.4785,-0.2341165841,"a,c"
Beijing,Projected_Area,308.3402,0.07119648159,"a,c"
Shanghai,Projected_Area,150.1068,-1.820638895,"a,c"
Shanghai,Projected_Area,215.7832,-1.693049073,"a,c"
Shanghai,Projected_Area,260.0821,0.0859728232,"a,c"
Guangzhou,Projected_Area,262.4803,1.22877121,"a,c"
Guangzhou,Projected_Area,362.5822,-0.2208383232,"a,c"
Shanghai,Projected_Area,309.736,0.06473462284,"a,c"
Shanghai,Projected_Area,689.1379,0.6500735879,"a,c"
Beijing,Projected_Area,404.6527,-0.1105944589,"a,c"
Shanghai,Projected_Area,571.0795,0.003341605654,"a,c"
Guangzhou,Projected_Area,180.0044,-1.78172195,"a,c"
Shanghai,Projected_Area,559.1375,0.08318200707,"a,c"
Shanghai,Projected_Area,309.9537,0.1187139153,"a,c"
Wuhan,Projected_Area,332.7924,-0.1785099804,"a,c"
Wuhan,Projected_Area,403.7029,0.05875856429,"a,c"
Shanghai,Projected_Area,411.3651,0.1633123308,"a,c"
Shanghai,Projected_Area,501.1714,0.1067229807,"a,c"
Wuhan,Projected_Area,383.3522,0.06753537804,"a,c"
Shanghai,Projected_Area,149.8294,-2.10741353,"a,c"
Wuhan,Projected_Area,322.0061,0.03885001317,"a,c"
Shanghai,Projected_Area,268.687,-0.3170342743,"a,c"
Guangzhou,Projected_Area,743.4685,0.6707028747,"a,c"
Shanghai,Projected_Area,543.0448,0.2619594038,"a,c"
Shanghai,Projected_Area,484.4507,0.5079439878,"a,c"
Guangzhou,Projected_Area,429.5769,0.3591977954,"a,c"
Shanghai,Projected_Area,708.5664,0.5134720206,"a,c"
Shanghai,Projected_Area,380.9711,0.0497693494,"a,c"
Shanghai,Projected_Area,299.1668,-0.3248380423,"a,c"
Shanghai,Projected_Area,490.238,0.06364946067,"a,c"
Shanghai,Projected_Area,445.1193,0.4583793581,"a,c"
Shanghai,Projected_Area,321.4679,0.3546374738,"a,c"
Wuhan,Projected_Area,1217.8697,0.7584927082,"a,c"
Shanghai,Projected_Area,427.0051,0.439274013,"a,c"
Beijing,Projected_Area,716.5223,0.4815063179,"a,c"
Shanghai,Projected_Area,311.6951,0.4395219684,"a,c"
Shanghai,Projected_Area,104.1293,-1.635414362,"a,c"
Guangzhou,Projected_Area,168.4581,-1.721288085,"a,c"
Shanghai,Projected_Area,458.6519,0.1846323162,"a,c"
Shanghai,Projected_Area,464.0336,0.3589862883,"a,c"
Shanghai,Projected_Area,424.6871,0.4623528719,"a,c"
Wuhan,Projected_Area,461.0354,0.196059972,"a,c"
Shanghai,Projected_Area,530.9699,0.0637916401,"a,c"
Wuhan,Projected_Area,1125.9557,0.7123095989,"a,c"
Wuhan,Projected_Area,205.3414,-0.7099071145,"a,c"
Shanghai,Projected_Area,292.9932,-0.2049434334,"a,c"
Shanghai,Projected_Area,584.1134,0.09570480883,"a,c"
Wuhan,Projected_Area,402.1985,-0.03188056499,"a,c"
Shanghai,Projected_Area,175.6224,-2.175946474,"a,c"
Shanghai,Projected_Area,359.0888,-0.01635340415,"a,c"
Shanghai,Projected_Area,1013.7086,0.4729878008,"a,c"
Shanghai,Projected_Area,463.383,0.1874720156,"a,c"
Wuhan,Projected_Area,288.8003,-0.1593486518,"a,c"
Beijing,Projected_Area,944.7587,0.2194094807,"a,c"
Guangzhou,Projected_Area,91.6497,-1.331764221,"a,c"
Shanghai,Projected_Area,334.1959,-0.1637281626,"a,c"
Shanghai,Projected_Area,490.2849,0.3062072992,"a,c"
Beijing,Projected_Area,126.1291,-1.625566483,"a,c"
Beijing,Projected_Area,280.5466,-0.4993198812,"a,c"
Shanghai,Projected_Area,568.9112,-0.03437256441,"a,c"
Shanghai,Projected_Area,618.4065,0.4297928214,"a,c"
Shanghai,Projected_Area,247.5809,-0.7902818322,"a,c"
Shanghai,Projected_Area,347.4723,-0.0693050772,"a,c"
Wuhan,Projected_Area,438.083,0.07418631762,"a,c"
Shanghai,Projected_Area,375.3759,0.1016631797,"a,c"
Wuhan,Projected_Area,353.0069,-0.2414606065,"a,c"
Beijing,Projected_Area,343.2984,-0.1997427791,"a,c"
Shanghai,Projected_Area,470.1342,0.3223565817,"a,c"
Shanghai,Projected_Area,121.8308,-1.508318663,"a,c"
Shanghai,Projected_Area,707.1976,0.3851775527,"a,c"
Wuhan,Projected_Area,377.887,0.1539045274,"a,c"
Guangzhou,Projected_Area,1091.2918,0.8568703532,"a,c"
Shanghai,Projected_Area,627.2128,0.3296758533,"a,c"
Beijing,Projected_Area,445.3816,0.07953797281,"a,c"
Wuhan,Projected_Area,454.8678,-0.06682808697,"a,c"
Shanghai,Projected_Area,255.671,-0.7657055259,"a,c"
Shanghai,Projected_Area,190.1495,-1.850961804,"a,c"
Shanghai,Projected_Area,303.694,-0.2254373431,"a,c"
Shanghai,Projected_Area,123.0739,-1.677417636,"a,c"
Shanghai,Projected_Area,338.224,-0.06132820621,"a,c"
Shanghai,Projected_Area,307.5649,0.05071781948,"a,c"
Beijing,Projected_Area,278.2289,-0.009010357782,"a,c"
Wuhan,Projected_Area,366.3251,-0.003209916176,"a,c"
Wuhan,Projected_Area,532.3907,0.1046472192,"a,c"
Shanghai,Projected_Area,568.1579,-0.01275821216,"a,c"
Shanghai,Projected_Area,841.327,0.4480832815,"a,c"
Beijing,Projected_Area,259.9662,-0.06583600491,"a,c"
Wuhan,Projected_Area,188.5552,-2.02341342,"a,c"
Beijing,Projected_Area,250.3542,-0.6906074286,"a,c"
Shanghai,Projected_Area,551.7932,0.04383640364,"a,c"
Shanghai,Projected_Area,422.598,0.001972850412,"a,c"
Shanghai,Projected_Area,353.8897,0.07589101046,"a,c"
Shanghai,Projected_Area,388.4339,0.09197966009,"a,c"
Wuhan,Projected_Area,110.401,-1.63082099,"a,c"
Shanghai,Projected_Area,185.0933,-1.953326344,"a,c"
Shanghai,Projected_Area,626.2691,0.5170583725,"a,c"
Shanghai,Projected_Area,254.4523,-0.4429184496,"a,c"
Shanghai,Projected_Area,274.5949,-0.2716400325,"a,c"
Beijing,Projected_Area,517.727,0.1223297641,"a,c"
Wuhan,Projected_Area,535.3154,-0.01520120911,"a,c"
Wuhan,Projected_Area,665.4016,0.289246887,"a,c"
Shanghai,Projected_Area,565.9336,0.08513294905,"a,c"
Beijing,Projected_Area,217.6453,-0.8227431178,"a,c"
Wuhan,Projected_Area,544.175,0.12000072,"a,c"
Shanghai,Projected_Area,499.8645,0.333494246,"a,c"
Shanghai,Projected_Area,405.6634,0.1549164951,"a,c"
Beijing,Projected_Area,823.9045,0.5211046934,"a,c"
Shanghai,Projected_Area,570.0741,-0.02099620178,"a,c"
Wuhan,Projected_Area,482.0153,0.1853359193,"a,c"
Shanghai,Projected_Area,231.0206,-1.607974291,"a,c"
Wuhan,Projected_Area,620.3952,0.2234905064,"a,c"
Shanghai,Projected_Area,227.8943,-1.776405454,"a,c"
Shanghai,Projected_Area,353.0146,0.02743832953,"a,c"
Shanghai,Projected_Area,397.7228,0.2116725445,"a,c"
Shanghai,Projected_Area,889.8311,0.2915904522,"a,c"
Beijing,Projected_Area,850.1511,0.411470592,"a,c"
Shanghai,Projected_Area,585.908,0.1635136902,"a,c"
Beijing,Projected_Area,102.3393,-1.454128861,"a,c"
Shanghai,Projected_Area,495.3156,-0.03826807439,"a,c"
Shanghai,Projected_Area,170.4778,-2.056599855,"a,c"
Wuhan,Projected_Area,444.1298,0.3029533029,"a,c"
Shanghai,Projected_Area,285.4476,-0.3068728149,"a,c"
Guangzhou,Projected_Area,1019.4324,0.2826105654,"a,c"
Wuhan,Projected_Area,602.5878,0.199737832,"a,c"
Shanghai,Projected_Area,227.8423,-1.094097614,"a,c"
Shanghai,Projected_Area,155.428,-2.187994003,"a,c"
Wuhan,Projected_Area,933.0048,0.4631654918,"a,c"
Shanghai,Projected_Area,418.6191,0.1782201529,"a,c"
Guangzhou,Projected_Area,1423.4183,0.6192125082,"a,c"
Shanghai,Projected_Area,556.5258,-0.01966057345,"a,c"
Wuhan,Projected_Area,829.6432,0.6121633649,"a,c"
Beijing,Projected_Area,417.6379,-0.02380888723,"a,c"
Guangzhou,Projected_Area,266.7496,-0.2172742933,"a,c"
Shanghai,Projected_Area,627.5228,0.3235411644,"a,c"
Shanghai,Projected_Area,189.9879,-1.634065866,"a,c"
Shanghai,Projected_Area,223.6203,-1.112136841,"a,c"
Beijing,Projected_Area,270.4682,-0.2195775807,"a,c"
Shanghai,Projected_Area,175.5499,-1.748304963,"a,c"
Wuhan,Projected_Area,507.8126,0.2168242782,"a,c"
Shanghai,Projected_Area,153.783,-1.895895958,"a,c"
Shanghai,Projected_Area,263.6598,-0.1175968796,"a,c"
Wuhan,Projected_Area,675.5382,0.3243547082,"a,c"
Guangzhou,Projected_Area,107.3937,-1.259869337,"a,c"
Shanghai,Projected_Area,694.4946,0.3465558589,"a,c"
Shanghai,Projected_Area,207.4814,-1.618038058,"a,c"
Shanghai,Projected_Area,335.4618,0.09446219355,"a,c"
Wuhan,Projected_Area,796.172,0.7554697394,"a,c"
Shanghai,Projected_Area,302.4095,0.1556229442,"a,c"
Shanghai,Projected_Area,277.5678,-0.4047417343,"a,c"
Shanghai,Projected_Area,555.6892,0.007031481713,"a,c"
Shanghai,Projected_Area,509.1616,0.08387360722,"a,c"
Guangzhou,Projected_Area,142.8579,-1.509261966,"a,c"
Beijing,Projected_Area,596.6198,0.1852764785,"a,c"
Wuhan,Projected_Area,715.0587,0.2175661027,"a,c"
Shanghai,Projected_Area,340.0978,0.1475019306,"a,c"
Shanghai,Projected_Area,214.7162,-1.399669766,"a,c"
Wuhan,Projected_Area,215.2491,-1.537514687,"a,c"
Guangzhou,Projected_Area,490.5726,0.128757745,"a,c"
Shanghai,Projected_Area,198.2393,-0.9290078878,"a,c"
Beijing,Projected_Area,773.6962,0.6303508282,"a,c"
Shanghai,Projected_Area,214.6734,-1.201158285,"a,c"
Beijing,Projected_Area,89.1738,-1.840451956,"a,c"
Shanghai,Projected_Area,167.4832,-2.071353674,"a,c"
Shanghai,Projected_Area,93.4928,-1.335113049,"a,c"
Shanghai,Projected_Area,263.8354,-0.2815354168,"a,c"
Shanghai,Projected_Area,202.5493,-0.7228847742,"a,c"
Shanghai,Projected_Area,747.3338,0.2134206593,"a,c"
Shanghai,Projected_Area,273.5145,-0.3385699987,"a,c"
Wuhan,Projected_Area,502.623,0.1097727194,"a,c"
Shanghai,Projected_Area,321.3049,0.08964023739,"a,c"
Shanghai,Projected_Area,236.7345,-1.277949691,"a,c"
Wuhan,Projected_Area,671.8307,0.3392941058,"a,c"
Beijing,Projected_Area,496.5611,0.05148306862,"a,c"
Wuhan,Projected_Area,192.0206,-2.095262527,"a,c"
Shanghai,Projected_Area,522.6986,0.07564632595,"a,c"
Shanghai,Projected_Area,646.7285,0.2980349362,"a,c"
Shanghai,Projected_Area,169.4389,-2.029853106,"a,c"
Guangzhou,Projected_Area,1144.6471,1.067663193,"a,c"
Wuhan,Projected_Area,274.098,-0.380864203,"a,c"
Shanghai,Projected_Area,576.5554,0.07555568963,"a,c"
Shanghai,Projected_Area,527.7467,0.07337586582,"a,c"
Beijing,Projected_Area,286.2859,-0.2792907953,"a,c"
Shanghai,Projected_Area,136.8378,-2.168013573,"a,c"
Shanghai,Projected_Area,162.4926,-2.17998004,"a,c"
Guangzhou,Projected_Area,349.4273,-0.1326895058,"a,c"
Shanghai,Projected_Area,319.7747,-0.06326466799,"a,c"
Shanghai,Projected_Area,348.2558,0.1225169897,"a,c"
Wuhan,Projected_Area,262.967,-0.1457108259,"a,c"
Guangzhou,Projected_Area,378.5339,-0.0173850432,"a,c"
Shanghai,Projected_Area,209.5534,-1.138270497,"a,c"
Beijing,Projected_Area,144.4656,-1.72050488,"a,c"
Shanghai,Projected_Area,567.4343,0.01063133962,"a,c"
Shanghai,Projected_Area,508.653,-0.0001289087377,"a,c"
Shanghai,Projected_Area,235.7234,-1.530974746,"a,c"
Wuhan,Projected_Area,359.2584,-0.03098102286,"a,c"
Shanghai,Projected_Area,620.7351,0.4976560175,"a,c"
Shanghai,Projected_Area,333.6844,0.221196413,"a,c"
Guangzhou,Projected_Area,548.3691,-0.05831835791,"a,c"
Wuhan,Projected_Area,291.1241,-0.3405824602,"a,c"
Wuhan,Projected_Area,197.328,-0.6481560469,"a,c"
Shanghai,Projected_Area,153.9297,-2.069881916,"a,c"
Shanghai,Projected_Area,267.2434,-0.5006876588,"a,c"
Wuhan,Projected_Area,1095.6999,0.8521254063,"a,c"
Guangzhou,Projected_Area,168.4598,-1.701774597,"a,c"
Guangzhou,Projected_Area,93.958,-1.284661055,"a,c"
Beijing,Projected_Area,610.3111,0.3608376086,"a,c"
Wuhan,Projected_Area,624.3279,0.2623006105,"a,c"
Wuhan,Projected_Area,174.7365,-1.678843975,"a,c"
Shanghai,Projected_Area,615.915,0.2293169647,"a,c"
Beijing,Projected_Area,645.5472,0.4333965778,"a,c"
Guangzhou,Projected_Area,1119.3364,1.15078032,"a,c"
Wuhan,Projected_Area,773.9565,0.1549509466,"a,c"
Beijing,Projected_Area,964.5001,0.2447286397,"a,c"
Shanghai,Projected_Area,164.8576,-1.889528632,"a,c"
Shanghai,Projected_Area,128.3684,-1.542082071,"a,c"
Shanghai,Projected_Area,632.1232,0.5848456621,"a,c"
Shanghai,Projected_Area,514.3685,0.1869797707,"a,c"
Guangzhou,Projected_Area,254.347,-0.5696952343,"a,c"
Guangzhou,Projected_Area,1617.9215,0.6864200234,"a,c"
Shanghai,Projected_Area,337.684,0.4356060624,"a,c"
Shanghai,Projected_Area,433.1901,0.3928846419,"a,c"
Shanghai,Projected_Area,972.5266,1.019944429,"a,c"
Shanghai,Projected_Area,220.7232,-1.711927772,"a,c"
Beijing,Projected_Area,650.3728,0.627921164,"a,c"
Shanghai,Projected_Area,175.7312,-1.578572631,"a,c"
Wuhan,Projected_Area,997.0562,0.4090800583,"a,c"
Guangzhou,Projected_Area,214.5846,-1.398807406,"a,c"
Shanghai,Projected_Area,482.7225,0.3016036451,"a,c"
Shanghai,Projected_Area,413.1482,0.01209459547,"a,c"
Shanghai,Projected_Area,395.2275,0.07673104852,"a,c"
Guangzhou,Projected_Area,85.0394,-1.507263899,"a,c"
Beijing,Projected_Area,120.7616,-1.619850278,"a,c"
Shanghai,Projected_Area,148.8899,-1.959432125,"a,c"
Beijing,Projected_Area,185.6153,-1.804625154,"a,c"
Shanghai,Projected_Area,541.3892,0.1628066897,"a,c"
Beijing,Projected_Area,732.2126,0.6538904309,"a,c"
Shanghai,Projected_Area,633.0122,0.5754180551,"a,c"
Guangzhou,Projected_Area,1091.9305,0.7716625929,"a,c"
Shanghai,Projected_Area,436.6383,0.3578058779,"a,c"
Shanghai,Projected_Area,134.93,-1.703717828,"a,c"
Shanghai,Projected_Area,877.3656,0.4496744871,"a,c"
Guangzhou,Projected_Area,183.6988,-1.644493222,"a,c"
Shanghai,Projected_Area,683.414,0.7531602979,"a,c"
Beijing,Projected_Area,411.3265,0.02952817827,"a,c"
Beijing,Projected_Area,156.1286,-1.805610538,"a,c"
Beijing,Projected_Area,343.5543,-0.09520502388,"a,c"
Beijing,Projected_Area,264.6946,-0.3070261776,"a,c"
Guangzhou,Projected_Area,162.481,-1.618801236,"a,c"
Guangzhou,Projected_Area,546.0112,0.1879650503,"a,c"
Shanghai,Projected_Area,623.8261,0.3430028856,"a,c"
Guangzhou,Projected_Area,447.2526,0.4000475705,"a,c"
Shanghai,Projected_Area,444.7956,0.3513681591,"a,c"
Beijing,Projected_Area,633.7652,0.5032734275,"a,c"
Beijing,Projected_Area,162.8852,-1.421406388,"a,c"
Wuhan,Projected_Area,648.6255,0.311504662,"a,c"
Shanghai,Projected_Area,502.3315,0.1534495056,"a,c"
Beijing,Projected_Area,811.0067,0.4194173813,"a,c"
Wuhan,Projected_Area,775.8211,0.6095508933,"a,c"
Wuhan,Projected_Area,1022.9797,0.4664085507,"a,c"
Shanghai,Projected_Area,270.8209,-0.2899699509,"a,c"
Wuhan,Projected_Area,278.1863,-0.2917593122,"a,c"
Shanghai,Projected_Area,171.7232,-1.907016039,"a,c"
Shanghai,Projected_Area,830.1984,0.6903375387,"a,c"
Shanghai,Projected_Area,350.4418,0.07430560142,"a,c"
Wuhan,Projected_Area,353.1453,-0.09130150825,"a,c"
Shanghai,Projected_Area,457.3057,0.259832561,"a,c"
Shanghai,Projected_Area,351.5282,-0.1281595528,"a,c"
Beijing,Projected_Area,245.1559,-1.127907157,"a,c"
Beijing,Projected_Area,89.1938,-1.006372571,"a,c"
Shanghai,Projected_Area,131.49,-2.018178463,"a,c"
Shanghai,Projected_Area,460.5772,0.2837167382,"a,c"
Shanghai,Projected_Area,505.187,-0.0438875556,"a,c"
Wuhan,Projected_Area,1009.6399,0.5170372128,"a,c"
Shanghai,Projected_Area,494.8574,0.1077498272,"a,c"
Shanghai,Projected_Area,295.6321,-0.1446509063,"a,c"
Shanghai,Projected_Area,426.5897,0.3144428134,"a,c"
Beijing,Projected_Area,139.836,-2.282384157,"a,c"
Shanghai,Projected_Area,152.9815,-2.178966761,"a,c"
Shanghai,Projected_Area,431.9572,0.5664877892,"a,c"
Shanghai,Projected_Area,555.9541,-0.1014579237,"a,c"
Wuhan,Projected_Area,408.0702,-0.1586220413,"a,c"
Shanghai,Projected_Area,390.7253,0.1239429787,"a,c"
Shanghai,Projected_Area,304.7798,-0.09203023463,"a,c"
Shanghai,Projected_Area,330.3242,0.01903106831,"a,c"
Shanghai,Projected_Area,246.3289,-1.304749846,"a,c"
Shanghai,Projected_Area,118.2571,-1.359888673,"a,c"
Beijing,Projected_Area,543.3602,0.1155418009,"a,c"
Shanghai,Projected_Area,139.3936,-1.957652211,"a,c"
Shanghai,Projected_Area,371.0337,-0.128024444,"a,c"
Shanghai,Projected_Area,345.3918,-0.08794797212,"a,c"
Shanghai,Projected_Area,212.843,-1.31652987,"a,c"
Shanghai,Projected_Area,665.1382,0.4901351035,"a,c"
Beijing,Projected_Area,412.6312,0.06188509241,"a,c"
Wuhan,Projected_Area,246.8358,-1.255927205,"a,c"
Guangzhou,Projected_Area,588.6978,0.268189162,"a,c"
Shanghai,Projected_Area,598.7821,0.2851068377,"a,c"
Shanghai,Projected_Area,326.7169,0.2571048737,"a,c"
Wuhan,Projected_Area,1013.3913,0.7438924909,"a,c"
Beijing,Projected_Area,162.7271,-1.123107553,"a,c"
Shanghai,Projected_Area,236.6358,-1.686801791,"a,c"
Guangzhou,Projected_Area,359.9122,-0.01743371226,"a,c"
Guangzhou,Projected_Area,100.8867,-1.467225432,"a,c"
Beijing,Projected_Area,402.7253,-0.09156474471,"a,c"
Shanghai,Projected_Area,104.8218,-1.482293367,"a,c"
Shanghai,Projected_Area,275.8809,-0.2242492884,"a,c"
Shanghai,Projected_Area,138.2953,-1.732344031,"a,c"
Shanghai,Projected_Area,330.423,-0.06329200417,"a,c"
Guangzhou,Projected_Area,369.4839,-0.1767236739,"a,c"
Shanghai,Projected_Area,609.1578,0.4025155306,"a,c"
Guangzhou,Projected_Area,1625.8403,1.161176443,"a,c"
Shanghai,Projected_Area,394.5116,0.04216277227,"a,c"
Shanghai,Projected_Area,132.2833,-1.691937923,"a,c"
Shanghai,Projected_Area,264.8321,-0.2587930262,"a,c"
Beijing,Projected_Area,318.4702,0.3434008658,"a,c"
Shanghai,Projected_Area,89.0968,-1.267862439,"a,c"
Shanghai,Projected_Area,140.2791,-1.858708024,"a,c"
Shanghai,Projected_Area,1021.3561,0.3538143337,"a,c"
Shanghai,Projected_Area,232.3587,-1.374217391,"a,c"
Wuhan,Projected_Area,327.1203,-0.04613041878,"a,c"
Shanghai,Projected_Area,179.0356,-2.121982336,"a,c"
Wuhan,Projected_Area,383.2388,0.09552465379,"a,c"
Shanghai,Projected_Area,687.34,0.7640094161,"a,c"
Shanghai,Projected_Area,321.3742,0.293685019,"a,c"
Beijing,Projected_Area,130.028,-1.20708704,"a,c"
Wuhan,Projected_Area,268.2022,-0.3655055165,"a,c"
Shanghai,Projected_Area,514.0755,0.1331975758,"a,c"
Beijing,Projected_Area,130.5798,-1.542334557,"a,c"
Shanghai,Projected_Area,503.2546,0.173612982,"a,c"
Beijing,Projected_Area,950.7524,0.3489718735,"a,c"
Shanghai,Projected_Area,640.5819,0.541110754,"a,c"
Wuhan,Projected_Area,1137.0949,0.6514805555,"a,c"
Shanghai,Projected_Area,195.0873,-1.675844431,"a,c"
Shanghai,Projected_Area,167.9508,-1.695810676,"a,c"
Shanghai,Projected_Area,436.3599,0.2247942537,"a,c"
Guangzhou,Projected_Area,179.1389,-1.697788239,"a,c"
Shanghai,Projected_Area,467.1276,0.3843728006,"a,c"
Shanghai,Projected_Area,364.0965,-0.1037644818,"a,c"
Shanghai,Projected_Area,387.507,0.03982518613,"a,c"
Shanghai,Projected_Area,123.816,-1.562874198,"a,c"
Shanghai,Projected_Area,182.7947,-2.119124174,"a,c"
Shanghai,Projected_Area,641.0631,0.3861994743,"a,c"
Shanghai,Projected_Area,471.7141,0.3114143014,"a,c"
Shanghai,Projected_Area,282.7571,-0.3233454227,"a,c"
Shanghai,Projected_Area,167.1433,-2.161762714,"a,c"
Shanghai,Projected_Area,545.3847,0.2553831041,"a,c"
Shanghai,Projected_Area,933.6396,0.27291435,"a,c"
Guangzhou,Projected_Area,856.7171,0.564819634,"a,c"
Shanghai,Projected_Area,504.4949,0.2497791499,"a,c"
Beijing,Projected_Area,363.3297,-0.06544160843,"a,c"
Shanghai,Projected_Area,108.7069,-1.795668244,"a,c"
Shanghai,Projected_Area,495.9608,0.2164018005,"a,c"
Shanghai,Projected_Area,362.1469,-0.02480969764,"a,c"
Shanghai,Projected_Area,464.7934,0.2970996201,"a,c"
Wuhan,Projected_Area,340.7684,-0.1261254251,"a,c"
Shanghai,Projected_Area,318.541,0.005703933537,"a,c"
Shanghai,Projected_Area,181.4833,-1.888734579,"a,c"
Shanghai,Projected_Area,609.1434,0.501948297,"a,c"
Shanghai,Projected_Area,177.1721,-2.095413923,"a,c"
Guangzhou,Projected_Area,371.3608,-0.1440225542,"a,c"
Shanghai,Projected_Area,588.7668,0.3277578056,"a,c"
Beijing,Projected_Area,450.8924,0.2205824107,"a,c"
Beijing,Projected_Area,276.3518,-0.2284175903,"a,c"
Beijing,Projected_Area,364.8394,0.0220257286,"a,c"
Shanghai,Projected_Area,487.7193,0.184332937,"a,c"
Guangzhou,Projected_Area,133.758,-1.319480062,"a,c"
Wuhan,Projected_Area,312.9095,-0.01941669732,"a,c"
Guangzhou,Projected_Area,524.8602,0.01128337439,"a,c"
Shanghai,Projected_Area,109.3401,-1.534311175,"a,c"
Guangzhou,Projected_Area,467.1206,0.0334447287,"a,c"
Beijing,Projected_Area,138.1414,-1.759954095,"a,c"
Shanghai,Projected_Area,249.384,-0.553457737,"a,c"
Shanghai,Projected_Area,231.7297,-1.666940331,"a,c"
Wuhan,Projected_Area,330.6328,0.01548423432,"a,c"
Shanghai,Projected_Area,106.1766,-1.763997078,"a,c"
Wuhan,Projected_Area,308.165,0.1166932732,"a,c"
Shanghai,Projected_Area,578.3771,0.01230668835,"a,c"
Guangzhou,Projected_Area,627.5043,0.1959018409,"a,c"
Shanghai,Projected_Area,614.1895,0.4143694341,"a,c"
Shanghai,Projected_Area,425.9428,0.5781148076,"a,c"
Shanghai,Projected_Area,119.9895,-1.522339702,"a,c"
Guangzhou,Projected_Area,124.8796,-1.305777431,"a,c"
Shanghai,Projected_Area,236.0831,-1.488729954,"a,c"
Guangzhou,Projected_Area,106.2991,-1.417555809,"a,c"
Shanghai,Projected_Area,554.1863,-0.2370196432,"a,c"
Shanghai,Projected_Area,115.2816,-1.742294192,"a,c"
Shanghai,Projected_Area,133.6869,-1.859228492,"a,c"
Shanghai,Projected_Area,401.534,0.01569933817,"a,c"
Shanghai,Projected_Area,405.489,0.09378588945,"a,c"
Shanghai,Projected_Area,623.4806,0.532010138,"a,c"
Shanghai,Projected_Area,403.4044,0.1778172702,"a,c"
Shanghai,Projected_Area,803.4206,1.061235547,"a,c"
Shanghai,Projected_Area,167.869,-1.9874475,"a,c"
Shanghai,Projected_Area,450.6651,0.5339340568,"a,c"
Beijing,Projected_Area,550.227,0.00239507365,"a,c"
Shanghai,Projected_Area,377.3138,-0.03006251715,"a,c"
Shanghai,Projected_Area,952.3561,0.5480012298,"a,c"
Beijing,Projected_Area,688.7924,0.7106891274,"a,c"
Wuhan,Projected_Area,188.1146,-1.630439639,"a,c"
Beijing,Projected_Area,520.6451,0.1592455506,"a,c"
Shanghai,Projected_Area,244.3087,-1.339852691,"a,c"
Shanghai,Projected_Area,553.5728,-0.01627913676,"a,c"
Shanghai,Projected_Area,439.292,0.07946135104,"a,c"
Shanghai,Projected_Area,240.4594,-1.471948862,"a,c"
Shanghai,Projected_Area,498.711,0.1632188112,"a,c"
Shanghai,Projected_Area,105.1569,-1.89738965,"a,c"
Shanghai,Projected_Area,121.745,-1.678456306,"a,c"
Shanghai,Projected_Area,512.7656,0.1678471416,"a,c"
Wuhan,Projected_Area,617.5979,0.5181894302,"a,c"
Wuhan,Projected_Area,368.7358,0.01149339415,"a,c"
Beijing,Projected_Area,583.066,-0.1548237205,"a,c"
Beijing,Projected_Area,389.0937,0.006230930798,"a,c"
Shanghai,Projected_Area,300.6134,-0.2124822438,"a,c"
Shanghai,Projected_Area,384.3765,0.1684795469,"a,c"
Shanghai,Projected_Area,253.5649,-0.8355494142,"a,c"
Beijing,Projected_Area,609.1206,0.281730324,"a,c"
Beijing,Projected_Area,449.1616,0.2133976519,"a,c"
Guangzhou,Projected_Area,154.9633,-1.824074149,"a,c"
Wuhan,Projected_Area,305.8024,-0.3738273084,"a,c"
Shanghai,Projected_Area,373.8806,0.116566889,"a,c"
Wuhan,Projected_Area,386.4945,0.06587068737,"a,c"
Wuhan,Projected_Area,342.1272,0.03471714631,"a,c"
Beijing,Projected_Area,594.6926,0.1461762488,"a,c"
Shanghai,Projected_Area,191.0842,-2.094725847,"a,c"
Wuhan,Projected_Area,628.4929,0.3453599215,"a,c"
Shanghai,Projected_Area,286.9962,-0.3161783516,"a,c"
Shanghai,Projected_Area,635.5261,0.4943335056,"a,c"
Beijing,Projected_Area,769.8448,0.5841199756,"a,c"
Shanghai,Projected_Area,423.9276,0.1559893191,"a,c"
Shanghai,Projected_Area,611.8406,0.295904547,"a,c"
Beijing,Projected_Area,100.7925,-1.44873929,"a,c"
Shanghai,Projected_Area,194.4,-1.955459714,"a,c"
Shanghai,Projected_Area,576.388,-0.04265484214,"a,c"
Shanghai,Projected_Area,176.7381,-1.98418498,"a,c"
Guangzhou,Projected_Area,649.5952,0.3546196818,"a,c"
Wuhan,Projected_Area,107.9095,-1.917717099,"a,c"
Shanghai,Projected_Area,413.3,0.0610563755,"a,c"
Shanghai,Projected_Area,241.3665,-1.191010118,"a,c"
Shanghai,Projected_Area,545.5612,0.1957362443,"a,c"
Beijing,Projected_Area,780.0798,0.4892400205,"a,c"
Shanghai,Projected_Area,538.6986,0.1580752879,"a,c"
Shanghai,Projected_Area,133.4032,-1.643245339,"a,c"
Wuhan,Projected_Area,354.6791,-0.07497959584,"a,c"
Shanghai,Projected_Area,922.768,0.3289750516,"a,c"
Shanghai,Projected_Area,128.258,-1.773470402,"a,c"
Shanghai,Projected_Area,575.2052,0.0453858003,"a,c"
Wuhan,Projected_Area,271.7273,0.03222969919,"a,c"
Wuhan,Projected_Area,183.771,-2.001703978,"a,c"
Guangzhou,Projected_Area,127.6906,-1.305777431,"a,c"
Shanghai,Projected_Area,348.4035,0.2336135358,"a,c"
Shanghai,Projected_Area,292.1847,-0.3035484254,"a,c"
Shanghai,Projected_Area,318.086,0.002074513584,"a,c"
Wuhan,Projected_Area,974.0058,0.4141514599,"a,c"
Wuhan,Projected_Area,654.7501,0.4343677461,"a,c"
Shanghai,Projected_Area,262.6766,-0.1697516441,"a,c"
Wuhan,Projected_Area,240.6815,-0.8539227247,"a,c"
Wuhan,Projected_Area,732.5245,0.5531279445,"a,c"
Shanghai,Projected_Area,415.9824,-0.07983355224,"a,c"
Shanghai,Projected_Area,170.8645,-1.894456148,"a,c"
Shanghai,Projected_Area,535.7066,0.02939542755,"a,c"
Guangzhou,Projected_Area,115.5997,-1.470376253,"a,c"
Guangzhou,Projected_Area,584.5042,0.07504522055,"a,c"
Shanghai,Projected_Area,200.2792,-0.9628193974,"a,c"
Wuhan,Projected_Area,627.3603,0.392749846,"a,c"
Shanghai,Projected_Area,348.8474,-0.08341949433,"a,c"
Shanghai,Projected_Area,280.344,-0.292732656,"a,c"
Guangzhou,Projected_Area,194.7012,-1.602717757,"a,c"
Shanghai,Projected_Area,515.2582,-0.166849345,"a,c"
Shanghai,Projected_Area,266.1598,-0.03468742222,"a,c"
Guangzhou,Projected_Area,276.0479,-0.1781912744,"a,c"
Shanghai,Projected_Area,256.2534,-0.5073198676,"a,c"
Shanghai,Projected_Area,1157.4903,0.8282527924,"a,c"
Shanghai,Projected_Area,365.4035,-0.01132139564,"a,c"
Shanghai,Projected_Area,581.1707,-0.07531686872,"a,c"
Beijing,Projected_Area,546.6869,-0.113323018,"a,c"
Beijing,Projected_Area,851.3182,0.66152215,"a,c"
Wuhan,Projected_Area,416.2108,-0.01727353781,"a,c"
Shanghai,Projected_Area,633.6143,0.6944178343,"a,c"
Wuhan,Projected_Area,166.4974,-1.670023799,"a,c"
Shanghai,Projected_Area,233.0754,-1.587487102,"a,c"
Beijing,Projected_Area,603.9835,0.5160932541,"a,c"
Wuhan,Projected_Area,443.2736,0.2484023869,"a,c"
Beijing,Projected_Area,502.5356,0.1106397659,"a,c"
Shanghai,Projected_Area,107.0085,-1.858158231,"a,c"
Guangzhou,Projected_Area,126.8113,-1.654195905,"a,c"
Shanghai,Projected_Area,133.8227,-1.82462585,"a,c"
Shanghai,Projected_Area,530.7261,-0.08964598179,"a,c"
Guangzhou,Projected_Area,133.3225,-1.538936377,"a,c"
Shanghai,Projected_Area,207.0155,-1.375001311,"a,c"
Shanghai,Projected_Area,474.7485,0.2116150707,"a,c"
Shanghai,Projected_Area,503.8575,0.1623091847,"a,c"
Shanghai,Projected_Area,462.7108,0.3707141578,"a,c"
Beijing,Projected_Area,742.75,0.6276376247,"a,c"
Shanghai,Projected_Area,273.196,-0.3438361287,"a,c"
Shanghai,Projected_Area,128.5435,-1.732583642,"a,c"
Shanghai,Projected_Area,157.8301,-1.821757913,"a,c"
Guangzhou,Projected_Area,359.3665,-0.1393263936,"a,c"
Shanghai,Projected_Area,554.2097,0.07976472378,"a,c"
Wuhan,Projected_Area,257.4418,-0.1018299684,"a,c"
Beijing,Projected_Area,382.7589,0.1210512817,"a,c"
Beijing,Projected_Area,743.6811,0.6259857416,"a,c"
Shanghai,Projected_Area,576.0846,0.1322511137,"a,c"
Guangzhou,Projected_Area,166.6447,-1.781759143,"a,c"
Wuhan,Projected_Area,448.3974,0.2281466722,"a,c"
Shanghai,Projected_Area,380.8072,0.05544179305,"a,c"
Shanghai,Projected_Area,264.4845,-0.3878912628,"a,c"
Shanghai,Projected_Area,115.9202,-1.859738827,"a,c"
Shanghai,Projected_Area,213.0851,-1.322937846,"a,c"
Beijing,Projected_Area,184.4144,-2.066304445,"a,c"
Shanghai,Projected_Area,470.6314,0.2903589308,"a,c"
Shanghai,Projected_Area,476.9486,0.5388839841,"a,c"
Beijing,Projected_Area,111.4274,-2.064479828,"a,c"
Shanghai,Projected_Area,180.0793,-1.62266922,"a,c"
Shanghai,Projected_Area,397.9518,0.03506922349,"a,c"
Shanghai,Projected_Area,235.4157,-1.220346332,"a,c"
Guangzhou,Projected_Area,268.8185,-0.3217766583,"a,c"
Beijing,Projected_Area,266.7971,-0.1243544295,"a,c"
Shanghai,Projected_Area,490.1215,0.2073982805,"a,c"
Shanghai,Projected_Area,458.8179,0.3233791292,"a,c"
Shanghai,Projected_Area,114.7984,-1.775571942,"a,c"
Shanghai,Projected_Area,315.4788,-0.08203163743,"a,c"
Shanghai,Projected_Area,485.9279,0.1241173297,"a,c"
Shanghai,Projected_Area,283.7932,-0.2224780768,"a,c"
Shanghai,Projected_Area,558.1713,0.1639346778,"a,c"
Shanghai,Projected_Area,414.2543,0.06895446032,"a,c"
Beijing,Projected_Area,419.7011,0.05336906388,"a,c"
Shanghai,Projected_Area,718.2801,0.6985077858,"a,c"
Beijing,Projected_Area,573.7103,-0.208325088,"a,c"
Wuhan,Projected_Area,181.66,-2.082602501,"a,c"
Wuhan,Projected_Area,443.8063,0.1647973508,"a,c"
Shanghai,Projected_Area,459.331,0.3384033442,"a,c"
Beijing,Projected_Area,1171.2728,0.8371403217,"a,c"
Shanghai,Projected_Area,142.2949,-1.602999926,"a,c"
Shanghai,Projected_Area,110.2979,-1.780273318,"a,c"
Beijing,Projected_Area,431.8886,0.4112882316,"a,c"
Shanghai,Projected_Area,211.4207,-1.248098493,"a,c"
Shanghai,Projected_Area,122.8963,-1.783903956,"a,c"
Wuhan,Projected_Area,368.5563,-0.1423684061,"a,c"
Shanghai,Projected_Area,506.2451,0.1859004349,"a,c"
Wuhan,Projected_Area,321.4586,-0.2096259296,"a,c"
Shanghai,Projected_Area,366.5438,-0.1139616072,"a,c"
Guangzhou,Projected_Area,179.5388,-1.704255581,"a,c"
Shanghai,Projected_Area,109.3343,-1.728832841,"a,c"
Beijing,Projected_Area,127.2245,-2.113820553,"a,c"
Wuhan,Projected_Area,525.7057,0.02426360548,"a,c"
Guangzhou,Projected_Area,685.4547,0.4331666231,"a,c"
Shanghai,Projected_Area,617.6484,0.4081724882,"a,c"
Shanghai,Projected_Area,474.3188,0.4772255719,"a,c"
Shanghai,Projected_Area,281.464,-0.3234753907,"a,c"
Guangzhou,Projected_Area,102.1706,-1.463669658,"a,c"
Shanghai,Projected_Area,645.7134,0.5062764883,"a,c"
Wuhan,Projected_Area,628.0267,0.1932875961,"a,c"
Shanghai,Projected_Area,122.6978,-1.937726259,"a,c"
Shanghai,Projected_Area,560.3112,0.1197753549,"a,c"
Shanghai,Projected_Area,231.7808,-1.400569081,"a,c"
Shanghai,Projected_Area,413.7277,0.1825000495,"a,c"
Shanghai,Projected_Area,357.4039,-0.007019110024,"a,c"
Shanghai,Projected_Area,189.002,-2.174847841,"a,c"
Guangzhou,Projected_Area,272.6616,-0.4115658104,"a,c"
Beijing,Projected_Area,256.0232,-0.3580060005,"a,c"
Wuhan,Projected_Area,442.4085,0.31791991,"a,c"
Shanghai,Projected_Area,135.5562,-1.987212777,"a,c"
Shanghai,Projected_Area,117.8923,-1.816453576,"a,c"
Shanghai,Projected_Area,317.6253,0.3324342668,"a,c"
Shanghai,Projected_Area,329.5654,0.04768176377,"a,c"
Shanghai,Projected_Area,155.2956,-2.016626835,"a,c"
Shanghai,Projected_Area,112.5117,-1.586238503,"a,c"
Shanghai,Projected_Area,123.0165,-1.671634436,"a,c"
Shanghai,Projected_Area,867.3262,0.1483111382,"a,c"
Shanghai,Projected_Area,191.68,-2.071132183,"a,c"
Beijing,Projected_Area,939.346,0.3579853773,"a,c"
Beijing,Projected_Area,828.6405,0.5032606721,"a,c"
Shanghai,Projected_Area,246.9963,-1.136688828,"a,c"
Shanghai,Projected_Area,1388.6311,0.7526685596,"a,c"
Wuhan,Projected_Area,206.2147,-1.44541502,"a,c"
Shanghai,Projected_Area,152.2437,-2.154186964,"a,c"
Wuhan,Projected_Area,295.5301,0.179369092,"a,c"
Shanghai,Projected_Area,183.7683,-1.991476297,"a,c"
Beijing,Projected_Area,726.0078,0.64193362,"a,c"
Shanghai,Projected_Area,347.8368,0.009625687264,"a,c"
Shanghai,Projected_Area,295.9823,-0.2405056804,"a,c"
Beijing,Projected_Area,158.5859,-2.220922709,"a,c"
Shanghai,Projected_Area,208.8635,-1.543307185,"a,c"
Beijing,Projected_Area,728.31,0.5918630958,"a,c"
Shanghai,Projected_Area,584.4161,0.1469228864,"a,c"
Shanghai,Projected_Area,484.8152,0.2573692799,"a,c"
Shanghai,Projected_Area,321.7188,0.03700182587,"a,c"
Wuhan,Projected_Area,349.5329,-0.05770803988,"a,c"
Shanghai,Projected_Area,307.6006,0.1047358662,"a,c"
Guangzhou,Projected_Area,147.0251,-1.424543858,"a,c"
Wuhan,Projected_Area,629.5394,0.3771492839,"a,c"
Guangzhou,Projected_Area,1161.7721,0.6775637865,"a,c"
Guangzhou,Projected_Area,985.8131,0.4995213747,"a,c"
Shanghai,Projected_Area,172.3874,-1.994868994,"a,c"
Shanghai,Projected_Area,351.1415,0.1361035258,"a,c"
Wuhan,Projected_Area,550.4833,-0.06023293361,"a,c"
Shanghai,Projected_Area,1008.4137,0.2754617035,"a,c"
Beijing,Projected_Area,701.106,0.7150840163,"a,c"
Shanghai,Projected_Area,99.3288,-1.540579557,"a,c"
Shanghai,Projected_Area,555.294,0.0608795248,"a,c"
Shanghai,Projected_Area,294.3551,-0.2585888803,"a,c"
Shanghai,Projected_Area,319.548,0.1870553941,"a,c"
Wuhan,Projected_Area,784.9188,0.5307939053,"a,c"
Shanghai,Projected_Area,197.0778,-0.08440398425,"a,c"
Guangzhou,Projected_Area,157.7126,-1.599598646,"a,c"
Shanghai,Projected_Area,370.0044,0.04097534344,"a,c"
Shanghai,Projected_Area,405.0936,0.2108459771,"a,c"
Guangzhou,Projected_Area,101.4537,-1.395069838,"a,c"
Shanghai,Projected_Area,566.4441,-0.1284824312,"a,c"
Beijing,Projected_Area,218.1423,-0.972676158,"a,c"
Shanghai,Projected_Area,656.3072,0.2843331397,"a,c"
Guangzhou,Projected_Area,437.7957,-0.2390584797,"a,c"
Shanghai,Projected_Area,383.3552,-0.02164705843,"a,c"
Shanghai,Projected_Area,382.4901,0.1010922641,"a,c"
Shanghai,Projected_Area,482.4598,0.2532923222,"a,c"
Beijing,Projected_Area,455.0513,0.3708603978,"a,c"
Shanghai,Projected_Area,437.8036,0.2478889078,"a,c"
Wuhan,Projected_Area,450.9048,0.207196638,"a,c"
Guangzhou,Projected_Area,1241.3466,0.9282692671,"a,c"
Beijing,Projected_Area,782.3861,0.4271050096,"a,c"
Guangzhou,Projected_Area,760.6908,0.4383065403,"a,c"
Shanghai,Projected_Area,398.3358,0.005947488826,"a,c"
Shanghai,Projected_Area,904.3915,0.2258233279,"a,c"
Shanghai,Projected_Area,563.9943,-0.1085710824,"a,c"
Beijing,Projected_Area,1056.0639,0.6268163919,"a,c"
Beijing,Projected_Area,829.0807,0.7383896112,"a,c"
Wuhan,Projected_Area,863.0941,0.4043746293,"a,c"
Wuhan,Projected_Area,260.6845,0.07985400409,"a,c"
Shanghai,Projected_Area,411.2086,-0.068398498,"a,c"
Shanghai,Projected_Area,486.7505,0.1972089559,"a,c"
Wuhan,Projected_Area,255.1324,-0.5477300286,"a,c"
Shanghai,Projected_Area,378.1073,0.06972014904,"a,c"
Guangzhou,Projected_Area,333.9624,-0.1011327431,"a,c"
Shanghai,Projected_Area,641.0279,0.4247384667,"a,c"
Shanghai,Projected_Area,272.2169,-0.3361290991,"a,c"
Shanghai,Projected_Area,200.8315,-1.005104661,"a,c"
Guangzhou,Projected_Area,249.0735,-0.6753750443,"a,c"
Shanghai,Projected_Area,280.477,-0.3277542889,"a,c"
Shanghai,Projected_Area,539.382,-0.01175909303,"a,c"
Wuhan,Projected_Area,514.8888,-0.1234723106,"a,c"
Shanghai,Projected_Area,500.653,0.2254792154,"a,c"
Guangzhou,Projected_Area,632.5566,0.3325291872,"a,c"
Shanghai,Projected_Area,737.8105,0.585496664,"a,c"
Wuhan,Projected_Area,225.264,-0.8821533918,"a,c"
Wuhan,Projected_Area,222.1554,-0.8668347597,"a,c"
Wuhan,Projected_Area,252.8957,-0.08892777562,"a,c"
Guangzhou,Projected_Area,959.4004,0.3883110881,"a,c"
Guangzhou,Projected_Area,718.1127,0.3200309575,"a,c"
Shanghai,Projected_Area,677.1861,0.4258050025,"a,c"
Shanghai,Projected_Area,443.2213,0.5185819268,"a,c"
Wuhan,Projected_Area,132.6312,-1.831826091,"a,c"
Shanghai,Projected_Area,960.7708,0.3417793512,"a,c"
Guangzhou,Projected_Area,196.1506,-1.24347806,"a,c"
Wuhan,Projected_Area,377.2371,-0.006362583023,"a,c"
Beijing,Projected_Area,1251.9542,0.5749923587,"a,c"
Wuhan,Projected_Area,490.4107,0.1842612624,"a,c"
Wuhan,Projected_Area,1005.0485,0.4392438829,"a,c"
Shanghai,Projected_Area,336.1921,-0.001515110722,"a,c"
Beijing,Projected_Area,686.8123,0.4939337969,"a,c"
Wuhan,Projected_Area,203.2179,-0.9714718461,"a,c"
Shanghai,Projected_Area,422.1746,0.1175469831,"a,c"
Wuhan,Projected_Area,694.8493,0.4833974838,"a,c"
Wuhan,Projected_Area,446.2002,0.2016483247,"a,c"
Shanghai,Projected_Area,189.4537,-2.130752563,"a,c"
Shanghai,Projected_Area,375.2525,0.08046994358,"a,c"
Shanghai,Projected_Area,474.6059,0.3273177743,"a,c"
Shanghai,Projected_Area,198.8405,-0.9810886979,"a,c"
Guangzhou,Projected_Area,207.3565,-1.31016171,"a,c"
Shanghai,Projected_Area,295.4111,-0.05324283987,"a,c"
Shanghai,Projected_Area,219.1328,-0.9436375499,"a,c"
Shanghai,Projected_Area,852.0285,0.4662011564,"a,c"
Beijing,Projected_Area,185.0053,-1.72846663,"a,c"
Wuhan,Projected_Area,152.7959,-1.536773324,"a,c"
Shanghai,Projected_Area,606.9396,0.3903353512,"a,c"
Shanghai,Projected_Area,151.5041,-2.111421824,"a,c"
Shanghai,Projected_Area,376.4645,-0.01583173312,"a,c"
Wuhan,Projected_Area,235.4854,-1.272090554,"a,c"
Guangzhou,Projected_Area,480.7083,0.09872989357,"a,c"
Shanghai,Projected_Area,221.0261,-1.655173898,"a,c"
Shanghai,Projected_Area,243.378,-1.464161873,"a,c"
Shanghai,Projected_Area,388.1516,0.06814521551,"a,c"
Guangzhou,Projected_Area,86.6907,-1.272300363,"a,c"
Shanghai,Projected_Area,119.9525,-1.530048966,"a,c"
Wuhan,Projected_Area,772.6876,0.7310222983,"a,c"
Wuhan,Projected_Area,337.7125,-0.08088457584,"a,c"
Shanghai,Projected_Area,405.1568,-0.02486125939,"a,c"
Shanghai,Projected_Area,400.9847,0.05512103438,"a,c"
Shanghai,Projected_Area,475.4741,0.4550307095,"a,c"
Shanghai,Projected_Area,472.5667,0.3538582623,"a,c"
Wuhan,Projected_Area,224.5622,-0.8865317702,"a,c"
Guangzhou,Projected_Area,873.9586,0.3842288554,"a,c"
Shanghai,Projected_Area,232.2843,-1.518248916,"a,c"
Beijing,Projected_Area,161.443,-2.226009607,"a,c"
Wuhan,Projected_Area,601.601,0.3988527954,"a,c"
Beijing,Projected_Area,156.4542,-1.262154222,"a,c"
Shanghai,Projected_Area,117.0011,-1.365738988,"a,c"
Shanghai,Projected_Area,359.6172,-0.006177414209,"a,c"
Shanghai,Projected_Area,142.1767,-1.984146118,"a,c"
Shanghai,Projected_Area,198.3819,-0.8639316559,"a,c"
Wuhan,Projected_Area,722.8591,0.4166718125,"a,c"
Shanghai,Projected_Area,212.9913,-1.694299102,"a,c"
Shanghai,Projected_Area,724.8903,0.7802951932,"a,c"
Shanghai,Projected_Area,260.6229,-0.3018515408,"a,c"
Shanghai,Projected_Area,611.7565,0.2234171778,"a,c"
Guangzhou,Projected_Area,968.2899,0.5408408642,"a,c"
Beijing,Projected_Area,274.8935,-0.2520435452,"a,c"
Shanghai,Projected_Area,414.1784,0.10903126,"a,c"
Shanghai,Projected_Area,224.2074,-1.322255135,"a,c"
Shanghai,Projected_Area,458.363,0.4015291929,"a,c"
Shanghai,Projected_Area,316.1038,0.0464861989,"a,c"
Beijing,Projected_Area,685.5937,0.5455765128,"a,c"
Guangzhou,Projected_Area,257.3407,-0.2244902253,"a,c"
Shanghai,Projected_Area,107.3949,-1.493322253,"a,c"
Shanghai,Projected_Area,109.5654,-1.501707911,"a,c"
Shanghai,Projected_Area,519.6617,0.1470392942,"a,c"
Beijing,Projected_Area,224.0367,-0.7359076142,"a,c"
Beijing,Projected_Area,729.025,0.3984749913,"a,c"
Shanghai,Projected_Area,500.2888,0.227783531,"a,c"
Beijing,Projected_Area,115.271,-1.244045615,"a,c"
Shanghai,Projected_Area,600.8167,0.4910620749,"a,c"
Beijing,Projected_Area,198.8731,-0.808257699,"a,c"
Guangzhou,Projected_Area,425.9471,0.3262267709,"a,c"
Wuhan,Projected_Area,140.3471,-1.488373518,"a,c"
Shanghai,Projected_Area,213.9269,-1.608718514,"a,c"
Wuhan,Projected_Area,514.4243,-0.09413149953,"a,c"
Shanghai,Projected_Area,175.3987,-2.079381227,"a,c"
Shanghai,Projected_Area,390.9567,0.07440954447,"a,c"
Beijing,Projected_Area,166.5811,-2.147371531,"a,c"
Shanghai,Projected_Area,127.8653,-1.729418397,"a,c"
Shanghai,Projected_Area,632.725,0.6320793629,"a,c"
Wuhan,Projected_Area,761.0203,0.5531865954,"a,c"
Shanghai,Projected_Area,167.1039,-1.638049006,"a,c"
Wuhan,Projected_Area,206.8881,-0.8669492006,"a,c"
Shanghai,Projected_Area,128.2424,-1.773595095,"a,c"
Shanghai,Projected_Area,888.7886,0.2871606648,"a,c"
Shanghai,Projected_Area,100.7718,-1.954581261,"a,c"
Shanghai,Projected_Area,472.2045,0.2050631046,"a,c"
Shanghai,Projected_Area,706.2237,0.650556922,"a,c"
Shanghai,Projected_Area,391.141,-0.05193990096,"a,c"
Shanghai,Projected_Area,307.3886,0.2150507718,"a,c"
Shanghai,Projected_Area,105.0511,-1.690324783,"a,c"
Shanghai,Projected_Area,442.7533,0.2822115123,"a,c"
Wuhan,Projected_Area,1206.194,0.8483997583,"a,c"
Wuhan,Projected_Area,671.0918,0.394256264,"a,c"
Shanghai,Projected_Area,283.6765,-0.4346340597,"a,c"
Shanghai,Projected_Area,613.849,0.5396047235,"a,c"
Shanghai,Projected_Area,148.3353,-1.278347254,"a,c"
Shanghai,Projected_Area,503.4596,0.2054016739,"a,c"
Wuhan,Projected_Area,280.5148,-0.2638466656,"a,c"
Wuhan,Projected_Area,363.0975,-0.1083875149,"a,c"
Shanghai,Projected_Area,519.1356,-0.08245246857,"a,c"
Wuhan,Projected_Area,491.6203,0.2691324353,"a,c"
Guangzhou,Projected_Area,220.5702,-1.354188919,"a,c"
Shanghai,Projected_Area,459.28,0.4064005911,"a,c"
Shanghai,Projected_Area,268.6379,-0.4562791288,"a,c"
Wuhan,Projected_Area,482.728,0.2203891575,"a,c"
Wuhan,Projected_Area,426.0305,0.1955757141,"a,c"
Wuhan,Projected_Area,152.85,-2.089116812,"a,c"
Shanghai,Projected_Area,669.8875,0.6017737985,"a,c"
Shanghai,Projected_Area,673.4235,0.4815908074,"a,c"
Wuhan,Projected_Area,370.0929,-0.1988670826,"a,c"
Beijing,Projected_Area,568.7997,-0.1051052436,"a,c"
Beijing,Projected_Area,750.6492,0.4818827808,"a,c"
Beijing,Projected_Area,316.1846,-0.01943743788,"a,c"
Guangzhou,Projected_Area,109.1363,-1.409774542,"a,c"
Shanghai,Projected_Area,225.2704,-1.621001124,"a,c"
Shanghai,Projected_Area,232.1089,-1.419415116,"a,c"
Shanghai,Projected_Area,325.5728,0.05689866096,"a,c"
Beijing,Projected_Area,184.0572,-2.004442215,"a,c"
Shanghai,Projected_Area,165.2653,-1.795842528,"a,c"
Shanghai,Projected_Area,356.0229,-0.03481347114,"a,c"
Shanghai,Projected_Area,525.2626,0.06200821698,"a,c"
Shanghai,Projected_Area,557.3059,-0.02568445727,"a,c"
Shanghai,Projected_Area,447.4723,0.2643802166,"a,c"
Shanghai,Projected_Area,93.879,-1.357800722,"a,c"
Shanghai,Projected_Area,334.4448,-0.08879780769,"a,c"
Wuhan,Projected_Area,694.1937,0.2384509742,"a,c"
Shanghai,Projected_Area,263.1105,-0.1278179139,"a,c"
Shanghai,Projected_Area,569.7271,-0.06348567456,"a,c"
Shanghai,Projected_Area,539.3856,-0.002948262496,"a,c"
Shanghai,Projected_Area,202.4868,-0.3236062825,"a,c"
Shanghai,Projected_Area,632.9173,0.5227688551,"a,c"
Shanghai,Projected_Area,133.8142,-0.9215922356,"a,c"
Wuhan,Projected_Area,317.38,0.150960952,"a,c"
Shanghai,Projected_Area,486.7212,0.1369113326,"a,c"
Shanghai,Projected_Area,415.1897,-0.002923782682,"a,c"
Shanghai,Projected_Area,553.7422,-0.1050208434,"a,c"
Beijing,Projected_Area,690.8591,0.2790880799,"a,c"
Beijing,Projected_Area,174.4532,-1.766310334,"a,c"
Guangzhou,Projected_Area,148.6758,-1.547466516,"a,c"
Shanghai,Projected_Area,573.3204,0.0117367208,"a,c"
Shanghai,Projected_Area,489.229,0.2081860155,"a,c"
Wuhan,Projected_Area,911.0067,0.364133507,"a,c"
Shanghai,Projected_Area,635.2098,0.5805063844,"a,c"
Wuhan,Projected_Area,670.7513,0.4108653665,"a,c"
Shanghai,Projected_Area,494.8052,0.3190018833,"a,c"
Shanghai,Projected_Area,232.9894,-1.382859945,"a,c"
Beijing,Projected_Area,253.208,-0.6185070872,"a,c"
Shanghai,Projected_Area,233.8554,-1.261163354,"a,c"
Wuhan,Projected_Area,269.2898,-0.4643817544,"a,c"
Shanghai,Projected_Area,456.5325,0.3721232414,"a,c"
Beijing,Projected_Area,677.5096,0.4879405797,"a,c"
Shanghai,Projected_Area,445.5776,0.2576308548,"a,c"
Beijing,Projected_Area,269.2281,-0.05625312403,"a,c"
Beijing,Projected_Area,553.3506,-0.04775147885,"a,c"
Shanghai,Projected_Area,509.8575,0.08363601565,"a,c"
Guangzhou,Projected_Area,122.4356,-1.463854432,"a,c"
Shanghai,Projected_Area,605.427,0.4393341541,"a,c"
Shanghai,Projected_Area,603.575,0.2786902487,"a,c"
Shanghai,Projected_Area,599.9773,0.3389855325,"a,c"
Guangzhou,Projected_Area,407.7253,-0.07817882299,"a,c"
Shanghai,Projected_Area,538.893,0.1564160436,"a,c"
Guangzhou,Projected_Area,112.9913,-1.356907487,"a,c"
Wuhan,Projected_Area,343.4764,0.06725089252,"a,c"
Beijing,Projected_Area,300.2527,-0.2934823036,"a,c"
Shanghai,Projected_Area,467.0283,0.2910651863,"a,c"
Guangzhou,Projected_Area,123.6556,-1.318195939,"a,c"
Shanghai,Projected_Area,374.4181,0.109278813,"a,c"
Shanghai,Projected_Area,456.9,0.3646798134,"a,c"
Shanghai,Projected_Area,185.1975,-1.64920187,"a,c"
Wuhan,Projected_Area,1168.6273,1.147547245,"a,c"
Shanghai,Projected_Area,184.4425,-1.771929622,"a,c"
Shanghai,Projected_Area,627.3323,0.4069387317,"a,c"
Shanghai,Projected_Area,172.1292,-2.189277649,"a,c"
Shanghai,Projected_Area,304.4374,-0.2215519994,"a,c"
Wuhan,Projected_Area,192.2276,-1.687737226,"a,c"
Shanghai,Projected_Area,433.4684,0.2889616489,"a,c"
Shanghai,Projected_Area,691.7057,0.8502992392,"a,c"
Shanghai,Projected_Area,511.5388,-0.125596121,"a,c"
Wuhan,Projected_Area,349.6163,0.1055859625,"a,c"
Wuhan,Projected_Area,146.7719,-1.731109381,"a,c"
Shanghai,Projected_Area,949.0975,0.4726631641,"a,c"
Shanghai,Projected_Area,110.3624,-1.891057611,"a,c"
Guangzhou,Projected_Area,642.7261,0.1834557205,"a,c"
Shanghai,Projected_Area,96.1491,-1.529800892,"a,c"
Guangzhou,Projected_Area,143.5898,-1.42182982,"a,c"
Shanghai,Projected_Area,185.1619,-1.769402027,"a,c"
Shanghai,Projected_Area,285.3126,-0.3187771738,"a,c"
Shanghai,Projected_Area,384.7713,0.06656522304,"a,c"
Shanghai,Projected_Area,516.6359,0.09683769196,"a,c"
Shanghai,Projected_Area,150.2373,-1.801316261,"a,c"
Wuhan,Projected_Area,225.3618,-0.07640413195,"a,c"
Shanghai,Projected_Area,135.4731,-1.598937154,"a,c"
Shanghai,Projected_Area,376.9531,-0.08380047977,"a,c"
Shanghai,Projected_Area,611.4362,0.5947555304,"a,c"
Shanghai,Projected_Area,389.767,0.17533122,"a,c"
Wuhan,Projected_Area,506.0674,0.1228728592,"a,c"
Guangzhou,Projected_Area,673.9574,0.3142385483,"a,c"
Wuhan,Projected_Area,175.7285,-1.628359914,"a,c"
Guangzhou,Projected_Area,112.2685,-1.508484006,"a,c"
Guangzhou,Projected_Area,125.275,-1.338876367,"a,c"
Shanghai,Projected_Area,704.3543,0.3720877767,"a,c"
Shanghai,Projected_Area,430.9394,0.3296103179,"a,c"
Shanghai,Projected_Area,186.9013,-1.646857619,"a,c"
Wuhan,Projected_Area,547.2197,-0.01244769432,"a,c"
Beijing,Projected_Area,369.4655,-0.1446248144,"a,c"
Wuhan,Projected_Area,447.4582,0.2685384154,"a,c"
Shanghai,Projected_Area,84.2569,-1.216001749,"a,c"
Shanghai,Projected_Area,372.0292,0.2680532932,"a,c"
Beijing,Projected_Area,448.3772,0.2287396342,"a,c"
Shanghai,Projected_Area,226.3591,-1.132562518,"a,c"
Beijing,Projected_Area,299.3534,-0.1607106626,"a,c"
Beijing,Projected_Area,231.0091,-1.54685843,"a,c"
Shanghai,Projected_Area,559.557,-0.03555495664,"a,c"
Shanghai,Projected_Area,215.6046,-1.514252901,"a,c"
Shanghai,Projected_Area,468.2914,0.2490701079,"a,c"
Guangzhou,Projected_Area,99.1511,-1.322168589,"a,c"
Wuhan,Projected_Area,744.5748,0.5575842857,"a,c"
Shanghai,Projected_Area,113.0699,-2.118722439,"a,c"
Wuhan,Projected_Area,208.1317,-1.635362148,"a,c"
Shanghai,Projected_Area,147.1879,-1.547017813,"a,c"
Guangzhou,Projected_Area,632.8979,0.3532525003,"a,c"
Shanghai,Projected_Area,114.6453,-1.833899856,"a,c"
Wuhan,Projected_Area,194.2485,-1.654986978,"a,c"
Shanghai,Projected_Area,231.1397,-1.330199838,"a,c"
Shanghai,Projected_Area,611.4958,0.5426260233,"a,c"
Shanghai,Projected_Area,91.6293,-1.45691812,"a,c"
Beijing,Projected_Area,135.1305,-2.05825901,"a,c"
Guangzhou,Projected_Area,454.9354,0.2031753212,"a,c"
Shanghai,Projected_Area,184.2447,-1.938018918,"a,c"
Wuhan,Projected_Area,712.2469,0.5178455114,"a,c"
Shanghai,Projected_Area,131.2744,-1.665281177,"a,c"
Beijing,Projected_Area,108.0571,-1.68985498,"a,c"
Wuhan,Projected_Area,217.2527,-1.277699828,"a,c"
Shanghai,Projected_Area,209.9188,-1.565358758,"a,c"
Shanghai,Projected_Area,347.797,0.159951359,"a,c"
Wuhan,Projected_Area,842.6846,0.5183804631,"a,c"
Beijing,Projected_Area,157.2326,-1.871349335,"a,c"
Shanghai,Projected_Area,219.6885,-1.448357105,"a,c"
Shanghai,Projected_Area,381.1579,0.1506700218,"a,c"
Shanghai,Projected_Area,736.7692,0.7009331584,"a,c"
Shanghai,Projected_Area,223.5301,-1.422852397,"a,c"
Shanghai,Projected_Area,237.3701,-1.443303585,"a,c"
Shanghai,Projected_Area,489.5473,0.4522954524,"a,c"
Wuhan,Projected_Area,638.1069,0.214594692,"a,c"
Shanghai,Projected_Area,188.3552,-1.768396974,"a,c"
Beijing,Projected_Area,651.3617,0.4133495092,"a,c"
Shanghai,Projected_Area,444.642,0.2937428057,"a,c"
Shanghai,Projected_Area,296.8896,-0.1215487868,"a,c"
Shanghai,Projected_Area,363.1892,-0.05811959878,"a,c"
Shanghai,Projected_Area,206.8416,-1.573740244,"a,c"
Wuhan,Projected_Area,619.4443,0.5309702754,"a,c"
Wuhan,Projected_Area,204.7882,-0.2114934623,"a,c"
Beijing,Projected_Area,424.4109,0.0460136421,"a,c"
Guangzhou,Projected_Area,152.4161,-1.745615125,"a,c"
Shanghai,Projected_Area,701.4624,0.3427920043,"a,c"
Shanghai,Projected_Area,325.6794,0.2950364649,"a,c"
Shanghai,Projected_Area,412.5022,0.1552911997,"a,c"
Shanghai,Projected_Area,396.8316,-0.01716210507,"a,c"
Wuhan,Projected_Area,899.0253,0.3794127107,"a,c"
Wuhan,Projected_Area,174.5158,-1.465188026,"a,c"
Shanghai,Projected_Area,123.816,-1.595452905,"a,c"
Shanghai,Projected_Area,420.013,0.09212274849,"a,c"
Shanghai,Projected_Area,538.9937,0.1645185649,"a,c"
Shanghai,Projected_Area,135.6935,-1.410589457,"a,c"
Shanghai,Projected_Area,462.873,0.2650094628,"a,c"
Wuhan,Projected_Area,886.2308,0.3017083108,"a,c"
Wuhan,Projected_Area,496.7638,0.2161494642,"a,c"
Wuhan,Projected_Area,253.9386,-0.6568201184,"a,c"
Guangzhou,Projected_Area,449.061,0.3413197696,"a,c"
Wuhan,Projected_Area,597.5024,0.3110428452,"a,c"
Shanghai,Projected_Area,577.0512,-0.03401261196,"a,c"
Guangzhou,Projected_Area,96.0638,-1.523909569,"a,c"
Shanghai,Projected_Area,357.1625,-0.120758526,"a,c"
Wuhan,Projected_Area,417.8403,0.2953551114,"a,c"
Beijing,Projected_Area,566.9887,-0.1231571883,"a,c"
Shanghai,Projected_Area,520.1637,0.197857812,"a,c"
Beijing,Projected_Area,309.0905,-0.0003080848837,"a,c"
Shanghai,Projected_Area,299.2564,-0.2577565312,"a,c"
Guangzhou,Projected_Area,96.2876,-1.290572286,"a,c"
Wuhan,Projected_Area,232.6883,-1.400943756,"a,c"
Beijing,Projected_Area,697.4828,0.3854625225,"a,c"
Shanghai,Projected_Area,493.7459,0.1890198141,"a,c"
Guangzhou,Projected_Area,670.5992,0.6133307815,"a,c"
Shanghai,Projected_Area,791.132,1.093714595,"a,c"
Wuhan,Projected_Area,420.8768,0.1723519266,"a,c"
Shanghai,Projected_Area,559.5064,0.0382325761,"a,c"
Shanghai,Projected_Area,702.8375,0.3954468071,"a,c"
Shanghai,Projected_Area,120.3348,-1.908945918,"a,c"
Shanghai,Projected_Area,151.5399,-2.091180086,"a,c"
Shanghai,Projected_Area,128.9054,-1.832067728,"a,c"
Shanghai,Projected_Area,195.8314,-2.282314062,"a,c"
Beijing,Projected_Area,1529.5653,0.6853141189,"a,c"
Shanghai,Projected_Area,322.9852,0.2757797539,"a,c"
Shanghai,Projected_Area,664.0578,0.7146571875,"a,c"
Shanghai,Projected_Area,179.3707,-2.07987237,"a,c"
Shanghai,Projected_Area,133.1903,-1.479058743,"a,c"
Wuhan,Projected_Area,846.0306,0.5072830915,"a,c"
Guangzhou,Projected_Area,367.2721,-0.08484295756,"a,c"
Shanghai,Projected_Area,363.4112,-0.006592880003,"a,c"
Wuhan,Projected_Area,1164.2738,0.7319586277,"a,c"
Beijing,Projected_Area,406.0421,-0.02611987107,"a,c"
Guangzhou,Projected_Area,493.0797,0.01838840358,"a,c"
Wuhan,Projected_Area,988.0588,0.4011940956,"a,c"
Shanghai,Projected_Area,265.9915,-0.2846492231,"a,c"
Guangzhou,Projected_Area,454.9244,0.1432531029,"a,c"
Shanghai,Projected_Area,720.5955,0.3975886106,"a,c"
Wuhan,Projected_Area,106.8135,-1.522365212,"a,c"
Shanghai,Projected_Area,369.9647,-0.01399342529,"a,c"
Wuhan,Projected_Area,99.2002,-1.354289532,"a,c"
Beijing,Projected_Area,892.3701,0.3063256443,"a,c"
Shanghai,Projected_Area,180.7303,-1.943743587,"a,c"
Shanghai,Projected_Area,347.9187,0.04098052904,"a,c"
Wuhan,Projected_Area,1082.1316,0.9136855006,"a,c"
Shanghai,Projected_Area,262.0656,-0.2818186879,"a,c"
Wuhan,Projected_Area,416.6854,0.176845029,"a,c"
Beijing,Projected_Area,363.7682,-0.07634044439,"a,c"
Shanghai,Projected_Area,294.9817,-0.2716067731,"a,c"
Shanghai,Projected_Area,378.4339,0.03101576678,"a,c"
Shanghai,Projected_Area,109.1978,-2.134807587,"a,c"
Shanghai,Projected_Area,700.7449,0.4972041547,"a,c"
Beijing,Projected_Area,533.4417,0.06805977225,"a,c"
Shanghai,Projected_Area,1469.2283,0.4118448794,"a,c"
Shanghai,Projected_Area,264.8947,-0.4112591147,"a,c"
Wuhan,Projected_Area,177.9692,-2.096069813,"a,c"
Shanghai,Projected_Area,372.4164,0.01544347219,"a,c"
Shanghai,Projected_Area,172.9429,-1.769980669,"a,c"
Shanghai,Projected_Area,343.8408,0.04276039079,"a,c"
Shanghai,Projected_Area,711.1354,0.7159053087,"a,c"
Shanghai,Projected_Area,348.4912,-0.0008426698041,"a,c"
Shanghai,Projected_Area,113.4679,-1.804354072,"a,c"
Guangzhou,Projected_Area,600.7693,0.2819952369,"a,c"
Wuhan,Projected_Area,591.4896,0.1182596534,"a,c"
Shanghai,Projected_Area,502.8721,0.2076757997,"a,c"
Wuhan,Projected_Area,390.6203,-0.03372064233,"a,c"
Shanghai,Projected_Area,239.0065,-1.537291169,"a,c"
Shanghai,Projected_Area,181.5516,-2.136012793,"a,c"
Beijing,Projected_Area,115.0352,-1.992182016,"a,c"
Wuhan,Projected_Area,372.9122,0.05637998134,"a,c"
Shanghai,Projected_Area,319.4988,0.006798015442,"a,c"
Shanghai,Projected_Area,476.3334,0.3598293066,"a,c"
Shanghai,Projected_Area,427.3441,0.2254516929,"a,c"
Wuhan,Projected_Area,835.9149,0.5239593387,"a,c"
Shanghai,Projected_Area,497.6316,0.316842556,"a,c"
Shanghai,Projected_Area,234.5623,-1.035353303,"a,c"
Guangzhou,Projected_Area,95.4553,-1.142512441,"a,c"
Shanghai,Projected_Area,579.1323,0.01708495617,"a,c"
Guangzhou,Projected_Area,315.1656,-0.2329613119,"a,c"
Shanghai,Projected_Area,410.0002,0.1859806478,"a,c"
Guangzhou,Projected_Area,436.9948,0.1069048643,"a,c"
Shanghai,Projected_Area,159.3578,-1.975021124,"a,c"
Shanghai,Projected_Area,669.7615,0.3656439483,"a,c"
Shanghai,Projected_Area,255.0831,-0.671726644,"a,c"
Shanghai,Projected_Area,491.4534,0.2979953587,"a,c"
Guangzhou,Projected_Area,118.3143,-1.223083854,"a,c"
Beijing,Projected_Area,525.8626,0.02207872085,"a,c"
Wuhan,Projected_Area,285.7635,-0.3617922664,"a,c"
Shanghai,Projected_Area,222.4483,-1.496173978,"a,c"
Shanghai,Projected_Area,320.7503,0.07752755284,"a,c"
Beijing,Projected_Area,384.0894,0.05616726354,"a,c"
Beijing,Projected_Area,481.6504,0.2610330582,"a,c"
Shanghai,Projected_Area,448.4287,0.3380930722,"a,c"
Wuhan,Projected_Area,338.6424,-0.1704215705,"a,c"
Shanghai,Projected_Area,455.7915,0.3438236117,"a,c"
Beijing,Projected_Area,161.8582,-1.333000302,"a,c"
Guangzhou,Projected_Area,214.0877,-1.400923729,"a,c"
Shanghai,Projected_Area,546.1633,0.173750639,"a,c"
Wuhan,Projected_Area,361.8942,0.0467248857,"a,c"
Wuhan,Projected_Area,643.3519,0.4015946984,"a,c"
Guangzhou,Projected_Area,160.716,-1.69909656,"a,c"
Beijing,Projected_Area,637.4986,0.5399143696,"a,c"
Shanghai,Projected_Area,306.9599,-0.07492538542,"a,c"
Guangzhou,Projected_Area,168.9268,-1.418357015,"a,c"
Shanghai,Projected_Area,443.1256,0.2963604033,"a,c"
Beijing,Projected_Area,133.7972,-1.626862526,"a,c"
Shanghai,Projected_Area,123.7995,-1.582878709,"a,c"
Shanghai,Projected_Area,375.9742,0.03637751192,"a,c"
Shanghai,Projected_Area,787.4296,0.6634203792,"a,c"
Shanghai,Projected_Area,454.4191,0.3450105786,"a,c"
Shanghai,Projected_Area,348.7551,-0.01567790285,"a,c"
Shanghai,Projected_Area,821.0982,0.3805689216,"a,c"
Shanghai,Projected_Area,628.6084,0.113653183,"a,c"
Shanghai,Projected_Area,220.5728,-1.551922202,"a,c"
Wuhan,Projected_Area,218.403,-1.056202292,"a,c"
Beijing,Projected_Area,827.2942,0.5410804749,"a,c"
Guangzhou,Projected_Area,1346.0649,0.724296093,"a,c"
Beijing,Projected_Area,627.0426,0.5445183516,"a,c"
Guangzhou,Projected_Area,299.4608,-0.1673677415,"a,c"
Shanghai,Projected_Area,141.5171,-1.827155709,"a,c"
Wuhan,Projected_Area,402.1633,0.08547066152,"a,c"
Shanghai,Projected_Area,261.8262,-0.1852871329,"a,c"
Guangzhou,Projected_Area,122.6598,-1.335656166,"a,c"
Guangzhou,Projected_Area,508.2984,0.04555156454,"a,c"
Shanghai,Projected_Area,181.7651,-2.265927315,"a,c"
Guangzhou,Projected_Area,291.8836,-0.3422682285,"a,c"
Shanghai,Projected_Area,424.963,0.7958481312,"a,c"
Shanghai,Projected_Area,274.0698,-0.3548606038,"a,c"
Shanghai,Projected_Area,402.1593,0.1358737648,"a,c"
Wuhan,Projected_Area,763.1238,0.4418216348,"a,c"
Shanghai,Projected_Area,575.8389,-0.1086627021,"a,c"
Shanghai,Projected_Area,181.719,-2.054097652,"a,c"
Shanghai,Projected_Area,339.7968,-0.06490189582,"a,c"
Shanghai,Projected_Area,127.3369,-1.53230679,"a,c"
Beijing,Projected_Area,179.0591,-1.666117907,"a,c"
Shanghai,Projected_Area,217.7532,-1.799467444,"a,c"
Shanghai,Projected_Area,561.3921,-0.1774329096,"a,c"
Beijing,Projected_Area,608.0101,0.4071652889,"a,c"
Shanghai,Projected_Area,213.2497,-1.522503972,"a,c"
Shanghai,Projected_Area,558.4748,0.1072595194,"a,c"
Shanghai,Projected_Area,292.5383,-0.3187121451,"a,c"
Wuhan,Projected_Area,356.3405,-0.08588775992,"a,c"
Shanghai,Projected_Area,97.6163,-1.720309138,"a,c"
Shanghai,Projected_Area,435.8105,0.4261538684,"a,c"
Shanghai,Projected_Area,381.5539,0.04635182023,"a,c"
Shanghai,Projected_Area,300.1242,-0.2303742021,"a,c"
Shanghai,Projected_Area,679.4819,0.6067615151,"a,c"
Guangzhou,Projected_Area,289.0093,-0.2239104509,"a,c"
Wuhan,Projected_Area,634.6422,0.3225680292,"a,c"
Beijing,Projected_Area,258.9781,0.1543773711,"a,c"
Guangzhou,Projected_Area,310.17,0.01225530449,"a,c"
Shanghai,Projected_Area,109.2283,-1.359019876,"a,c"
Wuhan,Projected_Area,836.0659,0.5109497905,"a,c"
Shanghai,Projected_Area,360.1686,-0.09837507457,"a,c"
Beijing,Projected_Area,338.9345,0.002230029553,"a,c"
Beijing,Projected_Area,502.5993,-0.02160605974,"a,c"
Shanghai,Projected_Area,225.1503,-1.410815001,"a,c"
Wuhan,Projected_Area,922.0663,0.4982801378,"a,c"
Beijing,Projected_Area,395.3004,0.0136569012,"a,c"
Shanghai,Projected_Area,620.7941,0.3510013223,"a,c"
Guangzhou,Projected_Area,122.0138,-1.623885751,"a,c"
Shanghai,Projected_Area,249.0306,-0.7250880003,"a,c"
Shanghai,Projected_Area,90.8974,-1.326326966,"a,c"
Shanghai,Projected_Area,779.5843,0.6870458126,"a,c"
Wuhan,Projected_Area,120.5334,-1.463785052,"a,c"
Shanghai,Projected_Area,385.07,0.0003092350671,"a,c"
Guangzhou,Projected_Area,328.7631,-0.02462183312,"a,c"
Shanghai,Projected_Area,706.1604,0.5931167603,"a,c"
Wuhan,Projected_Area,546.6947,0.07082369179,"a,c"
Shanghai,Projected_Area,416.9043,0.03834351152,"a,c"
Beijing,Projected_Area,970.1705,0.3762560189,"a,c"
Shanghai,Projected_Area,438.8745,0.3366781473,"a,c"
Shanghai,Projected_Area,702.7562,0.2562033236,"a,c"
Wuhan,Projected_Area,363.01,0.04909313843,"a,c"
Wuhan,Projected_Area,138.0205,-1.388147354,"a,c"
Guangzhou,Projected_Area,132.5544,-1.268941402,"a,c"
Shanghai,Projected_Area,614.5218,0.4828033149,"a,c"
Shanghai,Projected_Area,206.1106,-1.597506166,"a,c"
Shanghai,Projected_Area,271.0951,-0.3958070576,"a,c"
Shanghai,Projected_Area,443.9451,0.3660619557,"a,c"
Shanghai,Projected_Area,122.5697,-1.864574432,"a,c"
Wuhan,Projected_Area,480.1751,0.1892896891,"a,c"
Wuhan,Projected_Area,749.1354,0.7286555171,"a,c"
Shanghai,Projected_Area,1215.9121,0.7427589893,"a,c"
Shanghai,Projected_Area,447.1229,0.3549527824,"a,c"
Shanghai,Projected_Area,497.0122,0.1097102985,"a,c"
Shanghai,Projected_Area,230.361,-1.590240479,"a,c"
Shanghai,Projected_Area,482.3288,0.2683893442,"a,c"
Beijing,Projected_Area,411.2559,-0.05679924786,"a,c"
Wuhan,Projected_Area,224.4572,-0.9065753222,"a,c"
Guangzhou,Projected_Area,288.7553,-0.1867456436,"a,c"
Shanghai,Projected_Area,662.5703,0.4522923827,"a,c"
Beijing,Projected_Area,269.258,-0.237219587,"a,c"
Shanghai,Projected_Area,174.1847,-1.914449692,"a,c"
Beijing,Projected_Area,507.4579,0.1936192662,"a,c"
Shanghai,Projected_Area,212.8953,-1.448858738,"a,c"
Wuhan,Projected_Area,592.7733,0.21908921,"a,c"
Shanghai,Projected_Area,547.006,0.00351017667,"a,c"
Guangzhou,Projected_Area,1123.4597,0.996157527,"a,c"
Shanghai,Projected_Area,131.8584,-1.84959209,"a,c"
Shanghai,Projected_Area,1176.2617,0.6673127413,"a,c"
Shanghai,Projected_Area,687.4425,0.6230859756,"a,c"
Shanghai,Projected_Area,741.872,0.4539411962,"a,c"
Beijing,Projected_Area,1149.935,0.7086368203,"a,c"
Beijing,Projected_Area,229.9947,-1.057021856,"a,c"
Shanghai,Projected_Area,337.8821,-0.1465637237,"a,c"
Shanghai,Projected_Area,133.6277,-1.723918676,"a,c"
Wuhan,Projected_Area,452.4278,0.2966252863,"a,c"
Shanghai,Projected_Area,579.5543,-0.1235362589,"a,c"
Guangzhou,Projected_Area,1224.6337,0.5420788527,"a,c"
Shanghai,Projected_Area,613.5781,0.5443556309,"a,c"
Beijing,Projected_Area,996.3324,0.2677211761,"a,c"
Guangzhou,Projected_Area,290.2464,-0.1877544373,"a,c"
Shanghai,Projected_Area,301.5402,-0.04411133751,"a,c"
Shanghai,Projected_Area,241.2216,-1.624505997,"a,c"
Shanghai,Projected_Area,194.7188,-1.868797779,"a,c"
Shanghai,Projected_Area,511.2522,0.06636339426,"a,c"
Shanghai,Projected_Area,407.7831,0.2197551727,"a,c"
Shanghai,Projected_Area,251.9751,-0.7636762857,"a,c"
Wuhan,Projected_Area,459.5705,0.2375174016,"a,c"
Wuhan,Projected_Area,910.6123,0.5453231335,"a,c"
Guangzhou,Projected_Area,601.2487,0.3116301596,"a,c"
Shanghai,Projected_Area,201.0826,-0.9875131845,"a,c"
Guangzhou,Projected_Area,1022.9998,0.4347305596,"a,c"
Guangzhou,Projected_Area,92.9158,-1.261293173,"a,c"
Guangzhou,Projected_Area,123.7666,-1.444412589,"a,c"
Wuhan,Projected_Area,967.4784,0.5173265934,"a,c"
Wuhan,Projected_Area,479.7831,0.07257305086,"a,c"
Shanghai,Projected_Area,340.935,-0.07855244726,"a,c"
Shanghai,Projected_Area,531.8225,0.04710396379,"a,c"
Beijing,Projected_Area,320.126,0.02978104167,"a,c"
Shanghai,Projected_Area,180.8399,-1.771271229,"a,c"
Wuhan,Projected_Area,644.5391,0.3529901803,"a,c"
Shanghai,Projected_Area,116.4752,-1.49549222,"a,c"
Shanghai,Projected_Area,407.9712,0.09981808811,"a,c"
Shanghai,Projected_Area,228.3301,-1.458836436,"a,c"
Shanghai,Projected_Area,434.308,0.1655440778,"a,c"
Guangzhou,Projected_Area,186.5539,-1.699324965,"a,c"
Beijing,Projected_Area,204.1901,-0.06681231409,"a,c"
Shanghai,Projected_Area,171.2053,-1.805892706,"a,c"
Beijing,Projected_Area,1292.8058,0.7874162197,"a,c"
Shanghai,Projected_Area,1428.5602,0.7194752693,"a,c"
Shanghai,Projected_Area,167.1989,-1.930042505,"a,c"
Shanghai,Projected_Area,1087.5948,0.7902734876,"a,c"
Guangzhou,Projected_Area,1349.7433,0.5714720488,"a,c"
Wuhan,Projected_Area,362.0406,-0.2041347027,"a,c"
Shanghai,Projected_Area,196.0265,-2.036061287,"a,c"
Beijing,Projected_Area,654.6239,0.5163109899,"a,c"
Shanghai,Projected_Area,137.7395,-1.019835591,"a,c"
Wuhan,Projected_Area,471.1606,0.2355149388,"a,c"
Wuhan,Projected_Area,221.1648,-0.9239468575,"a,c"
Wuhan,Projected_Area,184.6193,-1.588354707,"a,c"
Shanghai,Projected_Area,558.1886,-0.03634408489,"a,c"
Guangzhou,Projected_Area,800.7278,1.100184798,"a,c"
Beijing,Projected_Area,763.3981,0.4671000242,"a,c"
Shanghai,Projected_Area,633.224,0.5823327899,"a,c"
Wuhan,Projected_Area,138.7739,-1.61437428,"a,c"
Shanghai,Projected_Area,465.4976,0.3338724077,"a,c"
Wuhan,Projected_Area,256.4221,-0.279789567,"a,c"
Shanghai,Projected_Area,981.7448,0.28611359,"a,c"
Wuhan,Projected_Area,865.2914,0.4614366591,"a,c"
Wuhan,Projected_Area,94.3117,-1.30038774,"a,c"
Shanghai,Projected_Area,153.5264,-1.771846652,"a,c"
Wuhan,Projected_Area,571.0919,-0.02661898546,"a,c"
Wuhan,Projected_Area,323.347,-0.1182015091,"a,c"
Shanghai,Projected_Area,91.1814,-1.363853693,"a,c"
Shanghai,Projected_Area,464.5724,0.4430702925,"a,c"
Shanghai,Projected_Area,386.3245,0.1110575125,"a,c"
Wuhan,Projected_Area,111.6621,-1.572233558,"a,c"
Guangzhou,Projected_Area,251.6089,-0.5225686431,"a,c"
Shanghai,Projected_Area,218.5247,-1.505146503,"a,c"
Shanghai,Projected_Area,130.8175,-1.704302311,"a,c"
Shanghai,Projected_Area,406.3787,0.4057444334,"a,c"
Guangzhou,Projected_Area,265.7868,-0.232633993,"a,c"
Wuhan,Projected_Area,335.8753,-0.1751447618,"a,c"
Wuhan,Projected_Area,292.7753,-0.1830379218,"a,c"
Beijing,Projected_Area,515.9072,-0.124448061,"a,c"
Shanghai,Projected_Area,232.3374,-1.407417059,"a,c"
Guangzhou,Projected_Area,178.6967,-1.750879526,"a,c"
Beijing,Projected_Area,705.2209,0.209089607,"a,c"
Wuhan,Projected_Area,160.8726,-1.211503148,"a,c"
Wuhan,Projected_Area,1094.6506,0.5782578588,"a,c"
Shanghai,Projected_Area,130.9395,-1.870325565,"a,c"
Guangzhou,Projected_Area,99.0821,-1.399558067,"a,c"
Guangzhou,Projected_Area,462.5131,0.1216190234,"a,c"
Wuhan,Projected_Area,141.1953,-1.086224675,"a,c"
Shanghai,Projected_Area,100.8689,-1.477403998,"a,c"
Shanghai,Projected_Area,206.6804,-1.171521068,"a,c"
Shanghai,Projected_Area,347.4378,0.07370249927,"a,c"
Shanghai,Projected_Area,812.0541,0.2864353359,"a,c"
Guangzhou,Projected_Area,581.4322,0.01630382985,"a,c"
Shanghai,Projected_Area,369.623,-0.1461198628,"a,c"
Shanghai,Projected_Area,410.1969,-0.05607323721,"a,c"
Shanghai,Projected_Area,345.0641,0.08654680103,"a,c"
Shanghai,Projected_Area,659.2622,0.2512044609,"a,c"
Guangzhou,Projected_Area,92.1619,-1.341359854,"a,c"
Shanghai,Projected_Area,415.7151,0.1712055355,"a,c"
Guangzhou,Projected_Area,172.0928,-1.642777085,"a,c"
Shanghai,Projected_Area,336.4378,-0.02619678713,"a,c"
Shanghai,Projected_Area,529.1789,0.09214223921,"a,c"
Shanghai,Projected_Area,100.54,-1.58458817,"a,c"
Shanghai,Projected_Area,326.099,0.008735380135,"a,c"
Shanghai,Projected_Area,626.9119,0.5208511353,"a,c"
Guangzhou,Projected_Area,898.3955,0.2393715531,"a,c"
Shanghai,Projected_Area,189.6573,-1.649475455,"a,c"
Shanghai,Projected_Area,246.7526,-1.067361236,"a,c"
Guangzhou,Projected_Area,173.4819,-1.676051855,"a,c"
Shanghai,Projected_Area,145.0264,-1.992726207,"a,c"
Shanghai,Projected_Area,284.8075,-0.2579384148,"a,c"
Beijing,Projected_Area,115.8821,-1.863419771,"a,c"
Shanghai,Projected_Area,109.8702,-1.961667657,"a,c"
Shanghai,Projected_Area,510.1921,0.1341277361,"a,c"
Shanghai,Projected_Area,416.2728,0.03556383401,"a,c"
Shanghai,Projected_Area,175.9452,-0.8946757317,"a,c"
Beijing,Projected_Area,156.7073,-1.785922647,"a,c"
Guangzhou,Projected_Area,105.8036,-1.201300263,"a,c"
Shanghai,Projected_Area,146.6905,-2.035260439,"a,c"
Wuhan,Projected_Area,605.2872,0.4387208819,"a,c"
Shanghai,Projected_Area,162.5377,-1.905019045,"a,c"
Wuhan,Projected_Area,846.5723,0.7813415527,"a,c"
Wuhan,Projected_Area,887.7415,0.5587365031,"a,c"
Shanghai,Projected_Area,543.5436,0.2354763597,"a,c"
Wuhan,Projected_Area,126.5812,-1.521137714,"a,c"
Shanghai,Projected_Area,269.8382,-0.2566587031,"a,c"
Shanghai,Projected_Area,141.3995,-1.367076516,"a,c"
Wuhan,Projected_Area,317.3149,-0.01529509015,"a,c"
Shanghai,Projected_Area,898.9178,0.2712339461,"a,c"
Shanghai,Projected_Area,199.4077,-1.100624084,"a,c"
Wuhan,Projected_Area,321.712,0.05844612792,"a,c"
Shanghai,Projected_Area,135.8964,-1.925420761,"a,c"
Shanghai,Projected_Area,343.7636,-0.01342193037,"a,c"
Guangzhou,Projected_Area,117.0267,-0.9838946462,"a,c"
Shanghai,Projected_Area,377.1998,-0.05954777077,"a,c"
Wuhan,Projected_Area,331.1149,-0.1171313748,"a,c"
Shanghai,Projected_Area,493.0375,0.3158372045,"a,c"
Wuhan,Projected_Area,537.5278,-0.003619438037,"a,c"
Wuhan,Projected_Area,171.5646,-1.574783921,"a,c"
Shanghai,Projected_Area,167.869,-1.969665766,"a,c"
Shanghai,Projected_Area,311.7096,0.08258256316,"a,c"
Wuhan,Projected_Area,378.3801,0.03768963367,"a,c"
Shanghai,Projected_Area,246.9206,-1.254713297,"a,c"
Shanghai,Projected_Area,514.3967,0.05495256558,"a,c"
Wuhan,Projected_Area,101.1497,-2.02183342,"a,c"
Shanghai,Projected_Area,218.8869,-1.153817892,"a,c"
Shanghai,Projected_Area,364.4511,-0.02151735313,"a,c"
Shanghai,Projected_Area,445.5488,0.3527711928,"a,c"
Guangzhou,Projected_Area,161.3757,-1.561175704,"a,c"
Shanghai,Projected_Area,241.6381,-1.592132568,"a,c"
Guangzhou,Projected_Area,411.7123,-0.01557083707,"a,c"
Wuhan,Projected_Area,178.0652,-1.837918162,"a,c"
Guangzhou,Projected_Area,422.2178,0.1507818103,"a,c"
Shanghai,Projected_Area,454.4494,0.3294360638,"a,c"
Beijing,Projected_Area,548.1564,0.003940667026,"a,c"
Beijing,Projected_Area,408.0604,-0.01673581451,"a,c"
Shanghai,Projected_Area,533.3405,0.1417963505,"a,c"
Shanghai,Projected_Area,87.8328,-1.58536005,"a,c"
Guangzhou,Projected_Area,326.3662,-0.1526709646,"a,c"
Guangzhou,Projected_Area,102.5515,-1.471602917,"a,c"
Beijing,Projected_Area,243.5909,-1.02580905,"a,c"
Shanghai,Projected_Area,466.2343,0.2644384503,"a,c"
Wuhan,Projected_Area,583.0624,0.05614754185,"a,c"
Shanghai,Projected_Area,387.9596,0.1790696234,"a,c"
Shanghai,Projected_Area,599.5544,0.5037295222,"a,c"
Wuhan,Projected_Area,169.1892,-1.315019488,"a,c"
Shanghai,Projected_Area,434.0645,0.441711098,"a,c"
Guangzhou,Projected_Area,384.9483,-0.01807725802,"a,c"
Beijing,Projected_Area,188.2314,-2.151598454,"a,c"
Shanghai,Projected_Area,188.4852,-1.903928518,"a,c"
Wuhan,Projected_Area,137.9535,-1.684504628,"a,c"
Shanghai,Projected_Area,297.9709,-0.2081744671,"a,c"
Shanghai,Projected_Area,201.2174,-0.9285082221,"a,c"
Shanghai,Projected_Area,241.1196,-0.9854841232,"a,c"
Shanghai,Projected_Area,445.3021,-0.0331409499,"a,c"
Shanghai,Projected_Area,577.5431,0.002235664753,"a,c"
Shanghai,Projected_Area,444.6773,0.1453939974,"a,c"
Shanghai,Projected_Area,291.3071,-0.2130955309,"a,c"
Wuhan,Projected_Area,402.7748,0.03706111386,"a,c"
Wuhan,Projected_Area,120.8827,-1.790438056,"a,c"
Shanghai,Projected_Area,507.5047,0.03881876916,"a,c"
Shanghai,Projected_Area,465.2951,0.4364841282,"a,c"
Wuhan,Projected_Area,495.8184,0.07382057607,"a,c"
Guangzhou,Projected_Area,155.7507,-1.634424329,"a,c"
Shanghai,Projected_Area,245.2814,-1.330495834,"a,c"
Beijing,Projected_Area,110.9801,-1.584382176,"a,c"
Shanghai,Projected_Area,196.9223,-0.9913938642,"a,c"
Shanghai,Projected_Area,281.8154,-0.3385800421,"a,c"
Wuhan,Projected_Area,549.5567,-0.07135786116,"a,c"
Shanghai,Projected_Area,121.7738,-1.227667451,"a,c"
Shanghai,Projected_Area,534.6712,0.167711556,"a,c"
Shanghai,Projected_Area,307.2081,-0.2091547847,"a,c"
Shanghai,Projected_Area,196.1344,-1.937744617,"a,c"
Shanghai,Projected_Area,355.4963,0.1199284121,"a,c"
Beijing,Projected_Area,193.5797,-1.646480322,"a,c"
Shanghai,Projected_Area,809.2973,0.8018761277,"a,c"
Wuhan,Projected_Area,230.9677,-1.457301855,"a,c"
Wuhan,Projected_Area,365.6392,-0.2085821927,"a,c"
Shanghai,Projected_Area,328.0701,0.0838708207,"a,c"
Shanghai,Projected_Area,650.8638,0.3035877943,"a,c"
Shanghai,Projected_Area,436.2644,0.3639467359,"a,c"
Shanghai,Projected_Area,526.2728,0.006285315845,"a,c"
Wuhan,Projected_Area,243.3947,-1.009409547,"a,c"
Guangzhou,Projected_Area,124.7222,-1.089913487,"a,c"
Shanghai,Projected_Area,175.0393,-1.713148952,"a,c"
Shanghai,Projected_Area,1215.8527,1.00406146,"a,c"
Beijing,Projected_Area,93.1219,-1.939066172,"a,c"
Shanghai,Projected_Area,113.8628,-1.87569809,"a,c"
Beijing,Projected_Area,166.2751,-1.999210238,"a,c"
Wuhan,Projected_Area,606.4424,0.4485944808,"a,c"
Shanghai,Projected_Area,556.545,0.07660531998,"a,c"
Beijing,Projected_Area,168.3283,-2.236693859,"a,c"
Shanghai,Projected_Area,675.5677,0.6024551988,"a,c"
Wuhan,Projected_Area,676.7468,0.1898746789,"a,c"
Beijing,Projected_Area,553.0083,0.05041673407,"a,c"
Shanghai,Projected_Area,715.3126,0.6972962022,"a,c"
Beijing,Projected_Area,1182.6512,0.7446191907,"a,c"
Beijing,Projected_Area,808.0258,1.381861091,"a,c"
Beijing,Projected_Area,428.8468,0.3188653886,"a,c"
Shanghai,Projected_Area,231.4595,-1.471039057,"a,c"
Beijing,Projected_Area,272.9708,-0.3992612362,"a,c"
Wuhan,Projected_Area,425.7454,0.3245996237,"a,c"
Guangzhou,Projected_Area,259.7081,0.1677420586,"a,c"
Beijing,Projected_Area,787.5252,0.685221076,"a,c"
Shanghai,Projected_Area,679.8545,0.4166434407,"a,c"
Wuhan,Projected_Area,1422.9925,0.9267732501,"a,c"
Wuhan,Projected_Area,289.1526,-0.2507517338,"a,c"
Wuhan,Projected_Area,444.1905,0.4123195708,"a,c"
Shanghai,Projected_Area,383.5391,0.2279880643,"a,c"
Wuhan,Projected_Area,523.7889,-0.06408252567,"a,c"
Shanghai,Projected_Area,373.0641,0.1237950921,"a,c"
Shanghai,Projected_Area,199.0393,-0.6271400452,"a,c"
Wuhan,Projected_Area,324.2835,-0.01285700779,"a,c"
Shanghai,Projected_Area,476.8941,0.3113328815,"a,c"
Beijing,Projected_Area,507.4146,0.1507819593,"a,c"
Shanghai,Projected_Area,160.8589,-1.854575157,"a,c"
Wuhan,Projected_Area,603.2667,0.3857904077,"a,c"
Shanghai,Projected_Area,922.5969,0.3312708735,"a,c"
Wuhan,Projected_Area,673.0075,0.4473641813,"a,c"
Wuhan,Projected_Area,341.416,-0.1649944782,"a,c"
Shanghai,Projected_Area,423.2491,0.1465650201,"a,c"
Shanghai,Projected_Area,381.5747,0.1199530959,"a,c"
Shanghai,Projected_Area,1267.4445,0.7812603712,"a,c"
Wuhan,Projected_Area,772.7976,0.4300971031,"a,c"
Wuhan,Projected_Area,536.1075,0.02943318337,"a,c"
Guangzhou,Projected_Area,249.3879,-0.7363597751,"a,c"
Shanghai,Projected_Area,283.2368,-0.1840599477,"a,c"
Wuhan,Projected_Area,1195.5539,0.4749285281,"a,c"
Shanghai,Projected_Area,239.787,-1.09416759,"a,c"
Shanghai,Projected_Area,420.1868,0.1176848635,"a,c"
Guangzhou,Projected_Area,198.7685,-0.8578540683,"a,c"
Shanghai,Projected_Area,170.7481,-2.249117613,"a,c"
Shanghai,Projected_Area,448.138,0.4166626334,"a,c"
Shanghai,Projected_Area,397.5648,-0.04013612494,"a,c"
Wuhan,Projected_Area,416.4861,0.090691939,"a,c"
Shanghai,Projected_Area,260.5515,0.2715125084,"a,c"
Beijing,Projected_Area,622.59,0.4015795588,"a,c"
Shanghai,Projected_Area,311.164,0.06765146554,"a,c"
Shanghai,Projected_Area,302.9676,-0.07726314664,"a,c"
Guangzhou,Projected_Area,471.4528,0.0765632838,"a,c"
Beijing,Projected_Area,189.7998,-2.009083033,"a,c"
Shanghai,Projected_Area,973.2365,0.3026211262,"a,c"
Beijing,Projected_Area,280.7568,-0.1719170958,"a,c"
Shanghai,Projected_Area,687.5378,0.5492825508,"a,c"
Beijing,Projected_Area,1036.2643,0.6048697233,"a,c"
Shanghai,Projected_Area,694.7607,0.6613770723,"a,c"
Shanghai,Projected_Area,214.2275,-1.574084163,"a,c"
Shanghai,Projected_Area,469.4829,0.2296843082,"a,c"
Shanghai,Projected_Area,554.1041,-0.1146876439,"a,c"
Shanghai,Projected_Area,407.3918,-0.003593566129,"a,c"
Shanghai,Projected_Area,471.0584,0.2470160872,"a,c"
Shanghai,Projected_Area,421.1132,0.08162771165,"a,c"
Shanghai,Projected_Area,518.5241,0.1384405494,"a,c"
Guangzhou,Projected_Area,1253.7963,0.8387938142,"a,c"
Shanghai,Projected_Area,286.1122,-0.3225291669,"a,c"
Beijing,Projected_Area,171.4693,-1.759564042,"a,c"
Shanghai,Projected_Area,152.7107,-1.839906454,"a,c"
Shanghai,Projected_Area,293.4723,-0.07957913727,"a,c"
Shanghai,Projected_Area,263.079,-0.01118065231,"a,c"
Shanghai,Projected_Area,131.8262,-1.691937923,"a,c"
Wuhan,Projected_Area,141.7976,-0.6293186545,"a,c"
Beijing,Projected_Area,397.7993,-0.09663058817,"a,c"
Shanghai,Projected_Area,380.2505,0.159631446,"a,c"
Wuhan,Projected_Area,214.8934,-1.318288565,"a,c"
Shanghai,Projected_Area,462.3686,0.2324053198,"a,c"
Shanghai,Projected_Area,341.1848,-0.05571986735,"a,c"
Shanghai,Projected_Area,608.3219,0.2985886633,"a,c"
Shanghai,Projected_Area,107.0524,-1.606089115,"a,c"
Wuhan,Projected_Area,233.4417,-1.547177911,"a,c"
Wuhan,Projected_Area,783.2926,0.5128201246,"a,c"
Beijing,Projected_Area,747.8444,0.7637601495,"a,c"
Beijing,Projected_Area,584.6722,-0.0515124239,"a,c"
Wuhan,Projected_Area,486.2323,0.03406127915,"a,c"
Shanghai,Projected_Area,347.3289,0.0743380785,"a,c"
Wuhan,Projected_Area,309.8519,-0.09957972914,"a,c"
Shanghai,Projected_Area,296.3084,-0.1818001866,"a,c"
Guangzhou,Projected_Area,206.311,-1.382414579,"a,c"
Shanghai,Projected_Area,376.6995,0.04752157629,"a,c"
Wuhan,Projected_Area,181.8641,-2.173326731,"a,c"
Beijing,Projected_Area,631.8036,0.7357347012,"a,c"
Shanghai,Projected_Area,288.4628,-0.2069173306,"a,c"
Shanghai,Projected_Area,338.4428,0.06300276518,"a,c"
Shanghai,Projected_Area,181.1226,-2.074538469,"a,c"
Shanghai,Projected_Area,236.2975,-1.265119314,"a,c"
Shanghai,Projected_Area,316.8482,0.01410065498,"a,c"
Beijing,Projected_Area,425.6175,0.6202490926,"a,c"
Shanghai,Projected_Area,185.8825,-2.026147604,"a,c"
Shanghai,Projected_Area,864.534,0.4214351475,"a,c"
Guangzhou,Projected_Area,100.275,-1.528565288,"a,c"
Shanghai,Projected_Area,220.3343,-1.416928768,"a,c"
Shanghai,Projected_Area,1473.8945,0.7150245905,"a,c"
Shanghai,Projected_Area,481.8545,0.1579738259,"a,c"
Wuhan,Projected_Area,784.9273,0.5089620948,"a,c"
Beijing,Projected_Area,94.033,-1.11636126,"a,c"
Shanghai,Projected_Area,291.6435,-0.1697413921,"a,c"
Wuhan,Projected_Area,269.3347,-0.3047319055,"a,c"
Shanghai,Projected_Area,803.9542,0.9626139998,"a,c"
Shanghai,Projected_Area,430.9074,0.4789536893,"a,c"
Guangzhou,Projected_Area,173.2807,-1.918061256,"a,c"
Guangzhou,Projected_Area,118.2919,-1.231563091,"a,c"
Shanghai,Projected_Area,145.7397,-2.011898994,"a,c"
Shanghai,Projected_Area,341.2605,0.02841068804,"a,c"
Shanghai,Projected_Area,92.7116,-1.050380945,"a,c"
Shanghai,Projected_Area,307.3947,0.08513163775,"a,c"
Shanghai,Projected_Area,203.044,-0.5889679193,"a,c"
Shanghai,Projected_Area,111.9925,-1.058326244,"a,c"
Shanghai,Projected_Area,209.1649,-1.648296595,"a,c"
Shanghai,Projected_Area,161.2596,-2.233581066,"a,c"
Shanghai,Projected_Area,108.7209,-1.552219152,"a,c"
Shanghai,Projected_Area,511.356,0.1475865245,"a,c"
Wuhan,Projected_Area,602.7889,0.2725304067,"a,c"
Shanghai,Projected_Area,353.7508,0.0117020281,"a,c"
Guangzhou,Projected_Area,355.1976,-0.1603514999,"a,c"
Guangzhou,Projected_Area,394.5965,-0.03372656181,"a,c"
Shanghai,Projected_Area,89.0122,-1.476056218,"a,c"
Wuhan,Projected_Area,437.2314,0.1346566379,"a,c"
Guangzhou,Projected_Area,359.1981,0.1233469099,"a,c"
Wuhan,Projected_Area,233.4733,-0.7636479139,"a,c"
Wuhan,Projected_Area,422.0802,0.2125975937,"a,c"
Wuhan,Projected_Area,327.7364,-0.005865351297,"a,c"
Wuhan,Projected_Area,695.3738,0.3848280907,"a,c"
Shanghai,Projected_Area,208.5717,-0.8056129813,"a,c"
Shanghai,Projected_Area,486.2509,0.2747816443,"a,c"
Guangzhou,Projected_Area,1092.4815,0.571115315,"a,c"
Shanghai,Projected_Area,206.4015,-1.180248499,"a,c"
Shanghai,Projected_Area,970.9643,0.3736782372,"a,c"
Guangzhou,Projected_Area,182.545,-1.585720778,"a,c"
Beijing,Projected_Area,630.1412,0.463247478,"a,c"
Wuhan,Projected_Area,284.2271,-0.3206296861,"a,c"
Shanghai,Projected_Area,153.8992,-2.018437862,"a,c"
Guangzhou,Projected_Area,440.3627,0.05091450363,"a,c"
Wuhan,Projected_Area,527.6904,-0.03778202832,"a,c"
Beijing,Projected_Area,308.3592,0.1655997634,"a,c"
Shanghai,Projected_Area,257.1568,-0.02401479147,"a,c"
Shanghai,Projected_Area,140.696,-2.114885569,"a,c"
Shanghai,Projected_Area,127.4157,-1.543542385,"a,c"
Shanghai,Projected_Area,733.875,0.4464578927,"a,c"
Shanghai,Projected_Area,289.8568,-0.3145774603,"a,c"
Shanghai,Projected_Area,334.394,0.01024015155,"a,c"
Shanghai,Projected_Area,264.7998,-0.08015164733,"a,c"
Beijing,Projected_Area,442.7757,0.1292210519,"a,c"
Beijing,Projected_Area,517.5564,0.005141791422,"a,c"
Shanghai,Projected_Area,359.0018,0.03461277112,"a,c"
Shanghai,Projected_Area,281.7196,0.08132657409,"a,c"
Guangzhou,Projected_Area,170.088,-1.498331904,"a,c"
Shanghai,Projected_Area,442.445,0.2519540787,"a,c"
Shanghai,Projected_Area,560.6484,0.08575066179,"a,c"
Shanghai,Projected_Area,463.5253,0.07305080444,"a,c"
Shanghai,Projected_Area,517.7336,0.1627623737,"a,c"
Shanghai,Projected_Area,617.1932,0.3985905647,"a,c"
Wuhan,Projected_Area,934.3939,0.4556732178,"a,c"
Beijing,Projected_Area,184.0008,-2.129972219,"a,c"
Guangzhou,Projected_Area,463.4172,0.1245237812,"a,c"
Shanghai,Projected_Area,140.956,-1.801547647,"a,c"
Shanghai,Projected_Area,547.7454,0.08537464589,"a,c"
Shanghai,Projected_Area,454.0959,0.1716136485,"a,c"
Shanghai,Projected_Area,562.1258,0.02505800128,"a,c"
Beijing,Projected_Area,203.3315,-0.2437355518,"a,c"
Shanghai,Projected_Area,142.6701,-1.701942325,"a,c"
Shanghai,Projected_Area,182.2245,-1.867779613,"a,c"
Shanghai,Projected_Area,706.2442,0.5615378022,"a,c"
Shanghai,Projected_Area,425.0653,0.7252382636,"a,c"
Shanghai,Projected_Area,752.2992,0.4156071842,"a,c"
Shanghai,Projected_Area,193.4829,-1.988080263,"a,c"
Guangzhou,Projected_Area,480.0653,0.1433081776,"a,c"
Shanghai,Projected_Area,122.5154,-1.532577515,"a,c"
Wuhan,Projected_Area,187.2879,-1.412592173,"a,c"
Shanghai,Projected_Area,398.0274,0.02413455769,"a,c"
Shanghai,Projected_Area,254.2557,-0.8045737743,"a,c"
Shanghai,Projected_Area,451.084,0.2263129652,"a,c"
Wuhan,Projected_Area,551.9544,-0.01491564419,"a,c"
Shanghai,Projected_Area,370.3111,-0.09521804005,"a,c"
Wuhan,Projected_Area,237.6908,-1.235325575,"a,c"
Shanghai,Projected_Area,821.7783,0.7000957131,"a,c"
Shanghai,Projected_Area,498.5968,0.3789158762,"a,c"
Shanghai,Projected_Area,401.9587,0.04050672799,"a,c"
Shanghai,Projected_Area,444.729,0.3100476265,"a,c"
Shanghai,Projected_Area,95.4647,-1.756992102,"a,c"
Wuhan,Projected_Area,471.8721,0.1946894228,"a,c"
Shanghai,Projected_Area,146.9355,-1.926142454,"a,c"
Wuhan,Projected_Area,321.7819,-0.2120021731,"a,c"
Shanghai,Projected_Area,522.4503,0.2235233933,"a,c"
Wuhan,Projected_Area,298.4708,-0.3738034666,"a,c"
Wuhan,Projected_Area,476.7454,0.3837984204,"a,c"
Guangzhou,Projected_Area,725.0496,0.35067752,"a,c"
Shanghai,Projected_Area,409.4605,0.09712512791,"a,c"
Shanghai,Projected_Area,825.8341,0.4290992022,"a,c"
Shanghai,Projected_Area,356.541,0.104773961,"a,c"
Shanghai,Projected_Area,133.7508,-1.957819581,"a,c"
Shanghai,Projected_Area,422.2113,0.2287226319,"a,c"
Shanghai,Projected_Area,209.0862,-1.228800297,"a,c"
Shanghai,Projected_Area,415.3221,0.0743856132,"a,c"
Shanghai,Projected_Area,739.0673,0.4293323457,"a,c"
Shanghai,Projected_Area,227.8565,-1.472988844,"a,c"
Shanghai,Projected_Area,504.1029,0.3227407932,"a,c"
Wuhan,Projected_Area,358.47,-0.1106183007,"a,c"
Beijing,Projected_Area,808.9986,1.10646832,"a,c"
Shanghai,Projected_Area,546.4212,0.2907482386,"a,c"
Beijing,Projected_Area,247.6252,-0.4975124002,"a,c"
Shanghai,Projected_Area,81.7787,-1.462720275,"a,c"
Shanghai,Projected_Area,753.571,0.5079988837,"a,c"
Guangzhou,Projected_Area,418.8368,0.01221940108,"a,c"
Shanghai,Projected_Area,184.2843,-2.288568258,"a,c"
Shanghai,Projected_Area,415.4162,0.2783195674,"a,c"
Shanghai,Projected_Area,157.4799,-1.113735557,"a,c"
Wuhan,Projected_Area,743.7701,0.4418402314,"a,c"
Shanghai,Projected_Area,86.0257,-1.719109416,"a,c"
Shanghai,Projected_Area,147.3596,-1.77831912,"a,c"
Shanghai,Projected_Area,521.0365,0.001594811911,"a,c"
Shanghai,Projected_Area,134.7381,-2.09266901,"a,c"
Shanghai,Projected_Area,395.1526,0.04104834795,"a,c"
Shanghai,Projected_Area,420.9416,-0.02293807827,"a,c"
Shanghai,Projected_Area,421.1142,0.1771793664,"a,c"
Shanghai,Projected_Area,165.365,-1.623788357,"a,c"
Shanghai,Projected_Area,161.5002,-2.104642868,"a,c"
Beijing,Projected_Area,1401.5475,0.9508447647,"a,c"
Shanghai,Projected_Area,407.6419,0.09242977947,"a,c"
Shanghai,Projected_Area,432.2639,0.2474714071,"a,c"
Shanghai,Projected_Area,296.3061,-0.1835078001,"a,c"
Shanghai,Projected_Area,162.3448,-2.167762995,"a,c"
Shanghai,Projected_Area,199.59,-0.7831673622,"a,c"
Shanghai,Projected_Area,238.4671,-1.397926211,"a,c"
Shanghai,Projected_Area,816.4245,0.6700575352,"a,c"
Shanghai,Projected_Area,814.8245,0.7238013744,"a,c"
Shanghai,Projected_Area,321.4727,-0.1726872623,"a,c"
Beijing,Projected_Area,857.6144,0.5342124104,"a,c"
Shanghai,Projected_Area,214.9778,-1.343075752,"a,c"
Shanghai,Projected_Area,540.7682,0.06436689198,"a,c"
Shanghai,Projected_Area,506.0376,0.4690608978,"a,c"
Shanghai,Projected_Area,352.6282,-0.1055976152,"a,c"
Guangzhou,Projected_Area,477.8894,0.3195177913,"a,c"
Wuhan,Projected_Area,497.1036,0.2551391125,"a,c"
Wuhan,Projected_Area,461.1062,0.2711821795,"a,c"
Shanghai,Projected_Area,85.7924,-1.013169646,"a,c"
Shanghai,Projected_Area,246.3953,-1.505226731,"a,c"
Beijing,Projected_Area,315.8544,0.1658252329,"a,c"
Wuhan,Projected_Area,584.803,-0.01292519271,"a,c"
Shanghai,Projected_Area,352.2617,0.01174377464,"a,c"
Shanghai,Projected_Area,257.7685,-0.4293956459,"a,c"
Beijing,Projected_Area,884.22,0.2506448925,"a,c"
Shanghai,Projected_Area,217.6469,-1.741538763,"a,c"
Shanghai,Projected_Area,453.8167,0.2084349841,"a,c"
Shanghai,Projected_Area,354.8885,-0.03155058622,"a,c"
Shanghai,Projected_Area,304.2041,-0.1780925244,"a,c"
Shanghai,Projected_Area,347.3087,0.0127965305,"a,c"
Wuhan,Projected_Area,746.0528,0.4438868761,"a,c"
Shanghai,Projected_Area,284.8585,-0.228727743,"a,c"
Guangzhou,Projected_Area,115.871,-1.791418791,"a,c"
Shanghai,Projected_Area,244.0464,-1.023056507,"a,c"
Shanghai,Projected_Area,627.4717,0.5493382215,"a,c"
Wuhan,Projected_Area,168.3949,-2.051352262,"a,c"
Shanghai,Projected_Area,541.9407,0.06382716447,"a,c"
Shanghai,Projected_Area,348.1764,0.02083468065,"a,c"
Shanghai,Projected_Area,285.707,0.01997132599,"a,c"
Wuhan,Projected_Area,848.9051,0.7803269625,"a,c"
Wuhan,Projected_Area,134.8523,-1.441646099,"a,c"
Shanghai,Projected_Area,161.8811,-1.756314993,"a,c"
Shanghai,Projected_Area,115.0817,-1.79646647,"a,c"
Shanghai,Projected_Area,626.7716,0.51175493,"a,c"
Shanghai,Projected_Area,195.5458,-1.766407847,"a,c"
Beijing,Projected_Area,407.5625,-0.1639647782,"a,c"
Shanghai,Projected_Area,201.5,-1.101225019,"a,c"
Beijing,Projected_Area,458.2599,0.2223673016,"a,c"
Guangzhou,Projected_Area,438.215,0.1187295914,"a,c"
Beijing,Projected_Area,798.4688,1.107902169,"a,c"
Shanghai,Projected_Area,442.7706,0.2796016335,"a,c"
Wuhan,Projected_Area,204.0339,-0.867416501,"a,c"
Wuhan,Projected_Area,737.56,0.6990718842,"a,c"
Beijing,Projected_Area,804.8083,0.7710528374,"a,c"
Shanghai,Projected_Area,468.8856,0.2656039894,"a,c"
Guangzhou,Projected_Area,220.579,-1.215563416,"a,c"
Shanghai,Projected_Area,494.0096,0.3455670476,"a,c"
Shanghai,Projected_Area,154.8892,-2.187994003,"a,c"
Shanghai,Projected_Area,459.7879,0.3276772797,"a,c"
Shanghai,Projected_Area,382.8728,0.03130562976,"a,c"
Shanghai,Projected_Area,924.3044,0.3347402215,"a,c"
Shanghai,Projected_Area,105.754,-1.452925563,"a,c"
Wuhan,Projected_Area,381.4707,-0.08703459799,"a,c"
Shanghai,Projected_Area,167.6449,-1.678813934,"a,c"
Shanghai,Projected_Area,1265.7871,0.5341752768,"a,c"
Shanghai,Projected_Area,647.84,0.4577084482,"a,c"
Shanghai,Projected_Area,504.7812,0.3184178174,"a,c"
Beijing,Projected_Area,516.6371,-0.09366839379,"a,c"
Guangzhou,Projected_Area,1542.9701,0.9113717079,"a,c"
Guangzhou,Projected_Area,200.9199,-0.5382984877,"a,c"
Shanghai,Projected_Area,478.4249,0.3314828575,"a,c"
Shanghai,Projected_Area,162.4492,-1.744470477,"a,c"
Wuhan,Projected_Area,937.4873,0.4676696956,"a,c"
Shanghai,Projected_Area,840.6516,0.6068990827,"a,c"
Shanghai,Projected_Area,356.9168,-0.01083669718,"a,c"
Guangzhou,Projected_Area,102.5566,-1.507915258,"a,c"
Shanghai,Projected_Area,313.7151,0.0662920922,"a,c"
Guangzhou,Projected_Area,359.1248,-0.101047799,"a,c"
Guangzhou,Projected_Area,167.176,-1.822953224,"a,c"
Shanghai,Projected_Area,707.1502,0.5832223892,"a,c"
Beijing,Projected_Area,341.9409,0.0255427938,"a,c"
Shanghai,Projected_Area,600.1608,0.4139731824,"a,c"
Shanghai,Projected_Area,178.1318,-2.151472807,"a,c"
Shanghai,Projected_Area,639.647,0.5136783123,"a,c"
Shanghai,Projected_Area,220.4466,-1.464837074,"a,c"
Beijing,Projected_Area,84.3708,-1.857369661,"a,c"
Shanghai,Projected_Area,532.5007,0.1651699841,"a,c"
Guangzhou,Projected_Area,163.8538,-1.689830065,"a,c"
Shanghai,Projected_Area,195.7311,-1.972260833,"a,c"
Beijing,Projected_Area,532.9076,-0.020934714,"a,c"
Shanghai,Projected_Area,398.2679,-0.06419453025,"a,c"
Shanghai,Projected_Area,222.2209,-1.412695646,"a,c"
Wuhan,Projected_Area,423.1333,0.2085601091,"a,c"
Shanghai,Projected_Area,508.8331,0.183945626,"a,c"
Wuhan,Projected_Area,349.7015,-0.06822679192,"a,c"
Wuhan,Projected_Area,413.2118,0.1556914002,"a,c"
Guangzhou,Projected_Area,741.2274,0.5041559935,"a,c"
Shanghai,Projected_Area,430.667,0.4873700738,"a,c"
Shanghai,Projected_Area,535.632,0.02591988631,"a,c"
Guangzhou,Projected_Area,327.58,0.04511187598,"a,c"
Shanghai,Projected_Area,347.729,0.1951729506,"a,c"
Shanghai,Projected_Area,340.7359,-0.1632508039,"a,c"
Shanghai,Projected_Area,699.6064,0.667344451,"a,c"
Guangzhou,Projected_Area,145.8126,-1.6042521,"a,c"
Shanghai,Projected_Area,475.1349,0.487172246,"a,c"
Shanghai,Projected_Area,808.524,1.215693593,"a,c"
Shanghai,Projected_Area,699.2215,0.4626725018,"a,c"
Shanghai,Projected_Area,608.3627,0.4846255481,"a,c"
Shanghai,Projected_Area,378.7296,0.3000635505,"a,c"
Shanghai,Projected_Area,1272.0844,0.7850673199,"a,c"
Shanghai,Projected_Area,134.7182,-1.996171236,"a,c"
Shanghai,Projected_Area,117.7075,-1.535804391,"a,c"
Shanghai,Projected_Area,135.5114,-1.962860584,"a,c"
Shanghai,Projected_Area,411.3813,-0.0156065831,"a,c"
Guangzhou,Projected_Area,164.0726,-1.528187037,"a,c"
Shanghai,Projected_Area,323.541,-0.0107304519,"a,c"
Guangzhou,Projected_Area,263.4469,-0.2287454903,"a,c"
Shanghai,Projected_Area,148.9667,-2.117634296,"a,c"
Shanghai,Projected_Area,460.3978,0.3645122349,"a,c"
Wuhan,Projected_Area,232.8037,-1.437067747,"a,c"
Guangzhou,Projected_Area,763.2234,0.2304258198,"a,c"
Guangzhou,Projected_Area,173.7253,-1.562171221,"a,c"
Shanghai,Projected_Area,391.8627,0.1759092063,"a,c"
Shanghai,Projected_Area,405.3674,0.03010687232,"a,c"
Shanghai,Projected_Area,401.5859,0.1362330616,"a,c"
Shanghai,Projected_Area,450.1955,0.2463325113,"a,c"
Wuhan,Projected_Area,311.7365,0.02706382237,"a,c"
Wuhan,Projected_Area,450.4206,0.2836762667,"a,c"
Shanghai,Projected_Area,102.0905,-1.815521359,"a,c"
Beijing,Projected_Area,290.2486,-0.2169417441,"a,c"
Shanghai,Projected_Area,501.8166,0.2987007499,"a,c"
Shanghai,Projected_Area,313.669,0.05961221457,"a,c"
Wuhan,Projected_Area,141.2127,-1.18942976,"a,c"
Beijing,Projected_Area,563.8247,-0.2388000488,"a,c"
Beijing,Projected_Area,275.6878,-0.2812440395,"a,c"
Shanghai,Projected_Area,469.0461,0.5654456019,"a,c"
Beijing,Projected_Area,839.1403,0.7217223644,"a,c"
Shanghai,Projected_Area,305.8179,-0.18431817,"a,c"
Shanghai,Projected_Area,565.034,-0.03558893874,"a,c"
Shanghai,Projected_Area,431.966,0.3204343319,"a,c"
Shanghai,Projected_Area,644.7239,0.6092565656,"a,c"
Shanghai,Projected_Area,449.876,0.3936354518,"a,c"
Shanghai,Projected_Area,321.7812,1.057484769e-05,"a,c"
Shanghai,Projected_Area,184.6369,-1.881764889,"a,c"
Beijing,Projected_Area,583.4928,0.03224585205,"a,c"
Shanghai,Projected_Area,644.0958,0.5083794594,"a,c"
Shanghai,Projected_Area,847.2772,0.7193619013,"a,c"
Wuhan,Projected_Area,783.2113,0.5440676808,"a,c"
Beijing,Projected_Area,397.5284,-0.09847830236,"a,c"
Beijing,Projected_Area,232.2185,-1.411974072,"a,c"
Wuhan,Projected_Area,894.0286,0.378233403,"a,c"
Beijing,Projected_Area,656.5235,0.4678481817,"a,c"
Wuhan,Projected_Area,387.0681,0.1049082726,"a,c"
Wuhan,Projected_Area,370.4568,0.1251339316,"a,c"
Shanghai,Projected_Area,622.0825,0.4006849229,"a,c"
Shanghai,Projected_Area,525.2345,0.1036179662,"a,c"
Shanghai,Projected_Area,319.4913,0.08157925308,"a,c"
Shanghai,Projected_Area,184.9836,-2.129193544,"a,c"
Beijing,Projected_Area,344.3436,0.0581924133,"a,c"
Shanghai,Projected_Area,278.942,-0.4032658935,"a,c"
Wuhan,Projected_Area,924.503,0.2501071095,"a,c"
Shanghai,Projected_Area,123.7159,-1.39940846,"a,c"
Beijing,Projected_Area,1416.3497,0.8548246026,"a,c"
Beijing,Projected_Area,202.5923,-0.9167912602,"a,c"
Shanghai,Projected_Area,394.9868,0.01944002509,"a,c"
Shanghai,Projected_Area,164.0434,-1.95403254,"a,c"
Shanghai,Projected_Area,581.0174,0.02748080716,"a,c"
Shanghai,Projected_Area,247.0876,-1.225108981,"a,c"
Guangzhou,Projected_Area,358.8182,-0.2583913207,"a,c"
Shanghai,Projected_Area,511.1077,-0.02258827537,"a,c"
Shanghai,Projected_Area,470.1566,0.367698282,"a,c"
Shanghai,Projected_Area,779.4416,0.7985460162,"a,c"
Wuhan,Projected_Area,94.6538,-1.25079906,"a,c"
Beijing,Projected_Area,379.4404,-0.06332935393,"a,c"
Guangzhou,Projected_Area,144.9041,-1.356641293,"a,c"
Guangzhou,Projected_Area,156.7236,-1.574452519,"a,c"
Shanghai,Projected_Area,121.1709,-1.575865269,"a,c"
Shanghai,Projected_Area,343.3692,-0.1702897549,"a,c"
Shanghai,Projected_Area,519.6583,0.125272125,"a,c"
Shanghai,Projected_Area,540.6934,0.09943180531,"a,c"
Wuhan,Projected_Area,212.5421,-1.104457974,"a,c"
Guangzhou,Projected_Area,162.9078,-1.603224039,"a,c"
Shanghai,Projected_Area,462.3747,0.3684601486,"a,c"
Shanghai,Projected_Area,1610.8978,0.5121830702,"a,c"
Wuhan,Projected_Area,348.7659,-0.03483828157,"a,c"
Shanghai,Projected_Area,428.6277,0.418076992,"a,c"
Shanghai,Projected_Area,236.1,-1.368493199,"a,c"
Shanghai,Projected_Area,1097.3313,0.6717817187,"a,c"
Shanghai,Projected_Area,166.7086,-2.19057703,"a,c"
Shanghai,Projected_Area,354.5709,-0.1524021327,"a,c"
Shanghai,Projected_Area,589.0637,0.2326959521,"a,c"
Shanghai,Projected_Area,549.0859,0.0168304313,"a,c"
Shanghai,Projected_Area,400.993,-0.008189749904,"a,c"
Shanghai,Projected_Area,421.8512,0.1918396652,"a,c"
Wuhan,Projected_Area,277.7913,-0.1253772229,"a,c"
Wuhan,Projected_Area,151.4231,-1.871594906,"a,c"
Shanghai,Projected_Area,378.1893,0.06972014904,"a,c"
Shanghai,Projected_Area,379.3713,-0.09093698859,"a,c"
Shanghai,Projected_Area,458.8355,0.3189554513,"a,c"
Shanghai,Projected_Area,217.2714,-1.287742496,"a,c"
Guangzhou,Projected_Area,117.3627,-1.434973001,"a,c"
Beijing,Projected_Area,478.8807,0.2752997577,"a,c"
Wuhan,Projected_Area,375.3286,-0.01924868301,"a,c"
Beijing,Projected_Area,522.9348,0.1093038917,"a,c"
Shanghai,Projected_Area,446.8366,0.1416652054,"a,c"
Wuhan,Projected_Area,739.0687,0.4047254622,"a,c"
Shanghai,Projected_Area,574.4388,-0.1189815924,"a,c"
Shanghai,Projected_Area,924.7,0.2133400887,"a,c"
Beijing,Projected_Area,231.5209,-1.161795616,"a,c"
Shanghai,Projected_Area,151.1417,-1.960690379,"a,c"
Shanghai,Projected_Area,272.947,-0.3277481794,"a,c"
Shanghai,Projected_Area,221.2746,-1.472469211,"a,c"
Wuhan,Projected_Area,341.9782,-0.1933690161,"a,c"
Shanghai,Projected_Area,411.4926,0.01579188928,"a,c"
Wuhan,Projected_Area,474.2247,0.1359137595,"a,c"
Shanghai,Projected_Area,678.1784,0.2979537547,"a,c"
Beijing,Projected_Area,357.3677,-0.1100353748,"a,c"
Shanghai,Projected_Area,549.3044,0.05960282311,"a,c"
Wuhan,Projected_Area,125.4982,-1.477782607,"a,c"
Shanghai,Projected_Area,674.3517,0.4316958189,"a,c"
Wuhan,Projected_Area,437.5528,0.1281294823,"a,c"
Shanghai,Projected_Area,315.6344,0.2052666992,"a,c"
Shanghai,Projected_Area,157.2911,-1.814909935,"a,c"
Wuhan,Projected_Area,234.8903,-1.598652005,"a,c"
Beijing,Projected_Area,105.8806,-1.786991119,"a,c"
Shanghai,Projected_Area,177.4987,-1.887018681,"a,c"
Wuhan,Projected_Area,567.2028,-0.04668496177,"a,c"
Wuhan,Projected_Area,390.4403,-0.003041841555,"a,c"
Shanghai,Projected_Area,290.2187,-0.2778526545,"a,c"
Shanghai,Projected_Area,136.4717,-1.742929935,"a,c"
Shanghai,Projected_Area,334.8043,0.204075411,"a,c"
Guangzhou,Projected_Area,211.1779,-1.311514974,"a,c"
Shanghai,Projected_Area,554.7866,0.06531137973,"a,c"
Shanghai,Projected_Area,169.1572,-2.221204281,"a,c"
Shanghai,Projected_Area,147.3397,-2.052838087,"a,c"
Guangzhou,Projected_Area,111.5096,-1.374839306,"a,c"
Shanghai,Projected_Area,80.5406,-1.589487433,"a,c"
Shanghai,Projected_Area,516.8448,0.1604917794,"a,c"
Wuhan,Projected_Area,695.0063,0.3618415594,"a,c"
Guangzhou,Projected_Area,1058.981,0.6133113503,"a,c"
Shanghai,Projected_Area,139.4835,-1.657894969,"a,c"
Shanghai,Projected_Area,167.0088,-2.006610632,"a,c"
Wuhan,Projected_Area,315.0676,0.1007107124,"a,c"
Wuhan,Projected_Area,901.371,0.1752173156,"a,c"
Shanghai,Projected_Area,458.6578,0.3823577762,"a,c"
Wuhan,Projected_Area,319.514,0.05193309858,"a,c"
Shanghai,Projected_Area,594.5459,0.3203820884,"a,c"
Beijing,Projected_Area,631.2805,0.2133518308,"a,c"
Shanghai,Projected_Area,657.359,0.521327436,"a,c"
Beijing,Projected_Area,629.5907,0.2584955394,"a,c"
Shanghai,Projected_Area,705.4937,0.05861495063,"a,c"
Guangzhou,Projected_Area,150.6435,-1.024995208,"a,c"
Shanghai,Projected_Area,119.452,-1.367507458,"a,c"
Wuhan,Projected_Area,268.0452,-0.2502465546,"a,c"
Shanghai,Projected_Area,432.445,0.3485492766,"a,c"
Shanghai,Projected_Area,549.6353,0.1037966758,"a,c"
Shanghai,Projected_Area,556.76,0.1780334711,"a,c"
Shanghai,Projected_Area,390.7251,0.1002874002,"a,c"
Shanghai,Projected_Area,578.7465,-0.09819468856,"a,c"
Shanghai,Projected_Area,329.1601,0.2065196484,"a,c"
Wuhan,Projected_Area,333.017,-0.1048476398,"a,c"
Shanghai,Projected_Area,568.9357,0.0007054656162,"a,c"
Guangzhou,Projected_Area,1138.5465,0.7097809911,"a,c"
Guangzhou,Projected_Area,966.0037,0.5016352534,"a,c"
Shanghai,Projected_Area,209.9238,-1.137099504,"a,c"
Guangzhou,Projected_Area,412.2147,0.02406904846,"a,c"
Shanghai,Projected_Area,497.0691,0.3111841381,"a,c"
Wuhan,Projected_Area,919.1056,0.229084909,"a,c"
Shanghai,Projected_Area,186.5678,-1.776170611,"a,c"
Shanghai,Projected_Area,347.9726,0.1168999001,"a,c"
Guangzhou,Projected_Area,576.2573,-0.1077041104,"a,c"
Beijing,Projected_Area,114.4131,-1.829154611,"a,c"
Shanghai,Projected_Area,932.8375,0.6565961242,"a,c"
Shanghai,Projected_Area,526.5119,0.1691955477,"a,c"
Guangzhou,Projected_Area,187.1887,-1.509541631,"a,c"
Wuhan,Projected_Area,223.686,-1.503420949,"a,c"
Shanghai,Projected_Area,135.3649,-1.68757689,"a,c"
Beijing,Projected_Area,410.7799,0.07335954905,"a,c"
Shanghai,Projected_Area,446.2463,0.2421185821,"a,c"
Shanghai,Projected_Area,387.5652,0.1272200495,"a,c"
Beijing,Projected_Area,849.9865,0.2516141534,"a,c"
Guangzhou,Projected_Area,102.324,-1.723455548,"a,c"
Shanghai,Projected_Area,790.0277,1.034344912,"a,c"
Wuhan,Projected_Area,253.9125,-0.753200829,"a,c"
Shanghai,Projected_Area,567.6516,-0.08822059631,"a,c"
Wuhan,Projected_Area,350.249,0.1523221582,"a,c"
Guangzhou,Projected_Area,109.2458,-1.340144634,"a,c"
Shanghai,Projected_Area,684.8494,0.4157547057,"a,c"
Guangzhou,Projected_Area,380.3619,-0.05017549172,"a,c"
Guangzhou,Projected_Area,269.6061,-0.4673649669,"a,c"
Shanghai,Projected_Area,363.5635,0.07051826268,"a,c"
Shanghai,Projected_Area,250.1157,-0.9267201424,"a,c"
Wuhan,Projected_Area,756.6955,0.3775227368,"a,c"
Shanghai,Projected_Area,419.0679,0.2143019736,"a,c"
Guangzhou,Projected_Area,585.0891,0.03644867241,"a,c"
Beijing,Projected_Area,103.7539,-1.711118102,"a,c"
Shanghai,Projected_Area,352.9338,-0.03335423768,"a,c"
Wuhan,Projected_Area,649.2179,0.5323202014,"a,c"
Wuhan,Projected_Area,356.8998,-0.06240922213,"a,c"
Wuhan,Projected_Area,562.1619,-0.005981428549,"a,c"
Wuhan,Projected_Area,326.7273,0.1153858304,"a,c"
Wuhan,Projected_Area,185.8056,-1.795015335,"a,c"
Beijing,Projected_Area,541.5563,-0.01866588183,"a,c"
Shanghai,Projected_Area,517.0871,0.1357962787,"a,c"
Shanghai,Projected_Area,175.9348,-1.737474799,"a,c"
Shanghai,Projected_Area,684.9416,0.7853258848,"a,c"
Shanghai,Projected_Area,124.8593,-1.751294136,"a,c"
Shanghai,Projected_Area,233.0337,-1.194531918,"a,c"
Shanghai,Projected_Area,356.6103,0.02967580408,"a,c"
Wuhan,Projected_Area,711.0313,0.3659326732,"a,c"
Wuhan,Projected_Area,188.7177,-2.075084448,"a,c"
Shanghai,Projected_Area,228.0847,-1.545891404,"a,c"
Shanghai,Projected_Area,830.3243,0.7880524993,"a,c"
Beijing,Projected_Area,169.9692,-2.079769373,"a,c"
Shanghai,Projected_Area,593.6535,0.334277451,"a,c"
Guangzhou,Projected_Area,302.3535,-0.3042252958,"a,c"
Shanghai,Projected_Area,679.9966,0.5723022819,"a,c"
Shanghai,Projected_Area,690.9277,1.043330908,"a,c"
Wuhan,Projected_Area,195.7578,-1.937777162,"a,c"
Shanghai,Projected_Area,648.0415,0.4977405071,"a,c"
Shanghai,Projected_Area,534.6967,0.1472986937,"a,c"
Shanghai,Projected_Area,140.909,-1.850005984,"a,c"
Shanghai,Projected_Area,123.6277,-1.185975671,"a,c"
Shanghai,Projected_Area,517.4913,0.06846106052,"a,c"
Wuhan,Projected_Area,563.6562,0.06595660746,"a,c"
Shanghai,Projected_Area,429.4596,0.5392779112,"a,c"
Shanghai,Projected_Area,415.2016,0.1952394694,"a,c"
Beijing,Projected_Area,459.5516,0.1811201125,"a,c"
Wuhan,Projected_Area,119.2089,-1.624708295,"a,c"
Shanghai,Projected_Area,420.7349,0.1990021914,"a,c"
Shanghai,Projected_Area,488.4977,0.4729916453,"a,c"
Shanghai,Projected_Area,138.3396,-1.453109384,"a,c"
Guangzhou,Projected_Area,395.4469,0.0636677444,"a,c"
Shanghai,Projected_Area,139.6728,-1.613429308,"a,c"
Shanghai,Projected_Area,585.1785,0.1010562554,"a,c"
Shanghai,Projected_Area,357.2921,0.1058743,"a,c"
Beijing,Projected_Area,525.613,-0.04554101452,"a,c"
Shanghai,Projected_Area,201.0303,-0.6692216396,"a,c"
Shanghai,Projected_Area,498.3844,0.2700492144,"a,c"
Shanghai,Projected_Area,222.8856,-1.168133259,"a,c"
Wuhan,Projected_Area,379.1085,-0.4108436406,"a,c"
Shanghai,Projected_Area,152.359,-1.746776819,"a,c"
Wuhan,Projected_Area,349.4564,-0.1149901152,"a,c"
Shanghai,Projected_Area,299.185,-0.3831201494,"a,c"
Shanghai,Projected_Area,121.904,-1.549325466,"a,c"
Shanghai,Projected_Area,293.4153,-0.1843567193,"a,c"
Shanghai,Projected_Area,401.1708,-0.020403184,"a,c"
Guangzhou,Projected_Area,116.0745,-1.505084395,"a,c"
Wuhan,Projected_Area,139.2342,-1.995908022,"a,c"
Shanghai,Projected_Area,657.2048,0.2396180034,"a,c"
Shanghai,Projected_Area,666.0729,0.4273750782,"a,c"
Beijing,Projected_Area,203.8532,-0.2947278023,"a,c"
Shanghai,Projected_Area,536.7454,0.156703487,"a,c"
Shanghai,Projected_Area,234.0223,-1.561385393,"a,c"
Shanghai,Projected_Area,612.9583,0.2814484239,"a,c"
Shanghai,Projected_Area,146.4087,-1.987945795,"a,c"
Wuhan,Projected_Area,185.0428,-1.504175425,"a,c"
Shanghai,Projected_Area,303.3927,-0.1801253408,"a,c"
Shanghai,Projected_Area,591.286,0.3349643648,"a,c"
Guangzhou,Projected_Area,252.534,-0.6104614139,"a,c"
Beijing,Projected_Area,184.9509,-1.22302556,"a,c"
Shanghai,Projected_Area,301.6895,-0.3138801455,"a,c"
Shanghai,Projected_Area,657.0172,0.3673157692,"a,c"
Guangzhou,Projected_Area,128.215,-1.215139985,"a,c"
Guangzhou,Projected_Area,259.4696,0.1055925414,"a,c"
Beijing,Projected_Area,113.9136,-1.939442873,"a,c"
Guangzhou,Projected_Area,208.7348,-1.360259414,"a,c"
Guangzhou,Projected_Area,176.994,-1.77272296,"a,c"
Shanghai,Projected_Area,335.0244,0.1504110694,"a,c"
Shanghai,Projected_Area,916.8788,0.3138568997,"a,c"
Shanghai,Projected_Area,155.6461,-2.086482048,"a,c"
Shanghai,Projected_Area,363.4737,-0.1382638961,"a,c"
Shanghai,Projected_Area,440.6934,0.3799235523,"a,c"
Shanghai,Projected_Area,503.972,0.2711390257,"a,c"
Guangzhou,Projected_Area,990.0731,0.5514048338,"a,c"
Wuhan,Projected_Area,309.3121,0.09109629691,"a,c"
Shanghai,Projected_Area,860.6469,0.4452225864,"a,c"
Shanghai,Projected_Area,178.7738,-1.881246448,"a,c"
Wuhan,Projected_Area,548.8538,-0.0476956144,"a,c"
Beijing,Projected_Area,132.0187,-1.434971213,"a,c"
Wuhan,Projected_Area,830.2006,0.6716556549,"a,c"
Shanghai,Projected_Area,286.0381,-0.3603981733,"a,c"
Shanghai,Projected_Area,264.0712,-0.2450166047,"a,c"
Shanghai,Projected_Area,100.7719,-1.606930852,"a,c"
Shanghai,Projected_Area,101.7496,-1.484808326,"a,c"
Beijing,Projected_Area,418.0163,-0.08365735412,"a,c"
Beijing,Projected_Area,333.9297,0.3379057348,"a,c"
Wuhan,Projected_Area,491.8442,0.2705953121,"a,c"
Wuhan,Projected_Area,238.836,-1.563624978,"a,c"
Guangzhou,Projected_Area,147.3047,-0.2790312469,"a,c"
Shanghai,Projected_Area,430.6712,0.3374121487,"a,c"
Shanghai,Projected_Area,196.577,-1.797135592,"a,c"
Guangzhou,Projected_Area,344.4013,-0.02055208012,"a,c"
Shanghai,Projected_Area,358.1667,-0.001493439777,"a,c"
Beijing,Projected_Area,550.4345,-0.1226423606,"a,c"
Wuhan,Projected_Area,238.7566,-0.6568549871,"a,c"
Beijing,Projected_Area,693.1783,0.3979927301,"a,c"
Shanghai,Projected_Area,916.0244,0.7687523365,"a,c"
Shanghai,Projected_Area,103.8984,-1.87562418,"a,c"
Beijing,Projected_Area,363.2421,-0.1853888929,"a,c"
Shanghai,Projected_Area,559.5242,0.1064698845,"a,c"
Beijing,Projected_Area,477.8136,0.4516323209,"a,c"
Wuhan,Projected_Area,797.546,0.9161696434,"a,c"
Shanghai,Projected_Area,692.2303,0.6419193149,"a,c"
Shanghai,Projected_Area,470.4363,0.2367647886,"a,c"
Wuhan,Projected_Area,345.6298,-0.1332225353,"a,c"
Beijing,Projected_Area,159.1683,-1.701130629,"a,c"
Guangzhou,Projected_Area,1164.7042,0.8128899932,"a,c"
Beijing,Projected_Area,630.4148,0.7942485213,"a,c"
Wuhan,Projected_Area,163.4259,-1.111224174,"a,c"
Shanghai,Projected_Area,538.3892,0.05168959498,"a,c"
Wuhan,Projected_Area,118.062,-1.102315903,"a,c"
Shanghai,Projected_Area,580.8899,0.01556610689,"a,c"
Shanghai,Projected_Area,466.4808,0.3918636441,"a,c"
Wuhan,Projected_Area,475.0008,0.1518077552,"a,c"
Shanghai,Projected_Area,818.4936,0.5210493803,"a,c"
Shanghai,Projected_Area,111.5838,-1.889916897,"a,c"
Wuhan,Projected_Area,716.3306,0.6563549042,"a,c"
Wuhan,Projected_Area,253.0759,-0.4354958236,"a,c"
Wuhan,Projected_Area,433.8416,0.1738275886,"a,c"
Shanghai,Projected_Area,636.713,0.3766662776,"a,c"
Shanghai,Projected_Area,283.4018,-0.2141929418,"a,c"
Shanghai,Projected_Area,465.3309,0.1441681087,"a,c"
Beijing,Projected_Area,480.0945,0.06263323128,"a,c"
Guangzhou,Projected_Area,165.634,-1.750614643,"a,c"
Wuhan,Projected_Area,873.9856,0.3926525116,"a,c"
Wuhan,Projected_Area,127.7759,-1.795410514,"a,c"
Shanghai,Projected_Area,209.534,-1.606755495,"a,c"
Beijing,Projected_Area,316.9286,0.00510166958,"a,c"
Guangzhou,Projected_Area,155.4466,-1.538051963,"a,c"
Guangzhou,Projected_Area,86.4698,-1.435542583,"a,c"
Wuhan,Projected_Area,615.9373,0.3833101094,"a,c"
Shanghai,Projected_Area,417.4548,0.08889429271,"a,c"
Shanghai,Projected_Area,339.2724,0.02974151447,"a,c"
Shanghai,Projected_Area,416.9272,0.1768400073,"a,c"
Wuhan,Projected_Area,163.6784,-2.093811274,"a,c"
Wuhan,Projected_Area,888.5651,0.5617311001,"a,c"
Shanghai,Projected_Area,212.781,-1.008634567,"a,c"
Shanghai,Projected_Area,122.0269,-1.343054771,"a,c"
Shanghai,Projected_Area,1264.1068,0.6380296946,"a,c"
Wuhan,Projected_Area,840.0786,0.4687467217,"a,c"
Wuhan,Projected_Area,106.7944,-1.810397863,"a,c"
Shanghai,Projected_Area,256.5953,-0.268263489,"a,c"
Shanghai,Projected_Area,137.0098,-1.806893706,"a,c"
Wuhan,Projected_Area,111.857,-1.648171186,"a,c"
Shanghai,Projected_Area,344.2316,-0.056061171,"a,c"
Shanghai,Projected_Area,417.8095,0.1324458122,"a,c"
Shanghai,Projected_Area,481.5216,0.3261054754,"a,c"
Shanghai,Projected_Area,525.9777,0.1264700145,"a,c"
Shanghai,Projected_Area,579.0347,0.07504330575,"a,c"
Beijing,Projected_Area,670.659,0.3399996161,"a,c"
Shanghai,Projected_Area,670.0984,0.4277448654,"a,c"
Wuhan,Projected_Area,83.95,-1.635566115,"a,c"
Shanghai,Projected_Area,333.5341,-0.09282709658,"a,c"
Wuhan,Projected_Area,527.7207,0.02640775032,"a,c"
Shanghai,Projected_Area,217.552,-1.302158833,"a,c"
Shanghai,Projected_Area,114.4913,-1.786467314,"a,c"
Shanghai,Projected_Area,281.5777,-0.1398884505,"a,c"
Shanghai,Projected_Area,156.4664,-2.147802353,"a,c"
Shanghai,Projected_Area,150.1257,-1.67530036,"a,c"
Shanghai,Projected_Area,512.6509,0.1248116791,"a,c"
Shanghai,Projected_Area,151.4596,-1.794410229,"a,c"
Shanghai,Projected_Area,515.723,0.1457331628,"a,c"
Shanghai,Projected_Area,194.8298,-1.796007514,"a,c"
Shanghai,Projected_Area,524.8259,0.003704532282,"a,c"
Wuhan,Projected_Area,167.9276,-2.006327629,"a,c"
Shanghai,Projected_Area,459.3641,0.4913074374,"a,c"
Guangzhou,Projected_Area,131.061,-1.463303804,"a,c"
Beijing,Projected_Area,459.2959,0.420034796,"a,c"
Shanghai,Projected_Area,247.4158,-0.6522208452,"a,c"
Wuhan,Projected_Area,360.8518,-0.07947328687,"a,c"
Shanghai,Projected_Area,438.7133,0.3189568222,"a,c"
Guangzhou,Projected_Area,112.0341,-1.521952033,"a,c"
Guangzhou,Projected_Area,199.6068,-0.5059179664,"a,c"
Shanghai,Projected_Area,591.1548,0.2488412559,"a,c"
Shanghai,Projected_Area,260.2658,-0.1713592112,"a,c"
Shanghai,Projected_Area,149.2348,-1.733248711,"a,c"
Shanghai,Projected_Area,536.9455,0.1031773239,"a,c"
Wuhan,Projected_Area,243.8233,-1.473660946,"a,c"
Shanghai,Projected_Area,560.3664,-0.09935561568,"a,c"
Shanghai,Projected_Area,393.298,0.1118799597,"a,c"
Wuhan,Projected_Area,650.9886,0.5373804569,"a,c"
Shanghai,Projected_Area,702.4164,0.3611559868,"a,c"
Shanghai,Projected_Area,170.2824,-1.672899842,"a,c"
Beijing,Projected_Area,985.5072,0.3733893931,"a,c"
Shanghai,Projected_Area,118.5439,-1.290871859,"a,c"
Shanghai,Projected_Area,781.6475,0.5538218617,"a,c"
Wuhan,Projected_Area,1362.2097,1.114997387,"a,c"
Wuhan,Projected_Area,389.6983,-0.05228580162,"a,c"
Shanghai,Projected_Area,757.9483,0.4717164338,"a,c"
Wuhan,Projected_Area,405.9223,-0.002321364824,"a,c"
Shanghai,Projected_Area,436.4416,0.3640365601,"a,c"
Beijing,Projected_Area,181.7259,-2.115714073,"a,c"
Wuhan,Projected_Area,86.5334,-1.487906456,"a,c"
Wuhan,Projected_Area,741.105,0.4859351516,"a,c"
Wuhan,Projected_Area,1268.3685,0.9612162113,"a,c"
Shanghai,Projected_Area,129.9364,-2.071861029,"a,c"
Beijing,Projected_Area,847.29,0.622507453,"a,c"
Shanghai,Projected_Area,586.4793,0.05723472685,"a,c"
Shanghai,Projected_Area,694.312,0.7051499486,"a,c"
Shanghai,Projected_Area,714.5297,0.6361889243,"a,c"
Shanghai,Projected_Area,137.4577,-1.885879397,"a,c"
Shanghai,Projected_Area,213.3037,-1.399425507,"a,c"
Shanghai,Projected_Area,606.2982,0.3773916662,"a,c"
Shanghai,Projected_Area,210.4372,-1.698993921,"a,c"
Shanghai,Projected_Area,149.4466,-1.746887922,"a,c"
Wuhan,Projected_Area,788.5983,0.7866265178,"a,c"
Wuhan,Projected_Area,191.8113,-1.458065748,"a,c"
Shanghai,Projected_Area,556.9319,-0.01825194061,"a,c"
Beijing,Projected_Area,283.146,0.07502616197,"a,c"
Shanghai,Projected_Area,570.6555,-0.1008036137,"a,c"
Wuhan,Projected_Area,480.355,0.05614091083,"a,c"
Shanghai,Projected_Area,492.7648,0.2597819567,"a,c"
Beijing,Projected_Area,353.8888,-0.127302289,"a,c"
Wuhan,Projected_Area,199.5094,-0.6481560469,"a,c"
Shanghai,Projected_Area,225.2542,-1.440397859,"a,c"
Shanghai,Projected_Area,350.5125,-0.1075784415,"a,c"
Beijing,Projected_Area,579.3177,-0.07835436612,"a,c"
Wuhan,Projected_Area,973.2101,0.2017344236,"a,c"
Guangzhou,Projected_Area,216.2439,-1.016252875,"a,c"
Shanghai,Projected_Area,807.3301,1.217728853,"a,c"
Guangzhou,Projected_Area,540.3241,-0.06437115371,"a,c"
Shanghai,Projected_Area,865.1474,0.3538331985,"a,c"
Wuhan,Projected_Area,616.8503,0.4798149467,"a,c"
Shanghai,Projected_Area,598.4513,0.3329001367,"a,c"
Shanghai,Projected_Area,694.5485,0.7016249299,"a,c"
Shanghai,Projected_Area,547.7965,0.02685934864,"a,c"
Beijing,Projected_Area,554.891,-0.3367158175,"a,c"
Guangzhou,Projected_Area,1448.9639,1.039631367,"a,c"
Shanghai,Projected_Area,297.7225,-0.1895237565,"a,c"
Beijing,Projected_Area,719.2717,0.4952471554,"a,c"
Wuhan,Projected_Area,524.098,0.01643201709,"a,c"
Shanghai,Projected_Area,222.7412,-1.302886724,"a,c"
Wuhan,Projected_Area,223.7507,-1.231471777,"a,c"
Shanghai,Projected_Area,317.7921,-0.07254902273,"a,c"
Shanghai,Projected_Area,155.3196,-2.078984976,"a,c"
Guangzhou,Projected_Area,87.7117,-1.345050335,"a,c"
Beijing,Projected_Area,470.3152,0.07304058969,"a,c"
Shanghai,Projected_Area,918.3146,0.1663321704,"a,c"
Shanghai,Projected_Area,794.5441,1.202596664,"a,c"
Wuhan,Projected_Area,520.9702,-0.002184978221,"a,c"
Shanghai,Projected_Area,676.2717,0.6038153172,"a,c"
Shanghai,Projected_Area,147.319,-2.110685825,"a,c"
Shanghai,Projected_Area,541.9369,0.04019968212,"a,c"
Shanghai,Projected_Area,187.2358,-1.686947703,"a,c"
Shanghai,Projected_Area,125.5799,-1.609340549,"a,c"
Shanghai,Projected_Area,596.7434,0.2828835845,"a,c"
Shanghai,Projected_Area,262.3388,-0.03799403459,"a,c"
Shanghai,Projected_Area,254.8861,-0.8068056107,"a,c"
Shanghai,Projected_Area,130.1403,-1.858000159,"a,c"
Shanghai,Projected_Area,486.0849,0.323153317,"a,c"
Guangzhou,Projected_Area,447.3673,0.3849469423,"a,c"
Shanghai,Projected_Area,1025.5662,0.7576408386,"a,c"
Guangzhou,Projected_Area,880.1808,0.1924843341,"a,c"
Wuhan,Projected_Area,186.4943,-1.511664629,"a,c"
Beijing,Projected_Area,913.5167,0.09477043897,"a,c"
Beijing,Projected_Area,644.477,0.3995403945,"a,c"
Beijing,Projected_Area,189.3224,-1.44145596,"a,c"
Shanghai,Projected_Area,358.9124,0.06526548415,"a,c"
Guangzhou,Projected_Area,879.2374,0.3918882012,"a,c"
Shanghai,Projected_Area,893.2581,0.3972866535,"a,c"
Shanghai,Projected_Area,228.6105,-1.333923221,"a,c"
Shanghai,Projected_Area,547.0228,0.02913536131,"a,c"
Shanghai,Projected_Area,210.3262,-1.441451907,"a,c"
Guangzhou,Projected_Area,478.4716,0.1428947151,"a,c"
Shanghai,Projected_Area,408.2267,0.2460140437,"a,c"
Beijing,Projected_Area,612.2975,0.2111806422,"a,c"
Wuhan,Projected_Area,354.6139,-0.2251584083,"a,c"
Shanghai,Projected_Area,584.2579,0.2220750302,"a,c"
Wuhan,Projected_Area,864.6279,0.3606902361,"a,c"
Wuhan,Projected_Area,311.8256,0.1091527864,"a,c"
Shanghai,Projected_Area,330.1594,0.08199188113,"a,c"
Guangzhou,Projected_Area,418.7673,0.06767848879,"a,c"
Shanghai,Projected_Area,493.327,0.2943792641,"a,c"
Guangzhou,Projected_Area,732.3238,0.3742762804,"a,c"
Beijing,Projected_Area,997.5744,0.5200490355,"a,c"
Beijing,Projected_Area,720.0718,0.7212347388,"a,c"
Shanghai,Projected_Area,639.3707,0.5432136655,"a,c"
Shanghai,Projected_Area,156.1973,-2.183409214,"a,c"
Guangzhou,Projected_Area,1144.3598,0.7654551864,"a,c"
Shanghai,Projected_Area,208.2503,-1.422083259,"a,c"
Shanghai,Projected_Area,554.3048,0.03441862762,"a,c"
Shanghai,Projected_Area,474.7561,0.1662937701,"a,c"
Beijing,Projected_Area,260.4873,0.0678274855,"a,c"
Wuhan,Projected_Area,330.1294,-0.004861874506,"a,c"
Wuhan,Projected_Area,640.3604,0.4263806045,"a,c"
Beijing,Projected_Area,451.5553,0.09836625308,"a,c"
Beijing,Projected_Area,181.3031,-2.010617971,"a,c"
Shanghai,Projected_Area,344.2056,-0.1034047604,"a,c"
Shanghai,Projected_Area,367.9339,0.04408374801,"a,c"
Guangzhou,Projected_Area,153.656,-1.74089992,"a,c"
Beijing,Projected_Area,260.371,0.1946389079,"a,c"
Shanghai,Projected_Area,135.1054,-0.9567803144,"a,c"
Shanghai,Projected_Area,355.2547,-0.02871408872,"a,c"
Shanghai,Projected_Area,321.3064,0.1910079718,"a,c"
Shanghai,Projected_Area,188.4132,-2.158537388,"a,c"
Beijing,Projected_Area,161.9284,-1.894029975,"a,c"
Shanghai,Projected_Area,282.9574,-0.3054669797,"a,c"
Shanghai,Projected_Area,846.3068,0.4871015549,"a,c"
Wuhan,Projected_Area,301.902,-0.1902841926,"a,c"
Shanghai,Projected_Area,435.6129,0.03266688436,"a,c"
Shanghai,Projected_Area,541.7289,0.001337193302,"a,c"
Shanghai,Projected_Area,331.3555,0.1563238502,"a,c"
Guangzhou,Projected_Area,569.174,0.08172380179,"a,c"
Guangzhou,Projected_Area,1413.8271,0.5846330523,"a,c"
Guangzhou,Projected_Area,80.737,-1.370521545,"a,c"
Shanghai,Projected_Area,156.0631,-2.169003248,"a,c"
Wuhan,Projected_Area,551.6364,-0.09242159873,"a,c"
Shanghai,Projected_Area,368.7431,-0.048670277,"a,c"
Shanghai,Projected_Area,621.5321,0.3791275918,"a,c"
Shanghai,Projected_Area,247.7641,-0.6912042499,"a,c"
Shanghai,Projected_Area,469.7464,0.1547795683,"a,c"
Wuhan,Projected_Area,231.8255,-1.520810127,"a,c"
Shanghai,Projected_Area,190.3641,-2.111601591,"a,c"
Guangzhou,Projected_Area,324.5049,-0.1362046152,"a,c"
Shanghai,Projected_Area,446.6333,0.3947054744,"a,c"
Shanghai,Projected_Area,533.4816,0.1625915021,"a,c"
Shanghai,Projected_Area,171.7802,-1.920744777,"a,c"
Shanghai,Projected_Area,516.8345,0.09506834298,"a,c"
Shanghai,Projected_Area,376.6546,-0.02611085027,"a,c"
Shanghai,Projected_Area,649.6958,0.4674243331,"a,c"
Shanghai,Projected_Area,453.6427,0.316518873,"a,c"
Shanghai,Projected_Area,462.4378,0.3579725325,"a,c"
Guangzhou,Projected_Area,226.127,-1.439759016,"a,c"
Guangzhou,Projected_Area,214.9278,-1.673414111,"a,c"
Wuhan,Projected_Area,429.762,0.7242071629,"a,c"
Shanghai,Projected_Area,116.3861,-1.546335816,"a,c"
Beijing,Projected_Area,1152.0314,0.447069943,"a,c"
Shanghai,Projected_Area,171.213,-2.104972839,"a,c"
Wuhan,Projected_Area,338.2251,-0.4111748338,"a,c"
Shanghai,Projected_Area,500.323,0.1455784291,"a,c"
Shanghai,Projected_Area,648.8092,0.4568072855,"a,c"
Shanghai,Projected_Area,170.6375,-2.037890434,"a,c"
Shanghai,Projected_Area,524.6898,0.005447044503,"a,c"
Shanghai,Projected_Area,266.8704,-0.3228571415,"a,c"
Shanghai,Projected_Area,343.1425,-0.189614892,"a,c"
Shanghai,Projected_Area,759.7677,0.5900964737,"a,c"
Shanghai,Projected_Area,493.5382,0.1832406074,"a,c"
Shanghai,Projected_Area,390.2905,-0.02249208093,"a,c"
Shanghai,Projected_Area,106.8449,-1.578753591,"a,c"
Shanghai,Projected_Area,465.4649,0.3586272597,"a,c"
Wuhan,Projected_Area,356.3305,-0.1114831492,"a,c"
Wuhan,Projected_Area,580.6942,-0.06111512333,"a,c"
Shanghai,Projected_Area,505.0827,0.3199098408,"a,c"
Shanghai,Projected_Area,917.712,0.3187127709,"a,c"
Shanghai,Projected_Area,373.8084,0.2315640748,"a,c"
Shanghai,Projected_Area,158.5518,-1.905049324,"a,c"
Shanghai,Projected_Area,281.0,-0.3262156844,"a,c"
Shanghai,Projected_Area,323.9081,-0.09952039272,"a,c"
Shanghai,Projected_Area,739.1647,0.6435614824,"a,c"
Wuhan,Projected_Area,872.7177,0.3021612465,"a,c"
Beijing,Projected_Area,428.6041,0.2520920634,"a,c"
Shanghai,Projected_Area,771.5529,0.5312895775,"a,c"
Wuhan,Projected_Area,841.1194,0.4823769033,"a,c"
Shanghai,Projected_Area,454.4618,0.3479857147,"a,c"
Shanghai,Projected_Area,386.4917,0.05734003335,"a,c"
Shanghai,Projected_Area,547.4305,0.01911271177,"a,c"
Guangzhou,Projected_Area,1034.5631,0.5869899392,"a,c"
Shanghai,Projected_Area,531.8139,0.1244346723,"a,c"
Shanghai,Projected_Area,91.0022,-1.326326966,"a,c"
Shanghai,Projected_Area,484.1946,0.268882513,"a,c"
Wuhan,Projected_Area,367.0356,-0.1008440778,"a,c"
Shanghai,Projected_Area,628.8103,0.3592813015,"a,c"
Shanghai,Projected_Area,567.2504,0.01968383044,"a,c"
Shanghai,Projected_Area,247.0381,-0.9977086782,"a,c"
Beijing,Projected_Area,117.5532,-1.672865152,"a,c"
Wuhan,Projected_Area,278.2029,-0.4335544407,"a,c"
Shanghai,Projected_Area,784.7403,0.5869573951,"a,c"
Beijing,Projected_Area,813.2106,0.7407974005,"a,c"
Shanghai,Projected_Area,385.5344,0.055576846,"a,c"
Shanghai,Projected_Area,219.3199,-1.720615745,"a,c"
Wuhan,Projected_Area,753.4743,0.3789967895,"a,c"
Shanghai,Projected_Area,922.0887,0.354975909,"a,c"
Beijing,Projected_Area,974.1595,0.3986394703,"a,c"
Shanghai,Projected_Area,808.1594,0.6881245971,"a,c"
Shanghai,Projected_Area,142.5265,-1.570026875,"a,c"
Shanghai,Projected_Area,485.7258,0.2988035679,"a,c"
Wuhan,Projected_Area,174.0249,-1.505926371,"a,c"
Beijing,Projected_Area,135.7362,-1.846062779,"a,c"
Shanghai,Projected_Area,569.7874,0.005085929297,"a,c"
Shanghai,Projected_Area,402.964,0.04944468662,"a,c"
Wuhan,Projected_Area,760.2283,0.7353041768,"a,c"
Shanghai,Projected_Area,495.9705,0.2395085394,"a,c"
Shanghai,Projected_Area,93.044,-1.4559865,"a,c"
Shanghai,Projected_Area,100.9165,-1.661506295,"a,c"
Wuhan,Projected_Area,441.9436,0.3088050187,"a,c"
Beijing,Projected_Area,315.7725,0.07353141904,"a,c"
Shanghai,Projected_Area,523.6042,0.2000972629,"a,c"
Shanghai,Projected_Area,550.3168,0.09912329912,"a,c"
Wuhan,Projected_Area,528.604,-0.009794840589,"a,c"
Beijing,Projected_Area,116.6401,-1.570441842,"a,c"
Shanghai,Projected_Area,192.0836,-1.666577697,"a,c"
Shanghai,Projected_Area,449.2613,0.325938642,"a,c"
Shanghai,Projected_Area,561.9592,0.08227049559,"a,c"
Shanghai,Projected_Area,165.7476,-1.804688931,"a,c"
Guangzhou,Projected_Area,954.4152,0.374761045,"a,c"
Shanghai,Projected_Area,671.0455,0.3672325611,"a,c"
Wuhan,Projected_Area,223.6761,-0.8300257921,"a,c"
Wuhan,Projected_Area,450.613,0.1903237253,"a,c"
Shanghai,Projected_Area,506.8656,0.1565526873,"a,c"
Guangzhou,Projected_Area,455.2186,0.1432629526,"a,c"
Shanghai,Projected_Area,134.0352,-1.822273254,"a,c"
Beijing,Projected_Area,511.0173,-0.006657019723,"a,c"
Shanghai,Projected_Area,586.941,0.2583301067,"a,c"
Shanghai,Projected_Area,250.4743,-0.6701577306,"a,c"
Shanghai,Projected_Area,430.8384,0.450342387,"a,c"
Guangzhou,Projected_Area,155.0562,-1.667942643,"a,c"
Beijing,Projected_Area,1398.7915,0.9280015826,"a,c"
Shanghai,Projected_Area,505.3756,0.2755602896,"a,c"
Guangzhou,Projected_Area,520.1975,-0.005572000984,"a,c"
Shanghai,Projected_Area,119.0209,-1.64653182,"a,c"
Beijing,Projected_Area,753.3756,0.4012759924,"a,c"
Shanghai,Projected_Area,209.7363,-1.56842196,"a,c"
Beijing,Projected_Area,385.2988,0.235902071,"a,c"
Beijing,Projected_Area,583.866,0.1622256786,"a,c"
Wuhan,Projected_Area,592.1746,0.1214043498,"a,c"
Shanghai,Projected_Area,555.9035,0.05609739199,"a,c"
Guangzhou,Projected_Area,145.8383,-0.9034996629,"a,c"
Shanghai,Projected_Area,526.2101,0.1144280732,"a,c"
Shanghai,Projected_Area,538.3379,0.03932347149,"a,c"
Shanghai,Projected_Area,400.8643,0.1407410949,"a,c"
Shanghai,Projected_Area,256.9678,-0.2685984075,"a,c"
Beijing,Projected_Area,384.101,0.04369165748,"a,c"
Shanghai,Projected_Area,113.2049,-1.681877613,"a,c"
Guangzhou,Projected_Area,131.635,-1.60415864,"a,c"
Beijing,Projected_Area,507.3569,0.009028205648,"a,c"
Wuhan,Projected_Area,324.9332,-0.001032989938,"a,c"
Beijing,Projected_Area,542.3053,-0.06086241081,"a,c"
Wuhan,Projected_Area,626.36,0.5307709575,"a,c"
Shanghai,Projected_Area,513.7471,0.2053744793,"a,c"
Shanghai,Projected_Area,933.6512,0.3492027819,"a,c"
Shanghai,Projected_Area,125.2598,-1.909930348,"a,c"
Shanghai,Projected_Area,157.3466,-1.844040394,"a,c"
Shanghai,Projected_Area,367.0937,-0.09638836235,"a,c"
Beijing,Projected_Area,535.9847,-0.07064178586,"a,c"
Beijing,Projected_Area,258.7396,0.2424800843,"a,c"
Beijing,Projected_Area,426.4319,0.2383446544,"a,c"
Guangzhou,Projected_Area,187.7754,-1.69548142,"a,c"
Shanghai,Projected_Area,303.2353,-0.2960852087,"a,c"
Shanghai,Projected_Area,451.1041,0.3509684503,"a,c"
Beijing,Projected_Area,187.5876,-1.970887184,"a,c"
Guangzhou,Projected_Area,170.5769,-1.492316008,"a,c"
Beijing,Projected_Area,520.0582,-0.002952667419,"a,c"
Shanghai,Projected_Area,136.3348,-1.611591101,"a,c"
Beijing,Projected_Area,811.4121,0.3641250432,"a,c"
Shanghai,Projected_Area,288.0767,-0.009493167512,"a,c"
Guangzhou,Projected_Area,145.3769,-1.447179198,"a,c"
Shanghai,Projected_Area,188.0087,-2.044238806,"a,c"
Shanghai,Projected_Area,350.0321,-0.04705384001,"a,c"
Wuhan,Projected_Area,586.8525,0.1831802577,"a,c"
Guangzhou,Projected_Area,1328.7125,0.7714180946,"a,c"
Shanghai,Projected_Area,278.0098,-0.357090354,"a,c"
Shanghai,Projected_Area,282.2749,-0.1705409884,"a,c"
Shanghai,Projected_Area,499.1479,0.06311276555,"a,c"
Beijing,Projected_Area,272.3847,-0.2937565148,"a,c"
Beijing,Projected_Area,515.0013,-0.08269811422,"a,c"
Guangzhou,Projected_Area,209.3381,-1.355488658,"a,c"
Shanghai,Projected_Area,645.0522,0.5131957531,"a,c"
Beijing,Projected_Area,537.3464,-0.0797906965,"a,c"
Shanghai,Projected_Area,741.9565,0.6472285986,"a,c"
Shanghai,Projected_Area,196.3742,-2.126894951,"a,c"
Beijing,Projected_Area,148.2822,-1.715587974,"a,c"
Shanghai,Projected_Area,112.671,-1.269933581,"a,c"
Shanghai,Projected_Area,192.3728,-2.108177423,"a,c"
Beijing,Projected_Area,129.5495,-0.9864323735,"a,c"
Beijing,Projected_Area,218.2761,-1.261588216,"a,c"
Shanghai,Projected_Area,795.3866,1.076197505,"a,c"
Shanghai,Projected_Area,348.3094,0.0667501837,"a,c"
Shanghai,Projected_Area,301.8296,-0.2734310031,"a,c"
Shanghai,Projected_Area,649.5561,0.5579221249,"a,c"
Shanghai,Projected_Area,131.9198,-1.839553356,"a,c"
Shanghai,Projected_Area,229.6738,-1.744917393,"a,c"
Guangzhou,Projected_Area,729.7896,0.3211799264,"a,c"
Shanghai,Projected_Area,250.1568,-0.8089413047,"a,c"
Shanghai,Projected_Area,564.4136,0.01060158759,"a,c"
Shanghai,Projected_Area,298.6043,-0.2796637416,"a,c"
Shanghai,Projected_Area,312.7655,0.1942501366,"a,c"
Shanghai,Projected_Area,436.3431,0.3206937611,"a,c"
Shanghai,Projected_Area,315.981,0.017217502,"a,c"
Wuhan,Projected_Area,213.5373,-1.123418927,"a,c"
Guangzhou,Projected_Area,501.425,0.1116003171,"a,c"
Wuhan,Projected_Area,501.1178,0.2164401412,"a,c"
Guangzhou,Projected_Area,169.135,-1.67927289,"a,c"
Beijing,Projected_Area,601.8978,0.3868670464,"a,c"
Guangzhou,Projected_Area,203.9156,0.1470365375,"a,c"
Shanghai,Projected_Area,357.4335,-0.1227196679,"a,c"
Beijing,Projected_Area,471.043,0.08782338351,"a,c"
Beijing,Projected_Area,192.65,-2.007794857,"a,c"
Shanghai,Projected_Area,120.0508,-1.522339702,"a,c"
Guangzhou,Projected_Area,933.6374,0.4892083704,"a,c"
Shanghai,Projected_Area,129.2538,-1.6803509,"a,c"
Shanghai,Projected_Area,608.505,0.4454161525,"a,c"
Beijing,Projected_Area,593.8353,0.357129693,"a,c"
Shanghai,Projected_Area,157.6656,-1.804678202,"a,c"
Shanghai,Projected_Area,129.8653,-1.648478389,"a,c"
Beijing,Projected_Area,109.1537,-1.39036417,"a,c"
Shanghai,Projected_Area,244.7945,-1.260942817,"a,c"
Shanghai,Projected_Area,494.5539,0.2771956623,"a,c"
Beijing,Projected_Area,1230.8997,0.6444287896,"a,c"
Wuhan,Projected_Area,502.82,0.2007762045,"a,c"
Shanghai,Projected_Area,133.6862,-1.649842739,"a,c"
Shanghai,Projected_Area,319.2428,-0.09566467255,"a,c"
Shanghai,Projected_Area,284.6075,-0.1199256703,"a,c"
Shanghai,Projected_Area,630.3408,0.5258899331,"a,c"
Wuhan,Projected_Area,251.0068,-0.3578477204,"a,c"
Shanghai,Projected_Area,710.8412,0.3457321823,"a,c"
Shanghai,Projected_Area,708.8172,0.387968868,"a,c"
Shanghai,Projected_Area,490.517,0.1035199314,"a,c"
Beijing,Projected_Area,958.4683,0.4587332904,"a,c"
Beijing,Projected_Area,176.3201,-1.714506388,"a,c"
Shanghai,Projected_Area,468.0148,0.2258088887,"a,c"
Shanghai,Projected_Area,539.16,0.1482643038,"a,c"
Shanghai,Projected_Area,556.8509,0.09965652972,"a,c"
Shanghai,Projected_Area,880.7403,0.159424454,"a,c"
Shanghai,Projected_Area,165.1521,-1.750121474,"a,c"
Wuhan,Projected_Area,527.7916,0.06969145685,"a,c"
Shanghai,Projected_Area,379.4787,0.005686330143,"a,c"
Shanghai,Projected_Area,227.9535,-1.698833585,"a,c"
Beijing,Projected_Area,768.4146,0.4300255477,"a,c"
Shanghai,Projected_Area,161.5645,-1.623571754,"a,c"
Beijing,Projected_Area,306.6674,-0.3039829731,"a,c"
Guangzhou,Projected_Area,237.7672,-1.893076658,"a,c"
Shanghai,Projected_Area,738.5665,0.74545753,"a,c"
Beijing,Projected_Area,176.7033,-1.709208846,"a,c"
Shanghai,Projected_Area,263.3552,-0.3047071099,"a,c"
Shanghai,Projected_Area,446.1664,0.376886934,"a,c"
Shanghai,Projected_Area,306.3416,-0.213531062,"a,c"
Shanghai,Projected_Area,426.746,0.5180789232,"a,c"
Shanghai,Projected_Area,590.1844,0.3237723112,"a,c"
Wuhan,Projected_Area,693.2646,0.6728920937,"a,c"
Shanghai,Projected_Area,480.0468,0.3390471339,"a,c"
Shanghai,Projected_Area,354.1832,-0.02769568935,"a,c"
Shanghai,Projected_Area,428.492,0.415686518,"a,c"
Shanghai,Projected_Area,311.9888,0.2260525227,"a,c"
Beijing,Projected_Area,376.184,0.0169359073,"a,c"
Shanghai,Projected_Area,222.3372,-1.550862312,"a,c"
Shanghai,Projected_Area,449.5915,0.3912117183,"a,c"
Shanghai,Projected_Area,531.3381,0.0101779094,"a,c"
Wuhan,Projected_Area,235.7968,-1.477856755,"a,c"
Shanghai,Projected_Area,124.3101,-2.014085531,"a,c"
Shanghai,Projected_Area,358.5196,0.1553442627,"a,c"
Shanghai,Projected_Area,395.3333,0.04240838438,"a,c"
Beijing,Projected_Area,411.1637,0.05491261929,"a,c"
Shanghai,Projected_Area,303.7746,-0.2215472013,"a,c"
Wuhan,Projected_Area,662.7989,0.3534847796,"a,c"
Guangzhou,Projected_Area,1393.8958,0.8292113543,"a,c"
Beijing,Projected_Area,913.0728,0.3014251888,"a,c"
Wuhan,Projected_Area,526.1569,-0.0260542687,"a,c"
Wuhan,Projected_Area,146.5115,-1.063322663,"a,c"
Guangzhou,Projected_Area,133.4917,-1.409379244,"a,c"
Shanghai,Projected_Area,729.4757,0.4574345946,"a,c"
Guangzhou,Projected_Area,112.6802,-1.617141485,"a,c"
Shanghai,Projected_Area,835.7348,0.6273157597,"a,c"
Shanghai,Projected_Area,732.7333,0.7139482498,"a,c"
Beijing,Projected_Area,562.1007,-0.0466215238,"a,c"
Shanghai,Projected_Area,201.7596,-1.131637692,"a,c"
Guangzhou,Projected_Area,1066.3308,0.6382827163,"a,c"
Beijing,Projected_Area,143.4719,-2.034758091,"a,c"
Shanghai,Projected_Area,391.2787,0.1092567593,"a,c"
Shanghai,Projected_Area,573.503,-0.01486100908,"a,c"
Shanghai,Projected_Area,788.9673,0.5082407594,"a,c"
Guangzhou,Projected_Area,551.1727,-0.1045235693,"a,c"
Shanghai,Projected_Area,253.0008,-0.7728224993,"a,c"
Shanghai,Projected_Area,122.6575,-1.374710202,"a,c"
Shanghai,Projected_Area,438.5178,0.32299456,"a,c"
Shanghai,Projected_Area,394.1935,0.2029074878,"a,c"
Guangzhou,Projected_Area,92.4484,-1.343641043,"a,c"
Shanghai,Projected_Area,700.8705,0.5379208922,"a,c"
Guangzhou,Projected_Area,1252.9399,0.8427820206,"a,c"
Guangzhou,Projected_Area,162.253,-1.58519423,"a,c"
Shanghai,Projected_Area,190.5432,-2.067889452,"a,c"
Shanghai,Projected_Area,264.3212,-0.194912672,"a,c"
Beijing,Projected_Area,247.3999,-0.4926860631,"a,c"
Shanghai,Projected_Area,405.7711,0.2651005983,"a,c"
Wuhan,Projected_Area,813.4762,0.6239309311,"a,c"
Shanghai,Projected_Area,145.8827,-2.175775051,"a,c"
Wuhan,Projected_Area,861.066,0.6332893372,"a,c"
Shanghai,Projected_Area,316.3319,0.1749484092,"a,c"
Shanghai,Projected_Area,232.442,-1.227143764,"a,c"
Guangzhou,Projected_Area,588.7298,0.1633078307,"a,c"
Shanghai,Projected_Area,124.7397,-1.341596007,"a,c"
Beijing,Projected_Area,693.0838,0.4121806026,"a,c"
Wuhan,Projected_Area,479.2797,0.1814681292,"a,c"
Shanghai,Projected_Area,441.4629,0.4193946421,"a,c"
Shanghai,Projected_Area,518.3718,0.1383038461,"a,c"
Beijing,Projected_Area,137.3383,-1.892068028,"a,c"
Wuhan,Projected_Area,140.8729,-1.149558067,"a,c"
Shanghai,Projected_Area,522.9171,0.07230475545,"a,c"
Shanghai,Projected_Area,643.6435,0.8196769953,"a,c"
Beijing,Projected_Area,539.4802,0.02747259848,"a,c"
Shanghai,Projected_Area,487.1984,0.1704562902,"a,c"
Beijing,Projected_Area,345.2068,0.2294368893,"a,c"
Shanghai,Projected_Area,139.3006,-1.788754821,"a,c"
Guangzhou,Projected_Area,131.3516,-1.512840271,"a,c"
Shanghai,Projected_Area,331.3155,0.06954679638,"a,c"
Shanghai,Projected_Area,150.8336,-1.933753967,"a,c"
Shanghai,Projected_Area,637.9304,0.5186082125,"a,c"
Shanghai,Projected_Area,429.0423,0.4133996069,"a,c"
Wuhan,Projected_Area,121.0669,-1.699584723,"a,c"
Wuhan,Projected_Area,678.4186,0.4861863852,"a,c"
Shanghai,Projected_Area,449.4205,0.5872686505,"a,c"
Shanghai,Projected_Area,95.7676,-1.389136434,"a,c"
Shanghai,Projected_Area,210.7454,-1.402438164,"a,c"
Shanghai,Projected_Area,298.1691,-0.2404730469,"a,c"
Shanghai,Projected_Area,471.9207,0.3494362533,"a,c"
Shanghai,Projected_Area,127.9464,-1.800082326,"a,c"
Shanghai,Projected_Area,345.0373,0.02583684586,"a,c"
Beijing,Projected_Area,541.6597,-0.05963311717,"a,c"
Guangzhou,Projected_Area,808.8121,0.814699769,"a,c"
Shanghai,Projected_Area,516.0239,0.1229762137,"a,c"
Shanghai,Projected_Area,418.2317,0.1221830249,"a,c"
Guangzhou,Projected_Area,102.9463,-1.565024376,"a,c"
Beijing,Projected_Area,605.0991,0.5033531785,"a,c"
Shanghai,Projected_Area,116.0303,-1.634389281,"a,c"
Beijing,Projected_Area,142.3397,-2.1579144,"a,c"
Beijing,Projected_Area,162.5206,-2.204651833,"a,c"
Shanghai,Projected_Area,1262.8599,0.562274158,"a,c"
Guangzhou,Projected_Area,115.658,-1.709614038,"a,c"
Shanghai,Projected_Area,99.5167,-1.736385703,"a,c"
Wuhan,Projected_Area,333.2348,0.02962865867,"a,c"
Shanghai,Projected_Area,231.8807,-0.9570990205,"a,c"
Shanghai,Projected_Area,257.6328,-0.1896370649,"a,c"
Shanghai,Projected_Area,689.196,0.5689386725,"a,c"
Wuhan,Projected_Area,661.6938,0.3100408018,"a,c"
Shanghai,Projected_Area,161.5164,-2.005132437,"a,c"
Shanghai,Projected_Area,83.5829,-1.320779443,"a,c"
Shanghai,Projected_Area,174.1117,-2.341666937,"a,c"
Shanghai,Projected_Area,297.9216,0.1757858843,"a,c"
Guangzhou,Projected_Area,704.0091,0.3054369688,"a,c"
Wuhan,Projected_Area,407.7881,0.05144916475,"a,c"
Guangzhou,Projected_Area,302.5834,-0.08851745725,"a,c"
Shanghai,Projected_Area,159.1391,-2.004341364,"a,c"
Wuhan,Projected_Area,311.4279,0.3573744297,"a,c"
Guangzhou,Projected_Area,213.8315,-1.450602651,"a,c"
Wuhan,Projected_Area,694.4192,0.4331422448,"a,c"
Wuhan,Projected_Area,483.5628,-0.3071910143,"a,c"
Shanghai,Projected_Area,995.1283,0.1918070167,"a,c"
Guangzhou,Projected_Area,361.9779,-0.1431166828,"a,c"
Shanghai,Projected_Area,172.9438,-1.912841558,"a,c"
Guangzhou,Projected_Area,119.9593,-1.216421962,"a,c"
Wuhan,Projected_Area,148.1335,-1.795133114,"a,c"
Shanghai,Projected_Area,93.5579,-1.290534973,"a,c"
Shanghai,Projected_Area,167.1045,-1.845891714,"a,c"
Shanghai,Projected_Area,131.8421,-1.562670827,"a,c"
Wuhan,Projected_Area,734.477,0.5127318501,"a,c"
Beijing,Projected_Area,213.2283,-1.308858633,"a,c"
Shanghai,Projected_Area,245.6647,-1.299892068,"a,c"
Shanghai,Projected_Area,200.8014,-0.9711408615,"a,c"
Wuhan,Projected_Area,503.1073,0.264919132,"a,c"
Shanghai,Projected_Area,231.2083,-1.240137219,"a,c"
Shanghai,Projected_Area,119.4418,-1.64653182,"a,c"
Wuhan,Projected_Area,115.7389,-1.030840516,"a,c"
Shanghai,Projected_Area,144.1162,-1.779901147,"a,c"
Shanghai,Projected_Area,687.3382,0.566611886,"a,c"
Shanghai,Projected_Area,278.7757,-0.3524871171,"a,c"
Shanghai,Projected_Area,331.5524,0.06896086782,"a,c"
Shanghai,Projected_Area,203.2388,-0.7584426403,"a,c"
Wuhan,Projected_Area,790.2556,0.9371960163,"a,c"
Guangzhou,Projected_Area,97.4124,-1.334040642,"a,c"
Wuhan,Projected_Area,423.6972,-0.02882771753,"a,c"
Wuhan,Projected_Area,243.8173,-1.464853525,"a,c"
Beijing,Projected_Area,190.3873,-2.40969348,"a,c"
Shanghai,Projected_Area,380.8683,0.07886311412,"a,c"
Wuhan,Projected_Area,252.4804,-0.5241551399,"a,c"
Beijing,Projected_Area,306.2744,-0.1601092517,"a,c"
Shanghai,Projected_Area,588.2064,0.294339478,"a,c"
Shanghai,Projected_Area,161.9999,-2.073638678,"a,c"
Wuhan,Projected_Area,763.488,0.5742154717,"a,c"
Beijing,Projected_Area,565.5196,-0.07185614109,"a,c"
Guangzhou,Projected_Area,183.6659,-1.666712046,"a,c"
Wuhan,Projected_Area,186.9083,-1.794360876,"a,c"
Beijing,Projected_Area,360.3929,-0.0957171768,"a,c"
Shanghai,Projected_Area,166.2067,-1.924001098,"a,c"
Wuhan,Projected_Area,223.801,-1.095885158,"a,c"
Beijing,Projected_Area,530.6294,-0.2960906625,"a,c"
Wuhan,Projected_Area,146.049,-1.815339684,"a,c"
Shanghai,Projected_Area,150.3997,-1.767052174,"a,c"
Wuhan,Projected_Area,544.6508,0.08877818286,"a,c"
Shanghai,Projected_Area,238.1627,-1.516513467,"a,c"
Shanghai,Projected_Area,135.4384,-1.692463875,"a,c"
Shanghai,Projected_Area,111.6429,-0.8427709341,"a,c"
Wuhan,Projected_Area,183.6573,-1.302639842,"a,c"
Shanghai,Projected_Area,193.445,-2.345020294,"a,c"
Wuhan,Projected_Area,896.2612,0.5042737722,"a,c"
Shanghai,Projected_Area,378.4024,0.04830307886,"a,c"
Beijing,Projected_Area,226.102,-1.104873657,"a,c"
Shanghai,Projected_Area,200.291,-0.7865769267,"a,c"
Shanghai,Projected_Area,1345.3949,0.9036622643,"a,c"
Shanghai,Projected_Area,466.0214,0.03439341113,"a,c"
Shanghai,Projected_Area,399.3831,0.04623879865,"a,c"
Wuhan,Projected_Area,327.5364,0.210465014,"a,c"
Shanghai,Projected_Area,221.4021,-1.643463254,"a,c"
Shanghai,Projected_Area,266.6129,-0.3023028672,"a,c"
Beijing,Projected_Area,987.9954,0.4130145907,"a,c"
Beijing,Projected_Area,126.454,-1.36536777,"a,c"
Shanghai,Projected_Area,133.9723,-2.012483835,"a,c"
Beijing,Projected_Area,488.2902,0.4319462478,"a,c"
Shanghai,Projected_Area,422.0628,0.1566819102,"a,c"
Wuhan,Projected_Area,188.9507,-1.551668882,"a,c"
Shanghai,Projected_Area,417.9899,0.02695036866,"a,c"
Shanghai,Projected_Area,400.7359,0.1226416677,"a,c"
Shanghai,Projected_Area,411.8818,0.2361539602,"a,c"
Shanghai,Projected_Area,247.5497,-0.8382745981,"a,c"
Wuhan,Projected_Area,513.4213,-0.1327227652,"a,c"
Shanghai,Projected_Area,193.3163,-2.055578232,"a,c"
Shanghai,Projected_Area,647.7345,0.5706140399,"a,c"
Shanghai,Projected_Area,146.1638,-1.928518653,"a,c"
Shanghai,Projected_Area,786.675,0.8542181253,"a,c"
Shanghai,Projected_Area,573.4221,-0.1726064831,"a,c"
Shanghai,Projected_Area,624.4521,0.4260586798,"a,c"
Shanghai,Projected_Area,647.5552,0.4959384799,"a,c"
Beijing,Projected_Area,887.008,0.217151612,"a,c"
Shanghai,Projected_Area,438.6672,0.3216634691,"a,c"
Beijing,Projected_Area,191.5221,-1.333102822,"a,c"
Guangzhou,Projected_Area,402.8291,0.07588098198,"a,c"
Shanghai,Projected_Area,445.4547,0.1429407746,"a,c"
Beijing,Projected_Area,140.9083,-2.249838114,"a,c"
Wuhan,Projected_Area,1000.1906,0.2756592631,"a,c"
Shanghai,Projected_Area,329.7532,0.5702178478,"a,c"
Shanghai,Projected_Area,151.9351,-1.54533577,"a,c"
Shanghai,Projected_Area,337.3112,0.05204365402,"a,c"
Shanghai,Projected_Area,175.9898,-1.734207988,"a,c"
Shanghai,Projected_Area,475.2789,0.2137357146,"a,c"
Shanghai,Projected_Area,569.6028,0.009351137094,"a,c"
Shanghai,Projected_Area,116.4754,-1.553707004,"a,c"
Shanghai,Projected_Area,348.2627,-0.004629352596,"a,c"
Wuhan,Projected_Area,530.8417,-0.04334953055,"a,c"
Shanghai,Projected_Area,261.6996,-0.0007146904245,"a,c"
Beijing,Projected_Area,613.6779,0.1761909425,"a,c"
Shanghai,Projected_Area,985.3148,0.2238938808,"a,c"
Shanghai,Projected_Area,213.9394,-1.558493972,"a,c"
Shanghai,Projected_Area,100.804,-2.030552864,"a,c"
Shanghai,Projected_Area,275.4511,-0.2097332329,"a,c"
Shanghai,Projected_Area,279.5074,-0.195376277,"a,c"
Shanghai,Projected_Area,637.6571,0.4429435432,"a,c"
Beijing,Projected_Area,728.0649,0.4523675442,"a,c"
Wuhan,Projected_Area,445.4583,0.3576723635,"a,c"
Shanghai,Projected_Area,242.0398,-1.409254313,"a,c"
Shanghai,Projected_Area,356.9952,0.06917313486,"a,c"
Beijing,Projected_Area,132.0489,-1.600498199,"a,c"
Shanghai,Projected_Area,443.4753,0.2756702602,"a,c"
Wuhan,Projected_Area,284.8658,-0.2322374433,"a,c"
Shanghai,Projected_Area,559.3582,-0.0135151986,"a,c"
Wuhan,Projected_Area,184.7732,-1.91342175,"a,c"
Wuhan,Projected_Area,427.9214,0.3711768985,"a,c"
Shanghai,Projected_Area,289.5381,-0.1850111783,"a,c"
Wuhan,Projected_Area,85.8224,-1.58234477,"a,c"
Shanghai,Projected_Area,445.0853,0.2180698514,"a,c"
Shanghai,Projected_Area,533.7203,0.1323398054,"a,c"
Shanghai,Projected_Area,137.8596,-1.744654894,"a,c"
Shanghai,Projected_Area,174.4166,-1.896847963,"a,c"
Shanghai,Projected_Area,561.9456,0.04279262945,"a,c"
Wuhan,Projected_Area,721.5682,0.4112273455,"a,c"
Guangzhou,Projected_Area,310.2586,0.004487940576,"a,c"
Shanghai,Projected_Area,220.7666,-1.763690233,"a,c"
Shanghai,Projected_Area,149.7984,-1.814586043,"a,c"
Shanghai,Projected_Area,373.7763,0.0406100899,"a,c"
Wuhan,Projected_Area,462.6655,0.2383402586,"a,c"
Beijing,Projected_Area,141.3857,-1.521276593,"a,c"
Wuhan,Projected_Area,151.6944,-1.549351215,"a,c"
Shanghai,Projected_Area,229.8525,-1.52900064,"a,c"
Shanghai,Projected_Area,739.9184,0.5494340062,"a,c"
Shanghai,Projected_Area,879.815,0.2928625643,"a,c"
Shanghai,Projected_Area,409.6519,0.06206874177,"a,c"
Shanghai,Projected_Area,109.6876,-1.788559437,"a,c"
Shanghai,Projected_Area,303.6528,-0.2175433487,"a,c"
Shanghai,Projected_Area,268.0171,-0.09547387064,"a,c"
Shanghai,Projected_Area,308.123,0.1707861274,"a,c"
Shanghai,Projected_Area,330.8262,0.09187815338,"a,c"
Guangzhou,Projected_Area,1532.3238,0.7871988416,"a,c"
Shanghai,Projected_Area,445.6065,0.2563009262,"a,c"
Shanghai,Projected_Area,133.2977,-1.374629736,"a,c"
Wuhan,Projected_Area,352.1383,0.01287266519,"a,c"
Shanghai,Projected_Area,212.0234,-1.675656915,"a,c"
Shanghai,Projected_Area,416.9692,0.0735290274,"a,c"
Shanghai,Projected_Area,231.019,-1.567340612,"a,c"
Guangzhou,Projected_Area,156.8045,-1.013813615,"a,c"
Shanghai,Projected_Area,142.2129,-2.24951601,"a,c"
Shanghai,Projected_Area,327.1843,-0.006598449778,"a,c"
Beijing,Projected_Area,156.4659,-1.698117614,"a,c"
Beijing,Projected_Area,163.7464,-2.333118439,"a,c"
Shanghai,Projected_Area,365.9879,-0.1482751071,"a,c"
Beijing,Projected_Area,435.1769,0.4207530022,"a,c"
Beijing,Projected_Area,817.6663,0.7036471367,"a,c"
Shanghai,Projected_Area,475.3736,0.408180356,"a,c"
Guangzhou,Projected_Area,310.387,-0.06850791723,"a,c"
Shanghai,Projected_Area,282.8173,-0.3081921637,"a,c"
Shanghai,Projected_Area,552.5169,0.09342900664,"a,c"
Shanghai,Projected_Area,201.6968,-1.153778791,"a,c"
Wuhan,Projected_Area,779.1952,0.4168600142,"a,c"
Wuhan,Projected_Area,788.8852,0.5100619197,"a,c"
Shanghai,Projected_Area,624.1319,0.4510079324,"a,c"
Shanghai,Projected_Area,118.1245,-1.593709707,"a,c"
Shanghai,Projected_Area,766.0481,0.6862489581,"a,c"
Beijing,Projected_Area,415.4527,-0.0516279228,"a,c"
Guangzhou,Projected_Area,149.3626,-1.361709952,"a,c"
Guangzhou,Projected_Area,113.971,-1.172512412,"a,c"
Shanghai,Projected_Area,414.16,0.1264917552,"a,c"
Guangzhou,Projected_Area,612.2284,0.3336828351,"a,c"
Shanghai,Projected_Area,267.1644,-0.278340131,"a,c"
Shanghai,Projected_Area,403.9447,0.09802662581,"a,c"
Wuhan,Projected_Area,1022.1474,0.481554389,"a,c"
Shanghai,Projected_Area,139.5992,-1.665687442,"a,c"
Shanghai,Projected_Area,208.7594,-1.64980042,"a,c"
Shanghai,Projected_Area,125.828,-2.174535513,"a,c"
Shanghai,Projected_Area,370.3912,0.07487381995,"a,c"
Shanghai,Projected_Area,762.3622,0.7465469837,"a,c"
Shanghai,Projected_Area,160.4232,-1.814639568,"a,c"
Shanghai,Projected_Area,127.2905,-1.522228122,"a,c"
Wuhan,Projected_Area,937.1001,0.5599928498,"a,c"
Shanghai,Projected_Area,128.1028,-1.907782912,"a,c"
Shanghai,Projected_Area,428.5092,0.5543025136,"a,c"
Shanghai,Projected_Area,90.4779,-0.8879700303,"a,c"
Shanghai,Projected_Area,224.253,-1.259833336,"a,c"
Shanghai,Projected_Area,304.8345,-0.1939405948,"a,c"
Shanghai,Projected_Area,560.2568,0.05674181134,"a,c"
Shanghai,Projected_Area,441.9812,0.3545010686,"a,c"
Beijing,Projected_Area,654.1139,0.4797870815,"a,c"
Guangzhou,Projected_Area,1345.0926,0.9426090717,"a,c"
Shanghai,Projected_Area,496.9094,0.2223798931,"a,c"
Guangzhou,Projected_Area,137.0813,-1.478000164,"a,c"
Shanghai,Projected_Area,253.3086,-0.844753921,"a,c"
Shanghai,Projected_Area,383.3778,0.009574229829,"a,c"
Shanghai,Projected_Area,546.7062,0.07112968713,"a,c"
Shanghai,Projected_Area,457.3622,0.1989449412,"a,c"
Shanghai,Projected_Area,352.4854,-0.0719608143,"a,c"
Beijing,Projected_Area,142.3118,-2.095756054,"a,c"
Shanghai,Projected_Area,427.2149,0.6202840805,"a,c"
Shanghai,Projected_Area,431.4349,0.2770236433,"a,c"
Beijing,Projected_Area,186.5792,-1.715885758,"a,c"
Shanghai,Projected_Area,190.5383,-2.005528212,"a,c"
Guangzhou,Projected_Area,97.4878,-1.053956747,"a,c"
Wuhan,Projected_Area,1369.1318,0.9803122878,"a,c"
Wuhan,Projected_Area,1046.1826,0.6497116685,"a,c"
Wuhan,Projected_Area,985.3283,0.2660702169,"a,c"
Wuhan,Projected_Area,374.5851,0.001951313578,"a,c"
Guangzhou,Projected_Area,326.5282,-0.1408389062,"a,c"
Wuhan,Projected_Area,160.4459,-1.951341271,"a,c"
Shanghai,Projected_Area,1180.6764,0.6870543361,"a,c"
Guangzhou,Projected_Area,282.4219,-0.2011385262,"a,c"
Beijing,Projected_Area,359.9763,-0.01463132445,"a,c"
Shanghai,Projected_Area,121.777,-1.789091349,"a,c"
Shanghai,Projected_Area,145.0455,-1.911591649,"a,c"
Shanghai,Projected_Area,183.0831,-2.171728611,"a,c"
Shanghai,Projected_Area,352.5984,-0.08246639371,"a,c"
Shanghai,Projected_Area,350.5119,-0.1817922592,"a,c"
Wuhan,Projected_Area,367.7684,-0.09416358173,"a,c"
Shanghai,Projected_Area,1089.8099,0.5886521339,"a,c"
Shanghai,Projected_Area,252.2367,-0.7627964616,"a,c"
Wuhan,Projected_Area,133.727,-1.616818905,"a,c"
Wuhan,Projected_Area,907.7554,0.360365808,"a,c"
Shanghai,Projected_Area,196.9972,-0.9089965224,"a,c"
Shanghai,Projected_Area,218.4267,-1.498590112,"a,c"
Beijing,Projected_Area,120.6724,-1.278919697,"a,c"
Shanghai,Projected_Area,467.3099,0.1867950708,"a,c"
Beijing,Projected_Area,493.6011,0.2856859565,"a,c"
Beijing,Projected_Area,975.9024,0.5836427212,"a,c"
Shanghai,Projected_Area,556.6996,0.06820642203,"a,c"
Wuhan,Projected_Area,193.9928,-1.805320382,"a,c"
Wuhan,Projected_Area,1050.081,0.5987750888,"a,c"
Beijing,Projected_Area,340.9796,-0.05524119735,"a,c"
Wuhan,Projected_Area,489.1397,0.2829376757,"a,c"
Wuhan,Projected_Area,579.7173,-0.07500692457,"a,c"
Beijing,Projected_Area,210.8766,-1.231486917,"a,c"
Wuhan,Projected_Area,316.9148,0.03067613207,"a,c"
Wuhan,Projected_Area,131.8661,-1.984850764,"a,c"
Beijing,Projected_Area,101.2748,-1.868318439,"a,c"
Shanghai,Projected_Area,605.0873,0.40769279,"a,c"
Beijing,Projected_Area,384.0482,-0.03444044665,"a,c"
Beijing,Projected_Area,604.9548,0.3485782743,"a,c"
Shanghai,Projected_Area,421.0268,0.1640950143,"a,c"
Beijing,Projected_Area,513.1417,-0.1082496196,"a,c"
Wuhan,Projected_Area,443.6295,0.204360038,"a,c"
Guangzhou,Projected_Area,655.9981,0.3404204547,"a,c"
Shanghai,Projected_Area,477.3784,0.3612110913,"a,c"
Shanghai,Projected_Area,292.7717,-0.262016207,"a,c"
Wuhan,Projected_Area,316.1635,0.05117674172,"a,c"
Shanghai,Projected_Area,156.133,-1.935468793,"a,c"
Shanghai,Projected_Area,548.0743,-0.002295707352,"a,c"
Shanghai,Projected_Area,116.8306,-1.539704084,"a,c"
Beijing,Projected_Area,287.2568,-0.3889243603,"a,c"
Shanghai,Projected_Area,511.962,0.1275160164,"a,c"
Shanghai,Projected_Area,105.3364,-1.310024738,"a,c"
Guangzhou,Projected_Area,201.993,-0.7503241301,"a,c"
Shanghai,Projected_Area,237.4019,-1.538663864,"a,c"
Wuhan,Projected_Area,504.6783,0.04904252291,"a,c"
Guangzhou,Projected_Area,149.9952,-1.437606812,"a,c"
Beijing,Projected_Area,434.4842,0.2250978351,"a,c"
Shanghai,Projected_Area,203.1431,-1.095897079,"a,c"
Guangzhou,Projected_Area,182.7462,-1.445772171,"a,c"
Guangzhou,Projected_Area,118.5684,-1.413190246,"a,c"
Shanghai,Projected_Area,737.1545,0.6599195004,"a,c"
Shanghai,Projected_Area,530.9965,0.1194048002,"a,c"
Wuhan,Projected_Area,402.9232,0.04358183593,"a,c"
Shanghai,Projected_Area,466.7971,0.3888230622,"a,c"
Wuhan,Projected_Area,1210.8512,0.912825942,"a,c"
Guangzhou,Projected_Area,259.9081,0.283159703,"a,c"
Shanghai,Projected_Area,324.1019,0.2771742642,"a,c"
Wuhan,Projected_Area,543.7859,0.07049970329,"a,c"
Beijing,Projected_Area,231.1509,-0.9065414667,"a,c"
Shanghai,Projected_Area,316.7347,0.008671347052,"a,c"
Shanghai,Projected_Area,405.2134,0.1043951958,"a,c"
Shanghai,Projected_Area,189.8255,-1.968189716,"a,c"
Wuhan,Projected_Area,85.769,-1.274558783,"a,c"
Shanghai,Projected_Area,385.1736,0.04335764423,"a,c"
Guangzhou,Projected_Area,168.4496,-1.779613853,"a,c"
Shanghai,Projected_Area,87.7306,-1.697075009,"a,c"
Guangzhou,Projected_Area,118.8918,-1.473297596,"a,c"
Shanghai,Projected_Area,886.5776,0.2652869821,"a,c"
Shanghai,Projected_Area,538.9236,0.1978716552,"a,c"
Shanghai,Projected_Area,508.7524,0.1036903709,"a,c"
Shanghai,Projected_Area,333.9987,-0.01708266325,"a,c"
Beijing,Projected_Area,791.1672,1.250738978,"a,c"
Shanghai,Projected_Area,93.3006,-1.227302432,"a,c"
Shanghai,Projected_Area,195.1602,-1.819705248,"a,c"
Shanghai,Projected_Area,127.9324,-1.567496419,"a,c"
Wuhan,Projected_Area,442.8162,0.4152756929,"a,c"
Shanghai,Projected_Area,150.6426,-1.604667783,"a,c"
Shanghai,Projected_Area,578.4932,0.0572701022,"a,c"
Shanghai,Projected_Area,342.7478,-0.06835903972,"a,c"
Wuhan,Projected_Area,437.5739,0.3079853952,"a,c"
Shanghai,Projected_Area,594.2617,0.257150203,"a,c"
Guangzhou,Projected_Area,425.8006,0.247010991,"a,c"
Shanghai,Projected_Area,696.9281,0.4828582108,"a,c"
Wuhan,Projected_Area,347.576,0.08118218184,"a,c"
Shanghai,Projected_Area,430.2839,0.2966002822,"a,c"
Shanghai,Projected_Area,231.4498,-1.591447949,"a,c"
Beijing,Projected_Area,107.6253,-1.112067461,"a,c"
Beijing,Projected_Area,543.7316,0.03184618056,"a,c"
Shanghai,Projected_Area,659.6077,0.448605001,"a,c"
Shanghai,Projected_Area,426.6053,0.3003712893,"a,c"
Wuhan,Projected_Area,631.7282,0.4954845905,"a,c"
Shanghai,Projected_Area,325.5641,0.2954234481,"a,c"
Wuhan,Projected_Area,583.769,-0.1708893031,"a,c"
Wuhan,Projected_Area,88.2444,-1.635566115,"a,c"
Wuhan,Projected_Area,630.8286,0.5588077903,"a,c"
Beijing,Projected_Area,414.5202,0.05029197782,"a,c"
Guangzhou,Projected_Area,173.3622,-1.652665377,"a,c"
Wuhan,Projected_Area,141.1751,-1.172804713,"a,c"
Guangzhou,Projected_Area,1237.072,0.5878002644,"a,c"
Shanghai,Projected_Area,670.7748,0.4114610553,"a,c"
Shanghai,Projected_Area,181.8026,-1.589321136,"a,c"
Wuhan,Projected_Area,137.4888,-1.554022312,"a,c"
Shanghai,Projected_Area,391.044,0.1599627286,"a,c"
Shanghai,Projected_Area,274.9973,-0.1711305529,"a,c"
Shanghai,Projected_Area,598.6961,0.5604496598,"a,c"
Guangzhou,Projected_Area,1061.8995,0.8849396706,"a,c"
Shanghai,Projected_Area,111.3772,-1.917702079,"a,c"
Shanghai,Projected_Area,460.7275,0.3929249942,"a,c"
Shanghai,Projected_Area,258.4276,-0.315109849,"a,c"
Wuhan,Projected_Area,344.8234,-0.1946481019,"a,c"
Beijing,Projected_Area,504.4744,0.1124460101,"a,c"
Shanghai,Projected_Area,289.1568,-0.2460693121,"a,c"
Beijing,Projected_Area,519.7098,0.1105772406,"a,c"
Beijing,Projected_Area,326.7087,0.04089337587,"a,c"
Wuhan,Projected_Area,764.9371,0.5209941864,"a,c"
Shanghai,Projected_Area,377.1662,0.1034847125,"a,c"
Shanghai,Projected_Area,178.7828,-1.809361815,"a,c"
Shanghai,Projected_Area,491.0789,0.1746222675,"a,c"
Beijing,Projected_Area,84.6993,-1.78695178,"a,c"
Shanghai,Projected_Area,313.8035,0.1196339577,"a,c"
Shanghai,Projected_Area,1186.8926,0.6834996343,"a,c"
Beijing,Projected_Area,237.8399,-1.250543833,"a,c"
Guangzhou,Projected_Area,137.1677,-1.083210707,"a,c"
Shanghai,Projected_Area,442.1928,0.2889459431,"a,c"
Shanghai,Projected_Area,146.8603,-1.66331172,"a,c"
Shanghai,Projected_Area,479.4204,0.3063896596,"a,c"
Guangzhou,Projected_Area,513.7882,0.02300434746,"a,c"
Wuhan,Projected_Area,276.7129,-0.2656083703,"a,c"
Wuhan,Projected_Area,234.6343,-1.063626885,"a,c"
Shanghai,Projected_Area,159.9511,-1.876770973,"a,c"
Beijing,Projected_Area,187.8777,-1.566632271,"a,c"
Beijing,Projected_Area,626.0219,0.2073459923,"a,c"
Shanghai,Projected_Area,651.0604,0.4677687287,"a,c"
Shanghai,Projected_Area,567.7036,-0.02521081828,"a,c"
Guangzhou,Projected_Area,152.8848,-1.031486988,"a,c"
Wuhan,Projected_Area,298.2898,-0.2790101171,"a,c"
Shanghai,Projected_Area,185.8598,-2.152368546,"a,c"
Guangzhou,Projected_Area,481.935,0.09444051236,"a,c"
Wuhan,Projected_Area,251.959,-0.8079725504,"a,c"
Wuhan,Projected_Area,729.9738,0.474270612,"a,c"
Shanghai,Projected_Area,124.2489,-1.620771646,"a,c"
Wuhan,Projected_Area,357.8037,-0.05889153853,"a,c"
Shanghai,Projected_Area,337.609,0.480430603,"a,c"
Shanghai,Projected_Area,437.7753,0.4665854275,"a,c"
Shanghai,Projected_Area,198.7399,-1.106112599,"a,c"
Wuhan,Projected_Area,190.5137,-2.021196842,"a,c"
Shanghai,Projected_Area,331.2176,0.08602401614,"a,c"
Shanghai,Projected_Area,336.0689,0.335290134,"a,c"
Shanghai,Projected_Area,390.5598,-0.03559045866,"a,c"
Shanghai,Projected_Area,550.9246,0.01994941197,"a,c"
Shanghai,Projected_Area,262.2527,-0.06969861686,"a,c"
Shanghai,Projected_Area,220.8654,-1.677219629,"a,c"
Wuhan,Projected_Area,1224.1823,1.299452782,"a,c"
Wuhan,Projected_Area,411.4598,-0.1634324938,"a,c"
Shanghai,Projected_Area,305.4599,-0.3066245615,"a,c"
Shanghai,Projected_Area,160.4987,-2.101499081,"a,c"
Shanghai,Projected_Area,181.6965,-2.156327963,"a,c"
Shanghai,Projected_Area,191.5317,-2.152246714,"a,c"
Shanghai,Projected_Area,709.7609,0.6384119391,"a,c"
Wuhan,Projected_Area,650.1818,0.4846279621,"a,c"
Shanghai,Projected_Area,360.6655,-0.006263366435,"a,c"
Guangzhou,Projected_Area,248.4261,-0.8745123148,"a,c"
Beijing,Projected_Area,600.0424,0.444106102,"a,c"
Wuhan,Projected_Area,300.4466,-0.1677707434,"a,c"
Shanghai,Projected_Area,611.0428,0.2862260044,"a,c"
Beijing,Projected_Area,578.5866,-0.1732850969,"a,c"
Shanghai,Projected_Area,411.7904,0.1044290438,"a,c"
Shanghai,Projected_Area,914.228,0.4503854811,"a,c"
Wuhan,Projected_Area,314.2265,-0.1257372499,"a,c"
Beijing,Projected_Area,172.7765,-1.250994205,"a,c"
Beijing,Projected_Area,924.7522,0.2249845564,"a,c"
Shanghai,Projected_Area,417.0399,0.1706477106,"a,c"
Guangzhou,Projected_Area,519.0878,0.05703949556,"a,c"
Shanghai,Projected_Area,969.4875,0.534337461,"a,c"
Wuhan,Projected_Area,332.1327,-0.008988760412,"a,c"
Wuhan,Projected_Area,448.2537,0.2966769934,"a,c"
Shanghai,Projected_Area,613.4771,0.3426021934,"a,c"
Beijing,Projected_Area,549.7378,0.01669314131,"a,c"
Beijing,Projected_Area,482.6841,0.2185201496,"a,c"
Shanghai,Projected_Area,384.4181,0.06479115039,"a,c"
Wuhan,Projected_Area,818.3108,0.7465395927,"a,c"
Wuhan,Projected_Area,443.8359,0.1813070625,"a,c"
Shanghai,Projected_Area,197.347,-1.232675314,"a,c"
Wuhan,Projected_Area,662.0886,0.32306844,"a,c"
Shanghai,Projected_Area,417.3411,0.09327307343,"a,c"
Wuhan,Projected_Area,525.8804,0.1622109115,"a,c"
Shanghai,Projected_Area,441.3955,0.3236967325,"a,c"
Shanghai,Projected_Area,549.7809,-0.1619018018,"a,c"
Shanghai,Projected_Area,262.0244,-0.1877012849,"a,c"
Guangzhou,Projected_Area,372.5947,-0.07780648768,"a,c"
Shanghai,Projected_Area,416.3971,0.05656259507,"a,c"
Shanghai,Projected_Area,381.3111,0.006463033147,"a,c"
Wuhan,Projected_Area,564.8494,-0.1327733397,"a,c"
Shanghai,Projected_Area,156.6102,-1.905786276,"a,c"
Shanghai,Projected_Area,392.2411,-0.09194093943,"a,c"
Shanghai,Projected_Area,401.5539,-0.05936712027,"a,c"
Wuhan,Projected_Area,312.7363,-0.1162380725,"a,c"
Guangzhou,Projected_Area,180.9697,-1.764001369,"a,c"
Shanghai,Projected_Area,124.9174,-1.545194745,"a,c"
Shanghai,Projected_Area,306.7592,-0.18763569,"a,c"
Shanghai,Projected_Area,517.5612,-0.04020100832,"a,c"
Wuhan,Projected_Area,656.6709,0.2035315633,"a,c"
Wuhan,Projected_Area,399.9952,-0.04254925996,"a,c"
Beijing,Projected_Area,579.7014,-0.1361678839,"a,c"
Wuhan,Projected_Area,772.826,-0.004424596205,"a,c"
Beijing,Projected_Area,161.2434,-1.749108434,"a,c"
Shanghai,Projected_Area,684.7753,0.6292479038,"a,c"
Guangzhou,Projected_Area,167.3394,-1.617766976,"a,c"
Wuhan,Projected_Area,316.8534,-0.123535879,"a,c"
Shanghai,Projected_Area,631.3029,0.5382374525,"a,c"
Shanghai,Projected_Area,735.3423,0.6562373042,"a,c"
Shanghai,Projected_Area,540.661,0.01280864049,"a,c"
Beijing,Projected_Area,147.8978,-1.165774941,"a,c"
Wuhan,Projected_Area,876.2128,0.4302123487,"a,c"
Wuhan,Projected_Area,539.8052,0.05571340397,"a,c"
Shanghai,Projected_Area,97.717,-1.494161963,"a,c"
Shanghai,Projected_Area,439.3043,0.3396745026,"a,c"
Shanghai,Projected_Area,138.7014,-2.024403811,"a,c"
Shanghai,Projected_Area,360.0143,-0.01550284121,"a,c"
Beijing,Projected_Area,131.017,-1.62120986,"a,c"
Shanghai,Projected_Area,362.7041,-0.1184200421,"a,c"
Beijing,Projected_Area,936.1874,0.3131686449,"a,c"
Beijing,Projected_Area,461.395,0.336633414,"a,c"
Shanghai,Projected_Area,531.3945,0.07113748789,"a,c"
Shanghai,Projected_Area,464.129,0.3697463274,"a,c"
Beijing,Projected_Area,322.5539,0.02335639298,"a,c"
Shanghai,Projected_Area,643.906,0.265561223,"a,c"
Wuhan,Projected_Area,469.7035,0.05754580721,"a,c"
Shanghai,Projected_Area,259.3084,-0.1120294854,"a,c"
Shanghai,Projected_Area,377.5742,0.06054163352,"a,c"
Shanghai,Projected_Area,406.1747,0.01622135937,"a,c"
Wuhan,Projected_Area,220.6163,-0.8858068585,"a,c"
Guangzhou,Projected_Area,118.4153,-1.34715271,"a,c"
Shanghai,Projected_Area,156.0583,-2.087238789,"a,c"
Shanghai,Projected_Area,337.6039,-0.04096413031,"a,c"
Wuhan,Projected_Area,231.8536,-1.261874318,"a,c"
Wuhan,Projected_Area,334.291,-0.04028614983,"a,c"
Shanghai,Projected_Area,404.8863,0.07908237725,"a,c"
Guangzhou,Projected_Area,1110.0266,0.5121536255,"a,c"
Shanghai,Projected_Area,532.5426,0.06008235738,"a,c"
Shanghai,Projected_Area,391.4437,0.09130462259,"a,c"
Shanghai,Projected_Area,213.4411,-1.282757401,"a,c"
Wuhan,Projected_Area,149.7844,-1.877555847,"a,c"
Wuhan,Projected_Area,407.7745,-0.1725955158,"a,c"
Shanghai,Projected_Area,99.3496,-1.345007062,"a,c"
Wuhan,Projected_Area,783.378,0.7844722271,"a,c"
Shanghai,Projected_Area,176.3093,-1.84000504,"a,c"
Beijing,Projected_Area,556.7613,-0.00490337424,"a,c"
Shanghai,Projected_Area,129.0195,-1.736679435,"a,c"
Wuhan,Projected_Area,787.0091,0.6147838235,"a,c"
Guangzhou,Projected_Area,148.1279,-1.527734518,"a,c"
Beijing,Projected_Area,659.6258,0.5577281117,"a,c"
Wuhan,Projected_Area,289.0936,-0.2435952574,"a,c"
Shanghai,Projected_Area,520.0566,0.1512875706,"a,c"
Shanghai,Projected_Area,195.3998,-2.190638542,"a,c"
Wuhan,Projected_Area,522.6938,-0.1470501423,"a,c"
Guangzhou,Projected_Area,405.5308,-0.0706711635,"a,c"
Shanghai,Projected_Area,414.7684,-0.01387082972,"a,c"
Shanghai,Projected_Area,252.0913,-0.6331112385,"a,c"
Shanghai,Projected_Area,707.7279,0.5388762951,"a,c"
Guangzhou,Projected_Area,465.5445,0.2173644751,"a,c"
Shanghai,Projected_Area,620.2535,0.2774609625,"a,c"
Shanghai,Projected_Area,786.3964,0.6726104021,"a,c"
Beijing,Projected_Area,588.3607,0.1017924771,"a,c"
Wuhan,Projected_Area,989.8894,0.3352883458,"a,c"
Shanghai,Projected_Area,600.5947,0.364612788,"a,c"
Beijing,Projected_Area,129.5746,-1.793770432,"a,c"
Shanghai,Projected_Area,654.0007,0.5367823839,"a,c"
Shanghai,Projected_Area,252.6744,-0.785977006,"a,c"
Beijing,Projected_Area,408.635,0.07510700077,"a,c"
Shanghai,Projected_Area,134.8539,-2.195677519,"a,c"
Shanghai,Projected_Area,558.584,-0.02075380646,"a,c"
Shanghai,Projected_Area,194.8639,-2.042966604,"a,c"
Shanghai,Projected_Area,276.9939,-0.244687289,"a,c"
Wuhan,Projected_Area,870.3664,0.5917679667,"a,c"
Beijing,Projected_Area,205.9046,-0.5617274642,"a,c"
Shanghai,Projected_Area,292.3129,-0.1675726473,"a,c"
Shanghai,Projected_Area,1041.1742,0.5670822859,"a,c"
Guangzhou,Projected_Area,87.6237,-1.381173611,"a,c"
Guangzhou,Projected_Area,339.589,-0.2052461654,"a,c"
Guangzhou,Projected_Area,439.6564,0.1222344786,"a,c"
Guangzhou,Projected_Area,500.8064,0.2320850492,"a,c"
Shanghai,Projected_Area,715.3875,0.6148062944,"a,c"
Wuhan,Projected_Area,756.0945,0.5967577696,"a,c"
Shanghai,Projected_Area,238.1684,-1.544295788,"a,c"
Shanghai,Projected_Area,347.9913,0.07370911539,"a,c"
Shanghai,Projected_Area,432.9939,0.6300023198,"a,c"
Guangzhou,Projected_Area,476.0962,-0.05840620771,"a,c"
Shanghai,Projected_Area,146.8489,-1.610069275,"a,c"
Shanghai,Projected_Area,633.3156,0.4015693367,"a,c"
Wuhan,Projected_Area,585.573,0.084944278,"a,c"
Shanghai,Projected_Area,214.2434,-1.41447401,"a,c"
Wuhan,Projected_Area,433.1659,-0.009693115018,"a,c"
Shanghai,Projected_Area,843.2242,0.4803975821,"a,c"
Shanghai,Projected_Area,438.7541,0.3225100636,"a,c"
Beijing,Projected_Area,490.6097,0.1474446058,"a,c"
Shanghai,Projected_Area,155.7813,-2.258470774,"a,c"
Guangzhou,Projected_Area,403.8264,-0.01729664393,"a,c"
Shanghai,Projected_Area,495.8805,0.3377441764,"a,c"
Wuhan,Projected_Area,689.2375,0.1709011346,"a,c"
Shanghai,Projected_Area,1112.3875,0.8184455037,"a,c"
Shanghai,Projected_Area,440.5134,0.3555238545,"a,c"
Guangzhou,Projected_Area,137.1932,-1.561424732,"a,c"
Shanghai,Projected_Area,632.2181,0.5201188326,"a,c"
Guangzhou,Projected_Area,130.8361,-1.239987135,"a,c"
Shanghai,Projected_Area,369.3729,0.02184380218,"a,c"
Shanghai,Projected_Area,114.4823,-1.719893336,"a,c"
Shanghai,Projected_Area,530.6112,0.02337491512,"a,c"
Shanghai,Projected_Area,386.5963,0.2129590064,"a,c"
Shanghai,Projected_Area,192.9047,-2.211900711,"a,c"
Shanghai,Projected_Area,465.6917,0.3670768142,"a,c"
Shanghai,Projected_Area,113.019,-1.438703656,"a,c"
Shanghai,Projected_Area,133.5778,-1.734799623,"a,c"
Shanghai,Projected_Area,607.6678,0.4604484737,"a,c"
Shanghai,Projected_Area,580.139,-0.1007941291,"a,c"
Shanghai,Projected_Area,254.1948,-0.6542009711,"a,c"
Wuhan,Projected_Area,191.8174,-1.357729554,"a,c"
Shanghai,Projected_Area,126.8409,-2.048490524,"a,c"
Shanghai,Projected_Area,137.0003,-1.795804262,"a,c"
Shanghai,Projected_Area,379.6382,-0.04832455516,"a,c"
Shanghai,Projected_Area,381.3121,0.02093855478,"a,c"
Shanghai,Projected_Area,406.0219,0.2049009204,"a,c"
Wuhan,Projected_Area,671.5971,0.563361764,"a,c"
Wuhan,Projected_Area,479.064,0.1236164272,"a,c"
Wuhan,Projected_Area,563.3691,0.01382295974,"a,c"
Beijing,Projected_Area,417.3875,0.07164727896,"a,c"
Wuhan,Projected_Area,166.6754,-1.662540555,"a,c"
Shanghai,Projected_Area,444.4523,0.4186974764,"a,c"
Shanghai,Projected_Area,343.4386,-0.09888439626,"a,c"
Shanghai,Projected_Area,442.7539,0.1572349966,"a,c"
Shanghai,Projected_Area,327.6384,-0.06894601136,"a,c"
Wuhan,Projected_Area,532.8292,0.02628497779,"a,c"
Beijing,Projected_Area,602.6815,0.351757139,"a,c"
Guangzhou,Projected_Area,115.8798,-1.541952133,"a,c"
Guangzhou,Projected_Area,558.9281,-0.07014916837,"a,c"
Shanghai,Projected_Area,538.8556,0.05633407831,"a,c"
Shanghai,Projected_Area,506.7021,0.167068094,"a,c"
Shanghai,Projected_Area,456.2121,0.2169138193,"a,c"
Shanghai,Projected_Area,469.6776,0.2480495721,"a,c"
Shanghai,Projected_Area,305.7171,-0.259845674,"a,c"
Beijing,Projected_Area,437.7702,0.03369706869,"a,c"
Shanghai,Projected_Area,381.1625,0.132393837,"a,c"
Beijing,Projected_Area,670.4395,0.4359487891,"a,c"
Wuhan,Projected_Area,187.3774,-2.142714739,"a,c"
Shanghai,Projected_Area,496.752,0.1379686147,"a,c"
Shanghai,Projected_Area,233.6756,-1.352042198,"a,c"
Wuhan,Projected_Area,320.4208,0.001202934072,"a,c"
Guangzhou,Projected_Area,128.1201,-1.215139985,"a,c"
Shanghai,Projected_Area,250.5181,-0.9267314076,"a,c"
Shanghai,Projected_Area,646.5675,0.541323185,"a,c"
Shanghai,Projected_Area,182.7942,-2.281281948,"a,c"
Guangzhou,Projected_Area,1439.1049,1.218376517,"a,c"
Shanghai,Projected_Area,379.2137,0.03966486454,"a,c"
Shanghai,Projected_Area,559.0996,-0.1286873966,"a,c"
Wuhan,Projected_Area,422.8284,0.1381445229,"a,c"
Shanghai,Projected_Area,133.9095,-1.676304221,"a,c"
Shanghai,Projected_Area,231.4592,-1.568039894,"a,c"
Guangzhou,Projected_Area,139.4245,-1.493560553,"a,c"
Shanghai,Projected_Area,140.7227,-1.903954744,"a,c"
Wuhan,Projected_Area,1082.9136,0.779225111,"a,c"
Wuhan,Projected_Area,268.2638,-0.2623690665,"a,c"
Shanghai,Projected_Area,565.0934,0.009107980877,"a,c"
Shanghai,Projected_Area,402.3403,0.3861993253,"a,c"
Shanghai,Projected_Area,434.3933,0.3648765981,"a,c"
Guangzhou,Projected_Area,572.5445,-0.3200104237,"a,c"
Shanghai,Projected_Area,405.8936,0.1083168015,"a,c"
Shanghai,Projected_Area,277.8475,-0.1943722516,"a,c"
Shanghai,Projected_Area,107.0176,-1.553102732,"a,c"
Shanghai,Projected_Area,616.6365,0.500080049,"a,c"
Shanghai,Projected_Area,658.0188,0.6838175654,"a,c"
Shanghai,Projected_Area,375.0586,-0.01063510962,"a,c"
Shanghai,Projected_Area,596.2147,0.2870260179,"a,c"
Wuhan,Projected_Area,362.2638,0.007563077379,"a,c"
Beijing,Projected_Area,542.4483,-0.0844438374,"a,c"
Shanghai,Projected_Area,931.3587,0.2910396457,"a,c"
Shanghai,Projected_Area,360.7896,0.0094215516,"a,c"
Shanghai,Projected_Area,117.9051,-1.4348737,"a,c"
Shanghai,Projected_Area,161.254,-2.142521858,"a,c"
Beijing,Projected_Area,1084.5117,0.6798602343,"a,c"
Shanghai,Projected_Area,187.6615,-1.886849403,"a,c"
Wuhan,Projected_Area,172.0403,-1.954395771,"a,c"
Guangzhou,Projected_Area,1463.0497,1.121507168,"a,c"
Shanghai,Projected_Area,636.2952,0.5546216965,"a,c"
Guangzhou,Projected_Area,590.1564,0.05340979248,"a,c"
Wuhan,Projected_Area,360.479,-0.010472605,"a,c"
Shanghai,Projected_Area,394.8998,-0.1273857504,"a,c"
Wuhan,Projected_Area,852.9368,0.6536762714,"a,c"
Guangzhou,Projected_Area,124.016,-1.524465084,"a,c"
Shanghai,Projected_Area,521.4953,0.1132183895,"a,c"
Wuhan,Projected_Area,705.3979,0.4631679654,"a,c"
Shanghai,Projected_Area,439.1346,0.285022825,"a,c"
Beijing,Projected_Area,253.5101,-0.5134395361,"a,c"
Shanghai,Projected_Area,139.3288,-2.10290575,"a,c"
Beijing,Projected_Area,457.7354,-0.08217506856,"a,c"
Shanghai,Projected_Area,472.1006,0.349588722,"a,c"
Wuhan,Projected_Area,542.2673,0.04387358576,"a,c"
Wuhan,Projected_Area,148.0177,-1.858472586,"a,c"
Wuhan,Projected_Area,219.5807,-1.478704333,"a,c"
Beijing,Projected_Area,341.9874,-0.1392431408,"a,c"
Shanghai,Projected_Area,397.4487,-0.002838497981,"a,c"
Wuhan,Projected_Area,420.3899,0.1253401637,"a,c"
Wuhan,Projected_Area,177.4685,-2.080279112,"a,c"
Shanghai,Projected_Area,128.2783,-1.629621387,"a,c"
Shanghai,Projected_Area,632.7122,0.5696098804,"a,c"
Guangzhou,Projected_Area,118.2372,-1.406822085,"a,c"
Shanghai,Projected_Area,256.5224,-0.0617618598,"a,c"
Beijing,Projected_Area,127.4594,-1.27128315,"a,c"
Beijing,Projected_Area,126.4686,-1.722247124,"a,c"
Shanghai,Projected_Area,441.9238,0.2116201222,"a,c"
Shanghai,Projected_Area,466.364,0.204835251,"a,c"
Beijing,Projected_Area,249.0346,-0.6782205105,"a,c"
Beijing,Projected_Area,145.0765,-1.31309092,"a,c"
Shanghai,Projected_Area,207.9137,-1.368218064,"a,c"
Shanghai,Projected_Area,389.6583,0.07142881304,"a,c"
Shanghai,Projected_Area,314.5342,0.2230176628,"a,c"
Wuhan,Projected_Area,356.8458,-0.1333277225,"a,c"
Beijing,Projected_Area,497.2263,0.02258159779,"a,c"
Wuhan,Projected_Area,391.245,0.008591255173,"a,c"
Wuhan,Projected_Area,941.6061,0.4471001029,"a,c"
Guangzhou,Projected_Area,741.2735,0.5742357373,"a,c"
Wuhan,Projected_Area,311.6312,0.03101002984,"a,c"
Shanghai,Projected_Area,257.8431,-0.5624688864,"a,c"
Shanghai,Projected_Area,361.857,0.01314374804,"a,c"
Shanghai,Projected_Area,134.737,-1.918203354,"a,c"
Guangzhou,Projected_Area,613.1728,0.2134132534,"a,c"
Shanghai,Projected_Area,273.9572,-0.2488957942,"a,c"
Shanghai,Projected_Area,495.8508,0.153573662,"a,c"
Shanghai,Projected_Area,104.9963,-1.754144907,"a,c"
Wuhan,Projected_Area,730.1687,0.4623680413,"a,c"
Guangzhou,Projected_Area,506.8608,0.1827591211,"a,c"
Wuhan,Projected_Area,139.6844,-1.904016137,"a,c"
Shanghai,Projected_Area,470.6071,0.4456042945,"a,c"
Guangzhou,Projected_Area,177.8916,-1.505903959,"a,c"
Shanghai,Projected_Area,641.2254,0.4516646266,"a,c"
Shanghai,Projected_Area,541.8408,-0.1430101395,"a,c"
Shanghai,Projected_Area,327.23,0.0592902638,"a,c"
Beijing,Projected_Area,651.6047,0.3456124663,"a,c"
Guangzhou,Projected_Area,131.7288,-1.384300232,"a,c"
Shanghai,Projected_Area,469.7545,0.3085564673,"a,c"
Shanghai,Projected_Area,127.8891,-1.605918527,"a,c"
Shanghai,Projected_Area,274.0812,-0.414324075,"a,c"
Guangzhou,Projected_Area,373.4126,-0.118907854,"a,c"
Beijing,Projected_Area,246.3254,-1.506104708,"a,c"
Wuhan,Projected_Area,456.7559,0.07958077639,"a,c"
Wuhan,Projected_Area,336.42,0.04092679918,"a,c"
Shanghai,Projected_Area,136.2269,-0.5601695776,"a,c"
Wuhan,Projected_Area,510.5143,0.04682728276,"a,c"
Shanghai,Projected_Area,376.4294,-0.00424116943,"a,c"
Guangzhou,Projected_Area,401.8778,0.009600528516,"a,c"
Shanghai,Projected_Area,374.3465,0.01135322917,"a,c"
Wuhan,Projected_Area,129.9047,-1.514487028,"a,c"
Wuhan,Projected_Area,119.3478,-1.705229521,"a,c"
Shanghai,Projected_Area,216.3777,-1.73219347,"a,c"
Wuhan,Projected_Area,396.1998,0.07891971618,"a,c"
Beijing,Projected_Area,390.4351,0.01966764405,"a,c"
Shanghai,Projected_Area,247.5588,-1.031107903,"a,c"
Shanghai,Projected_Area,865.1889,0.4396512806,"a,c"
Wuhan,Projected_Area,769.4724,0.4634111524,"a,c"
Shanghai,Projected_Area,441.342,0.3698510528,"a,c"
Wuhan,Projected_Area,159.6963,-1.767068386,"a,c"
Shanghai,Projected_Area,326.3529,0.0911514163,"a,c"
Guangzhou,Projected_Area,1079.323,0.7553851008,"a,c"
Shanghai,Projected_Area,150.9973,-1.736680627,"a,c"
Guangzhou,Projected_Area,193.0838,-1.918177128,"a,c"
Shanghai,Projected_Area,265.4859,-0.172217682,"a,c"
Beijing,Projected_Area,264.9874,-0.3694051206,"a,c"
Wuhan,Projected_Area,397.0237,0.1000492945,"a,c"
Guangzhou,Projected_Area,98.289,-1.452493906,"a,c"
Shanghai,Projected_Area,732.3107,0.656696558,"a,c"
Beijing,Projected_Area,523.8394,0.01666585542,"a,c"
Shanghai,Projected_Area,556.003,0.05636001751,"a,c"
Guangzhou,Projected_Area,551.27,-0.05489420146,"a,c"
Shanghai,Projected_Area,640.2771,0.3864959478,"a,c"
Shanghai,Projected_Area,203.0735,-0.850300014,"a,c"
Beijing,Projected_Area,385.5908,0.04979400337,"a,c"
Shanghai,Projected_Area,167.9519,-1.826247573,"a,c"
Shanghai,Projected_Area,201.9059,-0.9394533634,"a,c"
Guangzhou,Projected_Area,486.3768,0.3125025928,"a,c"
Shanghai,Projected_Area,466.9988,0.2962610126,"a,c"
Beijing,Projected_Area,448.3939,0.3059144318,"a,c"
Wuhan,Projected_Area,149.5427,-1.863896847,"a,c"
Guangzhou,Projected_Area,169.5666,-1.601565361,"a,c"
Wuhan,Projected_Area,185.933,-1.405485392,"a,c"
Beijing,Projected_Area,87.6793,-1.878576994,"a,c"
Shanghai,Projected_Area,285.6253,-0.03645348549,"a,c"
Shanghai,Projected_Area,407.1348,0.1445623636,"a,c"
Shanghai,Projected_Area,764.2649,0.7792125344,"a,c"
Wuhan,Projected_Area,539.5138,-0.04223882407,"a,c"
Shanghai,Projected_Area,161.335,-1.922586322,"a,c"
Shanghai,Projected_Area,144.2653,-1.369035244,"a,c"
Wuhan,Projected_Area,188.1612,-2.093402386,"a,c"
Shanghai,Projected_Area,466.973,0.2757182121,"a,c"
Shanghai,Projected_Area,180.2859,-2.315393686,"a,c"
Shanghai,Projected_Area,526.145,0.1546104997,"a,c"
Beijing,Projected_Area,456.983,0.2128208131,"a,c"
Shanghai,Projected_Area,465.4635,0.1388853043,"a,c"
Shanghai,Projected_Area,463.3953,0.1313190758,"a,c"
Shanghai,Projected_Area,155.9534,-2.026473761,"a,c"
Guangzhou,Projected_Area,101.2901,-1.300209999,"a,c"
Beijing,Projected_Area,769.2125,0.6437082291,"a,c"
Shanghai,Projected_Area,486.9065,0.2169798017,"a,c"
Beijing,Projected_Area,207.0722,-1.252821326,"a,c"
Shanghai,Projected_Area,539.7714,0.1492708176,"a,c"
Beijing,Projected_Area,1514.8804,1.155743599,"a,c"
Guangzhou,Projected_Area,1275.1826,0.5274938345,"a,c"
Wuhan,Projected_Area,1102.3522,0.7336115837,"a,c"
Shanghai,Projected_Area,374.8581,0.1122157052,"a,c"
Shanghai,Projected_Area,528.961,0.1330969483,"a,c"
Shanghai,Projected_Area,377.9965,-0.01598723419,"a,c"
Guangzhou,Projected_Area,241.6291,-1.123991728,"a,c"
Shanghai,Projected_Area,195.6326,-2.042312622,"a,c"
Beijing,Projected_Area,282.926,-0.3832836151,"a,c"
Wuhan,Projected_Area,317.3048,-0.04335058853,"a,c"
Guangzhou,Projected_Area,207.7066,-1.381242156,"a,c"
Shanghai,Projected_Area,469.5823,0.4789779484,"a,c"
Guangzhou,Projected_Area,558.7947,0.07801878452,"a,c"
Shanghai,Projected_Area,445.8992,0.3484399617,"a,c"
Beijing,Projected_Area,278.1642,-0.27135849,"a,c"
Shanghai,Projected_Area,378.617,-0.07448065281,"a,c"
Shanghai,Projected_Area,84.3842,-1.606801033,"a,c"
Shanghai,Projected_Area,632.4741,0.6122059226,"a,c"
Shanghai,Projected_Area,284.6013,-0.002823120449,"a,c"
Guangzhou,Projected_Area,1102.9757,0.9761796594,"a,c"
Shanghai,Projected_Area,181.2494,-2.111784697,"a,c"
Wuhan,Projected_Area,832.9875,0.5587061048,"a,c"
Shanghai,Projected_Area,534.2948,0.1192191318,"a,c"
Shanghai,Projected_Area,338.2277,0.07909099758,"a,c"
Wuhan,Projected_Area,681.73,0.3670750856,"a,c"
Shanghai,Projected_Area,895.9564,0.4947071671,"a,c"
Beijing,Projected_Area,445.9807,0.22795479,"a,c"
Guangzhou,Projected_Area,290.9112,-0.1087763608,"a,c"
Wuhan,Projected_Area,648.405,0.4880623519,"a,c"
Shanghai,Projected_Area,187.3978,-1.969257116,"a,c"
Shanghai,Projected_Area,344.8825,0.06373302639,"a,c"
Guangzhou,Projected_Area,901.813,0.5683476925,"a,c"
Guangzhou,Projected_Area,125.559,-1.419439435,"a,c"
Shanghai,Projected_Area,463.9425,0.06017774716,"a,c"
Shanghai,Projected_Area,1086.9102,0.5111325383,"a,c"
Shanghai,Projected_Area,271.48,-0.2923520207,"a,c"
Shanghai,Projected_Area,452.6614,0.2253954709,"a,c"
Shanghai,Projected_Area,160.7951,-2.171295404,"a,c"
Beijing,Projected_Area,140.6403,-2.030940294,"a,c"
Shanghai,Projected_Area,247.4249,-0.56898278,"a,c"
Shanghai,Projected_Area,668.3192,0.5033504367,"a,c"
Wuhan,Projected_Area,302.7461,-0.2424568683,"a,c"
Beijing,Projected_Area,514.6545,-0.1269109994,"a,c"
Wuhan,Projected_Area,145.2776,-1.727658987,"a,c"
Shanghai,Projected_Area,200.7111,-0.6329568028,"a,c"
Beijing,Projected_Area,171.1281,-1.975840449,"a,c"
Shanghai,Projected_Area,450.0717,0.589089334,"a,c"
Shanghai,Projected_Area,485.071,0.2952522039,"a,c"
Guangzhou,Projected_Area,128.7012,-1.184479237,"a,c"
Shanghai,Projected_Area,580.0362,-0.1060244367,"a,c"
Shanghai,Projected_Area,325.2488,-0.06310529262,"a,c"
Wuhan,Projected_Area,709.3664,0.5617492795,"a,c"
Shanghai,Projected_Area,491.6112,0.3138342798,"a,c"
Shanghai,Projected_Area,502.3368,0.3014073074,"a,c"
Shanghai,Projected_Area,589.451,0.3060300946,"a,c"
Shanghai,Projected_Area,262.8625,-0.2402660996,"a,c"
Beijing,Projected_Area,628.8594,0.448971808,"a,c"
Shanghai,Projected_Area,479.1631,0.2166193426,"a,c"
Shanghai,Projected_Area,251.3561,-0.3572722673,"a,c"
Beijing,Projected_Area,585.1271,0.1394453347,"a,c"
Guangzhou,Projected_Area,185.7776,-1.783045292,"a,c"
Shanghai,Projected_Area,276.161,-0.3435945511,"a,c"
Guangzhou,Projected_Area,101.0252,-1.625855803,"a,c"
Shanghai,Projected_Area,381.0118,-0.07452412695,"a,c"
Shanghai,Projected_Area,188.1354,-1.83340168,"a,c"
Shanghai,Projected_Area,686.3565,0.9133315086,"a,c"
Beijing,Projected_Area,404.9998,-0.1192971468,"a,c"
Wuhan,Projected_Area,191.3845,-1.628379226,"a,c"
Beijing,Projected_Area,764.2183,0.470638603,"a,c"
Guangzhou,Projected_Area,303.1218,-0.1591612548,"a,c"
Shanghai,Projected_Area,237.9049,-1.596637011,"a,c"
Shanghai,Projected_Area,168.8464,-1.928986073,"a,c"
Shanghai,Projected_Area,735.5588,0.6311619282,"a,c"
Shanghai,Projected_Area,570.9416,-0.09684674442,"a,c"
Shanghai,Projected_Area,505.5751,0.2216823399,"a,c"
Wuhan,Projected_Area,197.9587,-0.04134779796,"a,c"
Beijing,Projected_Area,316.8908,0.3627455831,"a,c"
Shanghai,Projected_Area,154.3971,-2.085818052,"a,c"
Guangzhou,Projected_Area,744.0005,0.4038832188,"a,c"
Shanghai,Projected_Area,251.5466,-0.553255856,"a,c"
Shanghai,Projected_Area,479.9425,0.2199204713,"a,c"
Shanghai,Projected_Area,131.5391,-1.820563674,"a,c"
Shanghai,Projected_Area,311.4934,0.08972042054,"a,c"
Wuhan,Projected_Area,128.3914,-1.683293581,"a,c"
Shanghai,Projected_Area,582.5833,0.01571753994,"a,c"
Shanghai,Projected_Area,539.6102,0.1364865303,"a,c"
Wuhan,Projected_Area,344.9535,-0.02752096578,"a,c"
Shanghai,Projected_Area,275.2874,-0.3088884652,"a,c"
Shanghai,Projected_Area,793.2397,0.943641305,"a,c"
Beijing,Projected_Area,461.2313,0.1184013039,"a,c"
Guangzhou,Projected_Area,109.6641,-1.440080762,"a,c"
Shanghai,Projected_Area,110.3764,-1.491647243,"a,c"
Shanghai,Projected_Area,723.6993,0.7042466402,"a,c"
Wuhan,Projected_Area,968.2904,0.5174868107,"a,c"
Shanghai,Projected_Area,372.594,-0.02383862063,"a,c"
Shanghai,Projected_Area,778.6437,0.6945444345,"a,c"
Beijing,Projected_Area,351.3549,-0.1127498448,"a,c"
Shanghai,Projected_Area,282.5517,-0.2894204259,"a,c"
Shanghai,Projected_Area,96.0124,-1.717229247,"a,c"
Wuhan,Projected_Area,1065.9566,0.8528082967,"a,c"
Shanghai,Projected_Area,280.5833,-0.3804368675,"a,c"
Guangzhou,Projected_Area,544.6244,0.1789153963,"a,c"
Beijing,Projected_Area,326.439,-0.04426116124,"a,c"
Beijing,Projected_Area,830.2633,0.5718399286,"a,c"
Wuhan,Projected_Area,342.0111,-0.2214652598,"a,c"
Shanghai,Projected_Area,135.3196,-1.672466516,"a,c"
Shanghai,Projected_Area,359.3381,-0.1042258814,"a,c"
Shanghai,Projected_Area,749.6589,0.7012230158,"a,c"
Shanghai,Projected_Area,462.4191,0.06764154881,"a,c"
Guangzhou,Projected_Area,175.8888,-1.404528379,"a,c"
Wuhan,Projected_Area,369.8415,0.007289850619,"a,c"
Guangzhou,Projected_Area,789.7075,1.262328267,"a,c"
Shanghai,Projected_Area,351.0971,-0.06954346597,"a,c"
Shanghai,Projected_Area,152.1717,-2.191704035,"a,c"
Shanghai,Projected_Area,622.2198,0.289834708,"a,c"
Beijing,Projected_Area,691.1553,0.5996892452,"a,c"
Beijing,Projected_Area,172.9858,-1.507283211,"a,c"
Shanghai,Projected_Area,696.071,0.6875632405,"a,c"
Wuhan,Projected_Area,1239.8543,0.8145734072,"a,c"
Beijing,Projected_Area,774.8188,0.4782940447,"a,c"
Shanghai,Projected_Area,243.0614,-1.339595795,"a,c"
Shanghai,Projected_Area,303.6706,0.05440594256,"a,c"
Wuhan,Projected_Area,107.4128,-1.880040169,"a,c"
Shanghai,Projected_Area,150.5651,-1.760033131,"a,c"
Wuhan,Projected_Area,355.6109,-0.1269865781,"a,c"
Shanghai,Projected_Area,457.3465,0.2787499428,"a,c"
Shanghai,Projected_Area,145.4851,-1.676185489,"a,c"
Shanghai,Projected_Area,461.6323,0.1924908012,"a,c"
Shanghai,Projected_Area,329.2562,0.08154112846,"a,c"
Shanghai,Projected_Area,226.8987,-1.256532788,"a,c"
Shanghai,Projected_Area,455.7428,0.3846457005,"a,c"
Shanghai,Projected_Area,1003.3325,0.4882156253,"a,c"
Beijing,Projected_Area,191.463,-2.000151634,"a,c"
Shanghai,Projected_Area,122.4775,-1.534101605,"a,c"
Guangzhou,Projected_Area,142.6261,-1.549301624,"a,c"
Wuhan,Projected_Area,387.6238,0.03588681668,"a,c"
Shanghai,Projected_Area,440.5945,0.2342229337,"a,c"
Guangzhou,Projected_Area,514.0994,-0.02516791224,"a,c"
Shanghai,Projected_Area,125.8885,-1.684324145,"a,c"
Guangzhou,Projected_Area,168.0592,-1.652334929,"a,c"
Shanghai,Projected_Area,198.7145,-0.9906576276,"a,c"
Shanghai,Projected_Area,96.0426,-1.259115458,"a,c"
Shanghai,Projected_Area,302.8563,-0.1352664083,"a,c"
Wuhan,Projected_Area,603.7345,0.3135035932,"a,c"
Shanghai,Projected_Area,342.4762,-0.0929666087,"a,c"
Wuhan,Projected_Area,577.4481,-0.1148310751,"a,c"
Wuhan,Projected_Area,395.3604,0.1594866067,"a,c"
Guangzhou,Projected_Area,563.3961,-0.1083871648,"a,c"
Beijing,Projected_Area,427.2022,0.4256564975,"a,c"
Beijing,Projected_Area,211.3846,-1.272735953,"a,c"
Wuhan,Projected_Area,479.5114,0.2317225486,"a,c"
Guangzhou,Projected_Area,369.1746,-0.08726426959,"a,c"
Shanghai,Projected_Area,454.0092,0.3890412748,"a,c"
Wuhan,Projected_Area,879.7826,0.4141276181,"a,c"
Wuhan,Projected_Area,521.4375,0.1253716946,"a,c"
Guangzhou,Projected_Area,102.0006,-1.452785611,"a,c"
Shanghai,Projected_Area,457.711,0.1520689726,"a,c"
Shanghai,Projected_Area,581.5593,0.03295293078,"a,c"
Shanghai,Projected_Area,217.3235,-1.398710966,"a,c"
Wuhan,Projected_Area,167.1277,-2.173485279,"a,c"
Wuhan,Projected_Area,300.2503,-0.2311660051,"a,c"
Shanghai,Projected_Area,167.7763,-1.788692474,"a,c"
Shanghai,Projected_Area,122.1241,-1.760257006,"a,c"
Shanghai,Projected_Area,519.8434,0.07495231926,"a,c"
Shanghai,Projected_Area,391.8292,-0.01411479432,"a,c"
Beijing,Projected_Area,865.1259,0.4664024413,"a,c"
Shanghai,Projected_Area,306.1497,-0.08483937383,"a,c"
Beijing,Projected_Area,411.849,0.03475124389,"a,c"
Wuhan,Projected_Area,259.9648,-0.03744895384,"a,c"
Wuhan,Projected_Area,217.9364,-1.497365355,"a,c"
Wuhan,Projected_Area,436.7547,0.1657566279,"a,c"
Beijing,Projected_Area,408.4217,-0.1207668409,"a,c"
Beijing,Projected_Area,566.2579,-0.1214366555,"a,c"
Wuhan,Projected_Area,483.6507,-0.1277967393,"a,c"
Shanghai,Projected_Area,104.4915,-1.818922162,"a,c"
Wuhan,Projected_Area,640.823,0.5152754784,"a,c"
Guangzhou,Projected_Area,353.1096,-0.05610872433,"a,c"
Wuhan,Projected_Area,312.7596,-0.02713759989,"a,c"
Shanghai,Projected_Area,488.5744,0.2139562517,"a,c"
Shanghai,Projected_Area,173.4389,-1.523480177,"a,c"
Shanghai,Projected_Area,691.6319,0.6242790222,"a,c"
Shanghai,Projected_Area,661.6149,0.4984124601,"a,c"
Guangzhou,Projected_Area,134.582,-1.6357584,"a,c"
Shanghai,Projected_Area,426.7809,0.6211259961,"a,c"
Shanghai,Projected_Area,374.9097,0.233881712,"a,c"
Shanghai,Projected_Area,280.9362,-0.4489504397,"a,c"
Beijing,Projected_Area,636.6442,0.355487287,"a,c"
Wuhan,Projected_Area,424.5929,-0.01919897459,"a,c"
Wuhan,Projected_Area,101.8545,-1.210104465,"a,c"
Shanghai,Projected_Area,220.0276,-1.525257111,"a,c"
Shanghai,Projected_Area,677.6857,0.6562301517,"a,c"
Shanghai,Projected_Area,675.9685,0.4192420542,"a,c"
Guangzhou,Projected_Area,137.9775,-1.647571206,"a,c"
Shanghai,Projected_Area,224.2295,-1.557641983,"a,c"
Shanghai,Projected_Area,461.4331,0.1281636953,"a,c"
Shanghai,Projected_Area,727.0665,0.2623238266,"a,c"
Shanghai,Projected_Area,562.0206,0.06372624636,"a,c"
Shanghai,Projected_Area,136.6075,-1.765682578,"a,c"
Beijing,Projected_Area,145.2703,-1.877955198,"a,c"
Shanghai,Projected_Area,400.7388,0.07270762324,"a,c"
Shanghai,Projected_Area,445.2905,0.4072972536,"a,c"
Beijing,Projected_Area,692.422,0.6631385684,"a,c"
Shanghai,Projected_Area,356.6332,-0.1056903303,"a,c"
Shanghai,Projected_Area,668.0489,0.5582479835,"a,c"
Shanghai,Projected_Area,89.487,-1.417996287,"a,c"
Shanghai,Projected_Area,463.8563,0.1420717984,"a,c"
Guangzhou,Projected_Area,119.2392,-1.574169159,"a,c"
Shanghai,Projected_Area,399.8936,0.06584301591,"a,c"
Beijing,Projected_Area,407.2112,0.1607578397,"a,c"
Wuhan,Projected_Area,967.7726,0.3468517065,"a,c"
Shanghai,Projected_Area,593.6495,0.04633114114,"a,c"
Beijing,Projected_Area,184.059,-2.089777231,"a,c"
Shanghai,Projected_Area,132.3219,-1.205987334,"a,c"
Shanghai,Projected_Area,179.328,-2.185629368,"a,c"
Shanghai,Projected_Area,325.9596,0.2976306975,"a,c"
Beijing,Projected_Area,267.0691,-0.3113765121,"a,c"
Shanghai,Projected_Area,330.1829,0.3999150097,"a,c"
Shanghai,Projected_Area,168.707,-2.156357765,"a,c"
Shanghai,Projected_Area,176.423,-2.11290431,"a,c"
Beijing,Projected_Area,964.2201,0.4428112507,"a,c"
Shanghai,Projected_Area,707.7512,0.482581228,"a,c"
Guangzhou,Projected_Area,443.2025,0.1469632834,"a,c"
Shanghai,Projected_Area,375.9654,0.05198979378,"a,c"
Shanghai,Projected_Area,713.5059,0.5813937783,"a,c"
Beijing,Projected_Area,251.2359,-0.9318849444,"a,c"
Beijing,Projected_Area,1116.4938,0.8401607275,"a,c"
Shanghai,Projected_Area,288.6744,-0.3449280858,"a,c"
Wuhan,Projected_Area,575.1716,-0.1325779706,"a,c"
Shanghai,Projected_Area,571.451,0.03260279447,"a,c"
Shanghai,Projected_Area,151.7183,-1.762111187,"a,c"
Shanghai,Projected_Area,457.0903,0.1783978194,"a,c"
Shanghai,Projected_Area,373.8581,0.128768608,"a,c"
Shanghai,Projected_Area,160.8551,-2.140976667,"a,c"
Shanghai,Projected_Area,422.1055,-0.07621151954,"a,c"
Shanghai,Projected_Area,592.0237,0.2041172832,"a,c"
Guangzhou,Projected_Area,1186.2532,0.8053433299,"a,c"
Wuhan,Projected_Area,279.8996,-0.1394616216,"a,c"
Beijing,Projected_Area,385.7386,-0.08575664461,"a,c"
Shanghai,Projected_Area,364.4463,-0.0580381155,"a,c"
Shanghai,Projected_Area,526.6778,0.07545024902,"a,c"
Shanghai,Projected_Area,358.3839,0.009114259854,"a,c"
Shanghai,Projected_Area,129.0896,-1.462394595,"a,c"
Shanghai,Projected_Area,474.3615,0.1230406612,"a,c"
Beijing,Projected_Area,963.1756,0.2190112919,"a,c"
Wuhan,Projected_Area,364.9666,-0.1210926324,"a,c"
Wuhan,Projected_Area,208.6808,-1.491809368,"a,c"
Shanghai,Projected_Area,182.6376,-2.230255604,"a,c"
Shanghai,Projected_Area,487.9638,0.3131072521,"a,c"
Shanghai,Projected_Area,190.2783,-1.932797194,"a,c"
Wuhan,Projected_Area,636.7536,0.1465014368,"a,c"
Shanghai,Projected_Area,589.6118,0.3279692531,"a,c"
Wuhan,Projected_Area,344.88,-0.02171265893,"a,c"
Guangzhou,Projected_Area,925.7605,0.5102715492,"a,c"
Beijing,Projected_Area,1223.5969,0.7468163371,"a,c"
Beijing,Projected_Area,1000.0016,0.6153018475,"a,c"
Shanghai,Projected_Area,313.8202,0.3186634779,"a,c"
Beijing,Projected_Area,702.7899,0.3645114303,"a,c"
Shanghai,Projected_Area,264.0322,-0.2019929588,"a,c"
Wuhan,Projected_Area,159.6544,-1.694620013,"a,c"
Shanghai,Projected_Area,1230.8699,0.5773140788,"a,c"
Shanghai,Projected_Area,152.3615,-2.167571068,"a,c"
Shanghai,Projected_Area,557.9132,-0.007742931601,"a,c"
Wuhan,Projected_Area,602.6468,0.5466554761,"a,c"
Wuhan,Projected_Area,456.3449,0.2385618985,"a,c"
Beijing,Projected_Area,468.6848,0.2174301445,"a,c"
Shanghai,Projected_Area,490.415,0.16863437,"a,c"
Shanghai,Projected_Area,451.6578,0.3056141436,"a,c"
Wuhan,Projected_Area,150.5236,-1.729793668,"a,c"
Shanghai,Projected_Area,344.7173,0.07264825702,"a,c"
Shanghai,Projected_Area,832.4634,0.5557881594,"a,c"
Guangzhou,Projected_Area,325.8399,-0.02643577941,"a,c"
Shanghai,Projected_Area,355.6114,0.03846399859,"a,c"
Shanghai,Projected_Area,146.4062,-1.897383928,"a,c"
Wuhan,Projected_Area,722.8035,0.6526519656,"a,c"
Guangzhou,Projected_Area,1025.2354,0.4785243571,"a,c"
Wuhan,Projected_Area,957.161,0.413192153,"a,c"
Wuhan,Projected_Area,407.4761,0.04214443266,"a,c"
Shanghai,Projected_Area,114.3717,-1.661428094,"a,c"
Wuhan,Projected_Area,855.8488,0.6387934685,"a,c"
Wuhan,Projected_Area,398.2913,0.08208596706,"a,c"
Beijing,Projected_Area,372.7553,-0.1204931065,"a,c"
Wuhan,Projected_Area,139.0763,-1.813192129,"a,c"
Shanghai,Projected_Area,174.4228,-1.741607428,"a,c"
Wuhan,Projected_Area,276.9212,-0.3274724782,"a,c"
Shanghai,Projected_Area,109.7369,-1.580162644,"a,c"
Shanghai,Projected_Area,648.9738,0.5495084524,"a,c"
Shanghai,Projected_Area,646.4094,0.5345572233,"a,c"
Shanghai,Projected_Area,500.7639,0.2904540002,"a,c"
Wuhan,Projected_Area,429.4771,0.2107938528,"a,c"
Shanghai,Projected_Area,427.0668,0.3717538714,"a,c"
Shanghai,Projected_Area,258.9233,-0.1852725893,"a,c"
Shanghai,Projected_Area,484.5816,0.1579497308,"a,c"
Wuhan,Projected_Area,195.1056,-2.077390671,"a,c"
Shanghai,Projected_Area,543.3983,0.2294765413,"a,c"
Shanghai,Projected_Area,885.8549,0.2890800238,"a,c"
Shanghai,Projected_Area,588.8124,0.3762631714,"a,c"
Wuhan,Projected_Area,208.3263,-1.258514762,"a,c"
Wuhan,Projected_Area,336.2615,0.03281344846,"a,c"
Beijing,Projected_Area,256.531,-0.5193604231,"a,c"
Shanghai,Projected_Area,338.8866,0.08586271107,"a,c"
Shanghai,Projected_Area,515.9597,0.2007057816,"a,c"
Shanghai,Projected_Area,357.7123,-0.02160301805,"a,c"
Shanghai,Projected_Area,145.4067,-1.682371736,"a,c"
Guangzhou,Projected_Area,521.7304,0.01565083303,"a,c"
Beijing,Projected_Area,121.2332,-2.086118221,"a,c"
Shanghai,Projected_Area,388.4241,0.02328247204,"a,c"
Shanghai,Projected_Area,360.185,0.01610882208,"a,c"
Shanghai,Projected_Area,364.5988,-0.02935462631,"a,c"
Wuhan,Projected_Area,546.5639,-0.1248461679,"a,c"
Shanghai,Projected_Area,91.1442,-1.515416861,"a,c"
Shanghai,Projected_Area,410.7411,0.1635103375,"a,c"
Wuhan,Projected_Area,320.1115,-0.05272378772,"a,c"
Shanghai,Projected_Area,462.3492,0.3940886259,"a,c"
Guangzhou,Projected_Area,130.8361,-1.239987135,"a,c"
Shanghai,Projected_Area,445.4399,0.1759924889,"a,c"
Wuhan,Projected_Area,698.7664,0.5865957141,"a,c"
Shanghai,Projected_Area,300.0964,-0.1087760255,"a,c"
Shanghai,Projected_Area,198.0903,-0.97147578,"a,c"
Beijing,Projected_Area,490.2696,0.2718040049,"a,c"
Shanghai,Projected_Area,335.3672,-0.1030113995,"a,c"
Shanghai,Projected_Area,535.3721,0.1242262498,"a,c"
Wuhan,Projected_Area,271.1851,-0.4150847495,"a,c"
Shanghai,Projected_Area,433.1173,0.3948432207,"a,c"
Shanghai,Projected_Area,106.7062,-1.526795387,"a,c"
Shanghai,Projected_Area,398.3058,0.02410995588,"a,c"
Shanghai,Projected_Area,390.0157,0.208805874,"a,c"
Shanghai,Projected_Area,207.3406,-1.352092505,"a,c"
Shanghai,Projected_Area,175.0033,-2.153442621,"a,c"
Shanghai,Projected_Area,147.051,-1.788332701,"a,c"
Shanghai,Projected_Area,178.133,-2.305738449,"a,c"
Shanghai,Projected_Area,248.8974,-0.3128653765,"a,c"
Shanghai,Projected_Area,176.03,-1.88680768,"a,c"
Wuhan,Projected_Area,1192.252,1.209586263,"a,c"
Shanghai,Projected_Area,661.2817,0.4146657288,"a,c"
Wuhan,Projected_Area,337.4027,-0.1704233587,"a,c"
Shanghai,Projected_Area,386.8233,0.2352579236,"a,c"
Shanghai,Projected_Area,193.1827,-1.905116439,"a,c"
Shanghai,Projected_Area,669.9275,0.5190374851,"a,c"
Shanghai,Projected_Area,474.2553,0.3122880459,"a,c"
Shanghai,Projected_Area,391.5755,0.1534950137,"a,c"
Shanghai,Projected_Area,323.7541,0.2367041856,"a,c"
Shanghai,Projected_Area,549.301,0.04204661399,"a,c"
Guangzhou,Projected_Area,110.84,-1.499418974,"a,c"
Shanghai,Projected_Area,105.0275,-1.4763062,"a,c"
Guangzhou,Projected_Area,114.7515,-1.475157022,"a,c"
Wuhan,Projected_Area,677.8587,0.6020727158,"a,c"
Guangzhou,Projected_Area,1035.4422,0.4693181217,"a,c"
Shanghai,Projected_Area,168.3246,-1.605716944,"a,c"
Shanghai,Projected_Area,174.6969,-1.941684127,"a,c"
Shanghai,Projected_Area,90.821,-0.9994558692,"a,c"
Shanghai,Projected_Area,228.3866,-1.420438409,"a,c"
Shanghai,Projected_Area,678.8087,0.3841151297,"a,c"
Guangzhou,Projected_Area,267.0678,-0.1369110048,"a,c"
Wuhan,Projected_Area,247.5097,-0.5101649165,"a,c"
Beijing,Projected_Area,188.9949,-1.994745851,"a,c"
Beijing,Projected_Area,492.2322,0.2535671294,"a,c"
Guangzhou,Projected_Area,253.4948,-0.3271481991,"a,c"
Guangzhou,Projected_Area,768.5523,0.3864446878,"a,c"
Shanghai,Projected_Area,492.9746,0.1131948978,"a,c"
Wuhan,Projected_Area,172.4348,-1.832198977,"a,c"
Beijing,Projected_Area,270.1638,-0.3115850687,"a,c"
Wuhan,Projected_Area,528.894,-0.04545383155,"a,c"
Shanghai,Projected_Area,278.7658,-0.07364317775,"a,c"
Wuhan,Projected_Area,144.6484,-1.688047051,"a,c"
Shanghai,Projected_Area,251.4897,-0.6105681062,"a,c"
Guangzhou,Projected_Area,128.3767,-1.426264048,"a,c"
Shanghai,Projected_Area,381.8479,-0.07452412695,"a,c"
Shanghai,Projected_Area,119.0605,-1.885079145,"a,c"
Shanghai,Projected_Area,171.522,-1.854884148,"a,c"
Guangzhou,Projected_Area,312.0959,0.0163765084,"a,c"
Shanghai,Projected_Area,1011.0541,0.4295683503,"a,c"
Shanghai,Projected_Area,142.6782,-2.092478991,"a,c"
Beijing,Projected_Area,409.9025,0.05476327986,"a,c"
Beijing,Projected_Area,329.3565,0.01833461784,"a,c"
Shanghai,Projected_Area,177.4587,-2.10208559,"a,c"
Wuhan,Projected_Area,142.0245,-1.935994864,"a,c"
Shanghai,Projected_Area,129.2622,-1.623198748,"a,c"
Beijing,Projected_Area,343.3037,0.004941638559,"a,c"
Wuhan,Projected_Area,411.7878,-0.06991035491,"a,c"
Beijing,Projected_Area,195.2639,-2.093991995,"a,c"
Beijing,Projected_Area,646.1075,0.2325498611,"a,c"
Shanghai,Projected_Area,114.4832,-1.891457915,"a,c"
Shanghai,Projected_Area,99.2567,-1.539624453,"a,c"
Shanghai,Projected_Area,436.4856,0.3122956157,"a,c"
Shanghai,Projected_Area,389.9182,0.1139031425,"a,c"
Shanghai,Projected_Area,542.8615,0.007201511879,"a,c"
Shanghai,Projected_Area,392.7766,0.06606988609,"a,c"
Beijing,Projected_Area,95.9676,-1.222109914,"a,c"
Shanghai,Projected_Area,728.1219,0.8133117557,"a,c"
Wuhan,Projected_Area,887.5263,0.3724168837,"a,c"
Shanghai,Projected_Area,189.1609,-2.011924028,"a,c"
Shanghai,Projected_Area,202.7287,-1.144923687,"a,c"
Wuhan,Projected_Area,749.774,0.4458042383,"a,c"
Shanghai,Projected_Area,587.6842,0.3128496408,"a,c"
Wuhan,Projected_Area,104.3781,-1.684947848,"a,c"
Wuhan,Projected_Area,359.5683,-0.07884543389,"a,c"
Beijing,Projected_Area,355.9566,-0.02890126221,"a,c"
Shanghai,Projected_Area,185.2704,-1.804069638,"a,c"
Wuhan,Projected_Area,399.4774,-0.07220590115,"a,c"
Shanghai,Projected_Area,195.5761,-2.259180069,"a,c"
Beijing,Projected_Area,717.0867,0.6010010839,"a,c"
Wuhan,Projected_Area,471.6781,0.3447439373,"a,c"
Shanghai,Projected_Area,280.7372,-0.4887392521,"a,c"
Shanghai,Projected_Area,835.6414,0.6396204233,"a,c"
Beijing,Projected_Area,536.7861,-0.07960241288,"a,c"
Shanghai,Projected_Area,343.7861,0.1439358294,"a,c"
Shanghai,Projected_Area,161.7201,-1.949731469,"a,c"
Shanghai,Projected_Area,248.3156,-0.8577048182,"a,c"
Shanghai,Projected_Area,420.6751,0.286433965,"a,c"
Shanghai,Projected_Area,234.0843,-1.439866543,"a,c"
Shanghai,Projected_Area,787.4279,0.7999105453,"a,c"
Beijing,Projected_Area,293.0862,-0.2581737041,"a,c"
Wuhan,Projected_Area,487.3176,0.3073030412,"a,c"
Guangzhou,Projected_Area,175.5531,-1.24859786,"a,c"
Beijing,Projected_Area,626.9774,0.3549114466,"a,c"
Beijing,Projected_Area,690.3106,0.4664003849,"a,c"
Guangzhou,Projected_Area,220.7533,-0.960478425,"a,c"
Guangzhou,Projected_Area,420.701,0.1954725534,"a,c"
Shanghai,Projected_Area,551.6558,0.06223072112,"a,c"
Wuhan,Projected_Area,1218.4356,0.5354391932,"a,c"
Shanghai,Projected_Area,208.2255,-1.789976001,"a,c"
Shanghai,Projected_Area,535.584,0.04248081148,"a,c"
Beijing,Projected_Area,423.8074,0.2719335556,"a,c"
Shanghai,Projected_Area,673.0037,0.52511549,"a,c"
Shanghai,Projected_Area,82.6036,-1.745809555,"a,c"
Wuhan,Projected_Area,717.5236,0.4424857795,"a,c"
Guangzhou,Projected_Area,489.2063,0.149710387,"a,c"
Shanghai,Projected_Area,95.9662,-1.720272899,"a,c"
Beijing,Projected_Area,294.9389,-0.4673222005,"a,c"
Shanghai,Projected_Area,265.1907,-0.2216629088,"a,c"
Shanghai,Projected_Area,431.5286,0.5525035858,"a,c"
Shanghai,Projected_Area,349.5742,0.1196715236,"a,c"
Shanghai,Projected_Area,199.8959,-1.158177614,"a,c"
Wuhan,Projected_Area,642.8076,0.4981639981,"a,c"
Beijing,Projected_Area,376.8154,-0.01872740313,"a,c"
Shanghai,Projected_Area,511.4302,0.1548952609,"a,c"
Shanghai,Projected_Area,687.7447,0.6825874448,"a,c"
Beijing,Projected_Area,249.4366,-0.4168142676,"a,c"
Beijing,Projected_Area,571.8603,-0.1762265414,"a,c"
Shanghai,Projected_Area,217.8313,-1.811678529,"a,c"
Shanghai,Projected_Area,286.5164,-0.2855268419,"a,c"
Shanghai,Projected_Area,649.046,0.4132832289,"a,c"
Shanghai,Projected_Area,181.7829,-2.27896595,"a,c"
Guangzhou,Projected_Area,484.7839,0.05456101149,"a,c"
Beijing,Projected_Area,820.836,0.3810718656,"a,c"
Shanghai,Projected_Area,728.369,0.3764620423,"a,c"
Shanghai,Projected_Area,373.4449,0.05552889779,"a,c"
Shanghai,Projected_Area,304.8884,-0.06326602399,"a,c"
Beijing,Projected_Area,441.9828,0.2671114802,"a,c"
Guangzhou,Projected_Area,513.7006,0.05426322669,"a,c"
Shanghai,Projected_Area,160.0587,-2.040500402,"a,c"
Shanghai,Projected_Area,95.4778,-1.158792853,"a,c"
Shanghai,Projected_Area,557.296,-0.0334800072,"a,c"
Shanghai,Projected_Area,535.9443,0.1110722795,"a,c"
Shanghai,Projected_Area,203.0601,-0.8361369967,"a,c"
Wuhan,Projected_Area,327.6027,0.007870570756,"a,c"
Beijing,Projected_Area,382.0028,-0.01540934294,"a,c"
Wuhan,Projected_Area,226.8903,-1.50731039,"a,c"
Shanghai,Projected_Area,142.9514,-1.800291061,"a,c"
Guangzhou,Projected_Area,1292.3304,0.6760326028,"a,c"
Beijing,Projected_Area,1255.411,0.7553820014,"a,c"
Shanghai,Projected_Area,241.0386,-0.7080734968,"a,c"
Wuhan,Projected_Area,633.8457,0.5451290011,"a,c"
Shanghai,Projected_Area,180.9767,-1.902200103,"a,c"
Shanghai,Projected_Area,147.121,-1.904110074,"a,c"
Shanghai,Projected_Area,166.5761,-1.619913101,"a,c"
Shanghai,Projected_Area,165.4329,-2.31165266,"a,c"
Wuhan,Projected_Area,524.724,0.05185209587,"a,c"
Wuhan,Projected_Area,242.8889,-0.8622883558,"a,c"
Shanghai,Projected_Area,331.688,0.1357765347,"a,c"
Shanghai,Projected_Area,673.257,0.3156025708,"a,c"
Shanghai,Projected_Area,100.612,-1.388172388,"a,c"
Shanghai,Projected_Area,768.0805,0.5862962008,"a,c"
Wuhan,Projected_Area,228.3668,-0.8294069767,"a,c"
Guangzhou,Projected_Area,152.8774,-1.724480867,"a,c"
Shanghai,Projected_Area,506.0981,0.1827082038,"a,c"
Shanghai,Projected_Area,306.8417,0.2405991703,"a,c"
Guangzhou,Projected_Area,636.976,0.3742828369,"a,c"
Wuhan,Projected_Area,437.619,-0.01961774938,"a,c"
Shanghai,Projected_Area,217.0541,-1.597182393,"a,c"
Guangzhou,Projected_Area,234.9355,-1.263148665,"a,c"
Shanghai,Projected_Area,471.4229,0.3095089495,"a,c"
Beijing,Projected_Area,524.5858,-0.03008006141,"a,c"
Shanghai,Projected_Area,336.8723,-0.001695438055,"a,c"
Beijing,Projected_Area,580.9591,-0.0907022357,"a,c"
Shanghai,Projected_Area,608.7763,0.495927006,"a,c"
Beijing,Projected_Area,751.7717,0.3942224681,"a,c"
Shanghai,Projected_Area,226.056,-1.330773115,"a,c"
Shanghai,Projected_Area,299.3066,-0.01552925911,"a,c"
Shanghai,Projected_Area,161.5485,-1.875027299,"a,c"
Shanghai,Projected_Area,226.0525,-1.661592364,"a,c"
Wuhan,Projected_Area,851.8892,0.5513778925,"a,c"
Wuhan,Projected_Area,92.189,-1.249907732,"a,c"
Shanghai,Projected_Area,485.7855,0.3894530237,"a,c"
Guangzhou,Projected_Area,95.8822,-1.416122437,"a,c"
Shanghai,Projected_Area,154.3023,-1.861264944,"a,c"
Shanghai,Projected_Area,545.8284,0.2394154072,"a,c"
Shanghai,Projected_Area,311.6714,0.1483647525,"a,c"
Beijing,Projected_Area,144.8223,-1.900306463,"a,c"
Wuhan,Projected_Area,456.1273,0.2113129199,"a,c"
Wuhan,Projected_Area,571.1464,-0.1307757348,"a,c"
Shanghai,Projected_Area,670.9697,0.4085112214,"a,c"
Shanghai,Projected_Area,171.0174,-1.933851004,"a,c"
Shanghai,Projected_Area,480.4278,0.3763689995,"a,c"
Guangzhou,Projected_Area,179.8112,-1.081170201,"a,c"
Shanghai,Projected_Area,448.2735,0.336268723,"a,c"
Shanghai,Projected_Area,210.706,-1.449761629,"a,c"
Guangzhou,Projected_Area,386.4763,0.0825792253,"a,c"
Shanghai,Projected_Area,705.2709,0.5875862241,"a,c"
Shanghai,Projected_Area,337.302,0.01388780121,"a,c"
Beijing,Projected_Area,178.2137,-2.247048616,"a,c"
Shanghai,Projected_Area,218.7639,-1.32253325,"a,c"
Shanghai,Projected_Area,462.7023,0.1083374545,"a,c"
Shanghai,Projected_Area,786.252,0.6576529741,"a,c"
Shanghai,Projected_Area,136.9086,-1.867628574,"a,c"
Shanghai,Projected_Area,111.6032,-1.715054274,"a,c"
Beijing,Projected_Area,565.1986,-0.01529319398,"a,c"
Shanghai,Projected_Area,398.0629,0.02677912265,"a,c"
Beijing,Projected_Area,249.1277,-0.6729806662,"a,c"
Guangzhou,Projected_Area,1574.5926,0.3896376193,"a,c"
Shanghai,Projected_Area,351.4325,-0.1472106278,"a,c"
Guangzhou,Projected_Area,116.782,-1.708271503,"a,c"
Shanghai,Projected_Area,587.4851,0.2467220724,"a,c"
Shanghai,Projected_Area,386.5129,0.02109250054,"a,c"
Shanghai,Projected_Area,202.1533,-0.8685997128,"a,c"
Beijing,Projected_Area,519.4484,0.1769194305,"a,c"
Guangzhou,Projected_Area,197.6493,-0.7715725899,"a,c"
Shanghai,Projected_Area,238.4001,-1.344789743,"a,c"
Beijing,Projected_Area,198.7953,-0.7005767822,"a,c"
Beijing,Projected_Area,1215.1482,1.077910662,"a,c"
Shanghai,Projected_Area,183.6006,-2.245471478,"a,c"
Guangzhou,Projected_Area,80.9287,-1.239271641,"a,c"
Shanghai,Projected_Area,281.0832,-0.1749873757,"a,c"
Shanghai,Projected_Area,587.2314,0.3039568663,"a,c"
Shanghai,Projected_Area,670.3514,0.4294821918,"a,c"
Shanghai,Projected_Area,189.1152,-1.436763525,"a,c"
Shanghai,Projected_Area,214.8892,-1.549890041,"a,c"
Shanghai,Projected_Area,338.5009,0.1108095422,"a,c"
Beijing,Projected_Area,1090.7426,0.9419234991,"a,c"
Beijing,Projected_Area,717.036,0.03697131574,"a,c"
Shanghai,Projected_Area,94.9583,-1.459138036,"a,c"
Beijing,Projected_Area,252.7984,-0.1329956353,"a,c"
Shanghai,Projected_Area,682.7529,0.8809144497,"a,c"
Shanghai,Projected_Area,142.1929,-1.719353557,"a,c"
Shanghai,Projected_Area,491.4283,0.1475968659,"a,c"
Shanghai,Projected_Area,347.2801,0.2389641851,"a,c"
Beijing,Projected_Area,1620.4894,0.7337919474,"a,c"
Shanghai,Projected_Area,656.252,0.4734668434,"a,c"
Beijing,Projected_Area,737.6834,0.8243445158,"a,c"
Shanghai,Projected_Area,185.7933,-1.479433894,"a,c"
Shanghai,Projected_Area,353.6744,-0.05279294774,"a,c"
Wuhan,Projected_Area,695.6245,0.5594323874,"a,c"
Shanghai,Projected_Area,308.1714,0.2082503587,"a,c"
Shanghai,Projected_Area,1316.7185,0.8904624581,"a,c"
Shanghai,Projected_Area,564.6088,-0.04814392328,"a,c"
Shanghai,Projected_Area,252.8516,-0.4308628142,"a,c"
Shanghai,Projected_Area,770.2619,0.7110438943,"a,c"
Guangzhou,Projected_Area,177.0188,-1.329264879,"a,c"
Wuhan,Projected_Area,505.5659,0.1388527453,"a,c"
Shanghai,Projected_Area,360.7739,-0.1864779294,"a,c"
Shanghai,Projected_Area,426.6163,0.8258302212,"a,c"
Shanghai,Projected_Area,331.6809,0.1036506966,"a,c"
Shanghai,Projected_Area,344.1751,0.002189069754,"a,c"
Wuhan,Projected_Area,1167.0756,0.7308040261,"a,c"
Wuhan,Projected_Area,487.2507,0.1387987584,"a,c"
Shanghai,Projected_Area,569.6431,-0.09539873898,"a,c"
Wuhan,Projected_Area,784.5463,0.6716297865,"a,c"
Shanghai,Projected_Area,517.2194,0.05998218805,"a,c"
Wuhan,Projected_Area,655.2818,0.4128567874,"a,c"
Shanghai,Projected_Area,536.9748,0.1362621933,"a,c"
Shanghai,Projected_Area,425.6706,0.421608299,"a,c"
Shanghai,Projected_Area,307.8016,0.4858956635,"a,c"
Wuhan,Projected_Area,424.0065,0.09039020538,"a,c"
Beijing,Projected_Area,217.4009,-1.326107502,"a,c"
Wuhan,Projected_Area,519.6655,-0.04640115798,"a,c"
Shanghai,Projected_Area,698.5033,0.6711128354,"a,c"
Wuhan,Projected_Area,587.1256,0.232742846,"a,c"
Shanghai,Projected_Area,334.4455,0.1648125052,"a,c"
Shanghai,Projected_Area,443.4914,0.4065974057,"a,c"
Guangzhou,Projected_Area,252.279,-0.5281248689,"a,c"
Shanghai,Projected_Area,166.9639,-2.134644985,"a,c"
Shanghai,Projected_Area,483.6714,0.3729455769,"a,c"
Shanghai,Projected_Area,572.8687,-0.03784843162,"a,c"
Guangzhou,Projected_Area,218.8853,-1.363276482,"a,c"
Wuhan,Projected_Area,147.8748,-1.760752559,"a,c"
Wuhan,Projected_Area,395.8404,-0.01054367702,"a,c"
Shanghai,Projected_Area,375.594,0.1550070047,"a,c"
Beijing,Projected_Area,177.8922,-2.150706291,"a,c"
Wuhan,Projected_Area,482.2965,0.02441941574,"a,c"
Beijing,Projected_Area,920.6544,0.2827889025,"a,c"
Shanghai,Projected_Area,416.1072,-0.01595219411,"a,c"
Shanghai,Projected_Area,123.3123,-2.097933531,"a,c"
Wuhan,Projected_Area,688.5782,0.4684410691,"a,c"
Shanghai,Projected_Area,308.5402,0.08654823899,"a,c"
Wuhan,Projected_Area,661.5063,0.3723370433,"a,c"
Shanghai,Projected_Area,387.6205,0.0473697111,"a,c"
Wuhan,Projected_Area,115.1732,-1.708885789,"a,c"
Wuhan,Projected_Area,702.4794,0.5495180488,"a,c"
Shanghai,Projected_Area,447.4337,0.3809794486,"a,c"
Shanghai,Projected_Area,195.2963,-1.813557744,"a,c"
Wuhan,Projected_Area,529.7974,-0.1016543955,"a,c"
Shanghai,Projected_Area,425.1329,0.871237278,"a,c"
Guangzhou,Projected_Area,221.1112,-1.367825866,"a,c"
Shanghai,Projected_Area,321.8153,-0.002373174299,"a,c"
Shanghai,Projected_Area,473.1194,0.4274689257,"a,c"
Wuhan,Projected_Area,395.3684,0.04652082548,"a,c"
Shanghai,Projected_Area,222.7986,-1.512618303,"a,c"
Wuhan,Projected_Area,130.655,-0.8629043102,"a,c"
Shanghai,Projected_Area,165.8084,-2.111788273,"a,c"
Shanghai,Projected_Area,98.8317,-1.657326818,"a,c"
Wuhan,Projected_Area,157.8008,-1.973700047,"a,c"
Wuhan,Projected_Area,494.3358,0.1506492645,"a,c"
Shanghai,Projected_Area,381.9583,-0.05869615078,"a,c"
Shanghai,Projected_Area,262.9442,-0.2433114797,"a,c"
Shanghai,Projected_Area,423.2367,0.2467220128,"a,c"
Wuhan,Projected_Area,576.5681,-0.1457553804,"a,c"
Wuhan,Projected_Area,455.3077,0.3059558272,"a,c"
Guangzhou,Projected_Area,368.7957,-0.1897953749,"a,c"
Guangzhou,Projected_Area,133.8066,-1.424308062,"a,c"
Shanghai,Projected_Area,402.2392,0.2601619363,"a,c"
Shanghai,Projected_Area,385.2701,0.0666058436,"a,c"
Shanghai,Projected_Area,158.745,-1.897512197,"a,c"
Guangzhou,Projected_Area,620.4016,0.3195679486,"a,c"
Shanghai,Projected_Area,576.4113,0.07896253467,"a,c"
Beijing,Projected_Area,133.5289,-2.154726267,"a,c"
Shanghai,Projected_Area,140.1199,-1.719605684,"a,c"
Shanghai,Projected_Area,367.4445,0.08308865875,"a,c"
Shanghai,Projected_Area,464.3893,0.3441671729,"a,c"
Beijing,Projected_Area,456.8141,0.02716921084,"a,c"
Beijing,Projected_Area,494.432,-0.08114827424,"a,c"
Guangzhou,Projected_Area,723.4444,0.2033468038,"a,c"
Shanghai,Projected_Area,680.649,0.2921306789,"a,c"
Shanghai,Projected_Area,426.9361,0.7920612097,"a,c"
Shanghai,Projected_Area,150.7174,-2.084311247,"a,c"
Shanghai,Projected_Area,598.4066,0.3540005386,"a,c"
Wuhan,Projected_Area,137.4064,-1.735206008,"a,c"
Wuhan,Projected_Area,520.5861,0.06100259349,"a,c"
Wuhan,Projected_Area,120.7224,-1.834150672,"a,c"
Shanghai,Projected_Area,564.6646,-0.008395787328,"a,c"
Wuhan,Projected_Area,227.4297,-1.506496668,"a,c"
Shanghai,Projected_Area,314.0856,0.03709687293,"a,c"
Shanghai,Projected_Area,369.8283,0.01227496192,"a,c"
Shanghai,Projected_Area,128.0945,-1.507925987,"a,c"
Shanghai,Projected_Area,200.6897,-0.9663527608,"a,c"
Shanghai,Projected_Area,132.0842,-1.814484954,"a,c"
Beijing,Projected_Area,190.3307,-1.130567551,"a,c"
Shanghai,Projected_Area,521.5321,0.0247667674,"a,c"
Guangzhou,Projected_Area,170.6626,-1.677714348,"a,c"
Beijing,Projected_Area,99.6226,-1.575535774,"a,c"
Wuhan,Projected_Area,160.8184,-1.745399833,"a,c"
Shanghai,Projected_Area,606.856,0.5433782935,"a,c"
Guangzhou,Projected_Area,142.9484,-1.480411768,"a,c"
Wuhan,Projected_Area,470.2268,0.2736265659,"a,c"
Shanghai,Projected_Area,419.3837,0.1088357344,"a,c"
Guangzhou,Projected_Area,146.5499,-1.583344698,"a,c"
Beijing,Projected_Area,234.7076,-0.9218069911,"a,c"
Shanghai,Projected_Area,384.1012,0.06717725843,"a,c"
Shanghai,Projected_Area,346.7003,-0.03146464378,"a,c"
Shanghai,Projected_Area,848.3537,0.4602123201,"a,c"
Guangzhou,Projected_Area,721.1522,0.4356110096,"a,c"
Shanghai,Projected_Area,367.0307,-0.04031750187,"a,c"
Wuhan,Projected_Area,659.3565,0.4629094303,"a,c"
Shanghai,Projected_Area,229.8483,-0.952486515,"a,c"
Shanghai,Projected_Area,500.7793,0.1286885589,"a,c"
Shanghai,Projected_Area,590.6951,0.331572473,"a,c"
Shanghai,Projected_Area,364.1143,-0.04218965024,"a,c"
Shanghai,Projected_Area,294.7745,-0.1843968332,"a,c"
Shanghai,Projected_Area,157.3492,-1.6421839,"a,c"
Shanghai,Projected_Area,518.4515,0.07702662051,"a,c"
Shanghai,Projected_Area,451.8094,0.3769935668,"a,c"
Wuhan,Projected_Area,281.1277,-0.3795009553,"a,c"
Wuhan,Projected_Area,358.5379,-0.1366063356,"a,c"
Wuhan,Projected_Area,132.9256,-1.297728777,"a,c"
Wuhan,Projected_Area,613.5435,0.538726449,"a,c"
Shanghai,Projected_Area,111.5304,-1.646244645,"a,c"
Wuhan,Projected_Area,372.8579,-0.1599016041,"a,c"
Shanghai,Projected_Area,631.0969,0.4656272531,"a,c"
Shanghai,Projected_Area,817.2613,0.5484834909,"a,c"
Shanghai,Projected_Area,414.8853,0.2134210169,"a,c"
Wuhan,Projected_Area,562.6308,-0.04700052738,"a,c"
Shanghai,Projected_Area,414.2433,0.2429650724,"a,c"
Shanghai,Projected_Area,305.3895,-0.1050914302,"a,c"
Shanghai,Projected_Area,131.6692,-1.559606194,"a,c"
Beijing,Projected_Area,252.8473,-0.5491960049,"a,c"
Guangzhou,Projected_Area,112.691,-1.380891442,"a,c"
Shanghai,Projected_Area,1216.7356,0.6414484978,"a,c"
Guangzhou,Projected_Area,145.478,-1.578334451,"a,c"
Shanghai,Projected_Area,95.549,-1.420374393,"a,c"
Shanghai,Projected_Area,762.1778,0.4777623713,"a,c"
Shanghai,Projected_Area,277.6567,-0.4048188925,"a,c"
Shanghai,Projected_Area,858.4468,0.4680106938,"a,c"
Wuhan,Projected_Area,163.989,-1.91438067,"a,c"
Beijing,Projected_Area,518.2614,-0.01982759684,"a,c"
Shanghai,Projected_Area,349.1199,0.09471500665,"a,c"
Wuhan,Projected_Area,616.5839,0.304436326,"a,c"
Shanghai,Projected_Area,161.7859,-1.78679204,"a,c"
Shanghai,Projected_Area,386.188,0.01423535403,"a,c"
Guangzhou,Projected_Area,121.3426,-1.384028554,"a,c"
Beijing,Projected_Area,716.8863,0.4532250464,"a,c"
Beijing,Projected_Area,891.0503,0.3107153773,"a,c"
Shanghai,Projected_Area,542.253,-0.004543294199,"a,c"
Wuhan,Projected_Area,819.7124,0.4947521687,"a,c"
Guangzhou,Projected_Area,852.4269,0.4804380834,"a,c"
Shanghai,Projected_Area,153.6778,-1.85620153,"a,c"
Shanghai,Projected_Area,538.3436,-0.09552971274,"a,c"
Wuhan,Projected_Area,515.208,0.03053936549,"a,c"
Shanghai,Projected_Area,449.1022,0.2742449343,"a,c"
Shanghai,Projected_Area,417.6661,0.1035611853,"a,c"
Shanghai,Projected_Area,161.9601,-1.835454106,"a,c"
Shanghai,Projected_Area,450.8042,0.4727101624,"a,c"
Shanghai,Projected_Area,1105.9564,0.4353366792,"a,c"
Shanghai,Projected_Area,631.7136,0.5034446716,"a,c"
Beijing,Projected_Area,581.0871,-0.1527141184,"a,c"
Shanghai,Projected_Area,97.1117,-1.283670664,"a,c"
Shanghai,Projected_Area,653.9298,0.5680727363,"a,c"
Shanghai,Projected_Area,582.3198,0.02698459849,"a,c"
Wuhan,Projected_Area,151.3102,-2.091095448,"a,c"
Shanghai,Projected_Area,193.0095,-1.999615908,"a,c"
Shanghai,Projected_Area,114.9748,-1.505210876,"a,c"
Shanghai,Projected_Area,790.8918,1.049203515,"a,c"
Wuhan,Projected_Area,528.2461,0.03688389808,"a,c"
Guangzhou,Projected_Area,161.0747,-1.720294714,"a,c"
Wuhan,Projected_Area,334.7547,-0.1403614283,"a,c"
Wuhan,Projected_Area,349.7015,-0.1030507982,"a,c"
Shanghai,Projected_Area,172.7807,-2.101393461,"a,c"
Wuhan,Projected_Area,190.633,-1.902552962,"a,c"
Shanghai,Projected_Area,284.6813,-0.2508836687,"a,c"
Beijing,Projected_Area,539.1912,0.1018173248,"a,c"
Wuhan,Projected_Area,336.0773,-0.02452680841,"a,c"
Shanghai,Projected_Area,712.6579,0.6591500044,"a,c"
Wuhan,Projected_Area,470.7176,0.2645827532,"a,c"
Wuhan,Projected_Area,264.7336,-0.4111241996,"a,c"
Wuhan,Projected_Area,220.9128,-1.467775583,"a,c"
Shanghai,Projected_Area,1051.3266,0.5237793922,"a,c"
Shanghai,Projected_Area,620.3587,0.372202903,"a,c"
Guangzhou,Projected_Area,202.9277,-0.8365177512,"a,c"
Shanghai,Projected_Area,409.6799,-0.02902645245,"a,c"
Shanghai,Projected_Area,145.2552,-1.784326911,"a,c"
Wuhan,Projected_Area,548.1053,-0.2536301017,"a,c"
Shanghai,Projected_Area,250.4722,-0.6474804282,"a,c"
Guangzhou,Projected_Area,175.1583,-1.556254983,"a,c"
Beijing,Projected_Area,510.7153,0.004393322859,"a,c"
Shanghai,Projected_Area,334.4063,0.2301157415,"a,c"
Guangzhou,Projected_Area,139.2324,-1.441795826,"a,c"
Shanghai,Projected_Area,356.2118,0.06535627693,"a,c"
Shanghai,Projected_Area,308.6804,0.311016351,"a,c"
Wuhan,Projected_Area,238.2323,-1.23418963,"a,c"
Shanghai,Projected_Area,280.1141,-0.3908030689,"a,c"
Wuhan,Projected_Area,672.8133,0.4303225875,"a,c"
Shanghai,Projected_Area,168.5148,-1.848587751,"a,c"
Shanghai,Projected_Area,124.0326,-1.686492801,"a,c"
Guangzhou,Projected_Area,875.9637,0.5008228421,"a,c"
Shanghai,Projected_Area,270.1784,-0.3124477267,"a,c"
Shanghai,Projected_Area,144.7341,-2.10612464,"a,c"
Shanghai,Projected_Area,417.1015,0.1371563971,"a,c"
Shanghai,Projected_Area,420.9538,0.1676456481,"a,c"
Beijing,Projected_Area,585.9826,0.08570356667,"a,c"
Shanghai,Projected_Area,231.8713,-1.451192737,"a,c"
Guangzhou,Projected_Area,152.9198,-1.575177193,"a,c"
Shanghai,Projected_Area,565.9831,-0.09279809147,"a,c"
Shanghai,Projected_Area,175.1253,-2.157194614,"a,c"
Shanghai,Projected_Area,883.5284,0.497621268,"a,c"
Shanghai,Projected_Area,411.1108,0.1566456258,"a,c"
Shanghai,Projected_Area,806.4745,0.9657027125,"a,c"
Shanghai,Projected_Area,767.9866,0.6197538376,"a,c"
Wuhan,Projected_Area,461.9489,0.5100956559,"a,c"
Shanghai,Projected_Area,535.1092,0.1675011814,"a,c"
Shanghai,Projected_Area,293.9045,-0.0709471181,"a,c"
Wuhan,Projected_Area,638.1881,0.4912522137,"a,c"
Shanghai,Projected_Area,463.8066,0.3531304598,"a,c"
Shanghai,Projected_Area,744.8582,0.3764171004,"a,c"
Guangzhou,Projected_Area,112.1782,-1.185357928,"a,c"
Shanghai,Projected_Area,542.5247,0.06368793547,"a,c"
Wuhan,Projected_Area,477.8587,0.3990390003,"a,c"
Wuhan,Projected_Area,658.7042,0.3975035548,"a,c"
Wuhan,Projected_Area,831.1351,0.6878338456,"a,c"
Shanghai,Projected_Area,221.6362,-1.610238433,"a,c"
Beijing,Projected_Area,150.1429,-1.351430416,"a,c"
Shanghai,Projected_Area,534.6793,0.1087815985,"a,c"
Beijing,Projected_Area,139.963,-1.670874238,"a,c"
Beijing,Projected_Area,718.8633,0.6026599407,"a,c"
Shanghai,Projected_Area,623.5531,0.4943037927,"a,c"
Shanghai,Projected_Area,650.3212,0.5866988897,"a,c"
Shanghai,Projected_Area,289.2546,-0.01273367554,"a,c"
Wuhan,Projected_Area,465.8088,0.3471924961,"a,c"
Shanghai,Projected_Area,240.0554,-1.575661182,"a,c"
Beijing,Projected_Area,1198.2205,0.6215648055,"a,c"
Wuhan,Projected_Area,316.6744,0.04546616971,"a,c"
Beijing,Projected_Area,820.4903,0.7492550015,"a,c"
Beijing,Projected_Area,243.065,-0.6979637742,"a,c"
Shanghai,Projected_Area,308.7632,0.2456792444,"a,c"
Wuhan,Projected_Area,157.8721,-2.227589846,"a,c"
Shanghai,Projected_Area,428.7526,0.334849298,"a,c"
Beijing,Projected_Area,196.733,-1.57907486,"a,c"
Guangzhou,Projected_Area,95.0596,-1.298416018,"a,c"
Shanghai,Projected_Area,377.4319,-0.0682945922,"a,c"
Guangzhou,Projected_Area,227.7798,-1.422217846,"a,c"
Guangzhou,Projected_Area,140.6318,-1.538106799,"a,c"
Guangzhou,Projected_Area,415.2948,0.2614739239,"a,c"
Shanghai,Projected_Area,572.3522,0.03035074286,"a,c"
Beijing,Projected_Area,116.3861,-1.727411985,"a,c"
Shanghai,Projected_Area,567.7295,-0.1277927756,"a,c"
Shanghai,Projected_Area,501.7372,0.2203388214,"a,c"
Wuhan,Projected_Area,548.1188,-0.2098474354,"a,c"
Shanghai,Projected_Area,380.4349,0.1937551945,"a,c"
Shanghai,Projected_Area,390.3974,0.1595703661,"a,c"
Shanghai,Projected_Area,458.2297,0.3513380587,"a,c"
Shanghai,Projected_Area,478.4635,0.2659704387,"a,c"
Shanghai,Projected_Area,662.932,0.4624707103,"a,c"
Shanghai,Projected_Area,889.2112,0.2719699442,"a,c"
Shanghai,Projected_Area,315.7327,0.1399181932,"a,c"
Wuhan,Projected_Area,168.8737,-1.953403234,"a,c"
Shanghai,Projected_Area,619.1191,0.4822081923,"a,c"
Shanghai,Projected_Area,654.0834,0.4725980759,"a,c"
Shanghai,Projected_Area,578.5199,0.03730800375,"a,c"
Beijing,Projected_Area,522.1552,-0.08301530033,"a,c"
Wuhan,Projected_Area,409.8076,0.05797475204,"a,c"
Guangzhou,Projected_Area,259.7362,0.03713791445,"a,c"
Shanghai,Projected_Area,520.9394,0.1483192593,"a,c"
Shanghai,Projected_Area,98.2536,-1.761984229,"a,c"
Shanghai,Projected_Area,408.226,0.1256224364,"a,c"
Guangzhou,Projected_Area,615.6673,0.3119366169,"a,c"
Shanghai,Projected_Area,647.6022,0.5221566558,"a,c"
Shanghai,Projected_Area,604.6809,0.4367875159,"a,c"
Guangzhou,Projected_Area,93.7197,-1.542249322,"a,c"
Shanghai,Projected_Area,464.445,0.1420054436,"a,c"
Shanghai,Projected_Area,473.088,0.3103291392,"a,c"
Shanghai,Projected_Area,253.3939,-0.6679448485,"a,c"
Beijing,Projected_Area,298.1344,-0.3939762712,"a,c"
Shanghai,Projected_Area,100.6313,-1.569702506,"a,c"
Shanghai,Projected_Area,837.5965,0.4170917571,"a,c"
Shanghai,Projected_Area,566.2066,-0.04247538,"a,c"
Shanghai,Projected_Area,185.0287,-1.329086781,"a,c"
Shanghai,Projected_Area,477.5196,0.278591603,"a,c"
Guangzhou,Projected_Area,588.9973,0.2083647698,"a,c"
Guangzhou,Projected_Area,646.6802,0.260329932,"a,c"
Guangzhou,Projected_Area,180.3875,-1.767077327,"a,c"
Guangzhou,Projected_Area,1472.937,0.6268328428,"a,c"
Shanghai,Projected_Area,314.1255,0.1733779311,"a,c"
Shanghai,Projected_Area,150.2075,-1.407821059,"a,c"
Wuhan,Projected_Area,109.4795,-1.741125941,"a,c"
Wuhan,Projected_Area,147.8836,-1.609401464,"a,c"
Shanghai,Projected_Area,1481.0965,0.4711340964,"a,c"
Guangzhou,Projected_Area,150.7688,-1.324325323,"a,c"
Guangzhou,Projected_Area,105.2987,-1.56064415,"a,c"
Beijing,Projected_Area,125.0245,-1.708472371,"a,c"
Wuhan,Projected_Area,303.7555,-0.2007045299,"a,c"
Beijing,Projected_Area,196.5399,-2.008918047,"a,c"
Wuhan,Projected_Area,286.5539,-0.3464671373,"a,c"
Shanghai,Projected_Area,121.5758,-1.568479061,"a,c"
Shanghai,Projected_Area,580.6008,0.02780470997,"a,c"
Guangzhou,Projected_Area,681.1013,0.05963510647,"a,c"
Shanghai,Projected_Area,230.3132,-1.338075638,"a,c"
Shanghai,Projected_Area,731.4906,0.6052361131,"a,c"
Shanghai,Projected_Area,372.0644,0.1120365784,"a,c"
Beijing,Projected_Area,270.0673,-0.06392284483,"a,c"
Shanghai,Projected_Area,489.0969,0.3428534567,"a,c"
Guangzhou,Projected_Area,1006.5891,0.5544903874,"a,c"
Shanghai,Projected_Area,252.8595,-0.8912417889,"a,c"
Shanghai,Projected_Area,512.687,0.142772913,"a,c"
Shanghai,Projected_Area,310.9351,0.01935279183,"a,c"
Shanghai,Projected_Area,414.0444,0.03651621938,"a,c"
Beijing,Projected_Area,691.0416,0.6922495961,"a,c"
Beijing,Projected_Area,553.3046,-0.2228548378,"a,c"
Shanghai,Projected_Area,915.1347,0.6347533464,"a,c"
Wuhan,Projected_Area,442.7577,0.3565314114,"a,c"
Shanghai,Projected_Area,473.3115,0.510604322,"a,c"
Shanghai,Projected_Area,199.0266,-0.8072152138,"a,c"
Guangzhou,Projected_Area,267.8161,-0.3350460231,"a,c"
Wuhan,Projected_Area,526.8183,-0.03283215314,"a,c"
Wuhan,Projected_Area,164.9511,-1.635096788,"a,c"
Wuhan,Projected_Area,951.3846,0.4782714546,"a,c"
Shanghai,Projected_Area,375.5857,0.05853797495,"a,c"
Wuhan,Projected_Area,670.0816,0.2075757086,"a,c"
Guangzhou,Projected_Area,328.8122,-0.1288597584,"a,c"
Wuhan,Projected_Area,368.5435,-0.02121851221,"a,c"
Wuhan,Projected_Area,1117.4536,1.012887836,"a,c"
Shanghai,Projected_Area,401.5505,0.1599885225,"a,c"
Shanghai,Projected_Area,755.6732,0.8747013807,"a,c"
Guangzhou,Projected_Area,1231.4098,0.823468864,"a,c"
Shanghai,Projected_Area,598.8961,0.3673310578,"a,c"
Shanghai,Projected_Area,467.7976,0.3990577757,"a,c"
Shanghai,Projected_Area,138.1589,-1.761271238,"a,c"
Wuhan,Projected_Area,1338.9809,0.7291314006,"a,c"
Shanghai,Projected_Area,446.4607,0.416374743,"a,c"
Shanghai,Projected_Area,966.735,0.2739160657,"a,c"
Shanghai,Projected_Area,189.5421,-2.147597075,"a,c"
Beijing,Projected_Area,338.1376,-0.1887526065,"a,c"
Wuhan,Projected_Area,113.7691,-1.311770201,"a,c"
Beijing,Projected_Area,546.6562,0.004436695948,"a,c"
Shanghai,Projected_Area,265.0149,-0.2299901694,"a,c"
Shanghai,Projected_Area,239.1183,-1.59648788,"a,c"
Guangzhou,Projected_Area,218.3101,-1.388220429,"a,c"
Beijing,Projected_Area,465.7811,0.2050821632,"a,c"
Shanghai,Projected_Area,451.8991,0.3641281724,"a,c"
Shanghai,Projected_Area,581.5021,-0.02511755563,"a,c"
Guangzhou,Projected_Area,160.2425,-1.574310899,"a,c"
Beijing,Projected_Area,698.5281,0.3061596155,"a,c"
Shanghai,Projected_Area,855.508,0.5360029936,"a,c"
Shanghai,Projected_Area,568.5884,-0.1418342143,"a,c"
Shanghai,Projected_Area,84.7849,-1.564586639,"a,c"
Guangzhou,Projected_Area,115.4747,-1.441753507,"a,c"
Wuhan,Projected_Area,254.8606,-0.5784563422,"a,c"
Shanghai,Projected_Area,645.4478,0.4198921919,"a,c"
Shanghai,Projected_Area,417.866,0.2664851844,"a,c"
Beijing,Projected_Area,586.7099,0.285179019,"a,c"
Shanghai,Projected_Area,415.7497,0.1000026539,"a,c"
Wuhan,Projected_Area,179.9794,-2.010146379,"a,c"
Shanghai,Projected_Area,586.7297,0.2792384326,"a,c"
Shanghai,Projected_Area,455.4307,0.334705919,"a,c"
Shanghai,Projected_Area,133.8614,-1.946767926,"a,c"
Shanghai,Projected_Area,479.895,0.275911808,"a,c"
Shanghai,Projected_Area,112.3426,-1.171648264,"a,c"
Wuhan,Projected_Area,352.7489,-0.1204671189,"a,c"
Guangzhou,Projected_Area,465.6366,0.06320738047,"a,c"
Beijing,Projected_Area,396.1168,-0.07416862249,"a,c"
Shanghai,Projected_Area,107.3284,-1.559065938,"a,c"
Shanghai,Projected_Area,168.1279,-1.806229472,"a,c"
Wuhan,Projected_Area,491.2526,0.3778701127,"a,c"
Wuhan,Projected_Area,193.9116,-1.507012606,"a,c"
Shanghai,Projected_Area,529.1797,0.1613052487,"a,c"
Shanghai,Projected_Area,407.0431,-0.05691992491,"a,c"
Shanghai,Projected_Area,190.655,-1.835139751,"a,c"
Guangzhou,Projected_Area,197.7491,-0.7318186164,"a,c"
Shanghai,Projected_Area,169.1921,-1.526990056,"a,c"
Shanghai,Projected_Area,673.5314,0.4516705573,"a,c"
Wuhan,Projected_Area,441.9419,0.3100263774,"a,c"
Beijing,Projected_Area,1034.9885,0.7199801207,"a,c"
Guangzhou,Projected_Area,710.1808,0.4263018966,"a,c"
Shanghai,Projected_Area,311.7482,-0.006586411502,"a,c"
Shanghai,Projected_Area,174.7137,-2.174688339,"a,c"
Guangzhou,Projected_Area,235.3102,-1.270492435,"a,c"
Beijing,Projected_Area,635.5368,0.3603420258,"a,c"
Shanghai,Projected_Area,484.7191,0.2041717619,"a,c"
Shanghai,Projected_Area,268.6635,-0.32861045,"a,c"
Shanghai,Projected_Area,290.9181,-0.2579497397,"a,c"
Shanghai,Projected_Area,263.0578,-0.1760240793,"a,c"
Shanghai,Projected_Area,347.6775,0.08074592054,"a,c"
Shanghai,Projected_Area,660.182,0.5271473527,"a,c"
Shanghai,Projected_Area,178.6395,-1.989571452,"a,c"
Shanghai,Projected_Area,87.1232,-1.743363619,"a,c"
Shanghai,Projected_Area,192.8296,-2.064533949,"a,c"
Shanghai,Projected_Area,109.1103,-1.710703135,"a,c"
Guangzhou,Projected_Area,121.02,-1.372115612,"a,c"
Guangzhou,Projected_Area,189.6658,-1.377928257,"a,c"
Shanghai,Projected_Area,894.8667,0.3411771059,"a,c"
Shanghai,Projected_Area,360.4064,-0.06827661395,"a,c"
Wuhan,Projected_Area,362.1215,-0.02278895117,"a,c"
Shanghai,Projected_Area,427.9153,0.2382179499,"a,c"
Shanghai,Projected_Area,423.2676,0.180235967,"a,c"
Wuhan,Projected_Area,421.8453,0.1580956876,"a,c"
Shanghai,Projected_Area,132.3204,-2.043482065,"a,c"
Wuhan,Projected_Area,162.9281,-1.684726477,"a,c"
Shanghai,Projected_Area,404.0612,0.1197880581,"a,c"
Shanghai,Projected_Area,280.4159,-0.3120081425,"a,c"
Shanghai,Projected_Area,171.0035,-2.184021711,"a,c"
Shanghai,Projected_Area,100.5027,-1.444369078,"a,c"
Guangzhou,Projected_Area,265.2013,-0.3649714887,"a,c"
Shanghai,Projected_Area,559.7842,0.05943879858,"a,c"
Wuhan,Projected_Area,458.3785,0.2338886112,"a,c"
Guangzhou,Projected_Area,706.6265,0.4746187031,"a,c"
Guangzhou,Projected_Area,163.4084,-1.49346149,"a,c"
Guangzhou,Projected_Area,1276.0724,0.5056132674,"a,c"
Shanghai,Projected_Area,679.3417,0.6072725058,"a,c"
Guangzhou,Projected_Area,201.0929,-0.9693448544,"a,c"
Shanghai,Projected_Area,405.5208,0.1291472614,"a,c"
Shanghai,Projected_Area,417.0838,0.0621066913,"a,c"
Wuhan,Projected_Area,141.2066,-1.187486887,"a,c"
Shanghai,Projected_Area,102.1896,-1.511636019,"a,c"
Shanghai,Projected_Area,522.5547,0.1349129975,"a,c"
Shanghai,Projected_Area,755.0399,0.5071533322,"a,c"
Shanghai,Projected_Area,557.6271,0.01133967657,"a,c"
Beijing,Projected_Area,544.4099,0.1620880514,"a,c"
Shanghai,Projected_Area,474.3413,0.3734540641,"a,c"
Wuhan,Projected_Area,250.5855,-0.732573092,"a,c"
Shanghai,Projected_Area,652.468,0.3672920465,"a,c"
Shanghai,Projected_Area,344.1151,0.1084072366,"a,c"
Shanghai,Projected_Area,452.6228,0.4338238239,"a,c"
Shanghai,Projected_Area,314.8956,0.2021002769,"a,c"
Shanghai,Projected_Area,263.5413,0.1739821136,"a,c"
Shanghai,Projected_Area,429.2397,0.8222187161,"a,c"
Shanghai,Projected_Area,358.4084,0.001457181177,"a,c"
Wuhan,Projected_Area,196.7491,-1.811435103,"a,c"
Shanghai,Projected_Area,203.7482,-0.7985324264,"a,c"
Wuhan,Projected_Area,446.3992,0.1395704299,"a,c"
Shanghai,Projected_Area,347.1426,0.02938533947,"a,c"
Shanghai,Projected_Area,395.7442,0.1148110405,"a,c"
Shanghai,Projected_Area,423.5035,0.05169245228,"a,c"
Shanghai,Projected_Area,381.4984,-0.07843612134,"a,c"
Guangzhou,Projected_Area,1017.5018,0.8824578524,"a,c"
Wuhan,Projected_Area,177.2996,-2.051380157,"a,c"
Shanghai,Projected_Area,356.0323,-0.01442151703,"a,c"
Shanghai,Projected_Area,284.3325,-0.2529647648,"a,c"
Shanghai,Projected_Area,763.0491,0.397733897,"a,c"
Shanghai,Projected_Area,229.7678,-1.142005801,"a,c"
Shanghai,Projected_Area,302.9421,-0.4078831971,"a,c"
Shanghai,Projected_Area,204.1426,-0.9590585828,"a,c"
Wuhan,Projected_Area,429.9644,0.4704193473,"a,c"
Shanghai,Projected_Area,193.6639,-1.838414073,"a,c"
Shanghai,Projected_Area,333.5203,-0.08641957492,"a,c"
Beijing,Projected_Area,542.3932,-0.02419058233,"a,c"
Wuhan,Projected_Area,343.7035,-0.05888448656,"a,c"
Wuhan,Projected_Area,670.8292,0.4082060456,"a,c"
Beijing,Projected_Area,166.1937,-2.100866556,"a,c"
Beijing,Projected_Area,744.4382,0.4776822329,"a,c"
Wuhan,Projected_Area,833.7306,0.7550420165,"a,c"
Shanghai,Projected_Area,296.8414,-0.2346640527,"a,c"
Guangzhou,Projected_Area,892.7749,0.3338330388,"a,c"
Guangzhou,Projected_Area,316.8864,-0.07976468652,"a,c"
Shanghai,Projected_Area,230.2233,-1.203458548,"a,c"
Shanghai,Projected_Area,557.204,0.06925487518,"a,c"
Wuhan,Projected_Area,635.8032,0.2576436698,"a,c"
Guangzhou,Projected_Area,269.6879,-0.1910400838,"a,c"
Guangzhou,Projected_Area,111.8612,-1.460634112,"a,c"
Shanghai,Projected_Area,603.5018,0.06566770375,"a,c"
Wuhan,Projected_Area,160.0873,-0.2707436085,"a,c"
Shanghai,Projected_Area,215.0637,-1.244868636,"a,c"
Shanghai,Projected_Area,344.3751,-0.02035362646,"a,c"
Shanghai,Projected_Area,163.4429,-2.215450525,"a,c"
Wuhan,Projected_Area,904.5732,0.4563035071,"a,c"
Shanghai,Projected_Area,417.4377,0.01849027537,"a,c"
Shanghai,Projected_Area,640.7646,0.425301075,"a,c"
Shanghai,Projected_Area,293.5925,-0.1366380602,"a,c"
Shanghai,Projected_Area,632.482,0.6292319894,"a,c"
Shanghai,Projected_Area,263.8126,-0.3120336533,"a,c"
Shanghai,Projected_Area,530.1132,0.218985796,"a,c"
Shanghai,Projected_Area,393.3246,0.04361798614,"a,c"
Shanghai,Projected_Area,165.6365,-2.229567766,"a,c"
Beijing,Projected_Area,553.0737,-0.00428046193,"a,c"
Shanghai,Projected_Area,446.7842,0.07840942591,"a,c"
Beijing,Projected_Area,110.1712,-1.674630165,"a,c"
Beijing,Projected_Area,309.3505,-0.002996384166,"a,c"
Shanghai,Projected_Area,155.7958,-1.908768654,"a,c"
Shanghai,Projected_Area,374.2059,0.01871178113,"a,c"
Wuhan,Projected_Area,158.9539,-1.941238165,"a,c"
Beijing,Projected_Area,1256.0085,0.7187969685,"a,c"
Shanghai,Projected_Area,477.0011,0.3271700144,"a,c"
Shanghai,Projected_Area,180.8299,-2.164888382,"a,c"
Shanghai,Projected_Area,132.1102,-1.809785008,"a,c"
Wuhan,Projected_Area,556.7415,-0.01049419399,"a,c"
Wuhan,Projected_Area,898.2295,0.2770584822,"a,c"
Shanghai,Projected_Area,453.2002,0.2702765465,"a,c"
Guangzhou,Projected_Area,509.7152,0.2477516085,"a,c"
Shanghai,Projected_Area,184.3364,-1.736618996,"a,c"
Shanghai,Projected_Area,687.0588,0.9374356866,"a,c"
Shanghai,Projected_Area,153.1333,-1.843561172,"a,c"
Shanghai,Projected_Area,378.2912,0.1768365204,"a,c"
Shanghai,Projected_Area,534.9823,0.1736596376,"a,c"
Shanghai,Projected_Area,471.1373,0.200542137,"a,c"
Shanghai,Projected_Area,227.5607,-1.68680191,"a,c"
Shanghai,Projected_Area,456.1935,0.5215973854,"a,c"
Shanghai,Projected_Area,549.0062,0.01120766066,"a,c"
Shanghai,Projected_Area,219.8828,-1.141028166,"a,c"
Shanghai,Projected_Area,181.3051,-2.213969231,"a,c"
Beijing,Projected_Area,735.4707,0.5922237039,"a,c"
Wuhan,Projected_Area,513.6567,-0.0696478337,"a,c"
Beijing,Projected_Area,801.192,0.6982439756,"a,c"
Shanghai,Projected_Area,464.8302,0.557654202,"a,c"
Shanghai,Projected_Area,167.6575,-1.978866339,"a,c"
Beijing,Projected_Area,705.5996,0.2449045628,"a,c"
Shanghai,Projected_Area,136.2755,-1.98058939,"a,c"
Wuhan,Projected_Area,223.1567,-1.214710236,"a,c"
Wuhan,Projected_Area,127.9791,-1.755464911,"a,c"
Shanghai,Projected_Area,409.2361,0.2562744915,"a,c"
Beijing,Projected_Area,237.7451,-1.323563099,"a,c"
Wuhan,Projected_Area,322.9423,-0.1709792614,"a,c"
Wuhan,Projected_Area,304.0377,-0.2008930743,"a,c"
Shanghai,Projected_Area,145.8521,-1.774044275,"a,c"
Wuhan,Projected_Area,241.97,-0.363645792,"a,c"
Beijing,Projected_Area,376.4394,-0.08528879285,"a,c"
Shanghai,Projected_Area,540.7365,-0.06735963374,"a,c"
Wuhan,Projected_Area,810.9375,0.7953088284,"a,c"
Shanghai,Projected_Area,217.2937,-1.456709385,"a,c"
Shanghai,Projected_Area,605.3678,0.4066653252,"a,c"
Shanghai,Projected_Area,251.8847,-0.801887095,"a,c"
Shanghai,Projected_Area,432.0234,0.4078097939,"a,c"
Shanghai,Projected_Area,125.0333,-1.372216821,"a,c"
Shanghai,Projected_Area,288.011,-0.161872074,"a,c"
Shanghai,Projected_Area,371.3339,0.0250870809,"a,c"
Shanghai,Projected_Area,559.6585,0.125847578,"a,c"
Wuhan,Projected_Area,366.7346,-0.03964894637,"a,c"
Shanghai,Projected_Area,540.0505,0.09582610428,"a,c"
Beijing,Projected_Area,432.5524,0.1351943761,"a,c"
Shanghai,Projected_Area,309.6238,0.110783942,"a,c"
Shanghai,Projected_Area,392.0828,0.06166969612,"a,c"
Shanghai,Projected_Area,718.0165,0.397597611,"a,c"
Guangzhou,Projected_Area,532.1283,0.03524962068,"a,c"
Shanghai,Projected_Area,180.1388,-1.692802668,"a,c"
Shanghai,Projected_Area,612.6747,0.4669217467,"a,c"
Guangzhou,Projected_Area,180.3522,-1.631984591,"a,c"
Shanghai,Projected_Area,448.3959,0.4092868865,"a,c"
Guangzhou,Projected_Area,154.7865,-1.418457508,"a,c"
Wuhan,Projected_Area,668.0741,0.2563666403,"a,c"
Shanghai,Projected_Area,503.1222,0.2175634652,"a,c"
Shanghai,Projected_Area,746.3319,0.6307660937,"a,c"
Shanghai,Projected_Area,105.2448,-1.85755372,"a,c"
Wuhan,Projected_Area,526.93,0.04509355873,"a,c"
Wuhan,Projected_Area,374.8257,-0.1071977839,"a,c"
Shanghai,Projected_Area,569.2097,-0.0818817243,"a,c"
Guangzhou,Projected_Area,181.9093,-1.556591988,"a,c"
Wuhan,Projected_Area,377.4809,-0.0162878409,"a,c"
Shanghai,Projected_Area,710.4518,0.337926209,"a,c"
Shanghai,Projected_Area,497.9944,0.4289862812,"a,c"
Wuhan,Projected_Area,593.5054,-0.0222166609,"a,c"
Shanghai,Projected_Area,141.1749,-2.000349045,"a,c"
Shanghai,Projected_Area,282.4186,-0.44864586,"a,c"
Wuhan,Projected_Area,125.2936,-1.231365085,"a,c"
Wuhan,Projected_Area,531.8143,-0.383168608,"a,c"
Beijing,Projected_Area,391.9788,0.05199985951,"a,c"
Wuhan,Projected_Area,179.9848,-1.859237909,"a,c"
Shanghai,Projected_Area,124.542,-1.644218802,"a,c"
Shanghai,Projected_Area,702.3228,0.4709223509,"a,c"
Guangzhou,Projected_Area,98.2663,-1.331706166,"a,c"
Shanghai,Projected_Area,469.0006,0.4286110997,"a,c"
Wuhan,Projected_Area,120.2276,-1.332204461,"a,c"
Shanghai,Projected_Area,405.4935,-0.008390773088,"a,c"
Shanghai,Projected_Area,369.026,-0.07250154763,"a,c"
Shanghai,Projected_Area,588.5365,0.1530947685,"a,c"
Wuhan,Projected_Area,536.2658,0.1368833482,"a,c"
Shanghai,Projected_Area,330.5942,-0.04956354201,"a,c"
Shanghai,Projected_Area,430.024,0.607791841,"a,c"
Shanghai,Projected_Area,264.0753,-0.3770145178,"a,c"
Guangzhou,Projected_Area,465.7715,0.07263337821,"a,c"
Beijing,Projected_Area,196.1083,-1.045614004,"a,c"
Shanghai,Projected_Area,636.9366,0.1851451844,"a,c"
Shanghai,Projected_Area,123.8861,-2.025791168,"a,c"
Shanghai,Projected_Area,772.8686,0.7949600816,"a,c"
Guangzhou,Projected_Area,173.6803,-1.725723505,"a,c"
Wuhan,Projected_Area,557.6674,-0.01616359875,"a,c"
Shanghai,Projected_Area,378.3459,0.04122156277,"a,c"
Shanghai,Projected_Area,92.1063,-1.334611416,"a,c"
Shanghai,Projected_Area,225.2907,-1.374727845,"a,c"
Wuhan,Projected_Area,131.8621,-1.99871254,"a,c"
Wuhan,Projected_Area,115.5406,-1.357375503,"a,c"
Shanghai,Projected_Area,347.2107,-0.003416807391,"a,c"
Wuhan,Projected_Area,555.3912,-0.1683956385,"a,c"
Shanghai,Projected_Area,375.0762,-0.03485671803,"a,c"
Shanghai,Projected_Area,418.5223,0.1860757917,"a,c"
Shanghai,Projected_Area,551.4228,-0.09116632491,"a,c"
Shanghai,Projected_Area,123.5997,-1.186520576,"a,c"
Wuhan,Projected_Area,1530.2025,1.301306367,"a,c"
Wuhan,Projected_Area,496.0145,0.07169955969,"a,c"
Shanghai,Projected_Area,563.9554,0.101523146,"a,c"
Wuhan,Projected_Area,518.8327,-0.01518896129,"a,c"
Shanghai,Projected_Area,357.5976,0.03741336614,"a,c"
Beijing,Projected_Area,352.9901,-0.1083357185,"a,c"
Shanghai,Projected_Area,678.684,0.3921552598,"a,c"
Shanghai,Projected_Area,642.802,0.4771043956,"a,c"
Guangzhou,Projected_Area,119.0507,-1.173745632,"a,c"
Beijing,Projected_Area,242.2355,-1.503998399,"a,c"
Shanghai,Projected_Area,202.9559,-1.185223818,"a,c"
Guangzhou,Projected_Area,85.151,-1.516699076,"a,c"
Shanghai,Projected_Area,857.5419,0.4847844541,"a,c"
Shanghai,Projected_Area,437.4444,0.1293920428,"a,c"
Beijing,Projected_Area,225.3735,-0.9117088914,"a,c"
Wuhan,Projected_Area,1293.1855,0.902577281,"a,c"
Beijing,Projected_Area,383.7784,0.05534099787,"a,c"
Shanghai,Projected_Area,191.2742,-2.172625065,"a,c"
Shanghai,Projected_Area,150.2418,-2.034020424,"a,c"
Guangzhou,Projected_Area,1334.5674,0.6882941127,"a,c"
Beijing,Projected_Area,236.9098,-0.5487257242,"a,c"
Shanghai,Projected_Area,503.3457,0.1386588067,"a,c"
Shanghai,Projected_Area,403.6969,0.1430011988,"a,c"
Shanghai,Projected_Area,426.4705,0.5032967329,"a,c"
Shanghai,Projected_Area,446.8103,0.2937836647,"a,c"
Guangzhou,Projected_Area,171.7094,-1.603476286,"a,c"
Shanghai,Projected_Area,464.5833,0.1615522206,"a,c"
Wuhan,Projected_Area,204.1099,-0.2051039338,"a,c"
Wuhan,Projected_Area,203.527,-1.128276229,"a,c"
Wuhan,Projected_Area,181.8021,-1.947964907,"a,c"
Shanghai,Projected_Area,770.1265,0.6770671606,"a,c"
Shanghai,Projected_Area,292.1373,-0.3661775589,"a,c"
Shanghai,Projected_Area,122.4489,-1.60247159,"a,c"
Beijing,Projected_Area,593.9898,0.213981241,"a,c"
Wuhan,Projected_Area,564.6767,-0.1377648711,"a,c"
Shanghai,Projected_Area,358.1317,0.1111648828,"a,c"
Shanghai,Projected_Area,285.0483,-0.1131446138,"a,c"
Beijing,Projected_Area,518.5843,-0.1622618884,"a,c"
Shanghai,Projected_Area,571.5521,-0.2214008123,"a,c"
Wuhan,Projected_Area,120.7828,-1.52456665,"a,c"
Shanghai,Projected_Area,187.4251,-1.599880934,"a,c"
Shanghai,Projected_Area,267.1462,-0.1624081582,"a,c"
Wuhan,Projected_Area,262.4822,-0.1497903317,"a,c"
Shanghai,Projected_Area,130.5148,-1.457764387,"a,c"
Guangzhou,Projected_Area,199.6087,-0.7744040489,"a,c"
Guangzhou,Projected_Area,81.5515,-1.474090219,"a,c"
Wuhan,Projected_Area,146.4553,-1.727158666,"a,c"
Wuhan,Projected_Area,980.2869,0.4399698079,"a,c"
Guangzhou,Projected_Area,243.1745,-1.333130956,"a,c"
Shanghai,Projected_Area,404.4782,0.02021628618,"a,c"
Wuhan,Projected_Area,279.9457,-0.01986081339,"a,c"
Wuhan,Projected_Area,297.4426,-0.3080886602,"a,c"
Wuhan,Projected_Area,211.7392,-0.8644862175,"a,c"
Guangzhou,Projected_Area,336.4284,-0.2085527927,"a,c"
Shanghai,Projected_Area,317.1783,0.1335446686,"a,c"
Shanghai,Projected_Area,228.9405,-1.693301797,"a,c"
Shanghai,Projected_Area,135.4533,-1.484421015,"a,c"
Shanghai,Projected_Area,525.0029,0.06688364595,"a,c"
Shanghai,Projected_Area,161.9818,-1.949672341,"a,c"
Shanghai,Projected_Area,484.8318,0.1340498924,"a,c"
Wuhan,Projected_Area,490.9388,0.2156316936,"a,c"
Shanghai,Projected_Area,440.6354,0.4003521204,"a,c"
Beijing,Projected_Area,814.503,0.3799234033,"a,c"
Wuhan,Projected_Area,603.6358,0.1702727675,"a,c"
Shanghai,Projected_Area,474.2015,0.2515359223,"a,c"
Shanghai,Projected_Area,405.0175,0.1398817301,"a,c"
Guangzhou,Projected_Area,117.7106,-1.461924076,"a,c"
Guangzhou,Projected_Area,678.3468,0.3643750548,"a,c"
Shanghai,Projected_Area,605.0914,0.4439751506,"a,c"
Guangzhou,Projected_Area,439.2872,0.1199635267,"a,c"
Shanghai,Projected_Area,844.8488,0.6046379805,"a,c"
Wuhan,Projected_Area,705.632,0.3042280972,"a,c"
Beijing,Projected_Area,529.0875,0.1100693196,"a,c"
Shanghai,Projected_Area,163.15,-2.046503305,"a,c"
Shanghai,Projected_Area,676.4303,0.3241430223,"a,c"
Wuhan,Projected_Area,216.6737,-1.630657554,"a,c"
Beijing,Projected_Area,809.7597,0.7936474681,"a,c"
Guangzhou,Projected_Area,228.771,-1.233729839,"a,c"
Shanghai,Projected_Area,269.4939,-0.252792418,"a,c"
Beijing,Projected_Area,807.2933,0.8558927774,"a,c"
Shanghai,Projected_Area,299.7878,-0.2332589477,"a,c"
Shanghai,Projected_Area,201.4739,-0.6331732869,"a,c"
Beijing,Projected_Area,592.2087,0.2797878385,"a,c"
Beijing,Projected_Area,473.0599,0.2550134957,"a,c"
Shanghai,Projected_Area,485.9388,0.07908570021,"a,c"
Shanghai,Projected_Area,460.1794,0.2878809273,"a,c"
Shanghai,Projected_Area,560.972,0.06022143364,"a,c"
Shanghai,Projected_Area,382.3701,-0.0452555865,"a,c"
Guangzhou,Projected_Area,433.2766,0.2508535683,"a,c"
Shanghai,Projected_Area,538.5965,0.1209199429,"a,c"
Shanghai,Projected_Area,508.9337,0.1644681692,"a,c"
Beijing,Projected_Area,670.9324,0.3451604843,"a,c"
Shanghai,Projected_Area,396.8044,-0.04576727375,"a,c"
Shanghai,Projected_Area,80.6096,-1.409226179,"a,c"
Guangzhou,Projected_Area,171.5976,-1.742021322,"a,c"
Shanghai,Projected_Area,312.689,0.2346812934,"a,c"
Guangzhou,Projected_Area,411.7706,-0.01026487164,"a,c"
Wuhan,Projected_Area,857.7219,0.6795490384,"a,c"
Shanghai,Projected_Area,655.5823,0.4821421504,"a,c"
Shanghai,Projected_Area,263.1591,-0.2923256457,"a,c"
Shanghai,Projected_Area,574.0591,-0.05830466747,"a,c"
Beijing,Projected_Area,606.8746,0.1252171397,"a,c"
Shanghai,Projected_Area,126.2863,-1.594274402,"a,c"
Shanghai,Projected_Area,409.3268,0.1031413823,"a,c"
Shanghai,Projected_Area,217.5951,-1.391561747,"a,c"
Wuhan,Projected_Area,305.0735,-0.3550157547,"a,c"
Shanghai,Projected_Area,504.4377,0.08943047374,"a,c"
Guangzhou,Projected_Area,260.4692,-0.1908069551,"a,c"
Shanghai,Projected_Area,121.8654,-1.506829381,"a,c"
Shanghai,Projected_Area,435.6442,0.2683596611,"a,c"
Wuhan,Projected_Area,413.3921,0.0823796764,"a,c"
Beijing,Projected_Area,511.2673,-0.003241497092,"a,c"
Shanghai,Projected_Area,219.6545,-1.252146721,"a,c"
Shanghai,Projected_Area,258.4924,-0.4834154248,"a,c"
Shanghai,Projected_Area,659.6434,0.4956941009,"a,c"
Wuhan,Projected_Area,107.7697,-1.753679037,"a,c"
Wuhan,Projected_Area,510.7331,0.1221543476,"a,c"
Shanghai,Projected_Area,384.4925,0.03253218159,"a,c"
Shanghai,Projected_Area,327.1662,0.4404521585,"a,c"
Shanghai,Projected_Area,667.0161,0.4124863446,"a,c"
Shanghai,Projected_Area,179.0853,-2.18471837,"a,c"
Guangzhou,Projected_Area,295.4322,-0.2441418171,"a,c"
Guangzhou,Projected_Area,251.4659,-0.7636857629,"a,c"
Shanghai,Projected_Area,389.4979,0.0913875699,"a,c"
Shanghai,Projected_Area,215.5319,-1.629401803,"a,c"
Beijing,Projected_Area,195.3921,-2.160242319,"a,c"
Shanghai,Projected_Area,398.0944,-0.008905267343,"a,c"
Shanghai,Projected_Area,114.6683,-1.770148873,"a,c"
Beijing,Projected_Area,299.4502,-0.1063108817,"a,c"
Shanghai,Projected_Area,442.501,0.3297095597,"a,c"
Guangzhou,Projected_Area,453.3547,0.2979560494,"a,c"
Shanghai,Projected_Area,595.3947,0.3124235272,"a,c"
Shanghai,Projected_Area,337.8666,-0.1142326593,"a,c"
Shanghai,Projected_Area,344.758,-0.03288348019,"a,c"
Shanghai,Projected_Area,568.5832,-0.08864512295,"a,c"
Beijing,Projected_Area,558.7859,-0.07571336627,"a,c"
Beijing,Projected_Area,579.443,-0.0338919647,"a,c"
Shanghai,Projected_Area,102.3268,-1.437541485,"a,c"
Shanghai,Projected_Area,419.2234,0.1243320853,"a,c"
Wuhan,Projected_Area,502.4981,0.2425151467,"a,c"
Wuhan,Projected_Area,358.3829,-0.09239874035,"a,c"
Shanghai,Projected_Area,83.917,-1.566722035,"a,c"
Shanghai,Projected_Area,727.386,0.6040335894,"a,c"
Beijing,Projected_Area,947.3819,0.4004945457,"a,c"
Wuhan,Projected_Area,581.4821,-0.070684582,"a,c"
Wuhan,Projected_Area,517.2963,0.05842847005,"a,c"
Shanghai,Projected_Area,567.999,-0.002003077185,"a,c"
Shanghai,Projected_Area,376.2316,0.0337379612,"a,c"
Shanghai,Projected_Area,357.7572,0.04312444851,"a,c"
Beijing,Projected_Area,795.454,0.6493716836,"a,c"
Shanghai,Projected_Area,105.4454,-1.288308024,"a,c"
Guangzhou,Projected_Area,121.8787,-1.412909746,"a,c"
Shanghai,Projected_Area,695.8355,0.3004765511,"a,c"
Beijing,Projected_Area,1027.8247,0.2921527624,"a,c"
Guangzhou,Projected_Area,894.6011,0.7548065186,"a,c"
Guangzhou,Projected_Area,357.2431,-0.02678490058,"a,c"
Shanghai,Projected_Area,183.4225,-1.912435412,"a,c"
Shanghai,Projected_Area,159.9833,-2.097725391,"a,c"
Shanghai,Projected_Area,528.777,0.08654464036,"a,c"
Beijing,Projected_Area,154.1235,-1.53323853,"a,c"
Shanghai,Projected_Area,296.4698,-0.2658581436,"a,c"
Shanghai,Projected_Area,103.8224,-1.606087923,"a,c"
Beijing,Projected_Area,170.7671,-2.265807152,"a,c"
Guangzhou,Projected_Area,111.7793,-1.420952082,"a,c"
Wuhan,Projected_Area,566.6488,-0.1571841687,"a,c"
Shanghai,Projected_Area,166.7585,-2.115996838,"a,c"
Beijing,Projected_Area,187.3136,-1.89417088,"a,c"
Wuhan,Projected_Area,871.7942,0.3035482168,"a,c"
Beijing,Projected_Area,295.7855,0.001511452254,"a,c"
Shanghai,Projected_Area,729.9388,0.6065701842,"a,c"
Guangzhou,Projected_Area,132.2264,-1.326695919,"a,c"
Shanghai,Projected_Area,274.6552,-0.2209569663,"a,c"
Guangzhou,Projected_Area,190.3846,-1.211404562,"a,c"
Shanghai,Projected_Area,480.2677,0.2386271954,"a,c"
Shanghai,Projected_Area,481.8926,0.329128474,"a,c"
Shanghai,Projected_Area,301.2683,-0.09636437893,"a,c"
Shanghai,Projected_Area,113.2009,-1.648774147,"a,c"
Guangzhou,Projected_Area,320.6852,0.06969019026,"a,c"
Shanghai,Projected_Area,305.5002,-0.2287173122,"a,c"
Shanghai,Projected_Area,535.403,0.1361817569,"a,c"
Shanghai,Projected_Area,629.3516,0.2856396139,"a,c"
Wuhan,Projected_Area,529.2407,-0.0421727933,"a,c"
Shanghai,Projected_Area,626.0772,0.5371928215,"a,c"
Shanghai,Projected_Area,615.883,0.3719842732,"a,c"
Shanghai,Projected_Area,325.9793,-0.02655866183,"a,c"
Wuhan,Projected_Area,482.5095,0.2416155189,"a,c"
Guangzhou,Projected_Area,452.6333,0.2139760852,"a,c"
Shanghai,Projected_Area,591.3042,0.4085918665,"a,c"
Shanghai,Projected_Area,159.5489,-1.756028056,"a,c"
Wuhan,Projected_Area,439.3291,0.2041852325,"a,c"
Shanghai,Projected_Area,210.5468,-1.450288177,"a,c"
Wuhan,Projected_Area,805.8079,1.195596218,"a,c"
Guangzhou,Projected_Area,158.7606,-1.663609147,"a,c"
Shanghai,Projected_Area,649.0472,0.5740272403,"a,c"
Shanghai,Projected_Area,542.6729,0.1314707398,"a,c"
Wuhan,Projected_Area,300.418,-0.2134342045,"a,c"
Shanghai,Projected_Area,117.2993,-1.563547134,"a,c"
Beijing,Projected_Area,486.8343,0.2154388428,"a,c"
Beijing,Projected_Area,601.6778,0.1978649348,"a,c"
Wuhan,Projected_Area,294.7683,-0.2901378274,"a,c"
Shanghai,Projected_Area,601.1781,0.5325586796,"a,c"
Shanghai,Projected_Area,692.136,0.5309388041,"a,c"
Wuhan,Projected_Area,1154.8842,1.176229715,"a,c"
Shanghai,Projected_Area,578.5648,-0.0749694556,"a,c"
Guangzhou,Projected_Area,675.2449,0.269228965,"a,c"
Shanghai,Projected_Area,179.0349,-1.879490256,"a,c"
Shanghai,Projected_Area,467.7833,0.3468760848,"a,c"
Guangzhou,Projected_Area,227.7154,-1.677502036,"a,c"
Guangzhou,Projected_Area,727.7582,0.3307627439,"a,c"
Shanghai,Projected_Area,543.5407,0.3003741205,"a,c"
Shanghai,Projected_Area,765.2144,0.2586176395,"a,c"
Beijing,Projected_Area,441.1695,0.3830716014,"a,c"
Shanghai,Projected_Area,238.1909,-1.458910584,"a,c"
Shanghai,Projected_Area,427.1387,0.5021195412,"a,c"
Wuhan,Projected_Area,243.6227,-1.302766204,"a,c"
Shanghai,Projected_Area,135.5111,-1.59714222,"a,c"
Shanghai,Projected_Area,450.3452,0.1866772771,"a,c"
Shanghai,Projected_Area,450.5483,0.4862260818,"a,c"
Guangzhou,Projected_Area,211.5781,-1.161227107,"a,c"
Shanghai,Projected_Area,98.965,-1.436142921,"a,c"
Wuhan,Projected_Area,313.4688,-0.06635841727,"a,c"
Shanghai,Projected_Area,221.881,-1.505820036,"a,c"
Shanghai,Projected_Area,733.3499,0.4718219042,"a,c"
Guangzhou,Projected_Area,172.2674,-1.635646701,"a,c"
Wuhan,Projected_Area,198.9484,-0.9062203169,"a,c"
Shanghai,Projected_Area,412.7097,0.1886507273,"a,c"
Wuhan,Projected_Area,256.5671,0.005767629016,"a,c"
Guangzhou,Projected_Area,949.0137,0.5847738981,"a,c"
Guangzhou,Projected_Area,272.915,-0.2719348371,"a,c"
Wuhan,Projected_Area,213.9967,-1.200383186,"a,c"
Beijing,Projected_Area,483.4481,0.1829418242,"a,c"
Shanghai,Projected_Area,322.6857,0.1342407465,"a,c"
Shanghai,Projected_Area,465.7615,0.3453709483,"a,c"
Shanghai,Projected_Area,407.3856,0.1805255264,"a,c"
Wuhan,Projected_Area,627.8892,0.4820531905,"a,c"
Shanghai,Projected_Area,194.9621,-1.637762547,"a,c"
Shanghai,Projected_Area,175.1067,-1.761437058,"a,c"
Shanghai,Projected_Area,132.8353,-1.290465951,"a,c"
Shanghai,Projected_Area,639.6291,0.4844811857,"a,c"
Shanghai,Projected_Area,114.6241,-1.719893336,"a,c"
Shanghai,Projected_Area,665.4201,0.4757838547,"a,c"
Shanghai,Projected_Area,210.9246,-1.116598248,"a,c"
Wuhan,Projected_Area,898.6868,0.4912953079,"a,c"
Shanghai,Projected_Area,364.1202,0.006617938168,"a,c"
Shanghai,Projected_Area,148.4521,-2.058971405,"a,c"
Shanghai,Projected_Area,435.3354,0.2121449411,"a,c"
Guangzhou,Projected_Area,976.4636,0.5255741477,"a,c"
Wuhan,Projected_Area,354.0165,0.01238672249,"a,c"
Shanghai,Projected_Area,289.5818,-0.2984836996,"a,c"
Shanghai,Projected_Area,142.4131,-1.460109711,"a,c"
Wuhan,Projected_Area,359.1884,0.133819446,"a,c"
Beijing,Projected_Area,814.2046,0.3726991713,"a,c"
Shanghai,Projected_Area,334.7397,0.1412761956,"a,c"
Shanghai,Projected_Area,570.3909,-0.001596550457,"a,c"
Shanghai,Projected_Area,655.2361,0.5238329172,"a,c"
Wuhan,Projected_Area,173.985,-2.005617142,"a,c"
Shanghai,Projected_Area,588.9655,0.1865931451,"a,c"
Beijing,Projected_Area,213.0837,-0.6940613985,"a,c"
Beijing,Projected_Area,242.8343,-1.310581088,"a,c"
Wuhan,Projected_Area,385.4399,0.03022224642,"a,c"
Shanghai,Projected_Area,97.4523,-1.276565075,"a,c"
Wuhan,Projected_Area,87.4535,-1.308997989,"a,c"
Beijing,Projected_Area,643.0937,0.5092836022,"a,c"
Beijing,Projected_Area,114.9819,-1.551680923,"a,c"
Wuhan,Projected_Area,378.9251,-0.04936239868,"a,c"
Shanghai,Projected_Area,259.4366,0.04935816675,"a,c"
Shanghai,Projected_Area,135.0822,-1.718310237,"a,c"
Wuhan,Projected_Area,348.55,-0.001627493417,"a,c"
Shanghai,Projected_Area,459.5167,0.2811743915,"a,c"
Shanghai,Projected_Area,806.2273,1.10049355,"a,c"
Guangzhou,Projected_Area,187.9071,-1.384408236,"a,c"
Guangzhou,Projected_Area,457.0186,0.1967400461,"a,c"
Shanghai,Projected_Area,669.0044,0.36344257,"a,c"
Guangzhou,Projected_Area,126.8846,-1.694574356,"a,c"
Shanghai,Projected_Area,363.4441,-0.0691499263,"a,c"
Shanghai,Projected_Area,177.0388,-1.691563368,"a,c"
Shanghai,Projected_Area,815.6146,0.4920314252,"a,c"
Shanghai,Projected_Area,1005.0637,0.1475503743,"a,c"
Shanghai,Projected_Area,111.0268,-1.916537046,"a,c"
Wuhan,Projected_Area,540.6941,-0.01049876213,"a,c"
Shanghai,Projected_Area,181.1547,-1.72335732,"a,c"
Shanghai,Projected_Area,179.0367,-2.150820971,"a,c"
Shanghai,Projected_Area,126.0581,-1.772464275,"a,c"
Shanghai,Projected_Area,361.5923,-0.1252592504,"a,c"
Guangzhou,Projected_Area,94.6292,-1.295580268,"a,c"
Shanghai,Projected_Area,678.6125,0.1926101148,"a,c"
Shanghai,Projected_Area,257.9731,-0.4673480392,"a,c"
Beijing,Projected_Area,153.2042,-2.184974432,"a,c"
Guangzhou,Projected_Area,333.6786,0.08422455192,"a,c"
Beijing,Projected_Area,856.0721,0.4480057061,"a,c"
Wuhan,Projected_Area,337.7443,-0.101349473,"a,c"
Shanghai,Projected_Area,164.119,-2.123237848,"a,c"
Beijing,Projected_Area,169.8292,-1.602119207,"a,c"
Guangzhou,Projected_Area,1531.311,0.7919487357,"a,c"
Guangzhou,Projected_Area,220.5886,-1.361995339,"a,c"
Guangzhou,Projected_Area,92.5506,-1.346389771,"a,c"
Shanghai,Projected_Area,244.2789,-1.563257098,"a,c"
Beijing,Projected_Area,622.2547,0.4380662739,"a,c"
Wuhan,Projected_Area,231.6021,-1.308667421,"a,c"
Wuhan,Projected_Area,594.7402,0.3165068328,"a,c"
Beijing,Projected_Area,146.7906,-2.1655581,"a,c"
Beijing,Projected_Area,732.1285,0.6341329217,"a,c"
Beijing,Projected_Area,681.8533,0.5996706486,"a,c"
Wuhan,Projected_Area,666.5856,0.3547540009,"a,c"
Beijing,Projected_Area,782.8132,0.3705996275,"a,c"
Shanghai,Projected_Area,339.8668,-0.09036357701,"a,c"
Shanghai,Projected_Area,233.4197,-1.569574952,"a,c"
Shanghai,Projected_Area,244.6173,-1.272418022,"a,c"
Shanghai,Projected_Area,240.2231,-1.329778552,"a,c"
Shanghai,Projected_Area,167.869,-2.045806408,"a,c"
Wuhan,Projected_Area,247.0453,-1.161060572,"a,c"
Wuhan,Projected_Area,313.7796,-0.06208069995,"a,c"
Guangzhou,Projected_Area,431.32,0.2199557126,"a,c"
Shanghai,Projected_Area,797.201,1.069580436,"a,c"
Guangzhou,Projected_Area,1370.522,0.7706241608,"a,c"
Wuhan,Projected_Area,694.0389,0.3207615316,"a,c"
Shanghai,Projected_Area,491.384,0.2876449227,"a,c"
Shanghai,Projected_Area,494.3829,0.2128636241,"a,c"
Shanghai,Projected_Area,192.4824,-1.957641959,"a,c"
Guangzhou,Projected_Area,434.285,0.1017506346,"a,c"
Shanghai,Projected_Area,138.9518,-1.677715302,"a,c"
Beijing,Projected_Area,780.0312,0.7696319222,"a,c"
Beijing,Projected_Area,1206.7661,0.8526996374,"a,c"
Shanghai,Projected_Area,224.3776,-1.39926374,"a,c"
Shanghai,Projected_Area,474.8978,0.1042943522,"a,c"
Shanghai,Projected_Area,151.9046,-2.042920113,"a,c"
Shanghai,Projected_Area,430.9291,0.5685196519,"a,c"
Wuhan,Projected_Area,705.6799,0.2852796018,"a,c"
Shanghai,Projected_Area,469.3124,0.1972375363,"a,c"
Shanghai,Projected_Area,418.2654,0.01273129601,"a,c"
Shanghai,Projected_Area,91.3808,-1.751110554,"a,c"
Shanghai,Projected_Area,265.2786,-0.2910786271,"a,c"
Guangzhou,Projected_Area,563.8706,-0.02987265959,"a,c"
Beijing,Projected_Area,384.9826,-0.01421653852,"a,c"
Guangzhou,Projected_Area,321.6763,0.245465681,"a,c"
Shanghai,Projected_Area,462.3956,0.2202734202,"a,c"
Shanghai,Projected_Area,464.5718,0.1190689579,"a,c"
Shanghai,Projected_Area,150.2825,-1.760804772,"a,c"
Shanghai,Projected_Area,149.3867,-1.980726957,"a,c"
Shanghai,Projected_Area,385.9239,0.08354278654,"a,c"
Shanghai,Projected_Area,690.6456,0.6181929111,"a,c"
Beijing,Projected_Area,735.1529,0.4252722263,"a,c"
Beijing,Projected_Area,350.1753,0.04109074548,"a,c"
Wuhan,Projected_Area,698.3094,0.4138180614,"a,c"
Shanghai,Projected_Area,234.7187,-1.33408618,"a,c"
Guangzhou,Projected_Area,678.568,0.2471680641,"a,c"
Wuhan,Projected_Area,761.9436,0.4523813725,"a,c"
Shanghai,Projected_Area,537.8482,0.09020464867,"a,c"
Guangzhou,Projected_Area,179.9411,-1.629154086,"a,c"
Beijing,Projected_Area,267.8424,-0.3306290209,"a,c"
Beijing,Projected_Area,424.9222,0.3695417941,"a,c"
Shanghai,Projected_Area,196.3172,-1.124441981,"a,c"
Shanghai,Projected_Area,159.9276,-2.015383005,"a,c"
Wuhan,Projected_Area,376.806,-0.06066738442,"a,c"
Shanghai,Projected_Area,504.1951,0.2151743621,"a,c"
Shanghai,Projected_Area,329.3452,-0.03405074403,"a,c"
Guangzhou,Projected_Area,220.2562,-1.248680711,"a,c"
Beijing,Projected_Area,219.8183,-1.478064895,"a,c"
Shanghai,Projected_Area,309.7802,0.05054670945,"a,c"
Shanghai,Projected_Area,367.5981,-0.1491323411,"a,c"
Guangzhou,Projected_Area,103.3699,-1.367796659,"a,c"
Shanghai,Projected_Area,252.8051,-0.6103721857,"a,c"
Shanghai,Projected_Area,256.643,-0.2231965065,"a,c"
Shanghai,Projected_Area,422.4793,0.1732728332,"a,c"
Shanghai,Projected_Area,467.1057,0.3973607123,"a,c"
Shanghai,Projected_Area,892.6745,0.5021830201,"a,c"
Shanghai,Projected_Area,266.414,-0.2859230638,"a,c"
Shanghai,Projected_Area,637.6132,0.5634055734,"a,c"
Guangzhou,Projected_Area,536.8071,0.02507177368,"a,c"
Beijing,Projected_Area,555.3743,0.03209334612,"a,c"
Guangzhou,Projected_Area,199.3998,-1.07646215,"a,c"
Guangzhou,Projected_Area,741.4477,0.4525406361,"a,c"
Shanghai,Projected_Area,442.6431,0.1340119392,"a,c"
Shanghai,Projected_Area,436.9724,0.1871636957,"a,c"
Wuhan,Projected_Area,499.6353,0.2503466308,"a,c"
Shanghai,Projected_Area,592.5369,0.394289583,"a,c"
Wuhan,Projected_Area,885.4603,0.3085305989,"a,c"
Shanghai,Projected_Area,713.3099,0.3616853952,"a,c"
Wuhan,Projected_Area,650.7059,0.4780268073,"a,c"
Wuhan,Projected_Area,266.1351,-0.2588776648,"a,c"
Wuhan,Projected_Area,124.319,-1.73436594,"a,c"
Wuhan,Projected_Area,856.1645,0.6622331142,"a,c"
Shanghai,Projected_Area,187.667,-1.894836903,"a,c"
Shanghai,Projected_Area,294.0572,-0.3122186065,"a,c"
Guangzhou,Projected_Area,364.9871,-0.1222089604,"a,c"
Shanghai,Projected_Area,155.1885,-1.67928791,"a,c"
Shanghai,Projected_Area,576.8111,0.00625472609,"a,c"
Shanghai,Projected_Area,409.0339,-0.04711301625,"a,c"
Guangzhou,Projected_Area,112.5905,-1.393583298,"a,c"
Shanghai,Projected_Area,489.7341,0.07317732275,"a,c"
Wuhan,Projected_Area,625.4441,0.2636372447,"a,c"
Beijing,Projected_Area,479.8328,0.2529783547,"a,c"
Wuhan,Projected_Area,503.6363,0.02204323001,"a,c"
Wuhan,Projected_Area,349.1939,0.04306411371,"a,c"
Shanghai,Projected_Area,446.9734,0.5888289809,"a,c"
Beijing,Projected_Area,211.612,-1.402452111,"a,c"
Beijing,Projected_Area,1240.9308,0.9593083858,"a,c"
Shanghai,Projected_Area,169.3429,-2.199717283,"a,c"
Shanghai,Projected_Area,505.4998,0.1620933861,"a,c"
Shanghai,Projected_Area,454.3211,0.3471820951,"a,c"
Shanghai,Projected_Area,781.0152,0.55363518,"a,c"
Shanghai,Projected_Area,347.3407,-0.01851043105,"a,c"
Shanghai,Projected_Area,290.1681,-0.164138034,"a,c"
Wuhan,Projected_Area,934.9192,0.5794579387,"a,c"
Shanghai,Projected_Area,783.7219,0.6506801844,"a,c"
Shanghai,Projected_Area,143.0964,-1.465540767,"a,c"
Wuhan,Projected_Area,808.3442,0.7876414061,"a,c"
Shanghai,Projected_Area,290.1749,-0.1444705278,"a,c"
Wuhan,Projected_Area,665.4401,0.3054234087,"a,c"
Shanghai,Projected_Area,503.7245,0.1210101098,"a,c"
Shanghai,Projected_Area,703.3326,0.2481437624,"a,c"
Shanghai,Projected_Area,396.437,0.03772843629,"a,c"
Shanghai,Projected_Area,148.6366,-1.947694421,"a,c"
Guangzhou,Projected_Area,92.3007,-1.276711345,"a,c"
Shanghai,Projected_Area,397.3899,0.103411302,"a,c"
Wuhan,Projected_Area,166.948,-2.080135822,"a,c"
Shanghai,Projected_Area,602.333,0.5069859028,"a,c"
Shanghai,Projected_Area,315.8803,0.2832387686,"a,c"
Wuhan,Projected_Area,718.8443,0.3399669826,"a,c"
Shanghai,Projected_Area,380.9321,0.0749463439,"a,c"
Shanghai,Projected_Area,663.0383,0.2462971061,"a,c"
Wuhan,Projected_Area,679.7016,0.3241356909,"a,c"
Guangzhou,Projected_Area,139.9877,-1.531381845,"a,c"
Shanghai,Projected_Area,141.6453,-1.824421048,"a,c"
Shanghai,Projected_Area,340.2394,0.09276936203,"a,c"
Beijing,Projected_Area,202.9491,-0.4124906063,"a,c"
Guangzhou,Projected_Area,203.4361,-0.988730967,"a,c"
Shanghai,Projected_Area,131.4553,-1.724467754,"a,c"
Shanghai,Projected_Area,347.8716,0.02280698717,"a,c"
Beijing,Projected_Area,516.3179,0.0745504424,"a,c"
Shanghai,Projected_Area,403.0852,0.4295568168,"a,c"
Shanghai,Projected_Area,133.3719,-1.469617605,"a,c"
Shanghai,Projected_Area,717.7732,0.5266991258,"a,c"
Wuhan,Projected_Area,878.4358,0.3495085835,"a,c"
Shanghai,Projected_Area,694.3209,0.5450118184,"a,c"
Shanghai,Projected_Area,128.4855,-1.951682806,"a,c"
Shanghai,Projected_Area,461.7313,0.4512857795,"a,c"
Shanghai,Projected_Area,153.3442,-1.828892946,"a,c"
Shanghai,Projected_Area,348.8817,0.07300246507,"a,c"
Shanghai,Projected_Area,413.7203,0.02586976811,"a,c"
Shanghai,Projected_Area,338.0052,0.07332834601,"a,c"
Wuhan,Projected_Area,1191.3978,0.879070282,"a,c"
Wuhan,Projected_Area,500.1841,-0.122685127,"a,c"
Shanghai,Projected_Area,425.0979,0.8418216705,"a,c"
Shanghai,Projected_Area,379.3765,0.1359785348,"a,c"
Shanghai,Projected_Area,259.3085,-0.2347124219,"a,c"
Guangzhou,Projected_Area,85.8154,-1.302645802,"a,c"
Beijing,Projected_Area,242.8686,-1.395808578,"a,c"
Shanghai,Projected_Area,251.112,-0.5397472978,"a,c"
Shanghai,Projected_Area,325.9327,0.148401916,"a,c"
Wuhan,Projected_Area,462.2706,0.0103819631,"a,c"
Shanghai,Projected_Area,118.4842,-1.478286624,"a,c"
Shanghai,Projected_Area,390.3877,0.1090561002,"a,c"
Shanghai,Projected_Area,285.75,-0.2489924431,"a,c"
Shanghai,Projected_Area,551.8964,0.1126692295,"a,c"
Shanghai,Projected_Area,564.9293,0.02696330473,"a,c"
Shanghai,Projected_Area,203.1936,-0.7699341178,"a,c"
Beijing,Projected_Area,483.1659,0.1140806004,"a,c"
Beijing,Projected_Area,460.6148,0.3774977624,"a,c"
Shanghai,Projected_Area,357.4762,-0.1454416811,"a,c"
Shanghai,Projected_Area,166.4264,-1.880493045,"a,c"
Beijing,Projected_Area,922.6624,0.2436124384,"a,c"
Guangzhou,Projected_Area,634.2739,0.248110339,"a,c"
Shanghai,Projected_Area,384.3978,0.1520288885,"a,c"
Shanghai,Projected_Area,114.9947,-1.795826316,"a,c"
Wuhan,Projected_Area,1041.959,0.7090159059,"a,c"
Shanghai,Projected_Area,208.8255,-1.19385016,"a,c"
Shanghai,Projected_Area,249.9083,-0.9318763614,"a,c"
Shanghai,Projected_Area,401.5054,0.05460080504,"a,c"
Shanghai,Projected_Area,158.4885,-1.594219446,"a,c"
Shanghai,Projected_Area,878.1799,0.240476042,"a,c"
Shanghai,Projected_Area,341.7353,-0.1247604191,"a,c"
Shanghai,Projected_Area,291.2535,-0.2262800634,"a,c"
Beijing,Projected_Area,181.8519,-2.017884493,"a,c"
Shanghai,Projected_Area,588.4894,0.250359118,"a,c"
Shanghai,Projected_Area,582.1701,0.002418530639,"a,c"
Wuhan,Projected_Area,295.4981,-0.2779319882,"a,c"
Shanghai,Projected_Area,750.3991,0.463237375,"a,c"
Shanghai,Projected_Area,135.7545,-1.642870903,"a,c"
Wuhan,Projected_Area,1180.5339,0.4728148282,"a,c"
Shanghai,Projected_Area,298.5573,-0.3098219633,"a,c"
Beijing,Projected_Area,310.4495,-0.007354374975,"a,c"
Guangzhou,Projected_Area,976.9384,0.5245317221,"a,c"
Shanghai,Projected_Area,212.2074,-1.618834734,"a,c"
Shanghai,Projected_Area,682.5761,0.4487297535,"a,c"
Guangzhou,Projected_Area,795.5609,1.200750113,"a,c"
Shanghai,Projected_Area,320.8217,-0.03622441739,"a,c"
Beijing,Projected_Area,716.3176,0.7372592092,"a,c"
Guangzhou,Projected_Area,99.9468,-1.255680919,"a,c"
Shanghai,Projected_Area,469.1364,0.1336035877,"a,c"
Guangzhou,Projected_Area,255.837,-0.1421543807,"a,c"
Shanghai,Projected_Area,136.7432,-2.033423662,"a,c"
Shanghai,Projected_Area,502.3495,0.4022742212,"a,c"
Shanghai,Projected_Area,535.1179,0.1808155924,"a,c"
Wuhan,Projected_Area,900.7222,0.5441671014,"a,c"
Beijing,Projected_Area,295.4607,-0.230674997,"a,c"
Wuhan,Projected_Area,483.326,0.2178054154,"a,c"
Wuhan,Projected_Area,810.3138,0.8861013055,"a,c"
Shanghai,Projected_Area,576.5526,0.00599306263,"a,c"
Guangzhou,Projected_Area,615.3099,0.3329785168,"a,c"
Shanghai,Projected_Area,135.1414,-1.634814262,"a,c"
Wuhan,Projected_Area,1256.1524,1.177402616,"a,c"
Shanghai,Projected_Area,223.7516,-1.479668736,"a,c"
Beijing,Projected_Area,110.2724,-1.373397708,"a,c"
Shanghai,Projected_Area,400.4427,0.246576339,"a,c"
Wuhan,Projected_Area,495.8851,0.2852653861,"a,c"
Shanghai,Projected_Area,471.5819,0.3773742318,"a,c"
Shanghai,Projected_Area,832.8058,0.4766759276,"a,c"
Guangzhou,Projected_Area,399.2039,-0.05042340979,"a,c"
Beijing,Projected_Area,363.0031,-0.1381931454,"a,c"
Shanghai,Projected_Area,489.52,0.3512779474,"a,c"
Beijing,Projected_Area,128.4832,-1.318041325,"a,c"
Wuhan,Projected_Area,773.8087,0.5093483329,"a,c"
Beijing,Projected_Area,128.5834,-2.044859171,"a,c"
Shanghai,Projected_Area,447.1296,0.4152371585,"a,c"
Wuhan,Projected_Area,810.7736,0.6857444048,"a,c"
Guangzhou,Projected_Area,94.8872,-1.295580268,"a,c"
Shanghai,Projected_Area,722.4489,0.8645832539,"a,c"
Shanghai,Projected_Area,134.1167,-1.953786969,"a,c"
Beijing,Projected_Area,661.2347,0.1000458151,"a,c"
Shanghai,Projected_Area,333.9565,0.1612927616,"a,c"
Shanghai,Projected_Area,181.1078,-1.989404559,"a,c"
Wuhan,Projected_Area,338.3679,-0.1054688469,"a,c"
Shanghai,Projected_Area,218.5968,-1.398162365,"a,c"
Shanghai,Projected_Area,249.6722,-0.607699275,"a,c"
Shanghai,Projected_Area,179.7203,-1.962553382,"a,c"
Guangzhou,Projected_Area,324.0618,-0.04854405299,"a,c"
Guangzhou,Projected_Area,245.4861,-1.099904776,"a,c"
Guangzhou,Projected_Area,538.3802,-0.06082366034,"a,c"
Guangzhou,Projected_Area,108.6395,-1.384746671,"a,c"
Wuhan,Projected_Area,212.2324,-1.123447061,"a,c"
Shanghai,Projected_Area,165.3213,-2.090530872,"a,c"
Wuhan,Projected_Area,395.2608,-0.2872427106,"a,c"
Shanghai,Projected_Area,184.27,-2.30924654,"a,c"
Wuhan,Projected_Area,101.6584,-1.67685163,"a,c"
Shanghai,Projected_Area,109.2407,-1.500430107,"a,c"
Shanghai,Projected_Area,483.5327,0.293428123,"a,c"
Shanghai,Projected_Area,416.8684,0.1747091115,"a,c"
Wuhan,Projected_Area,407.9358,0.05879519135,"a,c"
Beijing,Projected_Area,179.9314,-1.904869318,"a,c"
Beijing,Projected_Area,673.2848,0.2575897276,"a,c"
Wuhan,Projected_Area,613.395,0.4215919673,"a,c"
Shanghai,Projected_Area,372.7201,0.07557281852,"a,c"
Shanghai,Projected_Area,123.8461,-1.461001277,"a,c"
Wuhan,Projected_Area,207.6767,-1.493956208,"a,c"
Guangzhou,Projected_Area,161.0974,-1.69910562,"a,c"
Shanghai,Projected_Area,543.602,0.2951199114,"a,c"
Shanghai,Projected_Area,559.2796,0.03989902884,"a,c"
Shanghai,Projected_Area,436.3938,0.3284653127,"a,c"
Shanghai,Projected_Area,113.8612,-1.522794247,"a,c"
Wuhan,Projected_Area,401.5141,0.1638406366,"a,c"
Beijing,Projected_Area,271.6606,-0.2875804305,"a,c"
Guangzhou,Projected_Area,1203.8221,0.74751544,"a,c"
Shanghai,Projected_Area,366.3832,-0.1670722514,"a,c"
Shanghai,Projected_Area,607.9093,0.500728786,"a,c"
Beijing,Projected_Area,582.0115,-0.1292693913,"a,c"
Guangzhou,Projected_Area,1033.0128,0.5935766697,"a,c"
Guangzhou,Projected_Area,95.8379,-1.491017938,"a,c"
Shanghai,Projected_Area,193.8935,-1.974788427,"a,c"
Shanghai,Projected_Area,302.8846,-0.1894826591,"a,c"
Shanghai,Projected_Area,577.0351,-0.05722149462,"a,c"
Shanghai,Projected_Area,527.2006,-0.06295643002,"a,c"
Shanghai,Projected_Area,124.9174,-1.473565936,"a,c"
Shanghai,Projected_Area,99.5378,-1.566722035,"a,c"
Wuhan,Projected_Area,793.2498,1.098641157,"a,c"
Beijing,Projected_Area,959.4975,0.3444501758,"a,c"
Wuhan,Projected_Area,497.9843,0.1015984043,"a,c"
Guangzhou,Projected_Area,1357.734,0.8323836327,"a,c"
Shanghai,Projected_Area,485.7016,0.2682217956,"a,c"
Shanghai,Projected_Area,592.0323,0.3147867024,"a,c"
Shanghai,Projected_Area,291.8213,-0.176148653,"a,c"
Shanghai,Projected_Area,238.0355,-1.251240849,"a,c"
Wuhan,Projected_Area,1456.5036,1.129763722,"a,c"
Guangzhou,Projected_Area,520.9912,0.1753887683,"a,c"
Wuhan,Projected_Area,219.8332,-0.8233890533,"a,c"
Shanghai,Projected_Area,140.6359,-1.843337178,"a,c"
Shanghai,Projected_Area,161.0206,-2.208869696,"a,c"
Shanghai,Projected_Area,1240.7029,0.6210565567,"a,c"
Beijing,Projected_Area,504.4031,0.3035565019,"a,c"
Shanghai,Projected_Area,494.0389,0.2958363891,"a,c"
Shanghai,Projected_Area,761.562,0.6445147395,"a,c"
Guangzhou,Projected_Area,85.5583,-1.337093949,"a,c"
Shanghai,Projected_Area,280.5723,-0.2035534084,"a,c"
Shanghai,Projected_Area,1130.9795,0.5530959964,"a,c"
Shanghai,Projected_Area,295.9972,-0.4968817532,"a,c"
Shanghai,Projected_Area,459.3289,0.1415501982,"a,c"
Wuhan,Projected_Area,525.3431,0.1108360812,"a,c"
Wuhan,Projected_Area,1098.6913,0.7919207811,"a,c"
Beijing,Projected_Area,604.4066,0.3499345481,"a,c"
Shanghai,Projected_Area,420.1505,0.01765313745,"a,c"
Shanghai,Projected_Area,670.5691,0.4106625021,"a,c"
Beijing,Projected_Area,285.0333,-0.04466027394,"a,c"
Beijing,Projected_Area,82.4677,-1.516659379,"a,c"
Guangzhou,Projected_Area,94.1141,-1.231322765,"a,c"
Beijing,Projected_Area,135.5206,-2.081602573,"a,c"
Wuhan,Projected_Area,119.4543,-1.436225533,"a,c"
Shanghai,Projected_Area,544.3623,0.2670693696,"a,c"
Shanghai,Projected_Area,195.918,-2.091564178,"a,c"
Shanghai,Projected_Area,247.2642,-0.4849183559,"a,c"
Shanghai,Projected_Area,356.0128,-0.1741036177,"a,c"
Guangzhou,Projected_Area,160.3616,-1.698757291,"a,c"
Shanghai,Projected_Area,514.3214,0.1986597627,"a,c"
Wuhan,Projected_Area,307.4056,0.07885529101,"a,c"
Guangzhou,Projected_Area,347.6506,-0.1116906479,"a,c"
Wuhan,Projected_Area,487.3504,0.002607117407,"a,c"
Shanghai,Projected_Area,286.9832,-0.28982535,"a,c"
Shanghai,Projected_Area,296.4229,0.04445996881,"a,c"
Shanghai,Projected_Area,420.3236,0.1017732322,"a,c"
Wuhan,Projected_Area,165.87,-1.814514518,"a,c"
Shanghai,Projected_Area,613.6581,0.2730365992,"a,c"
Shanghai,Projected_Area,494.6489,0.3469900787,"a,c"
Shanghai,Projected_Area,289.5514,-0.3018491566,"a,c"
Shanghai,Projected_Area,236.3484,-1.590710521,"a,c"
Shanghai,Projected_Area,877.7412,0.1980666518,"a,c"
Shanghai,Projected_Area,309.2129,0.07578686625,"a,c"
Beijing,Projected_Area,215.8191,-1.403375387,"a,c"
Shanghai,Projected_Area,272.0828,-0.4108600914,"a,c"
Guangzhou,Projected_Area,853.0766,0.4717257321,"a,c"
Wuhan,Projected_Area,536.4353,-0.02610035613,"a,c"
Beijing,Projected_Area,265.5591,-0.3291650712,"a,c"
Guangzhou,Projected_Area,839.6378,0.6676654816,"a,c"
Guangzhou,Projected_Area,1187.8344,0.9212988019,"a,c"
Shanghai,Projected_Area,476.3156,0.3157819808,"a,c"
Shanghai,Projected_Area,1093.8147,0.6216598749,"a,c"
Shanghai,Projected_Area,1412.1316,0.9715784788,"a,c"
Shanghai,Projected_Area,146.8166,-1.667594433,"a,c"
Shanghai,Projected_Area,377.4793,0.04867183045,"a,c"
Beijing,Projected_Area,323.0311,-0.01720430143,"a,c"
Guangzhou,Projected_Area,121.4367,-1.372115612,"a,c"
Shanghai,Projected_Area,512.6786,0.1651927978,"a,c"
Shanghai,Projected_Area,168.77,-2.176018238,"a,c"
Beijing,Projected_Area,430.7818,0.4483233988,"a,c"
Shanghai,Projected_Area,179.0523,-1.847753882,"a,c"
Shanghai,Projected_Area,347.417,0.2584277093,"a,c"
Guangzhou,Projected_Area,122.936,-1.37843883,"a,c"
Shanghai,Projected_Area,208.1408,-1.667617798,"a,c"
Wuhan,Projected_Area,460.5335,0.2505098581,"a,c"
Wuhan,Projected_Area,375.3678,0.03058798611,"a,c"
Shanghai,Projected_Area,147.1164,-0.8868753314,"a,c"
Guangzhou,Projected_Area,562.3985,-0.07164360583,"a,c"
Shanghai,Projected_Area,599.1526,0.3169281483,"a,c"
Shanghai,Projected_Area,631.5184,0.3352936208,"a,c"
Guangzhou,Projected_Area,862.3381,0.4506243765,"a,c"
Wuhan,Projected_Area,96.6426,-1.496805429,"a,c"
Wuhan,Projected_Area,277.8256,-0.2895130217,"a,c"
Guangzhou,Projected_Area,236.7311,-1.434704781,"a,c"
Shanghai,Projected_Area,102.4091,-1.565254092,"a,c"
Shanghai,Projected_Area,638.4199,0.3128167689,"a,c"
Shanghai,Projected_Area,441.359,0.3101822138,"a,c"
Shanghai,Projected_Area,422.4282,0.04348366708,"a,c"
Shanghai,Projected_Area,474.2364,0.5275196433,"a,c"
Shanghai,Projected_Area,185.1099,-2.381076813,"a,c"
Shanghai,Projected_Area,379.586,-0.008682222106,"a,c"
Beijing,Projected_Area,613.0749,0.3809838295,"a,c"
Wuhan,Projected_Area,651.8275,0.5014947057,"a,c"
Shanghai,Projected_Area,498.518,0.1594302356,"a,c"
Shanghai,Projected_Area,361.7044,-0.06492950022,"a,c"
Shanghai,Projected_Area,575.5913,-0.04483677074,"a,c"
Beijing,Projected_Area,362.1063,-0.04051001742,"a,c"
Shanghai,Projected_Area,511.3416,0.05353295803,"a,c"
Beijing,Projected_Area,747.2058,0.4391325414,"a,c"
Shanghai,Projected_Area,582.2772,-0.09778202325,"a,c"
Shanghai,Projected_Area,479.1454,0.1768872589,"a,c"
Shanghai,Projected_Area,466.9032,0.227650255,"a,c"
Shanghai,Projected_Area,309.6095,0.08402303606,"a,c"
Wuhan,Projected_Area,763.554,0.5277020335,"a,c"
Shanghai,Projected_Area,490.7135,0.2655243576,"a,c"
Guangzhou,Projected_Area,203.1809,-0.7391462326,"a,c"
Shanghai,Projected_Area,606.6449,0.3993601203,"a,c"
Shanghai,Projected_Area,325.4776,0.0230688937,"a,c"
Shanghai,Projected_Area,406.5205,0.1254339218,"a,c"
Beijing,Projected_Area,285.6847,-0.4544945061,"a,c"
Shanghai,Projected_Area,501.5294,0.2630191743,"a,c"
Guangzhou,Projected_Area,270.7925,-0.3510443866,"a,c"
Wuhan,Projected_Area,302.5689,-0.1950377226,"a,c"
Shanghai,Projected_Area,449.7982,0.2767922282,"a,c"
Beijing,Projected_Area,138.2213,-2.252928019,"a,c"
Shanghai,Projected_Area,368.807,-0.04106730968,"a,c"
Beijing,Projected_Area,526.7436,-0.1515446007,"a,c"
Shanghai,Projected_Area,145.558,-1.694170356,"a,c"
Wuhan,Projected_Area,308.0889,0.05093295127,"a,c"
Shanghai,Projected_Area,137.6064,-1.580249429,"a,c"
Beijing,Projected_Area,328.7994,-0.01654309221,"a,c"
Wuhan,Projected_Area,797.9499,0.8723577857,"a,c"
Guangzhou,Projected_Area,94.8794,-1.337093949,"a,c"
Shanghai,Projected_Area,572.5836,-0.001116462052,"a,c"
Shanghai,Projected_Area,235.5676,-0.9488729239,"a,c"
Shanghai,Projected_Area,763.066,0.7651538849,"a,c"
Wuhan,Projected_Area,1091.6352,0.945618093,"a,c"
Shanghai,Projected_Area,387.7075,0.02856098674,"a,c"
Shanghai,Projected_Area,99.8431,-1.464088917,"a,c"
Shanghai,Projected_Area,587.4363,0.2456911951,"a,c"
Beijing,Projected_Area,150.1126,-2.182101488,"a,c"
Shanghai,Projected_Area,324.5585,-0.04506199062,"a,c"
Shanghai,Projected_Area,140.9375,-2.046482086,"a,c"
Wuhan,Projected_Area,148.3499,-1.759854078,"a,c"
Beijing,Projected_Area,425.6158,0.4931147099,"a,c"
Wuhan,Projected_Area,571.4696,-0.1156667992,"a,c"
Shanghai,Projected_Area,550.3058,0.07769563794,"a,c"
Shanghai,Projected_Area,221.8378,-1.585425973,"a,c"
Beijing,Projected_Area,428.628,0.3487482369,"a,c"
Shanghai,Projected_Area,743.399,0.7026984692,"a,c"
Shanghai,Projected_Area,236.9859,-1.475196362,"a,c"
Shanghai,Projected_Area,419.3748,0.1565589756,"a,c"
Shanghai,Projected_Area,530.7554,0.108665742,"a,c"
Guangzhou,Projected_Area,168.1148,-1.626688004,"a,c"
Guangzhou,Projected_Area,125.4851,-1.536729693,"a,c"
Shanghai,Projected_Area,132.853,-1.749459267,"a,c"
Shanghai,Projected_Area,96.8666,-1.539754272,"a,c"
Wuhan,Projected_Area,248.8269,-1.114277601,"a,c"
Beijing,Projected_Area,498.5511,0.1498132646,"a,c"
Wuhan,Projected_Area,514.451,-0.05864071846,"a,c"
Shanghai,Projected_Area,1124.3678,0.5577254295,"a,c"
Shanghai,Projected_Area,144.4852,-1.396156073,"a,c"
Shanghai,Projected_Area,504.5341,0.4473225772,"a,c"
Shanghai,Projected_Area,579.2264,0.03272649646,"a,c"
Wuhan,Projected_Area,503.9037,-0.1575392038,"a,c"
Shanghai,Projected_Area,487.2238,0.352071017,"a,c"
Shanghai,Projected_Area,874.9996,0.7073297501,"a,c"
Shanghai,Projected_Area,315.7677,0.02169864438,"a,c"
Shanghai,Projected_Area,558.5772,-0.02431591786,"a,c"
Wuhan,Projected_Area,304.1423,-0.2747329473,"a,c"
Wuhan,Projected_Area,487.5376,0.2153591067,"a,c"
Shanghai,Projected_Area,461.8129,0.3723446429,"a,c"
Shanghai,Projected_Area,319.9704,0.004512493964,"a,c"
Shanghai,Projected_Area,532.6813,0.1239762083,"a,c"
Beijing,Projected_Area,111.2263,-1.868141055,"a,c"
Shanghai,Projected_Area,397.8386,0.1248728111,"a,c"
Shanghai,Projected_Area,516.4378,0.1847208887,"a,c"
Shanghai,Projected_Area,124.7964,-1.681574702,"a,c"
Wuhan,Projected_Area,238.8378,-1.163827181,"a,c"
Shanghai,Projected_Area,258.5337,-0.4043158591,"a,c"
Shanghai,Projected_Area,167.869,-2.089657545,"a,c"
Guangzhou,Projected_Area,268.6421,-0.3226181865,"a,c"
Wuhan,Projected_Area,602.0866,0.2839229703,"a,c"
Shanghai,Projected_Area,319.7531,0.3586027324,"a,c"
Wuhan,Projected_Area,781.2834,0.6322215796,"a,c"
Beijing,Projected_Area,160.1474,-1.347716212,"a,c"
Shanghai,Projected_Area,198.0969,-0.7420099974,"a,c"
Shanghai,Projected_Area,224.1523,-0.9777483344,"a,c"
Shanghai,Projected_Area,342.4891,0.0284930598,"a,c"
Shanghai,Projected_Area,430.0895,0.3901678622,"a,c"
Shanghai,Projected_Area,150.1463,-1.619867086,"a,c"
Shanghai,Projected_Area,575.6922,-0.1224800572,"a,c"
Shanghai,Projected_Area,528.799,0.07914549112,"a,c"
Shanghai,Projected_Area,230.6752,-1.603928924,"a,c"
Shanghai,Projected_Area,201.4943,-0.8363390565,"a,c"
Shanghai,Projected_Area,506.6994,0.209422335,"a,c"
Shanghai,Projected_Area,732.4217,0.6458123922,"a,c"
Wuhan,Projected_Area,215.773,-1.493841767,"a,c"
Shanghai,Projected_Area,237.8097,-1.258517861,"a,c"
Shanghai,Projected_Area,168.1342,-1.830880046,"a,c"
Wuhan,Projected_Area,487.487,0.3450483382,"a,c"
Shanghai,Projected_Area,208.9292,-1.392961621,"a,c"
Shanghai,Projected_Area,446.7258,0.5101433396,"a,c"
Shanghai,Projected_Area,202.9664,-0.8899986148,"a,c"
Shanghai,Projected_Area,392.418,-0.02562811412,"a,c"
Shanghai,Projected_Area,177.595,-1.748600125,"a,c"
Wuhan,Projected_Area,387.3793,-0.06095923483,"a,c"
Shanghai,Projected_Area,293.1471,-0.1501064003,"a,c"
Shanghai,Projected_Area,273.6363,-0.2520754337,"a,c"
Shanghai,Projected_Area,487.4743,0.3395015597,"a,c"
Shanghai,Projected_Area,117.2262,-0.196100086,"a,c"
Shanghai,Projected_Area,264.4113,-0.2194180638,"a,c"
Shanghai,Projected_Area,633.4932,0.478651464,"a,c"
Shanghai,Projected_Area,140.5433,-1.808267593,"a,c"
Shanghai,Projected_Area,709.8126,0.5442269444,"a,c"
Wuhan,Projected_Area,339.7364,-0.09547246993,"a,c"
Shanghai,Projected_Area,567.8056,-0.02976547927,"a,c"
Shanghai,Projected_Area,274.1942,-0.2870678306,"a,c"
Wuhan,Projected_Area,197.0655,-0.6553168893,"a,c"
Beijing,Projected_Area,112.9189,-1.680515528,"a,c"
Shanghai,Projected_Area,152.6843,-2.333172321,"a,c"
Beijing,Projected_Area,788.1775,0.3768171668,"a,c"
Shanghai,Projected_Area,159.4527,-2.207765341,"a,c"
Guangzhou,Projected_Area,275.2998,-0.3754818738,"a,c"
Shanghai,Projected_Area,308.7947,0.03521435708,"a,c"
Shanghai,Projected_Area,767.5116,0.5867568851,"a,c"
Shanghai,Projected_Area,542.0133,0.06043088436,"a,c"
Shanghai,Projected_Area,176.678,-1.849813223,"a,c"
Wuhan,Projected_Area,928.183,0.4582929611,"a,c"
Shanghai,Projected_Area,635.8919,0.3389863372,"a,c"
Shanghai,Projected_Area,266.8903,-0.2541291118,"a,c"
Shanghai,Projected_Area,112.5412,-1.81092751,"a,c"
Shanghai,Projected_Area,139.3601,-1.942795753,"a,c"
Shanghai,Projected_Area,880.1146,0.2903884947,"a,c"
Shanghai,Projected_Area,132.22,-1.760364175,"a,c"
Beijing,Projected_Area,571.4333,-0.06271275878,"a,c"
Beijing,Projected_Area,457.2979,0.3898451924,"a,c"
Wuhan,Projected_Area,694.7824,0.3285180032,"a,c"
Guangzhou,Projected_Area,404.2739,-0.05675688386,"a,c"
Shanghai,Projected_Area,167.1499,-2.338435888,"a,c"
Shanghai,Projected_Area,674.2053,0.4966440499,"a,c"
Shanghai,Projected_Area,234.6912,-1.588878512,"a,c"
Shanghai,Projected_Area,350.4783,0.08823422343,"a,c"
Guangzhou,Projected_Area,749.658,0.41603297,"a,c"
Beijing,Projected_Area,335.675,-0.03279803693,"a,c"
Wuhan,Projected_Area,97.9881,-1.525995135,"a,c"
Shanghai,Projected_Area,276.7469,-0.07024985552,"a,c"
Shanghai,Projected_Area,154.507,-1.778429866,"a,c"
Wuhan,Projected_Area,451.2266,0.2123892456,"a,c"
Shanghai,Projected_Area,560.615,0.1038337946,"a,c"
Shanghai,Projected_Area,265.9854,0.2620511353,"a,c"
Shanghai,Projected_Area,1270.877,0.9899417758,"a,c"
Shanghai,Projected_Area,804.6222,1.02788651,"a,c"
Shanghai,Projected_Area,124.758,-1.387720704,"a,c"
Guangzhou,Projected_Area,726.564,0.6356927156,"a,c"
Wuhan,Projected_Area,522.5033,0.06642290205,"a,c"
Shanghai,Projected_Area,120.6907,-1.672662258,"a,c"
Shanghai,Projected_Area,131.833,-1.691880703,"a,c"
Guangzhou,Projected_Area,301.2137,-0.3079462349,"a,c"
Beijing,Projected_Area,363.3895,-0.09157859534,"a,c"
Shanghai,Projected_Area,510.127,0.03246771917,"a,c"
Shanghai,Projected_Area,142.051,-2.116618395,"a,c"
Guangzhou,Projected_Area,736.9042,0.4800969362,"a,c"
Shanghai,Projected_Area,203.4653,-0.4319312572,"a,c"
Wuhan,Projected_Area,372.0453,-0.05196077377,"a,c"
Shanghai,Projected_Area,398.048,0.1264113635,"a,c"
Wuhan,Projected_Area,599.4733,0.2595567107,"a,c"
Wuhan,Projected_Area,264.4136,-0.1419670433,"a,c"
Shanghai,Projected_Area,267.1877,-0.2396733463,"a,c"
Guangzhou,Projected_Area,336.9633,0.007069672924,"a,c"
Beijing,Projected_Area,607.9035,0.4688205123,"a,c"
Shanghai,Projected_Area,375.1036,-0.05610850081,"a,c"
Beijing,Projected_Area,452.3681,0.4416835606,"a,c"
Wuhan,Projected_Area,580.9139,-0.1849305183,"a,c"
Shanghai,Projected_Area,152.2855,-2.220140934,"a,c"
Shanghai,Projected_Area,491.1483,0.08282285184,"a,c"
Shanghai,Projected_Area,161.9325,-1.734497547,"a,c"
Guangzhou,Projected_Area,516.3561,0.06799630076,"a,c"
Shanghai,Projected_Area,111.3562,-1.781592607,"a,c"
Wuhan,Projected_Area,214.8633,-0.9035012722,"a,c"
Shanghai,Projected_Area,479.2023,0.05428181216,"a,c"
Beijing,Projected_Area,504.6537,0.1480332464,"a,c"
Shanghai,Projected_Area,391.2208,0.1568253934,"a,c"
Shanghai,Projected_Area,475.6253,0.3374486268,"a,c"
Shanghai,Projected_Area,134.9133,-2.085796833,"a,c"
Guangzhou,Projected_Area,302.7225,-0.2122588456,"a,c"
Wuhan,Projected_Area,216.3238,-0.7754693031,"a,c"
Shanghai,Projected_Area,491.0935,0.1103237346,"a,c"
Shanghai,Projected_Area,629.9786,0.60604918,"a,c"
Wuhan,Projected_Area,466.7035,0.2337837219,"a,c"
Beijing,Projected_Area,232.7141,-0.9456626773,"a,c"
Guangzhou,Projected_Area,1428.0917,0.6929335594,"a,c"
Beijing,Projected_Area,317.109,0.05424182862,"a,c"
Beijing,Projected_Area,84.0585,-1.446568608,"a,c"
Wuhan,Projected_Area,500.1085,0.2954635918,"a,c"
Guangzhou,Projected_Area,449.1112,0.1870507747,"a,c"
Shanghai,Projected_Area,602.2652,0.375884831,"a,c"
Guangzhou,Projected_Area,114.826,-1.804661512,"a,c"
Shanghai,Projected_Area,805.3645,1.273439169,"a,c"
Beijing,Projected_Area,655.1647,0.325725168,"a,c"
Shanghai,Projected_Area,166.4306,-1.765648961,"a,c"
Shanghai,Projected_Area,601.0641,0.280079484,"a,c"
Shanghai,Projected_Area,220.4229,-1.222646236,"a,c"
Shanghai,Projected_Area,273.4449,-0.2590814233,"a,c"
Shanghai,Projected_Area,481.8305,0.3281164467,"a,c"
Guangzhou,Projected_Area,199.4071,-0.9041778445,"a,c"
Shanghai,Projected_Area,633.3492,0.6231692433,"a,c"
Shanghai,Projected_Area,372.2232,-0.04255371541,"a,c"
Wuhan,Projected_Area,399.6712,-0.1018838659,"a,c"
Shanghai,Projected_Area,589.6602,0.3119686544,"a,c"
Wuhan,Projected_Area,581.1716,0.0264489837,"a,c"
Guangzhou,Projected_Area,423.4027,0.09641759843,"a,c"
Beijing,Projected_Area,424.0131,0.1272145212,"a,c"
Shanghai,Projected_Area,636.1874,0.6156169176,"a,c"
Beijing,Projected_Area,248.7241,-0.9867928028,"a,c"
Wuhan,Projected_Area,103.5114,-1.471641779,"a,c"
Wuhan,Projected_Area,340.8198,0.04202218354,"a,c"
Shanghai,Projected_Area,198.9035,-0.9009714723,"a,c"
Wuhan,Projected_Area,255.8683,-0.2253247947,"a,c"
Wuhan,Projected_Area,274.4291,-0.2985807657,"a,c"
Shanghai,Projected_Area,515.0953,0.1140891165,"a,c"
Beijing,Projected_Area,207.9941,-0.911670804,"a,c"
Beijing,Projected_Area,790.12,0.8778947592,"a,c"
Shanghai,Projected_Area,474.0213,0.3001459837,"a,c"
Shanghai,Projected_Area,291.6367,-0.2954516113,"a,c"
Shanghai,Projected_Area,95.4298,-1.720321774,"a,c"
Wuhan,Projected_Area,812.4971,0.5942938924,"a,c"
Beijing,Projected_Area,357.0002,0.003816547571,"a,c"
Wuhan,Projected_Area,560.68,0.003182842163,"a,c"
Guangzhou,Projected_Area,469.2318,0.3178347647,"a,c"
Shanghai,Projected_Area,359.7853,0.09511221945,"a,c"
Shanghai,Projected_Area,507.7409,0.3304800689,"a,c"
Shanghai,Projected_Area,402.075,0.1724873036,"a,c"
Guangzhou,Projected_Area,658.9441,0.5738407969,"a,c"
Wuhan,Projected_Area,349.2891,-0.04260057211,"a,c"
Guangzhou,Projected_Area,472.2294,0.1394457519,"a,c"
Shanghai,Projected_Area,419.0025,0.008897455409,"a,c"
Shanghai,Projected_Area,277.7996,-0.3673672676,"a,c"
Wuhan,Projected_Area,151.974,-1.851760507,"a,c"
Wuhan,Projected_Area,813.8243,0.4614747763,"a,c"
Shanghai,Projected_Area,175.0196,-1.649917364,"a,c"
Beijing,Projected_Area,386.6216,0.05866084248,"a,c"
Shanghai,Projected_Area,153.6632,-1.673989534,"a,c"
Guangzhou,Projected_Area,121.2377,-1.400497556,"a,c"
Shanghai,Projected_Area,1373.6379,0.4723030627,"a,c"
Beijing,Projected_Area,256.6233,0.2885324359,"a,c"
Shanghai,Projected_Area,713.0559,0.4255453646,"a,c"
Shanghai,Projected_Area,114.7581,-1.800322294,"a,c"
Shanghai,Projected_Area,672.529,0.3010818362,"a,c"
Shanghai,Projected_Area,436.5665,0.4447548389,"a,c"
Shanghai,Projected_Area,435.6772,0.06979074329,"a,c"
Beijing,Projected_Area,283.6682,-0.2772439122,"a,c"
Beijing,Projected_Area,567.3112,-0.0660443753,"a,c"
Shanghai,Projected_Area,590.5868,0.3504170775,"a,c"
Shanghai,Projected_Area,463.4013,0.3952224553,"a,c"
Beijing,Projected_Area,658.3334,0.3980829418,"a,c"
Beijing,Projected_Area,626.0664,0.2702605426,"a,c"
Shanghai,Projected_Area,640.6564,0.6598402262,"a,c"
Shanghai,Projected_Area,751.7496,0.628059268,"a,c"
Wuhan,Projected_Area,622.0913,0.2132045925,"a,c"
Beijing,Projected_Area,289.1885,-0.2242770195,"a,c"
Beijing,Projected_Area,316.061,0.1917868704,"a,c"
Wuhan,Projected_Area,740.8646,0.4596592784,"a,c"
Shanghai,Projected_Area,324.9177,0.002237193752,"a,c"
Beijing,Projected_Area,139.8211,-1.52244091,"a,c"
Shanghai,Projected_Area,488.7758,0.1502906978,"a,c"
Shanghai,Projected_Area,151.3563,-1.789152503,"a,c"
Shanghai,Projected_Area,409.0808,-0.03071925975,"a,c"
Shanghai,Projected_Area,177.4762,-2.154730082,"a,c"
Guangzhou,Projected_Area,383.2621,-0.1192063764,"a,c"
Shanghai,Projected_Area,382.5501,0.1083815545,"a,c"
Shanghai,Projected_Area,311.4407,0.0325447619,"a,c"
Wuhan,Projected_Area,376.057,-0.214866668,"a,c"
Shanghai,Projected_Area,469.2076,0.3422808647,"a,c"
Shanghai,Projected_Area,171.2917,-2.178711414,"a,c"
Wuhan,Projected_Area,1118.4991,0.8636121154,"a,c"
Guangzhou,Projected_Area,304.7041,-0.1500159651,"a,c"
Shanghai,Projected_Area,121.1095,-1.592061043,"a,c"
Shanghai,Projected_Area,365.4539,-0.0983279869,"a,c"
Shanghai,Projected_Area,408.9876,-0.007525528315,"a,c"
Shanghai,Projected_Area,125.6068,-1.839221001,"a,c"
Wuhan,Projected_Area,302.0047,-0.2618022859,"a,c"
Shanghai,Projected_Area,460.8557,0.369766742,"a,c"
Shanghai,Projected_Area,153.3362,-1.804447055,"a,c"
Shanghai,Projected_Area,653.1089,0.6010249853,"a,c"
Wuhan,Projected_Area,470.12,0.2595951557,"a,c"
Shanghai,Projected_Area,162.7055,-2.088798761,"a,c"
Shanghai,Projected_Area,239.6933,-1.301766872,"a,c"
Shanghai,Projected_Area,262.958,-0.1160407662,"a,c"
Shanghai,Projected_Area,662.9092,0.3789007366,"a,c"
Guangzhou,Projected_Area,1627.9037,0.7016168833,"a,c"
Shanghai,Projected_Area,635.6421,0.5380451679,"a,c"
Shanghai,Projected_Area,247.2442,-1.268579245,"a,c"
Wuhan,Projected_Area,806.3589,0.9491138458,"a,c"
Shanghai,Projected_Area,576.8425,-0.02639473416,"a,c"
Shanghai,Projected_Area,232.3171,-1.40541923,"a,c"
Shanghai,Projected_Area,359.9059,0.1402335465,"a,c"
Shanghai,Projected_Area,304.59,-0.293661654,"a,c"
Guangzhou,Projected_Area,127.2498,-1.452675104,"a,c"
Wuhan,Projected_Area,263.1684,0.03722485155,"a,c"
Shanghai,Projected_Area,178.5042,-1.772406101,"a,c"
Guangzhou,Projected_Area,172.108,-1.625626922,"a,c"
Beijing,Projected_Area,276.0533,-0.1925935894,"a,c"
Shanghai,Projected_Area,270.8853,-0.2615690231,"a,c"
Shanghai,Projected_Area,356.4793,-0.03115443699,"a,c"
Shanghai,Projected_Area,448.608,0.2667921782,"a,c"
Wuhan,Projected_Area,325.1839,0.05105214939,"a,c"
Wuhan,Projected_Area,428.4293,0.3871668875,"a,c"
Wuhan,Projected_Area,329.4464,0.1294746995,"a,c"
Guangzhou,Projected_Area,343.6292,-0.09870897233,"a,c"
Guangzhou,Projected_Area,182.3198,-1.601567864,"a,c"
Shanghai,Projected_Area,495.5753,0.5579450727,"a,c"
Shanghai,Projected_Area,255.1253,-0.4027637541,"a,c"
Shanghai,Projected_Area,512.5743,0.04754930735,"a,c"
Beijing,Projected_Area,382.9682,-0.08928526193,"a,c"
Shanghai,Projected_Area,299.8964,-0.2728200853,"a,c"
Shanghai,Projected_Area,815.0498,0.6087659001,"a,c"
Shanghai,Projected_Area,926.3499,0.353390038,"a,c"
Shanghai,Projected_Area,424.2696,0.1630163342,"a,c"
Shanghai,Projected_Area,691.2989,0.6857028604,"a,c"
Shanghai,Projected_Area,117.8231,-1.617811441,"a,c"
Shanghai,Projected_Area,611.6334,0.4241371155,"a,c"
Shanghai,Projected_Area,373.2887,0.1522522718,"a,c"
Shanghai,Projected_Area,691.028,0.4526323676,"a,c"
Shanghai,Projected_Area,522.1019,0.007537530269,"a,c"
Shanghai,Projected_Area,297.1061,-0.1077614874,"a,c"
Shanghai,Projected_Area,464.3699,0.3709388375,"a,c"
Shanghai,Projected_Area,492.32,0.2978909314,"a,c"
Guangzhou,Projected_Area,438.2591,0.03697158024,"a,c"
Guangzhou,Projected_Area,198.0492,-0.5854748487,"a,c"
Beijing,Projected_Area,126.2946,-1.667411447,"a,c"
Shanghai,Projected_Area,172.8824,-1.611206889,"a,c"
Shanghai,Projected_Area,379.3564,-0.04222528264,"a,c"
Guangzhou,Projected_Area,912.4354,0.8219232559,"a,c"
Wuhan,Projected_Area,471.4961,0.2746588886,"a,c"
Wuhan,Projected_Area,536.9774,-0.07202447951,"a,c"
Shanghai,Projected_Area,318.7375,0.4275994003,"a,c"
Shanghai,Projected_Area,501.2296,0.249498859,"a,c"
Wuhan,Projected_Area,575.6396,-0.1141734645,"a,c"
Guangzhou,Projected_Area,416.5172,0.04183834046,"a,c"
Guangzhou,Projected_Area,1332.5206,0.7807745934,"a,c"
Shanghai,Projected_Area,340.8327,-0.09453333914,"a,c"
Beijing,Projected_Area,200.0878,-1.020577312,"a,c"
Shanghai,Projected_Area,418.6062,0.103015013,"a,c"
Shanghai,Projected_Area,201.7955,-0.8877413273,"a,c"
Shanghai,Projected_Area,313.8133,0.02634925954,"a,c"
Guangzhou,Projected_Area,112.2997,-1.485951781,"a,c"
Shanghai,Projected_Area,135.1245,-1.656061649,"a,c"
Guangzhou,Projected_Area,615.3096,0.284032464,"a,c"
Shanghai,Projected_Area,222.3119,-1.471028328,"a,c"
Shanghai,Projected_Area,428.7803,0.308436811,"a,c"
Guangzhou,Projected_Area,101.4008,-1.407168984,"a,c"
Wuhan,Projected_Area,641.1068,0.3744042516,"a,c"
Shanghai,Projected_Area,341.3761,-0.1056463197,"a,c"
Wuhan,Projected_Area,636.1831,0.4067723751,"a,c"
Shanghai,Projected_Area,604.5564,0.5607069135,"a,c"
Wuhan,Projected_Area,244.7066,-1.334123254,"a,c"
Shanghai,Projected_Area,443.7324,0.2918320894,"a,c"
Beijing,Projected_Area,443.4113,0.1575773954,"a,c"
Shanghai,Projected_Area,331.6324,0.1369022727,"a,c"
Shanghai,Projected_Area,218.8623,-1.314941883,"a,c"
Beijing,Projected_Area,320.7587,0.06073569506,"a,c"
Wuhan,Projected_Area,346.3032,-0.1509734243,"a,c"
Shanghai,Projected_Area,142.1171,-1.718805432,"a,c"
Shanghai,Projected_Area,469.5804,0.5746186376,"a,c"
Shanghai,Projected_Area,257.5182,-0.4897944331,"a,c"
Guangzhou,Projected_Area,427.9254,0.481166333,"a,c"
Guangzhou,Projected_Area,121.5935,-1.180303931,"a,c"
Shanghai,Projected_Area,565.6253,-0.03658433631,"a,c"
Shanghai,Projected_Area,319.884,0.1616351455,"a,c"
Shanghai,Projected_Area,705.5838,0.6036529541,"a,c"
Shanghai,Projected_Area,485.5391,0.09047100693,"a,c"
Guangzhou,Projected_Area,421.288,0.1220088825,"a,c"
Shanghai,Projected_Area,447.7075,0.3197728395,"a,c"
Shanghai,Projected_Area,486.1856,0.1423262954,"a,c"
Wuhan,Projected_Area,181.1507,-1.766119838,"a,c"
Wuhan,Projected_Area,751.5322,0.5398648977,"a,c"
Guangzhou,Projected_Area,185.2745,-1.707619548,"a,c"
Shanghai,Projected_Area,250.0809,-0.782797873,"a,c"
Wuhan,Projected_Area,786.2738,0.4431122243,"a,c"
Beijing,Projected_Area,195.5006,-1.056396246,"a,c"
Shanghai,Projected_Area,707.2424,0.5628713965,"a,c"
Wuhan,Projected_Area,359.6147,-0.04320650175,"a,c"
Shanghai,Projected_Area,614.6505,0.4808689058,"a,c"
Beijing,Projected_Area,335.1195,0.08708726615,"a,c"
Beijing,Projected_Area,148.2482,-1.958454847,"a,c"
Wuhan,Projected_Area,253.5191,-0.08892777562,"a,c"
Guangzhou,Projected_Area,112.2257,-1.490201592,"a,c"
