City,Feature,Feature_value,SHAP_value,used_in_panels
Shanghai,Mean_Age_Score,43.9487285,0.1576178968,"a,d"
Shanghai,Mean_Age_Score,40.5782514,-0.4394591153,"a,d"
Wuhan,Mean_Age_Score,35.70671693,-0.7306731343,"a,d"
Shanghai,Mean_Age_Score,46.18714964,0.2782849371,"a,d"
Wuhan,Mean_Age_Score,39.83717317,-0.4570319057,"a,d"
Shanghai,Mean_Age_Score,40.61186922,-0.1099817678,"a,d"
Shanghai,Mean_Age_Score,42.10919105,0.05434206501,"a,d"
Wuhan,Mean_Age_Score,41.19147137,0.01219086535,"a,d"
Beijing,Mean_Age_Score,39.94321893,-0.8051191568,"a,d"
Beijing,Mean_Age_Score,41.53933547,0.0458945483,"a,d"
Shanghai,Mean_Age_Score,42.10918675,-0.03083734587,"a,d"
Shanghai,Mean_Age_Score,40.61186438,0.3836724162,"a,d"
Shanghai,Mean_Age_Score,40.61186254,-0.1654470861,"a,d"
Beijing,Mean_Age_Score,41.39545745,0.005621968303,"a,d"
Shanghai,Mean_Age_Score,39.76457618,-0.6390500069,"a,d"
Beijing,Mean_Age_Score,41.53929226,-0.1726837009,"a,d"
Beijing,Mean_Age_Score,38.95797467,-0.2400949299,"a,d"
Shanghai,Mean_Age_Score,42.46807742,-0.1550250798,"a,d"
Shanghai,Mean_Age_Score,39.76477029,-0.7167469263,"a,d"
Shanghai,Mean_Age_Score,46.33150865,0.4567534924,"a,d"
Guangzhou,Mean_Age_Score,37.01767914,-0.6942867041,"a,d"
Beijing,Mean_Age_Score,42.25742531,0.08638245612,"a,d"
Shanghai,Mean_Age_Score,46.3315097,0.3126760423,"a,d"
Shanghai,Mean_Age_Score,40.2905948,-0.4128056765,"a,d"
Wuhan,Mean_Age_Score,41.93637405,-0.1418048888,"a,d"
Guangzhou,Mean_Age_Score,43.17689361,0.2710122764,"a,d"
Shanghai,Mean_Age_Score,40.61186702,0.3709195852,"a,d"
Shanghai,Mean_Age_Score,46.33149425,0.4411369562,"a,d"
Guangzhou,Mean_Age_Score,35.85462249,-0.8134264946,"a,d"
Shanghai,Mean_Age_Score,39.76473652,-0.1203858331,"a,d"
Guangzhou,Mean_Age_Score,36.66956017,-0.4076524377,"a,d"
Wuhan,Mean_Age_Score,36.50625401,-0.2907527983,"a,d"
Beijing,Mean_Age_Score,39.07338273,-0.4354847968,"a,d"
Beijing,Mean_Age_Score,39.94321394,-0.7115606666,"a,d"
Wuhan,Mean_Age_Score,36.50649014,-0.4934940934,"a,d"
Beijing,Mean_Age_Score,41.53933462,-0.02677435428,"a,d"
Shanghai,Mean_Age_Score,43.9487254,0.2023884952,"a,d"
Beijing,Mean_Age_Score,39.94321581,-0.6614935398,"a,d"
Beijing,Mean_Age_Score,39.0733584,-0.5391730666,"a,d"
Guangzhou,Mean_Age_Score,37.18795576,-0.2915615737,"a,d"
Shanghai,Mean_Age_Score,40.6118635,0.0203644,"a,d"
Shanghai,Mean_Age_Score,39.76475995,-0.3842086494,"a,d"
Wuhan,Mean_Age_Score,41.96424535,-0.2132496089,"a,d"
Shanghai,Mean_Age_Score,40.29059005,-0.6865058541,"a,d"
Shanghai,Mean_Age_Score,46.33150788,0.3572787642,"a,d"
Shanghai,Mean_Age_Score,40.29055625,-0.6419706345,"a,d"
Wuhan,Mean_Age_Score,41.19147208,0.3274084032,"a,d"
Wuhan,Mean_Age_Score,36.50638843,-0.4182482064,"a,d"
Shanghai,Mean_Age_Score,40.29059568,-0.5459666848,"a,d"
Beijing,Mean_Age_Score,42.76338731,0.0361963883,"a,d"
Shanghai,Mean_Age_Score,42.10917225,-0.2347003222,"a,d"
Beijing,Mean_Age_Score,39.07337528,-0.5299801826,"a,d"
Shanghai,Mean_Age_Score,40.61186557,0.2918969691,"a,d"
Shanghai,Mean_Age_Score,42.10919657,-0.0003867065534,"a,d"
Guangzhou,Mean_Age_Score,36.41510833,-0.42506814,"a,d"
Shanghai,Mean_Age_Score,40.61184621,-0.2545699477,"a,d"
Shanghai,Mean_Age_Score,39.76470917,-0.500626266,"a,d"
Shanghai,Mean_Age_Score,39.76476048,-0.6125542521,"a,d"
Shanghai,Mean_Age_Score,42.46807879,-0.03389975801,"a,d"
Shanghai,Mean_Age_Score,42.10919213,0.06173488498,"a,d"
Shanghai,Mean_Age_Score,40.29059578,-0.6524400711,"a,d"
Shanghai,Mean_Age_Score,39.76475834,-0.6271693707,"a,d"
Shanghai,Mean_Age_Score,45.87431754,0.36165151,"a,d"
Shanghai,Mean_Age_Score,47.32208431,0.3177649081,"a,d"
Shanghai,Mean_Age_Score,42.46807163,0.06838725507,"a,d"
Guangzhou,Mean_Age_Score,36.41511567,0.1719514877,"a,d"
Beijing,Mean_Age_Score,41.39500712,-0.02554036863,"a,d"
Beijing,Mean_Age_Score,41.39540413,-0.1760800332,"a,d"
Shanghai,Mean_Age_Score,42.10918818,0.006236547604,"a,d"
Shanghai,Mean_Age_Score,39.76468434,-0.3944306076,"a,d"
Beijing,Mean_Age_Score,41.39546327,0.02788821794,"a,d"
Beijing,Mean_Age_Score,42.25744003,0.03450129181,"a,d"
Shanghai,Mean_Age_Score,38.13749259,-0.6138410568,"a,d"
Guangzhou,Mean_Age_Score,43.17688885,0.3614259958,"a,d"
Beijing,Mean_Age_Score,41.5393378,0.03914816678,"a,d"
Wuhan,Mean_Age_Score,36.50651529,-0.3526420891,"a,d"
Shanghai,Mean_Age_Score,38.13754377,-0.3244310319,"a,d"
Guangzhou,Mean_Age_Score,36.41511675,-0.2038084269,"a,d"
Shanghai,Mean_Age_Score,42.46807863,0.0008099321276,"a,d"
Guangzhou,Mean_Age_Score,43.17689086,0.4594065547,"a,d"
Shanghai,Mean_Age_Score,40.61185502,-0.310298115,"a,d"
Wuhan,Mean_Age_Score,36.50650238,-0.3661875725,"a,d"
Guangzhou,Mean_Age_Score,35.85461645,-0.4503632188,"a,d"
Guangzhou,Mean_Age_Score,37.01768697,-1.044417858,"a,d"
Wuhan,Mean_Age_Score,44.86032489,0.2844046652,"a,d"
Wuhan,Mean_Age_Score,36.50644865,-0.482557863,"a,d"
Guangzhou,Mean_Age_Score,37.01770221,-0.2850345671,"a,d"
Shanghai,Mean_Age_Score,42.10917582,-0.1139853224,"a,d"
Shanghai,Mean_Age_Score,40.61186514,0.324849546,"a,d"
Guangzhou,Mean_Age_Score,36.19435495,-0.4511134923,"a,d"
Guangzhou,Mean_Age_Score,36.19431902,-0.3827326298,"a,d"
Wuhan,Mean_Age_Score,39.83713194,-0.561134696,"a,d"
Shanghai,Mean_Age_Score,42.10918643,0.04183427989,"a,d"
Shanghai,Mean_Age_Score,45.87431088,0.01615337841,"a,d"
Shanghai,Mean_Age_Score,43.94872043,0.1657418013,"a,d"
Wuhan,Mean_Age_Score,36.50653867,-0.6238591075,"a,d"
Wuhan,Mean_Age_Score,42.88787916,0.06816411018,"a,d"
Shanghai,Mean_Age_Score,39.76472426,-0.5843099952,"a,d"
Guangzhou,Mean_Age_Score,37.18792686,-0.5068681836,"a,d"
Wuhan,Mean_Age_Score,41.19146714,0.1072140709,"a,d"
Shanghai,Mean_Age_Score,39.76475933,-0.4880636334,"a,d"
Shanghai,Mean_Age_Score,38.13752924,-0.6331080794,"a,d"
Wuhan,Mean_Age_Score,40.84485415,0.0002113078954,"a,d"
Guangzhou,Mean_Age_Score,41.21845878,0.3102033734,"a,d"
Shanghai,Mean_Age_Score,42.10919232,0.03019074537,"a,d"
Beijing,Mean_Age_Score,38.95799382,-0.6570204496,"a,d"
Shanghai,Mean_Age_Score,38.13753256,-0.5308063626,"a,d"
Beijing,Mean_Age_Score,38.95798658,-0.6511923671,"a,d"
Wuhan,Mean_Age_Score,41.19147247,0.3507869542,"a,d"
Beijing,Mean_Age_Score,41.53933863,0.002108965069,"a,d"
Shanghai,Mean_Age_Score,45.87431488,0.3509867787,"a,d"
Guangzhou,Mean_Age_Score,36.41511293,-0.9880392551,"a,d"
Wuhan,Mean_Age_Score,42.88787829,0.04154468328,"a,d"
Shanghai,Mean_Age_Score,40.61186374,-0.04177262262,"a,d"
Shanghai,Mean_Age_Score,40.57821797,-0.6180865765,"a,d"
Wuhan,Mean_Age_Score,36.50649344,-0.1337963045,"a,d"
Shanghai,Mean_Age_Score,42.10919022,0.03366704658,"a,d"
Shanghai,Mean_Age_Score,38.13753899,-0.7266626358,"a,d"
Shanghai,Mean_Age_Score,47.32208525,0.5927523375,"a,d"
Beijing,Mean_Age_Score,41.53933787,-0.09283682704,"a,d"
Beijing,Mean_Age_Score,39.94321684,-0.9109324217,"a,d"
Shanghai,Mean_Age_Score,38.13755149,-0.3520678878,"a,d"
Wuhan,Mean_Age_Score,41.19144912,0.0296964813,"a,d"
Guangzhou,Mean_Age_Score,36.19440351,-0.3762866855,"a,d"
Shanghai,Mean_Age_Score,39.76472229,-0.5281375647,"a,d"
Beijing,Mean_Age_Score,39.94322079,-0.5284925103,"a,d"
Shanghai,Mean_Age_Score,46.18708013,0.1959805191,"a,d"
Beijing,Mean_Age_Score,42.2574411,-0.2238255292,"a,d"
Beijing,Mean_Age_Score,44.70028085,0.186023891,"a,d"
Shanghai,Mean_Age_Score,46.18714748,0.1879543215,"a,d"
Guangzhou,Mean_Age_Score,42.95037746,-0.02813881263,"a,d"
Shanghai,Mean_Age_Score,39.76475742,-0.7994143963,"a,d"
Wuhan,Mean_Age_Score,42.14826977,0.01061400212,"a,d"
Shanghai,Mean_Age_Score,46.42673844,0.2881592512,"a,d"
Shanghai,Mean_Age_Score,42.1091608,-0.1654960811,"a,d"
Wuhan,Mean_Age_Score,44.86032656,0.3774762452,"a,d"
Shanghai,Mean_Age_Score,46.59108243,0.2561992705,"a,d"
Wuhan,Mean_Age_Score,35.70672178,-0.5906656384,"a,d"
Beijing,Mean_Age_Score,39.94322006,-0.8426887989,"a,d"
Shanghai,Mean_Age_Score,40.611868,0.3685844243,"a,d"
Wuhan,Mean_Age_Score,42.88787687,-0.06058003381,"a,d"
Guangzhou,Mean_Age_Score,37.01766181,-0.3883965313,"a,d"
Wuhan,Mean_Age_Score,41.93641188,-0.1328298301,"a,d"
Beijing,Mean_Age_Score,41.53933487,-0.06946375221,"a,d"
Guangzhou,Mean_Age_Score,36.19443154,-0.9232509136,"a,d"
Shanghai,Mean_Age_Score,45.87431335,0.3606806397,"a,d"
Shanghai,Mean_Age_Score,45.87431535,0.4106810689,"a,d"
Shanghai,Mean_Age_Score,42.10916829,-0.1568295807,"a,d"
Wuhan,Mean_Age_Score,42.14827836,0.3172524273,"a,d"
Shanghai,Mean_Age_Score,38.13753162,-0.6240341067,"a,d"
Shanghai,Mean_Age_Score,42.10917851,-0.01314159203,"a,d"
Shanghai,Mean_Age_Score,43.9487231,0.2071332484,"a,d"
Shanghai,Mean_Age_Score,42.10918561,-0.2085445076,"a,d"
Beijing,Mean_Age_Score,44.70028362,0.09523148835,"a,d"
Shanghai,Mean_Age_Score,42.10918861,-0.01277152821,"a,d"
Wuhan,Mean_Age_Score,41.19147555,0.3846469522,"a,d"
Beijing,Mean_Age_Score,43.67578116,0.233322978,"a,d"
Shanghai,Mean_Age_Score,40.29059132,-0.6549565196,"a,d"
Beijing,Mean_Age_Score,39.94318853,-0.7119964361,"a,d"
Guangzhou,Mean_Age_Score,43.1768933,0.2387353331,"a,d"
Shanghai,Mean_Age_Score,40.61186672,0.3360547125,"a,d"
Wuhan,Mean_Age_Score,44.86032232,0.2179909497,"a,d"
Beijing,Mean_Age_Score,41.39542255,-0.03645251691,"a,d"
Wuhan,Mean_Age_Score,36.50648896,-0.5855629444,"a,d"
Wuhan,Mean_Age_Score,43.0150321,0.1286230087,"a,d"
Shanghai,Mean_Age_Score,38.13754115,-0.6330587864,"a,d"
Shanghai,Mean_Age_Score,42.46807322,0.0439492017,"a,d"
Shanghai,Mean_Age_Score,40.61186147,0.002533650957,"a,d"
Shanghai,Mean_Age_Score,46.33151117,0.3770947754,"a,d"
Shanghai,Mean_Age_Score,42.10915938,-0.1614048928,"a,d"
Shanghai,Mean_Age_Score,39.76475802,-0.7766001821,"a,d"
Shanghai,Mean_Age_Score,38.13754326,-0.5194957256,"a,d"
Shanghai,Mean_Age_Score,46.18715145,0.2523940802,"a,d"
Shanghai,Mean_Age_Score,40.61186559,0.2673709393,"a,d"
Shanghai,Mean_Age_Score,39.76476892,-0.9210242033,"a,d"
Shanghai,Mean_Age_Score,40.61185779,-0.2089283764,"a,d"
Shanghai,Mean_Age_Score,46.33151267,0.1016063616,"a,d"
Shanghai,Mean_Age_Score,38.13754041,-0.7255873084,"a,d"
Shanghai,Mean_Age_Score,40.61186077,-0.07700216025,"a,d"
Shanghai,Mean_Age_Score,38.13753208,-0.9197355509,"a,d"
Beijing,Mean_Age_Score,41.95208149,-0.1482464373,"a,d"
Wuhan,Mean_Age_Score,39.83719429,-0.7610827684,"a,d"
Shanghai,Mean_Age_Score,42.10919047,-0.02552021295,"a,d"
Guangzhou,Mean_Age_Score,35.85462534,-0.4646803141,"a,d"
Beijing,Mean_Age_Score,39.94321697,-0.9169695973,"a,d"
Shanghai,Mean_Age_Score,42.4680653,0.1537379175,"a,d"
Shanghai,Mean_Age_Score,42.10919216,0.06324896961,"a,d"
Guangzhou,Mean_Age_Score,36.19442032,-0.9207932949,"a,d"
Beijing,Mean_Age_Score,44.84837523,0.09238443524,"a,d"
Shanghai,Mean_Age_Score,45.8721222,0.211044088,"a,d"
Shanghai,Mean_Age_Score,40.29059558,-0.5351595283,"a,d"
Beijing,Mean_Age_Score,42.25743741,0.0104217194,"a,d"
Wuhan,Mean_Age_Score,35.70672115,-0.8847434521,"a,d"
Shanghai,Mean_Age_Score,43.94873035,0.1710440367,"a,d"
Wuhan,Mean_Age_Score,42.40066494,0.2390815616,"a,d"
Shanghai,Mean_Age_Score,40.61186549,0.3930710554,"a,d"
Shanghai,Mean_Age_Score,42.10919423,0.05299656093,"a,d"
Wuhan,Mean_Age_Score,39.83720002,-0.6488026977,"a,d"
Beijing,Mean_Age_Score,41.31625859,0.4677904844,"a,d"
Shanghai,Mean_Age_Score,46.33149468,0.5300665498,"a,d"
Beijing,Mean_Age_Score,39.9432192,-0.7649602294,"a,d"
Shanghai,Mean_Age_Score,39.76474793,-0.6862983704,"a,d"
Shanghai,Mean_Age_Score,38.13754457,-0.7737317085,"a,d"
Shanghai,Mean_Age_Score,38.137535,-0.4949428141,"a,d"
Wuhan,Mean_Age_Score,36.50652944,-0.4778894782,"a,d"
Wuhan,Mean_Age_Score,40.84487488,0.01382015273,"a,d"
Shanghai,Mean_Age_Score,39.7647633,-0.4841396511,"a,d"
Wuhan,Mean_Age_Score,42.8878441,0.02558105066,"a,d"
Guangzhou,Mean_Age_Score,36.19443919,-0.8641110063,"a,d"
Guangzhou,Mean_Age_Score,37.01766135,-0.5900322199,"a,d"
Guangzhou,Mean_Age_Score,36.19442256,-0.5324100256,"a,d"
Beijing,Mean_Age_Score,41.39546363,-0.02242561802,"a,d"
Shanghai,Mean_Age_Score,40.29059419,-0.6863431334,"a,d"
Shanghai,Mean_Age_Score,40.61185295,-0.384848386,"a,d"
Shanghai,Mean_Age_Score,40.61186519,0.3556728959,"a,d"
Beijing,Mean_Age_Score,39.0733796,-0.7479128242,"a,d"
Shanghai,Mean_Age_Score,46.84757166,0.3062450588,"a,d"
Wuhan,Mean_Age_Score,40.84495763,0.1516543925,"a,d"
Shanghai,Mean_Age_Score,46.84756339,0.5289926529,"a,d"
Shanghai,Mean_Age_Score,40.61186826,0.3592060804,"a,d"
Shanghai,Mean_Age_Score,46.84756489,0.432559967,"a,d"
Shanghai,Mean_Age_Score,42.46806598,0.03663774952,"a,d"
Shanghai,Mean_Age_Score,42.46807613,0.05383333191,"a,d"
Shanghai,Mean_Age_Score,42.10916829,-0.1415503919,"a,d"
Shanghai,Mean_Age_Score,39.76475969,-0.4878227413,"a,d"
Guangzhou,Mean_Age_Score,37.18787397,-0.5175073147,"a,d"
Shanghai,Mean_Age_Score,40.61186351,-0.227641508,"a,d"
Shanghai,Mean_Age_Score,42.10901692,-0.3211792111,"a,d"
Shanghai,Mean_Age_Score,40.61186837,0.1565158367,"a,d"
Guangzhou,Mean_Age_Score,37.0177054,-0.7122057676,"a,d"
Shanghai,Mean_Age_Score,47.32208707,0.4204384089,"a,d"
Guangzhou,Mean_Age_Score,37.01763813,-0.5826641321,"a,d"
Shanghai,Mean_Age_Score,40.61187015,0.2250686288,"a,d"
Shanghai,Mean_Age_Score,39.76474101,-0.492420435,"a,d"
Beijing,Mean_Age_Score,45.55181948,0.3257665336,"a,d"
Shanghai,Mean_Age_Score,42.46805691,0.1869145185,"a,d"
Shanghai,Mean_Age_Score,40.29059327,-0.5734744668,"a,d"
Shanghai,Mean_Age_Score,42.46806633,0.1817607135,"a,d"
Shanghai,Mean_Age_Score,42.10918149,-0.1819684952,"a,d"
Shanghai,Mean_Age_Score,42.10919226,0.2088804394,"a,d"
Beijing,Mean_Age_Score,39.94321885,-0.8958343267,"a,d"
Guangzhou,Mean_Age_Score,37.18794285,-0.5326628685,"a,d"
Shanghai,Mean_Age_Score,46.18715178,0.1322916746,"a,d"
Shanghai,Mean_Age_Score,46.18714833,0.3717757761,"a,d"
Wuhan,Mean_Age_Score,42.88787615,0.02495604753,"a,d"
Shanghai,Mean_Age_Score,42.10917951,-0.04696197808,"a,d"
Wuhan,Mean_Age_Score,42.40067012,0.1738925278,"a,d"
Guangzhou,Mean_Age_Score,36.19439974,-0.5245007277,"a,d"
Shanghai,Mean_Age_Score,42.10918646,0.02455096692,"a,d"
Beijing,Mean_Age_Score,41.53933276,-0.01393233705,"a,d"
Shanghai,Mean_Age_Score,46.33150022,0.7461671233,"a,d"
Guangzhou,Mean_Age_Score,37.07256081,-0.6460207701,"a,d"
Shanghai,Mean_Age_Score,40.29057549,-0.7254818082,"a,d"
Shanghai,Mean_Age_Score,40.61186348,-0.2523474097,"a,d"
Shanghai,Mean_Age_Score,38.13754543,-0.7240986824,"a,d"
Shanghai,Mean_Age_Score,42.46807611,-0.1151785403,"a,d"
Shanghai,Mean_Age_Score,42.10918388,-0.06267787516,"a,d"
Guangzhou,Mean_Age_Score,36.194398,-0.5292680264,"a,d"
Shanghai,Mean_Age_Score,42.46807639,0.06443855166,"a,d"
Shanghai,Mean_Age_Score,38.13753866,-0.687764287,"a,d"
Guangzhou,Mean_Age_Score,36.19441623,-0.3046465516,"a,d"
Guangzhou,Mean_Age_Score,36.19444698,-0.5722998977,"a,d"
Wuhan,Mean_Age_Score,36.50653589,-0.4926329851,"a,d"
Wuhan,Mean_Age_Score,43.01504375,0.4241441488,"a,d"
Shanghai,Mean_Age_Score,40.29058463,-0.7614209056,"a,d"
Shanghai,Mean_Age_Score,42.10919181,-0.02043517679,"a,d"
Shanghai,Mean_Age_Score,46.33151201,0.3385614455,"a,d"
Shanghai,Mean_Age_Score,40.5782508,-0.3907694221,"a,d"
Guangzhou,Mean_Age_Score,36.19442311,-0.4725474119,"a,d"
Shanghai,Mean_Age_Score,38.13752856,-0.6747409105,"a,d"
Guangzhou,Mean_Age_Score,36.4150842,-0.6565045118,"a,d"
Shanghai,Mean_Age_Score,42.46806808,-0.00532590365,"a,d"
Wuhan,Mean_Age_Score,43.01503689,0.3020338416,"a,d"
Beijing,Mean_Age_Score,42.80443283,0.006329949014,"a,d"
Wuhan,Mean_Age_Score,43.01503941,0.329382509,"a,d"
Wuhan,Mean_Age_Score,44.86031432,0.4272427857,"a,d"
Guangzhou,Mean_Age_Score,37.01764271,-0.639066875,"a,d"
Guangzhou,Mean_Age_Score,36.19443847,-0.5042691827,"a,d"
Shanghai,Mean_Age_Score,39.7647657,-0.3842546344,"a,d"
Guangzhou,Mean_Age_Score,43.17689364,0.2816772759,"a,d"
Shanghai,Mean_Age_Score,42.10912669,-0.2374916822,"a,d"
Shanghai,Mean_Age_Score,40.61184437,-0.2621764243,"a,d"
Shanghai,Mean_Age_Score,38.13752891,-0.4275990427,"a,d"
Wuhan,Mean_Age_Score,43.01504317,0.2672507167,"a,d"
Beijing,Mean_Age_Score,45.55182122,0.1427221745,"a,d"
Wuhan,Mean_Age_Score,44.86033077,0.3792530596,"a,d"
Shanghai,Mean_Age_Score,47.32208466,0.4648654163,"a,d"
Shanghai,Mean_Age_Score,40.61186789,0.3479082584,"a,d"
Shanghai,Mean_Age_Score,40.61186921,-0.0193196144,"a,d"
Guangzhou,Mean_Age_Score,37.01769025,-0.5902591944,"a,d"
Wuhan,Mean_Age_Score,36.50653229,-0.4373010099,"a,d"
Beijing,Mean_Age_Score,41.31622886,0.4177073538,"a,d"
Shanghai,Mean_Age_Score,40.29059601,-0.6821793318,"a,d"
Shanghai,Mean_Age_Score,42.10919282,-0.01733749174,"a,d"
Shanghai,Mean_Age_Score,40.57823031,-0.8172255754,"a,d"
Shanghai,Mean_Age_Score,42.46807281,0.1244350001,"a,d"
Wuhan,Mean_Age_Score,40.84494537,0.1085941792,"a,d"
Shanghai,Mean_Age_Score,42.10919072,0.06439547241,"a,d"
Shanghai,Mean_Age_Score,42.10919614,0.02048391104,"a,d"
Beijing,Mean_Age_Score,38.95799569,-0.6527289748,"a,d"
Guangzhou,Mean_Age_Score,41.21845721,0.3816564679,"a,d"
Shanghai,Mean_Age_Score,40.61186866,0.1507573724,"a,d"
Wuhan,Mean_Age_Score,43.01504571,0.4640389383,"a,d"
Shanghai,Mean_Age_Score,40.57825461,-0.2142367363,"a,d"
Shanghai,Mean_Age_Score,42.10918845,-0.159807235,"a,d"
Shanghai,Mean_Age_Score,46.33151335,0.2891466618,"a,d"
Beijing,Mean_Age_Score,41.53931425,-0.1465865821,"a,d"
Guangzhou,Mean_Age_Score,36.19437665,-0.482300967,"a,d"
Shanghai,Mean_Age_Score,38.13753446,-0.6323559284,"a,d"
Shanghai,Mean_Age_Score,40.61186626,0.401301682,"a,d"
Shanghai,Mean_Age_Score,46.84756909,0.3469925225,"a,d"
Guangzhou,Mean_Age_Score,37.18793183,-0.9838266969,"a,d"
Shanghai,Mean_Age_Score,46.18714695,0.261286974,"a,d"
Shanghai,Mean_Age_Score,45.87431702,0.3772979081,"a,d"
Wuhan,Mean_Age_Score,42.88786688,0.1462676227,"a,d"
Shanghai,Mean_Age_Score,42.109169,-0.2597717047,"a,d"
Shanghai,Mean_Age_Score,40.29058883,-0.641392231,"a,d"
Wuhan,Mean_Age_Score,42.14827762,0.2341130227,"a,d"
Wuhan,Mean_Age_Score,40.84488685,0.01822862215,"a,d"
Shanghai,Mean_Age_Score,42.10919165,0.07683768868,"a,d"
Wuhan,Mean_Age_Score,44.86032174,0.3075919151,"a,d"
Shanghai,Mean_Age_Score,46.18710831,0.2709723413,"a,d"
Beijing,Mean_Age_Score,38.95799767,-0.7092757821,"a,d"
Shanghai,Mean_Age_Score,46.84756862,0.2168561518,"a,d"
Guangzhou,Mean_Age_Score,37.18789309,-0.5891656876,"a,d"
Wuhan,Mean_Age_Score,42.40066249,0.2204945832,"a,d"
Wuhan,Mean_Age_Score,36.50654437,-0.6647931337,"a,d"
Beijing,Mean_Age_Score,39.94321891,-0.9429092407,"a,d"
Beijing,Mean_Age_Score,45.55181694,0.07383492589,"a,d"
Shanghai,Mean_Age_Score,42.46807493,0.02955776267,"a,d"
Shanghai,Mean_Age_Score,42.10919201,0.04723599553,"a,d"
Shanghai,Mean_Age_Score,46.42674245,0.4468608797,"a,d"
Wuhan,Mean_Age_Score,42.1482712,0.02244891599,"a,d"
Shanghai,Mean_Age_Score,40.61183884,-0.2492614537,"a,d"
Shanghai,Mean_Age_Score,42.46807582,0.07292794436,"a,d"
Wuhan,Mean_Age_Score,39.83719218,-0.5188962221,"a,d"
Shanghai,Mean_Age_Score,42.10917408,-0.07326252759,"a,d"
Shanghai,Mean_Age_Score,40.61185323,-0.3439466059,"a,d"
Shanghai,Mean_Age_Score,40.61186176,-0.06818868965,"a,d"
Shanghai,Mean_Age_Score,45.87431248,0.2410914898,"a,d"
Shanghai,Mean_Age_Score,46.84756541,0.4621628821,"a,d"
Shanghai,Mean_Age_Score,38.13754107,-0.5155958533,"a,d"
Wuhan,Mean_Age_Score,35.70672382,-0.864590168,"a,d"
Beijing,Mean_Age_Score,41.5393362,0.01332364604,"a,d"
Wuhan,Mean_Age_Score,41.93642631,-0.08917210996,"a,d"
Guangzhou,Mean_Age_Score,37.07244509,-0.3163648546,"a,d"
Shanghai,Mean_Age_Score,38.13754664,-0.634244144,"a,d"
Wuhan,Mean_Age_Score,41.93639072,-0.1737282425,"a,d"
Wuhan,Mean_Age_Score,44.86032388,0.2313432097,"a,d"
Beijing,Mean_Age_Score,39.07331593,-0.5595787168,"a,d"
Wuhan,Mean_Age_Score,43.01504464,0.6243528128,"a,d"
Shanghai,Mean_Age_Score,45.87431476,0.2053201497,"a,d"
Wuhan,Mean_Age_Score,36.50647284,-0.5496999025,"a,d"
Shanghai,Mean_Age_Score,42.46807209,0.06912818551,"a,d"
Wuhan,Mean_Age_Score,35.70672391,-0.7271643281,"a,d"
Shanghai,Mean_Age_Score,46.84756771,0.4208419621,"a,d"
Shanghai,Mean_Age_Score,40.29059156,-0.7497767806,"a,d"
Shanghai,Mean_Age_Score,42.10918336,-0.05435432121,"a,d"
Shanghai,Mean_Age_Score,39.76475474,-0.05982168391,"a,d"
Shanghai,Mean_Age_Score,45.87430956,0.1492295414,"a,d"
Shanghai,Mean_Age_Score,46.42674205,0.1861123145,"a,d"
Shanghai,Mean_Age_Score,42.10918123,-0.1085619256,"a,d"
Shanghai,Mean_Age_Score,38.13752778,-0.2052460164,"a,d"
Shanghai,Mean_Age_Score,43.94871635,0.2654160559,"a,d"
Shanghai,Mean_Age_Score,42.46806083,0.4515988529,"a,d"
Beijing,Mean_Age_Score,39.94321732,-0.8102867603,"a,d"
Shanghai,Mean_Age_Score,45.87431581,0.4324047565,"a,d"
Wuhan,Mean_Age_Score,40.8449415,-0.0967509225,"a,d"
Wuhan,Mean_Age_Score,39.83716507,-0.4666906893,"a,d"
Shanghai,Mean_Age_Score,42.10919073,-0.01274270378,"a,d"
Shanghai,Mean_Age_Score,42.46807616,0.05052679032,"a,d"
Shanghai,Mean_Age_Score,42.46807702,0.02380530909,"a,d"
Shanghai,Mean_Age_Score,39.76476501,-0.7535737753,"a,d"
Shanghai,Mean_Age_Score,40.61184764,-0.3441976905,"a,d"
Shanghai,Mean_Age_Score,38.13754718,-0.5930372477,"a,d"
Beijing,Mean_Age_Score,38.95798457,-0.6127179265,"a,d"
Shanghai,Mean_Age_Score,47.32208347,0.3211277425,"a,d"
Shanghai,Mean_Age_Score,40.61184732,-0.374155283,"a,d"
Shanghai,Mean_Age_Score,42.10919195,0.03122182749,"a,d"
Wuhan,Mean_Age_Score,36.50630456,-0.311912328,"a,d"
Wuhan,Mean_Age_Score,41.93642197,-0.05553007498,"a,d"
Shanghai,Mean_Age_Score,42.10912731,-0.1478850394,"a,d"
Shanghai,Mean_Age_Score,42.10917726,-0.1306638271,"a,d"
Wuhan,Mean_Age_Score,41.9643931,-0.2262378931,"a,d"
Shanghai,Mean_Age_Score,46.33151503,0.3305730522,"a,d"
Shanghai,Mean_Age_Score,46.33149461,0.5532066822,"a,d"
Shanghai,Mean_Age_Score,42.10919226,-0.0422071591,"a,d"
Wuhan,Mean_Age_Score,44.86032591,0.1586389095,"a,d"
Wuhan,Mean_Age_Score,35.70672438,-0.5202316642,"a,d"
Shanghai,Mean_Age_Score,42.46807652,-0.007811212447,"a,d"
Shanghai,Mean_Age_Score,42.10919,0.02791421674,"a,d"
Shanghai,Mean_Age_Score,46.84757122,0.1889711469,"a,d"
Shanghai,Mean_Age_Score,45.87430707,0.4210730195,"a,d"
Wuhan,Mean_Age_Score,36.50652358,-0.2460016012,"a,d"
Shanghai,Mean_Age_Score,45.87431711,0.3673816621,"a,d"
Shanghai,Mean_Age_Score,45.87431642,-0.004945300519,"a,d"
Wuhan,Mean_Age_Score,43.0150414,0.3234843612,"a,d"
Shanghai,Mean_Age_Score,40.61186581,0.3022052348,"a,d"
Beijing,Mean_Age_Score,41.31622665,0.1389700323,"a,d"
Shanghai,Mean_Age_Score,42.46807803,-0.01506954432,"a,d"
Shanghai,Mean_Age_Score,40.5782335,-0.7787079215,"a,d"
Wuhan,Mean_Age_Score,41.93643327,-0.0687860325,"a,d"
Shanghai,Mean_Age_Score,45.87431506,0.4572641551,"a,d"
Guangzhou,Mean_Age_Score,36.41511843,-0.6161643863,"a,d"
Shanghai,Mean_Age_Score,43.2481623,0.201064676,"a,d"
Shanghai,Mean_Age_Score,40.29058917,-0.6745077372,"a,d"
Wuhan,Mean_Age_Score,39.83716618,-0.4067240655,"a,d"
Shanghai,Mean_Age_Score,42.46807158,0.05171133205,"a,d"
Shanghai,Mean_Age_Score,42.10919388,0.203139469,"a,d"
Shanghai,Mean_Age_Score,40.2905846,-0.5009507537,"a,d"
Shanghai,Mean_Age_Score,40.57819896,-0.43019557,"a,d"
Shanghai,Mean_Age_Score,42.10919438,0.02757491358,"a,d"
Shanghai,Mean_Age_Score,40.57825365,-0.3453763425,"a,d"
Shanghai,Mean_Age_Score,43.94872108,0.139105767,"a,d"
Shanghai,Mean_Age_Score,40.61185739,-0.2812182009,"a,d"
Shanghai,Mean_Age_Score,38.13749556,-0.5711135268,"a,d"
Shanghai,Mean_Age_Score,40.61186598,0.3887084126,"a,d"
Shanghai,Mean_Age_Score,38.13755128,-0.7325159907,"a,d"
Beijing,Mean_Age_Score,42.2574342,-0.02472903579,"a,d"
Shanghai,Mean_Age_Score,42.10918608,0.001965421252,"a,d"
Shanghai,Mean_Age_Score,42.10918123,0.07069720328,"a,d"
Shanghai,Mean_Age_Score,42.10917275,-0.2114243507,"a,d"
Shanghai,Mean_Age_Score,42.10919141,0.0217229221,"a,d"
Guangzhou,Mean_Age_Score,37.18795555,-0.3310195804,"a,d"
Shanghai,Mean_Age_Score,42.46804393,0.5666558146,"a,d"
Beijing,Mean_Age_Score,38.9579838,-0.4317000806,"a,d"
Wuhan,Mean_Age_Score,40.84494519,0.1389490515,"a,d"
Beijing,Mean_Age_Score,41.39537566,-0.2155213356,"a,d"
Shanghai,Mean_Age_Score,46.59807677,0.4170817435,"a,d"
Wuhan,Mean_Age_Score,42.88786411,-0.08181257546,"a,d"
Shanghai,Mean_Age_Score,42.46807579,-0.009470719844,"a,d"
Beijing,Mean_Age_Score,41.39543938,-0.1399938166,"a,d"
Shanghai,Mean_Age_Score,42.46806905,0.1011982709,"a,d"
Shanghai,Mean_Age_Score,42.46806878,-0.003167482093,"a,d"
Shanghai,Mean_Age_Score,40.61186985,0.2424058318,"a,d"
Shanghai,Mean_Age_Score,45.87431689,0.3320829272,"a,d"
Shanghai,Mean_Age_Score,38.1375461,-0.8523071408,"a,d"
Shanghai,Mean_Age_Score,40.61186377,-0.09009824693,"a,d"
Beijing,Mean_Age_Score,39.94321509,-1.026211739,"a,d"
Wuhan,Mean_Age_Score,44.86032218,0.2225900739,"a,d"
Shanghai,Mean_Age_Score,42.10919472,-0.02111974359,"a,d"
Shanghai,Mean_Age_Score,42.10918799,0.02948024869,"a,d"
Guangzhou,Mean_Age_Score,36.19444156,-0.7884148359,"a,d"
Wuhan,Mean_Age_Score,35.70672326,-0.7279191613,"a,d"
Shanghai,Mean_Age_Score,40.57822113,-0.5145170689,"a,d"
Wuhan,Mean_Age_Score,39.8371865,-0.815489769,"a,d"
Beijing,Mean_Age_Score,39.07337095,-0.7702604532,"a,d"
Guangzhou,Mean_Age_Score,36.19433571,-0.4989871979,"a,d"
Shanghai,Mean_Age_Score,46.18714649,0.3208476305,"a,d"
Shanghai,Mean_Age_Score,38.137516,-0.608343482,"a,d"
Wuhan,Mean_Age_Score,43.01504051,0.3227494955,"a,d"
Shanghai,Mean_Age_Score,42.46806767,0.0467909947,"a,d"
Wuhan,Mean_Age_Score,36.50650946,-0.3842094243,"a,d"
Guangzhou,Mean_Age_Score,37.18789973,-0.5167181492,"a,d"
Beijing,Mean_Age_Score,42.36088296,-0.1437349766,"a,d"
Shanghai,Mean_Age_Score,42.10918682,-0.03081036359,"a,d"
Shanghai,Mean_Age_Score,42.10918469,-0.1863946766,"a,d"
Shanghai,Mean_Age_Score,47.3220856,0.5657328367,"a,d"
Shanghai,Mean_Age_Score,38.13754525,-0.6689537764,"a,d"
Shanghai,Mean_Age_Score,46.33151435,0.3528377116,"a,d"
Shanghai,Mean_Age_Score,40.61186686,0.2125946581,"a,d"
Shanghai,Mean_Age_Score,42.46806462,0.2839375138,"a,d"
Wuhan,Mean_Age_Score,40.84496081,-0.05480378866,"a,d"
Wuhan,Mean_Age_Score,36.50643099,-0.1408200264,"a,d"
Shanghai,Mean_Age_Score,42.10918806,0.009811078198,"a,d"
Beijing,Mean_Age_Score,39.07337985,-0.7888351679,"a,d"
Shanghai,Mean_Age_Score,40.61186118,-0.2289298326,"a,d"
Beijing,Mean_Age_Score,42.80440616,-0.02868346125,"a,d"
Shanghai,Mean_Age_Score,46.59108123,0.3154523075,"a,d"
Shanghai,Mean_Age_Score,46.33149996,0.4881688952,"a,d"
Shanghai,Mean_Age_Score,40.61185957,-0.2642126381,"a,d"
Shanghai,Mean_Age_Score,38.13754363,-0.6260438561,"a,d"
Shanghai,Mean_Age_Score,39.76476589,-0.8807589412,"a,d"
Shanghai,Mean_Age_Score,40.61184944,-0.4061703086,"a,d"
Guangzhou,Mean_Age_Score,36.41510241,-0.9652667642,"a,d"
Shanghai,Mean_Age_Score,47.32208301,0.424600631,"a,d"
Beijing,Mean_Age_Score,42.36083312,0.03685484827,"a,d"
Shanghai,Mean_Age_Score,42.4680736,0.1204886064,"a,d"
Guangzhou,Mean_Age_Score,37.01762539,-0.6323496699,"a,d"
Beijing,Mean_Age_Score,39.9432177,-0.8137212396,"a,d"
Shanghai,Mean_Age_Score,42.46807982,0.07750552893,"a,d"
Beijing,Mean_Age_Score,41.53933656,-0.07611984015,"a,d"
Beijing,Mean_Age_Score,42.25741206,0.04488689452,"a,d"
Wuhan,Mean_Age_Score,36.50634291,-0.3432734013,"a,d"
Wuhan,Mean_Age_Score,40.4273266,-0.7314149737,"a,d"
Guangzhou,Mean_Age_Score,36.54017953,-0.545142591,"a,d"
Shanghai,Mean_Age_Score,46.84756917,0.4058847725,"a,d"
Shanghai,Mean_Age_Score,46.33150661,0.5052812099,"a,d"
Wuhan,Mean_Age_Score,43.01504653,0.4710633457,"a,d"
Shanghai,Mean_Age_Score,40.6118585,-0.4209816158,"a,d"
Beijing,Mean_Age_Score,42.3609385,0.1167393625,"a,d"
Shanghai,Mean_Age_Score,45.87431139,0.1426568776,"a,d"
Shanghai,Mean_Age_Score,39.76476798,-0.8967202306,"a,d"
Shanghai,Mean_Age_Score,42.46807437,0.04941449687,"a,d"
Wuhan,Mean_Age_Score,36.50642341,-0.468077153,"a,d"
Shanghai,Mean_Age_Score,40.61186825,0.3353671432,"a,d"
Wuhan,Mean_Age_Score,43.01503643,0.2913702428,"a,d"
Wuhan,Mean_Age_Score,41.93633343,-0.2133277804,"a,d"
Shanghai,Mean_Age_Score,40.29058729,-0.5520149469,"a,d"
Beijing,Mean_Age_Score,41.5393375,-0.07364057004,"a,d"
Guangzhou,Mean_Age_Score,36.19444834,-0.7135828137,"a,d"
Shanghai,Mean_Age_Score,40.29050498,-0.5756225586,"a,d"
Wuhan,Mean_Age_Score,41.93645293,-0.234200716,"a,d"
Shanghai,Mean_Age_Score,38.13752886,-0.6177453399,"a,d"
Shanghai,Mean_Age_Score,38.13754489,-0.5478572845,"a,d"
Beijing,Mean_Age_Score,38.95799346,-0.696151495,"a,d"
Wuhan,Mean_Age_Score,35.70671805,-0.7494772673,"a,d"
Guangzhou,Mean_Age_Score,37.07241215,-0.3365171254,"a,d"
Shanghai,Mean_Age_Score,42.10919234,-0.07917498052,"a,d"
Shanghai,Mean_Age_Score,39.7647318,-0.514023006,"a,d"
Shanghai,Mean_Age_Score,38.13753896,-0.5104914904,"a,d"
Shanghai,Mean_Age_Score,40.61184534,-0.3634122312,"a,d"
Guangzhou,Mean_Age_Score,35.85461189,-0.4488912821,"a,d"
Shanghai,Mean_Age_Score,42.46806812,0.2590378225,"a,d"
Beijing,Mean_Age_Score,39.94320453,-0.7733714581,"a,d"
Beijing,Mean_Age_Score,41.39546138,0.03190273792,"a,d"
Wuhan,Mean_Age_Score,42.14826893,-0.0879990235,"a,d"
Wuhan,Mean_Age_Score,35.70671761,-0.9450170994,"a,d"
Wuhan,Mean_Age_Score,41.93635877,-0.1238453388,"a,d"
Shanghai,Mean_Age_Score,40.61186273,-0.07701059431,"a,d"
Shanghai,Mean_Age_Score,42.10918562,-0.04117177427,"a,d"
Wuhan,Mean_Age_Score,44.86032881,0.310359031,"a,d"
Shanghai,Mean_Age_Score,46.84757043,0.2877292037,"a,d"
Shanghai,Mean_Age_Score,38.13754643,-0.5227946043,"a,d"
Wuhan,Mean_Age_Score,44.86032742,0.214092508,"a,d"
Wuhan,Mean_Age_Score,36.50642793,0.03279545531,"a,d"
Shanghai,Mean_Age_Score,39.76472498,-0.5240118504,"a,d"
Wuhan,Mean_Age_Score,43.01504341,0.4895348847,"a,d"
Wuhan,Mean_Age_Score,43.01503515,0.1501233429,"a,d"
Shanghai,Mean_Age_Score,40.61186765,0.2703543305,"a,d"
Shanghai,Mean_Age_Score,38.13754916,-0.3853623569,"a,d"
Beijing,Mean_Age_Score,38.95799753,-0.6821836829,"a,d"
Beijing,Mean_Age_Score,42.36093271,-0.2034557462,"a,d"
Shanghai,Mean_Age_Score,47.32208078,0.2279147506,"a,d"
Wuhan,Mean_Age_Score,39.83719402,-0.4750024974,"a,d"
Guangzhou,Mean_Age_Score,41.21845204,0.04010794684,"a,d"
Shanghai,Mean_Age_Score,40.61186655,0.4062880278,"a,d"
Wuhan,Mean_Age_Score,43.01503728,0.34848544,"a,d"
Shanghai,Mean_Age_Score,38.13751584,-0.6258625984,"a,d"
Shanghai,Mean_Age_Score,42.10917844,-0.1134061143,"a,d"
Beijing,Mean_Age_Score,41.53933344,-0.02710884251,"a,d"
Shanghai,Mean_Age_Score,45.87431289,0.2349291295,"a,d"
Beijing,Mean_Age_Score,44.70077215,0.2321939766,"a,d"
Guangzhou,Mean_Age_Score,36.19441229,-0.4578383267,"a,d"
Guangzhou,Mean_Age_Score,37.07252177,-0.3282379508,"a,d"
Wuhan,Mean_Age_Score,42.88787831,-0.04717416689,"a,d"
Shanghai,Mean_Age_Score,38.13754931,-0.5493355989,"a,d"
Shanghai,Mean_Age_Score,47.32207905,0.2156033367,"a,d"
Guangzhou,Mean_Age_Score,37.187938,-0.5060383677,"a,d"
Beijing,Mean_Age_Score,38.95797358,-0.6378472447,"a,d"
Shanghai,Mean_Age_Score,46.33150652,0.5882008672,"a,d"
Shanghai,Mean_Age_Score,38.13754645,-0.5388451815,"a,d"
Wuhan,Mean_Age_Score,36.50651262,-0.4292254746,"a,d"
Shanghai,Mean_Age_Score,42.46807509,0.02045914903,"a,d"
Shanghai,Mean_Age_Score,38.13753752,-0.3631950617,"a,d"
Beijing,Mean_Age_Score,40.26836658,-0.8567131162,"a,d"
Shanghai,Mean_Age_Score,42.10919576,-0.01848497242,"a,d"
Shanghai,Mean_Age_Score,38.13754737,-0.6541410089,"a,d"
Shanghai,Mean_Age_Score,40.61187006,0.08603937179,"a,d"
Wuhan,Mean_Age_Score,44.86032875,0.3680780232,"a,d"
Shanghai,Mean_Age_Score,46.18715154,0.2384343147,"a,d"
Shanghai,Mean_Age_Score,46.18714674,0.344032228,"a,d"
Shanghai,Mean_Age_Score,42.10919496,0.04606111348,"a,d"
Shanghai,Mean_Age_Score,45.87431219,0.4504135549,"a,d"
Beijing,Mean_Age_Score,41.31624262,0.133058548,"a,d"
Wuhan,Mean_Age_Score,43.01504597,0.4778018892,"a,d"
Shanghai,Mean_Age_Score,42.10917779,-0.1274537146,"a,d"
Shanghai,Mean_Age_Score,40.61186268,-0.0131316809,"a,d"
Beijing,Mean_Age_Score,41.53933527,-0.04026277363,"a,d"
Shanghai,Mean_Age_Score,40.61186569,0.2932565212,"a,d"
Shanghai,Mean_Age_Score,46.42674371,0.4828982949,"a,d"
Shanghai,Mean_Age_Score,40.61186689,0.3082254231,"a,d"
Shanghai,Mean_Age_Score,40.61186411,0.1992417872,"a,d"
Wuhan,Mean_Age_Score,40.84496927,0.2931367457,"a,d"
Shanghai,Mean_Age_Score,40.57823572,-0.5989304185,"a,d"
Beijing,Mean_Age_Score,42.25743028,0.09547642618,"a,d"
Shanghai,Mean_Age_Score,39.76474945,-0.8462147713,"a,d"
Beijing,Mean_Age_Score,39.94321494,-0.9458576441,"a,d"
Shanghai,Mean_Age_Score,42.10917301,-0.2122042179,"a,d"
Wuhan,Mean_Age_Score,35.70672281,-0.7349421382,"a,d"
Shanghai,Mean_Age_Score,40.61186802,0.3271585703,"a,d"
Wuhan,Mean_Age_Score,40.84494691,0.04779949039,"a,d"
Wuhan,Mean_Age_Score,43.01503223,0.1275525093,"a,d"
Shanghai,Mean_Age_Score,46.84757145,0.2617514133,"a,d"
Shanghai,Mean_Age_Score,42.10918418,-0.05317737907,"a,d"
Shanghai,Mean_Age_Score,42.1091823,-0.1300427616,"a,d"
Wuhan,Mean_Age_Score,42.14826304,-0.04914759099,"a,d"
Shanghai,Mean_Age_Score,46.84756264,0.270827353,"a,d"
Shanghai,Mean_Age_Score,38.13752775,-0.6037850976,"a,d"
Guangzhou,Mean_Age_Score,37.01758558,-0.6081754565,"a,d"
Shanghai,Mean_Age_Score,38.13755084,-0.5551540852,"a,d"
Guangzhou,Mean_Age_Score,36.19437973,-0.3649216592,"a,d"
Shanghai,Mean_Age_Score,42.10919131,0.001552778762,"a,d"
Guangzhou,Mean_Age_Score,37.18790079,-0.5596368313,"a,d"
Wuhan,Mean_Age_Score,35.70671802,-0.4169869423,"a,d"
Wuhan,Mean_Age_Score,35.70672454,-0.2613239586,"a,d"
Shanghai,Mean_Age_Score,38.13754268,-0.7802487016,"a,d"
Shanghai,Mean_Age_Score,46.84756264,0.3448993862,"a,d"
Shanghai,Mean_Age_Score,42.10918964,-0.08061452955,"a,d"
Shanghai,Mean_Age_Score,46.84757068,0.4428120255,"a,d"
Shanghai,Mean_Age_Score,40.29058751,-0.9516718388,"a,d"
Shanghai,Mean_Age_Score,42.10918946,0.007656576112,"a,d"
Guangzhou,Mean_Age_Score,37.07253678,-0.489212811,"a,d"
Shanghai,Mean_Age_Score,40.61183023,-0.1930272728,"a,d"
Beijing,Mean_Age_Score,41.39543262,-0.1266121864,"a,d"
Shanghai,Mean_Age_Score,38.13752762,-0.6240817904,"a,d"
Guangzhou,Mean_Age_Score,37.1879167,-0.614007175,"a,d"
Guangzhou,Mean_Age_Score,37.0725543,-0.7354424596,"a,d"
Shanghai,Mean_Age_Score,39.76476013,-0.571798265,"a,d"
Shanghai,Mean_Age_Score,40.61186421,0.360403657,"a,d"
Shanghai,Mean_Age_Score,46.84756955,0.3434028625,"a,d"
Shanghai,Mean_Age_Score,42.10919394,0.04170806333,"a,d"
Shanghai,Mean_Age_Score,38.13754743,-0.5458846688,"a,d"
Shanghai,Mean_Age_Score,42.10919143,0.02428757772,"a,d"
Shanghai,Mean_Age_Score,43.94867238,0.1875784248,"a,d"
Shanghai,Mean_Age_Score,40.61185304,-0.1791208684,"a,d"
Wuhan,Mean_Age_Score,35.70672133,-1.005746245,"a,d"
Shanghai,Mean_Age_Score,46.63422447,0.4163816273,"a,d"
Guangzhou,Mean_Age_Score,37.01770841,-0.8023608327,"a,d"
Beijing,Mean_Age_Score,39.94321999,-0.8102604747,"a,d"
Shanghai,Mean_Age_Score,46.33151381,0.404786557,"a,d"
Shanghai,Mean_Age_Score,38.13751531,-0.6263424158,"a,d"
Shanghai,Mean_Age_Score,42.46805527,0.3165524006,"a,d"
Shanghai,Mean_Age_Score,42.1091949,0.07592315972,"a,d"
Wuhan,Mean_Age_Score,43.01503751,0.3195390701,"a,d"
Wuhan,Mean_Age_Score,36.50638647,-0.3753173947,"a,d"
Shanghai,Mean_Age_Score,42.10918954,0.01711339504,"a,d"
Shanghai,Mean_Age_Score,40.57819805,-0.5795208216,"a,d"
Shanghai,Mean_Age_Score,42.4680748,-0.02325900272,"a,d"
Beijing,Mean_Age_Score,42.80443108,0.05938964337,"a,d"
Shanghai,Mean_Age_Score,40.57825625,-0.0682695657,"a,d"
Shanghai,Mean_Age_Score,42.10917471,-0.2241575271,"a,d"
Shanghai,Mean_Age_Score,46.18714615,0.3108271062,"a,d"
Wuhan,Mean_Age_Score,43.01503776,0.3610572815,"a,d"
Shanghai,Mean_Age_Score,45.8743124,0.1798418611,"a,d"
Shanghai,Mean_Age_Score,45.87431253,0.2764041424,"a,d"
Wuhan,Mean_Age_Score,43.01504125,0.1489025056,"a,d"
Shanghai,Mean_Age_Score,42.109191,-0.07048717141,"a,d"
Shanghai,Mean_Age_Score,45.87430897,0.4112802148,"a,d"
Shanghai,Mean_Age_Score,42.10919593,0.08336262405,"a,d"
Guangzhou,Mean_Age_Score,37.18794001,-0.4187288284,"a,d"
Wuhan,Mean_Age_Score,44.86033053,0.4884703755,"a,d"
Shanghai,Mean_Age_Score,47.45829659,0.4822540581,"a,d"
Shanghai,Mean_Age_Score,46.18710629,0.2440717816,"a,d"
Shanghai,Mean_Age_Score,42.10919063,0.08752953261,"a,d"
Shanghai,Mean_Age_Score,47.32208476,0.3266708255,"a,d"
Shanghai,Mean_Age_Score,46.18715234,0.2639513612,"a,d"
Guangzhou,Mean_Age_Score,37.017678,-0.6042936444,"a,d"
Shanghai,Mean_Age_Score,39.76475442,-0.4858800173,"a,d"
Beijing,Mean_Age_Score,44.84838115,0.1459975541,"a,d"
Shanghai,Mean_Age_Score,42.10918769,0.002819261514,"a,d"
Beijing,Mean_Age_Score,41.53933642,0.07074064761,"a,d"
Beijing,Mean_Age_Score,41.53933102,-0.04877417907,"a,d"
Shanghai,Mean_Age_Score,38.13750732,-0.5982414484,"a,d"
Shanghai,Mean_Age_Score,40.2905931,-0.421082437,"a,d"
Beijing,Mean_Age_Score,42.25740472,0.01570061594,"a,d"
Shanghai,Mean_Age_Score,38.13754585,-0.6314383745,"a,d"
Beijing,Mean_Age_Score,45.32822986,0.1302527338,"a,d"
Shanghai,Mean_Age_Score,44.3972206,0.2011269778,"a,d"
Wuhan,Mean_Age_Score,42.14827676,0.1038353518,"a,d"
Shanghai,Mean_Age_Score,40.57825624,-0.1455601156,"a,d"
Shanghai,Mean_Age_Score,39.76475644,-0.2738301456,"a,d"
Beijing,Mean_Age_Score,41.53933676,-0.04065225273,"a,d"
Beijing,Mean_Age_Score,41.39542744,-0.0007847289089,"a,d"
Shanghai,Mean_Age_Score,38.13754552,-0.6144800782,"a,d"
Wuhan,Mean_Age_Score,43.01504351,0.5809746385,"a,d"
Shanghai,Mean_Age_Score,40.61186882,0.1983623058,"a,d"
Shanghai,Mean_Age_Score,40.61185886,-0.1658436656,"a,d"
Guangzhou,Mean_Age_Score,37.07256079,-0.4978424907,"a,d"
Shanghai,Mean_Age_Score,40.29059632,-0.7797370553,"a,d"
Shanghai,Mean_Age_Score,46.84756736,0.2667749822,"a,d"
Shanghai,Mean_Age_Score,40.29059048,-0.4278687537,"a,d"
Guangzhou,Mean_Age_Score,37.01765272,-0.6786558032,"a,d"
Shanghai,Mean_Age_Score,42.10918574,-0.06153885275,"a,d"
Shanghai,Mean_Age_Score,46.42674203,0.3114238083,"a,d"
Beijing,Mean_Age_Score,42.36093323,0.04448071122,"a,d"
Shanghai,Mean_Age_Score,40.61186318,-0.1485832036,"a,d"
Shanghai,Mean_Age_Score,46.18715093,0.2662448585,"a,d"
Shanghai,Mean_Age_Score,42.46805611,0.4673181176,"a,d"
Shanghai,Mean_Age_Score,40.61185086,-0.2443801463,"a,d"
Wuhan,Mean_Age_Score,42.88787181,-0.005362472031,"a,d"
Shanghai,Mean_Age_Score,42.10913675,-0.1827437133,"a,d"
Shanghai,Mean_Age_Score,42.10916796,-0.2173800617,"a,d"
Beijing,Mean_Age_Score,41.53933103,-0.06309263408,"a,d"
Shanghai,Mean_Age_Score,42.46806315,0.3113200068,"a,d"
Shanghai,Mean_Age_Score,38.13753939,-0.3123598099,"a,d"
Wuhan,Mean_Age_Score,42.88743951,-0.05873291939,"a,d"
Guangzhou,Mean_Age_Score,36.19440542,-0.3867577016,"a,d"
Shanghai,Mean_Age_Score,40.61186061,-0.01100098528,"a,d"
Wuhan,Mean_Age_Score,42.88787922,0.4226352274,"a,d"
Wuhan,Mean_Age_Score,44.86032652,0.2571274042,"a,d"
Wuhan,Mean_Age_Score,36.50626349,-0.4321790636,"a,d"
Guangzhou,Mean_Age_Score,43.17688699,0.3250776827,"a,d"
Shanghai,Mean_Age_Score,38.13754331,-0.9415334463,"a,d"
Guangzhou,Mean_Age_Score,36.41511913,-0.6011839509,"a,d"
Shanghai,Mean_Age_Score,40.61186666,0.3364163637,"a,d"
Shanghai,Mean_Age_Score,46.84756455,0.3121540844,"a,d"
Shanghai,Mean_Age_Score,42.1091815,-0.01559159253,"a,d"
Beijing,Mean_Age_Score,41.53933651,0.01653904468,"a,d"
Shanghai,Mean_Age_Score,42.10919314,-0.1283162534,"a,d"
Shanghai,Mean_Age_Score,46.5910839,0.5219914317,"a,d"
Shanghai,Mean_Age_Score,42.10907557,-0.1741416156,"a,d"
Shanghai,Mean_Age_Score,45.87431586,0.422973454,"a,d"
Beijing,Mean_Age_Score,41.53933541,-0.02245896868,"a,d"
Wuhan,Mean_Age_Score,42.14827358,-0.03525184467,"a,d"
Wuhan,Mean_Age_Score,42.40054989,-0.06366220862,"a,d"
Shanghai,Mean_Age_Score,42.10919154,0.09316574037,"a,d"
Shanghai,Mean_Age_Score,40.61183961,-0.1362850815,"a,d"
Beijing,Mean_Age_Score,42.80443094,-0.04810000956,"a,d"
Wuhan,Mean_Age_Score,42.14827766,0.09320192039,"a,d"
Beijing,Mean_Age_Score,41.53933678,0.02604306117,"a,d"
Shanghai,Mean_Age_Score,45.87431029,0.3594475389,"a,d"
Beijing,Mean_Age_Score,41.53933266,-0.03654463217,"a,d"
Shanghai,Mean_Age_Score,38.13754627,-0.4831130803,"a,d"
Shanghai,Mean_Age_Score,39.76476897,-0.6707968116,"a,d"
Guangzhou,Mean_Age_Score,36.19437238,-0.4152404964,"a,d"
Shanghai,Mean_Age_Score,46.59107371,0.4707739949,"a,d"
Shanghai,Mean_Age_Score,39.76474749,-0.654040277,"a,d"
Guangzhou,Mean_Age_Score,35.8546091,-0.1780085117,"a,d"
Shanghai,Mean_Age_Score,46.18714422,0.3440028727,"a,d"
Wuhan,Mean_Age_Score,36.50653528,-0.7127313018,"a,d"
Guangzhou,Mean_Age_Score,43.17688971,0.3419233263,"a,d"
Shanghai,Mean_Age_Score,38.13754194,-0.4991004765,"a,d"
Shanghai,Mean_Age_Score,46.8475693,0.4549554586,"a,d"
Wuhan,Mean_Age_Score,35.70672414,-0.7776806951,"a,d"
Guangzhou,Mean_Age_Score,36.19442641,-0.9164705276,"a,d"
Shanghai,Mean_Age_Score,43.94871049,0.2360643893,"a,d"
Guangzhou,Mean_Age_Score,36.19440381,-0.3766998649,"a,d"
Shanghai,Mean_Age_Score,42.46807863,-0.06684724241,"a,d"
Shanghai,Mean_Age_Score,42.10915865,-0.1502551585,"a,d"
Wuhan,Mean_Age_Score,41.19146873,0.2649735808,"a,d"
Shanghai,Mean_Age_Score,42.46806498,0.1581430137,"a,d"
Shanghai,Mean_Age_Score,38.13751885,-0.605600059,"a,d"
Shanghai,Mean_Age_Score,42.46807327,-0.03722889721,"a,d"
Shanghai,Mean_Age_Score,42.10919194,0.08793386817,"a,d"
Shanghai,Mean_Age_Score,40.61186071,0.01010297798,"a,d"
Shanghai,Mean_Age_Score,38.13753864,-0.487536788,"a,d"
Guangzhou,Mean_Age_Score,37.18791589,-0.6405496597,"a,d"
Shanghai,Mean_Age_Score,40.29054605,-0.4974837899,"a,d"
Shanghai,Mean_Age_Score,40.6118676,0.4435468316,"a,d"
Beijing,Mean_Age_Score,41.39547147,-0.09779442847,"a,d"
Beijing,Mean_Age_Score,39.94317732,-0.5549414754,"a,d"
Shanghai,Mean_Age_Score,45.87431716,0.3538843095,"a,d"
Wuhan,Mean_Age_Score,35.7067235,-0.733474195,"a,d"
Wuhan,Mean_Age_Score,35.70671673,-0.7883485556,"a,d"
Beijing,Mean_Age_Score,41.53930428,-0.2020513415,"a,d"
Shanghai,Mean_Age_Score,40.29059353,-0.7098906636,"a,d"
Beijing,Mean_Age_Score,41.53931252,-0.2155355215,"a,d"
Wuhan,Mean_Age_Score,41.19146845,0.206941694,"a,d"
Shanghai,Mean_Age_Score,38.13750361,-0.6413039565,"a,d"
Wuhan,Mean_Age_Score,43.0150396,0.1376290023,"a,d"
Guangzhou,Mean_Age_Score,36.1943606,-0.3013896644,"a,d"
Shanghai,Mean_Age_Score,39.76467117,-0.6606795192,"a,d"
Wuhan,Mean_Age_Score,36.50649547,-0.1635230035,"a,d"
Shanghai,Mean_Age_Score,46.42674287,0.4590599239,"a,d"
Wuhan,Mean_Age_Score,42.14827578,0.1013587713,"a,d"
Wuhan,Mean_Age_Score,43.01504482,0.3790358305,"a,d"
Shanghai,Mean_Age_Score,39.76476845,-0.8068680167,"a,d"
Beijing,Mean_Age_Score,41.39538705,-0.2452252209,"a,d"
Wuhan,Mean_Age_Score,44.86032376,0.2619952559,"a,d"
Shanghai,Mean_Age_Score,46.42674312,0.4025119543,"a,d"
Shanghai,Mean_Age_Score,45.15849395,0.1733997464,"a,d"
Beijing,Mean_Age_Score,41.53933523,-0.03280508891,"a,d"
Beijing,Mean_Age_Score,39.94322219,-0.6600842476,"a,d"
Shanghai,Mean_Age_Score,40.61186753,0.461055249,"a,d"
Guangzhou,Mean_Age_Score,37.07236255,-0.3202610612,"a,d"
Shanghai,Mean_Age_Score,39.76466781,-0.6172251701,"a,d"
Beijing,Mean_Age_Score,39.94321926,-0.7052266002,"a,d"
Shanghai,Mean_Age_Score,40.29059293,-0.5390797257,"a,d"
Shanghai,Mean_Age_Score,45.87430474,0.3164487481,"a,d"
Guangzhou,Mean_Age_Score,37.18795232,-0.5259521008,"a,d"
Shanghai,Mean_Age_Score,40.61186293,-0.07292982191,"a,d"
Shanghai,Mean_Age_Score,38.13754455,-0.7783102989,"a,d"
Shanghai,Mean_Age_Score,46.33150711,0.5016049147,"a,d"
Wuhan,Mean_Age_Score,43.01504464,0.4474297464,"a,d"
Shanghai,Mean_Age_Score,38.13753343,-0.5225791335,"a,d"
Guangzhou,Mean_Age_Score,37.01765205,-0.6280865073,"a,d"
Shanghai,Mean_Age_Score,45.87431723,0.3748569489,"a,d"
Wuhan,Mean_Age_Score,41.93635256,-0.24246943,"a,d"
Shanghai,Mean_Age_Score,42.10918033,-0.2027136683,"a,d"
Shanghai,Mean_Age_Score,40.61186533,0.3670385778,"a,d"
Wuhan,Mean_Age_Score,43.01501774,0.1970172226,"a,d"
Shanghai,Mean_Age_Score,42.10918856,0.01571364887,"a,d"
Wuhan,Mean_Age_Score,35.7067244,-0.253580302,"a,d"
Shanghai,Mean_Age_Score,42.10919095,-0.07449153066,"a,d"
Wuhan,Mean_Age_Score,43.01500098,0.2019317746,"a,d"
Shanghai,Mean_Age_Score,40.61186327,-0.2105655223,"a,d"
Wuhan,Mean_Age_Score,39.83719669,-0.8943529129,"a,d"
Beijing,Mean_Age_Score,39.07334527,-0.5691044927,"a,d"
Shanghai,Mean_Age_Score,40.29058322,-0.3105482459,"a,d"
Shanghai,Mean_Age_Score,40.61186788,0.2026334554,"a,d"
Beijing,Mean_Age_Score,39.07336987,-0.5372235775,"a,d"
Shanghai,Mean_Age_Score,40.61185663,-0.3886174262,"a,d"
Shanghai,Mean_Age_Score,40.61186758,0.2958489656,"a,d"
Shanghai,Mean_Age_Score,40.611854,-0.06959699094,"a,d"
Guangzhou,Mean_Age_Score,43.1768923,0.415673703,"a,d"
Wuhan,Mean_Age_Score,43.01504417,0.4311161637,"a,d"
Beijing,Mean_Age_Score,41.53933765,0.04262343049,"a,d"
Shanghai,Mean_Age_Score,42.10919034,-0.03429047018,"a,d"
Shanghai,Mean_Age_Score,40.61186248,-0.08565041423,"a,d"
Beijing,Mean_Age_Score,41.31624369,0.4288063347,"a,d"
Beijing,Mean_Age_Score,41.53933849,-0.1664170772,"a,d"
Beijing,Mean_Age_Score,41.53933864,0.007662445772,"a,d"
Beijing,Mean_Age_Score,41.53933793,-0.1603616029,"a,d"
Shanghai,Mean_Age_Score,46.33151107,0.3273211122,"a,d"
Beijing,Mean_Age_Score,39.94321911,-0.7823671103,"a,d"
Shanghai,Mean_Age_Score,42.46807676,-0.1033836007,"a,d"
Shanghai,Mean_Age_Score,42.10919385,-0.1355818659,"a,d"
Shanghai,Mean_Age_Score,40.5782522,-0.3190450668,"a,d"
Wuhan,Mean_Age_Score,42.14827996,0.09677807242,"a,d"
Shanghai,Mean_Age_Score,42.46807123,0.1104925424,"a,d"
Shanghai,Mean_Age_Score,40.61185916,-0.2466483712,"a,d"
Shanghai,Mean_Age_Score,42.10918739,0.07796881348,"a,d"
Shanghai,Mean_Age_Score,41.59966583,0.04432963207,"a,d"
Shanghai,Mean_Age_Score,38.1375355,-0.8513376117,"a,d"
Guangzhou,Mean_Age_Score,43.17689135,0.3238877356,"a,d"
Shanghai,Mean_Age_Score,45.8743158,0.3368599713,"a,d"
Shanghai,Mean_Age_Score,46.84757054,0.5258578062,"a,d"
Guangzhou,Mean_Age_Score,36.41511918,-0.6211638451,"a,d"
Guangzhou,Mean_Age_Score,36.19441492,-0.4869106114,"a,d"
Shanghai,Mean_Age_Score,46.18713528,0.2908701599,"a,d"
Wuhan,Mean_Age_Score,35.70672419,-0.3854046762,"a,d"
Shanghai,Mean_Age_Score,40.2905811,-0.501400888,"a,d"
Wuhan,Mean_Age_Score,44.86032498,0.2192442119,"a,d"
Beijing,Mean_Age_Score,39.07338651,-0.7237507105,"a,d"
Shanghai,Mean_Age_Score,39.76476988,-0.6470839381,"a,d"
Wuhan,Mean_Age_Score,42.88787664,0.07849489897,"a,d"
Shanghai,Mean_Age_Score,42.109188,-0.03545242175,"a,d"
Beijing,Mean_Age_Score,42.25743801,0.03968554735,"a,d"
Shanghai,Mean_Age_Score,42.10919327,0.06412697583,"a,d"
Guangzhou,Mean_Age_Score,36.19439118,-0.1813679188,"a,d"
Guangzhou,Mean_Age_Score,37.01764713,-0.603466928,"a,d"
Shanghai,Mean_Age_Score,39.76475609,-0.5852390528,"a,d"
Shanghai,Mean_Age_Score,42.46807414,0.008750077337,"a,d"
Shanghai,Mean_Age_Score,45.87418913,0.4725925326,"a,d"
Shanghai,Mean_Age_Score,42.10919478,-0.002579436637,"a,d"
Shanghai,Mean_Age_Score,43.94871797,0.2133989781,"a,d"
Wuhan,Mean_Age_Score,39.83720176,-0.6109979153,"a,d"
Shanghai,Mean_Age_Score,40.61186362,-0.0598301813,"a,d"
Wuhan,Mean_Age_Score,41.93645414,-0.1733403057,"a,d"
Wuhan,Mean_Age_Score,44.86032532,0.3913781047,"a,d"
Beijing,Mean_Age_Score,39.94319606,-0.7167165279,"a,d"
Shanghai,Mean_Age_Score,42.4680742,0.0100396378,"a,d"
Shanghai,Mean_Age_Score,42.46794049,-0.05279991403,"a,d"
Shanghai,Mean_Age_Score,40.61186457,0.3182687759,"a,d"
Beijing,Mean_Age_Score,39.94320837,-0.6512708664,"a,d"
Shanghai,Mean_Age_Score,45.87431688,0.336137563,"a,d"
Wuhan,Mean_Age_Score,44.86032198,0.3794605136,"a,d"
Shanghai,Mean_Age_Score,45.87431304,0.5262160301,"a,d"
Wuhan,Mean_Age_Score,36.5065292,-0.7906817198,"a,d"
Shanghai,Mean_Age_Score,42.10918878,-0.0002853989135,"a,d"
Shanghai,Mean_Age_Score,42.10917689,-0.04658958316,"a,d"
Shanghai,Mean_Age_Score,40.29058545,-0.5766200423,"a,d"
Beijing,Mean_Age_Score,42.25743475,-0.1179282963,"a,d"
Shanghai,Mean_Age_Score,42.10919374,-0.04330230877,"a,d"
Shanghai,Mean_Age_Score,42.10918655,-0.2981283963,"a,d"
Beijing,Mean_Age_Score,38.95799997,-0.555262804,"a,d"
Shanghai,Mean_Age_Score,42.10918968,0.02467632852,"a,d"
Shanghai,Mean_Age_Score,38.13751967,-0.6270949244,"a,d"
Wuhan,Mean_Age_Score,42.40066451,0.06246381626,"a,d"
Guangzhou,Mean_Age_Score,37.01766744,-0.5958268046,"a,d"
Beijing,Mean_Age_Score,39.94322038,-0.7214617729,"a,d"
Wuhan,Mean_Age_Score,42.14827418,0.08525217324,"a,d"
Shanghai,Mean_Age_Score,45.87431478,0.266453594,"a,d"
Shanghai,Mean_Age_Score,46.84756989,0.3749680519,"a,d"
Shanghai,Mean_Age_Score,40.57823566,-0.398070097,"a,d"
Guangzhou,Mean_Age_Score,37.01771501,-0.5168025494,"a,d"
Shanghai,Mean_Age_Score,38.13754665,-0.6902427077,"a,d"
Beijing,Mean_Age_Score,43.6761411,0.1661795378,"a,d"
Shanghai,Mean_Age_Score,47.3220803,0.2792640328,"a,d"
Wuhan,Mean_Age_Score,36.50653322,-0.5230486393,"a,d"
Wuhan,Mean_Age_Score,40.84494549,0.01683927141,"a,d"
Shanghai,Mean_Age_Score,46.84756893,0.3120954335,"a,d"
Shanghai,Mean_Age_Score,40.6118535,-0.1867689192,"a,d"
Wuhan,Mean_Age_Score,42.88786718,0.01325035654,"a,d"
Wuhan,Mean_Age_Score,40.84458676,-0.04255279154,"a,d"
Shanghai,Mean_Age_Score,46.33151544,0.3367538154,"a,d"
Shanghai,Mean_Age_Score,39.76473651,-0.6121945381,"a,d"
Guangzhou,Mean_Age_Score,37.1878996,-0.5792754889,"a,d"
Shanghai,Mean_Age_Score,39.76476753,-0.7702179551,"a,d"
Shanghai,Mean_Age_Score,47.32208708,0.3506731987,"a,d"
Shanghai,Mean_Age_Score,46.59108695,0.3788589537,"a,d"
Wuhan,Mean_Age_Score,36.50652808,-0.3564144969,"a,d"
Beijing,Mean_Age_Score,39.94321488,-0.4341113567,"a,d"
Shanghai,Mean_Age_Score,39.76474677,-0.2239884585,"a,d"
Wuhan,Mean_Age_Score,36.50653213,-0.2328284234,"a,d"
Shanghai,Mean_Age_Score,40.29057629,-0.9239726067,"a,d"
Shanghai,Mean_Age_Score,42.10919274,0.02969285101,"a,d"
Wuhan,Mean_Age_Score,41.19147235,0.3245023787,"a,d"
Shanghai,Mean_Age_Score,45.87431462,0.3125931919,"a,d"
Shanghai,Mean_Age_Score,38.13753222,-0.445987165,"a,d"
Shanghai,Mean_Age_Score,39.76476571,-0.485270232,"a,d"
Shanghai,Mean_Age_Score,43.94861737,0.2219730169,"a,d"
Shanghai,Mean_Age_Score,42.10918335,0.03106212616,"a,d"
Beijing,Mean_Age_Score,41.53933567,-0.03247271478,"a,d"
Shanghai,Mean_Age_Score,46.18715079,0.06362935156,"a,d"
Beijing,Mean_Age_Score,39.94321707,-0.5120967031,"a,d"
Shanghai,Mean_Age_Score,42.10918837,0.01430301741,"a,d"
Shanghai,Mean_Age_Score,46.33150108,0.4177566171,"a,d"
Wuhan,Mean_Age_Score,43.01503729,0.3132553101,"a,d"
Shanghai,Mean_Age_Score,40.29059018,-0.6154542565,"a,d"
Shanghai,Mean_Age_Score,46.84757121,0.3435250521,"a,d"
Shanghai,Mean_Age_Score,38.13753354,-0.5435764194,"a,d"
Shanghai,Mean_Age_Score,46.84756916,0.542378962,"a,d"
Shanghai,Mean_Age_Score,42.10916361,-0.1600056589,"a,d"
Shanghai,Mean_Age_Score,40.6118674,0.3361491561,"a,d"
Shanghai,Mean_Age_Score,42.10916443,-0.0918847248,"a,d"
Shanghai,Mean_Age_Score,45.8743136,0.2947254777,"a,d"
Shanghai,Mean_Age_Score,38.13753753,-0.5385914445,"a,d"
Shanghai,Mean_Age_Score,40.29059516,-0.5627692342,"a,d"
Shanghai,Mean_Age_Score,40.61184932,-0.3842745721,"a,d"
Guangzhou,Mean_Age_Score,36.19430951,-0.3403970003,"a,d"
Shanghai,Mean_Age_Score,46.18714754,0.5197887421,"a,d"
Beijing,Mean_Age_Score,41.53933527,0.01661716402,"a,d"
Shanghai,Mean_Age_Score,42.10917848,0.03030344844,"a,d"
Shanghai,Mean_Age_Score,39.76476079,-0.5474151969,"a,d"
Guangzhou,Mean_Age_Score,41.21845408,0.282215476,"a,d"
Shanghai,Mean_Age_Score,40.61184792,-0.3640865684,"a,d"
Shanghai,Mean_Age_Score,47.32207151,0.3137827218,"a,d"
Shanghai,Mean_Age_Score,46.18714585,0.2787075639,"a,d"
Shanghai,Mean_Age_Score,46.18713337,0.2204595655,"a,d"
Guangzhou,Mean_Age_Score,35.85462369,-0.2243691683,"a,d"
Beijing,Mean_Age_Score,38.95796924,-0.488391757,"a,d"
Shanghai,Mean_Age_Score,40.61186594,0.3772265315,"a,d"
Shanghai,Mean_Age_Score,42.46806446,0.03416234255,"a,d"
Wuhan,Mean_Age_Score,43.01504049,0.3108900189,"a,d"
Guangzhou,Mean_Age_Score,36.19438818,-0.3982326984,"a,d"
Guangzhou,Mean_Age_Score,36.4151089,-0.5324218273,"a,d"
Beijing,Mean_Age_Score,41.39547002,-0.1306774467,"a,d"
Wuhan,Mean_Age_Score,44.86031784,0.1938949078,"a,d"
Shanghai,Mean_Age_Score,46.33150865,0.4515576959,"a,d"
Beijing,Mean_Age_Score,43.44371227,0.298791796,"a,d"
Beijing,Mean_Age_Score,41.53931999,-0.1628656536,"a,d"
Guangzhou,Mean_Age_Score,36.19443724,-0.5793983936,"a,d"
Shanghai,Mean_Age_Score,40.61186493,0.4347041249,"a,d"
Wuhan,Mean_Age_Score,36.50652161,-0.4514251947,"a,d"
Guangzhou,Mean_Age_Score,43.17688826,0.1522362232,"a,d"
Shanghai,Mean_Age_Score,40.61186827,0.2647489309,"a,d"
Guangzhou,Mean_Age_Score,35.85462152,-0.4426274598,"a,d"
Wuhan,Mean_Age_Score,35.70671676,-0.7101175189,"a,d"
Shanghai,Mean_Age_Score,42.10914655,-0.1229125857,"a,d"
Shanghai,Mean_Age_Score,38.13754407,-0.4717429876,"a,d"
Shanghai,Mean_Age_Score,39.76475633,-0.8428353071,"a,d"
Shanghai,Mean_Age_Score,39.76476421,-1.049877048,"a,d"
Shanghai,Mean_Age_Score,45.87430924,0.3182935119,"a,d"
Wuhan,Mean_Age_Score,39.83719563,-0.5003480911,"a,d"
Shanghai,Mean_Age_Score,40.61185704,-0.2027297616,"a,d"
Beijing,Mean_Age_Score,41.39537907,-0.1944853365,"a,d"
Shanghai,Mean_Age_Score,42.46807481,0.05155155435,"a,d"
Wuhan,Mean_Age_Score,35.70672111,-0.6676891446,"a,d"
Guangzhou,Mean_Age_Score,36.42617166,-0.402741164,"a,d"
Beijing,Mean_Age_Score,39.94321941,-0.8875706196,"a,d"
Beijing,Mean_Age_Score,44.70028191,0.1894082278,"a,d"
Wuhan,Mean_Age_Score,35.70672141,-0.3530474007,"a,d"
Wuhan,Mean_Age_Score,42.40064406,0.08927667141,"a,d"
Shanghai,Mean_Age_Score,46.3315113,0.1880517453,"a,d"
Guangzhou,Mean_Age_Score,37.18779708,-0.5847877264,"a,d"
Wuhan,Mean_Age_Score,35.70672248,-0.9139688611,"a,d"
Guangzhou,Mean_Age_Score,41.21845692,0.3029489517,"a,d"
Beijing,Mean_Age_Score,41.53933799,0.1027420685,"a,d"
Wuhan,Mean_Age_Score,41.93642109,-0.1601234376,"a,d"
Beijing,Mean_Age_Score,39.07332654,-0.3888853192,"a,d"
Shanghai,Mean_Age_Score,46.33151462,0.271787107,"a,d"
Wuhan,Mean_Age_Score,42.92059806,-0.008159296587,"a,d"
Wuhan,Mean_Age_Score,42.14827491,-0.04658482224,"a,d"
Beijing,Mean_Age_Score,42.80441292,-0.02769275755,"a,d"
Wuhan,Mean_Age_Score,35.7067215,-0.5230090618,"a,d"
Wuhan,Mean_Age_Score,42.40066612,0.1241296381,"a,d"
Shanghai,Mean_Age_Score,46.4267353,0.3989306986,"a,d"
Shanghai,Mean_Age_Score,42.10919507,0.03870225698,"a,d"
Shanghai,Mean_Age_Score,46.42674155,0.35080567,"a,d"
Beijing,Mean_Age_Score,42.25743734,0.08624012768,"a,d"
Shanghai,Mean_Age_Score,39.7647668,-0.7896026373,"a,d"
Shanghai,Mean_Age_Score,46.84755676,0.3915507793,"a,d"
Guangzhou,Mean_Age_Score,42.95034441,0.1255754381,"a,d"
Shanghai,Mean_Age_Score,42.46807124,-0.2050085962,"a,d"
Wuhan,Mean_Age_Score,42.14827133,-0.01330088452,"a,d"
Shanghai,Mean_Age_Score,46.1871431,0.1528933644,"a,d"
Guangzhou,Mean_Age_Score,36.19442872,-1.010711432,"a,d"
Beijing,Mean_Age_Score,39.0733817,-0.6192480326,"a,d"
Shanghai,Mean_Age_Score,42.10918617,-0.01142182667,"a,d"
Shanghai,Mean_Age_Score,42.10919272,0.03484374657,"a,d"
Shanghai,Mean_Age_Score,39.76474062,-0.6314712167,"a,d"
Beijing,Mean_Age_Score,38.95796727,-0.6693810225,"a,d"
Shanghai,Mean_Age_Score,46.33150757,0.4611876905,"a,d"
Wuhan,Mean_Age_Score,43.01504598,0.4305837452,"a,d"
Beijing,Mean_Age_Score,42.25743995,-0.02723971754,"a,d"
Shanghai,Mean_Age_Score,39.7647314,-0.6475406289,"a,d"
Beijing,Mean_Age_Score,42.25743654,-0.003048268612,"a,d"
Wuhan,Mean_Age_Score,36.50650811,-0.4426211715,"a,d"
Shanghai,Mean_Age_Score,47.32208259,0.4667028487,"a,d"
Shanghai,Mean_Age_Score,46.1871436,0.2895538509,"a,d"
Shanghai,Mean_Age_Score,42.4680684,0.03166618198,"a,d"
Shanghai,Mean_Age_Score,46.18714041,0.5046852827,"a,d"
Shanghai,Mean_Age_Score,40.61184923,-0.3316981792,"a,d"
Beijing,Mean_Age_Score,41.53933782,0.002613302553,"a,d"
Shanghai,Mean_Age_Score,46.8475699,0.3872902393,"a,d"
Wuhan,Mean_Age_Score,43.01504566,0.5859194994,"a,d"
Shanghai,Mean_Age_Score,42.10918126,0.01868353598,"a,d"
Beijing,Mean_Age_Score,43.67612153,0.1520632803,"a,d"
Shanghai,Mean_Age_Score,46.59108472,0.3637028039,"a,d"
Shanghai,Mean_Age_Score,42.10919128,-0.1186108291,"a,d"
Shanghai,Mean_Age_Score,42.10919012,0.04330180585,"a,d"
Wuhan,Mean_Age_Score,36.50650654,-0.4775972068,"a,d"
Shanghai,Mean_Age_Score,42.10917807,-0.1801794022,"a,d"
Shanghai,Mean_Age_Score,38.13754367,-0.568418026,"a,d"
Beijing,Mean_Age_Score,38.95795096,-0.6251786351,"a,d"
Shanghai,Mean_Age_Score,40.61186886,0.2654209137,"a,d"
Wuhan,Mean_Age_Score,43.01504349,0.5036132336,"a,d"
Shanghai,Mean_Age_Score,42.46806127,0.1289026588,"a,d"
Shanghai,Mean_Age_Score,39.76474003,-0.8956424594,"a,d"
Shanghai,Mean_Age_Score,42.10919442,0.05199733749,"a,d"
Shanghai,Mean_Age_Score,40.29059095,-0.6541979313,"a,d"
Shanghai,Mean_Age_Score,46.59108158,0.3290135562,"a,d"
Shanghai,Mean_Age_Score,42.10918835,-0.0242510885,"a,d"
Shanghai,Mean_Age_Score,43.94872817,0.1732792258,"a,d"
Guangzhou,Mean_Age_Score,36.19436865,-0.4550373256,"a,d"
Shanghai,Mean_Age_Score,38.13754541,-0.6527286768,"a,d"
Shanghai,Mean_Age_Score,40.61186568,0.2470800132,"a,d"
Shanghai,Mean_Age_Score,42.1091925,0.05154871941,"a,d"
Shanghai,Mean_Age_Score,46.18713569,0.1312844455,"a,d"
Shanghai,Mean_Age_Score,38.13752899,-0.335244149,"a,d"
Beijing,Mean_Age_Score,39.94322012,-0.7258113027,"a,d"
Shanghai,Mean_Age_Score,40.61186203,0.00746088475,"a,d"
Wuhan,Mean_Age_Score,35.7067241,-0.9619998336,"a,d"
Shanghai,Mean_Age_Score,42.10918871,0.02854833379,"a,d"
Shanghai,Mean_Age_Score,46.33151305,0.3447042406,"a,d"
Shanghai,Mean_Age_Score,47.32208297,0.546551168,"a,d"
Guangzhou,Mean_Age_Score,36.19444782,-0.4363297522,"a,d"
Wuhan,Mean_Age_Score,43.01503411,0.3533563018,"a,d"
Wuhan,Mean_Age_Score,36.50648665,-0.1426176578,"a,d"
Shanghai,Mean_Age_Score,40.61184489,-0.3177354038,"a,d"
Beijing,Mean_Age_Score,38.957993,-0.6924072504,"a,d"
Wuhan,Mean_Age_Score,36.50641665,-0.2816245258,"a,d"
Shanghai,Mean_Age_Score,42.10919536,0.02638102323,"a,d"
Shanghai,Mean_Age_Score,42.10918773,0.03799775988,"a,d"
Shanghai,Mean_Age_Score,38.13753766,-0.3578291237,"a,d"
Shanghai,Mean_Age_Score,42.10919147,0.07232412696,"a,d"
Shanghai,Mean_Age_Score,42.46806655,0.05068957061,"a,d"
Shanghai,Mean_Age_Score,42.10918358,-0.07874335349,"a,d"
Beijing,Mean_Age_Score,42.25743633,0.004995091818,"a,d"
Wuhan,Mean_Age_Score,43.01504183,0.3132241964,"a,d"
Shanghai,Mean_Age_Score,46.18715291,0.07061692327,"a,d"
Beijing,Mean_Age_Score,38.95798193,-0.4762897193,"a,d"
Beijing,Mean_Age_Score,43.44371005,0.07654160261,"a,d"
Guangzhou,Mean_Age_Score,37.01764185,-0.5978632569,"a,d"
Shanghai,Mean_Age_Score,42.10919014,0.0271518901,"a,d"
Shanghai,Mean_Age_Score,47.32208506,0.6116802692,"a,d"
Shanghai,Mean_Age_Score,46.84756091,0.4870459735,"a,d"
Shanghai,Mean_Age_Score,45.87431482,0.3976345658,"a,d"
Shanghai,Mean_Age_Score,46.18714501,0.2615809739,"a,d"
Shanghai,Mean_Age_Score,42.10918826,0.05355129391,"a,d"
Shanghai,Mean_Age_Score,40.61185719,-0.1907009035,"a,d"
Shanghai,Mean_Age_Score,40.61182275,-0.3999359608,"a,d"
Wuhan,Mean_Age_Score,36.50650423,-0.4633013904,"a,d"
Shanghai,Mean_Age_Score,40.2905745,-0.2839466929,"a,d"
Shanghai,Mean_Age_Score,42.10919295,0.1067669168,"a,d"
Shanghai,Mean_Age_Score,42.46807397,0.05507816002,"a,d"
Shanghai,Mean_Age_Score,38.13753713,-0.8147281408,"a,d"
Guangzhou,Mean_Age_Score,37.18794476,-0.685507834,"a,d"
Shanghai,Mean_Age_Score,40.61185667,-0.3944599032,"a,d"
Shanghai,Mean_Age_Score,40.29058819,-0.4929422736,"a,d"
Shanghai,Mean_Age_Score,42.10916633,-0.2607060671,"a,d"
Shanghai,Mean_Age_Score,42.46807358,0.0330622755,"a,d"
Wuhan,Mean_Age_Score,40.84480178,-0.05428966135,"a,d"
Shanghai,Mean_Age_Score,45.87431639,0.4051340818,"a,d"
Shanghai,Mean_Age_Score,42.1091906,0.09205025434,"a,d"
Shanghai,Mean_Age_Score,40.29059531,-0.6708849072,"a,d"
Shanghai,Mean_Age_Score,40.61186518,0.392274946,"a,d"
Shanghai,Mean_Age_Score,40.61186471,0.3817190528,"a,d"
Shanghai,Mean_Age_Score,42.10909356,-0.1870027483,"a,d"
Wuhan,Mean_Age_Score,43.01504092,0.3463107347,"a,d"
Shanghai,Mean_Age_Score,46.18715075,-0.001436147839,"a,d"
Shanghai,Mean_Age_Score,42.10919369,-0.07518976927,"a,d"
Shanghai,Mean_Age_Score,47.32208229,0.5647526979,"a,d"
Wuhan,Mean_Age_Score,42.14827742,0.1764098257,"a,d"
Shanghai,Mean_Age_Score,46.84756918,0.3894039392,"a,d"
Guangzhou,Mean_Age_Score,36.19431204,-0.3830655813,"a,d"
Shanghai,Mean_Age_Score,42.1091923,0.06884212792,"a,d"
Shanghai,Mean_Age_Score,38.13755023,-0.5477138162,"a,d"
Shanghai,Mean_Age_Score,40.6118585,-0.3277947009,"a,d"
Wuhan,Mean_Age_Score,42.14827816,0.04192339629,"a,d"
Shanghai,Mean_Age_Score,40.61186512,0.602899611,"a,d"
Guangzhou,Mean_Age_Score,37.01771373,-0.7259428501,"a,d"
Shanghai,Mean_Age_Score,40.29058408,-0.728851676,"a,d"
Shanghai,Mean_Age_Score,38.13753291,-0.4972206354,"a,d"
Shanghai,Mean_Age_Score,46.84756878,0.437075913,"a,d"
Shanghai,Mean_Age_Score,40.61186559,0.3325123489,"a,d"
Beijing,Mean_Age_Score,39.07331515,-0.5730953813,"a,d"
Shanghai,Mean_Age_Score,40.61185496,-0.2549822927,"a,d"
Shanghai,Mean_Age_Score,42.10918593,-0.03201110661,"a,d"
Guangzhou,Mean_Age_Score,41.21844713,0.4094871581,"a,d"
Beijing,Mean_Age_Score,42.25744141,0.05004644394,"a,d"
Shanghai,Mean_Age_Score,42.46806648,0.2591179311,"a,d"
Shanghai,Mean_Age_Score,42.46807377,0.06095790118,"a,d"
Beijing,Mean_Age_Score,41.53933523,-0.2484318316,"a,d"
Wuhan,Mean_Age_Score,36.50648434,-0.4511428475,"a,d"
Shanghai,Mean_Age_Score,47.32208498,0.4269595444,"a,d"
Wuhan,Mean_Age_Score,42.88787421,0.03390274569,"a,d"
Shanghai,Mean_Age_Score,46.33151187,0.4691729248,"a,d"
Wuhan,Mean_Age_Score,36.50644061,-0.5185326338,"a,d"
Wuhan,Mean_Age_Score,42.8878728,0.01421678532,"a,d"
Wuhan,Mean_Age_Score,42.88787466,-0.08503043652,"a,d"
Shanghai,Mean_Age_Score,39.7647088,-0.5633320808,"a,d"
Shanghai,Mean_Age_Score,45.87431631,0.3120955229,"a,d"
Guangzhou,Mean_Age_Score,35.85462088,-0.2984533906,"a,d"
Shanghai,Mean_Age_Score,47.32208113,0.4662272334,"a,d"
Wuhan,Mean_Age_Score,42.14826082,-0.03582156822,"a,d"
Wuhan,Mean_Age_Score,36.50650619,-0.4511224031,"a,d"
Wuhan,Mean_Age_Score,39.83720001,-0.7567517161,"a,d"
Beijing,Mean_Age_Score,42.36089953,-0.04766352847,"a,d"
Shanghai,Mean_Age_Score,46.84756484,0.3141032755,"a,d"
Guangzhou,Mean_Age_Score,36.19443819,-0.3217995167,"a,d"
Shanghai,Mean_Age_Score,38.13753587,-0.6816854477,"a,d"
Beijing,Mean_Age_Score,41.5393309,-0.04768575728,"a,d"
Shanghai,Mean_Age_Score,46.18714911,0.120208554,"a,d"
Beijing,Mean_Age_Score,39.07335521,-0.4394669235,"a,d"
Shanghai,Mean_Age_Score,42.46807514,-0.1605684608,"a,d"
Shanghai,Mean_Age_Score,42.4680764,0.05919053778,"a,d"
Guangzhou,Mean_Age_Score,36.415116,-0.6448169947,"a,d"
Shanghai,Mean_Age_Score,42.10908838,-0.1853044033,"a,d"
Shanghai,Mean_Age_Score,46.84757097,0.3461877704,"a,d"
Shanghai,Mean_Age_Score,42.46805952,0.4504729807,"a,d"
Shanghai,Mean_Age_Score,39.7647581,-0.7257796526,"a,d"
Shanghai,Mean_Age_Score,40.61186984,0.05515611172,"a,d"
Shanghai,Mean_Age_Score,42.46807765,0.04007377103,"a,d"
Beijing,Mean_Age_Score,41.5393378,0.0810912177,"a,d"
Shanghai,Mean_Age_Score,40.61185917,-0.2660389543,"a,d"
Shanghai,Mean_Age_Score,38.13754651,-0.6611731052,"a,d"
Shanghai,Mean_Age_Score,46.84756746,0.2897194624,"a,d"
Shanghai,Mean_Age_Score,47.96921133,0.6132737398,"a,d"
Shanghai,Mean_Age_Score,39.76477088,-0.8517583013,"a,d"
Shanghai,Mean_Age_Score,38.13752964,-0.586288929,"a,d"
Guangzhou,Mean_Age_Score,41.21845509,0.2213157117,"a,d"
Shanghai,Mean_Age_Score,38.13753034,-0.8808134794,"a,d"
Wuhan,Mean_Age_Score,41.96436921,-0.08639902622,"a,d"
Shanghai,Mean_Age_Score,42.10919071,0.07368791103,"a,d"
Guangzhou,Mean_Age_Score,36.54020059,-0.9870805144,"a,d"
Wuhan,Mean_Age_Score,42.14827086,0.04775748774,"a,d"
Shanghai,Mean_Age_Score,39.76474909,-0.617246151,"a,d"
Shanghai,Mean_Age_Score,46.18714479,0.1923787892,"a,d"
Wuhan,Mean_Age_Score,36.50650977,-0.4466402233,"a,d"
Shanghai,Mean_Age_Score,40.61186291,0.03223135695,"a,d"
Wuhan,Mean_Age_Score,36.50648666,-0.4914862812,"a,d"
Beijing,Mean_Age_Score,44.55286886,0.2568807602,"a,d"
Shanghai,Mean_Age_Score,46.59108444,0.2293163687,"a,d"
Beijing,Mean_Age_Score,41.53933677,-0.02255578339,"a,d"
Guangzhou,Mean_Age_Score,36.19444983,-0.331248045,"a,d"
Beijing,Mean_Age_Score,42.25743748,0.02193925902,"a,d"
Beijing,Mean_Age_Score,39.94322097,-0.772618711,"a,d"
Shanghai,Mean_Age_Score,46.33148764,0.2318032086,"a,d"
Wuhan,Mean_Age_Score,36.50634792,-0.2723992467,"a,d"
Shanghai,Mean_Age_Score,39.76472829,-0.5768975616,"a,d"
Beijing,Mean_Age_Score,42.2574372,0.04081871361,"a,d"
Shanghai,Mean_Age_Score,42.46807342,0.08278311789,"a,d"
Shanghai,Mean_Age_Score,40.61186691,0.2268097103,"a,d"
Beijing,Mean_Age_Score,38.95797415,-0.5113750696,"a,d"
Shanghai,Mean_Age_Score,40.29059649,-0.3647149503,"a,d"
Shanghai,Mean_Age_Score,47.32208429,0.3491560519,"a,d"
Shanghai,Mean_Age_Score,40.5782521,-0.3405267,"a,d"
Shanghai,Mean_Age_Score,40.29057371,-0.5447169542,"a,d"
Shanghai,Mean_Age_Score,39.7647441,-0.600471735,"a,d"
Shanghai,Mean_Age_Score,42.46807068,0.06400608271,"a,d"
Guangzhou,Mean_Age_Score,37.01769194,-0.6394481659,"a,d"
Shanghai,Mean_Age_Score,39.76471649,-0.6338270903,"a,d"
Shanghai,Mean_Age_Score,46.84756854,0.3062566519,"a,d"
Guangzhou,Mean_Age_Score,36.19443938,-0.572971046,"a,d"
Shanghai,Mean_Age_Score,42.10919277,0.1182316244,"a,d"
Shanghai,Mean_Age_Score,42.46806684,0.2597581744,"a,d"
Shanghai,Mean_Age_Score,40.61186907,0.3260775506,"a,d"
Shanghai,Mean_Age_Score,46.84756786,0.4274190962,"a,d"
Shanghai,Mean_Age_Score,38.13752812,-0.4515006542,"a,d"
Shanghai,Mean_Age_Score,47.32208714,0.4692494869,"a,d"
Shanghai,Mean_Age_Score,40.29059486,-0.7425076365,"a,d"
Guangzhou,Mean_Age_Score,36.19443987,-0.3575093448,"a,d"
Guangzhou,Mean_Age_Score,36.41511882,-0.8248889446,"a,d"
Shanghai,Mean_Age_Score,39.76477113,-0.9067213535,"a,d"
Shanghai,Mean_Age_Score,40.61185575,-0.275875628,"a,d"
Shanghai,Mean_Age_Score,46.84756103,0.3335008919,"a,d"
Beijing,Mean_Age_Score,41.39544621,-0.1275690049,"a,d"
Beijing,Mean_Age_Score,42.25743724,-0.007562815677,"a,d"
Shanghai,Mean_Age_Score,42.10918776,-0.004115751479,"a,d"
Shanghai,Mean_Age_Score,42.10919467,-0.005579468329,"a,d"
Wuhan,Mean_Age_Score,40.8449518,0.02082182094,"a,d"
Shanghai,Mean_Age_Score,38.13752382,-0.5354994535,"a,d"
Shanghai,Mean_Age_Score,40.57823325,-0.3241432011,"a,d"
Wuhan,Mean_Age_Score,35.70672239,-0.9385253787,"a,d"
Wuhan,Mean_Age_Score,42.40066716,0.1369871199,"a,d"
Shanghai,Mean_Age_Score,42.10918938,0.05047176778,"a,d"
Beijing,Mean_Age_Score,39.94322189,-0.6797795892,"a,d"
Guangzhou,Mean_Age_Score,36.19439547,-0.3851160407,"a,d"
Shanghai,Mean_Age_Score,40.61183967,-0.4192090333,"a,d"
Shanghai,Mean_Age_Score,39.76474922,-0.7741436362,"a,d"
Beijing,Mean_Age_Score,41.53933804,-0.1401500851,"a,d"
Wuhan,Mean_Age_Score,43.01502435,0.127361238,"a,d"
Guangzhou,Mean_Age_Score,37.01769013,-0.591358006,"a,d"
Beijing,Mean_Age_Score,41.53931177,-0.1506170928,"a,d"
Shanghai,Mean_Age_Score,40.61186243,-0.109399952,"a,d"
Beijing,Mean_Age_Score,41.39540677,-0.1720051169,"a,d"
Shanghai,Mean_Age_Score,42.10917891,-0.002143983729,"a,d"
Shanghai,Mean_Age_Score,38.13753151,-0.6587321162,"a,d"
Shanghai,Mean_Age_Score,40.29058893,-0.6870866418,"a,d"
Wuhan,Mean_Age_Score,42.14827514,0.09274848551,"a,d"
Wuhan,Mean_Age_Score,44.86032672,0.2494529784,"a,d"
Wuhan,Mean_Age_Score,35.70672016,-0.7287936211,"a,d"
Guangzhou,Mean_Age_Score,36.41511595,-0.582303226,"a,d"
Guangzhou,Mean_Age_Score,37.07238123,-0.3208456635,"a,d"
Shanghai,Mean_Age_Score,40.61186633,0.4206028879,"a,d"
Shanghai,Mean_Age_Score,38.13754713,-0.3639307022,"a,d"
Beijing,Mean_Age_Score,43.6759465,0.238884449,"a,d"
Guangzhou,Mean_Age_Score,37.01766138,-0.5908479691,"a,d"
Beijing,Mean_Age_Score,39.07337525,-0.7293694019,"a,d"
Shanghai,Mean_Age_Score,42.46807498,-0.0393968001,"a,d"
Shanghai,Mean_Age_Score,46.18714916,0.3748481572,"a,d"
Beijing,Mean_Age_Score,39.94321265,-0.8500089645,"a,d"
Shanghai,Mean_Age_Score,40.61186641,0.2337701768,"a,d"
Guangzhou,Mean_Age_Score,36.41511961,-0.4333063364,"a,d"
Beijing,Mean_Age_Score,38.95799118,-0.3153738081,"a,d"
Wuhan,Mean_Age_Score,36.50651039,-0.4433347881,"a,d"
Shanghai,Mean_Age_Score,38.13755041,-0.6048395038,"a,d"
Guangzhou,Mean_Age_Score,37.01771481,-0.7408061028,"a,d"
Shanghai,Mean_Age_Score,40.29059648,-0.5547046065,"a,d"
Shanghai,Mean_Age_Score,42.10918776,-0.05992846563,"a,d"
Shanghai,Mean_Age_Score,42.10919483,0.07767247409,"a,d"
Shanghai,Mean_Age_Score,40.29056976,-0.589333117,"a,d"
Shanghai,Mean_Age_Score,40.61186236,-0.07906025648,"a,d"
Shanghai,Mean_Age_Score,38.13754529,-0.5809944868,"a,d"
Guangzhou,Mean_Age_Score,36.41510871,-0.3555043042,"a,d"
Shanghai,Mean_Age_Score,40.61183911,-0.3250964582,"a,d"
Beijing,Mean_Age_Score,42.25743917,-0.01875518821,"a,d"
Shanghai,Mean_Age_Score,42.10915099,-0.2617835999,"a,d"
Shanghai,Mean_Age_Score,40.61186699,0.2751277983,"a,d"
Shanghai,Mean_Age_Score,46.18715298,0.3525546193,"a,d"
Shanghai,Mean_Age_Score,37.2598068,-0.5806561708,"a,d"
Guangzhou,Mean_Age_Score,36.19444267,-0.5904692411,"a,d"
Beijing,Mean_Age_Score,41.39542118,-0.1419373006,"a,d"
Guangzhou,Mean_Age_Score,37.01770373,-0.8962602019,"a,d"
Shanghai,Mean_Age_Score,39.76474639,-0.3822205961,"a,d"
Guangzhou,Mean_Age_Score,41.21845861,0.2005818635,"a,d"
Beijing,Mean_Age_Score,38.95800056,-0.9170372486,"a,d"
Wuhan,Mean_Age_Score,42.1482791,0.1057804599,"a,d"
Shanghai,Mean_Age_Score,46.33150859,0.4421915412,"a,d"
Wuhan,Mean_Age_Score,36.50654437,-0.7739554048,"a,d"
Shanghai,Mean_Age_Score,38.13753323,-0.5083420277,"a,d"
Wuhan,Mean_Age_Score,42.88787204,0.07142628729,"a,d"
Beijing,Mean_Age_Score,42.25744049,-0.04651287571,"a,d"
Shanghai,Mean_Age_Score,42.10919308,-0.1151702404,"a,d"
Beijing,Mean_Age_Score,41.39545965,0.05760156363,"a,d"
Beijing,Mean_Age_Score,42.25744108,-0.05794467404,"a,d"
Shanghai,Mean_Age_Score,38.13754617,-0.7224649787,"a,d"
Wuhan,Mean_Age_Score,43.01503928,0.2101482898,"a,d"
Shanghai,Mean_Age_Score,40.29059503,-0.7712917328,"a,d"
Wuhan,Mean_Age_Score,42.14825233,-0.009416466579,"a,d"
Beijing,Mean_Age_Score,41.5393373,-0.01273223944,"a,d"
Beijing,Mean_Age_Score,41.395426,-0.08404454589,"a,d"
Shanghai,Mean_Age_Score,40.29059561,-0.6173280478,"a,d"
Shanghai,Mean_Age_Score,38.1375416,-0.5576218963,"a,d"
Shanghai,Mean_Age_Score,46.18714753,0.3518834114,"a,d"
Guangzhou,Mean_Age_Score,37.01770946,-0.6793832183,"a,d"
Shanghai,Mean_Age_Score,42.46807514,-0.02115497366,"a,d"
Wuhan,Mean_Age_Score,41.93645394,-0.03621490672,"a,d"
Wuhan,Mean_Age_Score,42.88787578,0.02106257528,"a,d"
Shanghai,Mean_Age_Score,38.13753305,-0.5420593619,"a,d"
Wuhan,Mean_Age_Score,42.40066188,0.131194666,"a,d"
Beijing,Mean_Age_Score,41.53933696,-0.07852198184,"a,d"
Shanghai,Mean_Age_Score,42.10919119,0.06490451843,"a,d"
Shanghai,Mean_Age_Score,45.87431012,0.4775304496,"a,d"
Beijing,Mean_Age_Score,38.95800174,-0.5490946174,"a,d"
Wuhan,Mean_Age_Score,41.93632434,-0.2377604991,"a,d"
Shanghai,Mean_Age_Score,39.76476298,-0.6987041831,"a,d"
Beijing,Mean_Age_Score,38.95798425,-0.5079814196,"a,d"
Shanghai,Mean_Age_Score,43.94872007,0.04694245756,"a,d"
Wuhan,Mean_Age_Score,42.40065677,0.2144166678,"a,d"
Shanghai,Mean_Age_Score,39.76476717,-0.5802550912,"a,d"
Shanghai,Mean_Age_Score,42.10919545,0.03350286558,"a,d"
Beijing,Mean_Age_Score,41.53933124,-0.1889356077,"a,d"
Guangzhou,Mean_Age_Score,36.19442518,-0.4344482422,"a,d"
Wuhan,Mean_Age_Score,36.50650717,-0.3211932778,"a,d"
Beijing,Mean_Age_Score,39.07336261,-0.5362991691,"a,d"
Beijing,Mean_Age_Score,44.84837481,0.1412294209,"a,d"
Shanghai,Mean_Age_Score,46.59108483,0.3358204365,"a,d"
Beijing,Mean_Age_Score,45.32823782,0.2671829462,"a,d"
Shanghai,Mean_Age_Score,46.33151357,0.4477579594,"a,d"
Shanghai,Mean_Age_Score,42.10916084,-0.2549235523,"a,d"
Shanghai,Mean_Age_Score,40.61186298,-0.08158420026,"a,d"
Shanghai,Mean_Age_Score,45.87431521,0.2785663605,"a,d"
Beijing,Mean_Age_Score,39.07336412,-0.5132986903,"a,d"
Guangzhou,Mean_Age_Score,37.187794,-0.5847877264,"a,d"
Shanghai,Mean_Age_Score,40.61186757,0.1871995777,"a,d"
Beijing,Mean_Age_Score,39.94320972,-0.8417649269,"a,d"
Shanghai,Mean_Age_Score,40.6118628,-0.03123129718,"a,d"
Wuhan,Mean_Age_Score,41.96437919,-0.1329047978,"a,d"
Beijing,Mean_Age_Score,39.94321941,-0.9157276154,"a,d"
Shanghai,Mean_Age_Score,42.10911726,-0.1816821992,"a,d"
Shanghai,Mean_Age_Score,39.76475712,-0.58920753,"a,d"
Shanghai,Mean_Age_Score,46.84756528,0.3501951396,"a,d"
Shanghai,Mean_Age_Score,46.84756676,0.3049277663,"a,d"
Shanghai,Mean_Age_Score,42.10919184,0.07320024073,"a,d"
Shanghai,Mean_Age_Score,39.76476592,-0.7716275454,"a,d"
Shanghai,Mean_Age_Score,46.84756661,0.4163120389,"a,d"
Shanghai,Mean_Age_Score,42.46807843,-0.07186304778,"a,d"
Shanghai,Mean_Age_Score,46.33151528,0.2062815726,"a,d"
Guangzhou,Mean_Age_Score,37.18790285,-0.6265179515,"a,d"
Guangzhou,Mean_Age_Score,43.17688959,0.2174800485,"a,d"
Beijing,Mean_Age_Score,41.39544057,-0.1368667632,"a,d"
Shanghai,Mean_Age_Score,40.61186714,0.1119924411,"a,d"
Beijing,Mean_Age_Score,42.360929,-0.006268407684,"a,d"
Shanghai,Mean_Age_Score,42.10917746,-0.1531133503,"a,d"
Shanghai,Mean_Age_Score,40.61186206,-0.2350906283,"a,d"
Shanghai,Mean_Age_Score,39.76475233,-0.5569754243,"a,d"
Shanghai,Mean_Age_Score,42.10918976,0.04667743295,"a,d"
Beijing,Mean_Age_Score,42.80443207,-0.06430851668,"a,d"
Shanghai,Mean_Age_Score,40.61186519,0.4595145881,"a,d"
Shanghai,Mean_Age_Score,39.764761,-0.4519662559,"a,d"
Wuhan,Mean_Age_Score,36.50626866,0.30520612,"a,d"
Shanghai,Mean_Age_Score,46.59108218,0.4371795654,"a,d"
Guangzhou,Mean_Age_Score,36.54014505,-0.55859375,"a,d"
Shanghai,Mean_Age_Score,42.10912951,-0.1900713146,"a,d"
Shanghai,Mean_Age_Score,46.18712988,-0.003712483682,"a,d"
Shanghai,Mean_Age_Score,42.46807553,0.04878941551,"a,d"
Shanghai,Mean_Age_Score,40.29057551,-0.6746410728,"a,d"
Shanghai,Mean_Age_Score,47.32207937,0.4068329334,"a,d"
Shanghai,Mean_Age_Score,42.10918719,-0.001464630594,"a,d"
Shanghai,Mean_Age_Score,46.42674257,0.3565242887,"a,d"
Wuhan,Mean_Age_Score,40.84474031,-0.02023840882,"a,d"
Shanghai,Mean_Age_Score,42.10919596,-0.06362274289,"a,d"
Shanghai,Mean_Age_Score,38.1375499,-0.4266741276,"a,d"
Shanghai,Mean_Age_Score,40.61186298,-0.08195500821,"a,d"
Shanghai,Mean_Age_Score,42.46807813,-0.0224875547,"a,d"
Beijing,Mean_Age_Score,39.94321462,-0.5009250641,"a,d"
Guangzhou,Mean_Age_Score,37.18788144,-0.4551152289,"a,d"
Beijing,Mean_Age_Score,41.53933536,-0.03063573502,"a,d"
Shanghai,Mean_Age_Score,40.61183972,-0.4722360969,"a,d"
Beijing,Mean_Age_Score,41.53933497,0.01308657043,"a,d"
Wuhan,Mean_Age_Score,43.01503802,0.2900077403,"a,d"
Wuhan,Mean_Age_Score,39.83718113,-0.5513213873,"a,d"
Shanghai,Mean_Age_Score,42.1091782,-0.0889217481,"a,d"
Shanghai,Mean_Age_Score,40.29059338,-0.556615293,"a,d"
Shanghai,Mean_Age_Score,38.13753415,-0.5579203367,"a,d"
Shanghai,Mean_Age_Score,42.46807156,0.06106110662,"a,d"
Shanghai,Mean_Age_Score,39.76474483,-0.6058970094,"a,d"
Wuhan,Mean_Age_Score,35.70672184,-0.6866491437,"a,d"
Guangzhou,Mean_Age_Score,36.19434934,-0.4688964784,"a,d"
Shanghai,Mean_Age_Score,38.1375259,-0.5213984251,"a,d"
Wuhan,Mean_Age_Score,35.70671397,-1.044118881,"a,d"
Beijing,Mean_Age_Score,45.55182288,0.2485907972,"a,d"
Guangzhou,Mean_Age_Score,43.17688511,0.8115609288,"a,d"
Shanghai,Mean_Age_Score,42.10919137,0.03345968947,"a,d"
Shanghai,Mean_Age_Score,42.10918876,0.02736798674,"a,d"
Wuhan,Mean_Age_Score,36.50632699,-0.3722016811,"a,d"
Beijing,Mean_Age_Score,38.95799971,-0.1818009764,"a,d"
Beijing,Mean_Age_Score,41.53932143,-0.1176250726,"a,d"
Beijing,Mean_Age_Score,39.94321434,-0.8018075824,"a,d"
Beijing,Mean_Age_Score,41.3162536,0.6073689461,"a,d"
Guangzhou,Mean_Age_Score,35.85462166,-0.8184510469,"a,d"
Shanghai,Mean_Age_Score,46.33151589,0.3531875014,"a,d"
Shanghai,Mean_Age_Score,46.42674175,0.2855798304,"a,d"
Shanghai,Mean_Age_Score,42.10917486,-0.2087407708,"a,d"
Shanghai,Mean_Age_Score,40.29059373,-0.6016548276,"a,d"
Shanghai,Mean_Age_Score,42.10918426,-0.03646192327,"a,d"
Shanghai,Mean_Age_Score,40.61185653,-0.1998701841,"a,d"
Beijing,Mean_Age_Score,44.70028279,0.1726973802,"a,d"
Beijing,Mean_Age_Score,39.07338264,-0.8927127123,"a,d"
Shanghai,Mean_Age_Score,40.29057307,-0.6218678355,"a,d"
Shanghai,Mean_Age_Score,38.13754558,-0.5072966218,"a,d"
Shanghai,Mean_Age_Score,47.32208431,0.5185543299,"a,d"
Guangzhou,Mean_Age_Score,37.01770239,-0.4045592546,"a,d"
Shanghai,Mean_Age_Score,40.61185134,-0.1400030255,"a,d"
Beijing,Mean_Age_Score,41.39546449,0.03080996312,"a,d"
Shanghai,Mean_Age_Score,38.13753071,-0.865557611,"a,d"
Guangzhou,Mean_Age_Score,36.19442022,-0.363298893,"a,d"
Shanghai,Mean_Age_Score,47.32208626,0.4751008153,"a,d"
Shanghai,Mean_Age_Score,39.76473103,-0.481492281,"a,d"
Guangzhou,Mean_Age_Score,37.01765286,-0.6507591605,"a,d"
Shanghai,Mean_Age_Score,42.46807495,0.01640499011,"a,d"
Shanghai,Mean_Age_Score,43.94872764,0.1492093205,"a,d"
Guangzhou,Mean_Age_Score,37.1879551,-0.7679424286,"a,d"
Wuhan,Mean_Age_Score,40.42732605,-0.7257106304,"a,d"
Shanghai,Mean_Age_Score,40.29059331,-0.7205649614,"a,d"
Shanghai,Mean_Age_Score,40.61183027,-0.4253950417,"a,d"
Shanghai,Mean_Age_Score,42.4680692,-0.03777924925,"a,d"
Shanghai,Mean_Age_Score,40.29056456,-0.6685471535,"a,d"
Shanghai,Mean_Age_Score,40.6118637,-0.05733596534,"a,d"
Guangzhou,Mean_Age_Score,36.41511942,-0.515399754,"a,d"
Beijing,Mean_Age_Score,38.95800151,-0.7466244698,"a,d"
Shanghai,Mean_Age_Score,40.61186792,0.3572250605,"a,d"
Shanghai,Mean_Age_Score,46.84756835,0.318169266,"a,d"
Beijing,Mean_Age_Score,38.95799653,-0.8806014657,"a,d"
Wuhan,Mean_Age_Score,43.0150366,0.3682082891,"a,d"
Shanghai,Mean_Age_Score,40.29056892,-0.5801728368,"a,d"
Guangzhou,Mean_Age_Score,37.01765949,-0.5993878245,"a,d"
Shanghai,Mean_Age_Score,45.87431439,0.2473029345,"a,d"
Shanghai,Mean_Age_Score,42.46807708,-0.008901192807,"a,d"
Guangzhou,Mean_Age_Score,36.19440403,-0.4031047225,"a,d"
Shanghai,Mean_Age_Score,42.109182,-0.1122635007,"a,d"
Wuhan,Mean_Age_Score,43.01504164,0.2053947747,"a,d"
Wuhan,Mean_Age_Score,43.01503857,0.3272514641,"a,d"
Shanghai,Mean_Age_Score,42.10919337,0.1095883325,"a,d"
Shanghai,Mean_Age_Score,40.61186665,0.3692905903,"a,d"
Shanghai,Mean_Age_Score,46.18715107,0.3399698138,"a,d"
Shanghai,Mean_Age_Score,42.46807181,0.1108697727,"a,d"
Shanghai,Mean_Age_Score,40.61185377,-0.1932462454,"a,d"
Shanghai,Mean_Age_Score,42.46807389,0.009370020591,"a,d"
Shanghai,Mean_Age_Score,42.4680701,0.2183743566,"a,d"
Shanghai,Mean_Age_Score,46.33151351,0.4363803566,"a,d"
Shanghai,Mean_Age_Score,42.10919304,0.08129402995,"a,d"
Shanghai,Mean_Age_Score,46.59107175,0.3120344281,"a,d"
Beijing,Mean_Age_Score,42.25743693,-0.03145584837,"a,d"
Shanghai,Mean_Age_Score,39.76476923,-0.8464109898,"a,d"
Guangzhou,Mean_Age_Score,36.19443865,-0.6671931148,"a,d"
Shanghai,Mean_Age_Score,39.76473797,-0.5920520425,"a,d"
Shanghai,Mean_Age_Score,38.13753033,-0.6218475699,"a,d"
Shanghai,Mean_Age_Score,40.61186477,0.1155350581,"a,d"
Guangzhou,Mean_Age_Score,36.19442431,-0.9045984745,"a,d"
Beijing,Mean_Age_Score,41.31619954,0.04864900559,"a,d"
Beijing,Mean_Age_Score,41.39538278,-0.159292832,"a,d"
Beijing,Mean_Age_Score,39.94322029,-0.7458434701,"a,d"
Shanghai,Mean_Age_Score,42.10919156,0.1173967868,"a,d"
Shanghai,Mean_Age_Score,40.61184498,-0.292807281,"a,d"
Guangzhou,Mean_Age_Score,41.21844472,0.1729275733,"a,d"
Shanghai,Mean_Age_Score,45.87431661,0.3959945142,"a,d"
Shanghai,Mean_Age_Score,40.6118679,0.3320860267,"a,d"
Wuhan,Mean_Age_Score,42.14826664,-0.09947784245,"a,d"
Shanghai,Mean_Age_Score,40.29059109,-1.035081387,"a,d"
Beijing,Mean_Age_Score,41.53933596,-0.01483779401,"a,d"
Guangzhou,Mean_Age_Score,42.95037799,0.448153615,"a,d"
Guangzhou,Mean_Age_Score,37.01770894,-0.6046769619,"a,d"
Beijing,Mean_Age_Score,41.53933923,0.2115694582,"a,d"
Shanghai,Mean_Age_Score,40.6118435,-0.2260198295,"a,d"
Guangzhou,Mean_Age_Score,36.19443538,-0.6208803654,"a,d"
Shanghai,Mean_Age_Score,40.29057676,-0.6165344715,"a,d"
Guangzhou,Mean_Age_Score,37.01770765,-0.8629088998,"a,d"
Shanghai,Mean_Age_Score,38.1375326,-0.6829300523,"a,d"
Shanghai,Mean_Age_Score,40.29059639,-0.7062320113,"a,d"
Shanghai,Mean_Age_Score,43.94873051,0.2791306376,"a,d"
Shanghai,Mean_Age_Score,39.76472042,-0.3568879068,"a,d"
Beijing,Mean_Age_Score,41.39541054,-0.131695956,"a,d"
Shanghai,Mean_Age_Score,46.33151175,0.2891055048,"a,d"
Wuhan,Mean_Age_Score,43.01503872,0.4436340928,"a,d"
Guangzhou,Mean_Age_Score,35.85460482,-0.8004572392,"a,d"
Shanghai,Mean_Age_Score,46.59108593,0.2444164306,"a,d"
Shanghai,Mean_Age_Score,40.61186568,0.2603004575,"a,d"
Shanghai,Mean_Age_Score,40.61186446,0.2147949785,"a,d"
Shanghai,Mean_Age_Score,45.87431695,0.3815416396,"a,d"
Wuhan,Mean_Age_Score,35.70672034,-1.161175609,"a,d"
Wuhan,Mean_Age_Score,42.40066735,0.1656200141,"a,d"
Shanghai,Mean_Age_Score,38.13753281,-0.6792142987,"a,d"
Shanghai,Mean_Age_Score,42.1091035,-0.1867920905,"a,d"
Guangzhou,Mean_Age_Score,37.18793163,-0.4493966103,"a,d"
Shanghai,Mean_Age_Score,42.10919545,-0.008943673223,"a,d"
Guangzhou,Mean_Age_Score,37.18783082,-0.5580842495,"a,d"
Shanghai,Mean_Age_Score,38.13754831,-0.4699373245,"a,d"
Shanghai,Mean_Age_Score,42.10917932,-0.04119177908,"a,d"
Shanghai,Mean_Age_Score,39.76474691,-0.6536852121,"a,d"
Guangzhou,Mean_Age_Score,37.01767792,-0.6774043441,"a,d"
Shanghai,Mean_Age_Score,38.13754242,-0.3508756161,"a,d"
Shanghai,Mean_Age_Score,42.10919584,0.05182853714,"a,d"
Shanghai,Mean_Age_Score,40.61186753,0.3590560257,"a,d"
Shanghai,Mean_Age_Score,46.84756985,0.4473289549,"a,d"
Guangzhou,Mean_Age_Score,37.1879615,-0.8985576034,"a,d"
Wuhan,Mean_Age_Score,42.40066873,0.09677440673,"a,d"
Beijing,Mean_Age_Score,42.25742986,-0.02815445513,"a,d"
Shanghai,Mean_Age_Score,45.87431103,0.1695724428,"a,d"
Shanghai,Mean_Age_Score,38.13753204,-0.6076435447,"a,d"
Shanghai,Mean_Age_Score,42.4680578,0.08437206596,"a,d"
Wuhan,Mean_Age_Score,36.50645007,-0.4342122078,"a,d"
Beijing,Mean_Age_Score,38.95793276,-0.3048223555,"a,d"
Beijing,Mean_Age_Score,38.9579986,-0.7053823471,"a,d"
Shanghai,Mean_Age_Score,42.10918998,-0.03284192085,"a,d"
Shanghai,Mean_Age_Score,46.84757037,0.4094350338,"a,d"
Shanghai,Mean_Age_Score,42.10919152,-0.1010496095,"a,d"
Beijing,Mean_Age_Score,39.07338349,-0.6609659791,"a,d"
Beijing,Mean_Age_Score,41.39545724,0.006423735991,"a,d"
Shanghai,Mean_Age_Score,40.61186789,0.2706866562,"a,d"
Guangzhou,Mean_Age_Score,36.19440301,-0.4717019498,"a,d"
Guangzhou,Mean_Age_Score,35.85462261,0.01652340405,"a,d"
Shanghai,Mean_Age_Score,38.13752887,-0.6221004128,"a,d"
Guangzhou,Mean_Age_Score,36.19444532,-0.6057121754,"a,d"
Wuhan,Mean_Age_Score,41.93642941,-0.1829699725,"a,d"
Shanghai,Mean_Age_Score,42.1091812,-0.003384101205,"a,d"
Shanghai,Mean_Age_Score,42.46807053,0.0103424415,"a,d"
Shanghai,Mean_Age_Score,39.76473853,-0.7081418037,"a,d"
Shanghai,Mean_Age_Score,40.61185654,-0.3423161507,"a,d"
Shanghai,Mean_Age_Score,39.76476221,-0.7012595534,"a,d"
Shanghai,Mean_Age_Score,42.4680754,-0.01266950369,"a,d"
Shanghai,Mean_Age_Score,43.94872456,0.09447681159,"a,d"
Wuhan,Mean_Age_Score,36.50653457,-0.7201713324,"a,d"
Beijing,Mean_Age_Score,39.94321627,-1.019433379,"a,d"
Shanghai,Mean_Age_Score,42.10918508,0.04923851416,"a,d"
Wuhan,Mean_Age_Score,43.01504645,0.3611815274,"a,d"
Shanghai,Mean_Age_Score,46.84757057,0.3923836052,"a,d"
Shanghai,Mean_Age_Score,40.61186859,0.3010763228,"a,d"
Wuhan,Mean_Age_Score,44.86032264,0.1729931682,"a,d"
Wuhan,Mean_Age_Score,40.84493413,0.01517308597,"a,d"
Wuhan,Mean_Age_Score,42.14825707,0.01476659626,"a,d"
Shanghai,Mean_Age_Score,42.46807489,-0.01095485501,"a,d"
Shanghai,Mean_Age_Score,39.76475324,-0.7580898404,"a,d"
Guangzhou,Mean_Age_Score,37.01768424,-0.6825565696,"a,d"
Shanghai,Mean_Age_Score,40.29058978,-0.7740271688,"a,d"
Shanghai,Mean_Age_Score,40.61186195,-0.1012799665,"a,d"
Shanghai,Mean_Age_Score,40.29059661,-0.7306866646,"a,d"
Shanghai,Mean_Age_Score,42.10918247,-0.1631029695,"a,d"
Guangzhou,Mean_Age_Score,36.19439717,-0.06855522841,"a,d"
Shanghai,Mean_Age_Score,42.10918276,0.0002657948062,"a,d"
Wuhan,Mean_Age_Score,41.93639703,-0.1087987199,"a,d"
Beijing,Mean_Age_Score,41.53932726,-0.2253850549,"a,d"
Shanghai,Mean_Age_Score,42.10918726,-0.005795236211,"a,d"
Beijing,Mean_Age_Score,42.25743978,0.05677434057,"a,d"
Guangzhou,Mean_Age_Score,36.19442444,-0.1909828633,"a,d"
Wuhan,Mean_Age_Score,42.8878662,0.1219662726,"a,d"
Shanghai,Mean_Age_Score,46.8475684,0.1541784257,"a,d"
Shanghai,Mean_Age_Score,38.13753665,-0.6683074832,"a,d"
Wuhan,Mean_Age_Score,42.14827705,0.005211245269,"a,d"
Beijing,Mean_Age_Score,42.80442862,-0.05248534307,"a,d"
Shanghai,Mean_Age_Score,40.61186419,0.3654693365,"a,d"
Shanghai,Mean_Age_Score,39.76476032,0.09212829173,"a,d"
Beijing,Mean_Age_Score,38.95796004,-0.3547037542,"a,d"
Beijing,Mean_Age_Score,41.39546287,-0.06100085378,"a,d"
Shanghai,Mean_Age_Score,39.76475013,-0.5074623227,"a,d"
Beijing,Mean_Age_Score,42.25742437,0.07491710782,"a,d"
Shanghai,Mean_Age_Score,46.84756577,0.4927262366,"a,d"
Wuhan,Mean_Age_Score,43.01504153,0.4215427935,"a,d"
Beijing,Mean_Age_Score,41.39543704,-0.1166647226,"a,d"
Beijing,Mean_Age_Score,41.53933475,-0.003802769817,"a,d"
Shanghai,Mean_Age_Score,42.10918511,-0.04803591967,"a,d"
Guangzhou,Mean_Age_Score,41.21845741,0.3439531624,"a,d"
Wuhan,Mean_Age_Score,35.70672294,-0.8160007,"a,d"
Shanghai,Mean_Age_Score,39.7647493,-0.4841811955,"a,d"
Shanghai,Mean_Age_Score,42.46807612,0.08062060177,"a,d"
Shanghai,Mean_Age_Score,42.4680781,-0.03634521738,"a,d"
Beijing,Mean_Age_Score,42.80443343,-0.02117701061,"a,d"
Beijing,Mean_Age_Score,45.3282421,0.2214647233,"a,d"
Guangzhou,Mean_Age_Score,36.42617445,-0.6895576119,"a,d"
Beijing,Mean_Age_Score,42.2574131,0.1713465899,"a,d"
Shanghai,Mean_Age_Score,40.61186836,0.2698480487,"a,d"
Guangzhou,Mean_Age_Score,37.18791577,-0.2750107646,"a,d"
Wuhan,Mean_Age_Score,42.14825735,0.01081916317,"a,d"
Shanghai,Mean_Age_Score,40.61185142,-0.2243580371,"a,d"
Shanghai,Mean_Age_Score,38.13754347,-0.5170118809,"a,d"
Shanghai,Mean_Age_Score,46.33151548,0.3984306753,"a,d"
Shanghai,Mean_Age_Score,47.32208557,0.2250853926,"a,d"
Guangzhou,Mean_Age_Score,37.0176537,-0.6354601979,"a,d"
Wuhan,Mean_Age_Score,41.96428818,-0.1608686149,"a,d"
Beijing,Mean_Age_Score,39.07338436,-0.9027479887,"a,d"
Shanghai,Mean_Age_Score,46.18715152,0.1967194676,"a,d"
Wuhan,Mean_Age_Score,41.93644717,-0.3032356501,"a,d"
Shanghai,Mean_Age_Score,40.29059059,-0.697296977,"a,d"
Beijing,Mean_Age_Score,42.25743716,0.01445794851,"a,d"
Shanghai,Mean_Age_Score,40.29059292,-0.663808465,"a,d"
Shanghai,Mean_Age_Score,42.10918873,-0.002216435038,"a,d"
Guangzhou,Mean_Age_Score,37.18791316,-0.5232027173,"a,d"
Shanghai,Mean_Age_Score,42.10918607,0.05179963261,"a,d"
Wuhan,Mean_Age_Score,43.01503778,0.336414963,"a,d"
Wuhan,Mean_Age_Score,36.506542,-0.5255804658,"a,d"
Beijing,Mean_Age_Score,42.36093636,-0.02471954189,"a,d"
Beijing,Mean_Age_Score,39.94321982,-0.6355237365,"a,d"
Shanghai,Mean_Age_Score,42.10919474,0.03796989471,"a,d"
Beijing,Mean_Age_Score,41.39538481,-0.208949998,"a,d"
Shanghai,Mean_Age_Score,47.32208327,0.3821402788,"a,d"
Guangzhou,Mean_Age_Score,36.19437935,-0.4704574943,"a,d"
Shanghai,Mean_Age_Score,42.46807238,0.02924650162,"a,d"
Guangzhou,Mean_Age_Score,36.54015813,-0.578071177,"a,d"
Shanghai,Mean_Age_Score,38.13754588,-0.8147887588,"a,d"
Beijing,Mean_Age_Score,44.84838013,0.1183378994,"a,d"
Guangzhou,Mean_Age_Score,36.54016091,-0.7881563306,"a,d"
Wuhan,Mean_Age_Score,44.86031482,0.2361973077,"a,d"
Beijing,Mean_Age_Score,41.53933494,0.01421168633,"a,d"
Wuhan,Mean_Age_Score,42.1482775,0.1004411429,"a,d"
Beijing,Mean_Age_Score,39.9432155,-0.6705932617,"a,d"
Shanghai,Mean_Age_Score,38.13754502,-0.4843809605,"a,d"
Guangzhou,Mean_Age_Score,41.21845992,0.03473590314,"a,d"
Shanghai,Mean_Age_Score,38.13754579,-0.8610373139,"a,d"
Shanghai,Mean_Age_Score,38.13751522,-0.5550963879,"a,d"
Shanghai,Mean_Age_Score,42.1091915,0.004564043134,"a,d"
Wuhan,Mean_Age_Score,35.70671991,-0.780626297,"a,d"
Beijing,Mean_Age_Score,45.32824165,0.2498006076,"a,d"
Shanghai,Mean_Age_Score,38.13754648,-0.774867177,"a,d"
Shanghai,Mean_Age_Score,38.13754546,-0.3931298256,"a,d"
Beijing,Mean_Age_Score,44.55286713,0.2035352886,"a,d"
Shanghai,Mean_Age_Score,38.13754947,-0.795955658,"a,d"
Wuhan,Mean_Age_Score,41.19147181,0.3317391574,"a,d"
Shanghai,Mean_Age_Score,42.10918464,-0.03167300299,"a,d"
Shanghai,Mean_Age_Score,46.33150988,0.0950839892,"a,d"
Wuhan,Mean_Age_Score,42.14826663,-0.01635053009,"a,d"
Wuhan,Mean_Age_Score,43.01504621,0.4377047122,"a,d"
Beijing,Mean_Age_Score,41.53931937,-0.1454773247,"a,d"
Shanghai,Mean_Age_Score,42.46806817,0.02421344072,"a,d"
Shanghai,Mean_Age_Score,42.46807585,0.03355692327,"a,d"
Shanghai,Mean_Age_Score,46.8475668,0.3373616636,"a,d"
Shanghai,Mean_Age_Score,39.76476318,-0.6964174509,"a,d"
Wuhan,Mean_Age_Score,43.0150422,0.3143324256,"a,d"
Guangzhou,Mean_Age_Score,37.18793168,-0.7192113996,"a,d"
Shanghai,Mean_Age_Score,42.46807545,0.0666359514,"a,d"
Shanghai,Mean_Age_Score,40.61186984,0.1991833746,"a,d"
Beijing,Mean_Age_Score,39.94321918,-0.8829001784,"a,d"
Wuhan,Mean_Age_Score,44.8602511,0.1245548129,"a,d"
Wuhan,Mean_Age_Score,43.01504335,0.4430314004,"a,d"
Beijing,Mean_Age_Score,43.44371154,0.2732924223,"a,d"
Guangzhou,Mean_Age_Score,36.19433255,-0.3691831827,"a,d"
Shanghai,Mean_Age_Score,46.18714481,0.3894203305,"a,d"
Guangzhou,Mean_Age_Score,36.19440511,-0.5617100596,"a,d"
Shanghai,Mean_Age_Score,39.76477057,-0.7346264124,"a,d"
Shanghai,Mean_Age_Score,39.76476659,-0.8048839569,"a,d"
Shanghai,Mean_Age_Score,45.87431428,0.2686572373,"a,d"
Beijing,Mean_Age_Score,39.94322099,-0.7749304175,"a,d"
Wuhan,Mean_Age_Score,39.83719251,-0.5728996992,"a,d"
Shanghai,Mean_Age_Score,42.10919427,0.09208315611,"a,d"
Wuhan,Mean_Age_Score,44.86032815,0.3191927671,"a,d"
Shanghai,Mean_Age_Score,46.1871362,0.1901670098,"a,d"
Wuhan,Mean_Age_Score,36.50653251,-0.3484793007,"a,d"
Shanghai,Mean_Age_Score,42.10918088,-0.06256377697,"a,d"
Beijing,Mean_Age_Score,45.32823939,0.2396115214,"a,d"
Shanghai,Mean_Age_Score,40.61186396,-0.03473185003,"a,d"
Wuhan,Mean_Age_Score,42.88787861,0.09006030858,"a,d"
Shanghai,Mean_Age_Score,42.10919497,-0.003348620608,"a,d"
Wuhan,Mean_Age_Score,43.01504352,0.5158768892,"a,d"
Beijing,Mean_Age_Score,41.53933916,0.1014064923,"a,d"
Beijing,Mean_Age_Score,42.76338918,0.02568364888,"a,d"
Shanghai,Mean_Age_Score,39.76454747,-0.5256262422,"a,d"
Shanghai,Mean_Age_Score,39.76476578,-0.8734340072,"a,d"
Guangzhou,Mean_Age_Score,37.18791974,-0.6159566641,"a,d"
Beijing,Mean_Age_Score,39.07336666,-0.5586724281,"a,d"
Shanghai,Mean_Age_Score,40.2905656,-0.9613297582,"a,d"
Wuhan,Mean_Age_Score,44.86032829,0.3802679777,"a,d"
Shanghai,Mean_Age_Score,46.84756361,0.4001268148,"a,d"
Shanghai,Mean_Age_Score,42.10918649,-0.06608586013,"a,d"
Shanghai,Mean_Age_Score,40.29059138,-0.5413065553,"a,d"
Shanghai,Mean_Age_Score,46.59106619,0.3959952593,"a,d"
Shanghai,Mean_Age_Score,42.46807141,0.2201360166,"a,d"
Shanghai,Mean_Age_Score,42.10919368,-0.01024066005,"a,d"
Shanghai,Mean_Age_Score,40.61186281,-0.04150731117,"a,d"
Wuhan,Mean_Age_Score,36.50643704,-0.4169226587,"a,d"
Wuhan,Mean_Age_Score,40.84496244,0.1529759765,"a,d"
Shanghai,Mean_Age_Score,42.10918021,-0.1159587279,"a,d"
Shanghai,Mean_Age_Score,45.87431546,0.5416868925,"a,d"
Shanghai,Mean_Age_Score,42.46807625,-0.003456069622,"a,d"
Shanghai,Mean_Age_Score,46.59108569,0.4395240247,"a,d"
Beijing,Mean_Age_Score,38.95799767,-0.4680868387,"a,d"
Shanghai,Mean_Age_Score,42.10919139,-0.1163288206,"a,d"
Beijing,Mean_Age_Score,44.84837262,0.1467632353,"a,d"
Shanghai,Mean_Age_Score,42.10918851,0.008892705664,"a,d"
Shanghai,Mean_Age_Score,40.61186332,-0.07177979499,"a,d"
Shanghai,Mean_Age_Score,38.13754799,-0.373655051,"a,d"
Wuhan,Mean_Age_Score,35.70672101,-0.6193463802,"a,d"
Shanghai,Mean_Age_Score,40.61186668,0.2658358216,"a,d"
Shanghai,Mean_Age_Score,40.61186481,0.3602838516,"a,d"
Shanghai,Mean_Age_Score,42.10918952,-0.139509216,"a,d"
Shanghai,Mean_Age_Score,46.18715171,0.4217993021,"a,d"
Shanghai,Mean_Age_Score,39.7647623,-0.5863802433,"a,d"
Wuhan,Mean_Age_Score,41.19147417,0.1107609272,"a,d"
Shanghai,Mean_Age_Score,39.76474839,-0.308539331,"a,d"
Shanghai,Mean_Age_Score,42.46806315,0.1390075535,"a,d"
Shanghai,Mean_Age_Score,42.4680774,0.07923935354,"a,d"
Wuhan,Mean_Age_Score,43.01503915,0.2330404669,"a,d"
Shanghai,Mean_Age_Score,42.46807695,0.04085207358,"a,d"
Beijing,Mean_Age_Score,38.95799858,-0.8601713181,"a,d"
Wuhan,Mean_Age_Score,43.01504625,0.5450724363,"a,d"
Shanghai,Mean_Age_Score,40.29059112,-0.7253169417,"a,d"
Shanghai,Mean_Age_Score,40.29058707,-0.491620034,"a,d"
Shanghai,Mean_Age_Score,42.10919436,0.1104972735,"a,d"
Wuhan,Mean_Age_Score,43.01504326,0.3642289937,"a,d"
Shanghai,Mean_Age_Score,45.87431642,0.3927151561,"a,d"
Beijing,Mean_Age_Score,41.39546205,-0.01872344688,"a,d"
Wuhan,Mean_Age_Score,42.14827507,0.1431707889,"a,d"
Guangzhou,Mean_Age_Score,37.01768925,-0.9662747979,"a,d"
Beijing,Mean_Age_Score,39.94321603,-0.9534575343,"a,d"
Shanghai,Mean_Age_Score,38.1374977,-0.5960182548,"a,d"
Shanghai,Mean_Age_Score,46.18714962,0.3819004893,"a,d"
Guangzhou,Mean_Age_Score,36.1944466,-0.7482140064,"a,d"
Wuhan,Mean_Age_Score,42.40066741,0.09070929885,"a,d"
Wuhan,Mean_Age_Score,39.83715178,-0.5858260393,"a,d"
Shanghai,Mean_Age_Score,38.13755024,-0.1583179682,"a,d"
Beijing,Mean_Age_Score,38.95796052,-0.5827035308,"a,d"
Shanghai,Mean_Age_Score,40.61186394,-0.1717460603,"a,d"
Wuhan,Mean_Age_Score,39.83718482,-0.6536566019,"a,d"
Shanghai,Mean_Age_Score,38.1375127,-0.5434967279,"a,d"
Wuhan,Mean_Age_Score,42.14824911,-0.00948548317,"a,d"
Shanghai,Mean_Age_Score,42.1091932,-0.003717562184,"a,d"
Shanghai,Mean_Age_Score,38.13750864,-0.6511431932,"a,d"
Beijing,Mean_Age_Score,38.95800056,-0.7139216065,"a,d"
Shanghai,Mean_Age_Score,46.59107322,0.425178498,"a,d"
Shanghai,Mean_Age_Score,38.13754856,-0.7313849926,"a,d"
Shanghai,Mean_Age_Score,38.13749977,-0.339894563,"a,d"
Shanghai,Mean_Age_Score,42.46805376,0.5503501296,"a,d"
Wuhan,Mean_Age_Score,39.83713303,-0.5544661283,"a,d"
Shanghai,Mean_Age_Score,38.13754079,-0.5627598166,"a,d"
Beijing,Mean_Age_Score,41.53933671,-0.1787583679,"a,d"
Shanghai,Mean_Age_Score,40.29059141,-0.515563786,"a,d"
Wuhan,Mean_Age_Score,35.70672219,-0.8523988128,"a,d"
Shanghai,Mean_Age_Score,46.18714161,0.1914420277,"a,d"
Shanghai,Mean_Age_Score,40.29058389,-0.6992934346,"a,d"
Guangzhou,Mean_Age_Score,37.01769339,-0.7266620398,"a,d"
Wuhan,Mean_Age_Score,41.93623405,-0.1421115547,"a,d"
Wuhan,Mean_Age_Score,36.50645443,-0.2286962867,"a,d"
Shanghai,Mean_Age_Score,40.61185579,-0.3282254934,"a,d"
Wuhan,Mean_Age_Score,36.50648294,-0.4684191942,"a,d"
Guangzhou,Mean_Age_Score,41.21845947,0.3253835738,"a,d"
Guangzhou,Mean_Age_Score,35.85462357,-0.356815666,"a,d"
Wuhan,Mean_Age_Score,39.83719773,-0.8215010762,"a,d"
Beijing,Mean_Age_Score,38.95800088,-0.7370145321,"a,d"
Shanghai,Mean_Age_Score,40.61186726,0.4115178883,"a,d"
Shanghai,Mean_Age_Score,42.10918852,-0.05127660558,"a,d"
Shanghai,Mean_Age_Score,39.76476099,-0.7348565459,"a,d"
Shanghai,Mean_Age_Score,46.33151278,0.4091112912,"a,d"
Beijing,Mean_Age_Score,44.84838013,0.2124892175,"a,d"
Shanghai,Mean_Age_Score,42.10919249,-0.09221050143,"a,d"
Beijing,Mean_Age_Score,38.95792818,-0.6339356899,"a,d"
Beijing,Mean_Age_Score,44.7002817,0.1235349253,"a,d"
Shanghai,Mean_Age_Score,39.76475333,-0.602191031,"a,d"
Shanghai,Mean_Age_Score,40.29058661,-0.6071236134,"a,d"
Wuhan,Mean_Age_Score,35.70672103,-0.704108417,"a,d"
Beijing,Mean_Age_Score,39.07338293,-0.5375094414,"a,d"
Wuhan,Mean_Age_Score,36.50651643,-0.07970488071,"a,d"
Shanghai,Mean_Age_Score,40.61186766,0.1583627909,"a,d"
Beijing,Mean_Age_Score,44.7002727,0.1075823233,"a,d"
Guangzhou,Mean_Age_Score,37.18789654,-0.5169637203,"a,d"
Shanghai,Mean_Age_Score,40.61186045,-0.1355101466,"a,d"
Shanghai,Mean_Age_Score,42.4680774,-0.01922477037,"a,d"
Shanghai,Mean_Age_Score,46.18715068,0.3144685626,"a,d"
Wuhan,Mean_Age_Score,43.01504196,0.3364376426,"a,d"
Shanghai,Mean_Age_Score,39.76474671,-0.6329916716,"a,d"
Wuhan,Mean_Age_Score,39.83719529,-0.9657914639,"a,d"
Shanghai,Mean_Age_Score,46.1871499,0.4502906799,"a,d"
Wuhan,Mean_Age_Score,42.88786197,-0.08976380527,"a,d"
Guangzhou,Mean_Age_Score,35.85461414,-0.4439254105,"a,d"
Shanghai,Mean_Age_Score,40.61186581,0.3865724206,"a,d"
Shanghai,Mean_Age_Score,42.10919057,0.04639523476,"a,d"
Shanghai,Mean_Age_Score,38.13752126,-0.4694479108,"a,d"
Beijing,Mean_Age_Score,42.36087742,-0.1229662448,"a,d"
Wuhan,Mean_Age_Score,42.88787505,-0.05748677254,"a,d"
Shanghai,Mean_Age_Score,46.59108377,0.32232517,"a,d"
Shanghai,Mean_Age_Score,42.10917421,-0.08025196195,"a,d"
Shanghai,Mean_Age_Score,38.1375166,-0.559449017,"a,d"
Wuhan,Mean_Age_Score,36.50636655,-0.2236493528,"a,d"
Wuhan,Mean_Age_Score,44.86032923,0.4254489839,"a,d"
Shanghai,Mean_Age_Score,39.76472868,-0.6098398566,"a,d"
Shanghai,Mean_Age_Score,46.18714606,0.1430590004,"a,d"
Shanghai,Mean_Age_Score,42.46807883,0.00029853452,"a,d"
Wuhan,Mean_Age_Score,40.42732504,-0.7738392353,"a,d"
Shanghai,Mean_Age_Score,42.1091876,-0.006097330712,"a,d"
Wuhan,Mean_Age_Score,44.8603283,0.3173682094,"a,d"
Shanghai,Mean_Age_Score,42.10918853,-0.03709157556,"a,d"
Beijing,Mean_Age_Score,39.07338378,-0.6845098138,"a,d"
Beijing,Mean_Age_Score,42.80443348,-0.06073994562,"a,d"
Shanghai,Mean_Age_Score,40.61186189,-0.1853972524,"a,d"
Wuhan,Mean_Age_Score,43.01504112,0.4495018721,"a,d"
Beijing,Mean_Age_Score,41.53933781,-0.1352268606,"a,d"
Shanghai,Mean_Age_Score,40.61186266,0.003023272846,"a,d"
Shanghai,Mean_Age_Score,40.61186206,-0.07755190134,"a,d"
Shanghai,Mean_Age_Score,42.10919146,-0.03555277735,"a,d"
Guangzhou,Mean_Age_Score,43.17689077,0.2710561156,"a,d"
Wuhan,Mean_Age_Score,39.83720108,-0.7710892558,"a,d"
Shanghai,Mean_Age_Score,38.13752319,-0.62709409,"a,d"
Guangzhou,Mean_Age_Score,35.85462445,-0.5848730803,"a,d"
Wuhan,Mean_Age_Score,40.84495388,0.03037771583,"a,d"
Shanghai,Mean_Age_Score,38.13751121,-0.4264689386,"a,d"
Shanghai,Mean_Age_Score,40.29059278,-0.6805374026,"a,d"
Shanghai,Mean_Age_Score,47.32208321,0.4511339366,"a,d"
Guangzhou,Mean_Age_Score,36.19444644,-0.6991086602,"a,d"
Shanghai,Mean_Age_Score,42.10918943,-0.07752693444,"a,d"
Shanghai,Mean_Age_Score,42.10919111,0.1136001721,"a,d"
Shanghai,Mean_Age_Score,42.10918335,-0.07267414778,"a,d"
Guangzhou,Mean_Age_Score,37.18782112,-0.5132873654,"a,d"
Shanghai,Mean_Age_Score,42.46807142,0.0298732575,"a,d"
Guangzhou,Mean_Age_Score,37.01768725,-0.6528685093,"a,d"
Shanghai,Mean_Age_Score,42.10909307,-0.1954648495,"a,d"
Shanghai,Mean_Age_Score,46.18715248,0.09106466919,"a,d"
Guangzhou,Mean_Age_Score,42.95037095,0.1238137484,"a,d"
Wuhan,Mean_Age_Score,36.50626731,-0.1790339351,"a,d"
Beijing,Mean_Age_Score,41.95205598,-0.1648392975,"a,d"
Shanghai,Mean_Age_Score,38.13754971,-0.673835516,"a,d"
Shanghai,Mean_Age_Score,38.13754536,-0.6189932227,"a,d"
Shanghai,Mean_Age_Score,42.46807853,-0.01365630701,"a,d"
Shanghai,Mean_Age_Score,40.29059312,-0.6750266552,"a,d"
Wuhan,Mean_Age_Score,42.40066457,0.2170694172,"a,d"
Shanghai,Mean_Age_Score,47.32208539,0.5787846446,"a,d"
Shanghai,Mean_Age_Score,46.84756613,0.1877362728,"a,d"
Beijing,Mean_Age_Score,38.95800176,-0.6954305768,"a,d"
Shanghai,Mean_Age_Score,46.59108557,0.4198971987,"a,d"
Shanghai,Mean_Age_Score,38.13754159,-0.5903589725,"a,d"
Shanghai,Mean_Age_Score,40.61186554,0.2187809944,"a,d"
Shanghai,Mean_Age_Score,42.10913886,-0.1772090197,"a,d"
Beijing,Mean_Age_Score,39.07336876,-0.5305245519,"a,d"
Shanghai,Mean_Age_Score,42.46807853,0.1236438304,"a,d"
Shanghai,Mean_Age_Score,42.10919449,0.02589457482,"a,d"
Shanghai,Mean_Age_Score,42.10919538,-0.1458465755,"a,d"
Shanghai,Mean_Age_Score,45.87431085,0.2861654162,"a,d"
Beijing,Mean_Age_Score,44.8483836,0.1306869686,"a,d"
Shanghai,Mean_Age_Score,40.61186698,0.2353644818,"a,d"
Shanghai,Mean_Age_Score,40.57824729,-0.2210471034,"a,d"
Shanghai,Mean_Age_Score,42.10919489,0.08615831286,"a,d"
Wuhan,Mean_Age_Score,42.88787268,-0.07578814775,"a,d"
Wuhan,Mean_Age_Score,43.01504323,0.4176523089,"a,d"
Wuhan,Mean_Age_Score,43.01504506,0.3369152248,"a,d"
Wuhan,Mean_Age_Score,42.88787888,0.08264698088,"a,d"
Shanghai,Mean_Age_Score,40.61186634,0.2510357499,"a,d"
Shanghai,Mean_Age_Score,46.33151487,0.5017178655,"a,d"
Beijing,Mean_Age_Score,42.36093841,0.02404028177,"a,d"
Guangzhou,Mean_Age_Score,43.17689145,0.3256656229,"a,d"
Shanghai,Mean_Age_Score,46.18714154,0.3619459271,"a,d"
Shanghai,Mean_Age_Score,42.10918654,-0.03888045996,"a,d"
Shanghai,Mean_Age_Score,37.25977979,-0.5776544809,"a,d"
Wuhan,Mean_Age_Score,35.70671488,-0.6781980991,"a,d"
Beijing,Mean_Age_Score,41.53931554,-0.1693346649,"a,d"
Shanghai,Mean_Age_Score,38.13753162,-0.53358531,"a,d"
Shanghai,Mean_Age_Score,46.33150985,0.3554295897,"a,d"
Shanghai,Mean_Age_Score,40.61186716,0.2351423502,"a,d"
Shanghai,Mean_Age_Score,46.84756778,0.3599838316,"a,d"
Shanghai,Mean_Age_Score,46.33151019,0.3567164242,"a,d"
Shanghai,Mean_Age_Score,38.13753136,-0.6471962929,"a,d"
Shanghai,Mean_Age_Score,40.61185816,-0.1697727144,"a,d"
Beijing,Mean_Age_Score,39.94321976,-0.8447816968,"a,d"
Shanghai,Mean_Age_Score,42.10919323,0.004809237085,"a,d"
Wuhan,Mean_Age_Score,36.50648684,-0.269056648,"a,d"
Wuhan,Mean_Age_Score,41.96443302,-0.03020863794,"a,d"
Shanghai,Mean_Age_Score,40.61184155,-0.2410747707,"a,d"
Beijing,Mean_Age_Score,41.53933554,0.003283051308,"a,d"
Beijing,Mean_Age_Score,41.39544462,-0.1365827918,"a,d"
Beijing,Mean_Age_Score,41.53933776,-0.1288482249,"a,d"
Beijing,Mean_Age_Score,41.39544701,-0.1694314331,"a,d"
Shanghai,Mean_Age_Score,40.61186764,0.2287986577,"a,d"
Shanghai,Mean_Age_Score,40.29059179,-0.7977787852,"a,d"
Wuhan,Mean_Age_Score,39.83717719,-0.8559426665,"a,d"
Wuhan,Mean_Age_Score,41.93632298,-0.2377604991,"a,d"
Shanghai,Mean_Age_Score,40.61186615,0.5225244164,"a,d"
Guangzhou,Mean_Age_Score,36.19444312,-0.5019242764,"a,d"
Shanghai,Mean_Age_Score,38.13752702,-0.6469421387,"a,d"
Shanghai,Mean_Age_Score,47.32208516,0.4394249022,"a,d"
Shanghai,Mean_Age_Score,40.57822162,-0.3412812054,"a,d"
Shanghai,Mean_Age_Score,46.59107959,0.3928420842,"a,d"
Shanghai,Mean_Age_Score,42.46806965,0.08184043318,"a,d"
Shanghai,Mean_Age_Score,40.29059197,-0.6440204382,"a,d"
Beijing,Mean_Age_Score,39.94321851,-0.7143216133,"a,d"
Wuhan,Mean_Age_Score,42.14826681,-0.004769210238,"a,d"
Shanghai,Mean_Age_Score,38.13754088,-0.5960627794,"a,d"
Beijing,Mean_Age_Score,39.0733616,-0.5186930299,"a,d"
Shanghai,Mean_Age_Score,42.10919394,-0.2473442405,"a,d"
Guangzhou,Mean_Age_Score,37.07251308,-0.5629147887,"a,d"
Beijing,Mean_Age_Score,39.94321855,-0.7141900659,"a,d"
Shanghai,Mean_Age_Score,42.46807563,-0.001664984971,"a,d"
Wuhan,Mean_Age_Score,41.19147368,0.4856233299,"a,d"
Beijing,Mean_Age_Score,42.360929,0.01581858844,"a,d"
Wuhan,Mean_Age_Score,36.50639058,-0.4446092248,"a,d"
Beijing,Mean_Age_Score,42.80442594,-0.1775140166,"a,d"
Beijing,Mean_Age_Score,38.95793774,-0.3155752718,"a,d"
Shanghai,Mean_Age_Score,42.10917815,-0.03994267061,"a,d"
Shanghai,Mean_Age_Score,39.76476335,-0.668951869,"a,d"
Shanghai,Mean_Age_Score,40.61186382,-0.08150726557,"a,d"
Wuhan,Mean_Age_Score,36.5065077,-0.2136245966,"a,d"
Wuhan,Mean_Age_Score,35.70671902,-1.05171299,"a,d"
Shanghai,Mean_Age_Score,42.10919431,-0.002058042213,"a,d"
Beijing,Mean_Age_Score,42.25743704,0.1120557636,"a,d"
Guangzhou,Mean_Age_Score,37.01771226,-1.132871985,"a,d"
Shanghai,Mean_Age_Score,42.10915528,-0.1852795184,"a,d"
Shanghai,Mean_Age_Score,47.32208214,0.4892271757,"a,d"
Beijing,Mean_Age_Score,39.07336079,-0.5491889119,"a,d"
Shanghai,Mean_Age_Score,40.2905974,-0.6666398048,"a,d"
Shanghai,Mean_Age_Score,40.61182881,-0.4265882075,"a,d"
Shanghai,Mean_Age_Score,42.10919262,-0.1474561989,"a,d"
Wuhan,Mean_Age_Score,36.50653114,-0.407320708,"a,d"
Shanghai,Mean_Age_Score,39.76469102,-0.6166414618,"a,d"
Wuhan,Mean_Age_Score,39.83719278,-0.5762864947,"a,d"
Guangzhou,Mean_Age_Score,37.18792795,-0.527759552,"a,d"
Shanghai,Mean_Age_Score,47.32207739,0.2275377065,"a,d"
Shanghai,Mean_Age_Score,42.10919274,0.07049112022,"a,d"
Guangzhou,Mean_Age_Score,36.19444595,-1.023521066,"a,d"
Shanghai,Mean_Age_Score,42.10917563,-0.1735366583,"a,d"
Shanghai,Mean_Age_Score,42.1091947,0.05479691923,"a,d"
Shanghai,Mean_Age_Score,40.57825267,-0.4609698355,"a,d"
Shanghai,Mean_Age_Score,46.84756951,0.3317979276,"a,d"
Beijing,Mean_Age_Score,41.31625584,0.4826003015,"a,d"
Wuhan,Mean_Age_Score,35.86540987,-0.3380184174,"a,d"
Guangzhou,Mean_Age_Score,35.85462011,-0.3501499593,"a,d"
Shanghai,Mean_Age_Score,39.76477105,-0.7203595042,"a,d"
Shanghai,Mean_Age_Score,38.13754308,-0.4873119295,"a,d"
Shanghai,Mean_Age_Score,42.10919505,-0.09177793562,"a,d"
Shanghai,Mean_Age_Score,42.46807486,0.03885682672,"a,d"
Shanghai,Mean_Age_Score,40.29058956,-0.4322523773,"a,d"
Wuhan,Mean_Age_Score,41.93645293,-0.1064131558,"a,d"
Wuhan,Mean_Age_Score,42.14827454,0.01122507825,"a,d"
Beijing,Mean_Age_Score,41.53933758,0.01279333793,"a,d"
Wuhan,Mean_Age_Score,39.8371848,-0.5485014915,"a,d"
Shanghai,Mean_Age_Score,39.76476126,-0.327462256,"a,d"
Shanghai,Mean_Age_Score,39.76475935,-0.6058211923,"a,d"
Shanghai,Mean_Age_Score,39.76476903,-0.6837087274,"a,d"
Wuhan,Mean_Age_Score,42.14824854,-0.01858562604,"a,d"
Shanghai,Mean_Age_Score,42.10918985,-0.05005047843,"a,d"
Shanghai,Mean_Age_Score,46.18714848,0.2847344279,"a,d"
Shanghai,Mean_Age_Score,40.61185571,-0.4235723317,"a,d"
Shanghai,Mean_Age_Score,47.32208467,0.5168812275,"a,d"
Shanghai,Mean_Age_Score,38.13754298,-0.8220068812,"a,d"
Shanghai,Mean_Age_Score,40.61185301,-0.381491214,"a,d"
Wuhan,Mean_Age_Score,42.1482503,-0.04583568871,"a,d"
Wuhan,Mean_Age_Score,43.01503833,0.2869260013,"a,d"
Shanghai,Mean_Age_Score,45.87431543,0.3323175907,"a,d"
Shanghai,Mean_Age_Score,40.29057215,-0.7231579423,"a,d"
Wuhan,Mean_Age_Score,35.70672387,-0.5628354549,"a,d"
Shanghai,Mean_Age_Score,47.10675819,0.3861898184,"a,d"
Shanghai,Mean_Age_Score,39.7647249,-0.4847326279,"a,d"
Shanghai,Mean_Age_Score,47.32208575,0.508443296,"a,d"
Guangzhou,Mean_Age_Score,37.01771494,-0.2888985276,"a,d"
Guangzhou,Mean_Age_Score,36.54018079,-0.7145735621,"a,d"
Shanghai,Mean_Age_Score,40.29058535,-0.7123373747,"a,d"
Shanghai,Mean_Age_Score,38.13752575,-0.6213198304,"a,d"
Shanghai,Mean_Age_Score,42.1091956,-0.03812853619,"a,d"
Wuhan,Mean_Age_Score,43.0150325,0.3064063787,"a,d"
Shanghai,Mean_Age_Score,38.13754264,-0.8091672063,"a,d"
Shanghai,Mean_Age_Score,46.84756995,0.277875185,"a,d"
Shanghai,Mean_Age_Score,42.46807188,0.05094291642,"a,d"
Shanghai,Mean_Age_Score,46.59108436,0.2085026354,"a,d"
Shanghai,Mean_Age_Score,40.29055929,-0.6213650107,"a,d"
Shanghai,Mean_Age_Score,46.84757142,0.3180615902,"a,d"
Beijing,Mean_Age_Score,44.70027592,0.157248795,"a,d"
Shanghai,Mean_Age_Score,38.13753119,-0.3218720555,"a,d"
Beijing,Mean_Age_Score,41.5393338,-0.134745881,"a,d"
Shanghai,Mean_Age_Score,42.10919615,-0.1444258839,"a,d"
Shanghai,Mean_Age_Score,38.13753133,-0.5850618482,"a,d"
Shanghai,Mean_Age_Score,45.8743142,0.340978235,"a,d"
Beijing,Mean_Age_Score,41.95207636,-0.2011027336,"a,d"
Shanghai,Mean_Age_Score,42.46806371,0.5125137568,"a,d"
Shanghai,Mean_Age_Score,42.10918763,0.1074699759,"a,d"
Beijing,Mean_Age_Score,38.95789852,-0.5538976789,"a,d"
Shanghai,Mean_Age_Score,42.10919053,-0.006850363687,"a,d"
Guangzhou,Mean_Age_Score,37.01767009,-0.6009645462,"a,d"
Shanghai,Mean_Age_Score,42.1091918,-0.0778433606,"a,d"
Wuhan,Mean_Age_Score,39.83720193,-0.5982144475,"a,d"
Beijing,Mean_Age_Score,38.95799802,-0.7610839605,"a,d"
Shanghai,Mean_Age_Score,42.46807104,0.05822357908,"a,d"
Shanghai,Mean_Age_Score,40.61186576,0.2621941566,"a,d"
Shanghai,Mean_Age_Score,42.10919335,0.08590783924,"a,d"
Shanghai,Mean_Age_Score,42.10919203,-0.06001232564,"a,d"
Shanghai,Mean_Age_Score,38.13754287,-0.3245403767,"a,d"
Guangzhou,Mean_Age_Score,37.18794778,-0.445340991,"a,d"
Guangzhou,Mean_Age_Score,37.18793705,-0.4988626838,"a,d"
Beijing,Mean_Age_Score,45.55181822,0.1649709046,"a,d"
Beijing,Mean_Age_Score,43.44370915,0.2884580195,"a,d"
Shanghai,Mean_Age_Score,38.13752809,-0.4564934969,"a,d"
Shanghai,Mean_Age_Score,46.33151318,0.2690993845,"a,d"
Beijing,Mean_Age_Score,41.95203876,-0.161565125,"a,d"
Shanghai,Mean_Age_Score,40.61186608,0.3613398075,"a,d"
Guangzhou,Mean_Age_Score,37.01767838,-0.6531448364,"a,d"
Wuhan,Mean_Age_Score,44.86030557,0.3069442511,"a,d"
Shanghai,Mean_Age_Score,42.10918651,-0.02040738426,"a,d"
Shanghai,Mean_Age_Score,40.29059188,-0.8839141726,"a,d"
Shanghai,Mean_Age_Score,46.33149625,0.4400785565,"a,d"
Beijing,Mean_Age_Score,41.53933558,0.04191195592,"a,d"
Shanghai,Mean_Age_Score,38.13754958,-0.5574820638,"a,d"
Wuhan,Mean_Age_Score,41.19146372,0.2869086266,"a,d"
Shanghai,Mean_Age_Score,43.94872775,0.2235697061,"a,d"
Wuhan,Mean_Age_Score,40.84475641,-0.0575267598,"a,d"
Shanghai,Mean_Age_Score,46.42673913,0.3729496598,"a,d"
Shanghai,Mean_Age_Score,40.29056534,-0.5591678619,"a,d"
Shanghai,Mean_Age_Score,42.10919379,0.004886817653,"a,d"
Shanghai,Mean_Age_Score,40.29056524,-0.6628530025,"a,d"
Shanghai,Mean_Age_Score,46.18715085,0.2306752801,"a,d"
Shanghai,Mean_Age_Score,42.10919305,0.05275836587,"a,d"
Shanghai,Mean_Age_Score,40.61185193,-0.3847370744,"a,d"
Shanghai,Mean_Age_Score,42.46807335,0.0634310618,"a,d"
Shanghai,Mean_Age_Score,46.33151151,0.3246516883,"a,d"
Beijing,Mean_Age_Score,41.53931318,-0.1483120024,"a,d"
Shanghai,Mean_Age_Score,45.87430858,0.2433218509,"a,d"
Shanghai,Mean_Age_Score,39.76476782,-0.6253393888,"a,d"
Beijing,Mean_Age_Score,39.94321705,-0.9874586463,"a,d"
Guangzhou,Mean_Age_Score,37.01767525,-0.7180940509,"a,d"
Shanghai,Mean_Age_Score,38.13754778,-0.8726046681,"a,d"
Shanghai,Mean_Age_Score,42.10918083,-0.1575612575,"a,d"
Guangzhou,Mean_Age_Score,36.19442506,-0.1909828633,"a,d"
Shanghai,Mean_Age_Score,42.46805697,0.3559820354,"a,d"
Shanghai,Mean_Age_Score,40.61185796,-0.2873394191,"a,d"
Wuhan,Mean_Age_Score,42.14827179,0.005509836599,"a,d"
Shanghai,Mean_Age_Score,38.1375481,-0.6028488278,"a,d"
Shanghai,Mean_Age_Score,38.13753739,-0.3253167868,"a,d"
Guangzhou,Mean_Age_Score,41.21845774,0.3336714506,"a,d"
Shanghai,Mean_Age_Score,45.8743033,0.1079465076,"a,d"
Wuhan,Mean_Age_Score,41.9364426,-0.03985926881,"a,d"
Beijing,Mean_Age_Score,39.94321158,-0.6690954566,"a,d"
Shanghai,Mean_Age_Score,42.46806989,0.1742951423,"a,d"
Beijing,Mean_Age_Score,39.07334954,-0.5952315927,"a,d"
Shanghai,Mean_Age_Score,38.13753121,-0.5905317068,"a,d"
Beijing,Mean_Age_Score,41.31622623,0.1532064676,"a,d"
Shanghai,Mean_Age_Score,47.96921168,0.6213656068,"a,d"
Shanghai,Mean_Age_Score,38.13752951,-0.617444694,"a,d"
Beijing,Mean_Age_Score,39.94321787,0.05106369406,"a,d"
Shanghai,Mean_Age_Score,39.7647411,-0.3113684356,"a,d"
Guangzhou,Mean_Age_Score,36.19438731,-0.1773260683,"a,d"
Beijing,Mean_Age_Score,39.07337993,-0.5985357761,"a,d"
Shanghai,Mean_Age_Score,40.29058942,-0.7305852175,"a,d"
Guangzhou,Mean_Age_Score,42.95037657,-0.1047870517,"a,d"
Shanghai,Mean_Age_Score,42.10919399,0.03586179763,"a,d"
Shanghai,Mean_Age_Score,42.10918918,-0.04581750929,"a,d"
Guangzhou,Mean_Age_Score,37.01771059,-0.9360271096,"a,d"
Wuhan,Mean_Age_Score,35.70672318,-0.7617668509,"a,d"
Shanghai,Mean_Age_Score,38.13750942,-0.5881809592,"a,d"
Beijing,Mean_Age_Score,41.53933833,0.08321575075,"a,d"
Wuhan,Mean_Age_Score,42.40066862,0.1695458293,"a,d"
Shanghai,Mean_Age_Score,46.33150794,0.4425660372,"a,d"
Shanghai,Mean_Age_Score,39.76475366,-0.4101445675,"a,d"
Shanghai,Mean_Age_Score,39.76475881,-0.7152112126,"a,d"
Shanghai,Mean_Age_Score,42.10908928,-0.2011190355,"a,d"
Shanghai,Mean_Age_Score,38.13752931,-0.6706995964,"a,d"
Shanghai,Mean_Age_Score,47.96921216,0.4974019527,"a,d"
Wuhan,Mean_Age_Score,39.83717676,-0.8205475807,"a,d"
Shanghai,Mean_Age_Score,39.76455988,-0.3933953047,"a,d"
Shanghai,Mean_Age_Score,42.46807656,0.05594356731,"a,d"
Shanghai,Mean_Age_Score,38.13754223,-0.4763513207,"a,d"
Shanghai,Mean_Age_Score,46.84756814,0.2579914331,"a,d"
Shanghai,Mean_Age_Score,38.13753865,-0.6727628112,"a,d"
Shanghai,Mean_Age_Score,46.33151489,0.3151800334,"a,d"
Shanghai,Mean_Age_Score,40.29059163,-0.6367961168,"a,d"
Guangzhou,Mean_Age_Score,37.01762224,-0.6291603446,"a,d"
Shanghai,Mean_Age_Score,42.10919498,-0.08236732334,"a,d"
Beijing,Mean_Age_Score,41.39540152,-0.1618573368,"a,d"
Guangzhou,Mean_Age_Score,35.85460765,-0.3348202109,"a,d"
Shanghai,Mean_Age_Score,38.13753422,-0.5974457264,"a,d"
Wuhan,Mean_Age_Score,44.8603256,0.2456494719,"a,d"
Shanghai,Mean_Age_Score,42.10917568,-0.04933650792,"a,d"
Shanghai,Mean_Age_Score,40.61185799,-0.4214939773,"a,d"
Beijing,Mean_Age_Score,42.25743948,-0.0197753273,"a,d"
Beijing,Mean_Age_Score,39.07338317,-0.7235407233,"a,d"
Beijing,Mean_Age_Score,41.53933882,0.08645422012,"a,d"
Shanghai,Mean_Age_Score,46.59108586,0.4363448024,"a,d"
Guangzhou,Mean_Age_Score,36.19442923,-1.010712028,"a,d"
Wuhan,Mean_Age_Score,40.84493967,0.1149696037,"a,d"
Shanghai,Mean_Age_Score,46.8475709,0.1462758929,"a,d"
Beijing,Mean_Age_Score,44.84838333,0.1905625165,"a,d"
Shanghai,Mean_Age_Score,40.61186919,0.1846796572,"a,d"
Shanghai,Mean_Age_Score,42.46807443,0.04432231933,"a,d"
Wuhan,Mean_Age_Score,42.40066673,-0.006586332805,"a,d"
Shanghai,Mean_Age_Score,42.46806978,-0.1321907043,"a,d"
Shanghai,Mean_Age_Score,38.13755098,-0.5873212218,"a,d"
Guangzhou,Mean_Age_Score,37.18788448,-0.6304536462,"a,d"
Shanghai,Mean_Age_Score,42.10919217,0.06752775609,"a,d"
Beijing,Mean_Age_Score,41.53933814,-0.01943614334,"a,d"
Wuhan,Mean_Age_Score,42.88787583,0.04452352598,"a,d"
Beijing,Mean_Age_Score,41.39544214,0.007638460957,"a,d"
Beijing,Mean_Age_Score,44.70027471,0.1367716044,"a,d"
Shanghai,Mean_Age_Score,40.29057027,-0.856505096,"a,d"
Beijing,Mean_Age_Score,41.53933854,0.08582628518,"a,d"
Shanghai,Mean_Age_Score,40.61184004,-0.4472525716,"a,d"
Shanghai,Mean_Age_Score,38.13749448,-0.5978595018,"a,d"
Wuhan,Mean_Age_Score,39.83720181,-0.7552605867,"a,d"
Wuhan,Mean_Age_Score,44.86031907,0.3173796833,"a,d"
Wuhan,Mean_Age_Score,36.09742714,-0.202603966,"a,d"
Beijing,Mean_Age_Score,39.94322144,-0.8000875115,"a,d"
Shanghai,Mean_Age_Score,40.6118468,-0.1998972446,"a,d"
Shanghai,Mean_Age_Score,40.57822971,-0.9793248773,"a,d"
Shanghai,Mean_Age_Score,38.13754461,-0.3921070993,"a,d"
Guangzhou,Mean_Age_Score,42.23523789,0.07467253506,"a,d"
Beijing,Mean_Age_Score,39.07337326,-0.1003731787,"a,d"
Shanghai,Mean_Age_Score,42.46804541,0.2881231308,"a,d"
Beijing,Mean_Age_Score,39.94322108,-0.8151855469,"a,d"
Beijing,Mean_Age_Score,39.94322063,-0.9830278754,"a,d"
Shanghai,Mean_Age_Score,43.94872694,0.2274211645,"a,d"
Guangzhou,Mean_Age_Score,36.19444224,-0.8366357088,"a,d"
Guangzhou,Mean_Age_Score,36.19441545,-0.4494484663,"a,d"
Shanghai,Mean_Age_Score,42.10918348,-0.0461515896,"a,d"
Guangzhou,Mean_Age_Score,36.19443907,-0.4827762842,"a,d"
Guangzhou,Mean_Age_Score,37.18796316,-0.7384645343,"a,d"
Guangzhou,Mean_Age_Score,36.19440797,-0.4694305956,"a,d"
Wuhan,Mean_Age_Score,35.70672032,-0.9114023447,"a,d"
Shanghai,Mean_Age_Score,42.10918706,-0.06219173223,"a,d"
Shanghai,Mean_Age_Score,46.59108633,0.4444874227,"a,d"
Shanghai,Mean_Age_Score,47.32208496,0.4693661928,"a,d"
Shanghai,Mean_Age_Score,45.87431719,0.316821903,"a,d"
Shanghai,Mean_Age_Score,42.46807514,0.00478592515,"a,d"
Wuhan,Mean_Age_Score,36.50651389,-0.3249860108,"a,d"
Shanghai,Mean_Age_Score,42.46807352,0.07047523558,"a,d"
Shanghai,Mean_Age_Score,46.4267421,0.3428893089,"a,d"
Shanghai,Mean_Age_Score,42.46807605,0.007015105337,"a,d"
Guangzhou,Mean_Age_Score,37.18791819,-0.8245941997,"a,d"
Shanghai,Mean_Age_Score,40.61186859,0.2449813783,"a,d"
Guangzhou,Mean_Age_Score,35.85462411,-0.3691316247,"a,d"
Shanghai,Mean_Age_Score,42.1090943,-0.1794331819,"a,d"
Beijing,Mean_Age_Score,39.94321498,-0.5747990012,"a,d"
Shanghai,Mean_Age_Score,42.46806831,0.2930703163,"a,d"
Beijing,Mean_Age_Score,39.94321932,-0.7071523666,"a,d"
Shanghai,Mean_Age_Score,42.10918668,-0.0282037016,"a,d"
Wuhan,Mean_Age_Score,44.86032364,0.3234341145,"a,d"
Guangzhou,Mean_Age_Score,36.19442536,-0.4086583555,"a,d"
Shanghai,Mean_Age_Score,46.18715179,0.2098713666,"a,d"
Shanghai,Mean_Age_Score,46.4267432,0.3023319244,"a,d"
Shanghai,Mean_Age_Score,46.18714818,0.3378787935,"a,d"
Shanghai,Mean_Age_Score,46.3315164,0.4037201405,"a,d"
Shanghai,Mean_Age_Score,42.10913708,-0.1649061739,"a,d"
Guangzhou,Mean_Age_Score,36.19438834,-0.4120793343,"a,d"
Shanghai,Mean_Age_Score,39.76476243,-0.6517938375,"a,d"
Shanghai,Mean_Age_Score,42.46805368,0.4178864956,"a,d"
Shanghai,Mean_Age_Score,40.61186674,0.4460333586,"a,d"
Shanghai,Mean_Age_Score,39.7647559,-0.4849536419,"a,d"
Shanghai,Mean_Age_Score,42.10919548,0.1684101522,"a,d"
Shanghai,Mean_Age_Score,40.29058773,-0.5165833831,"a,d"
Shanghai,Mean_Age_Score,40.29059153,-0.7261602879,"a,d"
Shanghai,Mean_Age_Score,39.76472191,-0.3895535469,"a,d"
Shanghai,Mean_Age_Score,39.7647154,-0.1855531037,"a,d"
Wuhan,Mean_Age_Score,41.8138142,-0.2621331215,"a,d"
Wuhan,Mean_Age_Score,36.50654011,-0.7112109065,"a,d"
Shanghai,Mean_Age_Score,39.76474635,-0.3728303313,"a,d"
Guangzhou,Mean_Age_Score,37.18796297,-0.728069663,"a,d"
Shanghai,Mean_Age_Score,46.84756972,0.3026680946,"a,d"
Beijing,Mean_Age_Score,44.70028165,0.2749070823,"a,d"
Shanghai,Mean_Age_Score,42.1091821,-0.06516697258,"a,d"
Shanghai,Mean_Age_Score,40.61186802,-0.1174213812,"a,d"
Shanghai,Mean_Age_Score,42.46805407,0.2701785266,"a,d"
Shanghai,Mean_Age_Score,42.10919519,0.07546678185,"a,d"
Shanghai,Mean_Age_Score,42.10919309,0.1798239499,"a,d"
Shanghai,Mean_Age_Score,45.87429755,0.2893450856,"a,d"
Shanghai,Mean_Age_Score,42.1091409,-0.2385503799,"a,d"
Wuhan,Mean_Age_Score,42.88785023,-0.1568379104,"a,d"
Shanghai,Mean_Age_Score,39.76475534,-0.04183509573,"a,d"
Wuhan,Mean_Age_Score,41.96443045,-0.05496136099,"a,d"
Beijing,Mean_Age_Score,39.07336795,-0.6163874269,"a,d"
Shanghai,Mean_Age_Score,45.87431434,0.2556691766,"a,d"
Beijing,Mean_Age_Score,39.07338314,-0.9720231295,"a,d"
Wuhan,Mean_Age_Score,42.14827273,0.06346198171,"a,d"
Shanghai,Mean_Age_Score,42.1091969,-0.06301815808,"a,d"
Shanghai,Mean_Age_Score,42.46807145,0.09445601702,"a,d"
Shanghai,Mean_Age_Score,40.5782422,-0.6146325469,"a,d"
Shanghai,Mean_Age_Score,40.29056415,-0.4914014041,"a,d"
Shanghai,Mean_Age_Score,45.87431618,0.4430275261,"a,d"
Wuhan,Mean_Age_Score,44.86032783,0.2094515711,"a,d"
Wuhan,Mean_Age_Score,41.93626278,-0.1557369083,"a,d"
Shanghai,Mean_Age_Score,42.10919165,0.1080797464,"a,d"
Guangzhou,Mean_Age_Score,36.19444818,-0.7621748447,"a,d"
Guangzhou,Mean_Age_Score,36.19441991,-0.4797185063,"a,d"
Guangzhou,Mean_Age_Score,42.95037655,-0.07913082093,"a,d"
Shanghai,Mean_Age_Score,42.1091948,0.1265354604,"a,d"
Shanghai,Mean_Age_Score,46.18715041,0.38569507,"a,d"
Shanghai,Mean_Age_Score,40.61186613,0.2830086052,"a,d"
Wuhan,Mean_Age_Score,42.14826002,-0.1040364131,"a,d"
Wuhan,Mean_Age_Score,36.50653095,-0.514533639,"a,d"
Shanghai,Mean_Age_Score,40.61186513,0.3165750802,"a,d"
Shanghai,Mean_Age_Score,40.61186838,0.2070129663,"a,d"
Shanghai,Mean_Age_Score,42.10916288,-0.2500216961,"a,d"
Shanghai,Mean_Age_Score,38.13754148,-0.9111273885,"a,d"
Shanghai,Mean_Age_Score,43.94870997,0.2338142693,"a,d"
Guangzhou,Mean_Age_Score,36.19440959,-0.3652122617,"a,d"
Beijing,Mean_Age_Score,39.94318863,-0.6194022894,"a,d"
Wuhan,Mean_Age_Score,41.19146838,0.3464117348,"a,d"
Beijing,Mean_Age_Score,42.36084718,-0.1512620002,"a,d"
Beijing,Mean_Age_Score,38.95795661,-0.5683374405,"a,d"
Guangzhou,Mean_Age_Score,36.19443549,-0.5226141214,"a,d"
Shanghai,Mean_Age_Score,40.57824825,-0.1850330979,"a,d"
Guangzhou,Mean_Age_Score,36.19431653,-0.4582487643,"a,d"
Shanghai,Mean_Age_Score,40.61186829,0.3622944653,"a,d"
Shanghai,Mean_Age_Score,38.13753271,-0.9695917964,"a,d"
Wuhan,Mean_Age_Score,36.50652799,-0.09373697639,"a,d"
Shanghai,Mean_Age_Score,40.6118574,-0.1071805805,"a,d"
Shanghai,Mean_Age_Score,42.46806765,0.07410891354,"a,d"
Shanghai,Mean_Age_Score,39.76473771,-0.268232882,"a,d"
Shanghai,Mean_Age_Score,42.10916414,-0.2334554344,"a,d"
Shanghai,Mean_Age_Score,40.29058655,-0.5115020871,"a,d"
Shanghai,Mean_Age_Score,42.10919361,0.06526073068,"a,d"
Wuhan,Mean_Age_Score,44.86032421,0.2010500878,"a,d"
Shanghai,Mean_Age_Score,42.46806252,0.2259930968,"a,d"
Guangzhou,Mean_Age_Score,35.85461275,-0.5212154388,"a,d"
Shanghai,Mean_Age_Score,45.87431035,0.3347703218,"a,d"
Shanghai,Mean_Age_Score,42.10919003,-0.06824267656,"a,d"
Beijing,Mean_Age_Score,42.68500485,-0.0280540362,"a,d"
Beijing,Mean_Age_Score,41.53932818,-0.04946164414,"a,d"
Shanghai,Mean_Age_Score,42.46807999,-0.05266455561,"a,d"
Guangzhou,Mean_Age_Score,36.54019351,-0.6660254598,"a,d"
Shanghai,Mean_Age_Score,38.13752452,-0.3870287538,"a,d"
Wuhan,Mean_Age_Score,41.96443087,-0.1367411166,"a,d"
Wuhan,Mean_Age_Score,42.14827256,0.09371957183,"a,d"
Shanghai,Mean_Age_Score,42.10919181,0.05574362352,"a,d"
Guangzhou,Mean_Age_Score,36.19444827,-0.5904891491,"a,d"
Shanghai,Mean_Age_Score,42.10918591,-0.04091236368,"a,d"
Guangzhou,Mean_Age_Score,37.1878743,-0.6533426642,"a,d"
Beijing,Mean_Age_Score,41.53933863,-0.06266463548,"a,d"
Beijing,Mean_Age_Score,42.25743723,0.06584198028,"a,d"
Shanghai,Mean_Age_Score,42.10919374,0.08489923924,"a,d"
Shanghai,Mean_Age_Score,42.1091826,0.04652125388,"a,d"
Shanghai,Mean_Age_Score,38.13754587,-0.7724096179,"a,d"
Wuhan,Mean_Age_Score,40.84485415,0.03355111554,"a,d"
Beijing,Mean_Age_Score,42.36091817,-0.06124203652,"a,d"
Shanghai,Mean_Age_Score,42.10919188,-0.01617407426,"a,d"
Shanghai,Mean_Age_Score,42.10918842,-0.0419600755,"a,d"
Shanghai,Mean_Age_Score,40.61186491,0.1986732036,"a,d"
Wuhan,Mean_Age_Score,35.70671334,-0.8560333848,"a,d"
Beijing,Mean_Age_Score,41.31624436,0.3618736863,"a,d"
Shanghai,Mean_Age_Score,47.32208472,0.5233311057,"a,d"
Shanghai,Mean_Age_Score,46.33151344,0.3696934283,"a,d"
Wuhan,Mean_Age_Score,42.88787819,0.02011754736,"a,d"
Shanghai,Mean_Age_Score,42.10917652,-0.1156362146,"a,d"
Guangzhou,Mean_Age_Score,37.07255217,-0.6398462057,"a,d"
Shanghai,Mean_Age_Score,38.13752283,-0.656352818,"a,d"
Shanghai,Mean_Age_Score,40.29057932,-0.5628877282,"a,d"
Shanghai,Mean_Age_Score,40.61186727,0.4160166979,"a,d"
Wuhan,Mean_Age_Score,42.14827755,0.01890003867,"a,d"
Guangzhou,Mean_Age_Score,37.18794267,-0.9413856864,"a,d"
Shanghai,Mean_Age_Score,42.10919544,0.02849198505,"a,d"
Shanghai,Mean_Age_Score,40.61185413,-0.2310319394,"a,d"
Shanghai,Mean_Age_Score,40.29059444,-0.5360454321,"a,d"
Shanghai,Mean_Age_Score,42.10918849,0.004384357948,"a,d"
Shanghai,Mean_Age_Score,46.18715034,0.1383555233,"a,d"
Shanghai,Mean_Age_Score,42.10916685,-0.2615326643,"a,d"
Shanghai,Mean_Age_Score,40.61186353,0.02522662096,"a,d"
Beijing,Mean_Age_Score,39.07335394,-0.5206106901,"a,d"
Shanghai,Mean_Age_Score,40.61186493,0.3880518675,"a,d"
Shanghai,Mean_Age_Score,42.46807088,-0.00364650134,"a,d"
Shanghai,Mean_Age_Score,42.46806396,0.2999291718,"a,d"
Wuhan,Mean_Age_Score,39.83719662,-0.656611681,"a,d"
Beijing,Mean_Age_Score,41.31623826,0.2218536735,"a,d"
Wuhan,Mean_Age_Score,41.78221764,-0.06195118651,"a,d"
Beijing,Mean_Age_Score,38.95796448,-0.601752758,"a,d"
Wuhan,Mean_Age_Score,44.86031956,0.4519912899,"a,d"
Wuhan,Mean_Age_Score,39.83719907,-0.7440969944,"a,d"
Shanghai,Mean_Age_Score,40.29059303,-0.6916908622,"a,d"
Shanghai,Mean_Age_Score,38.13755008,-0.7125073075,"a,d"
Shanghai,Mean_Age_Score,42.46807966,-0.03049503267,"a,d"
Shanghai,Mean_Age_Score,42.10919562,-0.03808822855,"a,d"
Shanghai,Mean_Age_Score,38.13753977,-0.3808235824,"a,d"
Shanghai,Mean_Age_Score,40.29059553,-0.9577806592,"a,d"
Wuhan,Mean_Age_Score,41.93645268,-0.1176411957,"a,d"
Shanghai,Mean_Age_Score,40.61186974,0.2741941214,"a,d"
Wuhan,Mean_Age_Score,36.5065308,-0.6243034005,"a,d"
Wuhan,Mean_Age_Score,36.50653915,-0.7714585066,"a,d"
Shanghai,Mean_Age_Score,46.84756869,0.4184691012,"a,d"
Guangzhou,Mean_Age_Score,35.85462235,-0.490157187,"a,d"
Wuhan,Mean_Age_Score,36.50653262,-0.236275658,"a,d"
Beijing,Mean_Age_Score,41.31620256,0.03037283197,"a,d"
Beijing,Mean_Age_Score,42.25743309,0.07997812331,"a,d"
Wuhan,Mean_Age_Score,36.50632881,-0.4243434966,"a,d"
Shanghai,Mean_Age_Score,47.32208515,0.3899129927,"a,d"
Shanghai,Mean_Age_Score,40.61186423,0.4272938669,"a,d"
Shanghai,Mean_Age_Score,40.61186495,0.3177550137,"a,d"
Wuhan,Mean_Age_Score,40.84489651,-0.000975092873,"a,d"
Shanghai,Mean_Age_Score,46.59108485,0.2566567659,"a,d"
Wuhan,Mean_Age_Score,42.88787453,0.06064378098,"a,d"
Wuhan,Mean_Age_Score,36.50653398,-0.6876260042,"a,d"
Wuhan,Mean_Age_Score,42.88786911,-0.03495365381,"a,d"
Wuhan,Mean_Age_Score,43.01504265,0.207677871,"a,d"
Wuhan,Mean_Age_Score,44.86029815,0.03016379476,"a,d"
Shanghai,Mean_Age_Score,46.33151618,0.3053296804,"a,d"
Beijing,Mean_Age_Score,41.39546087,-0.005493950099,"a,d"
Guangzhou,Mean_Age_Score,37.18793163,-0.5522392988,"a,d"
Shanghai,Mean_Age_Score,39.76476187,-0.5893627405,"a,d"
Wuhan,Mean_Age_Score,35.70672022,-1.061524034,"a,d"
Beijing,Mean_Age_Score,41.39535893,-0.1742666513,"a,d"
Beijing,Mean_Age_Score,39.94321917,-0.4844416082,"a,d"
Shanghai,Mean_Age_Score,42.10917307,-0.199495554,"a,d"
Shanghai,Mean_Age_Score,46.84756767,0.5682803988,"a,d"
Guangzhou,Mean_Age_Score,36.19444167,-0.4779348969,"a,d"
Shanghai,Mean_Age_Score,40.61186221,-0.03639911488,"a,d"
Shanghai,Mean_Age_Score,40.29055633,-0.5832316279,"a,d"
Shanghai,Mean_Age_Score,39.76472682,-0.6389818788,"a,d"
Shanghai,Mean_Age_Score,38.13750781,-0.5714354515,"a,d"
Wuhan,Mean_Age_Score,35.70672209,-0.9912613034,"a,d"
Shanghai,Mean_Age_Score,38.13750881,-0.5465754867,"a,d"
Wuhan,Mean_Age_Score,35.70672259,-1.087299109,"a,d"
Shanghai,Mean_Age_Score,40.61185157,-0.4306383729,"a,d"
Shanghai,Mean_Age_Score,40.61185708,-0.3629034758,"a,d"
Wuhan,Mean_Age_Score,41.93641686,-0.06827999651,"a,d"
Wuhan,Mean_Age_Score,36.50642246,-0.4501562417,"a,d"
Wuhan,Mean_Age_Score,35.70672107,-0.8010292053,"a,d"
Guangzhou,Mean_Age_Score,36.19444026,-0.4357779026,"a,d"
Wuhan,Mean_Age_Score,35.70672455,-0.1702521741,"a,d"
Shanghai,Mean_Age_Score,46.8475679,0.4288488626,"a,d"
Guangzhou,Mean_Age_Score,36.19442694,-0.5542526841,"a,d"
Shanghai,Mean_Age_Score,40.57824678,-0.2707162797,"a,d"
Wuhan,Mean_Age_Score,43.01503695,0.2538250089,"a,d"
Beijing,Mean_Age_Score,41.39351267,-0.03415131941,"a,d"
Wuhan,Mean_Age_Score,43.01504048,0.3071576357,"a,d"
Guangzhou,Mean_Age_Score,35.85462416,-0.3254829049,"a,d"
Shanghai,Mean_Age_Score,42.10918877,-0.0007646605372,"a,d"
Wuhan,Mean_Age_Score,42.14827799,0.2609969378,"a,d"
Beijing,Mean_Age_Score,39.94321853,-0.7214164138,"a,d"
Shanghai,Mean_Age_Score,40.6118635,-0.03740784898,"a,d"
Shanghai,Mean_Age_Score,40.57823932,-0.6260070205,"a,d"
Shanghai,Mean_Age_Score,40.61186745,0.3467175066,"a,d"
Shanghai,Mean_Age_Score,40.57825667,-0.19016096,"a,d"
Beijing,Mean_Age_Score,42.25744134,-0.02713153139,"a,d"
Shanghai,Mean_Age_Score,45.87430638,0.2224606872,"a,d"
Shanghai,Mean_Age_Score,47.32208476,0.31214872,"a,d"
Shanghai,Mean_Age_Score,42.10919567,-0.1242109537,"a,d"
Shanghai,Mean_Age_Score,38.13750612,-0.6559926867,"a,d"
Shanghai,Mean_Age_Score,43.94869345,0.1231792271,"a,d"
Shanghai,Mean_Age_Score,40.61186233,-0.1247528791,"a,d"
Shanghai,Mean_Age_Score,38.13753807,-0.583666563,"a,d"
Wuhan,Mean_Age_Score,40.84496068,0.003293759888,"a,d"
Shanghai,Mean_Age_Score,42.4680389,0.6051831841,"a,d"
Shanghai,Mean_Age_Score,42.10918973,-0.06207671016,"a,d"
Shanghai,Mean_Age_Score,45.87431387,0.3748169243,"a,d"
Guangzhou,Mean_Age_Score,36.4151186,-0.5352861285,"a,d"
Shanghai,Mean_Age_Score,38.13752284,-0.5834415555,"a,d"
Wuhan,Mean_Age_Score,41.93645285,-0.05108861998,"a,d"
Shanghai,Mean_Age_Score,40.61186654,0.4346682429,"a,d"
Guangzhou,Mean_Age_Score,36.19440132,-0.4972510636,"a,d"
Shanghai,Mean_Age_Score,42.46806587,0.02674965002,"a,d"
Wuhan,Mean_Age_Score,39.83719397,-0.7453355789,"a,d"
Shanghai,Mean_Age_Score,40.29059236,-0.5571188331,"a,d"
Shanghai,Mean_Age_Score,40.61186698,0.3010666072,"a,d"
Shanghai,Mean_Age_Score,45.87431718,0.367870599,"a,d"
Shanghai,Mean_Age_Score,40.29058716,-0.909481883,"a,d"
Shanghai,Mean_Age_Score,42.10918037,-0.1313989758,"a,d"
Guangzhou,Mean_Age_Score,41.21845961,-0.02597899176,"a,d"
Shanghai,Mean_Age_Score,42.10919392,0.04584143311,"a,d"
Shanghai,Mean_Age_Score,40.61186317,-0.08663748205,"a,d"
Shanghai,Mean_Age_Score,47.32208537,0.347394377,"a,d"
Shanghai,Mean_Age_Score,38.1375369,-0.3560125828,"a,d"
Guangzhou,Mean_Age_Score,36.19441148,-0.3992641866,"a,d"
Wuhan,Mean_Age_Score,42.14826783,-0.05008947104,"a,d"
Shanghai,Mean_Age_Score,39.76476718,-0.8975829482,"a,d"
Beijing,Mean_Age_Score,39.07334534,-0.5077219009,"a,d"
Wuhan,Mean_Age_Score,42.14826978,0.05453512073,"a,d"
Shanghai,Mean_Age_Score,42.46807922,0.04975895211,"a,d"
Shanghai,Mean_Age_Score,42.10919593,0.06351268291,"a,d"
Shanghai,Mean_Age_Score,38.13749049,-0.5174500346,"a,d"
Wuhan,Mean_Age_Score,42.88787467,-0.0572020784,"a,d"
Shanghai,Mean_Age_Score,40.29058762,-0.7559995651,"a,d"
Shanghai,Mean_Age_Score,45.87430897,0.3740162551,"a,d"
Shanghai,Mean_Age_Score,40.6118592,-0.2604491711,"a,d"
Shanghai,Mean_Age_Score,42.46807778,0.02986703068,"a,d"
Wuhan,Mean_Age_Score,39.83720334,-0.7008451819,"a,d"
Beijing,Mean_Age_Score,39.94322004,-0.7409842014,"a,d"
Shanghai,Mean_Age_Score,42.10918729,0.07685615122,"a,d"
Shanghai,Mean_Age_Score,46.18715416,0.1975109428,"a,d"
Beijing,Mean_Age_Score,42.25744229,-0.07724040002,"a,d"
Shanghai,Mean_Age_Score,46.84757094,0.4679974318,"a,d"
Shanghai,Mean_Age_Score,38.13754159,-0.7219502926,"a,d"
Shanghai,Mean_Age_Score,46.84756993,0.2805242538,"a,d"
Shanghai,Mean_Age_Score,42.46806653,0.02680638619,"a,d"
Shanghai,Mean_Age_Score,39.76477003,-0.4113360047,"a,d"
Beijing,Mean_Age_Score,39.07336881,-0.617767632,"a,d"
Wuhan,Mean_Age_Score,44.86032047,0.1990773529,"a,d"
Shanghai,Mean_Age_Score,42.4680748,0.07990036905,"a,d"
Wuhan,Mean_Age_Score,44.86032786,0.3277692795,"a,d"
Shanghai,Mean_Age_Score,46.84756915,0.27251333,"a,d"
Wuhan,Mean_Age_Score,42.14826842,0.0334979482,"a,d"
Wuhan,Mean_Age_Score,42.88787732,0.04057838768,"a,d"
Shanghai,Mean_Age_Score,40.61186082,-0.123439163,"a,d"
Shanghai,Mean_Age_Score,42.10914478,-0.1580705345,"a,d"
Shanghai,Mean_Age_Score,42.10919039,0.09422028065,"a,d"
Wuhan,Mean_Age_Score,41.93629636,-0.1607744098,"a,d"
Wuhan,Mean_Age_Score,35.70671719,-0.4798410833,"a,d"
Shanghai,Mean_Age_Score,46.84756424,0.3712239861,"a,d"
Shanghai,Mean_Age_Score,42.46807076,0.08889526129,"a,d"
Shanghai,Mean_Age_Score,39.7647661,-0.5963751078,"a,d"
Guangzhou,Mean_Age_Score,37.18794587,-0.3033539355,"a,d"
Beijing,Mean_Age_Score,38.95800323,-0.8116506338,"a,d"
Wuhan,Mean_Age_Score,42.88784349,0.02162825689,"a,d"
Shanghai,Mean_Age_Score,40.61186574,0.2275284231,"a,d"
Shanghai,Mean_Age_Score,42.46805193,0.1347485185,"a,d"
Shanghai,Mean_Age_Score,42.10915268,-0.2255402952,"a,d"
Wuhan,Mean_Age_Score,35.7067233,-0.776022315,"a,d"
Shanghai,Mean_Age_Score,38.13753531,-0.6512176991,"a,d"
Shanghai,Mean_Age_Score,46.33151558,0.3691115677,"a,d"
Shanghai,Mean_Age_Score,40.61185707,-0.3420375884,"a,d"
Guangzhou,Mean_Age_Score,41.21845634,0.3428173363,"a,d"
Wuhan,Mean_Age_Score,42.14826165,-0.03394734859,"a,d"
Shanghai,Mean_Age_Score,38.13754361,-0.460793823,"a,d"
Shanghai,Mean_Age_Score,42.46806483,0.3116717339,"a,d"
Shanghai,Mean_Age_Score,42.1091897,-0.01588369161,"a,d"
Shanghai,Mean_Age_Score,42.46807317,0.0165155977,"a,d"
Shanghai,Mean_Age_Score,42.10918741,-0.02701449022,"a,d"
Wuhan,Mean_Age_Score,42.88785921,-0.008108297363,"a,d"
Shanghai,Mean_Age_Score,38.13754355,-0.610604763,"a,d"
Shanghai,Mean_Age_Score,39.76473555,-0.511115253,"a,d"
Shanghai,Mean_Age_Score,42.10919486,0.09027148038,"a,d"
Wuhan,Mean_Age_Score,42.14827369,0.1353693306,"a,d"
Guangzhou,Mean_Age_Score,36.19444763,-0.8698924184,"a,d"
Shanghai,Mean_Age_Score,42.10919412,-0.1601465642,"a,d"
Shanghai,Mean_Age_Score,46.59108242,0.5708670616,"a,d"
Shanghai,Mean_Age_Score,40.61186961,0.2400265932,"a,d"
Wuhan,Mean_Age_Score,40.84494714,0.1282950342,"a,d"
Shanghai,Mean_Age_Score,42.10915657,-0.2002222985,"a,d"
Beijing,Mean_Age_Score,41.53933813,-0.03293965384,"a,d"
Shanghai,Mean_Age_Score,42.46807799,-0.002422960475,"a,d"
Beijing,Mean_Age_Score,41.39536715,-0.09376117587,"a,d"
Shanghai,Mean_Age_Score,40.61186712,0.2912994027,"a,d"
Shanghai,Mean_Age_Score,42.10918456,-0.04583178461,"a,d"
Shanghai,Mean_Age_Score,40.61186355,-0.2784540951,"a,d"
Guangzhou,Mean_Age_Score,36.19441761,-0.3769641817,"a,d"
Wuhan,Mean_Age_Score,41.93633183,-0.2287590355,"a,d"
Beijing,Mean_Age_Score,38.9579414,-0.5516290665,"a,d"
Wuhan,Mean_Age_Score,43.01504726,0.2449031174,"a,d"
Beijing,Mean_Age_Score,41.53933689,0.06938648969,"a,d"
Beijing,Mean_Age_Score,44.84838229,0.36109671,"a,d"
Guangzhou,Mean_Age_Score,37.18782862,-0.4966215491,"a,d"
Shanghai,Mean_Age_Score,46.33151475,0.5932179689,"a,d"
Shanghai,Mean_Age_Score,40.29058733,-0.8362007737,"a,d"
Shanghai,Mean_Age_Score,42.10917643,-0.07627534866,"a,d"
Guangzhou,Mean_Age_Score,37.07250057,-0.5179605484,"a,d"
Shanghai,Mean_Age_Score,47.32208049,0.435991168,"a,d"
Shanghai,Mean_Age_Score,40.5782403,-0.5576585531,"a,d"
Shanghai,Mean_Age_Score,42.46807196,0.08646505326,"a,d"
Beijing,Mean_Age_Score,39.94319457,-0.4482131004,"a,d"
Shanghai,Mean_Age_Score,46.59108585,0.3714531064,"a,d"
Shanghai,Mean_Age_Score,40.57823546,-0.5055391192,"a,d"
Beijing,Mean_Age_Score,41.39546765,-0.1831156909,"a,d"
Shanghai,Mean_Age_Score,39.76476936,-0.8044240475,"a,d"
Shanghai,Mean_Age_Score,39.76476512,-0.7052162886,"a,d"
Beijing,Mean_Age_Score,41.95198577,-0.1729457825,"a,d"
Shanghai,Mean_Age_Score,46.84756258,0.3493455648,"a,d"
Shanghai,Mean_Age_Score,47.32208572,0.4736261964,"a,d"
Shanghai,Mean_Age_Score,38.13747287,-0.6246701479,"a,d"
Shanghai,Mean_Age_Score,42.46807626,0.1426377296,"a,d"
Shanghai,Mean_Age_Score,46.18715286,0.2888638377,"a,d"
Shanghai,Mean_Age_Score,42.10918905,0.04053318873,"a,d"
Shanghai,Mean_Age_Score,40.61186387,-0.1072080433,"a,d"
Beijing,Mean_Age_Score,45.55182326,0.3483070731,"a,d"
Guangzhou,Mean_Age_Score,35.8546159,-0.3869605362,"a,d"
Shanghai,Mean_Age_Score,38.13754246,-0.6254246235,"a,d"
Shanghai,Mean_Age_Score,46.33150904,0.4406889677,"a,d"
Shanghai,Mean_Age_Score,46.8475711,0.08397232741,"a,d"
Wuhan,Mean_Age_Score,42.14826985,0.005387804471,"a,d"
Beijing,Mean_Age_Score,39.94319288,-0.5455764532,"a,d"
Beijing,Mean_Age_Score,41.53933698,-0.03164048865,"a,d"
Shanghai,Mean_Age_Score,40.61186251,-0.04898179695,"a,d"
Shanghai,Mean_Age_Score,47.32208283,0.3139148355,"a,d"
Shanghai,Mean_Age_Score,42.10917955,-0.1105684936,"a,d"
Guangzhou,Mean_Age_Score,42.950372,-0.008285836317,"a,d"
Shanghai,Mean_Age_Score,38.13753849,-0.5143791437,"a,d"
Shanghai,Mean_Age_Score,40.61186069,0.05382027104,"a,d"
Shanghai,Mean_Age_Score,40.61186712,0.3379214704,"a,d"
Shanghai,Mean_Age_Score,38.13754918,-0.7286673784,"a,d"
Beijing,Mean_Age_Score,41.53933479,0.0317661874,"a,d"
Shanghai,Mean_Age_Score,40.61174854,-0.3198264539,"a,d"
Wuhan,Mean_Age_Score,41.19147117,0.09449483454,"a,d"
Shanghai,Mean_Age_Score,47.32208632,0.4424526095,"a,d"
Guangzhou,Mean_Age_Score,37.07254676,-0.4879952669,"a,d"
Shanghai,Mean_Age_Score,46.59108186,0.256295532,"a,d"
Shanghai,Mean_Age_Score,39.76476747,-0.8705796003,"a,d"
Wuhan,Mean_Age_Score,36.50637151,-0.3107611239,"a,d"
Shanghai,Mean_Age_Score,42.10919623,0.09459972382,"a,d"
Shanghai,Mean_Age_Score,40.61185228,-0.2132181823,"a,d"
Beijing,Mean_Age_Score,41.39542191,-0.08334494382,"a,d"
Beijing,Mean_Age_Score,42.25743556,-0.03365815058,"a,d"
Guangzhou,Mean_Age_Score,36.19443893,-0.639461875,"a,d"
Shanghai,Mean_Age_Score,42.4680772,0.02943625674,"a,d"
Shanghai,Mean_Age_Score,43.94873002,0.1794289649,"a,d"
Shanghai,Mean_Age_Score,42.46807628,0.01347444206,"a,d"
Wuhan,Mean_Age_Score,44.8603264,0.2381480783,"a,d"
Shanghai,Mean_Age_Score,42.10918551,-0.1612550914,"a,d"
Shanghai,Mean_Age_Score,42.10918284,-0.1289797574,"a,d"
Shanghai,Mean_Age_Score,42.46807827,-0.08420243859,"a,d"
Guangzhou,Mean_Age_Score,37.07255637,-0.9079884887,"a,d"
Wuhan,Mean_Age_Score,41.93638061,-0.1811317205,"a,d"
Shanghai,Mean_Age_Score,40.61186673,0.2638989389,"a,d"
Shanghai,Mean_Age_Score,42.10916934,-0.2227334976,"a,d"
Shanghai,Mean_Age_Score,40.61185936,-0.195814088,"a,d"
Beijing,Mean_Age_Score,39.94322041,-0.5656955242,"a,d"
Wuhan,Mean_Age_Score,36.50651504,-0.3966169357,"a,d"
Wuhan,Mean_Age_Score,42.14825713,-0.1175131351,"a,d"
Wuhan,Mean_Age_Score,35.70672339,-0.8197640181,"a,d"
Shanghai,Mean_Age_Score,46.42674044,0.3010949492,"a,d"
Shanghai,Mean_Age_Score,42.10919135,0.06572002918,"a,d"
Shanghai,Mean_Age_Score,40.61144186,-0.380412817,"a,d"
Wuhan,Mean_Age_Score,43.0150452,0.339033246,"a,d"
Shanghai,Mean_Age_Score,40.29058741,-0.6744225621,"a,d"
Shanghai,Mean_Age_Score,42.10918424,-0.04958274961,"a,d"
Shanghai,Mean_Age_Score,42.1091706,-0.2505844831,"a,d"
Shanghai,Mean_Age_Score,40.61185243,-0.2962069809,"a,d"
Shanghai,Mean_Age_Score,45.37321194,0.2952184677,"a,d"
Guangzhou,Mean_Age_Score,35.85462299,-0.3751019239,"a,d"
Wuhan,Mean_Age_Score,39.83719406,-0.5168524981,"a,d"
Wuhan,Mean_Age_Score,41.19146904,0.2052723914,"a,d"
Guangzhou,Mean_Age_Score,37.01770732,-0.6509065628,"a,d"
Shanghai,Mean_Age_Score,46.3315146,0.4924494624,"a,d"
Wuhan,Mean_Age_Score,42.14824364,-0.001412264537,"a,d"
Wuhan,Mean_Age_Score,43.01504702,0.363617152,"a,d"
Shanghai,Mean_Age_Score,40.29059228,-0.7228788137,"a,d"
Beijing,Mean_Age_Score,44.55289367,0.1044851765,"a,d"
Beijing,Mean_Age_Score,38.95800104,-0.5655154586,"a,d"
Shanghai,Mean_Age_Score,39.76469535,-0.4889695942,"a,d"
Shanghai,Mean_Age_Score,42.1091956,0.07700294256,"a,d"
Shanghai,Mean_Age_Score,38.13752963,-0.6508443952,"a,d"
Shanghai,Mean_Age_Score,40.61186153,-0.09857411683,"a,d"
Shanghai,Mean_Age_Score,39.76477055,-1.106791735,"a,d"
Shanghai,Mean_Age_Score,43.94872695,0.3212968707,"a,d"
Wuhan,Mean_Age_Score,35.70671375,-0.7241476178,"a,d"
Shanghai,Mean_Age_Score,42.46807789,-0.0365376845,"a,d"
Guangzhou,Mean_Age_Score,37.01767774,-0.8389063478,"a,d"
Beijing,Mean_Age_Score,39.07338531,-0.8601800799,"a,d"
Wuhan,Mean_Age_Score,41.93644429,-0.2596636415,"a,d"
Guangzhou,Mean_Age_Score,35.85462269,-0.4770516157,"a,d"
Wuhan,Mean_Age_Score,42.14827179,0.09732272476,"a,d"
Shanghai,Mean_Age_Score,47.32208533,0.5066325665,"a,d"
Beijing,Mean_Age_Score,41.39546584,0.01445867587,"a,d"
Wuhan,Mean_Age_Score,35.70671867,-0.907153964,"a,d"
Shanghai,Mean_Age_Score,46.84757117,0.3862993717,"a,d"
Beijing,Mean_Age_Score,39.94321721,-0.7924286127,"a,d"
Shanghai,Mean_Age_Score,42.10915986,-0.1914394796,"a,d"
Shanghai,Mean_Age_Score,42.1091588,-0.1929333508,"a,d"
Wuhan,Mean_Age_Score,36.50636236,-0.4191747606,"a,d"
Guangzhou,Mean_Age_Score,37.18796276,-0.6988175511,"a,d"
Guangzhou,Mean_Age_Score,35.85462295,-0.7523595691,"a,d"
Shanghai,Mean_Age_Score,38.13754859,-0.5698894262,"a,d"
Guangzhou,Mean_Age_Score,37.07238255,-0.3208456635,"a,d"
Shanghai,Mean_Age_Score,42.46807531,0.01803992875,"a,d"
Shanghai,Mean_Age_Score,42.10913694,-0.2183315009,"a,d"
Shanghai,Mean_Age_Score,40.61186561,0.3411629796,"a,d"
Beijing,Mean_Age_Score,41.53933146,-0.03688457236,"a,d"
Shanghai,Mean_Age_Score,40.29059095,-0.682310164,"a,d"
Shanghai,Mean_Age_Score,39.76475665,-0.6781945825,"a,d"
Guangzhou,Mean_Age_Score,37.01771242,-1.030463338,"a,d"
Shanghai,Mean_Age_Score,40.29055687,-0.4965981245,"a,d"
Guangzhou,Mean_Age_Score,36.19444482,-0.5809924603,"a,d"
Shanghai,Mean_Age_Score,46.18714825,0.3939445615,"a,d"
Shanghai,Mean_Age_Score,46.33149977,0.4881688952,"a,d"
Shanghai,Mean_Age_Score,38.13754115,-0.6323086023,"a,d"
Shanghai,Mean_Age_Score,40.61186966,0.2737605274,"a,d"
Wuhan,Mean_Age_Score,35.70672184,-0.958519876,"a,d"
Beijing,Mean_Age_Score,38.95799452,-0.4127883613,"a,d"
Shanghai,Mean_Age_Score,38.13754982,-0.6462239027,"a,d"
Beijing,Mean_Age_Score,41.39543552,-0.01987882704,"a,d"
Shanghai,Mean_Age_Score,40.29058719,-0.551766932,"a,d"
Beijing,Mean_Age_Score,44.7002845,0.1267389357,"a,d"
Shanghai,Mean_Age_Score,38.13753914,-0.5629368424,"a,d"
Shanghai,Mean_Age_Score,46.42674231,0.1775963306,"a,d"
Shanghai,Mean_Age_Score,46.59107008,0.4451883137,"a,d"
Shanghai,Mean_Age_Score,40.61186054,-0.06579007953,"a,d"
Shanghai,Mean_Age_Score,40.2905918,-0.4492442012,"a,d"
Shanghai,Mean_Age_Score,42.46807623,0.04320805147,"a,d"
Wuhan,Mean_Age_Score,42.88787789,-0.01693314686,"a,d"
Shanghai,Mean_Age_Score,45.87430533,0.2830067575,"a,d"
Shanghai,Mean_Age_Score,47.32208194,0.5436846614,"a,d"
Beijing,Mean_Age_Score,39.94321162,-0.7318705916,"a,d"
Shanghai,Mean_Age_Score,42.1091919,-0.04477952048,"a,d"
Wuhan,Mean_Age_Score,41.93640975,-0.07395426929,"a,d"
Wuhan,Mean_Age_Score,41.93635481,-0.07173448801,"a,d"
Beijing,Mean_Age_Score,39.94321466,-0.7130196691,"a,d"
Shanghai,Mean_Age_Score,42.10919482,-0.02654105052,"a,d"
Guangzhou,Mean_Age_Score,43.17689354,0.3416197598,"a,d"
Shanghai,Mean_Age_Score,40.29059273,-0.6991969943,"a,d"
Wuhan,Mean_Age_Score,39.83719703,-0.9117883444,"a,d"
Shanghai,Mean_Age_Score,43.94872024,0.2301564962,"a,d"
Shanghai,Mean_Age_Score,42.10918811,-0.03630675003,"a,d"
Shanghai,Mean_Age_Score,39.76477098,-0.3257953525,"a,d"
Shanghai,Mean_Age_Score,38.13754705,-0.7109705806,"a,d"
Shanghai,Mean_Age_Score,46.33151249,0.36193645,"a,d"
Shanghai,Mean_Age_Score,42.10916607,-0.203816101,"a,d"
Shanghai,Mean_Age_Score,40.290583,-0.4184307456,"a,d"
Wuhan,Mean_Age_Score,41.19147157,0.1703005582,"a,d"
Beijing,Mean_Age_Score,39.07337864,-0.8307129741,"a,d"
Beijing,Mean_Age_Score,41.39522291,-0.2566622794,"a,d"
Wuhan,Mean_Age_Score,43.01502711,0.09247995913,"a,d"
Guangzhou,Mean_Age_Score,41.21845477,0.2311834693,"a,d"
Shanghai,Mean_Age_Score,42.10917674,-0.06495851278,"a,d"
Shanghai,Mean_Age_Score,46.18714806,0.2351495922,"a,d"
Shanghai,Mean_Age_Score,38.13754676,-0.6040934324,"a,d"
Shanghai,Mean_Age_Score,42.1091905,-0.03996012732,"a,d"
Wuhan,Mean_Age_Score,42.14827549,0.01437495276,"a,d"
Shanghai,Mean_Age_Score,40.29059439,-0.6388429999,"a,d"
Wuhan,Mean_Age_Score,40.84491703,0.06091926247,"a,d"
Wuhan,Mean_Age_Score,43.01503597,0.4623819292,"a,d"
Shanghai,Mean_Age_Score,46.426742,0.07524385303,"a,d"
Shanghai,Mean_Age_Score,38.13718595,-0.3040964603,"a,d"
Shanghai,Mean_Age_Score,45.87431607,0.4018813968,"a,d"
Shanghai,Mean_Age_Score,40.61186757,0.4068101645,"a,d"
Wuhan,Mean_Age_Score,42.88787758,0.07698244601,"a,d"
Shanghai,Mean_Age_Score,39.76474973,-0.3031266034,"a,d"
Shanghai,Mean_Age_Score,42.10910814,-0.1779045314,"a,d"
Shanghai,Mean_Age_Score,42.46806884,0.03126341477,"a,d"
Wuhan,Mean_Age_Score,43.0150398,0.1753520817,"a,d"
Shanghai,Mean_Age_Score,46.84756443,0.2966175377,"a,d"
Wuhan,Mean_Age_Score,36.50639067,-0.4556053877,"a,d"
Shanghai,Mean_Age_Score,40.61186909,0.199522227,"a,d"
Beijing,Mean_Age_Score,44.55289608,0.1467078179,"a,d"
Guangzhou,Mean_Age_Score,36.19444275,-0.1924512684,"a,d"
Shanghai,Mean_Age_Score,40.61185462,-0.3725767136,"a,d"
Beijing,Mean_Age_Score,41.39540391,-0.1892910898,"a,d"
Shanghai,Mean_Age_Score,40.61186787,0.2027052194,"a,d"
Wuhan,Mean_Age_Score,40.84485774,0.061416246,"a,d"
Wuhan,Mean_Age_Score,36.5064492,-0.2091866136,"a,d"
Beijing,Mean_Age_Score,38.95799494,-0.8058390617,"a,d"
Shanghai,Mean_Age_Score,46.59108579,0.4744045436,"a,d"
Guangzhou,Mean_Age_Score,36.66955234,-0.7103798985,"a,d"
Wuhan,Mean_Age_Score,36.50643411,-0.3503709137,"a,d"
Shanghai,Mean_Age_Score,39.7647609,-0.615346849,"a,d"
Wuhan,Mean_Age_Score,36.50631695,-0.4877331555,"a,d"
Shanghai,Mean_Age_Score,42.10919253,0.05325111002,"a,d"
Shanghai,Mean_Age_Score,38.13754281,-0.5894929171,"a,d"
Shanghai,Mean_Age_Score,42.10916665,-0.2038504481,"a,d"
Beijing,Mean_Age_Score,41.39546856,-0.09136219323,"a,d"
Beijing,Mean_Age_Score,42.25743906,0.06785260886,"a,d"
Shanghai,Mean_Age_Score,42.10914351,-0.2069156617,"a,d"
Shanghai,Mean_Age_Score,40.61186753,0.3718031943,"a,d"
Shanghai,Mean_Age_Score,46.59108573,0.2952083945,"a,d"
Wuhan,Mean_Age_Score,41.93644328,-0.2012017667,"a,d"
Shanghai,Mean_Age_Score,46.84756925,0.4054914713,"a,d"
Shanghai,Mean_Age_Score,46.33149672,0.3258207142,"a,d"
Wuhan,Mean_Age_Score,41.93645099,-0.1499162018,"a,d"
Shanghai,Mean_Age_Score,40.61186328,-0.01303065196,"a,d"
Shanghai,Mean_Age_Score,42.10919044,0.00779529335,"a,d"
Shanghai,Mean_Age_Score,38.1375306,-0.5849052668,"a,d"
Shanghai,Mean_Age_Score,38.13754746,-0.6464723349,"a,d"
Wuhan,Mean_Age_Score,35.70671967,-0.6264282465,"a,d"
Wuhan,Mean_Age_Score,36.50651317,-0.5034820437,"a,d"
Guangzhou,Mean_Age_Score,36.41511676,-0.3473927975,"a,d"
Wuhan,Mean_Age_Score,44.8603102,0.2222450674,"a,d"
Shanghai,Mean_Age_Score,42.10918045,-0.2134285569,"a,d"
Shanghai,Mean_Age_Score,39.76473631,-0.5266786218,"a,d"
Wuhan,Mean_Age_Score,43.01504001,0.239364773,"a,d"
Wuhan,Mean_Age_Score,40.84496003,0.1577128321,"a,d"
Wuhan,Mean_Age_Score,42.14827246,0.01777069457,"a,d"
Shanghai,Mean_Age_Score,42.10919546,0.05067892373,"a,d"
Shanghai,Mean_Age_Score,42.46807807,0.01832094602,"a,d"
Shanghai,Mean_Age_Score,42.46807944,-0.1548090428,"a,d"
Wuhan,Mean_Age_Score,40.84495214,0.2699597478,"a,d"
Guangzhou,Mean_Age_Score,37.07254445,-1.082002878,"a,d"
Wuhan,Mean_Age_Score,41.19146803,0.3068790138,"a,d"
Shanghai,Mean_Age_Score,46.18715136,0.3360120654,"a,d"
Shanghai,Mean_Age_Score,40.57824873,-0.2981824577,"a,d"
Shanghai,Mean_Age_Score,47.96921277,0.6066913605,"a,d"
Beijing,Mean_Age_Score,41.31624588,0.326154083,"a,d"
Wuhan,Mean_Age_Score,36.50642009,-0.4483951628,"a,d"
Beijing,Mean_Age_Score,41.53932982,-0.08456687629,"a,d"
Wuhan,Mean_Age_Score,40.84459352,-0.03032650426,"a,d"
Guangzhou,Mean_Age_Score,35.85462102,-0.7576990724,"a,d"
Shanghai,Mean_Age_Score,47.32208424,0.346098721,"a,d"
Shanghai,Mean_Age_Score,46.18715235,-0.005548059475,"a,d"
Beijing,Mean_Age_Score,44.84837244,0.219724983,"a,d"
Shanghai,Mean_Age_Score,38.13754928,-0.7158320546,"a,d"
Shanghai,Mean_Age_Score,46.59108506,0.3074950874,"a,d"
Guangzhou,Mean_Age_Score,36.19444191,-0.7626417875,"a,d"
Shanghai,Mean_Age_Score,42.10917189,-0.1816726625,"a,d"
Shanghai,Mean_Age_Score,40.29057842,-0.5906298757,"a,d"
Shanghai,Mean_Age_Score,38.13751603,-0.5430933833,"a,d"
Wuhan,Mean_Age_Score,43.01504348,0.3756471872,"a,d"
Shanghai,Mean_Age_Score,40.29021622,-0.1699940413,"a,d"
Shanghai,Mean_Age_Score,42.46807693,-0.0154189961,"a,d"
Beijing,Mean_Age_Score,38.95799857,-0.5605956316,"a,d"
Shanghai,Mean_Age_Score,40.60670993,-0.262648046,"a,d"
Shanghai,Mean_Age_Score,40.29059079,-0.9720403552,"a,d"
Shanghai,Mean_Age_Score,42.10918077,-0.02520694397,"a,d"
Wuhan,Mean_Age_Score,41.93643527,-0.1666597575,"a,d"
Shanghai,Mean_Age_Score,39.76474478,-0.6419314742,"a,d"
Shanghai,Mean_Age_Score,38.137529,-0.84839499,"a,d"
Wuhan,Mean_Age_Score,42.14827871,0.1344369948,"a,d"
Shanghai,Mean_Age_Score,45.8743157,0.2918361127,"a,d"
Beijing,Mean_Age_Score,41.39546968,0.04335268959,"a,d"
Shanghai,Mean_Age_Score,42.10919197,-0.07119695097,"a,d"
Wuhan,Mean_Age_Score,36.50639424,-0.388830632,"a,d"
Shanghai,Mean_Age_Score,39.76475631,-0.5474488735,"a,d"
Shanghai,Mean_Age_Score,39.76476903,-0.7156637907,"a,d"
Shanghai,Mean_Age_Score,47.32208332,0.4546601772,"a,d"
Shanghai,Mean_Age_Score,38.1375481,-0.6735493541,"a,d"
Shanghai,Mean_Age_Score,42.1091738,-0.06694027781,"a,d"
Shanghai,Mean_Age_Score,38.13753647,-0.7048817873,"a,d"
Shanghai,Mean_Age_Score,47.32207992,0.3191322088,"a,d"
Shanghai,Mean_Age_Score,42.10916247,-0.1914393157,"a,d"
Shanghai,Mean_Age_Score,40.61180773,-0.4559215009,"a,d"
Shanghai,Mean_Age_Score,40.61186433,0.3815490603,"a,d"
Shanghai,Mean_Age_Score,46.33150467,0.3845822811,"a,d"
Wuhan,Mean_Age_Score,36.50652972,-0.4510712028,"a,d"
Guangzhou,Mean_Age_Score,37.1879396,-0.8095353246,"a,d"
Shanghai,Mean_Age_Score,39.76462266,-0.514695704,"a,d"
Wuhan,Mean_Age_Score,41.19147115,0.2817201316,"a,d"
Shanghai,Mean_Age_Score,42.10919302,0.04633394629,"a,d"
Guangzhou,Mean_Age_Score,37.18795634,-0.2834854424,"a,d"
Shanghai,Mean_Age_Score,42.46807476,0.03303053975,"a,d"
Shanghai,Mean_Age_Score,40.61186297,-0.02760129422,"a,d"
Shanghai,Mean_Age_Score,40.61186295,-0.04187301919,"a,d"
Shanghai,Mean_Age_Score,46.84756585,0.3488968313,"a,d"
Beijing,Mean_Age_Score,41.39546678,-0.1981983185,"a,d"
Guangzhou,Mean_Age_Score,43.17689376,0.3251873553,"a,d"
Shanghai,Mean_Age_Score,40.61181808,-0.3950799406,"a,d"
Shanghai,Mean_Age_Score,39.76476669,-0.5084159374,"a,d"
Shanghai,Mean_Age_Score,42.10919028,0.03393306956,"a,d"
Shanghai,Mean_Age_Score,38.13751938,-0.6084039807,"a,d"
Shanghai,Mean_Age_Score,38.1375443,-0.5904488564,"a,d"
Shanghai,Mean_Age_Score,38.13749288,-0.5723639131,"a,d"
Beijing,Mean_Age_Score,42.25743927,0.05014690757,"a,d"
Beijing,Mean_Age_Score,42.36093581,0.0182986781,"a,d"
Shanghai,Mean_Age_Score,38.13755085,-0.625166297,"a,d"
Guangzhou,Mean_Age_Score,35.85462385,-0.4900050461,"a,d"
Wuhan,Mean_Age_Score,42.14827513,0.1119479164,"a,d"
Guangzhou,Mean_Age_Score,43.17689291,0.3827871382,"a,d"
Shanghai,Mean_Age_Score,42.10917722,-0.06372348219,"a,d"
Beijing,Mean_Age_Score,42.80443132,0.0263617374,"a,d"
Shanghai,Mean_Age_Score,39.76473703,-0.4580595791,"a,d"
Shanghai,Mean_Age_Score,40.61186849,0.1560821235,"a,d"
Guangzhou,Mean_Age_Score,37.18795467,-0.6712364554,"a,d"
Wuhan,Mean_Age_Score,44.86033054,0.2906372845,"a,d"
Shanghai,Mean_Age_Score,40.61186236,0.03211703524,"a,d"
Shanghai,Mean_Age_Score,40.61186478,0.08137602359,"a,d"
Wuhan,Mean_Age_Score,39.83719807,-0.7318385243,"a,d"
Beijing,Mean_Age_Score,42.36090939,-0.1196324006,"a,d"
Shanghai,Mean_Age_Score,39.76476468,-0.7227123976,"a,d"
Shanghai,Mean_Age_Score,38.1374722,-0.6845331788,"a,d"
Shanghai,Mean_Age_Score,42.10918882,0.008148375899,"a,d"
Shanghai,Mean_Age_Score,46.42674212,0.3530372977,"a,d"
Beijing,Mean_Age_Score,41.39528415,-0.2329134941,"a,d"
Shanghai,Mean_Age_Score,42.46806755,0.107217744,"a,d"
Shanghai,Mean_Age_Score,38.13750179,-0.5151646733,"a,d"
Guangzhou,Mean_Age_Score,37.01764438,-0.5987631679,"a,d"
Shanghai,Mean_Age_Score,46.33151361,0.4450488985,"a,d"
Beijing,Mean_Age_Score,41.39546619,-0.0687321499,"a,d"
Shanghai,Mean_Age_Score,42.109189,-0.1043749601,"a,d"
Beijing,Mean_Age_Score,39.94322111,-0.8854494095,"a,d"
Shanghai,Mean_Age_Score,39.76466475,-0.5895004272,"a,d"
Shanghai,Mean_Age_Score,47.96920601,0.6288665533,"a,d"
Shanghai,Mean_Age_Score,42.46806862,0.07149309665,"a,d"
Shanghai,Mean_Age_Score,42.46807661,0.04024909809,"a,d"
Shanghai,Mean_Age_Score,42.46808005,-0.0424015224,"a,d"
Wuhan,Mean_Age_Score,43.01504692,0.3326918781,"a,d"
Guangzhou,Mean_Age_Score,37.01765623,-0.5960456729,"a,d"
Guangzhou,Mean_Age_Score,36.1944359,-0.4629530013,"a,d"
Shanghai,Mean_Age_Score,42.10918793,-0.01944102347,"a,d"
Shanghai,Mean_Age_Score,42.1091959,0.05982908607,"a,d"
Shanghai,Mean_Age_Score,46.33148863,0.1447613388,"a,d"
Guangzhou,Mean_Age_Score,37.01765771,-0.6064758301,"a,d"
Wuhan,Mean_Age_Score,41.93642978,-0.06608419865,"a,d"
Beijing,Mean_Age_Score,44.70027492,0.1026030034,"a,d"
Wuhan,Mean_Age_Score,39.8372012,-0.5999991894,"a,d"
Shanghai,Mean_Age_Score,46.1871441,0.04290275276,"a,d"
Wuhan,Mean_Age_Score,41.93645114,-0.1168920845,"a,d"
Wuhan,Mean_Age_Score,42.14827486,0.06982748955,"a,d"
Guangzhou,Mean_Age_Score,37.01766849,-0.5846895576,"a,d"
Guangzhou,Mean_Age_Score,36.19437768,-0.2084047645,"a,d"
Shanghai,Mean_Age_Score,40.61186603,0.3094935119,"a,d"
Shanghai,Mean_Age_Score,46.18714016,0.1933285743,"a,d"
Shanghai,Mean_Age_Score,43.94872388,0.2506385446,"a,d"
Shanghai,Mean_Age_Score,42.10918233,-0.08680431545,"a,d"
Guangzhou,Mean_Age_Score,37.18793725,-0.4541282654,"a,d"
Shanghai,Mean_Age_Score,40.29058671,-0.6969736218,"a,d"
Shanghai,Mean_Age_Score,38.13754941,-0.5304553509,"a,d"
Shanghai,Mean_Age_Score,40.61185951,-0.2557657361,"a,d"
Shanghai,Mean_Age_Score,42.46806384,0.1252629459,"a,d"
Beijing,Mean_Age_Score,41.39546564,-0.09142512083,"a,d"
Guangzhou,Mean_Age_Score,41.21844739,0.2135308832,"a,d"
Beijing,Mean_Age_Score,41.53933619,-0.02927229553,"a,d"
Guangzhou,Mean_Age_Score,35.85461428,-0.4985885024,"a,d"
Wuhan,Mean_Age_Score,42.8878738,0.03606402129,"a,d"
Beijing,Mean_Age_Score,43.44371105,0.3221772015,"a,d"
Beijing,Mean_Age_Score,41.39545642,0.02892479114,"a,d"
Guangzhou,Mean_Age_Score,42.95037594,0.07791910321,"a,d"
Shanghai,Mean_Age_Score,38.13752234,-0.5799682736,"a,d"
Shanghai,Mean_Age_Score,47.32208434,0.4127261937,"a,d"
Shanghai,Mean_Age_Score,38.13755188,-0.3295019269,"a,d"
Shanghai,Mean_Age_Score,40.61185251,-0.3774878681,"a,d"
Shanghai,Mean_Age_Score,42.10919388,0.09091742337,"a,d"
Shanghai,Mean_Age_Score,40.61186836,0.2248865962,"a,d"
Shanghai,Mean_Age_Score,42.46807225,0.1783728898,"a,d"
Shanghai,Mean_Age_Score,42.10918092,-0.05407204106,"a,d"
Shanghai,Mean_Age_Score,39.7647407,-0.1969026923,"a,d"
Beijing,Mean_Age_Score,41.95207241,-0.09292180836,"a,d"
Wuhan,Mean_Age_Score,43.01503781,0.3460249603,"a,d"
Guangzhou,Mean_Age_Score,36.19432067,-0.3799758554,"a,d"
Shanghai,Mean_Age_Score,45.93319208,0.1729224622,"a,d"
Shanghai,Mean_Age_Score,40.61186379,-0.122344017,"a,d"
Shanghai,Mean_Age_Score,38.13751564,-0.4422357976,"a,d"
Guangzhou,Mean_Age_Score,36.42617395,-0.3635626733,"a,d"
Shanghai,Mean_Age_Score,40.29054856,-0.6041791439,"a,d"
Guangzhou,Mean_Age_Score,37.01759788,-0.5433434844,"a,d"
Shanghai,Mean_Age_Score,42.10919364,0.04738210887,"a,d"
Shanghai,Mean_Age_Score,38.13754981,-0.7457194924,"a,d"
Shanghai,Mean_Age_Score,40.61182911,-0.4265882075,"a,d"
Shanghai,Mean_Age_Score,40.61185047,-0.3908556104,"a,d"
Shanghai,Mean_Age_Score,45.29740893,0.3309329152,"a,d"
Guangzhou,Mean_Age_Score,36.1944183,-0.2600901425,"a,d"
Beijing,Mean_Age_Score,39.07337139,-0.4573912919,"a,d"
Beijing,Mean_Age_Score,39.07337978,-0.7573757768,"a,d"
Guangzhou,Mean_Age_Score,37.18792361,-0.5643246174,"a,d"
Shanghai,Mean_Age_Score,42.46806937,0.04824271053,"a,d"
Beijing,Mean_Age_Score,42.80443254,0.09777459502,"a,d"
Wuhan,Mean_Age_Score,40.42732999,-0.4012784958,"a,d"
Wuhan,Mean_Age_Score,35.70671859,-1.131593227,"a,d"
Shanghai,Mean_Age_Score,45.87431617,0.3634467125,"a,d"
Shanghai,Mean_Age_Score,47.32208347,0.5348252058,"a,d"
Wuhan,Mean_Age_Score,42.88786345,-0.1202886775,"a,d"
Wuhan,Mean_Age_Score,36.50645333,-0.119082503,"a,d"
Shanghai,Mean_Age_Score,39.76472734,-0.08196122199,"a,d"
Wuhan,Mean_Age_Score,35.7067138,-0.8056606054,"a,d"
Beijing,Mean_Age_Score,39.94320245,-0.4912222624,"a,d"
Beijing,Mean_Age_Score,39.9432163,-0.780908525,"a,d"
Wuhan,Mean_Age_Score,36.50639124,-0.4817812145,"a,d"
Shanghai,Mean_Age_Score,38.13754786,-0.4307739735,"a,d"
Shanghai,Mean_Age_Score,39.76474432,-0.6150599718,"a,d"
Shanghai,Mean_Age_Score,39.76471821,-0.2550399899,"a,d"
Shanghai,Mean_Age_Score,40.29058621,-0.643609941,"a,d"
Beijing,Mean_Age_Score,39.94322114,-1.006272912,"a,d"
Shanghai,Mean_Age_Score,46.84756168,0.1848532706,"a,d"
Beijing,Mean_Age_Score,41.39546757,-0.1093090251,"a,d"
Shanghai,Mean_Age_Score,40.61186693,0.3233445883,"a,d"
Shanghai,Mean_Age_Score,39.76476952,-0.2120793611,"a,d"
Wuhan,Mean_Age_Score,36.50642037,-0.1627378464,"a,d"
Shanghai,Mean_Age_Score,46.331498,0.4353351593,"a,d"
Wuhan,Mean_Age_Score,40.84490343,-0.06194122136,"a,d"
Shanghai,Mean_Age_Score,46.847572,0.3612313569,"a,d"
Shanghai,Mean_Age_Score,42.1091712,-0.1052625254,"a,d"
Shanghai,Mean_Age_Score,40.61186037,-0.0764746815,"a,d"
Shanghai,Mean_Age_Score,40.29059122,-0.4582187533,"a,d"
Beijing,Mean_Age_Score,39.94321935,-0.3595338762,"a,d"
Guangzhou,Mean_Age_Score,36.19437738,-0.4509645998,"a,d"
Shanghai,Mean_Age_Score,42.109195,-0.1416501105,"a,d"
Shanghai,Mean_Age_Score,40.57823057,-0.4444990456,"a,d"
Shanghai,Mean_Age_Score,42.1091934,0.0668983534,"a,d"
Wuhan,Mean_Age_Score,41.93644794,-0.1468027532,"a,d"
Wuhan,Mean_Age_Score,35.7067219,-0.9165813923,"a,d"
Shanghai,Mean_Age_Score,46.84757061,0.4477880597,"a,d"
Shanghai,Mean_Age_Score,42.46807858,0.07958110422,"a,d"
Beijing,Mean_Age_Score,43.67581682,0.229147464,"a,d"
Shanghai,Mean_Age_Score,47.3220855,0.4667084813,"a,d"
Shanghai,Mean_Age_Score,40.61186636,0.2728813291,"a,d"
Shanghai,Mean_Age_Score,40.57824953,-0.3785156906,"a,d"
Shanghai,Mean_Age_Score,46.331497,0.4068132639,"a,d"
Shanghai,Mean_Age_Score,40.61186568,0.3050791323,"a,d"
Shanghai,Mean_Age_Score,40.29058614,-0.6691022515,"a,d"
Shanghai,Mean_Age_Score,42.10918555,-0.2030652016,"a,d"
Wuhan,Mean_Age_Score,36.50651215,-0.2032631934,"a,d"
Wuhan,Mean_Age_Score,42.1482743,0.03738317639,"a,d"
Wuhan,Mean_Age_Score,43.01503372,0.1843605489,"a,d"
Beijing,Mean_Age_Score,38.95797343,-0.5776178837,"a,d"
Beijing,Mean_Age_Score,41.39534226,-0.1571604013,"a,d"
Wuhan,Mean_Age_Score,43.01504311,0.1979010701,"a,d"
Beijing,Mean_Age_Score,41.53933446,0.03061130643,"a,d"
Shanghai,Mean_Age_Score,39.7647295,-0.4509473145,"a,d"
Wuhan,Mean_Age_Score,40.42732762,-0.5425949693,"a,d"
Shanghai,Mean_Age_Score,42.10918663,-0.02740631625,"a,d"
Guangzhou,Mean_Age_Score,43.17689274,0.4723528028,"a,d"
Guangzhou,Mean_Age_Score,37.01765185,-0.6293016672,"a,d"
Beijing,Mean_Age_Score,39.07337087,-0.5545467138,"a,d"
Shanghai,Mean_Age_Score,40.61185365,-0.3700245023,"a,d"
Beijing,Mean_Age_Score,41.53933693,0.07968915999,"a,d"
Shanghai,Mean_Age_Score,46.33150239,0.337292254,"a,d"
Shanghai,Mean_Age_Score,42.10918693,-0.005048606545,"a,d"
Guangzhou,Mean_Age_Score,35.85462412,-0.6660864949,"a,d"
Shanghai,Mean_Age_Score,45.8743154,0.3573037088,"a,d"
Shanghai,Mean_Age_Score,40.61185183,-0.2662123442,"a,d"
Wuhan,Mean_Age_Score,36.50652518,-0.4043697417,"a,d"
Wuhan,Mean_Age_Score,40.84496686,0.2513852715,"a,d"
Shanghai,Mean_Age_Score,42.10917958,0.02085817792,"a,d"
Shanghai,Mean_Age_Score,42.10919237,0.07306774706,"a,d"
Beijing,Mean_Age_Score,41.53933449,0.05422579125,"a,d"
Shanghai,Mean_Age_Score,42.10918271,-0.1532097906,"a,d"
Shanghai,Mean_Age_Score,38.13753511,-0.673848629,"a,d"
Wuhan,Mean_Age_Score,41.19147042,0.3838332295,"a,d"
Shanghai,Mean_Age_Score,42.10917685,0.02127764374,"a,d"
Wuhan,Mean_Age_Score,44.86032248,0.1615082175,"a,d"
Wuhan,Mean_Age_Score,36.50636109,-0.1631415933,"a,d"
Beijing,Mean_Age_Score,38.95796059,-0.3546927273,"a,d"
Shanghai,Mean_Age_Score,45.87430576,0.3367784321,"a,d"
Shanghai,Mean_Age_Score,40.29058561,-0.7372701168,"a,d"
Shanghai,Mean_Age_Score,43.94872898,0.2562720478,"a,d"
Shanghai,Mean_Age_Score,45.87431496,0.3787009418,"a,d"
Shanghai,Mean_Age_Score,39.76475627,-0.2738301456,"a,d"
Shanghai,Mean_Age_Score,42.4680604,0.3894197047,"a,d"
Beijing,Mean_Age_Score,42.36092437,-0.03213744983,"a,d"
Shanghai,Mean_Age_Score,40.29057206,-0.2687762082,"a,d"
Shanghai,Mean_Age_Score,40.57824742,-0.1720135957,"a,d"
Guangzhou,Mean_Age_Score,43.17688191,0.1995318532,"a,d"
Shanghai,Mean_Age_Score,46.33151506,0.4813109636,"a,d"
Beijing,Mean_Age_Score,42.25743451,0.1259921789,"a,d"
Shanghai,Mean_Age_Score,42.46807461,0.04935523868,"a,d"
Beijing,Mean_Age_Score,42.25740047,-0.005445026793,"a,d"
Beijing,Mean_Age_Score,38.95800364,-0.6822420359,"a,d"
Shanghai,Mean_Age_Score,40.61184455,-0.2136321962,"a,d"
Shanghai,Mean_Age_Score,39.76475551,-0.4948375821,"a,d"
Shanghai,Mean_Age_Score,40.61186474,0.4464854002,"a,d"
Beijing,Mean_Age_Score,42.25744139,0.01214616746,"a,d"
Shanghai,Mean_Age_Score,42.46807707,0.05455813184,"a,d"
Wuhan,Mean_Age_Score,39.83717372,-0.6081955433,"a,d"
Wuhan,Mean_Age_Score,43.01504225,0.3030294776,"a,d"
Beijing,Mean_Age_Score,39.94321439,-0.7315452099,"a,d"
Guangzhou,Mean_Age_Score,35.85462383,-0.7342393398,"a,d"
Shanghai,Mean_Age_Score,40.57825009,-0.3062592745,"a,d"
Shanghai,Mean_Age_Score,46.84756677,0.3002594411,"a,d"
Wuhan,Mean_Age_Score,41.19146772,0.400881052,"a,d"
Wuhan,Mean_Age_Score,40.84496498,0.2402643859,"a,d"
Shanghai,Mean_Age_Score,46.84755075,0.3844041228,"a,d"
Shanghai,Mean_Age_Score,40.61185766,-0.1867512614,"a,d"
Shanghai,Mean_Age_Score,40.61185024,-0.3636418879,"a,d"
Shanghai,Mean_Age_Score,45.87431606,0.405100733,"a,d"
Wuhan,Mean_Age_Score,43.01504568,0.390925169,"a,d"
Guangzhou,Mean_Age_Score,36.19439016,-0.4939781129,"a,d"
Shanghai,Mean_Age_Score,47.32208592,0.5475975275,"a,d"
Shanghai,Mean_Age_Score,47.32208494,0.370606333,"a,d"
Shanghai,Mean_Age_Score,39.76476539,-0.7001054883,"a,d"
Guangzhou,Mean_Age_Score,37.01768622,-0.6597785354,"a,d"
Wuhan,Mean_Age_Score,36.50650135,-0.4020023644,"a,d"
Shanghai,Mean_Age_Score,40.29059208,-0.7341167927,"a,d"
Shanghai,Mean_Age_Score,42.46807979,-0.03689547628,"a,d"
Shanghai,Mean_Age_Score,38.13753924,-0.5393637419,"a,d"
Shanghai,Mean_Age_Score,38.13752058,-0.5572434664,"a,d"
Guangzhou,Mean_Age_Score,36.19444388,-0.4443736374,"a,d"
Shanghai,Mean_Age_Score,40.29059067,-0.7272331119,"a,d"
Shanghai,Mean_Age_Score,42.10916008,-0.1613423675,"a,d"
Shanghai,Mean_Age_Score,40.61186387,-0.01325353421,"a,d"
Wuhan,Mean_Age_Score,35.70671913,-0.9977142811,"a,d"
Shanghai,Mean_Age_Score,42.10918874,-0.003063776996,"a,d"
Beijing,Mean_Age_Score,41.3162525,0.3700524271,"a,d"
Shanghai,Mean_Age_Score,46.84756814,0.4217360914,"a,d"
Wuhan,Mean_Age_Score,41.93641043,-0.08810526133,"a,d"
Shanghai,Mean_Age_Score,40.61186305,-0.08718689531,"a,d"
Shanghai,Mean_Age_Score,40.29058681,-0.5341081619,"a,d"
Shanghai,Mean_Age_Score,47.32208586,0.3093245327,"a,d"
Guangzhou,Mean_Age_Score,35.85461299,-0.1599828452,"a,d"
Shanghai,Mean_Age_Score,42.46805367,0.5503501296,"a,d"
Wuhan,Mean_Age_Score,43.01504686,0.5049195886,"a,d"
Shanghai,Mean_Age_Score,38.13754228,-0.6771085858,"a,d"
Shanghai,Mean_Age_Score,40.29058959,-0.5437370539,"a,d"
Wuhan,Mean_Age_Score,44.86032092,0.180556342,"a,d"
Shanghai,Mean_Age_Score,46.42674254,0.2850033939,"a,d"
Shanghai,Mean_Age_Score,42.46807152,0.09330786765,"a,d"
Beijing,Mean_Age_Score,42.80436793,0.02226543985,"a,d"
Shanghai,Mean_Age_Score,46.18714676,0.1374426186,"a,d"
Shanghai,Mean_Age_Score,42.10918632,-0.1349361241,"a,d"
Beijing,Mean_Age_Score,41.31625805,0.4825892448,"a,d"
Beijing,Mean_Age_Score,39.94322079,-0.7510052919,"a,d"
Wuhan,Mean_Age_Score,41.93644392,-0.05281468481,"a,d"
Wuhan,Mean_Age_Score,43.01503628,0.2300594002,"a,d"
Guangzhou,Mean_Age_Score,37.18792594,-0.7364037633,"a,d"
Shanghai,Mean_Age_Score,40.61186718,0.3249808848,"a,d"
Shanghai,Mean_Age_Score,38.13752841,-0.6129974127,"a,d"
Guangzhou,Mean_Age_Score,36.19442383,-0.4484344721,"a,d"
Guangzhou,Mean_Age_Score,36.19444528,-0.488753438,"a,d"
Shanghai,Mean_Age_Score,46.59107505,0.2704158425,"a,d"
Shanghai,Mean_Age_Score,46.59108653,0.2402863353,"a,d"
Wuhan,Mean_Age_Score,36.50637995,-0.3852927089,"a,d"
Shanghai,Mean_Age_Score,42.10919547,0.089830257,"a,d"
Shanghai,Mean_Age_Score,42.46807353,-0.03628802299,"a,d"
Shanghai,Mean_Age_Score,40.61186821,0.3782973289,"a,d"
Wuhan,Mean_Age_Score,42.8878651,0.01053693052,"a,d"
Wuhan,Mean_Age_Score,42.88787322,0.04580075294,"a,d"
Wuhan,Mean_Age_Score,36.50644783,-0.338901937,"a,d"
Shanghai,Mean_Age_Score,43.94873122,0.1775753498,"a,d"
Wuhan,Mean_Age_Score,36.50652562,-0.3771213591,"a,d"
Shanghai,Mean_Age_Score,46.18715237,0.3461098969,"a,d"
Wuhan,Mean_Age_Score,44.86029586,0.2164041251,"a,d"
Guangzhou,Mean_Age_Score,37.0176442,-0.5757989883,"a,d"
Shanghai,Mean_Age_Score,42.1091513,-0.2448882759,"a,d"
Shanghai,Mean_Age_Score,42.10918931,-0.05357572436,"a,d"
Wuhan,Mean_Age_Score,40.84493571,-0.1426490098,"a,d"
Wuhan,Mean_Age_Score,42.14827628,-0.02679102868,"a,d"
Shanghai,Mean_Age_Score,42.10918102,-0.1521040797,"a,d"
Shanghai,Mean_Age_Score,39.76474373,-0.5932970643,"a,d"
Shanghai,Mean_Age_Score,42.10919268,0.09383267164,"a,d"
Shanghai,Mean_Age_Score,46.33151537,0.4316340685,"a,d"
Shanghai,Mean_Age_Score,46.42674224,0.3584465981,"a,d"
Shanghai,Mean_Age_Score,39.7647689,-0.7677637339,"a,d"
Shanghai,Mean_Age_Score,47.32208652,0.2982246876,"a,d"
Shanghai,Mean_Age_Score,40.61186458,0.4154565036,"a,d"
Guangzhou,Mean_Age_Score,37.18795821,-0.7732008696,"a,d"
Shanghai,Mean_Age_Score,42.10919584,0.05209361762,"a,d"
Wuhan,Mean_Age_Score,43.01504543,0.3432573676,"a,d"
Beijing,Mean_Age_Score,39.94321891,-0.8253808618,"a,d"
Guangzhou,Mean_Age_Score,36.19443388,-1.073214412,"a,d"
Wuhan,Mean_Age_Score,35.70671849,-1.046622157,"a,d"
Shanghai,Mean_Age_Score,40.29058117,-0.7679896951,"a,d"
Beijing,Mean_Age_Score,44.84838155,0.3160223663,"a,d"
Beijing,Mean_Age_Score,39.94321937,-0.7585371733,"a,d"
Beijing,Mean_Age_Score,41.95210813,-0.1283819228,"a,d"
Shanghai,Mean_Age_Score,46.84756883,0.3412429988,"a,d"
Shanghai,Mean_Age_Score,38.13753914,-0.4759781361,"a,d"
Shanghai,Mean_Age_Score,42.10919335,-0.01824220829,"a,d"
Shanghai,Mean_Age_Score,42.46807043,0.05328601226,"a,d"
Wuhan,Mean_Age_Score,44.86032461,0.1571439803,"a,d"
Shanghai,Mean_Age_Score,42.10917914,-0.2332894206,"a,d"
Wuhan,Mean_Age_Score,40.84497016,0.2274934202,"a,d"
Shanghai,Mean_Age_Score,40.61186695,0.514373064,"a,d"
Shanghai,Mean_Age_Score,40.2905558,-0.2530239224,"a,d"
Shanghai,Mean_Age_Score,42.46807838,-0.06336404383,"a,d"
Shanghai,Mean_Age_Score,40.2905754,-0.5646690726,"a,d"
Beijing,Mean_Age_Score,42.25743942,0.05243678018,"a,d"
Shanghai,Mean_Age_Score,46.33151158,0.1386851221,"a,d"
Beijing,Mean_Age_Score,41.31625425,0.3297224641,"a,d"
Guangzhou,Mean_Age_Score,36.41511095,-0.3960580826,"a,d"
Shanghai,Mean_Age_Score,42.10919367,0.0395838581,"a,d"
Beijing,Mean_Age_Score,45.55181736,0.1392133981,"a,d"
Wuhan,Mean_Age_Score,43.01504638,0.4316823184,"a,d"
Beijing,Mean_Age_Score,42.80439536,-0.05053055659,"a,d"
Wuhan,Mean_Age_Score,41.96432287,-0.1512516439,"a,d"
Shanghai,Mean_Age_Score,38.13755032,-0.7009704709,"a,d"
Shanghai,Mean_Age_Score,46.33150884,0.3613505065,"a,d"
Guangzhou,Mean_Age_Score,35.85462518,-0.2757202983,"a,d"
Shanghai,Mean_Age_Score,38.13752332,-0.6498647332,"a,d"
Shanghai,Mean_Age_Score,47.32208606,0.5493741632,"a,d"
Shanghai,Mean_Age_Score,42.10919357,0.05092106014,"a,d"
Beijing,Mean_Age_Score,44.70027824,0.3854164183,"a,d"
Shanghai,Mean_Age_Score,38.13754898,-0.5034738779,"a,d"
Shanghai,Mean_Age_Score,46.59108122,0.2140826583,"a,d"
Shanghai,Mean_Age_Score,42.46807786,0.04251124337,"a,d"
Shanghai,Mean_Age_Score,40.61185834,-0.3366114497,"a,d"
Shanghai,Mean_Age_Score,40.29058404,-0.4791417718,"a,d"
Shanghai,Mean_Age_Score,47.32208518,0.4082796276,"a,d"
Beijing,Mean_Age_Score,41.53933812,-0.03069151752,"a,d"
Wuhan,Mean_Age_Score,36.50645826,-0.5319048762,"a,d"
Shanghai,Mean_Age_Score,38.13754604,-0.6307631135,"a,d"
Guangzhou,Mean_Age_Score,36.19444628,-0.4594679475,"a,d"
Wuhan,Mean_Age_Score,40.84478686,-0.02061607875,"a,d"
Wuhan,Mean_Age_Score,42.40066985,0.1480227709,"a,d"
Shanghai,Mean_Age_Score,39.76474305,-0.2435602099,"a,d"
Shanghai,Mean_Age_Score,46.33151287,0.5995008349,"a,d"
Shanghai,Mean_Age_Score,38.13753807,-0.416116178,"a,d"
Shanghai,Mean_Age_Score,42.10918884,-0.001895301044,"a,d"
Shanghai,Mean_Age_Score,46.18714444,0.4113676846,"a,d"
Shanghai,Mean_Age_Score,39.76475032,-0.8955308795,"a,d"
Shanghai,Mean_Age_Score,40.2905796,-0.7668047547,"a,d"
Shanghai,Mean_Age_Score,38.13753465,-0.8912978172,"a,d"
Guangzhou,Mean_Age_Score,36.19442318,-0.935842514,"a,d"
Shanghai,Mean_Age_Score,39.76473802,-0.561935842,"a,d"
Wuhan,Mean_Age_Score,36.50623423,-0.3209040165,"a,d"
Beijing,Mean_Age_Score,38.95796788,-0.407533884,"a,d"
Shanghai,Mean_Age_Score,46.59108072,0.4093424678,"a,d"
Wuhan,Mean_Age_Score,36.50648388,-0.5237827301,"a,d"
Shanghai,Mean_Age_Score,40.61186154,-0.264657557,"a,d"
Shanghai,Mean_Age_Score,42.10918589,0.03711648285,"a,d"
Wuhan,Mean_Age_Score,41.93623383,-0.2523259819,"a,d"
Shanghai,Mean_Age_Score,46.18715021,0.3313375413,"a,d"
Beijing,Mean_Age_Score,39.07331248,-0.5071535707,"a,d"
Guangzhou,Mean_Age_Score,36.4151167,-0.3265616596,"a,d"
Guangzhou,Mean_Age_Score,35.8546242,-0.780815959,"a,d"
Wuhan,Mean_Age_Score,42.88787008,-0.005063603166,"a,d"
Wuhan,Mean_Age_Score,39.83715023,-0.5720460415,"a,d"
Shanghai,Mean_Age_Score,46.18714872,0.01844212972,"a,d"
Shanghai,Mean_Age_Score,42.10916635,-0.2043913007,"a,d"
Guangzhou,Mean_Age_Score,37.07246941,-0.3273847103,"a,d"
Wuhan,Mean_Age_Score,43.01504549,0.4527556896,"a,d"
Shanghai,Mean_Age_Score,47.96919726,0.6501577497,"a,d"
Beijing,Mean_Age_Score,41.31622781,0.119083561,"a,d"
Shanghai,Mean_Age_Score,40.6118449,-0.2253446281,"a,d"
Wuhan,Mean_Age_Score,42.14826956,0.02436593547,"a,d"
Shanghai,Mean_Age_Score,46.84756946,0.2976628244,"a,d"
Shanghai,Mean_Age_Score,39.76474596,-0.4498955607,"a,d"
Shanghai,Mean_Age_Score,40.61185945,-0.2322194576,"a,d"
Shanghai,Mean_Age_Score,42.46805002,0.5018222332,"a,d"
Beijing,Mean_Age_Score,41.53933429,-0.00780211715,"a,d"
Shanghai,Mean_Age_Score,40.61186993,0.247793749,"a,d"
Shanghai,Mean_Age_Score,40.61185814,-0.1360490769,"a,d"
Shanghai,Mean_Age_Score,40.61185122,-0.3114838004,"a,d"
Beijing,Mean_Age_Score,38.95798118,-0.5426381826,"a,d"
Guangzhou,Mean_Age_Score,36.19444638,-0.5353832245,"a,d"
Shanghai,Mean_Age_Score,38.13755132,-0.556913197,"a,d"
Guangzhou,Mean_Age_Score,41.21845972,-0.184529826,"a,d"
Guangzhou,Mean_Age_Score,43.17689436,0.4206714332,"a,d"
Shanghai,Mean_Age_Score,46.18715203,0.4540263712,"a,d"
Beijing,Mean_Age_Score,42.2574321,-0.03108908981,"a,d"
Shanghai,Mean_Age_Score,42.10917065,-0.1087328866,"a,d"
Shanghai,Mean_Age_Score,45.87431353,0.324639231,"a,d"
Shanghai,Mean_Age_Score,40.29059605,-0.5203434825,"a,d"
Guangzhou,Mean_Age_Score,36.19436569,-0.5373174548,"a,d"
Guangzhou,Mean_Age_Score,35.85462318,-0.5122517943,"a,d"
Shanghai,Mean_Age_Score,42.10919263,-0.2983618677,"a,d"
Shanghai,Mean_Age_Score,43.94871838,0.2942063212,"a,d"
Shanghai,Mean_Age_Score,40.61186724,0.1683216542,"a,d"
Wuhan,Mean_Age_Score,42.88787323,0.04195436835,"a,d"
Guangzhou,Mean_Age_Score,37.01769816,-0.7365546823,"a,d"
Beijing,Mean_Age_Score,42.25744071,0.09296448529,"a,d"
Wuhan,Mean_Age_Score,43.01504677,0.4112968743,"a,d"
Wuhan,Mean_Age_Score,40.84493684,-0.009844553657,"a,d"
Beijing,Mean_Age_Score,39.94322038,-0.6610081196,"a,d"
Shanghai,Mean_Age_Score,40.29059575,-0.7103187442,"a,d"
Shanghai,Mean_Age_Score,40.61185353,-0.2556792498,"a,d"
Shanghai,Mean_Age_Score,42.10918732,-0.0393123813,"a,d"
Shanghai,Mean_Age_Score,45.87431519,0.3532033265,"a,d"
Shanghai,Mean_Age_Score,42.10919413,-0.03556582332,"a,d"
Wuhan,Mean_Age_Score,41.93633243,-0.2127746046,"a,d"
Shanghai,Mean_Age_Score,42.10918823,0.02864288166,"a,d"
Guangzhou,Mean_Age_Score,35.85462169,-0.5398732424,"a,d"
Shanghai,Mean_Age_Score,46.84755654,0.3924024701,"a,d"
Wuhan,Mean_Age_Score,41.19145674,0.1143202707,"a,d"
Wuhan,Mean_Age_Score,41.93635347,-0.2296323925,"a,d"
Wuhan,Mean_Age_Score,42.14826809,-0.146826148,"a,d"
Shanghai,Mean_Age_Score,47.3220806,0.3704008758,"a,d"
Wuhan,Mean_Age_Score,36.506477,-0.4693020582,"a,d"
Shanghai,Mean_Age_Score,42.46807518,0.03884080052,"a,d"
Beijing,Mean_Age_Score,41.5393369,0.03203217313,"a,d"
Wuhan,Mean_Age_Score,41.9364291,-0.2639647126,"a,d"
Shanghai,Mean_Age_Score,42.468076,0.05149097368,"a,d"
Shanghai,Mean_Age_Score,40.61186227,-0.01457233354,"a,d"
Shanghai,Mean_Age_Score,46.84757097,0.44634372,"a,d"
Wuhan,Mean_Age_Score,36.50652965,-0.4114071131,"a,d"
Beijing,Mean_Age_Score,42.25743997,-0.004937948193,"a,d"
Shanghai,Mean_Age_Score,42.46807805,-0.1139457971,"a,d"
Shanghai,Mean_Age_Score,39.76475914,-0.6518211365,"a,d"
Shanghai,Mean_Age_Score,38.13754541,-0.5154331923,"a,d"
Guangzhou,Mean_Age_Score,37.18796118,-0.7458418608,"a,d"
Guangzhou,Mean_Age_Score,37.01771348,-0.4970275164,"a,d"
Beijing,Mean_Age_Score,39.07337714,-0.8820944428,"a,d"
Shanghai,Mean_Age_Score,40.61186677,0.3735398948,"a,d"
Shanghai,Mean_Age_Score,38.13754495,-0.7679741979,"a,d"
Shanghai,Mean_Age_Score,39.76475102,-0.255433023,"a,d"
Shanghai,Mean_Age_Score,40.2905893,-0.5556577444,"a,d"
Beijing,Mean_Age_Score,44.84837609,0.173349306,"a,d"
Guangzhou,Mean_Age_Score,37.18796288,-0.9766204357,"a,d"
Guangzhou,Mean_Age_Score,36.19442192,-0.5113527179,"a,d"
Shanghai,Mean_Age_Score,43.94872161,0.1116548702,"a,d"
Wuhan,Mean_Age_Score,36.50646911,-0.4449665546,"a,d"
Guangzhou,Mean_Age_Score,37.07254541,-0.5832790732,"a,d"
Shanghai,Mean_Age_Score,40.61186276,-0.04766056687,"a,d"
Shanghai,Mean_Age_Score,45.78409452,0.3628393412,"a,d"
Shanghai,Mean_Age_Score,42.10917593,-0.04597582668,"a,d"
Shanghai,Mean_Age_Score,42.46807822,0.00811989978,"a,d"
Shanghai,Mean_Age_Score,40.57818821,-0.52718997,"a,d"
Beijing,Mean_Age_Score,38.95799988,-0.6686013937,"a,d"
Wuhan,Mean_Age_Score,44.86031669,0.2818483412,"a,d"
Shanghai,Mean_Age_Score,42.10910653,-0.1779045314,"a,d"
Guangzhou,Mean_Age_Score,37.01762437,-0.6566379666,"a,d"
Wuhan,Mean_Age_Score,36.50653542,-0.8908983469,"a,d"
Beijing,Mean_Age_Score,39.07337987,-0.889197886,"a,d"
Guangzhou,Mean_Age_Score,37.18793732,-1.083872437,"a,d"
Wuhan,Mean_Age_Score,43.01503475,0.2104269564,"a,d"
Wuhan,Mean_Age_Score,40.42731841,-0.5598929524,"a,d"
Wuhan,Mean_Age_Score,44.8603192,0.292447269,"a,d"
Shanghai,Mean_Age_Score,38.13754999,-0.6541422009,"a,d"
Shanghai,Mean_Age_Score,46.84756801,0.3885112107,"a,d"
Shanghai,Mean_Age_Score,46.18715076,0.3046646714,"a,d"
Wuhan,Mean_Age_Score,43.0150393,0.149262622,"a,d"
Shanghai,Mean_Age_Score,46.84756997,0.3240989745,"a,d"
Beijing,Mean_Age_Score,41.39544796,-0.02244974487,"a,d"
Shanghai,Mean_Age_Score,42.10919267,-0.05037644506,"a,d"
Wuhan,Mean_Age_Score,36.50651541,-0.69451648,"a,d"
Beijing,Mean_Age_Score,39.0733768,-0.8244419098,"a,d"
Wuhan,Mean_Age_Score,35.70672012,-1.133380413,"a,d"
Shanghai,Mean_Age_Score,40.61186073,-0.1861395687,"a,d"
Shanghai,Mean_Age_Score,42.10919404,0.03189899027,"a,d"
Shanghai,Mean_Age_Score,39.76474812,-0.4704707861,"a,d"
Shanghai,Mean_Age_Score,40.6118665,0.3808555305,"a,d"
Shanghai,Mean_Age_Score,46.18714646,-0.02384233661,"a,d"
Shanghai,Mean_Age_Score,42.468078,0.004726043437,"a,d"
Guangzhou,Mean_Age_Score,37.01769038,-0.6098182797,"a,d"
Guangzhou,Mean_Age_Score,36.19440385,-0.3703270257,"a,d"
Shanghai,Mean_Age_Score,45.87431243,0.4025062323,"a,d"
Beijing,Mean_Age_Score,38.95800128,-0.8222939968,"a,d"
Wuhan,Mean_Age_Score,43.01502732,0.2829902768,"a,d"
Beijing,Mean_Age_Score,39.07338709,-0.789043963,"a,d"
Shanghai,Mean_Age_Score,46.33148519,0.1617794782,"a,d"
Shanghai,Mean_Age_Score,39.76474926,-0.4366744459,"a,d"
Shanghai,Mean_Age_Score,40.61186443,0.2893068492,"a,d"
Wuhan,Mean_Age_Score,42.40066959,0.09876936674,"a,d"
Wuhan,Mean_Age_Score,36.50653203,-0.5526319146,"a,d"
Shanghai,Mean_Age_Score,46.84757029,0.411690414,"a,d"
Beijing,Mean_Age_Score,39.94319772,-0.4482043087,"a,d"
Shanghai,Mean_Age_Score,39.76469708,-0.4096162021,"a,d"
Shanghai,Mean_Age_Score,46.42674305,0.2701208591,"a,d"
Guangzhou,Mean_Age_Score,36.41511578,-0.3750539124,"a,d"
Shanghai,Mean_Age_Score,42.1091682,-0.2855749428,"a,d"
Wuhan,Mean_Age_Score,43.01504165,0.3340723813,"a,d"
Shanghai,Mean_Age_Score,46.18715129,0.1964930892,"a,d"
Beijing,Mean_Age_Score,42.2574368,-0.0493478179,"a,d"
Shanghai,Mean_Age_Score,40.61185968,-0.2134153992,"a,d"
Shanghai,Mean_Age_Score,42.46805524,0.3996454477,"a,d"
Beijing,Mean_Age_Score,41.39532681,-0.2119531929,"a,d"
Shanghai,Mean_Age_Score,42.46807065,0.04643905163,"a,d"
Wuhan,Mean_Age_Score,36.506485,-0.566085875,"a,d"
Shanghai,Mean_Age_Score,40.61186504,0.3363599777,"a,d"
Shanghai,Mean_Age_Score,40.57825485,-0.1494156569,"a,d"
Shanghai,Mean_Age_Score,40.61186161,-0.1026852354,"a,d"
Wuhan,Mean_Age_Score,44.86029785,0.122338891,"a,d"
Shanghai,Mean_Age_Score,47.32129753,0.3803973198,"a,d"
Beijing,Mean_Age_Score,39.94322103,-0.8972876072,"a,d"
Beijing,Mean_Age_Score,42.25744248,0.04299081862,"a,d"
Shanghai,Mean_Age_Score,42.46807501,-0.007796999998,"a,d"
Wuhan,Mean_Age_Score,36.50638993,-0.002589874202,"a,d"
Wuhan,Mean_Age_Score,36.50606544,-0.3851448596,"a,d"
Guangzhou,Mean_Age_Score,37.18778456,-0.4880511463,"a,d"
Shanghai,Mean_Age_Score,40.61186422,0.3486047685,"a,d"
Guangzhou,Mean_Age_Score,36.19434767,-0.4521985948,"a,d"
Shanghai,Mean_Age_Score,46.33151617,0.4157994092,"a,d"
Wuhan,Mean_Age_Score,42.88787502,0.03468735516,"a,d"
Beijing,Mean_Age_Score,42.36093818,0.026602678,"a,d"
Guangzhou,Mean_Age_Score,36.19439572,-0.4509619176,"a,d"
Guangzhou,Mean_Age_Score,37.01767112,-0.6231274605,"a,d"
Beijing,Mean_Age_Score,39.94322121,-0.7435768247,"a,d"
Beijing,Mean_Age_Score,41.53927427,-0.2229617983,"a,d"
Guangzhou,Mean_Age_Score,36.19443763,-0.63719666,"a,d"
Beijing,Mean_Age_Score,45.32824271,0.2688150406,"a,d"
Shanghai,Mean_Age_Score,38.13754532,-0.6409298182,"a,d"
Beijing,Mean_Age_Score,39.94322088,-0.5883782506,"a,d"
Guangzhou,Mean_Age_Score,37.18790458,-0.6081955433,"a,d"
Shanghai,Mean_Age_Score,39.76475078,-0.8659957647,"a,d"
Beijing,Mean_Age_Score,41.53932297,-0.05651102588,"a,d"
Guangzhou,Mean_Age_Score,37.07252237,-0.1477933675,"a,d"
Shanghai,Mean_Age_Score,46.33151272,0.3466421366,"a,d"
Beijing,Mean_Age_Score,43.6761386,0.3712299168,"a,d"
Shanghai,Mean_Age_Score,40.61186503,0.2962554395,"a,d"
Shanghai,Mean_Age_Score,38.1375451,-0.7360014915,"a,d"
Shanghai,Mean_Age_Score,42.10918319,-0.0863468498,"a,d"
Shanghai,Mean_Age_Score,46.33151249,0.3452007174,"a,d"
Guangzhou,Mean_Age_Score,37.01766348,-0.6100480556,"a,d"
Shanghai,Mean_Age_Score,40.61185509,-0.241387248,"a,d"
Beijing,Mean_Age_Score,42.36093661,0.04393136129,"a,d"
Guangzhou,Mean_Age_Score,37.187956,-0.4709657729,"a,d"
Guangzhou,Mean_Age_Score,41.21846005,0.2473072708,"a,d"
Shanghai,Mean_Age_Score,47.32208635,0.2302714586,"a,d"
Guangzhou,Mean_Age_Score,37.18793021,-0.9798454642,"a,d"
Beijing,Mean_Age_Score,39.94319543,-0.5583042502,"a,d"
Wuhan,Mean_Age_Score,40.69119904,-0.0166298952,"a,d"
Guangzhou,Mean_Age_Score,36.19440788,-0.4914954603,"a,d"
Shanghai,Mean_Age_Score,46.84757165,0.186573863,"a,d"
Guangzhou,Mean_Age_Score,36.1944193,-0.4455923736,"a,d"
Shanghai,Mean_Age_Score,42.10917627,-0.1635344177,"a,d"
Shanghai,Mean_Age_Score,39.57809032,-0.2320965677,"a,d"
Shanghai,Mean_Age_Score,42.10919003,0.1172291636,"a,d"
Shanghai,Mean_Age_Score,46.33150235,0.3058315814,"a,d"
Shanghai,Mean_Age_Score,39.76471103,-0.602827847,"a,d"
Beijing,Mean_Age_Score,42.36085832,-0.06725185364,"a,d"
Shanghai,Mean_Age_Score,46.1871507,0.1000377461,"a,d"
Beijing,Mean_Age_Score,38.95790027,-0.5722924471,"a,d"
Beijing,Mean_Age_Score,38.95796262,-0.7288578153,"a,d"
Shanghai,Mean_Age_Score,42.46799432,0.3237507641,"a,d"
Wuhan,Mean_Age_Score,40.84494561,0.09222130477,"a,d"
Guangzhou,Mean_Age_Score,36.19442992,-0.5046248436,"a,d"
Shanghai,Mean_Age_Score,42.46807702,0.06551011652,"a,d"
Shanghai,Mean_Age_Score,42.1091957,0.09238724411,"a,d"
Wuhan,Mean_Age_Score,35.70672498,-0.2002935857,"a,d"
Shanghai,Mean_Age_Score,42.10917925,-0.1162244529,"a,d"
Shanghai,Mean_Age_Score,42.10917804,-0.1149875894,"a,d"
Guangzhou,Mean_Age_Score,36.19435929,-0.4387821257,"a,d"
Shanghai,Mean_Age_Score,40.29058694,-0.7617788315,"a,d"
Shanghai,Mean_Age_Score,42.46805923,0.2405288815,"a,d"
Shanghai,Mean_Age_Score,47.32208254,0.3349973857,"a,d"
Wuhan,Mean_Age_Score,43.01495057,0.2546803951,"a,d"
Shanghai,Mean_Age_Score,40.61186702,0.1806649864,"a,d"
Shanghai,Mean_Age_Score,38.13754688,-0.7736126184,"a,d"
Shanghai,Mean_Age_Score,42.10919404,0.06191338226,"a,d"
Shanghai,Mean_Age_Score,42.46805012,0.4717901349,"a,d"
Wuhan,Mean_Age_Score,36.50653723,-0.7899131775,"a,d"
Wuhan,Mean_Age_Score,44.86032494,0.4019121826,"a,d"
Shanghai,Mean_Age_Score,45.87431581,0.4152750075,"a,d"
Shanghai,Mean_Age_Score,39.76473297,-0.2166905999,"a,d"
Shanghai,Mean_Age_Score,45.87431442,0.1321537048,"a,d"
Shanghai,Mean_Age_Score,42.10919041,0.05834901705,"a,d"
Shanghai,Mean_Age_Score,39.76475773,-0.84107095,"a,d"
Shanghai,Mean_Age_Score,42.46807401,0.03040623292,"a,d"
Shanghai,Mean_Age_Score,45.87431439,0.4012750983,"a,d"
Beijing,Mean_Age_Score,41.95203454,-0.1824137866,"a,d"
Shanghai,Mean_Age_Score,42.10916593,-0.1493915468,"a,d"
Guangzhou,Mean_Age_Score,36.19444907,-0.7680214643,"a,d"
Wuhan,Mean_Age_Score,43.01504681,0.4856660068,"a,d"
Shanghai,Mean_Age_Score,42.46807379,-0.01272355765,"a,d"
Shanghai,Mean_Age_Score,42.10919247,-0.08467935026,"a,d"
Wuhan,Mean_Age_Score,42.88787531,0.06435143948,"a,d"
Shanghai,Mean_Age_Score,45.87431702,0.3777415752,"a,d"
Shanghai,Mean_Age_Score,40.29059088,-0.2504602075,"a,d"
Shanghai,Mean_Age_Score,46.59108151,0.326710403,"a,d"
Shanghai,Mean_Age_Score,46.33151466,0.3377032578,"a,d"
Shanghai,Mean_Age_Score,46.18715247,0.2580775619,"a,d"
Shanghai,Mean_Age_Score,42.4680589,-0.02898878977,"a,d"
Wuhan,Mean_Age_Score,43.01503358,0.3479904234,"a,d"
Shanghai,Mean_Age_Score,46.84756902,0.3564325571,"a,d"
Wuhan,Mean_Age_Score,43.01502334,0.1905744821,"a,d"
Shanghai,Mean_Age_Score,45.87431323,0.3526136279,"a,d"
Wuhan,Mean_Age_Score,42.40066372,0.1978579462,"a,d"
Shanghai,Mean_Age_Score,39.76476651,-0.4763200879,"a,d"
Beijing,Mean_Age_Score,41.39541335,-0.1265107095,"a,d"
Shanghai,Mean_Age_Score,38.13749659,-0.6111505032,"a,d"
Beijing,Mean_Age_Score,39.94321447,-0.8325031996,"a,d"
Shanghai,Mean_Age_Score,40.6118653,0.2669116259,"a,d"
Shanghai,Mean_Age_Score,40.61184623,-0.41375947,"a,d"
Shanghai,Mean_Age_Score,39.76472028,-0.6763158441,"a,d"
Shanghai,Mean_Age_Score,42.46806064,0.3415035605,"a,d"
Shanghai,Mean_Age_Score,40.29058638,-1.023594379,"a,d"
Guangzhou,Mean_Age_Score,37.01769143,-0.5310619473,"a,d"
Guangzhou,Mean_Age_Score,35.85458463,-0.17741552,"a,d"
Shanghai,Mean_Age_Score,40.57824531,-0.2595091164,"a,d"
Beijing,Mean_Age_Score,41.31625234,0.4414155185,"a,d"
Beijing,Mean_Age_Score,41.3954629,-0.1726760268,"a,d"
Shanghai,Mean_Age_Score,40.61186968,0.1401377767,"a,d"
Wuhan,Mean_Age_Score,41.93640662,-0.09699726105,"a,d"
Guangzhou,Mean_Age_Score,36.19444481,-0.2898276448,"a,d"
Guangzhou,Mean_Age_Score,37.18793496,-0.3971171081,"a,d"
Shanghai,Mean_Age_Score,46.84755666,0.4464504421,"a,d"
Shanghai,Mean_Age_Score,42.10919408,0.09737030417,"a,d"
Guangzhou,Mean_Age_Score,36.19436982,-0.4518974423,"a,d"
Shanghai,Mean_Age_Score,46.18715236,0.0703888759,"a,d"
Shanghai,Mean_Age_Score,40.29059542,-0.325168848,"a,d"
Guangzhou,Mean_Age_Score,36.19440319,-0.5475062728,"a,d"
Shanghai,Mean_Age_Score,40.61185783,-0.1856680065,"a,d"
Shanghai,Mean_Age_Score,40.57824805,-0.2400842011,"a,d"
Beijing,Mean_Age_Score,39.9432209,-0.4759832919,"a,d"
Beijing,Mean_Age_Score,41.39546537,-0.008334561251,"a,d"
Shanghai,Mean_Age_Score,42.46807816,0.05572358146,"a,d"
Shanghai,Mean_Age_Score,40.29057787,-0.7965326309,"a,d"
Beijing,Mean_Age_Score,41.53933552,0.04233910888,"a,d"
Wuhan,Mean_Age_Score,39.83719775,-0.6170769334,"a,d"
Shanghai,Mean_Age_Score,38.13753396,-0.5476034284,"a,d"
Shanghai,Mean_Age_Score,40.6118679,0.3131317794,"a,d"
Beijing,Mean_Age_Score,41.31624863,0.3381072581,"a,d"
Shanghai,Mean_Age_Score,40.29059132,-0.6353751421,"a,d"
Shanghai,Mean_Age_Score,42.10918845,-0.05026094988,"a,d"
Shanghai,Mean_Age_Score,42.10918238,-0.04781741649,"a,d"
Shanghai,Mean_Age_Score,47.32208558,0.3866317868,"a,d"
Beijing,Mean_Age_Score,42.80443356,0.09109468758,"a,d"
Guangzhou,Mean_Age_Score,37.18794594,-0.3566358984,"a,d"
Beijing,Mean_Age_Score,42.25743534,-0.0243394915,"a,d"
Shanghai,Mean_Age_Score,38.13754077,-0.5415601134,"a,d"
Shanghai,Mean_Age_Score,39.7647601,-0.6039261222,"a,d"
Shanghai,Mean_Age_Score,42.46807424,-0.001619877876,"a,d"
Shanghai,Mean_Age_Score,40.6118428,-0.2471021116,"a,d"
Wuhan,Mean_Age_Score,44.86031864,0.2682850063,"a,d"
Wuhan,Mean_Age_Score,42.88786649,-0.09738251567,"a,d"
Shanghai,Mean_Age_Score,42.10918014,-0.1384500116,"a,d"
Shanghai,Mean_Age_Score,42.4680738,0.02745078132,"a,d"
Shanghai,Mean_Age_Score,46.18715379,0.3259571195,"a,d"
Shanghai,Mean_Age_Score,42.46806872,0.2591056228,"a,d"
Shanghai,Mean_Age_Score,43.94871848,0.1721678972,"a,d"
Wuhan,Mean_Age_Score,35.70672087,-0.8767634034,"a,d"
Shanghai,Mean_Age_Score,40.29059545,-0.6188398004,"a,d"
Wuhan,Mean_Age_Score,36.50637995,-0.3852927089,"a,d"
Shanghai,Mean_Age_Score,46.84756977,0.3529344797,"a,d"
Beijing,Mean_Age_Score,41.53933812,0.01002508961,"a,d"
Shanghai,Mean_Age_Score,46.8475709,0.2511128485,"a,d"
Shanghai,Mean_Age_Score,40.61186119,-0.07821218669,"a,d"
Shanghai,Mean_Age_Score,46.84756873,0.3869981766,"a,d"
Beijing,Mean_Age_Score,41.3162238,0.2262711078,"a,d"
Shanghai,Mean_Age_Score,42.46806831,0.1540734768,"a,d"
Shanghai,Mean_Age_Score,42.10918961,0.02890867181,"a,d"
Wuhan,Mean_Age_Score,36.50631969,-0.47232005,"a,d"
Shanghai,Mean_Age_Score,42.10919426,0.1462255716,"a,d"
Guangzhou,Mean_Age_Score,37.18789211,-0.5103189349,"a,d"
Shanghai,Mean_Age_Score,45.87431588,0.2872502804,"a,d"
Guangzhou,Mean_Age_Score,36.19443339,-0.5157633424,"a,d"
Wuhan,Mean_Age_Score,42.88787536,0.09931889921,"a,d"
Wuhan,Mean_Age_Score,44.8603218,0.189335376,"a,d"
Shanghai,Mean_Age_Score,40.57824537,-0.2750753164,"a,d"
Shanghai,Mean_Age_Score,39.7647032,-0.3791728616,"a,d"
Shanghai,Mean_Age_Score,42.10914939,-0.1783880889,"a,d"
Shanghai,Mean_Age_Score,40.61186505,0.4600014389,"a,d"
Shanghai,Mean_Age_Score,42.46807539,0.0420036763,"a,d"
Shanghai,Mean_Age_Score,42.10918197,0.009443161078,"a,d"
Shanghai,Mean_Age_Score,42.46807304,0.02335940674,"a,d"
Shanghai,Mean_Age_Score,46.33151053,0.238198787,"a,d"
Shanghai,Mean_Age_Score,40.29059069,-0.2077933699,"a,d"
Wuhan,Mean_Age_Score,36.50642558,-0.300488472,"a,d"
Wuhan,Mean_Age_Score,41.96442925,-0.06175753847,"a,d"
Wuhan,Mean_Age_Score,43.01504769,0.2249529958,"a,d"
Shanghai,Mean_Age_Score,39.76475025,-0.581371069,"a,d"
Wuhan,Mean_Age_Score,35.70672165,-0.7724367976,"a,d"
Guangzhou,Mean_Age_Score,37.18789731,-0.4635690749,"a,d"
Wuhan,Mean_Age_Score,36.50653903,-0.7196703553,"a,d"
Guangzhou,Mean_Age_Score,37.01766839,-0.5981001258,"a,d"
Shanghai,Mean_Age_Score,46.18714357,0.5473934412,"a,d"
Shanghai,Mean_Age_Score,47.32208717,0.3008641899,"a,d"
Guangzhou,Mean_Age_Score,37.01764573,-0.6362003684,"a,d"
Shanghai,Mean_Age_Score,43.94868725,0.2996271253,"a,d"
Beijing,Mean_Age_Score,41.53933776,0.07820880413,"a,d"
Shanghai,Mean_Age_Score,40.61186621,0.343683809,"a,d"
Shanghai,Mean_Age_Score,46.84757,0.2772286236,"a,d"
Shanghai,Mean_Age_Score,39.76476443,-0.7734576464,"a,d"
Shanghai,Mean_Age_Score,38.13752143,-0.3980209529,"a,d"
Shanghai,Mean_Age_Score,42.10914737,-0.1684876978,"a,d"
Shanghai,Mean_Age_Score,46.84756898,0.3006880283,"a,d"
Shanghai,Mean_Age_Score,40.57824773,-0.2509799302,"a,d"
Guangzhou,Mean_Age_Score,36.19442419,-0.7448962331,"a,d"
Shanghai,Mean_Age_Score,40.61186037,-0.1794161648,"a,d"
Wuhan,Mean_Age_Score,42.40065729,0.05423234403,"a,d"
Shanghai,Mean_Age_Score,45.8743172,0.3599041104,"a,d"
Guangzhou,Mean_Age_Score,35.8546236,-0.4113741517,"a,d"
Beijing,Mean_Age_Score,42.76337471,-0.04263593629,"a,d"
Beijing,Mean_Age_Score,39.07335008,-0.4917836189,"a,d"
Beijing,Mean_Age_Score,41.53933492,0.07359920442,"a,d"
Shanghai,Mean_Age_Score,38.13751276,-0.662401855,"a,d"
Shanghai,Mean_Age_Score,42.46807357,0.03172480687,"a,d"
Wuhan,Mean_Age_Score,44.86032473,0.3062590957,"a,d"
Wuhan,Mean_Age_Score,43.01504501,0.6523323655,"a,d"
Guangzhou,Mean_Age_Score,36.19443771,-0.4723491371,"a,d"
Shanghai,Mean_Age_Score,40.61186397,0.061493624,"a,d"
Shanghai,Mean_Age_Score,40.29059141,-0.4813872278,"a,d"
Guangzhou,Mean_Age_Score,37.01767966,-0.4169972837,"a,d"
Guangzhou,Mean_Age_Score,36.19444743,-0.7016631365,"a,d"
Wuhan,Mean_Age_Score,43.01503876,0.3401942551,"a,d"
Guangzhou,Mean_Age_Score,41.21845742,0.3677410483,"a,d"
Shanghai,Mean_Age_Score,46.18714641,0.3985889256,"a,d"
Wuhan,Mean_Age_Score,40.8449258,0.07741627842,"a,d"
Shanghai,Mean_Age_Score,40.57825243,-0.3313137889,"a,d"
Guangzhou,Mean_Age_Score,37.1879244,-0.3358420134,"a,d"
Shanghai,Mean_Age_Score,40.61186578,0.3943862617,"a,d"
Shanghai,Mean_Age_Score,42.10913283,-0.2369213253,"a,d"
Wuhan,Mean_Age_Score,39.83708571,-0.5816129446,"a,d"
Wuhan,Mean_Age_Score,36.50653054,-0.5303278565,"a,d"
Wuhan,Mean_Age_Score,42.88787534,0.04225256294,"a,d"
Beijing,Mean_Age_Score,41.31625276,0.8981858492,"a,d"
Shanghai,Mean_Age_Score,42.1091912,0.001502661733,"a,d"
Wuhan,Mean_Age_Score,41.19147071,0.4086489975,"a,d"
Wuhan,Mean_Age_Score,36.50643401,-0.4170874655,"a,d"
Guangzhou,Mean_Age_Score,37.01766058,-0.6217454672,"a,d"
Shanghai,Mean_Age_Score,46.84756898,0.4270175993,"a,d"
Wuhan,Mean_Age_Score,42.14826095,-0.06019905582,"a,d"
Shanghai,Mean_Age_Score,42.46806805,0.04377874732,"a,d"
Shanghai,Mean_Age_Score,46.18714126,0.3415561914,"a,d"
Shanghai,Mean_Age_Score,40.57824885,-0.256185472,"a,d"
Shanghai,Mean_Age_Score,39.76473647,-0.6621354818,"a,d"
Shanghai,Mean_Age_Score,46.18715207,0.4135602713,"a,d"
Wuhan,Mean_Age_Score,36.50653579,-0.7448329926,"a,d"
Wuhan,Mean_Age_Score,35.70671394,-0.860730648,"a,d"
Guangzhou,Mean_Age_Score,37.07251258,-0.1760727018,"a,d"
Beijing,Mean_Age_Score,41.53933745,-0.07057850808,"a,d"
Wuhan,Mean_Age_Score,35.70672212,-1.016165853,"a,d"
Shanghai,Mean_Age_Score,42.10917023,-0.1435977668,"a,d"
Shanghai,Mean_Age_Score,40.61183473,-0.356736213,"a,d"
Shanghai,Mean_Age_Score,46.42674154,0.3767912686,"a,d"
Wuhan,Mean_Age_Score,41.96441464,-0.152500242,"a,d"
Guangzhou,Mean_Age_Score,37.01766732,-0.6236536503,"a,d"
Guangzhou,Mean_Age_Score,37.18795956,-0.8434836864,"a,d"
Shanghai,Mean_Age_Score,42.10919346,-0.03056354634,"a,d"
Guangzhou,Mean_Age_Score,35.85462372,-0.6511773467,"a,d"
Wuhan,Mean_Age_Score,42.40066666,0.05159901083,"a,d"
Shanghai,Mean_Age_Score,42.10917509,-0.06974379718,"a,d"
Wuhan,Mean_Age_Score,36.50648375,-0.5742358565,"a,d"
Wuhan,Mean_Age_Score,36.50653223,-0.1115616709,"a,d"
Wuhan,Mean_Age_Score,43.01504656,0.3201107681,"a,d"
Wuhan,Mean_Age_Score,35.70672348,-0.957067132,"a,d"
Beijing,Mean_Age_Score,38.95800011,-0.5345314145,"a,d"
Wuhan,Mean_Age_Score,41.93644986,-0.1327077895,"a,d"
Wuhan,Mean_Age_Score,43.01501176,0.26499331,"a,d"
Shanghai,Mean_Age_Score,42.46806616,0.02529194579,"a,d"
Shanghai,Mean_Age_Score,42.46807057,0.1139846295,"a,d"
Shanghai,Mean_Age_Score,42.46807732,0.001936991699,"a,d"
Beijing,Mean_Age_Score,39.94322014,-0.8343975544,"a,d"
Wuhan,Mean_Age_Score,41.93643144,-0.07470998913,"a,d"
Shanghai,Mean_Age_Score,46.84756903,0.3491246104,"a,d"
Shanghai,Mean_Age_Score,40.29058947,-0.7799302936,"a,d"
Shanghai,Mean_Age_Score,42.10913372,-0.1857860535,"a,d"
Shanghai,Mean_Age_Score,42.10919337,0.05238775909,"a,d"
Guangzhou,Mean_Age_Score,37.01762959,-0.6649167538,"a,d"
Shanghai,Mean_Age_Score,42.10919135,0.03432939947,"a,d"
Wuhan,Mean_Age_Score,42.88787389,0.03109201416,"a,d"
Wuhan,Mean_Age_Score,35.70671623,-1.044821262,"a,d"
Shanghai,Mean_Age_Score,40.61186667,0.2044766545,"a,d"
Shanghai,Mean_Age_Score,40.61186472,0.192177251,"a,d"
Guangzhou,Mean_Age_Score,36.4261744,-0.5042145848,"a,d"
Shanghai,Mean_Age_Score,42.10919123,0.08390151709,"a,d"
Wuhan,Mean_Age_Score,36.50621617,-0.2925472856,"a,d"
Shanghai,Mean_Age_Score,42.10918679,0.002043579938,"a,d"
Shanghai,Mean_Age_Score,42.10919084,-0.09034986049,"a,d"
Guangzhou,Mean_Age_Score,43.17688838,0.3658797741,"a,d"
Shanghai,Mean_Age_Score,38.13754494,-0.823540628,"a,d"
Beijing,Mean_Age_Score,43.44370618,0.2624919713,"a,d"
Shanghai,Mean_Age_Score,45.87431611,0.1807943732,"a,d"
Shanghai,Mean_Age_Score,39.76474191,-0.3536784053,"a,d"
Shanghai,Mean_Age_Score,42.10917141,-0.2555825114,"a,d"
Shanghai,Mean_Age_Score,42.10919456,0.04704755545,"a,d"
Wuhan,Mean_Age_Score,43.01504481,0.2949369848,"a,d"
Shanghai,Mean_Age_Score,39.76475254,-0.4546125829,"a,d"
Guangzhou,Mean_Age_Score,36.19444075,-0.6618698239,"a,d"
Beijing,Mean_Age_Score,41.53933151,-0.006061932538,"a,d"
Shanghai,Mean_Age_Score,45.87431631,0.32187289,"a,d"
Beijing,Mean_Age_Score,39.07338226,-0.452167362,"a,d"
Shanghai,Mean_Age_Score,40.61186104,0.07591701299,"a,d"
Shanghai,Mean_Age_Score,40.61186492,0.2941246331,"a,d"
Shanghai,Mean_Age_Score,42.10918528,0.01760010235,"a,d"
Wuhan,Mean_Age_Score,39.83717345,-0.7451723218,"a,d"
Shanghai,Mean_Age_Score,40.29058469,-0.667886734,"a,d"
Wuhan,Mean_Age_Score,42.88787952,0.05383911729,"a,d"
Shanghai,Mean_Age_Score,46.33148811,0.1799134463,"a,d"
Wuhan,Mean_Age_Score,41.96443225,-0.07381990552,"a,d"
Shanghai,Mean_Age_Score,45.87431432,0.2426582277,"a,d"
Shanghai,Mean_Age_Score,43.9487272,0.1797616482,"a,d"
Shanghai,Mean_Age_Score,40.29054734,-0.6342251301,"a,d"
Beijing,Mean_Age_Score,41.39532799,-0.07970812917,"a,d"
Guangzhou,Mean_Age_Score,36.19441949,-0.450692296,"a,d"
Wuhan,Mean_Age_Score,43.01504097,0.3170844615,"a,d"
Shanghai,Mean_Age_Score,42.4680773,0.02876514196,"a,d"
Guangzhou,Mean_Age_Score,37.18788117,-0.5996420979,"a,d"
Beijing,Mean_Age_Score,41.39546985,-0.1623606682,"a,d"
Shanghai,Mean_Age_Score,40.61186296,0.02201018482,"a,d"
Shanghai,Mean_Age_Score,40.57824222,-0.4668751359,"a,d"
Beijing,Mean_Age_Score,42.25743755,-0.03993867338,"a,d"
Wuhan,Mean_Age_Score,42.1482792,0.06737459451,"a,d"
Shanghai,Mean_Age_Score,46.84756697,0.3292282224,"a,d"
Wuhan,Mean_Age_Score,44.86031472,0.4279430807,"a,d"
Wuhan,Mean_Age_Score,36.50644465,-0.2332409918,"a,d"
Shanghai,Mean_Age_Score,40.61186698,0.300902009,"a,d"
Shanghai,Mean_Age_Score,40.6118648,0.3428925872,"a,d"
Beijing,Mean_Age_Score,38.95794313,-0.641921103,"a,d"
Shanghai,Mean_Age_Score,42.10918875,-0.0007381031755,"a,d"
Shanghai,Mean_Age_Score,42.10919114,0.06601006538,"a,d"
Shanghai,Mean_Age_Score,38.13749149,-0.3551536202,"a,d"
Shanghai,Mean_Age_Score,46.5910831,0.3041507602,"a,d"
Shanghai,Mean_Age_Score,39.76476647,-0.6735651493,"a,d"
Guangzhou,Mean_Age_Score,35.85462048,-0.4800845981,"a,d"
Shanghai,Mean_Age_Score,40.61186908,0.2340754718,"a,d"
Shanghai,Mean_Age_Score,40.61186914,0.1304424107,"a,d"
Shanghai,Mean_Age_Score,40.29058281,-0.534496367,"a,d"
Shanghai,Mean_Age_Score,42.10919067,0.04617960751,"a,d"
Beijing,Mean_Age_Score,41.31625448,0.4419363141,"a,d"
Shanghai,Mean_Age_Score,40.6118662,0.2854052782,"a,d"
Shanghai,Mean_Age_Score,40.29058985,-0.5867505074,"a,d"
Shanghai,Mean_Age_Score,40.61186378,-0.01279210113,"a,d"
Shanghai,Mean_Age_Score,46.18715017,0.09397637099,"a,d"
Shanghai,Mean_Age_Score,42.10919466,0.07280799747,"a,d"
Guangzhou,Mean_Age_Score,36.19444308,-1.002110839,"a,d"
Shanghai,Mean_Age_Score,39.76475065,-0.5046090484,"a,d"
Shanghai,Mean_Age_Score,46.59108396,0.4052218199,"a,d"
Shanghai,Mean_Age_Score,43.94871984,0.2593888938,"a,d"
Wuhan,Mean_Age_Score,41.93643447,-0.0742899105,"a,d"
Wuhan,Mean_Age_Score,42.14827815,0.09558216482,"a,d"
Wuhan,Mean_Age_Score,42.88787757,0.03821397573,"a,d"
Wuhan,Mean_Age_Score,41.93631248,-0.1639705747,"a,d"
Beijing,Mean_Age_Score,41.53933661,0.02517675608,"a,d"
Shanghai,Mean_Age_Score,38.13751516,-0.565073967,"a,d"
Beijing,Mean_Age_Score,42.25744179,0.07686588168,"a,d"
Shanghai,Mean_Age_Score,42.46807788,-0.1712171435,"a,d"
Guangzhou,Mean_Age_Score,36.54018001,-0.5510675907,"a,d"
Shanghai,Mean_Age_Score,42.10918251,-0.05921046436,"a,d"
Shanghai,Mean_Age_Score,38.13753032,-0.6143155694,"a,d"
Shanghai,Mean_Age_Score,40.29050916,-0.5673414469,"a,d"
Shanghai,Mean_Age_Score,39.76471607,-0.6257435679,"a,d"
Shanghai,Mean_Age_Score,40.61185652,-0.3170160353,"a,d"
Shanghai,Mean_Age_Score,40.57825315,-0.2462523282,"a,d"
Guangzhou,Mean_Age_Score,36.19444461,-0.04919491708,"a,d"
Shanghai,Mean_Age_Score,40.29058968,-0.779353857,"a,d"
Shanghai,Mean_Age_Score,46.84756961,0.4436148703,"a,d"
Wuhan,Mean_Age_Score,44.86032589,0.2006657273,"a,d"
Shanghai,Mean_Age_Score,42.46807609,-0.0402716957,"a,d"
Beijing,Mean_Age_Score,38.95799126,-0.487719655,"a,d"
Shanghai,Mean_Age_Score,46.84757003,0.66059196,"a,d"
Shanghai,Mean_Age_Score,43.94872601,0.2656099498,"a,d"
Beijing,Mean_Age_Score,41.53924098,-0.2496084422,"a,d"
Wuhan,Mean_Age_Score,42.14827611,0.04728133604,"a,d"
Shanghai,Mean_Age_Score,40.61185794,-0.1371046603,"a,d"
Shanghai,Mean_Age_Score,46.18714688,0.6548604369,"a,d"
Shanghai,Mean_Age_Score,39.76471061,-0.6007623076,"a,d"
Guangzhou,Mean_Age_Score,43.17688571,0.3480017185,"a,d"
Wuhan,Mean_Age_Score,43.01504202,0.3076145947,"a,d"
Beijing,Mean_Age_Score,41.53933309,-0.01092249155,"a,d"
Shanghai,Mean_Age_Score,38.13753885,-0.7414894104,"a,d"
Shanghai,Mean_Age_Score,47.32208279,0.4108345211,"a,d"
Beijing,Mean_Age_Score,39.07335593,-0.1219046488,"a,d"
Beijing,Mean_Age_Score,39.94320659,-0.5731189847,"a,d"
Shanghai,Mean_Age_Score,38.1375496,-0.853834331,"a,d"
Shanghai,Mean_Age_Score,38.13752725,-0.5764710903,"a,d"
Wuhan,Mean_Age_Score,41.1914659,0.2141027749,"a,d"
Shanghai,Mean_Age_Score,46.1871197,0.2322856337,"a,d"
Shanghai,Mean_Age_Score,42.10919262,0.0646995306,"a,d"
Shanghai,Mean_Age_Score,39.76474719,-0.6140010953,"a,d"
Wuhan,Mean_Age_Score,36.50624168,-0.4321790636,"a,d"
Shanghai,Mean_Age_Score,46.59107598,0.3162713945,"a,d"
Wuhan,Mean_Age_Score,36.50653694,-0.5370290875,"a,d"
Shanghai,Mean_Age_Score,40.61186595,0.3431029022,"a,d"
Beijing,Mean_Age_Score,39.94320794,-0.5836920738,"a,d"
Wuhan,Mean_Age_Score,43.01504183,0.2694046795,"a,d"
Wuhan,Mean_Age_Score,36.50645367,-0.5255380869,"a,d"
Shanghai,Mean_Age_Score,42.1091916,0.05636830255,"a,d"
Wuhan,Mean_Age_Score,43.01503781,0.2114424407,"a,d"
Shanghai,Mean_Age_Score,38.13754879,-0.4038348794,"a,d"
Shanghai,Mean_Age_Score,47.32208426,0.5053496361,"a,d"
Guangzhou,Mean_Age_Score,37.1878366,-0.4415380061,"a,d"
Shanghai,Mean_Age_Score,42.10917554,-0.03716186062,"a,d"
Beijing,Mean_Age_Score,38.9579562,-0.6241369843,"a,d"
Shanghai,Mean_Age_Score,42.10919186,-0.007424765266,"a,d"
Beijing,Mean_Age_Score,38.95793007,-0.4415275156,"a,d"
Shanghai,Mean_Age_Score,42.10918886,-0.01788332127,"a,d"
Guangzhou,Mean_Age_Score,36.19441836,-0.4621095657,"a,d"
Shanghai,Mean_Age_Score,46.1871487,0.1682414114,"a,d"
Shanghai,Mean_Age_Score,42.46807309,0.05598293617,"a,d"
Beijing,Mean_Age_Score,39.94317754,-0.5743544102,"a,d"
Guangzhou,Mean_Age_Score,36.19442295,-0.4118506014,"a,d"
Wuhan,Mean_Age_Score,42.14826752,-0.0154712433,"a,d"
Guangzhou,Mean_Age_Score,37.01762191,-0.6882613301,"a,d"
Guangzhou,Mean_Age_Score,37.01761285,-0.6628819108,"a,d"
Wuhan,Mean_Age_Score,42.8878743,0.05377572775,"a,d"
Wuhan,Mean_Age_Score,42.14827557,-0.04883287847,"a,d"
Guangzhou,Mean_Age_Score,37.01769285,-0.6291962266,"a,d"
Guangzhou,Mean_Age_Score,37.01769401,-0.9174417257,"a,d"
Beijing,Mean_Age_Score,39.0733473,-0.4550437033,"a,d"
Shanghai,Mean_Age_Score,40.61186717,0.2590259016,"a,d"
Beijing,Mean_Age_Score,41.39546833,0.06879392266,"a,d"
Shanghai,Mean_Age_Score,42.10917123,-0.1634007543,"a,d"
Shanghai,Mean_Age_Score,42.10919161,0.09040397406,"a,d"
Guangzhou,Mean_Age_Score,37.01765852,-0.6826224923,"a,d"
Shanghai,Mean_Age_Score,40.61186527,0.3436301649,"a,d"
Wuhan,Mean_Age_Score,35.70672268,-0.8563465476,"a,d"
Wuhan,Mean_Age_Score,41.19147284,0.2414330095,"a,d"
Shanghai,Mean_Age_Score,40.61186706,0.3011245131,"a,d"
Shanghai,Mean_Age_Score,46.59108496,0.3495143354,"a,d"
Shanghai,Mean_Age_Score,40.6118586,-0.3742018342,"a,d"
Beijing,Mean_Age_Score,41.31625668,0.3320173323,"a,d"
Guangzhou,Mean_Age_Score,36.19438928,-0.334404856,"a,d"
Shanghai,Mean_Age_Score,42.46807865,0.02639994398,"a,d"
Beijing,Mean_Age_Score,38.95800316,-0.6686421037,"a,d"
Wuhan,Mean_Age_Score,40.84495612,-0.06624918431,"a,d"
Shanghai,Mean_Age_Score,40.57825233,-0.3700470328,"a,d"
Shanghai,Mean_Age_Score,38.13754065,-0.9407014847,"a,d"
Beijing,Mean_Age_Score,41.53933857,0.2192009687,"a,d"
Beijing,Mean_Age_Score,39.07334768,-0.465677768,"a,d"
Shanghai,Mean_Age_Score,46.1871447,0.3171462119,"a,d"
Shanghai,Mean_Age_Score,42.46807865,-0.02394710854,"a,d"
Shanghai,Mean_Age_Score,42.10918844,-0.02180237137,"a,d"
Beijing,Mean_Age_Score,39.07337348,-0.7526539564,"a,d"
Beijing,Mean_Age_Score,39.94322045,-0.5681391954,"a,d"
Shanghai,Mean_Age_Score,42.46806274,0.4163103104,"a,d"
Shanghai,Mean_Age_Score,40.29059012,-0.7547655702,"a,d"
Shanghai,Mean_Age_Score,42.46807051,0.2418030947,"a,d"
Shanghai,Mean_Age_Score,46.84756532,0.2580379546,"a,d"
Shanghai,Mean_Age_Score,40.61185818,-0.2363381982,"a,d"
Shanghai,Mean_Age_Score,42.10918649,0.03071060777,"a,d"
Shanghai,Mean_Age_Score,42.10917136,-0.0999706313,"a,d"
Shanghai,Mean_Age_Score,38.13752092,-0.3887084723,"a,d"
Shanghai,Mean_Age_Score,42.46807321,-0.0140787689,"a,d"
Shanghai,Mean_Age_Score,42.10919593,-0.02206648514,"a,d"
Beijing,Mean_Age_Score,39.07334369,-0.5003815293,"a,d"
Shanghai,Mean_Age_Score,40.61186682,0.3656992018,"a,d"
Wuhan,Mean_Age_Score,40.71172073,0.1453412324,"a,d"
Shanghai,Mean_Age_Score,39.7647565,-0.7648596168,"a,d"
Wuhan,Mean_Age_Score,39.83720071,-0.7116457224,"a,d"
Beijing,Mean_Age_Score,45.55182232,0.2510017157,"a,d"
Shanghai,Mean_Age_Score,40.61185902,-0.4120604396,"a,d"
Shanghai,Mean_Age_Score,45.87431181,0.4190744162,"a,d"
Guangzhou,Mean_Age_Score,37.01760987,-0.6799966693,"a,d"
Shanghai,Mean_Age_Score,38.13754472,-0.8179120421,"a,d"
Guangzhou,Mean_Age_Score,37.0176391,-0.6502698064,"a,d"
Shanghai,Mean_Age_Score,47.96920772,0.63626647,"a,d"
Shanghai,Mean_Age_Score,38.13737223,-0.5762193203,"a,d"
Shanghai,Mean_Age_Score,40.61185468,-0.2965486646,"a,d"
Shanghai,Mean_Age_Score,40.29059554,-0.4373947382,"a,d"
Shanghai,Mean_Age_Score,42.10919612,0.01851791516,"a,d"
Shanghai,Mean_Age_Score,39.76476291,-0.5436276793,"a,d"
Guangzhou,Mean_Age_Score,37.07252573,-0.5124999881,"a,d"
Shanghai,Mean_Age_Score,46.18714943,0.3919348121,"a,d"
Shanghai,Mean_Age_Score,40.61184974,-0.3746295571,"a,d"
Guangzhou,Mean_Age_Score,41.21845573,0.2017630637,"a,d"
Shanghai,Mean_Age_Score,45.87431683,0.3309673071,"a,d"
Beijing,Mean_Age_Score,41.39531941,-0.2688471973,"a,d"
Beijing,Mean_Age_Score,41.31625039,0.3817754686,"a,d"
Shanghai,Mean_Age_Score,42.46807618,0.03050363995,"a,d"
Shanghai,Mean_Age_Score,38.13754287,-0.6827777028,"a,d"
Shanghai,Mean_Age_Score,40.61186145,-0.01654940657,"a,d"
Wuhan,Mean_Age_Score,41.96418348,-0.2141381949,"a,d"
Beijing,Mean_Age_Score,41.95206941,-0.1624841541,"a,d"
Shanghai,Mean_Age_Score,47.32208225,0.4469114244,"a,d"
Beijing,Mean_Age_Score,41.53933569,-0.02845296077,"a,d"
Shanghai,Mean_Age_Score,39.76474666,-0.5766367912,"a,d"
Beijing,Mean_Age_Score,39.07338438,-0.805234611,"a,d"
Shanghai,Mean_Age_Score,42.10919232,0.0342547223,"a,d"
Wuhan,Mean_Age_Score,44.86032731,0.2222991586,"a,d"
Shanghai,Mean_Age_Score,42.10919613,0.04912725464,"a,d"
Shanghai,Mean_Age_Score,39.76474331,-0.4981087446,"a,d"
Shanghai,Mean_Age_Score,46.18713926,0.09441369772,"a,d"
Wuhan,Mean_Age_Score,43.01504036,0.4929103255,"a,d"
Beijing,Mean_Age_Score,42.25743655,-0.06003601849,"a,d"
Shanghai,Mean_Age_Score,46.59108689,0.262237668,"a,d"
Wuhan,Mean_Age_Score,42.8878728,-0.01888177544,"a,d"
Shanghai,Mean_Age_Score,40.61186802,0.2400284559,"a,d"
Beijing,Mean_Age_Score,41.31625039,0.1929671913,"a,d"
Shanghai,Mean_Age_Score,40.29054378,-0.6000534892,"a,d"
Shanghai,Mean_Age_Score,39.76474371,-0.2377147973,"a,d"
Guangzhou,Mean_Age_Score,35.85462213,-0.4501006305,"a,d"
Shanghai,Mean_Age_Score,46.84756444,0.2851604521,"a,d"
Shanghai,Mean_Age_Score,45.87430996,0.1886102706,"a,d"
Guangzhou,Mean_Age_Score,36.19425121,-0.3662853241,"a,d"
Beijing,Mean_Age_Score,38.95790719,-0.6115723252,"a,d"
Guangzhou,Mean_Age_Score,36.19441131,-0.4734521806,"a,d"
Shanghai,Mean_Age_Score,40.61186411,0.3134124577,"a,d"
Shanghai,Mean_Age_Score,42.10918204,-0.09134518355,"a,d"
Shanghai,Mean_Age_Score,42.10917643,-0.1136667877,"a,d"
Guangzhou,Mean_Age_Score,37.01767059,-0.598654449,"a,d"
Wuhan,Mean_Age_Score,44.86031463,0.210865885,"a,d"
Shanghai,Mean_Age_Score,40.61186373,-0.2645088732,"a,d"
Shanghai,Mean_Age_Score,40.61186789,0.1933093369,"a,d"
Beijing,Mean_Age_Score,41.39543361,-0.04529005289,"a,d"
Shanghai,Mean_Age_Score,46.33151309,0.3040166199,"a,d"
Shanghai,Mean_Age_Score,40.61186404,-0.07652331144,"a,d"
Guangzhou,Mean_Age_Score,35.85461784,-0.4356152117,"a,d"
Shanghai,Mean_Age_Score,46.18714088,0.3025553226,"a,d"
Shanghai,Mean_Age_Score,42.46807618,0.08147067577,"a,d"
Shanghai,Mean_Age_Score,40.29058106,-0.5742490292,"a,d"
Guangzhou,Mean_Age_Score,37.18793766,-0.6595991254,"a,d"
Beijing,Mean_Age_Score,41.95210594,-0.1406909823,"a,d"
Wuhan,Mean_Age_Score,42.14827713,0.05272087082,"a,d"
Shanghai,Mean_Age_Score,38.13753688,-0.6302666664,"a,d"
Beijing,Mean_Age_Score,42.25743447,-0.05710237101,"a,d"
Shanghai,Mean_Age_Score,40.29058833,-0.3723584712,"a,d"
Shanghai,Mean_Age_Score,40.57825047,-0.3754897714,"a,d"
Guangzhou,Mean_Age_Score,37.01758412,-0.5678908229,"a,d"
Wuhan,Mean_Age_Score,41.96440948,-0.1160804033,"a,d"
Shanghai,Mean_Age_Score,42.10919207,-0.1191064715,"a,d"
Wuhan,Mean_Age_Score,41.19146867,0.1395880878,"a,d"
Shanghai,Mean_Age_Score,42.10919281,-0.03829648346,"a,d"
Shanghai,Mean_Age_Score,46.59107882,0.3092199862,"a,d"
Shanghai,Mean_Age_Score,42.10918903,0.01042679604,"a,d"
Guangzhou,Mean_Age_Score,35.85462513,-0.4303816259,"a,d"
Shanghai,Mean_Age_Score,40.61185172,-0.22292234,"a,d"
Shanghai,Mean_Age_Score,42.46807941,0.01822933927,"a,d"
Beijing,Mean_Age_Score,42.25743416,0.03430081904,"a,d"
Shanghai,Mean_Age_Score,42.10917552,-0.01143036224,"a,d"
Shanghai,Mean_Age_Score,42.10919412,0.02491835132,"a,d"
Shanghai,Mean_Age_Score,46.59108273,0.2945986092,"a,d"
Beijing,Mean_Age_Score,41.31623693,0.05212979764,"a,d"
Shanghai,Mean_Age_Score,42.10913719,-0.1877722442,"a,d"
Shanghai,Mean_Age_Score,40.61180825,-0.365309298,"a,d"
Shanghai,Mean_Age_Score,43.94871078,0.05540762097,"a,d"
Wuhan,Mean_Age_Score,40.42729329,-0.4823086858,"a,d"
Guangzhou,Mean_Age_Score,43.17689343,0.3605826199,"a,d"
Shanghai,Mean_Age_Score,42.46807955,0.01376594231,"a,d"
Shanghai,Mean_Age_Score,42.10917512,-0.1818791032,"a,d"
Wuhan,Mean_Age_Score,36.50653146,-0.4052199423,"a,d"
Shanghai,Mean_Age_Score,42.10918799,0.03904279694,"a,d"
Shanghai,Mean_Age_Score,43.94872854,0.1508342028,"a,d"
Shanghai,Mean_Age_Score,40.578256,-0.4337489903,"a,d"
Shanghai,Mean_Age_Score,39.76466943,-0.4298206866,"a,d"
Beijing,Mean_Age_Score,42.3609179,0.1157493815,"a,d"
Shanghai,Mean_Age_Score,40.61186774,0.3677662313,"a,d"
Guangzhou,Mean_Age_Score,37.18791114,-0.5570473075,"a,d"
Shanghai,Mean_Age_Score,40.29059029,-0.7455343008,"a,d"
Wuhan,Mean_Age_Score,44.86032415,0.2503178716,"a,d"
Beijing,Mean_Age_Score,38.95800019,-0.638640523,"a,d"
Beijing,Mean_Age_Score,44.84837876,0.1352357864,"a,d"
Shanghai,Mean_Age_Score,38.13754195,-0.6758072972,"a,d"
Shanghai,Mean_Age_Score,40.61183392,-0.4195519388,"a,d"
Shanghai,Mean_Age_Score,46.84757015,0.4473098814,"a,d"
Beijing,Mean_Age_Score,44.5529,0.2728759348,"a,d"
Beijing,Mean_Age_Score,41.5393365,-0.0206922628,"a,d"
Guangzhou,Mean_Age_Score,37.18790858,-0.6261529326,"a,d"
Shanghai,Mean_Age_Score,42.10906064,-0.1880210936,"a,d"
Shanghai,Mean_Age_Score,46.1871511,0.3173013628,"a,d"
Shanghai,Mean_Age_Score,45.87431567,0.335050106,"a,d"
Guangzhou,Mean_Age_Score,36.19436034,-0.4121649861,"a,d"
Shanghai,Mean_Age_Score,45.87431615,0.3338603973,"a,d"
Shanghai,Mean_Age_Score,42.10919224,-0.009983197786,"a,d"
Guangzhou,Mean_Age_Score,41.21844928,-0.009931398556,"a,d"
Wuhan,Mean_Age_Score,42.1482763,0.1164582521,"a,d"
Wuhan,Mean_Age_Score,44.86031405,0.2206683606,"a,d"
Guangzhou,Mean_Age_Score,37.01769059,-0.6193182468,"a,d"
Shanghai,Mean_Age_Score,46.18715197,0.2360593975,"a,d"
Shanghai,Mean_Age_Score,42.46805852,0.4954210222,"a,d"
Shanghai,Mean_Age_Score,40.61186666,0.2965828776,"a,d"
Shanghai,Mean_Age_Score,40.6118561,-0.2337693423,"a,d"
Wuhan,Mean_Age_Score,36.50654379,-0.6945776343,"a,d"
Shanghai,Mean_Age_Score,46.59108663,0.5865706801,"a,d"
Shanghai,Mean_Age_Score,42.10919314,-0.0451409854,"a,d"
Beijing,Mean_Age_Score,39.94321527,-0.772582829,"a,d"
Wuhan,Mean_Age_Score,43.01503208,0.2100050151,"a,d"
Shanghai,Mean_Age_Score,38.13754021,-0.7969998121,"a,d"
Wuhan,Mean_Age_Score,35.70671866,-0.9149935842,"a,d"
Beijing,Mean_Age_Score,39.07338095,-0.8909146786,"a,d"
Shanghai,Mean_Age_Score,39.76476991,-0.6473253369,"a,d"
Shanghai,Mean_Age_Score,42.10918988,0.03392413259,"a,d"
Beijing,Mean_Age_Score,39.94321896,-0.6802014112,"a,d"
Shanghai,Mean_Age_Score,42.10918746,0.01292261854,"a,d"
Shanghai,Mean_Age_Score,39.76476775,-0.7372736335,"a,d"
Shanghai,Mean_Age_Score,40.61184514,-0.3914664984,"a,d"
Beijing,Mean_Age_Score,41.31625083,0.2452169359,"a,d"
Shanghai,Mean_Age_Score,38.13750667,-0.3978768885,"a,d"
Wuhan,Mean_Age_Score,41.93635476,-0.2401147038,"a,d"
Beijing,Mean_Age_Score,45.32823246,0.1328843981,"a,d"
Shanghai,Mean_Age_Score,38.137536,-0.8602581024,"a,d"
Shanghai,Mean_Age_Score,42.10919029,0.02910078317,"a,d"
Wuhan,Mean_Age_Score,36.50654491,-0.6652562022,"a,d"
Shanghai,Mean_Age_Score,42.10919524,0.09226196259,"a,d"
Wuhan,Mean_Age_Score,41.93645319,-0.01174551062,"a,d"
Shanghai,Mean_Age_Score,38.13754201,-0.6425491571,"a,d"
Shanghai,Mean_Age_Score,45.87431566,0.3687208593,"a,d"
Beijing,Mean_Age_Score,39.9432157,-0.505866766,"a,d"
Shanghai,Mean_Age_Score,42.10916733,-0.01325676125,"a,d"
Guangzhou,Mean_Age_Score,37.18788001,-0.5288365483,"a,d"
Wuhan,Mean_Age_Score,39.83719865,-0.5415431261,"a,d"
Shanghai,Mean_Age_Score,46.33151611,0.3568929434,"a,d"
Shanghai,Mean_Age_Score,42.46804767,0.507671237,"a,d"
Shanghai,Mean_Age_Score,45.87431639,0.4081393778,"a,d"
Wuhan,Mean_Age_Score,44.86032246,0.3876596093,"a,d"
Guangzhou,Mean_Age_Score,37.07237258,-0.3202610612,"a,d"
Wuhan,Mean_Age_Score,36.50650643,-0.439775914,"a,d"
Wuhan,Mean_Age_Score,43.01504021,0.3095183671,"a,d"
Beijing,Mean_Age_Score,39.94322043,-0.8976535797,"a,d"
Wuhan,Mean_Age_Score,36.50618652,-0.3303151429,"a,d"
Shanghai,Mean_Age_Score,40.61185911,-0.3726982474,"a,d"
Shanghai,Mean_Age_Score,47.969211,0.5135016441,"a,d"
Shanghai,Mean_Age_Score,43.94872282,0.2441051751,"a,d"
Shanghai,Mean_Age_Score,42.46807855,-0.1441174597,"a,d"
Shanghai,Mean_Age_Score,40.61185887,-0.2903494537,"a,d"
Shanghai,Mean_Age_Score,39.76476595,-0.6384766698,"a,d"
Guangzhou,Mean_Age_Score,37.01758437,-0.4734079838,"a,d"
Beijing,Mean_Age_Score,39.94321503,-0.8929244876,"a,d"
Wuhan,Mean_Age_Score,39.83718139,-0.5162763,"a,d"
Beijing,Mean_Age_Score,39.94322054,-0.9661892056,"a,d"
Shanghai,Mean_Age_Score,40.61186547,0.4781680405,"a,d"
Guangzhou,Mean_Age_Score,37.01770039,-1.04282248,"a,d"
Guangzhou,Mean_Age_Score,37.01763574,-0.5506483912,"a,d"
Shanghai,Mean_Age_Score,46.84756856,0.3549243808,"a,d"
Shanghai,Mean_Age_Score,42.10915953,-0.2651963234,"a,d"
Shanghai,Mean_Age_Score,42.10918836,0.005763415247,"a,d"
Shanghai,Mean_Age_Score,40.29040511,-0.6796979308,"a,d"
Shanghai,Mean_Age_Score,42.4680673,0.06850937009,"a,d"
Shanghai,Mean_Age_Score,46.84756719,0.3661687076,"a,d"
Shanghai,Mean_Age_Score,46.59108492,0.3334317803,"a,d"
Guangzhou,Mean_Age_Score,37.01766517,-0.5902100801,"a,d"
Shanghai,Mean_Age_Score,40.29059572,-0.5732272863,"a,d"
Wuhan,Mean_Age_Score,40.84493195,0.1146019325,"a,d"
Beijing,Mean_Age_Score,41.39526105,-0.2454007864,"a,d"
Guangzhou,Mean_Age_Score,37.18792214,-0.5545769334,"a,d"
Shanghai,Mean_Age_Score,46.18714011,0.1504963189,"a,d"
Shanghai,Mean_Age_Score,40.61185142,-0.3297804892,"a,d"
Shanghai,Mean_Age_Score,40.29051242,-0.6700039506,"a,d"
Shanghai,Mean_Age_Score,45.87431198,0.4399041235,"a,d"
Wuhan,Mean_Age_Score,36.50644142,-0.2449976653,"a,d"
Shanghai,Mean_Age_Score,42.4680691,0.03287667036,"a,d"
Beijing,Mean_Age_Score,41.95211836,0.0341893509,"a,d"
Shanghai,Mean_Age_Score,46.18714925,0.03534363583,"a,d"
Beijing,Mean_Age_Score,41.53933607,-0.2157863826,"a,d"
Shanghai,Mean_Age_Score,46.18715256,0.3484128714,"a,d"
Wuhan,Mean_Age_Score,43.01502141,0.2035164535,"a,d"
Guangzhou,Mean_Age_Score,37.07243295,-0.3420000374,"a,d"
Wuhan,Mean_Age_Score,39.83715362,-0.6136156917,"a,d"
Wuhan,Mean_Age_Score,43.01503682,0.3082627356,"a,d"
Shanghai,Mean_Age_Score,42.10919517,0.04447678477,"a,d"
Shanghai,Mean_Age_Score,42.10919411,0.04747086391,"a,d"
Wuhan,Mean_Age_Score,36.50642233,-0.3566698432,"a,d"
Shanghai,Mean_Age_Score,40.57825662,-0.1751048267,"a,d"
Beijing,Mean_Age_Score,39.94318086,-0.5785450339,"a,d"
Shanghai,Mean_Age_Score,38.13754037,-0.5676513314,"a,d"
Shanghai,Mean_Age_Score,40.29058229,-0.7098620534,"a,d"
Wuhan,Mean_Age_Score,40.42731976,-0.6967090964,"a,d"
Shanghai,Mean_Age_Score,40.6118678,0.2854424715,"a,d"
Shanghai,Mean_Age_Score,42.10918844,-0.04472971708,"a,d"
Shanghai,Mean_Age_Score,40.5782544,-0.3654736876,"a,d"
Shanghai,Mean_Age_Score,40.61186869,-0.03693912551,"a,d"
Guangzhou,Mean_Age_Score,37.01767882,-0.6681770682,"a,d"
Wuhan,Mean_Age_Score,42.88787682,0.001038427465,"a,d"
Shanghai,Mean_Age_Score,39.76470304,-0.4983333349,"a,d"
Guangzhou,Mean_Age_Score,36.66954201,-0.589761436,"a,d"
Shanghai,Mean_Age_Score,42.10918936,0.01715198532,"a,d"
Shanghai,Mean_Age_Score,42.10914852,-0.1489098221,"a,d"
Beijing,Mean_Age_Score,42.25742247,0.05018692836,"a,d"
Shanghai,Mean_Age_Score,42.46807179,0.1955495775,"a,d"
Wuhan,Mean_Age_Score,44.86032676,0.3504863381,"a,d"
Beijing,Mean_Age_Score,42.36089894,0.09471940994,"a,d"
Shanghai,Mean_Age_Score,38.13753166,-0.7999268174,"a,d"
Wuhan,Mean_Age_Score,41.19147178,0.3060393035,"a,d"
Shanghai,Mean_Age_Score,38.13747336,-0.5723563433,"a,d"
Shanghai,Mean_Age_Score,42.10912339,-0.1760131121,"a,d"
Shanghai,Mean_Age_Score,42.10919352,0.02953974158,"a,d"
Wuhan,Mean_Age_Score,42.14827288,0.2087462693,"a,d"
Shanghai,Mean_Age_Score,39.76473581,-0.5600071549,"a,d"
Beijing,Mean_Age_Score,38.95797738,-0.5544410944,"a,d"
Shanghai,Mean_Age_Score,46.59108548,0.3507980406,"a,d"
Shanghai,Mean_Age_Score,40.61186468,0.07850978523,"a,d"
Shanghai,Mean_Age_Score,45.87430273,0.1476315707,"a,d"
Shanghai,Mean_Age_Score,40.57823609,-0.4174693525,"a,d"
Shanghai,Mean_Age_Score,46.18714974,0.1385024637,"a,d"
Wuhan,Mean_Age_Score,41.19147207,0.09533892572,"a,d"
Wuhan,Mean_Age_Score,36.50651176,-0.08496055752,"a,d"
Beijing,Mean_Age_Score,41.53933196,0.03728484362,"a,d"
Guangzhou,Mean_Age_Score,37.01767811,-0.623550117,"a,d"
Beijing,Mean_Age_Score,41.5393074,-0.1507389992,"a,d"
Shanghai,Mean_Age_Score,42.46807481,0.02210007608,"a,d"
Wuhan,Mean_Age_Score,36.50651326,-0.2982272804,"a,d"
Shanghai,Mean_Age_Score,39.76476455,-0.8493381143,"a,d"
Shanghai,Mean_Age_Score,40.61182394,-0.4203287363,"a,d"
Shanghai,Mean_Age_Score,42.10916872,-0.1730931699,"a,d"
Shanghai,Mean_Age_Score,46.8475681,0.3251432776,"a,d"
Guangzhou,Mean_Age_Score,35.85459749,-0.1124071181,"a,d"
Shanghai,Mean_Age_Score,38.13749202,-0.6366263032,"a,d"
Shanghai,Mean_Age_Score,40.61186142,-0.224580273,"a,d"
Guangzhou,Mean_Age_Score,37.18785334,-0.5986284018,"a,d"
Guangzhou,Mean_Age_Score,37.18791392,-0.4848460257,"a,d"
Shanghai,Mean_Age_Score,40.2905816,-0.4563106596,"a,d"
Shanghai,Mean_Age_Score,42.4680706,0.1298880279,"a,d"
Beijing,Mean_Age_Score,38.95795339,-0.4154022038,"a,d"
Shanghai,Mean_Age_Score,46.18715093,0.1689223051,"a,d"
Beijing,Mean_Age_Score,41.39544903,-0.1084129661,"a,d"
Beijing,Mean_Age_Score,42.80442336,-0.01468328666,"a,d"
Shanghai,Mean_Age_Score,46.18715246,0.2352362275,"a,d"
Shanghai,Mean_Age_Score,40.57825295,-0.1798557043,"a,d"
Wuhan,Mean_Age_Score,43.01503894,0.34825629,"a,d"
Shanghai,Mean_Age_Score,42.10915868,-0.1466965377,"a,d"
Shanghai,Mean_Age_Score,42.46807945,0.03470275924,"a,d"
Wuhan,Mean_Age_Score,42.40067001,0.1562029421,"a,d"
Shanghai,Mean_Age_Score,40.57825595,-0.1219544262,"a,d"
Shanghai,Mean_Age_Score,42.10919481,0.01539838221,"a,d"
Shanghai,Mean_Age_Score,42.10919143,0.05760905892,"a,d"
Shanghai,Mean_Age_Score,42.10919562,-0.05137068033,"a,d"
Shanghai,Mean_Age_Score,39.76475147,-0.5812225938,"a,d"
Beijing,Mean_Age_Score,38.95797942,-0.5110293031,"a,d"
Guangzhou,Mean_Age_Score,35.85462389,-0.8480372429,"a,d"
Shanghai,Mean_Age_Score,46.18714743,0.3012802899,"a,d"
Shanghai,Mean_Age_Score,42.109193,0.09400870651,"a,d"
Shanghai,Mean_Age_Score,42.10918957,0.0006028981879,"a,d"
Shanghai,Mean_Age_Score,42.10919011,0.06129156426,"a,d"
Shanghai,Mean_Age_Score,40.61185532,-0.3131825328,"a,d"
Shanghai,Mean_Age_Score,45.87429427,0.2516599298,"a,d"
Shanghai,Mean_Age_Score,42.10917523,-0.1281018555,"a,d"
Shanghai,Mean_Age_Score,46.42674117,0.2610355914,"a,d"
Shanghai,Mean_Age_Score,46.84756654,0.3213940263,"a,d"
Shanghai,Mean_Age_Score,39.76475247,-0.4816127419,"a,d"
Shanghai,Mean_Age_Score,42.10917615,-0.1211638302,"a,d"
Shanghai,Mean_Age_Score,46.33149399,0.3661389947,"a,d"
Shanghai,Mean_Age_Score,38.13754915,-0.4675984383,"a,d"
Wuhan,Mean_Age_Score,43.01503685,0.3121633232,"a,d"
Guangzhou,Mean_Age_Score,36.19443466,-1.004441381,"a,d"
Shanghai,Mean_Age_Score,38.13754336,-0.6506431103,"a,d"
Shanghai,Mean_Age_Score,40.29059135,-0.4034260809,"a,d"
Shanghai,Mean_Age_Score,42.10919485,0.04103920236,"a,d"
Guangzhou,Mean_Age_Score,37.01770558,-0.3913975358,"a,d"
Shanghai,Mean_Age_Score,40.61186812,0.3541578948,"a,d"
Beijing,Mean_Age_Score,39.07330965,-0.5750929713,"a,d"
Shanghai,Mean_Age_Score,38.13751654,-0.6332842708,"a,d"
Shanghai,Mean_Age_Score,38.1375052,-0.6547409892,"a,d"
Beijing,Mean_Age_Score,43.44371146,0.2587277889,"a,d"
Wuhan,Mean_Age_Score,36.50652951,-0.6161261797,"a,d"
Shanghai,Mean_Age_Score,40.61186088,-0.05345397443,"a,d"
Beijing,Mean_Age_Score,44.70028234,0.2756187916,"a,d"
Shanghai,Mean_Age_Score,42.46807719,0.02855784819,"a,d"
Guangzhou,Mean_Age_Score,35.85461927,-0.3878183365,"a,d"
Guangzhou,Mean_Age_Score,37.07251422,-0.3631210327,"a,d"
Beijing,Mean_Age_Score,42.80443407,0.05498597026,"a,d"
Shanghai,Mean_Age_Score,40.61249125,0.2424771339,"a,d"
Wuhan,Mean_Age_Score,41.19145396,0.03910975903,"a,d"
Guangzhou,Mean_Age_Score,35.85462122,-0.3123855591,"a,d"
Beijing,Mean_Age_Score,39.94319551,-0.4540522695,"a,d"
Beijing,Mean_Age_Score,39.94321706,-0.8755965233,"a,d"
Beijing,Mean_Age_Score,41.53933873,-0.008938307874,"a,d"
Wuhan,Mean_Age_Score,43.01500727,0.01942058653,"a,d"
Beijing,Mean_Age_Score,44.70028064,0.176022023,"a,d"
Shanghai,Mean_Age_Score,42.10919241,-0.00311795203,"a,d"
Shanghai,Mean_Age_Score,42.10919482,0.09287127107,"a,d"
Shanghai,Mean_Age_Score,38.13754509,-0.4201445282,"a,d"
Guangzhou,Mean_Age_Score,36.19442864,-0.6704224944,"a,d"
Shanghai,Mean_Age_Score,42.46807074,0.1200688928,"a,d"
Shanghai,Mean_Age_Score,40.61183187,-0.4472525716,"a,d"
Guangzhou,Mean_Age_Score,43.17689232,0.3274383545,"a,d"
Wuhan,Mean_Age_Score,41.19147322,0.1270653456,"a,d"
Shanghai,Mean_Age_Score,40.57823493,-0.6050258279,"a,d"
Wuhan,Mean_Age_Score,40.84496019,0.2099627405,"a,d"
Guangzhou,Mean_Age_Score,37.01765583,-0.6247900128,"a,d"
Shanghai,Mean_Age_Score,38.13753279,-0.5619609952,"a,d"
Shanghai,Mean_Age_Score,40.61187001,0.1383852363,"a,d"
Shanghai,Mean_Age_Score,39.76475583,-0.4766964018,"a,d"
Beijing,Mean_Age_Score,41.39543955,-0.009407250211,"a,d"
Shanghai,Mean_Age_Score,40.61186418,0.3437368274,"a,d"
Shanghai,Mean_Age_Score,40.29056523,-0.4487754405,"a,d"
Shanghai,Mean_Age_Score,40.61186812,0.2808472812,"a,d"
Guangzhou,Mean_Age_Score,36.19443303,-0.8119253516,"a,d"
Beijing,Mean_Age_Score,41.53931891,-0.1257532835,"a,d"
Guangzhou,Mean_Age_Score,43.17689395,0.3840390444,"a,d"
Wuhan,Mean_Age_Score,41.93631252,-0.255776912,"a,d"
Shanghai,Mean_Age_Score,42.10918005,-0.04029827565,"a,d"
Wuhan,Mean_Age_Score,41.19145285,0.1516887099,"a,d"
Shanghai,Mean_Age_Score,46.5910814,0.2316988707,"a,d"
Wuhan,Mean_Age_Score,40.84495164,0.32716465,"a,d"
Guangzhou,Mean_Age_Score,36.19438823,-0.4145813882,"a,d"
Shanghai,Mean_Age_Score,38.13753914,-0.589545548,"a,d"
Shanghai,Mean_Age_Score,40.57825392,-0.4028585553,"a,d"
Shanghai,Mean_Age_Score,46.84756856,0.3844135702,"a,d"
Beijing,Mean_Age_Score,42.80443233,-0.02188363671,"a,d"
Shanghai,Mean_Age_Score,40.29058917,-0.7459445596,"a,d"
Shanghai,Mean_Age_Score,42.10918524,-0.1386437714,"a,d"
Guangzhou,Mean_Age_Score,36.19439178,-0.364408195,"a,d"
Shanghai,Mean_Age_Score,40.29058616,-0.4958396256,"a,d"
Shanghai,Mean_Age_Score,40.61186726,0.299405843,"a,d"
Guangzhou,Mean_Age_Score,36.19438889,-0.4403708875,"a,d"
Beijing,Mean_Age_Score,41.95209992,-0.1134870723,"a,d"
Wuhan,Mean_Age_Score,36.50614982,-0.1776150763,"a,d"
Shanghai,Mean_Age_Score,38.13752325,-0.5138400793,"a,d"
Shanghai,Mean_Age_Score,39.76477094,-0.6112478971,"a,d"
Beijing,Mean_Age_Score,38.95794778,-0.4068956673,"a,d"
Shanghai,Mean_Age_Score,38.13754474,-0.4894547164,"a,d"
Guangzhou,Mean_Age_Score,36.19443121,-0.964851737,"a,d"
Shanghai,Mean_Age_Score,40.57825253,-0.3212579787,"a,d"
Shanghai,Mean_Age_Score,39.76470729,-0.5741750598,"a,d"
Shanghai,Mean_Age_Score,45.87431472,0.09081824124,"a,d"
Shanghai,Mean_Age_Score,40.6118534,-0.2828170657,"a,d"
Beijing,Mean_Age_Score,42.25744013,0.06771514565,"a,d"
Shanghai,Mean_Age_Score,40.29059191,-0.6660261154,"a,d"
Guangzhou,Mean_Age_Score,35.85462455,-0.3612668514,"a,d"
Wuhan,Mean_Age_Score,40.84490828,-0.08269121498,"a,d"
Shanghai,Mean_Age_Score,40.29059387,-0.747625649,"a,d"
Shanghai,Mean_Age_Score,40.61186944,0.2127652764,"a,d"
Shanghai,Mean_Age_Score,40.61186427,0.401835084,"a,d"
Shanghai,Mean_Age_Score,42.10913946,-0.1821807176,"a,d"
Wuhan,Mean_Age_Score,42.14827535,0.03010283783,"a,d"
Shanghai,Mean_Age_Score,42.46807898,-0.07308994979,"a,d"
Guangzhou,Mean_Age_Score,37.1878864,-0.6288083196,"a,d"
Wuhan,Mean_Age_Score,39.83713819,-0.6495834589,"a,d"
Shanghai,Mean_Age_Score,42.10918652,-0.009402839467,"a,d"
Shanghai,Mean_Age_Score,42.46807935,0.001749367453,"a,d"
Guangzhou,Mean_Age_Score,37.1879244,-0.3366021514,"a,d"
Guangzhou,Mean_Age_Score,37.1879498,-0.6218660474,"a,d"
Shanghai,Mean_Age_Score,42.46803038,0.495672375,"a,d"
Shanghai,Mean_Age_Score,42.10900579,-0.1717298627,"a,d"
Shanghai,Mean_Age_Score,40.29059027,-0.7332356572,"a,d"
Shanghai,Mean_Age_Score,43.94872348,0.1595646888,"a,d"
Beijing,Mean_Age_Score,42.25743105,-0.1176315248,"a,d"
Shanghai,Mean_Age_Score,39.76475443,-0.1894690096,"a,d"
Shanghai,Mean_Age_Score,38.13753377,-0.5071768761,"a,d"
Shanghai,Mean_Age_Score,38.13754675,-0.8568468094,"a,d"
Guangzhou,Mean_Age_Score,37.18792051,-0.6195364594,"a,d"
Shanghai,Mean_Age_Score,40.61186521,0.3892686665,"a,d"
Shanghai,Mean_Age_Score,40.61186403,-0.1660079956,"a,d"
Shanghai,Mean_Age_Score,40.61184739,-0.3954186141,"a,d"
Shanghai,Mean_Age_Score,42.10919158,0.05407703295,"a,d"
Shanghai,Mean_Age_Score,42.10918801,0.05130137131,"a,d"
Guangzhou,Mean_Age_Score,37.18792206,-0.6575183868,"a,d"
Wuhan,Mean_Age_Score,43.01504633,0.4324319065,"a,d"
Shanghai,Mean_Age_Score,39.76476842,-0.7258521914,"a,d"
Shanghai,Mean_Age_Score,40.29059584,-0.5680462718,"a,d"
Shanghai,Mean_Age_Score,46.18714655,0.4840628207,"a,d"
Wuhan,Mean_Age_Score,36.506473,-0.6881083846,"a,d"
Shanghai,Mean_Age_Score,42.4680666,0.1970593929,"a,d"
Shanghai,Mean_Age_Score,38.13754963,-0.5191189051,"a,d"
Guangzhou,Mean_Age_Score,41.21845937,0.3206582069,"a,d"
Guangzhou,Mean_Age_Score,36.19439946,-0.4499019086,"a,d"
Beijing,Mean_Age_Score,42.7633538,0.0803867951,"a,d"
Shanghai,Mean_Age_Score,42.46807334,1.713912934e-05,"a,d"
Beijing,Mean_Age_Score,41.53933474,-0.01075233612,"a,d"
Guangzhou,Mean_Age_Score,36.19442897,-0.6181836128,"a,d"
Shanghai,Mean_Age_Score,42.10915832,-0.2279373109,"a,d"
Shanghai,Mean_Age_Score,39.76475961,-0.6372554898,"a,d"
Shanghai,Mean_Age_Score,42.10918817,-0.05115027353,"a,d"
Shanghai,Mean_Age_Score,38.1375161,-0.4906327128,"a,d"
Beijing,Mean_Age_Score,38.9580008,-0.8783256412,"a,d"
Beijing,Mean_Age_Score,41.53933917,0.1329931021,"a,d"
Shanghai,Mean_Age_Score,40.61185514,-0.3025030494,"a,d"
Shanghai,Mean_Age_Score,42.10918903,-0.02611256763,"a,d"
Wuhan,Mean_Age_Score,35.70672441,-0.3900699914,"a,d"
Shanghai,Mean_Age_Score,42.46807613,0.0449693352,"a,d"
Shanghai,Mean_Age_Score,46.18712359,0.06206652522,"a,d"
Wuhan,Mean_Age_Score,42.40066969,0.1286001205,"a,d"
Beijing,Mean_Age_Score,41.39544385,-0.04047223926,"a,d"
Shanghai,Mean_Age_Score,40.29059206,-0.7257686853,"a,d"
Wuhan,Mean_Age_Score,41.93639186,-0.06459268928,"a,d"
Guangzhou,Mean_Age_Score,36.41511753,-0.544233799,"a,d"
Wuhan,Mean_Age_Score,39.8371979,-0.7663490176,"a,d"
Shanghai,Mean_Age_Score,38.13753947,-0.5341624618,"a,d"
Shanghai,Mean_Age_Score,42.10918666,-0.1291763037,"a,d"
Wuhan,Mean_Age_Score,36.50654133,-0.7637465596,"a,d"
Shanghai,Mean_Age_Score,39.76476796,-0.7309935689,"a,d"
Shanghai,Mean_Age_Score,40.61186699,0.310986191,"a,d"
Beijing,Mean_Age_Score,41.53933677,-0.02144288644,"a,d"
Shanghai,Mean_Age_Score,38.13753595,-0.9069419503,"a,d"
Guangzhou,Mean_Age_Score,36.19442794,-0.3644033074,"a,d"
Wuhan,Mean_Age_Score,36.50625347,-0.2907527983,"a,d"
Shanghai,Mean_Age_Score,39.7647593,-0.2337599546,"a,d"
Guangzhou,Mean_Age_Score,36.19444525,-0.5140152574,"a,d"
Beijing,Mean_Age_Score,38.9579671,-0.258423686,"a,d"
Wuhan,Mean_Age_Score,41.93641222,-0.185438171,"a,d"
Wuhan,Mean_Age_Score,42.14826428,-0.05674742535,"a,d"
Wuhan,Mean_Age_Score,36.50652734,-0.5011655092,"a,d"
Wuhan,Mean_Age_Score,36.50646893,-0.5093318224,"a,d"
Wuhan,Mean_Age_Score,35.77966803,-0.1747887284,"a,d"
Shanghai,Mean_Age_Score,39.76476375,-0.9079635739,"a,d"
Guangzhou,Mean_Age_Score,37.01770434,-1.215636015,"a,d"
Wuhan,Mean_Age_Score,44.86032308,0.41945526,"a,d"
Shanghai,Mean_Age_Score,46.59108569,0.2990145981,"a,d"
Shanghai,Mean_Age_Score,45.87429339,0.2930476964,"a,d"
Shanghai,Mean_Age_Score,46.59108495,0.3672090769,"a,d"
Wuhan,Mean_Age_Score,36.50647379,-0.4654840529,"a,d"
Shanghai,Mean_Age_Score,40.61184919,-0.386452198,"a,d"
Shanghai,Mean_Age_Score,39.7647713,-0.4639998078,"a,d"
Shanghai,Mean_Age_Score,42.46807703,0.06409340352,"a,d"
Guangzhou,Mean_Age_Score,37.18786522,-0.4399418533,"a,d"
Wuhan,Mean_Age_Score,36.50631798,-0.4493439496,"a,d"
Guangzhou,Mean_Age_Score,37.01770663,-0.9468307495,"a,d"
Shanghai,Mean_Age_Score,40.29058976,-0.5813378692,"a,d"
Beijing,Mean_Age_Score,41.53933824,-0.00405070046,"a,d"
Guangzhou,Mean_Age_Score,36.19442448,-0.9807962179,"a,d"
Shanghai,Mean_Age_Score,40.29059197,-0.7049562931,"a,d"
Shanghai,Mean_Age_Score,40.61186892,0.207644552,"a,d"
Shanghai,Mean_Age_Score,40.29059601,-0.6511518955,"a,d"
Beijing,Mean_Age_Score,41.53933826,-0.1595287621,"a,d"
Beijing,Mean_Age_Score,41.53933696,-0.02236010693,"a,d"
Shanghai,Mean_Age_Score,42.46807811,0.2076899111,"a,d"
Shanghai,Mean_Age_Score,42.10916349,-0.1426549703,"a,d"
Shanghai,Mean_Age_Score,42.46807699,0.04958068579,"a,d"
Shanghai,Mean_Age_Score,42.10917995,-0.1795125604,"a,d"
Wuhan,Mean_Age_Score,35.70671302,-0.6514574885,"a,d"
Beijing,Mean_Age_Score,42.36091257,0.1056325138,"a,d"
Shanghai,Mean_Age_Score,40.61185081,-0.2547641993,"a,d"
Guangzhou,Mean_Age_Score,36.19443171,-0.5211976767,"a,d"
Shanghai,Mean_Age_Score,46.84756354,0.2881563604,"a,d"
Beijing,Mean_Age_Score,42.25743562,0.02811668999,"a,d"
Shanghai,Mean_Age_Score,46.33149723,0.2937896252,"a,d"
Shanghai,Mean_Age_Score,38.13754718,-0.5998876691,"a,d"
Beijing,Mean_Age_Score,39.07338288,-0.2102158368,"a,d"
Shanghai,Mean_Age_Score,42.46807626,0.06098842248,"a,d"
Shanghai,Mean_Age_Score,42.10918729,-0.2909660339,"a,d"
Shanghai,Mean_Age_Score,40.61185214,-0.3211456537,"a,d"
Wuhan,Mean_Age_Score,35.70671571,-0.7905862331,"a,d"
Shanghai,Mean_Age_Score,47.32208509,0.5572994947,"a,d"
Beijing,Mean_Age_Score,38.9579703,-0.6236304045,"a,d"
Wuhan,Mean_Age_Score,41.96443062,-0.1131895334,"a,d"
Shanghai,Mean_Age_Score,42.1091947,-0.03387584537,"a,d"
Shanghai,Mean_Age_Score,40.29059408,-0.7509523034,"a,d"
Wuhan,Mean_Age_Score,42.40066742,0.1462167054,"a,d"
Wuhan,Mean_Age_Score,42.40066064,0.1070232689,"a,d"
Shanghai,Mean_Age_Score,40.61186932,0.05548579991,"a,d"
Beijing,Mean_Age_Score,38.95799736,-0.973354578,"a,d"
Shanghai,Mean_Age_Score,40.29056185,-0.4959706664,"a,d"
Shanghai,Mean_Age_Score,42.10918945,0.04115117341,"a,d"
Wuhan,Mean_Age_Score,35.70672202,-0.8992336392,"a,d"
Beijing,Mean_Age_Score,42.25741994,0.1831651628,"a,d"
Shanghai,Mean_Age_Score,42.10918333,0.01082445495,"a,d"
Wuhan,Mean_Age_Score,44.86032355,0.3065288663,"a,d"
Shanghai,Mean_Age_Score,43.9487184,0.1266517192,"a,d"
Shanghai,Mean_Age_Score,40.61185567,-0.3874342442,"a,d"
Beijing,Mean_Age_Score,44.84833429,0.09837465733,"a,d"
Shanghai,Mean_Age_Score,40.61186467,0.2635479867,"a,d"
Shanghai,Mean_Age_Score,38.13752886,-0.7236777544,"a,d"
Wuhan,Mean_Age_Score,36.50632174,-0.4877331555,"a,d"
Guangzhou,Mean_Age_Score,36.19439683,-0.4044104815,"a,d"
Shanghai,Mean_Age_Score,38.13755164,-0.3385813236,"a,d"
Shanghai,Mean_Age_Score,38.13753832,-0.6418365836,"a,d"
Shanghai,Mean_Age_Score,40.61185261,-0.4186632335,"a,d"
Shanghai,Mean_Age_Score,40.61186856,0.2477432638,"a,d"
Shanghai,Mean_Age_Score,40.61185559,-0.3322442174,"a,d"
Shanghai,Mean_Age_Score,46.18715375,0.0914927125,"a,d"
Shanghai,Mean_Age_Score,40.61186843,0.3980711102,"a,d"
Shanghai,Mean_Age_Score,42.46807512,-0.04459195212,"a,d"
Guangzhou,Mean_Age_Score,37.01765802,-0.6202486157,"a,d"
Shanghai,Mean_Age_Score,42.10919253,-0.05087020621,"a,d"
Beijing,Mean_Age_Score,38.95800014,-0.8461607099,"a,d"
Shanghai,Mean_Age_Score,46.84755957,0.04306939617,"a,d"
Beijing,Mean_Age_Score,42.25743981,0.05636393279,"a,d"
Shanghai,Mean_Age_Score,39.76472839,-0.8399911523,"a,d"
Wuhan,Mean_Age_Score,42.88787882,0.07556061447,"a,d"
Shanghai,Mean_Age_Score,42.10918698,-0.03232289106,"a,d"
Wuhan,Mean_Age_Score,43.01504512,0.4264450669,"a,d"
Shanghai,Mean_Age_Score,42.10917289,-0.08285393566,"a,d"
Wuhan,Mean_Age_Score,42.88787747,-0.06704131514,"a,d"
Shanghai,Mean_Age_Score,42.10918853,-0.03451920301,"a,d"
Shanghai,Mean_Age_Score,46.18714559,0.4178223014,"a,d"
Shanghai,Mean_Age_Score,42.10918933,0.02338246815,"a,d"
Shanghai,Mean_Age_Score,46.84756581,0.4141506553,"a,d"
Shanghai,Mean_Age_Score,40.61186676,0.1662266105,"a,d"
Guangzhou,Mean_Age_Score,41.21845917,0.09807740152,"a,d"
Beijing,Mean_Age_Score,44.70027353,0.08089658618,"a,d"
Wuhan,Mean_Age_Score,39.83646837,-0.5550593734,"a,d"
Shanghai,Mean_Age_Score,39.76473577,-0.1631357819,"a,d"
Shanghai,Mean_Age_Score,38.13753462,-0.8604875207,"a,d"
Beijing,Mean_Age_Score,42.8044332,0.04014582932,"a,d"
Shanghai,Mean_Age_Score,40.61186726,0.3097312748,"a,d"
Wuhan,Mean_Age_Score,35.70672456,-0.8105141521,"a,d"
Shanghai,Mean_Age_Score,46.18714813,0.3474325538,"a,d"
Shanghai,Mean_Age_Score,40.29059499,-0.5397289395,"a,d"
Shanghai,Mean_Age_Score,40.61186638,0.2974539399,"a,d"
Guangzhou,Mean_Age_Score,36.41512009,-0.5546606183,"a,d"
Shanghai,Mean_Age_Score,40.57825756,-0.1125898287,"a,d"
Beijing,Mean_Age_Score,42.2574146,0.0357456468,"a,d"
Shanghai,Mean_Age_Score,42.1091765,-0.04560763016,"a,d"
Shanghai,Mean_Age_Score,46.84756685,0.4578610659,"a,d"
Shanghai,Mean_Age_Score,40.57820392,-0.2286061645,"a,d"
Guangzhou,Mean_Age_Score,43.17689342,0.09372092038,"a,d"
Shanghai,Mean_Age_Score,46.1871488,0.3281464875,"a,d"
Wuhan,Mean_Age_Score,43.01504403,0.4337314665,"a,d"
Wuhan,Mean_Age_Score,43.01503898,0.2630222142,"a,d"
Shanghai,Mean_Age_Score,38.13753841,-0.7847254872,"a,d"
Shanghai,Mean_Age_Score,38.13755172,-0.639398098,"a,d"
Shanghai,Mean_Age_Score,40.61186725,0.2135320008,"a,d"
Shanghai,Mean_Age_Score,42.10917461,-0.03875165805,"a,d"
Shanghai,Mean_Age_Score,40.29059238,-0.7275899649,"a,d"
Shanghai,Mean_Age_Score,46.18715307,0.1621036232,"a,d"
Beijing,Mean_Age_Score,42.25743636,-0.09710361809,"a,d"
Shanghai,Mean_Age_Score,46.33147967,0.3144041002,"a,d"
Shanghai,Mean_Age_Score,38.13753955,-0.5298275948,"a,d"
Beijing,Mean_Age_Score,39.07334805,-0.5065791607,"a,d"
Shanghai,Mean_Age_Score,42.10919133,-0.01426231582,"a,d"
Shanghai,Mean_Age_Score,40.61186032,-0.05805290118,"a,d"
Guangzhou,Mean_Age_Score,35.85462293,-0.4543355405,"a,d"
Shanghai,Mean_Age_Score,39.76475011,-0.6968927979,"a,d"
Wuhan,Mean_Age_Score,43.01504486,0.4629902542,"a,d"
Guangzhou,Mean_Age_Score,36.19443804,-0.7325406671,"a,d"
Wuhan,Mean_Age_Score,41.93643107,-0.0625770092,"a,d"
Shanghai,Mean_Age_Score,42.10919477,0.07120464742,"a,d"
Wuhan,Mean_Age_Score,44.86031351,0.1481406987,"a,d"
Shanghai,Mean_Age_Score,40.29059369,-0.2796837687,"a,d"
Wuhan,Mean_Age_Score,36.50651535,-0.371632427,"a,d"
Shanghai,Mean_Age_Score,39.76473083,-0.5340366364,"a,d"
Guangzhou,Mean_Age_Score,36.19444655,-0.443212986,"a,d"
Wuhan,Mean_Age_Score,41.93644416,-0.01448055357,"a,d"
Beijing,Mean_Age_Score,41.53933818,-0.1243257374,"a,d"
Shanghai,Mean_Age_Score,46.33150892,0.1595807374,"a,d"
Wuhan,Mean_Age_Score,41.19146419,0.4629804492,"a,d"
Guangzhou,Mean_Age_Score,37.01770598,-0.642672658,"a,d"
Shanghai,Mean_Age_Score,46.84756925,0.3515687287,"a,d"
Shanghai,Mean_Age_Score,38.13751852,-0.6731032729,"a,d"
Guangzhou,Mean_Age_Score,36.66955403,-0.7650433779,"a,d"
Shanghai,Mean_Age_Score,38.13755164,-0.2504547536,"a,d"
Shanghai,Mean_Age_Score,47.32207934,0.3348430991,"a,d"
Wuhan,Mean_Age_Score,43.01503099,0.1349961758,"a,d"
Guangzhou,Mean_Age_Score,37.07254836,-0.7012672424,"a,d"
Shanghai,Mean_Age_Score,40.29054981,-0.5442809463,"a,d"
Shanghai,Mean_Age_Score,42.109181,-0.02100426331,"a,d"
Beijing,Mean_Age_Score,41.39102726,-0.0344004184,"a,d"
Beijing,Mean_Age_Score,41.53933584,-0.08856101334,"a,d"
Shanghai,Mean_Age_Score,42.10918191,-0.07970687747,"a,d"
Shanghai,Mean_Age_Score,46.18715067,0.1722135246,"a,d"
Shanghai,Mean_Age_Score,40.61186348,-0.006804571953,"a,d"
Beijing,Mean_Age_Score,38.95796396,-0.4943284392,"a,d"
Wuhan,Mean_Age_Score,36.50640748,-0.3856999874,"a,d"
Shanghai,Mean_Age_Score,40.61185779,-0.2164260298,"a,d"
Beijing,Mean_Age_Score,39.94321832,-0.7859483957,"a,d"
Wuhan,Mean_Age_Score,41.93631759,-0.2203906476,"a,d"
Shanghai,Mean_Age_Score,42.10919693,-0.04232481122,"a,d"
Shanghai,Mean_Age_Score,46.18715164,0.5643187165,"a,d"
Shanghai,Mean_Age_Score,46.84756876,0.2121783644,"a,d"
Shanghai,Mean_Age_Score,38.13753915,-0.7049194574,"a,d"
Beijing,Mean_Age_Score,39.94321979,-0.8246871233,"a,d"
Shanghai,Mean_Age_Score,43.94872721,0.2010106891,"a,d"
Shanghai,Mean_Age_Score,45.87431467,0.2470541,"a,d"
Shanghai,Mean_Age_Score,46.8475695,0.3099376261,"a,d"
Beijing,Mean_Age_Score,45.32823652,0.2608605325,"a,d"
Shanghai,Mean_Age_Score,38.13751128,-0.6324524283,"a,d"
Shanghai,Mean_Age_Score,40.5782436,-0.6287471056,"a,d"
Shanghai,Mean_Age_Score,46.18714755,0.3781045377,"a,d"
Guangzhou,Mean_Age_Score,35.85461881,-0.5522201657,"a,d"
Shanghai,Mean_Age_Score,42.10916059,-0.2026992738,"a,d"
Shanghai,Mean_Age_Score,42.10917536,-0.0803066045,"a,d"
Shanghai,Mean_Age_Score,43.94871268,0.2019964308,"a,d"
Shanghai,Mean_Age_Score,46.18715052,0.4047946036,"a,d"
Shanghai,Mean_Age_Score,46.84757064,0.3571745455,"a,d"
Beijing,Mean_Age_Score,45.5518228,0.3505958617,"a,d"
Guangzhou,Mean_Age_Score,35.85459966,-0.5654720068,"a,d"
Shanghai,Mean_Age_Score,42.10918856,0.01941954345,"a,d"
Shanghai,Mean_Age_Score,42.10913027,-0.1950320601,"a,d"
Shanghai,Mean_Age_Score,42.46790766,-0.06323201954,"a,d"
Shanghai,Mean_Age_Score,40.29059662,-0.7255579829,"a,d"
Shanghai,Mean_Age_Score,42.10917598,-0.2245564759,"a,d"
Shanghai,Mean_Age_Score,46.84757044,0.2536840737,"a,d"
Wuhan,Mean_Age_Score,42.87680586,-0.2595489323,"a,d"
Guangzhou,Mean_Age_Score,36.19444956,-0.750315845,"a,d"
Shanghai,Mean_Age_Score,42.10915905,-0.185035184,"a,d"
Wuhan,Mean_Age_Score,43.01503176,0.2785406411,"a,d"
Guangzhou,Mean_Age_Score,36.19427175,-0.3824655414,"a,d"
Beijing,Mean_Age_Score,38.95800296,-0.7891592979,"a,d"
Shanghai,Mean_Age_Score,38.13753742,-0.6899660826,"a,d"
Shanghai,Mean_Age_Score,39.76474207,-0.6983544827,"a,d"
Shanghai,Mean_Age_Score,46.42674263,0.3647970557,"a,d"
Guangzhou,Mean_Age_Score,41.21845541,0.1543908864,"a,d"
Shanghai,Mean_Age_Score,40.611865,0.3283250332,"a,d"
Shanghai,Mean_Age_Score,47.32208484,0.4539426565,"a,d"
Wuhan,Mean_Age_Score,42.14824437,-0.212178275,"a,d"
Shanghai,Mean_Age_Score,45.87431253,0.3687388599,"a,d"
Guangzhou,Mean_Age_Score,36.19441855,-0.4813490808,"a,d"
Beijing,Mean_Age_Score,38.95797428,-0.5349228978,"a,d"
Wuhan,Mean_Age_Score,42.88787048,0.02362438664,"a,d"
Beijing,Mean_Age_Score,39.07337355,-0.6520466208,"a,d"
Shanghai,Mean_Age_Score,46.33151453,0.2121438086,"a,d"
Beijing,Mean_Age_Score,41.53933281,-0.001589662395,"a,d"
Shanghai,Mean_Age_Score,42.10919006,0.07467897981,"a,d"
Wuhan,Mean_Age_Score,41.93633306,-0.2599219382,"a,d"
Shanghai,Mean_Age_Score,40.57825068,-0.3556397259,"a,d"
Shanghai,Mean_Age_Score,40.61185292,-0.3455540836,"a,d"
Beijing,Mean_Age_Score,41.95199494,-0.1751380265,"a,d"
Guangzhou,Mean_Age_Score,37.01764317,-0.639066875,"a,d"
Beijing,Mean_Age_Score,42.25742312,0.0355421342,"a,d"
Wuhan,Mean_Age_Score,41.93643845,-0.1906212419,"a,d"
Shanghai,Mean_Age_Score,42.46807645,0.187112689,"a,d"
Shanghai,Mean_Age_Score,46.33151577,0.2130180597,"a,d"
Shanghai,Mean_Age_Score,42.10918515,5.088443868e-05,"a,d"
Shanghai,Mean_Age_Score,42.10919375,-0.01586056873,"a,d"
Wuhan,Mean_Age_Score,42.14826812,-0.03169500083,"a,d"
Shanghai,Mean_Age_Score,46.33151364,0.4632528424,"a,d"
Wuhan,Mean_Age_Score,42.8878713,0.02187636308,"a,d"
Beijing,Mean_Age_Score,41.53933678,-0.06308156997,"a,d"
Shanghai,Mean_Age_Score,40.61185438,-0.2965486646,"a,d"
Beijing,Mean_Age_Score,43.67608567,0.2305517942,"a,d"
Shanghai,Mean_Age_Score,40.29059385,-0.4865405262,"a,d"
Shanghai,Mean_Age_Score,38.13747799,-0.6135088205,"a,d"
Wuhan,Mean_Age_Score,35.70671791,-0.8507820368,"a,d"
Beijing,Mean_Age_Score,41.5393367,0.02208643407,"a,d"
Shanghai,Mean_Age_Score,42.10915592,-0.2687024474,"a,d"
Wuhan,Mean_Age_Score,36.50632106,-0.4460105896,"a,d"
Shanghai,Mean_Age_Score,42.46807473,-0.02613758482,"a,d"
Shanghai,Mean_Age_Score,47.96920462,0.5030770898,"a,d"
Wuhan,Mean_Age_Score,39.83719294,-0.8268654346,"a,d"
Shanghai,Mean_Age_Score,38.13754834,-0.7871347666,"a,d"
Shanghai,Mean_Age_Score,46.59108457,0.2674104869,"a,d"
Shanghai,Mean_Age_Score,42.10918002,0.003322016913,"a,d"
Shanghai,Mean_Age_Score,42.10918014,-0.0241314061,"a,d"
Shanghai,Mean_Age_Score,40.29057415,-0.5615620613,"a,d"
Shanghai,Mean_Age_Score,40.2905669,-0.6404406428,"a,d"
Shanghai,Mean_Age_Score,42.10915992,-0.1448397189,"a,d"
Shanghai,Mean_Age_Score,42.46807609,0.04216492921,"a,d"
Wuhan,Mean_Age_Score,36.5065375,-0.3282061815,"a,d"
Shanghai,Mean_Age_Score,40.61186364,-0.1014339998,"a,d"
Shanghai,Mean_Age_Score,42.10919098,0.01871716604,"a,d"
Shanghai,Mean_Age_Score,39.76475887,-0.5727692246,"a,d"
Shanghai,Mean_Age_Score,42.10918431,-0.1266820431,"a,d"
Shanghai,Mean_Age_Score,42.10919208,0.05682279542,"a,d"
Wuhan,Mean_Age_Score,42.14826947,0.0101958625,"a,d"
Shanghai,Mean_Age_Score,42.46807913,0.04575471953,"a,d"
Shanghai,Mean_Age_Score,43.94871547,0.3013427258,"a,d"
Shanghai,Mean_Age_Score,38.13755142,-0.534576118,"a,d"
Wuhan,Mean_Age_Score,41.93631694,-0.2504141629,"a,d"
Wuhan,Mean_Age_Score,39.83720253,-0.8743698001,"a,d"
Shanghai,Mean_Age_Score,38.13753658,-0.5214024782,"a,d"
Guangzhou,Mean_Age_Score,41.21845887,0.3667165339,"a,d"
Guangzhou,Mean_Age_Score,36.19442741,-1.022425413,"a,d"
Shanghai,Mean_Age_Score,42.10919473,-0.04905309901,"a,d"
Wuhan,Mean_Age_Score,35.70671997,-1.023797393,"a,d"
Shanghai,Mean_Age_Score,45.87431398,0.3264078796,"a,d"
Shanghai,Mean_Age_Score,46.18714209,0.3934877813,"a,d"
Wuhan,Mean_Age_Score,42.88785023,-0.04251013696,"a,d"
Wuhan,Mean_Age_Score,42.14827588,-0.08612114936,"a,d"
Guangzhou,Mean_Age_Score,37.18792175,-0.6439959407,"a,d"
Beijing,Mean_Age_Score,42.25743618,0.02195610851,"a,d"
Wuhan,Mean_Age_Score,39.83717758,-0.632938683,"a,d"
Shanghai,Mean_Age_Score,42.10919392,0.09769082069,"a,d"
Shanghai,Mean_Age_Score,39.76466497,-0.2059460431,"a,d"
Guangzhou,Mean_Age_Score,37.18796139,-0.9213988781,"a,d"
Shanghai,Mean_Age_Score,42.46807303,-0.004184016027,"a,d"
Beijing,Mean_Age_Score,41.39546653,-0.1929775178,"a,d"
Guangzhou,Mean_Age_Score,37.01754105,-0.5459604859,"a,d"
Shanghai,Mean_Age_Score,38.13753049,-0.6322254539,"a,d"
Shanghai,Mean_Age_Score,40.61186347,-0.2243208736,"a,d"
Beijing,Mean_Age_Score,41.53933468,0.0316000171,"a,d"
Shanghai,Mean_Age_Score,42.10917923,-0.04344931245,"a,d"
Shanghai,Mean_Age_Score,42.1091896,-0.07250229269,"a,d"
Shanghai,Mean_Age_Score,42.10919437,-0.01819454134,"a,d"
Guangzhou,Mean_Age_Score,37.01767424,-0.5921925902,"a,d"
Beijing,Mean_Age_Score,39.0733821,-0.6774719357,"a,d"
Shanghai,Mean_Age_Score,40.57824518,-0.2024241537,"a,d"
Guangzhou,Mean_Age_Score,36.19440605,-0.1364473552,"a,d"
Shanghai,Mean_Age_Score,38.13753386,-0.9079851508,"a,d"
Wuhan,Mean_Age_Score,36.50632429,-0.4583706558,"a,d"
Shanghai,Mean_Age_Score,40.29059272,-0.5174914002,"a,d"
Beijing,Mean_Age_Score,41.39543987,0.0209702272,"a,d"
Wuhan,Mean_Age_Score,43.01504153,0.2810014486,"a,d"
Wuhan,Mean_Age_Score,41.19146845,0.3742316961,"a,d"
Shanghai,Mean_Age_Score,39.76466896,-0.4006061256,"a,d"
Shanghai,Mean_Age_Score,46.18714267,0.2803063989,"a,d"
Shanghai,Mean_Age_Score,40.61186915,0.3175076544,"a,d"
Beijing,Mean_Age_Score,39.07338485,-0.6708382964,"a,d"
Shanghai,Mean_Age_Score,45.87431416,0.3633499444,"a,d"
Shanghai,Mean_Age_Score,40.57824595,-0.2487379313,"a,d"
Wuhan,Mean_Age_Score,41.96429169,-0.194983691,"a,d"
Beijing,Mean_Age_Score,39.9431903,-0.5216805935,"a,d"
Guangzhou,Mean_Age_Score,35.85461371,-0.3718250096,"a,d"
Shanghai,Mean_Age_Score,46.84756591,0.2974559367,"a,d"
Shanghai,Mean_Age_Score,40.61186031,-0.198939696,"a,d"
Shanghai,Mean_Age_Score,46.18714459,0.2745290697,"a,d"
Shanghai,Mean_Age_Score,40.29059326,-0.3627619743,"a,d"
Shanghai,Mean_Age_Score,40.29057899,-0.6522446871,"a,d"
Guangzhou,Mean_Age_Score,36.19442302,-0.7781077623,"a,d"
Guangzhou,Mean_Age_Score,37.18779591,-0.5784260035,"a,d"
Shanghai,Mean_Age_Score,39.76476176,-0.5866545439,"a,d"
Shanghai,Mean_Age_Score,42.10919159,0.01959926076,"a,d"
Shanghai,Mean_Age_Score,42.46807723,0.0412270464,"a,d"
Shanghai,Mean_Age_Score,42.46807725,0.1439882815,"a,d"
Wuhan,Mean_Age_Score,36.50637259,-0.4233082831,"a,d"
Wuhan,Mean_Age_Score,36.50652526,-0.2699144781,"a,d"
Shanghai,Mean_Age_Score,42.10918089,-0.2153197974,"a,d"
Beijing,Mean_Age_Score,42.80443271,-0.02874304168,"a,d"
Shanghai,Mean_Age_Score,42.10916184,-0.2093142122,"a,d"
Shanghai,Mean_Age_Score,46.59108102,0.3639528453,"a,d"
Shanghai,Mean_Age_Score,46.33151135,0.3476177752,"a,d"
Shanghai,Mean_Age_Score,40.57825089,-0.3394878209,"a,d"
Wuhan,Mean_Age_Score,44.86033105,0.08002124727,"a,d"
Shanghai,Mean_Age_Score,40.61186746,0.3801741302,"a,d"
Shanghai,Mean_Age_Score,45.87431246,0.2577863634,"a,d"
Shanghai,Mean_Age_Score,42.46807246,0.0437647067,"a,d"
Guangzhou,Mean_Age_Score,37.18790801,-0.2634326518,"a,d"
Guangzhou,Mean_Age_Score,36.54015883,-0.6238493919,"a,d"
Shanghai,Mean_Age_Score,38.13752833,-0.5430219769,"a,d"
Shanghai,Mean_Age_Score,40.29059307,-0.6846693754,"a,d"
Wuhan,Mean_Age_Score,35.70672047,-0.6621199846,"a,d"
Shanghai,Mean_Age_Score,46.33151516,0.4115649164,"a,d"
Shanghai,Mean_Age_Score,40.61186747,0.2507171631,"a,d"
Shanghai,Mean_Age_Score,42.10918614,-0.02590746805,"a,d"
Shanghai,Mean_Age_Score,39.76476265,-0.5332003236,"a,d"
Guangzhou,Mean_Age_Score,43.17689078,0.3240939379,"a,d"
Wuhan,Mean_Age_Score,42.40066217,0.06316362321,"a,d"
Shanghai,Mean_Age_Score,40.29058513,-0.4400507212,"a,d"
Guangzhou,Mean_Age_Score,36.19444841,-0.8392356634,"a,d"
Shanghai,Mean_Age_Score,40.29059536,-0.6568872929,"a,d"
Shanghai,Mean_Age_Score,40.29050996,-0.6607062817,"a,d"
Beijing,Mean_Age_Score,38.95796141,-0.6277475357,"a,d"
Beijing,Mean_Age_Score,38.95799872,-0.6547275186,"a,d"
Shanghai,Mean_Age_Score,40.6118454,-0.1413825154,"a,d"
Shanghai,Mean_Age_Score,40.57824564,-0.1909485906,"a,d"
Shanghai,Mean_Age_Score,46.84756708,0.4035968184,"a,d"
Shanghai,Mean_Age_Score,47.32208502,0.4270208776,"a,d"
Guangzhou,Mean_Age_Score,37.01766627,-0.6491978168,"a,d"
Beijing,Mean_Age_Score,43.67614213,0.3700484931,"a,d"
Beijing,Mean_Age_Score,39.94322007,-0.8883410692,"a,d"
Guangzhou,Mean_Age_Score,35.85462435,-0.5700624585,"a,d"
Shanghai,Mean_Age_Score,40.61186848,0.2988778055,"a,d"
Beijing,Mean_Age_Score,41.95211304,-0.01472147182,"a,d"
Shanghai,Mean_Age_Score,42.46807002,-0.01974755526,"a,d"
Guangzhou,Mean_Age_Score,36.19438487,-0.4249227345,"a,d"
Guangzhou,Mean_Age_Score,36.19441228,-0.9619167447,"a,d"
Beijing,Mean_Age_Score,39.07338532,-0.8558898568,"a,d"
Beijing,Mean_Age_Score,38.95800103,-0.8081224561,"a,d"
Shanghai,Mean_Age_Score,46.33151608,0.2557720542,"a,d"
Wuhan,Mean_Age_Score,36.50651894,-0.4169534743,"a,d"
Wuhan,Mean_Age_Score,42.14827583,0.1675358266,"a,d"
Guangzhou,Mean_Age_Score,41.21845754,0.264297694,"a,d"
Guangzhou,Mean_Age_Score,37.01769932,-1.145896435,"a,d"
Shanghai,Mean_Age_Score,46.18715256,0.09756537527,"a,d"
Shanghai,Mean_Age_Score,42.10919503,-0.1074033976,"a,d"
Shanghai,Mean_Age_Score,45.87429021,0.2333984077,"a,d"
Beijing,Mean_Age_Score,42.36093793,0.0002089242917,"a,d"
Shanghai,Mean_Age_Score,40.6118639,-0.224148795,"a,d"
Shanghai,Mean_Age_Score,40.61186486,0.6272619367,"a,d"
Beijing,Mean_Age_Score,41.31624222,-0.02820619754,"a,d"
Shanghai,Mean_Age_Score,42.10917927,-0.149040997,"a,d"
Shanghai,Mean_Age_Score,40.61186766,0.434007436,"a,d"
Shanghai,Mean_Age_Score,42.10918614,-0.05801612139,"a,d"
Shanghai,Mean_Age_Score,42.10909612,-0.2049055398,"a,d"
Shanghai,Mean_Age_Score,38.13752387,-0.5453310609,"a,d"
Shanghai,Mean_Age_Score,42.10907592,-0.1711149216,"a,d"
Shanghai,Mean_Age_Score,42.46807925,0.02704338357,"a,d"
Shanghai,Mean_Age_Score,38.13755024,-0.5906117558,"a,d"
Wuhan,Mean_Age_Score,41.93636228,-0.2119340301,"a,d"
Shanghai,Mean_Age_Score,45.87430972,0.1657576263,"a,d"
Shanghai,Mean_Age_Score,46.18715013,0.3399685025,"a,d"
Wuhan,Mean_Age_Score,42.40066937,-0.01801415533,"a,d"
Shanghai,Mean_Age_Score,47.32208653,0.5742321014,"a,d"
Wuhan,Mean_Age_Score,41.93642209,-0.05235491693,"a,d"
Wuhan,Mean_Age_Score,43.0150462,0.6208261847,"a,d"
Shanghai,Mean_Age_Score,45.87431235,0.1837080717,"a,d"
Shanghai,Mean_Age_Score,46.18715087,0.2762133181,"a,d"
Shanghai,Mean_Age_Score,38.13754364,-0.6922408938,"a,d"
Wuhan,Mean_Age_Score,42.14827494,0.2508230805,"a,d"
Shanghai,Mean_Age_Score,40.61186864,0.2594005167,"a,d"
Shanghai,Mean_Age_Score,40.29058414,-0.8348379731,"a,d"
Wuhan,Mean_Age_Score,42.14827303,0.01466655545,"a,d"
Shanghai,Mean_Age_Score,38.13751736,-0.5583082438,"a,d"
Wuhan,Mean_Age_Score,42.14827664,0.1122195125,"a,d"
Shanghai,Mean_Age_Score,42.10918383,-0.2543049157,"a,d"
Shanghai,Mean_Age_Score,42.46807774,0.003717122367,"a,d"
Wuhan,Mean_Age_Score,44.86032719,0.1749531478,"a,d"
Shanghai,Mean_Age_Score,46.59108658,0.3330747783,"a,d"
Shanghai,Mean_Age_Score,40.29056675,-0.3626896441,"a,d"
Shanghai,Mean_Age_Score,47.32207986,0.3008458912,"a,d"
Guangzhou,Mean_Age_Score,37.01767115,-0.5919911265,"a,d"
Wuhan,Mean_Age_Score,43.01503998,0.2628316879,"a,d"
Wuhan,Mean_Age_Score,35.70672475,-0.1189174727,"a,d"
Wuhan,Mean_Age_Score,35.70672028,-0.4798356593,"a,d"
Beijing,Mean_Age_Score,41.53933733,-0.1149522886,"a,d"
Shanghai,Mean_Age_Score,40.57816954,-0.4472927451,"a,d"
Shanghai,Mean_Age_Score,42.10918864,0.01815704256,"a,d"
Shanghai,Mean_Age_Score,42.10918815,0.04997953027,"a,d"
Shanghai,Mean_Age_Score,38.13754104,-0.5419029593,"a,d"
Beijing,Mean_Age_Score,39.0733664,-0.5583629012,"a,d"
Shanghai,Mean_Age_Score,42.10914582,-0.1622317731,"a,d"
Shanghai,Mean_Age_Score,42.10919275,-0.04922003672,"a,d"
Shanghai,Mean_Age_Score,42.10918341,-0.01291918941,"a,d"
Wuhan,Mean_Age_Score,35.70671488,-0.5140869617,"a,d"
Shanghai,Mean_Age_Score,43.94872624,0.1280318201,"a,d"
Shanghai,Mean_Age_Score,46.84756895,0.3223282695,"a,d"
Wuhan,Mean_Age_Score,42.14825077,-0.01231198292,"a,d"
Wuhan,Mean_Age_Score,35.7067224,-0.382294327,"a,d"
Beijing,Mean_Age_Score,41.53933006,-0.2308763266,"a,d"
Beijing,Mean_Age_Score,41.53933377,0.00590456184,"a,d"
Beijing,Mean_Age_Score,39.94321719,-0.7046470642,"a,d"
Shanghai,Mean_Age_Score,46.18714781,0.3900389671,"a,d"
Shanghai,Mean_Age_Score,40.61184753,-0.2579438984,"a,d"
Beijing,Mean_Age_Score,41.53932336,-0.1320415735,"a,d"
Shanghai,Mean_Age_Score,38.13754175,-0.8490675092,"a,d"
Beijing,Mean_Age_Score,39.94321324,-0.8711944222,"a,d"
Shanghai,Mean_Age_Score,40.29058151,-0.4850285649,"a,d"
Guangzhou,Mean_Age_Score,37.01763703,-0.559384644,"a,d"
Shanghai,Mean_Age_Score,39.7647422,-0.3796002269,"a,d"
Wuhan,Mean_Age_Score,35.70671656,-0.6968491673,"a,d"
Wuhan,Mean_Age_Score,41.93644462,-0.1084884033,"a,d"
Shanghai,Mean_Age_Score,40.61186912,0.2164077014,"a,d"
Beijing,Mean_Age_Score,39.94321934,-0.5723242164,"a,d"
Shanghai,Mean_Age_Score,40.61186243,-0.06976095587,"a,d"
Shanghai,Mean_Age_Score,45.87431359,0.299911052,"a,d"
Shanghai,Mean_Age_Score,42.10918065,-0.03196321428,"a,d"
Shanghai,Mean_Age_Score,38.13753579,-0.491514951,"a,d"
Wuhan,Mean_Age_Score,35.70672279,-0.5286081433,"a,d"
Shanghai,Mean_Age_Score,38.13752461,-0.4080639184,"a,d"
Wuhan,Mean_Age_Score,44.86032821,0.5383063555,"a,d"
Wuhan,Mean_Age_Score,41.19145082,0.01887860335,"a,d"
Guangzhou,Mean_Age_Score,41.2184598,0.02112365142,"a,d"
Shanghai,Mean_Age_Score,47.32208532,0.3659696281,"a,d"
Shanghai,Mean_Age_Score,38.13753882,-0.7853098512,"a,d"
Shanghai,Mean_Age_Score,46.84757058,0.4890725017,"a,d"
Wuhan,Mean_Age_Score,41.93641254,-0.1441245079,"a,d"
Guangzhou,Mean_Age_Score,36.19443778,-0.4847328663,"a,d"
Beijing,Mean_Age_Score,38.9579763,-0.3362425566,"a,d"
Wuhan,Mean_Age_Score,42.14826901,0.0663542822,"a,d"
Shanghai,Mean_Age_Score,38.13754264,-0.5573874116,"a,d"
Beijing,Mean_Age_Score,41.39540342,-0.07115231454,"a,d"
Shanghai,Mean_Age_Score,38.13752498,-0.554302454,"a,d"
Shanghai,Mean_Age_Score,42.10918596,-0.09317526966,"a,d"
Shanghai,Mean_Age_Score,42.46807519,0.04504857585,"a,d"
Beijing,Mean_Age_Score,41.31624261,0.2288221717,"a,d"
Beijing,Mean_Age_Score,42.257438,-0.06351300329,"a,d"
Guangzhou,Mean_Age_Score,35.85462456,-0.6162554026,"a,d"
Beijing,Mean_Age_Score,45.55182329,0.2884821594,"a,d"
Shanghai,Mean_Age_Score,40.61182603,-0.2983935475,"a,d"
Shanghai,Mean_Age_Score,40.61185832,-0.3297970593,"a,d"
Shanghai,Mean_Age_Score,42.10918171,-0.04857603461,"a,d"
Shanghai,Mean_Age_Score,46.33151056,0.4201054573,"a,d"
Wuhan,Mean_Age_Score,41.93617975,-0.1493852735,"a,d"
Beijing,Mean_Age_Score,38.95792886,-0.609741509,"a,d"
Beijing,Mean_Age_Score,38.95793435,-0.5271747112,"a,d"
Shanghai,Mean_Age_Score,42.10919353,0.09183771908,"a,d"
Beijing,Mean_Age_Score,41.39538317,-0.02290210873,"a,d"
Shanghai,Mean_Age_Score,38.13754419,-0.6566579938,"a,d"
Wuhan,Mean_Age_Score,39.83714525,-0.618948698,"a,d"
Guangzhou,Mean_Age_Score,36.19444235,-0.4321785867,"a,d"
Guangzhou,Mean_Age_Score,37.07241057,-0.4869092703,"a,d"
Shanghai,Mean_Age_Score,42.10919045,-0.0325967893,"a,d"
Shanghai,Mean_Age_Score,39.76475165,-0.5035723448,"a,d"
Shanghai,Mean_Age_Score,40.6118646,0.1297667325,"a,d"
Shanghai,Mean_Age_Score,42.10919269,-0.08288566768,"a,d"
Shanghai,Mean_Age_Score,46.59108526,0.3406213224,"a,d"
Guangzhou,Mean_Age_Score,37.01760101,-0.6778854132,"a,d"
Shanghai,Mean_Age_Score,40.6116868,-0.2502117157,"a,d"
Guangzhou,Mean_Age_Score,36.19442598,-0.451310277,"a,d"
Shanghai,Mean_Age_Score,42.10919005,0.07488448918,"a,d"
Shanghai,Mean_Age_Score,40.29054866,-0.7404552698,"a,d"
Shanghai,Mean_Age_Score,46.3315097,0.3316382766,"a,d"
Beijing,Mean_Age_Score,41.53933622,-0.02213439718,"a,d"
Shanghai,Mean_Age_Score,45.87426566,0.001698496053,"a,d"
Shanghai,Mean_Age_Score,46.84755593,0.3931585252,"a,d"
Shanghai,Mean_Age_Score,40.6118684,0.2592352629,"a,d"
Shanghai,Mean_Age_Score,46.33149996,0.3866362274,"a,d"
Guangzhou,Mean_Age_Score,36.19436329,-0.3462976813,"a,d"
Wuhan,Mean_Age_Score,42.88787913,-0.04126681387,"a,d"
Beijing,Mean_Age_Score,41.31621475,0.276522547,"a,d"
Shanghai,Mean_Age_Score,42.46807514,-0.002528886776,"a,d"
Shanghai,Mean_Age_Score,47.3220854,0.6273270249,"a,d"
Shanghai,Mean_Age_Score,39.76475202,-0.5310863853,"a,d"
Shanghai,Mean_Age_Score,45.87430453,0.275952816,"a,d"
Shanghai,Mean_Age_Score,42.10916086,-0.265440464,"a,d"
Beijing,Mean_Age_Score,39.07338457,-0.7225471139,"a,d"
Shanghai,Mean_Age_Score,43.94871621,0.205267638,"a,d"
Shanghai,Mean_Age_Score,47.05469437,0.5371293426,"a,d"
Shanghai,Mean_Age_Score,40.2905738,-0.6499245763,"a,d"
Shanghai,Mean_Age_Score,42.468076,0.01336232666,"a,d"
Shanghai,Mean_Age_Score,42.10918433,-0.01902932674,"a,d"
Guangzhou,Mean_Age_Score,36.19437275,-0.3117960393,"a,d"
Beijing,Mean_Age_Score,41.53933765,0.1467906088,"a,d"
Shanghai,Mean_Age_Score,46.1871437,0.1783782095,"a,d"
Shanghai,Mean_Age_Score,42.1091834,-0.1198124439,"a,d"
Shanghai,Mean_Age_Score,42.46806371,0.3157774508,"a,d"
Shanghai,Mean_Age_Score,40.61186551,0.3076308966,"a,d"
Shanghai,Mean_Age_Score,42.46806142,0.297406286,"a,d"
Shanghai,Mean_Age_Score,38.13746371,-0.5905797482,"a,d"
Shanghai,Mean_Age_Score,38.13754924,-0.4229910374,"a,d"
Beijing,Mean_Age_Score,39.07338709,-0.8487092257,"a,d"
Shanghai,Mean_Age_Score,38.13747683,-0.5688040257,"a,d"
Guangzhou,Mean_Age_Score,37.01770361,-0.8969881535,"a,d"
Shanghai,Mean_Age_Score,42.46807698,-0.006746369414,"a,d"
Shanghai,Mean_Age_Score,40.61186466,0.3783468604,"a,d"
Shanghai,Mean_Age_Score,42.46807469,0.05569466576,"a,d"
Wuhan,Mean_Age_Score,40.84494764,0.1061422974,"a,d"
Shanghai,Mean_Age_Score,40.61186655,0.3993915319,"a,d"
Guangzhou,Mean_Age_Score,36.19430477,-0.4139198959,"a,d"
Shanghai,Mean_Age_Score,40.61186649,0.369116962,"a,d"
Shanghai,Mean_Age_Score,46.59108396,0.1929535419,"a,d"
Shanghai,Mean_Age_Score,46.42673956,0.1858162284,"a,d"
Shanghai,Mean_Age_Score,42.46807825,0.09211721271,"a,d"
Shanghai,Mean_Age_Score,39.76474331,-0.5657570958,"a,d"
Beijing,Mean_Age_Score,42.25743973,0.1051257104,"a,d"
Shanghai,Mean_Age_Score,46.18715212,0.2832832038,"a,d"
Beijing,Mean_Age_Score,45.3282299,0.08154048771,"a,d"
Shanghai,Mean_Age_Score,46.59107955,0.3350259066,"a,d"
Guangzhou,Mean_Age_Score,37.017632,-0.6566441655,"a,d"
Shanghai,Mean_Age_Score,46.33151184,0.1797791868,"a,d"
Shanghai,Mean_Age_Score,40.29057512,-0.6904742718,"a,d"
Shanghai,Mean_Age_Score,43.94871886,0.1388105899,"a,d"
Wuhan,Mean_Age_Score,39.83719599,-0.784047246,"a,d"
Wuhan,Mean_Age_Score,41.93643781,-0.138315618,"a,d"
Wuhan,Mean_Age_Score,42.8878747,0.0141832903,"a,d"
Beijing,Mean_Age_Score,39.94321241,-0.2110314071,"a,d"
Wuhan,Mean_Age_Score,41.19147181,0.4652372897,"a,d"
Shanghai,Mean_Age_Score,42.10915298,-0.1575877517,"a,d"
Beijing,Mean_Age_Score,39.94321991,-0.7934176922,"a,d"
Guangzhou,Mean_Age_Score,36.19444109,-0.6740309596,"a,d"
Shanghai,Mean_Age_Score,46.18714192,0.2809617519,"a,d"
Shanghai,Mean_Age_Score,42.46807362,0.01785226911,"a,d"
Shanghai,Mean_Age_Score,46.84756118,0.3988366127,"a,d"
Shanghai,Mean_Age_Score,39.76475494,-0.5975487828,"a,d"
Shanghai,Mean_Age_Score,39.76475976,-0.4056598842,"a,d"
Shanghai,Mean_Age_Score,43.94872749,0.1978702247,"a,d"
Shanghai,Mean_Age_Score,38.13753446,-0.5974457264,"a,d"
Guangzhou,Mean_Age_Score,36.1943892,-0.1873781532,"a,d"
Wuhan,Mean_Age_Score,43.0150416,0.2231430709,"a,d"
Wuhan,Mean_Age_Score,41.19147249,0.1296277642,"a,d"
Shanghai,Mean_Age_Score,38.13752949,-0.5671957135,"a,d"
Shanghai,Mean_Age_Score,46.84755796,0.4457124174,"a,d"
Shanghai,Mean_Age_Score,40.61186743,0.4002109468,"a,d"
Shanghai,Mean_Age_Score,40.6118684,0.2591157556,"a,d"
Guangzhou,Mean_Age_Score,36.19443334,-1.041849971,"a,d"
Wuhan,Mean_Age_Score,41.93626334,-0.1414364725,"a,d"
Wuhan,Mean_Age_Score,43.015043,0.2727722228,"a,d"
Shanghai,Mean_Age_Score,40.61186719,0.1996349841,"a,d"
Guangzhou,Mean_Age_Score,36.19434742,-0.4743393362,"a,d"
Guangzhou,Mean_Age_Score,41.2184574,0.3796376288,"a,d"
Guangzhou,Mean_Age_Score,37.18796114,-0.8471823335,"a,d"
Beijing,Mean_Age_Score,42.80440181,-0.03459683061,"a,d"
Shanghai,Mean_Age_Score,42.46807605,0.04062106088,"a,d"
Shanghai,Mean_Age_Score,42.1091935,-0.03841868043,"a,d"
Shanghai,Mean_Age_Score,42.46807828,-0.01303634699,"a,d"
Wuhan,Mean_Age_Score,44.86032905,0.4251351357,"a,d"
Guangzhou,Mean_Age_Score,36.19440122,-0.4258503616,"a,d"
Shanghai,Mean_Age_Score,43.94873154,0.2577127814,"a,d"
Wuhan,Mean_Age_Score,39.83719342,-0.8526392579,"a,d"
Shanghai,Mean_Age_Score,38.13754719,-0.6464521885,"a,d"
Shanghai,Mean_Age_Score,38.13754775,-0.5120239854,"a,d"
Shanghai,Mean_Age_Score,38.13753552,-0.6126685143,"a,d"
Shanghai,Mean_Age_Score,40.61179529,-0.3894353509,"a,d"
Shanghai,Mean_Age_Score,46.18714973,0.2147656232,"a,d"
Wuhan,Mean_Age_Score,36.50644397,-0.5106119514,"a,d"
Wuhan,Mean_Age_Score,43.01502994,0.2452603579,"a,d"
Wuhan,Mean_Age_Score,40.67048839,0.2989363968,"a,d"
Shanghai,Mean_Age_Score,42.10919271,-0.09508701414,"a,d"
Wuhan,Mean_Age_Score,41.93644213,-0.1351449639,"a,d"
Guangzhou,Mean_Age_Score,36.19441279,-0.4618262053,"a,d"
Shanghai,Mean_Age_Score,42.46807393,0.106044583,"a,d"
Shanghai,Mean_Age_Score,42.10913988,-0.188127175,"a,d"
Shanghai,Mean_Age_Score,42.46807742,-0.03619737178,"a,d"
Shanghai,Mean_Age_Score,42.10918064,-0.1348091662,"a,d"
Shanghai,Mean_Age_Score,39.7647591,-0.7520349622,"a,d"
Shanghai,Mean_Age_Score,38.13750124,-0.6180207133,"a,d"
Wuhan,Mean_Age_Score,42.14827099,0.01660566032,"a,d"
Wuhan,Mean_Age_Score,42.14827752,0.08039283752,"a,d"
Beijing,Mean_Age_Score,39.9431985,-0.6185638309,"a,d"
Beijing,Mean_Age_Score,41.95203453,-0.161565125,"a,d"
Shanghai,Mean_Age_Score,38.13753751,-0.6119064093,"a,d"
Shanghai,Mean_Age_Score,39.76475949,-0.5839298964,"a,d"
Shanghai,Mean_Age_Score,42.46807724,0.03100526892,"a,d"
Shanghai,Mean_Age_Score,42.10917449,-0.1391257048,"a,d"
Guangzhou,Mean_Age_Score,35.85462469,-0.3836505711,"a,d"
Shanghai,Mean_Age_Score,38.13754089,-0.5299695134,"a,d"
Guangzhou,Mean_Age_Score,37.01770421,-0.9628151655,"a,d"
Beijing,Mean_Age_Score,41.5393371,0.1267106235,"a,d"
Shanghai,Mean_Age_Score,42.46806688,0.003208387177,"a,d"
Shanghai,Mean_Age_Score,42.10915945,-0.1838858277,"a,d"
Guangzhou,Mean_Age_Score,36.19433194,-0.376226902,"a,d"
Shanghai,Mean_Age_Score,46.18715104,0.1746112257,"a,d"
Shanghai,Mean_Age_Score,40.61186774,0.268609494,"a,d"
Guangzhou,Mean_Age_Score,37.01769788,-0.5774939656,"a,d"
Shanghai,Mean_Age_Score,42.10916804,-0.2022528499,"a,d"
Guangzhou,Mean_Age_Score,43.17688807,0.4644365609,"a,d"
Shanghai,Mean_Age_Score,40.61186604,0.3659840822,"a,d"
Beijing,Mean_Age_Score,41.39531133,-0.2202944607,"a,d"
Shanghai,Mean_Age_Score,42.10919161,0.02184583247,"a,d"
Guangzhou,Mean_Age_Score,43.17687243,0.131653294,"a,d"
Shanghai,Mean_Age_Score,40.61185403,-0.3072373867,"a,d"
Wuhan,Mean_Age_Score,41.93642918,-0.1074108481,"a,d"
Wuhan,Mean_Age_Score,42.88787178,0.05726405606,"a,d"
Wuhan,Mean_Age_Score,42.14827346,0.2069802731,"a,d"
Wuhan,Mean_Age_Score,44.86032952,0.5009222627,"a,d"
Wuhan,Mean_Age_Score,36.50653575,-0.597106874,"a,d"
Shanghai,Mean_Age_Score,40.61186485,0.1703910977,"a,d"
Shanghai,Mean_Age_Score,46.42674351,0.2173223794,"a,d"
Shanghai,Mean_Age_Score,42.10918311,-0.02878560685,"a,d"
Guangzhou,Mean_Age_Score,36.1944107,-0.395349443,"a,d"
Shanghai,Mean_Age_Score,38.137545,-0.5227041245,"a,d"
Shanghai,Mean_Age_Score,42.10917999,-0.02098914422,"a,d"
Wuhan,Mean_Age_Score,41.93643798,-0.07842175663,"a,d"
Shanghai,Mean_Age_Score,38.13754115,-0.5808652043,"a,d"
Shanghai,Mean_Age_Score,42.10919358,0.07547591627,"a,d"
Wuhan,Mean_Age_Score,43.01503672,0.3576402366,"a,d"
Shanghai,Mean_Age_Score,37.25986253,-0.5365180373,"a,d"
Shanghai,Mean_Age_Score,40.2905933,-0.8124032021,"a,d"
Guangzhou,Mean_Age_Score,37.18796381,-0.7691476345,"a,d"
Shanghai,Mean_Age_Score,46.84756729,0.3264149725,"a,d"
Shanghai,Mean_Age_Score,46.18715328,0.2343143821,"a,d"
Wuhan,Mean_Age_Score,36.50647759,-0.4354136586,"a,d"
Wuhan,Mean_Age_Score,35.70672167,-0.7414263487,"a,d"
Beijing,Mean_Age_Score,39.94321658,-0.9084185362,"a,d"
Guangzhou,Mean_Age_Score,36.1943985,-0.2080852091,"a,d"
Beijing,Mean_Age_Score,41.39543727,-0.1255713552,"a,d"
Shanghai,Mean_Age_Score,46.18715233,0.4580061436,"a,d"
Guangzhou,Mean_Age_Score,36.41511982,-0.4359666109,"a,d"
Wuhan,Mean_Age_Score,41.93643082,-0.04541883245,"a,d"
Shanghai,Mean_Age_Score,39.76477192,-0.6418834329,"a,d"
Shanghai,Mean_Age_Score,40.57825484,-0.2301832885,"a,d"
Shanghai,Mean_Age_Score,40.61185831,-0.267459929,"a,d"
Guangzhou,Mean_Age_Score,36.19443756,-0.6181429625,"a,d"
Shanghai,Mean_Age_Score,40.61186861,0.199329555,"a,d"
Shanghai,Mean_Age_Score,38.13752487,-0.6221256852,"a,d"
Shanghai,Mean_Age_Score,40.29059571,-0.4612550735,"a,d"
Shanghai,Mean_Age_Score,46.18715224,0.3208125532,"a,d"
Shanghai,Mean_Age_Score,42.10918717,-0.116888687,"a,d"
Shanghai,Mean_Age_Score,39.76473945,-0.5426446199,"a,d"
Beijing,Mean_Age_Score,42.25743807,0.04821973294,"a,d"
Shanghai,Mean_Age_Score,42.10918971,-0.01777337492,"a,d"
Beijing,Mean_Age_Score,42.80443029,0.08700245619,"a,d"
Wuhan,Mean_Age_Score,44.8603286,0.2868839204,"a,d"
Shanghai,Mean_Age_Score,40.6118604,0.02238621376,"a,d"
Shanghai,Mean_Age_Score,47.32208433,0.3604485989,"a,d"
Shanghai,Mean_Age_Score,42.10919228,0.05119285733,"a,d"
Shanghai,Mean_Age_Score,46.18714704,0.03308980539,"a,d"
Shanghai,Mean_Age_Score,42.10918932,-0.03882941604,"a,d"
Shanghai,Mean_Age_Score,38.13755009,-0.6819176078,"a,d"
Beijing,Mean_Age_Score,42.80441315,-0.01796675287,"a,d"
Shanghai,Mean_Age_Score,45.87431192,0.122876063,"a,d"
Shanghai,Mean_Age_Score,42.46807324,-0.03359825909,"a,d"
Shanghai,Mean_Age_Score,46.59108182,0.2815148532,"a,d"
Beijing,Mean_Age_Score,42.25743383,-0.04448065907,"a,d"
Shanghai,Mean_Age_Score,38.13752648,-0.6490665078,"a,d"
Guangzhou,Mean_Age_Score,37.01769757,-1.037414312,"a,d"
Shanghai,Mean_Age_Score,40.29059517,-0.5455924869,"a,d"
Shanghai,Mean_Age_Score,46.59108464,0.293353349,"a,d"
Guangzhou,Mean_Age_Score,36.1944124,-0.4721979797,"a,d"
Shanghai,Mean_Age_Score,42.10918468,-0.06916514039,"a,d"
Wuhan,Mean_Age_Score,43.0150407,0.3334058225,"a,d"
Shanghai,Mean_Age_Score,42.4680664,0.07071821392,"a,d"
Shanghai,Mean_Age_Score,42.10919242,0.04109130055,"a,d"
Wuhan,Mean_Age_Score,36.5063479,-0.1848748922,"a,d"
Shanghai,Mean_Age_Score,45.87431566,0.2145303041,"a,d"
Shanghai,Mean_Age_Score,39.76474988,-0.4986341,"a,d"
Wuhan,Mean_Age_Score,39.83719836,-0.7374440432,"a,d"
Beijing,Mean_Age_Score,39.94321862,-0.682710588,"a,d"
Shanghai,Mean_Age_Score,40.61186601,0.2642713189,"a,d"
Shanghai,Mean_Age_Score,38.13753679,-0.5311030149,"a,d"
Shanghai,Mean_Age_Score,40.29054951,-0.63926965,"a,d"
Shanghai,Mean_Age_Score,42.10919029,-0.0211419072,"a,d"
Shanghai,Mean_Age_Score,40.61186817,0.1106816158,"a,d"
Shanghai,Mean_Age_Score,47.32208648,0.595474124,"a,d"
Shanghai,Mean_Age_Score,46.8475679,0.2708871067,"a,d"
Shanghai,Mean_Age_Score,40.57824384,-0.556517005,"a,d"
Guangzhou,Mean_Age_Score,35.85462491,-0.6359622478,"a,d"
Beijing,Mean_Age_Score,38.95800088,-0.6087003946,"a,d"
Shanghai,Mean_Age_Score,40.29059651,-0.5324963331,"a,d"
Wuhan,Mean_Age_Score,40.84489585,-0.09245632589,"a,d"
Shanghai,Mean_Age_Score,40.61184393,-0.4266172051,"a,d"
Beijing,Mean_Age_Score,41.53933728,0.06763876975,"a,d"
Shanghai,Mean_Age_Score,40.5782558,-0.3338359892,"a,d"
Beijing,Mean_Age_Score,41.53933703,0.02652616426,"a,d"
Shanghai,Mean_Age_Score,42.4680744,0.02791596204,"a,d"
Shanghai,Mean_Age_Score,42.10918638,-0.002849314827,"a,d"
Shanghai,Mean_Age_Score,40.29058699,-0.91160357,"a,d"
Shanghai,Mean_Age_Score,40.61185251,-0.3191569448,"a,d"
Shanghai,Mean_Age_Score,40.61186625,0.2809534371,"a,d"
Shanghai,Mean_Age_Score,42.46805953,0.3705087304,"a,d"
Shanghai,Mean_Age_Score,40.29056713,-0.5924670696,"a,d"
Wuhan,Mean_Age_Score,36.50652864,-0.5742784739,"a,d"
Beijing,Mean_Age_Score,41.53933492,-0.06341147423,"a,d"
Wuhan,Mean_Age_Score,42.40066379,0.1680457592,"a,d"
Beijing,Mean_Age_Score,41.39544282,-0.1427363902,"a,d"
Shanghai,Mean_Age_Score,40.57822708,-0.6017070413,"a,d"
Shanghai,Mean_Age_Score,38.13752548,-0.4611289799,"a,d"
Shanghai,Mean_Age_Score,46.59108518,0.5078622699,"a,d"
Wuhan,Mean_Age_Score,41.96442517,-0.05618932843,"a,d"
Wuhan,Mean_Age_Score,42.88786564,0.03754687309,"a,d"
Wuhan,Mean_Age_Score,42.14827539,0.1028508246,"a,d"
Beijing,Mean_Age_Score,39.94321993,-0.9234635234,"a,d"
Shanghai,Mean_Age_Score,42.10918939,0.02850886807,"a,d"
Shanghai,Mean_Age_Score,42.46807545,-0.04567910731,"a,d"
Shanghai,Mean_Age_Score,42.10918039,-0.05270687863,"a,d"
Shanghai,Mean_Age_Score,40.61186432,0.1659372896,"a,d"
Shanghai,Mean_Age_Score,38.13751934,-0.6275405288,"a,d"
Shanghai,Mean_Age_Score,42.46807658,0.04627108574,"a,d"
Shanghai,Mean_Age_Score,38.13754999,-0.6990511417,"a,d"
Shanghai,Mean_Age_Score,40.29058764,-0.7739966512,"a,d"
Guangzhou,Mean_Age_Score,36.19440396,-0.4937311113,"a,d"
Shanghai,Mean_Age_Score,40.61186301,-0.0418225117,"a,d"
Wuhan,Mean_Age_Score,41.19147229,0.3831172585,"a,d"
Shanghai,Mean_Age_Score,46.33150139,0.294927597,"a,d"
Shanghai,Mean_Age_Score,42.109196,-0.02884644829,"a,d"
Guangzhou,Mean_Age_Score,37.18790605,-0.8309695125,"a,d"
Shanghai,Mean_Age_Score,38.13753947,-0.7334871292,"a,d"
Wuhan,Mean_Age_Score,42.8878754,-0.08069328219,"a,d"
Wuhan,Mean_Age_Score,42.40066346,0.2142892182,"a,d"
Beijing,Mean_Age_Score,39.94321323,-0.8795236945,"a,d"
Beijing,Mean_Age_Score,38.95799321,-0.6804055572,"a,d"
Shanghai,Mean_Age_Score,40.57825351,-0.2284686863,"a,d"
Guangzhou,Mean_Age_Score,36.19443582,-0.5565074682,"a,d"
Shanghai,Mean_Age_Score,42.10918302,-0.06554906815,"a,d"
Shanghai,Mean_Age_Score,43.94871355,0.110493347,"a,d"
Wuhan,Mean_Age_Score,39.83719459,-0.5631905794,"a,d"
Guangzhou,Mean_Age_Score,35.8546248,-0.2841369212,"a,d"
Beijing,Mean_Age_Score,39.9432181,-0.9518940449,"a,d"
Shanghai,Mean_Age_Score,42.10916808,-0.2073042691,"a,d"
Shanghai,Mean_Age_Score,42.46807332,0.03857391328,"a,d"
Beijing,Mean_Age_Score,38.95799598,-0.7663096786,"a,d"
Wuhan,Mean_Age_Score,35.70672466,-0.4357418716,"a,d"
Shanghai,Mean_Age_Score,38.13753346,-0.564712882,"a,d"
Shanghai,Mean_Age_Score,42.10918401,0.04044086114,"a,d"
Shanghai,Mean_Age_Score,46.5910746,0.4151864052,"a,d"
Shanghai,Mean_Age_Score,40.57822194,-0.5354700685,"a,d"
Shanghai,Mean_Age_Score,42.10918973,0.03366733342,"a,d"
Shanghai,Mean_Age_Score,47.3220855,0.5345713496,"a,d"
Shanghai,Mean_Age_Score,42.46807728,0.01808742061,"a,d"
Shanghai,Mean_Age_Score,46.18714611,0.331246376,"a,d"
Shanghai,Mean_Age_Score,42.46807346,0.04471675307,"a,d"
Wuhan,Mean_Age_Score,39.83720195,-0.7719818354,"a,d"
Guangzhou,Mean_Age_Score,35.85458213,-0.204662323,"a,d"
Beijing,Mean_Age_Score,41.39540884,-0.08489130437,"a,d"
Shanghai,Mean_Age_Score,40.6118649,0.2473809421,"a,d"
Wuhan,Mean_Age_Score,41.19147546,0.2641646862,"a,d"
Shanghai,Mean_Age_Score,42.10919498,-0.1205097735,"a,d"
Shanghai,Mean_Age_Score,46.1871539,0.3603806198,"a,d"
Shanghai,Mean_Age_Score,42.10918824,-0.04388072714,"a,d"
Shanghai,Mean_Age_Score,42.10907831,-0.2487458885,"a,d"
Wuhan,Mean_Age_Score,36.50652816,-0.5561430454,"a,d"
Shanghai,Mean_Age_Score,46.84756819,0.2929453552,"a,d"
Beijing,Mean_Age_Score,44.1104507,0.3002367616,"a,d"
Wuhan,Mean_Age_Score,43.01504054,0.2757984996,"a,d"
Beijing,Mean_Age_Score,39.94321876,-0.9310750961,"a,d"
Shanghai,Mean_Age_Score,38.13755123,-0.5618430376,"a,d"
Shanghai,Mean_Age_Score,46.33151253,0.3551437259,"a,d"
Guangzhou,Mean_Age_Score,43.17689128,0.2704891264,"a,d"
Shanghai,Mean_Age_Score,42.109193,0.1807198822,"a,d"
Wuhan,Mean_Age_Score,41.93631785,-0.2374873608,"a,d"
Shanghai,Mean_Age_Score,40.61186413,0.3925352097,"a,d"
Shanghai,Mean_Age_Score,40.2905875,-0.4453288019,"a,d"
Beijing,Mean_Age_Score,42.36091218,-0.0261189267,"a,d"
Shanghai,Mean_Age_Score,40.29057521,-0.7874437571,"a,d"
Shanghai,Mean_Age_Score,42.1091882,-0.05700272322,"a,d"
Guangzhou,Mean_Age_Score,37.01767199,-0.5886102319,"a,d"
Shanghai,Mean_Age_Score,42.10918878,-0.1617397219,"a,d"
Shanghai,Mean_Age_Score,46.18715328,0.4394148886,"a,d"
Wuhan,Mean_Age_Score,35.70672396,-0.4832445681,"a,d"
Guangzhou,Mean_Age_Score,36.5401056,-0.5421634912,"a,d"
Guangzhou,Mean_Age_Score,36.66956062,-0.7338011265,"a,d"
Wuhan,Mean_Age_Score,44.86031066,0.2361915261,"a,d"
Shanghai,Mean_Age_Score,42.4680699,0.03468362987,"a,d"
Shanghai,Mean_Age_Score,47.3220789,0.3183932602,"a,d"
Guangzhou,Mean_Age_Score,36.19441417,-0.3887045383,"a,d"
Wuhan,Mean_Age_Score,40.84490576,-0.05894044787,"a,d"
Wuhan,Mean_Age_Score,36.50651382,-0.7917407155,"a,d"
Beijing,Mean_Age_Score,41.95210797,-0.1168906987,"a,d"
Wuhan,Mean_Age_Score,41.93641656,-0.2054880857,"a,d"
Shanghai,Mean_Age_Score,42.46807564,-0.03868044913,"a,d"
Beijing,Mean_Age_Score,41.95202123,-0.1734820902,"a,d"
Shanghai,Mean_Age_Score,42.10919136,-0.09951077402,"a,d"
Shanghai,Mean_Age_Score,46.18714213,0.208854273,"a,d"
Beijing,Mean_Age_Score,39.9432041,-0.4828717411,"a,d"
Guangzhou,Mean_Age_Score,35.8545934,-0.1307646781,"a,d"
Guangzhou,Mean_Age_Score,36.54013488,-0.5950042009,"a,d"
Guangzhou,Mean_Age_Score,36.19438529,-0.2090722322,"a,d"
Shanghai,Mean_Age_Score,40.6118598,-0.3489145041,"a,d"
Shanghai,Mean_Age_Score,40.61186756,0.3526397049,"a,d"
Wuhan,Mean_Age_Score,36.50649419,-0.5673266649,"a,d"
Shanghai,Mean_Age_Score,46.33151315,0.3590424359,"a,d"
Shanghai,Mean_Age_Score,40.57824614,-0.08918764442,"a,d"
Guangzhou,Mean_Age_Score,37.01770683,-0.5926881433,"a,d"
Shanghai,Mean_Age_Score,40.61186151,-0.1457241774,"a,d"
Shanghai,Mean_Age_Score,45.87431763,0.2177246958,"a,d"
Wuhan,Mean_Age_Score,36.5065429,-0.8743061423,"a,d"
Shanghai,Mean_Age_Score,40.57824481,-0.7820265889,"a,d"
Beijing,Mean_Age_Score,41.39546242,-0.1028935835,"a,d"
Beijing,Mean_Age_Score,38.95797231,-0.2952416837,"a,d"
Beijing,Mean_Age_Score,42.2574356,0.04310988635,"a,d"
Wuhan,Mean_Age_Score,36.50653495,-0.7313051224,"a,d"
Wuhan,Mean_Age_Score,44.86032372,0.3988824785,"a,d"
Wuhan,Mean_Age_Score,36.50638877,-0.4040454924,"a,d"
Guangzhou,Mean_Age_Score,37.187842,-0.5490410328,"a,d"
Shanghai,Mean_Age_Score,38.13751875,-0.6252354383,"a,d"
Shanghai,Mean_Age_Score,40.61186058,-0.05380969122,"a,d"
Guangzhou,Mean_Age_Score,36.1943962,-0.3766109645,"a,d"
Guangzhou,Mean_Age_Score,37.18792826,-0.4834522605,"a,d"
Shanghai,Mean_Age_Score,38.1375478,-0.5384148359,"a,d"
Shanghai,Mean_Age_Score,45.87431438,0.2736032903,"a,d"
Wuhan,Mean_Age_Score,42.1482658,-0.03729436919,"a,d"
Wuhan,Mean_Age_Score,42.88786087,-0.01768129878,"a,d"
Shanghai,Mean_Age_Score,42.10918891,-0.01299074106,"a,d"
Guangzhou,Mean_Age_Score,36.19444072,-0.448291719,"a,d"
Shanghai,Mean_Age_Score,38.13754857,-0.7694944739,"a,d"
Beijing,Mean_Age_Score,41.39544583,-0.1653089374,"a,d"
Beijing,Mean_Age_Score,42.25744181,0.09951074421,"a,d"
Shanghai,Mean_Age_Score,43.94871431,0.2004680336,"a,d"
Guangzhou,Mean_Age_Score,36.6695631,-0.8072532415,"a,d"
Shanghai,Mean_Age_Score,46.59108457,0.4925952852,"a,d"
Shanghai,Mean_Age_Score,46.59107387,0.3451831639,"a,d"
Wuhan,Mean_Age_Score,36.50643565,-0.4864437878,"a,d"
Shanghai,Mean_Age_Score,42.10919402,0.07304426283,"a,d"
Beijing,Mean_Age_Score,43.44370793,0.2888327837,"a,d"
Shanghai,Mean_Age_Score,46.33151453,0.2595986128,"a,d"
Shanghai,Mean_Age_Score,40.61186933,0.06037342548,"a,d"
Shanghai,Mean_Age_Score,47.32207566,0.3878011107,"a,d"
Shanghai,Mean_Age_Score,40.61181389,-0.4341035783,"a,d"
Guangzhou,Mean_Age_Score,41.2184561,0.184383288,"a,d"
Guangzhou,Mean_Age_Score,36.19439916,-0.4732349813,"a,d"
Shanghai,Mean_Age_Score,46.84756861,0.4771918356,"a,d"
Shanghai,Mean_Age_Score,45.9467791,0.06622470915,"a,d"
Guangzhou,Mean_Age_Score,35.85462431,-0.6912680268,"a,d"
Shanghai,Mean_Age_Score,46.33150713,0.4921562076,"a,d"
Wuhan,Mean_Age_Score,35.70672053,-0.8007542491,"a,d"
Shanghai,Mean_Age_Score,46.59108072,0.320867449,"a,d"
Guangzhou,Mean_Age_Score,36.19444763,-0.250567019,"a,d"
Wuhan,Mean_Age_Score,42.88785704,-0.01931457967,"a,d"
Wuhan,Mean_Age_Score,41.93627097,-0.174933061,"a,d"
Shanghai,Mean_Age_Score,39.76475289,-0.2915091217,"a,d"
Beijing,Mean_Age_Score,44.70028331,0.171841681,"a,d"
Shanghai,Mean_Age_Score,40.61185572,-0.2345255017,"a,d"
Wuhan,Mean_Age_Score,36.50638762,-0.5927456021,"a,d"
Wuhan,Mean_Age_Score,36.50652065,-0.5008268952,"a,d"
Wuhan,Mean_Age_Score,41.96430747,-0.209926486,"a,d"
Beijing,Mean_Age_Score,38.95799269,-0.4450717568,"a,d"
Guangzhou,Mean_Age_Score,42.950374,-0.07835265994,"a,d"
Shanghai,Mean_Age_Score,42.10917857,-0.01390828006,"a,d"
Shanghai,Mean_Age_Score,40.29058471,-0.5607764125,"a,d"
Wuhan,Mean_Age_Score,40.34392348,-0.5276822448,"a,d"
Guangzhou,Mean_Age_Score,37.01766593,-0.6212631464,"a,d"
Guangzhou,Mean_Age_Score,35.85458729,-0.4561829567,"a,d"
Guangzhou,Mean_Age_Score,37.18792133,-0.6416257024,"a,d"
Shanghai,Mean_Age_Score,40.29058609,-0.7941424847,"a,d"
Beijing,Mean_Age_Score,41.95211678,0.02659655362,"a,d"
Guangzhou,Mean_Age_Score,37.07254331,-0.7752601504,"a,d"
Shanghai,Mean_Age_Score,45.87431551,0.3278240263,"a,d"
Shanghai,Mean_Age_Score,42.10919434,0.1004067138,"a,d"
Guangzhou,Mean_Age_Score,36.19444616,-0.606984973,"a,d"
Shanghai,Mean_Age_Score,40.29059491,-0.5617520213,"a,d"
Shanghai,Mean_Age_Score,40.61186757,0.2455459833,"a,d"
Beijing,Mean_Age_Score,41.39545233,-0.06947287917,"a,d"
Beijing,Mean_Age_Score,41.31625434,0.5609539151,"a,d"
Shanghai,Mean_Age_Score,42.10918774,-0.008750222623,"a,d"
Wuhan,Mean_Age_Score,40.84492535,0.03381989896,"a,d"
Wuhan,Mean_Age_Score,43.01503897,0.1701576412,"a,d"
Shanghai,Mean_Age_Score,46.42674203,0.3115707934,"a,d"
Wuhan,Mean_Age_Score,43.01504164,0.3272603154,"a,d"
Shanghai,Mean_Age_Score,40.61186738,0.1853454858,"a,d"
Wuhan,Mean_Age_Score,43.0150338,0.2328300476,"a,d"
Wuhan,Mean_Age_Score,36.50648117,-0.5241345167,"a,d"
Wuhan,Mean_Age_Score,41.93643026,-0.07183059305,"a,d"
Shanghai,Mean_Age_Score,46.331516,0.4012037516,"a,d"
Shanghai,Mean_Age_Score,46.33150737,0.4262923896,"a,d"
Shanghai,Mean_Age_Score,42.1091908,0.06873321533,"a,d"
Beijing,Mean_Age_Score,42.80443136,0.05125825852,"a,d"
Beijing,Mean_Age_Score,43.44371155,0.2420048267,"a,d"
Wuhan,Mean_Age_Score,36.50649833,-0.3054507077,"a,d"
Guangzhou,Mean_Age_Score,37.18795981,-0.52387923,"a,d"
Shanghai,Mean_Age_Score,42.10919312,0.0350343883,"a,d"
Guangzhou,Mean_Age_Score,37.01767937,-0.6229765415,"a,d"
Shanghai,Mean_Age_Score,38.13753033,-0.5529111028,"a,d"
Shanghai,Mean_Age_Score,46.84756803,0.3940474987,"a,d"
Wuhan,Mean_Age_Score,35.70672415,-0.8126120567,"a,d"
Guangzhou,Mean_Age_Score,41.21845606,0.2651442289,"a,d"
Guangzhou,Mean_Age_Score,41.21844808,0.4395665228,"a,d"
Beijing,Mean_Age_Score,39.943219,-0.8294121623,"a,d"
Wuhan,Mean_Age_Score,35.70671272,-1.095519066,"a,d"
Shanghai,Mean_Age_Score,40.578246,-0.273745954,"a,d"
Wuhan,Mean_Age_Score,41.9363781,-0.1565137357,"a,d"
Shanghai,Mean_Age_Score,42.10918774,-0.194678098,"a,d"
Guangzhou,Mean_Age_Score,42.95037769,-0.06950356066,"a,d"
Shanghai,Mean_Age_Score,42.10919234,0.07521283627,"a,d"
Shanghai,Mean_Age_Score,40.29057773,-0.440264225,"a,d"
Shanghai,Mean_Age_Score,42.46807428,0.02387607656,"a,d"
Shanghai,Mean_Age_Score,46.18715039,0.322393626,"a,d"
Beijing,Mean_Age_Score,41.39545741,-0.1278312802,"a,d"
Beijing,Mean_Age_Score,42.80442363,0.003197761253,"a,d"
Wuhan,Mean_Age_Score,43.01504593,0.5271369219,"a,d"
Beijing,Mean_Age_Score,41.39542122,-0.08368694037,"a,d"
Shanghai,Mean_Age_Score,40.29059488,-0.6205726266,"a,d"
Shanghai,Mean_Age_Score,46.33151487,0.4277867675,"a,d"
Shanghai,Mean_Age_Score,42.46807405,0.01927180775,"a,d"
Shanghai,Mean_Age_Score,42.10919054,-0.04718734324,"a,d"
Wuhan,Mean_Age_Score,42.14827664,0.08989585191,"a,d"
Shanghai,Mean_Age_Score,42.10918362,-0.1028398797,"a,d"
Shanghai,Mean_Age_Score,38.13754554,-0.6934229136,"a,d"
Shanghai,Mean_Age_Score,40.61184468,-0.3530638218,"a,d"
Wuhan,Mean_Age_Score,42.88787686,-0.06058003381,"a,d"
Shanghai,Mean_Age_Score,40.29059563,-0.777857244,"a,d"
Shanghai,Mean_Age_Score,40.61183436,-0.3573527038,"a,d"
Wuhan,Mean_Age_Score,36.50653762,-0.8740525246,"a,d"
Shanghai,Mean_Age_Score,38.13753145,-0.6471962929,"a,d"
Shanghai,Mean_Age_Score,40.61186907,0.2574402988,"a,d"
Shanghai,Mean_Age_Score,42.10918506,-0.07200716436,"a,d"
Shanghai,Mean_Age_Score,42.46807899,-0.02268788032,"a,d"
Shanghai,Mean_Age_Score,46.84756711,0.3035952151,"a,d"
Beijing,Mean_Age_Score,38.95799913,-0.7058380842,"a,d"
Guangzhou,Mean_Age_Score,36.19440589,-0.4821279943,"a,d"
Shanghai,Mean_Age_Score,46.18715032,0.2514490783,"a,d"
Shanghai,Mean_Age_Score,40.61184586,-0.4250203073,"a,d"
Shanghai,Mean_Age_Score,46.33151377,0.424932152,"a,d"
Shanghai,Mean_Age_Score,46.33150201,0.4366403818,"a,d"
Shanghai,Mean_Age_Score,38.13754065,-0.8212005496,"a,d"
Shanghai,Mean_Age_Score,38.13752596,-0.5912844539,"a,d"
Shanghai,Mean_Age_Score,38.13754485,-0.7250733376,"a,d"
Shanghai,Mean_Age_Score,40.61186984,0.1748744547,"a,d"
Wuhan,Mean_Age_Score,40.84492744,0.0420440957,"a,d"
Shanghai,Mean_Age_Score,46.84756618,0.319101423,"a,d"
Shanghai,Mean_Age_Score,47.24480285,0.3559636474,"a,d"
Shanghai,Mean_Age_Score,42.10918978,-0.0126266405,"a,d"
Wuhan,Mean_Age_Score,44.8603256,0.1670194864,"a,d"
Shanghai,Mean_Age_Score,42.46804088,0.482260108,"a,d"
Shanghai,Mean_Age_Score,39.76475984,-0.7630167603,"a,d"
Shanghai,Mean_Age_Score,40.61186539,0.3519181907,"a,d"
Shanghai,Mean_Age_Score,42.10915493,-0.2610640526,"a,d"
Shanghai,Mean_Age_Score,46.18715206,0.382471472,"a,d"
Shanghai,Mean_Age_Score,40.6118666,0.2848466337,"a,d"
Guangzhou,Mean_Age_Score,37.18792385,-0.7270701528,"a,d"
Beijing,Mean_Age_Score,41.53933505,-0.163132906,"a,d"
Wuhan,Mean_Age_Score,44.86032626,0.2581971884,"a,d"
Shanghai,Mean_Age_Score,42.10918896,-0.03801510483,"a,d"
Shanghai,Mean_Age_Score,42.10919024,0.07027037442,"a,d"
Shanghai,Mean_Age_Score,42.10918612,-0.02012709901,"a,d"
Wuhan,Mean_Age_Score,40.84494775,0.1391974837,"a,d"
Beijing,Mean_Age_Score,39.94322016,-0.9095913768,"a,d"
Shanghai,Mean_Age_Score,38.13753467,-0.5457425117,"a,d"
Beijing,Mean_Age_Score,42.25743595,0.05140954256,"a,d"
Shanghai,Mean_Age_Score,39.76476479,-0.6697003245,"a,d"
Shanghai,Mean_Age_Score,42.10918388,-0.0483837314,"a,d"
Shanghai,Mean_Age_Score,38.13752697,-0.6704235673,"a,d"
Shanghai,Mean_Age_Score,42.46807573,0.0542117618,"a,d"
Beijing,Mean_Age_Score,41.39546587,0.02025738545,"a,d"
Guangzhou,Mean_Age_Score,37.18795937,-0.9673812389,"a,d"
Shanghai,Mean_Age_Score,42.10917888,-0.1767082065,"a,d"
Guangzhou,Mean_Age_Score,37.01766466,-0.4698482752,"a,d"
Guangzhou,Mean_Age_Score,41.2184513,0.2490140051,"a,d"
Guangzhou,Mean_Age_Score,36.19441014,-0.4230276644,"a,d"
Wuhan,Mean_Age_Score,41.93635635,-0.1670140326,"a,d"
Wuhan,Mean_Age_Score,42.14823892,0.00493893167,"a,d"
Beijing,Mean_Age_Score,38.95793864,-0.5861346126,"a,d"
Shanghai,Mean_Age_Score,40.61186361,0.01495722868,"a,d"
Wuhan,Mean_Age_Score,43.01503889,0.255431354,"a,d"
Shanghai,Mean_Age_Score,42.46807761,0.06652044505,"a,d"
Beijing,Mean_Age_Score,44.55287455,0.2441789508,"a,d"
Beijing,Mean_Age_Score,42.25741903,-0.05392469466,"a,d"
Beijing,Mean_Age_Score,41.95200756,-0.161565125,"a,d"
Shanghai,Mean_Age_Score,38.13750007,-0.6235902309,"a,d"
Beijing,Mean_Age_Score,45.55182417,0.3312522173,"a,d"
Shanghai,Mean_Age_Score,46.84757143,0.2749929726,"a,d"
Shanghai,Mean_Age_Score,42.46804953,0.3672495484,"a,d"
Guangzhou,Mean_Age_Score,41.21845766,0.2635892332,"a,d"
Shanghai,Mean_Age_Score,43.94872608,0.1703925282,"a,d"
Shanghai,Mean_Age_Score,40.61186653,0.5685155988,"a,d"
Shanghai,Mean_Age_Score,40.29059338,-0.6929278374,"a,d"
Shanghai,Mean_Age_Score,40.61186042,0.02817784809,"a,d"
Shanghai,Mean_Age_Score,40.61186007,-0.2374518216,"a,d"
Wuhan,Mean_Age_Score,42.88787021,0.01156292297,"a,d"
Shanghai,Mean_Age_Score,40.61186354,0.01010022126,"a,d"
Shanghai,Mean_Age_Score,42.10911639,-0.1810858697,"a,d"
Shanghai,Mean_Age_Score,46.18715128,0.3558471203,"a,d"
Wuhan,Mean_Age_Score,42.88785529,-0.1150161549,"a,d"
Shanghai,Mean_Age_Score,46.18714502,0.3526284397,"a,d"
Shanghai,Mean_Age_Score,42.10917512,-0.03748295084,"a,d"
Wuhan,Mean_Age_Score,36.50653544,-0.664691627,"a,d"
Shanghai,Mean_Age_Score,40.61186124,0.03479356691,"a,d"
Beijing,Mean_Age_Score,42.25742522,0.0791162625,"a,d"
Shanghai,Mean_Age_Score,42.10919649,-0.1634034812,"a,d"
Shanghai,Mean_Age_Score,46.8475689,0.2821126878,"a,d"
Shanghai,Mean_Age_Score,39.76468856,-0.6168376207,"a,d"
Shanghai,Mean_Age_Score,40.57823103,-0.5209107995,"a,d"
Beijing,Mean_Age_Score,41.95205914,-0.1732751727,"a,d"
Shanghai,Mean_Age_Score,40.61186642,0.3044539094,"a,d"
Shanghai,Mean_Age_Score,39.76475953,-0.2545114756,"a,d"
Shanghai,Mean_Age_Score,42.10919218,0.06061249226,"a,d"
Shanghai,Mean_Age_Score,42.10914479,-0.2174830288,"a,d"
Shanghai,Mean_Age_Score,39.76476612,-0.8068650365,"a,d"
Wuhan,Mean_Age_Score,41.96444752,-0.1313031465,"a,d"
Beijing,Mean_Age_Score,41.5393318,-0.1271491051,"a,d"
Beijing,Mean_Age_Score,39.94322067,-0.5890179276,"a,d"
Shanghai,Mean_Age_Score,40.61186692,0.267495513,"a,d"
Shanghai,Mean_Age_Score,42.10916613,-0.1975144744,"a,d"
Shanghai,Mean_Age_Score,46.18714644,0.3034550548,"a,d"
Shanghai,Mean_Age_Score,40.29058999,-0.7454670668,"a,d"
Shanghai,Mean_Age_Score,42.10919171,0.01003016345,"a,d"
Shanghai,Mean_Age_Score,40.29058366,-0.7258233428,"a,d"
Shanghai,Mean_Age_Score,46.8475643,0.3098216653,"a,d"
Guangzhou,Mean_Age_Score,37.18787242,-0.4028031826,"a,d"
Shanghai,Mean_Age_Score,39.76476203,-0.7895287275,"a,d"
Shanghai,Mean_Age_Score,46.33150263,0.3189899027,"a,d"
Shanghai,Mean_Age_Score,46.59108033,0.246283263,"a,d"
Beijing,Mean_Age_Score,39.94322025,-0.5701490641,"a,d"
Shanghai,Mean_Age_Score,39.7647561,-0.9816681147,"a,d"
Beijing,Mean_Age_Score,41.53933875,0.06788516045,"a,d"
Shanghai,Mean_Age_Score,38.13751804,-0.6498118639,"a,d"
Wuhan,Mean_Age_Score,41.93632675,-0.2377604991,"a,d"
Shanghai,Mean_Age_Score,46.18715381,0.2524424791,"a,d"
Wuhan,Mean_Age_Score,35.70672277,-0.6968947053,"a,d"
Shanghai,Mean_Age_Score,40.611852,-0.2855753005,"a,d"
Guangzhou,Mean_Age_Score,36.42616969,-0.9638466239,"a,d"
Shanghai,Mean_Age_Score,42.10918015,-0.09038127959,"a,d"
Wuhan,Mean_Age_Score,41.9364542,-0.09837063402,"a,d"
Beijing,Mean_Age_Score,38.95799978,-0.3208770454,"a,d"
Shanghai,Mean_Age_Score,42.10919612,-0.0655291155,"a,d"
Shanghai,Mean_Age_Score,46.84757094,0.4497215748,"a,d"
Shanghai,Mean_Age_Score,38.13753791,-0.6260535717,"a,d"
Wuhan,Mean_Age_Score,42.14826579,-0.09496806562,"a,d"
Wuhan,Mean_Age_Score,43.01503935,0.3499858975,"a,d"
Shanghai,Mean_Age_Score,46.33151496,0.5117339492,"a,d"
Shanghai,Mean_Age_Score,40.57825543,-0.2350879014,"a,d"
Shanghai,Mean_Age_Score,38.13752463,-0.6552731395,"a,d"
Shanghai,Mean_Age_Score,42.46807415,0.1379753202,"a,d"
Shanghai,Mean_Age_Score,47.32208428,0.4196921289,"a,d"
Beijing,Mean_Age_Score,41.31625511,0.2834807634,"a,d"
Guangzhou,Mean_Age_Score,37.01769165,-0.5394729972,"a,d"
Guangzhou,Mean_Age_Score,37.18795732,-0.4849807918,"a,d"
Shanghai,Mean_Age_Score,39.76476091,-0.4833536744,"a,d"
Wuhan,Mean_Age_Score,43.01504215,0.2734090686,"a,d"
Shanghai,Mean_Age_Score,42.46807689,0.039509058,"a,d"
Shanghai,Mean_Age_Score,42.10918351,-0.08369122446,"a,d"
Shanghai,Mean_Age_Score,42.1091961,0.1395388991,"a,d"
Shanghai,Mean_Age_Score,42.10918938,-0.01440878771,"a,d"
Shanghai,Mean_Age_Score,40.29059384,-0.6831995249,"a,d"
Guangzhou,Mean_Age_Score,36.41511835,-0.6246611476,"a,d"
Beijing,Mean_Age_Score,38.95800394,-0.9011945128,"a,d"
Shanghai,Mean_Age_Score,40.57825223,-0.4925964177,"a,d"
Wuhan,Mean_Age_Score,42.88787493,-0.02345002815,"a,d"
Wuhan,Mean_Age_Score,42.88787727,-0.01314681768,"a,d"
Shanghai,Mean_Age_Score,46.84756986,0.3429083824,"a,d"
Shanghai,Mean_Age_Score,47.32208239,0.4051600099,"a,d"
Shanghai,Mean_Age_Score,42.10919114,0.0509070158,"a,d"
Beijing,Mean_Age_Score,41.31625399,0.4193322062,"a,d"
Shanghai,Mean_Age_Score,42.10919429,0.04117795825,"a,d"
Shanghai,Mean_Age_Score,42.46807571,0.005765328184,"a,d"
Shanghai,Mean_Age_Score,44.71831849,0.1582524329,"a,d"
Shanghai,Mean_Age_Score,42.10916297,-0.1628321856,"a,d"
Wuhan,Mean_Age_Score,36.50632895,-0.4544034004,"a,d"
Beijing,Mean_Age_Score,42.25744105,0.1329132318,"a,d"
Guangzhou,Mean_Age_Score,37.01759217,-0.677869916,"a,d"
Guangzhou,Mean_Age_Score,41.21845958,0.584066093,"a,d"
Shanghai,Mean_Age_Score,40.61184716,-0.3831473589,"a,d"
Shanghai,Mean_Age_Score,46.84755007,0.490881741,"a,d"
Shanghai,Mean_Age_Score,46.33149183,0.4910074472,"a,d"
Beijing,Mean_Age_Score,39.94319573,-0.5190692544,"a,d"
Beijing,Mean_Age_Score,39.07335307,-0.4570480883,"a,d"
Beijing,Mean_Age_Score,38.9579926,-0.5367017388,"a,d"
Shanghai,Mean_Age_Score,46.18715251,0.3026814163,"a,d"
Guangzhou,Mean_Age_Score,37.07255619,-0.6978654861,"a,d"
Shanghai,Mean_Age_Score,38.13754783,-0.5662279725,"a,d"
Shanghai,Mean_Age_Score,39.76476003,-0.8078125715,"a,d"
Beijing,Mean_Age_Score,45.55182321,0.3060653806,"a,d"
Shanghai,Mean_Age_Score,46.33151376,0.5066453815,"a,d"
Shanghai,Mean_Age_Score,42.10917985,-0.1578937471,"a,d"
Shanghai,Mean_Age_Score,47.32208666,0.6709240079,"a,d"
Shanghai,Mean_Age_Score,42.46807347,0.03141535446,"a,d"
Shanghai,Mean_Age_Score,40.29050449,-0.5683728456,"a,d"
Beijing,Mean_Age_Score,39.94317516,-0.633790493,"a,d"
Beijing,Mean_Age_Score,44.70028182,0.277613461,"a,d"
Shanghai,Mean_Age_Score,42.10919115,0.0554513447,"a,d"
Shanghai,Mean_Age_Score,40.29059381,-0.5657276511,"a,d"
Shanghai,Mean_Age_Score,40.2905948,-0.520401299,"a,d"
Shanghai,Mean_Age_Score,42.10919273,0.06086329743,"a,d"
Shanghai,Mean_Age_Score,42.10919556,0.1047124788,"a,d"
Shanghai,Mean_Age_Score,42.10919268,0.05618569627,"a,d"
Shanghai,Mean_Age_Score,40.29059129,-0.8254864216,"a,d"
Shanghai,Mean_Age_Score,45.87429005,0.2333984077,"a,d"
Shanghai,Mean_Age_Score,47.32208295,0.3561453819,"a,d"
Beijing,Mean_Age_Score,41.95211656,-0.02605585754,"a,d"
Beijing,Mean_Age_Score,41.95212075,-0.01382016577,"a,d"
Shanghai,Mean_Age_Score,40.29059597,-0.5951692462,"a,d"
Beijing,Mean_Age_Score,39.07332415,-0.5679053068,"a,d"
Shanghai,Mean_Age_Score,42.10918954,0.00747767929,"a,d"
Shanghai,Mean_Age_Score,47.32208292,0.5434491038,"a,d"
Shanghai,Mean_Age_Score,40.61184618,-0.3519963622,"a,d"
Shanghai,Mean_Age_Score,38.13754903,-0.5408155918,"a,d"
Guangzhou,Mean_Age_Score,36.19436774,-0.3273768425,"a,d"
Shanghai,Mean_Age_Score,40.61186526,0.3771570325,"a,d"
Shanghai,Mean_Age_Score,45.87431708,0.3187016845,"a,d"
Wuhan,Mean_Age_Score,42.14827699,0.1642372757,"a,d"
Wuhan,Mean_Age_Score,42.40066887,0.136438638,"a,d"
Shanghai,Mean_Age_Score,38.13753237,-0.6034989953,"a,d"
Beijing,Mean_Age_Score,44.70028091,0.2398936749,"a,d"
Guangzhou,Mean_Age_Score,36.19444572,-0.6558398604,"a,d"
Guangzhou,Mean_Age_Score,37.18792576,-0.5833320618,"a,d"
Guangzhou,Mean_Age_Score,36.19442385,-0.4039335549,"a,d"
Wuhan,Mean_Age_Score,43.0150406,0.3584939539,"a,d"
Wuhan,Mean_Age_Score,41.19147373,0.07803683728,"a,d"
Guangzhou,Mean_Age_Score,36.19444753,-0.5157395005,"a,d"
Guangzhou,Mean_Age_Score,36.19445005,-0.6642420888,"a,d"
Shanghai,Mean_Age_Score,42.10917241,-0.1713253558,"a,d"
Shanghai,Mean_Age_Score,42.46806711,0.05094429851,"a,d"
Wuhan,Mean_Age_Score,42.88787728,0.06817808002,"a,d"
Guangzhou,Mean_Age_Score,37.18793186,-0.6356647611,"a,d"
Shanghai,Mean_Age_Score,40.29058427,-0.5090945959,"a,d"
Shanghai,Mean_Age_Score,40.29057534,-0.5567474961,"a,d"
Shanghai,Mean_Age_Score,42.46807778,0.002577946056,"a,d"
Shanghai,Mean_Age_Score,40.61186009,-0.296348393,"a,d"
Shanghai,Mean_Age_Score,39.76474011,-0.6404640675,"a,d"
Shanghai,Mean_Age_Score,38.13754185,-0.55340904,"a,d"
Beijing,Mean_Age_Score,41.31624611,0.1089028418,"a,d"
Shanghai,Mean_Age_Score,46.33151326,0.5431861877,"a,d"
Shanghai,Mean_Age_Score,40.61186656,0.2293540984,"a,d"
Guangzhou,Mean_Age_Score,36.19442898,-0.495510608,"a,d"
Shanghai,Mean_Age_Score,38.137534,-0.5945180655,"a,d"
Guangzhou,Mean_Age_Score,35.85461238,-0.354334712,"a,d"
Wuhan,Mean_Age_Score,36.50633745,-0.3799604475,"a,d"
Wuhan,Mean_Age_Score,41.96414828,-0.2179172486,"a,d"
Wuhan,Mean_Age_Score,36.50651985,-0.4647739232,"a,d"
Wuhan,Mean_Age_Score,40.84496827,0.02394857071,"a,d"
Shanghai,Mean_Age_Score,42.10919137,0.07989275455,"a,d"
Shanghai,Mean_Age_Score,38.13754077,-0.4284488857,"a,d"
Shanghai,Mean_Age_Score,46.84756729,0.2878989279,"a,d"
Shanghai,Mean_Age_Score,39.76475762,-0.797978878,"a,d"
Shanghai,Mean_Age_Score,43.94872677,0.2794419825,"a,d"
Beijing,Mean_Age_Score,38.95800017,-0.912281096,"a,d"
Shanghai,Mean_Age_Score,42.10917975,-0.1207372323,"a,d"
Shanghai,Mean_Age_Score,42.10918977,-0.08953135461,"a,d"
Wuhan,Mean_Age_Score,42.14827126,0.04655146599,"a,d"
Shanghai,Mean_Age_Score,38.13754635,-0.4323183298,"a,d"
Shanghai,Mean_Age_Score,40.61186593,0.2919227779,"a,d"
Beijing,Mean_Age_Score,41.39541641,-0.1523745954,"a,d"
Wuhan,Mean_Age_Score,40.84485154,-0.02637485974,"a,d"
Shanghai,Mean_Age_Score,42.10919157,0.08969344199,"a,d"
Shanghai,Mean_Age_Score,38.13753079,-0.5343137383,"a,d"
Wuhan,Mean_Age_Score,41.19145754,0.2365089357,"a,d"
Shanghai,Mean_Age_Score,40.29059353,-0.6925743818,"a,d"
Shanghai,Mean_Age_Score,42.10918008,-0.04230630025,"a,d"
Guangzhou,Mean_Age_Score,36.19436034,-0.4121649861,"a,d"
Wuhan,Mean_Age_Score,36.50638709,-0.3119855523,"a,d"
Beijing,Mean_Age_Score,38.95799804,-0.6936921477,"a,d"
Guangzhou,Mean_Age_Score,36.19437485,-0.4659412205,"a,d"
Shanghai,Mean_Age_Score,39.76471225,-0.3008672297,"a,d"
Shanghai,Mean_Age_Score,38.13754633,-0.5885655284,"a,d"
Shanghai,Mean_Age_Score,42.10919422,0.05317319185,"a,d"
Beijing,Mean_Age_Score,41.39540682,-0.1608354747,"a,d"
Wuhan,Mean_Age_Score,44.86029922,-0.003550828202,"a,d"
Wuhan,Mean_Age_Score,41.19147057,0.4050301313,"a,d"
Shanghai,Mean_Age_Score,42.10917034,-0.2212636173,"a,d"
Beijing,Mean_Age_Score,42.36089827,-0.09775342047,"a,d"
Shanghai,Mean_Age_Score,45.87431207,0.3242737949,"a,d"
Shanghai,Mean_Age_Score,39.76476123,-0.5027369261,"a,d"
Guangzhou,Mean_Age_Score,37.18796048,-0.7626715302,"a,d"
Beijing,Mean_Age_Score,39.9432153,-0.9061130285,"a,d"
Shanghai,Mean_Age_Score,45.87431137,0.385789752,"a,d"
Shanghai,Mean_Age_Score,38.13754831,-0.8970078826,"a,d"
Shanghai,Mean_Age_Score,40.61185142,-0.3660649955,"a,d"
Shanghai,Mean_Age_Score,42.10917147,-0.2025120854,"a,d"
Shanghai,Mean_Age_Score,39.76473419,-0.6526777744,"a,d"
Wuhan,Mean_Age_Score,43.0150354,0.1596480757,"a,d"
Shanghai,Mean_Age_Score,46.59108461,0.29370296,"a,d"
Guangzhou,Mean_Age_Score,36.19443169,-0.4009964764,"a,d"
Shanghai,Mean_Age_Score,42.10918688,-0.06320007145,"a,d"
Wuhan,Mean_Age_Score,41.19147221,0.08643186837,"a,d"
Shanghai,Mean_Age_Score,42.10919533,0.08457625657,"a,d"
Shanghai,Mean_Age_Score,38.13754987,-0.7342572212,"a,d"
Shanghai,Mean_Age_Score,40.6118664,0.3219490647,"a,d"
Wuhan,Mean_Age_Score,43.01504573,0.8913351893,"a,d"
Wuhan,Mean_Age_Score,39.83720321,-0.5746533275,"a,d"
Shanghai,Mean_Age_Score,39.76475518,-0.6127594709,"a,d"
Shanghai,Mean_Age_Score,46.18714828,0.1477577239,"a,d"
Shanghai,Mean_Age_Score,39.76475233,-0.593277514,"a,d"
Shanghai,Mean_Age_Score,42.10919428,0.02925597504,"a,d"
Wuhan,Mean_Age_Score,36.50646398,-0.4811487198,"a,d"
Shanghai,Mean_Age_Score,45.87431057,0.1564861685,"a,d"
Guangzhou,Mean_Age_Score,36.19443885,-0.6168122888,"a,d"
Shanghai,Mean_Age_Score,45.87431715,0.3355661929,"a,d"
Beijing,Mean_Age_Score,39.94321369,-0.7415060401,"a,d"
Wuhan,Mean_Age_Score,41.90712743,-0.1194319278,"a,d"
Wuhan,Mean_Age_Score,44.86031339,0.4921610355,"a,d"
Shanghai,Mean_Age_Score,42.10906918,-0.1628137678,"a,d"
Shanghai,Mean_Age_Score,40.61186498,0.3632627726,"a,d"
Shanghai,Mean_Age_Score,47.32208432,0.2965781391,"a,d"
Shanghai,Mean_Age_Score,38.1375005,-0.6098200679,"a,d"
Wuhan,Mean_Age_Score,35.70672284,-0.8532318473,"a,d"
Shanghai,Mean_Age_Score,40.5782514,-0.3399089277,"a,d"
Shanghai,Mean_Age_Score,46.5910783,0.4210239351,"a,d"
Wuhan,Mean_Age_Score,43.01502614,0.2605211735,"a,d"
Wuhan,Mean_Age_Score,35.70672541,-0.03905175254,"a,d"
Shanghai,Mean_Age_Score,39.76474465,-0.6266571283,"a,d"
Shanghai,Mean_Age_Score,38.13749312,-0.5917753577,"a,d"
Shanghai,Mean_Age_Score,40.61186861,0.2766471207,"a,d"
Guangzhou,Mean_Age_Score,43.17689185,0.2165993154,"a,d"
Beijing,Mean_Age_Score,41.53933705,0.01431432366,"a,d"
Beijing,Mean_Age_Score,39.07338473,-0.4871939123,"a,d"
Shanghai,Mean_Age_Score,42.1091854,-0.01311387867,"a,d"
Guangzhou,Mean_Age_Score,37.01769038,-0.6187872291,"a,d"
Shanghai,Mean_Age_Score,42.10917799,-0.002095666248,"a,d"
Wuhan,Mean_Age_Score,42.14826963,-0.07011134177,"a,d"
Shanghai,Mean_Age_Score,42.10918555,0.04105765,"a,d"
Wuhan,Mean_Age_Score,40.84494501,0.08382049948,"a,d"
Wuhan,Mean_Age_Score,36.50653901,-0.7904183865,"a,d"
Shanghai,Mean_Age_Score,40.61186181,-0.06574237347,"a,d"
Shanghai,Mean_Age_Score,38.13753511,-0.8517748117,"a,d"
Shanghai,Mean_Age_Score,46.84756594,0.2968461514,"a,d"
Shanghai,Mean_Age_Score,39.76472487,-0.4486540854,"a,d"
Wuhan,Mean_Age_Score,36.50646089,-0.5492381454,"a,d"
Beijing,Mean_Age_Score,38.95795934,-0.6356653571,"a,d"
Beijing,Mean_Age_Score,42.8044297,0.09857109189,"a,d"
Shanghai,Mean_Age_Score,46.84756268,0.498188436,"a,d"
Beijing,Mean_Age_Score,42.80443288,0.04036200419,"a,d"
Shanghai,Mean_Age_Score,42.10918943,0.0125502469,"a,d"
Shanghai,Mean_Age_Score,40.57824949,-0.3154844642,"a,d"
Shanghai,Mean_Age_Score,42.46806931,0.0824598819,"a,d"
Shanghai,Mean_Age_Score,40.2905858,-0.7160431147,"a,d"
Wuhan,Mean_Age_Score,42.14827432,-0.03714499995,"a,d"
Guangzhou,Mean_Age_Score,36.194411,-0.5007465482,"a,d"
Shanghai,Mean_Age_Score,42.46807383,0.01604638435,"a,d"
Shanghai,Mean_Age_Score,42.46807308,0.01472896058,"a,d"
Shanghai,Mean_Age_Score,42.10917566,-0.1847666204,"a,d"
Shanghai,Mean_Age_Score,42.10918237,0.0506355986,"a,d"
Beijing,Mean_Age_Score,41.53933222,0.1166272908,"a,d"
Guangzhou,Mean_Age_Score,42.95037651,0.076571621,"a,d"
Shanghai,Mean_Age_Score,38.13752191,-0.6285588145,"a,d"
Shanghai,Mean_Age_Score,46.3315137,0.2479713559,"a,d"
Shanghai,Mean_Age_Score,42.10919249,0.03266394511,"a,d"
Beijing,Mean_Age_Score,42.36088656,-0.2311401516,"a,d"
Shanghai,Mean_Age_Score,40.29057435,-0.759244442,"a,d"
Shanghai,Mean_Age_Score,42.10917308,-0.1223435551,"a,d"
Wuhan,Mean_Age_Score,35.70672151,-0.6017788053,"a,d"
Beijing,Mean_Age_Score,41.53931543,-0.1320318431,"a,d"
Wuhan,Mean_Age_Score,36.50643572,-0.4873467386,"a,d"
Wuhan,Mean_Age_Score,43.01504724,0.3891414702,"a,d"
Shanghai,Mean_Age_Score,42.10918842,-0.02665009536,"a,d"
Guangzhou,Mean_Age_Score,37.01771119,-0.5357791781,"a,d"
Beijing,Mean_Age_Score,39.94320468,-0.5113252997,"a,d"
Shanghai,Mean_Age_Score,42.46807494,0.06445490569,"a,d"
Wuhan,Mean_Age_Score,36.5063309,-0.4286732674,"a,d"
Shanghai,Mean_Age_Score,40.29059325,-0.4468240738,"a,d"
Wuhan,Mean_Age_Score,41.19147183,0.3708492517,"a,d"
Beijing,Mean_Age_Score,39.07336781,-0.4385057092,"a,d"
Guangzhou,Mean_Age_Score,37.01768815,-0.5267978311,"a,d"
Guangzhou,Mean_Age_Score,36.19443635,-0.4162031412,"a,d"
Wuhan,Mean_Age_Score,36.50651673,-0.6383875012,"a,d"
Wuhan,Mean_Age_Score,43.01504414,0.4081796408,"a,d"
Shanghai,Mean_Age_Score,42.46807377,0.01386856847,"a,d"
Shanghai,Mean_Age_Score,42.10917447,-0.2602311969,"a,d"
Shanghai,Mean_Age_Score,40.61186423,0.3657853603,"a,d"
Wuhan,Mean_Age_Score,42.88787065,-0.1359927356,"a,d"
Wuhan,Mean_Age_Score,36.50654066,-0.6681947112,"a,d"
Beijing,Mean_Age_Score,41.39545906,0.02806965448,"a,d"
Shanghai,Mean_Age_Score,40.57819157,-0.526627481,"a,d"
Shanghai,Mean_Age_Score,46.59108394,0.3310011327,"a,d"
Shanghai,Mean_Age_Score,42.46806565,0.04426657781,"a,d"
Beijing,Mean_Age_Score,38.95793004,-0.5057448149,"a,d"
Beijing,Mean_Age_Score,42.36093378,0.08320032805,"a,d"
Beijing,Mean_Age_Score,41.95209707,-0.05006849021,"a,d"
Beijing,Mean_Age_Score,42.25742738,0.02330446243,"a,d"
Shanghai,Mean_Age_Score,46.59108005,0.2890060544,"a,d"
Wuhan,Mean_Age_Score,35.70672124,-0.7403723598,"a,d"
Shanghai,Mean_Age_Score,38.13753728,-0.8386517763,"a,d"
Shanghai,Mean_Age_Score,39.76476387,-0.7070357203,"a,d"
Shanghai,Mean_Age_Score,38.13754461,-0.8051065207,"a,d"
Wuhan,Mean_Age_Score,40.8449123,0.0125975851,"a,d"
Wuhan,Mean_Age_Score,39.83719618,-0.4357739091,"a,d"
Beijing,Mean_Age_Score,38.95800085,-0.9107651114,"a,d"
Beijing,Mean_Age_Score,41.53933733,0.06660465151,"a,d"
Shanghai,Mean_Age_Score,40.61186733,0.2735855877,"a,d"
Shanghai,Mean_Age_Score,46.59108542,0.3285217285,"a,d"
Shanghai,Mean_Age_Score,42.4680733,0.01909073815,"a,d"
Guangzhou,Mean_Age_Score,37.07255988,-0.6667075157,"a,d"
Shanghai,Mean_Age_Score,40.61186437,0.4735431075,"a,d"
Shanghai,Mean_Age_Score,43.94872772,0.3751298785,"a,d"
Guangzhou,Mean_Age_Score,43.17689107,0.2516067922,"a,d"
Shanghai,Mean_Age_Score,46.84756844,0.4107927084,"a,d"
Shanghai,Mean_Age_Score,46.18714177,0.3414564431,"a,d"
Guangzhou,Mean_Age_Score,42.95037542,0.09086989611,"a,d"
Shanghai,Mean_Age_Score,38.13755163,-0.5976941586,"a,d"
Shanghai,Mean_Age_Score,40.61186557,0.2871698737,"a,d"
Wuhan,Mean_Age_Score,35.70671711,-0.9700359702,"a,d"
Shanghai,Mean_Age_Score,40.61186674,0.1851468533,"a,d"
Shanghai,Mean_Age_Score,42.468078,0.09778434783,"a,d"
Shanghai,Mean_Age_Score,40.29058824,-0.5622519851,"a,d"
Wuhan,Mean_Age_Score,41.19147188,0.0902878195,"a,d"
Wuhan,Mean_Age_Score,43.01504476,0.5562041402,"a,d"
Shanghai,Mean_Age_Score,42.46807426,-0.02372209355,"a,d"
Guangzhou,Mean_Age_Score,36.19444776,-0.5304254889,"a,d"
Beijing,Mean_Age_Score,39.94320524,-0.7342668176,"a,d"
Beijing,Mean_Age_Score,41.39543854,-0.2218562961,"a,d"
Shanghai,Mean_Age_Score,45.87431517,0.4017030299,"a,d"
Wuhan,Mean_Age_Score,43.01504621,0.3987235129,"a,d"
Beijing,Mean_Age_Score,39.07338408,-0.6555298567,"a,d"
Shanghai,Mean_Age_Score,40.61186388,-0.05910198018,"a,d"
Shanghai,Mean_Age_Score,38.13752231,-0.238861382,"a,d"
Beijing,Mean_Age_Score,38.95799912,-0.4639924169,"a,d"
Shanghai,Mean_Age_Score,47.32208301,0.5405279398,"a,d"
Guangzhou,Mean_Age_Score,35.85462378,-0.2527273297,"a,d"
Wuhan,Mean_Age_Score,39.83716831,-0.766002357,"a,d"
Wuhan,Mean_Age_Score,42.14825053,-0.03194763511,"a,d"
Wuhan,Mean_Age_Score,43.01503559,0.329267621,"a,d"
Shanghai,Mean_Age_Score,39.7647632,-0.3798555434,"a,d"
Shanghai,Mean_Age_Score,38.13755127,-0.2248931825,"a,d"
Shanghai,Mean_Age_Score,38.13753176,-0.5600300431,"a,d"
Shanghai,Mean_Age_Score,46.33150562,0.4683459699,"a,d"
Shanghai,Mean_Age_Score,40.6118615,-0.2119696438,"a,d"
Shanghai,Mean_Age_Score,42.46805507,0.3028390706,"a,d"
Shanghai,Mean_Age_Score,46.18714867,0.3350482881,"a,d"
Shanghai,Mean_Age_Score,40.29057019,-0.5521181822,"a,d"
Shanghai,Mean_Age_Score,40.61186901,0.2866621912,"a,d"
Guangzhou,Mean_Age_Score,36.19441637,-0.4536254704,"a,d"
Shanghai,Mean_Age_Score,40.61185153,-0.3190444708,"a,d"
Shanghai,Mean_Age_Score,42.10913949,-0.2272192687,"a,d"
Shanghai,Mean_Age_Score,46.33151319,0.3443453312,"a,d"
Guangzhou,Mean_Age_Score,36.42616959,-0.4314907491,"a,d"
Shanghai,Mean_Age_Score,42.10919388,0.06009369344,"a,d"
Beijing,Mean_Age_Score,38.95799536,-0.7612295747,"a,d"
Shanghai,Mean_Age_Score,42.10917422,-0.250362277,"a,d"
Beijing,Mean_Age_Score,41.31625851,0.3335351646,"a,d"
Shanghai,Mean_Age_Score,46.59108531,0.2263658196,"a,d"
Wuhan,Mean_Age_Score,41.93635736,-0.2296367437,"a,d"
Shanghai,Mean_Age_Score,39.76475574,-0.6364744902,"a,d"
Shanghai,Mean_Age_Score,40.29058414,-0.5988567472,"a,d"
Guangzhou,Mean_Age_Score,36.19442343,-0.2965347767,"a,d"
Wuhan,Mean_Age_Score,36.50654365,-0.6267431974,"a,d"
Wuhan,Mean_Age_Score,35.70672394,-0.8528077006,"a,d"
Shanghai,Mean_Age_Score,40.61185623,-0.3281776011,"a,d"
Shanghai,Mean_Age_Score,42.10918716,-0.1454263031,"a,d"
Shanghai,Mean_Age_Score,47.32208499,0.6377334595,"a,d"
Beijing,Mean_Age_Score,41.5393352,-0.1485627443,"a,d"
Beijing,Mean_Age_Score,41.39533328,-0.1466428488,"a,d"
Shanghai,Mean_Age_Score,42.10919513,0.07261773944,"a,d"
Shanghai,Mean_Age_Score,40.61186489,0.006411097012,"a,d"
Shanghai,Mean_Age_Score,39.76474615,-0.6863789558,"a,d"
Guangzhou,Mean_Age_Score,42.95036828,-0.004069965333,"a,d"
Wuhan,Mean_Age_Score,36.50639481,-0.4413100183,"a,d"
Shanghai,Mean_Age_Score,47.32208348,0.3791497946,"a,d"
Shanghai,Mean_Age_Score,38.13750311,-0.5836678743,"a,d"
Shanghai,Mean_Age_Score,38.13754839,-0.8284881115,"a,d"
Wuhan,Mean_Age_Score,41.93638005,-0.05998824537,"a,d"
Shanghai,Mean_Age_Score,42.10919102,0.02234159596,"a,d"
Beijing,Mean_Age_Score,38.95799992,-0.70658952,"a,d"
Beijing,Mean_Age_Score,39.94314367,-0.5668711662,"a,d"
Shanghai,Mean_Age_Score,40.6118649,0.408523947,"a,d"
Beijing,Mean_Age_Score,38.95800093,-0.7403816581,"a,d"
Shanghai,Mean_Age_Score,43.94871923,0.3724325895,"a,d"
Wuhan,Mean_Age_Score,39.8371819,-0.4708651602,"a,d"
Guangzhou,Mean_Age_Score,36.19437253,-0.350007534,"a,d"
Beijing,Mean_Age_Score,39.94322043,-0.8523779511,"a,d"
Guangzhou,Mean_Age_Score,37.07244021,-0.3166068494,"a,d"
Shanghai,Mean_Age_Score,40.61186432,0.4542220533,"a,d"
Shanghai,Mean_Age_Score,42.1090987,-0.1738164127,"a,d"
Shanghai,Mean_Age_Score,40.6118676,0.3269065917,"a,d"
Beijing,Mean_Age_Score,41.31624097,0.30971241,"a,d"
Beijing,Mean_Age_Score,44.70027716,0.1550709009,"a,d"
Shanghai,Mean_Age_Score,38.13751162,-0.6227827072,"a,d"
Shanghai,Mean_Age_Score,38.13753823,-0.5901556015,"a,d"
Wuhan,Mean_Age_Score,43.01503613,0.3645412326,"a,d"
Beijing,Mean_Age_Score,39.07337892,-0.8638617396,"a,d"
Shanghai,Mean_Age_Score,45.87431055,0.1981153786,"a,d"
Beijing,Mean_Age_Score,41.53933317,-0.1415567547,"a,d"
Shanghai,Mean_Age_Score,42.10912068,-0.1553059518,"a,d"
Beijing,Mean_Age_Score,41.39538871,-0.2330213785,"a,d"
Shanghai,Mean_Age_Score,40.61186443,0.3185632229,"a,d"
Shanghai,Mean_Age_Score,46.18714954,0.1880214363,"a,d"
Wuhan,Mean_Age_Score,42.14827107,0.04849687964,"a,d"
Guangzhou,Mean_Age_Score,36.42616587,-0.7222112417,"a,d"
Wuhan,Mean_Age_Score,41.19147556,0.09811554849,"a,d"
Wuhan,Mean_Age_Score,43.01504172,0.2095621973,"a,d"
Shanghai,Mean_Age_Score,42.10919552,-0.106770806,"a,d"
Shanghai,Mean_Age_Score,38.13753903,-0.5612305403,"a,d"
Shanghai,Mean_Age_Score,42.10919234,0.02071512304,"a,d"
Shanghai,Mean_Age_Score,45.87431538,0.3244415522,"a,d"
Wuhan,Mean_Age_Score,42.40065297,0.0910641104,"a,d"
Shanghai,Mean_Age_Score,40.61186152,-0.1588971913,"a,d"
Shanghai,Mean_Age_Score,39.76474185,-0.624853611,"a,d"
Wuhan,Mean_Age_Score,42.14827373,0.02997834422,"a,d"
Shanghai,Mean_Age_Score,43.94870482,0.05655554309,"a,d"
Shanghai,Mean_Age_Score,46.59107067,0.3583254218,"a,d"
Shanghai,Mean_Age_Score,47.32208543,0.545366168,"a,d"
Shanghai,Mean_Age_Score,38.1374871,-0.4433760345,"a,d"
Guangzhou,Mean_Age_Score,36.19437828,-0.4576905668,"a,d"
Beijing,Mean_Age_Score,39.94322081,-0.7524211407,"a,d"
Shanghai,Mean_Age_Score,42.10919456,0.07476686686,"a,d"
Beijing,Mean_Age_Score,42.80442996,-0.02220678143,"a,d"
Shanghai,Mean_Age_Score,42.46806851,-0.06551795453,"a,d"
Beijing,Mean_Age_Score,39.07334088,-0.5079978704,"a,d"
Wuhan,Mean_Age_Score,40.84496111,0.08509990573,"a,d"
Shanghai,Mean_Age_Score,42.10918902,0.01933970489,"a,d"
Shanghai,Mean_Age_Score,40.29059384,-0.7085232735,"a,d"
Shanghai,Mean_Age_Score,39.76475454,-0.1652379632,"a,d"
Beijing,Mean_Age_Score,42.25743098,-0.007185376715,"a,d"
Shanghai,Mean_Age_Score,42.46807739,-0.0566156581,"a,d"
Shanghai,Mean_Age_Score,42.10917302,-0.2188403755,"a,d"
Shanghai,Mean_Age_Score,38.13751461,-0.5473174453,"a,d"
Shanghai,Mean_Age_Score,40.29059169,-0.9279735684,"a,d"
Shanghai,Mean_Age_Score,45.87431005,0.2411170304,"a,d"
Shanghai,Mean_Age_Score,42.46807759,0.2040985972,"a,d"
Shanghai,Mean_Age_Score,40.6118587,-0.323115617,"a,d"
Shanghai,Mean_Age_Score,45.8743162,0.3598632812,"a,d"
Shanghai,Mean_Age_Score,43.94872095,0.2248171717,"a,d"
Shanghai,Mean_Age_Score,42.10911441,-0.225172177,"a,d"
Wuhan,Mean_Age_Score,40.84095118,-0.08493933082,"a,d"
Shanghai,Mean_Age_Score,42.10916309,-0.1269241124,"a,d"
Wuhan,Mean_Age_Score,39.83718602,-0.6341640949,"a,d"
Wuhan,Mean_Age_Score,36.5065092,-0.4935676455,"a,d"
Shanghai,Mean_Age_Score,42.10919055,0.07263778895,"a,d"
Guangzhou,Mean_Age_Score,36.19440722,-0.05381327122,"a,d"
Shanghai,Mean_Age_Score,38.13754727,-0.6839959025,"a,d"
Guangzhou,Mean_Age_Score,37.01767885,-0.61752069,"a,d"
Wuhan,Mean_Age_Score,36.50653057,-0.5002367496,"a,d"
Shanghai,Mean_Age_Score,40.57822189,-0.5066041946,"a,d"
Shanghai,Mean_Age_Score,38.13754374,-0.611872375,"a,d"
Beijing,Mean_Age_Score,41.53933532,-0.1043857783,"a,d"
Shanghai,Mean_Age_Score,38.13734678,-0.3108503222,"a,d"
Shanghai,Mean_Age_Score,38.13754753,-0.6285715699,"a,d"
Wuhan,Mean_Age_Score,42.14827742,0.05999837443,"a,d"
Wuhan,Mean_Age_Score,43.01502959,0.3333761394,"a,d"
Shanghai,Mean_Age_Score,40.57824639,-0.2876879573,"a,d"
Guangzhou,Mean_Age_Score,41.21845944,0.22929883,"a,d"
Shanghai,Mean_Age_Score,40.6118676,0.2758826911,"a,d"
Shanghai,Mean_Age_Score,43.94872025,0.2753144801,"a,d"
Shanghai,Mean_Age_Score,42.10914618,-0.3407456577,"a,d"
Guangzhou,Mean_Age_Score,36.1943815,-0.3996825218,"a,d"
Shanghai,Mean_Age_Score,38.13753498,-0.5440157652,"a,d"
Beijing,Mean_Age_Score,41.95211118,-0.1609881222,"a,d"
Wuhan,Mean_Age_Score,39.83713198,-0.6004311442,"a,d"
Shanghai,Mean_Age_Score,39.76470945,-0.3865453601,"a,d"
Shanghai,Mean_Age_Score,42.10911992,-0.1768310368,"a,d"
Shanghai,Mean_Age_Score,38.18056389,-0.5309009552,"a,d"
Shanghai,Mean_Age_Score,42.10918607,0.03665357828,"a,d"
Shanghai,Mean_Age_Score,42.10919497,0.004591429606,"a,d"
Shanghai,Mean_Age_Score,42.10919097,-0.001008820138,"a,d"
Guangzhou,Mean_Age_Score,36.41509937,-0.3993856609,"a,d"
Shanghai,Mean_Age_Score,46.18714211,0.09761659801,"a,d"
Shanghai,Mean_Age_Score,42.10917237,-0.122342892,"a,d"
Guangzhou,Mean_Age_Score,37.07245371,-0.3151877224,"a,d"
Guangzhou,Mean_Age_Score,43.17688452,0.4142661691,"a,d"
Shanghai,Mean_Age_Score,42.46807917,-0.1389771849,"a,d"
Wuhan,Mean_Age_Score,39.83714374,-0.6786611676,"a,d"
Shanghai,Mean_Age_Score,46.8475707,0.4416020513,"a,d"
Beijing,Mean_Age_Score,39.94322121,-0.8057339787,"a,d"
Shanghai,Mean_Age_Score,39.7647028,-0.2062503994,"a,d"
Guangzhou,Mean_Age_Score,37.01767101,-0.5972140431,"a,d"
Guangzhou,Mean_Age_Score,36.19444696,-1.149262786,"a,d"
Wuhan,Mean_Age_Score,43.01504299,0.2616332173,"a,d"
Wuhan,Mean_Age_Score,41.19147247,0.3026814461,"a,d"
Shanghai,Mean_Age_Score,39.76474532,-0.6783613563,"a,d"
Shanghai,Mean_Age_Score,46.59108698,0.1695118994,"a,d"
Shanghai,Mean_Age_Score,47.32208714,0.5287563205,"a,d"
Shanghai,Mean_Age_Score,40.61186732,0.2460593432,"a,d"
Shanghai,Mean_Age_Score,40.61186784,0.3433898985,"a,d"
Shanghai,Mean_Age_Score,42.10919633,-0.2106166035,"a,d"
Wuhan,Mean_Age_Score,35.7067214,-0.8801286221,"a,d"
Shanghai,Mean_Age_Score,38.1375496,-0.6385871172,"a,d"
Shanghai,Mean_Age_Score,42.10919026,-0.001526933396,"a,d"
Shanghai,Mean_Age_Score,42.10910065,-0.209455952,"a,d"
Shanghai,Mean_Age_Score,40.61186574,0.3203701079,"a,d"
Shanghai,Mean_Age_Score,40.6118674,0.2830042541,"a,d"
Guangzhou,Mean_Age_Score,41.21845688,0.4699927568,"a,d"
Shanghai,Mean_Age_Score,46.18715325,0.1167300642,"a,d"
Shanghai,Mean_Age_Score,42.10918411,-0.03811280429,"a,d"
Shanghai,Mean_Age_Score,42.10919378,0.01314056106,"a,d"
Shanghai,Mean_Age_Score,47.32208485,0.5349512696,"a,d"
Shanghai,Mean_Age_Score,42.10918359,-0.125164777,"a,d"
Shanghai,Mean_Age_Score,40.61186557,0.384870708,"a,d"
Shanghai,Mean_Age_Score,40.29059217,-0.847646296,"a,d"
Shanghai,Mean_Age_Score,42.46807468,0.06850267202,"a,d"
Shanghai,Mean_Age_Score,40.61186969,0.2811327875,"a,d"
Wuhan,Mean_Age_Score,42.14827663,0.1425059885,"a,d"
Shanghai,Mean_Age_Score,42.10919553,0.04564061016,"a,d"
Wuhan,Mean_Age_Score,36.50649192,-0.220922783,"a,d"
Shanghai,Mean_Age_Score,38.13754611,-1.098448634,"a,d"
Wuhan,Mean_Age_Score,36.50649016,-0.5626306534,"a,d"
Shanghai,Mean_Age_Score,40.57824658,-0.3299332857,"a,d"
Shanghai,Mean_Age_Score,38.13753654,-0.8420084119,"a,d"
Shanghai,Mean_Age_Score,42.10917866,0.03570159897,"a,d"
Shanghai,Mean_Age_Score,46.42674164,0.3298687637,"a,d"
Shanghai,Mean_Age_Score,46.18715006,0.4152158499,"a,d"
Beijing,Mean_Age_Score,41.53933547,0.02437079325,"a,d"
Shanghai,Mean_Age_Score,46.18714945,0.3103580177,"a,d"
Shanghai,Mean_Age_Score,38.13751857,-0.374630928,"a,d"
Guangzhou,Mean_Age_Score,37.01768987,-0.6420760751,"a,d"
Wuhan,Mean_Age_Score,43.01503552,0.146474883,"a,d"
Shanghai,Mean_Age_Score,46.18715257,0.04347487912,"a,d"
Beijing,Mean_Age_Score,41.39544463,-0.1157640144,"a,d"
Shanghai,Mean_Age_Score,42.10917952,-0.05036783963,"a,d"
Guangzhou,Mean_Age_Score,37.07255762,-0.6735621691,"a,d"
Wuhan,Mean_Age_Score,36.50636355,-0.3328742981,"a,d"
Shanghai,Mean_Age_Score,46.59108663,0.3353897631,"a,d"
Shanghai,Mean_Age_Score,45.87431744,0.2392218709,"a,d"
Wuhan,Mean_Age_Score,44.86032345,0.2745062709,"a,d"
Shanghai,Mean_Age_Score,43.94871741,0.2171558291,"a,d"
Guangzhou,Mean_Age_Score,37.01765676,-0.5943546295,"a,d"
Shanghai,Mean_Age_Score,42.46807726,0.05930181965,"a,d"
Shanghai,Mean_Age_Score,38.13754874,-0.598507762,"a,d"
Beijing,Mean_Age_Score,41.31625382,0.8403653502,"a,d"
Shanghai,Mean_Age_Score,46.33151243,0.4003822505,"a,d"
Shanghai,Mean_Age_Score,40.61186611,0.2519340217,"a,d"
Beijing,Mean_Age_Score,41.95195425,-0.1764398962,"a,d"
Beijing,Mean_Age_Score,41.31625715,0.6124579906,"a,d"
Shanghai,Mean_Age_Score,40.61186902,0.147345826,"a,d"
Shanghai,Mean_Age_Score,38.13754951,-0.6043154001,"a,d"
Shanghai,Mean_Age_Score,40.61186519,0.381262064,"a,d"
Shanghai,Mean_Age_Score,38.13754753,-0.7586755157,"a,d"
Shanghai,Mean_Age_Score,46.33151502,0.3495601118,"a,d"
Shanghai,Mean_Age_Score,45.87431479,0.146871537,"a,d"
Guangzhou,Mean_Age_Score,37.18776303,-0.5635313392,"a,d"
Shanghai,Mean_Age_Score,42.10919418,0.02001664229,"a,d"
Shanghai,Mean_Age_Score,42.10919248,-0.05586368591,"a,d"
Beijing,Mean_Age_Score,41.53928805,-0.2464481294,"a,d"
Shanghai,Mean_Age_Score,40.61186143,-0.1261264831,"a,d"
Shanghai,Mean_Age_Score,46.1871192,0.2332272083,"a,d"
Shanghai,Mean_Age_Score,40.61186474,0.2658747137,"a,d"
Guangzhou,Mean_Age_Score,36.4151169,-0.4258537591,"a,d"
Shanghai,Mean_Age_Score,38.13751962,-0.5472248197,"a,d"
Shanghai,Mean_Age_Score,45.8743162,0.3065321445,"a,d"
Shanghai,Mean_Age_Score,38.13754188,-0.4882349968,"a,d"
Shanghai,Mean_Age_Score,46.33151617,0.2901543379,"a,d"
Beijing,Mean_Age_Score,41.39540961,-0.1906039268,"a,d"
Shanghai,Mean_Age_Score,38.13755109,-0.7776627541,"a,d"
Shanghai,Mean_Age_Score,47.32208309,0.2965275347,"a,d"
Guangzhou,Mean_Age_Score,37.01759405,-0.630967319,"a,d"
Shanghai,Mean_Age_Score,42.10918967,0.0546266064,"a,d"
Shanghai,Mean_Age_Score,39.7647631,-0.6636299491,"a,d"
Shanghai,Mean_Age_Score,42.10909465,-0.1925053895,"a,d"
Beijing,Mean_Age_Score,38.95798752,-0.4368462563,"a,d"
Shanghai,Mean_Age_Score,40.61186866,0.2179834545,"a,d"
Guangzhou,Mean_Age_Score,37.01766342,-0.7367840409,"a,d"
Wuhan,Mean_Age_Score,42.88786738,-0.1021045819,"a,d"
Shanghai,Mean_Age_Score,46.42674215,0.4734317958,"a,d"
Shanghai,Mean_Age_Score,38.13754595,-0.4783283472,"a,d"
Shanghai,Mean_Age_Score,45.87431628,0.2629398108,"a,d"
Shanghai,Mean_Age_Score,40.57820887,-0.5492273569,"a,d"
Shanghai,Mean_Age_Score,46.33150612,0.5195069313,"a,d"
Wuhan,Mean_Age_Score,43.01503932,0.2746846378,"a,d"
Shanghai,Mean_Age_Score,42.10919342,0.02309850417,"a,d"
Shanghai,Mean_Age_Score,42.10918674,-0.09864377975,"a,d"
Wuhan,Mean_Age_Score,42.88787289,0.0259187445,"a,d"
Shanghai,Mean_Age_Score,46.42673609,0.3736701906,"a,d"
Wuhan,Mean_Age_Score,39.83719691,-0.8534434438,"a,d"
Shanghai,Mean_Age_Score,38.1375502,-0.5630452633,"a,d"
Wuhan,Mean_Age_Score,43.01504153,0.3374433815,"a,d"
Shanghai,Mean_Age_Score,39.76471191,-0.5993686914,"a,d"
Shanghai,Mean_Age_Score,42.10918378,-0.1678291857,"a,d"
Shanghai,Mean_Age_Score,38.13754605,-0.6569090486,"a,d"
Shanghai,Mean_Age_Score,42.46807029,0.01574925147,"a,d"
Wuhan,Mean_Age_Score,42.1482473,0.02111135796,"a,d"
Guangzhou,Mean_Age_Score,36.41511564,-0.7424914837,"a,d"
Shanghai,Mean_Age_Score,38.13753611,-0.6025526524,"a,d"
Shanghai,Mean_Age_Score,45.87431433,0.2342994809,"a,d"
Wuhan,Mean_Age_Score,43.01502851,0.1139694974,"a,d"
Shanghai,Mean_Age_Score,40.61186222,-0.1299369037,"a,d"
Shanghai,Mean_Age_Score,46.33151542,0.3772321343,"a,d"
Shanghai,Mean_Age_Score,42.10917602,-0.02677405253,"a,d"
Shanghai,Mean_Age_Score,38.13754286,-0.36146909,"a,d"
Guangzhou,Mean_Age_Score,37.18793421,-0.5419635773,"a,d"
Shanghai,Mean_Age_Score,40.29059616,-0.5991069674,"a,d"
Shanghai,Mean_Age_Score,38.13753056,-0.5144482255,"a,d"
Shanghai,Mean_Age_Score,40.57824353,-0.4374896586,"a,d"
Guangzhou,Mean_Age_Score,37.07255061,-0.6438065767,"a,d"
Shanghai,Mean_Age_Score,47.32208464,0.3471443951,"a,d"
Wuhan,Mean_Age_Score,40.42732359,-0.6725159883,"a,d"
Shanghai,Mean_Age_Score,39.76473787,-0.1856085956,"a,d"
Shanghai,Mean_Age_Score,46.33150864,0.2338932157,"a,d"
Shanghai,Mean_Age_Score,40.57819054,-0.4736639559,"a,d"
Guangzhou,Mean_Age_Score,37.01764394,-0.5266967416,"a,d"
Shanghai,Mean_Age_Score,38.13750336,-0.6557356119,"a,d"
Wuhan,Mean_Age_Score,43.015039,0.2862910926,"a,d"
Shanghai,Mean_Age_Score,40.29058866,-0.673430562,"a,d"
Guangzhou,Mean_Age_Score,36.19442004,-0.5809496045,"a,d"
Shanghai,Mean_Age_Score,46.84756732,0.4112018347,"a,d"
Shanghai,Mean_Age_Score,40.29059231,-0.8970018625,"a,d"
Wuhan,Mean_Age_Score,35.70671607,-0.9529576898,"a,d"
Beijing,Mean_Age_Score,39.94321638,-0.8146471381,"a,d"
Beijing,Mean_Age_Score,38.95799352,-0.4650208056,"a,d"
Shanghai,Mean_Age_Score,46.18715117,0.241366148,"a,d"
Wuhan,Mean_Age_Score,43.01503059,0.2148395181,"a,d"
Guangzhou,Mean_Age_Score,35.85462001,-0.09325535595,"a,d"
Beijing,Mean_Age_Score,39.07338316,-0.811011672,"a,d"
Guangzhou,Mean_Age_Score,41.21845138,0.2948707044,"a,d"
Shanghai,Mean_Age_Score,46.18714968,0.3042315841,"a,d"
Shanghai,Mean_Age_Score,46.18715362,0.1073272303,"a,d"
Shanghai,Mean_Age_Score,38.13753575,-0.5094456077,"a,d"
Shanghai,Mean_Age_Score,40.61185299,-0.2647245228,"a,d"
Guangzhou,Mean_Age_Score,36.42617377,-0.9486085773,"a,d"
Shanghai,Mean_Age_Score,38.13752024,-0.7776983976,"a,d"
Guangzhou,Mean_Age_Score,42.95037559,0.03304255009,"a,d"
Shanghai,Mean_Age_Score,40.61185283,-0.3025292158,"a,d"
Shanghai,Mean_Age_Score,40.29058587,-0.6925192475,"a,d"
Beijing,Mean_Age_Score,44.70028036,0.0507969223,"a,d"
Beijing,Mean_Age_Score,41.53933647,-0.02046694234,"a,d"
Shanghai,Mean_Age_Score,40.57824983,-0.2598363459,"a,d"
Wuhan,Mean_Age_Score,36.50652711,-0.2687740624,"a,d"
Shanghai,Mean_Age_Score,42.46807396,0.0398638621,"a,d"
Shanghai,Mean_Age_Score,38.13754767,-0.7500129342,"a,d"
Wuhan,Mean_Age_Score,36.50650957,-0.284794569,"a,d"
Wuhan,Mean_Age_Score,42.40066515,0.1643942446,"a,d"
Shanghai,Mean_Age_Score,38.13755065,-0.6393513083,"a,d"
Shanghai,Mean_Age_Score,38.13754312,-0.5282828808,"a,d"
Shanghai,Mean_Age_Score,42.10918636,-0.08238735795,"a,d"
Shanghai,Mean_Age_Score,42.10919485,-0.2295804769,"a,d"
Beijing,Mean_Age_Score,41.95205616,-0.1490713656,"a,d"
Guangzhou,Mean_Age_Score,36.19444619,-0.596763432,"a,d"
Shanghai,Mean_Age_Score,46.18715227,0.2805770934,"a,d"
Shanghai,Mean_Age_Score,42.10919624,-0.01941976324,"a,d"
Shanghai,Mean_Age_Score,42.10916359,-0.254853934,"a,d"
Shanghai,Mean_Age_Score,40.57824585,-0.1653807908,"a,d"
Shanghai,Mean_Age_Score,39.76476634,-0.8028872609,"a,d"
Shanghai,Mean_Age_Score,38.13754765,-0.6635046601,"a,d"
Shanghai,Mean_Age_Score,42.46806985,0.1026463062,"a,d"
Beijing,Mean_Age_Score,41.53933023,-0.01739597507,"a,d"
Beijing,Mean_Age_Score,42.36094051,0.08323454857,"a,d"
Wuhan,Mean_Age_Score,42.14827902,0.119744204,"a,d"
Shanghai,Mean_Age_Score,46.84756593,0.4537280798,"a,d"
Shanghai,Mean_Age_Score,46.33150976,0.3734763265,"a,d"
Wuhan,Mean_Age_Score,36.50646059,-0.4440243244,"a,d"
Beijing,Mean_Age_Score,39.94322056,-0.9173502326,"a,d"
Shanghai,Mean_Age_Score,46.33151522,0.3244225383,"a,d"
Guangzhou,Mean_Age_Score,37.18796262,-0.7203841209,"a,d"
Shanghai,Mean_Age_Score,46.42674236,0.392706871,"a,d"
Shanghai,Mean_Age_Score,42.10919167,0.0337536484,"a,d"
Beijing,Mean_Age_Score,41.31624253,0.1519049406,"a,d"
Beijing,Mean_Age_Score,41.39539419,-0.1028219163,"a,d"
Shanghai,Mean_Age_Score,42.1091882,0.005824663211,"a,d"
Guangzhou,Mean_Age_Score,37.18787562,-0.5194561481,"a,d"
Shanghai,Mean_Age_Score,46.33151525,0.4714802206,"a,d"
Wuhan,Mean_Age_Score,41.96444432,-0.09951621294,"a,d"
Shanghai,Mean_Age_Score,38.13752077,-0.453171283,"a,d"
Shanghai,Mean_Age_Score,43.94872164,0.3065875173,"a,d"
Wuhan,Mean_Age_Score,40.84491431,-0.0582973659,"a,d"
Wuhan,Mean_Age_Score,35.70672068,-0.9294684529,"a,d"
Shanghai,Mean_Age_Score,39.76474012,-0.3969987333,"a,d"
Wuhan,Mean_Age_Score,41.1914713,0.4039660692,"a,d"
Guangzhou,Mean_Age_Score,42.95037468,-0.02670756355,"a,d"
Shanghai,Mean_Age_Score,40.61185637,-0.2469571084,"a,d"
Shanghai,Mean_Age_Score,38.1375404,-0.5534272194,"a,d"
Shanghai,Mean_Age_Score,42.1091648,-0.06396597624,"a,d"
Beijing,Mean_Age_Score,38.95799866,-0.7212926745,"a,d"
Shanghai,Mean_Age_Score,38.13754242,-0.8877307177,"a,d"
Beijing,Mean_Age_Score,42.36093378,0.003821725957,"a,d"
Shanghai,Mean_Age_Score,42.10917004,-0.03197304904,"a,d"
Shanghai,Mean_Age_Score,42.10919311,-0.09661875665,"a,d"
Shanghai,Mean_Age_Score,40.29058879,-0.6429116726,"a,d"
Beijing,Mean_Age_Score,42.36092394,-0.2047509998,"a,d"
Shanghai,Mean_Age_Score,46.84756654,0.2237402946,"a,d"
Wuhan,Mean_Age_Score,42.14827913,0.03391031176,"a,d"
Guangzhou,Mean_Age_Score,36.19444636,-0.4927276969,"a,d"
Shanghai,Mean_Age_Score,42.46806257,0.1857138127,"a,d"
Shanghai,Mean_Age_Score,42.10919048,-0.03606768698,"a,d"
Shanghai,Mean_Age_Score,39.76475939,-0.6784635782,"a,d"
Shanghai,Mean_Age_Score,45.87431321,0.3039940596,"a,d"
Shanghai,Mean_Age_Score,40.61186152,-0.07805595547,"a,d"
Guangzhou,Mean_Age_Score,37.01766284,-0.7724753022,"a,d"
Wuhan,Mean_Age_Score,42.14826852,-0.08003301173,"a,d"
Shanghai,Mean_Age_Score,46.84756975,0.3321193457,"a,d"
Beijing,Mean_Age_Score,44.84837418,0.1511128545,"a,d"
Wuhan,Mean_Age_Score,35.70671287,-0.7956174016,"a,d"
Shanghai,Mean_Age_Score,40.61184538,-0.1413825154,"a,d"
Shanghai,Mean_Age_Score,38.13754699,-0.7098449469,"a,d"
Shanghai,Mean_Age_Score,46.59108635,0.26369524,"a,d"
Beijing,Mean_Age_Score,41.53933645,0.05792944133,"a,d"
Wuhan,Mean_Age_Score,42.40065192,0.09427905083,"a,d"
Wuhan,Mean_Age_Score,41.19147144,0.4063287675,"a,d"
Shanghai,Mean_Age_Score,42.10917066,-0.1575875282,"a,d"
Wuhan,Mean_Age_Score,42.88787093,-0.01725302264,"a,d"
Shanghai,Mean_Age_Score,40.61186045,-0.2786356211,"a,d"
Shanghai,Mean_Age_Score,42.10919162,0.09356416017,"a,d"
Wuhan,Mean_Age_Score,42.88787664,0.002927174326,"a,d"
Shanghai,Mean_Age_Score,46.1871425,0.1603700668,"a,d"
Guangzhou,Mean_Age_Score,36.19439199,-0.3904412687,"a,d"
Shanghai,Mean_Age_Score,46.33151323,0.3433512449,"a,d"
Shanghai,Mean_Age_Score,40.61186515,0.1367110461,"a,d"
Wuhan,Mean_Age_Score,41.98275387,0.06458710134,"a,d"
Guangzhou,Mean_Age_Score,37.18782379,-0.6554705501,"a,d"
Shanghai,Mean_Age_Score,38.13752606,-0.6183237433,"a,d"
Guangzhou,Mean_Age_Score,37.01761675,-0.5892834067,"a,d"
Shanghai,Mean_Age_Score,42.46807519,0.05560032651,"a,d"
Wuhan,Mean_Age_Score,41.19147624,0.2226908356,"a,d"
Shanghai,Mean_Age_Score,42.10919391,-0.1574509591,"a,d"
Wuhan,Mean_Age_Score,39.83715748,-0.5878002644,"a,d"
Beijing,Mean_Age_Score,41.39535771,-0.226242736,"a,d"
Shanghai,Mean_Age_Score,46.84756689,0.3363746405,"a,d"
Beijing,Mean_Age_Score,39.94321354,-0.9438459873,"a,d"
Beijing,Mean_Age_Score,39.94322103,-0.6023455858,"a,d"
Shanghai,Mean_Age_Score,39.76474433,-0.6089131236,"a,d"
Guangzhou,Mean_Age_Score,37.18790663,-0.433488071,"a,d"
Shanghai,Mean_Age_Score,38.13754954,-0.5194407105,"a,d"
Wuhan,Mean_Age_Score,39.83719588,-0.5912370086,"a,d"
Shanghai,Mean_Age_Score,47.32208441,0.3590668142,"a,d"
Guangzhou,Mean_Age_Score,37.07245062,-0.3165322244,"a,d"
Guangzhou,Mean_Age_Score,37.18790421,-0.6342225671,"a,d"
Wuhan,Mean_Age_Score,36.506538,-0.5518087745,"a,d"
Shanghai,Mean_Age_Score,42.46807843,0.02517298609,"a,d"
Beijing,Mean_Age_Score,41.53933353,-0.01854571886,"a,d"
Shanghai,Mean_Age_Score,46.18715345,0.126106292,"a,d"
Shanghai,Mean_Age_Score,39.76473625,-0.5516172647,"a,d"
Wuhan,Mean_Age_Score,39.83719543,-0.5631365776,"a,d"
Wuhan,Mean_Age_Score,42.14827755,0.01879114658,"a,d"
Shanghai,Mean_Age_Score,38.13751758,-0.9102186561,"a,d"
Shanghai,Mean_Age_Score,39.76374515,-0.3899334073,"a,d"
Shanghai,Mean_Age_Score,47.32208677,0.2838976979,"a,d"
Shanghai,Mean_Age_Score,42.10919475,0.06982365251,"a,d"
Shanghai,Mean_Age_Score,40.29059195,-0.6738551855,"a,d"
Shanghai,Mean_Age_Score,38.13754068,-0.8320103288,"a,d"
Shanghai,Mean_Age_Score,40.6118649,0.2444243729,"a,d"
Guangzhou,Mean_Age_Score,37.01768414,-0.9289924502,"a,d"
Shanghai,Mean_Age_Score,47.32208306,0.4117516279,"a,d"
Guangzhou,Mean_Age_Score,37.01758706,-0.5101799369,"a,d"
Shanghai,Mean_Age_Score,40.6118509,-0.201176092,"a,d"
Shanghai,Mean_Age_Score,40.29058917,-0.5470929742,"a,d"
Shanghai,Mean_Age_Score,39.76475991,-0.6162093282,"a,d"
Guangzhou,Mean_Age_Score,42.95037635,-0.006784087047,"a,d"
Wuhan,Mean_Age_Score,42.88787697,-0.06623601913,"a,d"
Beijing,Mean_Age_Score,38.95800159,-0.7736393213,"a,d"
Shanghai,Mean_Age_Score,38.13754926,-0.5143832564,"a,d"
Shanghai,Mean_Age_Score,40.61185297,-0.3042405248,"a,d"
Shanghai,Mean_Age_Score,42.46807158,0.2862766683,"a,d"
Beijing,Mean_Age_Score,42.25743902,-0.03991932422,"a,d"
Shanghai,Mean_Age_Score,46.18715297,0.4020830393,"a,d"
Wuhan,Mean_Age_Score,43.01504178,0.3983492851,"a,d"
Beijing,Mean_Age_Score,41.39545242,-0.04698162898,"a,d"
Shanghai,Mean_Age_Score,38.13754484,-0.4596217573,"a,d"
Shanghai,Mean_Age_Score,40.61186212,-0.07876287401,"a,d"
Beijing,Mean_Age_Score,43.67609704,0.2313084304,"a,d"
Shanghai,Mean_Age_Score,45.87430947,0.5443882942,"a,d"
Wuhan,Mean_Age_Score,35.70672214,-0.4284304678,"a,d"
Shanghai,Mean_Age_Score,39.76473319,-0.5839288831,"a,d"
Shanghai,Mean_Age_Score,38.13752958,-0.6251327395,"a,d"
Shanghai,Mean_Age_Score,42.10917752,-0.06658041477,"a,d"
Beijing,Mean_Age_Score,38.95797135,-0.5588915944,"a,d"
Beijing,Mean_Age_Score,39.9432056,-0.8810235262,"a,d"
Shanghai,Mean_Age_Score,42.46807142,0.08472982794,"a,d"
Shanghai,Mean_Age_Score,40.61185742,-0.1422548294,"a,d"
Shanghai,Mean_Age_Score,42.46807432,0.1089034006,"a,d"
Shanghai,Mean_Age_Score,46.84756879,0.4912025928,"a,d"
Shanghai,Mean_Age_Score,45.87431268,0.2969028652,"a,d"
Shanghai,Mean_Age_Score,42.10918533,0.01565692946,"a,d"
Shanghai,Mean_Age_Score,42.1091558,-0.2687206864,"a,d"
Guangzhou,Mean_Age_Score,36.19440109,-0.472494036,"a,d"
Shanghai,Mean_Age_Score,42.10918089,-0.1955812722,"a,d"
Shanghai,Mean_Age_Score,46.33151256,0.3439562023,"a,d"
Shanghai,Mean_Age_Score,40.61186409,-0.0359511748,"a,d"
Shanghai,Mean_Age_Score,40.61186362,-0.07116465271,"a,d"
Shanghai,Mean_Age_Score,40.61186484,0.4006800056,"a,d"
Beijing,Mean_Age_Score,41.53933092,-0.1150246933,"a,d"
Wuhan,Mean_Age_Score,36.50641892,-0.6045196056,"a,d"
Wuhan,Mean_Age_Score,36.50654285,-0.4744978249,"a,d"
Guangzhou,Mean_Age_Score,37.18793772,-0.4625983536,"a,d"
Guangzhou,Mean_Age_Score,42.95037742,0.1182988063,"a,d"
Wuhan,Mean_Age_Score,35.7067182,-0.9840351939,"a,d"
Beijing,Mean_Age_Score,42.36091981,-0.02055200003,"a,d"
Shanghai,Mean_Age_Score,40.61186404,-0.1658785492,"a,d"
Shanghai,Mean_Age_Score,42.10919614,-0.07926286012,"a,d"
Wuhan,Mean_Age_Score,35.7067245,-0.1424249709,"a,d"
Shanghai,Mean_Age_Score,40.29051063,-0.660812676,"a,d"
Guangzhou,Mean_Age_Score,36.19431601,-0.4896029234,"a,d"
Shanghai,Mean_Age_Score,42.10910666,-0.1904986054,"a,d"
Shanghai,Mean_Age_Score,42.10918682,-0.05347457901,"a,d"
Beijing,Mean_Age_Score,41.31625485,0.5119035244,"a,d"
Shanghai,Mean_Age_Score,42.10919324,0.06395739317,"a,d"
Guangzhou,Mean_Age_Score,37.0176727,-0.6238738894,"a,d"
Wuhan,Mean_Age_Score,43.01503645,0.3272001743,"a,d"
Shanghai,Mean_Age_Score,38.13753619,-0.4963811636,"a,d"
Wuhan,Mean_Age_Score,41.93639399,-0.07478588074,"a,d"
Shanghai,Mean_Age_Score,38.13752194,-0.5925064683,"a,d"
Shanghai,Mean_Age_Score,40.61186274,-0.04408720508,"a,d"
Wuhan,Mean_Age_Score,35.70672242,-1.021441579,"a,d"
Shanghai,Mean_Age_Score,42.46805037,0.530469954,"a,d"
Shanghai,Mean_Age_Score,42.10919142,-0.0817251578,"a,d"
Shanghai,Mean_Age_Score,38.13750484,-0.4571198523,"a,d"
Guangzhou,Mean_Age_Score,36.41512007,-0.8626766801,"a,d"
Beijing,Mean_Age_Score,41.31624402,0.1621144861,"a,d"
Wuhan,Mean_Age_Score,39.83719828,-0.8523138165,"a,d"
Shanghai,Mean_Age_Score,45.87431669,0.3055425584,"a,d"
Shanghai,Mean_Age_Score,38.13753406,-0.6592195034,"a,d"
Wuhan,Mean_Age_Score,41.93641975,-0.1241080761,"a,d"
Beijing,Mean_Age_Score,38.95799876,-0.3301778138,"a,d"
Shanghai,Mean_Age_Score,38.13750479,-0.5722399354,"a,d"
Beijing,Mean_Age_Score,39.94322185,-0.7568723559,"a,d"
Shanghai,Mean_Age_Score,38.1375245,-0.386805594,"a,d"
Wuhan,Mean_Age_Score,44.86031043,0.1746928692,"a,d"
Beijing,Mean_Age_Score,44.70028354,0.1190662235,"a,d"
Beijing,Mean_Age_Score,38.95798161,-0.6170313358,"a,d"
Wuhan,Mean_Age_Score,41.93635677,-0.256701529,"a,d"
Shanghai,Mean_Age_Score,46.3315115,0.2243857533,"a,d"
Beijing,Mean_Age_Score,39.94322027,-0.7543622851,"a,d"
Wuhan,Mean_Age_Score,36.50653287,-0.6510975361,"a,d"
Shanghai,Mean_Age_Score,38.13752291,-0.6053516865,"a,d"
Beijing,Mean_Age_Score,39.94321208,-0.4853288531,"a,d"
Shanghai,Mean_Age_Score,40.2905866,-0.4101390839,"a,d"
Wuhan,Mean_Age_Score,42.14827767,0.001244575949,"a,d"
Guangzhou,Mean_Age_Score,37.01766443,-0.5906917453,"a,d"
Guangzhou,Mean_Age_Score,37.01770376,-0.6485050917,"a,d"
Shanghai,Mean_Age_Score,42.46807709,0.05602363124,"a,d"
Guangzhou,Mean_Age_Score,36.19443956,-0.4651358426,"a,d"
Beijing,Mean_Age_Score,41.53933136,-0.2652894258,"a,d"
Shanghai,Mean_Age_Score,46.59108501,0.4035255313,"a,d"
Guangzhou,Mean_Age_Score,36.19437252,-0.4386422634,"a,d"
Guangzhou,Mean_Age_Score,41.21845928,-0.02471029758,"a,d"
Wuhan,Mean_Age_Score,36.50651308,-0.592345655,"a,d"
Shanghai,Mean_Age_Score,40.61185838,-0.2466179132,"a,d"
Shanghai,Mean_Age_Score,46.1871465,0.2134676576,"a,d"
Wuhan,Mean_Age_Score,41.93643733,-0.1164849699,"a,d"
Beijing,Mean_Age_Score,41.53933907,0.01807944849,"a,d"
Shanghai,Mean_Age_Score,46.18715161,0.05402187258,"a,d"
Wuhan,Mean_Age_Score,36.50652129,-0.4367406368,"a,d"
Shanghai,Mean_Age_Score,40.6118659,0.3076006174,"a,d"
Shanghai,Mean_Age_Score,40.61184976,-0.436458081,"a,d"
Wuhan,Mean_Age_Score,36.50647127,-0.5539336205,"a,d"
Shanghai,Mean_Age_Score,40.29058643,-0.3919038475,"a,d"
Shanghai,Mean_Age_Score,42.46807763,0.01786947064,"a,d"
Beijing,Mean_Age_Score,41.31625308,0.6295054555,"a,d"
Shanghai,Mean_Age_Score,38.13753122,-0.6178377271,"a,d"
Shanghai,Mean_Age_Score,46.84757198,0.2488694638,"a,d"
Shanghai,Mean_Age_Score,46.33151259,0.3756434023,"a,d"
Shanghai,Mean_Age_Score,39.76469129,-0.3709425032,"a,d"
Shanghai,Mean_Age_Score,38.13752335,-0.61512959,"a,d"
Shanghai,Mean_Age_Score,42.10918994,-0.04968035966,"a,d"
Shanghai,Mean_Age_Score,40.28971453,-0.4334255159,"a,d"
Shanghai,Mean_Age_Score,40.29058691,-0.2698919475,"a,d"
Guangzhou,Mean_Age_Score,36.42616711,-0.5813735723,"a,d"
Shanghai,Mean_Age_Score,40.61186124,-0.01182976738,"a,d"
Wuhan,Mean_Age_Score,44.86031515,0.3050444722,"a,d"
Beijing,Mean_Age_Score,42.80442987,-0.08288710564,"a,d"
Guangzhou,Mean_Age_Score,36.19440921,-0.4906007946,"a,d"
Wuhan,Mean_Age_Score,42.14827306,0.04666199908,"a,d"
Shanghai,Mean_Age_Score,40.61186784,0.2129925638,"a,d"
Shanghai,Mean_Age_Score,46.18715298,0.4473092556,"a,d"
Shanghai,Mean_Age_Score,39.76476543,-0.8043000102,"a,d"
Wuhan,Mean_Age_Score,39.83720359,-0.7492750883,"a,d"
Wuhan,Mean_Age_Score,43.01504541,0.5816951394,"a,d"
Shanghai,Mean_Age_Score,42.1091881,-0.0008205214981,"a,d"
Wuhan,Mean_Age_Score,42.40066929,0.2359535247,"a,d"
Wuhan,Mean_Age_Score,36.50653798,-0.5651984215,"a,d"
Shanghai,Mean_Age_Score,42.10917904,-0.1141106412,"a,d"
Wuhan,Mean_Age_Score,36.50652085,-0.2180982977,"a,d"
Shanghai,Mean_Age_Score,42.46807299,-0.120226711,"a,d"
Wuhan,Mean_Age_Score,36.50634677,-0.5098949075,"a,d"
Beijing,Mean_Age_Score,41.53933656,0.007619420066,"a,d"
Guangzhou,Mean_Age_Score,36.41511806,-0.61469841,"a,d"
Beijing,Mean_Age_Score,39.94319695,-0.8345746398,"a,d"
Shanghai,Mean_Age_Score,42.46807932,0.01397989038,"a,d"
Shanghai,Mean_Age_Score,38.13754158,-0.2764389515,"a,d"
Shanghai,Mean_Age_Score,43.94873139,0.3588087857,"a,d"
Shanghai,Mean_Age_Score,42.1091944,0.02116958052,"a,d"
Shanghai,Mean_Age_Score,46.84757022,0.2523433268,"a,d"
Shanghai,Mean_Age_Score,42.46806048,0.05399983376,"a,d"
Shanghai,Mean_Age_Score,39.7647353,-0.1124409586,"a,d"
Wuhan,Mean_Age_Score,44.86032221,0.4426394701,"a,d"
Wuhan,Mean_Age_Score,36.5064913,-0.153291434,"a,d"
Beijing,Mean_Age_Score,42.36093171,0.0782174021,"a,d"
Shanghai,Mean_Age_Score,45.87430861,0.1361707449,"a,d"
Wuhan,Mean_Age_Score,41.96431835,-0.1446912438,"a,d"
Shanghai,Mean_Age_Score,40.61186744,0.3012607694,"a,d"
Guangzhou,Mean_Age_Score,37.18795617,-0.4242669344,"a,d"
Wuhan,Mean_Age_Score,43.01504323,0.170085147,"a,d"
Shanghai,Mean_Age_Score,39.76463653,-0.5307126641,"a,d"
Shanghai,Mean_Age_Score,47.32206448,0.3758744299,"a,d"
Shanghai,Mean_Age_Score,46.33149527,0.2994281054,"a,d"
Beijing,Mean_Age_Score,41.53933844,-0.1264725924,"a,d"
Shanghai,Mean_Age_Score,42.46807843,-0.1738280207,"a,d"
Guangzhou,Mean_Age_Score,41.21844562,0.03578438982,"a,d"
Wuhan,Mean_Age_Score,41.1914701,0.3929041326,"a,d"
Guangzhou,Mean_Age_Score,36.19443785,-0.8139944673,"a,d"
Shanghai,Mean_Age_Score,40.57824491,-0.716396153,"a,d"
Guangzhou,Mean_Age_Score,36.19444686,-0.6143803596,"a,d"
Wuhan,Mean_Age_Score,44.86032269,0.4388753176,"a,d"
Shanghai,Mean_Age_Score,39.76475174,-0.5257634521,"a,d"
Shanghai,Mean_Age_Score,46.84756366,0.244221732,"a,d"
Shanghai,Mean_Age_Score,42.10917194,-0.03083365038,"a,d"
Shanghai,Mean_Age_Score,40.57824274,-0.434897691,"a,d"
Beijing,Mean_Age_Score,41.53933235,-0.1509125233,"a,d"
Wuhan,Mean_Age_Score,39.83720052,-0.88586092,"a,d"
Shanghai,Mean_Age_Score,39.76472743,-0.4917373657,"a,d"
Shanghai,Mean_Age_Score,38.13754425,-0.7678426504,"a,d"
Shanghai,Mean_Age_Score,40.61186832,0.23115623,"a,d"
Shanghai,Mean_Age_Score,40.61186151,0.02247030288,"a,d"
Shanghai,Mean_Age_Score,42.10919487,-0.03545003012,"a,d"
Beijing,Mean_Age_Score,41.53932772,-0.03482128307,"a,d"
Wuhan,Mean_Age_Score,43.0150449,0.3926149011,"a,d"
Shanghai,Mean_Age_Score,42.10918263,0.02358724363,"a,d"
Shanghai,Mean_Age_Score,40.61186379,-0.001989015844,"a,d"
Beijing,Mean_Age_Score,43.67614154,0.3650232255,"a,d"
Shanghai,Mean_Age_Score,46.42674087,0.4390377104,"a,d"
Guangzhou,Mean_Age_Score,37.01770479,-0.9578472972,"a,d"
Beijing,Mean_Age_Score,39.9432139,-0.9516145587,"a,d"
Beijing,Mean_Age_Score,38.95800105,-0.7705614567,"a,d"
Shanghai,Mean_Age_Score,40.29058489,-0.8247063756,"a,d"
Shanghai,Mean_Age_Score,46.18715235,0.09139810503,"a,d"
Wuhan,Mean_Age_Score,36.50652652,-0.3755856156,"a,d"
Shanghai,Mean_Age_Score,40.61186942,-0.03514762595,"a,d"
Shanghai,Mean_Age_Score,38.13754638,-0.6913647056,"a,d"
Wuhan,Mean_Age_Score,44.86032454,0.2288442552,"a,d"
Beijing,Mean_Age_Score,38.95795888,-0.4865221977,"a,d"
Shanghai,Mean_Age_Score,38.13744987,-0.623934567,"a,d"
Shanghai,Mean_Age_Score,45.27377651,0.1626446247,"a,d"
Shanghai,Mean_Age_Score,42.46807061,0.01620121673,"a,d"
Shanghai,Mean_Age_Score,40.61186429,0.2663735151,"a,d"
Wuhan,Mean_Age_Score,36.50652912,-0.3374841213,"a,d"
Beijing,Mean_Age_Score,42.36094019,0.1041166484,"a,d"
Wuhan,Mean_Age_Score,42.88787664,0.0168139413,"a,d"
Shanghai,Mean_Age_Score,42.10919437,0.02047303692,"a,d"
Beijing,Mean_Age_Score,39.94321344,-0.6222767234,"a,d"
Beijing,Mean_Age_Score,41.39540844,-0.1943726838,"a,d"
Shanghai,Mean_Age_Score,46.18715368,0.2813587785,"a,d"
Beijing,Mean_Age_Score,42.3608413,-0.1072380692,"a,d"
Shanghai,Mean_Age_Score,42.46807273,0.008037952706,"a,d"
Shanghai,Mean_Age_Score,42.46807079,0.1420373917,"a,d"
Shanghai,Mean_Age_Score,40.611866,0.3779581189,"a,d"
Shanghai,Mean_Age_Score,42.10918904,-0.01141288504,"a,d"
Shanghai,Mean_Age_Score,42.10918863,0.01009330992,"a,d"
Shanghai,Mean_Age_Score,42.10917236,-0.1356012076,"a,d"
Guangzhou,Mean_Age_Score,37.01768502,-0.5970215797,"a,d"
Wuhan,Mean_Age_Score,39.83719537,-0.4019503593,"a,d"
Shanghai,Mean_Age_Score,38.13750502,-0.5993567109,"a,d"
Shanghai,Mean_Age_Score,42.10918631,-0.03897628188,"a,d"
Wuhan,Mean_Age_Score,36.50645178,-0.436948806,"a,d"
Guangzhou,Mean_Age_Score,37.07249692,-0.5193335414,"a,d"
Wuhan,Mean_Age_Score,42.14827852,0.01166601293,"a,d"
Shanghai,Mean_Age_Score,42.10918399,-0.08195807785,"a,d"
Wuhan,Mean_Age_Score,39.83712408,-0.5942571163,"a,d"
Shanghai,Mean_Age_Score,42.10917622,-0.02297394536,"a,d"
Wuhan,Mean_Age_Score,44.86019938,0.1630438119,"a,d"
Wuhan,Mean_Age_Score,42.88786995,-0.1070562229,"a,d"
Wuhan,Mean_Age_Score,35.70671798,-0.8465789557,"a,d"
Guangzhou,Mean_Age_Score,36.1944384,-0.3968925774,"a,d"
Shanghai,Mean_Age_Score,47.32208286,0.4932976961,"a,d"
Wuhan,Mean_Age_Score,35.70672393,-0.9247274399,"a,d"
Shanghai,Mean_Age_Score,42.10916172,-0.1557870358,"a,d"
Shanghai,Mean_Age_Score,38.13753782,-0.940038085,"a,d"
Shanghai,Mean_Age_Score,46.33151421,0.4792950451,"a,d"
Shanghai,Mean_Age_Score,40.61185673,-0.2787142396,"a,d"
Shanghai,Mean_Age_Score,46.42674178,0.3868255019,"a,d"
Shanghai,Mean_Age_Score,46.84757164,0.363858372,"a,d"
Shanghai,Mean_Age_Score,42.46805083,0.3739786148,"a,d"
Guangzhou,Mean_Age_Score,37.01760987,-0.6799966693,"a,d"
Shanghai,Mean_Age_Score,42.10916191,-0.1720217913,"a,d"
Shanghai,Mean_Age_Score,38.13753974,-0.5416812301,"a,d"
Wuhan,Mean_Age_Score,39.8371824,-0.6310480237,"a,d"
Shanghai,Mean_Age_Score,38.13754849,-0.6845887899,"a,d"
Shanghai,Mean_Age_Score,40.29056633,-0.3332961202,"a,d"
Wuhan,Mean_Age_Score,41.93641333,-0.09431396425,"a,d"
Shanghai,Mean_Age_Score,42.46807307,-0.04684360325,"a,d"
Shanghai,Mean_Age_Score,46.33151632,0.4600809216,"a,d"
Wuhan,Mean_Age_Score,44.86032573,0.1637046039,"a,d"
Shanghai,Mean_Age_Score,42.10918163,-0.02807082422,"a,d"
Shanghai,Mean_Age_Score,38.13753094,-0.4277066886,"a,d"
Shanghai,Mean_Age_Score,47.32208391,0.5996835232,"a,d"
Beijing,Mean_Age_Score,41.39545927,0.05398886278,"a,d"
Wuhan,Mean_Age_Score,42.40066594,0.1147231907,"a,d"
Shanghai,Mean_Age_Score,42.4680726,0.09221206605,"a,d"
Beijing,Mean_Age_Score,39.07338334,-0.7086094022,"a,d"
Shanghai,Mean_Age_Score,42.10918659,0.03257953003,"a,d"
Shanghai,Mean_Age_Score,42.1091807,-0.1436030269,"a,d"
Guangzhou,Mean_Age_Score,36.1944112,-0.4096505344,"a,d"
Shanghai,Mean_Age_Score,46.59107464,0.3648493886,"a,d"
Guangzhou,Mean_Age_Score,37.01769866,-0.337461561,"a,d"
Shanghai,Mean_Age_Score,46.42673901,0.2674582005,"a,d"
Beijing,Mean_Age_Score,39.0733693,-0.4713414907,"a,d"
Shanghai,Mean_Age_Score,42.46807779,0.1324419081,"a,d"
Wuhan,Mean_Age_Score,39.83719721,-0.6921989918,"a,d"
Wuhan,Mean_Age_Score,39.83720024,-0.6261688471,"a,d"
Guangzhou,Mean_Age_Score,36.19438301,-0.3417229652,"a,d"
Shanghai,Mean_Age_Score,42.10919618,0.05856311321,"a,d"
Shanghai,Mean_Age_Score,42.10919014,0.02802119218,"a,d"
Wuhan,Mean_Age_Score,41.9364355,-0.05405642092,"a,d"
Shanghai,Mean_Age_Score,39.76475005,-0.6311774254,"a,d"
Beijing,Mean_Age_Score,42.25743908,-0.05883581191,"a,d"
Shanghai,Mean_Age_Score,46.33151545,0.2127438337,"a,d"
Guangzhou,Mean_Age_Score,36.19444001,-0.3610061407,"a,d"
Shanghai,Mean_Age_Score,42.10919313,-0.01353991684,"a,d"
Beijing,Mean_Age_Score,42.36094125,0.03909011185,"a,d"
Shanghai,Mean_Age_Score,42.46807417,-0.0685390532,"a,d"
Shanghai,Mean_Age_Score,40.57825235,-0.4119670391,"a,d"
Shanghai,Mean_Age_Score,42.10916434,-0.1579494476,"a,d"
Guangzhou,Mean_Age_Score,41.21845984,0.4665320814,"a,d"
Shanghai,Mean_Age_Score,40.61186844,0.1924959421,"a,d"
Wuhan,Mean_Age_Score,43.01504547,0.5404208302,"a,d"
Shanghai,Mean_Age_Score,42.46807407,-0.09192726761,"a,d"
Shanghai,Mean_Age_Score,40.61186869,0.2152598798,"a,d"
Shanghai,Mean_Age_Score,39.76476182,-0.5366413593,"a,d"
Beijing,Mean_Age_Score,42.80443242,0.05032751709,"a,d"
Shanghai,Mean_Age_Score,43.94872544,0.2981140316,"a,d"
Shanghai,Mean_Age_Score,42.10919405,0.04473060369,"a,d"
Wuhan,Mean_Age_Score,44.86033056,0.3234033883,"a,d"
Wuhan,Mean_Age_Score,44.86032354,0.4310227334,"a,d"
Beijing,Mean_Age_Score,39.94321986,-0.8871054649,"a,d"
Wuhan,Mean_Age_Score,44.86032648,0.277782768,"a,d"
Shanghai,Mean_Age_Score,42.10914737,-0.1904292554,"a,d"
Beijing,Mean_Age_Score,45.55182139,0.2760416269,"a,d"
Shanghai,Mean_Age_Score,42.10912206,-0.1660632938,"a,d"
Wuhan,Mean_Age_Score,42.40065939,0.06043231487,"a,d"
Shanghai,Mean_Age_Score,46.84757011,0.2860774696,"a,d"
Beijing,Mean_Age_Score,41.53933403,-0.1297646761,"a,d"
Shanghai,Mean_Age_Score,39.76470638,-0.2021601349,"a,d"
Guangzhou,Mean_Age_Score,37.0177155,-0.813115418,"a,d"
Beijing,Mean_Age_Score,45.55182291,0.1435703039,"a,d"
Wuhan,Mean_Age_Score,43.01504358,0.5797102451,"a,d"
Wuhan,Mean_Age_Score,36.50644783,-0.4694452584,"a,d"
Wuhan,Mean_Age_Score,36.50628529,-0.3119696677,"a,d"
Shanghai,Mean_Age_Score,42.10918353,-0.05544710532,"a,d"
Shanghai,Mean_Age_Score,38.13753823,-0.5912132859,"a,d"
Shanghai,Mean_Age_Score,46.18713831,0.1169612557,"a,d"
Shanghai,Mean_Age_Score,46.84757162,0.187009275,"a,d"
Beijing,Mean_Age_Score,41.53933518,-0.08129753172,"a,d"
Guangzhou,Mean_Age_Score,36.19441133,-0.4349063039,"a,d"
Beijing,Mean_Age_Score,44.55290137,0.2727163732,"a,d"
Shanghai,Mean_Age_Score,38.13752922,-0.8864039183,"a,d"
Shanghai,Mean_Age_Score,42.46807959,0.01351451036,"a,d"
Shanghai,Mean_Age_Score,42.46803502,0.03481340408,"a,d"
Guangzhou,Mean_Age_Score,36.19442414,-0.6114805937,"a,d"
Shanghai,Mean_Age_Score,40.61186821,0.207675308,"a,d"
Shanghai,Mean_Age_Score,40.29056764,-0.788351357,"a,d"
Guangzhou,Mean_Age_Score,37.07247791,-0.2878808081,"a,d"
Beijing,Mean_Age_Score,39.94322152,-0.6103903651,"a,d"
Wuhan,Mean_Age_Score,42.14827683,-0.05205591395,"a,d"
Shanghai,Mean_Age_Score,40.61185603,-0.3270159662,"a,d"
Guangzhou,Mean_Age_Score,36.19444767,-0.5201206207,"a,d"
Shanghai,Mean_Age_Score,39.7647505,-0.7897442579,"a,d"
Shanghai,Mean_Age_Score,40.61184192,-0.3894658387,"a,d"
Shanghai,Mean_Age_Score,46.59108524,0.3789803982,"a,d"
Shanghai,Mean_Age_Score,42.10919329,0.01935843378,"a,d"
Shanghai,Mean_Age_Score,42.10915707,-0.1746405661,"a,d"
Shanghai,Mean_Age_Score,42.46807414,-0.04443301633,"a,d"
Wuhan,Mean_Age_Score,39.83720008,-0.7471775413,"a,d"
Guangzhou,Mean_Age_Score,37.01769353,-0.5823966265,"a,d"
Wuhan,Mean_Age_Score,39.83720317,-0.8929662108,"a,d"
Guangzhou,Mean_Age_Score,36.19443006,-0.2228897661,"a,d"
Shanghai,Mean_Age_Score,42.10919319,0.06197953597,"a,d"
Shanghai,Mean_Age_Score,45.87431573,0.2845458388,"a,d"
Shanghai,Mean_Age_Score,38.13752648,-0.3794476688,"a,d"
Guangzhou,Mean_Age_Score,36.41511879,-0.540610373,"a,d"
Beijing,Mean_Age_Score,41.39546604,-0.03050900251,"a,d"
Shanghai,Mean_Age_Score,39.76473293,-0.6003565788,"a,d"
Wuhan,Mean_Age_Score,35.70672249,-0.9127236605,"a,d"
Guangzhou,Mean_Age_Score,35.85462543,-0.7550551891,"a,d"
Shanghai,Mean_Age_Score,42.10919406,0.2547324598,"a,d"
Shanghai,Mean_Age_Score,46.18715139,0.3033701181,"a,d"
Guangzhou,Mean_Age_Score,36.41507859,-0.5779921412,"a,d"
Beijing,Mean_Age_Score,41.39540063,-0.2339552343,"a,d"
Shanghai,Mean_Age_Score,40.61186972,0.2855786085,"a,d"
Wuhan,Mean_Age_Score,39.83719766,-0.968383491,"a,d"
Guangzhou,Mean_Age_Score,36.19432847,-0.376226902,"a,d"
Guangzhou,Mean_Age_Score,36.19438761,-0.4498285055,"a,d"
Shanghai,Mean_Age_Score,40.29059306,-0.8305554986,"a,d"
Guangzhou,Mean_Age_Score,36.42617091,-0.422496289,"a,d"
Beijing,Mean_Age_Score,38.95795504,-0.6241945624,"a,d"
Shanghai,Mean_Age_Score,38.13754899,-0.6609891653,"a,d"
Shanghai,Mean_Age_Score,40.29045652,-0.4651635885,"a,d"
Guangzhou,Mean_Age_Score,36.41511451,-0.4862557054,"a,d"
Guangzhou,Mean_Age_Score,36.19444778,-0.5090765357,"a,d"
Shanghai,Mean_Age_Score,38.13751714,-0.6475007534,"a,d"
Shanghai,Mean_Age_Score,46.8475696,0.6354135871,"a,d"
Shanghai,Mean_Age_Score,42.10918046,-0.2267561853,"a,d"
Shanghai,Mean_Age_Score,38.13754775,-0.7110930085,"a,d"
Shanghai,Mean_Age_Score,38.13750343,-0.4809542298,"a,d"
Wuhan,Mean_Age_Score,36.50653572,-0.9374257326,"a,d"
Shanghai,Mean_Age_Score,42.46807516,0.0264624767,"a,d"
Shanghai,Mean_Age_Score,42.1091741,-0.05490476266,"a,d"
Shanghai,Mean_Age_Score,40.61186031,-0.03604480624,"a,d"
Beijing,Mean_Age_Score,41.53933276,0.007162565365,"a,d"
Beijing,Mean_Age_Score,39.94321541,-0.7182366252,"a,d"
Wuhan,Mean_Age_Score,39.83718858,-0.9416279197,"a,d"
Shanghai,Mean_Age_Score,46.83754918,0.2877784967,"a,d"
Shanghai,Mean_Age_Score,46.59108513,0.3499554694,"a,d"
Shanghai,Mean_Age_Score,38.13751737,-0.5129213929,"a,d"
Shanghai,Mean_Age_Score,46.18715224,0.5969688296,"a,d"
Shanghai,Mean_Age_Score,38.13751783,-0.6945126653,"a,d"
Shanghai,Mean_Age_Score,46.18715061,0.1219349951,"a,d"
Shanghai,Mean_Age_Score,40.2905945,-0.6458261609,"a,d"
Wuhan,Mean_Age_Score,44.86032424,0.2046138644,"a,d"
Shanghai,Mean_Age_Score,39.76476701,-0.7241327167,"a,d"
Shanghai,Mean_Age_Score,42.10913531,-0.2296884209,"a,d"
Shanghai,Mean_Age_Score,42.46807745,0.140376687,"a,d"
Wuhan,Mean_Age_Score,41.1914686,0.2270890325,"a,d"
Shanghai,Mean_Age_Score,40.61186181,-0.1804867685,"a,d"
Guangzhou,Mean_Age_Score,36.41511576,-0.6344606876,"a,d"
Shanghai,Mean_Age_Score,40.6118669,0.2300314903,"a,d"
Shanghai,Mean_Age_Score,46.18714314,0.346147716,"a,d"
Shanghai,Mean_Age_Score,39.76468952,-0.414564997,"a,d"
Guangzhou,Mean_Age_Score,35.85462261,-0.5464493036,"a,d"
Wuhan,Mean_Age_Score,39.83719892,-0.8138378263,"a,d"
Wuhan,Mean_Age_Score,41.96442712,-0.08706557006,"a,d"
Shanghai,Mean_Age_Score,42.10919306,-0.1064914912,"a,d"
Shanghai,Mean_Age_Score,42.10916252,-0.2109839618,"a,d"
Guangzhou,Mean_Age_Score,37.01764774,-0.629744947,"a,d"
Shanghai,Mean_Age_Score,40.61185871,-0.2688958645,"a,d"
Guangzhou,Mean_Age_Score,43.17689229,0.211409688,"a,d"
Shanghai,Mean_Age_Score,39.76474452,-0.6783750653,"a,d"
Shanghai,Mean_Age_Score,42.10919168,0.04268513992,"a,d"
Beijing,Mean_Age_Score,39.94321977,-0.5463942289,"a,d"
Shanghai,Mean_Age_Score,46.8475695,0.3270046413,"a,d"
Shanghai,Mean_Age_Score,39.76476823,-0.569971323,"a,d"
Shanghai,Mean_Age_Score,38.13752899,-0.6162393689,"a,d"
Shanghai,Mean_Age_Score,40.29058536,-0.8139433861,"a,d"
Shanghai,Mean_Age_Score,42.10919637,0.06315781921,"a,d"
Shanghai,Mean_Age_Score,42.10918851,0.003003253136,"a,d"
Shanghai,Mean_Age_Score,39.76474996,-0.5763114095,"a,d"
Shanghai,Mean_Age_Score,40.61186435,0.06947499514,"a,d"
Shanghai,Mean_Age_Score,42.10919486,-0.03295844421,"a,d"
Shanghai,Mean_Age_Score,42.10919305,-0.00300945784,"a,d"
Beijing,Mean_Age_Score,39.07336153,-0.4836894274,"a,d"
Beijing,Mean_Age_Score,45.32824211,0.2645657659,"a,d"
Shanghai,Mean_Age_Score,42.10918439,-0.006371400319,"a,d"
Wuhan,Mean_Age_Score,39.83719764,-0.5110809207,"a,d"
Wuhan,Mean_Age_Score,42.14827729,0.2242913544,"a,d"
Wuhan,Mean_Age_Score,41.93644131,-0.09817284346,"a,d"
Wuhan,Mean_Age_Score,42.14827162,0.1154397056,"a,d"
Shanghai,Mean_Age_Score,45.87431384,0.2628679574,"a,d"
Beijing,Mean_Age_Score,43.44370075,0.3104074299,"a,d"
Shanghai,Mean_Age_Score,42.10919353,-0.04488246888,"a,d"
Shanghai,Mean_Age_Score,38.13754573,-0.971683681,"a,d"
Wuhan,Mean_Age_Score,42.14826058,-0.09621590376,"a,d"
Shanghai,Mean_Age_Score,46.84757064,0.341712594,"a,d"
Shanghai,Mean_Age_Score,40.61186391,-0.1277645975,"a,d"
Beijing,Mean_Age_Score,41.53933359,-0.07501019537,"a,d"
Shanghai,Mean_Age_Score,47.32208518,0.4912360311,"a,d"
Shanghai,Mean_Age_Score,40.2905866,-0.7225586176,"a,d"
Guangzhou,Mean_Age_Score,36.1944074,-0.4145248234,"a,d"
Beijing,Mean_Age_Score,42.25742122,-0.07651311904,"a,d"
Shanghai,Mean_Age_Score,42.10916397,-0.1931607872,"a,d"
Beijing,Mean_Age_Score,41.39536175,-0.2465617061,"a,d"
Shanghai,Mean_Age_Score,42.10919005,0.03116314486,"a,d"
Shanghai,Mean_Age_Score,46.84757122,0.2394559383,"a,d"
Beijing,Mean_Age_Score,39.07334258,-0.5535780787,"a,d"
Wuhan,Mean_Age_Score,43.0150415,0.3212867975,"a,d"
Shanghai,Mean_Age_Score,38.13752184,-0.5828641057,"a,d"
Shanghai,Mean_Age_Score,40.61186535,0.2451503277,"a,d"
Beijing,Mean_Age_Score,41.53933734,0.04827447236,"a,d"
Shanghai,Mean_Age_Score,42.10916124,-0.1283358485,"a,d"
Shanghai,Mean_Age_Score,45.87431615,0.3582335114,"a,d"
Shanghai,Mean_Age_Score,46.33150827,0.4440094233,"a,d"
Shanghai,Mean_Age_Score,39.76473172,-0.1507451683,"a,d"
Shanghai,Mean_Age_Score,46.84757107,0.4726527929,"a,d"
Shanghai,Mean_Age_Score,39.76476596,-0.6830527782,"a,d"
Wuhan,Mean_Age_Score,36.50640962,-0.08171915263,"a,d"
Wuhan,Mean_Age_Score,44.86028798,0.2127335221,"a,d"
Shanghai,Mean_Age_Score,46.33148042,0.2593537867,"a,d"
Shanghai,Mean_Age_Score,39.76476625,-0.707116127,"a,d"
Shanghai,Mean_Age_Score,40.61186692,-0.006110184826,"a,d"
Guangzhou,Mean_Age_Score,37.0176825,-0.6952198148,"a,d"
Shanghai,Mean_Age_Score,42.46807297,0.02405917272,"a,d"
Wuhan,Mean_Age_Score,39.83719764,-0.5005007386,"a,d"
Beijing,Mean_Age_Score,44.84838239,0.1642250568,"a,d"
Shanghai,Mean_Age_Score,40.61186476,0.2614514232,"a,d"
Shanghai,Mean_Age_Score,46.18715232,0.428991437,"a,d"
Shanghai,Mean_Age_Score,42.10918719,0.02465787902,"a,d"
Beijing,Mean_Age_Score,45.32824391,0.2673728764,"a,d"
Wuhan,Mean_Age_Score,36.50630333,-0.47232005,"a,d"
Shanghai,Mean_Age_Score,45.87431642,0.422973454,"a,d"
Shanghai,Mean_Age_Score,38.13753582,-0.5827727914,"a,d"
Guangzhou,Mean_Age_Score,36.19444275,-0.5520320535,"a,d"
Shanghai,Mean_Age_Score,40.29058938,-0.5843931437,"a,d"
Shanghai,Mean_Age_Score,42.10919251,0.0390111655,"a,d"
Wuhan,Mean_Age_Score,42.14826461,-0.1063145548,"a,d"
Wuhan,Mean_Age_Score,39.83720325,-0.9228327274,"a,d"
Beijing,Mean_Age_Score,43.67614124,0.1623674184,"a,d"
Shanghai,Mean_Age_Score,46.18715184,0.4647534788,"a,d"
Shanghai,Mean_Age_Score,40.61186403,-0.1067684516,"a,d"
Guangzhou,Mean_Age_Score,37.01767686,-0.6026843786,"a,d"
Beijing,Mean_Age_Score,41.31621424,0.03065731004,"a,d"
Shanghai,Mean_Age_Score,40.61185788,-0.1835464686,"a,d"
Beijing,Mean_Age_Score,42.25743867,0.0360506922,"a,d"
Shanghai,Mean_Age_Score,38.13754475,-0.6684480906,"a,d"
Shanghai,Mean_Age_Score,42.10919261,0.004091641866,"a,d"
Shanghai,Mean_Age_Score,40.61186466,0.4826050699,"a,d"
Beijing,Mean_Age_Score,44.55290149,0.2797810435,"a,d"
Wuhan,Mean_Age_Score,42.88787718,-0.003928779624,"a,d"
Shanghai,Mean_Age_Score,42.10917111,-0.2147458196,"a,d"
Shanghai,Mean_Age_Score,40.29059129,-0.7844341397,"a,d"
Shanghai,Mean_Age_Score,42.10919283,0.03261888027,"a,d"
Guangzhou,Mean_Age_Score,37.01767048,-0.6285880804,"a,d"
Beijing,Mean_Age_Score,39.94322118,-0.627441287,"a,d"
Wuhan,Mean_Age_Score,42.88787495,0.09318142384,"a,d"
Guangzhou,Mean_Age_Score,36.19444874,-0.4321110547,"a,d"
Shanghai,Mean_Age_Score,40.61186097,-0.1728741676,"a,d"
Shanghai,Mean_Age_Score,40.57824703,-0.3016639054,"a,d"
Wuhan,Mean_Age_Score,41.19146629,0.3621365428,"a,d"
Wuhan,Mean_Age_Score,44.86033138,0.6834924221,"a,d"
Shanghai,Mean_Age_Score,40.61186917,0.114578627,"a,d"
Wuhan,Mean_Age_Score,42.14827241,0.02134370618,"a,d"
Shanghai,Mean_Age_Score,40.61186425,0.3303457797,"a,d"
Beijing,Mean_Age_Score,41.53930983,-0.2149471045,"a,d"
Shanghai,Mean_Age_Score,46.59108052,0.3072925508,"a,d"
Beijing,Mean_Age_Score,45.55182373,0.3128890991,"a,d"
Shanghai,Mean_Age_Score,45.87431236,0.2721943557,"a,d"
Wuhan,Mean_Age_Score,42.14827319,0.1391317099,"a,d"
Shanghai,Mean_Age_Score,38.13753443,-0.6060497165,"a,d"
Wuhan,Mean_Age_Score,42.14827752,0.09868108481,"a,d"
Shanghai,Mean_Age_Score,40.57825128,-0.2253440768,"a,d"
Beijing,Mean_Age_Score,42.80443209,0.03894748911,"a,d"
Wuhan,Mean_Age_Score,43.01502596,0.1810172349,"a,d"
Shanghai,Mean_Age_Score,40.29055607,-0.6023020744,"a,d"
Wuhan,Mean_Age_Score,44.86030845,0.274355799,"a,d"
Shanghai,Mean_Age_Score,42.10919058,0.09228362888,"a,d"
Shanghai,Mean_Age_Score,46.8475661,0.3466052115,"a,d"
Shanghai,Mean_Age_Score,46.18714935,0.1068740636,"a,d"
Shanghai,Mean_Age_Score,42.1091917,-0.07513418794,"a,d"
Shanghai,Mean_Age_Score,46.59108327,0.2009413093,"a,d"
Shanghai,Mean_Age_Score,46.18714504,0.2516993582,"a,d"
Shanghai,Mean_Age_Score,40.29058434,-0.626237452,"a,d"
Beijing,Mean_Age_Score,41.39519405,-0.01719765551,"a,d"
Wuhan,Mean_Age_Score,41.19146862,0.3728797436,"a,d"
Beijing,Mean_Age_Score,39.9432118,-0.7177500129,"a,d"
Shanghai,Mean_Age_Score,42.10918953,0.0775994435,"a,d"
Shanghai,Mean_Age_Score,46.18714928,0.181400314,"a,d"
Shanghai,Mean_Age_Score,40.61186601,0.342974335,"a,d"
Shanghai,Mean_Age_Score,47.32208126,0.4359419346,"a,d"
Wuhan,Mean_Age_Score,43.01504215,0.3266615272,"a,d"
Beijing,Mean_Age_Score,39.94321491,-0.7855653763,"a,d"
Shanghai,Mean_Age_Score,40.57824971,-0.318041116,"a,d"
Wuhan,Mean_Age_Score,35.70672029,-0.9350558519,"a,d"
Wuhan,Mean_Age_Score,42.88787864,-0.12040402,"a,d"
Shanghai,Mean_Age_Score,42.10918926,0.04627457261,"a,d"
Shanghai,Mean_Age_Score,45.87431613,0.316894263,"a,d"
Shanghai,Mean_Age_Score,46.18714231,0.1230844632,"a,d"
Wuhan,Mean_Age_Score,41.96422804,-0.213249445,"a,d"
Guangzhou,Mean_Age_Score,36.19438586,-0.178330496,"a,d"
Shanghai,Mean_Age_Score,46.18715265,0.2004008591,"a,d"
Shanghai,Mean_Age_Score,38.13747872,-0.6064119339,"a,d"
Wuhan,Mean_Age_Score,36.50629035,-0.3453446925,"a,d"
Shanghai,Mean_Age_Score,38.13751088,-0.5784733295,"a,d"
Shanghai,Mean_Age_Score,45.87431248,0.3308597505,"a,d"
Wuhan,Mean_Age_Score,44.8603245,0.2183248699,"a,d"
Shanghai,Mean_Age_Score,42.10918612,0.0490282923,"a,d"
Shanghai,Mean_Age_Score,47.32208473,0.3682094812,"a,d"
Shanghai,Mean_Age_Score,46.18715075,0.2868410647,"a,d"
Shanghai,Mean_Age_Score,45.87431453,0.3660586178,"a,d"
Shanghai,Mean_Age_Score,40.29059012,-0.7963617444,"a,d"
Shanghai,Mean_Age_Score,38.1375286,-0.6185705066,"a,d"
Wuhan,Mean_Age_Score,39.83719668,-0.7027363181,"a,d"
Shanghai,Mean_Age_Score,39.76476888,-0.8773263097,"a,d"
Beijing,Mean_Age_Score,41.31625852,0.5707899332,"a,d"
Shanghai,Mean_Age_Score,42.10919492,0.05424225703,"a,d"
Wuhan,Mean_Age_Score,41.19147223,0.2284602076,"a,d"
Shanghai,Mean_Age_Score,40.57824405,-0.6723305583,"a,d"
Shanghai,Mean_Age_Score,40.61186583,0.3064081967,"a,d"
Shanghai,Mean_Age_Score,40.29058887,-0.6348454356,"a,d"
Shanghai,Mean_Age_Score,46.84756796,0.2853412926,"a,d"
Shanghai,Mean_Age_Score,42.46807896,-0.09778885543,"a,d"
Shanghai,Mean_Age_Score,47.32208458,0.8993689418,"a,d"
Shanghai,Mean_Age_Score,42.46807241,0.03474448249,"a,d"
Wuhan,Mean_Age_Score,36.50568463,-0.4154503047,"a,d"
Shanghai,Mean_Age_Score,43.94872369,0.1900926679,"a,d"
Shanghai,Mean_Age_Score,42.10919382,0.04455355555,"a,d"
Shanghai,Mean_Age_Score,40.61186766,0.3296048939,"a,d"
Wuhan,Mean_Age_Score,42.14827808,0.1258341819,"a,d"
Wuhan,Mean_Age_Score,42.40066574,0.1662258953,"a,d"
Shanghai,Mean_Age_Score,46.18714969,0.1862116307,"a,d"
Guangzhou,Mean_Age_Score,36.19442153,-0.4435775876,"a,d"
Beijing,Mean_Age_Score,42.36093235,0.0209307652,"a,d"
Wuhan,Mean_Age_Score,43.01504377,0.6405519843,"a,d"
Wuhan,Mean_Age_Score,43.0150313,0.2042396665,"a,d"
Beijing,Mean_Age_Score,42.80442923,0.02784315869,"a,d"
Shanghai,Mean_Age_Score,43.94869525,0.145862475,"a,d"
Wuhan,Mean_Age_Score,35.70671911,-1.007148862,"a,d"
Shanghai,Mean_Age_Score,38.13754166,-0.5420905948,"a,d"
Shanghai,Mean_Age_Score,40.61185854,-0.2866773009,"a,d"
Guangzhou,Mean_Age_Score,35.85462293,-0.4889056087,"a,d"
Shanghai,Mean_Age_Score,46.8475713,0.3353005052,"a,d"
Shanghai,Mean_Age_Score,42.468068,-0.001357618254,"a,d"
Wuhan,Mean_Age_Score,36.50639567,-0.519153595,"a,d"
Shanghai,Mean_Age_Score,42.10919302,0.09878589958,"a,d"
Shanghai,Mean_Age_Score,40.29058971,-0.6627056599,"a,d"
Shanghai,Mean_Age_Score,42.46805281,0.5955450535,"a,d"
Guangzhou,Mean_Age_Score,37.18794914,-0.7916449904,"a,d"
Shanghai,Mean_Age_Score,40.29058002,-0.6449919939,"a,d"
Shanghai,Mean_Age_Score,45.87431257,0.2845711708,"a,d"
Shanghai,Mean_Age_Score,42.46806873,0.2590378225,"a,d"
Shanghai,Mean_Age_Score,42.1091918,0.06040260568,"a,d"
Shanghai,Mean_Age_Score,42.10916582,-0.2501734495,"a,d"
Shanghai,Mean_Age_Score,42.10919622,0.06087179855,"a,d"
Shanghai,Mean_Age_Score,42.10919522,0.06142796203,"a,d"
Shanghai,Mean_Age_Score,42.10918704,0.002386788838,"a,d"
Shanghai,Mean_Age_Score,46.18714953,0.365993619,"a,d"
Shanghai,Mean_Age_Score,46.3314825,0.2719410658,"a,d"
Shanghai,Mean_Age_Score,42.46807745,0.02586379275,"a,d"
Shanghai,Mean_Age_Score,46.84756868,0.3468270302,"a,d"
Shanghai,Mean_Age_Score,45.8743098,0.2560874522,"a,d"
Guangzhou,Mean_Age_Score,35.8546225,-0.8180277944,"a,d"
Shanghai,Mean_Age_Score,38.13750146,-0.5933747292,"a,d"
Shanghai,Mean_Age_Score,42.10919203,0.08593215048,"a,d"
Shanghai,Mean_Age_Score,46.18715002,0.3240242898,"a,d"
Shanghai,Mean_Age_Score,42.10919607,0.03717109561,"a,d"
Shanghai,Mean_Age_Score,42.46807354,0.0101973135,"a,d"
Shanghai,Mean_Age_Score,40.29057971,-0.5902005434,"a,d"
Shanghai,Mean_Age_Score,47.322085,0.3512325883,"a,d"
Wuhan,Mean_Age_Score,43.01504386,0.4484228194,"a,d"
Shanghai,Mean_Age_Score,38.13751769,-0.5899380445,"a,d"
Shanghai,Mean_Age_Score,38.13754283,-0.6138579249,"a,d"
Beijing,Mean_Age_Score,38.95799145,-0.6702957153,"a,d"
Shanghai,Mean_Age_Score,43.94871125,0.02182057127,"a,d"
Shanghai,Mean_Age_Score,46.33151432,0.4567524195,"a,d"
Shanghai,Mean_Age_Score,46.42673961,0.3334076405,"a,d"
Shanghai,Mean_Age_Score,39.76476166,-0.586963594,"a,d"
Shanghai,Mean_Age_Score,46.84757147,0.2993902564,"a,d"
Shanghai,Mean_Age_Score,40.61184963,-0.3860683739,"a,d"
Beijing,Mean_Age_Score,39.07337708,-0.7846667171,"a,d"
Beijing,Mean_Age_Score,44.70028211,0.2195210755,"a,d"
Shanghai,Mean_Age_Score,45.87431217,0.1293542534,"a,d"
Shanghai,Mean_Age_Score,42.46806924,0.2435946018,"a,d"
Shanghai,Mean_Age_Score,42.10917026,-0.1695333421,"a,d"
Shanghai,Mean_Age_Score,38.13749174,-0.6159396768,"a,d"
Shanghai,Mean_Age_Score,40.6118445,-0.4295709133,"a,d"
Shanghai,Mean_Age_Score,38.13750654,-0.5997294784,"a,d"
Shanghai,Mean_Age_Score,42.10918199,-0.04328751937,"a,d"
Shanghai,Mean_Age_Score,40.61185286,-0.3168395758,"a,d"
Shanghai,Mean_Age_Score,42.10919043,-0.01302055828,"a,d"
Wuhan,Mean_Age_Score,39.96224124,-0.7258717418,"a,d"
Wuhan,Mean_Age_Score,41.93644591,-0.1423514783,"a,d"
Shanghai,Mean_Age_Score,42.46807367,0.03911316022,"a,d"
Shanghai,Mean_Age_Score,40.61186657,0.297123909,"a,d"
Wuhan,Mean_Age_Score,42.8878699,0.04091474041,"a,d"
Shanghai,Mean_Age_Score,42.10917511,-0.03299807757,"a,d"
Shanghai,Mean_Age_Score,42.10917722,-0.05016183481,"a,d"
Guangzhou,Mean_Age_Score,37.01770059,-0.6006839871,"a,d"
Beijing,Mean_Age_Score,41.5393238,-0.2295125872,"a,d"
Shanghai,Mean_Age_Score,40.61184986,-0.4262294769,"a,d"
Beijing,Mean_Age_Score,38.95799706,-1.021403313,"a,d"
Guangzhou,Mean_Age_Score,37.01766051,-0.5984352827,"a,d"
Shanghai,Mean_Age_Score,38.1375437,-0.8391107321,"a,d"
Wuhan,Mean_Age_Score,44.86030711,0.06745538116,"a,d"
Beijing,Mean_Age_Score,39.94321929,-0.5938572288,"a,d"
Guangzhou,Mean_Age_Score,37.18790138,-0.5066510439,"a,d"
Shanghai,Mean_Age_Score,42.46807896,-0.003802022431,"a,d"
Shanghai,Mean_Age_Score,43.94872696,0.3865694702,"a,d"
Guangzhou,Mean_Age_Score,36.1943301,-0.2662550211,"a,d"
Wuhan,Mean_Age_Score,40.84491743,-0.0003219731152,"a,d"
Shanghai,Mean_Age_Score,38.1375208,-0.5514715314,"a,d"
Wuhan,Mean_Age_Score,42.14827875,0.05651778728,"a,d"
Shanghai,Mean_Age_Score,40.61186635,0.2527244389,"a,d"
Wuhan,Mean_Age_Score,43.01504201,0.2765390873,"a,d"
Guangzhou,Mean_Age_Score,37.01769718,-0.8311120868,"a,d"
Wuhan,Mean_Age_Score,41.93644495,-0.1572778523,"a,d"
Shanghai,Mean_Age_Score,38.13754693,-0.6792817116,"a,d"
Wuhan,Mean_Age_Score,42.40066535,0.150746733,"a,d"
Shanghai,Mean_Age_Score,40.61186001,-0.1965180486,"a,d"
Shanghai,Mean_Age_Score,46.18713942,0.1371748447,"a,d"
Wuhan,Mean_Age_Score,35.70671944,-0.9634251595,"a,d"
Beijing,Mean_Age_Score,39.07336046,-0.6513342857,"a,d"
Beijing,Mean_Age_Score,44.55284753,0.1622002721,"a,d"
Wuhan,Mean_Age_Score,36.50653257,-0.8633420467,"a,d"
Shanghai,Mean_Age_Score,46.59108632,0.3404748738,"a,d"
Shanghai,Mean_Age_Score,42.10919051,0.02352645621,"a,d"
Guangzhou,Mean_Age_Score,36.19436828,-0.4521985948,"a,d"
Wuhan,Mean_Age_Score,36.50653308,-0.9447621107,"a,d"
Shanghai,Mean_Age_Score,40.29050581,-0.6844176054,"a,d"
Beijing,Mean_Age_Score,42.25743402,-0.03622719646,"a,d"
Shanghai,Mean_Age_Score,46.18715252,0.358948797,"a,d"
Beijing,Mean_Age_Score,39.07337665,-0.8699765205,"a,d"
Shanghai,Mean_Age_Score,39.7647671,-0.5408294201,"a,d"
Shanghai,Mean_Age_Score,38.13754241,-0.8505216837,"a,d"
Wuhan,Mean_Age_Score,35.70672321,-0.2735669315,"a,d"
Guangzhou,Mean_Age_Score,37.01760263,-0.6555790305,"a,d"
Shanghai,Mean_Age_Score,40.61185719,-0.3723832667,"a,d"
Shanghai,Mean_Age_Score,40.61186592,0.2728778422,"a,d"
Shanghai,Mean_Age_Score,46.18714709,0.3621486723,"a,d"
Guangzhou,Mean_Age_Score,36.19437828,-0.2081816047,"a,d"
Wuhan,Mean_Age_Score,35.70671887,-0.4933422208,"a,d"
Guangzhou,Mean_Age_Score,37.0176685,-0.6842299104,"a,d"
Wuhan,Mean_Age_Score,42.14827767,0.009118491784,"a,d"
Beijing,Mean_Age_Score,44.55290168,0.4137565494,"a,d"
Shanghai,Mean_Age_Score,38.13754739,-0.6077196598,"a,d"
Shanghai,Mean_Age_Score,40.61186421,0.6060678363,"a,d"
Beijing,Mean_Age_Score,39.94321148,-0.7678431869,"a,d"
Guangzhou,Mean_Age_Score,36.19443227,-0.5622113347,"a,d"
Shanghai,Mean_Age_Score,40.61186332,0.06001455337,"a,d"
Beijing,Mean_Age_Score,42.36090958,-0.06021289527,"a,d"
Shanghai,Mean_Age_Score,42.10919593,0.1438409835,"a,d"
Shanghai,Mean_Age_Score,40.29059238,-0.6281954646,"a,d"
Shanghai,Mean_Age_Score,46.84756923,0.3859075904,"a,d"
Shanghai,Mean_Age_Score,42.46806347,0.3510468006,"a,d"
Shanghai,Mean_Age_Score,42.10918681,-0.06879320741,"a,d"
Wuhan,Mean_Age_Score,43.01504313,0.4677971303,"a,d"
Guangzhou,Mean_Age_Score,35.85462325,-0.5264502168,"a,d"
Beijing,Mean_Age_Score,38.95796405,-0.4913276732,"a,d"
Shanghai,Mean_Age_Score,40.57824269,-0.6804817319,"a,d"
Shanghai,Mean_Age_Score,42.46806513,0.2267002016,"a,d"
Shanghai,Mean_Age_Score,42.46807968,-0.05061559379,"a,d"
Shanghai,Mean_Age_Score,42.46807358,0.09533332288,"a,d"
Guangzhou,Mean_Age_Score,35.85462533,-0.5129370093,"a,d"
Shanghai,Mean_Age_Score,46.45683441,0.360643059,"a,d"
Shanghai,Mean_Age_Score,40.57825422,-0.1594260186,"a,d"
Shanghai,Mean_Age_Score,42.10919452,0.1166807562,"a,d"
Shanghai,Mean_Age_Score,40.57825397,-0.1801353991,"a,d"
Wuhan,Mean_Age_Score,42.88787084,-0.0091041876,"a,d"
Shanghai,Mean_Age_Score,46.5910872,0.1095850617,"a,d"
Shanghai,Mean_Age_Score,40.61185853,-0.2107919008,"a,d"
Beijing,Mean_Age_Score,44.84838226,0.1466762424,"a,d"
Shanghai,Mean_Age_Score,42.46807246,0.02582878247,"a,d"
Shanghai,Mean_Age_Score,46.84756559,0.3147342205,"a,d"
Shanghai,Mean_Age_Score,42.46807077,0.02381468378,"a,d"
Shanghai,Mean_Age_Score,39.76470528,-0.6527300477,"a,d"
Shanghai,Mean_Age_Score,46.5910836,0.4339922965,"a,d"
Guangzhou,Mean_Age_Score,36.41511283,-0.7403221726,"a,d"
Wuhan,Mean_Age_Score,42.88787035,0.03286853805,"a,d"
Shanghai,Mean_Age_Score,40.61185537,-0.2040336579,"a,d"
Guangzhou,Mean_Age_Score,35.85462068,-0.6429400444,"a,d"
Shanghai,Mean_Age_Score,42.10919131,-0.02636953816,"a,d"
Guangzhou,Mean_Age_Score,36.19444969,-0.2853788733,"a,d"
Shanghai,Mean_Age_Score,42.10919553,0.02121526748,"a,d"
Shanghai,Mean_Age_Score,38.13752567,-0.5994460583,"a,d"
Wuhan,Mean_Age_Score,40.84485932,-0.02171053179,"a,d"
Wuhan,Mean_Age_Score,36.50632135,-0.2006329745,"a,d"
Beijing,Mean_Age_Score,39.07338289,-0.4170999229,"a,d"
Wuhan,Mean_Age_Score,36.50653439,-0.6448474526,"a,d"
Shanghai,Mean_Age_Score,42.46807049,0.116418004,"a,d"
Wuhan,Mean_Age_Score,43.01503826,0.3523506224,"a,d"
Wuhan,Mean_Age_Score,43.01504122,0.3065178394,"a,d"
Shanghai,Mean_Age_Score,46.59108354,0.3760786951,"a,d"
Shanghai,Mean_Age_Score,40.61185556,-0.2441103905,"a,d"
Shanghai,Mean_Age_Score,40.2905925,-0.6084979773,"a,d"
Wuhan,Mean_Age_Score,40.42732366,-0.3805918992,"a,d"
Shanghai,Mean_Age_Score,40.57824806,-0.2131336331,"a,d"
Shanghai,Mean_Age_Score,42.10919033,0.07317347825,"a,d"
Guangzhou,Mean_Age_Score,36.19444913,-0.2363639027,"a,d"
Beijing,Mean_Age_Score,42.25743791,-0.07788896561,"a,d"
Shanghai,Mean_Age_Score,42.1091846,0.06771044433,"a,d"
Guangzhou,Mean_Age_Score,36.4151155,-0.2475452572,"a,d"
Shanghai,Mean_Age_Score,45.87431368,0.3410540819,"a,d"
Beijing,Mean_Age_Score,41.95199766,-0.1750145257,"a,d"
Shanghai,Mean_Age_Score,42.46807466,0.02118343487,"a,d"
Shanghai,Mean_Age_Score,40.29058598,-0.6591793299,"a,d"
Shanghai,Mean_Age_Score,46.33151397,0.3571722507,"a,d"
Shanghai,Mean_Age_Score,40.61185762,-0.3903771639,"a,d"
Shanghai,Mean_Age_Score,40.61186288,-0.08598617464,"a,d"
Wuhan,Mean_Age_Score,43.01504452,0.4963016212,"a,d"
Shanghai,Mean_Age_Score,46.1871512,0.5396813154,"a,d"
Guangzhou,Mean_Age_Score,37.01768855,-0.5891030431,"a,d"
Shanghai,Mean_Age_Score,42.10919283,0.03627511859,"a,d"
Shanghai,Mean_Age_Score,42.109181,-0.2658010721,"a,d"
Shanghai,Mean_Age_Score,40.6118667,0.1840255409,"a,d"
Shanghai,Mean_Age_Score,42.46807754,0.0497171171,"a,d"
Beijing,Mean_Age_Score,41.53933483,-0.01256263349,"a,d"
Shanghai,Mean_Age_Score,42.1091791,-0.1053941324,"a,d"
Shanghai,Mean_Age_Score,42.10916038,-0.1600059718,"a,d"
Wuhan,Mean_Age_Score,41.93624005,-0.1421115547,"a,d"
Wuhan,Mean_Age_Score,42.148269,0.02366402186,"a,d"
Beijing,Mean_Age_Score,42.25744255,-0.07996675372,"a,d"
Shanghai,Mean_Age_Score,42.10918026,-0.1560702771,"a,d"
Shanghai,Mean_Age_Score,46.3315141,0.3179759383,"a,d"
Beijing,Mean_Age_Score,41.53931954,-0.02451130375,"a,d"
Shanghai,Mean_Age_Score,38.1375226,-0.6031290293,"a,d"
Shanghai,Mean_Age_Score,46.59108055,0.3397657573,"a,d"
Shanghai,Mean_Age_Score,46.1871479,0.1208566204,"a,d"
Shanghai,Mean_Age_Score,39.76476708,-0.5229242444,"a,d"
Shanghai,Mean_Age_Score,40.29043499,-0.1820403486,"a,d"
Guangzhou,Mean_Age_Score,36.19436503,-0.4944401085,"a,d"
Wuhan,Mean_Age_Score,40.84305417,-0.09703173488,"a,d"
Wuhan,Mean_Age_Score,42.4006652,0.05803205073,"a,d"
Shanghai,Mean_Age_Score,38.13753952,-0.4339041412,"a,d"
Wuhan,Mean_Age_Score,41.19146367,0.4021578133,"a,d"
Guangzhou,Mean_Age_Score,36.41511872,-0.5270996094,"a,d"
Shanghai,Mean_Age_Score,42.46807524,0.03663022071,"a,d"
Shanghai,Mean_Age_Score,45.87431469,0.2799235582,"a,d"
Shanghai,Mean_Age_Score,42.10915967,-0.09254442155,"a,d"
Wuhan,Mean_Age_Score,42.88787733,0.03309475258,"a,d"
Shanghai,Mean_Age_Score,42.46806742,0.2591056228,"a,d"
Shanghai,Mean_Age_Score,40.2905926,-0.5542615056,"a,d"
Beijing,Mean_Age_Score,41.53933741,0.0363279283,"a,d"
Beijing,Mean_Age_Score,42.25743999,-0.01134070288,"a,d"
Shanghai,Mean_Age_Score,42.46806963,0.01348892041,"a,d"
Shanghai,Mean_Age_Score,39.7647563,-0.2305813581,"a,d"
Guangzhou,Mean_Age_Score,36.42617177,-0.3821370602,"a,d"
Beijing,Mean_Age_Score,44.70027564,0.2599025071,"a,d"
Shanghai,Mean_Age_Score,42.10918784,0.06546743214,"a,d"
Beijing,Mean_Age_Score,42.3609328,0.002767835045,"a,d"
Shanghai,Mean_Age_Score,39.76468466,-0.6340820789,"a,d"
Shanghai,Mean_Age_Score,38.1375519,-0.4355184734,"a,d"
Guangzhou,Mean_Age_Score,37.1879584,-0.9685714841,"a,d"
Guangzhou,Mean_Age_Score,37.01765762,-0.6430732608,"a,d"
Beijing,Mean_Age_Score,39.94321976,-0.867467463,"a,d"
Wuhan,Mean_Age_Score,39.83719809,-0.858196795,"a,d"
Shanghai,Mean_Age_Score,42.10919021,0.0450020358,"a,d"
Beijing,Mean_Age_Score,41.53933375,-0.03764500841,"a,d"
Wuhan,Mean_Age_Score,35.70671632,-0.8331810832,"a,d"
Wuhan,Mean_Age_Score,43.01504268,0.3013786674,"a,d"
Wuhan,Mean_Age_Score,35.70672273,-0.7194841504,"a,d"
Guangzhou,Mean_Age_Score,37.18795931,-0.44708848,"a,d"
Wuhan,Mean_Age_Score,44.86029903,0.2216426879,"a,d"
Shanghai,Mean_Age_Score,38.137497,-0.5819942951,"a,d"
Guangzhou,Mean_Age_Score,37.18792111,-0.3771227598,"a,d"
Wuhan,Mean_Age_Score,35.70672392,-0.822652638,"a,d"
Shanghai,Mean_Age_Score,39.76477014,-0.4846673012,"a,d"
Shanghai,Mean_Age_Score,40.61183735,-0.4470904171,"a,d"
Wuhan,Mean_Age_Score,42.14827275,0.07098466903,"a,d"
Beijing,Mean_Age_Score,41.53931617,-0.07384218276,"a,d"
Wuhan,Mean_Age_Score,35.7067215,-0.9652426243,"a,d"
Shanghai,Mean_Age_Score,38.13753571,-0.6689174175,"a,d"
Shanghai,Mean_Age_Score,42.10916736,-0.1628938466,"a,d"
Wuhan,Mean_Age_Score,43.015042,0.3500643969,"a,d"
Shanghai,Mean_Age_Score,45.87431601,0.3008778095,"a,d"
Shanghai,Mean_Age_Score,42.1091849,-0.05407686532,"a,d"
Shanghai,Mean_Age_Score,42.10919225,0.09710821509,"a,d"
Shanghai,Mean_Age_Score,42.10918419,0.002291483106,"a,d"
Shanghai,Mean_Age_Score,42.10919531,0.02073806524,"a,d"
Beijing,Mean_Age_Score,38.95799979,-0.7420862913,"a,d"
Shanghai,Mean_Age_Score,40.61186335,-0.1239845008,"a,d"
Shanghai,Mean_Age_Score,40.61186714,0.435337007,"a,d"
Beijing,Mean_Age_Score,41.53933593,0.131241858,"a,d"
Shanghai,Mean_Age_Score,42.46807861,0.03002225049,"a,d"
Shanghai,Mean_Age_Score,42.10919492,0.0294791963,"a,d"
Shanghai,Mean_Age_Score,42.46807572,0.03059040383,"a,d"
Wuhan,Mean_Age_Score,36.50654246,-0.9470850229,"a,d"
Wuhan,Mean_Age_Score,43.01504153,0.2445074469,"a,d"
Shanghai,Mean_Age_Score,40.6118592,-0.2506631613,"a,d"
Beijing,Mean_Age_Score,41.53925721,-0.2807914019,"a,d"
Guangzhou,Mean_Age_Score,36.19438119,-0.4407543242,"a,d"
Shanghai,Mean_Age_Score,46.84756536,0.4001769125,"a,d"
Guangzhou,Mean_Age_Score,36.19441624,-0.8028865457,"a,d"
Wuhan,Mean_Age_Score,35.7067167,-0.8839086294,"a,d"
Shanghai,Mean_Age_Score,46.84757143,0.3476359844,"a,d"
Beijing,Mean_Age_Score,45.32824087,0.3401379287,"a,d"
Shanghai,Mean_Age_Score,39.76459735,-0.6182159781,"a,d"
Shanghai,Mean_Age_Score,42.1091966,0.08386108279,"a,d"
Guangzhou,Mean_Age_Score,36.54010767,-0.5332242846,"a,d"
Shanghai,Mean_Age_Score,42.10918266,-0.09572010487,"a,d"
Shanghai,Mean_Age_Score,45.87431663,0.3429233134,"a,d"
Shanghai,Mean_Age_Score,40.61186808,0.2688658237,"a,d"
Shanghai,Mean_Age_Score,40.290584,-0.6201984882,"a,d"
Beijing,Mean_Age_Score,45.55181857,0.3319293559,"a,d"
Wuhan,Mean_Age_Score,36.50653755,-0.5374462605,"a,d"
Guangzhou,Mean_Age_Score,35.85462093,-0.9191806912,"a,d"
Wuhan,Mean_Age_Score,42.14827404,-0.05612079427,"a,d"
Beijing,Mean_Age_Score,38.95799545,-0.4796259701,"a,d"
Shanghai,Mean_Age_Score,40.6118648,0.3715517223,"a,d"
Guangzhou,Mean_Age_Score,36.19442078,-0.1730553657,"a,d"
Shanghai,Mean_Age_Score,45.87431406,0.300559938,"a,d"
Shanghai,Mean_Age_Score,40.29059392,-0.5087376833,"a,d"
Shanghai,Mean_Age_Score,42.10917214,-0.1601365954,"a,d"
Shanghai,Mean_Age_Score,46.84756826,0.3318875134,"a,d"
Guangzhou,Mean_Age_Score,37.01767973,-0.6263384819,"a,d"
Guangzhou,Mean_Age_Score,37.1879285,-0.5865231752,"a,d"
Wuhan,Mean_Age_Score,44.86032243,0.4084796011,"a,d"
Wuhan,Mean_Age_Score,36.50644891,-0.4234507084,"a,d"
Guangzhou,Mean_Age_Score,43.17689066,0.2106407434,"a,d"
Guangzhou,Mean_Age_Score,36.19443999,-0.546457231,"a,d"
Shanghai,Mean_Age_Score,40.6118666,0.2333504856,"a,d"
Guangzhou,Mean_Age_Score,36.19439163,-0.3685565889,"a,d"
Shanghai,Mean_Age_Score,46.33151464,0.4567491114,"a,d"
Shanghai,Mean_Age_Score,47.32208691,0.5186992884,"a,d"
Guangzhou,Mean_Age_Score,36.19442606,-0.8774085641,"a,d"
Shanghai,Mean_Age_Score,42.10919503,0.009003577754,"a,d"
Guangzhou,Mean_Age_Score,41.21845948,0.2302723974,"a,d"
Wuhan,Mean_Age_Score,42.14827664,0.0994746685,"a,d"
Beijing,Mean_Age_Score,39.94321994,-0.7654110789,"a,d"
Shanghai,Mean_Age_Score,39.76474728,-0.6140010953,"a,d"
Wuhan,Mean_Age_Score,36.50640774,-0.2748070061,"a,d"
Shanghai,Mean_Age_Score,39.76475389,-0.334990561,"a,d"
Beijing,Mean_Age_Score,41.31623796,0.1763524115,"a,d"
Beijing,Mean_Age_Score,41.39544706,-0.01799646579,"a,d"
Guangzhou,Mean_Age_Score,36.1944257,-0.4949995875,"a,d"
Beijing,Mean_Age_Score,42.25743617,-0.01128951646,"a,d"
Beijing,Mean_Age_Score,43.93497848,0.2947809696,"a,d"
Shanghai,Mean_Age_Score,42.10917461,-0.179989025,"a,d"
Beijing,Mean_Age_Score,41.53932892,-0.1299597323,"a,d"
Guangzhou,Mean_Age_Score,36.19444498,-0.8171679974,"a,d"
Guangzhou,Mean_Age_Score,35.85462437,-0.744363606,"a,d"
Wuhan,Mean_Age_Score,42.14826693,0.04306404293,"a,d"
Shanghai,Mean_Age_Score,42.10911407,-0.1855058521,"a,d"
Shanghai,Mean_Age_Score,42.10907553,-0.2098221034,"a,d"
Wuhan,Mean_Age_Score,42.14826505,-0.02890197001,"a,d"
Guangzhou,Mean_Age_Score,36.41511846,-0.6575225592,"a,d"
Shanghai,Mean_Age_Score,47.3220871,0.8713541627,"a,d"
Shanghai,Mean_Age_Score,42.10918725,-0.05916685611,"a,d"
Wuhan,Mean_Age_Score,43.01504319,0.2507299781,"a,d"
Shanghai,Mean_Age_Score,43.94872826,0.2068471313,"a,d"
Shanghai,Mean_Age_Score,46.59108089,0.2330838591,"a,d"
Shanghai,Mean_Age_Score,42.46806695,0.07458138466,"a,d"
Shanghai,Mean_Age_Score,42.10918679,-0.01535918564,"a,d"
Shanghai,Mean_Age_Score,45.87431638,0.271749109,"a,d"
Shanghai,Mean_Age_Score,46.33150658,0.1599541903,"a,d"
Wuhan,Mean_Age_Score,39.83707613,-0.6029401422,"a,d"
Shanghai,Mean_Age_Score,42.46807228,0.04533206671,"a,d"
Shanghai,Mean_Age_Score,45.87431606,0.2788855135,"a,d"
Beijing,Mean_Age_Score,41.39545243,-0.1146107987,"a,d"
Shanghai,Mean_Age_Score,42.10918198,-0.1174574345,"a,d"
Shanghai,Mean_Age_Score,45.87431286,0.3258494735,"a,d"
Wuhan,Mean_Age_Score,43.01504539,0.5464129448,"a,d"
Shanghai,Mean_Age_Score,39.76475642,-0.3268593252,"a,d"
Shanghai,Mean_Age_Score,42.10919227,0.06019857526,"a,d"
Beijing,Mean_Age_Score,42.25743805,0.1035052538,"a,d"
Wuhan,Mean_Age_Score,42.88787268,0.1446792036,"a,d"
Shanghai,Mean_Age_Score,42.46807734,0.05323056504,"a,d"
Wuhan,Mean_Age_Score,35.70672268,-0.5165942907,"a,d"
Shanghai,Mean_Age_Score,40.61186794,0.2572102249,"a,d"
Shanghai,Mean_Age_Score,38.13753832,-0.6785709858,"a,d"
Wuhan,Mean_Age_Score,41.93632038,-0.1915381849,"a,d"
Beijing,Mean_Age_Score,44.55290375,0.295147121,"a,d"
Shanghai,Mean_Age_Score,47.32208141,0.272626102,"a,d"
Wuhan,Mean_Age_Score,36.50652302,-0.7603225112,"a,d"
Shanghai,Mean_Age_Score,42.46807067,-0.04102846235,"a,d"
Wuhan,Mean_Age_Score,41.96427828,-0.1821668446,"a,d"
Shanghai,Mean_Age_Score,39.76467374,-0.6552034616,"a,d"
Shanghai,Mean_Age_Score,42.10918972,0.159894228,"a,d"
Shanghai,Mean_Age_Score,39.76477092,-0.4774798751,"a,d"
Shanghai,Mean_Age_Score,40.61186629,0.3701300919,"a,d"
Shanghai,Mean_Age_Score,46.18714983,0.3617006838,"a,d"
Beijing,Mean_Age_Score,39.07336722,-0.5176368952,"a,d"
Shanghai,Mean_Age_Score,42.1091596,-0.329505831,"a,d"
Shanghai,Mean_Age_Score,40.61186247,-0.04122933373,"a,d"
Guangzhou,Mean_Age_Score,36.19444499,-0.5457029939,"a,d"
Shanghai,Mean_Age_Score,43.94872369,0.2652947009,"a,d"
Shanghai,Mean_Age_Score,42.10919065,0.07364051044,"a,d"
Shanghai,Mean_Age_Score,39.76472023,-0.526447475,"a,d"
Guangzhou,Mean_Age_Score,43.1768872,0.3494107127,"a,d"
Beijing,Mean_Age_Score,44.84837958,0.04914903268,"a,d"
Beijing,Mean_Age_Score,41.39535932,-0.04835240543,"a,d"
Shanghai,Mean_Age_Score,46.33150379,0.3730921447,"a,d"
Wuhan,Mean_Age_Score,42.14827775,0.1385759413,"a,d"
Shanghai,Mean_Age_Score,46.33150744,0.3154661357,"a,d"
Shanghai,Mean_Age_Score,42.1091871,-0.09883147478,"a,d"
Beijing,Mean_Age_Score,41.53933754,0.0241288431,"a,d"
Shanghai,Mean_Age_Score,42.10919368,0.0615253076,"a,d"
Shanghai,Mean_Age_Score,46.18714348,0.2242928892,"a,d"
Shanghai,Mean_Age_Score,38.13754647,-0.4428519607,"a,d"
Shanghai,Mean_Age_Score,40.61184051,-0.4328583181,"a,d"
Shanghai,Mean_Age_Score,42.46807492,-0.08723851293,"a,d"
Shanghai,Mean_Age_Score,42.10918807,-0.05795458704,"a,d"
Shanghai,Mean_Age_Score,42.10919436,0.08623296022,"a,d"
Beijing,Mean_Age_Score,41.53933384,-0.1832692474,"a,d"
Shanghai,Mean_Age_Score,42.10912751,-0.05387330055,"a,d"
Wuhan,Mean_Age_Score,43.01502123,0.1251451969,"a,d"
Shanghai,Mean_Age_Score,40.29059618,-0.9030299187,"a,d"
Wuhan,Mean_Age_Score,39.83719134,-0.6781144142,"a,d"
Shanghai,Mean_Age_Score,42.10919408,-0.02218683437,"a,d"
Guangzhou,Mean_Age_Score,36.19441978,-0.2750616968,"a,d"
Shanghai,Mean_Age_Score,40.57824482,-0.7208277583,"a,d"
Beijing,Mean_Age_Score,39.94321558,-0.8502042294,"a,d"
Shanghai,Mean_Age_Score,42.46807262,0.2168884575,"a,d"
Shanghai,Mean_Age_Score,38.13753153,-0.6086727977,"a,d"
Guangzhou,Mean_Age_Score,37.18795245,-0.6845036745,"a,d"
Shanghai,Mean_Age_Score,42.10916277,-0.1221035197,"a,d"
Shanghai,Mean_Age_Score,38.13755076,-0.5934855938,"a,d"
Shanghai,Mean_Age_Score,45.87431166,0.1146747246,"a,d"
Shanghai,Mean_Age_Score,42.10919433,0.0383871384,"a,d"
Shanghai,Mean_Age_Score,42.10915893,-0.166840151,"a,d"
Shanghai,Mean_Age_Score,42.10919098,0.0433982946,"a,d"
Guangzhou,Mean_Age_Score,41.21845232,0.06988855451,"a,d"
Shanghai,Mean_Age_Score,39.76473781,-0.9302877784,"a,d"
Shanghai,Mean_Age_Score,40.2905633,-0.6685416698,"a,d"
Shanghai,Mean_Age_Score,40.61185378,-0.2777982354,"a,d"
Shanghai,Mean_Age_Score,39.76475985,-0.4780271351,"a,d"
Beijing,Mean_Age_Score,38.95787532,-0.5699769855,"a,d"
Shanghai,Mean_Age_Score,45.87431665,0.3016561568,"a,d"
Wuhan,Mean_Age_Score,43.01503112,0.2728811502,"a,d"
Shanghai,Mean_Age_Score,42.4680699,0.000603784807,"a,d"
Guangzhou,Mean_Age_Score,35.85462019,-0.2691647112,"a,d"
Shanghai,Mean_Age_Score,42.10918462,-0.01312784106,"a,d"
Shanghai,Mean_Age_Score,38.13752825,-0.5812944174,"a,d"
Shanghai,Mean_Age_Score,40.61186513,0.1111001745,"a,d"
Shanghai,Mean_Age_Score,42.46804396,0.602918148,"a,d"
Wuhan,Mean_Age_Score,42.40066423,0.08863865584,"a,d"
Wuhan,Mean_Age_Score,41.19146743,0.2818031907,"a,d"
Guangzhou,Mean_Age_Score,41.21845747,0.3821329474,"a,d"
Shanghai,Mean_Age_Score,42.46807375,-0.001013785251,"a,d"
Shanghai,Mean_Age_Score,47.32208378,0.5225597024,"a,d"
Wuhan,Mean_Age_Score,36.50630731,-0.2974174619,"a,d"
Shanghai,Mean_Age_Score,46.18714886,0.2586400509,"a,d"
Shanghai,Mean_Age_Score,40.61184659,-0.3977176845,"a,d"
Beijing,Mean_Age_Score,42.25743595,-0.001555609982,"a,d"
Guangzhou,Mean_Age_Score,36.19440406,-0.3965325356,"a,d"
Wuhan,Mean_Age_Score,42.14826482,-0.0001958049834,"a,d"
Shanghai,Mean_Age_Score,40.2905815,-0.8651635647,"a,d"
Shanghai,Mean_Age_Score,42.46807658,0.01201185025,"a,d"
Shanghai,Mean_Age_Score,39.76473186,-0.5538518429,"a,d"
Shanghai,Mean_Age_Score,40.29058713,-0.6128600836,"a,d"
Shanghai,Mean_Age_Score,38.13754376,-0.7141361237,"a,d"
Shanghai,Mean_Age_Score,40.61184205,-0.4433666766,"a,d"
Shanghai,Mean_Age_Score,45.87431122,0.3339622021,"a,d"
Wuhan,Mean_Age_Score,35.70672029,-0.8127133846,"a,d"
Shanghai,Mean_Age_Score,40.61185963,-0.3290896416,"a,d"
Wuhan,Mean_Age_Score,40.84496613,0.3299136162,"a,d"
Shanghai,Mean_Age_Score,47.32208406,0.3745666742,"a,d"
Wuhan,Mean_Age_Score,39.83712985,-0.6154054403,"a,d"
Shanghai,Mean_Age_Score,42.10918752,-0.04969497025,"a,d"
Wuhan,Mean_Age_Score,43.01503204,0.144105792,"a,d"
Wuhan,Mean_Age_Score,42.40066965,0.02846232429,"a,d"
Wuhan,Mean_Age_Score,39.83720252,-0.7189505696,"a,d"
Beijing,Mean_Age_Score,39.07337739,-0.7288271785,"a,d"
Wuhan,Mean_Age_Score,41.93643762,-0.1407060474,"a,d"
Guangzhou,Mean_Age_Score,36.1943667,-0.4693460464,"a,d"
Shanghai,Mean_Age_Score,42.4680721,0.2068402469,"a,d"
Shanghai,Mean_Age_Score,46.18715326,0.1529651731,"a,d"
Wuhan,Mean_Age_Score,41.19147205,0.36625278,"a,d"
Guangzhou,Mean_Age_Score,36.19441924,-0.9472520947,"a,d"
Shanghai,Mean_Age_Score,42.46807464,-0.06050264835,"a,d"
Shanghai,Mean_Age_Score,46.33149406,0.3820420802,"a,d"
Wuhan,Mean_Age_Score,36.50653611,-0.5680699944,"a,d"
Beijing,Mean_Age_Score,41.53932556,-0.06914717704,"a,d"
Shanghai,Mean_Age_Score,46.33148996,0.09648024291,"a,d"
Guangzhou,Mean_Age_Score,37.01767731,-0.5854805708,"a,d"
Shanghai,Mean_Age_Score,47.32208076,0.4335975349,"a,d"
Shanghai,Mean_Age_Score,40.61186608,0.2679760456,"a,d"
Beijing,Mean_Age_Score,41.39530271,-0.2466616482,"a,d"
Shanghai,Mean_Age_Score,42.10919491,-0.08813855797,"a,d"
Beijing,Mean_Age_Score,38.95799654,-0.802918613,"a,d"
Shanghai,Mean_Age_Score,42.10919459,-0.1566108018,"a,d"
Shanghai,Mean_Age_Score,40.2905927,-0.5933243036,"a,d"
Wuhan,Mean_Age_Score,35.70672174,-0.6691291332,"a,d"
Shanghai,Mean_Age_Score,42.46807321,0.03037254512,"a,d"
Shanghai,Mean_Age_Score,38.13753434,-0.6291894317,"a,d"
Shanghai,Mean_Age_Score,38.13755124,-0.7379572392,"a,d"
Shanghai,Mean_Age_Score,40.61186677,0.3268742561,"a,d"
Shanghai,Mean_Age_Score,42.46806115,0.2161401957,"a,d"
Shanghai,Mean_Age_Score,40.61186908,0.2711036205,"a,d"
Wuhan,Mean_Age_Score,42.14824608,-0.04345528781,"a,d"
Shanghai,Mean_Age_Score,40.61186211,-0.1228095666,"a,d"
Beijing,Mean_Age_Score,44.70028248,0.2871826887,"a,d"
Beijing,Mean_Age_Score,42.2574105,0.03486089408,"a,d"
Shanghai,Mean_Age_Score,46.33151389,0.3262015879,"a,d"
Wuhan,Mean_Age_Score,35.70671261,-0.4293313622,"a,d"
Shanghai,Mean_Age_Score,40.611862,-0.2465836704,"a,d"
Wuhan,Mean_Age_Score,43.01502428,0.1851906478,"a,d"
Shanghai,Mean_Age_Score,42.10918406,-0.07722783089,"a,d"
Shanghai,Mean_Age_Score,42.10918942,0.03155155852,"a,d"
Shanghai,Mean_Age_Score,46.3315152,0.3544554412,"a,d"
Shanghai,Mean_Age_Score,42.10918706,0.01286125369,"a,d"
Shanghai,Mean_Age_Score,42.10918926,-0.03139954805,"a,d"
Wuhan,Mean_Age_Score,36.50654509,-0.7899173498,"a,d"
Shanghai,Mean_Age_Score,42.4680671,0.1322851181,"a,d"
Wuhan,Mean_Age_Score,39.83717618,-0.524237752,"a,d"
Shanghai,Mean_Age_Score,42.10919459,0.08512162417,"a,d"
Shanghai,Mean_Age_Score,46.18714389,0.03745314851,"a,d"
Shanghai,Mean_Age_Score,43.94872522,0.3557201624,"a,d"
Wuhan,Mean_Age_Score,36.50652467,-0.404491961,"a,d"
Beijing,Mean_Age_Score,38.95799856,-0.8234250546,"a,d"
Beijing,Mean_Age_Score,44.70028109,0.1539467126,"a,d"
Shanghai,Mean_Age_Score,40.61186639,0.3725476861,"a,d"
Shanghai,Mean_Age_Score,42.10919106,-0.0203010533,"a,d"
Wuhan,Mean_Age_Score,43.01503487,0.3582530916,"a,d"
Shanghai,Mean_Age_Score,42.46805566,0.4534959197,"a,d"
Beijing,Mean_Age_Score,42.36090065,-0.07081334293,"a,d"
Shanghai,Mean_Age_Score,46.42673389,0.232923314,"a,d"
Shanghai,Mean_Age_Score,42.10919305,0.03666960448,"a,d"
Wuhan,Mean_Age_Score,35.70672054,-0.4660854638,"a,d"
Shanghai,Mean_Age_Score,46.84756987,0.3208079338,"a,d"
Shanghai,Mean_Age_Score,42.46805899,0.3718858361,"a,d"
Shanghai,Mean_Age_Score,45.87431245,0.4143872559,"a,d"
Beijing,Mean_Age_Score,42.76337201,0.08533481508,"a,d"
Shanghai,Mean_Age_Score,38.13754491,-0.2624838948,"a,d"
Guangzhou,Mean_Age_Score,36.19442206,-0.4848568738,"a,d"
Wuhan,Mean_Age_Score,36.50653959,-0.9590247869,"a,d"
Guangzhou,Mean_Age_Score,36.19444673,-0.3682908714,"a,d"
Shanghai,Mean_Age_Score,38.13753942,-0.578396976,"a,d"
Wuhan,Mean_Age_Score,42.88787813,0.01558515429,"a,d"
Shanghai,Mean_Age_Score,46.18713613,0.1513677239,"a,d"
Shanghai,Mean_Age_Score,46.84756221,0.4243411124,"a,d"
Wuhan,Mean_Age_Score,40.84494395,0.0557140559,"a,d"
Wuhan,Mean_Age_Score,36.50653483,-0.8442592025,"a,d"
Shanghai,Mean_Age_Score,43.94872123,0.2555762827,"a,d"
Wuhan,Mean_Age_Score,36.50637074,-0.4509323239,"a,d"
Shanghai,Mean_Age_Score,42.46807884,0.01472302433,"a,d"
Guangzhou,Mean_Age_Score,36.1944374,-0.3404494226,"a,d"
Shanghai,Mean_Age_Score,42.46807599,0.04125676677,"a,d"
Guangzhou,Mean_Age_Score,36.41511854,-0.8115931749,"a,d"
Guangzhou,Mean_Age_Score,35.85462347,-0.5404552221,"a,d"
Shanghai,Mean_Age_Score,42.10919027,0.07582130283,"a,d"
Guangzhou,Mean_Age_Score,41.21845879,0.3385262787,"a,d"
Shanghai,Mean_Age_Score,40.61186853,0.2762127519,"a,d"
Shanghai,Mean_Age_Score,38.13750988,-0.5823809505,"a,d"
Wuhan,Mean_Age_Score,43.01499828,0.07074663788,"a,d"
Shanghai,Mean_Age_Score,38.13755063,-0.6021435261,"a,d"
Shanghai,Mean_Age_Score,40.57824843,-0.3155251443,"a,d"
Shanghai,Mean_Age_Score,42.46807163,0.07289915532,"a,d"
Shanghai,Mean_Age_Score,39.76445097,-0.1593386531,"a,d"
Shanghai,Mean_Age_Score,42.46807831,0.03741086647,"a,d"
Shanghai,Mean_Age_Score,42.10918845,-0.05424160138,"a,d"
Shanghai,Mean_Age_Score,39.76471768,-0.6099649072,"a,d"
Wuhan,Mean_Age_Score,43.0150458,0.3107482791,"a,d"
Wuhan,Mean_Age_Score,35.70672111,-1.024392009,"a,d"
Wuhan,Mean_Age_Score,39.83719244,-0.5852248073,"a,d"
Shanghai,Mean_Age_Score,39.76476623,-0.7679076791,"a,d"
Shanghai,Mean_Age_Score,47.32208364,0.4600947201,"a,d"
Shanghai,Mean_Age_Score,42.4680616,0.09583241493,"a,d"
Guangzhou,Mean_Age_Score,41.21845131,0.2749085724,"a,d"
Shanghai,Mean_Age_Score,42.10918233,-0.1133829057,"a,d"
Shanghai,Mean_Age_Score,40.61186308,-0.03495931998,"a,d"
Wuhan,Mean_Age_Score,43.01504057,0.4108405411,"a,d"
Shanghai,Mean_Age_Score,40.29058881,-0.698892951,"a,d"
Wuhan,Mean_Age_Score,36.50654594,-0.8138440251,"a,d"
Shanghai,Mean_Age_Score,39.7647329,-0.5738276243,"a,d"
Shanghai,Mean_Age_Score,42.10919451,0.01069019735,"a,d"
Shanghai,Mean_Age_Score,42.10914586,-0.1622128934,"a,d"
Wuhan,Mean_Age_Score,41.93637671,-0.1416707635,"a,d"
Beijing,Mean_Age_Score,39.94321714,-1.011486411,"a,d"
Beijing,Mean_Age_Score,42.25740405,-0.04059937224,"a,d"
Shanghai,Mean_Age_Score,46.59108201,0.2597135901,"a,d"
Shanghai,Mean_Age_Score,38.13755036,-0.6675583124,"a,d"
Shanghai,Mean_Age_Score,39.76476507,-0.4955417216,"a,d"
Shanghai,Mean_Age_Score,45.87431694,0.2867860496,"a,d"
Shanghai,Mean_Age_Score,42.10918175,-0.1138179749,"a,d"
Shanghai,Mean_Age_Score,46.84756803,0.4279834628,"a,d"
Shanghai,Mean_Age_Score,46.33150044,0.5328874588,"a,d"
Shanghai,Mean_Age_Score,46.59108602,0.3656930327,"a,d"
Shanghai,Mean_Age_Score,42.46805131,0.4388543665,"a,d"
Shanghai,Mean_Age_Score,47.32207629,0.3980406523,"a,d"
Guangzhou,Mean_Age_Score,36.19440307,-0.3949770629,"a,d"
Shanghai,Mean_Age_Score,40.61184898,-0.4145647585,"a,d"
Shanghai,Mean_Age_Score,38.13754627,-0.9308056235,"a,d"
Shanghai,Mean_Age_Score,40.29059662,-0.6726517081,"a,d"
Guangzhou,Mean_Age_Score,36.1944455,-0.7365465164,"a,d"
Shanghai,Mean_Age_Score,47.32208166,0.3502219915,"a,d"
Shanghai,Mean_Age_Score,46.18715287,0.3731870651,"a,d"
Shanghai,Mean_Age_Score,42.10919106,0.02154834941,"a,d"
Shanghai,Mean_Age_Score,39.76472055,-0.61871171,"a,d"
Beijing,Mean_Age_Score,39.94321509,-0.7600573897,"a,d"
Shanghai,Mean_Age_Score,42.46807578,0.04499620199,"a,d"
Guangzhou,Mean_Age_Score,36.19444033,-0.3826327026,"a,d"
Shanghai,Mean_Age_Score,46.18715213,0.4184362888,"a,d"
Shanghai,Mean_Age_Score,40.57823773,-0.5633281469,"a,d"
Wuhan,Mean_Age_Score,36.5065387,-0.5457484126,"a,d"
Shanghai,Mean_Age_Score,42.4680737,0.03730596229,"a,d"
Guangzhou,Mean_Age_Score,36.19441818,-0.5085545778,"a,d"
Beijing,Mean_Age_Score,39.94322133,-0.8550131321,"a,d"
Shanghai,Mean_Age_Score,46.59108453,0.3588525653,"a,d"
Shanghai,Mean_Age_Score,40.61185653,-0.2275313735,"a,d"
Beijing,Mean_Age_Score,41.53933605,-0.05497318879,"a,d"
Shanghai,Mean_Age_Score,40.61186092,-0.03694943711,"a,d"
Beijing,Mean_Age_Score,42.25744097,-0.02706123143,"a,d"
Shanghai,Mean_Age_Score,38.1375386,-0.4293066263,"a,d"
Shanghai,Mean_Age_Score,46.84757008,0.3748626113,"a,d"
Guangzhou,Mean_Age_Score,35.85461906,-0.6760279536,"a,d"
Wuhan,Mean_Age_Score,36.50635624,-0.3432734013,"a,d"
Shanghai,Mean_Age_Score,43.94871832,0.05104679242,"a,d"
Shanghai,Mean_Age_Score,40.61184824,-0.3834224343,"a,d"
Wuhan,Mean_Age_Score,42.14827736,0.1338078231,"a,d"
Wuhan,Mean_Age_Score,42.14823649,-0.0527462326,"a,d"
Wuhan,Mean_Age_Score,42.14823609,-0.006110182032,"a,d"
Shanghai,Mean_Age_Score,42.10914456,-0.3240107894,"a,d"
Wuhan,Mean_Age_Score,42.40066517,0.09410504997,"a,d"
Beijing,Mean_Age_Score,42.80443223,0.09086032957,"a,d"
Wuhan,Mean_Age_Score,35.70672054,-0.7240966558,"a,d"
Guangzhou,Mean_Age_Score,37.01758782,-0.543671906,"a,d"
Shanghai,Mean_Age_Score,40.57824797,-0.435433358,"a,d"
Beijing,Mean_Age_Score,38.9579785,-0.6331068873,"a,d"
Shanghai,Mean_Age_Score,40.2905859,-0.6786000729,"a,d"
Wuhan,Mean_Age_Score,42.14827688,0.09353218973,"a,d"
Wuhan,Mean_Age_Score,35.70672334,-0.8929907084,"a,d"
Wuhan,Mean_Age_Score,35.70671828,-0.9427368641,"a,d"
Shanghai,Mean_Age_Score,42.10918503,-0.02549756691,"a,d"
Shanghai,Mean_Age_Score,42.46807788,0.06557813287,"a,d"
Shanghai,Mean_Age_Score,46.18715292,0.3342444301,"a,d"
Shanghai,Mean_Age_Score,46.18715121,0.2976494133,"a,d"
Guangzhou,Mean_Age_Score,36.19444583,-0.4340672195,"a,d"
Shanghai,Mean_Age_Score,42.10918939,-0.006961103529,"a,d"
Guangzhou,Mean_Age_Score,37.07246662,-0.3272188902,"a,d"
Guangzhou,Mean_Age_Score,36.19444602,-0.4740669429,"a,d"
Wuhan,Mean_Age_Score,44.86031965,0.4537273645,"a,d"
Shanghai,Mean_Age_Score,40.6118647,0.2549858689,"a,d"
Shanghai,Mean_Age_Score,46.84755937,0.3558626175,"a,d"
Beijing,Mean_Age_Score,44.84838164,0.09526529163,"a,d"
Shanghai,Mean_Age_Score,46.18715248,0.3757742047,"a,d"
Shanghai,Mean_Age_Score,42.10919293,0.07515624166,"a,d"
Wuhan,Mean_Age_Score,41.93644872,-0.1171325594,"a,d"
Wuhan,Mean_Age_Score,41.93642769,-0.1840982139,"a,d"
Guangzhou,Mean_Age_Score,41.21845971,0.2047833055,"a,d"
Wuhan,Mean_Age_Score,36.5065045,-0.1885308027,"a,d"
Wuhan,Mean_Age_Score,41.19146512,0.2087303102,"a,d"
Wuhan,Mean_Age_Score,40.42733394,-0.2704839706,"a,d"
Shanghai,Mean_Age_Score,40.61186886,0.3151541352,"a,d"
Shanghai,Mean_Age_Score,42.10911599,-0.1771055609,"a,d"
Beijing,Mean_Age_Score,41.53932957,-0.131058827,"a,d"
Beijing,Mean_Age_Score,39.07335128,-0.5150386095,"a,d"
Shanghai,Mean_Age_Score,40.61185964,-0.1965180486,"a,d"
Shanghai,Mean_Age_Score,45.87431032,0.3058420718,"a,d"
Wuhan,Mean_Age_Score,36.50653762,-0.5902528763,"a,d"
Shanghai,Mean_Age_Score,38.13753802,-0.4949871302,"a,d"
Beijing,Mean_Age_Score,39.94321819,-0.6947165728,"a,d"
Beijing,Mean_Age_Score,45.32824281,0.2336284965,"a,d"
Beijing,Mean_Age_Score,42.25743706,0.09289097041,"a,d"
Shanghai,Mean_Age_Score,47.32208372,0.6502552629,"a,d"
Shanghai,Mean_Age_Score,42.10919071,0.008178018034,"a,d"
Shanghai,Mean_Age_Score,42.10919549,0.09491829574,"a,d"
Shanghai,Mean_Age_Score,38.13753486,-0.5831381679,"a,d"
Wuhan,Mean_Age_Score,41.93644337,-0.09146081656,"a,d"
Shanghai,Mean_Age_Score,40.61186789,0.4055541456,"a,d"
Shanghai,Mean_Age_Score,45.87431549,0.3141185045,"a,d"
Shanghai,Mean_Age_Score,40.61185711,-0.390130192,"a,d"
Wuhan,Mean_Age_Score,43.01503884,0.1088533178,"a,d"
Shanghai,Mean_Age_Score,38.13754435,-0.8055101633,"a,d"
Shanghai,Mean_Age_Score,42.10916158,-0.06459325552,"a,d"
Shanghai,Mean_Age_Score,40.61186659,0.2362815887,"a,d"
Wuhan,Mean_Age_Score,44.86031399,0.2435313165,"a,d"
Shanghai,Mean_Age_Score,40.61184848,-0.2926273346,"a,d"
Wuhan,Mean_Age_Score,36.5064724,-0.3898135126,"a,d"
Shanghai,Mean_Age_Score,40.61186575,0.4264441133,"a,d"
Shanghai,Mean_Age_Score,42.10915889,-0.1833831519,"a,d"
Shanghai,Mean_Age_Score,46.1871303,0.1472875774,"a,d"
Shanghai,Mean_Age_Score,46.33150953,0.3315158784,"a,d"
Shanghai,Mean_Age_Score,42.10907442,-0.1994206756,"a,d"
Beijing,Mean_Age_Score,39.07336834,-0.5439123511,"a,d"
Shanghai,Mean_Age_Score,45.87431461,0.3329664469,"a,d"
Shanghai,Mean_Age_Score,40.61186515,0.3451482058,"a,d"
Guangzhou,Mean_Age_Score,36.19441475,-0.3021655679,"a,d"
Shanghai,Mean_Age_Score,42.46807578,0.2263097912,"a,d"
Shanghai,Mean_Age_Score,46.18714475,0.1891300678,"a,d"
Beijing,Mean_Age_Score,38.9579976,-0.8571277261,"a,d"
Beijing,Mean_Age_Score,41.39521522,-0.2569952309,"a,d"
Guangzhou,Mean_Age_Score,37.18776522,-0.492302984,"a,d"
Wuhan,Mean_Age_Score,36.50635816,-0.3586881161,"a,d"
Guangzhou,Mean_Age_Score,41.21841777,0.07368084043,"a,d"
Shanghai,Mean_Age_Score,40.61185096,-0.483956635,"a,d"
Shanghai,Mean_Age_Score,40.29059106,-0.7919531465,"a,d"
Guangzhou,Mean_Age_Score,36.41511613,-0.7646355033,"a,d"
Guangzhou,Mean_Age_Score,37.18790026,-0.5126559138,"a,d"
Shanghai,Mean_Age_Score,38.13754205,-0.6446964741,"a,d"
Shanghai,Mean_Age_Score,38.13750361,-0.5712983012,"a,d"
Shanghai,Mean_Age_Score,40.29059161,-0.480802387,"a,d"
Guangzhou,Mean_Age_Score,36.19443466,-0.6037550569,"a,d"
Shanghai,Mean_Age_Score,40.61186406,-0.04377322644,"a,d"
Beijing,Mean_Age_Score,42.25743986,0.03244149312,"a,d"
Shanghai,Mean_Age_Score,42.10918671,-0.0067333607,"a,d"
Shanghai,Mean_Age_Score,42.10911788,-0.1902341992,"a,d"
Shanghai,Mean_Age_Score,42.10919065,0.05899399891,"a,d"
Beijing,Mean_Age_Score,38.95799016,-0.5261963606,"a,d"
Shanghai,Mean_Age_Score,42.4680651,0.3042922914,"a,d"
Shanghai,Mean_Age_Score,45.87431635,0.3060611188,"a,d"
Shanghai,Mean_Age_Score,40.61186764,0.3155947328,"a,d"
Shanghai,Mean_Age_Score,42.10918988,0.05765870959,"a,d"
Shanghai,Mean_Age_Score,39.76475463,-0.8023167849,"a,d"
Shanghai,Mean_Age_Score,46.33150625,0.498329103,"a,d"
Guangzhou,Mean_Age_Score,36.19439535,-0.3817003965,"a,d"
Shanghai,Mean_Age_Score,40.29058865,-0.4806832969,"a,d"
Wuhan,Mean_Age_Score,42.14827515,0.01879392937,"a,d"
Wuhan,Mean_Age_Score,44.86028013,0.1877353042,"a,d"
Shanghai,Mean_Age_Score,43.94871645,0.277500689,"a,d"
Shanghai,Mean_Age_Score,40.61186434,0.2747083008,"a,d"
Beijing,Mean_Age_Score,41.53933809,0.08979023993,"a,d"
Shanghai,Mean_Age_Score,40.29059147,-0.7278921008,"a,d"
Wuhan,Mean_Age_Score,36.50653335,-0.4629223943,"a,d"
Shanghai,Mean_Age_Score,42.10918191,-0.008039361797,"a,d"
Shanghai,Mean_Age_Score,40.29057699,-0.7110040188,"a,d"
Shanghai,Mean_Age_Score,42.4680792,0.0147709921,"a,d"
Guangzhou,Mean_Age_Score,36.19444305,0.049472332,"a,d"
Wuhan,Mean_Age_Score,39.83718498,-0.6863835454,"a,d"
Shanghai,Mean_Age_Score,42.1091924,-0.1288841665,"a,d"
Guangzhou,Mean_Age_Score,37.18790457,-0.57351017,"a,d"
Wuhan,Mean_Age_Score,42.14827145,-0.001846221276,"a,d"
Shanghai,Mean_Age_Score,42.10919075,0.01739076525,"a,d"
Guangzhou,Mean_Age_Score,41.21845815,0.2097622305,"a,d"
Shanghai,Mean_Age_Score,46.84756737,0.5725467801,"a,d"
Guangzhou,Mean_Age_Score,41.21845714,0.3557544649,"a,d"
Guangzhou,Mean_Age_Score,37.01768337,-0.9051033258,"a,d"
Wuhan,Mean_Age_Score,35.7067217,-0.8092882633,"a,d"
Wuhan,Mean_Age_Score,42.1482681,-0.07794496417,"a,d"
Wuhan,Mean_Age_Score,44.8603241,0.1842360646,"a,d"
Shanghai,Mean_Age_Score,40.61184241,-0.3922681212,"a,d"
Guangzhou,Mean_Age_Score,36.19438939,-0.4648875594,"a,d"
Shanghai,Mean_Age_Score,39.7647664,-0.464312315,"a,d"
Wuhan,Mean_Age_Score,42.14827333,0.04820331559,"a,d"
Beijing,Mean_Age_Score,39.07333776,-0.5004029274,"a,d"
Shanghai,Mean_Age_Score,42.46807053,0.06096659601,"a,d"
Shanghai,Mean_Age_Score,46.42673815,0.267460227,"a,d"
Shanghai,Mean_Age_Score,42.10918617,-0.08268926293,"a,d"
Guangzhou,Mean_Age_Score,36.54019965,-0.7751976848,"a,d"
Shanghai,Mean_Age_Score,42.10913169,-0.2189689428,"a,d"
Shanghai,Mean_Age_Score,40.61186646,0.297644943,"a,d"
Shanghai,Mean_Age_Score,40.61185141,-0.2916765809,"a,d"
Shanghai,Mean_Age_Score,40.61186718,0.3561072946,"a,d"
Shanghai,Mean_Age_Score,43.94872301,0.2476702034,"a,d"
Shanghai,Mean_Age_Score,40.61184763,-0.3190270364,"a,d"
Guangzhou,Mean_Age_Score,37.01763007,-0.6633823514,"a,d"
Wuhan,Mean_Age_Score,40.84495183,0.1402003914,"a,d"
Shanghai,Mean_Age_Score,46.59108524,0.2159110904,"a,d"
Wuhan,Mean_Age_Score,35.70672073,-0.5694967508,"a,d"
Shanghai,Mean_Age_Score,39.76474194,-0.5485252142,"a,d"
Wuhan,Mean_Age_Score,35.7067128,-0.5603944659,"a,d"
Wuhan,Mean_Age_Score,41.93619645,-0.154105708,"a,d"
Wuhan,Mean_Age_Score,39.8371948,-0.9462429285,"a,d"
Shanghai,Mean_Age_Score,46.18715377,0.3259340525,"a,d"
Shanghai,Mean_Age_Score,40.61186901,0.3034295142,"a,d"
Shanghai,Mean_Age_Score,46.59106633,0.4317592084,"a,d"
Shanghai,Mean_Age_Score,38.13752765,-0.6209336519,"a,d"
Shanghai,Mean_Age_Score,40.61186435,0.3075706363,"a,d"
Shanghai,Mean_Age_Score,39.76474639,-0.6422522664,"a,d"
Beijing,Mean_Age_Score,39.94322201,-0.7985275388,"a,d"
Wuhan,Mean_Age_Score,43.0150433,0.3078026772,"a,d"
Shanghai,Mean_Age_Score,42.46807046,0.003402841976,"a,d"
Shanghai,Mean_Age_Score,38.13754867,-0.4624055028,"a,d"
Guangzhou,Mean_Age_Score,37.18779351,-0.5903199315,"a,d"
Beijing,Mean_Age_Score,42.36093097,-0.0164998956,"a,d"
Shanghai,Mean_Age_Score,40.57801995,-0.3237789273,"a,d"
Shanghai,Mean_Age_Score,40.61185869,-0.2735122442,"a,d"
Beijing,Mean_Age_Score,45.55181523,0.1628581136,"a,d"
Shanghai,Mean_Age_Score,42.10919033,0.05150958523,"a,d"
Beijing,Mean_Age_Score,45.32824202,0.3368480504,"a,d"
Shanghai,Mean_Age_Score,42.46807453,-0.002593806712,"a,d"
Shanghai,Mean_Age_Score,46.84756217,0.3873356879,"a,d"
Guangzhou,Mean_Age_Score,36.19441879,-0.3617719412,"a,d"
Shanghai,Mean_Age_Score,38.13753893,-0.8389464617,"a,d"
Shanghai,Mean_Age_Score,42.10916643,-0.1114275008,"a,d"
Wuhan,Mean_Age_Score,42.14826903,0.02458018996,"a,d"
Shanghai,Mean_Age_Score,46.42674355,0.253797859,"a,d"
Shanghai,Mean_Age_Score,42.10918888,-0.03308042884,"a,d"
Beijing,Mean_Age_Score,42.25744236,-0.09661170095,"a,d"
Beijing,Mean_Age_Score,41.39545565,-0.007223587018,"a,d"
Shanghai,Mean_Age_Score,42.10919421,0.1046172604,"a,d"
Wuhan,Mean_Age_Score,40.84494395,0.2632582784,"a,d"
Shanghai,Mean_Age_Score,38.13753937,-0.5688927174,"a,d"
Shanghai,Mean_Age_Score,42.46807681,0.02387424745,"a,d"
Wuhan,Mean_Age_Score,36.50654528,-0.5986860991,"a,d"
Shanghai,Mean_Age_Score,40.61186755,0.6228494644,"a,d"
Guangzhou,Mean_Age_Score,37.18788938,-0.3991679549,"a,d"
Guangzhou,Mean_Age_Score,37.18795182,-0.4749042988,"a,d"
Shanghai,Mean_Age_Score,40.29058266,-0.6005060077,"a,d"
Guangzhou,Mean_Age_Score,36.42616772,-0.6853308082,"a,d"
Shanghai,Mean_Age_Score,40.57825186,-0.2912745476,"a,d"
Shanghai,Mean_Age_Score,40.61183921,-0.4181667566,"a,d"
Guangzhou,Mean_Age_Score,37.01770417,-0.9013748765,"a,d"
Shanghai,Mean_Age_Score,42.10919478,0.002742985962,"a,d"
Wuhan,Mean_Age_Score,39.83720143,-0.9744788408,"a,d"
Beijing,Mean_Age_Score,41.53933469,-0.03381229565,"a,d"
Wuhan,Mean_Age_Score,35.70671612,-1.041335583,"a,d"
Shanghai,Mean_Age_Score,38.13751871,-0.814026475,"a,d"
Wuhan,Mean_Age_Score,42.88786488,-0.01933059283,"a,d"
Shanghai,Mean_Age_Score,40.61184512,-0.4187492132,"a,d"
Shanghai,Mean_Age_Score,38.13754195,-0.8684182763,"a,d"
Shanghai,Mean_Age_Score,38.13751716,-0.54725492,"a,d"
Beijing,Mean_Age_Score,42.2574418,0.04116859287,"a,d"
Shanghai,Mean_Age_Score,45.87429184,0.1326399893,"a,d"
Shanghai,Mean_Age_Score,42.10914094,-0.1566970795,"a,d"
Shanghai,Mean_Age_Score,42.1091846,-0.06152943522,"a,d"
Shanghai,Mean_Age_Score,46.59107447,0.3524847329,"a,d"
Shanghai,Mean_Age_Score,42.46807666,-4.803936463e-05,"a,d"
Shanghai,Mean_Age_Score,38.13752107,-0.5832942724,"a,d"
Guangzhou,Mean_Age_Score,37.01765272,-0.541148901,"a,d"
Shanghai,Mean_Age_Score,42.46807487,0.1564059407,"a,d"
Shanghai,Mean_Age_Score,42.46807553,0.07260016352,"a,d"
Guangzhou,Mean_Age_Score,36.19437208,-0.4637762308,"a,d"
Shanghai,Mean_Age_Score,46.5910773,0.4067938924,"a,d"
Shanghai,Mean_Age_Score,39.76468465,-0.6420206428,"a,d"
Shanghai,Mean_Age_Score,42.10915679,-0.06401377171,"a,d"
Wuhan,Mean_Age_Score,42.14827713,0.1398984194,"a,d"
Shanghai,Mean_Age_Score,42.10918623,-0.01227331813,"a,d"
Shanghai,Mean_Age_Score,38.13753774,-0.72659868,"a,d"
Wuhan,Mean_Age_Score,43.01503928,0.237798512,"a,d"
Guangzhou,Mean_Age_Score,36.19443892,-0.323348105,"a,d"
Wuhan,Mean_Age_Score,39.83717671,-0.6207333803,"a,d"
Shanghai,Mean_Age_Score,47.3220831,0.4334835708,"a,d"
Shanghai,Mean_Age_Score,39.76475389,-0.167547822,"a,d"
Wuhan,Mean_Age_Score,41.93633927,-0.2377650142,"a,d"
Guangzhou,Mean_Age_Score,36.19442404,-0.5116317272,"a,d"
Guangzhou,Mean_Age_Score,36.19444358,-0.659064889,"a,d"
Shanghai,Mean_Age_Score,40.57824815,-0.2582825124,"a,d"
Beijing,Mean_Age_Score,41.39517372,0.01468651555,"a,d"
Beijing,Mean_Age_Score,42.25743589,-0.03024506755,"a,d"
Shanghai,Mean_Age_Score,47.32208561,0.6400640011,"a,d"
Wuhan,Mean_Age_Score,41.93644836,-0.08148106933,"a,d"
Guangzhou,Mean_Age_Score,36.19441572,-0.4781662524,"a,d"
Shanghai,Mean_Age_Score,42.10917241,-0.04108520597,"a,d"
Shanghai,Mean_Age_Score,40.61186846,0.2851491868,"a,d"
Shanghai,Mean_Age_Score,42.46807525,0.004080147482,"a,d"
Beijing,Mean_Age_Score,41.53933828,0.07796563208,"a,d"
Shanghai,Mean_Age_Score,46.33151488,0.07693527639,"a,d"
Wuhan,Mean_Age_Score,41.96441678,-0.04307426885,"a,d"
Beijing,Mean_Age_Score,41.53933475,0.02134440839,"a,d"
Beijing,Mean_Age_Score,38.95793747,-0.3926979303,"a,d"
Shanghai,Mean_Age_Score,42.10918764,-0.007662361022,"a,d"
Shanghai,Mean_Age_Score,38.13751917,-0.5912171006,"a,d"
Beijing,Mean_Age_Score,41.39525146,-0.2462274432,"a,d"
Beijing,Mean_Age_Score,41.5393367,-0.03524019569,"a,d"
Beijing,Mean_Age_Score,42.25743937,0.06499435008,"a,d"
Shanghai,Mean_Age_Score,40.61186765,0.2798414826,"a,d"
Shanghai,Mean_Age_Score,40.29058573,-0.7050328851,"a,d"
Beijing,Mean_Age_Score,41.31622199,0.04996567965,"a,d"
Guangzhou,Mean_Age_Score,36.1944306,-1.014568925,"a,d"
Wuhan,Mean_Age_Score,41.93641397,-0.2216347158,"a,d"
Shanghai,Mean_Age_Score,42.46805749,0.2634041011,"a,d"
Shanghai,Mean_Age_Score,39.76474505,-0.3402161002,"a,d"
Guangzhou,Mean_Age_Score,37.017653,-0.6326975226,"a,d"
Beijing,Mean_Age_Score,42.25744183,0.01162038743,"a,d"
Shanghai,Mean_Age_Score,40.6118544,-0.172805205,"a,d"
Shanghai,Mean_Age_Score,42.46807639,-0.07639993727,"a,d"
Shanghai,Mean_Age_Score,42.46805479,0.5160991549,"a,d"
Shanghai,Mean_Age_Score,39.76473816,-0.3779938817,"a,d"
Shanghai,Mean_Age_Score,40.61186728,0.3158311844,"a,d"
Wuhan,Mean_Age_Score,35.70672288,-1.126726151,"a,d"
Beijing,Mean_Age_Score,42.25743226,0.0226723887,"a,d"
Shanghai,Mean_Age_Score,40.61186493,0.4500006437,"a,d"
Shanghai,Mean_Age_Score,42.46807232,0.04029279947,"a,d"
Shanghai,Mean_Age_Score,38.13754531,-0.6266280413,"a,d"
Wuhan,Mean_Age_Score,35.70671851,-1.084825635,"a,d"
Shanghai,Mean_Age_Score,42.4680789,0.0338074863,"a,d"
Guangzhou,Mean_Age_Score,36.19442995,-0.4758985937,"a,d"
Guangzhou,Mean_Age_Score,41.21844018,0.06540752202,"a,d"
Guangzhou,Mean_Age_Score,41.21845569,0.4004552066,"a,d"
Wuhan,Mean_Age_Score,41.936327,-0.2285141349,"a,d"
Shanghai,Mean_Age_Score,43.9487253,0.1608761996,"a,d"
Guangzhou,Mean_Age_Score,37.18796206,-1.047724009,"a,d"
Wuhan,Mean_Age_Score,43.01504128,0.1329465359,"a,d"
Shanghai,Mean_Age_Score,40.61186327,-0.09341917932,"a,d"
Wuhan,Mean_Age_Score,41.96427089,-0.2147728503,"a,d"
Wuhan,Mean_Age_Score,36.50654547,-0.606363833,"a,d"
Beijing,Mean_Age_Score,41.53933768,-0.1237433776,"a,d"
Shanghai,Mean_Age_Score,42.10918763,0.03288840875,"a,d"
Guangzhou,Mean_Age_Score,37.01770733,-0.8879058957,"a,d"
Guangzhou,Mean_Age_Score,36.1944262,-0.3189950585,"a,d"
Wuhan,Mean_Age_Score,39.83718335,-0.5918473005,"a,d"
Shanghai,Mean_Age_Score,46.33151359,0.3354805708,"a,d"
Beijing,Mean_Age_Score,42.25742988,-0.0896781534,"a,d"
Wuhan,Mean_Age_Score,43.01504729,0.3826209605,"a,d"
Shanghai,Mean_Age_Score,40.6118633,0.04686826468,"a,d"
Shanghai,Mean_Age_Score,38.13753904,-0.5721637011,"a,d"
Shanghai,Mean_Age_Score,42.46807783,0.0608920753,"a,d"
Shanghai,Mean_Age_Score,40.29058778,-0.674305439,"a,d"
Shanghai,Mean_Age_Score,38.13753141,-0.5529270172,"a,d"
Beijing,Mean_Age_Score,39.94321159,-0.6203407645,"a,d"
Shanghai,Mean_Age_Score,40.29058663,-0.5727968812,"a,d"
Shanghai,Mean_Age_Score,46.59107783,0.585560441,"a,d"
Shanghai,Mean_Age_Score,38.13751543,-0.633547008,"a,d"
Wuhan,Mean_Age_Score,36.50654377,-0.5635536313,"a,d"
Beijing,Mean_Age_Score,38.95791837,-0.6023548245,"a,d"
Wuhan,Mean_Age_Score,35.70672277,-0.4777689874,"a,d"
Wuhan,Mean_Age_Score,42.14826806,-0.1807028502,"a,d"
Shanghai,Mean_Age_Score,42.10918856,-0.05250334367,"a,d"
Wuhan,Mean_Age_Score,41.93642947,-0.07236927003,"a,d"
Shanghai,Mean_Age_Score,46.18714604,0.33658427,"a,d"
Shanghai,Mean_Age_Score,40.61185465,-0.2265529335,"a,d"
Shanghai,Mean_Age_Score,46.8475659,0.4125207067,"a,d"
Wuhan,Mean_Age_Score,42.1482756,0.1323474497,"a,d"
Shanghai,Mean_Age_Score,42.10918573,-0.004937112797,"a,d"
Shanghai,Mean_Age_Score,45.87431624,0.3385157883,"a,d"
Beijing,Mean_Age_Score,38.95800258,-0.8798059225,"a,d"
Shanghai,Mean_Age_Score,42.46807484,0.01449723355,"a,d"
Shanghai,Mean_Age_Score,40.61186581,0.1972624063,"a,d"
Guangzhou,Mean_Age_Score,35.8546236,-0.6646732688,"a,d"
Shanghai,Mean_Age_Score,46.59108538,0.3495084047,"a,d"
Shanghai,Mean_Age_Score,42.10919156,0.07754555345,"a,d"
Shanghai,Mean_Age_Score,38.13748676,-0.3866151273,"a,d"
Shanghai,Mean_Age_Score,42.10918628,-0.06280204654,"a,d"
Shanghai,Mean_Age_Score,47.32208535,0.4020621181,"a,d"
Shanghai,Mean_Age_Score,46.18715025,0.3057726324,"a,d"
Shanghai,Mean_Age_Score,46.18715129,0.3939644396,"a,d"
Wuhan,Mean_Age_Score,43.0150456,0.5479471087,"a,d"
Shanghai,Mean_Age_Score,46.33151539,0.5403862,"a,d"
Shanghai,Mean_Age_Score,40.29055916,-0.6265848875,"a,d"
Shanghai,Mean_Age_Score,38.13753913,-0.5552201271,"a,d"
Shanghai,Mean_Age_Score,42.10919426,0.06940676272,"a,d"
Shanghai,Mean_Age_Score,42.468071,0.07761637121,"a,d"
Shanghai,Mean_Age_Score,40.61186797,0.3001842499,"a,d"
Shanghai,Mean_Age_Score,38.13754343,-0.7056806087,"a,d"
Beijing,Mean_Age_Score,41.3162509,0.2595934272,"a,d"
Shanghai,Mean_Age_Score,42.10919411,0.07554390281,"a,d"
Wuhan,Mean_Age_Score,43.01502724,0.1835040748,"a,d"
Shanghai,Mean_Age_Score,42.10914518,-0.2004346848,"a,d"
Wuhan,Mean_Age_Score,41.93641701,-0.09171554446,"a,d"
Shanghai,Mean_Age_Score,40.61186255,-0.002208628226,"a,d"
Shanghai,Mean_Age_Score,45.87431648,0.3392456174,"a,d"
Beijing,Mean_Age_Score,41.53933712,-0.008403629065,"a,d"
Shanghai,Mean_Age_Score,42.10919494,0.1027779207,"a,d"
Wuhan,Mean_Age_Score,41.93643308,-0.05960518867,"a,d"
Shanghai,Mean_Age_Score,46.33151171,0.2715626657,"a,d"
Wuhan,Mean_Age_Score,36.50632533,-0.4375279248,"a,d"
Shanghai,Mean_Age_Score,38.13753856,-0.5960678458,"a,d"
Shanghai,Mean_Age_Score,45.87431683,0.3284412622,"a,d"
Guangzhou,Mean_Age_Score,37.01764985,-0.6507591605,"a,d"
Wuhan,Mean_Age_Score,36.50650126,-0.3590376377,"a,d"
Shanghai,Mean_Age_Score,42.10907668,-0.1994206756,"a,d"
Wuhan,Mean_Age_Score,43.01504048,0.2608877718,"a,d"
Guangzhou,Mean_Age_Score,41.21844929,0.07423353195,"a,d"
Wuhan,Mean_Age_Score,42.14827321,0.03667958453,"a,d"
Shanghai,Mean_Age_Score,39.76476305,-0.6312051415,"a,d"
Shanghai,Mean_Age_Score,45.87431646,0.3587014675,"a,d"
Shanghai,Mean_Age_Score,42.10907857,-0.1994206756,"a,d"
Guangzhou,Mean_Age_Score,35.854618,-0.723028779,"a,d"
Shanghai,Mean_Age_Score,42.10919051,0.05597280338,"a,d"
Beijing,Mean_Age_Score,38.95799601,-0.6575497985,"a,d"
Shanghai,Mean_Age_Score,40.6118501,-0.3547267318,"a,d"
Shanghai,Mean_Age_Score,42.10918871,-0.1846584529,"a,d"
Shanghai,Mean_Age_Score,42.10919465,0.006525972858,"a,d"
Shanghai,Mean_Age_Score,40.29059086,-0.7261149883,"a,d"
Wuhan,Mean_Age_Score,41.19147267,0.2845534384,"a,d"
Beijing,Mean_Age_Score,41.3162114,0.2388322651,"a,d"
Shanghai,Mean_Age_Score,42.10918161,-0.02838052064,"a,d"
Shanghai,Mean_Age_Score,38.13753667,-0.879579246,"a,d"
Guangzhou,Mean_Age_Score,37.01767654,-0.6255972385,"a,d"
Beijing,Mean_Age_Score,42.36092624,-0.07379732281,"a,d"
Shanghai,Mean_Age_Score,45.87431705,0.320084393,"a,d"
Shanghai,Mean_Age_Score,40.61186174,-0.06224134937,"a,d"
Shanghai,Mean_Age_Score,42.10917959,-0.1004922464,"a,d"
Shanghai,Mean_Age_Score,38.13753305,-0.5583285689,"a,d"
Shanghai,Mean_Age_Score,40.57825354,-0.27113989,"a,d"
Wuhan,Mean_Age_Score,36.50650659,-0.4580592215,"a,d"
Wuhan,Mean_Age_Score,42.1482766,0.102089569,"a,d"
Shanghai,Mean_Age_Score,45.87431296,0.3146255016,"a,d"
Guangzhou,Mean_Age_Score,37.01769787,-0.6766846776,"a,d"
Shanghai,Mean_Age_Score,38.13752666,-0.5980034471,"a,d"
Shanghai,Mean_Age_Score,42.10918356,-0.03032829426,"a,d"
Shanghai,Mean_Age_Score,38.13753066,-0.3931355774,"a,d"
Shanghai,Mean_Age_Score,40.61186209,-0.09843946993,"a,d"
Shanghai,Mean_Age_Score,38.13752586,-0.6587185264,"a,d"
Shanghai,Mean_Age_Score,39.76474962,-0.7128106356,"a,d"
Shanghai,Mean_Age_Score,42.10919165,0.06389066577,"a,d"
Shanghai,Mean_Age_Score,40.6118092,-0.4190556109,"a,d"
Shanghai,Mean_Age_Score,40.29058491,-0.6305288076,"a,d"
Shanghai,Mean_Age_Score,40.29057398,-0.4971700907,"a,d"
Shanghai,Mean_Age_Score,40.57824659,-0.2764063776,"a,d"
Shanghai,Mean_Age_Score,42.10917793,-0.0420595482,"a,d"
Shanghai,Mean_Age_Score,42.10919406,0.04865481704,"a,d"
Shanghai,Mean_Age_Score,39.76472367,-0.5278462768,"a,d"
Shanghai,Mean_Age_Score,39.76473413,-0.6942380667,"a,d"
Beijing,Mean_Age_Score,39.94320203,-0.4922391474,"a,d"
Shanghai,Mean_Age_Score,38.13754553,-0.3419432938,"a,d"
Shanghai,Mean_Age_Score,46.33151526,0.3520835042,"a,d"
Shanghai,Mean_Age_Score,38.13755056,-0.4958848059,"a,d"
Wuhan,Mean_Age_Score,43.01503665,0.2505500317,"a,d"
Shanghai,Mean_Age_Score,40.61185395,-0.3789380193,"a,d"
Wuhan,Mean_Age_Score,43.01504254,0.3091391921,"a,d"
Beijing,Mean_Age_Score,41.31625645,0.7183175683,"a,d"
Shanghai,Mean_Age_Score,39.76473965,-0.5271645784,"a,d"
Shanghai,Mean_Age_Score,42.46807342,-0.0136120161,"a,d"
Shanghai,Mean_Age_Score,42.10918747,-0.1167520583,"a,d"
Shanghai,Mean_Age_Score,39.76472179,-0.4071394205,"a,d"
Shanghai,Mean_Age_Score,40.61186478,0.4441952109,"a,d"
Shanghai,Mean_Age_Score,39.76477138,-0.7503002882,"a,d"
Shanghai,Mean_Age_Score,40.29058683,-0.6390032172,"a,d"
Wuhan,Mean_Age_Score,36.50653465,-0.8115434051,"a,d"
Wuhan,Mean_Age_Score,43.01504312,0.346044749,"a,d"
Beijing,Mean_Age_Score,42.36093844,0.0345149301,"a,d"
Wuhan,Mean_Age_Score,36.50645169,-0.4252447486,"a,d"
Guangzhou,Mean_Age_Score,36.19444414,-0.9045056105,"a,d"
Beijing,Mean_Age_Score,41.39538519,-0.2105805874,"a,d"
Guangzhou,Mean_Age_Score,36.19441921,-0.5635317564,"a,d"
Guangzhou,Mean_Age_Score,37.0176858,-0.5841088295,"a,d"
Beijing,Mean_Age_Score,44.70027292,0.1065054461,"a,d"
Beijing,Mean_Age_Score,41.53933304,0.005437305197,"a,d"
Wuhan,Mean_Age_Score,42.1482688,0.01986756362,"a,d"
Shanghai,Mean_Age_Score,46.18714156,0.1340393424,"a,d"
Shanghai,Mean_Age_Score,42.10919211,-0.08141890168,"a,d"
Wuhan,Mean_Age_Score,36.50638791,-0.1867195815,"a,d"
Shanghai,Mean_Age_Score,42.10919156,0.07506857067,"a,d"
Wuhan,Mean_Age_Score,43.01504098,0.2345470786,"a,d"
Shanghai,Mean_Age_Score,42.10914509,-0.1734611243,"a,d"
Shanghai,Mean_Age_Score,42.10919212,-0.05819518864,"a,d"
Shanghai,Mean_Age_Score,40.61185767,-0.3830387294,"a,d"
Shanghai,Mean_Age_Score,38.13753922,-0.5266855359,"a,d"
Shanghai,Mean_Age_Score,46.84756647,0.3142828047,"a,d"
Shanghai,Mean_Age_Score,42.10918262,-0.2013138831,"a,d"
Guangzhou,Mean_Age_Score,36.19435648,-0.3476506472,"a,d"
Guangzhou,Mean_Age_Score,36.19442375,-0.1813052148,"a,d"
Shanghai,Mean_Age_Score,47.32208445,0.3863622546,"a,d"
Beijing,Mean_Age_Score,44.7002765,0.1830773205,"a,d"
Shanghai,Mean_Age_Score,40.57824461,-0.4557110667,"a,d"
Shanghai,Mean_Age_Score,43.94873013,0.3565612137,"a,d"
Beijing,Mean_Age_Score,41.39542352,-0.02122545242,"a,d"
Guangzhou,Mean_Age_Score,36.19444735,-0.4088582695,"a,d"
Beijing,Mean_Age_Score,41.53932867,-0.1801926047,"a,d"
Guangzhou,Mean_Age_Score,36.19437316,-0.4152404964,"a,d"
Shanghai,Mean_Age_Score,42.10919101,-0.03336562216,"a,d"
Shanghai,Mean_Age_Score,38.13750378,-0.5915802121,"a,d"
Shanghai,Mean_Age_Score,40.82768197,0.2682594657,"a,d"
Wuhan,Mean_Age_Score,36.50637567,-0.3755201697,"a,d"
Wuhan,Mean_Age_Score,42.14827766,0.1030082405,"a,d"
Guangzhou,Mean_Age_Score,37.01766111,-0.6289431453,"a,d"
Wuhan,Mean_Age_Score,44.86024435,0.1694472283,"a,d"
Wuhan,Mean_Age_Score,43.01504305,0.3922494948,"a,d"
Wuhan,Mean_Age_Score,41.93635995,-0.1952165067,"a,d"
Beijing,Mean_Age_Score,39.94322031,-0.765005827,"a,d"
Shanghai,Mean_Age_Score,42.46807204,0.02362210304,"a,d"
Beijing,Mean_Age_Score,44.84838537,0.440905571,"a,d"
Shanghai,Mean_Age_Score,46.84756829,0.4159558713,"a,d"
Shanghai,Mean_Age_Score,42.1091911,0.02613862604,"a,d"
Shanghai,Mean_Age_Score,40.29057803,-0.6240944862,"a,d"
Guangzhou,Mean_Age_Score,35.85461281,-0.1742067933,"a,d"
Wuhan,Mean_Age_Score,44.86032368,0.3979735672,"a,d"
Wuhan,Mean_Age_Score,40.84480228,-0.05259930342,"a,d"
Shanghai,Mean_Age_Score,42.10915451,-0.1813593656,"a,d"
Wuhan,Mean_Age_Score,42.14827706,-0.004899699707,"a,d"
Shanghai,Mean_Age_Score,42.10918156,-0.09247456491,"a,d"
Shanghai,Mean_Age_Score,40.2905729,-0.5325268507,"a,d"
Shanghai,Mean_Age_Score,40.29057929,-0.6195551753,"a,d"
Shanghai,Mean_Age_Score,40.61183844,-0.4938051403,"a,d"
Guangzhou,Mean_Age_Score,37.1879553,-0.7801966071,"a,d"
Wuhan,Mean_Age_Score,42.40066484,0.1062072963,"a,d"
Shanghai,Mean_Age_Score,47.96920977,0.6427588463,"a,d"
Beijing,Mean_Age_Score,43.44365606,0.04221638292,"a,d"
Shanghai,Mean_Age_Score,40.29059435,-0.5727718472,"a,d"
Shanghai,Mean_Age_Score,46.8475709,0.3865865171,"a,d"
Shanghai,Mean_Age_Score,45.87431172,0.4754008949,"a,d"
Shanghai,Mean_Age_Score,45.87431163,0.2547951341,"a,d"
Beijing,Mean_Age_Score,38.95799313,-0.5217599869,"a,d"
Wuhan,Mean_Age_Score,40.42733244,-0.6870173216,"a,d"
Shanghai,Mean_Age_Score,40.29059229,-0.6190670729,"a,d"
Shanghai,Mean_Age_Score,46.33151574,0.4005134702,"a,d"
Beijing,Mean_Age_Score,41.39543553,-0.01200070698,"a,d"
Shanghai,Mean_Age_Score,42.10918724,0.003007161431,"a,d"
Guangzhou,Mean_Age_Score,37.0176927,-0.5847119689,"a,d"
Shanghai,Mean_Age_Score,40.61186899,0.09729803354,"a,d"
Shanghai,Mean_Age_Score,42.10917703,-0.02173460647,"a,d"
Wuhan,Mean_Age_Score,35.70671929,-0.9544640779,"a,d"
Shanghai,Mean_Age_Score,46.84756692,0.2981109321,"a,d"
Shanghai,Mean_Age_Score,46.84756545,0.3182697594,"a,d"
Beijing,Mean_Age_Score,44.55288441,0.1458881497,"a,d"
Shanghai,Mean_Age_Score,45.87431163,0.01171321608,"a,d"
Guangzhou,Mean_Age_Score,43.17689269,0.3643529117,"a,d"
Guangzhou,Mean_Age_Score,42.950377,-0.1517449915,"a,d"
Wuhan,Mean_Age_Score,36.50645632,-0.5222015977,"a,d"
Shanghai,Mean_Age_Score,42.46807464,0.0492214486,"a,d"
Shanghai,Mean_Age_Score,42.10917087,-0.2490049005,"a,d"
Shanghai,Mean_Age_Score,46.59108523,0.2787828445,"a,d"
Shanghai,Mean_Age_Score,42.10918621,9.526254144e-05,"a,d"
Beijing,Mean_Age_Score,44.55285994,0.1694819927,"a,d"
Shanghai,Mean_Age_Score,40.61186306,-0.06097460911,"a,d"
Shanghai,Mean_Age_Score,42.10919271,0.002041930333,"a,d"
Shanghai,Mean_Age_Score,46.18714835,0.4211197197,"a,d"
Shanghai,Mean_Age_Score,40.61186736,0.2947128415,"a,d"
Shanghai,Mean_Age_Score,42.10918637,-0.1177197397,"a,d"
Wuhan,Mean_Age_Score,40.84480426,-0.1054832414,"a,d"
Shanghai,Mean_Age_Score,47.32207798,0.4178139865,"a,d"
Shanghai,Mean_Age_Score,42.10918439,-0.08983120322,"a,d"
Shanghai,Mean_Age_Score,40.29059431,-0.4820759892,"a,d"
Shanghai,Mean_Age_Score,42.46806945,0.06884529442,"a,d"
Wuhan,Mean_Age_Score,36.5065304,-0.3081751764,"a,d"
Beijing,Mean_Age_Score,39.07338383,-0.7778438926,"a,d"
Wuhan,Mean_Age_Score,44.86032103,0.292494446,"a,d"
Shanghai,Mean_Age_Score,46.33150578,0.3832080364,"a,d"
Guangzhou,Mean_Age_Score,36.19444242,-0.6111608148,"a,d"
Wuhan,Mean_Age_Score,43.01504734,0.2404341698,"a,d"
Guangzhou,Mean_Age_Score,36.19438479,-0.2090722322,"a,d"
Shanghai,Mean_Age_Score,46.18714314,0.2930569947,"a,d"
Shanghai,Mean_Age_Score,40.61186644,1.10703826,"a,d"
Wuhan,Mean_Age_Score,36.50628897,-0.1779541671,"a,d"
Shanghai,Mean_Age_Score,38.13745909,-0.5829814672,"a,d"
Shanghai,Mean_Age_Score,42.10918872,-0.1089686751,"a,d"
Guangzhou,Mean_Age_Score,36.19439717,-0.4023187757,"a,d"
Guangzhou,Mean_Age_Score,35.85462537,-0.6068256497,"a,d"
Wuhan,Mean_Age_Score,36.50652937,-0.6224227548,"a,d"
Wuhan,Mean_Age_Score,35.70672319,-0.5840342641,"a,d"
Shanghai,Mean_Age_Score,40.29059072,-0.8106507063,"a,d"
Shanghai,Mean_Age_Score,38.13753731,-0.3842343688,"a,d"
Beijing,Mean_Age_Score,41.39542125,-0.1891397834,"a,d"
Shanghai,Mean_Age_Score,38.13752492,-0.4178296924,"a,d"
Shanghai,Mean_Age_Score,46.84757152,0.235487625,"a,d"
Shanghai,Mean_Age_Score,40.29058346,-0.6740911007,"a,d"
Shanghai,Mean_Age_Score,38.13754113,-0.5544210672,"a,d"
Shanghai,Mean_Age_Score,40.61186564,0.3079528809,"a,d"
Shanghai,Mean_Age_Score,42.46807915,-0.01886716485,"a,d"
Beijing,Mean_Age_Score,41.39541816,-0.106331259,"a,d"
Shanghai,Mean_Age_Score,40.29058663,-0.5099701285,"a,d"
Shanghai,Mean_Age_Score,38.13754616,-0.6616769433,"a,d"
Beijing,Mean_Age_Score,42.25743403,-0.05411219224,"a,d"
Shanghai,Mean_Age_Score,42.10919257,0.07365366817,"a,d"
Wuhan,Mean_Age_Score,35.7067161,-1.121582627,"a,d"
Shanghai,Mean_Age_Score,42.10919626,-0.1331526935,"a,d"
Wuhan,Mean_Age_Score,43.01504117,0.3215872645,"a,d"
Beijing,Mean_Age_Score,38.95794754,-0.4251037538,"a,d"
Shanghai,Mean_Age_Score,38.13754614,-0.5180539489,"a,d"
Shanghai,Mean_Age_Score,38.13754214,-0.6208831072,"a,d"
Guangzhou,Mean_Age_Score,36.54015517,-0.5598424673,"a,d"
Shanghai,Mean_Age_Score,42.10917608,-0.01568163,"a,d"
Wuhan,Mean_Age_Score,42.88787118,-0.1015772074,"a,d"
Shanghai,Mean_Age_Score,40.61186199,0.009313493967,"a,d"
Shanghai,Mean_Age_Score,40.61178637,-0.300607264,"a,d"
Beijing,Mean_Age_Score,39.07338589,-0.7758687139,"a,d"
Shanghai,Mean_Age_Score,40.61186453,0.3135899901,"a,d"
Beijing,Mean_Age_Score,44.70028353,0.1652595997,"a,d"
Shanghai,Mean_Age_Score,40.61186191,-0.1665772498,"a,d"
Shanghai,Mean_Age_Score,40.61184594,-0.3668986559,"a,d"
Shanghai,Mean_Age_Score,47.32208577,0.265689522,"a,d"
Shanghai,Mean_Age_Score,46.18714938,0.1970289946,"a,d"
Beijing,Mean_Age_Score,39.94322181,-0.6173248887,"a,d"
Wuhan,Mean_Age_Score,36.50642083,-0.5469312072,"a,d"
Beijing,Mean_Age_Score,39.07337979,-0.8217919469,"a,d"
Wuhan,Mean_Age_Score,36.50646572,-0.487287432,"a,d"
Shanghai,Mean_Age_Score,40.29059641,-0.4762183726,"a,d"
Guangzhou,Mean_Age_Score,37.01765424,-0.6044120789,"a,d"
Guangzhou,Mean_Age_Score,42.95037736,-0.1162559241,"a,d"
Wuhan,Mean_Age_Score,40.42731608,-0.5625496507,"a,d"
Guangzhou,Mean_Age_Score,36.19439707,-0.5158518553,"a,d"
Beijing,Mean_Age_Score,42.25744281,0.1022905558,"a,d"
Shanghai,Mean_Age_Score,40.29058854,-0.4619098604,"a,d"
Wuhan,Mean_Age_Score,36.50640534,-0.2365860045,"a,d"
Guangzhou,Mean_Age_Score,37.01770159,-0.372094214,"a,d"
Beijing,Mean_Age_Score,39.94322002,-0.7443013191,"a,d"
Shanghai,Mean_Age_Score,40.61186541,0.3337727785,"a,d"
Wuhan,Mean_Age_Score,43.01504145,0.3117416501,"a,d"
Beijing,Mean_Age_Score,41.31623538,0.3413079083,"a,d"
Shanghai,Mean_Age_Score,42.10919477,0.07281856984,"a,d"
Shanghai,Mean_Age_Score,40.61186056,-0.0798040852,"a,d"
Wuhan,Mean_Age_Score,40.84494892,0.1504258364,"a,d"
Wuhan,Mean_Age_Score,42.14823498,0.004281963687,"a,d"
Wuhan,Mean_Age_Score,36.50652828,-0.9117842317,"a,d"
Beijing,Mean_Age_Score,42.36092896,-0.08089225739,"a,d"
Wuhan,Mean_Age_Score,40.84496074,0.1962894946,"a,d"
Shanghai,Mean_Age_Score,39.76473154,-0.4775922894,"a,d"
Shanghai,Mean_Age_Score,42.10919515,0.1338073015,"a,d"
Shanghai,Mean_Age_Score,39.76475907,-0.6060731411,"a,d"
Wuhan,Mean_Age_Score,41.9364319,-0.2079331875,"a,d"
Shanghai,Mean_Age_Score,45.87431376,0.362670213,"a,d"
Shanghai,Mean_Age_Score,38.13753542,-0.634580791,"a,d"
Shanghai,Mean_Age_Score,40.6118627,-0.04482105002,"a,d"
Shanghai,Mean_Age_Score,39.76476281,-0.5895636678,"a,d"
Beijing,Mean_Age_Score,41.53933654,0.02564631216,"a,d"
Wuhan,Mean_Age_Score,41.96443622,-0.1503010988,"a,d"
Beijing,Mean_Age_Score,39.94320222,-0.5479233265,"a,d"
Wuhan,Mean_Age_Score,35.70672066,-0.6058754325,"a,d"
Shanghai,Mean_Age_Score,46.59108519,0.1709316969,"a,d"
Shanghai,Mean_Age_Score,40.61186653,0.2948822677,"a,d"
Shanghai,Mean_Age_Score,38.13754867,-0.4561073184,"a,d"
Guangzhou,Mean_Age_Score,36.19434861,-0.4661656916,"a,d"
Beijing,Mean_Age_Score,39.94321224,-0.5570237041,"a,d"
Beijing,Mean_Age_Score,38.95793624,-0.5737277269,"a,d"
Guangzhou,Mean_Age_Score,35.85462382,-0.6848378778,"a,d"
Beijing,Mean_Age_Score,41.95211254,-0.03237427771,"a,d"
Shanghai,Mean_Age_Score,42.10919448,0.02507612668,"a,d"
Shanghai,Mean_Age_Score,42.46807636,-0.008789788932,"a,d"
Shanghai,Mean_Age_Score,40.29059201,-0.6733364463,"a,d"
Guangzhou,Mean_Age_Score,37.01762722,-0.6395251751,"a,d"
Shanghai,Mean_Age_Score,46.59108632,0.3749386072,"a,d"
Guangzhou,Mean_Age_Score,36.19443454,-0.3756798804,"a,d"
Guangzhou,Mean_Age_Score,37.01766997,-0.5855415463,"a,d"
Wuhan,Mean_Age_Score,36.50636707,-0.3249012232,"a,d"
Shanghai,Mean_Age_Score,46.42672752,0.5018665791,"a,d"
Wuhan,Mean_Age_Score,39.8371846,-0.4735690057,"a,d"
Shanghai,Mean_Age_Score,46.18715111,0.3807762861,"a,d"
Shanghai,Mean_Age_Score,39.76474657,-0.8464889526,"a,d"
Shanghai,Mean_Age_Score,40.61174783,-0.3530276716,"a,d"
Shanghai,Mean_Age_Score,38.13754988,-0.8306443691,"a,d"
Beijing,Mean_Age_Score,44.84837538,0.1910938472,"a,d"
Wuhan,Mean_Age_Score,40.84493656,0.1270051599,"a,d"
Guangzhou,Mean_Age_Score,36.19441615,-0.4915339053,"a,d"
Wuhan,Mean_Age_Score,36.50646459,-0.1640499979,"a,d"
Shanghai,Mean_Age_Score,42.10919218,-0.06075017899,"a,d"
Wuhan,Mean_Age_Score,36.50654399,-0.745998919,"a,d"
Shanghai,Mean_Age_Score,46.84756148,0.3924916387,"a,d"
Shanghai,Mean_Age_Score,42.1091945,0.09053253382,"a,d"
Beijing,Mean_Age_Score,39.94322091,-0.805983901,"a,d"
Guangzhou,Mean_Age_Score,36.19437794,-0.4712816179,"a,d"
Shanghai,Mean_Age_Score,46.18715239,0.1591035277,"a,d"
Shanghai,Mean_Age_Score,39.76474821,-0.6317222714,"a,d"
Shanghai,Mean_Age_Score,42.46807016,0.2288615257,"a,d"
Shanghai,Mean_Age_Score,42.10918748,0.04950050265,"a,d"
Shanghai,Mean_Age_Score,40.61186449,0.2899143994,"a,d"
Guangzhou,Mean_Age_Score,35.85462374,-0.6827743053,"a,d"
Shanghai,Mean_Age_Score,46.33151542,0.1552027762,"a,d"
Wuhan,Mean_Age_Score,44.86031777,0.2197877914,"a,d"
Guangzhou,Mean_Age_Score,36.1943927,-0.4749469757,"a,d"
Shanghai,Mean_Age_Score,40.29059144,-0.5994571447,"a,d"
Wuhan,Mean_Age_Score,43.01501992,0.1968495846,"a,d"
Wuhan,Mean_Age_Score,43.01504411,0.3018982112,"a,d"
Shanghai,Mean_Age_Score,46.8475652,0.2967599928,"a,d"
Shanghai,Mean_Age_Score,42.46807785,0.02206962183,"a,d"
Shanghai,Mean_Age_Score,40.61186884,0.2467463613,"a,d"
Beijing,Mean_Age_Score,38.95800223,-0.5992029309,"a,d"
Guangzhou,Mean_Age_Score,36.19443516,-0.6368694901,"a,d"
Shanghai,Mean_Age_Score,46.33150959,0.3135556281,"a,d"
Shanghai,Mean_Age_Score,42.46807718,-0.03382199258,"a,d"
Beijing,Mean_Age_Score,41.39540637,-0.05104031414,"a,d"
Beijing,Mean_Age_Score,38.95797538,-0.5619865656,"a,d"
Shanghai,Mean_Age_Score,39.76476069,-0.5707111955,"a,d"
Shanghai,Mean_Age_Score,40.61185122,-0.4304602742,"a,d"
Shanghai,Mean_Age_Score,42.10919367,0.05767359585,"a,d"
Wuhan,Mean_Age_Score,41.19144937,0.06811370701,"a,d"
Wuhan,Mean_Age_Score,36.5065066,-0.3066782355,"a,d"
Guangzhou,Mean_Age_Score,42.95037785,-0.05390187353,"a,d"
Shanghai,Mean_Age_Score,42.10919507,0.1310829222,"a,d"
Shanghai,Mean_Age_Score,46.33146848,0.1007201672,"a,d"
Shanghai,Mean_Age_Score,42.46805375,0.3979079425,"a,d"
Guangzhou,Mean_Age_Score,35.85461255,-0.5621321797,"a,d"
Guangzhou,Mean_Age_Score,35.85462415,-0.5043241978,"a,d"
Shanghai,Mean_Age_Score,40.290567,-0.6739563942,"a,d"
Shanghai,Mean_Age_Score,40.29059363,-0.6918535233,"a,d"
Shanghai,Mean_Age_Score,38.13752325,-0.6012639999,"a,d"
Beijing,Mean_Age_Score,41.5392945,-0.2089167982,"a,d"
Shanghai,Mean_Age_Score,42.46807728,0.01972423866,"a,d"
Shanghai,Mean_Age_Score,46.4267431,0.4778380692,"a,d"
Beijing,Mean_Age_Score,41.53930192,-0.2332544625,"a,d"
Shanghai,Mean_Age_Score,42.46807721,0.04502315074,"a,d"
Shanghai,Mean_Age_Score,40.29058746,-0.1518763155,"a,d"
Shanghai,Mean_Age_Score,39.76476625,-0.5741325617,"a,d"
Shanghai,Mean_Age_Score,40.29059196,-0.7976028919,"a,d"
Guangzhou,Mean_Age_Score,37.01768787,-0.510629952,"a,d"
Shanghai,Mean_Age_Score,46.18715194,0.413343519,"a,d"
Shanghai,Mean_Age_Score,39.76473332,-0.6003068686,"a,d"
Wuhan,Mean_Age_Score,43.01504489,0.2949707806,"a,d"
Wuhan,Mean_Age_Score,36.50638608,-0.3758813143,"a,d"
Beijing,Mean_Age_Score,38.95786584,-0.3095156848,"a,d"
Shanghai,Mean_Age_Score,38.13752563,-0.4539041519,"a,d"
Shanghai,Mean_Age_Score,42.1091934,0.1205983311,"a,d"
Shanghai,Mean_Age_Score,42.46807657,0.1067780852,"a,d"
Guangzhou,Mean_Age_Score,35.85461034,-0.6586537957,"a,d"
Shanghai,Mean_Age_Score,42.10919273,0.07888861746,"a,d"
Wuhan,Mean_Age_Score,43.01503838,0.1957321316,"a,d"
Shanghai,Mean_Age_Score,38.13749265,-0.610467732,"a,d"
Shanghai,Mean_Age_Score,38.13754546,-0.9949230552,"a,d"
Shanghai,Mean_Age_Score,42.10919444,-0.1181531921,"a,d"
Guangzhou,Mean_Age_Score,37.18788331,-0.5376956463,"a,d"
Shanghai,Mean_Age_Score,40.61186434,0.143578425,"a,d"
Wuhan,Mean_Age_Score,40.84495211,0.09813554585,"a,d"
Wuhan,Mean_Age_Score,35.70671527,-1.018403769,"a,d"
Guangzhou,Mean_Age_Score,36.19437907,-0.4127924442,"a,d"
Wuhan,Mean_Age_Score,36.50654071,-0.6668868661,"a,d"
Shanghai,Mean_Age_Score,40.57824171,-0.4308896363,"a,d"
Wuhan,Mean_Age_Score,36.50652316,-0.457205385,"a,d"
Guangzhou,Mean_Age_Score,43.17689351,-0.001187977032,"a,d"
Shanghai,Mean_Age_Score,42.1091773,-0.08289062977,"a,d"
Shanghai,Mean_Age_Score,42.4680549,0.3079302311,"a,d"
Shanghai,Mean_Age_Score,42.46807257,0.01415946148,"a,d"
Wuhan,Mean_Age_Score,43.01504391,0.5130531192,"a,d"
Guangzhou,Mean_Age_Score,37.01765379,-0.8989897966,"a,d"
Shanghai,Mean_Age_Score,40.29057946,-0.6473046541,"a,d"
Shanghai,Mean_Age_Score,46.59108179,0.369643718,"a,d"
Shanghai,Mean_Age_Score,40.61186565,0.276273936,"a,d"
Shanghai,Mean_Age_Score,38.13748635,-0.5765228271,"a,d"
Shanghai,Mean_Age_Score,39.76476849,-0.4414745271,"a,d"
Guangzhou,Mean_Age_Score,36.19443946,-0.630284667,"a,d"
Shanghai,Mean_Age_Score,42.10918834,-0.003982094582,"a,d"
Shanghai,Mean_Age_Score,42.46807757,0.07400730252,"a,d"
Shanghai,Mean_Age_Score,46.18714054,0.07028280944,"a,d"
Beijing,Mean_Age_Score,41.5393229,-0.1690178812,"a,d"
Shanghai,Mean_Age_Score,38.13754293,-0.6097736955,"a,d"
Shanghai,Mean_Age_Score,40.61186333,-0.05955827236,"a,d"
Shanghai,Mean_Age_Score,40.61186411,0.2204348147,"a,d"
Beijing,Mean_Age_Score,41.39542838,-0.1532903165,"a,d"
Shanghai,Mean_Age_Score,42.10916563,-0.1816865802,"a,d"
Wuhan,Mean_Age_Score,42.14827385,0.08897101879,"a,d"
Beijing,Mean_Age_Score,41.95201319,-0.1737291068,"a,d"
Shanghai,Mean_Age_Score,42.46807233,0.06248371303,"a,d"
Shanghai,Mean_Age_Score,38.13755055,-0.8332777619,"a,d"
Shanghai,Mean_Age_Score,40.29059412,-0.6914960742,"a,d"
Wuhan,Mean_Age_Score,39.83720165,-0.3673422933,"a,d"
Shanghai,Mean_Age_Score,46.84756798,0.3030800521,"a,d"
Beijing,Mean_Age_Score,39.94319148,-0.5851899385,"a,d"
Guangzhou,Mean_Age_Score,35.85462219,-0.53860569,"a,d"
Guangzhou,Mean_Age_Score,37.01770767,-1.099700212,"a,d"
Shanghai,Mean_Age_Score,39.76476609,-0.9025559425,"a,d"
Shanghai,Mean_Age_Score,40.61186148,-0.2363812029,"a,d"
Beijing,Mean_Age_Score,41.53932118,-0.1744940579,"a,d"
Wuhan,Mean_Age_Score,41.19146105,0.2063898891,"a,d"
Shanghai,Mean_Age_Score,46.33150929,0.3634872437,"a,d"
Shanghai,Mean_Age_Score,40.61185859,-0.2286890894,"a,d"
Guangzhou,Mean_Age_Score,36.4151115,-0.4797874093,"a,d"
Guangzhou,Mean_Age_Score,41.21845315,0.299628377,"a,d"
Guangzhou,Mean_Age_Score,35.85462049,-0.2910893261,"a,d"
Beijing,Mean_Age_Score,39.94322035,-0.9812787771,"a,d"
Shanghai,Mean_Age_Score,42.46806003,0.452509284,"a,d"
Guangzhou,Mean_Age_Score,41.21845715,0.3387299776,"a,d"
Shanghai,Mean_Age_Score,38.13750867,-0.3504261971,"a,d"
Shanghai,Mean_Age_Score,39.07619446,-0.6527863741,"a,d"
Guangzhou,Mean_Age_Score,35.85461683,-0.4387575984,"a,d"
Wuhan,Mean_Age_Score,41.93637849,-0.2006005496,"a,d"
Shanghai,Mean_Age_Score,42.10915694,0.08287964016,"a,d"
Shanghai,Mean_Age_Score,47.32206551,0.4881817997,"a,d"
Wuhan,Mean_Age_Score,41.19147192,0.1223801821,"a,d"
Beijing,Mean_Age_Score,41.39538938,-0.07172814012,"a,d"
Wuhan,Mean_Age_Score,36.50653846,-0.5702124834,"a,d"
Shanghai,Mean_Age_Score,42.10916394,-0.1625530869,"a,d"
Shanghai,Mean_Age_Score,40.29056572,-0.6628530025,"a,d"
Wuhan,Mean_Age_Score,39.83718021,-0.9514827728,"a,d"
Shanghai,Mean_Age_Score,40.29058653,-0.4982524514,"a,d"
Shanghai,Mean_Age_Score,46.59108643,0.2296138257,"a,d"
Shanghai,Mean_Age_Score,38.13754252,-0.5930318832,"a,d"
Shanghai,Mean_Age_Score,46.33151626,0.4295701385,"a,d"
Guangzhou,Mean_Age_Score,36.19442615,-0.4283797443,"a,d"
Shanghai,Mean_Age_Score,46.84755526,0.3609644771,"a,d"
Shanghai,Mean_Age_Score,47.32208474,0.6136695147,"a,d"
Shanghai,Mean_Age_Score,40.61186845,0.0003660464427,"a,d"
Shanghai,Mean_Age_Score,38.13753385,-0.5890698433,"a,d"
Shanghai,Mean_Age_Score,40.61186288,0.02672461979,"a,d"
Shanghai,Mean_Age_Score,47.32208398,0.3892372847,"a,d"
Shanghai,Mean_Age_Score,45.87431391,0.2233889997,"a,d"
Wuhan,Mean_Age_Score,36.50634604,-0.4215172529,"a,d"
Shanghai,Mean_Age_Score,42.46807845,0.05862586945,"a,d"
Guangzhou,Mean_Age_Score,37.01768245,-0.9276230931,"a,d"
Shanghai,Mean_Age_Score,38.13753298,-0.5083420277,"a,d"
Shanghai,Mean_Age_Score,46.3315057,0.3609018624,"a,d"
Wuhan,Mean_Age_Score,41.19145923,0.2588861585,"a,d"
Guangzhou,Mean_Age_Score,36.19430281,-0.3830610514,"a,d"
Shanghai,Mean_Age_Score,40.61186485,0.1474486291,"a,d"
Guangzhou,Mean_Age_Score,37.01770752,-0.9171240926,"a,d"
Guangzhou,Mean_Age_Score,36.41512025,-0.5663841963,"a,d"
Beijing,Mean_Age_Score,41.31625198,0.5973047614,"a,d"
Beijing,Mean_Age_Score,41.53933617,0.04571079463,"a,d"
Shanghai,Mean_Age_Score,40.5782532,-0.4684521556,"a,d"
Shanghai,Mean_Age_Score,39.76470332,-0.6221535802,"a,d"
Shanghai,Mean_Age_Score,38.13753278,-0.5245266557,"a,d"
Shanghai,Mean_Age_Score,40.61186559,0.2766359746,"a,d"
Guangzhou,Mean_Age_Score,36.19402716,-0.5306442976,"a,d"
Shanghai,Mean_Age_Score,40.29059147,-0.788425386,"a,d"
Guangzhou,Mean_Age_Score,36.19438199,-0.4763822854,"a,d"
Shanghai,Mean_Age_Score,40.61186625,0.3346162438,"a,d"
Shanghai,Mean_Age_Score,40.61186635,0.3103014529,"a,d"
Shanghai,Mean_Age_Score,46.33151511,0.4230914712,"a,d"
Wuhan,Mean_Age_Score,44.86032405,0.3621492088,"a,d"
Beijing,Mean_Age_Score,41.53932174,-0.1986674666,"a,d"
Wuhan,Mean_Age_Score,39.8371899,-0.440682441,"a,d"
Shanghai,Mean_Age_Score,40.61186748,0.2788417339,"a,d"
Shanghai,Mean_Age_Score,38.13754833,-0.6249700189,"a,d"
Shanghai,Mean_Age_Score,40.61186452,0.2548363507,"a,d"
Shanghai,Mean_Age_Score,39.76442784,0.06775891036,"a,d"
Beijing,Mean_Age_Score,38.95796151,-0.4652507007,"a,d"
Shanghai,Mean_Age_Score,42.10919104,0.03571026027,"a,d"
Shanghai,Mean_Age_Score,38.13754695,-0.6880654097,"a,d"
Shanghai,Mean_Age_Score,40.61186156,-0.1386619359,"a,d"
Shanghai,Mean_Age_Score,40.29058154,-0.4911434948,"a,d"
Guangzhou,Mean_Age_Score,35.85462485,-0.3337118626,"a,d"
Guangzhou,Mean_Age_Score,35.85462366,-0.6812404394,"a,d"
Shanghai,Mean_Age_Score,40.61185449,-0.1158671603,"a,d"
Wuhan,Mean_Age_Score,41.93642927,-0.03134092316,"a,d"
Wuhan,Mean_Age_Score,39.83719707,-0.67513901,"a,d"
Beijing,Mean_Age_Score,42.80443024,0.07348594815,"a,d"
Shanghai,Mean_Age_Score,42.10919379,0.06101445481,"a,d"
Guangzhou,Mean_Age_Score,36.19443602,-0.5924340487,"a,d"
Shanghai,Mean_Age_Score,39.76469668,-0.559125185,"a,d"
Wuhan,Mean_Age_Score,36.50642552,-0.5160082579,"a,d"
Shanghai,Mean_Age_Score,42.10918683,-0.01074602455,"a,d"
Shanghai,Mean_Age_Score,47.32208248,0.344804734,"a,d"
Guangzhou,Mean_Age_Score,36.54020223,-0.5978305936,"a,d"
Shanghai,Mean_Age_Score,42.10918728,-0.006092995871,"a,d"
Guangzhou,Mean_Age_Score,36.54010614,-0.5419403315,"a,d"
Wuhan,Mean_Age_Score,36.50638191,-0.02620899864,"a,d"
Wuhan,Mean_Age_Score,41.9364286,-0.04198071361,"a,d"
Shanghai,Mean_Age_Score,38.13751604,-0.4282850027,"a,d"
Shanghai,Mean_Age_Score,45.87431631,0.1719800532,"a,d"
Guangzhou,Mean_Age_Score,37.0177145,-0.6383181214,"a,d"
Beijing,Mean_Age_Score,41.39542769,-0.1441730857,"a,d"
Beijing,Mean_Age_Score,41.39546611,-0.0002841162495,"a,d"
Shanghai,Mean_Age_Score,42.1091911,-0.1413091719,"a,d"
Guangzhou,Mean_Age_Score,36.41512001,-0.3268633783,"a,d"
Shanghai,Mean_Age_Score,42.10918751,-0.02938593365,"a,d"
Guangzhou,Mean_Age_Score,41.21845787,0.1289075911,"a,d"
Guangzhou,Mean_Age_Score,35.8546232,-0.6719011068,"a,d"
Shanghai,Mean_Age_Score,40.29059425,-0.5799351335,"a,d"
Wuhan,Mean_Age_Score,41.93642796,-0.03660906851,"a,d"
Shanghai,Mean_Age_Score,42.10919055,0.08226338029,"a,d"
Shanghai,Mean_Age_Score,40.61185958,-0.2236116678,"a,d"
Wuhan,Mean_Age_Score,42.14827552,0.07886853814,"a,d"
Shanghai,Mean_Age_Score,46.33151568,0.2748815119,"a,d"
Shanghai,Mean_Age_Score,40.29059237,-0.5723407269,"a,d"
Wuhan,Mean_Age_Score,43.01504569,0.4327388704,"a,d"
Shanghai,Mean_Age_Score,45.87430815,0.1261738986,"a,d"
Shanghai,Mean_Age_Score,38.1375257,-0.5834072232,"a,d"
Shanghai,Mean_Age_Score,40.29053469,-0.4787771404,"a,d"
Shanghai,Mean_Age_Score,43.94870243,0.1523211896,"a,d"
Shanghai,Mean_Age_Score,46.42674318,0.3768301606,"a,d"
Wuhan,Mean_Age_Score,42.8878732,0.05442618206,"a,d"
Beijing,Mean_Age_Score,38.9579959,-0.6494781375,"a,d"
Shanghai,Mean_Age_Score,40.61186399,0.0003873845562,"a,d"
Shanghai,Mean_Age_Score,43.94871678,0.1722276807,"a,d"
Wuhan,Mean_Age_Score,42.14827566,0.01949007809,"a,d"
Shanghai,Mean_Age_Score,38.13752127,-0.4178296924,"a,d"
Wuhan,Mean_Age_Score,40.84496705,0.338419348,"a,d"
Shanghai,Mean_Age_Score,39.76473778,-0.7745271325,"a,d"
Shanghai,Mean_Age_Score,42.10918073,-0.02921891399,"a,d"
Guangzhou,Mean_Age_Score,37.18792349,-0.8059248924,"a,d"
Shanghai,Mean_Age_Score,40.29059191,-0.7340040207,"a,d"
Shanghai,Mean_Age_Score,40.61186448,0.3948573172,"a,d"
Shanghai,Mean_Age_Score,40.61185607,-0.2833387554,"a,d"
Wuhan,Mean_Age_Score,44.86033,0.3261248171,"a,d"
Shanghai,Mean_Age_Score,40.61186619,0.2023007274,"a,d"
Wuhan,Mean_Age_Score,36.50651552,-0.6038108468,"a,d"
Shanghai,Mean_Age_Score,40.57823157,-0.4501268864,"a,d"
Wuhan,Mean_Age_Score,42.14827029,0.04529108107,"a,d"
Shanghai,Mean_Age_Score,47.32208605,0.2803120613,"a,d"
Shanghai,Mean_Age_Score,42.46807496,-0.01909398474,"a,d"
Shanghai,Mean_Age_Score,40.29057607,-0.5832515359,"a,d"
Guangzhou,Mean_Age_Score,37.01771226,-0.6331515908,"a,d"
Beijing,Mean_Age_Score,38.95798585,-0.6886024475,"a,d"
Beijing,Mean_Age_Score,38.95798811,-0.727452755,"a,d"
Shanghai,Mean_Age_Score,46.33151379,0.2392400056,"a,d"
Beijing,Mean_Age_Score,44.70027205,0.1436698884,"a,d"
Shanghai,Mean_Age_Score,42.1091885,-0.0412347801,"a,d"
Shanghai,Mean_Age_Score,42.10918658,0.08465613425,"a,d"
Wuhan,Mean_Age_Score,42.40066076,0.1193659902,"a,d"
Shanghai,Mean_Age_Score,40.61186439,0.4081998467,"a,d"
Guangzhou,Mean_Age_Score,35.85462197,-0.3826125264,"a,d"
Shanghai,Mean_Age_Score,40.29057894,-0.7950286865,"a,d"
Beijing,Mean_Age_Score,41.39542248,-0.1713842303,"a,d"
Shanghai,Mean_Age_Score,38.13747172,-0.6296007037,"a,d"
Shanghai,Mean_Age_Score,46.84756812,0.1217486337,"a,d"
Shanghai,Mean_Age_Score,40.61186523,0.3515019715,"a,d"
Guangzhou,Mean_Age_Score,35.8546251,-0.1413992494,"a,d"
Guangzhou,Mean_Age_Score,35.85462286,-0.3018856943,"a,d"
Guangzhou,Mean_Age_Score,37.01767394,-0.4841935933,"a,d"
Shanghai,Mean_Age_Score,40.61186674,0.2427904904,"a,d"
Beijing,Mean_Age_Score,44.7002823,0.1222133115,"a,d"
Shanghai,Mean_Age_Score,46.33150086,0.5446719527,"a,d"
Guangzhou,Mean_Age_Score,36.19417756,-0.3843120337,"a,d"
Shanghai,Mean_Age_Score,38.13754531,-0.439108789,"a,d"
Wuhan,Mean_Age_Score,43.0150343,0.3489412367,"a,d"
Wuhan,Mean_Age_Score,43.01502858,0.2043348849,"a,d"
Shanghai,Mean_Age_Score,40.61186181,-0.1067004129,"a,d"
Shanghai,Mean_Age_Score,39.76474983,-0.5763114095,"a,d"
Shanghai,Mean_Age_Score,38.13754668,-0.6609047055,"a,d"
Shanghai,Mean_Age_Score,40.29059179,-0.7306724191,"a,d"
Guangzhou,Mean_Age_Score,37.01765266,-0.6248852015,"a,d"
Wuhan,Mean_Age_Score,35.70672312,-0.9096878171,"a,d"
Shanghai,Mean_Age_Score,42.46806745,-0.07504449785,"a,d"
Shanghai,Mean_Age_Score,40.61186466,0.3466354012,"a,d"
Shanghai,Mean_Age_Score,42.10919136,-0.03771799803,"a,d"
Wuhan,Mean_Age_Score,36.50644462,-0.318241626,"a,d"
Shanghai,Mean_Age_Score,39.76472649,-0.7110134363,"a,d"
Shanghai,Mean_Age_Score,42.10918542,-0.04923964664,"a,d"
Shanghai,Mean_Age_Score,46.84756406,0.5723007917,"a,d"
Guangzhou,Mean_Age_Score,36.19444035,-0.4881268144,"a,d"
Beijing,Mean_Age_Score,41.53933754,0.02417745255,"a,d"
Shanghai,Mean_Age_Score,42.10918929,-0.05386742204,"a,d"
Shanghai,Mean_Age_Score,38.13750452,-0.6621341705,"a,d"
Shanghai,Mean_Age_Score,40.61185657,-0.3476979733,"a,d"
Guangzhou,Mean_Age_Score,37.01770969,-0.7526091933,"a,d"
Shanghai,Mean_Age_Score,47.32208347,0.5128622055,"a,d"
Guangzhou,Mean_Age_Score,36.19442792,-0.5458117127,"a,d"
Wuhan,Mean_Age_Score,36.50652183,-0.7344217896,"a,d"
Guangzhou,Mean_Age_Score,37.01770674,-0.6738486886,"a,d"
Wuhan,Mean_Age_Score,41.93636878,-0.1439309716,"a,d"
Beijing,Mean_Age_Score,41.39542132,-0.1220817715,"a,d"
Shanghai,Mean_Age_Score,40.61186478,0.1173823476,"a,d"
Beijing,Mean_Age_Score,39.94321685,-0.6574859619,"a,d"
Wuhan,Mean_Age_Score,43.01504704,0.3884094357,"a,d"
Shanghai,Mean_Age_Score,38.13753973,-0.9366445541,"a,d"
Shanghai,Mean_Age_Score,40.29056524,-0.6628530025,"a,d"
Guangzhou,Mean_Age_Score,36.19441387,-0.3035740852,"a,d"
Shanghai,Mean_Age_Score,40.6118633,-0.2643094063,"a,d"
Guangzhou,Mean_Age_Score,36.19420489,-0.3843165636,"a,d"
Shanghai,Mean_Age_Score,40.290574,-0.5251427293,"a,d"
Shanghai,Mean_Age_Score,42.46807546,0.02251452208,"a,d"
Wuhan,Mean_Age_Score,43.01504651,0.3375919461,"a,d"
Shanghai,Mean_Age_Score,40.61183436,-0.288541913,"a,d"
Shanghai,Mean_Age_Score,42.10914492,-0.1291563809,"a,d"
Wuhan,Mean_Age_Score,43.0150401,0.2696553767,"a,d"
Shanghai,Mean_Age_Score,42.10919052,-0.02990441397,"a,d"
Guangzhou,Mean_Age_Score,36.41511991,-0.4383153021,"a,d"
Shanghai,Mean_Age_Score,46.59108512,0.350183785,"a,d"
Wuhan,Mean_Age_Score,44.86032543,0.2205801308,"a,d"
Wuhan,Mean_Age_Score,42.40066201,0.3070409596,"a,d"
Shanghai,Mean_Age_Score,42.10919303,-0.003779476043,"a,d"
Wuhan,Mean_Age_Score,43.0150341,0.1911333054,"a,d"
Shanghai,Mean_Age_Score,40.61186933,0.1657646596,"a,d"
Shanghai,Mean_Age_Score,38.137504,-0.6014028788,"a,d"
Beijing,Mean_Age_Score,38.95795025,-0.2677643001,"a,d"
Beijing,Mean_Age_Score,41.3162511,0.2869842052,"a,d"
Wuhan,Mean_Age_Score,44.86030732,0.12527363,"a,d"
Shanghai,Mean_Age_Score,42.10919455,-0.07236993313,"a,d"
Guangzhou,Mean_Age_Score,37.01769677,-1.068540692,"a,d"
Shanghai,Mean_Age_Score,39.76476244,-0.6116846204,"a,d"
Beijing,Mean_Age_Score,39.07336881,-0.5407205224,"a,d"
Shanghai,Mean_Age_Score,46.33151449,0.4045037627,"a,d"
Wuhan,Mean_Age_Score,36.50647288,-0.5574869514,"a,d"
Shanghai,Mean_Age_Score,42.10917232,-0.1624608636,"a,d"
Shanghai,Mean_Age_Score,40.57825637,-0.3567081988,"a,d"
Wuhan,Mean_Age_Score,42.14827144,0.01093650796,"a,d"
Wuhan,Mean_Age_Score,42.14827043,0.121761471,"a,d"
Shanghai,Mean_Age_Score,42.10919455,0.00486210594,"a,d"
Shanghai,Mean_Age_Score,40.29058143,-0.5006731749,"a,d"
Shanghai,Mean_Age_Score,40.29059476,-0.6789383292,"a,d"
Wuhan,Mean_Age_Score,39.83717975,-0.6240003109,"a,d"
Shanghai,Mean_Age_Score,40.57825256,-0.3318422437,"a,d"
Shanghai,Mean_Age_Score,38.13752338,-0.62709409,"a,d"
Beijing,Mean_Age_Score,39.07337748,-0.9161723256,"a,d"
Shanghai,Mean_Age_Score,47.32208219,0.4610606432,"a,d"
Shanghai,Mean_Age_Score,46.18715209,0.2604315877,"a,d"
Shanghai,Mean_Age_Score,40.29055337,-0.645406425,"a,d"
Guangzhou,Mean_Age_Score,35.8545837,-0.3138573766,"a,d"
Guangzhou,Mean_Age_Score,36.19439665,-0.3944687247,"a,d"
Shanghai,Mean_Age_Score,42.46807475,0.1152995154,"a,d"
Shanghai,Mean_Age_Score,45.87431192,0.1681718379,"a,d"
Shanghai,Mean_Age_Score,38.13748005,-0.6242306828,"a,d"
Beijing,Mean_Age_Score,42.36071903,-0.01353798155,"a,d"
Wuhan,Mean_Age_Score,39.83720051,-0.5060471892,"a,d"
Shanghai,Mean_Age_Score,39.76473649,-0.2779799402,"a,d"
Shanghai,Mean_Age_Score,42.46805477,0.2868696451,"a,d"
Wuhan,Mean_Age_Score,41.19147056,0.4243348539,"a,d"
Shanghai,Mean_Age_Score,40.61185598,-0.2335622907,"a,d"
Wuhan,Mean_Age_Score,39.83718156,-0.9475057721,"a,d"
Shanghai,Mean_Age_Score,39.76476406,-0.05112006143,"a,d"
Shanghai,Mean_Age_Score,40.61186961,0.1735366881,"a,d"
Shanghai,Mean_Age_Score,42.10918612,-0.02860347927,"a,d"
Shanghai,Mean_Age_Score,42.4680755,-0.09782539308,"a,d"
Shanghai,Mean_Age_Score,40.61186692,0.1442236006,"a,d"
Shanghai,Mean_Age_Score,42.10919264,-0.2069280297,"a,d"
Beijing,Mean_Age_Score,41.39541974,-0.08323831856,"a,d"
Wuhan,Mean_Age_Score,40.84494195,0.09678468108,"a,d"
Shanghai,Mean_Age_Score,42.46806467,0.113433972,"a,d"
Shanghai,Mean_Age_Score,42.10918197,-0.05099314824,"a,d"
Shanghai,Mean_Age_Score,42.10919441,0.05012828484,"a,d"
Shanghai,Mean_Age_Score,38.13753454,-0.6303576231,"a,d"
Guangzhou,Mean_Age_Score,36.19434904,-0.4521985948,"a,d"
Shanghai,Mean_Age_Score,40.57825311,-0.3272645473,"a,d"
Shanghai,Mean_Age_Score,40.29058488,-0.4997234046,"a,d"
Wuhan,Mean_Age_Score,43.01504669,0.5096998811,"a,d"
Guangzhou,Mean_Age_Score,37.07256139,-0.4744481444,"a,d"
Shanghai,Mean_Age_Score,40.29059338,-0.7328198552,"a,d"
Beijing,Mean_Age_Score,42.25743323,-0.01176948473,"a,d"
Shanghai,Mean_Age_Score,40.61186466,0.06128020585,"a,d"
Shanghai,Mean_Age_Score,46.18714823,0.3424546719,"a,d"
Shanghai,Mean_Age_Score,42.10918468,-0.0462182574,"a,d"
Shanghai,Mean_Age_Score,43.94872706,0.194412902,"a,d"
Wuhan,Mean_Age_Score,36.50653162,-0.2735440731,"a,d"
Shanghai,Mean_Age_Score,40.61186502,0.3294374645,"a,d"
Shanghai,Mean_Age_Score,40.61186229,-0.05735962093,"a,d"
Beijing,Mean_Age_Score,41.53933802,-0.01096982602,"a,d"
Guangzhou,Mean_Age_Score,42.95037718,-0.0862756446,"a,d"
Shanghai,Mean_Age_Score,40.29057211,-0.5766986012,"a,d"
Beijing,Mean_Age_Score,38.95797335,-0.5914788842,"a,d"
Shanghai,Mean_Age_Score,46.84756256,0.3874666989,"a,d"
Shanghai,Mean_Age_Score,40.57825019,-0.3159508705,"a,d"
Shanghai,Mean_Age_Score,42.10918364,-0.126447767,"a,d"
Beijing,Mean_Age_Score,44.84838215,0.1428097337,"a,d"
Wuhan,Mean_Age_Score,35.70672335,-0.896951735,"a,d"
Shanghai,Mean_Age_Score,40.61185187,-0.3307364881,"a,d"
Shanghai,Mean_Age_Score,40.57824595,-0.4342362285,"a,d"
Beijing,Mean_Age_Score,41.53932091,-0.1329899132,"a,d"
Beijing,Mean_Age_Score,42.25743709,0.05462860316,"a,d"
Beijing,Mean_Age_Score,38.95799743,-0.7571456432,"a,d"
Shanghai,Mean_Age_Score,43.94871326,0.08207666874,"a,d"
Shanghai,Mean_Age_Score,38.13753716,-0.3908054233,"a,d"
Shanghai,Mean_Age_Score,46.59108509,0.3167042136,"a,d"
Shanghai,Mean_Age_Score,40.29059632,-0.6653857827,"a,d"
Beijing,Mean_Age_Score,39.9432184,-0.8488190174,"a,d"
Shanghai,Mean_Age_Score,42.10918461,-0.1396544576,"a,d"
Shanghai,Mean_Age_Score,42.10919348,0.01573953405,"a,d"
Shanghai,Mean_Age_Score,47.32208193,0.5033521652,"a,d"
Shanghai,Mean_Age_Score,46.18715307,0.5186926126,"a,d"
Shanghai,Mean_Age_Score,42.10907417,-0.1785638928,"a,d"
Shanghai,Mean_Age_Score,40.6118663,0.3365585208,"a,d"
Shanghai,Mean_Age_Score,42.46807901,0.0431153141,"a,d"
Beijing,Mean_Age_Score,38.95795249,-0.5798758864,"a,d"
Shanghai,Mean_Age_Score,43.94871744,0.2014266551,"a,d"
Shanghai,Mean_Age_Score,42.10917251,-0.1047401354,"a,d"
Shanghai,Mean_Age_Score,42.10919446,0.08387720585,"a,d"
Shanghai,Mean_Age_Score,47.32208524,0.408010453,"a,d"
Shanghai,Mean_Age_Score,45.87431547,0.3903127313,"a,d"
Beijing,Mean_Age_Score,42.25744085,-0.03184465319,"a,d"
Guangzhou,Mean_Age_Score,37.18793132,-0.8668676615,"a,d"
Shanghai,Mean_Age_Score,40.61186519,0.4536848664,"a,d"
Shanghai,Mean_Age_Score,46.84756561,0.4437895119,"a,d"
Shanghai,Mean_Age_Score,42.1091926,0.05149916559,"a,d"
Shanghai,Mean_Age_Score,46.33150759,0.3187223971,"a,d"
Shanghai,Mean_Age_Score,40.5782532,-0.3109038472,"a,d"
Shanghai,Mean_Age_Score,40.29058568,-0.7073127031,"a,d"
Shanghai,Mean_Age_Score,40.61185529,-0.2324156314,"a,d"
Shanghai,Mean_Age_Score,38.13750504,-0.6388549805,"a,d"
Shanghai,Mean_Age_Score,46.3314597,0.09008184075,"a,d"
Beijing,Mean_Age_Score,42.76338821,0.0412877053,"a,d"
Wuhan,Mean_Age_Score,35.7067228,-0.9830383658,"a,d"
Beijing,Mean_Age_Score,41.53933833,-0.04397056252,"a,d"
Shanghai,Mean_Age_Score,42.10918737,0.04315876588,"a,d"
Shanghai,Mean_Age_Score,38.13754523,-0.7348876595,"a,d"
Shanghai,Mean_Age_Score,46.18715158,0.3310723603,"a,d"
Shanghai,Mean_Age_Score,40.29059594,-0.6330590248,"a,d"
Beijing,Mean_Age_Score,39.94322036,-0.8860127926,"a,d"
Shanghai,Mean_Age_Score,40.61186735,0.3964121342,"a,d"
Shanghai,Mean_Age_Score,46.33150786,0.1839591265,"a,d"
Beijing,Mean_Age_Score,41.3952955,-0.2454456687,"a,d"
Shanghai,Mean_Age_Score,39.76475379,-0.5856649876,"a,d"
Shanghai,Mean_Age_Score,42.1091957,0.0235861633,"a,d"
Guangzhou,Mean_Age_Score,36.19442058,-0.3106315136,"a,d"
Shanghai,Mean_Age_Score,40.2905905,-0.840821743,"a,d"
Beijing,Mean_Age_Score,38.95799928,-0.2858197391,"a,d"
Shanghai,Mean_Age_Score,40.61185881,-0.3203803003,"a,d"
Guangzhou,Mean_Age_Score,35.85462316,-0.4265837371,"a,d"
Shanghai,Mean_Age_Score,42.10918591,-0.01716121286,"a,d"
Guangzhou,Mean_Age_Score,35.85462238,-0.6020704508,"a,d"
Wuhan,Mean_Age_Score,41.93643406,-0.0580281131,"a,d"
Wuhan,Mean_Age_Score,41.93639727,-0.06654381007,"a,d"
Shanghai,Mean_Age_Score,38.13754893,-0.5112560987,"a,d"
Beijing,Mean_Age_Score,41.53933758,-0.09535889328,"a,d"
Shanghai,Mean_Age_Score,42.46807696,0.09369820356,"a,d"
Shanghai,Mean_Age_Score,42.46807587,-0.02574088052,"a,d"
Shanghai,Mean_Age_Score,39.76472172,-0.5976966023,"a,d"
Wuhan,Mean_Age_Score,41.19147458,0.3631420732,"a,d"
Beijing,Mean_Age_Score,44.84838147,0.2273216993,"a,d"
Shanghai,Mean_Age_Score,45.87431462,0.3295399547,"a,d"
Wuhan,Mean_Age_Score,40.8447681,-0.0867587924,"a,d"
Shanghai,Mean_Age_Score,40.61186531,0.2697124183,"a,d"
Shanghai,Mean_Age_Score,40.61186597,0.4071807563,"a,d"
Shanghai,Mean_Age_Score,42.10918625,-0.02144194022,"a,d"
Shanghai,Mean_Age_Score,46.84757059,0.4078733027,"a,d"
Wuhan,Mean_Age_Score,42.40066979,0.03432364017,"a,d"
Shanghai,Mean_Age_Score,39.76476657,-0.7265726924,"a,d"
Shanghai,Mean_Age_Score,40.57824906,-0.4450124204,"a,d"
Wuhan,Mean_Age_Score,43.01504228,0.3563832045,"a,d"
Guangzhou,Mean_Age_Score,37.01770089,-0.6155146956,"a,d"
Wuhan,Mean_Age_Score,35.70671801,-0.9778351188,"a,d"
Guangzhou,Mean_Age_Score,41.21845361,0.3718213737,"a,d"
Wuhan,Mean_Age_Score,44.86033049,0.1628279537,"a,d"
Shanghai,Mean_Age_Score,46.8475508,0.4227735102,"a,d"
Guangzhou,Mean_Age_Score,37.01767473,-0.6034626961,"a,d"
Shanghai,Mean_Age_Score,42.46807038,0.01538155973,"a,d"
Shanghai,Mean_Age_Score,47.96920474,0.6265779734,"a,d"
Shanghai,Mean_Age_Score,46.18713856,0.2371396273,"a,d"
Guangzhou,Mean_Age_Score,37.01770712,-1.15770936,"a,d"
Shanghai,Mean_Age_Score,38.13754346,-0.5541880131,"a,d"
Shanghai,Mean_Age_Score,40.61186646,0.4024775326,"a,d"
Shanghai,Mean_Age_Score,42.46806861,0.05509845912,"a,d"
Shanghai,Mean_Age_Score,46.84756613,0.2977844179,"a,d"
Guangzhou,Mean_Age_Score,36.19438714,-0.4461076856,"a,d"
Shanghai,Mean_Age_Score,47.32208602,0.4864011407,"a,d"
Beijing,Mean_Age_Score,39.94322108,-0.5136486292,"a,d"
Shanghai,Mean_Age_Score,42.46807781,0.09116870165,"a,d"
Wuhan,Mean_Age_Score,44.86031383,0.256926924,"a,d"
Wuhan,Mean_Age_Score,39.83720349,-0.6185322404,"a,d"
Shanghai,Mean_Age_Score,40.57824229,-0.5636207461,"a,d"
Wuhan,Mean_Age_Score,41.92998242,-0.255918026,"a,d"
Shanghai,Mean_Age_Score,45.87431516,0.3812370002,"a,d"
Guangzhou,Mean_Age_Score,36.19443275,-0.5941007733,"a,d"
Shanghai,Mean_Age_Score,42.1091793,-0.2134287208,"a,d"
Shanghai,Mean_Age_Score,46.33151485,0.2748034298,"a,d"
Shanghai,Mean_Age_Score,38.13753631,-0.5909352303,"a,d"
Shanghai,Mean_Age_Score,40.61186586,0.5163481832,"a,d"
Shanghai,Mean_Age_Score,40.57823251,-0.4132842124,"a,d"
Shanghai,Mean_Age_Score,42.10919161,-0.03872425482,"a,d"
Shanghai,Mean_Age_Score,46.33148613,0.2592860162,"a,d"
Shanghai,Mean_Age_Score,42.10919382,0.07743676752,"a,d"
Shanghai,Mean_Age_Score,40.29059282,-0.4292860031,"a,d"
Beijing,Mean_Age_Score,41.39540218,-0.1561789811,"a,d"
Shanghai,Mean_Age_Score,40.29057073,-0.570448935,"a,d"
Shanghai,Mean_Age_Score,45.87430821,0.2063860446,"a,d"
Guangzhou,Mean_Age_Score,41.21845048,0.2837904692,"a,d"
Shanghai,Mean_Age_Score,46.84755751,0.3882730007,"a,d"
Beijing,Mean_Age_Score,38.95800248,-0.7975349426,"a,d"
Beijing,Mean_Age_Score,44.70026962,-0.004069833085,"a,d"
Shanghai,Mean_Age_Score,42.46807928,-0.05493408814,"a,d"
Shanghai,Mean_Age_Score,42.10918848,0.002504389267,"a,d"
Guangzhou,Mean_Age_Score,36.19439255,-0.4599969685,"a,d"
Shanghai,Mean_Age_Score,40.61185904,-0.3538341224,"a,d"
Shanghai,Mean_Age_Score,45.87431701,0.3246483505,"a,d"
Shanghai,Mean_Age_Score,40.57825583,-0.2957086265,"a,d"
Beijing,Mean_Age_Score,42.36088605,-0.1069417149,"a,d"
Wuhan,Mean_Age_Score,35.70671272,-0.8071213961,"a,d"
Beijing,Mean_Age_Score,39.94321868,-0.8869906664,"a,d"
Shanghai,Mean_Age_Score,42.4680663,0.2187494189,"a,d"
Beijing,Mean_Age_Score,41.5393303,-0.05218842998,"a,d"
Shanghai,Mean_Age_Score,40.61186335,0.003749463707,"a,d"
Wuhan,Mean_Age_Score,40.8449644,0.2441371977,"a,d"
Shanghai,Mean_Age_Score,46.33151123,0.4699229002,"a,d"
Shanghai,Mean_Age_Score,40.29059248,-0.6968479156,"a,d"
Beijing,Mean_Age_Score,41.53933785,0.03509303927,"a,d"
Shanghai,Mean_Age_Score,40.61183365,-0.2930928767,"a,d"
Shanghai,Mean_Age_Score,40.61185992,-0.3314659595,"a,d"
Guangzhou,Mean_Age_Score,35.85461161,-0.428521812,"a,d"
Shanghai,Mean_Age_Score,46.18715146,0.2199665904,"a,d"
Shanghai,Mean_Age_Score,42.46807832,0.005126275122,"a,d"
Shanghai,Mean_Age_Score,40.61186753,0.2695670128,"a,d"
Shanghai,Mean_Age_Score,42.10917949,-0.1143921763,"a,d"
Wuhan,Mean_Age_Score,42.40065935,0.06403489411,"a,d"
Shanghai,Mean_Age_Score,42.10919165,-0.0639719218,"a,d"
Guangzhou,Mean_Age_Score,35.85462291,-0.6867417097,"a,d"
Shanghai,Mean_Age_Score,42.10918369,-0.06419692189,"a,d"
Shanghai,Mean_Age_Score,42.46807446,0.04082694277,"a,d"
Shanghai,Mean_Age_Score,42.10919236,0.04247725382,"a,d"
Shanghai,Mean_Age_Score,42.4680679,0.07841381431,"a,d"
Shanghai,Mean_Age_Score,47.32208161,0.4161753058,"a,d"
Shanghai,Mean_Age_Score,38.13752245,-0.6050841808,"a,d"
Beijing,Mean_Age_Score,42.2574108,0.03119045869,"a,d"
Shanghai,Mean_Age_Score,42.4680768,-0.01089954097,"a,d"
Beijing,Mean_Age_Score,45.32824165,0.2498006076,"a,d"
Shanghai,Mean_Age_Score,40.61186853,0.2882203162,"a,d"
Wuhan,Mean_Age_Score,35.70672284,-0.4949769378,"a,d"
Guangzhou,Mean_Age_Score,36.19444526,-0.6407380104,"a,d"
Wuhan,Mean_Age_Score,43.01504579,0.4867660701,"a,d"
Beijing,Mean_Age_Score,41.3162272,0.1856573969,"a,d"
Wuhan,Mean_Age_Score,39.83720152,-0.8762759566,"a,d"
Beijing,Mean_Age_Score,39.94321866,-0.5904995799,"a,d"
Shanghai,Mean_Age_Score,40.61184987,-0.4542712569,"a,d"
Beijing,Mean_Age_Score,41.53933296,-0.01452200674,"a,d"
Shanghai,Mean_Age_Score,38.1375443,-0.396515727,"a,d"
Shanghai,Mean_Age_Score,38.13754444,-0.8548493385,"a,d"
Shanghai,Mean_Age_Score,45.87431685,0.3653249443,"a,d"
Shanghai,Mean_Age_Score,39.76471578,-0.4072880745,"a,d"
Beijing,Mean_Age_Score,43.30453939,0.1422066092,"a,d"
Wuhan,Mean_Age_Score,41.9364472,-0.235069558,"a,d"
Beijing,Mean_Age_Score,39.94320691,-0.8284951448,"a,d"
Shanghai,Mean_Age_Score,46.18714598,0.2633975744,"a,d"
Beijing,Mean_Age_Score,41.31625066,0.2060427666,"a,d"
Shanghai,Mean_Age_Score,42.4680601,0.4934063852,"a,d"
Wuhan,Mean_Age_Score,36.5065018,-0.5751796961,"a,d"
Shanghai,Mean_Age_Score,46.18714847,0.33716923,"a,d"
Shanghai,Mean_Age_Score,42.46807685,0.0854370296,"a,d"
Shanghai,Mean_Age_Score,45.87431703,0.3161334991,"a,d"
Shanghai,Mean_Age_Score,46.3315154,0.3659701347,"a,d"
Shanghai,Mean_Age_Score,42.10919287,0.08562839776,"a,d"
Shanghai,Mean_Age_Score,42.46807609,-0.0167023614,"a,d"
Shanghai,Mean_Age_Score,40.57823942,-0.6825021505,"a,d"
Wuhan,Mean_Age_Score,42.88786847,-0.0866875127,"a,d"
Beijing,Mean_Age_Score,41.53933016,-0.01207045466,"a,d"
Guangzhou,Mean_Age_Score,36.19434159,-0.450499773,"a,d"
Shanghai,Mean_Age_Score,38.13749939,-0.5747818947,"a,d"
Shanghai,Mean_Age_Score,38.13753786,-0.8186349869,"a,d"
Shanghai,Mean_Age_Score,40.6118574,-0.234467566,"a,d"
Guangzhou,Mean_Age_Score,35.85461888,-0.5379104018,"a,d"
Shanghai,Mean_Age_Score,40.61186962,0.2355497926,"a,d"
Wuhan,Mean_Age_Score,39.83720327,-0.8497533202,"a,d"
Shanghai,Mean_Age_Score,42.10917489,-0.2115433067,"a,d"
Shanghai,Mean_Age_Score,46.59107827,0.31553334,"a,d"
Guangzhou,Mean_Age_Score,36.41510434,-0.4494804144,"a,d"
Shanghai,Mean_Age_Score,43.9487267,0.1791690141,"a,d"
Shanghai,Mean_Age_Score,46.5910758,0.2602036595,"a,d"
Shanghai,Mean_Age_Score,42.46807412,0.003829662688,"a,d"
Guangzhou,Mean_Age_Score,37.01770382,-0.5141040683,"a,d"
Wuhan,Mean_Age_Score,36.50638482,-0.1867195815,"a,d"
Shanghai,Mean_Age_Score,40.61186179,0.01243027672,"a,d"
Guangzhou,Mean_Age_Score,37.01767775,-0.6261525154,"a,d"
Shanghai,Mean_Age_Score,40.29058754,-0.4503549635,"a,d"
Shanghai,Mean_Age_Score,40.29059279,-0.4203141034,"a,d"
Shanghai,Mean_Age_Score,42.10918931,-0.06648187339,"a,d"
Shanghai,Mean_Age_Score,39.76473594,-0.5295721889,"a,d"
Beijing,Mean_Age_Score,39.94321773,-0.7979128361,"a,d"
Beijing,Mean_Age_Score,41.39546363,-0.1580931544,"a,d"
Shanghai,Mean_Age_Score,46.42674041,0.4691328406,"a,d"
Shanghai,Mean_Age_Score,40.6118631,-0.05995771661,"a,d"
Shanghai,Mean_Age_Score,42.46805842,0.4042108655,"a,d"
Shanghai,Mean_Age_Score,45.87431365,0.2861760557,"a,d"
Wuhan,Mean_Age_Score,41.93633911,-0.182573393,"a,d"
Wuhan,Mean_Age_Score,41.93627193,-0.1262655556,"a,d"
Beijing,Mean_Age_Score,41.3954379,-0.1081949919,"a,d"
Wuhan,Mean_Age_Score,41.19147362,0.403177768,"a,d"
Shanghai,Mean_Age_Score,42.10919198,-0.04873997346,"a,d"
Beijing,Mean_Age_Score,45.32824139,0.17453067,"a,d"
Shanghai,Mean_Age_Score,42.10909155,-0.193945691,"a,d"
Shanghai,Mean_Age_Score,38.13754431,-0.5875341892,"a,d"
Beijing,Mean_Age_Score,41.53933302,-0.00721494481,"a,d"
Shanghai,Mean_Age_Score,42.46806687,0.004245962482,"a,d"
Beijing,Mean_Age_Score,42.25744002,0.08054118603,"a,d"
Shanghai,Mean_Age_Score,40.29059515,-0.9588295221,"a,d"
Shanghai,Mean_Age_Score,42.46807599,0.01945729554,"a,d"
Shanghai,Mean_Age_Score,42.10915654,-0.1699830592,"a,d"
Wuhan,Mean_Age_Score,43.01504146,0.278333813,"a,d"
Shanghai,Mean_Age_Score,46.59107235,0.3548403978,"a,d"
Shanghai,Mean_Age_Score,40.57824732,-0.2388696671,"a,d"
Shanghai,Mean_Age_Score,40.2905943,-0.7059617043,"a,d"
Wuhan,Mean_Age_Score,42.88787247,0.03199514747,"a,d"
Beijing,Mean_Age_Score,39.94321891,-0.9564564228,"a,d"
Wuhan,Mean_Age_Score,42.88787612,0.02346108109,"a,d"
Shanghai,Mean_Age_Score,45.8743146,0.3666063845,"a,d"
Beijing,Mean_Age_Score,41.95211617,-0.03136580065,"a,d"
Wuhan,Mean_Age_Score,40.84479292,-0.05892757326,"a,d"
Guangzhou,Mean_Age_Score,36.19441197,-0.4940828085,"a,d"
Shanghai,Mean_Age_Score,40.61186649,0.2594789863,"a,d"
Shanghai,Mean_Age_Score,42.10919127,0.1028700322,"a,d"
Shanghai,Mean_Age_Score,42.46807598,-0.009724999778,"a,d"
Shanghai,Mean_Age_Score,40.6118659,0.2371233404,"a,d"
Beijing,Mean_Age_Score,41.31624772,0.4415804446,"a,d"
Shanghai,Mean_Age_Score,39.76476768,-0.5652131438,"a,d"
Shanghai,Mean_Age_Score,46.59108577,0.248393476,"a,d"
Shanghai,Mean_Age_Score,40.29058191,-0.6384408474,"a,d"
Shanghai,Mean_Age_Score,46.33151012,0.40140903,"a,d"
Guangzhou,Mean_Age_Score,37.01769153,-0.6503382921,"a,d"
Beijing,Mean_Age_Score,39.94319576,-0.5215157866,"a,d"
Wuhan,Mean_Age_Score,43.01503957,0.4437978864,"a,d"
Shanghai,Mean_Age_Score,40.2905924,-0.7537516356,"a,d"
Wuhan,Mean_Age_Score,43.01504266,0.3462010026,"a,d"
Guangzhou,Mean_Age_Score,36.19439838,-0.5428859591,"a,d"
Guangzhou,Mean_Age_Score,35.85462187,-0.6081104875,"a,d"
Shanghai,Mean_Age_Score,40.61184459,-0.2325671017,"a,d"
Shanghai,Mean_Age_Score,43.948725,0.1941893548,"a,d"
Shanghai,Mean_Age_Score,40.61185777,-0.2573214769,"a,d"
Shanghai,Mean_Age_Score,38.13752739,-0.6117480397,"a,d"
Wuhan,Mean_Age_Score,39.83714307,-0.5978360176,"a,d"
Beijing,Mean_Age_Score,45.32824237,0.1671308577,"a,d"
Shanghai,Mean_Age_Score,42.10919598,0.006225398276,"a,d"
Wuhan,Mean_Age_Score,42.14827296,0.1607951075,"a,d"
Beijing,Mean_Age_Score,41.3952415,-0.2579402626,"a,d"
Guangzhou,Mean_Age_Score,36.19439598,-0.472494036,"a,d"
Shanghai,Mean_Age_Score,40.61186907,0.262160778,"a,d"
Guangzhou,Mean_Age_Score,36.41509694,-0.7796244025,"a,d"
Shanghai,Mean_Age_Score,43.94872159,0.2162155211,"a,d"
Guangzhou,Mean_Age_Score,37.1879299,-0.367983669,"a,d"
Shanghai,Mean_Age_Score,42.10919379,0.02802263014,"a,d"
Wuhan,Mean_Age_Score,44.8603192,0.3323763609,"a,d"
Shanghai,Mean_Age_Score,38.13753315,-0.6486809254,"a,d"
Shanghai,Mean_Age_Score,46.84756931,0.1685154587,"a,d"
Wuhan,Mean_Age_Score,39.83718243,-0.3776236773,"a,d"
Beijing,Mean_Age_Score,41.39527003,-0.2718836367,"a,d"
Guangzhou,Mean_Age_Score,43.17689212,0.1973731071,"a,d"
Shanghai,Mean_Age_Score,42.10919183,0.02714823186,"a,d"
Shanghai,Mean_Age_Score,46.84756197,0.3438166976,"a,d"
Wuhan,Mean_Age_Score,35.70671554,-0.659501195,"a,d"
Shanghai,Mean_Age_Score,45.8743133,0.3075962067,"a,d"
Shanghai,Mean_Age_Score,38.13752011,-0.5886890292,"a,d"
Shanghai,Mean_Age_Score,43.94869442,0.07465889305,"a,d"
Wuhan,Mean_Age_Score,41.93637901,-0.166496098,"a,d"
Shanghai,Mean_Age_Score,42.10916403,-0.2324236184,"a,d"
Shanghai,Mean_Age_Score,46.18714842,0.3589269519,"a,d"
Wuhan,Mean_Age_Score,43.0150459,0.4641337097,"a,d"
Shanghai,Mean_Age_Score,40.29058689,-0.6086362004,"a,d"
Guangzhou,Mean_Age_Score,36.19442758,-0.6187125444,"a,d"
Guangzhou,Mean_Age_Score,36.19444434,-0.5304642916,"a,d"
Shanghai,Mean_Age_Score,47.96920099,0.5256716609,"a,d"
Shanghai,Mean_Age_Score,38.13752495,-0.6764784455,"a,d"
Beijing,Mean_Age_Score,45.55181578,0.1379169822,"a,d"
Shanghai,Mean_Age_Score,46.4267401,0.3609521389,"a,d"
Guangzhou,Mean_Age_Score,36.19440616,-0.5235352516,"a,d"
Shanghai,Mean_Age_Score,47.32208589,0.6736955047,"a,d"
Shanghai,Mean_Age_Score,40.61186911,0.001285430975,"a,d"
Shanghai,Mean_Age_Score,38.13749334,-0.5616239309,"a,d"
Wuhan,Mean_Age_Score,43.01504506,0.43361938,"a,d"
Shanghai,Mean_Age_Score,42.10919424,0.05240826681,"a,d"
Shanghai,Mean_Age_Score,46.18714977,0.2482357174,"a,d"
Shanghai,Mean_Age_Score,46.84756779,0.3003629744,"a,d"
Shanghai,Mean_Age_Score,40.29059226,-0.2132955343,"a,d"
Shanghai,Mean_Age_Score,42.1091906,-0.03915923834,"a,d"
Beijing,Mean_Age_Score,42.36092088,-0.0502704531,"a,d"
Wuhan,Mean_Age_Score,43.01504531,0.4225925505,"a,d"
Wuhan,Mean_Age_Score,42.14826812,-0.1092792898,"a,d"
Wuhan,Mean_Age_Score,43.01504437,0.6078251004,"a,d"
Beijing,Mean_Age_Score,39.94322235,-0.8327324986,"a,d"
Wuhan,Mean_Age_Score,36.50648428,-0.4704568386,"a,d"
Guangzhou,Mean_Age_Score,37.0176417,-0.5004794002,"a,d"
Shanghai,Mean_Age_Score,42.10919399,0.01906326599,"a,d"
Shanghai,Mean_Age_Score,45.87431457,0.3763348162,"a,d"
Wuhan,Mean_Age_Score,41.93645257,-0.02740294114,"a,d"
Guangzhou,Mean_Age_Score,36.19439939,-0.4731729329,"a,d"
Shanghai,Mean_Age_Score,39.76472947,-0.6959626079,"a,d"
Shanghai,Mean_Age_Score,42.10919095,0.09914664179,"a,d"
Shanghai,Mean_Age_Score,42.10918464,0.04755421355,"a,d"
Shanghai,Mean_Age_Score,38.13753512,-0.5248402357,"a,d"
Beijing,Mean_Age_Score,42.36093309,-0.008637588471,"a,d"
Wuhan,Mean_Age_Score,41.19146916,0.2567414641,"a,d"
Shanghai,Mean_Age_Score,40.61186711,0.3406728208,"a,d"
Shanghai,Mean_Age_Score,45.87431583,0.296159476,"a,d"
Wuhan,Mean_Age_Score,35.706725,-0.4808115661,"a,d"
Beijing,Mean_Age_Score,41.53933649,0.02302601561,"a,d"
Shanghai,Mean_Age_Score,40.61186694,0.3568589091,"a,d"
Beijing,Mean_Age_Score,41.39541077,-0.08401791751,"a,d"
Shanghai,Mean_Age_Score,46.3315144,0.4239412248,"a,d"
Shanghai,Mean_Age_Score,40.6118679,0.2431440204,"a,d"
Shanghai,Mean_Age_Score,42.10919145,0.03829842433,"a,d"
Guangzhou,Mean_Age_Score,37.01766102,-0.6280694008,"a,d"
Shanghai,Mean_Age_Score,40.61186274,-0.1014470309,"a,d"
Guangzhou,Mean_Age_Score,37.07252082,-0.2465285361,"a,d"
Shanghai,Mean_Age_Score,38.13753973,-0.5751627088,"a,d"
Guangzhou,Mean_Age_Score,36.1944413,-0.5492274761,"a,d"
Shanghai,Mean_Age_Score,42.10917711,-0.09078896046,"a,d"
Shanghai,Mean_Age_Score,46.84756587,0.1978806555,"a,d"
Wuhan,Mean_Age_Score,43.01502745,0.1059699431,"a,d"
Shanghai,Mean_Age_Score,46.18714162,0.1941426247,"a,d"
Shanghai,Mean_Age_Score,38.13755202,-0.2884027958,"a,d"
Shanghai,Mean_Age_Score,42.10919028,0.07723558694,"a,d"
Shanghai,Mean_Age_Score,42.10916437,-0.2041544765,"a,d"
Shanghai,Mean_Age_Score,40.61186912,0.2031788528,"a,d"
Shanghai,Mean_Age_Score,38.1374929,-0.6550607681,"a,d"
Guangzhou,Mean_Age_Score,36.42617285,-0.4269107282,"a,d"
Wuhan,Mean_Age_Score,41.19147222,0.3986917138,"a,d"
Guangzhou,Mean_Age_Score,35.85462153,-0.5287442207,"a,d"
Shanghai,Mean_Age_Score,47.3220871,0.6814409494,"a,d"
Shanghai,Mean_Age_Score,42.46807655,0.07080520689,"a,d"
Wuhan,Mean_Age_Score,42.40066757,0.166476354,"a,d"
Guangzhou,Mean_Age_Score,35.85461937,-0.4807917476,"a,d"
Shanghai,Mean_Age_Score,39.76475895,-0.2052245289,"a,d"
Beijing,Mean_Age_Score,39.94321883,-0.508495152,"a,d"
Shanghai,Mean_Age_Score,40.29058137,-0.530501008,"a,d"
Shanghai,Mean_Age_Score,42.10919066,0.05587873235,"a,d"
Beijing,Mean_Age_Score,42.25744021,0.05180085823,"a,d"
Beijing,Mean_Age_Score,39.94321552,-0.5989952087,"a,d"
Beijing,Mean_Age_Score,39.94321813,-0.6526623964,"a,d"
Guangzhou,Mean_Age_Score,36.19444742,-0.5706844926,"a,d"
Shanghai,Mean_Age_Score,38.13754,-0.5034914613,"a,d"
Guangzhou,Mean_Age_Score,37.0177,-0.6173580289,"a,d"
Wuhan,Mean_Age_Score,36.50653364,-0.4589736462,"a,d"
Shanghai,Mean_Age_Score,42.10919314,0.0162339136,"a,d"
Shanghai,Mean_Age_Score,39.76458884,-0.5905196071,"a,d"
Beijing,Mean_Age_Score,41.39544441,0.009607814252,"a,d"
Guangzhou,Mean_Age_Score,41.21844543,0.02645915002,"a,d"
Shanghai,Mean_Age_Score,47.32208525,0.4982264638,"a,d"
Shanghai,Mean_Age_Score,46.59108377,0.4230918884,"a,d"
Shanghai,Mean_Age_Score,40.57825178,-0.3580112755,"a,d"
Shanghai,Mean_Age_Score,42.46807854,0.03742903844,"a,d"
Shanghai,Mean_Age_Score,46.84757036,0.361399442,"a,d"
Shanghai,Mean_Age_Score,38.13752328,-0.9455009699,"a,d"
Shanghai,Mean_Age_Score,38.13754357,-0.5827063322,"a,d"
Beijing,Mean_Age_Score,38.95795706,-0.6006893516,"a,d"
Beijing,Mean_Age_Score,45.32824308,0.2283083349,"a,d"
Guangzhou,Mean_Age_Score,37.01766425,-0.6283961535,"a,d"
Wuhan,Mean_Age_Score,40.84494785,0.02716003545,"a,d"
Shanghai,Mean_Age_Score,47.32207975,0.4314363003,"a,d"
Wuhan,Mean_Age_Score,43.01504445,0.5157934427,"a,d"
Shanghai,Mean_Age_Score,39.76477213,-0.8440976143,"a,d"
Shanghai,Mean_Age_Score,40.57825168,-0.2554822862,"a,d"
Shanghai,Mean_Age_Score,40.29058757,-0.6711629629,"a,d"
Shanghai,Mean_Age_Score,46.59107856,0.3009451926,"a,d"
Shanghai,Mean_Age_Score,40.61185419,-0.4302002192,"a,d"
Shanghai,Mean_Age_Score,42.10919639,0.03254928812,"a,d"
Wuhan,Mean_Age_Score,39.83718999,-0.4876784086,"a,d"
Wuhan,Mean_Age_Score,41.96443296,-0.206409961,"a,d"
Shanghai,Mean_Age_Score,40.29059658,-0.4119219184,"a,d"
Guangzhou,Mean_Age_Score,37.01763539,-0.5122191906,"a,d"
Shanghai,Mean_Age_Score,42.10905148,-0.182860747,"a,d"
Shanghai,Mean_Age_Score,42.10918416,-0.01793288626,"a,d"
Shanghai,Mean_Age_Score,40.29059386,-0.6688028574,"a,d"
Beijing,Mean_Age_Score,41.53933464,-0.1296093017,"a,d"
Shanghai,Mean_Age_Score,38.13755068,-0.4891652167,"a,d"
Shanghai,Mean_Age_Score,40.29058727,-0.5760487318,"a,d"
Beijing,Mean_Age_Score,38.95798159,-0.6589711308,"a,d"
Wuhan,Mean_Age_Score,40.42730388,-0.4789082408,"a,d"
Wuhan,Mean_Age_Score,39.83715401,-0.5147128105,"a,d"
Wuhan,Mean_Age_Score,43.01503538,0.1769313812,"a,d"
Wuhan,Mean_Age_Score,35.70671735,-0.8413427472,"a,d"
Wuhan,Mean_Age_Score,44.86030686,0.2363252938,"a,d"
Shanghai,Mean_Age_Score,45.87431388,0.2370378673,"a,d"
Shanghai,Mean_Age_Score,42.46807081,-0.004389426205,"a,d"
Shanghai,Mean_Age_Score,42.46807096,0.05402069166,"a,d"
Beijing,Mean_Age_Score,41.53933852,0.02043129504,"a,d"
Shanghai,Mean_Age_Score,38.13754758,-0.5371210575,"a,d"
Beijing,Mean_Age_Score,38.95799319,-0.8779096007,"a,d"
Shanghai,Mean_Age_Score,42.1091153,-0.1815267801,"a,d"
Shanghai,Mean_Age_Score,40.61186785,0.3403286338,"a,d"
Wuhan,Mean_Age_Score,42.88787532,0.09066362679,"a,d"
Beijing,Mean_Age_Score,41.3161861,0.03197678179,"a,d"
Shanghai,Mean_Age_Score,42.10919604,0.1889149398,"a,d"
Shanghai,Mean_Age_Score,38.13755037,-0.6459237933,"a,d"
Shanghai,Mean_Age_Score,40.61185415,-0.3061254323,"a,d"
Shanghai,Mean_Age_Score,40.29059442,-0.3492647409,"a,d"
Wuhan,Mean_Age_Score,42.14827768,0.06788056344,"a,d"
Beijing,Mean_Age_Score,41.39539143,-0.05215526,"a,d"
Shanghai,Mean_Age_Score,42.468077,0.05630024895,"a,d"
Guangzhou,Mean_Age_Score,36.19438377,-0.4749627709,"a,d"
Shanghai,Mean_Age_Score,42.10916173,-0.2628634572,"a,d"
Guangzhou,Mean_Age_Score,36.19443949,-1.17110312,"a,d"
Guangzhou,Mean_Age_Score,41.21845966,0.3944301903,"a,d"
Shanghai,Mean_Age_Score,40.6118667,0.20608069,"a,d"
Wuhan,Mean_Age_Score,41.93642979,-0.2117516249,"a,d"
Shanghai,Mean_Age_Score,45.87431683,0.1792512238,"a,d"
Shanghai,Mean_Age_Score,46.591085,0.31798926,"a,d"
Wuhan,Mean_Age_Score,36.50652697,-0.5819215178,"a,d"
Wuhan,Mean_Age_Score,39.83719495,-0.6784175038,"a,d"
Wuhan,Mean_Age_Score,41.9363832,-0.1587661505,"a,d"
Shanghai,Mean_Age_Score,45.87430857,0.2339854091,"a,d"
Beijing,Mean_Age_Score,38.95798415,-0.6671417952,"a,d"
Shanghai,Mean_Age_Score,40.61186527,0.3367924988,"a,d"
Shanghai,Mean_Age_Score,42.46806798,0.04849387333,"a,d"
Shanghai,Mean_Age_Score,42.46807599,0.01350459829,"a,d"
Shanghai,Mean_Age_Score,39.76476506,-0.9044669867,"a,d"
Wuhan,Mean_Age_Score,44.8603269,0.5399597883,"a,d"
Shanghai,Mean_Age_Score,40.61184567,-0.4157440066,"a,d"
Shanghai,Mean_Age_Score,42.10919219,0.001002404839,"a,d"
Guangzhou,Mean_Age_Score,37.01770763,-1.04215765,"a,d"
Shanghai,Mean_Age_Score,43.94872875,0.231380567,"a,d"
Shanghai,Mean_Age_Score,40.61186283,-0.05052502826,"a,d"
Shanghai,Mean_Age_Score,40.29058225,-0.601074338,"a,d"
Shanghai,Mean_Age_Score,42.10907645,-0.1821070611,"a,d"
Shanghai,Mean_Age_Score,46.33150731,0.5285937786,"a,d"
Shanghai,Mean_Age_Score,40.6118623,-0.07118383795,"a,d"
Shanghai,Mean_Age_Score,39.7647508,-0.3297348917,"a,d"
Shanghai,Mean_Age_Score,39.76476744,-0.6950110197,"a,d"
Shanghai,Mean_Age_Score,42.10919042,-0.1272098869,"a,d"
Shanghai,Mean_Age_Score,40.12085718,-0.5757687092,"a,d"
Shanghai,Mean_Age_Score,38.13752737,-0.3722412288,"a,d"
Shanghai,Mean_Age_Score,38.13751959,-0.4056016207,"a,d"
Shanghai,Mean_Age_Score,42.10918971,-0.0380826667,"a,d"
Shanghai,Mean_Age_Score,47.32208178,0.4921174943,"a,d"
Shanghai,Mean_Age_Score,46.18714629,0.4267112613,"a,d"
Shanghai,Mean_Age_Score,42.1091869,-0.1526677608,"a,d"
Shanghai,Mean_Age_Score,46.59108576,0.3782415688,"a,d"
Shanghai,Mean_Age_Score,40.57825335,-0.1820677072,"a,d"
Shanghai,Mean_Age_Score,40.29058994,-0.6379513144,"a,d"
Guangzhou,Mean_Age_Score,36.19444931,-0.904012382,"a,d"
Beijing,Mean_Age_Score,39.07338219,-0.4872900248,"a,d"
Shanghai,Mean_Age_Score,46.33151225,0.3356123269,"a,d"
Shanghai,Mean_Age_Score,38.13746809,-0.6369663477,"a,d"
Shanghai,Mean_Age_Score,42.10919061,0.04760124534,"a,d"
Wuhan,Mean_Age_Score,41.93645044,-0.09419099241,"a,d"
Shanghai,Mean_Age_Score,39.76473078,-0.6501758695,"a,d"
Shanghai,Mean_Age_Score,39.76470749,-0.539192915,"a,d"
Beijing,Mean_Age_Score,41.39545982,-0.01668822952,"a,d"
Guangzhou,Mean_Age_Score,36.19442607,-0.5126714706,"a,d"
Wuhan,Mean_Age_Score,36.50642991,-0.3302539885,"a,d"
Shanghai,Mean_Age_Score,38.13754636,-0.4262457192,"a,d"
Shanghai,Mean_Age_Score,39.7647161,-0.3517166376,"a,d"
Shanghai,Mean_Age_Score,39.76472539,-0.6547880769,"a,d"
Beijing,Mean_Age_Score,42.3609287,-0.1193815768,"a,d"
Shanghai,Mean_Age_Score,40.61182814,-0.3585866988,"a,d"
Shanghai,Mean_Age_Score,40.61134647,-0.1899588108,"a,d"
Wuhan,Mean_Age_Score,41.19146372,0.2501161397,"a,d"
Shanghai,Mean_Age_Score,38.13752809,-0.390920192,"a,d"
Shanghai,Mean_Age_Score,42.10919504,-0.1089318693,"a,d"
Shanghai,Mean_Age_Score,40.57820377,-0.571075201,"a,d"
Shanghai,Mean_Age_Score,38.13753597,-0.6663658619,"a,d"
Shanghai,Mean_Age_Score,38.13753612,-0.9108222723,"a,d"
Wuhan,Mean_Age_Score,42.14827831,0.09895946085,"a,d"
Guangzhou,Mean_Age_Score,35.85462277,-0.4110296667,"a,d"
Shanghai,Mean_Age_Score,42.46806466,-0.0006952523254,"a,d"
Beijing,Mean_Age_Score,39.94320436,-0.5420607924,"a,d"
Guangzhou,Mean_Age_Score,36.19427548,-0.3662853241,"a,d"
Shanghai,Mean_Age_Score,46.59108065,0.3663806021,"a,d"
Shanghai,Mean_Age_Score,42.10919034,0.04287074879,"a,d"
Beijing,Mean_Age_Score,39.943218,-0.8697069287,"a,d"
Shanghai,Mean_Age_Score,38.13751313,-0.6780344844,"a,d"
Beijing,Mean_Age_Score,38.9579598,-0.6768478155,"a,d"
Shanghai,Mean_Age_Score,42.46807565,0.090425767,"a,d"
Guangzhou,Mean_Age_Score,35.85461641,-0.2091489136,"a,d"
Shanghai,Mean_Age_Score,38.13753729,-0.702670455,"a,d"
Guangzhou,Mean_Age_Score,35.85462178,-0.691940546,"a,d"
Shanghai,Mean_Age_Score,46.84757118,0.2789859474,"a,d"
Guangzhou,Mean_Age_Score,36.1943644,-0.4648460746,"a,d"
Shanghai,Mean_Age_Score,42.10918682,-0.01120260078,"a,d"
Shanghai,Mean_Age_Score,40.61185025,-0.2342284322,"a,d"
Shanghai,Mean_Age_Score,38.13753734,-0.5545400381,"a,d"
Shanghai,Mean_Age_Score,42.10919158,0.1128996685,"a,d"
Wuhan,Mean_Age_Score,41.93643795,-0.08675028384,"a,d"
Shanghai,Mean_Age_Score,46.18713989,0.1214207113,"a,d"
Beijing,Mean_Age_Score,41.95211768,0.006132889539,"a,d"
Shanghai,Mean_Age_Score,42.10919133,-0.001392913051,"a,d"
Wuhan,Mean_Age_Score,42.14826234,0.001488148584,"a,d"
Shanghai,Mean_Age_Score,40.29059645,-0.7452697754,"a,d"
Shanghai,Mean_Age_Score,45.87431639,0.2631164491,"a,d"
Beijing,Mean_Age_Score,41.39544814,-0.1151393652,"a,d"
Shanghai,Mean_Age_Score,38.1375449,-0.5410917401,"a,d"
Shanghai,Mean_Age_Score,39.7647684,-0.6791530848,"a,d"
Guangzhou,Mean_Age_Score,36.42616432,-0.4820851982,"a,d"
Beijing,Mean_Age_Score,41.31624729,0.2136811167,"a,d"
Guangzhou,Mean_Age_Score,37.07249169,-0.3395098448,"a,d"
Shanghai,Mean_Age_Score,40.2905718,-0.7360808253,"a,d"
Shanghai,Mean_Age_Score,47.32208319,0.4520473778,"a,d"
Shanghai,Mean_Age_Score,42.10919196,0.02059253119,"a,d"
Shanghai,Mean_Age_Score,42.10919501,0.1116239876,"a,d"
Shanghai,Mean_Age_Score,40.6118615,-0.02058910951,"a,d"
Shanghai,Mean_Age_Score,42.10917142,-0.28415218,"a,d"
Shanghai,Mean_Age_Score,40.61186869,0.4078829587,"a,d"
Wuhan,Mean_Age_Score,40.84488008,0.1020817608,"a,d"
Shanghai,Mean_Age_Score,38.1375439,-0.4645875394,"a,d"
Wuhan,Mean_Age_Score,36.50653439,-0.7661757469,"a,d"
Shanghai,Mean_Age_Score,42.46807437,0.02499084175,"a,d"
Shanghai,Mean_Age_Score,38.13753901,-0.8569096327,"a,d"
Shanghai,Mean_Age_Score,40.61186317,-0.2176830024,"a,d"
Shanghai,Mean_Age_Score,42.46807545,-0.003361113369,"a,d"
Shanghai,Mean_Age_Score,42.10918715,-0.269225657,"a,d"
Wuhan,Mean_Age_Score,35.70671532,-0.7362075448,"a,d"
Shanghai,Mean_Age_Score,40.61185569,-0.453134656,"a,d"
Beijing,Mean_Age_Score,39.07338524,-0.9730439186,"a,d"
Shanghai,Mean_Age_Score,46.84756834,0.3021475077,"a,d"
Shanghai,Mean_Age_Score,40.29056442,-0.5208827257,"a,d"
Beijing,Mean_Age_Score,41.31624048,0.1270647049,"a,d"
Guangzhou,Mean_Age_Score,41.21844503,0.03075771779,"a,d"
Shanghai,Mean_Age_Score,45.87431171,0.3011173606,"a,d"
Shanghai,Mean_Age_Score,42.46806333,0.07277153432,"a,d"
Shanghai,Mean_Age_Score,46.59107592,0.5726669431,"a,d"
Shanghai,Mean_Age_Score,42.10919531,0.08038440347,"a,d"
Shanghai,Mean_Age_Score,42.46807176,0.1972566098,"a,d"
Shanghai,Mean_Age_Score,42.46807436,0.0172254052,"a,d"
Shanghai,Mean_Age_Score,46.84757087,0.411278218,"a,d"
Guangzhou,Mean_Age_Score,36.19443791,-0.7847050428,"a,d"
Guangzhou,Mean_Age_Score,36.19442533,-0.5110312104,"a,d"
Wuhan,Mean_Age_Score,39.83719669,-0.6552817822,"a,d"
Shanghai,Mean_Age_Score,39.76476945,-0.3053915501,"a,d"
Guangzhou,Mean_Age_Score,36.19438574,-0.3480521441,"a,d"
Shanghai,Mean_Age_Score,40.6118485,-0.3073552251,"a,d"
Beijing,Mean_Age_Score,38.95800173,-0.6602003574,"a,d"
Wuhan,Mean_Age_Score,43.01504432,0.3719418347,"a,d"
Shanghai,Mean_Age_Score,42.46807821,0.05780046806,"a,d"
Beijing,Mean_Age_Score,39.94322196,-0.6911289096,"a,d"
Wuhan,Mean_Age_Score,35.70671576,-0.4967825115,"a,d"
Wuhan,Mean_Age_Score,35.70672277,-0.6054615378,"a,d"
Shanghai,Mean_Age_Score,40.61186184,-0.06216929853,"a,d"
Guangzhou,Mean_Age_Score,36.54020181,-0.6173608899,"a,d"
Shanghai,Mean_Age_Score,46.18715347,0.3220825791,"a,d"
Shanghai,Mean_Age_Score,46.84757119,0.3889926076,"a,d"
Shanghai,Mean_Age_Score,46.591082,0.6798596978,"a,d"
Shanghai,Mean_Age_Score,38.1375304,-0.6471962929,"a,d"
Wuhan,Mean_Age_Score,43.01504534,0.4614723921,"a,d"
Guangzhou,Mean_Age_Score,35.85456233,-0.1773334146,"a,d"
Guangzhou,Mean_Age_Score,36.19440885,-0.4372646809,"a,d"
Guangzhou,Mean_Age_Score,37.01761871,-0.5282281041,"a,d"
Shanghai,Mean_Age_Score,40.29052041,-0.4926517606,"a,d"
Wuhan,Mean_Age_Score,43.01504005,0.2684128582,"a,d"
Wuhan,Mean_Age_Score,35.70672347,-0.6640586853,"a,d"
Wuhan,Mean_Age_Score,35.7067226,-0.7984355688,"a,d"
Shanghai,Mean_Age_Score,40.29058568,-0.5340111852,"a,d"
Shanghai,Mean_Age_Score,46.42674172,0.2253097594,"a,d"
Guangzhou,Mean_Age_Score,36.19441458,-0.1882310063,"a,d"
Shanghai,Mean_Age_Score,42.1091519,-0.1769611686,"a,d"
Shanghai,Mean_Age_Score,40.6118634,-0.0998216942,"a,d"
Wuhan,Mean_Age_Score,35.70671638,-0.9998828769,"a,d"
Shanghai,Mean_Age_Score,42.1091922,0.00204343698,"a,d"
Wuhan,Mean_Age_Score,35.70672186,-0.7481871843,"a,d"
Shanghai,Mean_Age_Score,40.2905957,-0.6900632977,"a,d"
Shanghai,Mean_Age_Score,40.29059291,-0.3581634164,"a,d"
Shanghai,Mean_Age_Score,39.76476242,-0.6575930119,"a,d"
Shanghai,Mean_Age_Score,39.76477039,-0.595707655,"a,d"
Guangzhou,Mean_Age_Score,36.54016216,-0.41699633,"a,d"
Shanghai,Mean_Age_Score,40.29058179,-0.594779253,"a,d"
Wuhan,Mean_Age_Score,40.84480322,-0.08306082338,"a,d"
Wuhan,Mean_Age_Score,42.14827278,0.1660714597,"a,d"
Shanghai,Mean_Age_Score,45.87431704,-0.1105995551,"a,d"
Wuhan,Mean_Age_Score,43.01504,0.2133136541,"a,d"
Shanghai,Mean_Age_Score,46.33150775,0.4244267642,"a,d"
Shanghai,Mean_Age_Score,42.1091896,-0.05940059945,"a,d"
Shanghai,Mean_Age_Score,46.59107954,0.274141252,"a,d"
Shanghai,Mean_Age_Score,46.59107088,0.3379490972,"a,d"
Guangzhou,Mean_Age_Score,35.85458057,-0.3140805364,"a,d"
Wuhan,Mean_Age_Score,36.50647145,-0.6651750803,"a,d"
Wuhan,Mean_Age_Score,44.86032445,0.1831841618,"a,d"
Beijing,Mean_Age_Score,38.9579954,-0.6760104299,"a,d"
Shanghai,Mean_Age_Score,42.10918613,0.003650788683,"a,d"
Shanghai,Mean_Age_Score,40.29057404,-0.6854606271,"a,d"
Shanghai,Mean_Age_Score,42.10919369,0.09174561501,"a,d"
Shanghai,Mean_Age_Score,40.61181769,-0.4330251515,"a,d"
Beijing,Mean_Age_Score,38.95799775,-0.5098389983,"a,d"
Beijing,Mean_Age_Score,41.53933278,-0.07889269292,"a,d"
Shanghai,Mean_Age_Score,38.13753996,-0.5419874191,"a,d"
Wuhan,Mean_Age_Score,39.83712731,-0.5850827694,"a,d"
Beijing,Mean_Age_Score,38.95799851,-0.4491891563,"a,d"
Shanghai,Mean_Age_Score,42.10918781,-0.0861986503,"a,d"
Shanghai,Mean_Age_Score,42.10919246,0.01621614024,"a,d"
Shanghai,Mean_Age_Score,42.10918851,-0.06997308135,"a,d"
Shanghai,Mean_Age_Score,38.13753094,-0.6671618819,"a,d"
Guangzhou,Mean_Age_Score,36.19442801,-0.5403481126,"a,d"
Wuhan,Mean_Age_Score,42.88783284,0.134628579,"a,d"
Guangzhou,Mean_Age_Score,41.21845903,0.3192745149,"a,d"
Guangzhou,Mean_Age_Score,36.19443517,-0.5420089364,"a,d"
Wuhan,Mean_Age_Score,36.50642524,-0.4354242086,"a,d"
Shanghai,Mean_Age_Score,46.59108427,0.3101433218,"a,d"
Guangzhou,Mean_Age_Score,35.85462199,-0.9003449678,"a,d"
Guangzhou,Mean_Age_Score,36.19428503,-0.2590795457,"a,d"
Shanghai,Mean_Age_Score,40.29057009,-0.5685322285,"a,d"
Shanghai,Mean_Age_Score,42.10918767,-0.01294903271,"a,d"
Shanghai,Mean_Age_Score,40.2905944,-0.4980921745,"a,d"
Wuhan,Mean_Age_Score,39.83720122,-0.5423260927,"a,d"
Beijing,Mean_Age_Score,44.70028241,0.09520021826,"a,d"
Shanghai,Mean_Age_Score,46.59108689,0.3846484125,"a,d"
Shanghai,Mean_Age_Score,39.76472852,-0.4796273112,"a,d"
Guangzhou,Mean_Age_Score,36.19440202,-0.5418154001,"a,d"
Shanghai,Mean_Age_Score,38.13741465,-0.1797356308,"a,d"
Shanghai,Mean_Age_Score,40.61185989,-0.4447309375,"a,d"
Shanghai,Mean_Age_Score,42.10916057,-0.2244865298,"a,d"
Guangzhou,Mean_Age_Score,36.19441029,-0.4596892297,"a,d"
Shanghai,Mean_Age_Score,42.46807666,0.0293439962,"a,d"
Shanghai,Mean_Age_Score,39.7647696,-0.5913345814,"a,d"
Shanghai,Mean_Age_Score,42.10919256,-0.009493685327,"a,d"
Shanghai,Mean_Age_Score,40.61180592,-0.4217590094,"a,d"
Shanghai,Mean_Age_Score,43.94872166,0.04542957991,"a,d"
Shanghai,Mean_Age_Score,42.46807796,-0.06575788558,"a,d"
Shanghai,Mean_Age_Score,40.61186551,0.2060368061,"a,d"
Shanghai,Mean_Age_Score,42.10918685,-0.01789757609,"a,d"
Shanghai,Mean_Age_Score,42.46807584,0.0521562621,"a,d"
Shanghai,Mean_Age_Score,42.10918969,-0.00503255846,"a,d"
Beijing,Mean_Age_Score,39.94321916,-0.7888876796,"a,d"
Shanghai,Mean_Age_Score,38.13751267,-0.5127605796,"a,d"
Shanghai,Mean_Age_Score,38.13753872,-0.4847477078,"a,d"
Guangzhou,Mean_Age_Score,37.01764805,-0.65958184,"a,d"
Wuhan,Mean_Age_Score,39.8371893,-0.7409396172,"a,d"
Shanghai,Mean_Age_Score,46.33151578,0.4291128814,"a,d"
Shanghai,Mean_Age_Score,46.84756561,0.2901603878,"a,d"
Wuhan,Mean_Age_Score,42.88787224,-0.05314572155,"a,d"
Shanghai,Mean_Age_Score,42.10919213,-0.02941135503,"a,d"
Guangzhou,Mean_Age_Score,43.17689395,0.3940891623,"a,d"
Shanghai,Mean_Age_Score,40.61186479,0.3363112211,"a,d"
Wuhan,Mean_Age_Score,40.84485207,-0.04444506392,"a,d"
Beijing,Mean_Age_Score,41.39544431,-0.08297631145,"a,d"
Shanghai,Mean_Age_Score,39.76472147,-0.5804118514,"a,d"
Shanghai,Mean_Age_Score,42.46807387,-0.1146538407,"a,d"
Shanghai,Mean_Age_Score,40.29059029,-0.5332558155,"a,d"
Guangzhou,Mean_Age_Score,36.19442865,-0.4463583231,"a,d"
Shanghai,Mean_Age_Score,47.32208374,0.4696002901,"a,d"
Shanghai,Mean_Age_Score,42.46806263,0.3171067834,"a,d"
Beijing,Mean_Age_Score,38.95799813,-0.7383159399,"a,d"
Wuhan,Mean_Age_Score,36.50647377,-0.2072793841,"a,d"
Shanghai,Mean_Age_Score,39.76476814,-0.2865599096,"a,d"
Wuhan,Mean_Age_Score,35.70672373,-0.9337695837,"a,d"
Guangzhou,Mean_Age_Score,42.95037307,0.07792390883,"a,d"
Wuhan,Mean_Age_Score,43.01504592,0.311239481,"a,d"
Beijing,Mean_Age_Score,45.32823801,0.1070633307,"a,d"
Shanghai,Mean_Age_Score,38.13753811,-0.6059525609,"a,d"
Guangzhou,Mean_Age_Score,36.19436985,-0.4521985948,"a,d"
Shanghai,Mean_Age_Score,43.94870425,0.03855495527,"a,d"
Guangzhou,Mean_Age_Score,36.19444902,-0.6179574728,"a,d"
Guangzhou,Mean_Age_Score,37.01764269,-0.4387686849,"a,d"
Shanghai,Mean_Age_Score,40.57825324,-0.2991229892,"a,d"
Shanghai,Mean_Age_Score,46.1871455,0.07657445222,"a,d"
Guangzhou,Mean_Age_Score,37.18795796,-0.387726754,"a,d"
Shanghai,Mean_Age_Score,42.10919289,-0.01742470264,"a,d"
Shanghai,Mean_Age_Score,39.76475648,-0.6500982046,"a,d"
Beijing,Mean_Age_Score,42.25744079,-0.01217257697,"a,d"
Beijing,Mean_Age_Score,39.07334367,-0.5666134953,"a,d"
Shanghai,Mean_Age_Score,42.46806972,0.2156595886,"a,d"
Shanghai,Mean_Age_Score,40.61186914,0.1879493296,"a,d"
Shanghai,Mean_Age_Score,40.61185125,-0.4357785285,"a,d"
Shanghai,Mean_Age_Score,40.61185882,-0.2854956388,"a,d"
Guangzhou,Mean_Age_Score,36.19430774,-0.376226902,"a,d"
Wuhan,Mean_Age_Score,35.70672131,-1.133286238,"a,d"
Shanghai,Mean_Age_Score,42.10919089,0.1151269376,"a,d"
Beijing,Mean_Age_Score,41.39546047,-0.05251938105,"a,d"
Shanghai,Mean_Age_Score,40.29057705,-0.6530459523,"a,d"
Guangzhou,Mean_Age_Score,36.194449,-0.3279178441,"a,d"
Shanghai,Mean_Age_Score,40.61182716,-0.146762386,"a,d"
Shanghai,Mean_Age_Score,46.8475717,0.3573445678,"a,d"
Shanghai,Mean_Age_Score,42.10919058,0.0773320049,"a,d"
Wuhan,Mean_Age_Score,42.14821735,0.08228965849,"a,d"
Shanghai,Mean_Age_Score,45.87431595,0.2850527167,"a,d"
Shanghai,Mean_Age_Score,47.32207681,0.4252012074,"a,d"
Shanghai,Mean_Age_Score,42.10919585,0.04223216325,"a,d"
Shanghai,Mean_Age_Score,46.42673968,0.3140673339,"a,d"
Guangzhou,Mean_Age_Score,36.19442851,-0.3518856168,"a,d"
Shanghai,Mean_Age_Score,40.29059098,-0.7515462041,"a,d"
Shanghai,Mean_Age_Score,40.61186787,0.423156023,"a,d"
Shanghai,Mean_Age_Score,46.18713993,0.4073536396,"a,d"
Wuhan,Mean_Age_Score,41.93645106,-0.1102682948,"a,d"
Wuhan,Mean_Age_Score,35.70671824,-0.8562761545,"a,d"
Shanghai,Mean_Age_Score,40.61178361,-0.3017553687,"a,d"
Guangzhou,Mean_Age_Score,36.19443382,-1.025603294,"a,d"
Guangzhou,Mean_Age_Score,37.01768294,-0.5907263756,"a,d"
Wuhan,Mean_Age_Score,36.50653469,-0.5672702789,"a,d"
Shanghai,Mean_Age_Score,45.8743169,0.3905054033,"a,d"
Shanghai,Mean_Age_Score,40.29059365,-0.5424782634,"a,d"
Shanghai,Mean_Age_Score,42.46807133,0.2180540264,"a,d"
Guangzhou,Mean_Age_Score,35.85462415,-0.6209175587,"a,d"
Shanghai,Mean_Age_Score,40.29058469,-0.9410852194,"a,d"
Shanghai,Mean_Age_Score,39.76476337,-0.4630553424,"a,d"
Shanghai,Mean_Age_Score,45.87431619,0.380413115,"a,d"
Wuhan,Mean_Age_Score,43.0150407,0.2831090391,"a,d"
Shanghai,Mean_Age_Score,40.29059577,-0.6523138881,"a,d"
Guangzhou,Mean_Age_Score,37.07255507,-0.4651855826,"a,d"
Wuhan,Mean_Age_Score,35.70672551,-0.7473794818,"a,d"
Beijing,Mean_Age_Score,42.36093431,0.08735423535,"a,d"
Shanghai,Mean_Age_Score,46.18714919,0.2809619308,"a,d"
Shanghai,Mean_Age_Score,46.33151027,0.385935992,"a,d"
Shanghai,Mean_Age_Score,43.94871742,0.3302861154,"a,d"
Shanghai,Mean_Age_Score,38.13746874,-0.5903565884,"a,d"
Wuhan,Mean_Age_Score,42.40066663,0.09592466056,"a,d"
Shanghai,Mean_Age_Score,42.46806688,0.1558278948,"a,d"
Wuhan,Mean_Age_Score,42.8878702,-0.01625347696,"a,d"
Shanghai,Mean_Age_Score,42.46807981,0.005994410254,"a,d"
Shanghai,Mean_Age_Score,42.1091651,-0.1976988614,"a,d"
Shanghai,Mean_Age_Score,38.13752123,-0.5245576501,"a,d"
Shanghai,Mean_Age_Score,46.33151159,0.3640535176,"a,d"
Beijing,Mean_Age_Score,38.95798593,-0.5243917704,"a,d"
Shanghai,Mean_Age_Score,40.29059632,-0.5166514516,"a,d"
Shanghai,Mean_Age_Score,40.29059149,-0.5885805488,"a,d"
Beijing,Mean_Age_Score,38.95790361,-0.5443251133,"a,d"
Beijing,Mean_Age_Score,41.53933413,-0.01505517587,"a,d"
Shanghai,Mean_Age_Score,40.57825256,-0.3119557202,"a,d"
Wuhan,Mean_Age_Score,41.19146996,0.3636993468,"a,d"
Guangzhou,Mean_Age_Score,37.01768875,-0.6193863153,"a,d"
Shanghai,Mean_Age_Score,42.10919185,0.03773927316,"a,d"
Shanghai,Mean_Age_Score,46.84757011,0.2876660526,"a,d"
Shanghai,Mean_Age_Score,40.61186677,0.2352150679,"a,d"
Shanghai,Mean_Age_Score,42.46807758,-0.05792696774,"a,d"
Beijing,Mean_Age_Score,41.53932146,-0.2405752689,"a,d"
Shanghai,Mean_Age_Score,38.13754758,-0.1707787663,"a,d"
Wuhan,Mean_Age_Score,35.70672372,-0.8621861339,"a,d"
Shanghai,Mean_Age_Score,45.87431642,0.3123398423,"a,d"
Shanghai,Mean_Age_Score,38.13754474,-0.8106309175,"a,d"
Guangzhou,Mean_Age_Score,37.18795912,-0.7863699794,"a,d"
Shanghai,Mean_Age_Score,42.46807566,-0.006674628705,"a,d"
Wuhan,Mean_Age_Score,40.84480042,-0.05428966135,"a,d"
Guangzhou,Mean_Age_Score,35.85462306,-0.4832912683,"a,d"
Shanghai,Mean_Age_Score,39.76476446,-0.7497141957,"a,d"
Wuhan,Mean_Age_Score,36.50626763,-0.2907527983,"a,d"
Wuhan,Mean_Age_Score,43.0150424,0.1547536701,"a,d"
Shanghai,Mean_Age_Score,40.61186755,0.4684249461,"a,d"
Shanghai,Mean_Age_Score,40.29058536,-0.6020708084,"a,d"
Guangzhou,Mean_Age_Score,36.19442833,-0.5356264114,"a,d"
Wuhan,Mean_Age_Score,41.96439561,-0.08567744493,"a,d"
Shanghai,Mean_Age_Score,42.1091913,-0.03512455896,"a,d"
Shanghai,Mean_Age_Score,43.94872608,0.1459434032,"a,d"
Wuhan,Mean_Age_Score,43.01504331,0.4539918303,"a,d"
Guangzhou,Mean_Age_Score,43.17689361,0.2567653954,"a,d"
Wuhan,Mean_Age_Score,35.70672274,-0.5428080559,"a,d"
Guangzhou,Mean_Age_Score,36.19439881,-0.2588053942,"a,d"
Shanghai,Mean_Age_Score,47.62332157,0.4994288683,"a,d"
Shanghai,Mean_Age_Score,39.76476725,-0.4232853055,"a,d"
Beijing,Mean_Age_Score,42.25743361,-0.02574541979,"a,d"
Guangzhou,Mean_Age_Score,36.19443627,-0.5925481915,"a,d"
Wuhan,Mean_Age_Score,35.70671688,-0.758047998,"a,d"
Wuhan,Mean_Age_Score,44.86031814,0.2510161996,"a,d"
Shanghai,Mean_Age_Score,40.29059112,-0.4328839779,"a,d"
Beijing,Mean_Age_Score,39.94321869,-0.6382623315,"a,d"
Beijing,Mean_Age_Score,39.94319525,-0.6774994135,"a,d"
Beijing,Mean_Age_Score,38.95800128,-0.8282524943,"a,d"
Shanghai,Mean_Age_Score,40.29059196,-0.6405034661,"a,d"
Beijing,Mean_Age_Score,41.3954545,0.003987317439,"a,d"
Guangzhou,Mean_Age_Score,36.54013449,-0.5950042009,"a,d"
Shanghai,Mean_Age_Score,42.46806989,0.039027147,"a,d"
Guangzhou,Mean_Age_Score,36.41511796,-0.8033515811,"a,d"
Shanghai,Mean_Age_Score,38.13753699,-0.6734570265,"a,d"
Wuhan,Mean_Age_Score,42.14827658,-0.02927777916,"a,d"
Shanghai,Mean_Age_Score,46.84756701,0.3890161812,"a,d"
Shanghai,Mean_Age_Score,42.10916571,-0.08228984475,"a,d"
Wuhan,Mean_Age_Score,35.70671319,-0.6543594003,"a,d"
Shanghai,Mean_Age_Score,40.61185526,-0.2526896596,"a,d"
Shanghai,Mean_Age_Score,42.46807308,0.01231750939,"a,d"
Beijing,Mean_Age_Score,39.94321991,-0.5946934223,"a,d"
Guangzhou,Mean_Age_Score,35.85462293,-0.3521398604,"a,d"
Shanghai,Mean_Age_Score,40.61184788,-0.217734322,"a,d"
Shanghai,Mean_Age_Score,42.10918963,0.01787691191,"a,d"
Shanghai,Mean_Age_Score,40.61186433,0.3574182391,"a,d"
Beijing,Mean_Age_Score,38.95800037,-0.7039182782,"a,d"
Shanghai,Mean_Age_Score,47.32208537,0.5061420202,"a,d"
Guangzhou,Mean_Age_Score,37.18793142,-0.3890703321,"a,d"
Beijing,Mean_Age_Score,41.53933291,-0.1566185504,"a,d"
Shanghai,Mean_Age_Score,47.32208672,0.5082595348,"a,d"
Wuhan,Mean_Age_Score,43.01504527,0.4354980588,"a,d"
Shanghai,Mean_Age_Score,42.10918918,0.01089687366,"a,d"
Beijing,Mean_Age_Score,38.957999,-0.4407504201,"a,d"
Beijing,Mean_Age_Score,45.32824048,0.07338120788,"a,d"
Guangzhou,Mean_Age_Score,37.01766608,-0.6298062801,"a,d"
Shanghai,Mean_Age_Score,45.87431245,0.3591014147,"a,d"
Shanghai,Mean_Age_Score,40.61186474,0.2692160308,"a,d"
Shanghai,Mean_Age_Score,43.94872231,0.1569846123,"a,d"
Wuhan,Mean_Age_Score,43.01503846,0.2977283001,"a,d"
Beijing,Mean_Age_Score,38.95799807,-0.769361794,"a,d"
Shanghai,Mean_Age_Score,42.10919179,-0.01505338494,"a,d"
Shanghai,Mean_Age_Score,42.10918716,-0.1631780118,"a,d"
Shanghai,Mean_Age_Score,46.59108508,0.2447011471,"a,d"
Wuhan,Mean_Age_Score,39.8372036,-0.7417539954,"a,d"
Shanghai,Mean_Age_Score,46.8475702,0.4307509065,"a,d"
Shanghai,Mean_Age_Score,46.84757098,0.3670991957,"a,d"
Shanghai,Mean_Age_Score,46.18713921,0.3821383119,"a,d"
Shanghai,Mean_Age_Score,38.13751125,-0.5150208473,"a,d"
Shanghai,Mean_Age_Score,40.61186866,-0.01562587544,"a,d"
Shanghai,Mean_Age_Score,38.13753744,-0.3980683684,"a,d"
Wuhan,Mean_Age_Score,36.50652216,-0.1728719026,"a,d"
Shanghai,Mean_Age_Score,46.33151404,0.3150374293,"a,d"
Shanghai,Mean_Age_Score,46.33151638,0.4624606967,"a,d"
Beijing,Mean_Age_Score,41.39538553,-0.06514326483,"a,d"
Guangzhou,Mean_Age_Score,36.19439771,-0.3216430843,"a,d"
Shanghai,Mean_Age_Score,38.13751063,-0.7350537777,"a,d"
Shanghai,Mean_Age_Score,46.18714984,0.5524567366,"a,d"
Shanghai,Mean_Age_Score,46.18715319,0.2952847481,"a,d"
Shanghai,Mean_Age_Score,38.13752748,-0.5908657312,"a,d"
Shanghai,Mean_Age_Score,40.61186642,0.4231103063,"a,d"
Wuhan,Mean_Age_Score,43.01504025,0.2075793147,"a,d"
Shanghai,Mean_Age_Score,46.3315112,0.3891189396,"a,d"
Wuhan,Mean_Age_Score,35.70672382,-0.531042099,"a,d"
Shanghai,Mean_Age_Score,47.32208259,0.4271395206,"a,d"
Shanghai,Mean_Age_Score,40.29058886,-0.5430029035,"a,d"
Shanghai,Mean_Age_Score,42.10917576,-0.1176542118,"a,d"
Wuhan,Mean_Age_Score,42.14827418,-0.0206505619,"a,d"
Wuhan,Mean_Age_Score,42.14827644,-0.0002674427815,"a,d"
Shanghai,Mean_Age_Score,42.10916026,-0.190789476,"a,d"
Shanghai,Mean_Age_Score,39.76476813,-0.7954275012,"a,d"
Guangzhou,Mean_Age_Score,37.0176775,-0.6584050059,"a,d"
Shanghai,Mean_Age_Score,46.18715298,0.2859164178,"a,d"
Shanghai,Mean_Age_Score,39.76473642,-0.644077599,"a,d"
Shanghai,Mean_Age_Score,40.61186457,0.2685192227,"a,d"
Wuhan,Mean_Age_Score,42.14827729,-0.01220339164,"a,d"
Shanghai,Mean_Age_Score,46.84757078,0.258048445,"a,d"
Guangzhou,Mean_Age_Score,36.1944029,-0.3879771829,"a,d"
Wuhan,Mean_Age_Score,41.93641368,-0.07971609384,"a,d"
Shanghai,Mean_Age_Score,40.29057939,-0.4699674547,"a,d"
Shanghai,Mean_Age_Score,38.13754016,-0.8723061681,"a,d"
Shanghai,Mean_Age_Score,40.29059351,-0.7709932923,"a,d"
Guangzhou,Mean_Age_Score,41.21845768,0.4526117146,"a,d"
Guangzhou,Mean_Age_Score,36.19436724,-0.3468286395,"a,d"
Shanghai,Mean_Age_Score,39.76473107,-0.561401546,"a,d"
Shanghai,Mean_Age_Score,42.46807507,0.01874466799,"a,d"
Guangzhou,Mean_Age_Score,36.54018775,-0.7154349089,"a,d"
Beijing,Mean_Age_Score,39.94321731,-0.7087131143,"a,d"
Shanghai,Mean_Age_Score,42.10919332,0.008271344006,"a,d"
Beijing,Mean_Age_Score,38.95800063,-0.7632408142,"a,d"
Shanghai,Mean_Age_Score,42.10916584,-0.2001059949,"a,d"
Guangzhou,Mean_Age_Score,43.17689135,0.4996631444,"a,d"
Wuhan,Mean_Age_Score,36.50648133,-0.1225604415,"a,d"
Shanghai,Mean_Age_Score,40.61186775,0.2242711931,"a,d"
Beijing,Mean_Age_Score,39.9432197,-0.8820536733,"a,d"
Shanghai,Mean_Age_Score,42.1091889,-0.1251599938,"a,d"
Shanghai,Mean_Age_Score,39.76462037,-0.281760186,"a,d"
Wuhan,Mean_Age_Score,42.40064816,0.03423556313,"a,d"
Shanghai,Mean_Age_Score,46.84756856,0.3071880639,"a,d"
Beijing,Mean_Age_Score,38.95797417,-0.6362413168,"a,d"
Shanghai,Mean_Age_Score,47.32208678,0.3326542675,"a,d"
Guangzhou,Mean_Age_Score,36.19442132,-1.023223758,"a,d"
Shanghai,Mean_Age_Score,40.29054974,-0.6433393955,"a,d"
Beijing,Mean_Age_Score,39.94322129,-0.9528904557,"a,d"
Shanghai,Mean_Age_Score,46.59108626,0.4799887836,"a,d"
Shanghai,Mean_Age_Score,42.10917843,-0.04811204225,"a,d"
Shanghai,Mean_Age_Score,38.13751603,-0.7525954843,"a,d"
Beijing,Mean_Age_Score,42.25743901,-0.001319691539,"a,d"
Beijing,Mean_Age_Score,42.25743793,0.03150305152,"a,d"
Shanghai,Mean_Age_Score,46.84756897,0.4081396461,"a,d"
Guangzhou,Mean_Age_Score,35.8546212,-0.7339835167,"a,d"
Wuhan,Mean_Age_Score,42.40065752,0.2531310022,"a,d"
Shanghai,Mean_Age_Score,42.46807823,-0.02943894267,"a,d"
Wuhan,Mean_Age_Score,44.86032886,0.4256254435,"a,d"
Shanghai,Mean_Age_Score,42.10918364,-0.04991086572,"a,d"
Wuhan,Mean_Age_Score,41.93642951,-0.2129698098,"a,d"
Beijing,Mean_Age_Score,38.95793298,-0.6078400016,"a,d"
Guangzhou,Mean_Age_Score,41.21845697,0.3428724408,"a,d"
Shanghai,Mean_Age_Score,42.46807499,0.06236629933,"a,d"
Beijing,Mean_Age_Score,41.53933534,0.01429793425,"a,d"
Beijing,Mean_Age_Score,38.95795601,-0.6062777042,"a,d"
Shanghai,Mean_Age_Score,42.10919459,-0.09284497797,"a,d"
Shanghai,Mean_Age_Score,46.84756956,0.339279592,"a,d"
Shanghai,Mean_Age_Score,39.76475709,-0.5750735998,"a,d"
Guangzhou,Mean_Age_Score,36.19437874,-0.4115552008,"a,d"
Shanghai,Mean_Age_Score,40.57825186,-0.0961656794,"a,d"
Shanghai,Mean_Age_Score,43.94871811,-0.002031589858,"a,d"
Shanghai,Mean_Age_Score,40.29057653,-0.7055623531,"a,d"
Shanghai,Mean_Age_Score,42.10918807,-0.04180537537,"a,d"
Shanghai,Mean_Age_Score,38.13754009,-0.6306781769,"a,d"
Wuhan,Mean_Age_Score,43.01504608,0.3192027211,"a,d"
Guangzhou,Mean_Age_Score,35.85462196,-0.4286646843,"a,d"
Shanghai,Mean_Age_Score,40.29059071,-0.5889139771,"a,d"
Shanghai,Mean_Age_Score,42.10918222,-0.06303972006,"a,d"
Beijing,Mean_Age_Score,39.94321805,-0.6653771996,"a,d"
Guangzhou,Mean_Age_Score,37.01768586,-0.6163119078,"a,d"
Beijing,Mean_Age_Score,41.9520593,-0.1667807549,"a,d"
Shanghai,Mean_Age_Score,46.18714841,0.3378787935,"a,d"
Shanghai,Mean_Age_Score,42.1091546,-0.131473437,"a,d"
Wuhan,Mean_Age_Score,39.8371326,-0.5544661283,"a,d"
Shanghai,Mean_Age_Score,45.87431669,0.1954762936,"a,d"
Shanghai,Mean_Age_Score,40.61186204,-0.1557543874,"a,d"
Shanghai,Mean_Age_Score,46.18714736,0.09319074452,"a,d"
Wuhan,Mean_Age_Score,43.01503813,0.2669520974,"a,d"
Shanghai,Mean_Age_Score,42.1091941,0.06266653538,"a,d"
Shanghai,Mean_Age_Score,38.136843,-0.1563798636,"a,d"
Wuhan,Mean_Age_Score,36.50652846,-0.5302893519,"a,d"
Wuhan,Mean_Age_Score,40.84492661,0.09568821639,"a,d"
Shanghai,Mean_Age_Score,39.76475233,-0.3711133301,"a,d"
Shanghai,Mean_Age_Score,46.591081,0.3316092193,"a,d"
Wuhan,Mean_Age_Score,42.14826436,-0.1076127216,"a,d"
Shanghai,Mean_Age_Score,42.46807923,-0.0007113114698,"a,d"
Wuhan,Mean_Age_Score,36.50633713,-0.341669023,"a,d"
Shanghai,Mean_Age_Score,39.76475618,-0.6708114743,"a,d"
Beijing,Mean_Age_Score,41.39540212,-0.222859621,"a,d"
Wuhan,Mean_Age_Score,44.86033022,0.4866223335,"a,d"
Shanghai,Mean_Age_Score,39.76476812,-0.6903015971,"a,d"
Beijing,Mean_Age_Score,42.25744215,0.06564664096,"a,d"
Beijing,Mean_Age_Score,39.07338373,-0.9406900406,"a,d"
Beijing,Mean_Age_Score,38.95799206,-0.38314116,"a,d"
Shanghai,Mean_Age_Score,38.13750983,-0.4033786058,"a,d"
Shanghai,Mean_Age_Score,39.76472509,-0.4617471695,"a,d"
Guangzhou,Mean_Age_Score,37.07253926,-0.6979873776,"a,d"
Shanghai,Mean_Age_Score,46.18715104,0.3420405686,"a,d"
Shanghai,Mean_Age_Score,40.29052273,-0.5963751674,"a,d"
Shanghai,Mean_Age_Score,40.29057782,-0.7423445582,"a,d"
Shanghai,Mean_Age_Score,40.61186696,0.3872333169,"a,d"
Shanghai,Mean_Age_Score,42.10917573,-0.1165655404,"a,d"
Guangzhou,Mean_Age_Score,36.19440845,-0.5628251433,"a,d"
Shanghai,Mean_Age_Score,40.61186365,-0.09221614897,"a,d"
Beijing,Mean_Age_Score,41.39546023,-0.1890081018,"a,d"
Shanghai,Mean_Age_Score,40.61186657,0.4771845937,"a,d"
Guangzhou,Mean_Age_Score,37.01770997,-0.4361918569,"a,d"
Shanghai,Mean_Age_Score,42.46806677,0.0280349683,"a,d"
Beijing,Mean_Age_Score,44.84838114,0.2804684043,"a,d"
Shanghai,Mean_Age_Score,39.76470823,-0.5630807877,"a,d"
Guangzhou,Mean_Age_Score,35.85462268,-0.3168621361,"a,d"
Wuhan,Mean_Age_Score,42.88787711,0.1038117409,"a,d"
Beijing,Mean_Age_Score,44.8483842,0.1925345808,"a,d"
Wuhan,Mean_Age_Score,42.88787841,0.1449697763,"a,d"
Guangzhou,Mean_Age_Score,37.07251828,-0.5727481246,"a,d"
Shanghai,Mean_Age_Score,39.76475887,-0.6171036959,"a,d"
Wuhan,Mean_Age_Score,41.90710933,-0.1463459581,"a,d"
Shanghai,Mean_Age_Score,42.1091884,-0.1830196232,"a,d"
Wuhan,Mean_Age_Score,42.88787031,-0.1021557599,"a,d"
Shanghai,Mean_Age_Score,40.2905838,-0.4402680397,"a,d"
Shanghai,Mean_Age_Score,42.10915197,-0.1679790318,"a,d"
Shanghai,Mean_Age_Score,42.1091255,-0.2142049372,"a,d"
Shanghai,Mean_Age_Score,42.10918937,0.07747221738,"a,d"
Shanghai,Mean_Age_Score,40.61185487,-0.2237079293,"a,d"
Shanghai,Mean_Age_Score,46.85028706,0.4692984521,"a,d"
Wuhan,Mean_Age_Score,35.70672312,-0.5836071968,"a,d"
Beijing,Mean_Age_Score,39.94321868,-0.7741410732,"a,d"
Beijing,Mean_Age_Score,39.94321711,-0.8035202622,"a,d"
Shanghai,Mean_Age_Score,42.10918894,-0.08071163297,"a,d"
Shanghai,Mean_Age_Score,42.46806971,0.1966812462,"a,d"
Shanghai,Mean_Age_Score,39.76473095,-0.4808492362,"a,d"
Guangzhou,Mean_Age_Score,36.19442534,-0.3193180561,"a,d"
Guangzhou,Mean_Age_Score,37.18792581,-0.6014167666,"a,d"
Shanghai,Mean_Age_Score,39.76475694,-0.9170158505,"a,d"
Shanghai,Mean_Age_Score,42.46807744,0.04216947407,"a,d"
Shanghai,Mean_Age_Score,40.2905957,-0.7033351064,"a,d"
Beijing,Mean_Age_Score,42.2574392,0.04441593215,"a,d"
Wuhan,Mean_Age_Score,35.70672037,-0.5745937824,"a,d"
Wuhan,Mean_Age_Score,36.50642242,-0.3748029172,"a,d"
Shanghai,Mean_Age_Score,45.87431572,0.1950233728,"a,d"
Wuhan,Mean_Age_Score,42.40061035,0.1189585179,"a,d"
Guangzhou,Mean_Age_Score,36.1944489,-0.6388255954,"a,d"
Shanghai,Mean_Age_Score,42.10917845,-0.1536028683,"a,d"
Shanghai,Mean_Age_Score,46.59108188,0.336345315,"a,d"
Shanghai,Mean_Age_Score,45.87422582,0.4716246128,"a,d"
Shanghai,Mean_Age_Score,40.61186419,0.4005037844,"a,d"
Wuhan,Mean_Age_Score,43.01503193,0.1286230087,"a,d"
Shanghai,Mean_Age_Score,40.29058924,-0.8355384469,"a,d"
Shanghai,Mean_Age_Score,39.76475436,-0.4585924745,"a,d"
Shanghai,Mean_Age_Score,45.87430647,0.1876273006,"a,d"
Wuhan,Mean_Age_Score,42.88787126,0.109993279,"a,d"
Guangzhou,Mean_Age_Score,37.18790653,-0.609888494,"a,d"
Wuhan,Mean_Age_Score,43.01504391,0.4867168367,"a,d"
Shanghai,Mean_Age_Score,38.13753757,-0.5216503739,"a,d"
Shanghai,Mean_Age_Score,46.8475711,0.3892574012,"a,d"
Shanghai,Mean_Age_Score,42.10917168,-0.1184951141,"a,d"
Shanghai,Mean_Age_Score,42.10918605,-0.1088906303,"a,d"
Guangzhou,Mean_Age_Score,35.85462009,-0.6359096766,"a,d"
Shanghai,Mean_Age_Score,42.10919585,0.07610596716,"a,d"
Guangzhou,Mean_Age_Score,37.01764368,-0.6309725642,"a,d"
Beijing,Mean_Age_Score,39.94321991,-0.9456992149,"a,d"
Wuhan,Mean_Age_Score,35.70671598,-1.120687246,"a,d"
Guangzhou,Mean_Age_Score,36.19443814,-0.2399000674,"a,d"
Shanghai,Mean_Age_Score,40.29058931,-0.3938651979,"a,d"
Shanghai,Mean_Age_Score,42.10918599,-0.03071992658,"a,d"
Guangzhou,Mean_Age_Score,37.0176388,-0.6779609919,"a,d"
Guangzhou,Mean_Age_Score,36.19440694,-0.4621693492,"a,d"
Wuhan,Mean_Age_Score,36.50653742,-0.6620973349,"a,d"
Shanghai,Mean_Age_Score,40.61186169,0.06365232915,"a,d"
Shanghai,Mean_Age_Score,39.76475565,-0.5786842704,"a,d"
Shanghai,Mean_Age_Score,40.29059655,-0.4958420694,"a,d"
Shanghai,Mean_Age_Score,38.13753522,-0.6083829403,"a,d"
Wuhan,Mean_Age_Score,42.14827052,0.1044377312,"a,d"
Beijing,Mean_Age_Score,41.39538602,-0.07341445237,"a,d"
Shanghai,Mean_Age_Score,42.1091958,0.04888039827,"a,d"
Beijing,Mean_Age_Score,39.07338399,-0.9169124961,"a,d"
Shanghai,Mean_Age_Score,38.13751001,-0.6343691349,"a,d"
Beijing,Mean_Age_Score,41.53933576,-0.06919376552,"a,d"
Shanghai,Mean_Age_Score,40.61186418,0.3754172623,"a,d"
Guangzhou,Mean_Age_Score,36.42617068,-0.535214901,"a,d"
Wuhan,Mean_Age_Score,42.88786572,-0.08183781058,"a,d"
Shanghai,Mean_Age_Score,38.13751543,-0.5683925152,"a,d"
Wuhan,Mean_Age_Score,42.88786975,0.04091947898,"a,d"
Beijing,Mean_Age_Score,41.53933742,0.04945033416,"a,d"
Beijing,Mean_Age_Score,41.53933319,0.009978804737,"a,d"
Shanghai,Mean_Age_Score,38.1374719,-0.6369663477,"a,d"
Shanghai,Mean_Age_Score,46.33151613,0.4496896863,"a,d"
Shanghai,Mean_Age_Score,42.46806877,0.03221226484,"a,d"
Shanghai,Mean_Age_Score,40.61186668,0.322847724,"a,d"
Beijing,Mean_Age_Score,44.70026508,0.01532881055,"a,d"
Guangzhou,Mean_Age_Score,35.85462398,-0.7178152204,"a,d"
Wuhan,Mean_Age_Score,41.1914732,0.3326039314,"a,d"
Shanghai,Mean_Age_Score,42.10918832,0.1082319021,"a,d"
Shanghai,Mean_Age_Score,40.61186471,0.2633264363,"a,d"
Shanghai,Mean_Age_Score,45.87431415,0.3493423164,"a,d"
Shanghai,Mean_Age_Score,43.94872282,0.1390521228,"a,d"
Wuhan,Mean_Age_Score,36.50638828,-0.4962992072,"a,d"
Guangzhou,Mean_Age_Score,43.176889,0.3423025906,"a,d"
Shanghai,Mean_Age_Score,40.61186697,0.3967899978,"a,d"
Wuhan,Mean_Age_Score,39.83719853,-0.7217087746,"a,d"
Wuhan,Mean_Age_Score,44.86032666,0.2934271395,"a,d"
Shanghai,Mean_Age_Score,40.61186894,0.3003865778,"a,d"
Beijing,Mean_Age_Score,39.94321191,-0.4774564803,"a,d"
Beijing,Mean_Age_Score,41.53933789,-0.2080721259,"a,d"
Shanghai,Mean_Age_Score,42.4680764,0.00967690628,"a,d"
Wuhan,Mean_Age_Score,44.86032804,0.4012797773,"a,d"
Wuhan,Mean_Age_Score,36.50648401,-0.4072017968,"a,d"
Shanghai,Mean_Age_Score,38.13755137,-0.6187681556,"a,d"
Guangzhou,Mean_Age_Score,36.19431989,-0.3830655813,"a,d"
Wuhan,Mean_Age_Score,43.01503745,0.2541760802,"a,d"
Shanghai,Mean_Age_Score,38.13754709,-0.4049429595,"a,d"
Shanghai,Mean_Age_Score,40.61186673,0.8131381273,"a,d"
Shanghai,Mean_Age_Score,47.32208734,0.4479845464,"a,d"
Shanghai,Mean_Age_Score,43.94872823,0.2652501762,"a,d"
Shanghai,Mean_Age_Score,42.10919126,0.01326956321,"a,d"
Wuhan,Mean_Age_Score,44.86032557,0.2041334808,"a,d"
Shanghai,Mean_Age_Score,46.18714908,0.3245961964,"a,d"
Beijing,Mean_Age_Score,44.7002798,0.2591971457,"a,d"
Shanghai,Mean_Age_Score,42.10918674,-0.06945656985,"a,d"
Wuhan,Mean_Age_Score,44.86032942,0.3443311453,"a,d"
Shanghai,Mean_Age_Score,38.13752703,-0.602188468,"a,d"
Wuhan,Mean_Age_Score,43.01503339,0.2767689228,"a,d"
Shanghai,Mean_Age_Score,46.18713948,0.1218004599,"a,d"
Shanghai,Mean_Age_Score,42.10919298,-0.01769018546,"a,d"
Shanghai,Mean_Age_Score,46.84756812,0.2529498339,"a,d"
Shanghai,Mean_Age_Score,42.1091637,-0.1559854001,"a,d"
Shanghai,Mean_Age_Score,42.1091614,-0.215205282,"a,d"
Wuhan,Mean_Age_Score,40.84487873,0.07302595675,"a,d"
Guangzhou,Mean_Age_Score,37.0177067,-0.1583564132,"a,d"
Shanghai,Mean_Age_Score,40.61186401,-0.0947053507,"a,d"
Shanghai,Mean_Age_Score,42.4680617,0.3032990396,"a,d"
Guangzhou,Mean_Age_Score,35.85461901,-0.683300674,"a,d"
Beijing,Mean_Age_Score,41.53933432,-0.04082823917,"a,d"
Shanghai,Mean_Age_Score,39.76474629,-0.3382848501,"a,d"
Shanghai,Mean_Age_Score,42.10918171,-0.0303160809,"a,d"
Shanghai,Mean_Age_Score,38.13755116,-0.6494717002,"a,d"
Shanghai,Mean_Age_Score,42.10919172,0.04408743232,"a,d"
Shanghai,Mean_Age_Score,40.290593,-0.4693968594,"a,d"
Wuhan,Mean_Age_Score,42.14826668,-0.06366150081,"a,d"
Shanghai,Mean_Age_Score,42.46807723,0.01401335001,"a,d"
Beijing,Mean_Age_Score,39.94321339,-0.3835063577,"a,d"
Guangzhou,Mean_Age_Score,36.1944474,-0.547631979,"a,d"
Shanghai,Mean_Age_Score,40.29056609,-0.2742718458,"a,d"
Wuhan,Mean_Age_Score,43.01504285,0.424108088,"a,d"
Guangzhou,Mean_Age_Score,36.41511799,-0.6973777413,"a,d"
Guangzhou,Mean_Age_Score,36.19439052,-0.5412995815,"a,d"
Wuhan,Mean_Age_Score,42.88787822,-0.0004127779976,"a,d"
Shanghai,Mean_Age_Score,42.10919075,0.03533548117,"a,d"
Beijing,Mean_Age_Score,42.25740437,-0.04002423957,"a,d"
Beijing,Mean_Age_Score,39.94322059,-0.7749237418,"a,d"
Shanghai,Mean_Age_Score,42.10919418,0.1626722217,"a,d"
Wuhan,Mean_Age_Score,36.50643519,-0.1375076026,"a,d"
Shanghai,Mean_Age_Score,39.76475705,-0.506408453,"a,d"
Wuhan,Mean_Age_Score,44.86022717,0.1245548129,"a,d"
Guangzhou,Mean_Age_Score,36.19441434,-0.4547117949,"a,d"
Shanghai,Mean_Age_Score,42.10919295,0.0677633211,"a,d"
Beijing,Mean_Age_Score,38.95798532,-0.4902027249,"a,d"
Shanghai,Mean_Age_Score,40.29059214,-0.6024211645,"a,d"
Wuhan,Mean_Age_Score,39.83720185,-0.6563879251,"a,d"
Shanghai,Mean_Age_Score,40.61186539,0.3415985703,"a,d"
Wuhan,Mean_Age_Score,41.19145688,0.1725600064,"a,d"
Shanghai,Mean_Age_Score,40.29057268,-0.5864370465,"a,d"
Shanghai,Mean_Age_Score,42.1091276,-0.1955422163,"a,d"
Shanghai,Mean_Age_Score,42.10919413,0.0626315549,"a,d"
Shanghai,Mean_Age_Score,42.10918951,-0.07644739002,"a,d"
Shanghai,Mean_Age_Score,46.59108514,0.4302353561,"a,d"
Guangzhou,Mean_Age_Score,36.5400854,-0.3406554163,"a,d"
Shanghai,Mean_Age_Score,46.33149667,0.5609356761,"a,d"
Guangzhou,Mean_Age_Score,36.1944499,-0.6278298497,"a,d"
Shanghai,Mean_Age_Score,47.32208583,0.3237887323,"a,d"
Shanghai,Mean_Age_Score,42.10914123,-0.2546308637,"a,d"
Shanghai,Mean_Age_Score,46.59108679,0.1771432906,"a,d"
Shanghai,Mean_Age_Score,38.13753752,-1.006828666,"a,d"
Wuhan,Mean_Age_Score,36.50635708,-0.1721447706,"a,d"
Beijing,Mean_Age_Score,38.95794701,-0.4618866146,"a,d"
Guangzhou,Mean_Age_Score,37.07252292,-0.5271789432,"a,d"
Shanghai,Mean_Age_Score,46.84756545,0.4794735909,"a,d"
Shanghai,Mean_Age_Score,46.59108436,0.3306360543,"a,d"
Shanghai,Mean_Age_Score,46.84756871,0.3824226558,"a,d"
Shanghai,Mean_Age_Score,42.10911408,-0.1580866724,"a,d"
Shanghai,Mean_Age_Score,38.13751242,-0.4096412063,"a,d"
Wuhan,Mean_Age_Score,40.96620907,0.1953346878,"a,d"
Guangzhou,Mean_Age_Score,37.01768393,-0.625936389,"a,d"
Wuhan,Mean_Age_Score,35.70672249,-0.4784753919,"a,d"
Shanghai,Mean_Age_Score,38.13754429,-1.004059553,"a,d"
Shanghai,Mean_Age_Score,47.32208487,0.4443762302,"a,d"
Shanghai,Mean_Age_Score,39.76475023,-0.4473351836,"a,d"
Guangzhou,Mean_Age_Score,41.21845506,0.3813709021,"a,d"
Shanghai,Mean_Age_Score,46.84756447,0.2899520099,"a,d"
Shanghai,Mean_Age_Score,40.61185961,-0.2443304956,"a,d"
Shanghai,Mean_Age_Score,39.76474377,-0.5038659573,"a,d"
Shanghai,Mean_Age_Score,46.33149467,0.3142239749,"a,d"
Shanghai,Mean_Age_Score,46.33151523,0.4411622882,"a,d"
Wuhan,Mean_Age_Score,36.50653578,-0.6591929197,"a,d"
Shanghai,Mean_Age_Score,42.46807636,0.1191094518,"a,d"
Guangzhou,Mean_Age_Score,35.85462339,-0.9369779825,"a,d"
Guangzhou,Mean_Age_Score,37.01766581,-0.6025138497,"a,d"
Wuhan,Mean_Age_Score,36.50653182,-0.4237599969,"a,d"
Wuhan,Mean_Age_Score,36.50653106,-0.4890035391,"a,d"
Shanghai,Mean_Age_Score,42.1091893,-0.04320601746,"a,d"
Wuhan,Mean_Age_Score,36.50652906,-0.2571586967,"a,d"
Shanghai,Mean_Age_Score,42.10919565,0.1112904251,"a,d"
Shanghai,Mean_Age_Score,47.32208112,0.7403666973,"a,d"
Shanghai,Mean_Age_Score,45.87431203,0.3404459953,"a,d"
Shanghai,Mean_Age_Score,38.13755148,-0.2005405575,"a,d"
Guangzhou,Mean_Age_Score,36.19444362,-0.6182597876,"a,d"
Guangzhou,Mean_Age_Score,36.19443392,-0.4935995936,"a,d"
Shanghai,Mean_Age_Score,40.61186235,-0.1790482998,"a,d"
Wuhan,Mean_Age_Score,36.50653945,-0.6953908205,"a,d"
Shanghai,Mean_Age_Score,42.10916541,-0.201592356,"a,d"
Shanghai,Mean_Age_Score,47.32208518,0.7182773352,"a,d"
Shanghai,Mean_Age_Score,38.1375328,-0.4785710871,"a,d"
Shanghai,Mean_Age_Score,45.87431555,0.3326045275,"a,d"
Shanghai,Mean_Age_Score,40.61186724,0.3505018353,"a,d"
Beijing,Mean_Age_Score,41.39546531,0.001530698966,"a,d"
Beijing,Mean_Age_Score,41.39531389,-0.2103225887,"a,d"
Shanghai,Mean_Age_Score,39.76474868,-0.4540370703,"a,d"
Guangzhou,Mean_Age_Score,37.1879609,-0.6965421438,"a,d"
Shanghai,Mean_Age_Score,38.1375367,-0.6825273037,"a,d"
Wuhan,Mean_Age_Score,42.1481354,-0.1586173326,"a,d"
Wuhan,Mean_Age_Score,40.844922,-0.02482957207,"a,d"
Guangzhou,Mean_Age_Score,35.85461803,-0.5830847025,"a,d"
Beijing,Mean_Age_Score,41.3954618,-0.09148989618,"a,d"
Shanghai,Mean_Age_Score,46.18714958,0.3666809797,"a,d"
Shanghai,Mean_Age_Score,38.13754546,-0.6011089683,"a,d"
Shanghai,Mean_Age_Score,40.61186488,0.3842743039,"a,d"
Shanghai,Mean_Age_Score,46.18715143,0.4385912716,"a,d"
Beijing,Mean_Age_Score,41.39545127,-0.0389636308,"a,d"
Beijing,Mean_Age_Score,41.31624543,0.5758604407,"a,d"
Shanghai,Mean_Age_Score,40.29058915,-0.6470458508,"a,d"
Shanghai,Mean_Age_Score,42.46806867,0.08282792568,"a,d"
Shanghai,Mean_Age_Score,46.8475668,0.304446429,"a,d"
Guangzhou,Mean_Age_Score,36.19438488,-0.2090722322,"a,d"
Wuhan,Mean_Age_Score,42.88787214,0.003357228357,"a,d"
Shanghai,Mean_Age_Score,42.10919559,0.05534283817,"a,d"
Guangzhou,Mean_Age_Score,37.01770187,-0.8296576738,"a,d"
Shanghai,Mean_Age_Score,40.61186456,0.3738044202,"a,d"
Shanghai,Mean_Age_Score,42.10918661,-0.03472403809,"a,d"
Wuhan,Mean_Age_Score,35.70672015,-0.9549030066,"a,d"
Guangzhou,Mean_Age_Score,37.01766634,-0.5900360346,"a,d"
Shanghai,Mean_Age_Score,40.61186606,0.31717363,"a,d"
Shanghai,Mean_Age_Score,40.61182107,-0.2992396355,"a,d"
Shanghai,Mean_Age_Score,40.29058638,-0.7219856977,"a,d"
Shanghai,Mean_Age_Score,42.46803291,-0.03320528194,"a,d"
Shanghai,Mean_Age_Score,42.10918633,0.0203994792,"a,d"
Wuhan,Mean_Age_Score,36.50617474,-0.3169840872,"a,d"
Shanghai,Mean_Age_Score,40.29057843,-0.7002511024,"a,d"
Guangzhou,Mean_Age_Score,37.07255447,-0.5937132239,"a,d"
Shanghai,Mean_Age_Score,40.61186769,0.2844007611,"a,d"
Guangzhou,Mean_Age_Score,36.19443494,-0.7005819678,"a,d"
Guangzhou,Mean_Age_Score,37.01764436,-0.499741137,"a,d"
Shanghai,Mean_Age_Score,40.57825643,-0.3887585402,"a,d"
Wuhan,Mean_Age_Score,36.50641381,-0.2369202971,"a,d"
Wuhan,Mean_Age_Score,43.01504203,0.3185793459,"a,d"
Wuhan,Mean_Age_Score,42.14826835,0.01302091777,"a,d"
Beijing,Mean_Age_Score,41.53933499,0.04372327775,"a,d"
Shanghai,Mean_Age_Score,39.76477004,-0.5224930048,"a,d"
Shanghai,Mean_Age_Score,40.6118675,0.2490802705,"a,d"
Wuhan,Mean_Age_Score,42.14827282,-0.0166121833,"a,d"
Shanghai,Mean_Age_Score,38.13751361,-0.5465808511,"a,d"
Beijing,Mean_Age_Score,38.95799693,-0.4473765492,"a,d"
Beijing,Mean_Age_Score,39.94322059,-0.7665407658,"a,d"
Shanghai,Mean_Age_Score,38.13752438,-0.5601001382,"a,d"
Shanghai,Mean_Age_Score,38.13753063,-0.5659190416,"a,d"
Guangzhou,Mean_Age_Score,37.07255573,-0.4742221832,"a,d"
Guangzhou,Mean_Age_Score,36.19443498,-0.1825385988,"a,d"
Wuhan,Mean_Age_Score,41.19147297,0.259187907,"a,d"
Shanghai,Mean_Age_Score,42.10918823,0.006672578864,"a,d"
Shanghai,Mean_Age_Score,38.13754492,-0.4881713092,"a,d"
Shanghai,Mean_Age_Score,42.10919513,0.09534981847,"a,d"
Wuhan,Mean_Age_Score,43.01504407,0.3847218752,"a,d"
Wuhan,Mean_Age_Score,41.93637779,-0.09318827838,"a,d"
Shanghai,Mean_Age_Score,39.76472881,-0.6553289294,"a,d"
Shanghai,Mean_Age_Score,46.18714894,0.1923878044,"a,d"
Beijing,Mean_Age_Score,42.2574416,-0.03855814785,"a,d"
Beijing,Mean_Age_Score,41.31622,0.2028345764,"a,d"
Wuhan,Mean_Age_Score,44.86032381,0.2833133936,"a,d"
Shanghai,Mean_Age_Score,46.84756848,0.4657182992,"a,d"
Shanghai,Mean_Age_Score,40.61186888,0.1854312867,"a,d"
Wuhan,Mean_Age_Score,36.50631564,-0.4070857465,"a,d"
Wuhan,Mean_Age_Score,43.01504527,0.5314710736,"a,d"
Shanghai,Mean_Age_Score,40.29059265,-0.7613767982,"a,d"
Shanghai,Mean_Age_Score,42.10919547,-0.211835742,"a,d"
Shanghai,Mean_Age_Score,46.8475642,0.2529968321,"a,d"
Shanghai,Mean_Age_Score,46.33151412,0.3965266347,"a,d"
Beijing,Mean_Age_Score,39.94322104,-0.2099976093,"a,d"
Shanghai,Mean_Age_Score,46.33151265,0.428960681,"a,d"
Shanghai,Mean_Age_Score,46.84757176,0.3182210922,"a,d"
Shanghai,Mean_Age_Score,40.29059143,-0.6685793996,"a,d"
Shanghai,Mean_Age_Score,40.29057213,-0.54926759,"a,d"
Shanghai,Mean_Age_Score,42.10918614,0.01590880752,"a,d"
Shanghai,Mean_Age_Score,47.32208298,0.5197099447,"a,d"
Shanghai,Mean_Age_Score,42.10919039,-0.0007181016263,"a,d"
Shanghai,Mean_Age_Score,42.10918887,0.02110994235,"a,d"
Wuhan,Mean_Age_Score,35.70671784,-1.162154675,"a,d"
Shanghai,Mean_Age_Score,46.84756606,0.2491760254,"a,d"
Shanghai,Mean_Age_Score,46.33151135,0.3431767523,"a,d"
Shanghai,Mean_Age_Score,39.7647495,-0.4809632301,"a,d"
Shanghai,Mean_Age_Score,40.61186863,0.1673842371,"a,d"
Beijing,Mean_Age_Score,41.31625721,0.6643980145,"a,d"
Shanghai,Mean_Age_Score,42.1091849,-0.2673364282,"a,d"
Shanghai,Mean_Age_Score,40.6118685,0.2732054889,"a,d"
Shanghai,Mean_Age_Score,46.18714557,0.2878053486,"a,d"
Beijing,Mean_Age_Score,41.53933645,-0.1230585054,"a,d"
Guangzhou,Mean_Age_Score,36.19394347,-0.3298411667,"a,d"
Shanghai,Mean_Age_Score,42.10918951,-0.1156604066,"a,d"
Shanghai,Mean_Age_Score,38.1375262,-0.6183237433,"a,d"
Shanghai,Mean_Age_Score,39.76473938,-0.4871408343,"a,d"
Shanghai,Mean_Age_Score,39.76475418,-0.6202860475,"a,d"
Beijing,Mean_Age_Score,42.80443317,-0.02732279524,"a,d"
Shanghai,Mean_Age_Score,38.13754145,-0.5777707696,"a,d"
Shanghai,Mean_Age_Score,40.61186721,0.2956171632,"a,d"
Shanghai,Mean_Age_Score,42.10915364,-0.2083195299,"a,d"
Beijing,Mean_Age_Score,41.95202141,-0.1719928682,"a,d"
Shanghai,Mean_Age_Score,40.61186212,0.07624793053,"a,d"
Shanghai,Mean_Age_Score,40.29058981,-0.3785402477,"a,d"
Shanghai,Mean_Age_Score,46.33151499,0.4096741676,"a,d"
Shanghai,Mean_Age_Score,42.10919384,0.03548979759,"a,d"
Shanghai,Mean_Age_Score,38.13754901,-0.6355803609,"a,d"
Wuhan,Mean_Age_Score,42.88787682,-0.008766602725,"a,d"
Wuhan,Mean_Age_Score,41.93632921,-0.2287341952,"a,d"
Wuhan,Mean_Age_Score,36.50652471,-0.4563171864,"a,d"
Shanghai,Mean_Age_Score,40.61186786,0.3381269872,"a,d"
Shanghai,Mean_Age_Score,38.13754587,-0.6563355327,"a,d"
Wuhan,Mean_Age_Score,43.01504165,0.1593500227,"a,d"
Wuhan,Mean_Age_Score,42.14827253,0.09971643984,"a,d"
Wuhan,Mean_Age_Score,42.88787561,0.05931384861,"a,d"
Shanghai,Mean_Age_Score,39.76476965,-0.9165025353,"a,d"
Shanghai,Mean_Age_Score,42.46807212,0.05336987972,"a,d"
Shanghai,Mean_Age_Score,40.61186511,0.09660995007,"a,d"
Beijing,Mean_Age_Score,42.36091616,-0.01123737171,"a,d"
Shanghai,Mean_Age_Score,42.10919317,0.02730525471,"a,d"
Shanghai,Mean_Age_Score,45.87431778,0.3209976852,"a,d"
Wuhan,Mean_Age_Score,36.50654369,-0.5699419975,"a,d"
Beijing,Mean_Age_Score,39.94321557,-0.8350887895,"a,d"
Shanghai,Mean_Age_Score,39.76475975,-0.5640349388,"a,d"
Shanghai,Mean_Age_Score,46.59108289,0.4245142341,"a,d"
Shanghai,Mean_Age_Score,42.10919493,0.02064776793,"a,d"
Wuhan,Mean_Age_Score,35.70672493,-0.3918556273,"a,d"
Shanghai,Mean_Age_Score,40.6118696,0.2960397005,"a,d"
Shanghai,Mean_Age_Score,42.10919295,0.06105361879,"a,d"
Shanghai,Mean_Age_Score,39.76437296,-0.2752232254,"a,d"
Beijing,Mean_Age_Score,43.44371334,0.1572524905,"a,d"
Beijing,Mean_Age_Score,41.95211827,-0.01363148913,"a,d"
Wuhan,Mean_Age_Score,41.19146888,0.2116041929,"a,d"
Shanghai,Mean_Age_Score,40.29059208,-0.6547952294,"a,d"
Shanghai,Mean_Age_Score,40.61185884,-0.2512200773,"a,d"
Shanghai,Mean_Age_Score,38.13754183,-0.659052968,"a,d"
Shanghai,Mean_Age_Score,40.29058598,-0.7892519832,"a,d"
Shanghai,Mean_Age_Score,40.57825582,-0.2790980041,"a,d"
Shanghai,Mean_Age_Score,46.42674318,0.2997463942,"a,d"
Beijing,Mean_Age_Score,41.53933125,-0.01697264239,"a,d"
Wuhan,Mean_Age_Score,42.88787387,0.04684826732,"a,d"
Wuhan,Mean_Age_Score,40.84497101,-0.03175030649,"a,d"
Shanghai,Mean_Age_Score,39.7646152,-0.5480706692,"a,d"
Wuhan,Mean_Age_Score,40.84494401,0.06643763185,"a,d"
Shanghai,Mean_Age_Score,42.10918261,-0.05236744136,"a,d"
Wuhan,Mean_Age_Score,41.93644698,-0.08262396604,"a,d"
Wuhan,Mean_Age_Score,41.9641427,-0.2121703029,"a,d"
Shanghai,Mean_Age_Score,46.84757034,0.3182090521,"a,d"
Beijing,Mean_Age_Score,39.0733825,-0.6203796268,"a,d"
Wuhan,Mean_Age_Score,41.96442083,-0.1720902771,"a,d"
Shanghai,Mean_Age_Score,38.13752375,-0.639388144,"a,d"
Shanghai,Mean_Age_Score,42.46807686,-0.01474060491,"a,d"
Beijing,Mean_Age_Score,41.53933751,0.02918404341,"a,d"
Beijing,Mean_Age_Score,38.9579998,-0.587559402,"a,d"
Wuhan,Mean_Age_Score,41.93638034,-0.1667013615,"a,d"
Wuhan,Mean_Age_Score,43.01504437,0.3175682724,"a,d"
Wuhan,Mean_Age_Score,43.01503697,0.3000302017,"a,d"
Beijing,Mean_Age_Score,42.2574417,0.03533647954,"a,d"
Shanghai,Mean_Age_Score,45.87431498,0.2904692292,"a,d"
Wuhan,Mean_Age_Score,42.4006645,0.1391840726,"a,d"
Shanghai,Mean_Age_Score,42.46807991,0.05532671139,"a,d"
Shanghai,Mean_Age_Score,46.18714391,0.1862587333,"a,d"
Shanghai,Mean_Age_Score,38.13750211,-0.5927492976,"a,d"
Shanghai,Mean_Age_Score,40.61186882,0.2844111919,"a,d"
Wuhan,Mean_Age_Score,42.88787841,-0.07986146957,"a,d"
Beijing,Mean_Age_Score,45.55182435,0.4330976307,"a,d"
Shanghai,Mean_Age_Score,43.94872761,0.1765659899,"a,d"
Shanghai,Mean_Age_Score,39.76475364,-0.7668132782,"a,d"
Guangzhou,Mean_Age_Score,36.19442156,-0.3629156351,"a,d"
Guangzhou,Mean_Age_Score,36.19444175,-0.3285844624,"a,d"
Shanghai,Mean_Age_Score,42.46807527,-0.1315387338,"a,d"
Guangzhou,Mean_Age_Score,37.01766908,-0.8243172765,"a,d"
Shanghai,Mean_Age_Score,42.10918352,-0.07641202956,"a,d"
Wuhan,Mean_Age_Score,39.83719357,-0.4750024974,"a,d"
Beijing,Mean_Age_Score,41.95211271,0.05796335638,"a,d"
Shanghai,Mean_Age_Score,42.46807899,0.01045162417,"a,d"
Guangzhou,Mean_Age_Score,35.85459984,-0.1097163111,"a,d"
Shanghai,Mean_Age_Score,40.2905926,-0.5759863853,"a,d"
Shanghai,Mean_Age_Score,42.1091776,-0.04577655345,"a,d"
Shanghai,Mean_Age_Score,42.10916146,-0.1715424806,"a,d"
Shanghai,Mean_Age_Score,38.13754444,-0.9288492203,"a,d"
Shanghai,Mean_Age_Score,40.57825556,-0.3843960464,"a,d"
Beijing,Mean_Age_Score,43.4437015,0.2573104203,"a,d"
Shanghai,Mean_Age_Score,40.29056985,-0.5620812774,"a,d"
Shanghai,Mean_Age_Score,47.32208583,0.2287265062,"a,d"
Shanghai,Mean_Age_Score,40.29055634,-0.6419706345,"a,d"
Beijing,Mean_Age_Score,41.53933526,-0.1076394171,"a,d"
Shanghai,Mean_Age_Score,40.29056109,-0.6121422648,"a,d"
Guangzhou,Mean_Age_Score,36.19428586,-0.376688242,"a,d"
Shanghai,Mean_Age_Score,38.13752462,-0.528060317,"a,d"
Shanghai,Mean_Age_Score,42.10919101,-0.1010729969,"a,d"
Shanghai,Mean_Age_Score,40.61186722,0.300549984,"a,d"
Wuhan,Mean_Age_Score,42.88787244,0.03229590133,"a,d"
Shanghai,Mean_Age_Score,39.76476166,-0.5836008787,"a,d"
Beijing,Mean_Age_Score,44.55290209,0.2206795514,"a,d"
Beijing,Mean_Age_Score,39.94321817,-0.7830011845,"a,d"
Shanghai,Mean_Age_Score,40.29058805,-0.7903687954,"a,d"
Guangzhou,Mean_Age_Score,41.21845914,0.293291837,"a,d"
Shanghai,Mean_Age_Score,39.76477087,-0.7239664793,"a,d"
Shanghai,Mean_Age_Score,46.33150379,0.3719806671,"a,d"
Shanghai,Mean_Age_Score,46.59108058,0.3208500743,"a,d"
Beijing,Mean_Age_Score,41.39541936,-0.1726353317,"a,d"
Shanghai,Mean_Age_Score,42.10919102,0.0299170725,"a,d"
Shanghai,Mean_Age_Score,46.84755432,0.4809707701,"a,d"
Shanghai,Mean_Age_Score,38.13754368,-0.713234961,"a,d"
Shanghai,Mean_Age_Score,39.76469424,-0.5531724691,"a,d"
Guangzhou,Mean_Age_Score,37.01771091,-0.4906444848,"a,d"
Wuhan,Mean_Age_Score,36.50634356,-0.3432734013,"a,d"
Shanghai,Mean_Age_Score,46.18714964,0.1495684832,"a,d"
Beijing,Mean_Age_Score,38.9579975,-0.6952793598,"a,d"
Shanghai,Mean_Age_Score,46.18714688,0.3278585672,"a,d"
Shanghai,Mean_Age_Score,46.18715206,0.0981009379,"a,d"
Guangzhou,Mean_Age_Score,37.07255844,-0.2355318964,"a,d"
Shanghai,Mean_Age_Score,39.7647536,-0.5956032276,"a,d"
Beijing,Mean_Age_Score,45.55182363,0.2521416843,"a,d"
Guangzhou,Mean_Age_Score,36.41511756,-0.5731458664,"a,d"
Shanghai,Mean_Age_Score,40.61186738,0.3303312361,"a,d"
Beijing,Mean_Age_Score,44.70027764,0.1123743504,"a,d"
Shanghai,Mean_Age_Score,42.10919046,0.06446442753,"a,d"
Beijing,Mean_Age_Score,38.9579682,-0.2653597593,"a,d"
Shanghai,Mean_Age_Score,42.46806006,0.1404287368,"a,d"
Shanghai,Mean_Age_Score,42.10918497,0.02894592471,"a,d"
Shanghai,Mean_Age_Score,40.61186557,0.382284224,"a,d"
Shanghai,Mean_Age_Score,42.10919123,0.06967655569,"a,d"
Shanghai,Mean_Age_Score,46.84756035,0.4157626629,"a,d"
Shanghai,Mean_Age_Score,39.76475619,-0.7557518482,"a,d"
Beijing,Mean_Age_Score,38.95798229,-0.8367909789,"a,d"
Wuhan,Mean_Age_Score,36.50632191,-0.3416916132,"a,d"
Shanghai,Mean_Age_Score,39.76472548,-0.4121444225,"a,d"
Beijing,Mean_Age_Score,41.53933803,0.1056254655,"a,d"
Shanghai,Mean_Age_Score,42.10918431,-0.0006487225182,"a,d"
Guangzhou,Mean_Age_Score,36.1944245,-0.9690204859,"a,d"
Shanghai,Mean_Age_Score,40.61186664,0.331599474,"a,d"
Shanghai,Mean_Age_Score,40.61185614,-0.2945631742,"a,d"
Wuhan,Mean_Age_Score,41.93645127,-0.002498304937,"a,d"
Shanghai,Mean_Age_Score,40.29059391,-0.5417776704,"a,d"
Guangzhou,Mean_Age_Score,36.42617134,-0.6039158702,"a,d"
Shanghai,Mean_Age_Score,46.84756884,0.3256199658,"a,d"
Wuhan,Mean_Age_Score,35.70671705,-0.6342045069,"a,d"
Guangzhou,Mean_Age_Score,37.01770414,-0.8055632114,"a,d"
Shanghai,Mean_Age_Score,42.46807877,-0.07900038362,"a,d"
Shanghai,Mean_Age_Score,40.29058669,-0.5782929659,"a,d"
Shanghai,Mean_Age_Score,42.10910531,-0.2094321847,"a,d"
Shanghai,Mean_Age_Score,42.10918526,-0.09957787395,"a,d"
Shanghai,Mean_Age_Score,42.46806806,0.02917139232,"a,d"
Shanghai,Mean_Age_Score,42.10919525,0.03550374508,"a,d"
Shanghai,Mean_Age_Score,40.61186105,-0.1895803809,"a,d"
Wuhan,Mean_Age_Score,35.70672419,-0.446218729,"a,d"
Shanghai,Mean_Age_Score,40.57825045,-0.2953839302,"a,d"
Shanghai,Mean_Age_Score,46.59107959,0.31621629,"a,d"
Shanghai,Mean_Age_Score,42.10918667,-0.2060847133,"a,d"
Beijing,Mean_Age_Score,38.95792383,-0.292801708,"a,d"
Shanghai,Mean_Age_Score,42.46806856,0.04625408724,"a,d"
Shanghai,Mean_Age_Score,38.13754377,-0.36281991,"a,d"
Shanghai,Mean_Age_Score,40.29058879,-0.5733383894,"a,d"
Shanghai,Mean_Age_Score,42.46806084,-0.01545790117,"a,d"
Wuhan,Mean_Age_Score,39.83717609,-0.4451853633,"a,d"
Guangzhou,Mean_Age_Score,36.19436584,-0.5373174548,"a,d"
Beijing,Mean_Age_Score,41.53933195,-0.02017484978,"a,d"
Shanghai,Mean_Age_Score,40.61184013,-0.3884420991,"a,d"
Wuhan,Mean_Age_Score,35.70671527,-0.9320163727,"a,d"
Wuhan,Mean_Age_Score,39.83719203,-0.8648514748,"a,d"
Shanghai,Mean_Age_Score,40.61186581,0.3146793544,"a,d"
Shanghai,Mean_Age_Score,46.84756036,0.3917296231,"a,d"
Shanghai,Mean_Age_Score,39.76475367,-0.3069753051,"a,d"
Beijing,Mean_Age_Score,41.5393375,0.01162562892,"a,d"
Wuhan,Mean_Age_Score,40.84489784,-0.01633566804,"a,d"
Beijing,Mean_Age_Score,38.95794451,-0.3171157837,"a,d"
Shanghai,Mean_Age_Score,39.76476347,-0.7219208479,"a,d"
Shanghai,Mean_Age_Score,40.57824972,-0.3383798301,"a,d"
Shanghai,Mean_Age_Score,45.87427072,0.2117191851,"a,d"
Wuhan,Mean_Age_Score,36.50653473,-0.8856629133,"a,d"
Guangzhou,Mean_Age_Score,37.18789174,-0.3982062638,"a,d"
Wuhan,Mean_Age_Score,39.83720009,-0.7862376571,"a,d"
Beijing,Mean_Age_Score,39.94321052,-0.5569900274,"a,d"
Wuhan,Mean_Age_Score,41.19146816,0.2207717597,"a,d"
Beijing,Mean_Age_Score,38.95796401,-0.4913276732,"a,d"
Shanghai,Mean_Age_Score,42.10919319,0.087442711,"a,d"
Shanghai,Mean_Age_Score,42.10917976,-0.02184520662,"a,d"
Guangzhou,Mean_Age_Score,37.18792251,-0.5678376555,"a,d"
Shanghai,Mean_Age_Score,42.10919589,-0.03355139121,"a,d"
Shanghai,Mean_Age_Score,38.13752205,-0.6207053065,"a,d"
Shanghai,Mean_Age_Score,40.61186393,0.01515548769,"a,d"
Shanghai,Mean_Age_Score,46.59108522,0.3412132859,"a,d"
Shanghai,Mean_Age_Score,40.61185457,-0.3320500553,"a,d"
Wuhan,Mean_Age_Score,43.01504658,0.578975141,"a,d"
Shanghai,Mean_Age_Score,43.94870959,0.1529819369,"a,d"
Guangzhou,Mean_Age_Score,43.17689344,0.30617401,"a,d"
Shanghai,Mean_Age_Score,39.76477078,-0.3128925562,"a,d"
Wuhan,Mean_Age_Score,42.40063931,0.09048796445,"a,d"
Wuhan,Mean_Age_Score,35.70672104,-0.736333251,"a,d"
Wuhan,Mean_Age_Score,43.01504087,0.1514775306,"a,d"
Shanghai,Mean_Age_Score,42.10918971,0.06965221465,"a,d"
Wuhan,Mean_Age_Score,41.19147417,0.3210911453,"a,d"
Shanghai,Mean_Age_Score,42.10919248,0.04812955484,"a,d"
Shanghai,Mean_Age_Score,39.76476786,-0.7031536698,"a,d"
Guangzhou,Mean_Age_Score,37.18789743,-0.3815481961,"a,d"
Wuhan,Mean_Age_Score,39.83715636,-0.5213604569,"a,d"
Wuhan,Mean_Age_Score,41.93634508,-0.1467410475,"a,d"
Guangzhou,Mean_Age_Score,36.19442762,-0.5168755651,"a,d"
Shanghai,Mean_Age_Score,40.61186498,0.2889341116,"a,d"
Shanghai,Mean_Age_Score,45.87431609,0.3280077577,"a,d"
Shanghai,Mean_Age_Score,40.61185683,-0.4448305368,"a,d"
Shanghai,Mean_Age_Score,40.61180415,-0.3584400117,"a,d"
Guangzhou,Mean_Age_Score,37.18790664,-0.5697459579,"a,d"
Guangzhou,Mean_Age_Score,36.19440098,-0.4993585646,"a,d"
Shanghai,Mean_Age_Score,42.10919013,0.02981853485,"a,d"
Guangzhou,Mean_Age_Score,37.18794532,-0.4255492687,"a,d"
Guangzhou,Mean_Age_Score,36.41512044,-0.6966103315,"a,d"
Shanghai,Mean_Age_Score,39.76476716,-0.7800120711,"a,d"
Shanghai,Mean_Age_Score,40.61186481,0.2710468471,"a,d"
Shanghai,Mean_Age_Score,40.61186339,-0.1977778673,"a,d"
Shanghai,Mean_Age_Score,42.10919139,0.008922547102,"a,d"
Beijing,Mean_Age_Score,41.53933656,-0.1427364796,"a,d"
Shanghai,Mean_Age_Score,47.32208417,0.5055860877,"a,d"
Beijing,Mean_Age_Score,39.94321237,-0.7231981158,"a,d"
Shanghai,Mean_Age_Score,42.10918762,-0.009304861538,"a,d"
Wuhan,Mean_Age_Score,35.70672144,-0.8819641471,"a,d"
Beijing,Mean_Age_Score,41.53933805,-0.000464884215,"a,d"
Shanghai,Mean_Age_Score,40.61134407,-0.1308715641,"a,d"
Wuhan,Mean_Age_Score,44.86032665,0.2558788061,"a,d"
Shanghai,Mean_Age_Score,40.61183376,-0.1982533932,"a,d"
Shanghai,Mean_Age_Score,39.76474573,-0.6661095619,"a,d"
Beijing,Mean_Age_Score,39.943218,-0.722690165,"a,d"
Guangzhou,Mean_Age_Score,37.18787991,-0.5909918547,"a,d"
Shanghai,Mean_Age_Score,42.10917751,-0.185315147,"a,d"
Guangzhou,Mean_Age_Score,35.85462307,-0.7249544859,"a,d"
Shanghai,Mean_Age_Score,38.13754402,-0.4693219066,"a,d"
Shanghai,Mean_Age_Score,39.76476691,-0.6196954846,"a,d"
Beijing,Mean_Age_Score,39.94321969,-0.7015275359,"a,d"
Wuhan,Mean_Age_Score,35.70672256,-0.8674283624,"a,d"
Shanghai,Mean_Age_Score,45.87431513,0.2533063293,"a,d"
Guangzhou,Mean_Age_Score,36.19443909,-0.5069802999,"a,d"
Wuhan,Mean_Age_Score,42.88787344,0.07546962053,"a,d"
Guangzhou,Mean_Age_Score,36.41511627,-0.6693149209,"a,d"
Shanghai,Mean_Age_Score,46.84756928,0.3664891422,"a,d"
Shanghai,Mean_Age_Score,40.61186654,0.425476402,"a,d"
Beijing,Mean_Age_Score,42.36091639,-0.03276509047,"a,d"
Wuhan,Mean_Age_Score,41.19147254,0.09743990749,"a,d"
Shanghai,Mean_Age_Score,39.76472932,-0.6054947972,"a,d"
Shanghai,Mean_Age_Score,46.84756958,0.3584311306,"a,d"
Shanghai,Mean_Age_Score,40.61186773,0.1047949418,"a,d"
Beijing,Mean_Age_Score,41.39525705,-0.2681773305,"a,d"
Shanghai,Mean_Age_Score,46.59107351,0.3990381956,"a,d"
Shanghai,Mean_Age_Score,40.61186541,0.2607715726,"a,d"
Beijing,Mean_Age_Score,45.32824107,0.188806802,"a,d"
Shanghai,Mean_Age_Score,46.33151153,0.4234755039,"a,d"
Beijing,Mean_Age_Score,42.25743924,0.06295081228,"a,d"
Beijing,Mean_Age_Score,38.95798488,-0.5077680349,"a,d"
Wuhan,Mean_Age_Score,44.8603089,0.1735306978,"a,d"
Wuhan,Mean_Age_Score,42.14827097,0.0534555614,"a,d"
Shanghai,Mean_Age_Score,42.46807401,0.1407233179,"a,d"
Shanghai,Mean_Age_Score,42.10918583,0.02052459866,"a,d"
Wuhan,Mean_Age_Score,41.9364483,-0.1981419623,"a,d"
Wuhan,Mean_Age_Score,39.83718448,-0.7319222093,"a,d"
Shanghai,Mean_Age_Score,42.10917014,-0.1971105635,"a,d"
Shanghai,Mean_Age_Score,42.4680658,-0.0196341686,"a,d"
Shanghai,Mean_Age_Score,47.32208655,0.4785324037,"a,d"
Shanghai,Mean_Age_Score,40.29057728,-0.673202157,"a,d"
Shanghai,Mean_Age_Score,46.59108553,0.4123801589,"a,d"
Shanghai,Mean_Age_Score,38.13754277,-0.7551096082,"a,d"
Shanghai,Mean_Age_Score,38.13753564,-0.5588715076,"a,d"
Beijing,Mean_Age_Score,42.25742369,-0.08055086434,"a,d"
Guangzhou,Mean_Age_Score,35.85462379,-1.032771468,"a,d"
Wuhan,Mean_Age_Score,36.50635321,-0.383302927,"a,d"
Shanghai,Mean_Age_Score,42.10919288,-0.007105609402,"a,d"
Wuhan,Mean_Age_Score,36.50653024,-0.4368093908,"a,d"
Guangzhou,Mean_Age_Score,37.18794956,-0.5505870581,"a,d"
Beijing,Mean_Age_Score,38.9579206,-0.5109202266,"a,d"
Wuhan,Mean_Age_Score,36.50642368,-0.468077153,"a,d"
Wuhan,Mean_Age_Score,36.50652811,-0.4254463315,"a,d"
Guangzhou,Mean_Age_Score,36.1944335,-1.001852751,"a,d"
Wuhan,Mean_Age_Score,36.50622806,-0.1818061918,"a,d"
Shanghai,Mean_Age_Score,46.84757059,0.396104753,"a,d"
Shanghai,Mean_Age_Score,42.65726877,-0.06848947704,"a,d"
Wuhan,Mean_Age_Score,44.86033021,0.3392258883,"a,d"
Shanghai,Mean_Age_Score,42.10918777,-0.05484856293,"a,d"
Shanghai,Mean_Age_Score,39.76470632,-0.5630807877,"a,d"
Shanghai,Mean_Age_Score,46.59108523,0.4043257833,"a,d"
Shanghai,Mean_Age_Score,40.61186594,0.2721974254,"a,d"
Shanghai,Mean_Age_Score,47.32208624,0.3838415742,"a,d"
Shanghai,Mean_Age_Score,46.8475672,0.3238291144,"a,d"
Shanghai,Mean_Age_Score,38.13752673,-0.5161653757,"a,d"
Shanghai,Mean_Age_Score,42.46807291,0.005712722894,"a,d"
Shanghai,Mean_Age_Score,46.84756216,0.3943100572,"a,d"
Shanghai,Mean_Age_Score,40.29059487,-0.7499424219,"a,d"
Beijing,Mean_Age_Score,41.53933665,0.06538037956,"a,d"
Wuhan,Mean_Age_Score,36.50633227,-0.4737837613,"a,d"
Shanghai,Mean_Age_Score,42.10917758,-0.1500792056,"a,d"
Beijing,Mean_Age_Score,42.2574431,0.1414539963,"a,d"
Shanghai,Mean_Age_Score,40.57824471,-0.7575107217,"a,d"
Shanghai,Mean_Age_Score,40.61184973,-0.2991965711,"a,d"
Shanghai,Mean_Age_Score,42.10919016,-0.005270143505,"a,d"
Guangzhou,Mean_Age_Score,41.21844906,0.1409156322,"a,d"
Shanghai,Mean_Age_Score,40.61186249,-0.1956809759,"a,d"
Shanghai,Mean_Age_Score,46.33149934,0.4092538953,"a,d"
Shanghai,Mean_Age_Score,40.61186738,0.1902176291,"a,d"
Shanghai,Mean_Age_Score,40.61185151,-0.3337949514,"a,d"
Wuhan,Mean_Age_Score,43.01501579,0.1868018806,"a,d"
Beijing,Mean_Age_Score,45.55182421,0.3234224617,"a,d"
Shanghai,Mean_Age_Score,38.13746591,-0.6417723894,"a,d"
Shanghai,Mean_Age_Score,38.13754862,-0.2115586251,"a,d"
Guangzhou,Mean_Age_Score,35.85462327,-0.6621705294,"a,d"
Shanghai,Mean_Age_Score,45.87431501,0.2879253924,"a,d"
Shanghai,Mean_Age_Score,42.10912962,-0.1950320601,"a,d"
Beijing,Mean_Age_Score,41.39545543,-0.09616353363,"a,d"
Wuhan,Mean_Age_Score,41.93634933,-0.1991137117,"a,d"
Beijing,Mean_Age_Score,39.94321562,-0.6476556659,"a,d"
Guangzhou,Mean_Age_Score,36.19441456,-0.5237544775,"a,d"
Shanghai,Mean_Age_Score,46.1871515,0.4364127219,"a,d"
Shanghai,Mean_Age_Score,40.57819108,-0.617159307,"a,d"
Shanghai,Mean_Age_Score,46.33150525,0.3358525932,"a,d"
Shanghai,Mean_Age_Score,42.10919623,0.01042824518,"a,d"
Shanghai,Mean_Age_Score,42.10918552,-0.1087921783,"a,d"
Wuhan,Mean_Age_Score,36.50654064,-0.3908299506,"a,d"
Beijing,Mean_Age_Score,39.94321891,-0.7202625275,"a,d"
Shanghai,Mean_Age_Score,40.61186613,0.2212123126,"a,d"
Shanghai,Mean_Age_Score,40.57825383,-0.3266166151,"a,d"
Shanghai,Mean_Age_Score,39.7647567,-0.5901584029,"a,d"
Guangzhou,Mean_Age_Score,37.01764649,-0.5997503996,"a,d"
Shanghai,Mean_Age_Score,42.46807883,0.003104778938,"a,d"
Shanghai,Mean_Age_Score,42.10918068,-0.1226914078,"a,d"
Shanghai,Mean_Age_Score,40.61186374,-0.1227100864,"a,d"
Shanghai,Mean_Age_Score,46.59107657,0.3988421559,"a,d"
Wuhan,Mean_Age_Score,36.50651797,-0.5895383358,"a,d"
Shanghai,Mean_Age_Score,40.61186848,0.2126386911,"a,d"
Wuhan,Mean_Age_Score,44.86031468,0.1699610054,"a,d"
Shanghai,Mean_Age_Score,40.61186883,0.2916353345,"a,d"
Shanghai,Mean_Age_Score,40.61184588,-0.3856546581,"a,d"
Shanghai,Mean_Age_Score,46.84757141,0.5675302148,"a,d"
Shanghai,Mean_Age_Score,46.3315085,0.5885488987,"a,d"
Guangzhou,Mean_Age_Score,36.19435599,-0.3476506472,"a,d"
Guangzhou,Mean_Age_Score,36.19435267,-0.3472649455,"a,d"
Shanghai,Mean_Age_Score,38.13752606,-0.6764784455,"a,d"
Beijing,Mean_Age_Score,39.94322016,-0.8456146717,"a,d"
Shanghai,Mean_Age_Score,38.13753816,-0.5816876292,"a,d"
Guangzhou,Mean_Age_Score,36.19444797,-0.6340667605,"a,d"
Shanghai,Mean_Age_Score,46.33147288,0.2719410658,"a,d"
Shanghai,Mean_Age_Score,46.18715288,0.2738661468,"a,d"
Shanghai,Mean_Age_Score,42.10918539,0.007906443439,"a,d"
Guangzhou,Mean_Age_Score,37.18795725,-0.6992539167,"a,d"
Shanghai,Mean_Age_Score,42.10917569,-0.06723041832,"a,d"
Shanghai,Mean_Age_Score,42.10916269,-0.264197439,"a,d"
Wuhan,Mean_Age_Score,39.83720136,-0.808725059,"a,d"
Shanghai,Mean_Age_Score,42.46807421,0.1272709072,"a,d"
Shanghai,Mean_Age_Score,42.1091777,-0.06965945661,"a,d"
Shanghai,Mean_Age_Score,42.10916587,-0.1591579914,"a,d"
Shanghai,Mean_Age_Score,46.3315136,0.5553842187,"a,d"
Wuhan,Mean_Age_Score,41.93644656,-0.2089406699,"a,d"
Beijing,Mean_Age_Score,38.95789825,-0.3285908401,"a,d"
Shanghai,Mean_Age_Score,40.61186132,-0.2487138808,"a,d"
Wuhan,Mean_Age_Score,35.70671808,-0.891079545,"a,d"
Shanghai,Mean_Age_Score,46.18714954,0.2643244565,"a,d"
Shanghai,Mean_Age_Score,40.57825113,-0.1383632571,"a,d"
Beijing,Mean_Age_Score,41.53933873,-0.01386830956,"a,d"
Shanghai,Mean_Age_Score,38.13752063,-0.5917987823,"a,d"
Shanghai,Mean_Age_Score,42.10917268,-0.1686447263,"a,d"
Beijing,Mean_Age_Score,44.70028186,0.06066181511,"a,d"
Shanghai,Mean_Age_Score,45.87431416,0.5014302731,"a,d"
Shanghai,Mean_Age_Score,39.76477042,-0.7367118597,"a,d"
Shanghai,Mean_Age_Score,42.46807939,0.032781858,"a,d"
Guangzhou,Mean_Age_Score,37.01763503,-0.5836324692,"a,d"
Wuhan,Mean_Age_Score,41.93644639,-0.07906780392,"a,d"
Shanghai,Mean_Age_Score,45.87431315,0.4103723168,"a,d"
Beijing,Mean_Age_Score,41.53932966,-0.1123018861,"a,d"
Shanghai,Mean_Age_Score,47.32208652,0.5973361135,"a,d"
Shanghai,Mean_Age_Score,43.94871394,0.2675027251,"a,d"
Shanghai,Mean_Age_Score,42.4680781,-0.04256952554,"a,d"
Beijing,Mean_Age_Score,41.5393347,0.07479046285,"a,d"
Shanghai,Mean_Age_Score,38.13754902,-0.5230672956,"a,d"
Shanghai,Mean_Age_Score,38.13754928,-0.5169371367,"a,d"
Shanghai,Mean_Age_Score,38.1375431,-0.8445236087,"a,d"
Shanghai,Mean_Age_Score,42.468079,0.007116245106,"a,d"
Wuhan,Mean_Age_Score,41.19146952,0.02296024747,"a,d"
Shanghai,Mean_Age_Score,46.18715151,0.2659088075,"a,d"
Shanghai,Mean_Age_Score,40.61186537,0.3156180084,"a,d"
Beijing,Mean_Age_Score,38.95800017,-0.7713883519,"a,d"
Shanghai,Mean_Age_Score,42.10918831,-0.04507891461,"a,d"
Wuhan,Mean_Age_Score,41.9363886,-0.09487848729,"a,d"
Shanghai,Mean_Age_Score,45.8743009,0.1462697834,"a,d"
Guangzhou,Mean_Age_Score,36.4151031,-0.5332277417,"a,d"
Shanghai,Mean_Age_Score,40.61186775,0.3518326581,"a,d"
Shanghai,Mean_Age_Score,40.29059296,-0.7214430571,"a,d"
Shanghai,Mean_Age_Score,46.59106839,0.3143679798,"a,d"
Shanghai,Mean_Age_Score,40.61184625,-0.4402324259,"a,d"
Beijing,Mean_Age_Score,42.25743542,-0.1009300128,"a,d"
Shanghai,Mean_Age_Score,38.13754093,-0.9425786734,"a,d"
Shanghai,Mean_Age_Score,42.10919467,-0.03650708124,"a,d"
Shanghai,Mean_Age_Score,42.10919409,0.08563867956,"a,d"
Shanghai,Mean_Age_Score,46.84755412,0.3987802267,"a,d"
Guangzhou,Mean_Age_Score,36.19439919,-0.4162242413,"a,d"
Guangzhou,Mean_Age_Score,37.01765712,-0.5925405025,"a,d"
Beijing,Mean_Age_Score,41.39525635,-0.1866101772,"a,d"
Beijing,Mean_Age_Score,41.31621256,0.05360251665,"a,d"
Guangzhou,Mean_Age_Score,41.21845891,0.2958576977,"a,d"
Wuhan,Mean_Age_Score,36.50652981,-0.482647121,"a,d"
Wuhan,Mean_Age_Score,36.50653882,-0.7489530444,"a,d"
Shanghai,Mean_Age_Score,40.61185956,-0.2906254828,"a,d"
Beijing,Mean_Age_Score,41.39543511,-0.09383991361,"a,d"
Wuhan,Mean_Age_Score,35.70672435,-0.2195162177,"a,d"
Guangzhou,Mean_Age_Score,41.21845767,0.2632573247,"a,d"
Shanghai,Mean_Age_Score,42.10918711,-0.04392925277,"a,d"
Wuhan,Mean_Age_Score,43.0150455,0.5260335803,"a,d"
Shanghai,Mean_Age_Score,40.6118382,-0.3566574752,"a,d"
Wuhan,Mean_Age_Score,36.50640579,-0.5493785739,"a,d"
Shanghai,Mean_Age_Score,42.10917539,-0.1030369774,"a,d"
Beijing,Mean_Age_Score,41.31625689,0.6351441145,"a,d"
Guangzhou,Mean_Age_Score,36.19444823,-0.7652511597,"a,d"
Wuhan,Mean_Age_Score,39.83719599,-0.8277504444,"a,d"
Shanghai,Mean_Age_Score,40.6118437,-0.4479320049,"a,d"
Wuhan,Mean_Age_Score,39.83717336,-0.423294127,"a,d"
Beijing,Mean_Age_Score,42.25743792,0.06084363535,"a,d"
Guangzhou,Mean_Age_Score,36.4261743,-0.507887423,"a,d"
Beijing,Mean_Age_Score,39.94321641,-0.9373632073,"a,d"
Shanghai,Mean_Age_Score,42.10918135,-0.1311171502,"a,d"
Shanghai,Mean_Age_Score,38.1375295,-0.6008828282,"a,d"
Shanghai,Mean_Age_Score,40.61185976,-0.3113815784,"a,d"
Guangzhou,Mean_Age_Score,41.2184587,0.2849260271,"a,d"
Wuhan,Mean_Age_Score,43.01503763,0.2864440382,"a,d"
Guangzhou,Mean_Age_Score,36.19436261,-0.35020715,"a,d"
Shanghai,Mean_Age_Score,40.61186563,0.3541203439,"a,d"
Shanghai,Mean_Age_Score,39.76477014,-0.5182376504,"a,d"
Beijing,Mean_Age_Score,38.95796904,-0.6215455532,"a,d"
Shanghai,Mean_Age_Score,42.46806929,0.08350048959,"a,d"
Shanghai,Mean_Age_Score,39.76476381,-0.4921260178,"a,d"
Beijing,Mean_Age_Score,41.31626084,0.5090478659,"a,d"
Shanghai,Mean_Age_Score,46.18715283,0.3529559672,"a,d"
Shanghai,Mean_Age_Score,46.84757044,0.3718359172,"a,d"
Wuhan,Mean_Age_Score,42.1482759,0.1141184345,"a,d"
Guangzhou,Mean_Age_Score,36.19444898,-0.6205003262,"a,d"
Shanghai,Mean_Age_Score,46.1871498,0.2028365731,"a,d"
Guangzhou,Mean_Age_Score,43.17689216,0.5673986673,"a,d"
Guangzhou,Mean_Age_Score,35.85462447,-0.4114094675,"a,d"
Guangzhou,Mean_Age_Score,37.01763868,-0.6259701252,"a,d"
Wuhan,Mean_Age_Score,42.88787697,-0.0145701319,"a,d"
Wuhan,Mean_Age_Score,43.0150382,0.2496742308,"a,d"
Shanghai,Mean_Age_Score,38.13753001,-0.5020806789,"a,d"
Beijing,Mean_Age_Score,42.25743544,-0.01485385559,"a,d"
Guangzhou,Mean_Age_Score,36.19442672,-0.5056043863,"a,d"
Shanghai,Mean_Age_Score,39.76476432,-0.8035447598,"a,d"
Wuhan,Mean_Age_Score,36.50647109,-0.5297093391,"a,d"
Shanghai,Mean_Age_Score,42.46807868,0.05370762199,"a,d"
Shanghai,Mean_Age_Score,40.61186445,0.4291776121,"a,d"
Shanghai,Mean_Age_Score,42.46805984,0.4519680142,"a,d"
Shanghai,Mean_Age_Score,40.61186463,0.04751509428,"a,d"
Wuhan,Mean_Age_Score,43.01503678,0.3173630536,"a,d"
Shanghai,Mean_Age_Score,40.61186221,-0.1440235376,"a,d"
Beijing,Mean_Age_Score,41.53932046,-0.1657853276,"a,d"
Wuhan,Mean_Age_Score,35.70672052,-0.8587250113,"a,d"
Beijing,Mean_Age_Score,39.94321534,-0.6172830462,"a,d"
Wuhan,Mean_Age_Score,43.0150327,0.3183251917,"a,d"
Shanghai,Mean_Age_Score,42.46807784,0.05561994761,"a,d"
Beijing,Mean_Age_Score,41.53933008,-0.1649197787,"a,d"
Wuhan,Mean_Age_Score,35.70671979,-1.198808789,"a,d"
Beijing,Mean_Age_Score,38.95795351,-0.432023406,"a,d"
Guangzhou,Mean_Age_Score,37.0177021,-0.8872408271,"a,d"
Beijing,Mean_Age_Score,41.39536522,-0.1541491598,"a,d"
Shanghai,Mean_Age_Score,42.10918931,-0.005337408744,"a,d"
Beijing,Mean_Age_Score,41.39538733,-0.1431948394,"a,d"
Beijing,Mean_Age_Score,38.95800041,-0.5018462539,"a,d"
Wuhan,Mean_Age_Score,43.01501281,0.1382075846,"a,d"
Wuhan,Mean_Age_Score,43.01504372,0.5037978292,"a,d"
Wuhan,Mean_Age_Score,44.86031268,0.242506355,"a,d"
Shanghai,Mean_Age_Score,47.32208491,0.6642792225,"a,d"
Beijing,Mean_Age_Score,41.53933315,-0.05930048227,"a,d"
Shanghai,Mean_Age_Score,47.32208626,0.4762230814,"a,d"
Shanghai,Mean_Age_Score,38.13752172,-0.6302931309,"a,d"
Shanghai,Mean_Age_Score,42.10916546,-0.1314380914,"a,d"
Guangzhou,Mean_Age_Score,36.53995899,-0.3011599183,"a,d"
Shanghai,Mean_Age_Score,38.13754846,-0.4305532277,"a,d"
Guangzhou,Mean_Age_Score,37.18796055,-0.5827661753,"a,d"
Wuhan,Mean_Age_Score,35.70671856,-0.7159704566,"a,d"
Shanghai,Mean_Age_Score,39.76476461,-0.379193902,"a,d"
Shanghai,Mean_Age_Score,43.94873089,0.5182215571,"a,d"
Wuhan,Mean_Age_Score,39.83717767,-0.6409086585,"a,d"
Shanghai,Mean_Age_Score,40.29058958,-0.6401744485,"a,d"
Guangzhou,Mean_Age_Score,37.18793195,-0.5426778793,"a,d"
Shanghai,Mean_Age_Score,42.10914012,-0.1805742383,"a,d"
Beijing,Mean_Age_Score,38.95797423,-0.5423871875,"a,d"
Shanghai,Mean_Age_Score,38.1374931,-0.5723639131,"a,d"
Shanghai,Mean_Age_Score,42.10918985,-0.0337478295,"a,d"
Shanghai,Mean_Age_Score,46.18715281,0.2948212624,"a,d"
Wuhan,Mean_Age_Score,36.50635283,-0.2236493528,"a,d"
Shanghai,Mean_Age_Score,40.61185645,-0.3341970146,"a,d"
Shanghai,Mean_Age_Score,47.3220851,0.3498189747,"a,d"
Guangzhou,Mean_Age_Score,36.19443897,-0.04331336543,"a,d"
Wuhan,Mean_Age_Score,43.01504123,0.2490237951,"a,d"
Shanghai,Mean_Age_Score,40.61186536,0.2546918392,"a,d"
Shanghai,Mean_Age_Score,40.61185023,-0.3297804892,"a,d"
Wuhan,Mean_Age_Score,43.01504437,0.6989979744,"a,d"
Shanghai,Mean_Age_Score,40.61186261,-0.02081703395,"a,d"
Guangzhou,Mean_Age_Score,36.19436492,-0.3499144912,"a,d"
Shanghai,Mean_Age_Score,45.87430296,0.08808550239,"a,d"
Shanghai,Mean_Age_Score,42.46807055,-0.005107116885,"a,d"
Beijing,Mean_Age_Score,39.94317632,-0.4101596177,"a,d"
Wuhan,Mean_Age_Score,44.86032684,0.5425218344,"a,d"
Shanghai,Mean_Age_Score,39.76476476,-0.8657016158,"a,d"
Shanghai,Mean_Age_Score,42.1091566,-0.2009352148,"a,d"
Shanghai,Mean_Age_Score,42.10918517,0.03974024951,"a,d"
Shanghai,Mean_Age_Score,46.33151602,0.3558526039,"a,d"
Guangzhou,Mean_Age_Score,36.41512003,-0.7054599524,"a,d"
Shanghai,Mean_Age_Score,42.46806803,0.0140853636,"a,d"
Shanghai,Mean_Age_Score,42.10918771,0.1759680361,"a,d"
Shanghai,Mean_Age_Score,47.32208588,0.5601533651,"a,d"
Guangzhou,Mean_Age_Score,37.01770709,-0.7456319332,"a,d"
Shanghai,Mean_Age_Score,42.46807574,-0.02080849931,"a,d"
Shanghai,Mean_Age_Score,40.29059555,-0.7911257744,"a,d"
Guangzhou,Mean_Age_Score,37.18792019,-0.5345381498,"a,d"
Wuhan,Mean_Age_Score,40.84475712,0.09615152329,"a,d"
Shanghai,Mean_Age_Score,42.46807819,-0.05875004828,"a,d"
Shanghai,Mean_Age_Score,38.13754717,-0.783282876,"a,d"
Shanghai,Mean_Age_Score,40.61181356,-0.3677446246,"a,d"
Shanghai,Mean_Age_Score,42.46807591,0.02636336349,"a,d"
Shanghai,Mean_Age_Score,46.1871435,-0.05921413004,"a,d"
Shanghai,Mean_Age_Score,40.29058656,-0.6702089906,"a,d"
Shanghai,Mean_Age_Score,39.76475097,-0.5303552747,"a,d"
Shanghai,Mean_Age_Score,40.61186569,0.3275270164,"a,d"
Shanghai,Mean_Age_Score,39.76474298,-0.1693120599,"a,d"
Shanghai,Mean_Age_Score,39.76477146,-0.8058978915,"a,d"
Guangzhou,Mean_Age_Score,36.19442636,-0.5404279828,"a,d"
Shanghai,Mean_Age_Score,40.61185912,-0.2051204741,"a,d"
Wuhan,Mean_Age_Score,36.50652674,-0.3861273229,"a,d"
Shanghai,Mean_Age_Score,42.10919208,0.05773994327,"a,d"
Shanghai,Mean_Age_Score,42.10918707,0.01407829113,"a,d"
Shanghai,Mean_Age_Score,47.32208617,0.3566883504,"a,d"
Shanghai,Mean_Age_Score,47.32208405,0.7176171541,"a,d"
Wuhan,Mean_Age_Score,42.14825672,-0.02342043817,"a,d"
Guangzhou,Mean_Age_Score,36.19440234,-0.4253053665,"a,d"
Shanghai,Mean_Age_Score,38.13747953,-0.6242306828,"a,d"
Guangzhou,Mean_Age_Score,41.21845702,0.5024721622,"a,d"
Shanghai,Mean_Age_Score,40.29056574,-0.6545743942,"a,d"
Beijing,Mean_Age_Score,42.36093903,0.07249916345,"a,d"
Shanghai,Mean_Age_Score,42.10916221,-0.1761547923,"a,d"
Wuhan,Mean_Age_Score,43.01503613,0.3084263802,"a,d"
Shanghai,Mean_Age_Score,43.94871897,0.1463938653,"a,d"
Wuhan,Mean_Age_Score,43.01503822,0.3720269799,"a,d"
Guangzhou,Mean_Age_Score,37.01768891,-0.4589729309,"a,d"
Guangzhou,Mean_Age_Score,36.19420848,-0.3839421272,"a,d"
Guangzhou,Mean_Age_Score,36.19444365,-0.3836371005,"a,d"
Shanghai,Mean_Age_Score,42.46806536,0.04420280084,"a,d"
Beijing,Mean_Age_Score,41.39542403,-0.08749966323,"a,d"
Shanghai,Mean_Age_Score,40.61185593,-0.1128922179,"a,d"
Shanghai,Mean_Age_Score,40.61186197,-0.160646975,"a,d"
Wuhan,Mean_Age_Score,35.70672343,-0.9181990623,"a,d"
Shanghai,Mean_Age_Score,38.13692325,-0.4909762442,"a,d"
Shanghai,Mean_Age_Score,38.1375263,-0.5890094042,"a,d"
Guangzhou,Mean_Age_Score,36.19444551,-0.6010429859,"a,d"
Wuhan,Mean_Age_Score,35.70671453,-0.5618202686,"a,d"
Shanghai,Mean_Age_Score,40.57823844,-0.6835775971,"a,d"
Shanghai,Mean_Age_Score,39.76476338,-0.6813877821,"a,d"
Wuhan,Mean_Age_Score,43.01503929,0.2725701928,"a,d"
Guangzhou,Mean_Age_Score,37.01763858,-0.6319990754,"a,d"
Shanghai,Mean_Age_Score,40.61186732,0.3942036331,"a,d"
Wuhan,Mean_Age_Score,43.01503497,0.1366475672,"a,d"
Wuhan,Mean_Age_Score,44.86032637,0.2128704488,"a,d"
Wuhan,Mean_Age_Score,39.83719735,-0.5032071471,"a,d"
Shanghai,Mean_Age_Score,42.10919117,0.1068220511,"a,d"
Wuhan,Mean_Age_Score,41.19146545,0.4389212132,"a,d"
Shanghai,Mean_Age_Score,42.10918849,-0.01988934353,"a,d"
Shanghai,Mean_Age_Score,39.76474078,-0.6580334902,"a,d"
Shanghai,Mean_Age_Score,46.18715335,0.1572103649,"a,d"
Wuhan,Mean_Age_Score,41.93642674,-0.1002022922,"a,d"
Shanghai,Mean_Age_Score,42.46803958,0.3273783326,"a,d"
Shanghai,Mean_Age_Score,38.13753032,-0.396648407,"a,d"
Shanghai,Mean_Age_Score,40.61186073,-0.2358091474,"a,d"
Shanghai,Mean_Age_Score,46.84756517,0.3454476595,"a,d"
Shanghai,Mean_Age_Score,43.94871941,0.3274260163,"a,d"
Wuhan,Mean_Age_Score,41.96442866,-0.1854923815,"a,d"
Wuhan,Mean_Age_Score,43.01504421,0.3752060235,"a,d"
Wuhan,Mean_Age_Score,35.706721,-0.921541214,"a,d"
Wuhan,Mean_Age_Score,36.50641555,-0.4848399162,"a,d"
Beijing,Mean_Age_Score,39.07338204,-0.8288392425,"a,d"
Shanghai,Mean_Age_Score,40.57817577,-0.6133848429,"a,d"
Shanghai,Mean_Age_Score,40.61186002,-0.278357923,"a,d"
Beijing,Mean_Age_Score,39.07337043,-0.6315527558,"a,d"
Shanghai,Mean_Age_Score,47.32208602,0.5142976642,"a,d"
Shanghai,Mean_Age_Score,40.29058872,-0.6356523633,"a,d"
Wuhan,Mean_Age_Score,42.14827299,0.02498698048,"a,d"
Shanghai,Mean_Age_Score,46.84756975,0.2830289602,"a,d"
Beijing,Mean_Age_Score,42.25743994,0.03228690103,"a,d"
Guangzhou,Mean_Age_Score,36.19441742,-0.3056581914,"a,d"
Guangzhou,Mean_Age_Score,36.19444074,-0.531471312,"a,d"
Wuhan,Mean_Age_Score,41.93639649,-0.1120571196,"a,d"
Wuhan,Mean_Age_Score,43.01502419,0.1829297841,"a,d"
Shanghai,Mean_Age_Score,42.10919047,0.08930014074,"a,d"
Wuhan,Mean_Age_Score,36.50645274,-0.3418950737,"a,d"
Shanghai,Mean_Age_Score,38.13753391,-0.5398590565,"a,d"
Beijing,Mean_Age_Score,41.53933321,-0.1336041987,"a,d"
Wuhan,Mean_Age_Score,36.50654473,-0.6632601619,"a,d"
Shanghai,Mean_Age_Score,46.42674,0.3014676869,"a,d"
Wuhan,Mean_Age_Score,41.93633833,-0.2598754168,"a,d"
Wuhan,Mean_Age_Score,36.50643382,-0.1911139488,"a,d"
Wuhan,Mean_Age_Score,35.70671914,-0.9199571013,"a,d"
Shanghai,Mean_Age_Score,40.61186264,-0.07699587941,"a,d"
Shanghai,Mean_Age_Score,38.13754359,-0.440941304,"a,d"
Beijing,Mean_Age_Score,39.94320718,-0.2431495041,"a,d"
Wuhan,Mean_Age_Score,43.01502703,0.2183842659,"a,d"
Shanghai,Mean_Age_Score,46.84756647,0.3491978049,"a,d"
Shanghai,Mean_Age_Score,40.61186463,0.3484481275,"a,d"
Shanghai,Mean_Age_Score,39.76473388,-0.5824667811,"a,d"
Beijing,Mean_Age_Score,38.95796865,-0.5915467739,"a,d"
Shanghai,Mean_Age_Score,38.13752714,-0.5792750716,"a,d"
Wuhan,Mean_Age_Score,40.42729357,-0.4016519785,"a,d"
Wuhan,Mean_Age_Score,43.01503911,0.2529443502,"a,d"
Wuhan,Mean_Age_Score,42.88786503,-0.06912598014,"a,d"
Beijing,Mean_Age_Score,41.53933606,0.02840420417,"a,d"
Shanghai,Mean_Age_Score,38.13753088,-0.6853296757,"a,d"
Wuhan,Mean_Age_Score,36.5063837,-0.1631415933,"a,d"
Guangzhou,Mean_Age_Score,37.18795518,-0.6055095196,"a,d"
Beijing,Mean_Age_Score,39.94322052,-0.6688581109,"a,d"
Shanghai,Mean_Age_Score,40.57825145,-0.380763799,"a,d"
Wuhan,Mean_Age_Score,43.01502864,0.1762801111,"a,d"
Shanghai,Mean_Age_Score,40.61186484,0.2756293416,"a,d"
Wuhan,Mean_Age_Score,36.50653639,-0.5741702914,"a,d"
Shanghai,Mean_Age_Score,46.84757065,0.388370961,"a,d"
Shanghai,Mean_Age_Score,42.10919034,0.04654488713,"a,d"
Shanghai,Mean_Age_Score,38.13754353,-0.851569593,"a,d"
Shanghai,Mean_Age_Score,45.87431784,0.4013403654,"a,d"
Shanghai,Mean_Age_Score,40.61186355,-0.007831348106,"a,d"
Guangzhou,Mean_Age_Score,36.19441829,-0.4574691951,"a,d"
Shanghai,Mean_Age_Score,46.84756989,0.358017385,"a,d"
Beijing,Mean_Age_Score,41.53933049,-0.110896416,"a,d"
Shanghai,Mean_Age_Score,38.13755056,-0.5917494893,"a,d"
Shanghai,Mean_Age_Score,38.13753011,-0.5993569493,"a,d"
Shanghai,Mean_Age_Score,40.61186498,0.2781081498,"a,d"
Beijing,Mean_Age_Score,41.31624922,0.1815852821,"a,d"
Beijing,Mean_Age_Score,42.36093477,0.05785698071,"a,d"
Shanghai,Mean_Age_Score,40.61186587,0.2410900146,"a,d"
Beijing,Mean_Age_Score,41.53933803,-0.0237404108,"a,d"
Shanghai,Mean_Age_Score,40.61185018,-0.3019640446,"a,d"
Shanghai,Mean_Age_Score,43.94870333,0.1797261983,"a,d"
Beijing,Mean_Age_Score,39.94322101,-0.9475002289,"a,d"
Shanghai,Mean_Age_Score,42.10918165,-0.1214929968,"a,d"
Guangzhou,Mean_Age_Score,37.01769747,-0.5896363258,"a,d"
Shanghai,Mean_Age_Score,39.76473342,-0.5139089227,"a,d"
Shanghai,Mean_Age_Score,42.10919261,0.05602943897,"a,d"
Wuhan,Mean_Age_Score,36.50649074,-0.4982495904,"a,d"
Shanghai,Mean_Age_Score,42.10919138,0.01953845844,"a,d"
Wuhan,Mean_Age_Score,39.83719273,-0.9738637209,"a,d"
Shanghai,Mean_Age_Score,39.76476078,-0.6295550466,"a,d"
Wuhan,Mean_Age_Score,36.50654301,-0.6335672736,"a,d"
Wuhan,Mean_Age_Score,43.0150456,0.3878138363,"a,d"
Wuhan,Mean_Age_Score,43.01504515,0.5787698627,"a,d"
Shanghai,Mean_Age_Score,42.10919005,0.04165205732,"a,d"
Shanghai,Mean_Age_Score,39.76476566,-0.7021027207,"a,d"
Shanghai,Mean_Age_Score,46.33149653,0.5912827253,"a,d"
Shanghai,Mean_Age_Score,40.61185898,-0.2782609165,"a,d"
Wuhan,Mean_Age_Score,36.50650964,-0.7274218202,"a,d"
Wuhan,Mean_Age_Score,42.40066874,0.1896270663,"a,d"
Wuhan,Mean_Age_Score,39.83718775,-0.6943154335,"a,d"
Shanghai,Mean_Age_Score,40.61186292,-0.06510388106,"a,d"
Guangzhou,Mean_Age_Score,35.85462511,0.04492254928,"a,d"
Guangzhou,Mean_Age_Score,41.21845849,0.2334451824,"a,d"
Guangzhou,Mean_Age_Score,35.8546186,-0.6797958016,"a,d"
Shanghai,Mean_Age_Score,40.61184867,-0.2895695567,"a,d"
Beijing,Mean_Age_Score,41.53933398,0.0004745954066,"a,d"
Beijing,Mean_Age_Score,38.95799944,-0.8496726751,"a,d"
Shanghai,Mean_Age_Score,38.13753336,-0.6253374815,"a,d"
Shanghai,Mean_Age_Score,40.61186642,0.281172663,"a,d"
Shanghai,Mean_Age_Score,38.13754889,-0.5539816618,"a,d"
Wuhan,Mean_Age_Score,43.01503795,0.3251420557,"a,d"
Shanghai,Mean_Age_Score,42.10919242,-0.01450510323,"a,d"
Beijing,Mean_Age_Score,38.95800245,-0.8800447583,"a,d"
Guangzhou,Mean_Age_Score,36.19443883,-0.364856571,"a,d"
Shanghai,Mean_Age_Score,47.32208448,0.4616497755,"a,d"
Shanghai,Mean_Age_Score,40.57824353,-0.4071909487,"a,d"
Shanghai,Mean_Age_Score,38.13751832,-0.6084039807,"a,d"
Beijing,Mean_Age_Score,42.25744044,-0.09714698792,"a,d"
Shanghai,Mean_Age_Score,38.13754821,-0.4618813396,"a,d"
Guangzhou,Mean_Age_Score,37.01767114,-0.7115906477,"a,d"
Wuhan,Mean_Age_Score,36.5064559,-0.4139155746,"a,d"
Shanghai,Mean_Age_Score,42.10919061,0.006619382184,"a,d"
Shanghai,Mean_Age_Score,42.1091728,-0.1737758368,"a,d"
Guangzhou,Mean_Age_Score,36.19442067,-0.5994141698,"a,d"
Shanghai,Mean_Age_Score,46.59108567,0.4881391525,"a,d"
Shanghai,Mean_Age_Score,46.84757059,0.4334929883,"a,d"
Shanghai,Mean_Age_Score,40.29058822,-0.7190665603,"a,d"
Shanghai,Mean_Age_Score,42.10918942,0.06375655532,"a,d"
Shanghai,Mean_Age_Score,42.46803839,0.2355755121,"a,d"
Shanghai,Mean_Age_Score,38.13752961,-0.616044879,"a,d"
Wuhan,Mean_Age_Score,40.42731686,-0.8140690327,"a,d"
Shanghai,Mean_Age_Score,46.18714515,0.1757590026,"a,d"
Shanghai,Mean_Age_Score,39.7647719,-0.7952313423,"a,d"
Guangzhou,Mean_Age_Score,37.07254828,-0.5224248767,"a,d"
Beijing,Mean_Age_Score,42.80443267,-0.1084089428,"a,d"
Shanghai,Mean_Age_Score,38.13755031,-0.5321274996,"a,d"
Shanghai,Mean_Age_Score,39.76473124,-0.6475406289,"a,d"
Wuhan,Mean_Age_Score,36.50649524,-0.5780887604,"a,d"
Wuhan,Mean_Age_Score,36.50639807,-0.1875608712,"a,d"
Shanghai,Mean_Age_Score,40.61186938,0.2704606354,"a,d"
Shanghai,Mean_Age_Score,38.13752075,-0.6098548174,"a,d"
Shanghai,Mean_Age_Score,42.10917638,-0.07294973731,"a,d"
Shanghai,Mean_Age_Score,38.13755165,-0.5056651235,"a,d"
Guangzhou,Mean_Age_Score,36.19430728,-0.3830610514,"a,d"
Shanghai,Mean_Age_Score,46.84756809,0.4107447863,"a,d"
Shanghai,Mean_Age_Score,46.42674296,0.2455902249,"a,d"
Wuhan,Mean_Age_Score,42.40065533,0.02180893347,"a,d"
Shanghai,Mean_Age_Score,45.87431201,0.2540619373,"a,d"
Shanghai,Mean_Age_Score,39.76475989,-0.5713329911,"a,d"
Shanghai,Mean_Age_Score,40.29059202,-0.7008426189,"a,d"
Shanghai,Mean_Age_Score,40.29059334,-0.4959477484,"a,d"
Beijing,Mean_Age_Score,41.31624773,0.3909217715,"a,d"
Beijing,Mean_Age_Score,39.94321386,-0.5728572011,"a,d"
Shanghai,Mean_Age_Score,38.13748207,-0.5906069875,"a,d"
Wuhan,Mean_Age_Score,36.50651379,-0.751203537,"a,d"
Wuhan,Mean_Age_Score,40.84473288,-0.0868428424,"a,d"
Shanghai,Mean_Age_Score,42.10919127,0.0217229221,"a,d"
Shanghai,Mean_Age_Score,42.46807663,0.05654169247,"a,d"
Shanghai,Mean_Age_Score,46.18712608,0.2704682946,"a,d"
Shanghai,Mean_Age_Score,42.46807331,-0.1676833034,"a,d"
Shanghai,Mean_Age_Score,40.2905602,-0.6950063109,"a,d"
Guangzhou,Mean_Age_Score,37.18796286,-0.735247612,"a,d"
Wuhan,Mean_Age_Score,42.14827625,0.1145630479,"a,d"
Beijing,Mean_Age_Score,39.94321294,-0.5255599618,"a,d"
Shanghai,Mean_Age_Score,42.10919175,0.03921731934,"a,d"
Wuhan,Mean_Age_Score,41.96443606,-0.1808242053,"a,d"
Shanghai,Mean_Age_Score,40.61186335,-0.2234011889,"a,d"
Wuhan,Mean_Age_Score,42.14827576,0.1662006825,"a,d"
Shanghai,Mean_Age_Score,42.10918573,0.07384301722,"a,d"
Wuhan,Mean_Age_Score,36.50652481,-0.1222390756,"a,d"
Shanghai,Mean_Age_Score,38.13754798,-0.6193428636,"a,d"
Shanghai,Mean_Age_Score,40.29058395,-0.6050298214,"a,d"
Beijing,Mean_Age_Score,41.53933506,0.03181846812,"a,d"
Shanghai,Mean_Age_Score,42.10919279,-0.07215149701,"a,d"
Shanghai,Mean_Age_Score,42.46805065,0.4255879819,"a,d"
Beijing,Mean_Age_Score,39.94321876,-0.8176782131,"a,d"
Guangzhou,Mean_Age_Score,35.85462161,-0.6058917046,"a,d"
Guangzhou,Mean_Age_Score,36.19441046,-0.5294783711,"a,d"
Shanghai,Mean_Age_Score,39.76475952,-0.8671036363,"a,d"
Wuhan,Mean_Age_Score,39.83714128,-0.6565874815,"a,d"
Guangzhou,Mean_Age_Score,37.01769222,-0.5845124722,"a,d"
Shanghai,Mean_Age_Score,40.29058897,-0.6675399542,"a,d"
Guangzhou,Mean_Age_Score,36.19438607,-0.412393868,"a,d"
Shanghai,Mean_Age_Score,47.96919705,0.6040549278,"a,d"
Shanghai,Mean_Age_Score,38.13752415,-0.6552731395,"a,d"
Beijing,Mean_Age_Score,39.07336555,-0.5758129954,"a,d"
Shanghai,Mean_Age_Score,38.13754062,-0.8020789623,"a,d"
Guangzhou,Mean_Age_Score,36.19443903,-0.6394514441,"a,d"
Wuhan,Mean_Age_Score,35.70671916,-1.006632805,"a,d"
Shanghai,Mean_Age_Score,46.33151531,0.3556309938,"a,d"
Wuhan,Mean_Age_Score,40.84483583,-0.04475962371,"a,d"
Shanghai,Mean_Age_Score,38.13751674,-0.5940474868,"a,d"
Wuhan,Mean_Age_Score,41.19146233,0.1574693769,"a,d"
Wuhan,Mean_Age_Score,36.50642388,-0.468077153,"a,d"
Shanghai,Mean_Age_Score,38.13754946,-0.7987306118,"a,d"
Wuhan,Mean_Age_Score,39.83718218,-0.5648279786,"a,d"
Shanghai,Mean_Age_Score,42.10919028,0.02064055391,"a,d"
Wuhan,Mean_Age_Score,35.70672258,-0.8186734319,"a,d"
Guangzhou,Mean_Age_Score,37.01768062,-0.6459814906,"a,d"
Beijing,Mean_Age_Score,39.94322022,-0.614661634,"a,d"
Wuhan,Mean_Age_Score,43.01503778,0.3514006138,"a,d"
Shanghai,Mean_Age_Score,46.5910853,0.3686052859,"a,d"
Shanghai,Mean_Age_Score,46.33148821,0.2005971223,"a,d"
Shanghai,Mean_Age_Score,39.7647335,-0.6092357039,"a,d"
Beijing,Mean_Age_Score,41.5392821,-0.223856777,"a,d"
Shanghai,Mean_Age_Score,40.61186783,0.3304543197,"a,d"
Shanghai,Mean_Age_Score,38.13752277,-0.6301217675,"a,d"
Guangzhou,Mean_Age_Score,37.01768085,-0.6814926863,"a,d"
Shanghai,Mean_Age_Score,42.10913485,-0.1660632938,"a,d"
Shanghai,Mean_Age_Score,42.10917435,-0.04651300982,"a,d"
Shanghai,Mean_Age_Score,42.10919173,0.09724652022,"a,d"
Guangzhou,Mean_Age_Score,37.01768179,-0.5898118019,"a,d"
Guangzhou,Mean_Age_Score,35.85461982,-0.413104713,"a,d"
Shanghai,Mean_Age_Score,42.46807912,0.01105971541,"a,d"
Shanghai,Mean_Age_Score,46.18714859,0.2724759877,"a,d"
Guangzhou,Mean_Age_Score,36.41511309,-0.4005928934,"a,d"
Guangzhou,Mean_Age_Score,36.19444967,-0.6472119689,"a,d"
Wuhan,Mean_Age_Score,41.93633439,-0.2353434712,"a,d"
Beijing,Mean_Age_Score,42.25743863,0.06115357205,"a,d"
Shanghai,Mean_Age_Score,38.13753702,-0.5824810863,"a,d"
Shanghai,Mean_Age_Score,40.61186728,0.3121984005,"a,d"
Wuhan,Mean_Age_Score,35.70672147,-0.7964613438,"a,d"
Shanghai,Mean_Age_Score,38.13754233,-0.567476213,"a,d"
Beijing,Mean_Age_Score,42.25743936,0.05504069477,"a,d"
Shanghai,Mean_Age_Score,43.9487048,0.1389640123,"a,d"
Shanghai,Mean_Age_Score,46.33151406,0.454167366,"a,d"
Beijing,Mean_Age_Score,41.53933851,-0.07441271842,"a,d"
Shanghai,Mean_Age_Score,38.13754584,-0.5145613551,"a,d"
Wuhan,Mean_Age_Score,43.01503979,0.2097219229,"a,d"
Shanghai,Mean_Age_Score,40.61186758,0.3200985491,"a,d"
Shanghai,Mean_Age_Score,42.46807313,0.0673083812,"a,d"
Shanghai,Mean_Age_Score,38.13750904,-0.75905931,"a,d"
Beijing,Mean_Age_Score,39.94321922,-0.5229189396,"a,d"
Shanghai,Mean_Age_Score,40.61186276,-0.1689268053,"a,d"
Wuhan,Mean_Age_Score,43.01504102,0.2938912809,"a,d"
Shanghai,Mean_Age_Score,40.61186422,0.2462709546,"a,d"
Shanghai,Mean_Age_Score,42.46807909,0.008546818048,"a,d"
Shanghai,Mean_Age_Score,38.13750126,-0.6567617059,"a,d"
Shanghai,Mean_Age_Score,38.13752953,-0.581869781,"a,d"
Wuhan,Mean_Age_Score,35.70671296,-0.6811288595,"a,d"
Wuhan,Mean_Age_Score,36.50635891,-0.3719606996,"a,d"
Shanghai,Mean_Age_Score,40.61186699,0.2162701488,"a,d"
Shanghai,Mean_Age_Score,46.59108661,0.4478120506,"a,d"
Wuhan,Mean_Age_Score,41.93643572,-0.07351393253,"a,d"
Shanghai,Mean_Age_Score,42.10917003,-0.1623423845,"a,d"
Wuhan,Mean_Age_Score,40.84494024,0.1064620316,"a,d"
Shanghai,Mean_Age_Score,40.29058527,-0.4920315444,"a,d"
Shanghai,Mean_Age_Score,47.32208447,0.4740446806,"a,d"
Wuhan,Mean_Age_Score,40.84495867,0.1581175476,"a,d"
Guangzhou,Mean_Age_Score,37.1879545,-0.7183764577,"a,d"
Shanghai,Mean_Age_Score,38.12680807,-0.4585834742,"a,d"
Shanghai,Mean_Age_Score,42.10913731,-0.266518116,"a,d"
Shanghai,Mean_Age_Score,42.10916321,-0.199680835,"a,d"
Shanghai,Mean_Age_Score,38.13750068,-0.6082628369,"a,d"
Shanghai,Mean_Age_Score,40.61183589,-0.3306162357,"a,d"
Guangzhou,Mean_Age_Score,36.54019692,-0.6999009252,"a,d"
Shanghai,Mean_Age_Score,40.61186245,-0.1303626001,"a,d"
Beijing,Mean_Age_Score,39.07338088,-0.6247648597,"a,d"
Beijing,Mean_Age_Score,39.94321031,-0.8427376747,"a,d"
Shanghai,Mean_Age_Score,40.61181411,-0.4341035783,"a,d"
Shanghai,Mean_Age_Score,38.13751087,-0.641797781,"a,d"
Shanghai,Mean_Age_Score,38.13754002,-0.552443862,"a,d"
Beijing,Mean_Age_Score,39.94322053,-0.9669293761,"a,d"
Shanghai,Mean_Age_Score,46.33151232,0.3580259383,"a,d"
Shanghai,Mean_Age_Score,40.61186179,-0.116575323,"a,d"
Shanghai,Mean_Age_Score,40.61186641,0.2299562246,"a,d"
Shanghai,Mean_Age_Score,42.46806652,0.2286516875,"a,d"
Shanghai,Mean_Age_Score,46.33151163,0.4950360954,"a,d"
Shanghai,Mean_Age_Score,46.33151304,0.271490097,"a,d"
Shanghai,Mean_Age_Score,39.76476826,-0.644849658,"a,d"
Guangzhou,Mean_Age_Score,37.01770078,-0.7224880457,"a,d"
Shanghai,Mean_Age_Score,42.46807394,0.04789398983,"a,d"
Shanghai,Mean_Age_Score,46.33149855,0.6238744259,"a,d"
Shanghai,Mean_Age_Score,46.59108381,0.3612574637,"a,d"
Wuhan,Mean_Age_Score,41.19146811,0.1344457418,"a,d"
Shanghai,Mean_Age_Score,46.84757056,0.2082575709,"a,d"
Shanghai,Mean_Age_Score,46.33150945,0.3632832766,"a,d"
Guangzhou,Mean_Age_Score,36.41509857,-0.5869780779,"a,d"
Shanghai,Mean_Age_Score,39.76476728,-0.8957877159,"a,d"
Shanghai,Mean_Age_Score,38.1375277,-0.5021779537,"a,d"
Wuhan,Mean_Age_Score,41.1914756,0.1399989575,"a,d"
Shanghai,Mean_Age_Score,40.61186537,0.3434531689,"a,d"
Wuhan,Mean_Age_Score,36.506515,-0.02395291068,"a,d"
Shanghai,Mean_Age_Score,46.59107992,0.3404416442,"a,d"
Shanghai,Mean_Age_Score,40.29059449,-0.754064858,"a,d"
Beijing,Mean_Age_Score,41.31624822,0.4480010569,"a,d"
Shanghai,Mean_Age_Score,45.87431738,0.2353389263,"a,d"
Beijing,Mean_Age_Score,42.25741453,-0.05391110107,"a,d"
Shanghai,Mean_Age_Score,43.94873055,0.3227105439,"a,d"
Beijing,Mean_Age_Score,41.53933698,0.06334462762,"a,d"
Shanghai,Mean_Age_Score,42.10916459,-0.2047046572,"a,d"
Guangzhou,Mean_Age_Score,35.85461982,-0.602966845,"a,d"
Beijing,Mean_Age_Score,41.5393373,-0.08875188977,"a,d"
Wuhan,Mean_Age_Score,35.70672225,-1.08819747,"a,d"
Shanghai,Mean_Age_Score,42.46807694,0.03676374629,"a,d"
Shanghai,Mean_Age_Score,40.61186446,0.536452353,"a,d"
Guangzhou,Mean_Age_Score,36.1943389,-0.4873772264,"a,d"
Beijing,Mean_Age_Score,41.39546847,-0.0307031665,"a,d"
Beijing,Mean_Age_Score,42.36093729,0.120039694,"a,d"
Shanghai,Mean_Age_Score,47.32208436,0.4006434679,"a,d"
Shanghai,Mean_Age_Score,47.32208516,0.3417555094,"a,d"
Shanghai,Mean_Age_Score,45.87431446,0.2860211432,"a,d"
Beijing,Mean_Age_Score,41.39546401,-0.01607056148,"a,d"
Shanghai,Mean_Age_Score,40.29059149,-0.7226856947,"a,d"
Wuhan,Mean_Age_Score,42.88787625,-0.01244803611,"a,d"
Wuhan,Mean_Age_Score,35.70671823,-0.7158457041,"a,d"
Shanghai,Mean_Age_Score,42.10918471,-0.06200552359,"a,d"
Wuhan,Mean_Age_Score,43.0150439,0.5395764112,"a,d"
Shanghai,Mean_Age_Score,42.46807644,-0.004694153555,"a,d"
Guangzhou,Mean_Age_Score,36.19440947,-0.4612534344,"a,d"
Wuhan,Mean_Age_Score,41.93636634,-0.162794292,"a,d"
Shanghai,Mean_Age_Score,40.61185452,-0.1161270142,"a,d"
Shanghai,Mean_Age_Score,46.84756278,0.2969068289,"a,d"
Beijing,Mean_Age_Score,39.0733758,-0.7148231268,"a,d"
Wuhan,Mean_Age_Score,41.19147435,0.06300204992,"a,d"
Wuhan,Mean_Age_Score,41.9642796,-0.2147726864,"a,d"
Shanghai,Mean_Age_Score,46.18715401,0.3298585713,"a,d"
Shanghai,Mean_Age_Score,46.33150924,0.3737721145,"a,d"
Guangzhou,Mean_Age_Score,36.19442083,-0.4589921832,"a,d"
Shanghai,Mean_Age_Score,39.76474859,-0.6351284385,"a,d"
Guangzhou,Mean_Age_Score,43.17688267,0.2638393342,"a,d"
Shanghai,Mean_Age_Score,46.18715176,0.009558705613,"a,d"
Shanghai,Mean_Age_Score,40.2905937,-0.490082711,"a,d"
Beijing,Mean_Age_Score,41.95211689,-0.05181647465,"a,d"
Shanghai,Mean_Age_Score,38.13751626,-0.6515260339,"a,d"
Beijing,Mean_Age_Score,45.55181244,0.2142942101,"a,d"
Shanghai,Mean_Age_Score,38.13754362,-0.60740906,"a,d"
Guangzhou,Mean_Age_Score,36.194415,-0.532549262,"a,d"
Shanghai,Mean_Age_Score,43.94869946,0.04829881713,"a,d"
Shanghai,Mean_Age_Score,46.8475719,0.3939972222,"a,d"
Wuhan,Mean_Age_Score,43.01503886,0.3195884228,"a,d"
Shanghai,Mean_Age_Score,42.46807927,0.1246977746,"a,d"
Beijing,Mean_Age_Score,41.39544048,-0.1630432755,"a,d"
Shanghai,Mean_Age_Score,42.10918428,0.0122438455,"a,d"
Wuhan,Mean_Age_Score,41.19146623,0.182285592,"a,d"
Shanghai,Mean_Age_Score,38.13754756,-0.6956040859,"a,d"
Shanghai,Mean_Age_Score,47.96921299,0.6383866668,"a,d"
Wuhan,Mean_Age_Score,35.70671679,-0.8611956239,"a,d"
Shanghai,Mean_Age_Score,42.10919407,0.0663195774,"a,d"
Shanghai,Mean_Age_Score,40.61185696,-0.2518042922,"a,d"
Beijing,Mean_Age_Score,38.95799363,-0.6340271235,"a,d"
Shanghai,Mean_Age_Score,42.10918073,-0.191217348,"a,d"
Shanghai,Mean_Age_Score,40.6118648,0.3468479812,"a,d"
Shanghai,Mean_Age_Score,46.84756609,0.4093306065,"a,d"
Shanghai,Mean_Age_Score,40.61186111,-0.1020370573,"a,d"
Shanghai,Mean_Age_Score,38.13755013,-0.5393491387,"a,d"
Shanghai,Mean_Age_Score,40.29058097,-0.5431832075,"a,d"
Shanghai,Mean_Age_Score,40.61186736,0.492783159,"a,d"
Shanghai,Mean_Age_Score,38.13752812,-0.5637705922,"a,d"
Shanghai,Mean_Age_Score,46.18714003,0.2679737806,"a,d"
Shanghai,Mean_Age_Score,42.46806673,-0.008446626365,"a,d"
Wuhan,Mean_Age_Score,36.50649738,-0.3811133802,"a,d"
Shanghai,Mean_Age_Score,38.13754933,-0.54586339,"a,d"
Shanghai,Mean_Age_Score,47.3220856,0.339863956,"a,d"
Shanghai,Mean_Age_Score,40.61186466,0.41019997,"a,d"
Shanghai,Mean_Age_Score,39.76474171,-0.2070146352,"a,d"
Wuhan,Mean_Age_Score,44.86032669,0.2400243729,"a,d"
Shanghai,Mean_Age_Score,39.76475915,-0.7703436017,"a,d"
Wuhan,Mean_Age_Score,43.01504139,0.2998167872,"a,d"
Shanghai,Mean_Age_Score,38.13752872,-0.5954775214,"a,d"
Shanghai,Mean_Age_Score,40.57821979,-0.329395324,"a,d"
Shanghai,Mean_Age_Score,38.13754052,-0.5590525866,"a,d"
Shanghai,Mean_Age_Score,39.76477014,-0.6085363626,"a,d"
Wuhan,Mean_Age_Score,35.70672096,-0.90998137,"a,d"
Wuhan,Mean_Age_Score,43.01503889,0.2574484348,"a,d"
Shanghai,Mean_Age_Score,42.46807447,0.03083701432,"a,d"
Shanghai,Mean_Age_Score,38.1375445,-0.5427235365,"a,d"
Shanghai,Mean_Age_Score,42.10919063,0.07880926877,"a,d"
Shanghai,Mean_Age_Score,47.3220856,0.5624833703,"a,d"
Wuhan,Mean_Age_Score,36.50647065,-0.5443636179,"a,d"
Shanghai,Mean_Age_Score,40.6118641,0.2595966756,"a,d"
Shanghai,Mean_Age_Score,42.10919566,0.02434718981,"a,d"
Guangzhou,Mean_Age_Score,35.85461993,-0.4940724373,"a,d"
Beijing,Mean_Age_Score,39.94321944,-0.8844768405,"a,d"
Beijing,Mean_Age_Score,42.36089859,-0.00276516797,"a,d"
Shanghai,Mean_Age_Score,40.61186334,0.01796230115,"a,d"
Shanghai,Mean_Age_Score,42.46806643,0.02166071162,"a,d"
Shanghai,Mean_Age_Score,40.29059293,-0.5027736425,"a,d"
Shanghai,Mean_Age_Score,42.46807684,-0.003520873841,"a,d"
Shanghai,Mean_Age_Score,46.84756989,0.3108254969,"a,d"
Shanghai,Mean_Age_Score,40.61185004,-0.1791406125,"a,d"
Beijing,Mean_Age_Score,39.94321742,-0.7526944876,"a,d"
Shanghai,Mean_Age_Score,43.94872975,0.2390157133,"a,d"
Shanghai,Mean_Age_Score,42.10919054,0.02793191373,"a,d"
Shanghai,Mean_Age_Score,46.33151213,0.2787401676,"a,d"
Beijing,Mean_Age_Score,42.36093303,-0.008088823408,"a,d"
Shanghai,Mean_Age_Score,42.46807905,0.05968128145,"a,d"
Shanghai,Mean_Age_Score,46.59108525,0.4404790699,"a,d"
Shanghai,Mean_Age_Score,42.46807181,0.217396155,"a,d"
Guangzhou,Mean_Age_Score,37.18795804,-0.6930946112,"a,d"
Shanghai,Mean_Age_Score,42.46805148,0.5480850339,"a,d"
Wuhan,Mean_Age_Score,39.83719575,-0.8187440634,"a,d"
Shanghai,Mean_Age_Score,42.46805992,0.484212786,"a,d"
Beijing,Mean_Age_Score,38.95799491,-0.6636736989,"a,d"
