feature_value,shap_value
17.0,-0.10228161
17.0,-0.05767774
9.0,-0.4211003
12.0,-0.10207432
17.0,-0.058184907
17.0,-0.03361474
7.0,-0.43205488
15.0,-0.36084497
26.0,-0.19378881
16.0,-0.16434757
10.0,-0.29299635
30.0,-0.032718003
68.0,0.19764376
15.0,-0.15545766
18.0,0.29544306
17.0,-0.07842177
26.0,-0.13660848
28.0,-0.040859748
32.0,0.23640382
26.0,-0.14941657
22.0,-0.018936573
22.0,-0.13321231
21.0,-0.05144074
22.0,-0.12686126
17.0,0.09232122
15.0,-0.18169689
17.0,-0.039462514
14.0,-0.27858457
4.0,0.40616655
15.0,0.038817532
14.0,-0.10473918
17.0,0.15161525
30.0,0.003475367
22.0,-0.07375681
17.0,-0.12606229
7.0,-0.41466627
27.0,0.1307817
21.0,-0.14615376
22.0,-0.053647578
15.0,-0.14320038
17.0,0.028405095
20.0,0.020989103
21.0,-0.1916965
19.0,-0.095160775
12.0,-0.10566351
22.0,0.017856732
24.0,-0.054054275
28.0,0.06883108
12.0,-0.006927986
9.0,-0.50709254
17.0,0.05323832
17.0,-0.00570794
39.0,0.18458878
22.0,-0.009652178
7.0,-0.5581809
22.0,-0.062921174
27.0,0.15121876
25.0,-0.16296689
12.0,-0.116387084
13.0,-0.03799858
12.0,-0.15041538
27.0,-0.029602455
22.0,-0.16316909
22.0,0.06363651
22.0,-0.07458426
7.0,-0.5692537
20.0,-0.17888013
17.0,-0.09324132
11.0,-0.5543448
12.0,0.030945487
18.0,0.08431277
14.0,-0.10116501
1.0,0.06897725
22.0,-0.07803481
28.0,0.09677253
19.0,-0.075296886
19.0,-0.15159678
21.0,-0.1658328
13.0,-0.23366758
12.0,-0.094231576
17.0,-0.060580328
26.0,-0.08830812
22.0,-0.122725464
17.0,-0.06163072
13.0,-0.082655914
42.0,0.24231485
27.0,-0.023005817
7.0,-0.5836404
12.0,-0.09338786
21.0,-0.22312932
25.0,-0.1299531
20.0,-0.088561535
25.0,-0.21605101
8.0,-0.26706815
13.0,-0.15639661
34.0,0.48903567
6.0,0.41070226
19.0,-0.13864395
24.0,-0.2044102
28.0,0.006624751
21.0,-0.13234068
20.0,-0.06269828
27.0,0.03872675
24.0,-0.18750192
17.0,0.08544011
17.0,0.05882331
20.0,-0.20718217
21.0,-0.09309697
16.0,-0.16434757
10.0,-0.43804538
17.0,-0.10683561
22.0,-0.015935866
25.0,-0.12525225
19.0,-0.024596786
11.0,-0.31307957
27.0,-0.07897207
12.0,-0.23240916
14.0,-0.15957646
45.0,0.11940469
17.0,-0.07488444
10.0,-0.29685804
20.0,-0.08831662
22.0,-0.18524359
6.0,0.30486012
17.0,-0.047828775
21.0,-0.05580149
37.0,0.19702071
19.0,-0.08492781
16.0,-0.08068243
28.0,-0.042222057
28.0,0.016159402
33.0,0.2395577
17.0,0.029254353
17.0,0.10673036
57.0,0.23906407
12.0,-0.162033
13.0,0.07996013
17.0,0.029552305
27.0,-0.0036291406
12.0,0.1250675
11.0,-0.028216578
17.0,-0.028786894
42.0,0.28132653
18.0,0.25929302
11.0,-0.24339513
13.0,-0.18923126
22.0,-0.25855452
20.0,-0.20610698
21.0,-0.09913293
12.0,0.0106942365
24.0,-0.116874695
10.0,-0.6505894
15.0,-0.0009903162
22.0,-0.13933933
4.0,0.19671151
17.0,-0.054918747
27.0,-0.09473252
20.0,0.019009694
27.0,-0.025206788
7.0,-0.2934106
17.0,0.05417782
32.0,0.33196628
26.0,-0.10285272
7.0,-0.2500095
22.0,-0.0694917
32.0,0.290085
18.0,0.21518409
30.0,0.0019007312
25.0,-0.13034938
27.0,-0.07918607
2.0,0.5052019
26.0,-0.123302594
16.0,-0.18006259
32.0,0.1359926
13.0,-0.15496518
17.0,-0.10184036
8.0,-0.5876586
17.0,-0.09441214
58.0,0.19550018
21.0,-0.13425128
18.0,0.19420658
15.0,0.070156895
17.0,0.10595376
17.0,0.15556617
13.0,-0.2473006
27.0,-0.04937989
4.0,-0.17310198
15.0,0.015312946
22.0,-0.112979166
12.0,-0.07494033
22.0,-0.06773742
23.0,-0.172964
16.0,-0.08068243
1.0,0.095474534
28.0,0.06846693
26.0,-0.12671435
24.0,-0.13372768
13.0,-0.16340624
17.0,0.07242499
26.0,-0.13478084
22.0,-0.14657235
13.0,-0.14258297
13.0,-0.2190234
13.0,-0.3293659
15.0,-0.13525447
27.0,-0.1419584
23.0,-0.094711065
17.0,-0.18100369
13.0,-0.112149045
17.0,0.05645248
25.0,-0.26301154
45.0,0.34001106
64.0,-0.009441209
15.0,0.021588493
32.0,0.020471914
12.0,-0.1787228
15.0,-0.14933738
28.0,0.09623321
32.0,0.2384081
12.0,0.04225773
21.0,-0.16145764
47.0,0.17102566
13.0,-0.32487163
14.0,-0.18985917
12.0,-0.11381081
19.0,-0.06515886
19.0,-0.14973618
13.0,-0.15472552
22.0,-0.1954198
15.0,-0.051303152
11.0,-0.42391738
15.0,-0.06207895
12.0,-0.23106593
33.0,0.1078943
64.0,0.07427091
27.0,0.31003162
12.0,-0.35872492
14.0,-0.2814791
22.0,-0.11595776
22.0,-0.15347716
27.0,0.18211395
10.0,-0.33387804
16.0,0.17142244
17.0,-0.08582551
6.0,-0.16207488
13.0,-0.17605054
17.0,0.03379015
22.0,-0.1358622
25.0,-0.12639244
44.0,0.16539301
11.0,-0.6555689
69.0,0.6029298
13.0,-0.1502407
95.0,0.8266089
28.0,-0.11770027
19.0,-0.07996499
36.0,0.056133714
13.0,-0.069902994
12.0,-0.059492618
34.0,-0.013708217
27.0,-0.081940316
22.0,-0.05256228
13.0,-0.13007109
16.0,0.0030801725
10.0,-0.45512226
10.0,-0.3979354
13.0,-0.07011716
17.0,-0.07138167
12.0,-0.047866438
99.0,0.5402568
16.0,-0.1664298
4.0,0.5170247
16.0,0.041193437
22.0,-0.15182127
14.0,-0.3258934
7.0,-0.48343527
22.0,-0.051558953
17.0,0.13974735
18.0,0.05906186
7.0,-0.38899046
29.0,0.050919708
22.0,-0.029813185
17.0,-0.05242807
20.0,-0.058284957
24.0,-0.039303545
20.0,-0.04292809
17.0,0.15242648
16.0,-0.16080907
7.0,-0.47945288
24.0,-0.11971827
17.0,0.062443696
39.0,-0.0311763
20.0,-0.113416895
27.0,0.106908955
17.0,-0.046434633
22.0,-0.08676397
7.0,-0.58359474
13.0,-0.23361616
17.0,-0.07905101
22.0,-0.11503147
31.0,-0.033230957
22.0,-0.016598808
12.0,-0.09539568
69.0,0.44683874
5.0,0.5371719
16.0,0.049339656
12.0,-0.21367398
19.0,-0.11743708
22.0,-0.16342485
30.0,0.019280126
22.0,0.04987478
32.0,0.30152768
25.0,-0.061393637
14.0,-0.21475855
17.0,0.09997754
24.0,-0.07918281
13.0,-0.14469483
25.0,-0.06534731
17.0,0.0596097
33.0,0.09390187
17.0,-0.1018397
35.0,0.16236739
16.0,-0.13688849
15.0,-0.15207797
12.0,-0.032686178
37.0,0.28096113
22.0,-0.045051754
16.0,-0.029454578
10.0,-0.8082676
17.0,-0.048858665
12.0,-0.06273025
7.0,-0.398251
20.0,-0.112033315
22.0,-0.09782349
16.0,-0.12120207
13.0,-0.17388183
14.0,-0.23851773
89.0,0.5384656
28.0,0.048694205
26.0,-0.25706413
27.0,0.08047134
12.0,-0.1543542
13.0,-0.24684893
36.0,0.18799283
17.0,0.050485678
17.0,-0.00070937094
12.0,0.019436885
23.0,-0.08897056
27.0,-0.00631218
22.0,-0.13995418
22.0,-0.05883184
13.0,-0.044341363
14.0,-0.28979874
43.0,0.2516779
27.0,-0.049623594
7.0,-0.63577425
17.0,-0.10707894
17.0,0.12369478
9.0,-0.6029718
25.0,-0.11679609
28.0,-0.07498163
22.0,-0.13455012
22.0,-0.055901755
13.0,-0.2929345
90.0,0.35684633
32.0,0.3541338
26.0,-0.16712607
10.0,-0.66817415
22.0,-0.118106075
22.0,-0.02312581
12.0,-0.13942324
9.0,-0.44294822
12.0,-0.16713
17.0,0.04701472
13.0,-0.18926129
22.0,-0.15143913
22.0,-0.11160409
22.0,-0.1286322
32.0,0.24606016
16.0,0.06875471
22.0,-0.12710924
7.0,-0.58224446
16.0,-0.012793805
15.0,-0.12851776
17.0,0.1918141
45.0,0.39368388
14.0,-0.1623387
7.0,-0.514941
33.0,0.12005512
12.0,-0.06573979
27.0,-0.106263384
17.0,0.061923865
18.0,-0.015469962
65.0,0.1377581
14.0,-0.24940105
17.0,0.08192795
21.0,-0.17748986
20.0,-0.061660413
12.0,0.022601565
34.0,0.51008046
25.0,-0.0227008
13.0,-0.003830194
7.0,-0.48036844
22.0,-0.08848016
26.0,-0.24104089
85.0,0.37632176
13.0,-0.08534138
13.0,-0.2700301
21.0,-0.1658328
27.0,-0.07029812
69.0,0.24698669
86.0,0.27745557
22.0,-0.024524467
20.0,-0.12216192
42.0,0.13958126
14.0,-0.29109097
37.0,0.2303062
13.0,-0.14810768
9.0,-0.478018
27.0,-0.096995786
17.0,-0.05105198
99.0,0.7242145
22.0,-0.053288672
21.0,-0.13591905
12.0,0.0023883171
7.0,-0.7025355
13.0,-0.021386502
24.0,-0.09316685
22.0,-0.10156735
12.0,-0.06365931
17.0,0.078642696
32.0,0.10406621
40.0,0.16965789
23.0,-0.073567376
17.0,-0.103609085
28.0,-0.006191182
13.0,-0.11265479
7.0,-0.40354526
7.0,-0.42165506
12.0,-0.1331125
26.0,-0.2047517
7.0,-0.2879059
13.0,-0.24302563
36.0,0.2497999
17.0,-0.13021794
34.0,0.07529242
15.0,-0.15996665
10.0,-0.74036765
12.0,-0.19606048
22.0,-0.15414177
22.0,-0.13175361
16.0,0.17164545
64.0,0.069635555
9.0,-0.5131304
15.0,-0.030825458
12.0,0.11254323
17.0,0.030757958
17.0,0.13015398
22.0,-0.13812429
16.0,0.09071725
19.0,-0.07284406
13.0,-0.21556965
10.0,-0.5443012
18.0,0.04836165
64.0,0.13267823
14.0,-0.17000183
13.0,-0.19773409
35.0,0.058665305
17.0,0.16185449
7.0,-0.3796633
21.0,0.017990265
17.0,0.13887613
17.0,-0.07140185
17.0,-0.15665962
10.0,-0.49925816
18.0,0.0016195886
17.0,0.17735298
17.0,0.081464104
12.0,-0.14940315
17.0,-0.08937779
13.0,-0.08588776
16.0,0.12692483
16.0,0.1701354
27.0,-0.03668868
14.0,-0.26987606
17.0,-0.1092214
12.0,-0.16769603
14.0,-0.01912707
24.0,-0.107812256
36.0,0.1814709
12.0,-0.001747869
22.0,-0.164558
26.0,-0.09827402
21.0,-0.17306288
16.0,-0.03702087
17.0,-0.036047563
28.0,0.13024907
10.0,-0.52614635
26.0,-0.091724716
17.0,-0.017951626
37.0,0.14752169
18.0,0.111372754
17.0,0.051345754
13.0,-0.013131719
33.0,0.11800439
8.0,-0.55503696
3.0,0.20148271
23.0,-0.14630717
4.0,0.5442116
13.0,-0.13163619
13.0,-0.16286135
27.0,0.018692506
18.0,0.09779309
42.0,0.11509935
31.0,0.048526157
7.0,-0.54500467
53.0,0.11197618
27.0,0.024751924
26.0,-0.15997317
27.0,-0.09674434
28.0,0.22069815
34.0,0.37818933
13.0,-0.2074295
12.0,-0.36100894
16.0,-0.1881677
21.0,-0.09738909
22.0,-0.039128482
17.0,0.12700361
13.0,-0.26381278
12.0,-0.06126314
22.0,-0.094570555
13.0,-0.25882527
37.0,-0.041193567
17.0,0.0665568
23.0,-0.10381366
10.0,-0.42388153
19.0,-0.12819923
22.0,-0.10478678
15.0,-0.06843859
13.0,-0.23371713
23.0,-0.07933438
12.0,-0.09622255
22.0,-0.12210393
18.0,0.27465668
42.0,0.45209476
13.0,-0.23355994
3.0,-0.1839653
14.0,-0.19475728
17.0,-0.0016122217
24.0,-0.12555449
13.0,-0.15554623
22.0,-0.04124773
12.0,-0.09554203
7.0,-0.5002522
6.0,-0.32321653
7.0,-0.43275014
22.0,-0.1070351
13.0,0.0143889515
8.0,-0.74064016
7.0,-0.39778578
13.0,-0.18870269
22.0,-0.05819084
14.0,-0.21452694
17.0,0.12532017
13.0,-0.19495873
17.0,0.123084195
12.0,-0.133409
13.0,-0.29081544
28.0,0.0030509466
70.0,0.50704736
17.0,0.002215869
7.0,-0.749274
13.0,-0.29587656
17.0,0.07194046
34.0,0.07970081
14.0,-0.07956996
28.0,-0.05089067
13.0,-0.28585657
22.0,-0.09834041
32.0,0.20446081
40.0,0.32240912
12.0,-0.14989668
12.0,-0.28244498
13.0,-0.24802326
17.0,0.037603974
26.0,-0.21934724
22.0,-0.080432095
12.0,-0.16625343
32.0,0.18714964
25.0,-0.103249006
16.0,-0.07553958
22.0,-0.13061944
11.0,-0.72455543
21.0,-0.15836093
17.0,-0.2603565
27.0,-0.10136507
23.0,-0.18068936
21.0,-0.057001714
42.0,0.2804662
14.0,-0.16952059
29.0,0.0244232
19.0,-0.08263489
13.0,-0.22974697
14.0,-0.13143012
12.0,-0.15359128
13.0,-0.21552588
26.0,-0.096251
13.0,-0.086002745
28.0,-0.029641207
12.0,0.0581146
13.0,-0.04960934
20.0,-0.078314394
32.0,0.24761076
25.0,-0.08616836
37.0,0.32066774
22.0,-0.13670793
12.0,-0.089133315
14.0,-0.27025068
27.0,0.073548324
16.0,0.056513526
22.0,-0.069079496
14.0,-0.3037307
17.0,-0.006941166
17.0,-0.20250401
29.0,0.06576204
22.0,-0.14330052
24.0,-0.11281793
32.0,0.16149773
16.0,-0.18697794
21.0,-0.013997423
32.0,-0.11368449
20.0,-0.104442164
17.0,-0.067318
12.0,-0.12949371
17.0,-0.06146771
16.0,-0.064422034
28.0,-0.13344818
32.0,-0.021693313
7.0,-0.31652924
2.0,-0.39683083
22.0,-0.04462911
17.0,0.09677213
17.0,0.116297536
13.0,-0.12008799
12.0,-0.037392527
32.0,0.33043662
4.0,0.19671151
7.0,-0.49297932
45.0,0.17134477
22.0,-0.17888151
13.0,0.02188143
32.0,0.0006119358
22.0,-0.034080427
58.0,0.17870916
13.0,-0.06711801
24.0,-0.19465224
12.0,0.025480103
17.0,0.033551645
31.0,0.01574308
22.0,-0.114888325
18.0,0.39882734
14.0,-0.20712209
17.0,-0.123923585
17.0,0.19344321
24.0,-0.14262433
21.0,-0.10572679
26.0,-0.102519415
17.0,-0.11509754
12.0,-0.23870617
16.0,-0.07122357
13.0,-0.12496096
24.0,-0.15316227
26.0,-0.15874583
4.0,-0.19544597
17.0,-0.14601694
16.0,-0.08195659
70.0,0.32494783
13.0,-0.124469176
17.0,0.1454376
16.0,-0.004418854
16.0,-0.15382397
13.0,-0.10011699
22.0,-0.012022171
7.0,-0.56890017
12.0,-0.023700893
11.0,-0.39078644
40.0,0.087251894
5.0,-0.3190207
11.0,-0.3769741
35.0,0.20142616
22.0,-0.1043978
11.0,-0.43213442
9.0,-0.16934742
17.0,-0.036852527
24.0,-0.09626972
19.0,-0.08596397
17.0,0.08822713
35.0,0.26983193
24.0,-0.13595268
29.0,-0.020627059
32.0,0.25741056
18.0,0.017605513
17.0,-0.045705143
42.0,-0.015967024
17.0,0.005693623
13.0,-0.14480054
17.0,-0.028879266
13.0,-0.21425529
22.0,-0.11982528
14.0,-0.115787745
14.0,-0.3405197
32.0,0.11772295
22.0,-0.16272186
22.0,0.06375969
16.0,-0.061507225
15.0,0.09945771
22.0,-0.104661934
32.0,0.12675682
17.0,-0.03081887
28.0,-0.14059582
16.0,-0.14630258
22.0,-0.0420697
13.0,-0.15963651
3.0,-0.07192893
26.0,-0.11609781
16.0,-0.17064455
17.0,-0.08064957
22.0,-0.13034312
13.0,-0.10337091
17.0,0.010432033
69.0,0.7078187
13.0,-0.012855073
16.0,-0.071619
12.0,-0.20426115
14.0,-0.1810288
19.0,-0.1593357
7.0,-0.45306593
13.0,-0.10740867
13.0,-0.21600981
17.0,-0.09468804
24.0,-0.11055897
15.0,0.027562354
22.0,0.015228607
22.0,-0.12266913
17.0,-0.010565577
14.0,-0.16422372
29.0,-0.00575349
24.0,-0.10287411
22.0,-0.055154778
21.0,-0.1658328
16.0,0.004661494
12.0,-0.11828925
7.0,-0.5303973
4.0,-0.23329619
22.0,-0.09801608
13.0,-0.2327943
17.0,0.0004721512
12.0,0.02906007
10.0,-0.3463997
20.0,-0.13958368
17.0,0.010346056
47.0,0.12990716
16.0,0.033412207
27.0,0.1922157
17.0,-0.021277018
22.0,-0.07049472
16.0,-0.08708006
20.0,-0.11243458
14.0,-0.24081899
85.0,0.3149661
16.0,-0.05128861
15.0,-0.15231445
14.0,-0.055718463
89.0,0.14595538
17.0,0.020978507
28.0,0.0044102767
7.0,-0.39803472
21.0,-0.10448257
32.0,0.08813129
22.0,-0.07268773
32.0,0.26918426
13.0,-0.24448566
12.0,0.035660338
17.0,0.07618426
17.0,0.009807561
22.0,-0.09814366
14.0,-0.14317422
15.0,-0.07892399
5.0,-0.46399486
91.0,0.47768676
25.0,-0.07360752
12.0,-0.14422275
18.0,0.022295566
30.0,0.09384439
32.0,0.08668369
7.0,-0.5123923
14.0,-0.31615186
7.0,-0.37980446
64.0,0.012077449
4.0,-0.16764607
30.0,-0.0011442233
27.0,0.000377662
38.0,0.024488643
33.0,0.21086107
21.0,-0.15533686
14.0,-0.1264133
17.0,0.10645937
14.0,-0.1237264
4.0,0.16094351
21.0,0.014246768
24.0,-0.10997265
17.0,0.056218747
22.0,-0.057491343
22.0,-0.06284284
35.0,0.1540283
14.0,-0.15789454
8.0,-0.62936586
35.0,0.010874393
17.0,0.06366892
24.0,-0.08156128
37.0,0.04442447
33.0,0.24308786
13.0,-0.0911001
13.0,-0.10693167
7.0,-0.5678123
13.0,-0.24522534
57.0,0.51078004
20.0,-0.17582427
26.0,-0.18167871
28.0,-0.013160852
86.0,0.29906705
25.0,-0.07442939
23.0,-0.17886281
13.0,-0.035000384
28.0,-0.006033913
13.0,-0.116984405
5.0,0.2913013
16.0,-0.004564934
8.0,-0.3592885
17.0,-0.16647455
27.0,0.023696207
12.0,-0.10227955
12.0,-0.1681303
7.0,-0.276231
7.0,-0.5436535
27.0,0.04069881
16.0,0.04182213
22.0,-0.041819897
19.0,-0.082303904
29.0,-0.05028651
28.0,-0.23411818
13.0,-0.06064709
14.0,-0.38015106
17.0,-0.0029879275
17.0,0.17147829
19.0,-0.11032265
22.0,-0.16955294
22.0,-0.075129844
8.0,-0.3887141
37.0,0.10123815
12.0,0.036206126
28.0,-0.041705817
9.0,-0.44320792
14.0,-0.13206165
12.0,0.01958093
22.0,-0.18494105
17.0,0.06615553
35.0,0.3686186
21.0,-0.08963849
44.0,0.17415883
17.0,0.022922888
13.0,0.07303546
12.0,-0.18061018
18.0,0.085619584
17.0,0.107410625
13.0,-0.16982307
8.0,-0.34613436
14.0,-0.14195445
12.0,-0.070049606
7.0,-0.5536378
20.0,-0.10970125
9.0,-0.61193216
22.0,-0.053194284
16.0,-0.043598436
43.0,0.18507841
13.0,-0.21534976
17.0,-0.071446344
18.0,0.4580626
15.0,-0.013975057
25.0,-0.19174895
22.0,-0.10467771
17.0,-0.15085341
2.0,-0.06968412
16.0,-0.07776668
13.0,-0.34349972
12.0,-0.2859711
37.0,0.17346603
21.0,-0.057046156
12.0,-0.055450927
22.0,-0.06342705
13.0,-0.16855894
32.0,0.20478451
14.0,-0.057418082
22.0,-0.10958708
10.0,-0.5219774
12.0,-0.32548094
12.0,-0.12001739
17.0,-0.006870186
14.0,-0.17563222
28.0,-0.08915243
19.0,-0.13039517
22.0,-0.044029254
7.0,-0.43331414
14.0,-0.12067053
5.0,-0.34717533
36.0,0.18732244
16.0,0.038187645
16.0,-0.040432088
22.0,-0.14814603
19.0,-0.15900733
18.0,0.17393841
22.0,-0.16297057
12.0,-0.073329404
25.0,-0.17996623
11.0,-0.39446855
18.0,0.19982073
26.0,-0.09662609
19.0,-0.17829652
16.0,-0.19977844
8.0,-0.73349947
12.0,-0.13822857
17.0,-0.021616329
17.0,0.070306644
24.0,-0.08725194
20.0,-0.11082909
7.0,-0.329095
13.0,-0.20315564
17.0,0.027284984
65.0,0.25226098
22.0,-0.18200018
17.0,-0.1386936
17.0,0.0096551515
42.0,0.018636504
13.0,-0.1925465
14.0,-0.11240294
13.0,-0.05938133
19.0,-0.09240832
15.0,-0.09587259
17.0,-0.06426295
14.0,-0.08044159
22.0,-0.051263582
36.0,0.2565491
23.0,-0.18277185
25.0,-0.106186494
18.0,0.09756186
17.0,0.15567315
12.0,0.019317888
12.0,0.009010321
16.0,-0.039937362
32.0,0.03933714
13.0,-0.045623895
13.0,-0.053857718
8.0,-0.29475898
36.0,0.0052026287
18.0,0.11515023
28.0,-0.07615106
12.0,-0.16026245
36.0,0.0021361634
36.0,0.00977747
32.0,0.26646167
17.0,-0.06624682
27.0,-0.09778653
17.0,-0.045406677
16.0,-0.15241578
28.0,0.0034222133
22.0,-0.05628833
7.0,-0.49353135
27.0,-0.13786046
13.0,-0.06083406
17.0,0.018276276
7.0,-0.85006356
7.0,-0.5563021
13.0,-0.30743173
15.0,-0.06859411
13.0,-0.13762584
26.0,-0.07242886
30.0,-0.009210125
8.0,-0.6087255
32.0,0.058443766
23.0,-0.17312153
17.0,-0.058382835
33.0,0.07970702
27.0,-0.13390005
16.0,-0.118115805
13.0,-0.12332266
13.0,-0.14576691
19.0,-0.12722477
22.0,-0.14887093
4.0,0.04670142
17.0,0.13071571
25.0,-0.16268297
69.0,0.183117
16.0,-0.058812786
29.0,0.1349035
15.0,0.021719921
22.0,-0.1189144
22.0,-0.17267078
36.0,0.14978829
13.0,-0.2915412
22.0,-0.08286941
24.0,-0.15664351
12.0,-0.037240267
17.0,-0.13411383
33.0,0.16372214
17.0,-0.079837345
17.0,-0.15109475
17.0,-0.08119326
15.0,-0.016198749
7.0,-0.5998353
64.0,0.31522393
12.0,-0.17843793
19.0,-0.1831031
30.0,-0.03026489
22.0,-0.12095443
69.0,0.48139378
16.0,-0.08956176
30.0,0.0032085464
32.0,-0.05404624
18.0,0.12272073
37.0,0.15446152
36.0,0.37957177
17.0,-0.106497966
27.0,-0.034965165
17.0,-0.07335678
7.0,-0.36855432
12.0,-0.16168746
22.0,-0.030532511
22.0,-0.15016632
14.0,-0.106331125
19.0,-0.07693192
13.0,-0.42061996
17.0,-0.02690871
22.0,-0.14626883
21.0,-0.16068365
16.0,-0.15525395
7.0,-0.40675867
17.0,-0.06670182
63.0,0.24147487
10.0,-0.4978971
17.0,0.10281043
20.0,-0.21159373
17.0,-0.20331272
22.0,-0.094965756
15.0,-0.06754847
7.0,-0.25375026
81.0,0.60176516
24.0,-0.13561215
17.0,0.051720303
17.0,0.058895078
13.0,-0.25104296
12.0,-0.15223835
32.0,0.1804612
22.0,-0.11237603
16.0,0.07416699
16.0,0.105835654
13.0,-0.22500542
14.0,-0.12509434
20.0,-0.011184489
17.0,-0.14342533
24.0,-0.0826104
29.0,0.20031297
22.0,-0.08225738
26.0,-0.14290799
17.0,0.13967153
38.0,0.3792733
35.0,0.2710985
32.0,0.18857518
17.0,-0.020816717
16.0,0.055447496
28.0,0.06072838
12.0,-0.13105518
13.0,-0.26198745
12.0,-0.016070213
13.0,-0.055346247
13.0,-0.24162301
13.0,-0.19947866
18.0,0.106123626
17.0,0.02407955
17.0,-0.12629436
22.0,-0.115696646
12.0,-0.19559798
24.0,-0.14509122
26.0,-0.087872624
32.0,-0.013877861
12.0,-0.14889969
9.0,-0.3822713
17.0,0.054859784
33.0,0.24327904
22.0,-0.033966232
27.0,-0.122743264
18.0,0.08867714
26.0,-0.12114207
19.0,-0.17294833
3.0,-0.57121724
13.0,-0.18858631
12.0,-0.24019992
17.0,-0.024669595
13.0,-0.11044237
32.0,0.05032614
14.0,-0.2550818
13.0,-0.2563753
17.0,0.05445217
22.0,-0.1514271
12.0,-0.028387833
22.0,-0.21878386
17.0,-0.13119891
11.0,-0.4027075
13.0,-0.19325335
13.0,-0.123773344
12.0,-0.13089202
24.0,-0.10794423
12.0,-0.22198889
22.0,-0.067840226
16.0,-0.00052398
18.0,0.07723726
17.0,-0.014114201
27.0,-0.033253405
17.0,0.058940582
22.0,-0.01537279
27.0,-0.0052284617
17.0,-0.04461771
16.0,-0.063746594
11.0,-0.11636653
14.0,-0.17082039
22.0,-0.22610141
15.0,-0.15265587
12.0,-0.0700755
22.0,-0.06261729
32.0,0.06632071
81.0,0.35367525
15.0,0.04496658
22.0,-0.1179414
14.0,-0.1307467
17.0,-0.07137537
19.0,-0.17189635
12.0,-0.23167181
17.0,0.07251341
22.0,-0.17424268
64.0,0.1703007
12.0,0.030416248
26.0,-0.09905058
22.0,-0.06922628
8.0,-0.24081388
24.0,-0.12849046
16.0,-0.059898652
17.0,0.14710738
25.0,-0.20166662
28.0,0.026523048
26.0,-0.07728116
18.0,0.26215646
18.0,0.26294124
13.0,-0.18509576
37.0,0.30588675
12.0,-0.08161088
68.0,0.49044532
17.0,-0.09597592
17.0,-0.030589638
26.0,-0.12402312
17.0,-0.0066759405
11.0,-0.7251347
12.0,-0.13952379
17.0,0.14416195
23.0,-0.024458684
18.0,-0.06357161
22.0,0.05717881
17.0,-0.0717528
14.0,-0.12111278
11.0,-0.4064322
5.0,-0.69326615
28.0,0.029505702
27.0,-0.03509574
12.0,-0.18948267
14.0,-0.13581157
17.0,-0.0032400317
17.0,-0.13411072
29.0,-0.029839166
27.0,0.13761678
84.0,0.35094723
9.0,-0.3279503
11.0,-0.2362122
12.0,-0.4150096
20.0,-0.17212297
23.0,-0.19810113
17.0,0.085734464
28.0,0.013111921
42.0,-0.0073377294
17.0,-0.11639478
14.0,-0.14036983
17.0,0.037500337
17.0,0.18550128
20.0,-0.045285515
37.0,0.15952413
13.0,-0.37040108
16.0,-0.12418619
15.0,0.072351605
13.0,-0.25837162
10.0,-0.38913205
17.0,-0.070138045
20.0,-0.12624428
20.0,-0.09708766
19.0,-0.09432864
21.0,-0.10595058
12.0,-0.06714117
12.0,-0.23616247
7.0,-0.35596076
17.0,0.03495696
32.0,0.22896667
12.0,-0.14492546
10.0,-0.44273007
15.0,0.030022552
23.0,-0.24989685
24.0,-0.11875992
11.0,-0.8628112
27.0,-0.020683022
17.0,0.036354754
7.0,-0.43919045
22.0,-0.14104901
13.0,-0.15206534
14.0,-0.0894187
22.0,-0.13635479
22.0,-0.055106416
13.0,-0.226055
22.0,-0.1408295
31.0,0.031699624
45.0,0.7520736
9.0,-0.5290542
20.0,-0.05140523
17.0,0.090933144
17.0,-0.033541813
26.0,-0.14934085
16.0,-0.06523671
11.0,-0.73327506
23.0,-0.18197453
13.0,-0.23259938
17.0,0.01133328
10.0,-0.6156733
17.0,-0.007085367
11.0,-0.58311045
17.0,0.10782356
47.0,0.0049833297
27.0,0.05317095
37.0,0.10048057
13.0,-0.2600358
12.0,-0.18131664
30.0,0.082019724
17.0,-0.12841874
19.0,-0.16636147
65.0,0.11991678
15.0,-0.12672226
37.0,0.18996477
27.0,0.11789877
30.0,-0.060994014
29.0,0.17587112
36.0,0.078158185
27.0,0.09851915
12.0,-0.038720608
22.0,-0.04374775
27.0,0.04303145
22.0,-0.064733535
17.0,-0.080518655
22.0,-0.0912119
41.0,0.4786663
17.0,0.07380361
30.0,0.0132655315
17.0,-0.08314232
13.0,-0.07512093
13.0,-0.13066871
28.0,0.02695623
17.0,-0.080770686
22.0,-0.18009543
18.0,0.11653786
22.0,-0.13336173
28.0,0.0393283
31.0,0.026448952
27.0,0.27706987
22.0,-0.033690266
12.0,0.06270793
22.0,-0.066980846
11.0,-0.43375272
17.0,0.12469797
13.0,-0.22574621
22.0,-0.13792652
12.0,0.010302243
7.0,-0.3011918
23.0,-0.118767135
25.0,-0.12635188
35.0,0.21876015
7.0,-0.4202287
35.0,0.15230337
25.0,-0.21687673
21.0,-0.19270033
22.0,-0.02743575
14.0,-0.09320793
29.0,-0.022023257
23.0,-0.13468957
17.0,0.09658006
21.0,-0.13828966
20.0,-0.036829125
8.0,-0.27943617
22.0,-0.04965677
17.0,0.066529326
17.0,-0.099183634
22.0,-0.13476893
2.0,-0.20498586
32.0,0.18823133
27.0,0.05151056
20.0,-0.080318935
22.0,-0.09623671
22.0,-0.08755959
18.0,0.24059069
13.0,-0.15264542
26.0,-0.1940628
18.0,0.12033111
8.0,-0.37652943
28.0,0.037192676
7.0,-0.55939674
41.0,0.16373825
29.0,-0.056664642
16.0,-0.051392242
13.0,-0.17745951
13.0,-0.25847003
15.0,-0.14264207
27.0,-0.08352991
37.0,0.397503
12.0,-0.11057372
26.0,-0.15202065
39.0,0.2116588
12.0,-0.05570739
12.0,-0.124870814
24.0,-0.08096996
25.0,-0.1306887
32.0,0.09921905
21.0,-0.10726526
12.0,-0.15607187
25.0,-0.0688201
15.0,-0.016198749
22.0,-0.1203424
17.0,-0.09109096
23.0,-0.18569998
13.0,-0.17757751
13.0,-0.14608863
47.0,0.23573267
22.0,-0.08399869
14.0,-0.21556161
13.0,-0.11481397
17.0,-0.18042314
13.0,-0.3658852
27.0,0.020195255
17.0,-0.17620808
13.0,-0.19958028
17.0,-0.059160937
12.0,-0.0033284714
17.0,-0.10557157
20.0,-0.15240218
18.0,-0.0023676574
18.0,0.02290843
34.0,0.07375525
92.0,0.3569774
27.0,-0.043277077
15.0,-0.13843852
43.0,0.12294639
4.0,0.32921275
10.0,-0.5551918
17.0,0.11704774
23.0,-0.09290909
12.0,0.039903805
24.0,-0.1262804
16.0,-0.00027434714
17.0,-0.13435982
26.0,-0.14072394
15.0,-0.18902577
17.0,0.019457608
27.0,0.016867857
16.0,-0.03646998
16.0,-0.048641644
22.0,-0.012608585
12.0,-0.05499789
13.0,-0.22144346
18.0,0.23870012
27.0,0.046743196
7.0,-0.49665788
10.0,-0.2900651
15.0,-0.04353835
5.0,0.31633064
16.0,-0.10664729
26.0,-0.12728928
15.0,-0.06546042
22.0,-0.09659644
18.0,0.4213196
13.0,-0.24651325
22.0,-0.19347052
29.0,-0.02109502
21.0,-0.112761505
15.0,-0.050668698
32.0,0.35414898
82.0,0.12328305
93.0,0.6288826
43.0,0.12643203
28.0,0.077581406
32.0,-0.049653243
22.0,-0.043877035
13.0,-0.14974774
22.0,-0.14144503
26.0,-0.21445478
21.0,-0.09704175
13.0,-0.26778245
12.0,-0.19883831
14.0,-0.0749398
32.0,0.034375682
17.0,-0.09857641
17.0,-0.022878503
22.0,-0.17236301
15.0,-0.22243239
13.0,-0.13823996
58.0,0.22766374
22.0,-0.15431766
7.0,-0.3070628
22.0,-0.113884136
13.0,-0.23978463
12.0,-0.008307982
18.0,0.0593789
27.0,0.036106702
12.0,-0.113538325
26.0,-0.05582366
32.0,0.0030240887
22.0,0.047283165
17.0,0.05248192
17.0,-0.12727195
22.0,-0.10717358
32.0,0.23717241
32.0,-0.072540164
17.0,-0.13433367
42.0,0.32027888
12.0,-0.1701399
38.0,0.2572927
16.0,-0.13742243
22.0,-0.096592724
14.0,-0.27158287
22.0,-0.015965328
17.0,-0.017379357
28.0,-0.03578505
32.0,0.11461801
16.0,0.13479026
44.0,0.06720553
14.0,-0.20255542
26.0,-0.24483955
22.0,-0.055106465
18.0,0.0690547
8.0,-0.28116494
14.0,-0.20074804
14.0,-0.34378156
8.0,-0.30537146
28.0,-0.060246915
4.0,-0.042426713
23.0,-0.12872459
25.0,-0.1264311
17.0,0.026508618
4.0,-0.52098185
22.0,-0.15161136
13.0,-0.2618445
17.0,-0.14690244
13.0,-0.2438244
12.0,-0.13723323
17.0,-0.089706495
46.0,0.018519865
22.0,-0.085855916
24.0,-0.13347712
17.0,0.028523244
26.0,-0.14473061
21.0,-0.047747016
27.0,-0.10755674
23.0,-0.13743104
22.0,-0.24583331
26.0,-0.19214165
27.0,0.22630842
13.0,-0.07111842
17.0,-0.043539867
39.0,0.13761419
28.0,0.0750341
17.0,-0.093578
12.0,-0.14056337
22.0,-0.22382051
12.0,-0.12732595
27.0,0.053269032
23.0,-0.13383627
7.0,-0.49491623
34.0,-0.0021578996
12.0,-0.12179556
13.0,-0.21137491
27.0,-0.0019750015
24.0,-0.19298881
17.0,0.13901271
22.0,-0.0924854
20.0,-0.12485436
24.0,-0.23504618
22.0,-0.22063507
22.0,-0.152877
16.0,-0.06713066
13.0,-0.11513144
19.0,-0.104716204
22.0,-0.06124344
13.0,-0.124469176
22.0,-0.022990659
22.0,-0.03128165
63.0,0.1797012
41.0,0.23981304
17.0,-0.034775503
26.0,-0.16823715
17.0,-0.03351897
17.0,-0.07791872
22.0,-0.11622058
12.0,-0.10082268
22.0,-0.07015138
12.0,0.13251024
26.0,-0.14761037
14.0,-0.25311008
12.0,-0.14337994
15.0,-0.12009432
17.0,0.09415008
25.0,-0.091501564
39.0,0.09527361
19.0,-0.15381305
26.0,-0.1929772
22.0,-0.020894231
14.0,-0.23747884
13.0,-0.3600309
14.0,-0.25232026
21.0,-0.017620308
11.0,-0.40186664
19.0,-0.24164735
45.0,0.75797886
13.0,-0.3796458
39.0,0.19855116
97.0,1.1027842
13.0,-0.1743056
18.0,0.26498356
28.0,-0.1239475
18.0,0.07964491
16.0,-0.15984423
22.0,-0.04659619
10.0,-0.4202404
22.0,-0.110309474
27.0,-0.052227974
18.0,0.17697439
13.0,-0.06423474
24.0,-0.13519773
22.0,-0.038034935
10.0,-0.5665215
30.0,0.08537579
14.0,-0.10540527
17.0,0.01716333
12.0,-0.14598225
22.0,0.018635057
22.0,-0.13184422
25.0,-0.26029447
13.0,-0.11652852
22.0,-0.10587158
27.0,0.054233223
16.0,-0.03224828
17.0,-0.05466884
26.0,-0.1033817
20.0,-0.08506699
17.0,0.07303374
11.0,-0.5432279
32.0,0.01506491
22.0,-0.07714852
39.0,0.050878268
23.0,-0.10043998
22.0,-0.18311252
35.0,0.25935215
17.0,0.16802779
10.0,-0.3456519
17.0,0.08636276
13.0,-0.3735908
26.0,-0.07087114
23.0,-0.005225335
12.0,-0.027331308
24.0,-0.13770457
22.0,-0.04189262
22.0,-0.06345231
10.0,-0.59737897
13.0,-0.05952061
17.0,-0.06359647
13.0,-0.24162611
28.0,-0.059777267
13.0,-0.16048934
25.0,-0.14874505
16.0,-0.014721218
17.0,-0.13333356
7.0,-0.52979785
22.0,-0.053882863
5.0,0.29986137
26.0,-0.082311936
8.0,-0.71512705
16.0,0.0041428627
17.0,0.116846524
22.0,-0.14863461
21.0,-0.047942862
19.0,-0.21250376
27.0,-0.04148339
14.0,-0.08113257
7.0,-0.5800106
17.0,-0.13514504
21.0,-0.081504695
15.0,-0.11885377
33.0,-0.007381618
95.0,1.146765
22.0,-0.11682574
13.0,-0.14439629
22.0,-0.16191539
32.0,0.31352797
23.0,-0.17221123
25.0,-0.1925854
15.0,-0.13714933
68.0,0.38435367
64.0,0.2397028
22.0,-0.12362963
23.0,-0.14766476
12.0,-0.12506808
17.0,0.09593108
22.0,-0.0615258
64.0,0.30039662
17.0,-0.08422138
17.0,0.01519434
13.0,-0.16696389
90.0,0.24760956
8.0,-0.51142144
17.0,0.17481369
22.0,-0.14980946
29.0,0.024300624
16.0,-0.0762686
32.0,0.35881525
16.0,-0.14676788
13.0,-0.19418108
25.0,-0.2039067
13.0,-0.2310408
27.0,-0.08538819
12.0,-0.10779363
13.0,-0.14272287
27.0,0.048292574
44.0,0.16972889
13.0,-0.19092163
12.0,-0.18988314
12.0,-0.14940315
12.0,-0.07503097
16.0,-0.019489296
17.0,-0.13633606
13.0,-0.05204507
22.0,-0.14413337
13.0,-0.07180238
19.0,-0.17568287
29.0,0.055186283
21.0,-0.12910266
22.0,0.07758948
16.0,-0.14757241
13.0,-0.40689325
17.0,0.09786802
32.0,0.2616701
18.0,0.40614378
20.0,-0.13639817
67.0,0.2699835
22.0,-0.06270293
13.0,-0.03607856
32.0,0.102937035
17.0,-0.030139927
32.0,0.25796106
14.0,-0.15122654
12.0,-0.061584737
22.0,-0.14516515
18.0,0.018700749
12.0,-0.119357064
13.0,-0.1853707
17.0,-0.032017805
45.0,0.77083147
27.0,-0.00055350596
29.0,0.042129353
17.0,0.06553701
31.0,0.08198451
17.0,0.16519585
22.0,-0.088955544
17.0,0.10148429
17.0,-0.105992585
17.0,0.08040331
17.0,-0.029195925
13.0,-0.25544515
36.0,0.277397
26.0,-0.12665455
22.0,-0.04749769
23.0,-0.0704156
11.0,-0.37001267
25.0,-0.15645552
6.0,0.10677915
35.0,0.114633165
17.0,-0.07565191
8.0,-0.5145597
22.0,-0.12408394
35.0,0.4504628
17.0,-0.14595759
15.0,-0.21179463
37.0,0.005890293
23.0,-0.1481258
12.0,-0.292162
26.0,-0.081992894
22.0,-0.18453881
22.0,-0.08910322
32.0,0.2223761
34.0,0.33889702
7.0,-0.24231078
17.0,0.029893696
12.0,-0.19814667
12.0,-0.05433873
23.0,-0.20790318
24.0,-0.11652274
13.0,-0.32886946
4.0,0.12666051
10.0,-0.35841182
7.0,-0.6975584
14.0,-0.2503367
12.0,-0.29409483
12.0,-0.10082268
18.0,0.08633067
32.0,0.17672068
16.0,-0.08264134
24.0,-0.14504398
27.0,-0.021716971
7.0,-0.53050333
34.0,0.1441263
23.0,-0.11166484
6.0,-0.22058094
22.0,-0.09324992
28.0,-0.11718145
13.0,-0.30696422
16.0,-0.15283515
32.0,0.3060176
17.0,-0.12459851
13.0,-0.2720607
13.0,-0.094805956
24.0,-0.15794085
22.0,-0.016344374
13.0,-0.08958045
32.0,-0.029008206
17.0,-0.12305269
17.0,-0.123079
12.0,-0.09347363
4.0,-0.30589068
29.0,-0.05162555
20.0,-0.13490857
22.0,-0.09037981
17.0,0.044086132
12.0,0.01488591
76.0,0.1976204
31.0,0.1428278
27.0,-0.035550665
17.0,0.2035697
69.0,0.4559666
17.0,0.04640568
17.0,0.010018772
18.0,0.19695339
17.0,-0.057188842
22.0,-0.13782993
35.0,0.13097692
17.0,0.13478342
13.0,-0.22734769
13.0,-0.17454678
9.0,-0.5069085
25.0,-0.08039824
17.0,0.16782305
26.0,-0.10002371
36.0,0.13570933
17.0,-0.13068198
28.0,-0.0053606285
17.0,-0.054721244
13.0,-0.38039038
64.0,0.118443295
21.0,-0.12748055
23.0,-0.02709983
16.0,-0.085847475
17.0,-0.08870616
17.0,0.0067558484
8.0,-0.5674237
13.0,-0.09382706
13.0,-0.1848097
32.0,0.0895981
25.0,-0.12171158
18.0,0.13846382
22.0,-0.09454312
32.0,-0.037012868
22.0,-0.12950721
17.0,-0.0702864
28.0,-0.065000504
13.0,-0.3798945
22.0,-0.15389445
28.0,0.0625368
16.0,0.016487576
13.0,-0.052814048
93.0,0.48385867
14.0,-0.2278723
17.0,0.065748565
16.0,-0.17905495
13.0,-0.46654594
13.0,-0.32217565
22.0,-0.06690927
12.0,-0.3141999
17.0,-0.03438686
17.0,-0.084467255
17.0,0.056803714
27.0,0.0052601704
18.0,0.112456396
17.0,0.07258826
82.0,0.17233007
22.0,-0.038910836
17.0,0.0124268755
12.0,-0.09034684
13.0,-0.2824059
17.0,-0.01642191
21.0,-0.20012635
17.0,0.18076105
19.0,-0.16332522
11.0,-0.57589275
13.0,-0.17454365
23.0,-0.20336357
24.0,-0.14611654
17.0,0.05711954
39.0,0.121251345
12.0,-0.24436398
34.0,0.29966632
3.0,0.038997434
25.0,-0.09742554
32.0,0.2925431
17.0,0.16648768
30.0,0.032877304
32.0,0.08266967
23.0,-0.08605333
24.0,-0.21852906
22.0,-0.08210821
24.0,-0.12173025
85.0,-0.02125917
40.0,0.060135562
12.0,-0.18443607
18.0,0.30209997
7.0,-0.49770358
18.0,0.1679314
22.0,-0.08734615
22.0,-0.15394492
13.0,-0.23569258
13.0,-0.056485295
41.0,0.25378245
64.0,0.05824461
22.0,-0.016927414
22.0,-0.02294755
30.0,-0.15823592
17.0,-0.15204962
26.0,-0.25191903
10.0,-0.56181663
17.0,0.08096091
22.0,0.00727966
18.0,0.26470602
32.0,0.21959457
22.0,-0.15377961
17.0,0.088322
17.0,-0.062257532
2.0,-0.29171264
20.0,-0.0071645156
35.0,0.21346755
12.0,-0.0099031525
13.0,0.0143889515
15.0,-0.09461964
13.0,-0.103582814
13.0,-0.1962978
13.0,-0.18960491
21.0,-0.15836093
17.0,0.07997793
7.0,-0.56288916
21.0,-0.152099
27.0,0.007994271
18.0,0.12178737
26.0,-0.29663643
7.0,-0.58937985
30.0,-0.10654791
17.0,-0.04760795
14.0,-0.1427888
22.0,-0.11030012
13.0,-0.1899076
41.0,0.42653695
15.0,-0.103906594
20.0,-0.2206556
32.0,0.17764385
32.0,0.1611599
12.0,-0.22573973
17.0,0.12464043
17.0,-0.14802046
6.0,-0.41673988
17.0,0.003942459
22.0,-0.069502436
17.0,-0.022549653
20.0,-0.033703074
13.0,-0.13559268
14.0,-0.21001802
8.0,-0.5948936
22.0,-0.05333856
13.0,-0.113328174
17.0,-0.052637246
22.0,-0.006251161
9.0,-0.3343301
15.0,-0.012895069
23.0,-0.13714324
17.0,0.12014773
12.0,0.04770936
10.0,-0.6051986
26.0,-0.15994276
27.0,0.019828266
66.0,0.43457538
27.0,-0.006339125
24.0,-0.13131896
6.0,0.040104635
27.0,0.14986478
17.0,0.0051588085
35.0,0.10448505
2.0,0.044152874
46.0,0.2341296
21.0,-0.16098179
21.0,-0.1279111
13.0,-0.20395029
4.0,0.12274343
14.0,-0.08496892
13.0,-0.21580555
28.0,-0.09806106
22.0,-0.09409241
22.0,-0.04053226
22.0,-0.04608153
17.0,0.068839945
23.0,-0.07117655
14.0,-0.2051935
22.0,-0.06361856
28.0,-0.06644103
42.0,0.21613805
22.0,-0.15914042
35.0,0.15897664
11.0,-0.3374641
22.0,-0.057870746
10.0,-0.6292512
12.0,-0.107798286
33.0,0.006356474
28.0,-0.04075031
21.0,-0.15234776
7.0,-0.54048425
21.0,-0.018776815
17.0,0.13686253
22.0,-0.11353503
16.0,0.048590966
12.0,-0.1796742
12.0,-0.05001849
26.0,-0.09695179
27.0,0.05538239
15.0,-0.18546697
26.0,-0.17426023
6.0,-0.33207342
28.0,0.00039759022
27.0,-0.096807584
13.0,-0.075752534
28.0,0.10318525
21.0,-0.15234776
22.0,-0.12282769
36.0,0.023969352
10.0,-0.3664965
13.0,-0.12607211
22.0,-0.03018367
17.0,-0.07319231
12.0,0.005495701
4.0,0.091782585
25.0,0.017482398
28.0,-0.11798378
22.0,-0.1213319
28.0,0.01030259
17.0,-0.14905158
13.0,-0.18710075
13.0,-0.23181257
21.0,-0.056049243
17.0,0.044871613
24.0,-0.21880978
22.0,0.0041881055
32.0,0.14598066
17.0,0.10777497
17.0,0.020605419
28.0,-0.036681868
26.0,-0.22127171
27.0,-0.036571827
17.0,0.25403672
15.0,-0.18685497
36.0,0.12883459
43.0,0.010648515
31.0,0.039614663
21.0,-0.03005594
26.0,-0.12771678
36.0,0.3542471
15.0,-0.098875396
22.0,-0.07565247
17.0,-0.08367921
7.0,-0.4886279
12.0,-0.057584155
22.0,-0.017557569
9.0,-0.1132577
12.0,-0.023055613
85.0,0.61427665
27.0,-0.20318478
34.0,0.07573093
46.0,-0.08961914
13.0,-0.25742143
5.0,0.122419834
22.0,0.0028528548
22.0,-0.09966625
18.0,0.018643368
22.0,-0.023491614
17.0,-0.08491404
17.0,0.05385279
27.0,0.12957296
27.0,-0.08776597
17.0,-0.15280049
27.0,0.07187714
18.0,0.1141254
6.0,-0.56378883
22.0,-0.040986724
17.0,-0.05328073
7.0,-0.6286724
19.0,-0.07932721
20.0,-0.13468194
17.0,-0.11140115
35.0,0.23596445
14.0,-0.19729362
12.0,-0.062308475
13.0,-0.08338944
17.0,0.1020022
21.0,-0.17597559
11.0,-0.29706877
16.0,-0.06608158
22.0,-0.021378411
17.0,-0.078788765
13.0,-0.17642635
19.0,-0.105703294
7.0,-0.3864951
13.0,-0.0013818562
13.0,-0.22290322
17.0,-0.09921024
44.0,0.051079363
12.0,-0.17604673
35.0,0.34038183
22.0,-0.19846581
22.0,0.0064132465
10.0,-0.36636853
27.0,0.13244364
14.0,-0.2687234
13.0,-0.11007341
16.0,-0.05757051
27.0,0.008806577
22.0,-0.15459724
22.0,-0.042916298
29.0,-0.031592317
13.0,-0.20536324
17.0,-0.02348937
12.0,-0.2965563
32.0,0.09275815
9.0,-0.38382152
13.0,-0.12605244
22.0,-0.02320452
15.0,-0.07360945
24.0,-0.24074395
22.0,0.0067105917
33.0,0.12539817
17.0,-0.012628798
66.0,0.37248263
20.0,-0.0626225
17.0,-0.062075976
22.0,-0.07408488
26.0,-0.23266232
11.0,-0.3285782
22.0,-0.08986558
67.0,0.16492404
7.0,-0.40371504
14.0,-0.05598026
22.0,-0.066866316
11.0,-0.43576285
32.0,0.10195947
32.0,0.0128382
23.0,-0.19155467
12.0,-0.085543856
25.0,-0.23460667
16.0,-0.25757065
17.0,0.06300951
32.0,0.11277025
35.0,0.1889701
32.0,0.24686277
13.0,-0.25464305
18.0,0.11144892
18.0,-0.021155104
12.0,0.0077418825
17.0,0.17390482
17.0,0.011555021
17.0,-0.18543498
37.0,-0.019221544
32.0,0.28577593
22.0,-0.022876766
13.0,-0.047445178
34.0,0.34818563
27.0,-0.053575825
14.0,-0.11599294
17.0,-0.16068436
12.0,-0.045815192
12.0,-0.22301221
22.0,-0.093892366
12.0,-0.1914882
22.0,-0.08155358
36.0,0.22352622
19.0,-0.22272652
12.0,-0.20919695
30.0,0.021727314
92.0,0.27411145
14.0,-0.258608
12.0,-0.0821803
25.0,-0.21442692
14.0,-0.2599307
17.0,-0.19463256
12.0,-0.1150638
22.0,-0.05907931
26.0,-0.15220545
22.0,-0.15140913
7.0,-0.6411468
8.0,-0.46886393
13.0,-0.13605796
68.0,0.5360531
35.0,0.08299309
8.0,-0.14873326
22.0,-0.096010916
69.0,0.52600324
27.0,-0.0073451684
17.0,-0.1943002
16.0,0.05237701
10.0,-0.4499333
17.0,0.09364448
17.0,0.15743421
11.0,-0.5340204
17.0,0.05803793
17.0,-0.19565287
14.0,-0.39677975
32.0,0.2243449
20.0,-0.071763255
13.0,-0.18510951
13.0,-0.06556573
27.0,-0.027383214
16.0,-0.098166995
15.0,-0.00012823305
23.0,-0.051542025
7.0,-0.6516906
33.0,0.18044847
27.0,-0.032320235
17.0,6.5431464e-05
29.0,0.040630348
19.0,-0.08265105
17.0,-0.028573275
17.0,-0.012724837
39.0,-0.01237821
27.0,0.020485155
22.0,-0.17079572
22.0,-0.18368486
17.0,0.117810465
18.0,0.076479554
13.0,-0.10498091
36.0,0.18942232
12.0,-0.062066372
22.0,-0.07298041
12.0,-0.12176774
12.0,-0.13391526
22.0,-0.18339269
19.0,-0.16163425
11.0,-0.70745647
16.0,0.019002184
7.0,-0.8095485
17.0,-0.08135381
27.0,0.06928094
22.0,-0.067972824
36.0,0.18161097
33.0,0.2756075
8.0,-0.31930035
20.0,-0.16920246
14.0,-0.2570365
32.0,0.12042265
22.0,-0.06376841
17.0,0.081794545
32.0,0.19754452
22.0,-0.0842432
12.0,-0.16730727
17.0,0.08140776
13.0,-0.13346876
37.0,-0.013124445
24.0,-0.22427551
25.0,-0.098981336
83.0,0.1835342
22.0,-0.060759623
16.0,-0.041701727
22.0,-0.18188655
35.0,0.15373434
17.0,-0.15405451
15.0,-0.1480144
36.0,0.18003176
18.0,0.010746177
17.0,0.04131293
30.0,-0.04381018
31.0,0.0051242663
12.0,-0.036361255
13.0,-0.16330731
22.0,0.0016834085
36.0,0.14896522
22.0,-0.054722115
14.0,-0.08416559
42.0,0.17292188
24.0,-0.28789356
17.0,-0.056157548
33.0,0.18323602
16.0,0.016212372
13.0,0.008345291
11.0,-0.33540955
29.0,-0.012712337
22.0,-0.15250242
13.0,-0.15845308
18.0,-0.016910553
6.0,0.40876406
7.0,-0.44335446
14.0,0.05024495
22.0,-0.111503705
15.0,-0.23066074
63.0,-0.015672851
22.0,-0.17193718
27.0,-0.0926894
20.0,-0.15538456
27.0,-0.010073089
17.0,-0.095440544
13.0,-0.117869005
26.0,-0.15264842
17.0,0.059300907
17.0,-0.117595874
20.0,-0.03005442
26.0,-0.08542128
25.0,-0.13316378
37.0,0.0564122
12.0,-0.051600832
28.0,-0.027488422
20.0,-0.13559005
22.0,-0.11168783
15.0,-0.042655364
17.0,-0.016053021
29.0,0.04419221
16.0,-0.23475057
17.0,0.10146461
28.0,-0.11101359
7.0,-0.560052
22.0,-0.123733014
22.0,-0.057513926
1.0,-0.41554713
22.0,-0.113235414
30.0,0.045441333
22.0,-0.070626475
14.0,-0.17716211
17.0,0.066715814
10.0,-0.37623549
27.0,-0.05010981
12.0,-0.22388324
17.0,0.096491516
13.0,-0.09984905
16.0,-0.06778315
16.0,-0.13095655
22.0,-0.035108473
17.0,-0.15455739
27.0,0.029474456
17.0,-0.22944923
7.0,-0.31712142
17.0,-0.12694682
14.0,-0.18619531
2.0,-0.8405669
12.0,-0.06776009
17.0,-0.06606744
13.0,-0.11463799
22.0,-0.038258795
17.0,0.016367506
12.0,-0.28332642
21.0,-0.21253736
16.0,0.08559837
22.0,-0.16400304
9.0,-0.4735974
10.0,-0.25426683
32.0,0.19450955
12.0,-0.08078814
13.0,-0.20821309
18.0,0.03009104
12.0,0.035908487
31.0,0.08010034
22.0,-0.022472415
13.0,-0.23756528
28.0,0.059784494
28.0,0.02796106
19.0,-0.15282047
7.0,-0.16499037
16.0,-0.112791084
13.0,-0.06853369
10.0,-0.30401146
44.0,0.19217166
4.0,0.2609
17.0,0.096281126
17.0,-0.17003067
22.0,-0.08650856
26.0,-0.21218254
12.0,-0.01953643
37.0,0.2158063
22.0,-0.03687038
28.0,-0.1891786
13.0,-0.15874006
13.0,-0.081550956
16.0,-0.07288991
13.0,-0.20275162
18.0,0.013332256
32.0,0.048618063
17.0,0.11382456
21.0,-0.13659666
22.0,-0.11685266
32.0,0.2279394
17.0,0.09265973
23.0,-0.18554813
12.0,-0.17976917
23.0,-0.08158815
25.0,-0.20169218
25.0,-0.13780248
37.0,0.16171612
20.0,-0.1917094
13.0,-0.449735
15.0,-0.07697061
13.0,-0.10582706
32.0,0.055794403
21.0,0.04332811
36.0,0.31096157
22.0,-0.13574545
97.0,0.9603837
12.0,-0.33851355
17.0,-0.09855439
27.0,-0.050288044
12.0,-0.25243935
22.0,-0.23177859
33.0,0.074173555
13.0,-0.18485735
12.0,-0.18357082
13.0,-0.13695402
24.0,-0.14275655
26.0,-0.21372595
7.0,-0.425361
27.0,0.04374646
42.0,0.0044514416
28.0,0.056689862
15.0,-0.19689478
19.0,-0.24593338
12.0,-0.0099031525
14.0,-0.12552659
13.0,-0.08724993
16.0,-0.081529714
14.0,-0.18406898
23.0,-0.14240485
35.0,0.2770623
39.0,0.37540182
10.0,-0.40717694
17.0,-0.07426599
27.0,0.13577412
22.0,-0.19215536
25.0,-0.069720946
13.0,-0.17496507
13.0,-0.21251906
18.0,0.01953213
14.0,-0.088800535
13.0,-0.26013806
12.0,-0.13313867
12.0,-0.1061366
22.0,-0.0028338167
29.0,0.067686036
13.0,-0.28914708
14.0,-0.24691314
7.0,-0.28984457
14.0,-0.3120209
26.0,-0.11204197
17.0,0.0778141
18.0,0.082545854
24.0,-0.093708254
33.0,0.14757872
22.0,0.002008466
13.0,-0.17788205
12.0,-0.24199425
17.0,-0.16474147
17.0,-0.07729751
28.0,-0.0806003
14.0,-0.4453767
24.0,-0.12634629
22.0,-0.0056229564
17.0,0.01265123
12.0,-0.093935736
22.0,-0.21874122
22.0,-0.05689058
14.0,-0.16760941
27.0,-0.07346905
23.0,-0.172964
13.0,-0.124469176
9.0,-0.7233442
22.0,-0.18171287
8.0,-0.26634076
27.0,0.14720623
10.0,-0.6564503
16.0,0.1410826
17.0,0.014691631
12.0,-0.098549135
19.0,-0.17046402
17.0,0.09398459
17.0,-0.09817433
23.0,-0.06608723
17.0,-0.11054566
22.0,-0.11123331
9.0,-0.5953569
22.0,-0.08810769
26.0,-0.1509201
7.0,-0.56233865
22.0,-0.12842712
24.0,-0.2529037
12.0,-0.15742342
12.0,-0.20600662
10.0,-0.27699777
16.0,-0.020663308
13.0,-0.2042878
22.0,-0.111746885
19.0,-0.20123982
17.0,-0.066218115
27.0,-0.030858444
32.0,0.10135361
21.0,-0.14901944
15.0,0.049773514
7.0,-0.7205637
22.0,-0.09554232
37.0,0.4998378
12.0,-0.1887874
17.0,-0.10473849
17.0,0.056806143
24.0,-0.07268327
17.0,-0.047082886
34.0,0.19451886
17.0,0.0113297
7.0,-0.3929214
13.0,-0.23571688
13.0,-0.3414009
17.0,0.16991086
27.0,-0.08393623
22.0,-0.16052623
13.0,-0.19892174
12.0,-0.017991893
22.0,-0.06797321
38.0,0.30867884
17.0,0.051046938
17.0,0.1792938
17.0,0.09352868
15.0,-0.13273318
37.0,0.1681267
17.0,0.07287456
21.0,-0.025418036
16.0,-0.15412842
22.0,-0.054568134
16.0,-0.094500385
12.0,-0.08442973
17.0,0.07939727
23.0,-0.14217032
28.0,-0.10110429
14.0,-0.030189617
13.0,-0.17847225
7.0,-0.5311473
12.0,-0.05380463
32.0,0.015265352
10.0,-0.4945027
22.0,-0.027667958
22.0,-0.120961756
28.0,0.044423513
32.0,-0.0752566
22.0,-0.06935766
8.0,-0.47020182
19.0,-0.20387466
22.0,-0.011288674
12.0,-0.20015372
14.0,-0.24615161
22.0,0.02914642
22.0,-0.07653284
13.0,-0.27868
22.0,0.068565585
32.0,0.0574416
12.0,-0.19389944
32.0,-0.013948818
26.0,-0.16402037
22.0,-0.12264622
10.0,-0.2773337
20.0,-0.20475057
16.0,-0.096190855
24.0,-0.1806515
16.0,0.17865814
22.0,-0.13424559
19.0,-0.1771266
13.0,-0.2563753
17.0,-0.08135381
21.0,-0.15167002
7.0,-0.50999606
28.0,-0.03255883
22.0,-0.16395551
7.0,-0.4661212
30.0,-0.059010617
18.0,0.07761751
27.0,-0.05582872
22.0,-0.22230858
15.0,-0.1431435
15.0,-0.16112445
13.0,-0.09630141
24.0,-0.17885612
28.0,0.016189106
6.0,0.97654814
12.0,-0.052922543
22.0,-0.13432124
37.0,0.09335356
18.0,0.09789047
17.0,-0.04375035
27.0,-0.14090021
27.0,-0.010468635
22.0,-0.078296
15.0,0.09052198
12.0,-0.111383565
17.0,-0.102008626
15.0,-0.024048757
32.0,0.20204017
17.0,-0.092184834
12.0,0.106103994
23.0,-0.22081298
22.0,-0.02753848
12.0,-0.1199908
26.0,-0.12697141
13.0,-0.026160818
34.0,0.15648146
35.0,0.06929093
14.0,-0.22886683
14.0,-0.07228618
12.0,0.034787674
12.0,-0.068366766
14.0,-0.19064735
22.0,-0.0013092972
22.0,-0.099026345
26.0,-0.26865554
13.0,-0.25236967
15.0,-0.22584869
12.0,0.04005224
17.0,-0.099384725
17.0,-0.08971023
19.0,-0.20189795
17.0,-0.09494532
22.0,-0.1464073
22.0,-0.13894142
10.0,-0.40011287
14.0,-0.35280973
27.0,-0.08575917
27.0,0.036372293
17.0,-0.080770686
22.0,-0.12272573
14.0,-0.16327088
23.0,-0.06938974
16.0,-0.025337975
18.0,0.10193573
27.0,0.023065897
23.0,-0.18503597
17.0,-0.08170548
12.0,-0.12429075
38.0,0.28363416
22.0,-0.034278594
11.0,-0.24844435
17.0,0.21700335
22.0,-0.10617701
22.0,-0.0154458545
30.0,0.009160361
32.0,0.18411262
42.0,0.16055563
35.0,0.15845533
24.0,-0.13589314
15.0,-0.13352546
23.0,-0.11460804
27.0,0.037077334
8.0,-0.8275951
22.0,-0.08804925
22.0,-0.13020357
17.0,-0.11097779
19.0,-0.224522
20.0,-0.08743295
19.0,-0.15971106
13.0,-0.12809794
11.0,-0.471757
13.0,-0.17762803
14.0,-0.23027661
12.0,0.012792773
15.0,-0.09635637
32.0,0.14747205
92.0,0.30091923
25.0,-0.21948276
23.0,-0.083926745
16.0,-0.14747263
24.0,-0.2426492
18.0,0.11653786
13.0,-0.06752368
12.0,-0.024433302
37.0,0.1454115
62.0,0.18787868
62.0,0.09217374
29.0,0.03376602
13.0,-0.32701668
17.0,0.0879636
17.0,-0.18656078
8.0,-0.50933546
35.0,0.012127187
29.0,0.06520362
22.0,-0.03715387
12.0,-0.12180048
22.0,-0.10376097
17.0,0.11151832
12.0,-0.24252103
17.0,-0.08218828
28.0,0.05186611
18.0,0.17244197
12.0,0.03657044
17.0,0.15447201
12.0,-0.07137118
35.0,0.1229316
24.0,-0.109072424
5.0,0.30256575
20.0,-0.10228588
15.0,-0.076949276
7.0,-0.41829067
12.0,-0.17901145
34.0,0.09902101
22.0,-0.0900496
25.0,-0.15690319
28.0,-0.17391822
31.0,-0.03669491
64.0,0.01703287
26.0,-0.11619838
67.0,0.14851235
7.0,-0.31925368
13.0,-0.47099942
6.0,-0.06136325
13.0,-0.030414071
19.0,-0.19503868
10.0,-0.3829525
11.0,-0.40614203
12.0,0.03014936
7.0,-0.40207994
27.0,0.05019825
16.0,-0.0680449
32.0,0.19245072
13.0,-0.10861787
33.0,-0.15638562
23.0,-0.13029085
14.0,-0.24342243
16.0,0.06461147
22.0,-0.12325482
17.0,-0.09485348
10.0,-0.4374919
19.0,-0.06459135
21.0,-0.12659316
36.0,0.2714289
22.0,-0.019376133
13.0,0.08341162
11.0,-0.62522286
17.0,0.031127864
17.0,-0.0072848396
24.0,-0.123030685
12.0,-0.14804381
20.0,-0.06157875
25.0,-0.21170242
13.0,-0.20240813
28.0,-0.134251
7.0,-0.30231848
5.0,0.19146986
32.0,0.06359545
19.0,-0.13198762
16.0,-0.04369197
12.0,-0.11330943
66.0,0.31785268
22.0,-0.1173904
29.0,-0.015896283
12.0,0.047402475
13.0,-0.21264875
12.0,0.12052184
14.0,-0.32625836
17.0,-0.021260548
7.0,-0.74480134
2.0,-0.70609146
22.0,-0.039210767
13.0,-0.2241671
16.0,0.005058605
22.0,-0.06814848
36.0,0.12651323
17.0,-0.002814858
7.0,-0.3103641
14.0,-0.1648599
12.0,-0.052041624
19.0,-0.17128368
23.0,0.029751442
22.0,-0.061963413
22.0,-0.09932155
7.0,-0.54121596
10.0,-0.3560552
17.0,-0.03962359
33.0,0.04918934
22.0,-0.109837614
17.0,0.17017858
18.0,0.0024501574
10.0,-0.57421994
22.0,-0.20749696
18.0,0.1754575
7.0,-0.85083073
27.0,0.37322405
17.0,-0.12129133
24.0,-0.121843405
22.0,0.0013700731
22.0,-0.15626729
17.0,0.08264533
10.0,-0.32890123
17.0,0.081786714
17.0,0.11087407
26.0,-0.16408919
7.0,-0.36676812
27.0,0.038440987
22.0,-0.18015766
27.0,0.033572298
14.0,-0.15385227
23.0,-0.12782797
35.0,0.35630837
13.0,-0.26851702
14.0,-0.15064773
27.0,0.04507456
12.0,-0.112903684
69.0,0.38916424
17.0,0.12325672
22.0,-0.10814026
10.0,-0.4426051
17.0,-0.008909359
14.0,-0.19436017
22.0,0.014650976
22.0,-0.046830386
27.0,0.08526499
12.0,-0.021255847
20.0,-0.06319883
22.0,-0.0061479304
28.0,-0.013464927
22.0,-0.09261606
24.0,-0.13840228
85.0,0.38096914
10.0,-0.30616137
17.0,0.05283753
33.0,0.24939409
22.0,-0.036466397
22.0,-0.05400137
86.0,0.5941603
13.0,-0.21865292
28.0,-0.047948133
22.0,-0.22175495
24.0,-0.11454652
17.0,0.06618964
19.0,-0.18913198
23.0,-0.13761456
6.0,-0.6251895
3.0,0.010540532
31.0,-0.025261728
13.0,-0.10098429
22.0,-0.019005883
22.0,-0.07984676
17.0,0.15636627
12.0,-0.086615756
12.0,-0.12883186
25.0,-0.16953078
34.0,0.069080114
16.0,-0.039327137
26.0,-0.044913955
32.0,0.2988998
16.0,-0.027995879
28.0,0.0040022526
68.0,0.2887913
12.0,-0.16143657
27.0,0.0009765953
22.0,-0.08660788
7.0,-0.53152144
15.0,-0.23445489
10.0,-0.59375805
19.0,-0.2396262
22.0,-0.11080358
9.0,-0.42669037
10.0,-0.39892313
26.0,-0.06113892
17.0,-0.12081732
15.0,0.09760023
16.0,0.13136783
18.0,0.057126544
32.0,0.22568648
15.0,-0.026469503
12.0,0.039238717
17.0,-0.1391203
21.0,-0.06105385
13.0,-0.13845854
19.0,-0.097980745
6.0,0.30486012
23.0,-0.00398219
14.0,-0.17106558
29.0,0.020656642
24.0,-0.18144317
21.0,-0.1335394
12.0,-0.13145372
14.0,-0.17888351
11.0,-0.25499755
22.0,-0.14071056
22.0,-0.09108094
17.0,-0.122576386
28.0,0.029883476
22.0,-0.10473222
16.0,-0.115627274
17.0,-0.1729158
40.0,0.35040468
66.0,0.08995664
14.0,-0.10380972
17.0,-0.1330995
18.0,0.06250306
12.0,-0.10770698
12.0,-0.21866857
22.0,-0.12489131
13.0,-0.17557697
25.0,-0.11251178
16.0,-0.111422315
24.0,-0.042032346
38.0,0.057341777
18.0,0.10022894
23.0,-0.079747
12.0,-0.060151335
17.0,-0.11673791
22.0,-0.03497098
21.0,0.0353457
12.0,-0.14014888
37.0,0.045671456
17.0,0.014212959
15.0,0.08206103
13.0,-0.14787912
57.0,0.11630558
4.0,-0.44360387
66.0,0.20915863
7.0,-0.36041895
12.0,0.00032970705
7.0,-0.5602317
24.0,-0.14692594
17.0,0.030659698
64.0,0.06804391
42.0,0.27931896
7.0,-0.6526863
34.0,0.110878415
21.0,-0.102151826
16.0,-0.20676121
21.0,-0.17937072
20.0,-0.12258018
20.0,-0.060186967
40.0,0.22581017
27.0,0.027230293
28.0,0.024630139
20.0,-0.11972514
17.0,-0.018074993
27.0,0.041940887
31.0,0.13382995
17.0,-0.08415897
12.0,0.06748584
32.0,0.057270207
37.0,0.27155846
16.0,-0.109649196
14.0,-0.2127635
30.0,-0.01756975
32.0,0.18423869
17.0,-0.14787254
32.0,0.006450598
26.0,-0.17772217
22.0,-0.17305864
16.0,0.036322385
22.0,-0.08138865
13.0,-0.22598876
8.0,-0.7293656
7.0,-0.36900207
22.0,-0.12509705
13.0,-0.18686247
21.0,-0.0737227
32.0,0.031289443
17.0,0.005950028
17.0,-0.019235883
22.0,-0.042699717
33.0,-0.009439672
15.0,-0.16613105
46.0,0.033372864
32.0,0.09494677
30.0,-0.04336221
32.0,0.33669633
22.0,-0.11812672
16.0,-0.13333468
17.0,-0.12575749
35.0,0.2368726
14.0,-0.29026178
22.0,-0.06880054
23.0,-0.22164175
24.0,-0.13737105
17.0,0.10616579
7.0,-0.50032955
45.0,0.17163095
27.0,-0.01793872
12.0,0.064461246
11.0,-0.25609595
22.0,-0.15833531
18.0,0.08255428
12.0,-0.19321854
7.0,-0.2500095
16.0,-0.1417662
20.0,-0.035617948
12.0,-0.28011864
22.0,-0.16116542
32.0,0.17766374
15.0,-0.05515041
16.0,0.06379871
5.0,0.05851052
14.0,-0.21360892
32.0,0.022742169
11.0,-0.6390609
38.0,0.013057796
63.0,0.04362002
15.0,-0.2775875
13.0,-0.020652436
13.0,-0.2400425
22.0,-0.13265978
12.0,-0.0048087407
8.0,-0.37299666
7.0,-0.45837548
9.0,-0.7364415
5.0,0.10204217
22.0,-0.08976318
17.0,-0.03713336
22.0,-0.10200836
29.0,-0.14928915
37.0,0.14193994
9.0,-0.5240777
22.0,-0.16109358
7.0,-0.76488554
22.0,-0.048278987
50.0,0.21968505
15.0,-0.12341766
17.0,-0.048537873
6.0,0.6084116
22.0,-0.18849492
18.0,0.08418529
10.0,-0.50595534
7.0,-0.4762846
22.0,-0.025396183
17.0,-0.122318625
12.0,-0.026614504
12.0,-0.24844944
22.0,-0.13797833
16.0,-0.07943559
17.0,-0.004477837
27.0,0.016334243
22.0,-0.09439812
12.0,-0.12294094
35.0,0.089425385
24.0,-0.119202636
7.0,-0.30756444
22.0,-0.20531861
15.0,-0.06856616
20.0,-0.10022505
22.0,-0.17826039
32.0,0.15620357
22.0,-0.12096072
23.0,-0.076067485
14.0,-0.24245293
27.0,0.13007468
16.0,0.08181904
25.0,-0.15690319
16.0,-0.15411393
22.0,-0.12850451
17.0,-0.149714
22.0,-0.024337124
12.0,-0.0465736
14.0,-0.12975815
57.0,0.17927143
20.0,-0.15566158
64.0,-0.0924723
27.0,-0.013538028
28.0,-0.03096981
18.0,0.068887
27.0,-0.02316307
7.0,-0.3514176
32.0,0.14649731
14.0,-0.34635717
17.0,-0.0633439
10.0,-0.32873407
19.0,-0.10716406
27.0,0.13620955
22.0,-0.040314384
18.0,0.06811426
12.0,-0.11727322
14.0,-0.13013117
37.0,0.08588248
17.0,-0.018577546
28.0,-0.19657186
28.0,0.012724824
42.0,0.035092723
38.0,0.10198386
16.0,-0.10624404
17.0,0.12855639
14.0,-0.27003413
52.0,0.099660896
37.0,0.16022676
22.0,-0.007854165
17.0,-0.10056713
16.0,0.0991524
18.0,-0.013060205
16.0,-0.10995019
37.0,0.18410106
22.0,0.0059122904
22.0,-0.13722505
22.0,-0.097856745
15.0,-0.11605275
13.0,-0.09626797
22.0,-0.044790357
34.0,0.00057921605
7.0,-0.40756315
12.0,-0.109046616
32.0,0.28180984
12.0,-0.07480761
26.0,-0.24097629
26.0,-0.1310685
22.0,-0.2301086
12.0,-0.055087607
17.0,-0.08299159
22.0,-0.12513007
30.0,-0.05289685
22.0,-0.044661164
26.0,-0.12982126
8.0,-0.30633804
24.0,-0.094750166
13.0,-0.31588328
35.0,0.1449059
37.0,0.1774207
22.0,-0.059137255
34.0,0.18064104
11.0,-0.36704314
21.0,-0.05863123
10.0,-0.26864794
11.0,-0.20159823
12.0,-0.16815294
14.0,-0.19329464
8.0,-0.42691222
70.0,0.23123173
18.0,0.1853444
13.0,-0.24135402
27.0,0.10673662
12.0,-0.25109985
7.0,-0.41024745
12.0,-0.23341462
13.0,-0.18330929
37.0,0.030806884
12.0,-0.008608539
26.0,-0.13771316
7.0,-0.530807
22.0,-0.06584675
17.0,-0.019799087
25.0,-0.15826812
7.0,-0.48310012
13.0,-0.14563745
16.0,-0.03964288
10.0,-0.5310035
28.0,-0.19488405
22.0,-0.090828665
85.0,0.17757313
17.0,0.07756387
22.0,-0.1521295
93.0,0.51183856
27.0,-0.040864408
12.0,-0.21834697
22.0,-0.016179642
20.0,-0.123673685
22.0,-0.13519089
17.0,-0.14079459
20.0,-0.17180525
6.0,-0.16211306
22.0,-0.06050244
13.0,-0.18212977
13.0,-0.07308638
9.0,-0.660555
7.0,-0.36324313
15.0,-0.19366358
8.0,-0.55503696
16.0,-0.06653419
9.0,-0.6803899
27.0,-0.08090575
37.0,0.2024919
14.0,-0.033134855
27.0,-0.076441064
23.0,-0.07589664
15.0,-0.1869491
15.0,-0.06180076
22.0,-0.14561644
44.0,0.121731244
35.0,0.15895018
42.0,0.1009117
21.0,-0.018069828
13.0,-0.10318183
21.0,-0.17875664
12.0,-0.04459385
32.0,0.19481614
32.0,0.059179664
26.0,-0.09270397
6.0,0.46050245
32.0,0.016479863
17.0,-0.05041601
39.0,0.08571165
17.0,-0.13648687
22.0,-0.10721095
34.0,0.17876063
17.0,0.024083316
29.0,-0.008214775
27.0,-0.056143895
6.0,0.35140526
14.0,-0.13789158
13.0,-0.20628722
37.0,0.05579809
17.0,-0.07927789
17.0,0.07336601
17.0,-0.0094934385
32.0,0.099953696
23.0,-0.17863394
7.0,-0.3108488
13.0,-0.1358978
17.0,-0.14431216
5.0,-0.5560855
13.0,-0.045473177
6.0,0.53992873
17.0,-0.0028245477
19.0,-0.11623682
2.0,-0.08875755
21.0,-0.20220916
17.0,0.099411294
21.0,-0.1882774
12.0,-0.1491782
12.0,-0.15830629
17.0,-0.082878135
39.0,-0.062669426
10.0,-0.41862884
13.0,-0.23144901
24.0,0.011470777
13.0,-0.13140582
12.0,-0.05850758
13.0,-0.16058984
17.0,-0.065665126
36.0,0.23652412
12.0,-0.09192971
9.0,-0.3881599
11.0,-0.34763235
22.0,-0.035453126
17.0,0.052571446
17.0,-0.16511534
64.0,0.017117858
12.0,-0.13656858
23.0,-0.07731124
15.0,-0.15914336
23.0,-0.12192932
15.0,-0.049306504
17.0,-0.07213056
24.0,-0.14867216
22.0,-0.13998996
13.0,-0.1798805
27.0,0.096146606
22.0,-0.12096072
17.0,-0.023055395
15.0,-0.10738772
12.0,0.08487475
13.0,-0.3641849
27.0,0.013383722
10.0,-0.53279656
16.0,-0.05701371
42.0,0.37617013
12.0,-0.09279458
64.0,0.5408606
4.0,0.19469653
42.0,0.17082384
12.0,-0.006733699
12.0,-0.28875718
22.0,-0.049761564
22.0,-0.15068333
23.0,-0.15291141
32.0,0.36045304
10.0,-0.42812654
85.0,0.348439
25.0,-0.15253858
14.0,-0.05573256
13.0,-0.23781201
32.0,0.12172125
35.0,0.26286587
24.0,-0.11472305
17.0,-0.096555375
18.0,0.24639021
11.0,-0.11041065
19.0,-0.16502604
17.0,-0.04749675
13.0,0.002001698
8.0,-0.4085388
11.0,-0.2848087
26.0,-0.18359314
34.0,0.118095875
15.0,-0.23474629
28.0,0.06589966
29.0,0.019881977
90.0,0.4378251
36.0,0.32662615
13.0,-0.123248845
12.0,0.02932515
25.0,-0.13599907
20.0,-0.20225464
27.0,0.009864596
13.0,-0.13206843
33.0,0.15038602
15.0,-0.19376606
7.0,-0.2388115
11.0,-0.5319266
41.0,0.18001534
22.0,-0.17424159
26.0,-0.15711628
20.0,-0.12581088
93.0,0.50823593
12.0,-0.0067235306
32.0,0.12630886
22.0,-0.03643477
17.0,-0.094573215
12.0,-0.0864991
32.0,0.39080852
27.0,0.1102286
22.0,-0.003457475
24.0,-0.07701985
10.0,-0.51696986
27.0,0.030002631
22.0,-0.08823902
32.0,0.34975493
17.0,0.099795334
14.0,-0.32007918
27.0,0.076024584
22.0,-0.1101646
17.0,-0.14181988
12.0,-0.34122795
22.0,-0.131767
7.0,-0.5174022
7.0,-0.7644462
13.0,-0.26627076
22.0,-0.17318453
22.0,-0.1644779
18.0,-0.049889553
5.0,-0.65705335
12.0,-0.13095567
26.0,-0.14511414
20.0,-0.031836156
17.0,0.14879668
17.0,0.012632021
35.0,0.25648725
17.0,-0.11111579
41.0,0.38763338
12.0,0.02906007
12.0,-0.070307
15.0,0.012369035
22.0,-0.1266007
15.0,-0.090555705
33.0,0.1345154
12.0,-0.17966422
12.0,-0.34258452
18.0,0.0649451
16.0,0.057658028
12.0,-0.3842669
12.0,-0.06573979
27.0,-0.13929
4.0,0.19840463
23.0,-0.11244877
22.0,-0.016598586
19.0,-0.24919964
17.0,0.13774502
12.0,-0.09562661
22.0,-0.051848136
17.0,-0.08348397
15.0,-0.13701952
14.0,-0.13569687
27.0,0.019984504
31.0,-0.053205002
9.0,-0.39247924
32.0,0.2253956
17.0,0.11345174
35.0,0.25795823
12.0,-0.19692378
21.0,-0.11304633
17.0,-0.15741587
32.0,0.19838284
32.0,0.2767475
29.0,-0.0041876794
6.0,-0.31547284
18.0,0.22308591
22.0,-0.13049239
16.0,0.14561287
10.0,-0.886665
28.0,-0.013089909
18.0,-0.004718701
13.0,-0.15735765
22.0,-0.14132066
20.0,-0.11708046
15.0,-0.03737349
13.0,-0.15036178
15.0,-0.021561496
12.0,0.0026573485
17.0,-0.036930457
13.0,-0.12955649
17.0,-0.081105284
27.0,-0.06825991
12.0,-0.039575063
14.0,-0.23805079
10.0,-0.5742903
2.0,-0.3274837
32.0,0.028609006
19.0,-0.15443416
26.0,-0.12001726
11.0,-0.32430694
18.0,0.09125617
26.0,-0.32292834
7.0,-0.38436309
22.0,-0.14380288
13.0,-0.15545687
27.0,0.124524675
19.0,-0.17069182
12.0,-0.0813611
27.0,0.103888966
15.0,-0.13466288
28.0,-0.014493939
13.0,-0.19728659
37.0,0.09642594
84.0,0.36872202
22.0,-0.078057826
10.0,-0.39070046
32.0,0.035366043
11.0,-0.55145496
13.0,-0.11938905
29.0,-0.009944622
42.0,0.12605107
25.0,-0.13571085
25.0,-0.21086985
22.0,-0.1481571
22.0,-0.112332016
20.0,-0.16170272
28.0,-0.15733325
20.0,-0.04897506
14.0,-0.11029988
13.0,-0.16120456
19.0,-0.16078238
19.0,-0.1426501
32.0,0.049313176
15.0,-0.24365617
23.0,-0.27632627
16.0,0.13543257
21.0,-0.17769022
13.0,-0.1197547
23.0,-0.13830334
22.0,-0.15912256
45.0,0.34741312
12.0,-0.08899938
13.0,-0.2585075
17.0,0.038628176
17.0,-0.18375692
16.0,-0.022623014
28.0,0.022268768
14.0,-0.13677394
7.0,-0.36811954
12.0,-0.021326791
17.0,0.058048576
6.0,-0.55269223
17.0,-0.08603205
7.0,-0.30844972
12.0,-0.23977086
17.0,0.06346331
23.0,-0.26240003
12.0,-0.13076161
8.0,-0.31203163
16.0,-0.08563058
22.0,-0.08695016
25.0,-0.096000485
24.0,-0.17404982
37.0,0.052218612
18.0,0.0020692712
24.0,-0.15775393
17.0,0.12987636
7.0,-0.41613358
42.0,0.07231435
17.0,-0.105753936
7.0,-0.521967
9.0,-0.4668998
37.0,0.21471691
38.0,-0.084648594
10.0,-0.54776025
17.0,0.12863071
27.0,0.25070912
14.0,-0.12685028
12.0,-0.49669734
22.0,-0.05327439
7.0,-0.6480878
4.0,-0.2318186
13.0,-0.15189327
14.0,-0.17900345
24.0,-0.082655445
26.0,-0.28343254
26.0,-0.073740125
10.0,-0.505089
22.0,-0.10396722
15.0,0.08112892
32.0,0.2561496
25.0,-0.069583334
17.0,-0.094707966
41.0,-0.0922391
22.0,-0.061483115
15.0,-0.12140219
13.0,-0.23147541
19.0,-0.19993149
13.0,-0.22524641
17.0,0.19955608
18.0,0.24717382
14.0,-0.27407247
32.0,0.065570705
23.0,-0.12082017
17.0,-0.15957904
13.0,-0.21040756
22.0,-0.03916824
17.0,-0.1427062
12.0,-0.08614094
9.0,-0.7441272
12.0,-0.15839419
14.0,-0.20838133
17.0,-0.09038168
18.0,0.19431807
47.0,0.2987284
42.0,-0.0003863289
28.0,-0.10493866
8.0,-0.42033795
28.0,-0.026919363
36.0,0.027100924
26.0,-0.11305474
13.0,-0.044726275
29.0,0.08750562
86.0,0.44167608
13.0,-0.22955666
13.0,-0.18144065
62.0,0.6576185
28.0,-0.06512316
24.0,-0.13368005
12.0,-0.03652824
7.0,-0.40101603
45.0,0.3909859
23.0,-0.084553495
22.0,-0.045224532
14.0,-0.21196745
26.0,-0.11197853
13.0,-0.08826381
22.0,-0.09399098
18.0,0.1523342
7.0,-0.28646743
35.0,0.05978628
22.0,-0.09460689
36.0,0.18810695
29.0,0.07686162
26.0,-0.29426417
69.0,0.38645893
10.0,-0.4493877
5.0,-0.69039935
22.0,-0.1064437
14.0,-0.17794992
33.0,0.1373124
17.0,-0.117027774
16.0,-0.045655046
12.0,-0.23977086
68.0,0.020352624
13.0,-0.28504163
70.0,0.40351373
20.0,-0.033719055
12.0,-0.26629028
87.0,0.12174217
12.0,-0.028248882
22.0,-0.13174258
22.0,-0.021968903
12.0,-0.037005335
27.0,-0.11084392
22.0,-0.009586398
15.0,-0.010567576
22.0,-0.129551
13.0,-0.17259373
20.0,-0.13805796
17.0,-0.19728819
7.0,-0.38458684
13.0,-0.14005136
17.0,-0.14157447
26.0,-0.10673824
22.0,-0.1139458
7.0,-0.2360304
16.0,-0.1441523
22.0,-0.06987212
12.0,-0.024116965
9.0,-0.54523337
15.0,-0.12771451
17.0,-0.13555793
17.0,-0.14435312
17.0,-0.040583108
34.0,0.22782123
16.0,-0.09132176
10.0,-0.74612373
22.0,-0.13007207
15.0,-0.044122554
12.0,-0.13171513
19.0,-0.16708776
7.0,-0.35937884
13.0,-0.12475894
18.0,0.15340377
27.0,-0.0027594194
28.0,-0.06506095
42.0,-0.0382367
37.0,0.32385683
58.0,0.06337308
13.0,-0.2556457
27.0,0.04945658
22.0,-0.12393887
17.0,0.081833914
17.0,0.08281507
13.0,-0.16755244
22.0,-0.23895046
15.0,-0.11605275
21.0,-0.118834294
16.0,0.18756483
17.0,-0.07585961
32.0,0.070885345
13.0,-0.25293878
21.0,-0.15036206
10.0,-0.528246
20.0,-0.079467736
20.0,-0.1445752
12.0,-0.099681765
27.0,-0.10503261
17.0,0.10186851
25.0,-0.21095781
7.0,-0.73693913
38.0,0.29816335
21.0,-0.08339305
22.0,-0.080704056
13.0,-0.2503503
20.0,-0.116273224
1.0,-0.08012774
24.0,-0.0788339
22.0,-0.09897853
9.0,-0.6095297
16.0,0.1706499
22.0,-0.11585138
43.0,-0.0019220016
41.0,0.27213508
7.0,-0.46151173
12.0,-0.29472178
17.0,0.018655362
7.0,-0.39540327
7.0,-0.6331847
13.0,-0.31573674
13.0,-0.107387334
13.0,-0.01730987
12.0,-0.08469862
11.0,-0.51785517
17.0,-0.090921246
17.0,0.11533773
4.0,-0.17949286
17.0,-0.032884844
20.0,-0.14839618
13.0,-0.5027904
21.0,-0.20276813
26.0,-0.13535066
41.0,0.033321507
19.0,-0.22484727
16.0,0.13380633
15.0,-0.040639862
8.0,-0.24251182
50.0,0.21907133
17.0,-0.12068793
12.0,-0.06568096
13.0,-0.09761784
10.0,-0.74407434
33.0,0.0956773
7.0,-0.43431318
14.0,-0.24844734
7.0,-0.3764229
2.0,-0.3504596
68.0,0.27583364
22.0,-0.121756226
26.0,-0.22138235
32.0,0.24334165
23.0,-0.13535738
22.0,-0.15174636
12.0,-0.40671542
17.0,-0.10208592
7.0,-0.37468714
22.0,-0.06375714
36.0,0.024734855
89.0,0.32109183
37.0,0.17976974
27.0,0.19898243
34.0,0.27914017
32.0,0.22353797
22.0,-0.19232965
17.0,-0.018664293
18.0,0.111778796
10.0,-0.4129076
17.0,0.046782896
32.0,0.11087475
22.0,-0.1616593
20.0,6.323535e-05
17.0,-0.12809916
21.0,-0.113144554
19.0,-0.15550366
35.0,0.0975457
28.0,-0.093353905
17.0,0.070792906
17.0,-0.14575525
22.0,-0.17540707
2.0,-0.2628264
22.0,-0.095924266
16.0,-0.1265576
36.0,0.021945752
69.0,0.008023259
13.0,-0.2002822
17.0,-0.18735467
12.0,-0.007567527
17.0,0.21846642
19.0,-0.17567787
12.0,-0.061781734
12.0,-0.06256243
13.0,-0.25514486
13.0,0.0056456514
24.0,-0.108888544
14.0,-0.1678362
23.0,-0.17221123
17.0,-0.000838347
28.0,-0.09838381
23.0,-0.069173716
13.0,-0.20336242
23.0,-0.11960811
32.0,0.010938821
13.0,-0.18532014
16.0,-0.10464825
30.0,-0.15816377
91.0,0.7067164
13.0,-0.16692488
63.0,-0.012282123
42.0,0.13147354
40.0,0.041374028
7.0,-0.31058416
15.0,0.08213165
27.0,0.022051567
10.0,-0.7181615
8.0,-0.60489804
33.0,0.047742378
17.0,-0.059700772
22.0,-0.14194752
20.0,-0.09168896
22.0,-0.11774189
20.0,-0.015222474
27.0,0.12545982
17.0,-0.028357862
13.0,-0.23152424
22.0,-0.17058317
18.0,0.29659617
7.0,-0.5195045
13.0,-0.074904144
17.0,-0.072935045
22.0,-0.10265262
22.0,-0.113984846
28.0,-0.055517193
28.0,-0.1251692
8.0,-0.11018092
22.0,-0.100032225
17.0,-0.017124975
17.0,0.012086636
13.0,-0.2824579
49.0,0.04471788
25.0,-0.20906526
1.0,0.10513664
13.0,-0.11633752
22.0,-0.08480081
64.0,0.44192097
18.0,0.20524669
13.0,-0.05440927
16.0,-0.124167524
4.0,-0.48966384
17.0,-0.0786156
22.0,-0.12201677
23.0,-0.15955009
17.0,0.060891103
32.0,0.13689828
28.0,-0.20777275
6.0,0.08034029
18.0,0.12622866
13.0,-0.21770571
17.0,0.0707322
13.0,-0.20303386
10.0,-0.26189607
10.0,-0.506666
10.0,-0.45548356
20.0,-0.09935178
22.0,-0.065837614
25.0,-0.17772393
14.0,-0.0708595
26.0,-0.19924277
13.0,-0.50714105
13.0,-0.14095345
14.0,-0.27864918
26.0,-0.13303539
23.0,-0.107583374
7.0,-0.49544173
17.0,-0.034620438
26.0,-0.1455531
21.0,-0.10038133
9.0,-0.54617715
81.0,0.22374007
36.0,0.27795535
16.0,-0.038821757
22.0,-0.24491113
17.0,0.032646436
24.0,-0.11259996
32.0,0.16890723
46.0,0.33404145
22.0,-0.09982747
17.0,-0.012156747
17.0,-0.21699479
22.0,-0.06701781
10.0,-0.80019087
17.0,0.098695986
11.0,-0.18890503
37.0,0.23174149
22.0,-0.132683
23.0,-0.1467801
28.0,0.13763602
32.0,-0.0093714325
17.0,0.15293682
66.0,0.32690775
13.0,-0.22163
13.0,-0.25456932
22.0,-0.17644602
27.0,0.26078865
26.0,-0.086445
17.0,0.054056324
65.0,0.26151243
22.0,-0.030616876
17.0,0.07264486
14.0,-0.20155716
18.0,0.2612281
17.0,0.19652112
39.0,-0.04910258
26.0,-0.1507484
18.0,0.06013819
13.0,-0.20546144
17.0,0.15839803
12.0,-0.18543068
2.0,0.053416554
13.0,-0.22169608
13.0,-0.14975087
17.0,-0.19463292
22.0,-0.15776412
33.0,0.15273693
12.0,-0.33153528
13.0,-0.15848179
21.0,-0.17713636
18.0,0.09468344
12.0,-0.028819617
28.0,-0.055159256
16.0,-0.08065151
22.0,-0.07035194
16.0,-0.21195608
32.0,0.12027976
18.0,0.05444818
12.0,-0.14149581
34.0,0.34718227
17.0,-0.0072562383
13.0,-0.2354788
16.0,-0.012540415
31.0,0.048427403
10.0,-0.4627482
66.0,0.13486852
14.0,-0.114194706
23.0,-0.023522038
7.0,-0.4095393
82.0,0.17873889
10.0,-0.41937253
17.0,-0.048980754
28.0,-0.06921803
17.0,-0.058905575
22.0,-0.07213286
36.0,0.26540226
22.0,-0.0399607
30.0,0.043487046
22.0,-0.04480453
14.0,0.027098522
22.0,-0.19730268
24.0,-0.090364
17.0,-0.08784763
19.0,-0.18363415
7.0,-0.53569114
93.0,0.6254753
17.0,-0.077128395
13.0,0.08565945
12.0,-0.2029904
17.0,0.027172815
28.0,-0.027282167
14.0,-0.20178479
35.0,0.12510745
12.0,-0.12280146
13.0,-0.16696326
22.0,-0.1626499
14.0,-0.12271321
13.0,-0.09321815
17.0,-0.18415529
22.0,-0.20271997
32.0,0.0068144677
15.0,-0.10383503
10.0,-0.4374919
25.0,-0.03584866
17.0,0.017605644
17.0,0.20003636
18.0,-0.028468348
27.0,0.031331908
12.0,0.031517148
26.0,-0.14282084
17.0,0.00272974
27.0,-0.023813428
14.0,-0.3293889
36.0,0.35627076
17.0,-0.04021222
34.0,0.1819642
18.0,0.1811891
9.0,-0.55856115
18.0,0.08821434
20.0,-0.13480435
21.0,-0.117761925
10.0,-0.41027278
13.0,-0.16404611
18.0,0.13944899
8.0,-0.4263918
12.0,-0.30064985
33.0,0.12790556
12.0,-0.25063872
21.0,-0.043144383
10.0,-0.6690301
22.0,-0.044920303
15.0,0.08014815
14.0,-0.12594292
20.0,-0.057224594
6.0,0.17082106
12.0,-0.28125325
25.0,-0.12417376
17.0,-0.072935045
13.0,-0.2506219
38.0,0.0061771395
17.0,-0.13059738
17.0,0.088508576
34.0,0.21365757
38.0,0.08684473
22.0,-0.13116662
13.0,-0.27353263
27.0,0.05477407
11.0,-0.34211984
22.0,0.045364946
17.0,-0.08068035
37.0,0.1136999
14.0,-0.14279135
19.0,-0.1092811
14.0,-0.13854541
22.0,0.006872168
12.0,-0.07664328
26.0,-0.18839952
16.0,-0.046806116
37.0,0.25616407
13.0,-0.21992148
24.0,-0.22804327
12.0,-0.044901125
17.0,0.020958152
24.0,-0.14336799
19.0,-0.11983971
29.0,0.02466025
21.0,-0.09977668
14.0,-0.17283154
18.0,0.087997735
22.0,-0.114069365
19.0,-0.22177714
16.0,-0.065922566
42.0,0.19261613
11.0,-0.405128
17.0,0.14092286
30.0,0.09935378
24.0,-0.12519893
17.0,-0.027689977
32.0,0.16283497
14.0,-0.13412759
33.0,0.16325957
22.0,-0.11610877
17.0,-0.042644165
27.0,-0.020621127
14.0,-0.2946426
17.0,0.04656717
68.0,0.07998959
14.0,-0.13741373
22.0,-0.11016839
7.0,-0.58384067
12.0,-0.03680829
26.0,-0.112038724
37.0,0.12413908
18.0,0.11687141
12.0,-0.06542466
37.0,0.3097972
18.0,0.06803111
12.0,-0.23439752
13.0,-0.12502787
27.0,-0.12595156
17.0,0.05992564
67.0,-0.018514225
6.0,0.44067952
20.0,-0.07010495
17.0,-0.12566218
15.0,-0.1230303
17.0,-0.045885514
24.0,-0.13679099
32.0,0.12597455
17.0,0.011421989
17.0,-0.022841375
14.0,-0.08801368
69.0,0.3796622
70.0,0.46772528
19.0,-0.16796476
99.0,1.0110354
17.0,0.0011665062
22.0,-0.10329961
16.0,-0.11781196
28.0,0.016720576
92.0,0.14674333
12.0,-0.2730831
12.0,0.09218933
28.0,-0.065938435
14.0,-0.1321104
13.0,-0.24708168
36.0,0.067167625
13.0,-0.18111242
17.0,0.20462449
42.0,0.21554616
35.0,0.19211337
28.0,-0.0011748167
32.0,0.49383873
7.0,-0.56940293
7.0,-0.4040465
17.0,-0.046725556
13.0,-0.14450432
11.0,-0.41501302
24.0,-0.13662069
25.0,-0.13141833
24.0,-0.07322653
90.0,0.608718
13.0,-0.22519091
7.0,-0.38709852
18.0,0.01953213
13.0,-0.124469176
22.0,0.041256934
15.0,-0.19776438
19.0,-0.09587845
25.0,-0.2132485
23.0,-0.09011617
7.0,-0.38356194
7.0,-0.32485428
18.0,0.1509075
28.0,-0.059667837
12.0,-0.062102064
17.0,0.14818165
12.0,-0.067357436
32.0,-0.06544568
17.0,0.0031419506
34.0,0.32320607
22.0,0.028261075
28.0,-0.010361743
12.0,-0.1099265
22.0,-0.06268955
16.0,0.043069407
17.0,-0.020526238
17.0,0.059335828
17.0,-0.10516117
13.0,-0.2001184
4.0,-0.7175016
24.0,-0.053222153
28.0,-0.06370717
37.0,-0.09720351
26.0,-0.19188093
17.0,-0.1641128
21.0,-0.106904276
20.0,-0.10119426
17.0,-0.050907288
17.0,-0.03866193
17.0,0.1348959
42.0,0.10619253
12.0,-0.19764844
22.0,-0.047454897
22.0,-0.114867344
22.0,0.076169655
22.0,-0.052133102
16.0,0.03166266
21.0,-0.14273216
11.0,-0.45257702
10.0,-0.3764502
29.0,-0.15306662
32.0,0.3056136
27.0,-0.09424449
25.0,-0.11272016
22.0,-0.012612948
15.0,-0.1992025
23.0,-0.09504923
14.0,-0.19831242
10.0,-0.62243
17.0,-0.0037369952
15.0,0.077979974
17.0,0.16094577
27.0,0.025047995
24.0,-0.03355718
28.0,-0.18048194
13.0,-0.1907024
12.0,-0.23160417
24.0,-0.12242389
13.0,-0.1736806
13.0,-0.22270086
37.0,0.20224689
14.0,-0.13818152
17.0,0.15074241
82.0,0.27166188
27.0,-0.08654945
13.0,-0.27758852
35.0,0.2717954
22.0,-0.1886597
42.0,-0.008520773
17.0,0.09633163
17.0,-0.079485305
32.0,0.16686656
35.0,0.38409248
27.0,-0.062312275
17.0,0.00018398854
17.0,0.027160354
27.0,-0.11091227
27.0,-0.022484653
13.0,-0.16159539
23.0,-0.08876113
22.0,-0.107319355
12.0,0.07992508
19.0,-0.1434256
8.0,-0.57104015
20.0,-0.100124665
13.0,-0.14075913
22.0,-0.03472276
22.0,-0.033053495
18.0,-0.020616714
22.0,-0.23681358
24.0,-0.13097811
24.0,-0.12193446
7.0,-0.4813145
20.0,-0.006901057
12.0,-0.039770663
27.0,0.015300274
7.0,-0.5387111
22.0,-0.15438461
12.0,-0.26485658
26.0,-0.15723129
13.0,-0.09439903
15.0,-0.11622083
21.0,-0.11848819
12.0,-0.3084672
13.0,-0.24975248
17.0,-0.038502824
13.0,-0.09496453
17.0,0.029539684
32.0,0.069440655
8.0,-0.72055477
17.0,0.028739173
13.0,-0.15580024
13.0,-0.24516793
22.0,-0.13350028
22.0,-0.14722513
14.0,-0.12931618
17.0,0.10069974
11.0,-0.3166127
12.0,-0.22023745
10.0,-0.78186244
32.0,0.11000288
20.0,-0.19860032
36.0,0.278407
17.0,-0.080010004
16.0,-0.13009016
26.0,-0.16971794
43.0,-0.047803205
4.0,0.08070677
22.0,-0.051770058
11.0,-0.56731766
12.0,-0.06674198
17.0,-0.043787654
22.0,-0.119740605
69.0,0.19718236
26.0,-0.14746948
16.0,-0.1113643
12.0,-0.18032531
24.0,-0.10905087
17.0,0.07887768
22.0,-0.088232554
17.0,0.0303899
42.0,0.32856244
28.0,0.015543156
16.0,0.1260598
27.0,0.27380878
22.0,-0.18120363
14.0,-0.22951208
13.0,-0.29317084
66.0,0.3165583
25.0,-0.110799044
4.0,-0.13817748
13.0,-0.13087888
7.0,-0.30606169
7.0,-0.42394325
2.0,-0.11078167
17.0,-0.095481165
17.0,-0.12023785
10.0,-0.5916293
7.0,-0.500194
20.0,-0.07712676
22.0,-0.012733951
12.0,-0.22046116
20.0,-0.10225253
13.0,-0.21770571
21.0,-0.17980039
22.0,-0.14541084
7.0,-0.509934
22.0,-0.15855935
31.0,0.014333173
8.0,-0.577173
27.0,-0.015986884
16.0,-0.13624337
22.0,-0.08165466
14.0,-0.22077672
26.0,-0.17077252
7.0,-0.568739
19.0,-0.039714243
8.0,-0.34893358
15.0,0.06806616
14.0,-0.43196094
23.0,-0.12413319
36.0,0.2594057
17.0,-0.07254696
27.0,0.076165356
12.0,0.061300263
32.0,0.045216557
18.0,0.15697072
17.0,-0.10323225
14.0,-0.197448
17.0,0.022257557
28.0,-0.12824844
15.0,0.061548017
8.0,-0.7707308
13.0,-0.25435677
32.0,0.2583264
17.0,-0.025412083
17.0,0.024982374
17.0,-0.09567003
13.0,-0.2505778
9.0,-0.5829013
12.0,-0.16653886
12.0,-0.32518354
20.0,-0.09414185
13.0,-0.25714543
7.0,-0.9449598
26.0,-0.18341328
22.0,-0.07194118
26.0,-0.20765018
22.0,-0.1582788
13.0,-0.21393695
22.0,-0.04704131
17.0,0.14337236
11.0,-0.68361014
22.0,-0.08727892
17.0,0.17257415
6.0,-0.4135734
17.0,-0.033809472
35.0,0.3032667
21.0,-0.15576619
21.0,-0.09309697
12.0,-0.161522
10.0,-0.78651726
10.0,-0.45036578
12.0,0.06882112
18.0,0.2078564
16.0,-0.19309811
7.0,-0.32597655
24.0,-0.04370108
13.0,-0.082655914
17.0,0.01013959
13.0,-0.19554487
8.0,-0.17442764
23.0,-0.1861445
4.0,0.22639664
14.0,-0.33607423
8.0,-0.9562409
11.0,-0.48505205
17.0,-0.13434699
18.0,0.21090277
14.0,-0.24449597
17.0,0.18708536
19.0,-0.18122533
15.0,-0.10038577
17.0,0.009842792
19.0,-0.17007717
13.0,-0.16058315
25.0,-0.08487798
95.0,1.0979308
14.0,-0.16875768
32.0,0.012032193
22.0,-0.078138575
17.0,-0.13107106
17.0,-0.015427372
63.0,0.07082873
12.0,-0.027410176
22.0,-0.12435728
22.0,-0.2258289
27.0,0.13463823
32.0,-0.07752479
24.0,-0.15664604
22.0,-0.23283161
10.0,-0.35117373
22.0,-0.12315113
95.0,0.47916925
17.0,0.0024995347
10.0,-0.34771195
32.0,0.14845738
28.0,-0.04850941
17.0,0.019823162
26.0,-0.20144647
14.0,-0.13203102
22.0,-0.17881139
17.0,0.11622391
17.0,0.10911993
13.0,-0.20413874
17.0,-0.1529986
17.0,-0.055524144
27.0,-0.07944617
10.0,-0.5887531
17.0,-0.022774387
22.0,-0.2269528
35.0,0.011016776
10.0,-0.57380754
26.0,-0.19955815
38.0,-0.07850153
17.0,0.109384164
22.0,-0.16215117
16.0,-0.07336818
17.0,0.05182455
17.0,0.0739649
7.0,-0.34084895
4.0,0.19469653
30.0,-0.073892355
21.0,-0.16324553
17.0,0.15484269
8.0,-0.45316643
17.0,-0.009107581
17.0,0.157679
22.0,-0.06626593
17.0,0.026780106
13.0,-0.05241533
31.0,-0.06448906
37.0,0.124865904
7.0,-0.38134256
13.0,-0.27255526
18.0,0.14641728
22.0,-0.02890617
27.0,-0.053681247
17.0,-0.009825128
16.0,-0.02562293
20.0,-0.03808745
17.0,-0.24505934
13.0,-0.13931972
35.0,0.02894457
15.0,-0.0402566
17.0,-0.12178842
22.0,-0.0741431
13.0,-0.12822223
91.0,0.47424433
12.0,-0.5216093
27.0,0.16352761
26.0,-0.20799822
12.0,-0.17652127
17.0,-0.142804
10.0,-0.5011123
22.0,-0.015170923
14.0,-0.49197903
27.0,-0.12280297
13.0,-0.082113735
10.0,-0.35172868
22.0,-0.099954166
13.0,-0.1801722
18.0,0.094024226
16.0,0.00537442
26.0,-0.15582351
12.0,-0.10082268
28.0,-0.016912026
12.0,0.03704021
28.0,0.010926149
43.0,0.045512393
27.0,0.09214356
27.0,-0.03006795
17.0,-0.028427983
25.0,-0.07006785
13.0,0.058847267
27.0,-0.10725926
37.0,0.00894572
17.0,-0.047851697
13.0,-0.17984669
3.0,-0.57262665
16.0,0.14358336
17.0,0.027668606
12.0,-0.25958773
6.0,0.43244117
17.0,0.056868885
17.0,-0.1274591
22.0,-0.03547497
4.0,0.27436996
10.0,-0.6965104
17.0,-0.06600892
22.0,-0.06956643
18.0,0.16270489
23.0,-0.13109744
12.0,-0.14422275
27.0,-0.06000241
25.0,-0.09138945
13.0,-0.2566484
20.0,-0.1109683
15.0,-0.23435959
21.0,-0.12707481
11.0,-0.49946114
17.0,0.07405923
65.0,0.3215625
32.0,0.13514987
24.0,-0.13194576
35.0,0.14606977
32.0,0.07521355
7.0,-0.45970803
27.0,-0.10209357
37.0,0.23893131
10.0,-0.81284374
13.0,-0.16624638
13.0,-0.19720063
22.0,-0.18163055
27.0,-0.093816705
26.0,-0.16010225
19.0,-0.15148427
17.0,-0.14866851
22.0,-0.11426934
12.0,-0.06293846
12.0,-0.03330695
12.0,0.014375974
15.0,-0.1509148
17.0,-0.16546765
26.0,-0.096613616
12.0,-0.24892578
7.0,-0.41702807
22.0,-0.13371255
21.0,0.016378375
22.0,-0.08118891
37.0,-0.02771649
22.0,-0.07713304
41.0,-0.009557236
17.0,0.051278275
11.0,-0.5087269
58.0,0.12701526
17.0,0.07782884
14.0,-0.24279466
29.0,0.13723676
15.0,-0.0027100837
17.0,0.028968664
16.0,-0.19522439
14.0,-0.12868904
18.0,0.20704453
17.0,0.12190724
17.0,-0.13825756
18.0,0.055740744
22.0,-0.16389242
13.0,-0.052661274
25.0,-0.16858935
29.0,0.001106445
20.0,-0.1500651
32.0,0.36753765
39.0,0.06533712
22.0,-0.09194734
17.0,0.063435175
20.0,-0.09663176
20.0,-0.14971502
13.0,-0.15992847
17.0,-0.13663207
17.0,0.09139405
16.0,-0.20605992
29.0,-0.062553935
13.0,-0.101833194
23.0,-0.039847083
17.0,-0.09060178
22.0,-0.048556596
82.0,0.30305034
16.0,0.031383604
23.0,-0.12099847
28.0,-0.04543545
10.0,-0.6001004
9.0,-0.44301882
21.0,-0.05915981
13.0,-0.25242916
36.0,0.19118576
15.0,-0.06022822
13.0,-0.14768624
69.0,0.17312512
22.0,-0.0688183
22.0,-0.103290334
17.0,0.1732123
20.0,-0.19941318
27.0,-0.006792292
7.0,-0.47030586
17.0,0.09486039
40.0,0.05211656
22.0,-0.10349053
13.0,-0.13687515
16.0,0.013127288
28.0,0.09230882
33.0,0.21241768
12.0,-0.12913002
18.0,0.31150198
12.0,-0.0685175
19.0,-0.11345262
22.0,-0.10811386
22.0,-0.17913282
17.0,-0.0751811
27.0,-0.015664456
24.0,-0.17063057
6.0,0.418825
24.0,-0.12117825
27.0,0.062276132
26.0,-0.14737774
9.0,-0.59400135
28.0,-0.083499834
15.0,-0.12415546
22.0,-0.16755852
17.0,0.10850963
8.0,-0.61607355
17.0,0.044010077
17.0,-0.06728442
9.0,-0.43866417
7.0,-0.29229626
12.0,-0.23186874
62.0,0.1922877
17.0,-0.033809472
13.0,-0.2673244
17.0,-0.07770653
12.0,-0.20072642
17.0,-0.2307856
13.0,-0.1574291
47.0,0.3520185
17.0,-0.1185566
25.0,-0.13029103
25.0,-0.12783085
17.0,-0.118100986
13.0,-0.28197145
28.0,-0.06410283
16.0,-0.033068683
27.0,0.11186129
29.0,0.08588735
27.0,0.02010222
92.0,0.7324511
88.0,0.30519325
17.0,0.018400835
24.0,-0.12698396
5.0,-0.55838865
18.0,0.2776568
25.0,-0.16614655
22.0,-0.193623
22.0,-0.016432097
37.0,0.2096422
14.0,-0.29846796
17.0,0.16898087
32.0,0.1541536
16.0,-0.18388455
13.0,-0.07123555
10.0,-0.50437564
34.0,0.03335155
7.0,-0.22897641
36.0,-0.027046012
22.0,-0.006357198
12.0,-0.095213346
10.0,-0.7479674
7.0,-0.40734583
11.0,-0.35942876
27.0,-0.07240297
15.0,-0.07917496
6.0,0.4230848
10.0,-0.43618473
17.0,-0.15425886
22.0,-0.05045869
22.0,-0.14130509
24.0,-0.15288289
23.0,-0.10259304
13.0,-0.0953841
12.0,-0.058814146
23.0,-0.12043391
23.0,-0.077402905
12.0,-0.26277274
26.0,-0.17457838
17.0,-0.0041391347
12.0,-0.12297508
25.0,-0.14892036
13.0,-0.50327504
22.0,-0.1365508
17.0,-0.04671806
1.0,-0.25778887
22.0,-0.096592724
27.0,0.033056475
69.0,0.21284024
12.0,-0.053445436
22.0,-0.012065157
36.0,0.18038552
95.0,1.1256527
28.0,-0.0597426
20.0,-0.087628804
31.0,-0.097993046
9.0,-0.2612366
19.0,-0.10691272
12.0,-0.21355395
22.0,-0.23268175
17.0,-0.071793586
17.0,-0.13058275
32.0,0.14890556
24.0,-0.1387683
13.0,-0.051972214
5.0,0.74729306
16.0,-0.092106976
17.0,0.14569756
32.0,0.20032701
18.0,0.13961151
13.0,-0.09703317
14.0,-0.21020083
26.0,-0.13758796
12.0,-0.05396101
12.0,-0.33615732
22.0,-0.06651198
14.0,-0.08974974
11.0,-0.46784437
17.0,0.12303848
13.0,-0.07237121
12.0,-0.4610767
37.0,0.16490492
12.0,-0.07213341
13.0,-0.20960215
27.0,0.014092334
22.0,-0.080461726
17.0,0.13817413
62.0,0.030854074
13.0,-0.18185133
17.0,-0.018468693
22.0,-0.08507673
22.0,0.0024225824
17.0,-0.08687326
7.0,-0.3574392
21.0,-0.1882774
7.0,-0.5535302
32.0,0.19575119
13.0,-0.19825195
12.0,-0.28730762
7.0,-0.6666908
22.0,-0.14647485
4.0,-0.05797136
27.0,-0.008085665
13.0,-0.17529647
12.0,-0.11935481
25.0,-0.13568969
12.0,-0.029476924
22.0,-0.25730476
22.0,-0.115585454
23.0,-0.07097742
6.0,0.07396448
17.0,-0.008956844
16.0,0.0889806
7.0,-0.3683024
12.0,-0.08476413
11.0,-0.3591347
12.0,-0.04555681
14.0,-0.27704945
12.0,0.089244656
17.0,-0.06299316
8.0,-0.474026
31.0,0.051109735
7.0,-0.679784
22.0,-0.13333574
19.0,-0.16708776
17.0,-0.044457264
14.0,-0.17504445
16.0,-0.041907888
18.0,0.28896895
18.0,0.039843902
22.0,-0.1019771
16.0,0.07761292
4.0,0.2923007
15.0,-0.27277347
16.0,0.0983194
12.0,-0.074014306
17.0,0.24084665
17.0,-0.13547316
22.0,-0.03829815
17.0,-0.16622669
12.0,-0.15378092
14.0,-0.14925314
17.0,0.00640665
27.0,-0.07586046
27.0,0.10299124
22.0,-0.10665243
17.0,0.07830653
17.0,0.022410208
22.0,-0.105357125
32.0,0.114090405
69.0,0.19477935
11.0,-0.38570988
36.0,0.16418277
22.0,-0.18133007
20.0,-0.094499774
17.0,0.20605576
26.0,-0.108211644
17.0,-0.0053874096
31.0,-0.04382233
17.0,-0.19114299
24.0,-0.24027051
17.0,0.006042287
14.0,-0.1829802
12.0,-0.12400558
12.0,-0.113571726
11.0,-0.43896693
27.0,0.09692007
32.0,0.107715696
17.0,0.16580316
7.0,-0.4343856
17.0,0.021430258
17.0,-0.09277098
8.0,-0.28624085
22.0,-0.00084857404
17.0,-0.0146394335
17.0,0.16115376
22.0,-0.06616858
16.0,-0.17253369
18.0,-0.009827737
18.0,0.057975255
10.0,-0.5650099
13.0,-0.14003432
35.0,0.026795868
8.0,-0.4488257
27.0,-0.092776366
14.0,-0.2894319
32.0,0.15710704
10.0,-0.33232495
12.0,-0.041531846
9.0,-0.59486884
84.0,0.2572717
7.0,-0.44609892
11.0,-0.54910827
23.0,-0.15416509
12.0,-0.11877836
23.0,-0.21016794
13.0,-0.2700301
16.0,0.08725569
22.0,-0.17701009
19.0,-0.10381475
17.0,-0.13119891
24.0,-0.20802939
13.0,-0.10841043
17.0,-0.09328839
24.0,-0.1902834
22.0,-0.076621525
15.0,-0.19949318
25.0,-0.16376375
10.0,-0.39183247
12.0,-0.043606002
17.0,0.080706626
26.0,-0.10922068
28.0,0.009431934
13.0,-0.26913583
18.0,-0.042927362
6.0,-0.27327773
25.0,-0.1396685
23.0,-0.13935456
22.0,-0.06559994
86.0,0.08559761
28.0,-0.071592845
14.0,-0.22764632
14.0,-0.13741373
22.0,-0.17810899
22.0,-0.07652606
17.0,-0.12080406
18.0,-0.023013731
13.0,-0.37546754
32.0,0.16087978
12.0,0.014930961
22.0,0.026369326
17.0,0.114924096
12.0,-0.040696662
22.0,0.0615463
27.0,0.08258703
32.0,0.08961982
29.0,-0.028088877
17.0,0.17426997
13.0,-0.107453994
13.0,-0.2622449
27.0,-0.10552338
21.0,-0.16068365
21.0,-0.15518273
17.0,0.00038859155
32.0,0.07601381
17.0,0.15601434
12.0,0.01179436
14.0,-0.4295811
12.0,0.039671745
13.0,-0.12432936
24.0,-0.06196805
86.0,0.12947167
12.0,-0.31936198
23.0,-0.07514733
13.0,-0.14463235
18.0,0.08484411
13.0,-0.17479905
22.0,0.003496078
22.0,-0.19178426
70.0,0.28796676
24.0,-0.0452596
25.0,-0.08235082
36.0,0.043163523
29.0,-0.07020874
18.0,0.06142862
10.0,-0.3095107
22.0,-0.06613573
17.0,0.13473982
13.0,-0.23515742
17.0,-0.099384725
12.0,-0.16951455
42.0,0.42173713
17.0,-0.12770465
14.0,-0.14805232
12.0,-0.09425146
16.0,0.16791119
17.0,-0.081194095
17.0,0.11232783
33.0,0.14466539
13.0,-0.26619893
17.0,0.032829333
34.0,0.1132537
17.0,0.023081893
27.0,0.030041432
24.0,-0.11096239
23.0,-0.14712201
37.0,0.07734675
14.0,-0.43362966
12.0,-0.21480162
27.0,0.029608488
35.0,0.3543126
13.0,-0.18749477
12.0,0.04125876
8.0,-0.8700251
25.0,-0.15095112
13.0,-0.22557801
13.0,-0.0645283
18.0,0.058371283
22.0,-0.08337516
26.0,-0.24288863
11.0,-0.416891
36.0,0.1520553
32.0,0.18949166
18.0,0.29151404
30.0,0.031953402
16.0,-0.16513318
22.0,-0.021964256
16.0,-0.10292014
24.0,-0.07682334
13.0,-0.158651
33.0,0.08103791
30.0,-0.045535643
22.0,-0.1954198
13.0,-0.1965942
34.0,0.23581474
17.0,0.12279941
26.0,-0.08343999
24.0,-0.029262347
49.0,-0.0024173786
37.0,0.0625329
96.0,0.58934534
15.0,-0.23190534
16.0,-0.063369155
24.0,-0.13456127
17.0,0.09668145
22.0,-0.13030776
8.0,-0.67918617
23.0,-0.08447684
16.0,-0.18539388
18.0,0.33735976
7.0,-0.6961832
22.0,-0.01835368
7.0,-0.41979182
13.0,-0.24144565
20.0,-0.15836631
22.0,-0.116786994
7.0,-0.3536903
12.0,0.0073677246
20.0,-0.08596409
17.0,0.14360356
10.0,-0.15761885
7.0,-0.4605329
27.0,0.013819123
17.0,-0.041887883
30.0,-0.006643449
64.0,0.024724793
84.0,0.37431622
24.0,-0.1312094
22.0,-0.19271438
19.0,-0.19762905
16.0,-0.025434744
22.0,-0.060179505
15.0,-0.09037187
13.0,-0.37750408
17.0,0.16634816
29.0,-0.05079786
35.0,0.20183684
17.0,-0.081477635
7.0,-0.64440817
34.0,0.17539617
90.0,0.2970774
27.0,-0.073746584
18.0,0.21429268
17.0,-0.079485305
7.0,-0.39992213
33.0,0.09331152
34.0,0.22653666
12.0,-0.04217557
25.0,-0.072346106
25.0,-0.1942145
22.0,-0.052854475
22.0,-0.12007617
32.0,0.0063526304
20.0,-0.16987912
32.0,-0.024927422
4.0,-0.08903902
27.0,-0.033719636
32.0,0.21801141
22.0,-0.066922195
15.0,-0.19475888
22.0,-0.13044453
18.0,-0.016078806
13.0,0.09732184
12.0,-0.104632646
17.0,0.08772871
22.0,-0.18483914
13.0,-0.15357278
33.0,-0.023346009
17.0,0.07787804
28.0,0.039237984
13.0,-0.17530298
70.0,0.33612886
8.0,-0.46473446
64.0,-0.013513527
27.0,0.044288833
8.0,-0.46560115
17.0,0.0037042624
17.0,-0.11928736
28.0,-0.08757184
7.0,-0.49845403
16.0,-0.053854674
24.0,-0.07593277
13.0,-0.17703499
12.0,-0.261244
27.0,0.028036669
22.0,-0.09744361
13.0,0.105336115
7.0,-0.59555024
22.0,-0.13753612
30.0,0.08982213
26.0,-0.21870178
14.0,-0.2663256
15.0,-0.07315904
14.0,-0.12143813
10.0,-0.48057383
36.0,0.1270046
22.0,-0.051424865
17.0,-0.1322765
22.0,-0.21634792
8.0,-0.29499924
17.0,0.20166147
42.0,-0.10044112
14.0,-0.14342295
15.0,-0.11716597
22.0,0.016246136
17.0,0.014929815
22.0,0.029215699
13.0,-0.03906967
19.0,-0.17046402
21.0,-0.10360571
4.0,-0.13932537
21.0,-0.1271883
22.0,-0.051585753
4.0,-0.1282639
32.0,-0.07917256
22.0,-0.037190154
24.0,-0.17761624
17.0,0.009120932
12.0,-0.304895
22.0,-0.009299068
27.0,0.18837951
18.0,0.17269327
23.0,-0.13960083
22.0,-0.01859166
64.0,0.2752768
17.0,-0.1325927
64.0,0.015876915
14.0,-0.283027
12.0,-0.030974045
15.0,-0.15914336
64.0,0.28635997
91.0,0.57177037
37.0,0.19144323
62.0,0.19803491
22.0,-0.06855513
17.0,0.0020235372
18.0,0.30032364
19.0,-0.07683428
33.0,0.2502515
14.0,-0.22995621
17.0,-0.09963511
22.0,-0.114204176
44.0,0.3356604
25.0,-0.05413689
24.0,-0.13639905
7.0,-0.3523516
36.0,0.2906034
12.0,-0.30935583
31.0,-0.076515265
27.0,0.16534656
28.0,0.003570796
16.0,-0.09710098
17.0,-0.10185031
13.0,-0.15222386
18.0,0.119515054
28.0,-0.08484619
22.0,-0.019391747
31.0,-0.122237764
13.0,-0.1869548
10.0,-0.4569066
28.0,-0.02691419
25.0,-0.0874386
14.0,-0.24470575
13.0,-0.33578655
13.0,-0.2042138
40.0,0.13724151
22.0,-0.04594924
26.0,-0.21400495
20.0,-0.09463867
23.0,-0.02693395
22.0,-0.16477782
22.0,-0.12643246
15.0,-0.09793424
22.0,-0.10581277
22.0,-0.2102526
20.0,-0.1268032
25.0,-0.13084754
81.0,0.37659463
22.0,-0.08800955
37.0,0.1164661
25.0,-0.103138134
22.0,-0.1851734
12.0,-0.12454548
35.0,0.18851015
13.0,-0.14910217
32.0,0.06825022
13.0,-0.19044049
17.0,0.106850535
22.0,-0.11932202
22.0,-0.011297846
12.0,-0.1586663
93.0,0.7405048
13.0,-0.103729166
22.0,-0.19448219
22.0,-0.106727004
17.0,-0.02351897
16.0,-0.0062680217
7.0,-0.5151669
28.0,-0.07346414
37.0,-0.0018257168
22.0,-0.094187506
7.0,-0.47543755
16.0,0.14919095
42.0,0.017253522
13.0,-0.017166752
37.0,0.14669739
44.0,0.20940647
13.0,-0.18838863
39.0,0.1048501
21.0,-0.15204072
92.0,0.4984426
32.0,0.31293622
18.0,0.25031728
12.0,0.08499602
18.0,0.11136974
17.0,-0.064394884
17.0,0.14343555
19.0,-0.1649121
13.0,-0.31334457
18.0,0.034289222
22.0,-0.1421514
45.0,0.44119933
2.0,-0.4941861
20.0,-0.11158455
8.0,-0.39875755
36.0,0.14853549
18.0,0.051944092
10.0,-0.6040626
86.0,0.22489232
28.0,-0.041057978
17.0,-0.10752284
17.0,0.0015880128
12.0,-0.18058792
5.0,-0.050915197
13.0,-0.18449686
22.0,-0.0999959
27.0,-0.10531893
13.0,-0.2615193
12.0,-0.18025476
2.0,0.1681014
1.0,-0.08686938
24.0,-0.14164102
16.0,-0.07361328
13.0,-0.17331314
35.0,0.27902836
20.0,-0.08535645
24.0,-0.087883525
14.0,-0.0829768
17.0,0.12473562
27.0,0.07341059
12.0,-0.17230116
12.0,-0.20543572
25.0,-0.09503673
7.0,-0.4300919
22.0,-0.06584968
39.0,0.15638757
12.0,-0.063464485
16.0,0.054392956
13.0,-0.16705847
12.0,-0.06635398
85.0,0.44752333
35.0,0.17809477
17.0,0.028855762
22.0,-0.038771167
22.0,-0.12916447
12.0,-0.0056246035
16.0,-0.08988534
17.0,0.048363715
20.0,-0.09275527
17.0,-0.099384725
26.0,-0.14350733
27.0,-0.056875274
34.0,0.36871326
24.0,-0.3047424
41.0,0.27115697
10.0,-0.58689135
72.0,0.38422993
11.0,-0.60408014
13.0,-0.13852999
28.0,0.004545018
7.0,-0.55155
22.0,-0.098166496
22.0,-0.1642686
27.0,0.0062539508
16.0,-0.068817094
13.0,-0.15949312
22.0,-0.0434946
28.0,0.036130656
16.0,-0.13075219
32.0,-0.010898672
14.0,-0.27734613
36.0,0.12396749
12.0,-0.12400558
7.0,-0.006272289
36.0,0.04969219
27.0,0.021974517
22.0,-0.025869071
10.0,-0.26324615
12.0,-0.28797606
92.0,0.7297827
34.0,0.016167022
26.0,-0.20447087
13.0,-0.23072453
20.0,-0.14516243
13.0,-0.17061879
13.0,-0.24228346
2.0,0.4876744
13.0,-0.17984669
21.0,-0.1642541
17.0,0.02144716
13.0,-0.08766482
10.0,-0.6226929
23.0,-0.14923021
12.0,0.007322083
33.0,0.09182533
17.0,0.028380074
12.0,-0.14586186
14.0,-0.409987
27.0,0.009253589
10.0,-0.7297427
12.0,-0.036353275
17.0,-0.115175396
27.0,-0.014328672
21.0,-0.0923503
17.0,0.066830024
22.0,-0.022012347
30.0,0.077353194
13.0,-0.16718687
22.0,-0.17397815
42.0,0.20609978
13.0,-0.2244928
17.0,-0.08434749
28.0,0.0002927516
7.0,-0.46753314
12.0,-0.320956
19.0,-0.2325921
11.0,-0.39917514
10.0,-0.6452584
28.0,0.07604245
20.0,-0.13002715
25.0,-0.09320044
6.0,0.10350871
14.0,-0.44174346
12.0,-0.46751937
32.0,0.063330844
14.0,-0.17857465
11.0,-0.5734165
13.0,-0.16296878
27.0,-0.0599171
5.0,0.339397
34.0,0.15648161
98.0,0.5458753
9.0,-0.7351686
17.0,0.123933524
20.0,-0.16458867
24.0,-0.13472039
25.0,-0.12717208
13.0,-0.14791107
14.0,-0.25076145
27.0,-0.094903894
12.0,-0.005315616
13.0,-0.07660875
74.0,0.36254513
27.0,0.12588303
27.0,0.045903552
42.0,0.26796177
22.0,-0.0056936145
13.0,-0.24848935
32.0,0.23443043
18.0,0.39653432
17.0,0.04345789
12.0,-0.14488311
13.0,-0.2459985
13.0,-0.2000923
27.0,-0.055532858
22.0,-0.05233568
17.0,-0.10365894
27.0,0.12071354
12.0,-0.06769052
23.0,-0.14844024
6.0,0.107069574
32.0,0.2101103
34.0,0.3631154
22.0,-0.11759353
14.0,-0.15534717
16.0,0.088370286
12.0,-0.003115095
22.0,-0.124509715
28.0,-0.035886843
32.0,0.15313739
7.0,-0.49491838
24.0,-0.12922412
12.0,-0.22414571
19.0,-0.14222486
38.0,0.15732485
88.0,0.367526
20.0,-0.10022505
17.0,-0.059440758
7.0,-0.36511502
20.0,-0.041007392
9.0,-0.38960752
16.0,-0.10531148
14.0,-0.21745081
18.0,0.34024182
22.0,-0.023115005
15.0,-0.21755312
12.0,0.11328901
15.0,-0.19941744
12.0,-0.1799895
7.0,-0.72072023
22.0,-0.16419514
10.0,-0.5223565
32.0,0.120380186
32.0,-0.095586464
22.0,-0.094134726
13.0,-0.20862937
37.0,0.2586128
24.0,-0.1576594
33.0,-0.06891791
75.0,0.28264222
5.0,0.4019341
4.0,-0.0047908495
24.0,-0.09667545
13.0,-0.19206274
13.0,-0.37666932
63.0,0.43304214
22.0,-0.17621788
15.0,-0.00121055
22.0,-0.13640532
25.0,-0.249652
7.0,-0.6656676
22.0,-0.12944975
22.0,-0.14042184
13.0,-0.19167113
7.0,-0.6604226
22.0,-0.16261174
22.0,-0.03884197
14.0,-0.09143331
17.0,0.0037229606
17.0,-0.1640268
12.0,-0.2395524
8.0,-0.47536314
13.0,0.031756856
20.0,-0.12048342
22.0,-0.026360162
7.0,-0.24922805
28.0,0.1396545
22.0,-0.18664104
40.0,0.24375993
20.0,-0.032952953
12.0,-0.16838515
13.0,-0.13626325
53.0,0.34235987
12.0,-0.12226855
13.0,-0.05545929
64.0,0.0038988935
17.0,-0.08545186
19.0,-0.18087366
22.0,-0.15437877
32.0,0.18923847
22.0,-0.15009949
23.0,-0.17513734
18.0,0.080920376
17.0,-0.06717138
19.0,-0.097423434
12.0,0.027973663
12.0,-0.2760942
19.0,-0.12363659
15.0,-0.22875379
23.0,-0.14490852
18.0,0.018029131
32.0,0.1336347
27.0,-0.06530565
10.0,-0.4766016
14.0,-0.05879039
22.0,-0.08238234
17.0,0.13172764
12.0,-0.026214369
18.0,0.24427633
22.0,-0.08141551
26.0,-0.11077523
23.0,-0.076492906
17.0,0.03546855
22.0,-0.051424578
31.0,-0.030514779
21.0,-0.19522409
17.0,-0.12055731
17.0,-0.12812197
15.0,-0.2558038
12.0,-0.15490805
22.0,0.023260882
12.0,-0.07210463
65.0,0.07378284
11.0,-0.38381752
27.0,-0.11001398
39.0,0.20139632
25.0,-0.14339505
17.0,0.11699654
17.0,0.034046244
20.0,0.0024584292
17.0,-0.1773355
13.0,-0.1766037
25.0,-0.09991381
17.0,-0.031581268
21.0,-0.19963107
12.0,-0.3438792
46.0,0.3839627
13.0,-0.19907986
12.0,-0.23530732
85.0,0.5035141
25.0,-0.109135695
17.0,-0.032674953
17.0,-0.24311255
8.0,-0.47489882
7.0,-0.39874232
23.0,-0.13961478
27.0,-0.104022846
22.0,-0.05679233
23.0,-0.15628333
16.0,-0.17965913
10.0,-0.44403997
17.0,-0.14535816
17.0,-0.06699659
12.0,0.00046952
13.0,-0.15496518
17.0,0.04709774
40.0,0.105180815
5.0,-0.12043521
22.0,-0.15541503
9.0,-0.11836579
19.0,-0.06284545
26.0,-0.2507566
27.0,0.045905516
22.0,-0.10755751
22.0,-0.18309923
22.0,-0.015754567
17.0,0.11785243
12.0,-0.0099031525
8.0,-0.3906261
9.0,-0.37729552
17.0,-0.11419923
15.0,-0.24365617
17.0,-0.14741991
23.0,-0.23975319
22.0,-0.13383889
14.0,-0.14508876
15.0,-0.11666769
29.0,0.018931989
22.0,-0.04588634
17.0,0.06422873
22.0,-0.1656086
44.0,0.157365
40.0,0.1446079
28.0,0.02577345
17.0,-0.08883769
27.0,0.07069988
22.0,-0.14808106
22.0,-0.07540065
13.0,0.008341522
22.0,-0.19067197
28.0,-0.06719964
13.0,-0.2266001
23.0,-0.06591225
17.0,0.15869582
18.0,0.16010016
12.0,-0.26325914
64.0,0.011370788
17.0,0.18741703
17.0,0.03494091
39.0,0.39503962
4.0,0.12683049
17.0,-0.026326701
8.0,-0.5782604
21.0,-0.11284559
28.0,0.04214599
17.0,0.12745908
17.0,0.12206797
13.0,-0.18946977
16.0,-0.061040226
14.0,-0.21076113
28.0,-0.09449694
28.0,-0.037681177
22.0,-0.08355825
19.0,-0.18205751
7.0,-0.42403576
27.0,-0.013190404
17.0,-0.028564325
11.0,-0.81666076
16.0,-0.103848174
22.0,-0.14436519
13.0,-0.000938718
13.0,-0.26754528
33.0,0.34264094
19.0,-0.10062634
13.0,-0.20623697
4.0,0.21955167
22.0,-0.14278965
12.0,-0.14501287
22.0,-0.101546206
17.0,0.026445206
20.0,-0.13473572
24.0,-0.076151416
95.0,0.33917606
17.0,-0.083185695
40.0,0.24812177
7.0,-0.55545825
28.0,-0.24998145
17.0,-0.22714505
12.0,-0.029479358
17.0,-0.08722899
14.0,-0.049034186
22.0,-0.1605792
22.0,-0.07990497
12.0,-0.13211498
17.0,-0.112441
19.0,-0.27793768
18.0,0.12731119
7.0,-0.71749246
93.0,0.50010127
17.0,-0.0064212414
7.0,-0.80389816
17.0,0.16166927
15.0,-0.17638595
14.0,-0.15313438
13.0,-0.28558707
16.0,-0.10353008
18.0,0.27944738
32.0,0.21856733
18.0,0.115202494
28.0,0.11865958
17.0,0.002984914
27.0,0.05088081
26.0,-0.10859909
22.0,-0.058825377
22.0,-0.078048095
45.0,0.20600423
23.0,-0.09632875
22.0,-0.009612887
32.0,0.23775345
34.0,0.06617869
22.0,-0.024387084
28.0,0.15864067
7.0,-0.2777479
17.0,-0.059609067
16.0,-0.050060246
22.0,-0.18016112
17.0,-0.07832556
14.0,-0.080170885
12.0,-0.20568554
21.0,-0.05328871
17.0,0.1716514
37.0,0.14821741
37.0,-0.109050244
17.0,0.04180182
16.0,-0.018486321
92.0,0.8957073
86.0,0.4802243
19.0,-0.12347822
8.0,-0.49652743
12.0,-0.047600005
7.0,-0.66203845
17.0,-0.13707678
27.0,-0.09113119
22.0,-0.06157779
21.0,-0.12829323
17.0,-0.15357506
12.0,-0.03880202
21.0,-0.13370854
9.0,-0.62852293
20.0,-0.12864111
12.0,-0.010255353
22.0,-0.18601209
16.0,-0.12236069
17.0,0.09247642
15.0,-0.019497868
28.0,-0.06921803
26.0,-0.20135908
17.0,-0.09278218
22.0,-0.09560597
28.0,0.010874849
17.0,-0.14791523
24.0,-0.191233
33.0,0.11494173
18.0,0.35467464
26.0,-0.2207569
35.0,0.26888567
20.0,-0.10183482
17.0,-0.034528498
17.0,-0.021177663
96.0,1.0638357
17.0,-0.10500591
7.0,-0.30003905
17.0,-0.012686616
15.0,0.04017783
8.0,-0.18791415
26.0,-0.3050389
7.0,-0.44111082
22.0,-0.06165956
12.0,-0.024133323
17.0,-0.013920498
12.0,-0.110577606
19.0,-0.14535688
42.0,0.32561395
18.0,0.332765
15.0,-0.06611266
27.0,-0.029821979
27.0,0.11232287
8.0,-0.72055346
17.0,-0.03924444
20.0,-0.05467472
32.0,-0.0442797
27.0,0.15805554
70.0,0.25072023
41.0,0.21145642
19.0,-0.18350534
13.0,-0.18172011
17.0,0.052500114
34.0,0.41152716
13.0,-0.09818747
22.0,-0.2070585
32.0,0.11790702
11.0,-0.23295169
73.0,0.5424823
26.0,-0.16303252
19.0,-0.19055112
20.0,-0.11930221
37.0,-0.0023270915
17.0,-0.16376895
15.0,-0.20455545
17.0,-0.07729176
32.0,0.28662106
27.0,0.049967457
13.0,-0.08024903
20.0,-0.06850989
20.0,-0.0863141
22.0,-0.19085972
35.0,0.18043771
17.0,-0.03704031
22.0,-0.032625705
22.0,-0.15032579
13.0,-0.23080334
17.0,0.15233453
22.0,-0.018307798
15.0,0.05547953
62.0,0.010379216
32.0,0.06013947
9.0,-0.49825016
14.0,-0.17101756
15.0,-0.161459
27.0,0.054641567
13.0,-0.17021033
22.0,-0.111572444
34.0,0.12676543
22.0,-0.00078006135
22.0,-0.08350344
13.0,-0.21610181
37.0,0.2496862
28.0,-0.069401026
19.0,-0.11522817
17.0,-0.07258846
22.0,-0.146984
22.0,-0.021398822
27.0,-0.027202882
24.0,-0.109644726
7.0,-0.3193081
19.0,-0.12961173
28.0,-0.12643091
7.0,-0.41652945
22.0,-0.028769925
12.0,-0.13876642
16.0,-0.13160999
22.0,-0.02975359
27.0,0.012436951
12.0,-0.11230872
14.0,-0.32219023
12.0,-0.03906911
13.0,-0.30111697
30.0,0.07886351
14.0,-0.3543157
8.0,0.01824388
42.0,0.016424008
26.0,-0.09016618
17.0,0.15099356
67.0,0.308858
22.0,-0.19664288
12.0,-0.07142811
22.0,-0.064149946
23.0,-0.121993236
12.0,0.011190676
24.0,0.028597998
17.0,0.033996463
17.0,0.0042618373
92.0,0.7184947
17.0,-0.19075747
32.0,0.24115679
21.0,-0.011466544
13.0,-0.08701489
22.0,-0.15213272
13.0,-0.34458688
13.0,-0.25282627
72.0,0.32059103
16.0,-0.0685295
15.0,0.010498913
26.0,-0.13368137
17.0,-0.12913038
19.0,-0.25136107
21.0,-0.15946588
6.0,-0.029867688
22.0,-0.18436295
26.0,-0.16044767
22.0,-0.1338245
22.0,-0.074194334
13.0,-0.19054632
22.0,-0.07119804
12.0,-0.20192784
22.0,-0.1025788
15.0,-0.16809218
32.0,0.12062279
14.0,-0.2531957
13.0,-0.25845915
14.0,-0.278994
17.0,-0.16291846
17.0,0.112090915
27.0,-0.011040846
22.0,-0.017286167
17.0,-0.09390423
22.0,-0.033316735
28.0,-0.021439912
20.0,-0.14395787
16.0,0.122512825
34.0,0.20668685
12.0,-0.14779861
22.0,-0.33312744
86.0,0.314169
12.0,-0.017935593
17.0,0.052754138
12.0,0.004792532
10.0,-0.8841441
7.0,-0.39766422
24.0,-0.07313748
23.0,-0.19338425
22.0,-0.12315917
19.0,-0.18211423
36.0,0.20909792
17.0,0.04436728
21.0,-0.014597784
27.0,0.06920231
16.0,-0.12495297
22.0,-0.06880223
15.0,-0.0026449854
36.0,0.18939136
15.0,-0.12714243
17.0,-0.023543235
13.0,-0.1364645
17.0,0.013764519
17.0,-0.13119891
16.0,0.051264904
7.0,-0.39847988
32.0,0.3036093
40.0,0.09888531
92.0,0.3706467
42.0,0.06751388
4.0,0.6949706
17.0,0.09213569
40.0,0.22759
12.0,-0.21940409
38.0,-0.029809343
32.0,0.21940579
17.0,-0.11416938
30.0,0.011754023
17.0,0.031921584
40.0,0.0723139
24.0,-0.09571575
13.0,-0.10452369
10.0,-0.840004
12.0,-0.17643273
32.0,0.2603522
17.0,0.062621854
7.0,-0.51770437
37.0,0.11997408
22.0,-0.15427965
33.0,0.1269055
10.0,-0.344518
33.0,0.18753508
35.0,0.16844869
16.0,-0.047737602
14.0,-0.28899783
26.0,-0.2501273
44.0,0.22889684
22.0,-0.11797817
42.0,0.115272895
24.0,-0.08849037
13.0,-0.15311418
17.0,0.21180126
17.0,-0.048230372
32.0,0.15368108
13.0,-0.061521627
21.0,-0.12306666
22.0,-0.14118715
17.0,0.0041828416
16.0,-0.06935459
32.0,0.220151
32.0,0.13161138
12.0,-0.10274522
17.0,-0.089259274
17.0,0.029747827
12.0,-0.093286335
36.0,0.1569941
13.0,-0.075901315
24.0,-0.061917
17.0,0.07415584
33.0,0.06325689
22.0,-0.00224719
7.0,-0.49246535
19.0,-0.17036076
12.0,-0.14446272
22.0,-0.06547244
26.0,-0.2659322
22.0,-0.033804886
20.0,-0.1724131
33.0,0.12528609
13.0,-0.25021252
13.0,-0.10840555
17.0,-0.009849375
12.0,-0.18569238
18.0,0.26161215
17.0,-0.03511568
22.0,-0.01471393
10.0,-0.5298684
18.0,0.118987426
16.0,-0.104036555
36.0,0.21558788
18.0,0.18510161
24.0,-0.122139424
17.0,-0.16144241
12.0,-0.13159446
28.0,-0.082450375
35.0,0.18035066
25.0,-0.15876822
17.0,-0.13018246
13.0,-0.13234633
29.0,-0.033069212
34.0,0.20315796
92.0,0.6786051
16.0,0.09087709
12.0,-0.23905197
17.0,-0.24867854
41.0,0.26143044
3.0,0.34485394
22.0,-0.056485947
16.0,0.20505552
34.0,0.19338365
17.0,-0.11264773
17.0,-0.12587602
23.0,-0.09213457
44.0,0.10513253
9.0,-0.38169432
16.0,-0.0014277571
22.0,-0.0560736
12.0,-0.15361738
31.0,-0.009203089
16.0,-0.10189027
32.0,0.22241455
33.0,0.15929043
18.0,0.16882394
22.0,-0.064146124
7.0,-0.39221552
16.0,0.016734784
17.0,-0.1604487
16.0,0.040432557
12.0,-0.027331308
28.0,-0.024347221
18.0,0.1882853
13.0,-0.033427842
33.0,0.16979472
17.0,0.018396722
15.0,-0.011785617
15.0,-0.099956326
17.0,0.18843456
29.0,-0.039905485
12.0,-0.18851906
17.0,0.059796903
42.0,-0.0034538903
44.0,0.12985359
13.0,-0.20692481
13.0,-0.1850008
41.0,0.23018658
16.0,-0.06829616
22.0,-0.11915175
87.0,0.73796237
17.0,-0.075292066
35.0,0.20993087
13.0,-0.16268769
7.0,-0.6651055
41.0,0.3371537
16.0,-0.1066086
10.0,-0.50670743
18.0,0.1862406
17.0,0.1977935
34.0,-0.048854966
15.0,-0.0047556576
21.0,-0.17306288
14.0,-0.20681077
7.0,-0.4958826
13.0,-0.15428104
28.0,-0.064468324
24.0,-0.13853885
23.0,-0.1655605
13.0,0.06677145
33.0,0.13491264
13.0,-0.17627285
22.0,-0.080956355
17.0,-0.18237016
18.0,0.039810605
35.0,0.38600078
32.0,0.20953578
23.0,-0.13960083
20.0,-0.09113315
37.0,0.05270643
17.0,0.033290435
10.0,-0.32358375
7.0,-0.27484593
22.0,-0.16844617
17.0,0.12539746
10.0,-0.40056416
12.0,-0.14328441
7.0,-0.26622462
17.0,-0.11376053
13.0,-0.35769188
14.0,-0.25804976
7.0,-0.3108488
7.0,-0.6533746
13.0,-0.092666365
14.0,-0.13743792
17.0,-0.026155768
22.0,-0.112180784
22.0,-0.13387612
22.0,-0.06554848
74.0,0.37092832
21.0,-0.24691407
34.0,0.39194667
27.0,0.08986449
22.0,-0.15498447
12.0,-0.31488335
32.0,0.30555305
6.0,0.3878812
18.0,-0.01998382
42.0,0.3428119
7.0,-0.29243588
92.0,0.44522
17.0,0.0059006824
17.0,0.03139332
17.0,-0.011589223
29.0,0.055884637
22.0,-0.16107465
22.0,-0.19025978
41.0,0.055256963
18.0,0.27350143
28.0,-0.03613199
20.0,-0.058805164
32.0,0.34549743
22.0,-0.059864942
17.0,-0.007153102
40.0,0.03766349
17.0,-0.18348916
18.0,0.11625791
24.0,-0.10083751
32.0,0.07886821
18.0,0.11298708
7.0,-0.37738878
17.0,0.15775926
22.0,-0.1404722
42.0,0.05987624
38.0,0.39881703
34.0,0.107490614
26.0,-0.32199943
26.0,-0.16377637
86.0,0.33093566
16.0,0.13214697
25.0,-0.18972993
32.0,0.27491376
17.0,-0.045469336
12.0,0.005400585
21.0,-0.09360675
22.0,-0.059084065
22.0,-0.049159873
35.0,0.3994819
19.0,-0.13478944
13.0,-0.07515315
30.0,0.015648145
22.0,-0.117573656
12.0,-0.030391604
22.0,-0.13093013
15.0,0.045935962
22.0,0.0064562582
12.0,-0.19234551
15.0,0.03654487
13.0,-0.11347147
12.0,-0.15392104
26.0,-0.088410206
17.0,0.009596682
22.0,-0.11842739
11.0,-0.57793593
22.0,-0.049857378
17.0,0.03312327
27.0,0.007344501
17.0,-0.08866854
8.0,-0.3242147
69.0,0.27704823
13.0,-0.24773718
17.0,0.006856215
22.0,-0.08349033
23.0,-0.14580683
14.0,-0.1157404
17.0,0.09707533
12.0,-0.23680595
17.0,0.085024714
14.0,-0.08475194
16.0,0.021757035
33.0,0.13879943
49.0,0.04598462
12.0,-0.35207582
92.0,0.6955134
26.0,-0.12782475
17.0,0.10466371
22.0,-0.026703605
22.0,-0.083311856
19.0,-0.09023352
22.0,-0.06541027
36.0,0.25921878
12.0,-0.012682685
8.0,-0.39931276
13.0,-0.25210547
22.0,-0.07961235
26.0,-0.09512262
35.0,0.20406151
32.0,0.34167063
17.0,0.046654213
11.0,-0.16030145
5.0,-0.4128032
17.0,0.027036734
12.0,-0.2545434
22.0,-0.19459727
13.0,-0.15086444
13.0,-0.2064838
21.0,-0.16046341
17.0,0.12411595
4.0,0.13937749
29.0,-0.08858452
17.0,-0.08503232
23.0,-0.11530127
13.0,-0.07670495
75.0,0.26082423
20.0,-0.023749107
28.0,-0.06502069
12.0,-0.09900075
15.0,-0.14059512
20.0,-0.11717276
11.0,-0.2699229
27.0,0.022689033
17.0,-0.071841486
19.0,-0.08753491
7.0,-0.25970948
60.0,-0.027196128
17.0,0.06274799
11.0,-0.45083687
14.0,-0.2987073
15.0,-0.12928759
22.0,-0.104215726
21.0,-0.047069356
10.0,-0.46951827
18.0,0.051525164
32.0,0.44135764
33.0,0.18711469
28.0,-0.20508157
5.0,0.54162395
13.0,-0.15195753
95.0,0.9259424
17.0,-0.18282002
27.0,0.0029516662
22.0,-0.1112193
17.0,0.093631744
17.0,0.17031713
22.0,-0.062930234
24.0,-0.08189938
12.0,-0.132833
20.0,-0.17119874
10.0,-0.4340421
24.0,-0.12242273
63.0,0.27014413
17.0,-0.06198382
13.0,-0.2834842
19.0,-0.1502753
15.0,-0.058203205
26.0,-0.18468264
5.0,0.15572523
37.0,0.14871962
12.0,-0.073101446
22.0,-0.12293419
22.0,-0.15921211
22.0,-0.08799686
17.0,0.023767892
7.0,-0.4555101
14.0,-0.1913625
17.0,0.16322462
12.0,-0.034384202
12.0,-0.08455077
24.0,-0.069443375
17.0,0.17371638
8.0,-0.037664145
38.0,0.38979763
27.0,-0.0038325165
17.0,0.14431131
22.0,0.0035519833
26.0,-0.2155752
13.0,-0.066865295
10.0,-0.5811553
12.0,0.07939699
35.0,0.16807063
13.0,-0.2723094
31.0,-0.010936731
13.0,-0.19557852
18.0,0.21687207
15.0,-0.23303783
13.0,0.009486517
12.0,-0.21049987
14.0,-0.3450542
16.0,-0.059503984
17.0,0.009329407
12.0,-0.018630216
21.0,-0.22319458
27.0,-0.028020306
16.0,0.06094356
13.0,-0.2107198
13.0,-0.11833115
15.0,-0.009292202
12.0,0.03566181
16.0,-0.05408289
62.0,0.078760184
92.0,0.6497521
11.0,-0.39552635
23.0,-0.19735552
27.0,0.14795713
17.0,-0.061921705
21.0,-0.06056038
18.0,0.07620801
23.0,-0.0852907
27.0,0.053890195
15.0,-0.22436926
10.0,-0.49851304
27.0,0.02470385
20.0,-0.13759664
92.0,0.7747222
12.0,-0.057013202
9.0,-0.57489854
9.0,-0.71691626
18.0,0.11569629
7.0,-0.35156122
22.0,-0.08745393
29.0,-0.051623534
16.0,-0.107559554
17.0,-0.11772611
27.0,-0.07535645
24.0,-0.089519985
12.0,0.025764488
34.0,0.3883744
16.0,0.1719191
27.0,0.12527364
19.0,-0.17402291
13.0,-0.21178788
13.0,-0.17340599
23.0,-0.18238914
23.0,-0.16088662
17.0,-0.024428647
17.0,-0.13534525
19.0,-0.2428839
26.0,-0.16128424
21.0,-0.11094641
24.0,-0.102210335
32.0,0.27736816
10.0,-0.44330788
27.0,0.08741993
12.0,-0.055743262
17.0,0.045635797
22.0,-0.07507109
13.0,-0.11128943
22.0,-0.20238161
29.0,-0.0025597399
22.0,-0.022810623
22.0,-0.12390674
26.0,-0.121451594
22.0,-0.07072074
22.0,-0.057727806
22.0,-0.1616593
41.0,0.0031348136
17.0,-0.011806697
26.0,-0.23418269
16.0,-0.08663778
13.0,-0.24549825
12.0,0.046133485
22.0,-0.17398272
17.0,-0.08526407
28.0,0.08135138
22.0,-0.09731634
13.0,-0.23135942
12.0,-0.0771299
13.0,-0.1821886
6.0,-0.452034
30.0,-0.042392265
13.0,-0.15752661
18.0,-0.024358118
31.0,0.13031873
27.0,0.094230235
25.0,-0.0985304
22.0,-0.17336453
17.0,0.041761458
93.0,0.18149512
17.0,0.014937929
15.0,-0.081606984
15.0,-0.08465528
13.0,-0.17284246
68.0,0.28055108
15.0,-0.22330551
9.0,-0.43988964
11.0,-0.3351471
64.0,0.21127532
42.0,0.08253629
27.0,0.094082296
22.0,-0.14399365
13.0,-0.2567756
16.0,-0.15830852
17.0,0.10831474
7.0,-0.41829067
16.0,-0.045525018
12.0,-0.18394664
32.0,0.23105484
64.0,0.061972342
12.0,-0.07430224
22.0,-0.17212033
11.0,-0.7218963
22.0,-0.22910945
3.0,0.20536233
32.0,0.21418741
36.0,0.12368732
17.0,0.253049
10.0,-0.8807008
36.0,-0.072591886
13.0,-0.09382326
18.0,0.013226961
7.0,-0.54439384
27.0,-0.09430247
36.0,0.16341011
3.0,0.19346228
32.0,0.119850926
18.0,0.17355558
35.0,0.023541322
17.0,-0.014747745
22.0,-0.1324664
5.0,-0.59611857
17.0,-0.07042681
17.0,-0.022826202
17.0,-0.03821811
19.0,-0.1757231
28.0,-0.0738104
22.0,-0.106262706
42.0,0.3380163
12.0,-0.10199198
9.0,-0.46018443
17.0,0.0006400463
28.0,-0.09354952
17.0,0.0043342495
15.0,-0.018937463
17.0,0.120913506
52.0,0.08062887
24.0,-0.26528254
17.0,0.1482221
17.0,-0.1078896
24.0,-0.13696414
12.0,-0.34847736
17.0,0.07934533
81.0,0.17085938
23.0,-0.14146723
22.0,-0.07484538
7.0,-0.4221725
10.0,-0.42998162
17.0,0.12103266
16.0,-0.03154858
12.0,-0.30137885
32.0,0.22552638
35.0,0.066891044
42.0,0.43012637
22.0,-0.0076377573
12.0,-0.20138115
7.0,-0.48474562
22.0,-0.06682745
22.0,-0.08347705
24.0,-0.16275051
32.0,0.3539697
92.0,0.54290825
22.0,-0.0668329
17.0,0.111462995
39.0,-0.013497884
13.0,-0.12810895
12.0,-0.11111933
36.0,0.31871372
27.0,0.09920191
16.0,-0.1748598
7.0,-0.48548418
22.0,-0.03578175
17.0,-0.07360127
7.0,-0.37991846
17.0,-0.014365393
22.0,-0.031307485
25.0,-0.09406761
17.0,-0.03472846
12.0,0.049996093
12.0,-0.2674982
17.0,-0.1608843
32.0,0.17224903
37.0,0.0040568635
22.0,-0.23284298
34.0,0.09505628
14.0,-0.22895595
13.0,-0.0322067
17.0,-0.0370632
18.0,0.16400564
22.0,-0.23110184
30.0,0.015163387
13.0,-0.074054584
22.0,-0.12601365
27.0,0.044424184
10.0,-0.538785
16.0,-0.17078003
10.0,-1.0315127
17.0,-0.041280895
14.0,-0.12937476
16.0,-0.15202436
31.0,-0.028302936
12.0,-0.23503429
85.0,0.34723198
40.0,0.17881736
14.0,-0.18026163
12.0,-0.07929794
22.0,-0.08663545
24.0,-0.064374544
22.0,-0.1265601
23.0,-0.25857803
17.0,0.026808407
22.0,-0.16133343
6.0,-0.2719738
35.0,0.20279253
35.0,0.14807025
12.0,-0.14369646
12.0,-0.09519973
14.0,-0.17647992
17.0,0.19180274
27.0,0.031046405
12.0,-0.12012987
13.0,-0.2982297
32.0,0.27839395
86.0,0.32589594
17.0,-0.044200107
16.0,-0.08904391
11.0,-0.26475847
68.0,0.43643358
22.0,-0.029423816
8.0,-0.6237953
34.0,0.45861167
32.0,-0.020901458
27.0,-0.061161846
17.0,0.16070628
12.0,0.14131582
17.0,-0.15522599
17.0,-0.17540306
10.0,-0.32125053
30.0,0.007342435
13.0,-0.270706
22.0,-0.06377557
19.0,-0.14431706
14.0,-0.1807758
7.0,-0.4167664
17.0,0.080875054
9.0,-0.34755677
65.0,0.19296014
4.0,-0.3544679
27.0,0.037297424
16.0,-0.14011255
17.0,-0.082285605
27.0,-0.15894918
37.0,0.041066423
22.0,-0.073620185
7.0,-0.39299795
7.0,-0.2630205
12.0,-0.046815127
29.0,0.055812616
23.0,-0.1601471
42.0,0.41557705
11.0,-0.49714074
27.0,0.12032082
22.0,-0.15096217
12.0,-0.103061594
7.0,-0.43677396
35.0,0.31871682
58.0,0.25708228
19.0,-0.20844007
23.0,-0.17289796
22.0,-0.09515671
22.0,-0.025298366
17.0,-0.06852791
11.0,-0.37610006
22.0,0.00365906
18.0,0.08124894
19.0,-0.08852671
22.0,-0.110289656
22.0,-0.11585138
32.0,0.15391356
23.0,-0.17310308
9.0,-0.70346975
12.0,-0.052922543
19.0,-0.121293165
9.0,-0.39320603
16.0,0.023057101
27.0,-0.024419988
28.0,0.041339006
22.0,-0.13820904
13.0,-0.16676052
28.0,0.011446383
9.0,-0.44924855
24.0,-0.20062688
14.0,-0.1931489
24.0,-0.117855065
22.0,-0.11178521
7.0,-0.3185545
32.0,0.23830043
20.0,-0.023894541
12.0,0.00027475925
17.0,-0.10051625
20.0,-0.10204784
9.0,-0.8235256
32.0,0.10371863
22.0,-0.027037475
27.0,0.018523488
13.0,-0.18172011
17.0,-0.04793252
24.0,-0.10590574
13.0,-0.29359186
23.0,-0.113563985
87.0,0.2994199
10.0,-0.54272276
17.0,0.084828846
16.0,-0.097270556
7.0,-0.38449654
22.0,-0.01822322
17.0,0.05082714
27.0,-0.106941186
13.0,-0.12981346
32.0,-0.071573466
22.0,-0.08507178
17.0,-0.12755506
13.0,-0.14721365
17.0,0.09044564
15.0,-0.07109728
22.0,-0.15023528
22.0,-0.091277875
13.0,-0.12047483
12.0,-0.12736186
12.0,-0.09913472
42.0,0.22574283
13.0,-0.2694325
12.0,-0.11427173
22.0,0.013046948
13.0,-0.17863147
41.0,0.20893274
29.0,-0.036117643
36.0,0.0339297
24.0,-0.1439895
22.0,-0.12974311
22.0,-0.07087918
26.0,-0.1926018
28.0,-0.013577634
32.0,0.023104033
12.0,-0.1362314
15.0,-0.1420432
12.0,-0.1315366
9.0,-0.3745579
36.0,0.18621603
32.0,0.22585884
17.0,-0.17922604
17.0,-0.088202015
22.0,-0.18564376
18.0,0.21424237
22.0,-0.08098093
32.0,0.16221222
37.0,0.17330837
10.0,-0.51269305
41.0,0.10506813
17.0,0.10192304
25.0,-0.1807552
41.0,0.20827115
16.0,-0.001644816
22.0,-0.10237243
23.0,-0.10644004
17.0,-0.12203176
42.0,0.19318396
17.0,-0.07161969
17.0,0.12658104
19.0,-0.16410328
17.0,0.13553445
19.0,-0.09492863
32.0,0.009945265
16.0,-0.1226302
37.0,0.17937538
13.0,-0.1309238
17.0,-0.02791176
7.0,-0.6912469
23.0,-0.16363974
13.0,-0.029451616
4.0,0.23297234
22.0,-0.10840887
24.0,-0.08818339
22.0,-0.11969127
18.0,0.21516113
37.0,0.124325044
7.0,-0.48264027
17.0,-0.11803238
64.0,0.14072625
24.0,-0.09241285
13.0,-0.17454678
18.0,0.027834777
11.0,-0.3469326
18.0,0.21326084
17.0,0.027470617
42.0,0.096784264
32.0,0.12912104
25.0,-0.12322097
20.0,-0.11843881
22.0,-0.11621792
17.0,-0.05441765
24.0,-0.1563301
68.0,0.35334945
36.0,0.24999431
30.0,0.01074037
12.0,-3.4971163e-07
22.0,-0.24387836
22.0,-0.052458618
17.0,0.037419103
15.0,-0.15881221
4.0,0.091782585
10.0,-0.5670144
42.0,0.28451395
22.0,-0.092808954
44.0,0.36025295
37.0,0.23612808
42.0,-0.017176518
32.0,0.035836637
27.0,0.042652946
42.0,0.2657203
36.0,0.4078191
25.0,-0.12788345
26.0,-0.1590327
18.0,0.394474
17.0,0.16857854
12.0,-0.07918287
22.0,0.029557753
16.0,-0.030589111
22.0,-0.11577754
14.0,-0.16266648
7.0,-0.5687198
32.0,0.14357196
27.0,-0.076633446
14.0,-0.24199353
17.0,0.051973943
10.0,-0.49910486
38.0,-0.01801067
22.0,-0.06215613
22.0,-0.042841725
72.0,0.028014535
9.0,-0.27800816
14.0,-0.14279135
23.0,-0.10169488
32.0,0.22151023
4.0,0.045299124
33.0,0.045028392
22.0,-0.038578715
22.0,-0.09522776
20.0,-0.09658114
16.0,-0.09087793
25.0,-0.16317736
17.0,-0.03321323
22.0,-0.0984467
22.0,-0.109648325
39.0,0.24440551
69.0,0.13274868
11.0,-0.4588147
13.0,-0.20709428
12.0,-0.2932625
22.0,-0.075065576
30.0,-0.13844474
27.0,-0.020485254
22.0,-0.021419015
13.0,-0.07570307
26.0,-0.18822445
26.0,-0.21602719
13.0,-0.23109129
19.0,-0.16091326
7.0,-0.57624847
27.0,-0.05442082
12.0,-0.10966227
33.0,0.17530802
13.0,-0.20910686
17.0,0.16847917
12.0,0.10053787
17.0,0.10485709
14.0,-0.14352661
27.0,-0.13725534
14.0,-0.24218954
17.0,-0.051005606
46.0,0.19318002
22.0,-0.12767142
23.0,-0.20097469
12.0,-0.10037899
22.0,-0.117116064
5.0,-0.08541876
13.0,-0.26756728
17.0,-0.005289863
5.0,0.009747322
7.0,-0.51470983
21.0,-0.017902529
16.0,-0.008448758
32.0,0.09729265
21.0,-0.15089314
17.0,-0.061537825
13.0,-0.050406918
34.0,0.06363279
7.0,-0.52159107
12.0,-0.1073428
13.0,-0.15712011
17.0,-0.16902713
7.0,-0.6373307
99.0,1.2698
17.0,0.10462725
36.0,0.34337926
25.0,-0.14449096
17.0,-0.17452464
17.0,-0.115461886
4.0,-0.047751058
17.0,0.06563358
19.0,-0.25604132
15.0,-0.13500974
22.0,-0.15362214
17.0,0.0699083
17.0,0.01080154
29.0,0.08466796
7.0,-0.32266745
20.0,-0.10174834
42.0,0.1119217
22.0,-0.177073
17.0,-0.16292296
13.0,-0.19240029
17.0,-0.09917012
13.0,-0.25069377
19.0,-0.14041357
12.0,-0.10757899
17.0,0.049444273
16.0,-0.10371978
23.0,-0.147003
28.0,-0.061126404
10.0,-0.5226467
26.0,-0.1343879
26.0,-0.13513161
27.0,0.16506775
17.0,-0.13225327
4.0,-0.04453236
21.0,-0.17306288
7.0,-0.49947762
10.0,-0.48602048
21.0,-0.19948807
12.0,-0.17499901
20.0,-0.13696955
14.0,-0.100205876
27.0,0.10195411
20.0,-0.117013924
15.0,-0.09451726
13.0,-0.1910993
32.0,0.11059662
17.0,0.1455023
22.0,-0.13183917
14.0,-0.13788576
72.0,0.29481187
90.0,0.30347383
7.0,-0.2310728
10.0,-0.39123213
28.0,0.044657793
14.0,-0.034891732
24.0,-0.06642973
11.0,-0.20043685
15.0,0.09990722
27.0,-0.11676556
21.0,-0.04326367
26.0,-0.15325508
26.0,-0.16116603
14.0,-0.23813286
22.0,-0.09144546
22.0,-0.17267078
17.0,-0.13620296
13.0,0.013653289
17.0,0.10815734
28.0,0.13625488
22.0,-0.1789782
32.0,0.23412707
2.0,-0.5101554
13.0,-0.11355234
13.0,9.972794e-05
32.0,0.31312582
25.0,-0.14824636
17.0,-0.17465256
15.0,-0.1385189
12.0,-0.16449223
66.0,0.39624214
32.0,0.13611425
27.0,-0.020136343
14.0,-0.22597468
27.0,0.06252491
16.0,-0.22224328
9.0,-0.4467339
22.0,-0.06284985
64.0,0.12841731
16.0,-0.055663317
32.0,0.19001012
8.0,-0.27304518
18.0,0.14760762
32.0,0.035795085
69.0,0.3013091
13.0,-0.07460893
22.0,-0.086626224
32.0,0.15124252
39.0,0.36121532
23.0,-0.0841737
7.0,-0.59379464
32.0,0.16045171
15.0,-0.14882664
22.0,0.00475295
20.0,-0.090261675
17.0,-0.023983976
12.0,-0.2043125
14.0,-0.27633804
22.0,-0.19069839
40.0,0.09513754
12.0,-0.18113942
13.0,-0.13928407
13.0,-0.21765976
38.0,0.024443068
18.0,0.106018364
7.0,-0.7290317
20.0,-0.10119426
22.0,-0.16586854
30.0,0.18601418
7.0,-0.27909216
22.0,-0.13130401
23.0,-0.1376857
15.0,0.027079226
29.0,0.0021838178
15.0,-0.08109951
14.0,-0.09597573
17.0,-0.047096044
14.0,-0.37001118
12.0,-0.13369164
29.0,0.009222493
14.0,-0.15022269
22.0,-0.1213172
41.0,0.11158002
13.0,-0.09235668
13.0,-0.2545381
16.0,-0.16785452
22.0,-0.14105816
27.0,0.026756259
24.0,-0.18506558
24.0,0.050272886
16.0,-0.043459762
13.0,-0.10856674
17.0,-0.14783202
32.0,-0.004992188
13.0,-0.18469276
23.0,-0.10526897
13.0,-0.06739577
7.0,-0.30935153
22.0,-0.119937934
13.0,-0.028104084
7.0,-0.49448282
18.0,0.0048067016
7.0,-0.29959264
7.0,-0.40823543
16.0,-0.10307039
22.0,-0.040949147
29.0,-0.05115472
8.0,-0.3079152
4.0,-0.2728988
28.0,0.17011516
32.0,-0.02036366
13.0,-0.24515577
17.0,-0.1597512
22.0,-0.12943652
19.0,-0.002919874
17.0,-0.03189938
31.0,0.014827152
27.0,-0.01492019
17.0,-0.076959595
64.0,0.15047267
21.0,-0.12505716
32.0,0.04947791
24.0,-0.18542488
7.0,-0.45789132
22.0,-0.11031921
17.0,-0.08146331
34.0,-0.062360533
13.0,0.074381076
23.0,-0.18030812
15.0,-0.25649607
13.0,-0.27889696
28.0,-0.07197222
4.0,-0.5522229
19.0,-0.23910451
26.0,-0.12624931
26.0,-0.1566017
36.0,0.062287964
13.0,0.044608317
22.0,-0.19829135
15.0,-0.07953305
28.0,-0.08029093
14.0,-0.19475166
5.0,0.17299679
16.0,-0.11714769
27.0,0.021521155
68.0,0.27806658
17.0,0.11595811
17.0,-0.026132002
22.0,-0.108203396
34.0,0.11757718
22.0,-0.10038464
24.0,-0.0779335
12.0,-0.12941523
16.0,-0.013322116
17.0,-0.0946518
35.0,0.26976657
91.0,0.6405504
20.0,-0.044079978
26.0,-0.24420297
16.0,-0.13355464
64.0,-0.024030944
6.0,0.18394712
12.0,-0.14328441
22.0,-0.12928079
20.0,-0.08942889
66.0,0.10803001
27.0,0.09582826
22.0,-0.1517148
22.0,-0.07007686
27.0,0.02799609
12.0,-0.1057971
16.0,-0.12655197
20.0,-0.11750037
23.0,-0.09497749
17.0,0.15696903
7.0,-0.33451405
24.0,-0.16472948
17.0,-0.01654842
17.0,0.13448724
42.0,0.14139278
22.0,-0.19986326
21.0,-0.21204108
12.0,0.005349315
13.0,-0.2503503
26.0,-0.13177301
17.0,-0.0887206
29.0,0.05804727
27.0,0.32305503
27.0,0.072764575
8.0,-0.30127668
16.0,-0.16691566
69.0,0.58196265
18.0,0.43148
65.0,0.24787782
20.0,-0.123036124
29.0,-0.066493586
17.0,0.1722967
18.0,0.14968319
35.0,0.15409623
24.0,-0.044426344
7.0,-0.5430055
7.0,-0.5329507
17.0,0.10540331
16.0,0.05077507
22.0,-0.14416182
23.0,-0.13800083
61.0,0.20196973
16.0,-0.11202498
34.0,0.27905372
17.0,-0.008963289
25.0,-0.12361579
13.0,-0.26079768
26.0,-0.097293794
12.0,-0.001214792
12.0,0.04177045
17.0,0.098064676
13.0,-0.106865644
36.0,0.2410441
17.0,0.17554708
17.0,0.102595896
22.0,-0.04058704
22.0,-0.12782748
39.0,0.11453163
19.0,-0.08608598
36.0,0.34971407
8.0,-0.79865146
26.0,-0.16122861
36.0,0.23859957
20.0,-0.090049215
17.0,-0.025300546
22.0,0.010306437
28.0,-0.116765454
7.0,-0.05587633
12.0,-0.17609958
25.0,-0.13698976
18.0,0.2819011
22.0,-0.2070585
36.0,0.22501716
13.0,-0.07123555
22.0,-0.19342035
15.0,-0.16112445
16.0,-0.011535477
12.0,0.0019854463
18.0,0.25223923
37.0,0.1651842
28.0,-0.03135687
32.0,0.3253718
37.0,0.13767797
12.0,-0.29298407
12.0,-0.36935818
22.0,-0.14471447
24.0,-0.09849206
23.0,-0.16943835
17.0,0.08434471
22.0,-0.111845
13.0,-0.11673311
22.0,-0.082974486
13.0,-0.03169932
14.0,-0.23437391
12.0,-0.22637308
36.0,0.3215667
13.0,-0.25092807
13.0,-0.26205766
32.0,0.05484062
27.0,-0.06528345
13.0,-0.18580894
7.0,-0.33275864
17.0,-0.097253256
17.0,0.08965058
17.0,0.061483443
17.0,0.056331627
34.0,0.07649159
27.0,-0.061549667
4.0,0.19759281
12.0,-0.17275138
10.0,-0.30401227
17.0,0.0335556
13.0,-0.21287327
26.0,-0.15693524
20.0,-0.072084285
12.0,-0.0591388
35.0,0.22286737
33.0,0.18692365
27.0,-0.0395957
20.0,-0.08412096
25.0,-0.20415005
12.0,-0.12855622
16.0,-0.118115805
22.0,-0.193623
16.0,-0.07023318
12.0,0.042016372
16.0,0.058792334
22.0,-0.13208713
17.0,0.0036143956
14.0,0.0075419354
13.0,-0.17331314
13.0,-0.02687156
27.0,0.15681471
22.0,-0.049352713
22.0,-0.03945782
17.0,-0.1185566
27.0,0.028891353
30.0,0.0060180337
12.0,-0.10199198
22.0,-0.040722236
21.0,-0.109326415
5.0,-0.266379
12.0,-0.23791596
20.0,-0.08281004
16.0,-0.07257617
14.0,-0.27714485
26.0,-0.13137874
25.0,-0.0788131
14.0,-0.16258363
15.0,-0.114696525
68.0,0.8578701
10.0,-0.35391933
27.0,0.08142347
21.0,-0.022996556
28.0,-0.014008223
23.0,-0.082184866
69.0,0.32223028
32.0,0.17566293
12.0,-0.18661717
88.0,0.26438487
11.0,-0.49043107
7.0,-0.6111036
22.0,0.02591641
12.0,-0.101469606
22.0,-0.121740304
13.0,0.057390403
17.0,-0.15355487
7.0,-0.40859923
37.0,0.23740041
7.0,-0.38398218
13.0,-0.13613887
7.0,-0.33060592
16.0,0.022614636
17.0,0.09833081
10.0,-0.5478579
25.0,-0.13811868
28.0,-0.07461621
12.0,-0.117349274
17.0,0.04243976
7.0,-0.3725719
12.0,-0.050425075
17.0,-0.06453484
17.0,0.104642585
24.0,-0.11463871
13.0,-0.06032245
18.0,0.118487574
37.0,0.184727
18.0,0.24052198
32.0,0.27580157
17.0,0.057831656
22.0,-0.25459945
16.0,0.10685945
14.0,-0.09747793
16.0,0.15722813
16.0,0.02125319
19.0,-0.24589795
22.0,-0.08276333
22.0,-0.11011058
17.0,0.103979774
36.0,0.20673728
21.0,-0.17306288
13.0,-0.13812666
17.0,0.11126234
7.0,-0.35338628
12.0,-0.22077934
22.0,-0.19506611
24.0,-0.11408848
22.0,-0.06394541
39.0,0.0905481
20.0,-0.10225332
26.0,-0.1426631
32.0,-0.029722394
12.0,-0.2330912
13.0,-0.20586576
87.0,0.29454133
12.0,-0.05956007
7.0,-0.03427224
32.0,-0.11419641
23.0,-0.15272805
14.0,-0.24834569
26.0,-0.25382566
28.0,0.14575443
14.0,-0.19019805
17.0,-0.17808612
18.0,0.23759371
22.0,-0.17390685
27.0,0.03544408
10.0,-0.52621007
27.0,0.010529779
25.0,-0.11572345
7.0,-0.7991756
17.0,0.12874879
22.0,-0.14150429
17.0,-0.09706252
21.0,-0.16195321
7.0,-0.24636155
27.0,0.034487154
22.0,-0.16292106
42.0,-0.07949826
29.0,0.099832125
19.0,-0.09980607
17.0,-0.20799991
26.0,-0.11907138
17.0,-0.08400053
17.0,-0.023228616
25.0,-0.11626405
14.0,-0.03610811
17.0,-0.13561213
10.0,-0.29470173
23.0,-0.13668536
7.0,-0.92262596
39.0,0.2979864
14.0,-0.4718717
11.0,-0.40345
22.0,-0.1668619
13.0,-0.030534673
32.0,-0.037539404
35.0,0.38854268
24.0,-0.10413087
13.0,-0.11149897
36.0,0.16497041
22.0,-0.10492422
12.0,-0.13594796
17.0,0.0021595107
22.0,-0.028630778
27.0,0.13094945
17.0,-0.20359065
17.0,0.0072795195
17.0,-0.09857641
66.0,0.40185356
13.0,-0.08086375
16.0,-0.08266928
14.0,-0.04439207
27.0,0.066412374
17.0,0.047434635
5.0,-0.14216834
12.0,-0.1381596
22.0,-0.079792514
24.0,-0.13272926
17.0,0.05505355
19.0,-0.056674916
23.0,-0.11192492
13.0,-0.13362779
7.0,-0.5545957
14.0,-0.07977627
22.0,-0.082780674
10.0,-0.23923232
67.0,-0.037139174
32.0,-0.031697273
22.0,-0.07728863
20.0,-0.009684157
13.0,-0.18407361
17.0,0.09303979
36.0,0.44012192
15.0,-0.12970227
13.0,-0.044765364
44.0,0.033891402
24.0,-0.17855902
31.0,0.061460596
13.0,-0.08707363
26.0,-0.12598662
32.0,0.43345603
27.0,-0.016032167
22.0,0.049399517
20.0,-0.11722613
27.0,-0.16150318
27.0,-0.058537487
42.0,0.09198306
37.0,0.1745668
22.0,-0.17044893
17.0,0.061339002
22.0,-0.16692854
22.0,-0.20335831
10.0,-0.5762869
12.0,-0.28090677
13.0,-0.2714958
17.0,-0.03148246
64.0,0.16287403
10.0,-0.4873818
22.0,-0.13525169
12.0,-0.0775833
22.0,-0.10355497
16.0,-0.112159066
37.0,0.009952392
17.0,0.08841421
33.0,-0.034299456
9.0,-0.40074968
19.0,-0.12062571
12.0,-0.10159202
16.0,0.018772278
5.0,0.08880591
31.0,0.16876651
27.0,-0.02841511
22.0,-0.09665813
17.0,0.094683364
12.0,-0.08763791
22.0,-0.09352071
15.0,-0.14811283
17.0,-0.066450424
44.0,0.12088441
22.0,-0.15053168
13.0,-0.16291289
3.0,0.24129146
7.0,-0.448121
16.0,0.022554811
42.0,0.06142164
46.0,0.37327835
23.0,-0.105549455
18.0,0.0508085
22.0,-0.06746657
27.0,0.039229687
26.0,-0.17871538
10.0,-0.44267833
19.0,-0.26696345
17.0,0.17146967
16.0,-0.10802966
7.0,-0.32266986
14.0,-0.43045795
17.0,-0.13119891
17.0,0.05502171
12.0,-0.15084083
7.0,-0.13805015
17.0,-0.029726077
32.0,0.23057355
27.0,0.009290873
33.0,0.15300028
17.0,0.020673972
27.0,-0.14358217
22.0,-0.11576728
53.0,0.35798016
4.0,-0.0105567565
11.0,-0.30686632
19.0,-0.1673924
20.0,-0.029577937
22.0,-0.08355209
18.0,0.19099922
57.0,0.44456875
12.0,-0.1173202
12.0,-0.04798095
25.0,-0.11679609
27.0,0.26078865
12.0,-0.103061594
13.0,-0.21453974
24.0,-0.2615979
12.0,-0.056453276
12.0,-0.091545254
14.0,-0.24627751
15.0,-0.03677433
13.0,-0.15571077
13.0,-0.3024328
42.0,0.33296788
17.0,-0.09542265
25.0,-0.17179097
17.0,-0.0151749225
18.0,0.2111511
24.0,-0.15026228
10.0,-0.44448024
93.0,0.7193442
24.0,-0.21708234
14.0,-0.0921398
17.0,0.018778034
17.0,0.0049223723
20.0,-0.15199243
10.0,-0.7664154
24.0,-0.17028376
22.0,-0.15943372
16.0,-0.03277782
12.0,-0.0746063
22.0,-0.18901299
17.0,0.25787506
27.0,0.03189106
64.0,0.27082944
17.0,-0.050203845
18.0,0.24604793
32.0,-0.11866618
13.0,-0.16291001
17.0,0.103054956
22.0,-0.13042936
70.0,0.092595786
27.0,0.047567666
13.0,-0.3331461
37.0,0.108849935
17.0,0.05365935
17.0,0.13007025
14.0,-0.25409323
22.0,-0.18591405
10.0,-0.6042239
12.0,-0.021005709
37.0,0.112294585
22.0,-0.016051162
34.0,0.119395204
14.0,-0.26819545
4.0,0.09176819
8.0,-0.22213693
14.0,-0.20912124
22.0,-0.076621525
28.0,-0.018737877
35.0,0.028993588
7.0,-0.5884757
30.0,0.017546382
33.0,0.074837565
6.0,0.18613379
30.0,0.009801775
27.0,-0.023056695
41.0,0.33693615
32.0,-0.11978577
22.0,-0.20617548
63.0,0.28248504
23.0,-0.060627233
22.0,-0.11963418
17.0,-0.1293292
17.0,-0.12398727
27.0,0.037927803
25.0,-0.13610353
96.0,0.342753
12.0,-0.11487776
26.0,-0.16414139
36.0,0.21847185
18.0,0.081354074
17.0,0.107829235
26.0,-0.07706351
28.0,-0.06568999
27.0,0.06583725
17.0,0.00658561
13.0,-0.13944216
22.0,-0.070327565
20.0,-0.1112549
5.0,0.625486
9.0,-0.5043903
25.0,-0.14927264
17.0,-0.1034909
17.0,0.08829445
17.0,-0.035256203
27.0,0.14561294
17.0,0.022501737
32.0,0.04414159
17.0,0.025977872
26.0,-0.2213182
40.0,0.2405479
28.0,-0.09280021
17.0,-0.037518706
22.0,-0.07268024
22.0,-0.26359376
22.0,-0.11451518
8.0,-0.49399772
22.0,-0.13283205
16.0,-0.060252108
57.0,-0.0840712
17.0,-0.12690285
22.0,-0.06478387
13.0,-0.040014524
33.0,0.19170731
7.0,-0.70962816
32.0,0.087235704
26.0,-0.16324452
13.0,-0.07111842
20.0,-0.15121695
86.0,0.17584598
13.0,-0.19495873
13.0,-0.10608131
23.0,-0.17513734
22.0,-0.14019093
3.0,-0.4258758
19.0,-0.25201482
21.0,-0.20058627
10.0,-0.7179294
22.0,-0.06907118
32.0,0.16381715
22.0,-0.088252835
21.0,-0.10977747
13.0,-0.21833257
19.0,-0.15722613
25.0,-0.10097171
7.0,-0.8460038
21.0,-0.10257096
12.0,-0.23158334
15.0,-0.21198152
36.0,0.11175243
22.0,-0.16826622
19.0,-0.09790905
15.0,-0.1980695
37.0,0.0620105
21.0,-0.12331065
4.0,0.13095291
28.0,0.029581936
17.0,0.025217852
13.0,-0.29514268
33.0,0.0023363044
7.0,-0.37135032
25.0,-0.18972993
23.0,-0.08346617
9.0,-0.44928268
14.0,-0.16042972
14.0,-0.09417299
23.0,-0.0692831
18.0,0.07457222
19.0,-0.17093058
39.0,0.18702824
25.0,-0.15891834
28.0,-0.0018307287
15.0,-0.08480435
7.0,-0.51900905
23.0,-0.0891732
16.0,0.09369873
7.0,-0.75722265
18.0,0.15152481
27.0,0.4806108
16.0,-0.1321492
22.0,-0.1254824
27.0,0.08028534
20.0,-0.21768545
27.0,-0.043901596
25.0,-0.17584798
17.0,-0.08787984
17.0,0.0517657
12.0,-0.23158334
13.0,-0.19342342
32.0,0.16580111
22.0,-0.09597512
14.0,-0.2605358
22.0,-0.06065067
13.0,-0.26080006
13.0,-0.08739379
14.0,-0.124931194
37.0,-0.050278645
20.0,-0.07493987
17.0,0.18782961
38.0,0.22260791
28.0,-0.114951886
19.0,-0.1966977
2.0,-0.47251362
10.0,-0.56591827
27.0,0.064721815
17.0,0.0011707479
20.0,-0.0463426
16.0,0.011803292
35.0,0.14125024
18.0,0.2155602
9.0,-0.45450512
31.0,-0.028025037
10.0,-0.57060355
24.0,-0.0886774
28.0,-0.030758625
32.0,0.09447305
23.0,-0.1413798
13.0,-0.14069116
10.0,-0.64859253
26.0,-0.068498746
12.0,-0.12953854
23.0,-0.13365555
20.0,-0.06602207
17.0,0.04514517
26.0,-0.35152054
18.0,0.10525596
67.0,0.11252
17.0,0.0037852346
14.0,-0.18234396
17.0,-0.08915563
24.0,-0.115386456
17.0,-0.08095572
13.0,-0.10835723
43.0,0.45771447
12.0,-0.15593366
92.0,0.68695074
14.0,-0.12376647
28.0,-0.066766836
10.0,-0.3761557
92.0,0.6376769
17.0,-0.13135356
17.0,-0.059147984
17.0,-0.17523433
27.0,0.03658226
27.0,0.06108927
16.0,0.19006455
34.0,0.3399356
18.0,0.23957306
13.0,-0.15764064
66.0,0.3680658
22.0,-0.009437344
13.0,-0.2821932
7.0,-0.3093365
38.0,0.2171659
27.0,0.01992398
26.0,-0.14810634
16.0,-0.023494221
17.0,0.04052261
18.0,0.15152481
13.0,-0.15984297
7.0,-0.40866947
17.0,0.1293092
32.0,-0.02119282
32.0,0.41488034
32.0,0.20253804
7.0,-0.63838786
37.0,0.12135806
13.0,0.0102816755
47.0,0.2346851
17.0,-0.07710418
9.0,-0.6253171
32.0,0.11387006
32.0,0.23590401
24.0,-0.14004551
12.0,-0.16356932
63.0,0.20494755
20.0,-0.12974308
26.0,-0.10922068
32.0,0.1678257
15.0,-0.10922425
13.0,-0.18479356
18.0,0.24735124
13.0,-0.27608135
18.0,0.23698737
17.0,0.049231477
32.0,0.11993279
13.0,-0.25598276
17.0,-0.02838032
20.0,-0.047891464
21.0,-0.11450698
42.0,0.3645351
24.0,-0.10484055
23.0,-0.0858338
20.0,-0.02004886
28.0,-0.0066142753
22.0,-0.036081906
17.0,-0.12231787
22.0,-0.06898936
18.0,0.19633192
32.0,0.13206246
18.0,0.08722186
26.0,-0.13450631
42.0,0.06558065
16.0,-0.21412502
17.0,-0.008683349
13.0,-0.034089852
17.0,-0.14743522
28.0,0.061399918
22.0,-0.13025467
13.0,-0.16200592
16.0,-0.06387531
23.0,-0.07995315
17.0,0.17593141
12.0,-0.10856704
12.0,0.037888814
22.0,-0.07026769
66.0,0.29968846
27.0,-0.027820095
27.0,-0.016281996
12.0,-0.005266875
16.0,0.04516313
13.0,-0.014524526
22.0,-0.12623392
22.0,-0.14098258
21.0,-0.15522471
27.0,0.121410474
12.0,-0.11053965
14.0,-0.08957772
32.0,0.19226336
22.0,-0.112289935
27.0,-0.09078345
18.0,0.10529309
17.0,-0.08718785
12.0,0.061391845
15.0,-0.08611085
17.0,-0.068995066
17.0,0.07217832
20.0,-0.06118277
22.0,-0.074872576
73.0,0.3888369
28.0,0.039819397
17.0,0.0035549733
12.0,-0.12809893
22.0,-0.0097264815
14.0,-0.08540951
17.0,0.019516744
24.0,-0.10525186
14.0,-0.29737896
13.0,-0.17329317
23.0,-0.17630221
13.0,-0.35744098
33.0,0.07028301
16.0,-0.22403486
16.0,0.100537814
16.0,-0.03945473
17.0,-0.13318393
22.0,-0.12426883
29.0,0.1685613
22.0,-0.13531117
12.0,0.022145838
40.0,-0.0027562873
17.0,0.06716763
22.0,-0.055993956
22.0,-0.042744257
12.0,-0.12044359
22.0,-0.1122361
20.0,-0.07032178
22.0,-0.061748784
12.0,-0.096990444
22.0,-0.07166858
17.0,-0.06773995
22.0,-0.04841951
22.0,-0.18372937
17.0,0.113918096
10.0,-0.5335144
22.0,-0.1735531
12.0,-0.32135576
23.0,-0.18047799
22.0,0.0050732153
17.0,-0.09639397
8.0,-0.42854208
85.0,0.32714254
7.0,-0.522316
22.0,-0.039751492
17.0,-0.14593142
13.0,-0.13118315
13.0,-0.03876653
8.0,-0.34904382
12.0,-0.07689382
13.0,0.016082525
23.0,-0.07723983
37.0,0.3906135
92.0,0.86673945
12.0,-0.032206237
82.0,0.4207899
2.0,-0.642234
32.0,-0.07267535
17.0,-0.061927028
17.0,0.013603417
21.0,-0.18846156
14.0,-0.20838133
17.0,0.08747982
17.0,0.16666381
32.0,0.011674317
12.0,-0.2569512
7.0,-0.41558018
37.0,0.09212822
13.0,-0.15039352
32.0,0.12527485
10.0,-0.37004492
16.0,0.1437623
13.0,-0.011446779
22.0,-0.064448856
17.0,0.07926915
17.0,0.07308999
14.0,-0.16133417
15.0,-0.38828555
6.0,0.6458711
22.0,-0.106490254
26.0,-0.09303047
17.0,-0.044082396
22.0,-0.047138926
13.0,-0.20374596
18.0,0.011434608
27.0,-0.018437978
16.0,0.026660835
9.0,-0.607656
27.0,-0.14706607
9.0,-0.48525795
12.0,-0.1683231
20.0,-0.12942533
31.0,0.07411121
52.0,0.12322334
17.0,-0.09327902
17.0,0.095953226
17.0,-0.022713328
27.0,-0.08520628
17.0,0.12823667
32.0,0.16098191
25.0,-0.1137846
18.0,0.0911627
21.0,-0.14952727
36.0,0.22748785
15.0,0.057621088
22.0,-0.051361695
14.0,-0.15794472
32.0,0.033335827
14.0,-0.14232174
23.0,-0.12294524
17.0,-0.07982263
35.0,0.25302854
17.0,0.03419824
17.0,-0.15587027
17.0,-0.13245688
68.0,0.3360883
7.0,-0.76357794
22.0,-0.052495047
27.0,-0.048793994
13.0,-0.2689744
22.0,-0.24103095
13.0,-0.11023863
27.0,-0.06640464
12.0,-0.16085336
17.0,-0.1893694
21.0,-0.064431004
37.0,0.1109822
16.0,-0.073172025
42.0,0.13830084
32.0,0.18087551
17.0,-0.044517085
17.0,-0.09454864
19.0,-0.16123502
18.0,0.15530226
17.0,0.14081816
24.0,-0.190613
27.0,-0.05570818
17.0,0.035240423
20.0,-0.15332814
32.0,0.041841492
16.0,0.10012269
16.0,0.06191421
16.0,-0.14307804
17.0,-0.0696063
27.0,0.00869568
32.0,0.4415061
8.0,-0.1585874
42.0,0.12591374
16.0,0.10944272
28.0,-0.039382815
12.0,-0.106986456
13.0,-0.19853446
12.0,-0.008253553
26.0,-0.16531375
10.0,-0.47427326
24.0,-0.11821641
21.0,-0.15250193
27.0,-0.10166334
14.0,-0.08007464
13.0,-0.16413938
7.0,-0.26345226
22.0,-0.15251216
27.0,0.06649955
12.0,-0.13159613
14.0,-0.15211815
9.0,-0.81894904
18.0,0.08226239
12.0,-0.123452604
22.0,-0.0715889
13.0,-0.08128287
29.0,0.093000725
17.0,-0.038656984
12.0,-0.049885586
27.0,0.056039307
20.0,-0.10119426
21.0,-0.19881907
35.0,0.30297306
16.0,-0.20551825
15.0,0.08811413
10.0,-0.50460565
17.0,0.081278756
17.0,0.04066097
20.0,-0.1861258
15.0,-0.087271035
12.0,-0.080479495
14.0,-0.1834178
24.0,-0.065319106
22.0,-0.13270268
12.0,-0.12595049
16.0,-0.02371479
17.0,0.012351262
86.0,0.40350208
17.0,0.01715961
13.0,-0.16153717
14.0,-0.2542985
13.0,-0.077595815
22.0,-0.050228227
32.0,0.016923688
16.0,-0.071713984
27.0,0.062971964
68.0,0.22038575
22.0,-0.060181957
14.0,-0.33039814
17.0,0.06728661
41.0,0.15929528
12.0,-0.29121596
17.0,-0.0029201019
25.0,-0.14278696
13.0,-0.23167127
24.0,-0.12361522
17.0,-0.07305516
14.0,-0.22548774
33.0,0.06715427
7.0,-0.685314
31.0,0.0037985342
14.0,-0.30721375
73.0,0.21347614
82.0,0.2890637
14.0,-0.12611306
27.0,0.018969046
27.0,0.032244552
9.0,-0.25230113
20.0,-0.14173436
12.0,-0.10661275
12.0,-0.23022375
17.0,0.10751322
12.0,-0.07142811
17.0,0.11938384
27.0,0.068363525
22.0,-0.19455402
13.0,-0.4207791
16.0,-0.082471974
13.0,-0.15483072
17.0,0.10834517
23.0,-0.035667162
34.0,0.022611331
17.0,-0.15457761
10.0,-0.4612178
22.0,-0.061235573
17.0,0.050000925
17.0,-0.04488171
16.0,-0.012723725
12.0,-0.15265311
22.0,0.00786204
10.0,-0.48829386
32.0,0.23269276
22.0,-0.120825626
18.0,0.009925624
20.0,-0.090810984
24.0,-0.15518151
8.0,-0.583599
1.0,0.1638793
11.0,-0.36307338
12.0,-0.105859146
23.0,-0.15027806
17.0,0.05628041
13.0,-0.13628997
27.0,0.083064675
8.0,-0.579956
16.0,-0.05310674
9.0,-0.7076699
31.0,0.02373631
13.0,-0.22844659
28.0,0.04090494
12.0,-0.04073764
12.0,-0.03649336
27.0,-0.032470025
7.0,-0.5524526
20.0,-0.1743323
13.0,-0.17743199
19.0,-0.16463597
10.0,-0.42604396
17.0,0.07757694
16.0,-0.090016074
13.0,-0.23109129
19.0,-0.10134459
25.0,-0.061482172
14.0,-0.23466454
28.0,0.07924947
20.0,-0.1735079
32.0,0.1554646
44.0,0.05313541
27.0,-0.0075100358
12.0,-0.18440782
28.0,0.03371887
4.0,0.12274343
17.0,-0.13597125
34.0,0.36500174
13.0,-0.21288088
17.0,0.13147086
32.0,0.3331868
32.0,0.08134916
26.0,-0.16134207
18.0,0.04071057
13.0,-0.0073486296
10.0,-0.64849037
13.0,-0.27494863
22.0,-0.03921808
13.0,-0.2158036
22.0,-0.15644659
22.0,-0.03588833
18.0,-0.016636545
40.0,0.10131217
12.0,0.0035254534
22.0,-0.027493274
22.0,-0.056797072
38.0,0.1393229
7.0,-0.69785047
24.0,-0.112237245
25.0,-0.111796536
10.0,-0.5411385
17.0,0.002363719
40.0,-0.053579956
24.0,-0.091593936
9.0,-0.28970048
13.0,-0.22056405
13.0,-0.14576691
22.0,-0.025204184
25.0,-0.16151269
69.0,0.58778715
10.0,-0.3342882
22.0,-0.11348056
7.0,-0.7167954
13.0,-0.17515093
17.0,0.017106025
7.0,-0.54717404
92.0,0.12579373
22.0,-0.064150535
12.0,-0.44288275
22.0,-0.077278465
7.0,-0.41143805
19.0,-0.19952165
22.0,-0.10856384
27.0,0.13634528
14.0,-0.1987239
62.0,0.19019184
27.0,0.08948927
22.0,-0.09448492
32.0,0.17498678
32.0,0.069988206
27.0,-0.077824734
17.0,0.009789493
32.0,0.268678
12.0,-0.06568888
22.0,-0.08355955
32.0,0.36078373
14.0,-0.2398096
64.0,-0.09544093
18.0,0.34606695
22.0,-0.06426798
19.0,-0.06037431
13.0,-0.2723073
17.0,0.097516306
27.0,0.00970338
18.0,0.11465418
22.0,-0.02230502
19.0,-0.1427715
12.0,-0.13017984
25.0,-0.13034938
16.0,-0.08918941
24.0,-0.050614864
22.0,-0.093046874
39.0,0.08496061
17.0,0.03641482
22.0,-0.21123369
17.0,-0.09048892
8.0,-0.35440987
25.0,-0.07110461
22.0,-0.093775876
15.0,-0.10765164
10.0,-0.41759172
22.0,-0.11839378
12.0,0.05147466
13.0,-0.077287264
17.0,0.22776854
20.0,-0.04440937
24.0,-0.08480744
13.0,-0.13184139
7.0,-0.28227708
16.0,-0.11569523
17.0,0.14736544
22.0,-0.1530087
14.0,-0.16705038
26.0,-0.19112405
18.0,0.050815422
17.0,-0.039302945
14.0,-0.36054528
13.0,-0.107779734
89.0,0.36846516
28.0,0.12887573
17.0,0.015167034
17.0,-0.08049984
22.0,-0.08444134
24.0,-0.17267251
17.0,0.0038722248
1.0,-0.028671287
90.0,0.5293719
18.0,0.1792751
27.0,0.04467428
8.0,-0.60118866
12.0,-0.083462656
22.0,-0.12256407
17.0,-0.039754286
12.0,-0.2164397
28.0,-0.0012941255
30.0,0.10624256
22.0,-0.006716869
38.0,0.20336767
27.0,0.07939615
17.0,-0.10865356
33.0,0.11092547
12.0,-0.38246948
12.0,-0.10856332
13.0,-0.06109632
47.0,0.3153887
26.0,-0.11696097
22.0,0.0062155486
17.0,-0.07565191
27.0,-0.15823923
11.0,-0.35274893
17.0,0.102610566
27.0,0.093105674
17.0,0.002969289
17.0,-0.054045532
35.0,0.16322616
10.0,-0.3796434
17.0,0.07454907
26.0,-0.25323993
13.0,-0.18061717
19.0,-0.11481499
17.0,-0.122570634
28.0,0.13313396
6.0,-0.22882271
17.0,-0.043777745
27.0,-0.08897307
13.0,-0.17788205
22.0,-0.01995249
28.0,0.027417796
26.0,-0.14184235
7.0,-0.7889197
7.0,-0.21399204
1.0,0.13023841
92.0,0.62609005
23.0,-0.19522668
20.0,-0.14784433
12.0,-0.22816241
17.0,0.025094796
21.0,-0.15116279
32.0,0.32004356
22.0,-0.05088647
17.0,-0.1018402
12.0,-0.10567214
22.0,-0.08159624
17.0,-0.1705378
14.0,-0.18206915
17.0,-0.055525485
17.0,0.0519625
7.0,-0.17000206
35.0,0.1966093
13.0,-0.065854594
12.0,-0.25231788
13.0,-0.10644567
12.0,-0.18414058
13.0,-0.2872485
17.0,0.1952911
20.0,-0.03780137
24.0,-0.21068223
20.0,-0.10151113
18.0,0.3283498
18.0,0.21705955
27.0,-0.1551548
11.0,-0.38294354
20.0,-0.1274751
7.0,-0.3823794
17.0,-0.011699187
17.0,-0.089878105
22.0,-0.09324691
19.0,-0.06795411
22.0,-0.0699619
17.0,-0.024353571
17.0,-0.018204903
17.0,0.101005845
17.0,-0.07214436
10.0,-0.4193605
29.0,0.07240007
13.0,-0.06822118
26.0,-0.082029186
10.0,-0.38628393
17.0,0.09748763
13.0,-0.02181065
10.0,-0.8034835
17.0,-0.0814127
22.0,-0.09320865
30.0,-0.098801754
32.0,0.24581899
19.0,-0.09240832
19.0,-0.083741
17.0,0.011985959
9.0,-0.61798143
19.0,-0.17512639
13.0,-0.17400952
17.0,-0.11503522
34.0,0.2483595
20.0,-0.17090696
27.0,0.00901285
17.0,0.20512958
19.0,-0.04976078
20.0,-0.12246901
17.0,-0.14570926
28.0,-0.04343281
12.0,-0.118147396
17.0,0.10057272
27.0,0.062852785
69.0,0.33993667
14.0,-0.14460048
22.0,-0.14272487
12.0,-0.05676166
12.0,-0.029612914
18.0,0.009960143
12.0,0.025124462
7.0,-0.375779
13.0,-0.054088514
10.0,-0.39733833
13.0,-0.08290063
22.0,-0.13165927
17.0,0.0912311
18.0,0.300149
17.0,-0.13647555
11.0,-0.62715465
12.0,-0.16214055
92.0,0.72054195
22.0,-0.019066274
13.0,-0.19693874
22.0,-0.15218903
28.0,-0.042985212
21.0,-0.12884304
13.0,-0.24171725
7.0,-0.53305393
21.0,-0.105768934
18.0,0.29636157
17.0,-0.051830187
6.0,-0.5374199
26.0,-0.106217355
22.0,-0.12463414
8.0,-0.088036336
26.0,-0.13998373
19.0,-0.11145462
32.0,-0.020653918
17.0,0.13503729
17.0,0.22255026
12.0,-0.2983914
17.0,0.0784087
20.0,-0.12683366
13.0,-0.24442676
35.0,0.16284865
26.0,-0.27208713
12.0,-0.07984237
10.0,-0.5635089
38.0,0.2830929
13.0,-0.18629165
25.0,-0.14445794
23.0,-0.095984936
28.0,-0.16751054
5.0,0.2050326
10.0,-0.19483419
28.0,0.018442355
12.0,-0.21780199
17.0,0.21071139
29.0,0.0024676658
9.0,-0.8091584
14.0,-0.2729411
8.0,-0.7736416
20.0,-0.13968837
11.0,-0.10250817
20.0,-0.11192753
91.0,0.30421284
22.0,-0.08434968
8.0,-0.2309985
26.0,-0.1809103
14.0,-0.22629954
37.0,0.15612692
10.0,-0.47362626
12.0,-0.15007102
27.0,0.14975917
12.0,-0.24684712
22.0,-0.045611847
23.0,-0.22534227
20.0,-0.11234776
13.0,-0.206833
31.0,-0.07682027
22.0,-0.09735524
17.0,-0.030262876
20.0,-0.137348
23.0,-0.13934964
13.0,-0.086002626
22.0,-0.051686008
18.0,0.0027262075
12.0,-0.13604112
7.0,-0.313761
12.0,-0.14009477
20.0,-0.13944735
26.0,-0.13822345
12.0,-0.032485336
3.0,0.20592043
13.0,0.0077250833
12.0,-0.05530604
27.0,0.18878338
17.0,0.03546085
13.0,-0.13151816
82.0,0.423193
13.0,-0.046781037
17.0,0.013809154
11.0,-0.53806895
23.0,-0.08182221
12.0,-0.12038375
22.0,-0.102371074
17.0,0.014248759
16.0,-0.07130345
36.0,0.29415336
13.0,-0.048401773
19.0,-0.11416747
29.0,0.10512722
16.0,-0.067890525
22.0,-0.03651248
26.0,-0.1805631
32.0,0.2762058
26.0,-0.10453655
22.0,-0.048277818
20.0,-0.16966125
22.0,-0.00104016
35.0,0.24123144
22.0,-0.04702609
23.0,-0.15941153
22.0,-0.0031791506
26.0,-0.19401872
9.0,-0.85466564
15.0,-0.016741665
28.0,0.07058209
27.0,0.039074298
17.0,-0.01891401
7.0,-0.61725444
17.0,0.13673076
17.0,-0.064816736
17.0,0.13474675
14.0,-0.13869824
18.0,0.100707486
27.0,-0.1202293
23.0,-0.071862355
12.0,-0.27966896
27.0,-0.1579323
12.0,-0.067192234
26.0,-0.10711574
27.0,-0.019495282
13.0,-0.25128722
28.0,0.1518648
17.0,-0.1046313
17.0,-0.09625999
16.0,-0.09229404
17.0,-0.08599787
13.0,-0.18768494
33.0,0.2276088
19.0,-0.1494494
22.0,-0.0011272201
22.0,-0.019487567
22.0,-0.09504809
7.0,-0.19179794
12.0,-0.13112366
69.0,0.2296674
32.0,0.11228406
16.0,0.00077124697
14.0,-0.06934787
16.0,-0.06732831
16.0,-0.06094023
10.0,-0.54932964
17.0,-0.20943023
12.0,0.038622323
37.0,0.051738102
15.0,0.01518725
22.0,-0.015202759
22.0,-0.02266777
14.0,-0.21216248
37.0,0.06109023
13.0,-0.19126752
7.0,-0.87473744
17.0,-0.13936439
34.0,0.17279336
17.0,-0.04799155
29.0,0.05914842
17.0,0.07961877
26.0,0.04875086
22.0,-0.1351592
37.0,-0.045212585
9.0,-0.3376181
12.0,0.025124462
13.0,-0.12666802
22.0,-0.18956569
12.0,-0.06945706
17.0,0.029492524
28.0,-0.099367455
40.0,0.35775965
21.0,-0.13838293
21.0,-0.04827562
22.0,-0.02904048
14.0,-0.1407304
22.0,-0.002541175
21.0,-0.06797333
28.0,-0.09837084
21.0,-0.10319946
82.0,0.12679413
23.0,-0.07980463
8.0,-0.077005304
17.0,0.13793272
10.0,-0.44986027
9.0,-0.4563429
17.0,0.08438007
27.0,0.019751871
7.0,-0.5524875
12.0,-0.052785333
3.0,0.2551681
17.0,-0.11324569
33.0,0.29167122
22.0,-0.10288572
13.0,-0.2417529
13.0,-0.17220259
14.0,-0.12667024
13.0,-0.13734272
24.0,-0.08921167
17.0,0.07059931
21.0,-0.089554906
22.0,-0.13323453
18.0,0.11653786
22.0,-0.1206446
62.0,0.101084344
14.0,-0.0728567
10.0,-0.44313315
32.0,0.028403567
17.0,-0.050534777
12.0,-0.14044578
13.0,-0.11482152
7.0,-0.49544173
31.0,0.00571687
27.0,0.12870497
17.0,-0.050082203
14.0,-0.19166476
12.0,0.10377374
64.0,0.30165207
18.0,0.14364734
18.0,0.23467137
17.0,-0.18784454
22.0,-0.08168419
17.0,0.17380938
20.0,-0.17130668
40.0,0.14473058
29.0,0.026707953
7.0,-0.19525708
20.0,-0.14839618
17.0,0.05822274
10.0,-0.8484968
16.0,0.1648404
17.0,0.11068862
18.0,0.080111735
24.0,-0.13648975
12.0,-0.13654359
22.0,-0.0008760397
32.0,0.18368897
17.0,0.07304068
16.0,-0.06710338
12.0,-0.046227638
12.0,-0.054941382
17.0,-0.14008123
27.0,0.045159053
13.0,-0.16989969
18.0,0.25780192
28.0,0.013119211
18.0,0.2121752
38.0,0.19228488
8.0,-0.7297212
17.0,-0.227019
16.0,-0.00965609
17.0,-0.006016648
7.0,-0.9148175
7.0,-0.25256723
16.0,-0.25139058
29.0,0.056966938
12.0,-0.084332645
22.0,-0.099229574
27.0,0.12868509
17.0,-0.0026793564
12.0,-0.14537403
42.0,0.39941326
5.0,-0.5278936
13.0,-0.041139863
18.0,0.17652218
13.0,-0.27308273
23.0,-0.12782797
24.0,-0.08493931
13.0,-0.10948397
33.0,0.035658292
27.0,-0.083732225
15.0,-0.13111947
27.0,-0.043752003
24.0,-0.13998145
13.0,-0.11733851
22.0,-0.25112888
27.0,-0.13929793
17.0,0.083646774
22.0,-0.1520809
8.0,-0.5981243
16.0,0.03738715
10.0,-0.72339755
15.0,-0.18645784
32.0,-0.11023171
17.0,-0.023449551
12.0,-0.104879275
13.0,-0.1748517
7.0,-0.41490906
12.0,0.0009094251
10.0,-0.49092966
34.0,0.13824604
12.0,-0.18271221
17.0,0.0713586
22.0,0.026780952
34.0,0.11221814
29.0,-0.007425057
66.0,0.12308531
17.0,-0.10915826
7.0,-0.41613358
17.0,0.084828846
24.0,-0.09095139
35.0,0.117596336
29.0,-0.028001828
5.0,-0.38359645
8.0,-0.28446314
36.0,0.14896522
27.0,0.02133849
13.0,-0.11259949
15.0,-0.14397177
13.0,-0.19645831
16.0,-0.057610646
25.0,-0.1889991
22.0,-0.15638229
17.0,0.04585161
47.0,0.14413922
15.0,-0.15500316
20.0,-0.07558192
12.0,-0.077453844
12.0,-0.040696662
19.0,-0.14441161
17.0,0.06360234
7.0,-0.3693789
22.0,0.0373623
17.0,-0.07087939
7.0,-0.6161478
17.0,-0.022774387
19.0,-0.16831212
24.0,-0.102813415
5.0,-0.5567339
25.0,-0.1293545
17.0,-0.15152091
17.0,0.05045394
12.0,-0.032686178
12.0,-0.06869058
17.0,-0.13848571
13.0,-0.32469124
27.0,-0.11609759
22.0,-0.0944031
13.0,-0.25410664
17.0,-0.22769946
15.0,-0.053077992
17.0,0.034065496
35.0,0.2703709
36.0,0.057140734
17.0,-0.05085323
27.0,0.08551706
16.0,-0.12887867
17.0,0.030013945
23.0,-0.09037077
22.0,-0.23284298
37.0,0.070202306
16.0,-0.06408461
7.0,-0.4613773
16.0,0.07177951
7.0,-0.3479547
16.0,-0.03265354
17.0,0.05721427
49.0,0.18033919
16.0,-0.22476868
47.0,0.1503181
13.0,-0.1646538
22.0,-0.045204524
39.0,-0.015996873
17.0,-0.108880706
38.0,0.3505053
17.0,0.0528296
12.0,-0.12107943
20.0,-0.10415571
22.0,-0.011927026
17.0,-0.14306593
22.0,-0.09170835
13.0,-0.12567954
36.0,0.2719543
22.0,-0.115882866
17.0,-0.03145755
12.0,-0.027337411
27.0,0.024091458
37.0,0.120698236
36.0,0.15303767
20.0,-0.07078162
22.0,-0.09021914
17.0,-0.09342589
12.0,-0.090630695
39.0,0.08753375
42.0,-0.06308971
26.0,-0.11643675
12.0,-0.06751702
22.0,-0.021495784
13.0,-0.10441162
13.0,-0.10856674
22.0,-0.18380715
22.0,-0.10048124
13.0,-0.24928053
12.0,0.0009133299
69.0,0.40333283
23.0,-0.20974009
36.0,0.22043222
28.0,-0.15625763
23.0,-0.19010012
16.0,0.10943316
22.0,-0.12135879
31.0,0.123064145
27.0,0.11674091
22.0,-0.09694565
12.0,-0.1440027
63.0,-0.16023229
17.0,-0.029195925
7.0,-0.5497549
17.0,-0.19115798
7.0,-0.38643855
22.0,-0.18963647
17.0,-0.084701724
6.0,0.13176748
22.0,-0.08252879
14.0,-0.070058316
22.0,-0.104596116
15.0,-0.1340198
30.0,-0.060487363
25.0,-0.20795542
22.0,-0.1954198
13.0,-0.13758785
18.0,0.22214311
12.0,0.08357776
20.0,-0.08006151
64.0,-0.05798978
17.0,-0.034064285
17.0,0.023196504
12.0,0.06585094
22.0,-0.12116344
11.0,-0.6760218
9.0,-0.8128378
97.0,0.8230428
22.0,-0.037733506
22.0,-0.020453973
17.0,0.080107525
35.0,0.10259587
22.0,-0.20786926
17.0,-0.15493257
17.0,0.12075718
11.0,-0.4011135
35.0,0.09938356
13.0,-0.084155194
22.0,-0.16140905
13.0,-0.1359661
17.0,0.059887975
24.0,-0.16110297
17.0,-0.16397874
24.0,-0.059237104
19.0,-0.2133792
22.0,-0.059246086
9.0,-0.57416075
12.0,-0.13822773
34.0,0.24082226
22.0,-0.017809533
32.0,0.1195236
9.0,-0.68255275
16.0,-0.11619076
14.0,-0.16085632
22.0,-0.05185862
41.0,0.28980452
17.0,0.09437079
32.0,-0.08638723
28.0,-0.055159256
27.0,-0.054444727
12.0,-0.23679258
12.0,-0.030969791
22.0,-0.2128678
17.0,0.0050453274
18.0,0.085283294
12.0,-0.18374878
27.0,-0.000909809
27.0,0.06801919
32.0,0.06273304
22.0,-0.18963647
13.0,-0.10459373
15.0,-0.24343945
21.0,-0.13121389
37.0,0.09461869
7.0,-0.6095844
27.0,0.03163267
27.0,0.105433434
12.0,-0.16511755
11.0,-0.35888276
29.0,0.030114003
6.0,0.67932266
28.0,-0.027848493
12.0,-0.15617663
17.0,0.12768997
13.0,-0.19722871
16.0,-0.2065357
22.0,-0.10712974
13.0,-0.09031226
17.0,0.19038957
7.0,-0.32615578
19.0,-0.06353105
22.0,-0.044762604
16.0,0.07400039
12.0,0.0048389775
14.0,-0.25511798
13.0,-0.19849011
32.0,0.24208225
22.0,-0.11388746
13.0,-0.27799243
13.0,-0.12176572
26.0,-0.2084652
17.0,0.019249823
15.0,-0.20939004
19.0,-0.17073919
24.0,-0.07473778
9.0,-0.6102249
32.0,0.38170242
26.0,-0.0969925
7.0,-0.48054546
18.0,0.21146809
13.0,-0.096355855
17.0,-0.10938959
27.0,0.04969692
10.0,-0.514452
19.0,-0.17492914
16.0,-0.08438638
16.0,0.026561154
98.0,0.72847706
12.0,0.11036868
22.0,-0.07174568
22.0,-0.050150607
16.0,-0.036835045
35.0,0.20537964
22.0,-0.18165688
17.0,0.15472388
22.0,-0.117409185
16.0,-0.13477972
25.0,-0.12632573
37.0,-0.03607393
41.0,0.38758057
23.0,-0.16669652
44.0,-0.04984892
29.0,-0.23726432
22.0,-0.14086337
18.0,0.31810483
15.0,-0.17482717
25.0,-0.15871073
16.0,0.046561085
27.0,-0.012150006
22.0,-0.105900206
27.0,0.14673945
27.0,-0.08944627
18.0,0.2704881
28.0,-0.06767959
7.0,-0.4107888
10.0,-0.58742994
13.0,-0.07132982
27.0,0.06836554
17.0,0.037521634
70.0,0.47506765
14.0,-0.106883496
19.0,-0.17658281
17.0,-0.04789061
4.0,0.06103711
28.0,-0.11482863
13.0,-0.27883786
13.0,-0.05753543
30.0,-0.17393123
7.0,-0.74374586
14.0,-0.29067418
22.0,-0.025363572
22.0,-0.016192423
28.0,-0.15244989
12.0,-0.06573979
22.0,-0.08096429
14.0,-0.05014832
22.0,-0.1501595
17.0,-0.096471325
24.0,-0.1867171
14.0,-0.16122575
17.0,0.00031641126
22.0,-0.07025077
18.0,0.084129766
22.0,-0.12476224
22.0,-0.01181769
34.0,0.030947627
10.0,-0.5031763
5.0,0.3475389
76.0,0.25396916
13.0,-0.27775714
13.0,-0.22129992
27.0,-0.095291145
31.0,-0.007100988
12.0,0.0016128523
32.0,-0.0075611896
12.0,-0.01659788
14.0,-0.10122982
23.0,-0.17771503
20.0,-0.1980072
22.0,-0.1595057
18.0,0.038230103
24.0,-0.003103295
12.0,-0.16418518
12.0,-0.09221748
17.0,0.009938267
36.0,-0.043307897
42.0,0.047079068
7.0,-0.3104159
18.0,0.08703756
24.0,-0.08577381
27.0,-0.024583807
17.0,-0.17556699
17.0,-0.2010607
16.0,-0.12868802
13.0,-0.23834783
14.0,-0.09130498
13.0,-0.23533517
12.0,-0.28887665
7.0,-0.35280785
92.0,0.6277611
17.0,0.056752604
32.0,0.25589246
24.0,-0.06676181
32.0,0.23378758
34.0,-0.012683853
17.0,0.1035627
7.0,-0.16512065
17.0,0.018534511
25.0,-0.11983539
17.0,-0.09393112
7.0,-0.45235538
17.0,0.0020885612
16.0,0.084434345
12.0,-0.09579012
26.0,-0.20366713
42.0,0.021146597
23.0,-0.24223498
22.0,-0.15421236
29.0,0.13713804
18.0,0.38814202
20.0,-0.009651319
17.0,-0.038291153
64.0,0.15678169
19.0,-0.07553756
17.0,-0.062856816
22.0,-0.11824271
23.0,-0.17552218
27.0,0.07341944
20.0,-0.11686924
22.0,-0.12731555
92.0,0.7329386
12.0,0.027681716
22.0,-0.11123999
22.0,-0.13058583
13.0,-0.16259639
13.0,-0.40524626
12.0,-0.0730158
13.0,-0.17272717
3.0,0.22251558
17.0,-0.045017395
26.0,-0.19104882
22.0,0.0028585559
23.0,-0.10111612
12.0,-0.06870249
13.0,-0.27779713
32.0,0.09644889
17.0,-0.11512744
22.0,-0.15240629
18.0,0.27974582
22.0,-0.09648615
9.0,-0.38020873
42.0,0.22096872
64.0,-0.10602713
17.0,0.0922857
13.0,-0.14416522
30.0,-0.025346287
17.0,-0.020144168
21.0,-0.012269383
23.0,-0.11889985
26.0,-0.15568951
12.0,-0.17525026
13.0,-0.096840285
13.0,-0.23805253
7.0,-0.6086118
19.0,-0.1593357
32.0,0.08029044
9.0,-0.27876753
18.0,0.1452538
17.0,0.040566307
13.0,-0.107977405
16.0,-0.23891495
13.0,-0.16888052
14.0,-0.19389269
14.0,-0.19254684
27.0,-0.058421344
32.0,-0.020817462
35.0,0.21937308
17.0,0.08695254
21.0,-0.13291156
14.0,-0.20702013
16.0,0.059653193
18.0,0.0055151074
22.0,-0.20690191
16.0,-0.07639069
19.0,-0.15259647
33.0,-0.019794395
22.0,-0.11659473
22.0,-0.096638404
10.0,-0.42141294
17.0,-0.063581534
14.0,-0.13060726
35.0,0.16972578
19.0,-0.094123654
19.0,-0.26496845
95.0,1.0256906
14.0,-0.16469383
31.0,0.1167432
22.0,-0.027952624
25.0,-0.17268834
22.0,-0.012368903
32.0,0.26584214
17.0,-0.12244088
12.0,-0.15858991
29.0,0.018450325
17.0,0.033231966
39.0,-0.011791904
7.0,-0.5649158
22.0,-0.0130930785
22.0,-0.08078489
12.0,-0.22621024
27.0,0.019048482
18.0,-0.01799262
26.0,-0.18729058
18.0,0.37640682
16.0,-0.060190786
17.0,-0.10643229
22.0,-0.22934908
28.0,-0.058708534
42.0,0.118632086
13.0,-0.11949586
27.0,-0.09629325
14.0,-0.04579996
11.0,-0.5069822
17.0,0.13068123
16.0,-0.036835045
26.0,-0.16226935
34.0,0.23740482
14.0,-0.27832517
15.0,-0.17431024
24.0,-0.15523799
66.0,0.36587688
12.0,-0.36858732
13.0,-0.18619289
22.0,-0.17303716
32.0,0.22839184
12.0,-0.08673981
94.0,0.55031914
16.0,-0.09512665
12.0,-0.025837248
17.0,0.035249207
22.0,-0.10327466
19.0,-0.1891579
16.0,-0.06891528
22.0,-0.07084687
16.0,-0.12859192
27.0,-0.0490999
53.0,0.15901871
38.0,0.5150441
16.0,-0.0824484
17.0,-0.1785833
12.0,-0.27040544
11.0,-0.31889257
17.0,-0.23611471
42.0,0.24079016
28.0,-0.03876462
22.0,-0.17175695
20.0,-0.14618397
33.0,0.17530802
12.0,-0.05917769
7.0,-0.6294169
68.0,0.43920243
29.0,-0.0744612
23.0,-0.017225409
17.0,-0.12606229
12.0,-0.113876924
14.0,-0.15641567
7.0,-0.04568352
7.0,-0.49001035
24.0,-0.104771346
82.0,0.24449474
32.0,0.09937667
40.0,0.1624037
24.0,-0.07830942
27.0,-0.019908328
13.0,0.006096094
26.0,-0.19918154
36.0,0.25108212
32.0,0.09084754
22.0,-0.13391295
18.0,0.28137943
32.0,0.10145861
27.0,-0.020489242
42.0,0.36928746
17.0,-0.06922776
17.0,-0.07969474
17.0,0.038101427
37.0,-0.047229264
32.0,0.056691352
12.0,0.067423195
17.0,-0.015348533
32.0,0.0013562252
35.0,0.2979862
72.0,0.38422993
42.0,0.19637355
7.0,-0.60458046
22.0,-0.13932899
22.0,-0.059088044
11.0,-0.3660905
17.0,0.069271594
17.0,0.10355723
8.0,-0.22455662
22.0,-0.10329329
9.0,-0.43115032
16.0,0.110455744
12.0,-0.12176774
9.0,-0.6414334
21.0,-0.10285236
7.0,-0.93585825
23.0,-0.18571945
7.0,-0.5045147
18.0,0.13826732
12.0,0.09250782
16.0,0.0971687
22.0,-0.1345405
17.0,0.05678759
32.0,0.101628095
7.0,-0.3143838
12.0,-0.25007272
24.0,-0.13144425
12.0,0.09375575
16.0,0.15395893
2.0,0.025796242
12.0,-0.033133768
20.0,-0.09846494
32.0,0.092361405
12.0,-0.058859713
25.0,-0.08580994
4.0,-0.0786071
39.0,0.15926132
7.0,-0.63130844
28.0,-0.02868107
8.0,-0.32961428
17.0,-0.10426908
18.0,0.2685672
22.0,-0.11145469
28.0,-0.011710967
17.0,0.04507049
22.0,-0.11922877
75.0,0.4832144
13.0,-0.117959544
33.0,0.17816295
42.0,0.18099481
13.0,-0.21915524
33.0,0.08429414
12.0,0.009649733
22.0,0.043628544
19.0,-0.15285599
22.0,-0.06762994
21.0,-0.12519297
12.0,-0.12176774
12.0,-0.024745135
13.0,-0.121422075
32.0,0.14808926
15.0,-0.10863644
13.0,-0.07929966
17.0,0.12977651
22.0,-0.059701823
33.0,-0.015125844
22.0,-0.0955452
12.0,0.032834098
19.0,-0.20737481
25.0,-0.17705044
84.0,0.40449935
14.0,-0.12186297
13.0,-0.034077235
17.0,0.113903664
32.0,0.08047454
7.0,-0.2541306
32.0,0.26800874
22.0,0.005792014
12.0,-0.20220964
3.0,0.5145189
22.0,0.0056240037
22.0,-0.054808438
22.0,-0.09897164
17.0,-0.22049412
18.0,0.0752076
15.0,-0.044926837
17.0,-0.15605627
14.0,-0.089214444
14.0,-0.16090612
17.0,-0.06855387
27.0,0.115513094
13.0,-0.4078246
32.0,0.08451168
22.0,-0.14496338
16.0,0.10229994
15.0,-0.14244737
25.0,-0.092130184
22.0,-0.11494769
17.0,-0.14924408
35.0,0.07425751
13.0,-0.33334893
24.0,-0.14818296
17.0,0.093526594
85.0,0.32025105
18.0,0.19908653
16.0,-0.118406884
23.0,-0.07495645
16.0,-0.17064455
17.0,-0.019879963
17.0,0.10280817
19.0,-0.07427799
14.0,-0.13678212
22.0,-0.07847575
23.0,-0.14217032
15.0,-0.18115318
13.0,-0.21520185
19.0,-0.15191448
26.0,-0.12555595
13.0,-0.10725525
17.0,-0.06974151
41.0,0.13800249
17.0,-0.12023785
14.0,-0.27153152
31.0,0.008520044
18.0,0.009911441
36.0,0.21462679
17.0,-0.1482175
7.0,-0.23513423
14.0,-0.12604162
34.0,0.07710686
13.0,-0.18019933
17.0,0.09755008
17.0,0.08494283
16.0,-0.08841543
16.0,-0.20439231
13.0,-0.23756528
22.0,-0.0706756
37.0,0.13936397
29.0,-0.05678006
17.0,-0.11723266
12.0,-0.29060516
22.0,-0.10778458
14.0,-0.35620195
14.0,-0.1618555
12.0,0.03982189
13.0,-0.04623691
13.0,-0.46749127
32.0,0.16688322
17.0,-0.08219103
26.0,-0.07041455
24.0,-0.1565629
18.0,0.13497427
28.0,0.13037953
17.0,0.16859497
35.0,0.1382564
3.0,-0.5793678
22.0,0.011315063
24.0,-0.045408882
32.0,0.064138286
17.0,0.12780544
22.0,-0.057468615
12.0,-0.12913738
12.0,-0.10626237
13.0,-0.07242067
22.0,-0.04408838
12.0,-0.19468081
13.0,-0.08306892
16.0,-0.053223092
16.0,0.08985305
22.0,-0.032678578
13.0,-0.11846557
12.0,0.037271753
35.0,0.056748636
9.0,-0.39879864
22.0,-0.013841673
29.0,0.034755155
17.0,-0.019512184
13.0,-0.22471432
5.0,0.18777747
32.0,0.06893316
53.0,-0.09093187
28.0,-0.16075872
17.0,-0.034681503
17.0,0.008534404
29.0,0.0244232
26.0,-0.16435309
33.0,0.24271184
24.0,-0.06595304
7.0,-0.591769
17.0,0.09628236
13.0,-0.11144741
11.0,-0.6313925
7.0,-0.66436
7.0,-0.32682735
22.0,-0.12548646
22.0,-0.15317152
10.0,-0.5458237
28.0,-0.025968472
22.0,-0.19387524
32.0,0.25136527
3.0,-0.16648035
13.0,-0.22276932
26.0,-0.17832446
17.0,-0.094095305
22.0,-0.010531228
34.0,0.27214646
22.0,-0.05624848
29.0,0.0048684487
32.0,0.008848957
16.0,0.0031310963
17.0,-0.12901174
20.0,-0.17073421
22.0,-0.07753498
16.0,-0.007843932
14.0,-0.24245293
12.0,-0.1391544
22.0,-0.14504425
17.0,0.06782508
22.0,-0.14455724
32.0,-0.00804658
66.0,0.03975479
28.0,-0.043409668
22.0,-0.06193719
13.0,-0.08301078
13.0,-0.099544436
39.0,0.32752565
17.0,0.1454418
22.0,0.00791924
8.0,-0.73349947
22.0,-0.15600963
12.0,-0.28569704
18.0,0.2366832
18.0,0.33022273
12.0,-0.036999844
22.0,-0.16954859
13.0,-0.06902538
40.0,0.01723083
22.0,-0.15874344
22.0,-0.008970772
17.0,-0.102335796
17.0,-0.029903991
22.0,-0.13740389
17.0,-0.004510411
15.0,-0.1038543
11.0,-0.39908597
13.0,-0.11833115
27.0,0.23778924
35.0,0.23323035
21.0,-0.17407411
13.0,-0.17857501
26.0,-0.0070181917
22.0,0.00680819
12.0,-0.09155567
64.0,-0.12611893
17.0,0.096538864
91.0,0.47701326
20.0,-0.11983574
18.0,0.18472797
22.0,-0.10450019
7.0,-0.26760828
27.0,0.20437495
27.0,-0.05741155
20.0,-0.09285077
17.0,0.027595904
22.0,-0.08995944
12.0,-0.08948824
13.0,-0.19387618
18.0,0.23092985
3.0,-0.25677592
17.0,-0.022826202
16.0,-0.008882668
11.0,-0.3714325
23.0,-0.13960083
17.0,-0.03741967
19.0,-0.24031147
22.0,-0.21306735
19.0,-0.06508213
15.0,-0.116954505
14.0,-0.2887698
8.0,-0.5378701
16.0,-0.05154869
7.0,-0.68472093
7.0,-0.59618056
17.0,0.07702312
22.0,-0.033267442
45.0,0.31801194
22.0,-0.083333574
68.0,0.082463555
32.0,-0.041894462
13.0,-0.08900687
29.0,-0.04077056
17.0,0.028801378
4.0,0.19580148
26.0,-0.18127394
19.0,-0.21063441
15.0,-0.33066982
68.0,0.37387338
22.0,-0.22671638
9.0,-0.2379071
7.0,-0.9094788
39.0,0.2979864
12.0,-0.17610583
32.0,0.11703627
27.0,-0.034845874
12.0,0.07560201
16.0,0.030423386
11.0,-0.24717273
6.0,-0.4460293
70.0,0.20207378
21.0,-0.064269915
11.0,-0.35022777
37.0,0.3618563
7.0,-0.4598827
68.0,0.6177254
21.0,-0.15487237
16.0,0.044756413
29.0,-0.036842614
12.0,-0.28095177
15.0,-0.0897131
16.0,0.07299985
22.0,-0.016278692
17.0,0.09536695
13.0,-0.07363654
9.0,-0.6078682
17.0,0.10190293
21.0,-0.14493707
68.0,0.4480663
27.0,0.017611077
29.0,0.02610318
32.0,0.105055496
35.0,0.115620576
32.0,0.083563656
18.0,0.15270881
26.0,-0.15277094
13.0,-0.23823562
20.0,-0.14050557
27.0,0.03369015
17.0,-0.11171518
7.0,-0.6181253
22.0,-0.18417527
7.0,-0.7542162
33.0,-0.02888497
22.0,-0.08933273
17.0,-0.05919391
22.0,-0.11492177
12.0,-0.058778554
17.0,-0.03357727
17.0,-0.10603424
26.0,-0.110307686
30.0,0.022217372
85.0,0.38202015
17.0,-0.082044475
44.0,0.26834595
14.0,-0.12331615
11.0,-0.046995178
22.0,-0.048368707
28.0,0.10734383
16.0,0.012653665
47.0,0.36216706
7.0,0.0023336909
22.0,0.043657027
28.0,-0.054771032
18.0,0.0014005771
19.0,-0.16346934
22.0,-0.045859266
90.0,0.45373237
18.0,0.28842345
13.0,-0.21099521
13.0,-0.109374106
17.0,0.109599665
13.0,-0.16809961
17.0,0.07819557
16.0,0.10155673
23.0,-0.08605333
28.0,-0.18891796
7.0,-0.44046593
47.0,-0.04816235
28.0,-0.03419107
33.0,0.19262767
96.0,0.58934534
25.0,-0.0707323
20.0,-0.12297013
92.0,0.37634557
34.0,0.21453159
9.0,-0.535032
7.0,-0.609152
34.0,-0.07337993
64.0,0.21799755
27.0,0.12303696
94.0,0.67441803
22.0,-0.050909597
27.0,0.20493107
18.0,0.046793576
11.0,-0.41912025
17.0,0.10636961
16.0,-0.1331787
20.0,-0.12550724
14.0,-0.24737473
17.0,0.19637232
34.0,0.102299646
32.0,0.21141498
12.0,-0.13159613
20.0,-0.07427999
46.0,-0.028550582
12.0,-0.17778543
18.0,0.15317775
32.0,0.22819069
35.0,0.040932063
27.0,0.041200507
32.0,0.07067679
16.0,-0.12063938
18.0,-0.015742082
13.0,-0.22354685
32.0,0.022303412
22.0,-0.09123907
12.0,-0.058238216
22.0,0.007564177
22.0,-0.085451365
12.0,-0.15753117
17.0,-0.07116386
8.0,-0.14583524
17.0,-0.056930076
19.0,-0.065052934
25.0,-0.14754662
16.0,-0.14513388
27.0,0.14994295
12.0,-0.14780049
19.0,-0.06867206
22.0,0.055135157
27.0,0.14725552
21.0,-0.028272927
31.0,-0.047441207
22.0,-0.019613821
17.0,0.02682793
11.0,-0.36241296
19.0,-0.19283623
22.0,-0.04385752
17.0,0.05927891
13.0,-0.07144105
24.0,-0.23111665
24.0,-0.13521782
6.0,-0.4733341
26.0,-0.0739253
22.0,-0.074287735
12.0,-0.08699619
28.0,-0.016496936
17.0,-0.015245393
22.0,-0.16690342
27.0,0.13118441
32.0,0.2627263
17.0,0.12248066
10.0,-0.4212663
10.0,-0.53390336
29.0,-0.103843756
37.0,-0.04017233
14.0,-0.30888584
22.0,-0.16109093
15.0,-0.101437144
32.0,-0.008516986
25.0,-0.10411685
64.0,-0.065866746
12.0,-0.16334657
42.0,0.026935013
36.0,-0.015488589
25.0,-0.13143271
18.0,0.16570996
13.0,-0.34700796
4.0,-0.02924944
22.0,-0.04553509
12.0,-0.10082268
15.0,-0.05184408
13.0,-0.2524972
16.0,-0.0523624
22.0,-0.062236764
22.0,-0.020234413
18.0,0.038762685
10.0,-0.42682812
24.0,-0.07146975
13.0,-0.18684761
17.0,0.034905877
22.0,0.03483627
13.0,-0.2544063
13.0,-0.22112773
27.0,0.22973654
18.0,0.013951962
27.0,-0.05577087
30.0,0.08090969
17.0,0.06089572
13.0,-0.1191192
13.0,-0.17480369
28.0,-0.02072599
35.0,0.1423006
22.0,-0.1952927
16.0,-0.09568809
32.0,0.0329208
70.0,0.23567195
22.0,-0.08408382
14.0,-0.13911884
13.0,-0.16809961
17.0,-0.0050195865
17.0,-0.0204125
22.0,-0.07845835
8.0,-0.3503446
14.0,-0.18181388
25.0,-0.14556545
41.0,0.016403122
14.0,-0.2857995
9.0,-0.38960752
18.0,0.11653786
15.0,-0.109890446
13.0,-0.05938133
13.0,-0.17009263
31.0,-0.08217951
16.0,0.017023908
27.0,-0.16529858
10.0,-0.36436114
22.0,-0.100222304
17.0,0.0762482
19.0,-0.20375562
31.0,0.046192247
16.0,-0.14951059
22.0,-0.037498526
17.0,0.052255932
12.0,-0.1282902
22.0,-0.14929768
15.0,-0.102974385
22.0,-0.13027343
12.0,-0.08746553
13.0,-0.05837551
25.0,-0.15723905
22.0,-0.119011916
21.0,-0.19963107
13.0,-0.25817433
17.0,-0.12725842
26.0,-0.08028942
26.0,-0.12488252
6.0,0.058810506
22.0,-0.07908594
18.0,0.36292785
7.0,-0.4260217
32.0,0.28232628
22.0,-0.13477223
7.0,-0.17398101
13.0,-0.056222327
29.0,0.032709226
18.0,0.13161744
10.0,-0.3767507
19.0,-0.2031097
11.0,-0.42918944
32.0,0.08245354
19.0,-0.15216534
24.0,-0.16415922
22.0,-0.15603922
27.0,-0.025100632
17.0,0.17288904
14.0,-0.13581157
30.0,0.07144291
18.0,0.15087052
17.0,-0.08593445
25.0,-0.11189681
16.0,-0.097179934
22.0,-0.041318335
22.0,-0.052073266
24.0,-0.10887211
22.0,-0.109879084
16.0,-0.09059325
13.0,-0.28774694
13.0,-0.21831773
18.0,0.036224715
20.0,-0.042785943
16.0,-0.13094571
32.0,0.052622244
29.0,-0.008760892
14.0,-0.17617503
70.0,0.3685905
28.0,-0.09102671
22.0,-0.034234155
19.0,-0.14903869
16.0,-0.18388455
13.0,-0.08284259
17.0,0.11722684
32.0,0.07627894
13.0,-0.13938937
32.0,0.17104286
76.0,0.38381195
92.0,0.39398414
22.0,-0.028673768
45.0,0.7174713
35.0,0.14609568
17.0,0.09854218
3.0,-0.5947387
38.0,0.04622367
12.0,-0.24875237
15.0,-0.10725621
26.0,-0.23023082
20.0,-0.12506743
36.0,0.0021548923
32.0,0.15896362
22.0,-0.15781164
13.0,-0.10470837
6.0,-0.15155478
22.0,-0.121362664
16.0,-0.04645859
12.0,-0.11789419
22.0,-0.14092
35.0,0.08655374
10.0,-0.5880273
22.0,-0.16366
16.0,-0.0039730608
7.0,-0.50298834
32.0,0.31788802
13.0,0.0049315467
22.0,-0.15123981
17.0,0.02419379
19.0,-0.2396262
40.0,0.087694936
32.0,0.18367311
17.0,0.055966277
32.0,0.14405869
25.0,-0.16795278
13.0,-0.065022044
13.0,-0.22748011
32.0,0.26453406
34.0,0.13212392
14.0,-0.1929817
17.0,0.0047301413
39.0,0.2744099
13.0,-0.25999883
7.0,-0.052988544
37.0,-0.0028291335
22.0,-0.032606434
37.0,0.060825307
28.0,-0.0024894057
13.0,-0.068745434
13.0,-0.30360052
22.0,-0.11334747
7.0,-0.26163176
22.0,-0.14301747
16.0,0.014325159
14.0,-0.1293781
36.0,0.16657507
22.0,0.009103164
20.0,-0.131551
32.0,0.17609137
22.0,0.010477709
32.0,0.14440815
22.0,-0.17016365
27.0,0.063532434
19.0,-0.1146832
23.0,-0.056754097
17.0,0.11408146
13.0,-0.07708832
22.0,-0.09869507
13.0,-0.15949006
22.0,-0.0036507137
13.0,-0.16021247
17.0,-0.01045865
17.0,0.0027838484
22.0,-0.09820567
22.0,-0.18534938
29.0,-0.006136206
17.0,-0.13505465
32.0,0.13418505
22.0,-0.09481103
7.0,-0.35700133
35.0,0.25375003
68.0,0.17943569
35.0,0.25076044
28.0,-0.15918656
12.0,-0.09649032
16.0,-0.020089544
12.0,-0.1547771
17.0,-0.073205754
17.0,0.011027955
14.0,-0.07124337
17.0,-0.12148354
26.0,-0.15928724
22.0,-0.12087239
10.0,-0.5441315
25.0,-0.18112135
22.0,-0.1404722
20.0,-0.05010156
22.0,-0.21701588
44.0,0.061556816
17.0,0.2057735
32.0,0.11603437
17.0,0.09272106
10.0,-0.50843793
12.0,-0.0647903
9.0,-0.58874446
35.0,0.1138391
17.0,-0.14401823
26.0,-0.20997322
7.0,-0.43567607
23.0,-0.12845053
25.0,-0.0519085
14.0,-0.30134267
22.0,-0.18143131
16.0,0.007065382
35.0,0.32022908
13.0,-0.17809129
14.0,-0.19391085
19.0,-0.112713434
26.0,-0.14685054
23.0,-0.1580881
17.0,-0.15746425
27.0,-0.036815852
27.0,0.14490205
22.0,-0.12264675
12.0,-0.014251346
32.0,0.016476903
26.0,-0.11642242
17.0,0.15345506
22.0,-0.058365297
16.0,0.0116641
17.0,-0.09920236
17.0,0.124429286
9.0,-0.58948696
10.0,-0.46726805
27.0,0.05849023
17.0,0.08510951
22.0,-0.12388763
12.0,-0.1434681
35.0,0.0288281
42.0,0.012842689
12.0,-0.25395766
13.0,-0.14879812
31.0,0.004716879
24.0,-0.13083583
17.0,-0.16060452
11.0,-0.40614203
11.0,-0.38905856
27.0,0.010386114
24.0,-0.16272178
15.0,-0.11605275
15.0,-0.056344356
21.0,-0.17656377
22.0,-0.18685265
25.0,-0.09416275
32.0,0.21261506
17.0,-0.048027236
22.0,-0.1472756
16.0,-0.08011984
91.0,0.14923538
18.0,0.02678037
32.0,0.12375365
7.0,-0.69982505
36.0,0.3496877
12.0,-0.14083175
28.0,-0.07485676
32.0,0.09244027
13.0,-0.2789446
17.0,-0.016053021
18.0,0.06598856
18.0,0.12741812
7.0,-0.37019747
22.0,-0.060136255
16.0,-0.076855265
5.0,0.477676
12.0,-0.19370595
12.0,-0.23311958
15.0,0.027679445
46.0,0.21349235
11.0,-0.30843136
15.0,-0.09021636
17.0,-0.14242648
17.0,-0.10877645
36.0,0.16562319
28.0,-0.043144297
16.0,0.13808618
28.0,-0.012232629
8.0,-0.7830113
22.0,-0.117065385
25.0,-0.16631101
10.0,-0.59302247
17.0,-0.11118373
18.0,0.024662416
12.0,-0.12417217
26.0,-0.12573639
15.0,-0.013510591
19.0,-0.17645948
16.0,0.0029320908
7.0,-0.4775552
25.0,-0.10561375
9.0,-0.8032457
19.0,-0.216891
7.0,-0.4180377
21.0,-0.082456894
13.0,-0.21147022
17.0,0.04990322
17.0,0.07420572
16.0,-0.1349833
22.0,-0.12086749
25.0,-0.17551918
16.0,0.050711058
12.0,0.031699065
17.0,-0.12656766
16.0,-0.063755855
22.0,-0.11429541
37.0,0.22518021
17.0,-0.08197505
18.0,0.19911703
28.0,0.084434025
66.0,0.02550053
20.0,-0.04890417
18.0,0.06863659
74.0,0.29688355
22.0,-0.0484971
11.0,-0.15638433
13.0,-0.15434057
22.0,-0.12452113
12.0,-0.0092802495
17.0,-0.10528625
22.0,-0.10315823
21.0,-0.15051492
22.0,-0.065818876
14.0,-0.1773064
20.0,-0.08155005
19.0,-0.07364879
20.0,-0.079070464
10.0,-0.46265474
17.0,0.007437148
17.0,0.040157333
67.0,0.24409553
63.0,0.00066128
16.0,0.07099844
27.0,-0.019907497
14.0,-0.36110187
32.0,0.309976
17.0,-0.027125888
12.0,-0.090761155
32.0,0.100592256
22.0,-0.2075209
16.0,-0.10379039
28.0,-0.048260782
7.0,-0.5899101
25.0,-0.12526463
30.0,-0.07450129
17.0,-0.09755045
17.0,0.027047161
17.0,-0.02510801
17.0,-0.008928403
15.0,-0.018191678
17.0,-0.088292375
17.0,0.032499596
13.0,-0.0056846878
13.0,-0.128819
13.0,-0.16503263
22.0,-0.049239367
10.0,-0.56461346
17.0,-0.09886695
32.0,0.07429474
7.0,-0.6414357
32.0,0.22560701
16.0,0.040926408
17.0,0.07166628
22.0,-0.12740871
16.0,-0.16376974
12.0,0.0134284245
20.0,-0.11397864
22.0,-0.021230865
13.0,-0.22468458
19.0,-0.09240957
27.0,0.030585803
7.0,-0.121594496
32.0,0.02039151
13.0,-0.11125017
34.0,0.097623274
7.0,-0.36178905
13.0,-0.18405887
22.0,-0.10259736
35.0,0.3465003
64.0,0.31120262
7.0,-0.2439178
7.0,-0.3399234
22.0,-0.09063988
13.0,-0.10544586
4.0,-0.17566292
12.0,-0.045418907
7.0,-0.25499064
10.0,-0.10813163
43.0,0.23384081
40.0,0.103504196
12.0,-0.13638747
42.0,-0.10185008
17.0,0.10879849
7.0,-0.42996442
27.0,0.3045709
28.0,0.08362443
26.0,-0.13148853
17.0,-0.19599824
11.0,-0.6880153
22.0,-0.1057588
12.0,-0.22800872
6.0,-0.38348162
28.0,-0.031683058
32.0,0.2031251
12.0,-0.31667006
19.0,-0.27074346
14.0,-0.23157033
39.0,0.32038555
27.0,0.10654303
13.0,-0.14921361
13.0,-0.24549825
22.0,-0.17325287
17.0,-0.039501216
42.0,0.31619933
6.0,0.27733457
22.0,-0.13356908
22.0,-0.118101746
10.0,-0.5574233
22.0,-0.0027292226
22.0,-0.13667919
16.0,-0.066730045
8.0,-0.541115
12.0,-0.2122775
12.0,-0.0026434702
17.0,-0.014993031
15.0,0.04884202
12.0,-0.063814335
32.0,0.34235004
10.0,-0.37281835
22.0,-0.14986494
13.0,-0.21229535
22.0,-0.079206504
13.0,-0.15496518
13.0,-0.18095934
17.0,-0.0125767235
10.0,-0.52181464
25.0,-0.11467127
27.0,-0.010049351
14.0,-0.20192136
25.0,-0.15200911
16.0,0.047706623
22.0,-0.16118337
25.0,-0.10508086
13.0,-0.06591112
17.0,0.06251921
25.0,-0.28720987
17.0,0.08682114
86.0,0.9724092
40.0,0.27745247
22.0,-0.046192836
20.0,-0.12429054
17.0,0.09685197
17.0,-0.14928292
25.0,-0.10486379
17.0,-0.119009204
20.0,-0.12223901
17.0,0.04822586
25.0,-0.07509885
10.0,-0.56423503
26.0,-0.22623953
18.0,0.1644051
14.0,-0.36103475
32.0,0.28165236
13.0,-0.2855037
27.0,-0.08183828
26.0,-0.14117025
12.0,0.022346426
12.0,-0.19804204
16.0,0.14727345
26.0,-0.2770043
22.0,-0.023657633
27.0,-0.051549893
7.0,-0.5102355
22.0,-0.14635149
39.0,0.13262717
12.0,0.0127068
19.0,-0.15106723
26.0,-0.107320905
27.0,0.21296899
12.0,-0.120567925
16.0,-0.14774197
15.0,0.026023613
13.0,-0.08629144
17.0,-0.17150703
25.0,-0.09520603
12.0,-0.046880018
17.0,-0.07365605
9.0,-0.29628327
12.0,0.05654221
22.0,-0.09123406
14.0,-0.096960224
14.0,-0.15204164
25.0,-0.13673799
19.0,-0.23792131
19.0,-0.16953042
17.0,0.061391816
32.0,0.21866754
22.0,-0.08726899
23.0,-0.1647388
14.0,-0.22993985
7.0,-0.66053647
24.0,-0.10758709
15.0,0.023716688
36.0,0.08276916
12.0,-0.20576647
13.0,-0.24575616
12.0,-0.22338207
21.0,-0.0020381622
8.0,-0.24133484
17.0,-0.09074173
13.0,-0.027121592
45.0,0.24539629
18.0,0.2596115
16.0,0.09982928
34.0,0.18448253
13.0,-0.11385821
12.0,-0.12363191
14.0,-0.15474544
37.0,-0.020699168
18.0,0.38582042
23.0,-0.19437307
12.0,-0.2272949
17.0,-0.13764863
20.0,-0.23305145
26.0,-0.19486444
16.0,-0.14855815
35.0,0.040285006
26.0,-0.11010455
17.0,0.22570802
17.0,-0.1120557
17.0,0.004438216
17.0,-0.13831165
42.0,0.005312895
11.0,-0.48438102
12.0,-0.30490497
17.0,0.044204377
6.0,-0.09579419
7.0,-0.37873223
80.0,0.21397468
16.0,0.024206206
95.0,1.0112321
27.0,0.12066721
22.0,-0.23715499
30.0,-0.15026385
13.0,-0.17797849
28.0,-0.039052937
16.0,-0.16774595
17.0,0.09748279
40.0,0.36565632
39.0,0.12116419
86.0,0.21632265
74.0,0.3176418
16.0,-0.027725477
29.0,0.050570235
15.0,-0.15586066
27.0,0.010966687
22.0,0.023260837
29.0,-0.05129193
7.0,-0.4914563
18.0,0.072026834
17.0,0.020784698
12.0,-0.033909027
27.0,0.050351005
16.0,-0.026860109
17.0,-0.0749083
22.0,-0.09688339
24.0,-0.14077233
22.0,-0.0020922748
20.0,-0.057725277
17.0,0.004064562
32.0,0.032162312
19.0,-0.18538201
12.0,-0.16016562
33.0,0.13688426
11.0,-0.32559395
22.0,-0.042137824
17.0,-0.03141773
25.0,-0.09138408
12.0,-0.31178212
33.0,0.20071933
27.0,-0.075255625
7.0,-0.7609784
10.0,-0.45581397
12.0,-0.16109811
17.0,-0.18007198
13.0,-0.3313145
23.0,-0.22274205
17.0,0.07898496
21.0,-0.11272054
13.0,-0.25851652
17.0,-0.014516233
20.0,-0.16796713
13.0,0.02281563
22.0,-0.16644849
22.0,-0.06940596
4.0,0.27818328
22.0,0.016685644
92.0,0.75291145
87.0,0.26985344
13.0,-0.09335142
20.0,-0.144593
4.0,0.10313068
17.0,-0.077375986
32.0,0.0033281366
10.0,-0.6914434
22.0,-0.22667195
26.0,-0.10815457
10.0,-0.6466265
17.0,-0.02353412
22.0,-0.122299805
17.0,0.083229825
6.0,-0.34838936
22.0,-0.040043596
13.0,-0.076764315
33.0,0.0712667
32.0,0.59129167
17.0,-0.12875913
17.0,0.07887835
17.0,-0.08836374
19.0,-0.055403158
10.0,-0.3686741
21.0,-0.121082254
29.0,-0.07723646
13.0,-0.20649317
20.0,-0.13753772
37.0,0.034812987
27.0,0.13538092
32.0,0.0628112
26.0,-0.26018387
20.0,-0.13869774
13.0,-0.07144105
19.0,-0.16352709
22.0,-0.100457974
17.0,-0.016053021
22.0,-0.11617277
27.0,-0.014590468
20.0,-0.120389156
29.0,0.33564687
20.0,-0.21582213
18.0,0.10832426
12.0,-0.21601011
27.0,0.09119686
27.0,0.14097334
25.0,-0.14566828
17.0,0.05770556
22.0,-0.014432058
22.0,-0.036538098
19.0,-0.15701197
65.0,0.21635649
12.0,-0.29937458
17.0,-0.056446403
17.0,-0.053805318
12.0,-0.2074833
29.0,-0.108067386
17.0,0.023153426
12.0,-0.026603706
17.0,-0.051549446
36.0,0.06330013
17.0,-0.010538732
12.0,-0.021932196
17.0,-0.058861144
19.0,-0.061671175
17.0,-0.05992683
37.0,0.18299428
32.0,0.048852164
10.0,-0.6504447
22.0,-0.16235255
17.0,-0.05932249
24.0,-0.11020051
16.0,-0.045650635
17.0,-0.13433367
22.0,0.0038305009
12.0,0.09158968
12.0,-0.15980107
42.0,-0.07038036
4.0,-0.48607475
20.0,-0.04640507
23.0,-0.1374
22.0,-0.082680784
5.0,-0.53279406
22.0,-0.052559294
44.0,0.09742763
42.0,0.3235813
14.0,-0.08098396
8.0,-0.40980166
17.0,0.036044978
7.0,-0.68785584
7.0,-0.71508634
16.0,-0.038409196
14.0,-0.111603566
22.0,-0.048519593
16.0,0.04431058
21.0,-0.1000013
57.0,0.27586553
10.0,-0.52298814
13.0,-0.11208225
17.0,-0.04556519
17.0,-0.059842654
22.0,-0.042986315
12.0,-0.1661054
17.0,-0.15652293
