feature_value,shap_value
188.2998176949356,-0.30110592
187.2485477506866,0.020640759
189.7240479988971,-0.13989772
187.2485477506866,-0.0917807
278.6082817937599,0.14397413
116.188178371516,0.17801811
186.0630269224294,0.029918265
278.6082817937599,0.2621275
188.2998176949356,-0.00829716
195.451468548024,-0.22671759
187.2485477506866,0.08089857
188.2998176949356,-0.19772974
106.952771334059,0.100901365
195.451468548024,-0.14070025
109.4626129590327,0.108314306
187.2485477506866,0.23197721
107.1539686726064,-0.013700268
112.5992859239952,0.15534775
110.056913956187,0.045483932
106.4164738578715,0.0014522788
106.952771334059,0.072104104
107.5853159867198,0.07844019
106.9991289866339,-0.07804866
109.4626129590327,0.05265308
107.1539686726064,0.06677925
195.451468548024,-0.18101019
106.9552834807568,0.15656196
193.1126855299547,-0.32586196
189.7240479988971,-0.20699123
189.7240479988971,-0.10403515
186.0630269224294,0.15740176
107.5853159867198,0.18129012
187.614026870642,0.08945466
109.4626129590327,0.1773456
189.7240479988971,-0.3528865
186.0630269224294,-0.0516794
105.8683632534452,-0.18963261
106.4164738578715,-0.12735142
109.4626129590327,0.114434734
106.0727756400072,-0.009806098
188.2998176949356,-0.23886043
187.2485477506866,0.17787638
197.3488026935816,-0.12755758
186.0630269224294,0.15696321
107.5199760489703,0.039003637
187.419098055674,0.16366209
187.0125888573417,0.16162021
109.8196341639771,0.016260315
187.2485477506866,0.018295586
193.1126855299547,-0.41590634
108.419481966606,0.14302574
106.4164738578715,0.12565807
115.3254069712001,0.07839351
105.7712870257849,-0.102000356
186.0630269224294,-0.032222778
191.0414887439485,-0.2868638
277.1405325149242,-0.17006627
186.0630269224294,-0.04404872
195.451468548024,-0.12191945
188.783576376697,-0.03595907
195.451468548024,-0.10282206
191.0414887439485,-0.25607914
193.1126855299547,-0.16573986
106.952771334059,0.16556194
107.5853159867198,0.14976491
274.2758623545001,-0.26803476
195.451468548024,-0.21339104
107.1539686726064,0.080875
275.8490294326924,-0.16103376
107.9804068082134,0.027778883
195.451468548024,-0.1279087
105.6399328150921,-0.1749177
278.6082817937599,0.15815984
196.9700178190189,-0.18449527
191.0414887439485,-0.40039983
106.0727756400072,-0.038933314
193.1126855299547,-0.09192624
195.2049422402298,-0.2998583
186.0630269224294,0.14753596
195.451468548024,-0.33984205
109.8196341639771,0.011786258
187.2485477506866,0.09498308
107.4101180895406,0.0004510635
188.2998176949356,-0.268292
109.4626129590327,0.106900536
276.9039954584068,-0.015404298
116.6010685283568,0.037047356
186.0630269224294,0.045753457
187.2485477506866,0.040266003
197.3488026935816,-0.1947113
188.2998176949356,-0.20525967
105.7712870257849,-0.19794421
107.5853159867198,0.06250477
116.6010685283568,-0.0001756284
278.6082817937599,0.011821019
110.056913956187,0.2027956
105.8683632534452,0.07871623
108.1592269976745,0.109811105
193.1126855299547,-0.36801633
188.2998176949356,-0.25729096
109.8196341639771,0.11800085
107.5853159867198,0.06366184
193.1126855299547,-0.3579049
106.952771334059,-0.05094535
107.1539686726064,0.049356624
106.577636016138,0.034355067
195.451468548024,-0.27058548
197.3488026935816,-0.050667148
195.451468548024,-0.22671759
195.2049422402298,-0.17489214
111.2653495585551,0.08064397
106.0727756400072,-0.20682804
112.5992859239952,0.09987813
106.4164738578715,-0.010009916
195.451468548024,-0.20415777
109.4626129590327,0.059062477
187.2485477506866,0.33306432
193.1126855299547,-0.37227637
189.7240479988971,-0.17198816
195.2049422402298,-0.27800903
188.2998176949356,-0.24721314
188.783576376697,-0.09735833
191.0414887439485,-0.31520966
107.4101180895406,0.013115737
109.8196341639771,0.055713333
106.3644518347447,0.008551046
193.1126855299547,-0.100419246
186.0630269224294,0.20232973
107.4101180895406,0.118151076
112.5992859239952,0.17432271
105.7712870257849,-0.18188486
112.5992859239952,0.15247118
106.577636016138,0.027318493
108.419481966606,-0.036157887
188.2998176949356,-0.21688208
106.4164738578715,-0.06257631
109.4626129590327,0.2208171
188.2998176949356,-0.31834608
189.7240479988971,-0.034035712
107.5199760489703,0.031248929
187.0125888573417,0.2685477
188.2998176949356,-0.24030705
196.9700178190189,-0.19029957
106.9552834807568,0.21071292
189.7240479988971,-0.16991249
195.451468548024,-0.23671007
187.614026870642,-0.05309446
191.1767204981559,0.07500938
106.577636016138,0.22642839
107.9804068082134,-0.021803228
188.2998176949356,-0.3035072
106.1021411931076,-0.026849436
188.2998176949356,-0.002207884
107.5853159867198,0.1341458
189.7240479988971,-0.062593766
125.3372568829002,0.09534146
106.0727756400072,-0.20505382
188.783576376697,0.009723456
112.5992859239952,0.11123457
186.0630269224294,-0.09381563
122.4113661571781,0.13202478
116.188178371516,0.2905144
280.6221636523277,0.6502761
186.0630269224294,0.031702094
106.0727756400072,-0.05703809
110.056913956187,0.03193766
188.2998176949356,0.029502187
107.1539686726064,0.062366076
193.1126855299547,-0.18978177
106.952771334059,-0.089987524
106.4164738578715,-0.071118504
188.2998176949356,-0.32590464
112.5992859239952,0.078310914
110.056913956187,0.06265309
195.451468548024,-0.1688262
106.577636016138,0.068100244
107.5853159867198,-0.006247068
197.3488026935816,-0.1770653
193.1126855299547,-0.35437
186.0630269224294,0.09107536
188.783576376697,-0.013224916
107.9609077494667,0.10162283
106.4164738578715,0.03930123
106.4164738578715,-0.03785362
186.0630269224294,0.119451046
109.4626129590327,0.015429348
272.5330194201419,-0.1283524
106.0727756400072,-0.16811824
109.4626129590327,0.12809591
107.9609077494667,0.041524205
106.952771334059,-0.031164309
197.3488026935816,-0.06622222
107.4101180895406,0.118151076
278.6082817937599,0.111657955
188.2998176949356,-0.2698788
109.8196341639771,0.076813206
191.0414887439485,-0.31987083
276.9477066756423,-0.18833308
187.2485477506866,0.15643612
110.056913956187,-0.045491464
107.5853159867198,0.07148135
103.7447431214784,-0.091676556
195.451468548024,-0.12915406
276.9477066756423,-0.29470292
191.1767204981559,-0.1904002
106.0727756400072,-0.2394276
116.188178371516,-0.056581378
188.2998176949356,-0.23756537
188.2998176949356,-0.1304729
106.4164738578715,-0.12974817
107.5853159867198,0.08362569
189.7240479988971,-0.2675542
191.0414887439485,-0.2330631
187.419098055674,0.0062125307
125.3372568829002,0.008375043
107.9609077494667,0.049269583
277.1405325149242,-0.06407145
188.2998176949356,-0.24951856
110.056913956187,-0.023422495
106.9552834807568,0.17175546
109.8196341639771,0.07120203
112.5992859239952,0.20065947
107.5853159867198,0.19492327
189.7240479988971,-0.33438697
109.9480086958482,0.027716026
191.0414887439485,-0.2486561
187.0125888573417,0.07729069
186.0630269224294,0.053504802
278.6082817937599,0.21901637
105.2015884238383,-0.3000724
187.2485477506866,0.25789657
195.2049422402298,-0.19209133
195.451468548024,-0.1952307
277.1405325149242,0.26119262
110.056913956187,0.08059534
188.2998176949356,-0.26250535
187.2485477506866,-0.0369035
105.8683632534452,0.20323604
191.0414887439485,-0.23896366
273.7518509405115,-0.23654167
196.9700178190189,-0.12889573
116.6010685283568,-0.034938656
187.614026870642,0.16176006
195.2049422402298,-0.25041175
106.4164738578715,-0.16139193
186.0630269224294,0.08826431
107.1539686726064,0.063548826
107.5853159867198,0.041100394
188.2998176949356,-0.35908416
112.5992859239952,0.09626216
188.2998176949356,-0.22595444
106.577636016138,0.36424363
113.819924176831,0.17590103
276.9039954584068,0.11072832
188.2998176949356,-0.23497956
107.4101180895406,0.1593121
106.4164738578715,-0.0007150342
187.614026870642,-0.051488027
189.7240479988971,-0.20966887
191.0414887439485,-0.08458601
188.783576376697,-0.14996724
187.419098055674,0.07418905
116.7545491822112,0.08817616
106.0727756400072,-0.16090465
191.1767204981559,-0.0029407432
186.0630269224294,-0.006043273
109.4626129590327,0.12298451
195.2049422402298,-0.22791207
187.2485477506866,-0.013492105
112.0244118782512,-0.055995617
110.056913956187,0.032226324
186.0630269224294,-0.14232855
109.4626129590327,0.13664865
278.6082817937599,0.05030741
188.2998176949356,-0.29855928
186.0630269224294,-0.1442339
107.5853159867198,0.109373845
188.2998176949356,0.023781003
122.5042298788697,0.10928041
186.0630269224294,-0.047669176
106.4164738578715,-0.045077104
103.7447431214784,0.12536256
112.5992859239952,0.1144557
187.0125888573417,0.1635089
195.451468548024,-0.14949752
106.1021411931076,-0.08751283
188.2998176949356,-0.17693277
197.3488026935816,-0.096765354
186.0630269224294,-0.0031727818
107.4101180895406,0.04702989
188.2998176949356,-0.38462123
107.5853159867198,0.089035034
186.0630269224294,0.021316165
188.2998176949356,-0.28903022
109.8196341639771,0.096172646
276.9477066756423,-0.16888368
109.4626129590327,0.08705728
112.5992859239952,0.05780489
278.6082817937599,0.2737762
278.6082817937599,0.11322933
188.2998176949356,-0.15526326
106.0727756400072,-0.29935876
195.451468548024,-0.07418832
109.4626129590327,0.057467386
189.7240479988971,0.2025105
191.1767204981559,-0.119001545
274.2758623545001,-0.19568062
109.4626129590327,0.105270535
193.1126855299547,-0.26827034
106.952771334059,0.11487558
106.0727756400072,-0.26630738
110.056913956187,0.13190538
187.0125888573417,0.092466876
106.9552834807568,0.010852832
106.4164738578715,0.038693745
106.577636016138,-0.06295856
109.9480086958482,0.09695622
106.577636016138,0.07731638
106.1021411931076,-0.26052338
110.056913956187,0.0253217
188.2998176949356,-0.19354816
110.056913956187,0.16202873
278.6082817937599,0.101516694
189.7240479988971,-0.26772782
195.451468548024,0.027040927
109.4626129590327,0.1499784
109.4626129590327,-0.028314613
191.1767204981559,-0.3152322
110.056913956187,-0.080426626
111.2653495585551,0.1354486
272.5330194201419,-0.39534968
186.0630269224294,-0.0010638705
197.3488026935816,0.027846392
112.5992859239952,0.1522929
191.1767204981559,-0.17963544
186.0630269224294,0.078535296
189.7240479988971,-0.019402102
195.2049422402298,-0.21229987
189.7240479988971,-0.23390275
107.5199760489703,-0.06471153
277.1405325149242,-0.077463545
187.2485477506866,0.06222997
106.952771334059,0.14744817
188.2998176949356,-0.29975796
107.1539686726064,0.05703626
187.614026870642,-0.036049157
187.2485477506866,0.13832764
187.0125888573417,-0.034108575
110.056913956187,-0.013582776
193.1126855299547,-0.33924568
191.0414887439485,-0.311709
187.2485477506866,0.25606743
189.7240479988971,-0.21743044
188.2998176949356,-0.3529523
187.2485477506866,0.23017678
186.0630269224294,0.04872874
195.2049422402298,-0.26533428
106.4164738578715,-0.027555035
113.6707909357408,-0.10532464
106.577636016138,0.020280244
188.2998176949356,-0.3566068
109.4626129590327,0.03359888
191.0414887439485,-0.2622033
195.451468548024,-0.26135498
277.1405325149242,0.01966122
277.7011388113657,0.3639901
188.2998176949356,-0.19168285
191.1767204981559,-0.2502516
191.0414887439485,-0.39318007
109.4626129590327,0.06702742
195.451468548024,0.04967005
189.7240479988971,-0.13359846
195.451468548024,-0.10273
106.4164738578715,-0.017229188
195.2049422402298,-0.11427165
107.4101180895406,0.07319337
278.6082817937599,0.115985446
112.5992859239952,0.17240624
116.188178371516,0.09280172
187.614026870642,0.034070995
193.1126855299547,-0.16211596
107.4101180895406,0.022303887
106.0727756400072,-0.043256823
195.451468548024,-0.11145638
106.4164738578715,0.02218479
112.5992859239952,0.08926835
189.7240479988971,-0.23587312
186.0630269224294,0.15480678
106.952771334059,0.13004728
195.451468548024,-0.07670962
186.0630269224294,0.049196888
106.4164738578715,0.042951763
277.7011388113657,0.40427002
110.056913956187,0.044074673
189.7240479988971,-0.22493814
106.4164738578715,-0.051814836
277.2869303826127,-0.0146624
189.7240479988971,-0.12596834
106.9991289866339,-0.012141228
112.5992859239952,0.20588419
191.0414887439485,-0.11514461
106.0727756400072,-0.20515636
186.0630269224294,0.07391001
106.952771334059,0.17695259
196.9700178190189,-0.10182533
193.1126855299547,-0.25302106
187.2485477506866,0.13051279
195.451468548024,-0.19983517
195.2049422402298,-0.2998583
187.614026870642,-0.09620632
110.056913956187,-0.013791523
275.8490294326924,-0.09590892
106.952771334059,0.047290836
187.2485477506866,0.09501776
189.7240479988971,-0.14175266
189.7240479988971,-0.20657602
112.5992859239952,0.0674667
195.2049422402298,-0.26982778
193.1126855299547,-0.4338013
103.7447431214784,-0.2158848
188.2998176949356,-0.19232653
111.9129912709682,-0.07048496
106.4164738578715,0.017898593
113.6707909357408,0.03938239
106.9991289866339,-0.04671698
186.0630269224294,0.03560575
186.0630269224294,0.055918183
193.1126855299547,-0.39702007
193.1126855299547,-0.1188977
195.451468548024,0.011422985
187.614026870642,0.038217
110.056913956187,0.078078926
106.0727756400072,-0.072112784
106.3644518347447,-0.116379604
188.2998176949356,-0.26101798
106.952771334059,0.03556655
122.5042298788697,0.059315506
186.0630269224294,-0.025528131
186.0630269224294,-0.05401724
195.451468548024,-0.24610487
187.2485477506866,0.22514105
186.0630269224294,-0.055450264
186.0630269224294,0.06538768
115.7623327141752,0.03936962
188.2998176949356,-0.23966601
107.1539686726064,0.099910386
110.056913956187,0.11442953
188.2998176949356,-0.16914377
195.451468548024,-0.3254749
112.5992859239952,0.17269222
278.6082817937599,0.34227026
187.2485477506866,0.25903738
107.5853159867198,0.09195781
107.9609077494667,-0.08348147
107.5853159867198,0.24679264
109.8968757818925,0.22136386
106.1021411931076,-0.21314791
107.1539686726064,0.16774027
105.7712870257849,-0.17903873
107.5853159867198,0.23142466
106.0727756400072,-0.03306334
197.3488026935816,-0.15585606
107.1539686726064,0.06573068
187.2485477506866,0.122738525
106.952771334059,0.117532775
187.614026870642,0.0532541
195.451468548024,-0.22569771
187.2485477506866,0.06917622
187.0125888573417,0.22046985
272.5330194201419,-0.1433757
106.952771334059,-0.033137064
188.2998176949356,-0.16725408
197.3488026935816,-0.028989108
188.2998176949356,-0.21593279
105.6399328150921,0.04606402
197.3488026935816,-0.054590553
106.577636016138,-0.23472509
187.614026870642,0.14263916
186.0630269224294,0.073363066
186.0630269224294,0.050713602
195.451468548024,-0.11744335
280.6221636523277,0.7863792
107.5853159867198,0.10626984
188.2998176949356,-0.20558406
189.7240479988971,-0.2523259
186.0630269224294,-0.0005163437
195.451468548024,-0.0732523
107.4101180895406,-0.060124148
187.419098055674,0.04871349
187.2485477506866,0.02507721
187.2485477506866,0.26755872
103.7447431214784,-0.21675956
188.2998176949356,-0.25000322
197.3488026935816,-0.1846022
195.451468548024,-0.047071796
106.577636016138,0.095065184
116.188178371516,0.24325164
191.1767204981559,-0.22276634
106.4164738578715,-0.035558023
195.2049422402298,-0.29302564
106.952771334059,-0.03744801
110.056913956187,0.08147791
106.577636016138,-0.057882898
106.9991289866339,-0.02083677
112.5992859239952,-0.05646666
108.1592269976745,-0.029365191
103.7447431214784,-0.19911097
195.451468548024,-0.23237468
272.5330194201419,0.25497493
195.451468548024,-0.08319594
188.783576376697,-0.2979694
188.2998176949356,-0.1727097
191.1767204981559,-0.18402427
188.2998176949356,-0.20880708
191.0414887439485,-0.20031896
106.0727756400072,-0.15776499
193.1126855299547,-0.16446324
187.419098055674,-0.03629076
106.952771334059,0.03216795
106.4164738578715,-0.04007311
196.9700178190189,-0.18154588
106.577636016138,0.11331429
195.451468548024,-0.2545776
187.2485477506866,0.20995405
197.3488026935816,-0.13806349
197.3488026935816,-0.018954378
187.419098055674,-0.09077406
187.0125888573417,0.08427956
195.451468548024,-0.23067231
106.9552834807568,0.036779575
116.7029289541932,-0.103854135
186.0630269224294,0.05400148
188.2998176949356,-0.111983694
106.4164738578715,-0.11170597
116.188178371516,-0.054315977
122.5042298788697,-0.00088300166
197.3488026935816,-0.0680591
112.5992859239952,0.12302086
188.2998176949356,-0.2544217
195.451468548024,-0.26101685
107.5853159867198,0.06100515
187.2485477506866,0.20185399
188.783576376697,-0.1873084
110.056913956187,0.11538686
115.3254069712001,0.21607505
109.9480086958482,0.09425234
107.9609077494667,-0.14635104
106.952771334059,-0.04784008
106.577636016138,0.0433455
115.3254069712001,0.08559484
195.2049422402298,-0.24907169
106.3644518347447,-0.12984307
106.9552834807568,-0.09892147
107.9609077494667,-0.13924596
193.1126855299547,-0.16074558
186.0630269224294,-0.029613448
109.4626129590327,0.08754363
109.9480086958482,0.18876638
277.1405325149242,-0.0066380845
186.0630269224294,0.07123845
195.451468548024,-0.0056764456
107.5853159867198,0.26539347
189.7240479988971,-0.45068848
187.2485477506866,0.24398749
197.3488026935816,-0.014221218
187.614026870642,0.07427613
187.2485477506866,0.012175916
195.451468548024,-0.22850434
106.0727756400072,-0.052782845
110.056913956187,0.1139616
187.614026870642,0.08779075
187.0125888573417,-0.13850032
272.5330194201419,-0.3406288
106.1021411931076,-0.07373825
106.4164738578715,-0.06004741
108.419481966606,0.008444734
195.2049422402298,-0.31073883
186.0630269224294,0.24659789
107.5853159867198,0.07800225
280.6221636523277,0.61152077
196.9700178190189,-0.21036915
187.2485477506866,0.010082772
187.2485477506866,0.2314459
195.451468548024,-0.16794677
105.7712870257849,-0.14703661
187.614026870642,0.03397368
278.6082817937599,0.32740802
109.9480086958482,0.00561757
110.056913956187,-0.014496669
110.056913956187,0.115517735
278.6082817937599,0.20190914
109.4626129590327,0.10003027
186.0630269224294,0.05047369
197.3488026935816,-0.13927558
106.577636016138,0.10188889
277.1405325149242,0.29112175
191.1767204981559,-0.18195023
189.7240479988971,-0.19664596
115.3254069712001,0.04007619
107.5853159867198,0.059728846
188.2998176949356,-0.26075295
112.5992859239952,0.046260957
195.451468548024,-0.21428615
109.8196341639771,0.050997607
187.0125888573417,0.052645788
186.0630269224294,0.24063641
106.0727756400072,-0.21599688
195.451468548024,-0.09423087
106.952771334059,0.10187668
105.2490472299035,-0.22705951
187.2485477506866,0.1027868
107.4101180895406,0.06771722
110.056913956187,0.06941186
187.0125888573417,-0.0043221973
106.952771334059,0.18343064
186.0630269224294,0.046457767
187.2485477506866,0.05322117
189.7240479988971,-0.2517633
189.7240479988971,-0.16943568
189.7240479988971,-0.070703976
107.5853159867198,0.11846528
112.5992859239952,0.08041789
106.4164738578715,-0.08738722
195.2049422402298,-0.23942646
110.056913956187,0.07396411
112.5992859239952,0.21823734
106.4164738578715,0.007019099
110.056913956187,0.05171761
195.2049422402298,-0.25922835
106.577636016138,0.03185666
110.056913956187,-0.09383266
186.0630269224294,0.05563905
197.3488026935816,-0.14661318
195.451468548024,-0.09905252
276.9477066756423,-0.20640077
197.3488026935816,-0.07721126
187.2485477506866,0.07039994
116.2192045005754,0.007905858
107.9609077494667,-0.015924614
191.0414887439485,-0.25642684
103.7447431214784,-0.3737377
275.7895660228427,-0.05217597
187.0125888573417,0.08419184
186.0630269224294,0.2219793
189.7240479988971,-0.1666977
110.056913956187,0.08487246
189.7240479988971,-0.062593766
186.0630269224294,-0.048447456
189.7240479988971,-0.16091004
195.451468548024,-0.11181604
188.783576376697,-0.014160036
116.2192045005754,0.00026760658
106.952771334059,-0.0370297
193.1126855299547,-0.25584581
187.2485477506866,0.29054227
103.7447431214784,-0.06292439
105.2490472299035,-0.07380169
106.577636016138,0.043541882
191.0414887439485,-0.2105236
193.1126855299547,-0.19163363
109.4626129590327,0.23283221
106.9552834807568,0.069405355
278.6082817937599,0.2185858
107.1539686726064,0.074624844
188.2998176949356,-0.19340703
105.7712870257849,-0.25375754
191.0414887439485,-0.3463548
109.8196341639771,0.036446918
187.2485477506866,0.063907266
186.0630269224294,-0.010549703
187.2485477506866,0.07321488
193.1126855299547,-0.26280785
110.056913956187,0.043398693
106.4164738578715,-0.058028854
112.5992859239952,0.054176766
186.0630269224294,0.07883108
193.1126855299547,-0.30163628
187.2485477506866,0.089750886
106.1021411931076,-0.31483412
105.2490472299035,-0.31998917
274.2758623545001,-0.27876696
277.1405325149242,0.41118208
107.5853159867198,0.07976755
186.0630269224294,0.08468735
187.2485477506866,0.06197269
187.2485477506866,0.18718278
189.7240479988971,-0.30857465
187.0125888573417,-0.13989507
278.6082817937599,0.5660766
112.5992859239952,0.17169967
191.0414887439485,-0.2521798
108.419481966606,-0.06139721
187.614026870642,0.08573927
188.2998176949356,0.060633972
191.1767204981559,-0.21561147
107.5853159867198,0.08295045
106.577636016138,0.08885925
188.2998176949356,-0.2790086
107.1539686726064,0.05409208
188.2998176949356,-0.21487057
110.056913956187,0.012833604
108.1592269976745,0.037970312
193.1126855299547,-0.36730495
191.1767204981559,-0.1571627
187.0125888573417,0.15176511
195.451468548024,-0.17550555
276.9477066756423,-0.25834444
195.451468548024,-0.2808031
196.9700178190189,-0.19575275
107.4101180895406,0.093391076
187.614026870642,0.0177051
116.188178371516,-0.10041641
107.5853159867198,0.084305674
107.5853159867198,0.13432491
188.2998176949356,-0.36646855
107.9609077494667,0.07491963
278.6082817937599,0.3245025
110.056913956187,-0.0862528
187.614026870642,-0.07940685
186.0630269224294,0.08120202
109.8196341639771,0.061888404
187.419098055674,-0.0003934992
187.2485477506866,0.09729913
277.1405325149242,0.27871442
188.2998176949356,-0.35828662
195.451468548024,-0.17811555
109.8196341639771,0.14738114
186.0630269224294,0.088022746
195.451468548024,-0.14935912
108.419481966606,0.055735946
188.2998176949356,-0.32584047
107.4101180895406,-0.03675088
186.0630269224294,0.13351254
187.2485477506866,0.08461565
186.0630269224294,0.077462785
195.2049422402298,-0.29015177
105.2015884238383,-0.030505544
187.2485477506866,0.19743356
188.2998176949356,-0.3096836
197.3488026935816,0.025968654
193.1126855299547,-0.26494026
107.5853159867198,0.099629655
106.952771334059,0.0053664874
196.9700178190189,-0.06962691
188.2998176949356,-0.30963477
196.9700178190189,-0.26548332
125.3372568829002,-0.072216086
187.2485477506866,0.13920271
191.0414887439485,-0.20621446
195.2049422402298,-0.2998583
272.5330194201419,-0.2149266
195.451468548024,-0.05279923
186.0630269224294,-0.011788224
186.0630269224294,0.058200024
109.4626129590327,0.07465306
186.0630269224294,0.16084623
125.3372568829002,0.06598233
188.2998176949356,-0.3067144
191.1767204981559,0.048636977
107.4101180895406,0.060170602
188.2998176949356,-0.21427402
188.2998176949356,-0.30386385
272.5330194201419,-0.1407849
196.9700178190189,-0.22822794
195.2049422402298,-0.13708651
107.5853159867198,0.06688611
197.3488026935816,-0.17207368
186.0630269224294,0.099438526
187.614026870642,0.059436403
111.9129912709682,-0.08572585
103.7447431214784,-0.35326406
189.7240479988971,-0.23023489
106.9991289866339,-0.13176398
277.1405325149242,0.014270571
107.1539686726064,0.07332049
188.2998176949356,-0.20379922
187.0125888573417,-0.041808292
110.056913956187,0.06240372
125.3372568829002,0.037713517
191.0414887439485,-0.3206983
110.056913956187,0.12358086
195.2049422402298,-0.26251537
106.9991289866339,0.06845964
188.2998176949356,-0.17703256
188.2998176949356,-0.2636934
193.1126855299547,-0.22959076
189.7240479988971,-0.30459607
105.8683632534452,-0.013386643
110.056913956187,-0.15471439
277.7011388113657,0.51243573
188.2998176949356,-0.24898799
195.451468548024,-0.08016615
106.0727756400072,-0.04821373
196.9700178190189,-0.16256917
110.056913956187,0.09116351
186.0630269224294,0.03163279
189.7240479988971,-0.1735114
108.1592269976745,0.06623827
191.0414887439485,-0.2963308
187.2485477506866,0.13484322
188.783576376697,-0.13480788
188.2998176949356,-0.46701077
188.2998176949356,-0.31620497
112.5992859239952,0.21959418
277.1405325149242,-0.13519149
189.7240479988971,-0.13995828
103.6988069564512,-0.20140497
187.614026870642,-0.108557485
187.0125888573417,-0.12106564
107.4101180895406,0.055280086
276.9477066756423,0.082572475
187.614026870642,-0.059514835
106.0727756400072,0.031290233
186.0630269224294,0.04767195
106.577636016138,0.017275473
187.2485477506866,0.22680561
107.4101180895406,-0.07079945
103.7447431214784,0.041817687
188.2998176949356,-0.46725637
103.6988069564512,-0.023740683
106.0727756400072,-0.060447354
196.9700178190189,-0.092069566
195.451468548024,-0.14066264
187.2485477506866,0.19934045
272.5330194201419,-0.22596453
186.0630269224294,0.16651829
109.8196341639771,0.2021222
195.451468548024,-0.19301066
107.1539686726064,0.01640619
188.2998176949356,-0.26161352
187.2485477506866,0.013126471
143.8729576496427,0.07577237
107.4101180895406,0.086289905
187.614026870642,-0.11935733
195.451468548024,-0.13811192
195.451468548024,-0.10502589
106.577636016138,0.20895854
188.2998176949356,-0.017470405
106.0727756400072,-0.21721761
188.2998176949356,-0.31251255
186.0630269224294,0.22096978
187.2485477506866,0.1499861
187.2485477506866,0.08491833
186.0630269224294,0.0257503
272.5330194201419,-0.12419575
103.7447431214784,-0.12192326
106.577636016138,-0.029221127
187.419098055674,-0.008089235
107.5853159867198,0.08727669
106.3644518347447,-0.11993298
107.5853159867198,0.010119204
106.4164738578715,0.024118641
109.4626129590327,0.12229708
187.0125888573417,0.1099741
109.4626129590327,0.07095487
191.1767204981559,-0.10713858
106.952771334059,0.07258656
186.0630269224294,0.09859076
106.9991289866339,-0.25638106
110.056913956187,0.15881856
106.9552834807568,-0.09504975
107.5853159867198,0.0545512
277.1405325149242,0.23965776
189.7240479988971,-0.15550359
107.4101180895406,0.0773457
196.9700178190189,-0.26259565
188.2998176949356,-0.1353872
110.056913956187,0.025527641
197.3488026935816,-0.091399
188.2998176949356,-0.14198676
272.5330194201419,-0.15793203
186.0630269224294,0.12723547
272.5330194201419,-0.21764399
186.0630269224294,0.0672805
106.577636016138,0.0061966204
197.3488026935816,-0.13090236
188.2998176949356,-0.15175878
189.7240479988971,0.0404593
186.0630269224294,0.10852322
186.0630269224294,0.09593865
186.0630269224294,0.020893848
188.2998176949356,-0.18990798
112.5992859239952,0.08320496
106.9552834807568,0.11632868
188.2998176949356,-0.16841999
195.451468548024,-0.28770795
278.6082817937599,0.28724858
187.2485477506866,0.30658063
188.2998176949356,-0.36730218
115.3772125206836,0.0034458183
109.4626129590327,0.06833776
195.2049422402298,-0.21238738
186.0630269224294,-0.106363714
188.2998176949356,-0.23220293
277.1405325149242,0.020614605
187.2485477506866,0.20718671
191.0414887439485,-0.38762295
103.6988069564512,-0.24329162
107.5199760489703,0.033314515
112.5992859239952,0.09672179
186.0630269224294,0.15216284
110.056913956187,0.061322387
186.0630269224294,0.27517763
191.0414887439485,-0.18710195
107.9609077494667,-0.027176732
280.6221636523277,0.6964754
187.2485477506866,0.11597496
188.2998176949356,-0.17735949
196.9700178190189,-0.24004878
106.4164738578715,-0.076761566
103.7447431214784,-0.40636972
106.952771334059,-0.02039558
186.0630269224294,0.004295073
189.7240479988971,-0.33209133
109.4626129590327,-0.007706364
109.8196341639771,0.11398643
187.614026870642,-0.004539421
195.451468548024,-0.0008197937
191.0414887439485,0.03792588
195.451468548024,-0.14430511
191.1767204981559,-0.1537327
105.7712870257849,-0.078749046
107.9609077494667,-0.023468705
107.1539686726064,-0.047053017
195.2049422402298,-0.22997789
188.2998176949356,-0.061455507
186.0630269224294,0.16960262
195.451468548024,-0.22513808
109.8196341639771,-0.001745678
277.1405325149242,-0.037810534
107.9804068082134,0.04357588
278.6082817937599,0.05436744
106.1021411931076,-0.22131148
276.9477066756423,0.04332659
197.3488026935816,-0.12026088
186.0630269224294,-0.087434635
195.451468548024,-0.16325217
188.2998176949356,-0.18048017
188.2998176949356,-0.30606952
193.1126855299547,-0.26819307
187.0125888573417,0.3205815
187.614026870642,0.0714034
115.3254069712001,0.091596134
187.2485477506866,0.12777323
107.4101180895406,0.043802846
186.0630269224294,0.017526243
186.0630269224294,0.009050181
189.7240479988971,-0.1663922
122.5042298788697,0.08201174
189.7240479988971,0.04999413
106.952771334059,0.039234214
106.0727756400072,-0.119480215
107.4101180895406,0.13326125
106.952771334059,0.17629823
186.0630269224294,0.014416384
188.2998176949356,-0.100639254
105.2490472299035,-0.11142646
106.9552834807568,0.10840189
187.614026870642,-0.04814922
107.9609077494667,0.046236638
187.2485477506866,0.27481613
111.608768634925,-0.065844126
187.2485477506866,0.076729976
187.2485477506866,0.03873223
108.419481966606,0.12889428
187.614026870642,-0.037178975
195.451468548024,-0.1668214
107.5199760489703,0.0840937
191.0414887439485,-0.18549144
277.7011388113657,0.35600227
188.2998176949356,-0.3247351
106.4164738578715,0.026911285
109.8196341639771,0.034289952
105.2015884238383,-0.10215343
188.2998176949356,-0.29251325
106.952771334059,0.058705427
188.2998176949356,-0.17632523
187.419098055674,0.057856124
197.3488026935816,-0.043684054
187.0125888573417,-0.060487267
109.9480086958482,0.0054280935
109.4626129590327,0.019660564
187.0125888573417,-0.013829759
195.451468548024,-0.060944077
187.2485477506866,0.05158265
188.2998176949356,-0.23739117
110.056913956187,0.0773612
188.2998176949356,-0.232544
110.056913956187,-0.054558642
195.2049422402298,-0.25821888
195.2049422402298,-0.25790063
186.0630269224294,0.069378294
116.6010685283568,0.055208705
195.451468548024,-0.18521266
188.783576376697,-0.20633091
186.0630269224294,0.009381388
277.1405325149242,0.034260277
196.9700178190189,-0.100559175
276.9477066756423,-0.018690687
188.2998176949356,-0.20731126
186.0630269224294,-0.04405065
275.7895660228427,-0.08819948
186.0630269224294,0.0737516
107.1539686726064,0.15422823
107.4101180895406,0.030301414
193.1126855299547,-0.07934325
188.783576376697,-0.21374586
187.2485477506866,0.05717411
186.0630269224294,0.07920133
106.0727756400072,-0.20186037
106.952771334059,-0.05198099
188.2998176949356,-0.17090347
186.0630269224294,0.11652403
109.8196341639771,0.14008765
272.5330194201419,-0.18734334
108.419481966606,0.07169185
106.577636016138,0.10393821
277.1405325149242,0.087834775
272.5330194201419,-0.1985824
187.0125888573417,0.020656308
109.9480086958482,0.05920168
116.6010685283568,0.024952222
196.9700178190189,-0.070395336
187.614026870642,-0.07244627
112.5992859239952,0.10475779
109.8196341639771,0.08088695
106.0727756400072,0.06929642
110.056913956187,-0.05823358
278.6082817937599,0.8510923
110.056913956187,-0.025676211
109.8196341639771,0.14702164
195.2049422402298,-0.2488068
112.5992859239952,0.035591535
187.2485477506866,0.15003681
106.4164738578715,-0.41172314
195.451468548024,-0.2726471
109.4626129590327,0.038576864
188.783576376697,-0.22189641
105.2015884238383,-0.0051695644
187.0125888573417,0.16704962
276.9039954584068,-0.32900676
273.7518509405115,-0.06691283
193.1126855299547,-0.27007198
195.2049422402298,-0.29134333
193.1126855299547,-0.39210847
186.0630269224294,0.04283674
188.2998176949356,-0.20946506
196.9700178190189,-0.15376453
106.9552834807568,-0.00069190585
186.0630269224294,0.08084382
109.8968757818925,0.080348454
195.2049422402298,-0.23829779
188.783576376697,-0.094489634
109.4626129590327,0.037475027
191.1767204981559,-0.2613346
276.9039954584068,-0.17273378
187.2485477506866,0.109274
106.577636016138,-0.02166871
187.614026870642,0.09681223
195.451468548024,-0.21879102
195.451468548024,-0.1682535
110.056913956187,-0.0015986096
110.056913956187,0.09619976
106.4164738578715,-0.106456436
109.9480086958482,0.008457048
277.1405325149242,-0.2064662
197.3488026935816,-0.12856025
106.4164738578715,0.052019272
107.4101180895406,0.09832852
106.952771334059,0.1603951
195.451468548024,0.09193826
107.5853159867198,0.05874133
189.7240479988971,-0.23762167
107.4101180895406,0.08981594
106.952771334059,0.020579811
106.4164738578715,0.22467011
110.056913956187,0.055315554
188.2998176949356,-0.21222067
191.1767204981559,-0.14163171
106.952771334059,-0.01687467
193.1126855299547,-0.23164538
195.451468548024,-0.23797323
106.9991289866339,-0.05333193
195.451468548024,-0.09037421
187.2485477506866,0.20354882
197.3488026935816,-0.1430795
191.1767204981559,-0.14646621
188.2998176949356,-0.26332584
186.0630269224294,0.030699894
106.4164738578715,-0.037492774
187.2485477506866,0.066348754
106.1021411931076,-0.14114365
193.1126855299547,-0.123725265
110.056913956187,-0.013057966
195.451468548024,-0.09973975
187.2485477506866,0.060939435
188.2998176949356,-0.11526623
196.9700178190189,-0.08953013
187.419098055674,0.05965954
193.1126855299547,0.025671821
186.0630269224294,0.043838955
109.8196341639771,0.06413379
197.3488026935816,-0.12872896
196.9700178190189,-0.106618285
195.2049422402298,-0.30265602
187.2485477506866,0.10178314
188.2998176949356,-0.26098713
187.614026870642,0.040533658
110.056913956187,-0.038312756
188.2998176949356,-0.33021826
107.5853159867198,0.15750097
112.5148626180473,-0.16511412
106.0727756400072,-0.18688683
109.9480086958482,0.009714995
196.9700178190189,-0.18253016
189.7240479988971,-0.29713327
186.0630269224294,0.08635252
195.2049422402298,-0.2688561
186.0630269224294,0.11152715
195.451468548024,-0.10813527
106.1021411931076,-0.16689456
187.2485477506866,0.11127881
107.5853159867198,0.1105736
107.1539686726064,0.06533706
191.1767204981559,-0.3176873
197.3488026935816,-0.06773398
277.1405325149242,0.059788227
107.1539686726064,0.29919818
106.952771334059,0.13181944
106.577636016138,0.10247661
106.577636016138,0.05264643
107.1539686726064,0.096155405
106.1021411931076,-0.15199405
106.952771334059,0.16469605
107.5853159867198,0.03952169
189.7240479988971,-0.23023489
187.2485477506866,-0.07174378
191.0414887439485,-0.3169814
110.056913956187,0.010730488
277.7011388113657,0.051652815
186.0630269224294,0.10304479
106.0727756400072,-0.20783342
188.783576376697,-0.07253888
106.577636016138,0.27168724
112.5992859239952,0.16147773
195.451468548024,-0.20260309
191.0414887439485,-0.30729616
109.4626129590327,0.023613606
110.056913956187,0.041679464
195.451468548024,0.024392515
103.7447431214784,-0.26252234
106.952771334059,0.012033337
187.2485477506866,0.17160335
277.1405325149242,-0.12614731
191.1767204981559,-0.09539463
191.1767204981559,0.26230183
193.1126855299547,-0.2894619
106.952771334059,0.08480939
109.4626129590327,0.060751267
110.056913956187,0.13847026
187.614026870642,0.20405635
195.451468548024,-0.18921447
112.5992859239952,0.23489358
109.8968757818925,0.09668986
277.1405325149242,-0.02875392
187.614026870642,-0.08784276
186.0630269224294,0.08093728
188.2998176949356,-0.27101186
197.3488026935816,0.061666705
195.451468548024,-0.27553132
187.2485477506866,0.14434485
106.1021411931076,-0.3331051
107.5853159867198,0.18640472
277.7011388113657,0.1662381
107.5853159867198,0.27065897
106.577636016138,0.10705976
109.4626129590327,0.03894147
187.2485477506866,0.1679885
110.056913956187,-0.07281328
188.2998176949356,-0.2091541
187.2485477506866,0.022609223
109.9480086958482,0.0069363294
189.7240479988971,-0.29542118
106.1021411931076,-0.020204764
189.7240479988971,-0.2324992
106.4164738578715,-0.08307829
188.783576376697,0.0016799553
193.1126855299547,-0.1885715
187.614026870642,0.12324401
187.2485477506866,0.07147881
277.1405325149242,-0.059115134
195.451468548024,-0.2397243
110.056913956187,0.097843
107.4101180895406,0.07711968
109.8196341639771,0.16733398
188.2998176949356,-0.16266093
125.3372568829002,0.10539914
105.4859909518081,-0.107701845
106.577636016138,0.18905233
106.4164738578715,-0.1077417
108.419481966606,-0.008013926
196.9700178190189,-0.17394772
277.1405325149242,-0.18465821
278.6082817937599,0.8248355
103.7447431214784,-0.32133853
277.1405325149242,-0.17678396
191.1767204981559,-0.1173464
107.4101180895406,0.121242546
186.0630269224294,0.103473224
106.952771334059,0.078551814
186.0630269224294,0.09671133
110.056913956187,-0.040672895
195.451468548024,-0.061727937
195.451468548024,-0.116115674
106.577636016138,0.13537537
106.577636016138,0.14369985
110.056913956187,0.07974362
188.2998176949356,-0.16844492
106.4164738578715,-0.20798312
107.4101180895406,0.05411528
106.9991289866339,-0.11037671
186.0630269224294,-0.0027180223
113.819924176831,-0.014672608
196.9700178190189,-0.07349505
103.6988069564512,-0.18610266
277.1405325149242,0.13426743
107.5853159867198,0.08566081
197.3488026935816,-0.04335747
191.1767204981559,0.09727471
106.0727756400072,-0.23927908
196.9700178190189,-0.2877077
278.6082817937599,0.09258581
191.0414887439485,-0.21827833
196.9700178190189,-0.12777433
110.056913956187,0.2118249
107.4101180895406,-0.1156076
191.0414887439485,-0.3210099
188.2998176949356,-0.04577609
109.8196341639771,0.02826192
193.1126855299547,-0.16491431
195.451468548024,-0.13577007
116.188178371516,0.116069324
191.0414887439485,-0.13767874
195.2049422402298,-0.2766657
187.0125888573417,0.04315014
107.9609077494667,-0.048327018
188.2998176949356,-0.2733447
109.4626129590327,-0.032391284
188.2998176949356,-0.12239475
115.3254069712001,0.049063455
109.8196341639771,0.13578083
110.056913956187,0.03116993
195.451468548024,-0.199942
191.0414887439485,-0.21066491
107.1539686726064,0.1629571
186.0630269224294,0.08532808
186.0630269224294,0.012152375
110.056913956187,0.0390028
278.6082817937599,0.2429574
196.9700178190189,-0.14758424
106.577636016138,0.114955895
106.0727756400072,-0.008774755
191.0414887439485,-0.30616218
109.4626129590327,0.104557335
112.5992859239952,0.14628938
272.5330194201419,-0.32513472
187.419098055674,-0.043279257
112.0244118782512,0.017955054
105.7712870257849,-0.10602918
112.5992859239952,0.1888385
106.952771334059,-0.07741261
189.7240479988971,-0.3380721
187.0125888573417,0.011417811
188.2998176949356,-0.3206414
106.4164738578715,0.0472982
109.9480086958482,0.19360586
195.451468548024,-0.2966529
195.451468548024,-0.12116611
197.3488026935816,-0.07540649
196.9700178190189,-0.15996104
191.1767204981559,-0.15878095
196.9700178190189,-0.19153503
188.2998176949356,-0.42722583
112.5992859239952,0.065609865
276.9039954584068,-0.03252894
103.7447431214784,-0.39984387
109.8968757818925,0.15330684
188.783576376697,-0.16079825
187.614026870642,0.0048172087
106.9552834807568,-0.014877273
276.9477066756423,-0.38177302
196.9700178190189,-0.22305202
105.4859909518081,-0.119700246
186.0630269224294,-0.042204503
106.4164738578715,-0.06114423
188.2998176949356,-0.27451614
106.952771334059,-0.012851503
272.5330194201419,-0.1129726
187.419098055674,0.06404859
107.5199760489703,0.070755504
110.056913956187,0.08941201
107.1539686726064,0.095808
187.614026870642,0.10358923
187.614026870642,-0.06437386
193.1126855299547,-0.20317182
106.1021411931076,-0.21631077
107.9609077494667,-0.012258872
186.0630269224294,0.028399082
187.2485477506866,0.13776904
103.7447431214784,-0.20035484
106.1021411931076,-0.17966609
195.2049422402298,-0.34758565
196.9700178190189,-0.12911993
187.614026870642,0.19878758
110.056913956187,-0.045211695
110.056913956187,0.07180913
107.1539686726064,0.06407452
196.9700178190189,-0.34260637
191.0414887439485,-0.3994937
188.2998176949356,-0.12527046
195.451468548024,-0.10568604
187.2485477506866,0.09384183
191.1767204981559,-0.15595992
186.0630269224294,0.007929387
195.2049422402298,-0.10044414
186.0630269224294,-0.066410504
188.2998176949356,-0.17944737
186.0630269224294,0.05445326
188.783576376697,-0.1805051
187.2485477506866,0.19102281
186.0630269224294,0.052626364
109.4626129590327,0.07506747
188.2998176949356,-0.11303675
115.3254069712001,0.25659737
107.5199760489703,-0.029678643
107.5853159867198,0.0746087
115.3254069712001,0.15194617
187.2485477506866,0.2959201
187.2485477506866,0.09166261
191.0414887439485,-0.20489958
110.056913956187,-0.013806391
110.056913956187,-0.00021610851
277.1405325149242,0.03491137
187.2485477506866,0.20044947
110.056913956187,-0.04485267
277.1405325149242,0.087834775
278.6082817937599,0.49137786
188.2998176949356,-0.3933466
195.2049422402298,-0.22066766
195.451468548024,-0.1532293
186.0630269224294,-0.011751116
106.0727756400072,0.13590978
109.4626129590327,0.24271205
189.7240479988971,-0.25652546
187.2485477506866,0.18103303
109.8196341639771,0.08709297
111.9129912709682,0.13077274
112.5992859239952,-0.0041426434
109.8196341639771,0.08727802
109.4626129590327,-0.0350599
109.8196341639771,0.022075858
107.9804068082134,-0.036810577
195.451468548024,-0.30564255
278.6082817937599,0.14212507
197.3488026935816,-0.19191065
116.2192045005754,0.14338425
188.783576376697,-0.12639713
112.0244118782512,-0.043335788
277.1405325149242,-0.083146416
278.6082817937599,0.17151009
106.0727756400072,-0.1576095
106.577636016138,0.19804175
109.8196341639771,0.0032607839
106.577636016138,0.05780059
106.952771334059,0.2738789
105.2490472299035,-0.19117805
188.2998176949356,-0.1929864
196.9700178190189,-0.19690914
187.0125888573417,-0.06930801
106.952771334059,0.11132429
273.7518509405115,1.3829558e-05
188.2998176949356,-0.35796914
186.0630269224294,0.021967476
110.056913956187,0.07371902
196.9700178190189,-0.26071453
109.4626129590327,0.112971835
187.2485477506866,0.26215225
109.9480086958482,0.11601025
110.056913956187,0.105003186
109.4626129590327,0.04326614
186.0630269224294,-0.0137676
106.1021411931076,-0.11887134
187.2485477506866,0.115235195
106.577636016138,0.19472896
105.7712870257849,-0.09366351
106.1021411931076,-0.052083045
109.4626129590327,0.11018849
109.4626129590327,0.043184385
107.5853159867198,0.11471041
106.0727756400072,-0.083648264
196.9700178190189,-0.4117068
106.4164738578715,-0.050977793
109.8196341639771,0.03230264
188.2998176949356,-0.2599787
108.1592269976745,0.11872881
193.1126855299547,-0.18686068
193.1126855299547,-0.15311925
112.5992859239952,0.13024211
107.1539686726064,-0.05810102
107.5853159867198,0.12690717
107.4101180895406,0.04553418
187.2485477506866,0.18845955
276.9477066756423,-0.24548881
187.2485477506866,0.11317396
280.6221636523277,0.4844728
195.451468548024,-0.24076489
195.451468548024,-0.27716666
189.7240479988971,-0.06208346
110.056913956187,0.044886958
109.8196341639771,0.12693669
188.2998176949356,-0.2690844
193.1126855299547,-0.33263803
189.7240479988971,-0.29018536
197.3488026935816,0.015400506
193.1126855299547,-0.4177778
112.5992859239952,0.21715085
186.0630269224294,0.007604732
112.5992859239952,0.038997255
195.451468548024,-0.24759875
105.4859909518081,-0.0946223
195.2049422402298,-0.19486295
106.952771334059,0.14624321
195.451468548024,-0.042616006
188.2998176949356,-0.4046783
110.056913956187,-0.021450294
107.5853159867198,0.114060245
108.419481966606,0.08350281
110.056913956187,0.12885162
106.0727756400072,-0.23811923
110.056913956187,0.11008766
276.9477066756423,0.07019903
195.2049422402298,-0.2913506
109.4626129590327,0.018427609
187.2485477506866,0.06696961
106.952771334059,0.15584968
193.1126855299547,-0.37212613
278.6082817937599,0.10656544
272.5330194201419,-0.16485707
106.0727756400072,0.030460695
187.0125888573417,0.107648425
110.056913956187,0.13866132
110.056913956187,0.09488089
106.577636016138,-0.09388967
107.5853159867198,0.06878288
277.1405325149242,-0.14942695
186.0630269224294,0.09908546
107.5853159867198,0.0860994
186.0630269224294,0.07912161
122.4113661571781,-0.23459181
189.7240479988971,-0.34677756
272.5330194201419,-0.29082462
187.2485477506866,0.13860165
106.577636016138,-0.013489527
272.5330194201419,-0.24317443
109.4626129590327,0.020854345
191.0414887439485,-0.3181356
110.056913956187,0.09739817
107.9804068082134,-0.07009731
103.7447431214784,-0.2481894
197.3488026935816,-0.16625853
195.2049422402298,-0.27546617
186.0630269224294,0.035493806
278.6082817937599,0.17267744
106.577636016138,0.01159416
188.783576376697,-0.18193203
193.1126855299547,-0.40433785
103.7447431214784,-0.3560125
107.1539686726064,0.07999875
106.952771334059,0.05257178
106.952771334059,0.008929006
196.9700178190189,-0.06529173
197.3488026935816,-0.07544333
122.4113661571781,-0.065312184
106.4164738578715,-0.025739644
116.188178371516,0.22285585
195.451468548024,-0.09153033
197.3488026935816,-0.053782992
189.7240479988971,-0.21909772
106.952771334059,-0.018681807
106.577636016138,0.13551001
195.451468548024,0.055082574
193.1126855299547,-0.33253726
187.2485477506866,0.062903814
116.6010685283568,-0.05050643
188.783576376697,-0.1767188
186.0630269224294,-0.025127275
187.419098055674,-0.097134985
195.451468548024,-0.09145539
197.3488026935816,-0.17526922
186.0630269224294,0.15083502
188.783576376697,-0.22055326
107.1539686726064,0.104059935
275.8490294326924,0.044317387
188.783576376697,-0.085134946
188.2998176949356,-0.11695561
193.1126855299547,-0.2603924
278.6082817937599,0.12080658
186.0630269224294,0.111628965
195.451468548024,-0.31657842
186.0630269224294,0.066185795
278.6082817937599,0.18586032
187.2485477506866,0.089750886
106.0727756400072,-0.047720976
106.952771334059,-0.023726743
140.3972358322127,-0.109492406
188.2998176949356,-0.2250904
188.2998176949356,-0.17253469
188.2998176949356,-0.1978288
272.5330194201419,-0.2633971
106.4164738578715,0.053441256
187.419098055674,0.14442192
195.451468548024,-0.07003439
112.5992859239952,0.14033388
187.2485477506866,-0.02953522
106.0727756400072,-0.13218118
189.7240479988971,-0.20844461
195.2049422402298,-0.26182744
195.451468548024,-0.09852648
188.2998176949356,-0.2164537
188.2998176949356,-0.30768275
110.056913956187,0.047615223
195.451468548024,-0.25482023
106.0727756400072,-0.3276239
276.9477066756423,-0.2037749
186.0630269224294,0.14815092
187.2485477506866,0.31530023
189.7240479988971,-0.2973558
106.0727756400072,-0.14279017
109.4626129590327,0.019317959
191.1767204981559,-0.29514122
110.056913956187,0.24094316
186.0630269224294,0.12284684
187.2485477506866,0.07457879
276.9039954584068,-0.10949408
195.451468548024,-0.23638827
187.2485477506866,0.2401156
186.0630269224294,0.14154084
186.0630269224294,0.027433371
186.0630269224294,0.07386309
106.952771334059,0.14564645
189.7240479988971,-0.30272523
109.4626129590327,0.08661651
107.5853159867198,0.1086069
106.577636016138,0.0028207705
186.0630269224294,0.107135735
188.2998176949356,-0.19826382
106.0727756400072,-0.21668264
191.1767204981559,-0.1530357
109.8196341639771,0.13869964
189.7240479988971,-0.08646249
187.0125888573417,-0.006435575
187.614026870642,-0.00687369
107.5853159867198,0.08999355
186.0630269224294,0.18105291
187.2485477506866,0.058758266
122.5042298788697,0.03989272
109.4626129590327,0.030197075
193.1126855299547,-0.22784245
106.0727756400072,-0.1426613
195.2049422402298,-0.29933283
186.0630269224294,0.028175661
186.0630269224294,0.06478184
188.2998176949356,-0.24111725
275.8490294326924,-0.19381513
110.056913956187,0.07602885
278.6082817937599,0.18532643
186.0630269224294,0.08049663
110.056913956187,0.05716126
193.1126855299547,-0.20156738
188.2998176949356,-0.2897025
122.4113661571781,-0.090765856
106.4164738578715,0.06838854
187.2485477506866,0.15456888
277.1405325149242,-0.112718664
109.4626129590327,0.14918463
110.056913956187,-0.002254387
195.451468548024,0.014395606
187.2485477506866,0.16558218
191.1767204981559,-0.057089083
193.1126855299547,-0.17564239
106.3644518347447,-0.15114246
186.0630269224294,0.12505035
107.1539686726064,0.04976019
195.451468548024,-0.23926221
188.2998176949356,-0.24349913
116.7545491822112,0.0809956
188.2998176949356,-0.25838366
105.2015884238383,-0.20154916
195.2049422402298,-0.2567187
186.0630269224294,0.0628014
106.952771334059,-0.019557614
107.9609077494667,-0.035582516
191.0414887439485,-0.23626867
113.6707909357408,-0.061601438
187.2485477506866,0.09234401
187.0125888573417,0.16289721
105.7712870257849,-0.022331981
106.1021411931076,0.07036129
108.1592269976745,0.10531094
106.952771334059,0.07478922
187.614026870642,-0.062331673
105.2015884238383,-0.31499824
186.0630269224294,0.057382844
277.1405325149242,0.08970724
277.1405325149242,0.022416163
112.5992859239952,0.1274248
193.1126855299547,-0.27652863
109.4626129590327,0.17474173
195.451468548024,-0.17855097
278.6082817937599,0.15405734
110.056913956187,0.061535392
116.188178371516,-0.020764949
188.2998176949356,-0.1698472
189.7240479988971,-0.13299094
188.2998176949356,-0.36012718
187.0125888573417,0.11596567
106.3644518347447,-0.114990264
197.3488026935816,-0.07645221
187.2485477506866,-0.08227999
106.4164738578715,-0.12905197
112.5992859239952,0.051965073
188.2998176949356,-0.1774373
188.2998176949356,-0.34393108
191.0414887439485,-0.22783244
195.451468548024,-0.17501518
193.1126855299547,-0.14593126
107.4101180895406,-0.02276069
187.2485477506866,0.16204275
196.9700178190189,-0.20510384
107.5853159867198,0.07929595
195.451468548024,-0.083568424
116.188178371516,0.118050106
195.451468548024,-0.17843962
107.4101180895406,0.24719307
196.9700178190189,0.0036591853
112.0244118782512,0.075339735
103.7447431214784,-0.3025386
187.2485477506866,0.2162272
187.2485477506866,0.16835225
276.9039954584068,-0.030076269
276.9039954584068,0.06673169
116.7545491822112,0.08729839
187.2485477506866,-0.0069853244
186.0630269224294,0.073363066
195.451468548024,0.03771205
103.7447431214784,-0.06359716
116.188178371516,0.046571698
186.0630269224294,0.055105027
106.0727756400072,-0.047009055
277.1405325149242,0.474266
195.451468548024,-0.27962115
112.5992859239952,0.07944567
188.2998176949356,-0.33141524
112.5992859239952,0.25522503
189.7240479988971,-0.2667186
186.0630269224294,0.15715243
106.577636016138,0.05170866
110.056913956187,0.09767294
188.2998176949356,-0.13827685
106.0727756400072,0.055499878
277.7011388113657,0.051600672
196.9700178190189,-0.29424456
186.0630269224294,0.055661354
107.4101180895406,0.14472593
186.0630269224294,0.051650196
122.5042298788697,0.054375302
193.1126855299547,-0.36643752
195.451468548024,-0.16904508
278.6082817937599,0.0733978
187.0125888573417,0.06444442
109.9480086958482,0.02740334
195.451468548024,-0.04936826
197.3488026935816,-0.019158304
110.056913956187,0.16191253
187.2485477506866,0.21101283
188.2998176949356,-0.21780226
187.0125888573417,0.04582946
109.8196341639771,0.1569587
188.2998176949356,-0.12138599
106.952771334059,0.1855844
107.1539686726064,-0.013917906
188.2998176949356,-0.2443989
187.0125888573417,-0.04660622
197.3488026935816,-0.08350318
276.9477066756423,-0.3147098
106.952771334059,-0.0065979147
109.8196341639771,0.041697912
106.577636016138,0.12545173
103.7447431214784,-0.2611716
187.2485477506866,0.30395746
195.2049422402298,-0.3247354
108.1592269976745,-0.05341646
187.2485477506866,0.06809818
195.2049422402298,-0.24367054
189.7240479988971,-0.09324516
106.952771334059,0.24082409
112.5992859239952,0.086508945
188.2998176949356,-0.25099662
116.2192045005754,0.06901683
106.0727756400072,-0.10386891
197.3488026935816,-0.076060355
278.6082817937599,0.35425794
187.0125888573417,-0.09011284
195.451468548024,-0.12551394
106.952771334059,0.042440712
110.056913956187,0.0019337526
187.2485477506866,0.09464064
186.0630269224294,0.006835652
106.4164738578715,-0.015771274
187.2485477506866,0.30986744
107.9609077494667,0.055192236
191.1767204981559,-0.05009071
193.1126855299547,-0.46681267
116.7545491822112,0.05532625
272.5330194201419,0.23143178
106.3644518347447,-0.042172834
193.1126855299547,-0.28910148
191.1767204981559,-0.21259068
187.2485477506866,0.19502705
195.451468548024,-0.07003439
186.0630269224294,0.03154629
110.056913956187,0.007851153
187.419098055674,0.0076556364
188.2998176949356,-0.17855999
110.056913956187,0.03111852
188.2998176949356,-0.16533834
191.0414887439485,-0.3297496
106.4164738578715,-0.025485544
107.4101180895406,-0.105640784
191.0414887439485,-0.09334355
109.8968757818925,0.08261389
112.5992859239952,0.09416963
195.451468548024,-0.22671759
188.2998176949356,-0.24175963
195.2049422402298,-0.19343217
195.451468548024,-0.2446059
187.2485477506866,0.064361274
106.9991289866339,-0.12610166
103.7447431214784,-0.09457663
186.0630269224294,0.0708054
276.9477066756423,-0.016252024
197.3488026935816,-0.2225265
278.6082817937599,0.19232747
195.451468548024,-0.11998813
274.2758623545001,-0.20743966
110.056913956187,0.14035873
191.0414887439485,-0.13062839
188.783576376697,0.06748872
107.5853159867198,0.21539022
105.2490472299035,-0.18817066
196.9700178190189,-0.1027461
274.2758623545001,-0.28224245
110.056913956187,-0.0075685265
106.1021411931076,-0.027845686
112.5992859239952,0.113687955
107.4101180895406,0.07092567
197.3488026935816,-0.05332725
112.5992859239952,0.06782916
107.4101180895406,-0.02905919
191.0414887439485,-0.3638168
189.7240479988971,-0.36256334
108.419481966606,-0.03596983
188.2998176949356,-0.20964432
195.451468548024,-0.17355898
107.4101180895406,0.028604176
196.9700178190189,-0.13173838
106.577636016138,-0.057973396
106.952771334059,0.25943848
188.2998176949356,-0.20864077
189.7240479988971,-0.2870096
188.2998176949356,-0.27014723
187.614026870642,-0.06630868
106.577636016138,0.22454932
187.2485477506866,0.10345491
277.1405325149242,-0.092941634
187.2485477506866,0.16055621
197.3488026935816,-0.052041348
122.5042298788697,0.09808965
188.2998176949356,-0.3404561
107.5853159867198,-0.015689444
187.2485477506866,0.28192812
186.0630269224294,0.15786092
110.056913956187,0.069221385
191.0414887439485,-0.38192043
272.5330194201419,-0.22780125
186.0630269224294,0.014409138
110.056913956187,-0.037567865
278.6082817937599,0.209261
112.5992859239952,0.18257739
195.451468548024,-0.0850202
116.7545491822112,0.0437784
193.1126855299547,-0.23713969
197.3488026935816,-0.07662855
188.2998176949356,-0.46094796
197.3488026935816,-0.04229304
277.1405325149242,-0.154095
189.7240479988971,-0.13601838
109.4626129590327,0.17338061
112.5992859239952,0.19286065
278.6082817937599,0.34999812
186.0630269224294,0.11930835
193.1126855299547,-0.13784735
187.2485477506866,-0.05083673
110.056913956187,0.07754737
106.577636016138,0.3003686
193.1126855299547,-0.36697075
106.952771334059,-0.02056913
195.451468548024,-0.2023006
106.577636016138,0.030169271
193.1126855299547,-0.2951145
191.0414887439485,-0.3226686
188.2998176949356,-0.09158254
106.9552834807568,0.030018127
188.2998176949356,-0.16425003
107.4101180895406,0.18012625
109.4626129590327,0.05963134
187.0125888573417,0.15081726
195.451468548024,-0.10673628
186.0630269224294,0.054030705
195.451468548024,-0.1895432
107.4101180895406,0.116732225
277.2869303826127,0.07979772
106.4164738578715,-0.042386312
186.0630269224294,0.038536344
187.2485477506866,-0.10747839
189.7240479988971,-0.3216438
107.9609077494667,-0.033347636
107.1539686726064,0.107105866
109.8196341639771,0.10451319
107.1539686726064,-0.034594342
195.451468548024,-0.15694772
110.056913956187,-0.084178895
125.3372568829002,-0.10278954
195.451468548024,-0.051505618
112.5992859239952,-0.08502122
187.614026870642,-0.022299347
277.1405325149242,0.16116324
188.2998176949356,-0.31402946
187.2485477506866,0.21160653
106.9552834807568,0.021796554
186.0630269224294,0.068966694
276.9477066756423,-0.09607336
191.0414887439485,-0.33562127
188.2998176949356,-0.15402116
272.5330194201419,-0.22369514
186.0630269224294,0.05264722
188.2998176949356,-0.17639707
110.056913956187,0.04877538
103.7447431214784,-0.39502773
188.2998176949356,-0.3245257
186.0630269224294,0.15498325
197.3488026935816,-0.20807481
186.0630269224294,0.14293976
191.1767204981559,-0.23509471
188.2998176949356,-0.288856
107.5853159867198,0.14246778
109.4626129590327,0.056769088
110.056913956187,0.041373726
112.5992859239952,0.13055785
106.4164738578715,-0.13742216
276.9477066756423,-0.021069296
186.0630269224294,0.03050768
106.0727756400072,-0.09690414
110.056913956187,-0.07325462
187.2485477506866,0.035867546
109.9480086958482,0.18162678
187.2485477506866,0.1356707
115.6993358680767,-0.0693124
109.9480086958482,0.021058545
195.451468548024,-0.244977
197.3488026935816,-0.13927558
106.4164738578715,-0.062220108
186.0630269224294,0.072273
275.8490294326924,-0.27856407
186.0630269224294,0.033028416
191.1767204981559,-0.15654962
106.0727756400072,-0.17659324
186.0630269224294,-0.029857915
107.1539686726064,-0.06313708
195.2049422402298,-0.2251961
189.7240479988971,-0.33808246
193.1126855299547,-0.24389265
195.451468548024,-0.12439205
188.2998176949356,-0.3859057
187.2485477506866,0.15752503
191.1767204981559,-0.30304113
110.056913956187,0.12884809
106.5980085684648,0.0013682339
187.2485477506866,0.1864613
187.0125888573417,0.15899807
188.2998176949356,-0.25241214
116.188178371516,-0.13315691
187.0125888573417,0.11486598
112.5992859239952,0.06345861
188.2998176949356,-0.30026957
107.1539686726064,0.18132773
109.4626129590327,0.031695697
189.7240479988971,-0.1408652
110.056913956187,-0.13012107
109.4626129590327,0.08171792
273.2895274192491,-0.05822032
109.4626129590327,0.10492355
109.4626129590327,-0.0050679957
187.2485477506866,0.15551597
187.2485477506866,0.102520436
276.9039954584068,-0.092479825
188.2998176949356,-0.072279744
106.9552834807568,-0.27821824
109.4626129590327,0.060224235
109.8196341639771,0.016366746
186.0630269224294,0.14015453
109.8196341639771,0.031974196
188.2998176949356,-0.245794
188.2998176949356,-0.1711219
106.9552834807568,0.029276304
109.4626129590327,0.12551397
273.2895274192491,0.003932707
106.4164738578715,-0.026351271
188.783576376697,0.031442523
188.2998176949356,-0.3867936
110.056913956187,0.021700207
277.1405325149242,-0.07928398
195.451468548024,-0.2011059
106.577636016138,0.11911599
186.0630269224294,0.12236849
277.1405325149242,-0.17314039
188.2998176949356,-0.22304946
275.7895660228427,-0.15788652
112.5992859239952,-0.12532426
193.1126855299547,-0.1263902
103.6988069564512,0.103994675
106.3644518347447,-0.1288531
195.2049422402298,-0.2996713
107.4101180895406,0.11617859
195.451468548024,-0.08444333
109.8196341639771,0.09681638
107.4101180895406,0.22596815
106.0727756400072,0.010277523
195.451468548024,-0.119131766
193.1126855299547,-0.20907716
197.3488026935816,-0.069865145
195.2049422402298,-0.20023206
187.419098055674,0.004629364
110.056913956187,0.10070823
197.3488026935816,-0.19663453
186.0630269224294,0.033263847
110.056913956187,-0.02881773
188.2998176949356,0.0037477305
278.6082817937599,0.27107027
186.0630269224294,0.08546598
107.9609077494667,0.033920754
195.451468548024,0.014754408
107.1539686726064,0.05647131
116.6010685283568,-0.011615588
106.952771334059,0.118581414
187.2485477506866,0.09117892
197.3488026935816,0.06039778
195.451468548024,-0.031845145
187.2485477506866,0.22169966
109.9480086958482,0.19360586
276.9477066756423,-0.28484774
197.3488026935816,-0.19663453
105.7712870257849,-0.19838935
106.4164738578715,0.032846898
191.1767204981559,-0.091476135
103.7447431214784,-0.07660782
110.056913956187,-0.03342462
197.3488026935816,-0.15167348
105.2490472299035,-0.045326483
189.7240479988971,-0.07164164
191.0414887439485,-0.10683356
106.4164738578715,-0.13236251
276.9477066756423,-0.13770393
193.1126855299547,-0.39717397
278.6082817937599,0.21393229
187.2485477506866,0.04463903
186.0630269224294,0.003236458
106.5980085684648,-0.020313576
106.577636016138,0.122993656
187.2485477506866,0.12475717
188.783576376697,-0.044314325
110.056913956187,0.0030188803
109.8968757818925,-0.0154102035
106.4164738578715,-0.054145914
187.2485477506866,0.2211657
186.0630269224294,0.14503019
186.0630269224294,0.15551676
186.0630269224294,0.25419274
186.0630269224294,0.09386174
187.614026870642,0.053535905
106.952771334059,-0.01719668
112.5992859239952,0.017207678
103.7447431214784,0.038534395
187.2485477506866,0.05566898
188.2998176949356,-0.29929817
278.6082817937599,0.22129431
187.419098055674,0.12274246
116.6010685283568,0.033375915
188.2998176949356,-0.16022268
195.451468548024,0.01137617
107.5853159867198,0.09259764
188.2998176949356,0.0042459443
107.9609077494667,0.09381031
196.9700178190189,-0.35391477
187.614026870642,0.039320618
196.9700178190189,0.040750295
107.5853159867198,0.121156886
195.451468548024,-0.20982938
187.614026870642,-0.046026796
106.0727756400072,-0.21542045
106.0727756400072,-0.23182912
186.0630269224294,0.062720545
106.952771334059,0.06406096
187.2485477506866,0.22132452
106.1021411931076,-0.15636154
116.188178371516,0.20290278
195.451468548024,0.03526888
111.2653495585551,0.089013666
191.0414887439485,-0.34342083
113.819924176831,0.13569626
188.2998176949356,-0.15739454
107.4101180895406,0.112126194
186.0630269224294,0.020246793
186.0630269224294,0.07191577
188.2998176949356,-0.2724048
187.2485477506866,0.15096788
116.6010685283568,0.0817557
112.5992859239952,0.15773329
197.3488026935816,-0.18322287
195.451468548024,-0.11323041
187.2485477506866,0.12883487
188.2998176949356,-0.25268236
277.1405325149242,-0.0359122
195.451468548024,-0.16022754
106.952771334059,0.08649553
106.952771334059,-0.09074254
195.2049422402298,-0.23251235
116.188178371516,0.02408066
110.056913956187,-0.000452517
186.0630269224294,0.05700651
109.8968757818925,0.16674042
109.4626129590327,0.1332044
107.4101180895406,0.09020711
106.952771334059,-0.042569097
106.9552834807568,0.025000833
196.9700178190189,-0.21196109
103.7447431214784,-0.062164776
107.5853159867198,0.25518122
187.614026870642,0.003248339
276.9039954584068,0.052367333
275.8490294326924,-0.38083237
195.451468548024,-0.15740766
186.0630269224294,-0.018194526
188.2998176949356,-0.16042069
109.4626129590327,0.02545882
109.4626129590327,0.033758804
191.0414887439485,-0.14458714
195.2049422402298,-0.18260035
107.9609077494667,0.042390913
187.2485477506866,0.22812325
106.577636016138,0.11019132
187.0125888573417,0.18842997
187.2485477506866,0.119718626
106.0727756400072,-0.22849609
188.2998176949356,-0.00018764794
187.2485477506866,0.092740946
106.952771334059,0.02133984
110.056913956187,0.07115563
191.0414887439485,-0.30705222
280.6221636523277,0.8301449
187.419098055674,0.07997061
108.419481966606,0.113847576
112.5992859239952,0.12028294
106.0727756400072,-0.35087216
187.2485477506866,0.21638127
103.7447431214784,-0.49217597
189.7240479988971,-0.2956967
186.0630269224294,0.02411171
106.1021411931076,-0.1676983
105.7712870257849,-0.07860061
186.0630269224294,0.043080192
110.056913956187,-0.07785856
125.3372568829002,0.017115563
112.5992859239952,0.11617964
188.2998176949356,-0.20277536
110.056913956187,0.09342893
186.0630269224294,0.077997506
125.3372568829002,0.042673603
110.056913956187,0.06547175
106.952771334059,0.1887699
110.056913956187,-0.033422995
186.0630269224294,0.17157401
106.9552834807568,0.022187391
195.2049422402298,-0.32961532
107.5199760489703,0.036131527
107.1539686726064,0.23487638
188.2998176949356,-0.40307832
275.8490294326924,-0.12431656
103.7447431214784,-0.12822671
107.4101180895406,0.20039763
107.5853159867198,0.089453004
186.0630269224294,0.008610458
110.056913956187,0.16612141
191.0414887439485,-0.24738786
189.7240479988971,-0.06130014
187.0125888573417,0.039168153
106.9552834807568,0.09454933
187.2485477506866,-0.0030205273
112.5992859239952,0.11869742
272.5330194201419,-0.2556257
112.5992859239952,0.12944677
109.8196341639771,0.115367986
108.1592269976745,0.11879125
109.9480086958482,0.074807815
110.056913956187,-0.056507494
112.0244118782512,-0.057014614
189.7240479988971,-0.15831429
106.9552834807568,0.019107517
187.2485477506866,0.12607282
112.5992859239952,0.02699215
112.5992859239952,0.08289333
107.9609077494667,0.056100074
107.5853159867198,0.14752564
106.577636016138,0.06488973
278.6082817937599,0.21530962
186.0630269224294,0.13681152
188.2998176949356,-0.19041692
195.451468548024,-0.16818067
188.2998176949356,-0.30754507
191.0414887439485,-0.22466786
107.4101180895406,-0.110388525
278.6082817937599,0.40328383
193.1126855299547,-0.37683508
116.188178371516,0.08696103
188.2998176949356,-0.22160433
191.1767204981559,-0.0037081556
191.1767204981559,-0.17599098
188.2998176949356,-0.23982058
106.577636016138,0.22788864
109.8196341639771,-0.034632843
106.577636016138,0.010224706
107.4101180895406,0.10001668
272.5330194201419,-0.2607299
277.7011388113657,0.41239965
191.1767204981559,-0.33426678
109.9480086958482,0.13487445
103.7447431214784,-0.18240434
188.2998176949356,-0.11328116
186.0630269224294,0.046455793
189.7240479988971,-0.22483052
103.7447431214784,-0.21496972
272.5330194201419,-0.098895356
110.056913956187,0.09222488
277.1405325149242,-0.053486757
125.3372568829002,0.07902747
112.5992859239952,0.0963455
107.4101180895406,-0.038036257
278.6082817937599,0.61629415
187.0125888573417,-0.038248267
186.0630269224294,0.19530733
106.952771334059,-0.03352919
188.783576376697,-0.17042206
195.451468548024,-0.12298898
107.1539686726064,0.053887382
186.0630269224294,0.093197405
186.0630269224294,0.23743424
191.0414887439485,-0.35608318
106.9991289866339,-0.1072543
112.5992859239952,0.3460977
195.451468548024,-0.16844703
195.451468548024,-0.10117998
109.4626129590327,0.009525358
195.2049422402298,-0.29885697
116.188178371516,0.15214515
107.9804068082134,-0.042600006
109.9480086958482,-0.02620767
187.614026870642,-0.08058974
116.6010685283568,-0.0008094394
109.4626129590327,0.09859354
106.0727756400072,-0.1493938
188.2998176949356,-0.23245603
195.451468548024,-0.2627782
195.451468548024,-0.20994917
189.7240479988971,-0.1975658
113.819924176831,0.039797958
109.4626129590327,0.10951241
187.0125888573417,0.104740776
110.056913956187,0.18992522
109.4626129590327,0.18048176
195.451468548024,-0.19174346
109.4626129590327,0.17233834
186.0630269224294,0.16455325
187.419098055674,-0.086456425
110.056913956187,0.008078717
187.0125888573417,0.13041908
277.7011388113657,0.43533573
187.419098055674,-0.08045936
106.9991289866339,-0.00035298202
193.1126855299547,-0.29240498
191.0414887439485,-0.3108953
189.7240479988971,-0.3361522
278.6082817937599,0.2397026
109.9480086958482,0.09543918
187.0125888573417,0.08506855
272.5330194201419,-0.27774578
107.5199760489703,0.13772635
196.9700178190189,-0.097156584
195.451468548024,-0.11035407
195.451468548024,-0.27791834
106.0727756400072,-0.15200892
109.4626129590327,0.2063063
107.5853159867198,0.25744054
105.2015884238383,-0.16637845
196.9700178190189,-0.1271526
107.5853159867198,0.027738
188.2998176949356,-0.213746
110.056913956187,0.15512899
106.1021411931076,-0.1452663
193.1126855299547,-0.069093175
186.0630269224294,0.07370699
110.056913956187,-0.043874394
112.5992859239952,0.034828927
277.1405325149242,-0.16189305
116.188178371516,0.030099167
107.5199760489703,-0.0663293
112.5992859239952,0.07923645
187.614026870642,0.10327902
106.952771334059,0.038052246
195.451468548024,-0.1576685
187.2485477506866,0.0010041525
193.1126855299547,-0.22635597
188.2998176949356,-0.055858012
112.5992859239952,0.22198784
106.577636016138,0.12713562
188.2998176949356,-0.29125294
116.7545491822112,0.02919077
107.4101180895406,0.09770667
106.577636016138,0.090351835
195.2049422402298,-0.25992274
106.4164738578715,-0.03866263
277.7011388113657,0.17040467
196.9700178190189,-0.27195603
187.419098055674,-0.06912106
188.783576376697,-0.05166396
110.056913956187,0.0941955
186.0630269224294,-0.032516062
193.1126855299547,-0.2706797
188.2998176949356,-0.19187224
197.3488026935816,0.041210465
112.5992859239952,0.17868634
272.5330194201419,-0.29933894
107.1539686726064,0.08348785
195.2049422402298,-0.22192307
186.0630269224294,0.0506336
191.0414887439485,-0.26156756
106.952771334059,0.19990622
187.2485477506866,0.04368893
193.1126855299547,-0.0034151673
278.6082817937599,0.14673598
107.5853159867198,0.28210217
191.1767204981559,-0.13296197
106.577636016138,0.118974045
191.1767204981559,-0.16928692
110.056913956187,0.025111537
187.2485477506866,0.1859561
106.577636016138,-0.097885676
195.451468548024,-0.045620676
197.3488026935816,-0.048257124
195.451468548024,-0.1897647
107.5853159867198,0.09356367
197.3488026935816,-0.22009052
103.7447431214784,-0.06681427
188.2998176949356,-0.25455704
193.1126855299547,-0.21512778
107.4101180895406,0.1812101
188.2998176949356,-0.2565416
112.0244118782512,0.01920042
187.2485477506866,0.21059541
278.6082817937599,-0.021060295
105.2490472299035,-0.07863435
103.7447431214784,-0.30585793
106.577636016138,0.14125983
195.451468548024,-0.2972543
195.2049422402298,-0.2769961
186.0630269224294,0.18313271
107.4101180895406,0.15910468
188.2998176949356,-0.05413703
191.1767204981559,-0.14575696
110.056913956187,0.025498942
187.2485477506866,0.18096802
195.2049422402298,-0.20573859
197.3488026935816,-0.101419
187.2485477506866,0.22048643
186.0630269224294,0.08018799
193.1126855299547,-0.24397166
195.451468548024,-0.21083045
122.5042298788697,0.056892116
195.2049422402298,-0.24046995
195.451468548024,-0.19989294
276.9477066756423,0.08238487
186.0630269224294,0.08204316
186.0630269224294,0.08560432
193.1126855299547,-0.16205978
110.056913956187,0.0394407
189.7240479988971,-0.29001746
108.419481966606,0.06565624
195.2049422402298,-0.15994795
107.5853159867198,0.10962014
106.1021411931076,-0.14906499
107.9609077494667,0.024627088
106.577636016138,0.23631138
110.056913956187,0.0009987722
188.2998176949356,-0.11969359
186.0630269224294,0.19414225
109.4626129590327,0.106900536
197.3488026935816,-0.040707488
186.0630269224294,0.014305571
275.8490294326924,-0.26494607
275.8490294326924,-0.11184789
188.2998176949356,-0.17900553
277.1405325149242,-0.14489724
112.5992859239952,0.090671316
110.056913956187,0.060083006
106.9991289866339,-0.1286335
191.1767204981559,-0.15018725
195.451468548024,-0.1703671
125.3372568829002,-0.034367345
106.9991289866339,-0.094820894
280.6221636523277,0.53067243
196.9700178190189,-0.20464103
191.1767204981559,-0.25513583
111.9129912709682,0.19540589
187.0125888573417,0.12368992
109.9480086958482,0.22709589
110.056913956187,-0.014505694
106.0727756400072,-0.12702233
187.0125888573417,0.02793719
188.783576376697,-0.1842359
196.9700178190189,-0.07139687
195.451468548024,-0.33508095
188.2998176949356,-0.24093898
106.1021411931076,-0.12728399
109.9480086958482,0.0059197587
275.8490294326924,-0.36109826
107.5853159867198,0.08557128
187.2485477506866,0.12311229
187.2485477506866,0.28829953
109.4626129590327,0.0030891392
106.952771334059,-0.044326197
189.7240479988971,-0.21085149
186.0630269224294,-0.03223977
110.056913956187,0.07455716
110.056913956187,-0.039762057
188.2998176949356,-0.25156173
187.2485477506866,0.14351587
274.2758623545001,-0.34386134
187.2485477506866,0.035867546
189.7240479988971,-0.23228663
195.451468548024,-0.0737296
191.1767204981559,-0.24677208
107.9609077494667,0.065142274
193.1126855299547,-0.20365366
187.0125888573417,0.041549444
186.0630269224294,0.11272679
276.9477066756423,0.0013490955
187.614026870642,-0.014937265
188.2998176949356,-0.3370561
197.3488026935816,-0.031404663
188.2998176949356,-0.26118428
195.451468548024,-0.1200272
197.3488026935816,0.07283155
275.8490294326924,-0.22697099
187.614026870642,-0.10233702
195.451468548024,-0.2840419
187.2485477506866,-0.005692361
195.2049422402298,-0.26954424
103.7447431214784,-0.07468827
107.1539686726064,0.04079839
277.1405325149242,-0.13580327
189.7240479988971,-0.22750714
186.0630269224294,0.032398544
187.614026870642,-0.01825101
188.2998176949356,-0.29253426
107.1539686726064,0.069477394
191.1767204981559,-0.16316086
276.9477066756423,0.043142986
188.2998176949356,-0.27572367
106.3644518347447,0.080686904
116.7545491822112,0.036339387
187.2485477506866,0.19999734
197.3488026935816,-0.13417773
107.4101180895406,0.09206696
195.451468548024,-0.07943318
108.1592269976745,0.14596453
186.0630269224294,0.15954037
112.5992859239952,0.057878714
106.577636016138,-0.047005825
195.451468548024,-0.14064954
193.1126855299547,-0.22056457
188.783576376697,-0.10388786
107.4101180895406,0.1477882
106.0727756400072,-0.22020017
197.3488026935816,-0.06622222
187.2485477506866,0.089750886
186.0630269224294,0.10190253
196.9700178190189,-0.17121641
103.7447431214784,-0.10651958
112.5992859239952,0.21014161
191.1767204981559,-0.23087499
105.2490472299035,-0.16218738
186.0630269224294,0.025853528
107.9609077494667,0.021028554
116.6010685283568,0.012469162
106.4164738578715,-0.008417623
107.4101180895406,0.049574524
106.952771334059,0.11360344
111.2653495585551,0.08160505
107.5853159867198,0.12887576
186.0630269224294,0.02472695
112.5992859239952,0.14433989
196.9700178190189,-0.09825812
186.0630269224294,-0.053060334
191.0414887439485,-0.15469258
187.2485477506866,0.1012605
187.2485477506866,0.2912192
195.451468548024,-0.15744966
187.2485477506866,0.30939505
109.4626129590327,0.117414325
195.451468548024,-0.08575221
188.783576376697,-0.21011414
195.2049422402298,-0.29772487
197.3488026935816,-0.045062117
106.577636016138,0.24629246
110.056913956187,-0.08150713
106.9991289866339,0.013323193
106.0727756400072,-0.16130477
186.0630269224294,0.0054980903
112.5992859239952,0.101104334
110.056913956187,0.1539848
274.2758623545001,-0.12889928
188.2998176949356,-0.16120994
188.2998176949356,-0.17893659
107.5853159867198,0.082453124
109.8196341639771,0.14574544
193.1126855299547,-0.29035375
197.3488026935816,-0.051433254
186.0630269224294,-0.018444007
195.451468548024,-0.17617819
277.1405325149242,0.08267531
107.1539686726064,0.40428743
112.5992859239952,0.13291551
275.7895660228427,-0.041436184
187.0125888573417,0.043039985
187.2485477506866,0.14211115
278.6082817937599,0.12905765
186.0630269224294,0.07583607
187.0125888573417,-0.01857755
107.1539686726064,0.043578144
188.2998176949356,-0.1937584
109.4626129590327,0.109117456
110.056913956187,-0.0371295
188.2998176949356,-0.2812486
188.2998176949356,-0.22519448
187.2485477506866,0.03924472
106.952771334059,0.0045893737
278.6082817937599,0.25536194
109.8968757818925,-0.097863905
108.419481966606,0.09369319
125.3372568829002,-0.033895705
106.4164738578715,0.03201854
275.7895660228427,-0.0916534
187.2485477506866,0.13737032
186.0630269224294,-0.04345631
195.451468548024,-0.10903541
122.5042298788697,0.043361094
187.2485477506866,0.07195778
191.0414887439485,-0.2959746
105.7712870257849,-0.14293422
188.783576376697,-0.1696008
110.056913956187,0.020750882
109.4626129590327,0.15951787
187.2485477506866,0.23022579
278.6082817937599,0.17254014
115.6993358680767,-0.015358744
187.2485477506866,-0.061452553
189.7240479988971,-0.21152703
106.952771334059,0.03183184
109.4626129590327,0.08325619
107.5853159867198,0.066511825
106.0727756400072,-0.15920644
189.7240479988971,-0.10110134
195.451468548024,-0.19602858
188.783576376697,-0.011681429
109.9480086958482,0.03477626
191.0414887439485,-0.29059786
278.6082817937599,0.26267043
191.1767204981559,-0.31949717
197.3488026935816,-0.16216193
108.419481966606,0.038223054
106.4164738578715,0.035787355
109.4626129590327,-0.03180973
197.3488026935816,-0.23780909
107.5853159867198,0.15750097
187.614026870642,-0.08058974
277.1405325149242,-0.075886935
107.5199760489703,-0.042264517
195.2049422402298,-0.3196266
106.0727756400072,-0.026117474
186.0630269224294,-0.0980997
107.5853159867198,0.026450716
195.451468548024,-0.21656904
106.952771334059,0.0653918
275.8490294326924,-0.33758807
113.819924176831,0.042654686
195.2049422402298,-0.36407712
109.4626129590327,0.21578437
186.0630269224294,-0.02620274
107.1539686726064,0.052404482
106.577636016138,0.17432995
195.451468548024,-0.1462369
115.6993358680767,0.03476263
188.2998176949356,-0.30708665
116.7545491822112,0.106792085
109.8196341639771,0.009673904
187.2485477506866,0.10141715
187.2485477506866,0.3241045
191.0414887439485,-0.23287779
103.6988069564512,0.40315652
187.2485477506866,0.040381715
189.7240479988971,-0.22373441
191.1767204981559,0.026073176
110.056913956187,-0.017891413
109.9480086958482,0.11136384
109.8968757818925,0.08216338
197.3488026935816,-0.20005682
109.4626129590327,0.10204559
107.9609077494667,-0.041105006
107.5853159867198,0.23262218
109.4626129590327,0.1262005
110.056913956187,-0.07063102
106.0727756400072,-0.10587932
106.952771334059,-0.009299387
106.1021411931076,-0.2626314
106.9991289866339,-0.07755608
107.5199760489703,0.078601465
187.2485477506866,0.13176166
186.0630269224294,0.13279498
107.5853159867198,0.12872382
106.952771334059,-0.093837716
277.1405325149242,-0.10041128
109.4626129590327,0.0709186
187.2485477506866,0.0649322
197.3488026935816,-0.14602122
109.8196341639771,0.09870142
195.2049422402298,-0.28241524
197.3488026935816,-0.0043376377
107.5853159867198,0.06485259
106.9552834807568,0.15728968
191.1767204981559,-0.1153881
109.4626129590327,0.17627884
195.451468548024,-0.0057032583
106.952771334059,-0.009173032
197.3488026935816,-0.07540649
105.7712870257849,-0.21674234
189.7240479988971,-0.15387961
106.0727756400072,-0.22090188
195.2049422402298,-0.24791695
188.783576376697,-0.26168892
277.1405325149242,0.095794305
195.2049422402298,-0.21939674
195.2049422402298,-0.17983234
195.451468548024,-0.07615914
196.9700178190189,-0.22092605
186.0630269224294,0.11852468
107.9804068082134,-0.06931061
107.1539686726064,-0.0073975106
106.952771334059,0.15206616
103.7447431214784,0.020068962
193.1126855299547,-0.23563182
110.056913956187,0.040798035
115.3254069712001,0.03789114
107.5853159867198,0.09731691
187.2485477506866,0.22892097
186.0630269224294,0.1437308
107.5853159867198,0.13604884
189.7240479988971,-0.08801676
186.0630269224294,0.023710653
112.5992859239952,0.21901056
109.4626129590327,0.15611552
188.2998176949356,-0.30008507
197.3488026935816,-0.2367158
109.4626129590327,0.010119269
186.0630269224294,0.12425177
186.0630269224294,0.014898844
109.4626129590327,0.04111652
195.451468548024,-0.15210004
189.7240479988971,-0.23050445
187.2485477506866,0.09926032
107.4101180895406,0.05352566
187.2485477506866,-0.00569095
277.7011388113657,0.18735152
186.0630269224294,0.17161782
186.0630269224294,-0.036116682
272.5330194201419,-0.2653362
107.5853159867198,0.039141554
191.1767204981559,-0.15878095
186.0630269224294,0.1350603
107.9609077494667,0.0025719116
186.0630269224294,0.09613008
109.4626129590327,0.13464054
191.0414887439485,-0.3375116
196.9700178190189,-0.09781882
106.0727756400072,-0.085339345
106.1021411931076,-0.1746645
275.8490294326924,-0.21140523
278.6082817937599,0.31691495
106.0727756400072,-0.17176446
189.7240479988971,-0.17661844
186.0630269224294,0.14774504
103.6988069564512,0.109906085
106.952771334059,0.042480297
106.9991289866339,-0.19188175
195.2049422402298,-0.2892601
278.6082817937599,0.20972365
109.9480086958482,0.029090667
106.1021411931076,-0.20148799
105.2490472299035,-0.3957309
106.4164738578715,-0.17017028
109.4626129590327,0.03831398
106.0727756400072,-0.011718592
110.056913956187,0.030278362
107.4101180895406,-0.028854558
188.2998176949356,-0.19675948
272.5330194201419,-0.13968812
186.0630269224294,0.04721249
107.9609077494667,0.081547886
187.419098055674,-0.04603245
193.1126855299547,-0.32291198
186.0630269224294,-0.06361582
187.0125888573417,0.11525353
187.419098055674,-0.027056847
188.2998176949356,-0.25866073
188.2998176949356,-0.30479193
187.419098055674,0.0040942254
186.0630269224294,0.062035855
277.1405325149242,-0.21118724
111.2653495585551,-0.19592817
197.3488026935816,-0.080192514
187.0125888573417,0.12454927
187.0125888573417,0.092023164
187.2485477506866,0.1679885
106.9552834807568,0.14979
107.4101180895406,0.052143835
188.2998176949356,-0.2897169
196.9700178190189,-0.24449949
110.056913956187,0.06658426
187.2485477506866,0.19359657
186.0630269224294,0.13789718
280.6221636523277,0.3412432
187.614026870642,0.04833629
186.0630269224294,0.055789314
106.0727756400072,-0.38354328
106.577636016138,0.09204121
191.1767204981559,-0.16934438
191.0414887439485,-0.15865184
195.2049422402298,-0.2662095
188.2998176949356,-0.28517923
105.8683632534452,0.31280726
186.0630269224294,0.07861364
186.0630269224294,0.098618455
106.1021411931076,-0.057632565
107.1539686726064,0.17215969
115.3254069712001,-0.00053943397
195.451468548024,-0.24773972
188.2998176949356,-0.2546074
196.9700178190189,-0.027634868
186.0630269224294,0.17521301
106.4164738578715,-0.18170051
197.3488026935816,-0.014164259
189.7240479988971,-0.28762552
110.056913956187,0.037149906
109.9480086958482,0.069745995
193.1126855299547,-0.16155984
272.5330194201419,-0.271172
187.0125888573417,-0.08098714
107.5199760489703,0.047998033
187.419098055674,-0.06462443
107.9609077494667,0.16891429
186.0630269224294,0.00408277
105.4859909518081,0.16091958
108.1592269976745,0.12998953
189.7240479988971,-0.22957
106.4164738578715,0.051322464
186.0630269224294,0.032836247
277.7011388113657,0.5623961
186.0630269224294,0.06741768
274.2758623545001,-0.29754582
106.952771334059,-0.019916555
188.2998176949356,-0.28086185
188.2998176949356,-0.15734339
106.9552834807568,0.057044573
107.4101180895406,0.081416234
106.9991289866339,0.053700767
106.4164738578715,0.040238325
187.419098055674,0.084345356
106.952771334059,0.011326214
191.0414887439485,-0.3043231
186.0630269224294,0.011466667
109.8196341639771,0.03698287
197.3488026935816,-0.023423055
186.0630269224294,0.11463425
106.952771334059,-0.075663485
106.577636016138,-0.0634738
187.614026870642,-0.058036853
109.4626129590327,0.10441892
196.9700178190189,-0.08235951
106.952771334059,0.028631924
186.0630269224294,0.06698673
106.952771334059,0.3336525
188.2998176949356,-0.1917905
277.2869303826127,-0.1383079
107.4101180895406,0.052015286
196.9700178190189,-0.22884567
106.577636016138,0.012156341
193.1126855299547,-0.056560583
106.4164738578715,0.0026728045
188.2998176949356,0.16516958
106.4164738578715,-0.12600328
186.0630269224294,-0.014341183
109.4626129590327,0.10195323
275.8490294326924,-0.08066022
187.2485477506866,0.12848444
186.0630269224294,0.07478872
125.3372568829002,0.0060774805
196.9700178190189,-0.23111643
109.4626129590327,0.12941097
189.7240479988971,-0.1830012
195.451468548024,-0.21726318
195.451468548024,-0.31000003
196.9700178190189,-0.23758043
106.4164738578715,-0.17843625
191.0414887439485,-0.28223646
191.1767204981559,-0.15718408
197.3488026935816,-0.04381448
196.9700178190189,-0.24852441
187.419098055674,-0.08951951
105.7712870257849,0.032245316
106.952771334059,0.03407759
105.2490472299035,-0.1502888
105.7712870257849,-0.21005806
106.952771334059,0.20883968
103.7447431214784,-0.051683784
193.1126855299547,-0.20347619
191.1767204981559,-0.27929038
193.1126855299547,-0.1987282
187.2485477506866,0.140816
188.2998176949356,-0.42142266
196.9700178190189,-0.042537685
105.8683632534452,0.22034319
106.0727756400072,-0.12373953
187.2485477506866,0.073345974
195.2049422402298,-0.24867657
188.2998176949356,-0.24076766
275.8490294326924,-0.33792484
106.577636016138,-0.019035062
106.577636016138,0.013955644
108.1592269976745,0.11644008
187.2485477506866,0.112717316
106.4164738578715,-0.007007439
106.0727756400072,-0.2225503
196.9700178190189,-0.20028168
103.7447431214784,-0.09764746
106.3644518347447,-0.038606826
106.952771334059,0.1911761
106.577636016138,0.08938241
186.0630269224294,0.22603811
116.6010685283568,0.0341218
112.5992859239952,0.18669738
110.056913956187,-0.12636161
195.451468548024,-0.0008197937
277.1405325149242,0.48826852
196.9700178190189,-0.124759644
191.1767204981559,-0.15906459
196.9700178190189,0.03468068
107.1539686726064,0.22015424
195.451468548024,-0.17918386
107.5853159867198,0.18707368
196.9700178190189,-0.32446167
186.0630269224294,0.039569847
278.6082817937599,0.017318813
191.1767204981559,-0.18084642
191.1767204981559,-0.31973276
112.5992859239952,0.19939932
189.7240479988971,-0.25191122
107.5199760489703,0.0069558285
277.1405325149242,0.40182188
188.2998176949356,-0.34812105
197.3488026935816,0.07291098
115.7623327141752,-0.12170181
196.9700178190189,-0.120838106
187.2485477506866,0.045644097
193.1126855299547,-0.18210419
105.2490472299035,-0.46351394
187.614026870642,-0.025836885
106.577636016138,0.19620992
186.0630269224294,0.033076346
107.1539686726064,0.10996664
107.4101180895406,0.013115737
188.783576376697,0.07524895
191.1767204981559,-0.16732508
112.0244118782512,-0.12627096
188.2998176949356,-0.20976923
277.1405325149242,-0.05240361
107.9609077494667,-0.04219028
189.7240479988971,-0.22359098
191.1767204981559,-0.22213835
186.0630269224294,0.024679333
186.0630269224294,-0.011613213
111.2653495585551,0.0042421734
107.1539686726064,0.04642194
188.783576376697,0.008015183
278.6082817937599,0.34153786
195.2049422402298,-0.30351356
112.5992859239952,0.05535133
106.4164738578715,0.11578674
106.4164738578715,-0.14603327
195.2049422402298,-0.23899235
186.0630269224294,0.009005551
187.2485477506866,0.29458132
187.2485477506866,0.15801114
278.6082817937599,0.23450539
273.7518509405115,-0.099711746
107.1539686726064,0.080182195
191.1767204981559,-0.22584818
106.0727756400072,-0.15605849
187.2485477506866,-0.021249637
195.2049422402298,-0.19501057
110.056913956187,0.07503989
107.9609077494667,0.030320289
188.2998176949356,-0.28810325
193.1126855299547,-0.2311334
106.577636016138,0.019866923
195.451468548024,-0.21807809
106.0727756400072,-0.19046776
108.419481966606,0.039044634
107.4101180895406,0.19423768
187.2485477506866,0.25176802
106.4164738578715,0.09674986
106.9991289866339,-0.21766873
110.056913956187,-0.012497774
186.0630269224294,0.050529018
105.2490472299035,-0.049125277
186.0630269224294,0.03475991
106.1021411931076,-0.074183576
109.8196341639771,0.06400896
107.5853159867198,0.1314397
280.6221636523277,0.48020655
186.0630269224294,0.05508222
187.2485477506866,-0.0534619
276.9477066756423,-0.4662656
195.451468548024,-0.22264493
193.1126855299547,-0.19531102
277.1405325149242,-0.109674335
106.4164738578715,-0.016246788
186.0630269224294,0.02585427
186.0630269224294,0.1401601
107.5853159867198,0.15711945
195.451468548024,-0.20249446
188.2998176949356,-0.13476858
109.8196341639771,0.05458735
193.1126855299547,-0.37317193
193.1126855299547,-0.3608108
106.9991289866339,0.007844649
189.7240479988971,-0.26995745
188.2998176949356,-0.312698
195.2049422402298,-0.3616283
106.952771334059,0.19604762
107.5853159867198,0.0936398
191.0414887439485,-0.23665303
188.2998176949356,-0.46241277
125.3372568829002,0.006658158
112.5992859239952,0.0813417
186.0630269224294,0.10259229
106.577636016138,-0.06777335
191.0414887439485,-0.10632465
195.451468548024,-0.26105314
113.6707909357408,-0.06359953
186.0630269224294,0.026987296
188.783576376697,-0.14085546
278.6082817937599,0.098884314
106.577636016138,0.059771292
110.056913956187,-0.050515965
106.4164738578715,-0.09406468
108.419481966606,-0.028777448
103.7447431214784,-0.10305192
112.5992859239952,0.19377339
195.451468548024,-0.18177849
276.9039954584068,0.017901896
110.056913956187,0.025961213
195.451468548024,-0.18946272
110.056913956187,0.01671008
109.4626129590327,-0.02104225
197.3488026935816,-0.15150467
186.0630269224294,0.06351449
109.8968757818925,0.19935004
189.7240479988971,-0.23323753
109.4626129590327,0.07172684
197.3488026935816,-0.14498726
110.056913956187,0.06433597
188.2998176949356,-0.25795606
186.0630269224294,0.030334175
191.0414887439485,-0.32613665
103.7447431214784,-0.06036424
106.9552834807568,0.12819828
191.1767204981559,-0.12821983
187.419098055674,-0.05326006
106.577636016138,0.121043235
195.451468548024,-0.08406445
186.0630269224294,0.031702094
116.2192045005754,0.12122404
187.2485477506866,0.21506011
187.2485477506866,0.14409995
193.1126855299547,-0.1542794
110.056913956187,0.065853596
193.1126855299547,0.068715714
109.8968757818925,-0.099029966
187.2485477506866,0.020132033
196.9700178190189,-0.42630252
125.3372568829002,0.017115563
186.0630269224294,0.08931849
110.056913956187,0.029701091
187.2485477506866,-0.0017055594
277.1405325149242,-0.14820391
186.0630269224294,0.033785436
195.451468548024,-0.15249735
112.5992859239952,0.11067378
106.9552834807568,0.14320189
188.2998176949356,-0.054131877
106.9991289866339,-0.16286619
107.4101180895406,0.08083039
276.9477066756423,-0.0072668195
196.9700178190189,-0.18012166
113.819924176831,0.11816237
119.7022049233447,0.053709887
110.056913956187,0.022252278
196.9700178190189,0.04180759
193.1126855299547,-0.17209095
276.9477066756423,-0.13851237
109.4626129590327,0.051209968
107.5853159867198,0.104246065
188.2998176949356,-0.24561708
187.2485477506866,0.19629778
107.1539686726064,0.095724076
105.2490472299035,-0.33808511
193.1126855299547,-0.2981886
196.9700178190189,-0.07332927
106.0727756400072,-0.31470025
186.0630269224294,0.12577726
191.0414887439485,-0.23598711
186.0630269224294,-0.013120489
107.4101180895406,0.059294365
195.451468548024,-0.21468352
196.9700178190189,-0.29765198
195.451468548024,-0.11281636
187.614026870642,-0.0019739124
106.577636016138,0.039085463
191.0414887439485,-0.28091523
187.2485477506866,0.29647654
186.0630269224294,0.14303556
110.056913956187,0.1083893
105.2490472299035,-0.47864333
112.5992859239952,0.25817037
195.2049422402298,-0.27924863
187.2485477506866,0.009563737
105.7712870257849,0.11591196
110.056913956187,0.0074592223
193.1126855299547,-0.19511525
122.5042298788697,0.014354915
189.7240479988971,-0.28560996
187.419098055674,0.21105163
103.7447431214784,-0.36685336
186.0630269224294,-0.06361582
109.8196341639771,0.113504775
278.6082817937599,0.07596235
188.2998176949356,-0.274805
106.4164738578715,0.052230377
187.2485477506866,0.13458501
188.2998176949356,-0.24955344
189.7240479988971,-0.33870733
275.8490294326924,0.11221541
191.0414887439485,-0.3167132
106.4164738578715,-0.073443025
112.0244118782512,-0.010830242
106.9552834807568,0.12688477
106.952771334059,0.04279119
187.2485477506866,0.07522449
189.7240479988971,-0.13657047
109.4626129590327,0.0946394
195.2049422402298,-0.25102925
106.9991289866339,-0.015108774
107.4101180895406,0.1377676
109.8196341639771,0.13967471
109.4626129590327,0.022665756
195.451468548024,-0.13710791
195.451468548024,-0.095497705
107.4101180895406,0.032056626
191.0414887439485,-0.23666272
112.5992859239952,0.25565726
186.0630269224294,0.04262709
195.451468548024,-0.09308677
191.0414887439485,-0.15916337
277.7011388113657,0.29317796
187.614026870642,-0.10892482
188.2998176949356,-0.13918507
106.4164738578715,-0.013792148
280.6221636523277,0.53651696
109.8196341639771,0.08406174
107.5853159867198,0.10471369
276.9477066756423,-0.24796599
106.577636016138,-0.05447804
195.2049422402298,-0.30758813
186.0630269224294,0.20929785
186.0630269224294,0.10338492
106.0727756400072,-0.15646444
191.0414887439485,-0.45103475
187.419098055674,0.13024944
195.451468548024,-0.1741463
186.0630269224294,0.036418766
103.7447431214784,-0.3009738
189.7240479988971,-0.12010674
113.819924176831,0.039084055
105.4859909518081,-0.15663742
280.6221636523277,0.4955368
187.2485477506866,0.30134588
107.5853159867198,0.14980794
188.2998176949356,-0.18595283
193.1126855299547,-0.20104548
188.2998176949356,-0.1331949
186.0630269224294,0.07669485
186.0630269224294,0.04685858
112.5992859239952,0.11901695
191.0414887439485,-0.24431258
105.7712870257849,-0.15180364
276.9477066756423,-0.1113596
188.2998176949356,-0.25345504
188.2998176949356,-0.32013783
187.2485477506866,-0.082266465
106.952771334059,0.020991685
112.5992859239952,0.15228347
189.7240479988971,-0.1145872
186.0630269224294,-0.013971435
106.952771334059,0.020638602
105.2490472299035,-0.27053228
195.451468548024,-0.27357346
187.2485477506866,0.2062702
278.6082817937599,0.27617034
109.4626129590327,-0.1067759
115.3254069712001,0.114426136
107.4101180895406,0.110590905
277.1405325149242,-0.0977887
188.2998176949356,-0.06697106
187.2485477506866,0.02150614
186.0630269224294,0.16020833
187.2485477506866,0.014236517
116.7545491822112,0.07222453
187.2485477506866,-0.030200383
187.614026870642,0.030477088
109.8196341639771,0.076089986
105.2015884238383,-0.28332716
103.7447431214784,-0.24028085
188.2998176949356,-0.379619
188.2998176949356,-0.1834391
186.0630269224294,-0.027607428
278.6082817937599,0.25402057
186.0630269224294,0.07253751
105.7712870257849,-0.23360048
186.0630269224294,0.073514506
196.9700178190189,-0.30412248
193.1126855299547,-0.118668266
106.4164738578715,-0.04046438
193.1126855299547,-0.36795783
193.1126855299547,-0.18106018
188.2998176949356,-0.22425261
106.577636016138,0.039523445
103.7447431214784,-0.0022171065
195.451468548024,-0.20903169
107.5853159867198,0.01803787
195.2049422402298,-0.21443887
106.9552834807568,0.08722657
195.451468548024,-0.08062976
106.0727756400072,-0.21906222
197.3488026935816,0.0042490633
106.577636016138,0.034626897
107.9609077494667,-0.008347657
106.9552834807568,0.043669336
189.7240479988971,-0.24176857
108.1592269976745,-0.029283503
186.0630269224294,0.07998951
107.4101180895406,-0.028026138
106.4164738578715,-0.062252793
188.2998176949356,0.15494832
107.4101180895406,0.1134096
103.7447431214784,-0.24001744
122.5042298788697,0.0133791175
196.9700178190189,-0.10269609
188.2998176949356,-0.14155418
107.5853159867198,0.0631627
188.2998176949356,-0.33744085
106.952771334059,0.021487052
188.2998176949356,-0.15702283
110.056913956187,-0.03582782
109.9480086958482,0.08293647
188.2998176949356,-0.23615092
106.9991289866339,-0.10975276
110.056913956187,-0.014184991
110.056913956187,0.053571805
110.056913956187,-0.023531241
275.8490294326924,-0.09980332
122.5042298788697,0.031359877
197.3488026935816,-0.039981227
189.7240479988971,-0.085596256
195.451468548024,-0.2449334
187.614026870642,-0.08806064
189.7240479988971,-0.14440857
188.2998176949356,-0.15954699
186.0630269224294,0.029363753
188.2998176949356,-0.30080548
106.9991289866339,-0.04923963
189.7240479988971,-0.26790074
188.2998176949356,-0.29651
188.2998176949356,-0.22657503
187.0125888573417,0.16021591
106.1021411931076,-0.18269141
188.2998176949356,-0.23279175
188.783576376697,-0.1375235
107.4101180895406,0.1447555
186.0630269224294,0.03704537
107.9609077494667,0.18344852
197.3488026935816,-0.21846527
187.0125888573417,-0.090313554
187.2485477506866,0.29583374
188.783576376697,0.055184893
188.2998176949356,-0.26345947
195.451468548024,0.015077992
187.614026870642,0.044512562
196.9700178190189,-0.08732067
188.2998176949356,-0.14800583
197.3488026935816,-0.24626312
272.5330194201419,-0.2065518
107.9609077494667,0.09919056
197.3488026935816,-0.10022245
277.1405325149242,0.22906311
191.1767204981559,-0.14004491
277.1405325149242,-0.20345412
191.0414887439485,-0.18395059
186.0630269224294,0.1363659
193.1126855299547,0.16789499
276.9039954584068,-0.016226094
106.577636016138,0.054332115
109.8196341639771,0.054677427
187.2485477506866,0.39294666
191.1767204981559,-0.070946835
188.2998176949356,-0.26907536
107.5853159867198,0.146421
187.614026870642,-0.06522824
195.2049422402298,-0.21215896
191.0414887439485,-0.3037319
195.451468548024,-0.042692926
187.2485477506866,0.048317418
189.7240479988971,-0.22011122
193.1126855299547,-0.20215723
107.4101180895406,0.06856505
197.3488026935816,-0.17585051
107.9609077494667,0.09794225
107.4101180895406,0.10113437
186.0630269224294,0.08736237
276.9039954584068,-0.14987604
193.1126855299547,-0.19511525
106.577636016138,0.1169038
122.5042298788697,0.03728017
105.2490472299035,-0.17048702
188.2998176949356,-0.33332384
106.952771334059,0.16205037
191.1767204981559,-0.07817131
188.2998176949356,-0.23463464
106.577636016138,0.23583992
106.9552834807568,0.11899572
188.2998176949356,-0.3289796
189.7240479988971,-0.16671924
196.9700178190189,-0.037027292
106.9552834807568,0.14392245
195.451468548024,0.009364398
105.7712870257849,-0.22200379
196.9700178190189,-0.23670939
122.5042298788697,-0.048800033
113.819924176831,-0.06223853
189.7240479988971,-0.32291397
112.0244118782512,-0.062423326
109.4626129590327,0.023249453
107.4101180895406,0.050114978
188.2998176949356,-0.46980894
110.056913956187,-0.0122303115
107.5853159867198,0.15876086
186.0630269224294,-0.021078242
186.0630269224294,0.07065694
105.4859909518081,-0.21303083
189.7240479988971,0.0034663565
186.0630269224294,0.092557475
106.1021411931076,-0.19754744
106.9991289866339,-0.06915076
106.9552834807568,0.09600956
106.9552834807568,0.0035684116
188.2998176949356,-0.24391606
110.056913956187,-0.056132782
191.0414887439485,-0.42743862
195.2049422402298,-0.3137038
188.2998176949356,-0.24480821
193.1126855299547,-0.20355871
187.0125888573417,0.058074944
109.4626129590327,0.058274206
105.2490472299035,-0.07458518
109.8968757818925,-0.02545646
107.5199760489703,0.057735167
186.0630269224294,0.0027336888
197.3488026935816,-0.008168164
112.5992859239952,0.090458244
113.819924176831,0.09075119
191.1767204981559,-0.27319625
109.4626129590327,0.01460942
106.0727756400072,-0.018634528
109.4626129590327,0.10538188
188.2998176949356,-0.2460332
109.4626129590327,0.11896885
276.9039954584068,-0.22954085
187.2485477506866,0.34074113
110.056913956187,0.09708025
186.0630269224294,0.14565158
109.8196341639771,0.07190938
105.2490472299035,-0.2505945
189.7240479988971,-0.2285894
106.952771334059,0.046486877
107.4101180895406,0.15473565
188.2998176949356,-0.03273716
191.1767204981559,-0.15208824
112.0244118782512,-0.042699758
278.6082817937599,0.18305153
110.056913956187,0.15204123
107.1539686726064,0.061648726
106.577636016138,0.09998738
193.1126855299547,-0.37259495
193.1126855299547,-0.29201916
188.2998176949356,-0.18041667
113.819924176831,0.093145564
112.5992859239952,0.06709589
186.0630269224294,-0.059967037
274.2758623545001,-0.24851535
106.0727756400072,-0.11726693
188.783576376697,-0.22964734
191.0414887439485,-0.30560833
277.7011388113657,0.14028278
110.056913956187,-0.09886338
195.451468548024,-0.10342063
191.0414887439485,-0.29673192
106.952771334059,0.19182856
107.4101180895406,0.10877112
188.2998176949356,-0.15533124
110.056913956187,0.048467215
278.6082817937599,0.39176247
188.2998176949356,-0.25875828
188.2998176949356,-0.3067144
195.451468548024,-0.08182478
188.2998176949356,-0.19102463
107.4101180895406,0.12215737
106.952771334059,0.0011018834
188.2998176949356,-0.36180347
195.451468548024,-0.2027116
272.5330194201419,-0.35314244
196.9700178190189,-0.18139036
106.577636016138,-0.017554605
187.2485477506866,-0.04973071
195.451468548024,-0.07670962
109.8968757818925,-0.056581642
189.7240479988971,-0.06361832
125.3372568829002,-0.09020136
106.952771334059,0.023803206
191.1767204981559,-0.31784117
106.577636016138,0.040770322
107.9804068082134,0.03625549
191.0414887439485,-0.33287415
111.2653495585551,0.039217684
107.5853159867198,0.09327163
189.7240479988971,-0.29542118
109.8196341639771,0.092841245
115.6993358680767,-0.07955521
188.2998176949356,-0.14315878
125.3372568829002,0.019563828
107.5853159867198,0.06637944
196.9700178190189,-0.04988151
187.2485477506866,0.31476936
106.577636016138,0.24895452
272.5330194201419,-0.12961349
110.056913956187,0.13616301
110.056913956187,0.115840584
188.2998176949356,-0.33828333
186.0630269224294,0.055225987
188.2998176949356,-0.20021161
107.4101180895406,0.08394378
106.952771334059,0.17393644
113.819924176831,0.034267724
110.056913956187,0.07307895
187.614026870642,-0.12308742
195.451468548024,-0.20893723
109.4626129590327,0.08065053
187.2485477506866,0.258008
113.819924176831,0.023618508
197.3488026935816,-0.20357677
106.577636016138,-0.107641235
195.451468548024,-0.08850083
111.2653495585551,0.11080141
186.0630269224294,-0.008497644
193.1126855299547,-0.3519834
107.1539686726064,0.044488586
106.9991289866339,-0.035894297
277.1405325149242,-0.03828994
191.1767204981559,-0.10242101
107.1539686726064,-0.05311245
122.5042298788697,-0.0035867197
195.451468548024,-0.20015335
196.9700178190189,0.031725734
188.2998176949356,-0.27501875
188.2998176949356,-0.19357468
186.0630269224294,0.07393425
106.9991289866339,-0.051659368
196.9700178190189,-0.2644834
195.2049422402298,-0.20802343
188.2998176949356,-0.271513
195.451468548024,-0.24309923
105.2490472299035,-0.33824918
112.5992859239952,0.11263981
274.2758623545001,-0.09319935
191.0414887439485,-0.19492018
195.2049422402298,-0.20915054
195.2049422402298,-0.18747142
193.1126855299547,-0.1919636
188.783576376697,-0.13194047
191.1767204981559,-0.17353275
110.056913956187,0.14260422
109.4626129590327,0.005816981
109.8196341639771,0.027560018
187.2485477506866,0.15776518
196.9700178190189,-0.14154157
188.2998176949356,-0.23635143
189.7240479988971,-0.21294096
275.8490294326924,-0.17182332
115.7623327141752,-0.099415876
195.2049422402298,-0.29644212
188.2998176949356,-0.14452188
188.783576376697,-0.06100442
189.7240479988971,-0.12556526
195.451468548024,-0.16436961
195.451468548024,-0.24326648
187.614026870642,-0.040285617
110.056913956187,-0.05472526
195.451468548024,-0.2099995
107.4101180895406,0.11284694
186.0630269224294,0.14398286
277.1405325149242,-0.15336849
187.2485477506866,0.13623519
116.188178371516,-0.06002655
112.5992859239952,0.034197886
188.2998176949356,-0.37775728
187.2485477506866,0.18803191
116.7545491822112,0.081669144
108.419481966606,0.06872952
187.0125888573417,0.021707952
186.0630269224294,0.022347273
110.056913956187,-0.008368266
272.5330194201419,-0.29370955
186.0630269224294,-0.029756414
105.2490472299035,-0.2169749
106.577636016138,-0.10025261
277.1405325149242,-0.057332534
188.2998176949356,-0.27338052
186.0630269224294,0.12485942
187.2485477506866,0.0871727
186.0630269224294,0.033594508
107.4101180895406,0.12610634
107.9804068082134,0.010362669
195.451468548024,-0.2547904
272.5330194201419,-0.27384412
107.5853159867198,0.085153975
115.3772125206836,0.094322495
106.4164738578715,-0.013866021
191.0414887439485,-0.307535
110.056913956187,0.13474813
106.9552834807568,0.055721097
106.4164738578715,0.046756197
186.0630269224294,0.03746278
106.4164738578715,-0.14169905
187.2485477506866,0.20286374
186.0630269224294,-0.040854957
125.3372568829002,-0.08551789
196.9700178190189,-0.15487707
191.0414887439485,-0.17442673
191.1767204981559,-0.22319707
188.2998176949356,-0.026573796
276.9039954584068,0.104201026
191.1767204981559,0.058168184
274.2758623545001,-0.3733325
106.952771334059,0.16755542
109.4626129590327,0.02891947
193.1126855299547,-0.022163136
186.0630269224294,0.14302406
187.2485477506866,0.25368655
188.2998176949356,-0.3059721
186.0630269224294,-0.008543309
195.451468548024,-0.21764356
186.0630269224294,0.09768744
103.7447431214784,-0.24665986
103.7447431214784,-0.28020924
113.819924176831,-0.026555607
106.4164738578715,-0.05168701
109.8196341639771,0.12608434
106.3644518347447,0.029370004
191.0414887439485,-0.2704004
195.451468548024,-0.17158705
109.9480086958482,0.10212923
191.1767204981559,-0.22182667
109.4626129590327,-0.08302899
107.4101180895406,0.17313524
106.0727756400072,-0.20188637
272.5330194201419,-0.24417317
280.6221636523277,0.5003587
191.1767204981559,-0.07540879
109.8196341639771,0.13177173
109.9480086958482,0.14071062
187.419098055674,0.07213719
197.3488026935816,-0.31246337
187.2485477506866,0.063048355
191.0414887439485,-0.16033849
103.7447431214784,-0.23297544
189.7240479988971,-0.20607412
186.0630269224294,0.109946035
276.9477066756423,-0.17427516
280.6221636523277,0.30791017
191.1767204981559,-0.16021109
108.1592269976745,-0.00943161
186.0630269224294,-0.0032106726
107.5853159867198,0.09467576
107.1539686726064,0.063200794
106.4164738578715,-0.04784714
188.2998176949356,-0.14609821
109.4626129590327,0.15780564
193.1126855299547,-0.18771183
195.451468548024,-0.19140232
187.2485477506866,0.147879
110.056913956187,0.14149785
187.614026870642,-0.034775183
103.7447431214784,-0.18582204
107.9609077494667,0.020235507
186.0630269224294,0.04965599
112.5992859239952,0.077701785
106.4164738578715,-0.051986814
106.0727756400072,0.06725313
191.1767204981559,-0.0025701437
196.9700178190189,-0.088482104
195.451468548024,-0.14635247
186.0630269224294,0.100457944
191.1767204981559,-0.15038002
186.0630269224294,-0.01651906
193.1126855299547,-0.25728872
109.4626129590327,0.121059544
109.4626129590327,0.25185096
186.0630269224294,0.07479451
106.0727756400072,0.0032264404
193.1126855299547,-0.34769696
106.9552834807568,0.1307904
107.5853159867198,0.121175595
193.1126855299547,-0.23589787
106.952771334059,0.12631904
116.6715459857229,-0.017221646
109.8196341639771,0.09995277
188.2998176949356,-0.19191343
187.2485477506866,0.0871727
106.0727756400072,-0.091128536
195.451468548024,-0.2202463
196.9700178190189,-0.07935075
107.1539686726064,0.05016857
116.188178371516,0.1069712
193.1126855299547,-0.015434464
106.9991289866339,0.040767685
191.1767204981559,0.16448076
107.5853159867198,0.14536111
106.9552834807568,0.044568177
107.5853159867198,0.11754846
187.419098055674,0.06176407
186.0630269224294,0.10631065
109.4626129590327,0.005424602
195.451468548024,-0.25366613
186.0630269224294,0.10300178
187.0125888573417,0.10056231
189.7240479988971,-0.32205662
195.451468548024,-0.22786093
195.2049422402298,-0.19892655
187.2485477506866,0.014894706
196.9700178190189,-0.22887494
106.1021411931076,-0.05927657
188.2998176949356,-0.22262202
191.0414887439485,-0.35239932
195.451468548024,-0.038712148
106.4164738578715,-0.15288624
278.6082817937599,0.21771435
109.8196341639771,0.09435585
106.577636016138,0.23288561
108.419481966606,0.04701184
109.4626129590327,0.14005204
195.451468548024,-0.30557978
116.188178371516,-0.13452037
276.9477066756423,-0.08438155
187.419098055674,-0.043701928
187.2485477506866,0.2128565
195.2049422402298,-0.31067893
186.0630269224294,-0.08980133
186.0630269224294,0.046958257
188.2998176949356,-0.21497682
109.4626129590327,-0.03702147
191.0414887439485,0.0076639056
191.1767204981559,-0.16581777
107.1539686726064,0.1672658
193.1126855299547,-0.4012256
195.451468548024,-0.25067058
108.1592269976745,0.117680475
107.4101180895406,0.13739513
106.1021411931076,-0.11038672
103.6988069564512,-0.18190658
276.9477066756423,-0.16942944
187.614026870642,-0.018451707
195.451468548024,-0.17354918
275.8490294326924,-0.26122627
187.2485477506866,0.26794213
122.5042298788697,0.09574228
186.0630269224294,0.037180208
195.451468548024,-0.27448332
187.0125888573417,0.1397909
186.0630269224294,0.07670024
187.2485477506866,0.16193046
107.4101180895406,0.12797372
107.5199760489703,-0.009468222
187.2485477506866,0.14057653
106.1021411931076,-0.2064835
116.188178371516,0.1711419
186.0630269224294,-0.013452586
106.952771334059,0.089759134
197.3488026935816,-0.04500571
107.5853159867198,0.10558873
195.451468548024,-0.22982472
195.451468548024,-0.09436488
275.8490294326924,0.060891464
107.1539686726064,0.117717735
276.9477066756423,-0.31967673
107.4101180895406,-0.019768834
109.4626129590327,0.051495966
112.5992859239952,0.011609049
273.7518509405115,-0.04513429
188.2998176949356,-0.2846953
274.2758623545001,-0.21691139
187.2485477506866,0.18952405
195.451468548024,-0.040721163
186.0630269224294,0.10780233
186.0630269224294,0.074308634
186.0630269224294,0.1726354
187.2485477506866,0.13471083
197.3488026935816,-0.09395277
195.451468548024,-0.30694434
107.9609077494667,0.028747758
186.0630269224294,0.03701755
107.4101180895406,0.06166634
193.1126855299547,-0.012432768
197.3488026935816,-0.13808861
277.1405325149242,-0.11726123
186.0630269224294,0.19045646
273.7518509405115,-0.031888507
109.4626129590327,0.10596965
188.2998176949356,-0.22319306
188.783576376697,-0.14702196
186.0630269224294,0.16234422
106.0727756400072,-0.22008479
187.2485477506866,0.17687315
188.2998176949356,-0.24642225
103.6988069564512,-0.13211362
107.5853159867198,0.1467233
197.3488026935816,-0.130184
277.1405325149242,0.19736637
186.0630269224294,0.01167205
186.0630269224294,-0.033863835
187.2485477506866,0.20408198
103.7447431214784,-0.35846156
186.0630269224294,-0.038810797
189.7240479988971,-0.28864118
193.1126855299547,-0.19167787
103.7447431214784,-0.31773698
110.056913956187,0.07182828
197.3488026935816,0.017920185
186.0630269224294,-0.0064713224
187.2485477506866,0.004303493
195.2049422402298,-0.34522435
186.0630269224294,-0.048956774
107.5853159867198,0.07288239
187.2485477506866,0.07316999
277.7011388113657,0.46057096
109.8196341639771,0.06935307
106.577636016138,0.464072
196.9700178190189,-0.24928185
110.056913956187,0.120620534
188.783576376697,-0.124093436
188.2998176949356,-0.17951828
112.5992859239952,0.14664766
197.3488026935816,-0.10834505
188.2998176949356,-0.1538296
113.819924176831,0.11735668
193.1126855299547,-0.25384805
107.1539686726064,0.13913229
195.2049422402298,-0.26711994
197.3488026935816,-0.15517479
191.0414887439485,-0.21504027
109.4626129590327,0.07470537
112.5992859239952,0.28044716
106.3644518347447,-0.09646594
109.4626129590327,0.19689569
109.4626129590327,0.09952397
277.1405325149242,0.22343813
191.0414887439485,-0.18858759
272.5330194201419,-0.2602557
187.419098055674,-0.01856178
193.1126855299547,-0.1971856
186.0630269224294,0.12782384
196.9700178190189,-0.18230419
106.4164738578715,-0.02715
186.0630269224294,0.20401938
116.6010685283568,0.04712291
107.9609077494667,-0.012879832
109.9480086958482,0.07689289
116.188178371516,-0.004162223
107.4101180895406,0.011197637
187.2485477506866,0.1515099
191.1767204981559,-0.12009359
116.188178371516,-0.021027783
187.0125888573417,0.10257815
112.5992859239952,0.20016596
119.7022049233447,-0.011931995
197.3488026935816,-0.12894411
188.2998176949356,-0.1863408
122.5042298788697,0.008775862
278.6082817937599,0.15395784
191.1767204981559,-0.121974416
106.952771334059,-0.021749346
193.1126855299547,-0.19566202
277.1405325149242,-0.09791476
187.2485477506866,-0.021895649
191.0414887439485,-0.34008902
186.0630269224294,0.1025433
186.0630269224294,0.038075138
189.7240479988971,-0.12426516
277.1405325149242,-0.13466191
191.1767204981559,-0.1833131
110.056913956187,-0.19093066
106.4164738578715,-0.006155501
195.2049422402298,-0.19924752
191.0414887439485,-0.31262204
191.1767204981559,-0.3972608
193.1126855299547,-0.28094536
107.1539686726064,0.13030162
110.056913956187,0.12580368
186.0630269224294,0.08643541
187.0125888573417,-0.005552637
106.952771334059,0.11690949
107.5853159867198,0.20003611
186.0630269224294,0.0830978
186.0630269224294,0.0689072
197.3488026935816,-0.12037371
103.7447431214784,-0.2845814
191.0414887439485,-0.38796005
197.3488026935816,-0.00031127484
110.056913956187,0.017727429
106.5980085684648,0.031798963
106.3644518347447,0.029816046
109.8196341639771,0.069331594
106.577636016138,0.12755737
112.0244118782512,0.14096731
193.1126855299547,-0.4682238
112.5992859239952,0.20179391
187.614026870642,-0.020782074
187.2485477506866,0.14388792
103.7447431214784,-0.32924315
188.2998176949356,-0.3127822
103.7447431214784,-0.41030592
186.0630269224294,0.032967612
106.952771334059,0.077798225
272.5330194201419,-0.1283753
110.056913956187,0.09335425
112.5992859239952,0.045132603
191.1767204981559,-0.2037644
106.577636016138,0.07375775
113.6707909357408,-0.022141663
107.5199760489703,-0.098591566
109.4626129590327,-0.14396589
191.1767204981559,-0.15585594
195.451468548024,-0.21140362
188.2998176949356,0.0067707947
187.2485477506866,0.23694533
191.1767204981559,0.3410878
191.1767204981559,0.025919206
107.5199760489703,-0.02952458
187.2485477506866,0.0058620144
191.0414887439485,-0.3600434
112.5992859239952,0.115874946
106.1021411931076,-0.3011932
191.0414887439485,-0.22034883
112.5992859239952,0.056030784
277.1405325149242,0.106845066
189.7240479988971,-0.09238848
189.7240479988971,-0.15349668
191.1767204981559,-0.16352019
186.0630269224294,-0.07481007
191.1767204981559,-0.12525922
109.4626129590327,-0.039555885
112.5992859239952,0.19011147
193.1126855299547,-0.4490608
280.6221636523277,0.2541206
196.9700178190189,-0.19577841
195.451468548024,-0.059920054
109.4626129590327,0.14425415
188.2998176949356,-0.16352934
109.4626129590327,0.09981455
110.056913956187,0.069211185
106.577636016138,0.31070298
193.1126855299547,-0.10937626
188.2998176949356,-0.21371517
188.2998176949356,-0.23951507
105.7712870257849,-0.21873714
107.4101180895406,-0.001729758
107.1539686726064,0.011026684
195.451468548024,-0.16056782
187.2485477506866,-0.03799099
112.5992859239952,0.114023626
186.0630269224294,0.08271626
196.9700178190189,-0.19905373
188.783576376697,-0.07737726
188.2998176949356,0.07937782
188.2998176949356,-0.2777533
106.952771334059,0.07064825
187.2485477506866,0.066138454
193.1126855299547,-0.18942286
106.952771334059,0.14203721
188.2998176949356,-0.26005787
188.2998176949356,-0.20552696
196.9700178190189,-0.28886795
106.4164738578715,-0.0658924
187.0125888573417,0.115129314
272.5330194201419,-0.23874986
276.9477066756423,-0.0988868
186.0630269224294,0.21570083
187.2485477506866,0.09463562
107.1539686726064,-0.024490077
272.5330194201419,-0.26435205
195.451468548024,-0.28336242
107.1539686726064,0.11276219
106.577636016138,0.20455392
197.3488026935816,0.06925858
277.1405325149242,-0.100419804
195.451468548024,-0.17060232
106.577636016138,0.25859553
188.783576376697,-0.020980284
191.0414887439485,-0.30574635
187.2485477506866,0.14931923
197.3488026935816,-0.0065770624
110.056913956187,0.001043663
272.5330194201419,-0.24715814
187.2485477506866,0.06369489
195.451468548024,-0.1121755
105.2490472299035,-0.11601618
186.0630269224294,0.05172708
112.5992859239952,0.34244373
110.056913956187,-0.026246227
278.6082817937599,0.36453274
272.5330194201419,-0.4553164
106.577636016138,0.39243737
188.2998176949356,-0.14712134
186.0630269224294,0.08065663
187.2485477506866,0.20679694
193.1126855299547,-0.30040747
278.6082817937599,0.50182515
188.2998176949356,-0.4050549
187.2485477506866,0.17546661
110.056913956187,-0.049277548
186.0630269224294,-0.06542465
197.3488026935816,0.061631393
187.614026870642,0.04897807
186.0630269224294,0.12061683
195.451468548024,-0.08324265
107.1539686726064,0.053086516
107.5853159867198,0.072376
188.2998176949356,-0.23324344
109.4626129590327,0.0606323
187.2485477506866,0.095091745
188.2998176949356,-0.13801038
107.4101180895406,0.21799158
193.1126855299547,-0.24221992
106.0727756400072,-0.19936961
186.0630269224294,-0.02326414
187.0125888573417,0.021488365
186.0630269224294,-0.057032876
116.188178371516,-0.061439022
188.2998176949356,-0.23539837
186.0630269224294,0.17663538
187.2485477506866,0.040269002
108.419481966606,0.105786584
110.056913956187,0.08208269
189.7240479988971,-0.08766579
189.7240479988971,-0.23798156
187.2485477506866,0.07032725
191.0414887439485,-0.42997918
187.419098055674,0.0014395437
189.7240479988971,-0.13895643
186.0630269224294,0.10557355
197.3488026935816,-0.09919593
105.7712870257849,-0.05634116
187.614026870642,-0.071580864
195.2049422402298,-0.1635849
191.1767204981559,-0.16934438
122.5042298788697,0.06859326
108.419481966606,0.14905863
187.0125888573417,0.16581203
107.9609077494667,0.11739852
110.056913956187,0.014088994
107.5199760489703,0.04670755
187.0125888573417,0.044381928
103.6988069564512,0.08512509
107.5853159867198,0.17615701
108.1592269976745,0.11589593
107.5853159867198,0.3149258
109.8196341639771,0.020652931
112.5992859239952,0.036285326
195.451468548024,-0.27885672
278.6082817937599,0.3509989
195.451468548024,-0.22293743
186.0630269224294,0.058633998
195.2049422402298,-0.2227715
191.1767204981559,-0.04491424
195.451468548024,-0.17545864
191.1767204981559,-0.09448094
106.952771334059,-0.07954526
113.819924176831,0.14748892
107.1539686726064,0.07299021
187.2485477506866,0.17474483
103.7447431214784,-0.14979652
109.4626129590327,0.0011179035
107.5853159867198,0.086721085
103.7447431214784,-0.29191828
187.2485477506866,0.3645744
107.5853159867198,0.17531349
105.2490472299035,-0.46790934
187.2485477506866,-0.021964243
188.2998176949356,-0.23959236
197.3488026935816,-0.120150626
195.451468548024,-0.17629614
110.056913956187,0.053736836
195.2049422402298,-0.16928196
188.2998176949356,-0.12266996
188.2998176949356,-0.24826945
196.9700178190189,-0.11051179
107.5853159867198,0.013279083
186.0630269224294,0.113544695
188.2998176949356,-0.27829003
186.0630269224294,0.031387977
106.0727756400072,-0.08271833
188.2998176949356,-0.13904889
110.056913956187,0.012817657
189.7240479988971,-0.23445003
107.4101180895406,0.000119432865
189.7240479988971,-0.2816797
186.0630269224294,0.12712084
106.9991289866339,-0.15545364
110.056913956187,0.0483438
195.451468548024,-0.069738895
106.952771334059,0.021395665
187.0125888573417,0.18181174
106.577636016138,0.035640884
187.2485477506866,0.1228567
107.1539686726064,0.10862997
112.5992859239952,0.2361095
110.056913956187,-0.021213207
110.056913956187,-0.073479585
107.9609077494667,0.016380666
191.1767204981559,-0.20865037
186.0630269224294,-0.018836278
112.5992859239952,0.20064549
188.783576376697,-0.2511838
195.451468548024,-0.13577007
107.1539686726064,0.11733225
107.9609077494667,-0.04237677
106.1021411931076,-0.17109612
195.451468548024,-0.18847282
115.3254069712001,0.025596144
187.0125888573417,0.0062425975
110.056913956187,0.13951825
107.4101180895406,0.04049359
191.0414887439485,-0.36331108
112.5992859239952,0.09860679
107.1539686726064,0.103554405
115.7623327141752,-0.084958136
189.7240479988971,-0.16059998
188.2998176949356,-0.0029612295
188.2998176949356,-0.23254919
189.7240479988971,-0.30073246
191.0414887439485,-0.45228273
186.0630269224294,0.027709305
187.2485477506866,0.29756474
277.1405325149242,0.5630123
107.1539686726064,0.17694147
191.1767204981559,-0.15931836
187.2485477506866,0.28543153
196.9700178190189,-0.2450991
188.2998176949356,-0.19221549
187.2485477506866,0.10226308
186.0630269224294,0.093557894
116.188178371516,-0.12355356
188.2998176949356,-0.033245865
189.7240479988971,-0.21824694
106.577636016138,0.20064446
188.2998176949356,-0.29651514
106.577636016138,0.06039793
272.5330194201419,-0.19015321
107.4101180895406,0.10528006
191.0414887439485,-0.41613197
110.056913956187,-0.018470172
195.451468548024,-0.088625275
188.2998176949356,-0.32428926
108.419481966606,0.114177756
196.9700178190189,-0.16987723
196.9700178190189,-0.17936376
195.451468548024,-0.09846032
193.1126855299547,-0.19734046
188.2998176949356,-0.109337665
106.0727756400072,-0.32169107
272.5330194201419,-0.33936194
106.0727756400072,-0.03339682
277.1405325149242,0.10255678
107.9609077494667,0.094547704
187.2485477506866,0.2274421
188.2998176949356,-0.0611573
106.0727756400072,-0.21515231
195.451468548024,0.016068446
187.2485477506866,-0.062314034
195.451468548024,-0.22710706
107.1539686726064,0.2625936
110.056913956187,0.19458711
109.9480086958482,0.03892861
110.056913956187,0.084737994
196.9700178190189,-0.042994693
105.2490472299035,-0.32408988
186.0630269224294,0.09216218
195.2049422402298,-0.24367054
195.2049422402298,-0.2682368
186.0630269224294,0.023747679
107.5853159867198,0.07676875
110.056913956187,0.024238078
276.9477066756423,0.06624548
280.6221636523277,0.40362293
187.2485477506866,0.12162955
186.0630269224294,-0.06831013
275.8490294326924,-0.22697099
187.2485477506866,0.089750886
106.0727756400072,-0.053470746
193.1126855299547,-0.14965042
188.2998176949356,-0.32495487
107.1539686726064,0.034031775
106.952771334059,0.22551855
186.0630269224294,-0.010610651
107.4101180895406,-0.005373492
191.1767204981559,-0.20493133
188.2998176949356,0.062726095
107.9609077494667,-0.012545915
106.577636016138,-0.07442157
193.1126855299547,-0.18596336
110.056913956187,-0.04644298
187.0125888573417,0.015575497
196.9700178190189,-0.20402126
107.5853159867198,0.12115951
188.2998176949356,-0.34059823
195.451468548024,-0.1771307
186.0630269224294,0.049018946
272.5330194201419,-0.036421336
195.2049422402298,-0.1377069
187.614026870642,0.028222393
116.6010685283568,0.048735857
195.451468548024,-0.28189012
275.8490294326924,0.0010601531
275.8490294326924,-0.26552254
106.0727756400072,-0.09057891
103.7447431214784,-0.08813334
191.0414887439485,-0.14489363
188.2998176949356,-0.28395835
197.3488026935816,-0.03211241
187.2485477506866,0.04825192
276.9477066756423,-0.33153057
187.614026870642,-0.035515144
187.0125888573417,0.08620363
112.0244118782512,0.024334982
109.9480086958482,-0.032349147
105.7712870257849,-0.12983666
109.4626129590327,0.17416677
106.0727756400072,0.050096884
191.0414887439485,-0.10165454
107.5853159867198,0.11310819
110.056913956187,0.011935218
188.2998176949356,-0.2421706
193.1126855299547,-0.17375381
110.056913956187,0.058432784
110.056913956187,0.15356109
107.1539686726064,0.0054094195
196.9700178190189,-0.080609016
105.7712870257849,-0.12057566
276.9039954584068,-0.002947385
188.2998176949356,-0.27853316
196.9700178190189,-0.3148506
109.4626129590327,0.0019808204
195.451468548024,-0.09196038
106.0727756400072,-0.2537467
107.1539686726064,0.059161987
116.6010685283568,0.0043275463
276.9477066756423,-0.014650001
106.952771334059,0.09555757
195.451468548024,-0.26324785
187.2485477506866,-0.012988936
188.2998176949356,-0.19262353
195.451468548024,-0.17321947
195.451468548024,-0.2942879
188.2998176949356,-0.30029443
189.7240479988971,-0.047941934
106.952771334059,-0.0054206136
191.0414887439485,-0.2516057
106.4164738578715,-0.12248924
186.0630269224294,0.19242127
106.952771334059,0.07804437
196.9700178190189,-0.25274473
106.1021411931076,-0.18069427
188.2998176949356,-0.3352186
187.614026870642,-0.059010655
110.056913956187,0.0913101
106.952771334059,0.070577376
277.1405325149242,0.015316629
187.2485477506866,0.18582183
106.4164738578715,-0.021267552
186.0630269224294,0.088118784
107.5853159867198,0.033075266
278.6082817937599,0.10926807
188.2998176949356,-0.23207399
275.8490294326924,-0.14665693
187.2485477506866,0.045568753
196.9700178190189,-0.1715437
107.9609077494667,-0.031288557
105.7712870257849,-0.053902403
195.451468548024,-0.23709095
109.4626129590327,0.06732087
191.0414887439485,-0.26233128
188.783576376697,-0.20083667
103.7447431214784,-0.2900517
187.2485477506866,0.20069452
191.1767204981559,-0.29785967
109.8196341639771,0.030215114
106.4164738578715,-0.064128466
195.451468548024,0.008233068
191.0414887439485,-0.3403369
186.0630269224294,-0.04055088
116.7029289541932,0.040723808
274.2758623545001,-0.20867968
188.2998176949356,-0.09934418
195.451468548024,-0.21124998
188.2998176949356,-0.30507034
272.5330194201419,-0.14040172
106.4164738578715,-0.15054727
195.2049422402298,-0.26448765
106.577636016138,0.09698394
187.2485477506866,0.13724631
109.4626129590327,0.07155213
110.056913956187,-0.0018503207
110.056913956187,-0.1336477
106.1021411931076,-0.1753198
116.2192045005754,0.14031346
187.2485477506866,0.04411566
106.952771334059,-0.0058838204
193.1126855299547,-0.33920857
187.614026870642,-0.089550726
106.577636016138,0.018224945
278.6082817937599,0.122398034
107.9609077494667,0.08310663
272.5330194201419,-0.31613794
110.056913956187,0.064168006
191.1767204981559,0.08453145
277.1405325149242,-0.025509851
109.8196341639771,0.06349437
112.5992859239952,0.23976481
106.577636016138,0.059198767
188.2998176949356,-0.17363799
189.7240479988971,-0.06972729
107.5853159867198,0.0808956
186.0630269224294,0.02261417
187.2485477506866,-0.014224447
106.1021411931076,-0.14969327
106.952771334059,0.06636212
191.0414887439485,-0.32879686
188.2998176949356,-0.29478192
191.1767204981559,-0.21234336
187.2485477506866,0.10694606
110.056913956187,0.13240452
106.577636016138,0.052974574
278.6082817937599,0.18451087
125.3372568829002,0.08359977
110.056913956187,0.11312169
107.5853159867198,0.1365217
191.0414887439485,-0.21967216
276.9039954584068,0.08083749
112.5992859239952,0.035357647
189.7240479988971,-0.061586846
186.0630269224294,0.11721815
106.577636016138,0.31163603
109.4626129590327,0.018140495
275.7895660228427,-0.11638406
187.2485477506866,0.19352561
105.8683632534452,0.049459346
272.5330194201419,-0.12458288
187.614026870642,-0.0024225349
188.2998176949356,-0.20577708
197.3488026935816,-0.13111909
191.1767204981559,-0.18831764
272.5330194201419,-0.245634
191.0414887439485,-0.27231953
107.5853159867198,0.12282443
187.2485477506866,-0.0011116663
191.1767204981559,-0.25322744
195.451468548024,-0.21140362
191.1767204981559,-0.24988799
188.783576376697,-0.13313834
186.0630269224294,-0.030345919
191.0414887439485,-0.21831852
196.9700178190189,-0.21631415
187.2485477506866,0.18015169
116.6010685283568,0.064221404
278.6082817937599,0.6058002
193.1126855299547,-0.19792919
189.7240479988971,-0.38418472
112.5992859239952,0.1538998
186.0630269224294,-0.06562477
105.2490472299035,-0.15012749
107.9609077494667,-0.099920645
109.4626129590327,0.1001988
186.0630269224294,0.20807527
197.3488026935816,-0.07017411
187.0125888573417,0.05684179
188.2998176949356,-0.16338459
109.4626129590327,0.1335489
106.9552834807568,0.27552563
188.783576376697,0.11427767
106.1021411931076,-0.13107617
195.2049422402298,-0.31862348
275.8490294326924,-0.21003872
106.1021411931076,-0.18581456
186.0630269224294,0.10855215
107.9609077494667,0.1209116
186.0630269224294,0.037577685
278.6082817937599,0.05226891
110.056913956187,-0.017520852
195.2049422402298,-0.28821674
187.0125888573417,-0.06075885
197.3488026935816,-0.08311728
277.1405325149242,-0.2889264
107.9609077494667,-0.044103794
272.5330194201419,-0.19228177
109.9480086958482,0.0599729
188.2998176949356,-0.25483724
195.451468548024,-0.15757903
110.056913956187,-0.04209536
107.1539686726064,-0.0008081158
107.4101180895406,0.09774689
106.0727756400072,-0.22724187
107.4101180895406,0.090637125
195.451468548024,-0.20200855
107.5853159867198,0.19322522
106.4164738578715,-0.09743088
186.0630269224294,0.035668448
106.952771334059,0.034627125
106.1021411931076,-0.10791476
189.7240479988971,-0.09523587
195.2049422402298,-0.16768558
196.9700178190189,-0.08672084
187.614026870642,0.0016245411
197.3488026935816,-0.050667148
272.5330194201419,-0.20678459
272.5330194201419,-0.22498065
107.5853159867198,0.028668908
106.9552834807568,-0.011570004
278.6082817937599,0.8737158
195.2049422402298,-0.19836514
186.0630269224294,0.047354583
188.2998176949356,-0.2849766
109.4626129590327,0.106900536
187.614026870642,0.00076794456
186.0630269224294,0.029266717
191.1767204981559,0.1754392
195.2049422402298,-0.21990506
189.7240479988971,-0.08804065
189.7240479988971,-0.26874453
116.188178371516,0.099710025
108.419481966606,-0.034370214
109.8196341639771,0.09872752
103.7447431214784,-0.39802063
106.0727756400072,-0.27263457
106.4164738578715,0.015012596
272.5330194201419,-0.34194827
193.1126855299547,-0.22041544
107.4101180895406,0.14311583
276.9477066756423,-0.4001184
187.2485477506866,0.11264754
106.1021411931076,-0.06908583
276.9039954584068,0.001821724
189.7240479988971,-0.37889132
107.9609077494667,0.03671217
103.7447431214784,-0.40146622
191.1767204981559,-0.19110335
278.6082817937599,0.15599394
191.0414887439485,-0.40371206
107.5199760489703,0.034236483
191.1767204981559,-0.33395573
278.6082817937599,0.49753922
106.577636016138,0.12614906
113.6707909357408,-0.03728454
106.577636016138,0.035586495
109.4626129590327,-0.019617928
191.1767204981559,-0.09057582
196.9700178190189,-0.12252167
111.9129912709682,-0.0872988
187.614026870642,0.06317538
191.1767204981559,-0.13020161
193.1126855299547,-0.23558815
195.451468548024,-0.1339196
108.419481966606,0.1520897
107.5853159867198,0.024136033
187.2485477506866,0.065670334
107.4101180895406,0.079962686
188.2998176949356,-0.27144134
188.2998176949356,-0.066773124
278.6082817937599,0.16246702
272.5330194201419,-0.18147162
195.2049422402298,-0.31793144
106.0727756400072,-0.114019044
107.9609077494667,-0.017855208
195.451468548024,-0.08405315
107.5853159867198,0.06545055
191.0414887439485,-0.16324139
109.8196341639771,-0.07618792
107.5853159867198,0.21521638
110.056913956187,0.029781697
193.1126855299547,-0.13325669
112.5992859239952,0.15906115
187.0125888573417,-0.038903058
106.4164738578715,-0.15276207
188.2998176949356,-0.22312318
191.1767204981559,0.07698196
189.7240479988971,-0.16671924
188.2998176949356,-0.1588049
188.2998176949356,-0.24819909
107.1539686726064,0.11298419
109.8968757818925,0.070704676
106.577636016138,0.21086633
188.2998176949356,-0.10748272
106.952771334059,0.031964127
106.577636016138,0.011970874
107.4101180895406,0.10913306
191.0414887439485,-0.13520862
110.056913956187,0.009820941
272.5330194201419,-0.25005513
195.451468548024,-0.20343949
188.783576376697,-0.23741916
188.2998176949356,-0.2814008
112.5992859239952,0.063753985
197.3488026935816,-0.06907915
106.577636016138,0.15417212
116.6715459857229,0.07367601
188.2998176949356,-0.2514581
103.7447431214784,-0.32706487
193.1126855299547,-0.33739287
110.056913956187,-0.0029089414
195.2049422402298,-0.35300466
191.0414887439485,-0.4458758
276.9477066756423,-0.21993126
277.1405325149242,-0.03675224
187.2485477506866,0.11635862
196.9700178190189,-0.23125166
109.8196341639771,0.088641204
189.7240479988971,-0.4047835
188.2998176949356,-0.3261188
191.1767204981559,-0.22407322
278.6082817937599,0.19587123
272.5330194201419,-0.32807055
106.1021411931076,-0.1190654
186.0630269224294,0.120005585
188.783576376697,-0.1748393
193.1126855299547,-0.4865458
195.451468548024,-0.25443733
186.0630269224294,-0.00029516505
187.0125888573417,0.0032737218
107.1539686726064,0.037492856
195.451468548024,-0.07003439
106.0727756400072,0.020456344
187.2485477506866,-0.021593617
106.577636016138,-0.076843746
106.952771334059,-0.0684825
189.7240479988971,-0.26790485
106.0727756400072,-0.18202914
109.8196341639771,0.055755734
107.5853159867198,0.17531471
108.419481966606,-0.009555586
106.0727756400072,-0.114049435
107.5853159867198,0.08887435
187.0125888573417,-0.051092025
197.3488026935816,-0.079774946
277.1405325149242,-0.032257784
186.0630269224294,0.15792459
188.2998176949356,-0.095816754
187.2485477506866,0.17904192
107.4101180895406,-0.11729501
187.614026870642,0.070740655
195.2049422402298,-0.29943615
107.5853159867198,0.09532357
187.2485477506866,-0.0026657844
187.2485477506866,0.29375187
197.3488026935816,-0.112355895
107.5853159867198,0.08073249
107.4101180895406,0.060609397
122.5042298788697,-0.033895705
195.451468548024,-0.08016615
188.2998176949356,-0.2222381
109.4626129590327,0.012856668
277.1405325149242,-0.004274478
188.2998176949356,-0.33230427
275.8490294326924,-0.20449153
187.614026870642,-0.07689473
107.1539686726064,0.08872877
106.577636016138,0.34097555
112.5992859239952,0.1110734
110.056913956187,0.07521092
191.0414887439485,-0.33387277
106.952771334059,0.018966606
110.056913956187,0.10324848
186.0630269224294,-0.019581554
110.056913956187,-0.027702775
196.9700178190189,-0.21265806
107.4101180895406,-0.03338018
195.451468548024,-0.17550555
195.451468548024,-0.20127605
193.1126855299547,-0.27049533
106.4164738578715,0.022305708
187.2485477506866,0.01984994
187.0125888573417,0.0716941
188.2998176949356,-0.1804861
109.4626129590327,0.11323621
107.9609077494667,0.06385522
105.2490472299035,-0.3677943
195.451468548024,-0.19104424
189.7240479988971,-0.26133978
272.5330194201419,-0.14363836
187.2485477506866,0.23277518
188.2998176949356,-0.31495643
186.0630269224294,-0.046830345
186.0630269224294,0.027832767
107.5853159867198,0.10876861
106.0727756400072,-0.19973436
107.5853159867198,0.08303508
191.0414887439485,-0.20693642
191.0414887439485,-0.25259206
187.614026870642,0.018306535
278.6082817937599,0.22076312
106.3644518347447,-0.078548245
106.1021411931076,-0.13872734
189.7240479988971,-0.24517767
109.4626129590327,0.12069561
106.0727756400072,-0.27059197
188.2998176949356,-0.2403397
195.2049422402298,-0.19836514
106.0727756400072,-0.25085753
109.4626129590327,0.23792228
188.2998176949356,-0.1820485
188.2998176949356,-0.13969691
187.614026870642,0.008240786
196.9700178190189,-0.16006924
186.0630269224294,0.08061215
109.8196341639771,0.044632275
188.2998176949356,-0.3275375
107.9609077494667,0.13363959
110.056913956187,0.08081264
110.056913956187,0.039475802
188.783576376697,-0.042179458
188.2998176949356,-0.35272875
186.0630269224294,-0.040998466
186.0630269224294,0.083324745
195.451468548024,-0.15523742
195.2049422402298,-0.23839897
107.1539686726064,0.04980558
195.2049422402298,-0.31652033
106.952771334059,-0.009118286
197.3488026935816,0.018079929
193.1126855299547,-0.26125643
116.6010685283568,0.07889857
106.952771334059,0.209325
193.1126855299547,-0.27291164
106.0727756400072,-0.15958983
122.5042298788697,-0.010458864
186.0630269224294,-0.04933928
106.9552834807568,0.0122950785
189.7240479988971,-0.23872235
110.056913956187,0.1216962
277.1405325149242,-0.2537258
110.056913956187,0.012342706
188.2998176949356,-0.10069108
195.451468548024,-0.026042692
110.056913956187,0.06057539
103.7447431214784,-0.2585559
112.5992859239952,-0.019742215
187.419098055674,0.14880858
107.4101180895406,0.18179128
277.1405325149242,0.34510475
193.1126855299547,-0.117793545
107.4101180895406,-0.0106809065
110.056913956187,0.009010061
109.4626129590327,-0.0051192096
195.451468548024,-0.038540944
188.2998176949356,-0.1725585
116.188178371516,0.063459046
110.056913956187,-0.028282888
187.2485477506866,0.11006334
191.1767204981559,-0.040098008
105.2490472299035,-0.014999155
187.0125888573417,0.14536232
278.6082817937599,0.19447541
107.4101180895406,0.09078625
111.2653495585551,0.0757958
195.451468548024,-0.014939996
187.2485477506866,0.06117764
106.577636016138,0.33811948
103.6988069564512,-0.34332907
189.7240479988971,0.134906
106.0727756400072,-0.1811364
272.5330194201419,-0.20990613
107.5853159867198,0.17593259
187.2485477506866,0.12581523
278.6082817937599,0.12873186
106.4164738578715,-0.049123526
188.2998176949356,-0.25096104
187.614026870642,-0.072958775
105.2490472299035,-0.21576306
188.783576376697,0.026017874
274.2758623545001,-0.2215261
187.2485477506866,-0.008920233
193.1126855299547,-0.26209965
195.2049422402298,-0.16764833
195.2049422402298,-0.302028
106.4164738578715,0.021305734
109.8968757818925,-0.006988883
195.2049422402298,-0.26796553
107.9609077494667,0.16051833
280.6221636523277,0.23666285
197.3488026935816,-0.12272596
188.2998176949356,-0.29027742
188.2998176949356,-0.13827956
188.2998176949356,-0.32829392
278.6082817937599,0.2307246
107.5853159867198,0.06619466
195.451468548024,-0.05645765
277.1405325149242,-0.050272796
277.7011388113657,0.28205702
106.577636016138,0.115883105
195.2049422402298,-0.13498478
112.0244118782512,-0.026352111
106.4164738578715,-0.07306619
106.952771334059,-0.014193457
109.4626129590327,0.04321558
187.2485477506866,0.17221767
110.056913956187,0.032602455
195.451468548024,-0.18331398
106.3644518347447,-0.005313145
191.0414887439485,-0.016683804
189.7240479988971,-0.20625696
187.614026870642,0.20176762
105.8683632534452,-0.21280237
197.3488026935816,-0.13460104
109.9480086958482,0.1935017
191.1767204981559,-0.24188466
191.0414887439485,-0.43272555
186.0630269224294,-0.05546133
187.419098055674,-0.052147415
103.7447431214784,-0.14488812
106.9552834807568,-0.0015824765
188.2998176949356,-0.23221804
106.9991289866339,-0.103112385
186.0630269224294,-0.003747737
106.577636016138,-0.03848518
106.577636016138,0.100477576
188.2998176949356,-0.07529833
107.4101180895406,-0.047932107
107.9609077494667,0.09380553
103.7447431214784,-0.084552646
112.5992859239952,0.03830881
191.0414887439485,-0.23115832
107.4101180895406,0.11724386
186.0630269224294,0.046602
107.9609077494667,0.024151988
195.451468548024,-0.03937548
280.6221636523277,0.30455214
187.2485477506866,0.16180243
109.8196341639771,0.092279054
187.614026870642,-0.010946262
109.9480086958482,0.016299352
188.2998176949356,-0.120229885
109.4626129590327,0.12388699
188.783576376697,-0.13865657
197.3488026935816,-0.05724541
195.451468548024,-0.01705541
278.6082817937599,0.107963525
109.4626129590327,0.11929212
187.0125888573417,-0.09596868
106.9552834807568,-0.076249614
187.419098055674,-0.029413264
110.056913956187,0.089466706
280.6221636523277,0.86937004
107.1539686726064,0.12101043
187.2485477506866,0.105122104
106.4164738578715,-0.05580942
187.0125888573417,0.13166176
106.0727756400072,-0.1374206
187.2485477506866,0.09671017
188.783576376697,-0.29521832
188.2998176949356,-0.22471112
193.1126855299547,-0.45072612
110.056913956187,-0.0064228703
187.419098055674,0.049454536
107.5853159867198,0.13793322
189.7240479988971,0.109047964
188.2998176949356,-0.26029456
108.419481966606,-0.07694081
110.056913956187,0.023211904
106.4164738578715,0.19076075
275.7895660228427,-0.058647808
188.2998176949356,-0.29497454
107.1539686726064,0.12570311
106.9552834807568,-0.07719123
109.9480086958482,0.026779892
188.783576376697,-0.1805607
187.614026870642,-0.10233702
106.4164738578715,-0.25602135
106.4164738578715,-0.08765086
188.2998176949356,-0.17845175
274.2758623545001,-0.32587075
196.9700178190189,-0.120981246
193.1126855299547,-0.18386224
195.451468548024,-0.2814488
277.1405325149242,0.066896915
107.4101180895406,0.1427226
107.1539686726064,0.07564786
193.1126855299547,-0.36359182
195.451468548024,-0.1729413
188.2998176949356,-0.20844042
106.0727756400072,-0.23135461
186.0630269224294,0.090344355
197.3488026935816,0.08464359
186.0630269224294,0.048330784
197.3488026935816,-0.24626312
186.0630269224294,-0.05702121
110.056913956187,0.060486976
106.577636016138,0.14413472
106.1021411931076,-0.24236524
186.0630269224294,0.089480385
116.7029289541932,0.016222628
277.1405325149242,0.37052506
187.2485477506866,0.027460536
197.3488026935816,-0.01763548
187.2485477506866,0.10280832
110.056913956187,0.0059333653
187.2485477506866,0.158016
188.783576376697,-0.11728447
112.5992859239952,0.10814123
106.4164738578715,-0.07097344
186.0630269224294,0.017337779
195.2049422402298,-0.1601375
106.4164738578715,-0.0057649566
191.1767204981559,0.12755543
195.451468548024,-0.104145184
278.6082817937599,0.25796643
187.2485477506866,0.20662697
189.7240479988971,-0.17734343
107.4101180895406,0.025773201
195.451468548024,-0.14184284
195.451468548024,-0.06855138
188.2998176949356,-0.2880178
186.0630269224294,-0.022170467
187.419098055674,-0.0044087055
195.2049422402298,-0.31375054
278.6082817937599,0.21064976
107.4101180895406,0.0738063
186.0630269224294,0.014135402
188.2998176949356,-0.2990651
191.1767204981559,-0.22453165
109.4626129590327,0.06424554
106.952771334059,0.15818273
106.577636016138,0.20565067
106.952771334059,0.17473498
187.0125888573417,0.1553896
195.451468548024,-0.17476496
186.0630269224294,0.25059047
188.2998176949356,-0.20415705
107.5853159867198,0.078324646
188.2998176949356,-0.21128353
195.451468548024,-0.05233966
109.8196341639771,0.07335191
188.2998176949356,-0.25906765
189.7240479988971,-0.08971364
276.9039954584068,0.047844507
276.9477066756423,-0.18891594
188.2998176949356,-0.23831716
106.1021411931076,-0.22002901
273.7518509405115,-0.077831574
110.5521500505515,0.008262284
277.1405325149242,0.08504659
186.0630269224294,0.040296387
187.0125888573417,0.012586498
107.4101180895406,0.10600829
106.577636016138,0.20520051
107.1539686726064,0.06671847
275.8490294326924,0.10383537
188.2998176949356,-0.17186321
273.7518509405115,0.008862165
195.2049422402298,-0.22747523
188.2998176949356,-0.22287212
187.614026870642,-0.11470075
189.7240479988971,-0.39192384
107.9609077494667,0.062928975
186.0630269224294,0.025277758
106.3644518347447,-0.021189513
186.0630269224294,0.24832599
106.577636016138,0.12570544
187.2485477506866,0.27251953
186.0630269224294,-0.033871382
188.2998176949356,-0.28174207
197.3488026935816,-0.19753279
186.0630269224294,-0.04915184
107.5853159867198,0.0738213
187.614026870642,-0.11246482
106.577636016138,0.0027322746
109.4626129590327,0.123778276
106.952771334059,0.15530254
116.2192045005754,0.06710417
195.2049422402298,-0.19510145
188.2998176949356,-0.21205582
195.451468548024,-0.107062936
191.0414887439485,-0.31824037
278.6082817937599,0.19453005
188.2998176949356,-0.09164469
189.7240479988971,-0.35365915
110.056913956187,0.045213185
116.6010685283568,0.012602861
187.2485477506866,0.014728227
188.2998176949356,-0.07014493
193.1126855299547,-0.20381562
274.2758623545001,-0.12919159
195.451468548024,-0.15275694
195.451468548024,-0.23037055
272.5330194201419,-0.2996625
106.577636016138,0.12965016
195.451468548024,-0.19983517
187.614026870642,-0.085687704
109.4626129590327,0.13051423
122.2527495895182,-0.078557365
189.7240479988971,-0.29713327
193.1126855299547,-0.36700818
187.2485477506866,0.1791834
188.2998176949356,-0.17852217
110.056913956187,0.07554981
278.6082817937599,0.23608153
191.0414887439485,-0.3757583
110.056913956187,-0.004870745
106.0727756400072,-0.3073285
187.2485477506866,0.20892882
107.1539686726064,0.028923735
197.3488026935816,-0.15182832
106.4164738578715,-0.08558496
195.451468548024,-0.260731
195.2049422402298,-0.25400117
197.3488026935816,-0.036041044
191.0414887439485,-0.26373106
195.451468548024,-0.24823242
106.952771334059,0.07283312
277.7011388113657,0.10927846
188.2998176949356,-0.25119624
195.2049422402298,-0.26307496
189.7240479988971,-0.30073246
193.1126855299547,-0.25060856
109.9480086958482,-0.09484309
188.2998176949356,-0.22655022
116.188178371516,0.123299144
109.4626129590327,0.12016468
110.056913956187,0.0473983
106.9991289866339,-0.13821125
106.0727756400072,-0.23841237
188.2998176949356,-0.18039112
195.451468548024,-0.13645555
107.5853159867198,0.09562822
277.1405325149242,0.31399068
112.5992859239952,0.1515565
191.0414887439485,-0.14342202
106.577636016138,-0.08637308
186.0630269224294,0.10224796
276.9477066756423,-0.27286357
188.2998176949356,-0.121504515
195.2049422402298,-0.29134333
197.3488026935816,-0.13581318
106.1021411931076,0.066278115
277.7011388113657,0.1392877
106.1021411931076,-0.20455815
106.9552834807568,0.055996556
196.9700178190189,-0.24441835
106.9991289866339,0.06631516
187.2485477506866,0.07321488
110.056913956187,0.028573252
193.1126855299547,-0.11166554
187.2485477506866,0.09754086
106.952771334059,0.053174105
195.451468548024,-0.2309219
195.2049422402298,-0.21496971
187.2485477506866,0.0924819
106.952771334059,0.11445147
188.783576376697,-0.17437552
193.1126855299547,-0.34059057
109.9480086958482,0.008018909
193.1126855299547,-0.26936808
107.5853159867198,0.10375553
106.0727756400072,-0.07541352
278.6082817937599,0.46001458
278.6082817937599,0.285787
191.0414887439485,-0.29828516
187.0125888573417,0.05462944
116.7545491822112,0.06376335
197.3488026935816,-0.14602122
187.2485477506866,0.12694645
112.5992859239952,-0.0043797945
197.3488026935816,-0.17753126
272.5330194201419,-0.340313
187.2485477506866,-0.0035906173
187.2485477506866,0.27150723
108.419481966606,0.093953535
188.2998176949356,-0.15177302
188.2998176949356,-0.2955491
106.952771334059,0.27839682
108.419481966606,0.11168791
107.5853159867198,0.0909844
188.2998176949356,-0.20850644
193.1126855299547,-0.20847654
191.1767204981559,-0.34014943
110.056913956187,0.073818155
191.0414887439485,-0.37450707
189.7240479988971,-0.22522128
187.2485477506866,0.26606753
277.1405325149242,0.26263294
112.5992859239952,0.108373284
187.2485477506866,0.1750073
187.2485477506866,0.07699095
110.056913956187,-0.12609115
107.5853159867198,0.12422717
195.451468548024,-0.3047667
187.2485477506866,0.25936475
196.9700178190189,-0.21089332
193.1126855299547,-0.20969887
187.2485477506866,0.077871405
186.0630269224294,0.056837916
109.4626129590327,0.13565142
110.056913956187,0.089290015
106.952771334059,0.094680086
112.5992859239952,0.10629908
116.188178371516,0.28841698
106.0727756400072,-0.16536094
195.451468548024,-0.16506478
275.7895660228427,-0.14558387
195.451468548024,-0.27659094
188.2998176949356,-0.19044416
106.0727756400072,-0.04757958
278.6082817937599,0.21901637
277.1405325149242,-0.1688538
112.5992859239952,0.042878732
106.577636016138,-0.0026825848
107.5853159867198,0.08840052
106.952771334059,0.18491447
193.1126855299547,-0.14591578
106.952771334059,0.067687705
111.9129912709682,-0.11759672
188.2998176949356,-0.2619186
188.2998176949356,-0.22887325
193.1126855299547,-0.19207507
188.2998176949356,-0.21801898
278.6082817937599,0.23766308
277.1405325149242,-0.07542094
107.5853159867198,0.089137495
272.5330194201419,-0.28704363
108.419481966606,0.0917504
186.0630269224294,-0.045181867
106.0727756400072,-0.2174002
186.0630269224294,-0.043043707
278.6082817937599,0.08740045
186.0630269224294,0.055316787
107.1539686726064,0.15634817
105.2015884238383,-0.24276151
107.5199760489703,0.021240097
187.419098055674,0.15467738
106.4164738578715,0.013378267
103.7447431214784,-0.047408186
186.0630269224294,0.045054194
186.0630269224294,0.2321044
193.1126855299547,-0.35137513
110.056913956187,0.013515405
191.0414887439485,-0.26504326
193.1126855299547,-0.21770595
187.2485477506866,0.067716114
278.6082817937599,0.12039074
187.0125888573417,0.08241721
195.451468548024,-0.06727629
186.0630269224294,0.012349584
186.0630269224294,0.064956985
277.1405325149242,-0.22341542
108.419481966606,0.064316414
110.056913956187,0.057380933
112.5992859239952,0.22070752
141.1624304554496,0.013095566
186.0630269224294,-0.0315532
188.2998176949356,-0.29982895
277.7011388113657,0.18987404
187.419098055674,0.113652304
187.2485477506866,0.1114521
187.614026870642,-0.059010655
109.4626129590327,0.08087154
188.2998176949356,-0.2542852
113.6707909357408,-0.029033124
107.9609077494667,-0.0039114044
275.8490294326924,-0.0639972
106.1021411931076,-0.13243501
105.8683632534452,0.025997456
107.5853159867198,0.024964264
106.9552834807568,-0.046359584
195.2049422402298,-0.30150878
110.056913956187,0.02257125
276.9477066756423,-0.108595535
110.056913956187,0.058739904
110.056913956187,0.10424331
191.0414887439485,-0.35000485
187.2485477506866,0.08456902
188.783576376697,0.04341653
275.8490294326924,-0.26120842
109.9480086958482,0.35545355
272.5330194201419,-0.14246134
106.577636016138,0.091889046
188.783576376697,-0.15526769
197.3488026935816,-0.069761775
186.0630269224294,0.04450804
106.4164738578715,-0.23642443
110.056913956187,-0.04493261
188.2998176949356,-0.11669179
110.056913956187,-0.016682645
186.0630269224294,0.002734682
191.0414887439485,-0.30059907
187.2485477506866,0.049852025
276.9477066756423,-0.18587224
111.2653495585551,0.022506079
109.8196341639771,0.16729847
195.451468548024,-0.12456025
186.0630269224294,0.027867554
191.0414887439485,-0.15803817
278.6082817937599,0.90285057
187.2485477506866,0.20275562
187.2485477506866,0.15399659
109.4626129590327,0.09597236
109.4626129590327,0.05514631
186.0630269224294,0.100127354
186.0630269224294,0.007950399
191.0414887439485,-0.35566407
109.9480086958482,0.011741962
187.2485477506866,0.17349489
189.7240479988971,-0.32562593
188.2998176949356,-0.24456233
191.1767204981559,0.048068054
191.1767204981559,-0.2358403
107.1539686726064,0.093812
107.5853159867198,0.14433782
106.1021411931076,-0.19086769
275.8490294326924,-0.35677218
189.7240479988971,-0.12423522
107.5853159867198,0.092248194
110.056913956187,0.022368848
189.7240479988971,-0.23445003
272.5330194201419,-0.09187624
103.7447431214784,-0.06275482
109.4626129590327,0.008272534
105.7712870257849,-0.19316019
186.0630269224294,0.051452756
116.6010685283568,0.012469162
280.6221636523277,0.48767912
106.577636016138,-0.0353464
197.3488026935816,-0.07543947
106.0727756400072,-0.15749946
193.1126855299547,-0.08047229
110.056913956187,0.017175889
278.6082817937599,0.23980474
188.2998176949356,-0.1697895
107.1539686726064,0.02435555
106.577636016138,-0.11414428
191.0414887439485,-0.37392095
277.1405325149242,0.016642177
106.577636016138,0.2540798
116.188178371516,-0.05477792
187.419098055674,0.12384481
187.2485477506866,-0.0014873019
188.2998176949356,-0.22204332
187.0125888573417,0.075364456
189.7240479988971,-0.29837647
107.9609077494667,0.10343577
189.7240479988971,-0.22011122
196.9700178190189,-0.20624074
196.9700178190189,-0.08107667
277.7011388113657,0.32538715
112.0244118782512,0.03618877
278.6082817937599,0.30344254
188.2998176949356,-0.23199756
188.2998176949356,-0.2978329
107.1539686726064,0.12928955
188.2998176949356,-0.36031196
277.1405325149242,0.013311555
116.188178371516,0.16683681
107.4101180895406,0.15419215
106.952771334059,0.1647326
116.2192045005754,0.10166829
196.9700178190189,-0.03789592
106.4164738578715,0.06354483
196.9700178190189,-0.13697052
274.2758623545001,-0.32100382
187.419098055674,-0.11423907
110.056913956187,0.15978335
106.952771334059,0.2526152
278.6082817937599,0.17686296
116.188178371516,0.21070401
195.451468548024,-0.27196595
191.1767204981559,-0.12252302
110.056913956187,-0.013747813
191.0414887439485,-0.3969221
186.0630269224294,0.11977478
187.2485477506866,0.23531866
107.9609077494667,-0.02892683
195.451468548024,-0.08524861
193.1126855299547,-0.04319745
197.3488026935816,-0.20912884
187.2485477506866,0.1817304
186.0630269224294,0.20260201
188.2998176949356,-0.19231237
109.4626129590327,0.08617168
187.2485477506866,0.114769
186.0630269224294,0.010222409
187.2485477506866,0.14273709
275.8490294326924,-0.30161336
112.5992859239952,0.10031011
188.2998176949356,-0.1409018
109.4626129590327,0.11985857
107.4101180895406,0.092192285
106.577636016138,0.10786998
106.0727756400072,-0.2023933
277.1405325149242,-0.21741608
186.0630269224294,0.0614059
196.9700178190189,-0.1869154
109.4626129590327,0.033038776
275.8490294326924,-0.26021695
187.2485477506866,0.025377927
106.577636016138,0.19785514
186.0630269224294,0.22013307
110.056913956187,0.013014107
116.7545491822112,0.054977458
106.4164738578715,-0.15562312
273.7518509405115,0.026608676
103.7447431214784,-0.24231116
115.3772125206836,-0.056397554
108.1592269976745,0.10753566
186.0630269224294,0.20508026
196.9700178190189,-0.20000416
191.0414887439485,-0.35513303
188.2998176949356,-0.16341397
191.1767204981559,-0.18221928
188.2998176949356,-0.17598677
112.5992859239952,0.24891163
115.3254069712001,0.058539506
106.0727756400072,-0.20856582
186.0630269224294,0.0072791353
107.4101180895406,0.09035757
115.3254069712001,0.08970029
197.3488026935816,-0.09374469
188.2998176949356,-0.3258426
110.056913956187,0.02983449
195.451468548024,-0.27726912
107.1539686726064,-0.033108987
186.0630269224294,0.062496666
276.9039954584068,-0.061304085
110.056913956187,0.10024522
103.6988069564512,0.25499997
105.2490472299035,-0.4360642
115.7623327141752,-0.08852418
109.8196341639771,0.09587823
107.4101180895406,0.026644204
108.1592269976745,0.079738624
188.2998176949356,-0.27802008
108.1592269976745,0.15741883
188.783576376697,0.092928976
112.5992859239952,0.11144291
187.2485477506866,-0.044095434
107.5853159867198,0.12007565
278.6082817937599,0.33844063
187.2485477506866,0.03346706
191.1767204981559,-0.28936923
191.1767204981559,-0.2835207
195.451468548024,-0.026835239
110.056913956187,0.009282367
186.0630269224294,0.060895372
107.1539686726064,0.06852212
195.451468548024,-0.20255384
189.7240479988971,-0.22924677
187.2485477506866,0.13375482
278.6082817937599,0.5004202
103.7447431214784,-0.14642948
187.2485477506866,0.058215912
187.2485477506866,0.1980023
188.2998176949356,0.13305466
189.7240479988971,-0.10029532
191.0414887439485,-0.23310357
116.188178371516,0.12949498
197.3488026935816,0.017552814
275.7895660228427,-0.05266687
187.419098055674,-0.045775168
276.9477066756423,0.06297544
103.6988069564512,0.22264786
106.577636016138,-0.042830013
106.577636016138,0.09556403
274.2758623545001,-0.24904028
195.451468548024,-0.16933604
110.056913956187,-5.801965e-06
186.0630269224294,-0.07099452
193.1126855299547,-0.32357657
186.0630269224294,0.08264357
195.451468548024,-0.014174775
191.1767204981559,-0.025925916
278.6082817937599,0.120574005
109.8968757818925,0.09110357
110.056913956187,0.043004543
187.2485477506866,0.18359004
106.1021411931076,-0.069875814
191.0414887439485,-0.3746457
103.7447431214784,0.011383545
107.4101180895406,0.10450565
195.451468548024,-0.19206452
187.0125888573417,0.05651219
191.0414887439485,-0.22311915
197.3488026935816,-0.14602122
106.1021411931076,-0.21965769
110.056913956187,-0.016943544
106.577636016138,0.3574732
106.4164738578715,0.06209289
188.2998176949356,-0.27466232
191.1767204981559,-0.022142284
275.8490294326924,-0.13866353
188.2998176949356,-0.18693355
197.3488026935816,-0.03415625
196.9700178190189,-0.19001998
186.0630269224294,-0.062962435
191.0414887439485,-0.29973528
278.6082817937599,0.43542373
106.577636016138,-0.05742161
191.1767204981559,-0.29333714
195.451468548024,-0.16916886
106.952771334059,0.012915298
188.2998176949356,-0.197299
187.2485477506866,0.1877431
110.056913956187,-0.00958387
275.8490294326924,-0.37060738
191.0414887439485,-0.41492528
107.9609077494667,0.062928975
115.3772125206836,-0.19414793
191.0414887439485,-0.1761304
125.3372568829002,0.05033904
106.4164738578715,0.034656145
191.1767204981559,0.016926445
187.2485477506866,0.31208172
193.1126855299547,-0.14750378
191.0414887439485,-0.39882672
106.577636016138,0.08836396
276.9477066756423,-0.27426645
187.2485477506866,0.25878975
195.451468548024,-0.24429817
195.451468548024,-0.21235602
187.614026870642,0.17417859
197.3488026935816,-0.079774946
187.0125888573417,0.15515733
107.1539686726064,0.10455019
107.4101180895406,0.06469323
191.1767204981559,-0.23310184
125.3372568829002,-0.07930153
187.2485477506866,0.14857014
188.2998176949356,-0.17824572
107.4101180895406,0.0896348
107.4101180895406,0.05753309
109.8196341639771,0.017977528
187.0125888573417,-0.07523207
109.4626129590327,-0.019253274
107.9804068082134,0.0261236
197.3488026935816,-0.14471248
276.9039954584068,-0.07121672
197.3488026935816,-0.05378632
188.2998176949356,-0.12992464
103.7447431214784,-0.19335026
196.9700178190189,-0.1699431
195.451468548024,-0.27791834
187.614026870642,-0.098113544
109.8196341639771,0.09383346
195.451468548024,-0.18854967
106.577636016138,0.12155138
110.056913956187,0.068875134
186.0630269224294,-0.10173173
187.2485477506866,0.22293285
105.7712870257849,0.007024628
186.0630269224294,0.08939668
191.1767204981559,-0.22337818
187.419098055674,0.050710052
195.451468548024,-0.081803
191.0414887439485,-0.11701404
186.0630269224294,-0.047886226
189.7240479988971,-0.24162622
187.2485477506866,0.10970096
113.819924176831,0.0628126
191.1767204981559,-0.19383588
109.4626129590327,-0.038754348
277.1405325149242,-0.13968533
189.7240479988971,-0.14400241
276.9477066756423,-0.22955249
110.056913956187,0.0012929616
187.0125888573417,-0.047200102
195.451468548024,-0.2234212
106.577636016138,0.022613991
195.2049422402298,-0.29733032
193.1126855299547,-0.13190506
106.0727756400072,-0.22626922
186.0630269224294,0.0827615
106.952771334059,0.042070176
103.7447431214784,-0.23334558
106.9552834807568,-0.029688101
195.451468548024,-0.119829506
195.451468548024,-0.18379413
109.4626129590327,0.075555556
196.9700178190189,-0.17029913
112.0244118782512,0.04984577
113.6707909357408,-0.10960513
106.952771334059,0.20091636
276.9039954584068,-0.034182604
186.0630269224294,0.20418894
188.2998176949356,-0.21249905
187.2485477506866,0.17264782
195.451468548024,-0.17222364
188.2998176949356,-0.13784847
277.1405325149242,0.08212121
186.0630269224294,0.013703023
111.2653495585551,0.13634144
193.1126855299547,-0.28307235
187.2485477506866,0.24647759
110.056913956187,0.07038013
107.9804068082134,-0.09318781
188.2998176949356,-0.2924998
106.952771334059,-0.086034454
278.6082817937599,0.17365697
189.7240479988971,-0.2618192
107.4101180895406,0.108356066
107.9609077494667,0.035076357
189.7240479988971,-0.18146218
191.0414887439485,-0.16871624
280.6221636523277,0.505009
274.2758623545001,-0.11173127
187.2485477506866,0.11974133
116.188178371516,0.09033341
186.0630269224294,0.110394076
110.056913956187,0.22536753
277.7011388113657,0.12431738
187.2485477506866,0.009563737
106.4164738578715,-0.046304192
186.0630269224294,-0.0034327921
188.2998176949356,-0.1314123
195.2049422402298,-0.10656069
195.451468548024,-0.16525406
189.7240479988971,-0.16631286
276.9477066756423,0.014687189
106.0727756400072,0.0314985
107.9609077494667,0.07111424
195.451468548024,0.008923515
112.5992859239952,0.06603456
116.188178371516,0.14169422
186.0630269224294,0.040223233
106.952771334059,-0.004514702
191.1767204981559,-0.24592686
110.056913956187,0.10682787
110.056913956187,-0.030548798
109.4626129590327,0.13792811
111.9129912709682,0.11706068
112.5992859239952,0.07170576
191.1767204981559,-0.15688032
106.1021411931076,-0.09023934
193.1126855299547,-0.14942743
186.0630269224294,-0.05789064
189.7240479988971,-0.12617801
106.4164738578715,-0.050401874
186.0630269224294,0.21946025
278.6082817937599,0.30318344
196.9700178190189,-0.33932465
275.8490294326924,-0.28354406
187.2485477506866,0.102260806
109.4626129590327,0.010938184
106.952771334059,-0.07135752
109.4626129590327,0.04629051
107.4101180895406,-0.028816447
191.0414887439485,-0.24638674
277.1405325149242,-0.1550941
186.0630269224294,0.086000666
195.451468548024,-0.11819034
278.6082817937599,0.12451186
187.614026870642,-0.044161648
188.2998176949356,-0.06444397
108.419481966606,0.07803416
187.2485477506866,0.1669137
106.9991289866339,-0.15831535
187.2485477506866,0.39372924
195.451468548024,-0.09739509
107.5853159867198,0.04930092
195.451468548024,-0.1739784
110.056913956187,0.13542202
106.0727756400072,-0.16767749
110.056913956187,0.07711734
107.1539686726064,0.026914068
278.6082817937599,0.3015815
106.0727756400072,-0.15886444
188.2998176949356,-0.3594218
195.451468548024,-0.07003439
187.2485477506866,0.29917455
106.4164738578715,-0.010614864
197.3488026935816,-0.053516246
112.5992859239952,0.16147773
193.1126855299547,-0.26936853
113.819924176831,0.16097309
105.2490472299035,-0.08448551
191.1767204981559,-0.21126682
106.577636016138,0.19429536
188.2998176949356,-0.193042
193.1126855299547,-0.20007078
107.4101180895406,-0.020076703
109.4626129590327,0.17023765
186.0630269224294,0.13877557
195.451468548024,-0.16029105
116.188178371516,-0.050797068
116.6010685283568,0.061645653
110.056913956187,0.06611613
187.614026870642,-0.021926695
107.4101180895406,-0.013555424
108.419481966606,0.009023817
109.4626129590327,0.082089625
188.2998176949356,-0.0537814
107.5199760489703,0.08675805
106.952771334059,0.07318185
107.4101180895406,0.2172725
187.2485477506866,0.015877774
119.7022049233447,0.037279226
106.577636016138,-0.033694655
191.0414887439485,-0.3328739
187.2485477506866,0.07318431
109.4626129590327,0.016317006
109.8196341639771,0.12006196
107.4101180895406,0.14383855
116.188178371516,0.17110163
195.451468548024,-0.11769736
193.1126855299547,-0.01853701
187.2485477506866,0.2088707
187.0125888573417,0.0063847117
195.451468548024,-0.085310146
112.5992859239952,0.0980505
195.451468548024,-0.24811707
187.2485477506866,0.18576562
107.1539686726064,-0.05811506
106.577636016138,0.010581911
110.056913956187,-0.095589854
188.2998176949356,-0.30336168
187.2485477506866,0.20220701
193.1126855299547,-0.39579695
188.2998176949356,-0.19473632
197.3488026935816,-0.24373469
191.0414887439485,-0.36626527
110.056913956187,0.066473976
197.3488026935816,-0.017683629
187.2485477506866,0.10263559
193.1126855299547,-0.22340637
196.9700178190189,-0.12051153
188.2998176949356,-0.2594151
188.2998176949356,-0.23735857
186.0630269224294,-0.1267648
186.0630269224294,-0.073509425
116.188178371516,-0.0545661
191.0414887439485,-0.3688406
106.0727756400072,-0.22102949
107.4101180895406,0.11006759
188.2998176949356,-0.26418206
106.3644518347447,-0.14992797
195.2049422402298,-0.2126965
105.2490472299035,-0.23200989
187.2485477506866,0.19378443
195.451468548024,-0.1688262
106.577636016138,0.021572595
187.419098055674,-0.036715854
275.8490294326924,-0.14795402
109.4626129590327,0.07988333
186.0630269224294,-0.09389836
106.577636016138,-0.07421922
186.0630269224294,0.083073646
277.1405325149242,-0.0057810056
107.4101180895406,0.11162802
275.8490294326924,-0.4118252
188.783576376697,0.13265404
106.577636016138,0.04201716
187.2485477506866,0.035867546
106.577636016138,0.18890627
106.0727756400072,-0.10700797
111.2653495585551,0.062268768
195.451468548024,-0.20989534
116.188178371516,0.099992536
109.8196341639771,0.049450826
109.4626129590327,0.107643746
107.4101180895406,0.073816545
278.6082817937599,0.22153407
188.2998176949356,-0.24518596
107.5853159867198,0.05646939
107.1539686726064,0.18109168
186.0630269224294,0.011499712
111.2653495585551,-0.058430772
193.1126855299547,-0.14051405
188.2998176949356,-0.26855725
108.419481966606,0.044501413
188.2998176949356,-0.20440155
193.1126855299547,-0.15781169
186.0630269224294,0.077431366
186.0630269224294,-0.051405933
196.9700178190189,-0.22843896
188.2998176949356,-0.059273876
195.451468548024,-0.2243077
105.4859909518081,0.117143214
107.4101180895406,0.07128628
187.614026870642,-0.0025878635
187.2485477506866,0.13007338
106.4164738578715,0.013771058
188.2998176949356,-0.21229133
187.0125888573417,-0.02414744
110.056913956187,0.09557188
186.0630269224294,-0.073731266
195.2049422402298,-0.17151856
113.6707909357408,-0.063241825
277.1405325149242,0.037771404
112.5992859239952,0.12269049
106.577636016138,0.0328262
187.0125888573417,0.027849948
195.451468548024,-0.17887211
188.2998176949356,-0.13452245
272.5330194201419,-0.23817675
188.2998176949356,-0.10872545
106.4164738578715,-0.009190184
196.9700178190189,-0.23568738
195.451468548024,-0.19921872
186.0630269224294,0.032373168
112.5992859239952,0.030251293
197.3488026935816,-0.08350318
116.188178371516,0.09028151
195.451468548024,-0.1338593
107.5853159867198,0.024058983
186.0630269224294,0.15581417
195.2049422402298,-0.3054531
275.8490294326924,0.12299885
109.9480086958482,0.00082883
116.7545491822112,0.12851003
189.7240479988971,-0.1000538
193.1126855299547,-0.21074896
276.9477066756423,-0.26835775
186.0630269224294,-0.040692538
106.4164738578715,0.010040414
278.6082817937599,0.21396823
186.0630269224294,-0.0053319666
276.9039954584068,0.12054397
116.6010685283568,0.06363429
109.8196341639771,0.02593918
186.0630269224294,0.087483205
106.0727756400072,-0.121361695
106.952771334059,0.092966884
106.9991289866339,-0.03584268
188.2998176949356,-0.1765753
106.0727756400072,-0.14864965
278.6082817937599,0.66557145
107.5853159867198,0.105176896
188.2998176949356,-0.3024337
106.577636016138,0.04385931
112.5992859239952,0.096399546
188.2998176949356,-0.32749873
186.0630269224294,0.030759042
195.451468548024,-0.08448537
188.2998176949356,-0.24915075
115.3772125206836,-0.07494938
109.4626129590327,0.08285441
109.4626129590327,0.059513755
187.2485477506866,0.056253877
195.451468548024,-0.22815649
112.5992859239952,0.14320424
109.4626129590327,0.13774054
110.056913956187,0.11995346
191.1767204981559,-0.14642447
277.1405325149242,0.13184604
109.4626129590327,0.19846363
106.0727756400072,-0.094432205
188.2998176949356,-0.32748994
196.9700178190189,-0.042952906
112.5992859239952,0.12487584
188.2998176949356,-0.3395546
116.188178371516,-0.06528795
106.0727756400072,-0.23515481
113.819924176831,0.15089121
188.2998176949356,-0.15360235
106.0727756400072,-0.055684622
106.577636016138,0.40433168
106.577636016138,0.17814517
109.8196341639771,0.16268529
187.2485477506866,0.20059715
188.783576376697,-0.1489284
109.8196341639771,0.097084485
105.2015884238383,-0.096162096
187.2485477506866,0.062155586
103.7447431214784,-0.055265464
107.1539686726064,0.05483377
110.056913956187,-0.014468239
187.419098055674,-0.08480368
107.1539686726064,0.39830604
187.0125888573417,0.09901212
276.9039954584068,0.016242044
196.9700178190189,-0.21032247
187.0125888573417,0.06564635
186.0630269224294,-0.11094032
106.9552834807568,-0.05690901
272.5330194201419,-0.14141382
106.952771334059,0.04984745
106.0727756400072,-0.32640088
107.9609077494667,0.06423647
197.3488026935816,-0.07543947
109.8196341639771,0.0021130317
107.9609077494667,0.019692192
186.0630269224294,0.21219392
186.0630269224294,0.10751391
197.3488026935816,-0.09318979
109.8968757818925,-0.04158254
119.7022049233447,-0.07031594
272.5330194201419,-0.28593644
188.2998176949356,-0.040998932
106.577636016138,-0.15013485
195.451468548024,-0.08316096
187.2485477506866,0.13247529
197.3488026935816,-0.24203438
275.8490294326924,-0.030294504
188.2998176949356,-0.32475775
197.3488026935816,-0.2235157
188.2998176949356,-0.20131503
186.0630269224294,0.06292114
191.0414887439485,-0.1446393
106.0727756400072,-0.30327472
109.4626129590327,0.06715118
106.952771334059,0.21878308
109.8196341639771,0.06804126
106.577636016138,0.16946834
276.9039954584068,-0.12194103
195.2049422402298,-0.17349024
186.0630269224294,-0.14812215
106.4164738578715,0.010102369
191.1767204981559,0.54456806
116.188178371516,-0.017655889
186.0630269224294,-0.009977801
186.0630269224294,-0.0153632015
193.1126855299547,-0.33445328
107.9609077494667,-0.08549847
109.4626129590327,0.10003805
187.2485477506866,0.052665908
187.0125888573417,0.17857601
115.3254069712001,0.065491505
109.4626129590327,-0.0064335037
187.0125888573417,0.12435013
109.4626129590327,0.0300849
110.056913956187,0.11430581
108.419481966606,-0.028766064
111.2653495585551,0.037865613
109.4626129590327,0.05254536
110.056913956187,-0.036278658
276.9039954584068,0.039163325
196.9700178190189,0.008606461
188.2998176949356,-0.35462284
193.1126855299547,-0.2670985
116.7545491822112,0.09216846
106.1021411931076,-0.12850033
110.056913956187,0.10556163
187.2485477506866,0.20506606
105.7712870257849,-0.05910637
110.056913956187,0.057518724
186.0630269224294,0.01867466
111.2653495585551,0.083177656
188.2998176949356,-0.24103229
187.614026870642,-0.029408168
191.1767204981559,-0.011660042
107.1539686726064,0.037145376
188.783576376697,-0.15872654
189.7240479988971,-0.19791521
197.3488026935816,-0.084010296
110.056913956187,0.1513019
103.7447431214784,-0.35747898
188.2998176949356,-0.12771057
107.4101180895406,0.24204576
106.577636016138,0.101355426
193.1126855299547,-0.30225605
189.7240479988971,-0.25886405
272.5330194201419,-0.18430439
106.4164738578715,-0.04014698
107.4101180895406,0.17715394
116.7545491822112,0.060378544
108.419481966606,0.1351106
107.5853159867198,0.045645133
103.7447431214784,-0.11547909
277.7011388113657,0.44776046
110.056913956187,0.020078259
106.0727756400072,-0.22878738
186.0630269224294,0.13005115
186.0630269224294,0.021351157
109.8196341639771,0.07896771
278.6082817937599,0.15918064
112.5992859239952,0.10721913
107.5853159867198,0.061243188
187.419098055674,-0.09134017
191.1767204981559,0.058020707
186.0630269224294,0.09875775
196.9700178190189,-0.2441285
112.5992859239952,0.17312352
109.8196341639771,0.08811398
195.451468548024,-0.1853614
106.952771334059,-0.023402775
106.952771334059,0.014306205
107.1539686726064,0.04594684
193.1126855299547,-0.18353307
191.1767204981559,-0.08344055
197.3488026935816,-0.15404677
188.2998176949356,-0.21387784
105.2015884238383,-0.33131912
109.4626129590327,0.02518307
195.451468548024,-0.04272044
186.0630269224294,0.19104528
193.1126855299547,-0.09053115
188.2998176949356,-0.27964574
195.451468548024,-0.1557734
189.7240479988971,-0.29761428
187.2485477506866,0.09793506
109.4626129590327,0.102282345
189.7240479988971,-0.26372015
189.7240479988971,-0.19533649
188.783576376697,0.36507758
110.056913956187,-0.028113788
188.2998176949356,-0.21433474
106.1021411931076,-0.16862038
189.7240479988971,-0.25704837
107.5853159867198,0.07117961
195.451468548024,-0.11294382
191.0414887439485,-0.20106244
193.1126855299547,-0.17933562
106.9991289866339,-0.13595197
187.2485477506866,0.4194919
106.0727756400072,-0.20809242
188.2998176949356,-0.16685434
196.9700178190189,-0.07303595
275.8490294326924,-0.16526943
116.2192045005754,0.0981474
106.3644518347447,0.058235455
275.7895660228427,-0.072051466
191.0414887439485,-0.13388515
195.451468548024,-0.23776735
195.2049422402298,-0.23848902
193.1126855299547,-0.2816275
109.8196341639771,0.06814421
189.7240479988971,-0.26964894
196.9700178190189,-0.14286263
188.2998176949356,-0.20130791
191.1767204981559,-0.2981092
197.3488026935816,-0.13927558
187.0125888573417,0.00081249984
106.0727756400072,0.07865573
187.614026870642,-0.06834405
109.4626129590327,0.067733295
107.4101180895406,0.049369108
195.451468548024,-0.20356473
191.1767204981559,-0.052980166
187.2485477506866,0.024554309
107.5853159867198,0.15092497
109.4626129590327,0.1274848
110.056913956187,-0.024395129
196.9700178190189,-0.43724957
277.1405325149242,0.13865253
191.1767204981559,-0.21840517
108.419481966606,0.11717615
276.9477066756423,-0.14019771
110.056913956187,0.030102432
107.5853159867198,0.10324502
197.3488026935816,0.008145856
106.952771334059,0.12545587
195.451468548024,-0.1340662
196.9700178190189,-0.14661735
188.2998176949356,-0.25202233
188.2998176949356,-0.26053464
187.2485477506866,0.1992711
191.0414887439485,-0.07427845
193.1126855299547,-0.14639243
195.451468548024,-0.097215466
106.4164738578715,-0.11410936
107.9804068082134,-0.04721103
272.5330194201419,-0.23890936
105.2015884238383,-0.2777874
186.0630269224294,-0.04944252
197.3488026935816,-0.13704324
276.9477066756423,-0.34343207
188.783576376697,-0.10332966
188.2998176949356,-0.34943599
188.2998176949356,0.029254813
106.952771334059,0.11802046
277.1405325149242,0.01759191
197.3488026935816,-0.14468941
105.7712870257849,-0.27149263
277.1405325149242,0.07513289
110.056913956187,0.0323444
188.2998176949356,-0.2320929
186.0630269224294,0.07970561
195.451468548024,-0.23917733
188.2998176949356,-0.3062332
189.7240479988971,-0.29713327
191.1767204981559,-0.003917861
186.0630269224294,0.011135236
189.7240479988971,-0.14244938
110.056913956187,0.123887904
193.1126855299547,-0.13014269
115.3254069712001,-0.100002006
187.614026870642,0.17641702
186.0630269224294,0.07501436
188.2998176949356,-0.23192522
195.451468548024,-0.22522633
115.3254069712001,0.05484938
110.056913956187,0.11214852
274.2758623545001,-0.24520735
106.952771334059,0.07827436
106.577636016138,-0.039203964
106.952771334059,0.04357421
278.6082817937599,0.8423749
116.7545491822112,0.04209236
107.4101180895406,0.023776805
187.2485477506866,0.08173234
110.056913956187,0.01875623
108.419481966606,0.05161511
186.0630269224294,-0.06884599
106.577636016138,0.24626736
191.0414887439485,-0.36546308
191.0414887439485,-0.20367771
105.8683632534452,-0.17753495
109.8196341639771,0.08809346
106.952771334059,0.067643374
107.5199760489703,0.023452448
188.2998176949356,-0.31657293
106.0727756400072,-0.2440865
110.056913956187,0.07295613
109.4626129590327,0.028066017
193.1126855299547,-0.21193548
193.1126855299547,-0.22554944
195.2049422402298,-0.20791423
187.2485477506866,0.2497286
106.577636016138,0.01089233
107.4101180895406,0.14553012
186.0630269224294,0.10889981
107.9609077494667,0.057171457
106.952771334059,0.0011341495
188.2998176949356,-0.27732587
197.3488026935816,-0.02874108
110.056913956187,0.09166253
196.9700178190189,-0.24858981
187.2485477506866,0.14885789
109.8196341639771,0.09901979
106.577636016138,0.14948674
187.2485477506866,0.12503445
196.9700178190189,-0.17573707
186.0630269224294,0.110049285
187.2485477506866,0.1637655
188.2998176949356,-0.12428459
106.952771334059,-0.044446778
193.1126855299547,-0.09890186
105.2015884238383,-0.25576574
108.1592269976745,0.07978854
195.451468548024,-0.23361912
109.4626129590327,0.062035568
106.952771334059,-0.041446578
188.2998176949356,-0.13283731
276.9477066756423,-0.31052753
188.2998176949356,-0.28141233
277.1405325149242,-0.09085935
186.0630269224294,-0.005511505
186.0630269224294,0.10479586
195.451468548024,-0.33645716
191.0414887439485,-0.28363615
111.2653495585551,0.11214004
109.4626129590327,0.06903464
187.2485477506866,0.26930454
191.1767204981559,-0.15616931
195.451468548024,-0.2057346
187.2485477506866,0.121262066
116.7545491822112,0.14514184
187.2485477506866,0.056020718
106.577636016138,0.054226562
116.188178371516,0.11906365
187.2485477506866,0.08142197
107.5853159867198,0.23846117
188.2998176949356,-0.21771415
111.2653495585551,0.08049141
107.9609077494667,0.044791393
187.2485477506866,0.09912696
109.4626129590327,0.11904957
112.0244118782512,-0.113147326
107.5199760489703,0.09307447
106.9552834807568,-0.007881682
188.2998176949356,-0.25044993
196.9700178190189,-0.16257456
187.2485477506866,-0.020298801
106.952771334059,0.12098653
186.0630269224294,0.16122562
189.7240479988971,-0.14500348
108.419481966606,0.12487691
191.1767204981559,-0.19238052
187.614026870642,0.029222166
187.419098055674,-0.024318358
277.1405325149242,0.03778039
188.2998176949356,-0.1661132
191.0414887439485,-0.3833259
195.451468548024,-0.09340286
110.056913956187,-0.086896814
186.0630269224294,0.19981584
280.6221636523277,0.36630407
188.2998176949356,-0.21308666
187.614026870642,-0.032794196
107.5853159867198,0.1136512
107.1539686726064,0.038136993
105.2490472299035,-0.48343515
107.4101180895406,0.1677442
106.577636016138,0.071857035
195.451468548024,0.014395606
116.2192045005754,0.062129796
188.783576376697,0.037696443
197.3488026935816,-0.13581637
196.9700178190189,-0.054164283
195.2049422402298,-0.21334627
187.2485477506866,0.17284487
195.451468548024,-0.17158705
188.2998176949356,-0.084483445
187.2485477506866,0.017966956
187.2485477506866,0.21568528
103.6988069564512,0.2104928
196.9700178190189,-0.09253774
106.9552834807568,0.054943934
109.9480086958482,0.114980206
197.3488026935816,-0.03179628
110.056913956187,0.09469858
197.3488026935816,-0.09486783
276.9477066756423,-0.24101734
111.9129912709682,0.0050814026
187.614026870642,-0.062876344
112.5992859239952,0.08116873
186.0630269224294,0.049219936
186.0630269224294,0.01825982
110.056913956187,0.04933831
191.0414887439485,-0.19631733
191.1767204981559,-0.23988278
277.7011388113657,0.29428697
106.4164738578715,-0.09797101
187.2485477506866,0.05666639
107.5853159867198,0.101085104
197.3488026935816,-0.18700194
109.4626129590327,0.096283376
186.0630269224294,0.09469104
106.0727756400072,-0.11616108
195.451468548024,-0.08545151
106.0727756400072,-0.17689177
107.4101180895406,0.14254273
186.0630269224294,0.15237819
109.8196341639771,0.02743601
107.5853159867198,0.24844997
188.783576376697,-0.114840716
186.0630269224294,0.07126154
186.0630269224294,-0.012751317
143.8729576496427,0.12705542
110.056913956187,0.017252645
116.188178371516,-0.05477792
188.2998176949356,-0.30906466
109.4626129590327,0.08874715
108.419481966606,0.0961617
278.6082817937599,0.3397899
195.2049422402298,-0.16796954
193.1126855299547,-0.35021383
108.419481966606,-0.059801113
193.1126855299547,-0.17269175
187.2485477506866,0.06958368
191.1767204981559,0.07794052
197.3488026935816,-0.08394853
276.9477066756423,-0.31021383
189.7240479988971,-0.28457928
186.0630269224294,0.03704537
277.1405325149242,0.2220242
187.2485477506866,0.10622337
189.7240479988971,-0.26258942
109.8196341639771,0.104322895
196.9700178190189,-0.1995267
106.0727756400072,-0.18796222
107.5853159867198,0.15232657
195.451468548024,-0.17197746
187.0125888573417,-0.011139479
187.2485477506866,0.09678272
193.1126855299547,-0.2989422
276.9477066756423,-0.21710953
187.0125888573417,0.08236062
110.056913956187,0.1117317
105.2490472299035,-0.2481358
275.8490294326924,-0.24452697
188.2998176949356,-0.3807688
188.2998176949356,-0.22646117
277.1405325149242,-0.10797171
191.0414887439485,-0.37092072
106.577636016138,0.06392409
106.577636016138,0.12804163
107.1539686726064,0.17107794
276.9477066756423,-0.24874657
196.9700178190189,-0.14905067
106.952771334059,-0.09752084
106.952771334059,-0.012994597
195.451468548024,-0.133058
107.5853159867198,0.075068735
188.2998176949356,0.10257159
278.6082817937599,0.43759352
122.5042298788697,0.068168305
276.9039954584068,0.017550757
189.7240479988971,-0.17258117
106.577636016138,0.03031525
193.1126855299547,-0.21171246
116.2192045005754,0.08820273
105.7712870257849,-0.20966728
107.4101180895406,-0.0043363813
106.1021411931076,-0.20642766
193.1126855299547,-0.19447646
113.6707909357408,-0.034865845
110.056913956187,0.18807724
107.5853159867198,0.09126411
186.0630269224294,-0.039659597
106.4164738578715,-0.12600328
277.7011388113657,0.14350381
186.0630269224294,0.15366808
276.9039954584068,-0.07368976
188.2998176949356,-0.31239888
187.614026870642,-0.068344
107.9609077494667,0.053957477
112.5992859239952,0.11201318
186.0630269224294,0.075885996
187.419098055674,-0.063351996
187.2485477506866,0.08633064
186.0630269224294,0.16814016
106.577636016138,0.028381057
189.7240479988971,-0.22355977
276.9477066756423,-0.12210972
186.0630269224294,0.04650245
278.6082817937599,0.41120124
107.5853159867198,0.18562539
191.0414887439485,-0.2750522
195.451468548024,-0.1485065
103.7447431214784,-0.08636276
109.4626129590327,0.03132581
187.2485477506866,0.36595955
109.8196341639771,0.117285125
188.2998176949356,-0.2340597
106.0727756400072,-0.18669271
275.8490294326924,-0.16865699
196.9700178190189,-0.24510649
106.577636016138,0.2307719
188.2998176949356,-0.19141142
278.6082817937599,0.11595525
186.0630269224294,0.024358552
191.0414887439485,-0.22234547
195.451468548024,-0.20187436
197.3488026935816,0.0011179568
112.5992859239952,0.16995768
186.0630269224294,0.16103096
107.5853159867198,0.08040945
107.4101180895406,0.061873294
106.577636016138,0.101935744
188.2998176949356,-0.32305115
189.7240479988971,-0.032689694
106.0727756400072,-0.10767195
106.952771334059,0.12278697
189.7240479988971,0.012359599
187.2485477506866,0.21414782
193.1126855299547,-0.24368474
106.1021411931076,-0.15459654
188.2998176949356,-0.10904015
107.5853159867198,0.17580122
191.0414887439485,-0.41919932
195.2049422402298,-0.22337109
191.0414887439485,-0.28807217
188.2998176949356,-0.2865452
187.2485477506866,0.29508674
107.4101180895406,-0.090785466
278.6082817937599,0.32877076
193.1126855299547,0.00837562
191.0414887439485,-0.26433623
112.5992859239952,0.054653443
110.056913956187,0.10849179
187.614026870642,0.04311524
187.2485477506866,0.2030684
277.7011388113657,0.5419726
103.6988069564512,-0.073030256
187.2485477506866,0.17836508
196.9700178190189,-0.21412882
195.451468548024,-0.02963876
195.2049422402298,-0.23895197
109.4626129590327,0.016072283
188.2998176949356,-0.132573
107.5199760489703,-0.033439115
110.056913956187,0.11936412
197.3488026935816,-0.1513843
116.188178371516,-0.08759869
186.0630269224294,0.04255448
191.0414887439485,-0.40088853
106.577636016138,0.078594215
195.451468548024,-0.08321407
195.451468548024,-0.13701722
195.451468548024,-0.18153119
188.2998176949356,-0.2931619
278.6082817937599,0.29536593
189.7240479988971,-0.08109959
107.9609077494667,0.116175175
106.4164738578715,0.179508
186.0630269224294,0.012659058
277.1405325149242,0.027610019
109.8968757818925,-0.0095716845
187.2485477506866,0.29489768
278.6082817937599,0.035690285
274.2758623545001,-0.09546679
106.0727756400072,-0.07536736
107.4101180895406,0.12134012
191.1767204981559,-0.21623757
108.1592269976745,0.13826644
110.056913956187,0.079587534
110.056913956187,0.024627581
109.4626129590327,0.05748271
187.2485477506866,-0.007824341
276.9477066756423,-0.19220595
193.1126855299547,-0.13256764
188.2998176949356,-0.21618392
116.6010685283568,0.036702245
107.5853159867198,0.047938775
106.4164738578715,0.01255203
108.419481966606,-0.03560896
191.0414887439485,-0.25185242
106.4164738578715,-0.05483886
195.451468548024,-0.122311816
195.451468548024,-0.22402583
191.1767204981559,-0.051595476
188.2998176949356,-0.17854646
193.1126855299547,-0.3764643
197.3488026935816,-0.05675674
188.2998176949356,-0.23788562
195.451468548024,-0.24452387
275.7895660228427,-0.053263657
273.7518509405115,0.106125325
109.4626129590327,0.05417828
109.4626129590327,0.11316755
107.9609077494667,0.0549196
189.7240479988971,-0.09599418
188.783576376697,0.053996112
191.0414887439485,-0.2709117
107.4101180895406,0.094546825
106.9991289866339,-0.14269774
278.6082817937599,0.3235245
188.2998176949356,-0.2934531
187.2485477506866,0.16945027
187.2485477506866,0.06928526
186.0630269224294,0.016641043
106.577636016138,0.0072643105
189.7240479988971,0.039283957
277.1405325149242,-0.1086936
187.2485477506866,0.14986557
107.1539686726064,0.27035847
105.7712870257849,-0.1340498
189.7240479988971,-0.15425873
116.7545491822112,0.06971325
191.0414887439485,-0.09923157
105.2490472299035,-0.12427274
191.0414887439485,-0.29291323
195.451468548024,-0.12504263
191.0414887439485,-0.21372683
106.952771334059,-0.08004111
109.4626129590327,0.1558547
112.5992859239952,0.09282141
187.2485477506866,0.056542292
107.9609077494667,0.087716594
109.9480086958482,0.061304804
107.5199760489703,-0.0074308733
109.8196341639771,0.023989696
187.2485477506866,-0.021754373
109.4626129590327,-0.014268675
116.6010685283568,0.012056343
277.1405325149242,-0.08947551
107.5853159867198,0.18645136
187.2485477506866,0.073319055
277.1405325149242,0.076799974
103.6988069564512,-0.11321967
191.1767204981559,-0.16611516
109.4626129590327,0.051896356
193.1126855299547,-0.34649977
186.0630269224294,0.10547564
195.2049422402298,-0.2237596
188.2998176949356,-0.35755914
187.614026870642,-0.052558575
110.056913956187,0.07872414
191.1767204981559,-0.10863561
116.188178371516,-0.08677411
193.1126855299547,-0.23998113
110.056913956187,0.12789926
109.4626129590327,0.1377055
187.2485477506866,0.0414229
107.1539686726064,0.057031322
193.1126855299547,-0.2071771
187.2485477506866,0.18851864
108.419481966606,-0.106734015
273.7518509405115,-0.108816214
106.577636016138,0.035877302
105.2015884238383,-0.21648921
112.5992859239952,0.07419728
107.5853159867198,0.061536063
196.9700178190189,-0.4172621
116.188178371516,0.16002148
187.614026870642,-0.021723237
188.2998176949356,-0.20001003
106.9991289866339,-0.12628078
112.5992859239952,0.09835877
186.0630269224294,0.13469768
108.1592269976745,0.122446746
108.1592269976745,0.03459154
106.952771334059,0.019750044
195.451468548024,-0.21266401
197.3488026935816,-0.1501747
195.2049422402298,-0.1835402
278.6082817937599,0.5582306
195.2049422402298,-0.35092118
278.6082817937599,0.23826793
189.7240479988971,-0.22890306
197.3488026935816,-0.071617775
187.2485477506866,0.16952452
110.056913956187,0.12135675
191.1767204981559,-0.032139186
277.1405325149242,0.18965277
187.614026870642,-0.07150693
188.783576376697,-0.110234566
278.6082817937599,0.028778821
276.9477066756423,-0.120872036
278.6082817937599,0.38061425
277.1405325149242,0.57929873
106.0727756400072,-0.16937408
105.7712870257849,-0.39155143
110.056913956187,-0.021306563
113.8936509985163,-0.11465929
186.0630269224294,0.16652107
193.1126855299547,-0.25384805
107.5853159867198,0.18550636
188.2998176949356,-0.41754398
107.5853159867198,0.0798422
195.2049422402298,-0.36127198
195.451468548024,-0.1966919
106.9991289866339,0.0048915553
191.0414887439485,-0.3190018
195.2049422402298,-0.33864397
189.7240479988971,-0.20579572
278.6082817937599,0.17915235
188.2998176949356,-0.22119385
195.451468548024,0.039396524
195.451468548024,-0.19973835
111.9129912709682,-0.1168553
188.2998176949356,-0.1662718
195.451468548024,-0.09119284
113.819924176831,0.036632936
191.0414887439485,-0.27714264
189.7240479988971,0.040145367
110.056913956187,0.044089198
112.5992859239952,0.05610015
106.4164738578715,-0.04753906
276.9039954584068,-0.0006835462
107.4101180895406,-0.073814474
276.9477066756423,-0.006773799
188.2998176949356,-0.2045426
278.6082817937599,0.13624874
111.9129912709682,-0.060359277
189.7240479988971,-0.20978218
109.4626129590327,0.090281166
107.4101180895406,0.06467824
191.0414887439485,-0.3895493
106.4164738578715,-0.08003149
110.056913956187,0.0947206
112.5992859239952,0.046116035
195.451468548024,-0.22277753
188.2998176949356,-0.31599748
187.419098055674,0.083788864
186.0630269224294,0.04721249
191.1767204981559,-0.17853639
195.451468548024,-0.165189
110.056913956187,0.07909999
272.5330194201419,-0.16775441
106.9991289866339,-0.07965195
196.9700178190189,-0.045139775
113.819924176831,0.003523549
103.7447431214784,-0.23815356
106.9552834807568,0.00596154
110.056913956187,0.05977283
188.2998176949356,-0.25336972
109.4626129590327,0.04750279
188.2998176949356,-0.20121463
106.1021411931076,-0.05589242
186.0630269224294,0.03222297
187.614026870642,-0.0761506
105.8683632534452,-0.13103779
107.5853159867198,0.09267683
107.5853159867198,0.20191285
189.7240479988971,-0.08782742
110.056913956187,0.015588244
188.2998176949356,-0.16108756
187.614026870642,-0.05405017
188.2998176949356,-0.26469338
278.6082817937599,0.07713267
109.4626129590327,-0.019383091
187.614026870642,-0.062876344
195.451468548024,-0.19574837
107.4101180895406,0.022958755
187.0125888573417,0.0722988
107.5853159867198,0.062743254
278.6082817937599,0.47629613
110.056913956187,0.10182418
106.9552834807568,0.030004393
186.0630269224294,-0.046919357
188.2998176949356,-0.14848831
188.2998176949356,-0.12204518
188.2998176949356,-0.22275461
107.5853159867198,0.06136028
107.1539686726064,0.093985334
188.2998176949356,-0.34730223
187.614026870642,-0.06792532
187.2485477506866,0.25286105
188.2998176949356,-0.20782873
187.2485477506866,0.1495071
187.2485477506866,0.22354253
188.2998176949356,-0.07754124
193.1126855299547,-0.15474926
108.419481966606,-0.024079073
106.952771334059,0.08960511
108.1592269976745,-0.026001776
191.1767204981559,-0.24497111
111.2653495585551,0.08034037
195.451468548024,-0.012242348
187.2485477506866,0.10190336
110.056913956187,0.1665371
110.056913956187,0.09021352
110.056913956187,0.118754506
106.0727756400072,-0.13907886
187.2485477506866,-0.01669516
186.0630269224294,-0.018148277
115.6993358680767,-0.16476467
106.952771334059,0.14719106
188.2998176949356,-0.20610166
110.056913956187,0.023434553
112.0244118782512,-0.037562143
188.783576376697,-0.16572648
187.0125888573417,-0.03834393
186.0630269224294,0.11660851
187.2485477506866,0.20320268
187.2485477506866,0.13550669
109.4626129590327,0.06092115
112.5992859239952,0.15540725
110.056913956187,0.04145579
109.8196341639771,0.032876987
191.0414887439485,-0.2980919
107.1539686726064,0.21967341
113.6707909357408,-0.12730129
106.577636016138,0.039194442
106.952771334059,-0.0034345174
109.8196341639771,0.19180498
186.0630269224294,0.11004305
187.2485477506866,0.20244625
195.451468548024,-0.19062935
188.2998176949356,-0.35502374
110.056913956187,0.13337953
191.1767204981559,-0.23628406
195.451468548024,-0.22382298
107.5853159867198,0.07081921
189.7240479988971,-0.20693041
186.0630269224294,0.010949709
197.3488026935816,-0.17204593
103.6988069564512,-0.060951207
191.0414887439485,-0.07224119
110.056913956187,-0.12606256
109.9480086958482,0.1882319
193.1126855299547,-0.096405566
277.1405325149242,0.29398227
187.419098055674,0.095059894
186.0630269224294,0.17932338
113.819924176831,0.0731766
188.2998176949356,-0.16880904
189.7240479988971,-0.141817
195.451468548024,-0.22671759
110.056913956187,0.06510952
187.2485477506866,0.17691247
193.1126855299547,-0.18920614
110.056913956187,0.13827117
189.7240479988971,-0.19556293
187.2485477506866,0.26629484
106.952771334059,-0.089955784
276.9477066756423,-0.027565975
196.9700178190189,-0.0821013
188.2998176949356,-0.22220142
188.2998176949356,-0.080742
107.5853159867198,0.05401654
187.0125888573417,-0.090715066
189.7240479988971,-0.3220516
277.7011388113657,0.094473004
109.9480086958482,-0.0060209567
195.451468548024,-0.17876965
186.0630269224294,0.077819675
187.2485477506866,0.24737887
193.1126855299547,-0.20687595
187.2485477506866,0.049363166
275.8490294326924,-0.24249704
110.056913956187,0.0045562945
196.9700178190189,-0.16849771
107.4101180895406,-0.09857018
106.952771334059,0.09155886
191.1767204981559,-0.13823219
110.056913956187,0.13716762
106.952771334059,0.08771489
186.0630269224294,0.024079604
113.819924176831,0.08181813
112.5992859239952,0.19177106
277.1405325149242,-0.1604697
106.1021411931076,-0.27907848
107.9609077494667,0.23060249
188.2998176949356,-0.26894295
106.577636016138,0.15152693
105.7712870257849,-0.03090877
106.1021411931076,-0.123612545
116.2192045005754,0.16383587
187.2485477506866,0.11585174
195.451468548024,-0.06654759
187.2485477506866,0.020252367
186.0630269224294,0.09405864
188.2998176949356,-0.3339263
277.1405325149242,0.22163877
191.0414887439485,-0.38429174
272.5330194201419,-0.18377495
125.3372568829002,0.06478979
197.3488026935816,-0.03542788
188.2998176949356,-0.3757978
187.2485477506866,0.144436
191.1767204981559,-0.22155343
186.0630269224294,0.13491875
186.0630269224294,0.023210213
186.0630269224294,0.019401189
186.0630269224294,0.07196507
109.4626129590327,0.061312452
191.1767204981559,-0.07701543
112.0244118782512,0.038819093
187.2485477506866,0.2567678
277.1405325149242,0.0047756927
186.0630269224294,0.06180903
195.451468548024,-0.07521685
108.1592269976745,0.013104513
188.2998176949356,-0.4080175
277.7011388113657,0.09967715
195.2049422402298,-0.29516768
197.3488026935816,-0.055832762
188.2998176949356,-0.30726755
107.4101180895406,0.15089872
107.4101180895406,-0.023645848
109.4626129590327,-0.0085428385
106.0727756400072,-0.1722497
196.9700178190189,-0.22826467
106.1021411931076,-0.10671818
107.4101180895406,-0.108934805
112.5992859239952,0.011609049
110.056913956187,-0.028105717
191.1767204981559,-0.25539714
272.5330194201419,-0.18417393
195.451468548024,-0.1462369
186.0630269224294,0.057142466
186.0630269224294,0.14968613
187.419098055674,0.11347746
276.9039954584068,-0.15619253
188.2998176949356,-0.2696379
187.419098055674,0.092843555
197.3488026935816,-0.013490829
197.3488026935816,-0.1525225
106.952771334059,0.0027196917
193.1126855299547,-0.35744247
187.614026870642,-0.08794875
191.1767204981559,-0.23709461
105.7712870257849,-0.07844286
274.2758623545001,-0.15203048
110.056913956187,0.075603284
106.952771334059,0.15246125
187.2485477506866,0.11016061
188.2998176949356,-0.32398352
187.2485477506866,0.26101443
275.7895660228427,-0.11249481
110.056913956187,-0.09390821
107.5853159867198,0.106444925
188.2998176949356,-0.29604837
116.7545491822112,0.09216846
108.419481966606,0.039843984
195.451468548024,-0.07668308
188.2998176949356,-0.24607238
188.2998176949356,-0.2828665
193.1126855299547,-0.21232031
186.0630269224294,0.09965955
188.2998176949356,-0.3225267
105.2490472299035,-0.12803486
106.9552834807568,-0.015239937
109.4626129590327,0.118705206
187.614026870642,0.03531939
196.9700178190189,-0.06543276
109.4626129590327,0.13947894
110.056913956187,0.00852184
106.952771334059,-0.009816711
197.3488026935816,-0.26367164
277.1405325149242,0.00093868
106.577636016138,0.12036512
109.8968757818925,0.114197105
196.9700178190189,-0.17764738
275.7895660228427,-0.20971033
116.7545491822112,0.024953924
106.577636016138,-0.012317555
195.451468548024,-0.3052183
109.8196341639771,0.09567637
197.3488026935816,-0.11990343
106.9552834807568,0.16063122
107.5853159867198,-0.008069996
195.451468548024,-0.14690404
196.9700178190189,-0.07730803
110.056913956187,0.0553723
191.0414887439485,-0.29476646
119.7022049233447,0.027630646
191.0414887439485,-0.2946234
107.5853159867198,0.11367659
110.056913956187,-0.03689172
105.7712870257849,-0.2295781
122.5042298788697,0.017308295
107.9609077494667,0.037721116
195.451468548024,-0.15335983
109.9480086958482,0.013152934
187.2485477506866,0.15445358
107.5853159867198,0.26830342
110.056913956187,0.06364856
275.8490294326924,-0.17938821
197.3488026935816,-0.09436629
195.451468548024,-0.12551394
272.5330194201419,-0.28607157
191.0414887439485,-0.3514081
113.819924176831,0.13758741
191.0414887439485,-0.12985511
191.1767204981559,-0.1701554
106.0727756400072,0.11055563
188.2998176949356,-0.23251706
110.056913956187,0.029646832
196.9700178190189,-0.16378379
197.3488026935816,0.0066079767
278.6082817937599,0.18002844
280.6221636523277,0.6721546
112.5992859239952,0.16869013
112.0244118782512,-0.03362656
188.2998176949356,-0.26093054
107.1539686726064,0.08004063
116.6010685283568,0.03203559
187.2485477506866,0.22922902
186.0630269224294,0.016038796
122.5042298788697,0.008822495
116.188178371516,0.06308535
112.5992859239952,0.045702826
186.0630269224294,0.2056626
193.1126855299547,-0.34955868
107.4101180895406,0.002112272
191.0414887439485,-0.26931936
187.2485477506866,0.023405544
189.7240479988971,-0.08570076
106.0727756400072,-0.22296207
188.2998176949356,-0.23665833
196.9700178190189,-0.26684776
276.9477066756423,-0.059735604
106.952771334059,-0.009539077
109.4626129590327,-0.06445997
105.4859909518081,-0.067028105
106.952771334059,0.10924937
275.7895660228427,-0.10080487
195.451468548024,-0.17355898
106.952771334059,0.073406525
187.0125888573417,0.18221599
186.0630269224294,0.064573325
188.2998176949356,-0.31517363
112.0244118782512,0.031914033
113.6707909357408,-0.038468584
110.056913956187,0.011257876
195.451468548024,-0.09786752
188.783576376697,-0.0860687
107.1539686726064,0.051826704
278.6082817937599,0.63557297
110.056913956187,0.14171652
106.952771334059,0.13741758
106.4164738578715,-0.0800269
109.9480086958482,0.11048872
187.2485477506866,0.048485443
113.6707909357408,0.06123782
106.577636016138,0.015566047
107.5853159867198,0.077031106
189.7240479988971,-0.07164164
191.1767204981559,-0.20333633
110.056913956187,-0.036389396
186.0630269224294,0.072710946
110.056913956187,0.23018321
188.2998176949356,-0.3495535
115.3254069712001,0.023325551
110.056913956187,-0.027553353
109.8196341639771,0.10635857
189.7240479988971,-0.119241185
188.2998176949356,-0.25137806
106.577636016138,0.13136017
196.9700178190189,-0.09684402
107.1539686726064,0.35367993
187.0125888573417,0.20579402
107.9609077494667,-0.021758629
107.5853159867198,0.06140507
195.451468548024,-0.012567476
107.5853159867198,0.15063864
189.7240479988971,-0.3797672
186.0630269224294,0.048792616
110.056913956187,0.053063113
188.2998176949356,-0.21685506
189.7240479988971,-0.059283964
193.1126855299547,-0.38002512
107.1539686726064,0.04718738
110.056913956187,0.055749964
106.0727756400072,-0.27771193
109.4626129590327,0.1145503
187.419098055674,0.029995972
186.0630269224294,0.06485324
189.7240479988971,-0.23445003
107.5853159867198,0.2186432
110.056913956187,0.08405113
276.9477066756423,-0.05780335
112.5992859239952,0.05599785
109.4626129590327,-0.016002804
106.952771334059,0.13880001
103.7447431214784,-0.034254834
122.5042298788697,0.12118427
122.5042298788697,0.1119104
187.614026870642,-0.02644988
107.5853159867198,0.34914622
196.9700178190189,-0.22647056
277.7011388113657,0.14579344
110.056913956187,-0.0030756632
106.0727756400072,-0.33196557
273.7518509405115,0.115698814
187.2485477506866,-0.061197955
109.4626129590327,0.039561607
107.5853159867198,0.08944339
107.1539686726064,0.055761166
103.7447431214784,-0.1720952
109.4626129590327,0.12401204
107.5853159867198,0.087317094
106.4164738578715,-0.041736934
195.451468548024,-0.2120758
188.783576376697,-0.21664064
110.056913956187,-0.05481127
109.4626129590327,0.17775422
195.2049422402298,-0.2696744
186.0630269224294,0.076668344
187.2485477506866,0.16970298
106.1021411931076,-0.15914284
105.2490472299035,-0.48793608
103.6988069564512,0.27091318
189.7240479988971,-0.29071298
109.4626129590327,0.00058489986
189.7240479988971,-0.23455954
186.0630269224294,0.09256367
110.056913956187,0.1434452
196.9700178190189,-0.29618818
195.2049422402298,-0.2228556
187.2485477506866,0.21759474
112.5992859239952,0.14077024
187.0125888573417,-0.011616941
195.2049422402298,-0.16341941
195.2049422402298,-0.21737188
195.451468548024,-0.0467172
186.0630269224294,0.04018602
103.7447431214784,-0.31499764
187.614026870642,-0.055082668
113.819924176831,0.05795728
197.3488026935816,-0.14439213
197.3488026935816,-0.05675674
188.2998176949356,-0.1494014
106.952771334059,0.060082104
186.0630269224294,-0.019473229
195.451468548024,-0.20155011
187.2485477506866,0.18929408
116.188178371516,0.12560523
109.4626129590327,-0.025637614
196.9700178190189,0.10771154
188.2998176949356,-0.0573537
276.9039954584068,-0.061939925
113.819924176831,0.068383
188.2998176949356,-0.33008444
195.2049422402298,-0.27997577
276.9477066756423,-0.013761914
188.2998176949356,-0.22527415
107.1539686726064,0.100918494
191.0414887439485,-0.22777604
275.7895660228427,-0.03826719
106.577636016138,0.02608793
187.0125888573417,0.060430374
106.952771334059,0.15874717
186.0630269224294,0.064229086
186.0630269224294,0.07390637
109.4626129590327,0.08835502
193.1126855299547,-0.30392742
187.0125888573417,0.040844567
195.451468548024,-0.18530455
197.3488026935816,-0.03800447
195.451468548024,-0.10008583
197.3488026935816,-0.13701835
187.2485477506866,0.0336848
188.2998176949356,-0.2367292
278.6082817937599,0.17092872
195.451468548024,-0.19494602
195.451468548024,-0.053605676
191.1767204981559,-0.24592686
112.5992859239952,0.2554737
187.2485477506866,0.10620084
196.9700178190189,-0.15865023
186.0630269224294,0.07708904
272.5330194201419,-0.15703937
197.3488026935816,-0.18700194
106.3644518347447,-0.10809684
109.4626129590327,0.030860422
186.0630269224294,-0.031262998
109.9480086958482,0.063723765
106.577636016138,0.11952879
187.614026870642,-0.08959734
115.3254069712001,0.13038547
186.0630269224294,0.096954115
116.2192045005754,0.061008647
195.451468548024,-0.26973814
110.056913956187,0.039629806
107.4101180895406,0.101457536
191.0414887439485,-0.21517374
189.7240479988971,-0.26790074
277.1405325149242,0.025937404
277.1405325149242,-0.013358096
186.0630269224294,-0.056219682
106.9552834807568,0.055485953
188.2998176949356,-0.40600365
107.4101180895406,-0.054973282
187.419098055674,0.11880107
195.451468548024,-0.29173782
103.7447431214784,-0.32340112
107.5853159867198,0.08492562
110.056913956187,0.038141984
188.2998176949356,-0.2660674
188.2998176949356,-0.12838362
189.7240479988971,-0.23308215
278.6082817937599,0.30564174
188.783576376697,-0.21374586
106.577636016138,0.23153608
106.577636016138,-0.249792
186.0630269224294,0.039588537
188.2998176949356,-0.2982835
191.0414887439485,-0.281014
110.056913956187,0.05833863
186.0630269224294,-0.010249484
107.5853159867198,0.09816085
191.1767204981559,0.09155056
110.056913956187,0.090256296
188.2998176949356,-0.2180619
195.2049422402298,-0.25186965
195.451468548024,-0.18468434
187.2485477506866,0.1263787
110.056913956187,0.11545204
110.056913956187,0.056707807
277.1405325149242,-0.07444353
189.7240479988971,-0.2168971
277.1405325149242,-0.11205027
116.188178371516,0.19280156
193.1126855299547,-0.4089211
186.0630269224294,0.08468454
110.056913956187,0.094232954
187.419098055674,0.0116784675
189.7240479988971,-0.16915655
105.2490472299035,-0.28785348
106.3644518347447,-0.21030107
107.4101180895406,0.039462313
188.2998176949356,-0.2549588
195.451468548024,0.038102206
191.0414887439485,-0.19302164
110.056913956187,0.03647899
112.5992859239952,0.14100614
110.056913956187,0.0831923
274.2758623545001,-0.2422239
110.056913956187,0.056679115
275.7895660228427,-0.30793104
119.7022049233447,-0.05171557
191.0414887439485,-0.33470994
109.8196341639771,0.034952678
187.2485477506866,0.07508833
195.2049422402298,-0.21381508
196.9700178190189,-0.17815563
188.2998176949356,-0.23096858
195.451468548024,-0.21688035
186.0630269224294,0.07497408
186.0630269224294,0.21516562
107.5853159867198,0.07177898
278.6082817937599,0.38365442
186.0630269224294,-0.035329163
187.2485477506866,0.04825192
106.3644518347447,-0.018112898
110.056913956187,0.14090195
186.0630269224294,0.0076297023
191.0414887439485,-0.25620252
197.3488026935816,-0.07544333
195.2049422402298,-0.18062802
109.4626129590327,0.034320883
186.0630269224294,0.108781345
105.2015884238383,-0.044432525
186.0630269224294,0.020084921
107.4101180895406,0.1953369
195.451468548024,-0.17627966
109.4626129590327,0.13606513
186.0630269224294,0.02738503
112.5992859239952,0.22194485
188.2998176949356,-0.24245293
187.2485477506866,0.054015223
186.0630269224294,0.11965078
186.0630269224294,0.092753395
191.0414887439485,-0.45754042
109.8196341639771,0.0993719
107.1539686726064,0.036368147
278.6082817937599,1.0073019
109.4626129590327,0.06755951
195.451468548024,-0.15693064
195.2049422402298,-0.32402202
188.783576376697,0.00014210679
186.0630269224294,0.09014978
106.9552834807568,0.041289195
187.2485477506866,0.3026718
186.0630269224294,-0.0139331445
107.5853159867198,0.11210738
186.0630269224294,0.027077891
107.4101180895406,-0.04504856
197.3488026935816,-0.18288256
186.0630269224294,0.0051019765
108.1592269976745,0.019903587
109.8196341639771,0.15797444
191.0414887439485,-0.27415404
106.3644518347447,-0.124919675
107.5199760489703,-0.05318672
276.9477066756423,-0.19969524
110.056913956187,0.087463245
110.056913956187,-0.009367501
186.0630269224294,0.011254909
187.0125888573417,-0.07530335
107.4101180895406,0.07618504
106.4164738578715,-0.035826813
278.6082817937599,0.21264078
191.0414887439485,-0.2154136
110.056913956187,-0.019231113
197.3488026935816,-0.14426129
106.952771334059,0.059685327
187.614026870642,0.046627294
110.056913956187,0.04877032
186.0630269224294,0.23366895
186.0630269224294,-0.0542923
278.6082817937599,0.3300782
189.7240479988971,-0.24493541
187.419098055674,-0.018042095
186.0630269224294,0.2643488
188.2998176949356,-0.3780791
278.6082817937599,0.27214035
116.188178371516,-0.03782602
107.5853159867198,0.0675962
106.0727756400072,-0.20353137
191.1767204981559,-0.30844265
195.451468548024,-0.14740783
103.7447431214784,-0.26734826
191.0414887439485,-0.08232313
186.0630269224294,0.046318095
193.1126855299547,-0.2304072
116.2192045005754,0.061008647
195.451468548024,-0.08324265
106.0727756400072,-0.16570033
189.7240479988971,-0.25702658
112.5992859239952,0.11314649
110.056913956187,0.10697882
188.2998176949356,-0.29121077
106.4164738578715,0.020255718
111.2653495585551,0.07927606
276.9477066756423,-0.2847577
188.2998176949356,-0.18616623
186.0630269224294,0.054390308
115.7623327141752,0.037289787
276.9477066756423,-0.25014728
186.0630269224294,0.11484979
106.577636016138,0.1572019
106.4164738578715,0.23297626
280.6221636523277,0.5018984
107.1539686726064,0.10319154
103.7447431214784,-0.3471996
186.0630269224294,0.038970686
188.2998176949356,-0.14844172
106.577636016138,0.29029566
187.2485477506866,0.06958368
196.9700178190189,-0.30209374
106.952771334059,0.045101345
188.2998176949356,-0.4008649
187.2485477506866,0.06435427
106.952771334059,0.1657239
106.952771334059,0.09952915
277.1405325149242,0.15011826
187.0125888573417,0.09892219
191.1767204981559,-0.2135779
276.9477066756423,-0.13723923
188.2998176949356,-0.22076838
106.4164738578715,-0.08463555
106.4164738578715,-0.019506985
110.056913956187,0.021557137
107.1539686726064,0.06891157
106.577636016138,0.23353592
115.3254069712001,0.015447057
196.9700178190189,-0.051130924
195.451468548024,-0.1448596
107.9804068082134,-0.036103684
195.451468548024,-0.22982472
196.9700178190189,-0.11233883
188.2998176949356,-0.31388208
109.4626129590327,0.1641883
276.9039954584068,0.100320645
110.056913956187,0.09774682
189.7240479988971,-0.11645702
278.6082817937599,0.22657497
196.9700178190189,-0.14859636
107.5853159867198,0.18225428
193.1126855299547,-0.21764643
107.4101180895406,0.07442519
105.7712870257849,-0.20127657
187.0125888573417,0.16449907
109.4626129590327,0.11849598
107.5853159867198,0.13859005
188.2998176949356,-0.020253772
186.0630269224294,0.10793636
186.0630269224294,0.038904916
273.7518509405115,0.06204552
187.0125888573417,0.11442406
107.5853159867198,0.028846627
196.9700178190189,-0.34239227
193.1126855299547,-0.33065662
195.451468548024,-0.06804366
112.5992859239952,0.14400151
188.2998176949356,-0.23458242
109.8196341639771,0.021471286
195.451468548024,-0.28465354
188.2998176949356,-0.3301604
187.2485477506866,0.06095271
188.2998176949356,-0.2482566
106.577636016138,0.061227635
186.0630269224294,0.035633873
196.9700178190189,-0.1613527
109.4626129590327,0.040578134
186.0630269224294,0.094551876
106.952771334059,-0.024035959
109.4626129590327,0.13786638
191.0414887439485,-0.36537498
116.6010685283568,0.0071771736
188.2998176949356,-0.2496117
278.6082817937599,0.48960412
187.419098055674,-0.11260806
112.5992859239952,0.07440647
187.0125888573417,-0.07602756
122.4113661571781,0.03956157
106.952771334059,0.067452416
107.5853159867198,0.069444634
187.419098055674,-0.118037775
195.451468548024,-0.41774666
193.1126855299547,-0.19897975
191.1767204981559,-0.14389405
105.7712870257849,-0.05910637
107.5853159867198,0.1475234
109.9480086958482,0.1935017
107.4101180895406,0.079770274
195.2049422402298,-0.36407712
188.783576376697,-0.056666244
106.9991289866339,0.0049520005
187.2485477506866,0.11845351
187.2485477506866,0.06774534
188.2998176949356,-0.34270167
113.819924176831,0.043462664
188.2998176949356,-0.3304593
107.5199760489703,0.10119331
187.2485477506866,0.15959015
196.9700178190189,-0.23622139
106.952771334059,-0.0446757
195.451468548024,-0.12468386
108.419481966606,0.068512104
112.5992859239952,0.102581106
107.1539686726064,0.09750794
191.1767204981559,0.13847952
187.614026870642,-0.026171407
191.1767204981559,-0.34853935
187.2485477506866,0.26215398
189.7240479988971,-0.2757952
195.451468548024,-0.18968667
109.9480086958482,0.0651527
191.1767204981559,-0.21538126
106.0727756400072,-0.094018176
197.3488026935816,-0.15482691
186.0630269224294,-0.07524477
108.1592269976745,0.04182661
106.1021411931076,-0.03370545
106.4164738578715,-0.051018186
197.3488026935816,-0.026670119
196.9700178190189,0.040414974
106.0727756400072,-0.027891861
187.2485477506866,0.032131374
272.5330194201419,-0.20045608
106.9552834807568,-0.025406562
106.577636016138,0.12723559
188.2998176949356,-0.24734995
187.2485477506866,0.1837144
187.419098055674,-0.015012323
187.2485477506866,0.16074453
189.7240479988971,-0.29995456
187.2485477506866,0.061322197
107.5853159867198,0.050298493
103.6988069564512,0.13735169
193.1126855299547,-0.29893455
195.451468548024,-0.13164407
195.451468548024,-0.18521266
195.451468548024,-0.18341814
195.451468548024,-0.12420163
107.5199760489703,0.07164006
191.1767204981559,-0.27290606
106.952771334059,-0.06764736
107.4101180895406,0.02317034
103.7447431214784,-0.10333328
197.3488026935816,0.017552814
186.0630269224294,0.010377736
106.577636016138,0.19508055
105.7712870257849,-0.19211903
191.0414887439485,-0.38215488
197.3488026935816,-0.12328851
272.5330194201419,-0.20176242
106.952771334059,-0.09264249
106.9552834807568,0.030004393
107.5853159867198,0.177418
197.3488026935816,-0.071617775
188.2998176949356,-0.060713634
109.9480086958482,-0.000913093
197.3488026935816,0.037465796
109.4626129590327,0.2113098
189.7240479988971,-0.27592474
188.2998176949356,-0.2803696
106.577636016138,0.05461686
189.7240479988971,-0.35757935
195.451468548024,-0.1636138
196.9700178190189,-0.07753432
191.1767204981559,-0.14363258
276.9039954584068,-0.047200296
106.577636016138,0.07778506
110.056913956187,0.14529866
110.056913956187,-0.0843632
110.056913956187,-0.0058070733
113.819924176831,0.17384063
109.4626129590327,0.044417497
280.6221636523277,0.62210256
109.4626129590327,-0.066230185
186.0630269224294,0.08979868
103.7447431214784,-0.37096518
107.9804068082134,-0.050598606
106.577636016138,0.194376
191.1767204981559,0.47116995
108.419481966606,0.089187294
186.0630269224294,0.025138553
193.1126855299547,-0.33136407
109.4626129590327,-0.02164089
273.7518509405115,-0.019842688
186.0630269224294,0.020401211
187.0125888573417,0.2063334
107.5853159867198,0.06477352
107.5199760489703,0.019691627
188.2998176949356,-0.22024679
106.4164738578715,-0.046310652
195.451468548024,-0.16530803
272.5330194201419,-0.25454897
272.5330194201419,-0.0042510154
186.0630269224294,0.14997622
187.614026870642,-0.034302603
106.577636016138,0.19934879
106.4164738578715,-0.030213822
186.0630269224294,0.055023406
278.6082817937599,0.39569065
109.8196341639771,0.07419213
106.0727756400072,-0.19349642
110.056913956187,0.05757819
106.577636016138,0.10102274
106.0727756400072,-0.0074752243
109.4626129590327,0.11609823
275.7895660228427,-0.11864391
106.4164738578715,-0.025639271
197.3488026935816,-0.05918995
277.1405325149242,0.10006929
103.7447431214784,-0.1844738
109.4626129590327,0.011850689
188.2998176949356,0.040358026
196.9700178190189,-0.25355545
197.3488026935816,-0.18700194
186.0630269224294,0.03036064
108.419481966606,0.036270656
186.0630269224294,0.028670924
195.451468548024,-0.3013599
191.0414887439485,-0.2744813
187.2485477506866,0.05689243
107.5853159867198,0.32706672
112.5992859239952,0.12302453
186.0630269224294,0.07350556
109.4626129590327,0.046769608
116.2192045005754,0.087554775
187.2485477506866,0.064139105
272.5330194201419,-0.25207996
193.1126855299547,-0.18250866
187.2485477506866,0.1656837
186.0630269224294,-0.1910612
122.2527495895182,-0.14125718
195.451468548024,-0.17541203
278.6082817937599,0.27184322
106.0727756400072,-0.3523392
110.056913956187,0.04225769
189.7240479988971,-0.16047777
106.577636016138,0.2689331
106.577636016138,-0.016934322
193.1126855299547,-0.3388969
195.451468548024,0.012559553
186.0630269224294,0.10169093
109.4626129590327,0.05409061
188.2998176949356,-0.2677312
272.5330194201419,-0.30984136
188.2998176949356,-0.10639147
278.6082817937599,0.07314253
106.577636016138,0.030611835
195.2049422402298,-0.2998583
186.0630269224294,-0.060918253
103.7447431214784,-0.07734226
112.5992859239952,0.10587297
107.5853159867198,0.21280608
109.8196341639771,0.08469269
186.0630269224294,0.07867619
188.2998176949356,-0.25228804
186.0630269224294,0.22756784
108.1592269976745,0.08137575
189.7240479988971,-0.3004064
187.419098055674,0.021946255
107.4101180895406,-0.09785092
197.3488026935816,-0.16471761
187.614026870642,-0.08825949
193.1126855299547,-0.17843162
186.0630269224294,0.019490458
109.8196341639771,0.12238336
278.6082817937599,0.1837169
106.9552834807568,-0.030580966
105.7712870257849,-0.011378439
186.0630269224294,0.08774648
110.056913956187,-0.052837815
110.056913956187,0.15352175
106.577636016138,0.08225131
116.7545491822112,0.05371821
107.5853159867198,0.11411819
196.9700178190189,-0.22180548
195.451468548024,-0.18153043
106.1021411931076,-0.17276809
106.0727756400072,-0.036830693
277.1405325149242,-0.16492121
188.2998176949356,-0.21446219
109.9480086958482,-0.022787448
109.8196341639771,0.12693669
110.056913956187,0.10457648
103.7447431214784,-0.4217413
197.3488026935816,-0.048578944
191.0414887439485,-0.15534182
277.1405325149242,-0.05193429
106.577636016138,0.043847818
195.451468548024,-0.057221062
187.2485477506866,0.15324762
191.1767204981559,-0.19528423
115.3254069712001,-0.058404732
106.1021411931076,-0.1514724
105.2490472299035,-0.34666878
197.3488026935816,-0.043200884
195.451468548024,-0.061845113
186.0630269224294,-0.033863094
106.9991289866339,-0.17098275
273.7518509405115,-0.1866774
191.1767204981559,0.21452042
189.7240479988971,-0.23518044
107.4101180895406,0.05456334
105.7712870257849,-0.15304083
105.2490472299035,-0.2609855
116.7545491822112,0.12791552
107.4101180895406,0.121860825
109.8196341639771,0.14321434
106.1021411931076,-0.04947605
187.2485477506866,0.22625312
106.0727756400072,-0.15916999
110.056913956187,0.0679331
106.952771334059,0.073279016
107.5853159867198,0.08368304
186.0630269224294,0.23217136
188.2998176949356,-0.09320473
110.056913956187,-0.0029104701
193.1126855299547,-0.066323146
188.2998176949356,-0.25308394
107.1539686726064,0.117103636
277.1405325149242,-0.015890019
110.056913956187,-0.032241542
193.1126855299547,-0.35085005
103.7447431214784,-0.4053513
188.2998176949356,-0.10721631
191.0414887439485,-0.2884834
106.0727756400072,-0.1633677
274.2758623545001,-0.18759412
109.9480086958482,-0.021511022
188.2998176949356,-0.23201355
106.952771334059,0.07932125
110.056913956187,0.105721876
191.1767204981559,-0.04953079
186.0630269224294,0.04586806
107.5199760489703,0.0029074703
191.0414887439485,-0.16696094
106.1021411931076,-0.060726427
187.0125888573417,-0.015545278
187.0125888573417,0.09593077
106.1021411931076,-0.19252065
106.952771334059,-0.1144294
186.0630269224294,0.06830819
186.0630269224294,0.0033114739
274.2758623545001,-0.0893348
106.4164738578715,-0.14767992
106.577636016138,0.1657181
274.2758623545001,-0.0293154
188.783576376697,-0.08972288
106.4164738578715,-0.05563941
187.2485477506866,0.121236205
109.4626129590327,0.09903516
277.1405325149242,0.048450556
188.2998176949356,-0.2409022
115.3254069712001,-0.08726573
275.8490294326924,-0.25845474
195.451468548024,-0.15122609
188.2998176949356,0.06689529
107.4101180895406,-0.19457792
106.0727756400072,-0.22316447
115.3254069712001,-0.0018633215
109.8196341639771,0.08806888
109.8968757818925,0.020279108
105.2490472299035,-0.12383806
107.5853159867198,0.1637288
106.577636016138,0.03406463
112.5992859239952,0.1767262
106.9991289866339,-0.036153376
187.614026870642,-0.06528096
106.1021411931076,-0.059593506
195.451468548024,-0.13428742
186.0630269224294,0.008510296
189.7240479988971,-0.33668476
189.7240479988971,-0.2970291
189.7240479988971,-0.11200993
107.9609077494667,-0.025922855
274.2758623545001,0.06795139
188.2998176949356,-0.20316817
110.056913956187,0.14002824
186.0630269224294,0.14298196
188.2998176949356,-0.20396091
106.4164738578715,-0.01985343
110.056913956187,-0.03649583
276.9477066756423,-0.23635098
196.9700178190189,-0.2887627
189.7240479988971,-0.07996297
107.9804068082134,-0.04568246
106.0727756400072,-0.17037353
107.5853159867198,0.15126337
106.0727756400072,-0.15370436
103.7447431214784,-0.15746889
112.5992859239952,0.14053501
195.451468548024,-0.11239551
106.4164738578715,-0.2326827
106.577636016138,0.020280244
106.952771334059,0.14203721
195.451468548024,-0.07521685
195.2049422402298,-0.2682646
188.2998176949356,-0.23728731
107.9609077494667,0.08826112
195.451468548024,-0.13701722
189.7240479988971,-0.14727794
187.0125888573417,0.1186001
278.6082817937599,0.1305032
195.451468548024,-0.32518396
188.2998176949356,-0.23327151
187.614026870642,-0.050380982
112.5992859239952,0.20461464
188.2998176949356,-0.34967217
187.2485477506866,0.11798119
107.5853159867198,0.025309436
186.0630269224294,0.019253347
193.1126855299547,-0.19504946
106.4164738578715,0.027829826
106.0727756400072,-0.1685592
187.0125888573417,-0.059557714
106.577636016138,-0.0074738013
107.5853159867198,0.092491224
191.1767204981559,-0.25971588
112.5992859239952,0.17406657
193.1126855299547,-0.19332138
280.6221636523277,0.7762153
195.451468548024,-0.11640621
188.783576376697,-0.23249874
186.0630269224294,0.2595749
276.9039954584068,-0.0035109657
188.2998176949356,-0.2144681
109.8196341639771,0.022725262
275.7895660228427,-0.01096945
110.056913956187,0.016330631
122.5042298788697,0.035021562
106.1021411931076,-0.18365334
196.9700178190189,-0.11259862
196.9700178190189,0.038001657
110.056913956187,0.1250142
187.2485477506866,0.07650698
110.056913956187,0.035828117
106.1021411931076,-0.22906236
106.4164738578715,-0.06704218
272.5330194201419,-0.22227958
196.9700178190189,-0.020461265
191.1767204981559,-0.2835207
105.4859909518081,0.035527483
110.056913956187,0.070778355
106.0727756400072,-0.119774885
187.2485477506866,-0.044420686
188.2998176949356,-0.2150713
189.7240479988971,-0.07040936
189.7240479988971,-0.026965892
196.9700178190189,-0.25969517
278.6082817937599,0.23608153
195.451468548024,-0.13379338
103.7447431214784,-0.11695207
107.4101180895406,-0.05878844
191.0414887439485,-0.23485333
191.0414887439485,-0.29302132
187.614026870642,0.020134047
188.2998176949356,-0.18520182
116.6010685283568,0.009695806
188.2998176949356,-0.30271867
110.056913956187,0.030380355
193.1126855299547,-0.2431916
187.2485477506866,-0.027631259
110.056913956187,-0.09072762
193.1126855299547,-0.31545484
186.0630269224294,0.04444112
189.7240479988971,-0.27817598
277.1405325149242,0.26211432
187.0125888573417,0.100679435
280.6221636523277,0.5225498
109.9480086958482,0.037172604
110.056913956187,0.116171665
188.2998176949356,-0.23774263
113.819924176831,0.15014341
106.4164738578715,0.00017423899
107.5853159867198,0.08363646
197.3488026935816,-0.16854414
109.8196341639771,0.078581184
197.3488026935816,-0.03192118
278.6082817937599,0.1821577
103.7447431214784,-0.13444063
188.2998176949356,-0.19833162
189.7240479988971,-0.15642901
186.0630269224294,0.1121416
195.451468548024,-0.053248648
195.2049422402298,-0.3130124
107.1539686726064,0.24243897
187.2485477506866,0.04643017
108.1592269976745,0.08802884
188.2998176949356,-0.42211795
122.2527495895182,-0.0402517
106.0727756400072,-0.0125448
188.783576376697,0.060882065
193.1126855299547,-0.3433017
106.0727756400072,-0.16034009
106.577636016138,-0.03731096
107.4101180895406,0.09978758
187.614026870642,-0.06277114
106.0727756400072,-0.3080522
188.2998176949356,-0.14536017
196.9700178190189,-0.20245388
116.6010685283568,0.023575308
191.0414887439485,-0.36409885
188.2998176949356,-0.22013526
191.0414887439485,-0.35348707
186.0630269224294,0.008262183
188.2998176949356,-0.29396167
186.0630269224294,0.0039657564
188.2998176949356,-0.3604242
109.8196341639771,0.061928023
195.451468548024,-0.09153033
112.0244118782512,0.03332361
277.7011388113657,0.14895336
197.3488026935816,-0.014221218
187.2485477506866,0.08623132
191.1767204981559,-0.21145713
193.1126855299547,-0.25506067
109.4626129590327,-0.03301879
191.1767204981559,-0.3077244
109.4626129590327,0.17859358
110.056913956187,0.018529216
109.4626129590327,0.1104779
110.056913956187,0.02595487
109.4626129590327,-0.01188152
197.3488026935816,-0.071617775
186.0630269224294,0.24016103
274.2758623545001,-0.35762808
186.0630269224294,0.035260856
186.0630269224294,0.07496389
197.3488026935816,-0.02864999
195.451468548024,-0.20484538
186.0630269224294,0.16607489
109.4626129590327,0.09435189
107.4101180895406,-0.048182324
106.577636016138,0.04534568
188.2998176949356,-0.22262725
109.9480086958482,0.05767314
274.2758623545001,-0.3621287
188.2998176949356,-0.05589824
278.6082817937599,0.0146033475
191.0414887439485,-0.24272446
195.451468548024,-0.20866114
110.056913956187,0.0027497201
186.0630269224294,0.053481437
276.9039954584068,-0.07733086
197.3488026935816,-0.102640666
105.2015884238383,-0.26440126
189.7240479988971,-0.3800675
189.7240479988971,-0.24448535
112.5992859239952,0.082215294
197.3488026935816,-0.053018954
116.6010685283568,0.08517099
112.5992859239952,0.097415805
196.9700178190189,-0.22386056
106.0727756400072,-0.107264854
187.2485477506866,0.11970683
186.0630269224294,-0.00459519
125.3372568829002,0.01310567
106.4164738578715,-0.10133925
186.0630269224294,-0.039938677
103.7447431214784,-0.32381684
276.9039954584068,0.23018779
195.451468548024,-0.101027966
188.783576376697,-0.15917015
110.056913956187,0.08187576
191.1767204981559,-0.32287446
116.7029289541932,0.005946866
122.5042298788697,0.09517734
186.0630269224294,-0.0012263497
188.2998176949356,-0.26944444
195.451468548024,-0.20484538
186.0630269224294,0.18751109
280.6221636523277,0.25657386
193.1126855299547,-0.5001947
107.9804068082134,0.07045405
191.0414887439485,-0.3216612
278.6082817937599,0.33897904
195.451468548024,-0.0737296
107.1539686726064,0.020359807
110.056913956187,-0.029528433
187.614026870642,-0.053755235
109.4626129590327,0.0067959838
110.056913956187,0.06743335
110.056913956187,-0.017780654
187.0125888573417,0.14108865
186.0630269224294,-0.08060113
186.0630269224294,0.11132102
186.0630269224294,0.16875751
186.0630269224294,0.059088003
186.0630269224294,0.11510219
187.614026870642,-0.003019097
188.2998176949356,-0.32603213
113.6707909357408,-0.11198385
106.9552834807568,0.022871183
196.9700178190189,-0.10402962
106.577636016138,0.28070685
110.056913956187,-0.058702223
106.952771334059,-0.051476777
113.6707909357408,-0.06521182
116.188178371516,-0.060803056
195.451468548024,-0.04986156
191.1767204981559,-0.2793644
187.2485477506866,0.27224544
107.9609077494667,0.08703167
125.3372568829002,-0.036139477
189.7240479988971,-0.120930314
107.1539686726064,0.1948058
186.0630269224294,-0.037705403
195.451468548024,-0.06368481
193.1126855299547,-0.16359389
187.614026870642,-0.04365584
196.9700178190189,-0.22588253
278.6082817937599,0.23025721
187.2485477506866,0.105961725
111.2653495585551,0.13253763
195.2049422402298,-0.21318763
188.2998176949356,-0.35811672
195.451468548024,-0.09363433
276.9039954584068,-0.026676338
189.7240479988971,-0.116935
195.451468548024,-0.084030084
193.1126855299547,-0.17509279
277.7011388113657,0.05828462
195.2049422402298,-0.25671673
197.3488026935816,-0.13338107
187.0125888573417,-0.006808915
116.6010685283568,0.101896815
103.7447431214784,0.018515762
107.5853159867198,0.37282604
187.2485477506866,-0.016555445
106.9552834807568,0.057032246
195.2049422402298,-0.22206277
196.9700178190189,-0.24531218
187.419098055674,0.0015391726
187.2485477506866,0.08732351
107.9609077494667,-0.042114206
196.9700178190189,-0.04078329
106.1021411931076,-0.127633
188.2998176949356,-0.21510392
195.451468548024,-0.012567476
106.577636016138,0.12164565
103.7447431214784,-0.32381684
107.4101180895406,0.081917584
105.2015884238383,-0.12846188
106.1021411931076,-0.30556697
112.5992859239952,0.19177106
116.188178371516,-0.0014383688
110.056913956187,-0.029477432
186.0630269224294,-0.036342446
188.2998176949356,-0.34970346
105.4859909518081,-0.12493141
188.2998176949356,-0.26217017
197.3488026935816,-0.26348227
107.5853159867198,0.031284098
193.1126855299547,-0.13036206
110.056913956187,0.13939238
106.952771334059,0.21410452
187.2485477506866,0.19554038
275.8490294326924,-0.26659673
187.2485477506866,0.09009899
197.3488026935816,-0.15182832
110.056913956187,-0.0066202446
195.451468548024,-0.12874702
195.451468548024,-0.17352188
191.1767204981559,-0.21677725
195.2049422402298,-0.1590589
187.2485477506866,0.080320984
106.4164738578715,-0.10732958
110.056913956187,0.05093136
277.1405325149242,-0.14894153
107.1539686726064,0.08562908
186.0630269224294,0.072872065
277.1405325149242,-0.026180916
106.577636016138,0.26217377
106.3644518347447,-0.0056436104
191.1767204981559,-0.3627181
103.7447431214784,-0.07682734
195.451468548024,-0.035791047
106.952771334059,0.0072594844
195.2049422402298,-0.27563894
107.4101180895406,0.10862831
107.5853159867198,0.07738026
110.056913956187,-0.0006392615
195.2049422402298,-0.22251818
106.4164738578715,0.027110763
110.056913956187,0.06260771
187.2485477506866,0.1377954
106.577636016138,0.06732919
186.0630269224294,0.059190076
195.451468548024,-0.23857029
193.1126855299547,-0.49862868
196.9700178190189,-0.17076316
195.2049422402298,-0.25901285
106.9552834807568,0.0999391
277.7011388113657,0.5507792
106.1021411931076,-0.35622737
195.451468548024,-0.22006528
107.5199760489703,-0.031298622
109.4626129590327,0.033016987
196.9700178190189,-0.08113067
277.1405325149242,-0.024571843
112.5992859239952,0.06774587
187.2485477506866,0.10342414
187.2485477506866,0.1911762
115.6993358680767,-0.15864038
109.4626129590327,0.0592029
278.6082817937599,0.084389016
191.0414887439485,-0.23798424
110.056913956187,0.079834506
107.9609077494667,0.014887249
188.783576376697,-0.038928404
110.056913956187,-0.00043421454
106.952771334059,0.060108922
110.056913956187,-0.026744228
191.1767204981559,-0.14100441
116.188178371516,0.22174744
106.9991289866339,-0.057796206
195.2049422402298,-0.32876983
186.0630269224294,0.1017685
105.2490472299035,-0.23836777
186.0630269224294,-0.017247215
109.4626129590327,0.09983187
193.1126855299547,-0.24428971
187.0125888573417,-0.08961992
106.4164738578715,-0.04900315
187.2485477506866,0.1868734
109.4626129590327,0.19012958
189.7240479988971,0.08602855
108.419481966606,0.059322264
106.0727756400072,-0.030503977
189.7240479988971,-0.26875585
195.451468548024,-0.23036541
197.3488026935816,-0.080051795
278.6082817937599,0.21194276
110.056913956187,0.06201881
277.1405325149242,-0.20019807
186.0630269224294,0.16947581
276.9477066756423,-0.37284517
195.2049422402298,-0.23789333
276.9477066756423,-0.25335112
188.2998176949356,-0.21215992
106.0727756400072,-0.12095468
106.9991289866339,-0.065369405
186.0630269224294,0.043255713
188.2998176949356,-0.35376647
109.4626129590327,0.11261222
106.952771334059,0.02770382
187.2485477506866,0.22422655
187.419098055674,0.13544875
187.2485477506866,0.095687196
105.7712870257849,-0.22866732
107.9609077494667,0.06331995
275.7895660228427,-0.07543816
106.577636016138,0.1678579
105.7712870257849,-0.19088563
106.0727756400072,-0.25774738
108.419481966606,-0.00023576111
188.783576376697,-0.01012439
195.451468548024,-0.21133849
109.4626129590327,0.14039488
107.1539686726064,0.02370467
107.5853159867198,0.18441595
195.2049422402298,-0.3011442
105.7712870257849,-0.1573598
280.6221636523277,0.40617704
186.0630269224294,0.02522103
187.419098055674,0.010753474
107.4101180895406,0.12377468
186.0630269224294,0.013953053
186.0630269224294,0.13307951
186.0630269224294,-0.16080137
187.2485477506866,0.03901627
106.9991289866339,-0.14172895
187.2485477506866,0.31523225
115.3254069712001,0.106322326
196.9700178190189,-0.3024686
106.9991289866339,-0.08225627
280.6221636523277,0.34670368
110.056913956187,0.0029531952
110.056913956187,0.019377653
195.2049422402298,-0.23910855
109.8196341639771,0.10619491
197.3488026935816,-0.124038406
189.7240479988971,-0.20607412
106.4164738578715,-0.013950774
107.1539686726064,0.10976532
275.7895660228427,-0.17427425
109.9480086958482,0.0075311395
191.1767204981559,-0.04372425
106.1021411931076,-0.06639189
116.7545491822112,0.11936726
110.056913956187,0.080160536
193.1126855299547,-0.17635146
106.952771334059,-0.056867376
106.9552834807568,0.04056171
186.0630269224294,0.048389148
106.577636016138,-0.010070467
107.4101180895406,0.11604306
188.2998176949356,-0.26742375
196.9700178190189,-0.18633154
187.614026870642,0.051532935
109.8196341639771,0.05418297
191.0414887439485,0.0047041783
187.0125888573417,-0.057767224
105.7712870257849,-0.12973984
195.451468548024,-0.10230997
107.5199760489703,0.08629489
116.6010685283568,0.023624098
186.0630269224294,0.21274154
103.7447431214784,-0.053906724
109.4626129590327,0.0013572159
109.8196341639771,-0.05422449
272.5330194201419,-0.3195126
186.0630269224294,0.1102759
106.577636016138,0.09207848
187.0125888573417,-0.09103514
195.2049422402298,-0.22136322
188.2998176949356,-0.2922487
188.2998176949356,-0.30637965
195.451468548024,-0.012862402
188.2998176949356,-0.16963278
110.056913956187,0.096113764
112.5992859239952,0.2598315
186.0630269224294,0.0654389
195.2049422402298,-0.23958889
109.8196341639771,0.0752413
106.9991289866339,-0.039935436
193.1126855299547,-0.2975798
189.7240479988971,-0.33229023
113.6707909357408,0.07210183
103.7447431214784,-0.40187782
191.1767204981559,-0.1929588
188.2998176949356,-0.25791073
280.6221636523277,0.31017494
106.577636016138,0.032557715
107.4101180895406,0.09053695
188.2998176949356,-0.29495236
188.2998176949356,-0.3723478
186.0630269224294,0.08013612
109.4626129590327,0.117264144
106.0727756400072,-0.15279956
186.0630269224294,0.15722303
107.4101180895406,0.09506652
197.3488026935816,-0.027745929
106.0727756400072,-0.24880476
187.2485477506866,0.10474583
112.5992859239952,0.09992873
189.7240479988971,-0.15267225
191.1767204981559,-0.30457005
109.4626129590327,0.10181747
277.1405325149242,0.16576727
110.056913956187,0.0724981
197.3488026935816,-0.14543732
187.0125888573417,-0.014629464
278.6082817937599,0.25632757
109.8968757818925,-0.041382287
187.0125888573417,0.1915949
103.6988069564512,-0.18151815
107.5853159867198,0.11395966
188.2998176949356,-0.36201698
195.451468548024,-0.20855236
110.056913956187,-0.012140503
191.1767204981559,0.1549043
106.4164738578715,-0.08550963
109.8196341639771,0.0032342966
106.1021411931076,-0.15942012
106.0727756400072,0.05287112
110.056913956187,0.11952251
187.2485477506866,0.01477665
196.9700178190189,-0.13559006
107.5199760489703,0.12496766
188.2998176949356,-0.1960673
187.2485477506866,0.014955087
195.2049422402298,-0.17914788
186.0630269224294,0.027389403
188.2998176949356,-0.1978288
273.7518509405115,0.021517666
276.9477066756423,-0.01313275
277.1405325149242,-0.11329249
110.056913956187,-0.016367003
106.4164738578715,-0.10859591
186.0630269224294,0.054510634
186.0630269224294,0.0046753306
196.9700178190189,-0.14533523
193.1126855299547,-0.29009417
195.451468548024,-0.1312308
272.5330194201419,-0.17295663
187.0125888573417,0.16406971
191.1767204981559,-0.16316086
274.2758623545001,-0.21943909
109.4626129590327,0.03338513
116.7545491822112,0.056182504
191.0414887439485,-0.38316602
107.4101180895406,0.06302763
187.2485477506866,0.20718887
112.0244118782512,0.030333303
187.2485477506866,0.04825192
197.3488026935816,-0.15314403
196.9700178190189,-0.20912664
195.2049422402298,-0.30688947
107.5853159867198,0.09115624
191.1767204981559,-0.23425429
108.419481966606,0.1085282
106.577636016138,0.20122184
108.419481966606,0.09317315
116.2192045005754,0.07354565
106.9552834807568,0.14267033
272.5330194201419,-0.30097046
106.577636016138,-0.018985517
109.4626129590327,0.08140405
195.451468548024,-0.19241369
187.614026870642,-0.06074563
188.2998176949356,-0.2800119
277.1405325149242,-0.048512843
188.2998176949356,-0.26757112
109.4626129590327,0.10656239
196.9700178190189,-0.2215639
107.9609077494667,0.066816896
106.952771334059,0.056667704
110.056913956187,-0.068125434
112.5992859239952,0.123898074
116.188178371516,0.1226562
106.0727756400072,-0.15197153
109.4626129590327,0.044634346
108.1592269976745,0.07404881
275.7895660228427,-0.100402445
107.5853159867198,0.12949693
272.5330194201419,-0.28638953
187.614026870642,-0.052178178
188.2998176949356,-0.23638955
187.0125888573417,0.069488615
106.577636016138,0.14536089
188.2998176949356,-0.2791832
189.7240479988971,-0.21689999
188.783576376697,-0.1612172
186.0630269224294,0.050230775
196.9700178190189,-0.27234903
109.9480086958482,0.058909778
276.9039954584068,0.09657576
277.1405325149242,-0.13658953
189.7240479988971,-0.07143922
112.5992859239952,0.09238994
116.188178371516,-0.054371763
186.0630269224294,-0.051850766
196.9700178190189,-0.13869834
109.4626129590327,-0.005789445
195.451468548024,-0.2756095
106.1021411931076,0.00787301
195.451468548024,-0.11294382
107.1539686726064,0.18255241
116.6010685283568,0.028404461
112.5992859239952,0.12524806
188.2998176949356,-0.23264588
275.8490294326924,-0.22886302
186.0630269224294,0.08231511
106.577636016138,0.02758138
125.3372568829002,-0.02484806
106.0727756400072,-0.054130726
197.3488026935816,-0.16780214
106.9552834807568,0.058143273
105.7712870257849,-0.16088906
188.2998176949356,-0.34051543
188.2998176949356,-0.1494793
105.7712870257849,-0.1846888
187.614026870642,-0.10516822
106.0727756400072,-0.22460051
106.0727756400072,-0.21969852
110.056913956187,0.042445898
103.7447431214784,-0.25864962
275.8490294326924,-0.2544542
112.5992859239952,0.14407441
106.4164738578715,0.074311115
109.8968757818925,-0.01055649
189.7240479988971,-0.22419204
195.451468548024,-0.30114615
106.9552834807568,-0.0372464
106.0727756400072,-0.30288184
107.4101180895406,0.066042356
278.6082817937599,0.2424006
106.952771334059,0.15654624
110.056913956187,-0.10045229
107.9804068082134,-0.05832183
277.1405325149242,0.21186912
116.2192045005754,0.02316284
195.451468548024,-0.08852126
110.056913956187,0.10685327
187.2485477506866,0.23069373
188.783576376697,-0.038826987
186.0630269224294,0.16078995
186.0630269224294,-0.03909017
195.451468548024,-0.19396847
195.2049422402298,-0.13068676
195.451468548024,-0.1373983
191.1767204981559,-0.085800566
107.1539686726064,0.048761275
108.1592269976745,0.12066275
195.451468548024,-0.2120758
191.0414887439485,-0.32640803
109.8196341639771,0.07536844
195.451468548024,-0.3878562
106.952771334059,-0.06413816
186.0630269224294,0.05980178
110.056913956187,0.11661378
191.1767204981559,-0.25720528
109.8196341639771,-0.0074626287
196.9700178190189,-0.23189817
107.1539686726064,0.26667407
106.577636016138,0.11911599
107.1539686726064,0.1140183
116.2192045005754,0.009019419
195.2049422402298,-0.3436532
107.1539686726064,0.02194691
188.2998176949356,-0.22248706
122.5042298788697,0.0062003057
112.5992859239952,0.13308366
113.819924176831,0.017114403
186.0630269224294,0.009311511
188.2998176949356,-0.11337808
103.7447431214784,-0.17831492
107.5853159867198,0.26057604
195.451468548024,-0.20946294
278.6082817937599,0.17440371
109.4626129590327,0.043336105
275.8490294326924,-0.2616383
188.2998176949356,-0.3424522
105.2490472299035,-0.25893295
186.0630269224294,0.16057888
193.1126855299547,-0.2505263
196.9700178190189,-0.12210158
186.0630269224294,0.06883909
187.2485477506866,0.2071608
193.1126855299547,-0.23884016
186.0630269224294,0.014664381
106.3644518347447,-0.023886457
186.0630269224294,0.022966085
191.1767204981559,-0.08829317
187.614026870642,0.036548454
188.2998176949356,-0.1836334
186.0630269224294,0.009381388
115.6993358680767,-0.019377537
106.952771334059,0.11460675
196.9700178190189,-0.21710788
107.5199760489703,-0.054869365
107.4101180895406,0.10976437
186.0630269224294,0.058980744
195.451468548024,-0.028564006
188.2998176949356,0.0035408265
186.0630269224294,-0.054226782
188.783576376697,0.0816024
103.7447431214784,-0.28276178
187.2485477506866,0.13905582
109.4626129590327,0.017719302
186.0630269224294,0.040463082
116.6010685283568,0.0438652
193.1126855299547,-0.31648672
277.1405325149242,0.031092051
189.7240479988971,-0.2389509
112.0244118782512,0.0293875
276.9039954584068,-0.02450642
107.4101180895406,0.05417543
186.0630269224294,-0.09019268
189.7240479988971,-0.04805987
110.056913956187,0.0046461383
188.2998176949356,-0.2082844
110.056913956187,0.074810244
109.9480086958482,-0.01740016
107.5853159867198,0.07458219
277.7011388113657,0.24279863
189.7240479988971,-0.29948252
106.0727756400072,-0.20702869
107.5853159867198,0.18064079
105.7712870257849,-0.112867124
106.9552834807568,0.057594527
188.2998176949356,-0.16223253
106.4164738578715,-0.09571418
191.0414887439485,-0.3233075
191.1767204981559,-0.17091906
109.4626129590327,0.019353816
195.451468548024,-0.04227329
187.2485477506866,0.057075746
193.1126855299547,-0.18978177
195.451468548024,-0.17921627
110.056913956187,0.011757978
193.1126855299547,-0.23453434
191.0414887439485,-0.38347605
108.419481966606,0.11936115
105.7712870257849,-0.06998815
109.8196341639771,0.096539535
195.451468548024,-0.2746645
186.0630269224294,0.060652096
191.0414887439485,-0.35775432
191.1767204981559,-0.057739627
189.7240479988971,-0.2731761
191.1767204981559,-0.017670672
186.0630269224294,0.12438467
186.0630269224294,0.21258521
193.1126855299547,-0.093275055
109.4626129590327,0.024813399
187.419098055674,0.036471095
109.9480086958482,0.068594776
107.4101180895406,-0.036643367
109.4626129590327,0.17431347
106.4164738578715,0.1096037
196.9700178190189,-0.31190935
106.1021411931076,-0.2097796
196.9700178190189,-0.23419967
191.1767204981559,-0.24034435
188.2998176949356,-0.110093355
189.7240479988971,-0.27813533
193.1126855299547,-0.15052836
193.1126855299547,-0.19852665
196.9700178190189,-0.21350423
188.2998176949356,-0.43533796
106.577636016138,0.08657877
109.4626129590327,0.047054652
187.2485477506866,0.11057678
109.8196341639771,0.071627
187.419098055674,-0.03982136
277.1405325149242,-0.077821225
110.056913956187,0.05220445
277.1405325149242,-0.043967683
110.056913956187,-0.12299244
109.4626129590327,-0.005517763
188.783576376697,-0.17012717
106.577636016138,0.17607382
115.3772125206836,-0.043548547
106.952771334059,0.112741545
187.2485477506866,-0.008113636
109.4626129590327,0.19440186
106.952771334059,0.047826678
191.0414887439485,-0.41025573
195.2049422402298,-0.2788243
186.0630269224294,-0.0029268863
195.451468548024,-0.21083854
195.451468548024,-0.10279266
186.0630269224294,0.016455242
110.056913956187,0.09292748
188.2998176949356,-0.16170625
107.5853159867198,0.09952468
195.2049422402298,-0.24504872
188.2998176949356,-0.22076066
109.4626129590327,0.014654597
106.4164738578715,0.023198355
188.2998176949356,-0.1996305
195.451468548024,-0.088625275
274.2758623545001,-0.12788743
188.2998176949356,-0.36575523
191.1767204981559,-0.02971851
106.1021411931076,-0.28545672
103.7447431214784,-0.21570192
195.451468548024,-0.15735777
186.0630269224294,0.09472975
188.2998176949356,-0.27597028
103.7447431214784,0.14358258
116.188178371516,0.0038061352
188.2998176949356,-0.2350268
106.4164738578715,-0.032839082
116.7545491822112,0.036367983
109.4626129590327,0.022941666
110.056913956187,-0.17973633
107.1539686726064,0.23938878
274.2758623545001,-0.2779722
272.5330194201419,-0.095378265
278.6082817937599,0.19542293
277.7011388113657,0.17583267
189.7240479988971,-0.18332186
191.1767204981559,0.008035581
107.9609077494667,0.046123795
188.2998176949356,-0.1854126
195.2049422402298,-0.24297969
110.056913956187,0.05045915
107.5853159867198,0.010963823
109.8196341639771,0.07325564
106.9991289866339,-0.062344335
106.952771334059,-0.040686544
106.577636016138,0.15152693
272.5330194201419,-0.29783645
197.3488026935816,-0.1623425
106.1021411931076,-0.1602384
187.0125888573417,-0.03357079
106.952771334059,0.018976921
109.9480086958482,0.17201795
106.577636016138,-0.01826046
187.2485477506866,0.25355124
195.451468548024,-0.17763433
277.1405325149242,-0.26006165
191.1767204981559,0.30146384
187.2485477506866,0.20923719
191.0414887439485,-0.08409517
186.0630269224294,-0.0692497
107.5853159867198,0.08558615
191.1767204981559,-0.25467297
116.7029289541932,-0.010021463
106.1021411931076,-0.16625777
195.451468548024,-0.097290225
277.1405325149242,0.33695716
278.6082817937599,0.6141444
106.577636016138,0.13114597
278.6082817937599,0.052685793
188.2998176949356,-0.20978718
106.952771334059,0.10254535
187.614026870642,-0.01198079
106.4164738578715,0.22958411
109.4626129590327,-0.022029258
107.1539686726064,0.04419454
193.1126855299547,-0.16529429
191.0414887439485,-0.28156564
116.7545491822112,0.062558554
109.4626129590327,0.015091652
191.1767204981559,-0.05845327
106.1021411931076,-0.18813185
109.9480086958482,0.23516712
188.2998176949356,-0.285435
187.0125888573417,-0.035817478
105.7712870257849,-0.16570437
188.2998176949356,-0.13266705
110.056913956187,0.014760337
186.0630269224294,0.009050181
107.4101180895406,0.15402114
125.3372568829002,0.07624339
109.4626129590327,-0.012567809
197.3488026935816,-0.24473105
195.451468548024,-0.17275068
188.2998176949356,-0.26350802
196.9700178190189,-0.32014057
187.2485477506866,0.06117659
188.2998176949356,-0.13366367
106.577636016138,-0.1191719
191.0414887439485,-0.30905074
187.2485477506866,0.12697847
188.2998176949356,-0.2612621
110.056913956187,0.042306058
272.5330194201419,-0.33416143
188.2998176949356,-0.3220492
191.0414887439485,-0.26359785
196.9700178190189,-0.0635425
189.7240479988971,-0.28131232
106.0727756400072,0.03190443
195.451468548024,0.019040244
106.9991289866339,-0.1635515
188.783576376697,-0.1674692
195.451468548024,0.038321134
106.9552834807568,-0.08819075
109.4626129590327,-0.030461412
191.1767204981559,-0.15573935
188.2998176949356,-0.16309538
196.9700178190189,-0.31926164
188.2998176949356,-0.3282731
107.5853159867198,0.075445786
111.2653495585551,-0.0021200506
106.577636016138,0.13400333
195.451468548024,-0.17501774
111.9129912709682,-0.049481373
276.9039954584068,-0.014241014
195.2049422402298,-0.31402156
116.6010685283568,0.04656338
187.2485477506866,0.14220227
195.2049422402298,-0.26528156
277.1405325149242,0.0169966
186.0630269224294,-0.030220298
275.8490294326924,-0.23395656
106.0727756400072,-0.1030034
197.3488026935816,-0.07690683
113.6707909357408,-0.1526017
110.056913956187,0.08206185
112.5992859239952,0.15335077
187.2485477506866,0.14367113
187.0125888573417,0.18011478
103.7447431214784,-0.0778342
110.056913956187,-0.020751374
107.4101180895406,-0.010248692
106.577636016138,-0.13700871
187.2485477506866,0.13319185
107.4101180895406,0.12135281
105.7712870257849,-0.12346218
278.6082817937599,0.108791
112.5992859239952,0.10307051
187.2485477506866,0.15231435
195.451468548024,-0.11640621
191.1767204981559,-0.16792265
186.0630269224294,0.0044873883
278.6082817937599,0.05815329
193.1126855299547,-0.1960793
197.3488026935816,-0.046526123
109.4626129590327,0.052395392
106.9552834807568,-0.04128375
188.783576376697,0.14020683
187.2485477506866,0.040074844
187.2485477506866,0.13504496
109.9480086958482,0.03485294
186.0630269224294,0.042199884
186.0630269224294,0.0150719825
189.7240479988971,-0.18110158
116.188178371516,0.08616669
186.0630269224294,0.11176144
186.0630269224294,-0.061288625
110.056913956187,-0.058640465
196.9700178190189,-0.066611186
277.1405325149242,-0.05491372
272.5330194201419,0.10544626
186.0630269224294,0.19227666
108.419481966606,0.05616494
110.056913956187,0.07992464
191.1767204981559,-0.21939309
187.2485477506866,0.20901957
112.5992859239952,-0.0052269045
109.9480086958482,0.01714166
107.4101180895406,-0.0037322876
197.3488026935816,-0.07349135
186.0630269224294,0.033067558
187.0125888573417,0.13570431
188.2998176949356,-0.15246263
186.0630269224294,0.050922334
195.2049422402298,-0.14965396
278.6082817937599,0.20438664
116.188178371516,-0.049782626
186.0630269224294,0.13113184
106.952771334059,0.04415559
197.3488026935816,-0.19317009
187.2485477506866,0.30377418
186.0630269224294,0.1036847
107.5199760489703,0.03438846
188.2998176949356,-0.18508457
106.1021411931076,-0.08445375
195.451468548024,-0.061988227
188.2998176949356,0.12946324
186.0630269224294,0.07170364
195.451468548024,-0.09269969
108.1592269976745,0.14793912
106.1021411931076,-0.13118804
188.783576376697,-0.23420674
196.9700178190189,-0.12212686
195.451468548024,-0.10783
108.419481966606,0.08251153
188.2998176949356,-0.11079628
187.2485477506866,0.16218966
109.9480086958482,0.03115776
276.9477066756423,-0.16025569
107.1539686726064,0.18156871
112.5992859239952,0.16706021
188.2998176949356,-0.34676096
186.0630269224294,0.055661354
106.577636016138,0.005439624
106.952771334059,0.06209334
195.451468548024,-0.12453651
106.3644518347447,-0.21014695
191.0414887439485,-0.03159951
110.056913956187,0.107441016
107.5853159867198,0.1337737
107.4101180895406,0.042648956
187.2485477506866,0.20239782
106.0727756400072,-0.16239466
196.9700178190189,-0.104723305
109.4626129590327,0.05130425
191.1767204981559,-0.21033674
107.5853159867198,0.10250073
106.9991289866339,-0.2268252
195.451468548024,-0.23235697
187.2485477506866,0.14411956
191.0414887439485,-0.060107175
188.2998176949356,-0.0034817974
187.2485477506866,0.20491584
186.0630269224294,0.030439055
107.1539686726064,0.04157981
197.3488026935816,-0.11770723
187.2485477506866,0.27966848
189.7240479988971,-0.21156083
187.2485477506866,0.06037889
188.2998176949356,-0.21984343
110.056913956187,0.025478821
187.2485477506866,0.023575995
106.0727756400072,-0.21630062
107.9609077494667,-0.013241884
107.9609077494667,0.010925421
196.9700178190189,-0.10995271
195.451468548024,-0.1701535
188.2998176949356,-0.37070778
108.419481966606,0.00013606285
187.0125888573417,0.16275653
122.5042298788697,0.072911255
197.3488026935816,-0.17360288
195.451468548024,-0.21582846
110.056913956187,0.034350112
278.6082817937599,0.27754262
106.5980085684648,-0.07007615
193.1126855299547,-0.12660663
186.0630269224294,0.013904156
186.0630269224294,-0.07613406
109.4626129590327,-0.017195618
187.0125888573417,0.023383755
110.056913956187,0.07269702
272.5330194201419,-0.18481724
187.614026870642,-0.0047168275
186.0630269224294,0.17135203
193.1126855299547,-0.12855576
191.1767204981559,-0.12425602
187.0125888573417,-0.0020597675
187.2485477506866,0.2396759
110.056913956187,0.05727508
186.0630269224294,0.2271148
106.0727756400072,-0.17485149
106.0727756400072,-0.30662787
186.0630269224294,0.085766055
188.2998176949356,-0.21997724
195.451468548024,-0.17346692
186.0630269224294,0.11857329
106.577636016138,0.17561413
191.0414887439485,-0.29946494
186.0630269224294,0.102055766
187.2485477506866,0.14446178
188.2998176949356,-0.209867
277.2869303826127,-0.043170825
105.7712870257849,-0.04933955
110.056913956187,-0.004794526
186.0630269224294,0.12551478
195.451468548024,0.038321134
195.451468548024,-0.20171703
112.5992859239952,0.1170495
195.451468548024,-0.14208323
188.2998176949356,-0.11162408
186.0630269224294,-0.03911912
188.2998176949356,-0.21207277
196.9700178190189,-0.2235718
106.4164738578715,0.0012372513
275.8490294326924,0.008371321
105.2015884238383,-0.2992194
106.952771334059,0.11316244
106.0727756400072,-0.09519129
110.056913956187,-0.055304985
197.3488026935816,-0.05378632
277.1405325149242,0.015130819
107.4101180895406,-0.004879296
188.2998176949356,0.015539698
187.0125888573417,0.1588954
191.1767204981559,-0.34170485
189.7240479988971,-0.2514829
107.1539686726064,0.21441531
186.0630269224294,0.1447212
186.0630269224294,-0.0332461
106.9552834807568,-0.008436116
187.2485477506866,0.011460147
188.2998176949356,-0.22387323
187.0125888573417,-0.10704552
106.952771334059,0.17790207
122.5042298788697,0.053512182
195.451468548024,-0.23094821
188.2998176949356,-0.23762366
195.451468548024,-0.16201007
103.7447431214784,-0.3589171
106.577636016138,0.0045539076
187.419098055674,0.012126939
106.952771334059,0.0010162338
191.1767204981559,-0.16185255
106.952771334059,0.04062804
272.5330194201419,-0.2794073
108.419481966606,0.022788942
107.9609077494667,-0.028406989
122.5042298788697,0.037744038
186.0630269224294,0.10082416
109.4626129590327,0.019847492
195.451468548024,-0.05521578
186.0630269224294,-0.07481007
191.0414887439485,-0.3679931
277.1405325149242,0.004733977
107.4101180895406,0.09990436
189.7240479988971,-0.0016060043
105.4859909518081,0.09529193
188.2998176949356,-0.24497668
196.9700178190189,-0.10442732
277.7011388113657,0.9203731
108.419481966606,0.07028761
186.0630269224294,0.07737054
107.1539686726064,0.117232576
195.451468548024,-0.24082911
191.0414887439485,-0.24286978
107.5853159867198,0.102915615
189.7240479988971,-0.19394954
277.1405325149242,-0.11726123
187.2485477506866,0.24424793
277.1405325149242,-0.023931297
109.4626129590327,0.005570027
106.577636016138,0.05463868
195.451468548024,-0.22528055
109.9480086958482,0.01870867
195.451468548024,-0.17685628
107.5853159867198,0.115253985
110.056913956187,0.07132344
109.8196341639771,-0.011341978
195.451468548024,-0.14557295
195.451468548024,-0.018822685
187.2485477506866,0.344152
106.577636016138,0.30329478
109.4626129590327,0.14119045
195.451468548024,-0.17685914
106.0727756400072,-0.09198395
188.2998176949356,-0.16741559
105.2490472299035,-0.37147883
106.952771334059,0.16196622
112.5992859239952,-0.020360615
109.8196341639771,0.07937302
272.5330194201419,-0.15273355
106.577636016138,0.08964523
108.1592269976745,-0.020080846
186.0630269224294,0.09536607
195.2049422402298,-0.30483928
107.1539686726064,0.016176777
188.783576376697,-0.04138113
109.4626129590327,0.079934336
109.8196341639771,0.13999511
188.2998176949356,-0.15087226
187.2485477506866,-0.06626049
187.2485477506866,0.10289748
109.4626129590327,0.106711216
186.0630269224294,0.16668688
187.2485477506866,0.1508064
187.614026870642,0.0453534
125.3372568829002,0.0061386377
276.9477066756423,-0.027329493
186.0630269224294,0.124734305
106.4164738578715,-0.07662504
109.4626129590327,0.07482705
187.2485477506866,0.21225803
115.7623327141752,-0.12525472
189.7240479988971,-0.14008556
197.3488026935816,-0.04046715
107.4101180895406,0.006231766
110.056913956187,-7.932447e-05
188.2998176949356,-0.23484978
193.1126855299547,-0.24296293
193.1126855299547,-0.006202831
107.1539686726064,0.13488555
106.4164738578715,0.035156917
276.9477066756423,-0.3642154
110.056913956187,0.032708813
187.0125888573417,0.072016545
187.2485477506866,0.18400703
186.0630269224294,0.02720326
186.0630269224294,0.0046393718
107.9804068082134,0.021298077
186.0630269224294,0.017287713
195.2049422402298,-0.13933451
109.9480086958482,-0.07654263
106.577636016138,-0.07066234
109.4626129590327,0.13486163
107.5199760489703,0.152732
107.5853159867198,0.06938065
191.0414887439485,-0.3936642
108.419481966606,0.12061068
186.0630269224294,0.03746278
188.2998176949356,-0.3212141
188.2998176949356,-0.29870382
106.577636016138,0.20369792
106.952771334059,0.024453916
109.4626129590327,0.046293646
187.2485477506866,0.027116109
109.4626129590327,0.2063063
277.1405325149242,0.64439887
109.4626129590327,0.18769814
188.2998176949356,-0.16069812
116.188178371516,0.06750216
187.2485477506866,0.16819496
276.9039954584068,-0.107010335
193.1126855299547,-0.24282601
106.577636016138,-0.012578354
188.2998176949356,-0.17954369
106.4164738578715,0.038861424
191.1767204981559,-0.39133024
107.9609077494667,0.101964384
195.451468548024,-0.13645555
191.0414887439485,-0.19745465
189.7240479988971,-0.1725376
186.0630269224294,-0.00040346902
109.4626129590327,0.12546185
186.0630269224294,0.10218466
186.0630269224294,-0.0324824
195.451468548024,-0.08405315
187.0125888573417,0.040105354
195.451468548024,-0.2803504
188.2998176949356,-0.20315573
191.1767204981559,-0.24466014
188.2998176949356,-0.3179875
107.4101180895406,0.15477523
195.451468548024,0.023711037
195.451468548024,-0.017637186
195.2049422402298,-0.2181774
276.9477066756423,-0.21355611
187.2485477506866,-0.0078087775
109.9480086958482,-0.04872528
197.3488026935816,-0.100187905
109.8196341639771,0.06632364
105.7712870257849,-0.30241662
106.4164738578715,-0.040675547
196.9700178190189,-0.15484945
191.0414887439485,-0.32053196
187.614026870642,-0.023472292
112.5992859239952,0.21959607
105.2490472299035,-0.14593759
188.2998176949356,-0.30286396
197.3488026935816,-0.046794523
195.451468548024,-0.22382298
196.9700178190189,-0.103296906
186.0630269224294,0.12040263
186.0630269224294,0.005775757
191.1767204981559,-0.29620403
106.9991289866339,-0.057937786
195.451468548024,-0.012242348
188.2998176949356,-0.35461694
193.1126855299547,-0.22650884
112.5992859239952,0.023032738
188.2998176949356,-0.37863785
277.1405325149242,-0.12785111
106.952771334059,0.041394953
107.1539686726064,0.03465266
106.4164738578715,0.0173961
188.2998176949356,-0.2362842
187.0125888573417,0.19178016
195.451468548024,-0.095590115
197.3488026935816,0.03180449
278.6082817937599,0.14423713
195.2049422402298,-0.28382987
106.0727756400072,-0.40942585
107.5853159867198,0.09225364
107.5853159867198,0.18159859
186.0630269224294,0.025612192
188.2998176949356,-0.25063258
106.9991289866339,0.0435718
188.2998176949356,-0.18279645
188.2998176949356,-0.29826882
107.1539686726064,0.12523608
110.056913956187,-0.055582926
107.5853159867198,0.05454592
197.3488026935816,-0.15789385
195.451468548024,-0.13404857
186.0630269224294,0.060358793
191.1767204981559,-0.062091913
106.577636016138,0.24250442
186.0630269224294,0.10129362
186.0630269224294,0.040958684
187.2485477506866,0.14822559
195.451468548024,-0.15693064
197.3488026935816,0.0037465247
112.5992859239952,0.054988425
188.2998176949356,-0.3276508
187.2485477506866,0.109911285
110.056913956187,0.062226422
197.3488026935816,-0.20005682
188.2998176949356,-0.25252646
106.9991289866339,-0.1575886
197.3488026935816,-0.13742441
106.952771334059,-0.025945315
109.4626129590327,-0.010576752
188.2998176949356,-0.25058284
186.0630269224294,0.12456758
109.4626129590327,0.033808444
187.2485477506866,0.20562117
187.419098055674,-0.03898593
197.3488026935816,-0.08350318
186.0630269224294,0.14982978
188.2998176949356,-0.33727366
116.2192045005754,-0.002802555
195.451468548024,-0.18160371
197.3488026935816,-0.10422702
277.2869303826127,-0.15136635
186.0630269224294,0.05105561
189.7240479988971,-0.2758425
188.783576376697,0.0342989
106.9552834807568,0.10518784
186.0630269224294,0.037997622
188.2998176949356,-0.23051913
278.6082817937599,0.21901637
277.1405325149242,-0.1457255
191.0414887439485,-0.376691
107.5199760489703,-0.003736863
107.5853159867198,0.21469197
187.2485477506866,0.07261053
107.4101180895406,0.056275617
275.8490294326924,-0.3927009
187.2485477506866,0.20941095
276.9477066756423,-0.21271071
186.0630269224294,0.050659925
187.0125888573417,0.09329737
195.451468548024,-0.0879802
109.4626129590327,0.07551869
109.4626129590327,0.015726723
188.2998176949356,-0.30841509
106.0727756400072,-0.08571165
193.1126855299547,-0.31756756
195.2049422402298,-0.21553338
187.0125888573417,0.32629198
188.2998176949356,-0.023227682
187.419098055674,-0.0069647487
107.1539686726064,0.110241465
275.8490294326924,-0.2863635
195.451468548024,-0.13856737
109.4626129590327,-0.07060778
197.3488026935816,-0.16932599
108.419481966606,0.08577575
188.2998176949356,-0.3232909
197.3488026935816,-0.23966342
193.1126855299547,-0.2902806
277.1405325149242,0.014838741
109.9480086958482,0.051466994
186.0630269224294,0.10466552
105.7712870257849,-0.28010082
113.819924176831,0.12388464
106.952771334059,-0.053595275
195.451468548024,-0.16907588
107.1539686726064,-0.027607707
109.4626129590327,-0.004166279
188.2998176949356,-0.16154219
105.2490472299035,-0.24906206
110.056913956187,0.033207268
195.451468548024,-0.112716444
106.952771334059,0.009015698
187.2485477506866,0.12184102
187.2485477506866,0.35836983
196.9700178190189,-0.21506512
187.0125888573417,0.10875592
191.1767204981559,-0.19816983
187.2485477506866,-0.0356591
189.7240479988971,-0.12140785
186.0630269224294,0.116499014
277.7011388113657,0.50912964
195.451468548024,-0.18149956
195.451468548024,-0.07940498
195.451468548024,-0.20999831
197.3488026935816,-0.07948175
191.0414887439485,-0.22147527
186.0630269224294,0.09551143
112.5992859239952,0.059957873
188.2998176949356,-0.060754377
278.6082817937599,0.21985745
278.6082817937599,0.5662834
188.2998176949356,-0.3591315
187.2485477506866,-0.060987066
187.0125888573417,0.077610485
109.9480086958482,0.0003203022
188.2998176949356,-0.25478232
197.3488026935816,-0.18588434
191.1767204981559,-0.21058653
196.9700178190189,-0.20760868
195.451468548024,-0.1384235
106.4164738578715,0.009430694
186.0630269224294,0.07093082
187.419098055674,0.09352546
109.4626129590327,0.13120188
188.2998176949356,0.05173081
187.2485477506866,0.1703819
189.7240479988971,-0.32111433
197.3488026935816,-0.052517507
110.056913956187,0.047244396
109.4626129590327,0.13587238
276.9039954584068,-0.17981005
187.0125888573417,-0.055883847
187.0125888573417,0.042580884
188.2998176949356,-0.3203486
187.0125888573417,0.20251209
186.0630269224294,-0.013124031
110.056913956187,-0.001706095
108.1592269976745,0.022637172
110.056913956187,0.10693755
277.2869303826127,-0.17018895
186.0630269224294,0.0006754616
187.614026870642,0.13315406
195.451468548024,-0.17569947
106.577636016138,0.06747268
276.9039954584068,0.06228325
191.1767204981559,-0.12652917
108.1592269976745,0.13356258
188.783576376697,-0.25831845
106.577636016138,0.04338477
105.8683632534452,0.09272554
106.9552834807568,0.1775776
107.5853159867198,0.063099876
109.4626129590327,0.039667536
195.451468548024,-0.012566284
106.952771334059,0.06921688
193.1126855299547,-0.16288926
106.0727756400072,-0.21244821
109.4626129590327,0.12076793
272.5330194201419,-0.27899882
191.1767204981559,-0.25861555
191.0414887439485,-0.20428364
193.1126855299547,-0.36462206
188.2998176949356,-0.22606456
107.5853159867198,0.11980987
115.3772125206836,-0.03889154
109.4626129590327,0.0966034
193.1126855299547,-0.283457
189.7240479988971,-0.28554946
106.1021411931076,-0.20560619
186.0630269224294,0.112514675
106.4164738578715,-0.12937252
193.1126855299547,-0.45461372
191.0414887439485,0.0024830329
187.419098055674,-0.06519616
107.4101180895406,0.08491512
106.0727756400072,-0.0064887535
186.0630269224294,0.026389044
276.9477066756423,0.011516368
109.9480086958482,0.2818344
110.056913956187,0.060257595
186.0630269224294,0.085045025
196.9700178190189,-0.25972393
187.2485477506866,0.16560411
195.451468548024,-0.1624494
187.0125888573417,0.023535714
276.9477066756423,0.01097806
107.1539686726064,0.12898672
277.7011388113657,0.4017306
197.3488026935816,-0.042483646
186.0630269224294,0.14251404
186.0630269224294,0.010572228
141.1624304554496,-0.000768832
109.4626129590327,0.0004994426
107.5853159867198,0.22548962
106.577636016138,-0.030383544
195.451468548024,-0.07670962
275.7895660228427,-0.19225025
107.4101180895406,0.07090122
191.0414887439485,-0.35286668
195.451468548024,-0.2020495
106.577636016138,0.10551518
189.7240479988971,-0.17910407
106.577636016138,0.042337295
107.5853159867198,0.06630165
108.419481966606,0.09564223
107.4101180895406,0.24598698
106.952771334059,0.066202365
277.1405325149242,0.26200366
191.1767204981559,-0.17117558
107.5199760489703,-0.06312445
111.9129912709682,-0.10249056
277.1405325149242,-0.16116154
195.451468548024,-0.22555304
188.2998176949356,-0.085676186
188.2998176949356,-0.26682118
187.2485477506866,0.059112374
110.056913956187,-0.019192033
105.2490472299035,-0.30114338
109.4626129590327,0.039276537
107.4101180895406,0.11953067
191.0414887439485,-0.4160569
107.5853159867198,0.055590328
277.1405325149242,-0.2161417
110.056913956187,0.06422504
188.2998176949356,-0.2338786
195.451468548024,-0.07072592
274.2758623545001,-0.013297768
187.2485477506866,0.06687284
107.1539686726064,0.03300634
186.0630269224294,0.005125627
195.451468548024,-0.17716414
106.952771334059,0.08702081
110.056913956187,0.050583374
187.614026870642,-0.037407644
112.5992859239952,0.05348143
186.0630269224294,0.14914447
187.2485477506866,0.17518617
109.4626129590327,0.023594044
195.2049422402298,-0.2765615
187.2485477506866,0.084154785
186.0630269224294,0.064859405
277.7011388113657,0.060409497
188.2998176949356,-0.2097248
110.056913956187,0.10810208
187.2485477506866,0.08392705
113.819924176831,0.16541809
187.2485477506866,0.00808621
188.2998176949356,-0.19202828
191.1767204981559,-0.040688515
103.6988069564512,0.086892314
106.0727756400072,-0.19795024
191.1767204981559,-0.20916821
113.819924176831,-0.06432892
106.4164738578715,0.054214913
105.7712870257849,-0.15890943
106.9552834807568,-0.018559536
107.4101180895406,0.10172722
115.3254069712001,0.102506764
107.4101180895406,0.10408781
276.9477066756423,0.011742544
191.0414887439485,-0.3303032
109.4626129590327,0.20956357
107.9804068082134,-0.026654024
106.577636016138,0.031190675
187.0125888573417,0.07401535
106.577636016138,0.028841298
197.3488026935816,-0.08285199
109.4626129590327,0.06604663
191.1767204981559,-0.21074384
189.7240479988971,-0.29187354
186.0630269224294,0.15839064
193.1126855299547,-0.25146583
193.1126855299547,-0.19843125
109.8968757818925,-0.023714958
191.0414887439485,-0.41057393
193.1126855299547,-0.23681389
186.0630269224294,0.18909238
276.9477066756423,-0.26166993
106.9552834807568,0.08216872
195.451468548024,-0.15399759
189.7240479988971,-0.112114884
195.2049422402298,-0.19043195
112.5992859239952,-0.008822024
278.6082817937599,0.2218571
277.1405325149242,0.013702108
106.9552834807568,0.0125384005
188.2998176949356,-0.2652616
107.9609077494667,0.0895979
187.0125888573417,0.29399896
275.8490294326924,-0.2659043
109.4626129590327,0.19790299
278.6082817937599,0.11439217
107.9804068082134,-0.067681335
109.4626129590327,0.11228873
191.0414887439485,-0.22450979
191.0414887439485,-0.08229441
188.2998176949356,-0.116598226
107.1539686726064,0.02753535
188.2998176949356,-0.13862404
106.0727756400072,-0.15612867
107.5853159867198,0.1825632
193.1126855299547,-0.1871747
195.451468548024,-0.10010372
122.5042298788697,0.047087993
195.451468548024,-0.23562978
186.0630269224294,0.0066937585
195.2049422402298,-0.29004762
110.056913956187,-0.12221082
188.2998176949356,-0.019219674
112.5992859239952,0.2371234
188.2998176949356,-0.36138734
186.0630269224294,0.03725046
197.3488026935816,-0.24252768
106.952771334059,-0.0053020986
186.0630269224294,0.12470499
189.7240479988971,-0.12944782
106.952771334059,-0.039009247
276.9477066756423,-0.04904181
188.2998176949356,-0.34265426
188.2998176949356,-0.15221423
197.3488026935816,-0.083234206
189.7240479988971,-0.3462746
107.1539686726064,0.0705567
197.3488026935816,-0.17841595
103.7447431214784,-0.21346882
272.5330194201419,-0.2926448
189.7240479988971,-0.37505922
110.056913956187,0.14314048
112.5992859239952,0.08509168
278.6082817937599,0.15818615
188.2998176949356,-0.19954379
116.188178371516,0.19093372
188.2998176949356,-0.2510881
106.577636016138,0.062862225
186.0630269224294,0.13637546
188.783576376697,-0.090150796
193.1126855299547,-0.2201176
189.7240479988971,-0.19422321
188.2998176949356,-0.2888572
109.4626129590327,0.1158032
107.1539686726064,-0.04296656
103.7447431214784,-0.24821109
110.056913956187,0.10572215
106.577636016138,0.09993561
107.9609077494667,0.014698369
107.5853159867198,0.20936261
188.2998176949356,-0.21467212
106.952771334059,-0.020332158
186.0630269224294,0.029171722
109.4626129590327,0.060074475
107.5853159867198,0.10991683
187.2485477506866,-0.003967654
186.0630269224294,0.019335225
187.614026870642,0.02523231
187.2485477506866,0.031836316
191.1767204981559,-0.113906085
186.0630269224294,-0.042436015
109.8196341639771,0.06919077
188.783576376697,-0.11509198
189.7240479988971,-0.1698984
107.1539686726064,0.020010134
187.2485477506866,0.3122021
107.5853159867198,0.12198346
103.6988069564512,0.24510735
106.9552834807568,-0.020773826
109.4626129590327,0.084997095
195.451468548024,-0.012566284
112.5992859239952,-0.00061915885
277.1405325149242,-0.033088174
106.952771334059,0.22881806
189.7240479988971,-0.27641413
188.2998176949356,-0.22670203
110.056913956187,0.14317195
106.577636016138,0.15015303
106.952771334059,0.0042372523
107.4101180895406,0.082612686
110.056913956187,0.10224005
105.4859909518081,-0.17464958
193.1126855299547,-0.34032732
193.1126855299547,-0.26170737
195.451468548024,0.032721296
193.1126855299547,-0.2980362
276.9477066756423,-0.23016854
197.3488026935816,-0.12469108
197.3488026935816,-0.051726993
106.952771334059,0.06614384
195.2049422402298,-0.1934093
275.8490294326924,0.10216766
188.2998176949356,-0.3452229
112.5992859239952,0.19149862
116.6010685283568,0.07138583
187.2485477506866,0.15878405
187.2485477506866,0.17751923
187.2485477506866,0.09790383
188.2998176949356,-0.20027609
115.3254069712001,0.102274075
195.2049422402298,-0.21850632
275.8490294326924,-0.27765483
188.2998176949356,-0.22374302
186.0630269224294,0.064526
187.2485477506866,0.07576609
186.0630269224294,-0.010971427
110.056913956187,0.10605609
188.2998176949356,-0.27568245
112.5992859239952,0.2508252
189.7240479988971,-0.3528865
187.2485477506866,0.11365272
105.2015884238383,-0.21930553
272.5330194201419,0.2550322
186.0630269224294,-0.0034842868
106.4164738578715,-0.12242516
112.0244118782512,-0.11700468
110.056913956187,-0.0062705767
189.7240479988971,-0.3634162
107.4101180895406,0.01252979
191.0414887439485,-0.10266534
108.419481966606,0.012012779
193.1126855299547,-0.20082402
107.5853159867198,0.20281093
110.056913956187,0.05786169
115.6993358680767,-0.10300402
187.2485477506866,0.19244115
110.056913956187,0.020264642
110.056913956187,0.07818456
196.9700178190189,-0.18905051
275.8490294326924,-0.2713529
195.2049422402298,-0.2486384
106.577636016138,0.4606734
187.419098055674,-0.029628567
110.056913956187,-0.0222592
106.9991289866339,0.004352263
275.8490294326924,-0.18174209
113.819924176831,0.057439316
188.2998176949356,-0.26140797
275.8490294326924,-0.13866353
110.056913956187,0.0021310127
106.0727756400072,-0.16579895
193.1126855299547,-0.2689538
187.2485477506866,0.13174091
106.577636016138,0.23446682
107.4101180895406,0.07775192
188.2998176949356,-0.2806876
187.2485477506866,0.0358193
197.3488026935816,0.016103392
277.1405325149242,0.2575783
187.2485477506866,0.14094463
195.451468548024,-0.16844703
108.1592269976745,0.012213796
188.2998176949356,-0.13638149
186.0630269224294,-0.008687848
191.1767204981559,-0.19717325
186.0630269224294,0.1228099
191.1767204981559,-0.09448094
107.5199760489703,0.18177475
107.5853159867198,0.07653892
109.4626129590327,-0.014106782
108.419481966606,0.0463567
188.783576376697,-0.103877194
186.0630269224294,0.02359707
187.2485477506866,0.0791642
187.2485477506866,0.1731386
106.9991289866339,-0.14378275
109.4626129590327,0.007380004
188.783576376697,0.019846397
107.5199760489703,0.034827437
105.7712870257849,-0.21454181
187.2485477506866,0.17218858
109.8968757818925,0.103638366
197.3488026935816,-0.1384326
272.5330194201419,-0.183165
189.7240479988971,-0.11382455
186.0630269224294,0.096085116
107.1539686726064,0.055840902
116.188178371516,-0.0015802347
112.5992859239952,0.20771448
107.9804068082134,-0.022285257
272.5330194201419,-0.20828746
278.6082817937599,0.06436942
188.2998176949356,-0.3203122
186.0630269224294,0.21587339
188.2998176949356,-0.24015178
195.451468548024,-0.2260019
196.9700178190189,-0.04548452
109.8196341639771,0.058312386
195.451468548024,-0.139009
110.056913956187,0.033569865
106.9991289866339,-0.2782137
103.7447431214784,-0.27433172
193.1126855299547,-0.13133231
196.9700178190189,-0.29126203
195.2049422402298,-0.25022966
195.451468548024,-0.16834287
107.4101180895406,0.052320074
272.5330194201419,0.10987192
188.2998176949356,-0.24022615
189.7240479988971,-0.15127917
187.2485477506866,0.09370884
188.2998176949356,-0.16448699
106.952771334059,-0.081715845
186.0630269224294,0.08030637
191.1767204981559,-0.26225033
107.5199760489703,0.026855182
195.2049422402298,-0.29416993
107.1539686726064,-0.035895497
193.1126855299547,-0.1580754
107.4101180895406,0.12004753
103.7447431214784,-0.084921665
106.577636016138,-0.079654925
110.056913956187,0.056232683
186.0630269224294,0.02823968
110.056913956187,-0.0029646512
188.783576376697,-0.028155595
187.2485477506866,0.18957955
187.2485477506866,0.08773405
106.0727756400072,-0.033420555
106.952771334059,0.21712162
193.1126855299547,-0.1733064
106.577636016138,0.0106558725
195.451468548024,-0.19788182
187.2485477506866,0.09659086
186.0630269224294,0.12235576
189.7240479988971,-0.113807894
191.1767204981559,-0.17687522
272.5330194201419,-0.28144646
110.056913956187,0.16115093
188.2998176949356,-0.2884447
110.056913956187,-0.056652095
196.9700178190189,-0.23651381
187.419098055674,-0.016019493
187.614026870642,-0.09549675
187.2485477506866,0.09028467
193.1126855299547,-0.20726423
195.2049422402298,-0.25358012
191.0414887439485,-0.27269462
186.0630269224294,0.107064135
188.2998176949356,-0.22931524
106.4164738578715,-0.07177446
193.1126855299547,-0.18773468
191.1767204981559,-0.21686505
113.819924176831,0.14144948
111.2653495585551,0.1510963
195.451468548024,-0.17811555
106.4164738578715,-0.07624562
188.2998176949356,-0.29129952
106.4164738578715,-0.08280449
189.7240479988971,-0.30073246
106.952771334059,-0.0038035647
125.3372568829002,-0.033895705
195.451468548024,-0.18101019
195.451468548024,-0.2639787
186.0630269224294,0.014073056
110.056913956187,0.12613909
187.2485477506866,0.21688472
106.577636016138,0.023360267
110.056913956187,-0.022360984
197.3488026935816,-0.13111909
187.2485477506866,0.2007386
106.1021411931076,-0.123705566
116.2192045005754,0.13734528
109.8196341639771,0.05158378
188.2998176949356,-0.3384529
186.0630269224294,-0.013998431
107.4101180895406,0.086305715
189.7240479988971,-0.18320803
187.2485477506866,0.20083094
109.9480086958482,-0.03334121
188.2998176949356,-0.28352135
195.451468548024,-0.19206452
186.0630269224294,0.2340365
195.451468548024,-0.21083045
193.1126855299547,-0.09622737
191.0414887439485,-0.2620741
110.056913956187,0.018440269
116.188178371516,0.12076542
187.2485477506866,0.14690723
191.0414887439485,-0.14921613
189.7240479988971,-0.2908986
191.1767204981559,-0.14193043
109.8968757818925,0.20316608
186.0630269224294,0.053829413
109.4626129590327,0.1118568
193.1126855299547,-0.19721101
110.056913956187,0.026175788
110.056913956187,0.08579865
186.0630269224294,0.05063578
110.056913956187,-0.016175251
109.9480086958482,-0.028698495
107.1539686726064,0.050271954
110.056913956187,0.034497365
116.6715459857229,0.05858389
106.952771334059,-0.03737291
191.1767204981559,-0.4058694
110.056913956187,0.12753591
106.577636016138,0.10537699
191.0414887439485,-0.23167203
195.451468548024,-0.17457682
187.2485477506866,0.03736737
105.2490472299035,-0.13393709
103.7447431214784,-0.20559478
106.577636016138,-0.045775343
195.451468548024,-0.06577822
108.419481966606,0.1272029
107.4101180895406,0.1255626
109.4626129590327,0.05717243
105.7712870257849,-0.15245251
105.2490472299035,-0.18609573
196.9700178190189,-0.12961856
187.0125888573417,0.18062088
186.0630269224294,0.105556384
191.0414887439485,-0.2388797
189.7240479988971,-0.27919453
195.451468548024,-0.27946275
189.7240479988971,-0.28772968
110.056913956187,0.086365566
191.0414887439485,-0.23161772
188.2998176949356,-0.07401402
193.1126855299547,-0.3339223
188.2998176949356,-0.40237886
188.2998176949356,-0.26075295
189.7240479988971,-0.22445115
188.2998176949356,-0.2365845
186.0630269224294,-0.05623595
186.0630269224294,0.08318561
276.9477066756423,-0.13130136
109.9480086958482,0.26259136
275.8490294326924,-0.19496615
105.2015884238383,-0.2831237
186.0630269224294,-0.055052135
191.0414887439485,-0.24274066
193.1126855299547,-0.2701275
116.2192045005754,0.026659612
107.1539686726064,0.1059916
107.5853159867198,0.07951436
110.056913956187,0.06367592
187.2485477506866,0.1259857
187.2485477506866,0.29354098
188.2998176949356,-0.17473657
197.3488026935816,-0.17566614
110.056913956187,0.016371572
277.1405325149242,-0.091182165
187.419098055674,-0.12125973
187.2485477506866,0.09592461
110.056913956187,0.17789693
106.9552834807568,-0.008413313
195.2049422402298,-0.23616658
195.451468548024,-0.20898458
106.952771334059,0.20797604
272.5330194201419,-0.08233916
189.7240479988971,-0.28560996
272.5330194201419,-0.31544888
188.783576376697,-0.19091399
107.1539686726064,0.09559639
191.0414887439485,-0.31892553
116.2192045005754,0.0059898417
191.0414887439485,-0.11979368
188.2998176949356,-0.3141281
191.0414887439485,-0.22948223
187.2485477506866,0.20629872
195.451468548024,-0.14968835
106.952771334059,0.040881317
188.2998176949356,-0.21195202
106.952771334059,-0.035387352
277.1405325149242,-0.037810534
105.7712870257849,-0.09953821
106.577636016138,0.19480388
191.1767204981559,0.25090817
109.4626129590327,0.2293919
187.2485477506866,0.20984915
188.783576376697,0.12837008
186.0630269224294,0.020109035
110.056913956187,0.09307789
112.5992859239952,0.20638041
107.5853159867198,0.10063975
195.2049422402298,-0.29901564
197.3488026935816,-0.059408564
278.6082817937599,0.29142106
109.4626129590327,0.13018988
107.5853159867198,0.10666219
107.9609077494667,-0.12939289
187.2485477506866,0.09791285
277.1405325149242,-0.061059903
106.577636016138,0.3719234
195.2049422402298,-0.29732984
277.1405325149242,-0.09681374
277.7011388113657,0.19602513
107.5853159867198,0.28239796
195.451468548024,-0.13701722
191.0414887439485,-0.36791942
188.2998176949356,-0.3447572
196.9700178190189,-0.12714718
187.2485477506866,0.12186282
278.6082817937599,0.1768855
276.9477066756423,-0.1174063
106.577636016138,0.09372832
108.1592269976745,0.21057141
106.0727756400072,-0.14397898
277.1405325149242,0.27099103
107.1539686726064,0.051556684
186.0630269224294,0.12932742
187.2485477506866,0.17199185
186.0630269224294,0.13218124
191.1767204981559,-0.23521583
187.0125888573417,-0.043152124
195.451468548024,-0.19574837
197.3488026935816,-0.03191048
186.0630269224294,0.16237499
116.188178371516,-0.05477792
109.8196341639771,0.072430804
186.0630269224294,0.029424036
193.1126855299547,-0.28121868
186.0630269224294,0.05977164
107.4101180895406,0.07322684
189.7240479988971,-0.23413882
186.0630269224294,0.04442461
277.1405325149242,-0.30290264
186.0630269224294,0.051858716
186.0630269224294,0.10077847
106.4164738578715,-0.11626876
109.4626129590327,0.054600153
187.2485477506866,0.18116297
112.5992859239952,0.15611085
107.5853159867198,0.14435838
110.056913956187,0.0462118
187.2485477506866,0.0064652087
110.056913956187,-0.007924424
197.3488026935816,-0.08010142
189.7240479988971,-0.16671924
112.5992859239952,0.034534775
108.1592269976745,0.10531094
188.2998176949356,-0.4926145
277.1405325149242,-0.017692087
107.4101180895406,0.055907223
188.2998176949356,0.032153457
110.056913956187,0.003755724
109.8196341639771,0.12238336
195.451468548024,-0.14959718
113.6707909357408,-0.003442667
110.056913956187,-0.0016275514
187.2485477506866,0.36456916
106.4164738578715,0.018068809
187.2485477506866,0.064122215
188.2998176949356,-0.1572557
105.7712870257849,-0.092075154
191.0414887439485,-0.29283804
107.4101180895406,0.053752057
188.2998176949356,-0.26245847
186.0630269224294,0.06766993
109.8196341639771,0.17061044
197.3488026935816,-0.17607686
106.0727756400072,-0.085510306
188.2998176949356,-0.28846034
195.451468548024,-0.22875805
106.577636016138,-0.04445943
186.0630269224294,0.043672185
106.0727756400072,-0.20555985
188.2998176949356,0.0147971595
105.2490472299035,-0.338003
107.5853159867198,0.028110715
106.577636016138,0.02760822
110.056913956187,0.013409618
110.056913956187,0.063349545
277.1405325149242,0.32519522
196.9700178190189,-0.13660534
186.0630269224294,0.17045914
110.056913956187,0.026273271
110.056913956187,-0.116532415
191.1767204981559,-0.15038002
106.577636016138,-0.004302033
187.2485477506866,0.05969582
278.6082817937599,0.15537347
189.7240479988971,0.0080370065
106.577636016138,0.05289601
188.2998176949356,-0.13391401
106.952771334059,0.060514815
186.0630269224294,-0.017048405
186.0630269224294,0.04440131
278.6082817937599,0.24093106
188.2998176949356,-0.30828092
276.9477066756423,-0.23912343
187.2485477506866,0.21616471
106.577636016138,-0.051182758
197.3488026935816,-0.18258443
195.451468548024,-0.22694005
107.1539686726064,0.20594102
193.1126855299547,-0.20427562
195.2049422402298,-0.29996824
110.056913956187,0.10142062
272.5330194201419,-0.08646017
195.451468548024,-0.17366113
105.7712870257849,-0.21181276
277.1405325149242,-0.13824308
106.4164738578715,-0.02673358
110.056913956187,0.15491658
186.0630269224294,0.1600563
186.0630269224294,0.15067497
106.0727756400072,-0.072709545
187.614026870642,0.010325183
195.451468548024,-0.09896539
109.4626129590327,-0.091896966
277.7011388113657,0.7291841
276.9477066756423,-0.09227823
278.6082817937599,0.3605198
109.4626129590327,0.17889522
108.419481966606,0.07025967
195.451468548024,-0.14726385
106.577636016138,0.12624924
106.0727756400072,-0.13294883
125.3372568829002,-0.10278954
106.952771334059,0.039629016
272.5330194201419,-0.15749493
187.419098055674,-0.05876589
197.3488026935816,-0.00157651
195.2049422402298,-0.13515751
111.9129912709682,-0.11759672
187.419098055674,-0.02887331
186.0630269224294,0.07753645
277.1405325149242,-0.1382286
112.5992859239952,-0.1071932
277.1405325149242,0.13316096
186.0630269224294,0.02998042
187.419098055674,-0.12669432
277.1405325149242,0.022828363
276.9039954584068,0.062104855
280.6221636523277,0.40985912
106.952771334059,0.17011102
108.1592269976745,0.15801616
108.1592269976745,0.14859085
109.8196341639771,-0.014837672
107.4101180895406,-0.009073731
186.0630269224294,0.09622997
107.4101180895406,0.10653689
189.7240479988971,-0.057893537
106.1021411931076,-0.037293904
189.7240479988971,-0.3035035
110.056913956187,0.16359724
195.451468548024,-0.1312308
191.0414887439485,-0.33921212
110.056913956187,0.100330874
109.9480086958482,0.09408814
103.7447431214784,-0.36304832
110.056913956187,0.06138168
188.783576376697,-0.026884977
116.6010685283568,0.06554018
116.2192045005754,0.049506363
195.451468548024,-0.19777617
277.7011388113657,0.13367128
116.7545491822112,0.08989986
125.3372568829002,0.019648317
107.5853159867198,0.13511403
105.2490472299035,-0.43546647
107.5853159867198,0.16710238
106.952771334059,-0.00070246775
195.451468548024,-0.08700096
188.2998176949356,-0.22541842
189.7240479988971,0.072561145
109.8196341639771,0.09033744
107.9609077494667,0.15271008
110.056913956187,0.017764535
278.6082817937599,0.14366528
276.9039954584068,-0.034763314
195.451468548024,-0.16814932
107.1539686726064,0.19037826
106.952771334059,0.31663662
109.4626129590327,0.13347621
106.9991289866339,-0.07587684
187.419098055674,0.0586551
105.8683632534452,-0.046651185
188.2998176949356,-0.2610211
187.2485477506866,0.097532056
187.0125888573417,0.20904061
191.0414887439485,-0.20995253
107.1539686726064,0.040349986
195.451468548024,-0.089571364
106.577636016138,0.14859192
106.952771334059,-0.044914693
187.2485477506866,0.09893424
109.4626129590327,-0.00530445
107.5853159867198,0.20677893
187.2485477506866,0.2374649
186.0630269224294,0.03798464
109.8968757818925,0.10738663
106.0727756400072,-0.27997607
109.4626129590327,0.07019548
110.056913956187,-0.025845766
107.1539686726064,0.02118498
191.1767204981559,-0.09707179
191.1767204981559,-0.059262417
187.2485477506866,0.1286628
188.2998176949356,-0.29096472
277.1405325149242,0.11639325
188.783576376697,-0.13363276
195.2049422402298,-0.24670891
110.056913956187,-0.058737393
109.4626129590327,0.07268487
188.2998176949356,-0.12332055
186.0630269224294,0.13136002
191.1767204981559,-0.15628533
106.0727756400072,-0.318083
106.577636016138,0.029011171
110.056913956187,0.035475675
188.2998176949356,-0.3131715
189.7240479988971,0.027682055
109.4626129590327,0.15481025
195.451468548024,-0.07003439
109.4626129590327,0.19001552
195.451468548024,-0.1895838
186.0630269224294,0.18171532
109.4626129590327,0.11322906
106.952771334059,0.08106188
278.6082817937599,0.18392867
191.1767204981559,-0.18091379
112.5992859239952,0.17345987
275.7895660228427,-0.13887629
109.4626129590327,-0.023161696
112.5992859239952,0.04197116
116.188178371516,0.008340022
187.2485477506866,0.18910895
109.4626129590327,0.22755128
195.2049422402298,-0.29122487
109.8196341639771,0.12009813
188.2998176949356,-0.2597085
186.0630269224294,0.17564128
106.0727756400072,-0.11072467
278.6082817937599,0.14155623
195.451468548024,-0.13710375
189.7240479988971,-0.31177512
188.783576376697,-0.29525957
106.952771334059,0.076109216
110.056913956187,0.0037547979
196.9700178190189,0.010613182
106.3644518347447,-0.09159007
189.7240479988971,-0.22579142
195.451468548024,-0.14726385
107.9609077494667,0.15099017
106.577636016138,0.20763874
103.7447431214784,-0.29222286
106.9991289866339,-0.19912145
274.2758623545001,-0.15093593
187.2485477506866,0.097340256
107.5853159867198,0.07822412
188.2998176949356,-0.28163272
195.2049422402298,-0.10656069
191.1767204981559,-0.15878095
193.1126855299547,-0.027994392
186.0630269224294,0.017526243
278.6082817937599,0.20165972
186.0630269224294,0.020589124
186.0630269224294,0.14415233
106.577636016138,0.09836808
193.1126855299547,-0.1653682
196.9700178190189,-0.2190449
106.577636016138,0.08310758
195.2049422402298,-0.29517815
187.2485477506866,0.1480411
278.6082817937599,0.15012391
106.0727756400072,0.016970798
106.4164738578715,-0.06804249
187.2485477506866,0.121741585
275.8490294326924,-0.1441301
187.2485477506866,0.2576645
196.9700178190189,-0.13055515
188.783576376697,-0.26115742
187.2485477506866,0.14079238
195.2049422402298,-0.27622736
112.5992859239952,0.14279014
197.3488026935816,-0.24373469
195.451468548024,-0.1431753
188.2998176949356,-0.21143876
187.2485477506866,0.10975124
196.9700178190189,-0.13584131
274.2758623545001,0.030805368
109.4626129590327,-0.097972535
107.9609077494667,0.015140804
108.419481966606,-0.03775482
110.056913956187,0.12655921
112.5992859239952,0.045814037
186.0630269224294,-0.07408882
187.2485477506866,0.15714294
193.1126855299547,-0.13242592
276.9477066756423,-0.071142815
193.1126855299547,-0.17671734
191.1767204981559,-0.22528906
186.0630269224294,0.14192426
189.7240479988971,0.019306606
197.3488026935816,-0.072818495
191.0414887439485,-0.29350188
106.0727756400072,-0.31758904
116.6010685283568,0.03489193
187.2485477506866,0.24975194
189.7240479988971,-0.28540167
109.8196341639771,0.16837195
106.4164738578715,-0.13688014
197.3488026935816,-0.059736554
187.2485477506866,0.14405648
188.2998176949356,-0.24333636
106.952771334059,0.10651918
106.0727756400072,-0.29715657
276.9477066756423,0.056953702
278.6082817937599,0.14358102
107.9804068082134,0.010635061
195.2049422402298,-0.2305118
109.4626129590327,0.016146729
191.1767204981559,-0.2235235
187.2485477506866,0.18444563
186.0630269224294,0.1378874
110.056913956187,-0.06043172
110.056913956187,0.011229559
196.9700178190189,-0.34
196.9700178190189,-0.025783105
110.056913956187,-0.029769797
103.7447431214784,-0.3750099
186.0630269224294,0.013524834
197.3488026935816,-0.13460104
186.0630269224294,0.039036408
107.1539686726064,0.069577366
110.056913956187,0.094571866
195.451468548024,-0.012211715
110.056913956187,0.021075381
106.0727756400072,0.060690604
193.1126855299547,-0.14271064
191.1767204981559,-0.15788892
110.056913956187,0.21980105
187.2485477506866,0.11333532
106.4164738578715,-0.024823394
187.2485477506866,0.09962724
107.5853159867198,0.16708077
187.2485477506866,0.17668884
195.451468548024,-0.12908188
186.0630269224294,0.19465713
105.2490472299035,-0.3740377
187.419098055674,-0.011906442
110.056913956187,0.09863495
193.1126855299547,-0.19922827
109.4626129590327,0.22622651
107.4101180895406,-0.0456939
109.4626129590327,0.02661938
191.1767204981559,-0.28030616
109.9480086958482,0.04047395
109.4626129590327,-0.061970055
191.0414887439485,-0.3154385
191.1767204981559,-0.09192956
197.3488026935816,-0.159297
107.4101180895406,0.05058049
186.0630269224294,-0.052555997
110.056913956187,0.20927474
187.614026870642,0.017482406
193.1126855299547,-0.06794588
187.0125888573417,0.02171094
191.1767204981559,-0.31973276
110.056913956187,0.08024429
110.056913956187,0.016030092
187.614026870642,-0.022814117
116.2192045005754,0.04584886
276.9039954584068,-0.023450833
187.2485477506866,-0.027246473
197.3488026935816,-0.1564124
113.819924176831,0.16804302
112.5992859239952,0.013822651
191.1767204981559,-0.050242253
103.7447431214784,-0.114841305
109.8196341639771,0.100291416
195.2049422402298,-0.17899074
186.0630269224294,-0.05527605
110.056913956187,0.0012738034
107.5853159867198,0.21133414
280.6221636523277,0.7867334
105.7712870257849,-0.1413365
116.7545491822112,0.039621048
274.2758623545001,-0.123628266
106.0727756400072,-0.23701891
187.0125888573417,-0.050625067
276.9477066756423,-0.04916931
107.5853159867198,0.09710323
195.451468548024,-0.36138314
188.2998176949356,-0.27250865
106.952771334059,0.007716599
278.6082817937599,0.13812628
188.783576376697,-0.13089792
106.3644518347447,0.057809293
110.056913956187,0.019495541
112.5992859239952,0.031932376
116.188178371516,0.15550205
110.056913956187,-0.039072797
115.3772125206836,-0.07108337
188.2998176949356,-0.16702572
107.9609077494667,-0.017038666
197.3488026935816,-0.06543781
106.0727756400072,-0.15036248
278.6082817937599,0.13554376
122.5042298788697,0.007463689
106.4164738578715,-0.05215978
193.1126855299547,-0.40577304
191.0414887439485,-0.13172446
188.783576376697,0.0136526665
188.2998176949356,-0.29601893
195.2049422402298,-0.25791702
110.056913956187,-0.054408878
193.1126855299547,-0.47380397
186.0630269224294,-0.059749838
109.9480086958482,0.17847046
188.2998176949356,-0.2443517
109.9480086958482,0.13886589
187.2485477506866,0.09910302
105.4859909518081,-0.017334685
187.614026870642,0.018127479
195.451468548024,-0.16127563
188.2998176949356,-0.2791832
187.614026870642,-0.029618805
189.7240479988971,-0.23040679
109.8196341639771,0.10798016
109.4626129590327,0.18486755
278.6082817937599,0.06550438
191.1767204981559,-0.13456753
277.1405325149242,0.45326185
193.1126855299547,-0.19442923
103.6988069564512,0.14330368
193.1126855299547,-0.26129642
111.2653495585551,-0.1476377
109.4626129590327,0.026634771
113.6707909357408,-0.067375265
107.4101180895406,0.20272247
191.1767204981559,-0.14745307
195.451468548024,-0.12450088
109.4626129590327,0.081858724
188.2998176949356,-0.10342885
197.3488026935816,-0.21587111
112.5992859239952,0.121428855
186.0630269224294,0.01690303
197.3488026935816,-0.11088058
191.0414887439485,-0.38652524
189.7240479988971,-0.0788329
112.5992859239952,0.24144311
191.0414887439485,-0.2800129
110.056913956187,0.034810662
109.9480086958482,0.16006601
188.2998176949356,-0.35813108
107.9609077494667,0.06660145
187.419098055674,-0.06265945
107.4101180895406,0.106555164
187.614026870642,-0.020287916
275.8490294326924,0.0840363
109.8196341639771,0.028358655
188.783576376697,-0.17848942
187.2485477506866,0.2207687
108.1592269976745,0.029518997
106.1021411931076,-0.20213802
188.2998176949356,-0.26330826
186.0630269224294,0.05085554
187.419098055674,0.118967764
187.2485477506866,0.06322814
106.577636016138,0.014477991
109.4626129590327,0.058552694
189.7240479988971,-0.08049522
277.1405325149242,-0.017205063
188.2998176949356,-0.11277039
109.4626129590327,0.018425656
195.451468548024,-0.10472173
110.056913956187,0.029354524
191.1767204981559,0.010013203
187.2485477506866,-0.057335783
187.2485477506866,0.27445763
196.9700178190189,-0.27300158
187.2485477506866,0.19054158
186.0630269224294,0.07559391
187.2485477506866,0.1679885
186.0630269224294,-0.013573494
110.056913956187,0.034689743
107.5853159867198,0.035436757
195.451468548024,-0.1741463
188.2998176949356,-0.1860712
197.3488026935816,-0.22652352
107.5853159867198,0.075397685
107.5853159867198,0.08477873
110.056913956187,0.027098432
187.614026870642,-0.02839529
278.6082817937599,0.31797224
188.2998176949356,-0.26836783
187.419098055674,0.057567548
275.8490294326924,-0.22141321
122.5042298788697,0.0066874768
186.0630269224294,0.0012321356
188.2998176949356,-0.3597738
107.9609077494667,-0.031916063
186.0630269224294,0.12616365
110.056913956187,0.06553251
187.2485477506866,0.06487561
197.3488026935816,0.041210465
197.3488026935816,-0.065896735
191.1767204981559,-0.0020331244
105.2015884238383,-0.37445885
110.056913956187,0.06894751
196.9700178190189,-0.3686821
275.7895660228427,-0.20756568
113.6707909357408,-0.02502172
187.2485477506866,-0.09033427
189.7240479988971,-0.27532256
110.056913956187,0.21020856
187.0125888573417,0.16987264
107.5853159867198,0.05969349
195.2049422402298,-0.2621427
108.419481966606,0.06689345
188.2998176949356,-0.3056025
109.8196341639771,0.07840253
186.0630269224294,0.23926756
193.1126855299547,-0.014876109
106.3644518347447,-0.024854766
106.952771334059,-0.06857854
106.952771334059,-0.109661646
191.1767204981559,-0.27588114
188.2998176949356,-0.32621342
195.451468548024,-0.27440396
195.451468548024,0.048960622
188.2998176949356,-0.31676626
106.4164738578715,-0.0032954188
195.451468548024,-0.15418701
105.8683632534452,0.03011956
112.5992859239952,-0.052601516
107.5853159867198,0.18805547
187.0125888573417,0.14101706
187.0125888573417,0.14819941
186.0630269224294,0.1519273
187.2485477506866,0.023137612
195.451468548024,-0.28770795
188.2998176949356,-0.04537018
107.1539686726064,0.054615688
274.2758623545001,-0.2849995
112.5992859239952,0.13433187
107.1539686726064,-0.03260717
105.2490472299035,-0.21448363
107.5199760489703,-0.07681233
197.3488026935816,-0.3064035
107.5853159867198,0.09149581
106.952771334059,-0.021555843
188.2998176949356,-0.28211635
197.3488026935816,-0.14265054
103.7447431214784,-0.2475801
112.5992859239952,0.21594068
191.0414887439485,-0.244383
191.0414887439485,-0.050507877
186.0630269224294,0.06875362
197.3488026935816,0.036670458
196.9700178190189,-0.32207927
188.2998176949356,-0.20837332
107.9609077494667,0.0057740984
112.5992859239952,0.15432864
109.9480086958482,0.1496119
188.2998176949356,-0.18912931
109.4626129590327,0.06063414
277.1405325149242,-0.12875143
103.7447431214784,-0.30050546
107.4101180895406,0.1299721
110.056913956187,0.09691837
196.9700178190189,-0.17185144
106.9552834807568,0.017545186
191.1767204981559,-0.13944593
187.0125888573417,0.059339296
276.9477066756423,0.29673162
188.2998176949356,-0.32567278
193.1126855299547,-0.2404995
188.2998176949356,-0.13442773
125.3372568829002,-0.024134142
188.2998176949356,-0.23946251
110.056913956187,-0.061451834
195.2049422402298,-0.29355463
272.5330194201419,0.0026570694
110.056913956187,0.08801448
186.0630269224294,0.07683442
191.1767204981559,-0.22640838
188.2998176949356,-0.2588538
186.0630269224294,-0.040569983
188.2998176949356,-0.18696089
107.5853159867198,0.050099712
276.9477066756423,-0.16903506
107.4101180895406,0.08727642
188.2998176949356,-0.35852596
109.8196341639771,-0.02785771
188.2998176949356,-0.18415903
109.8196341639771,0.029854598
106.4164738578715,-0.012032264
109.9480086958482,0.13042517
186.0630269224294,0.12377817
276.9477066756423,-0.16290665
186.0630269224294,0.036259208
191.1767204981559,-0.14208433
188.2998176949356,-0.34521368
110.056913956187,0.057454612
107.4101180895406,-0.059613235
110.056913956187,0.075480565
106.0727756400072,-0.24735513
106.4164738578715,-0.15267394
275.8490294326924,-0.18508342
195.2049422402298,-0.229207
187.2485477506866,0.15738711
187.2485477506866,0.21024133
109.4626129590327,0.12582186
195.451468548024,-0.323705
106.577636016138,-0.042190637
189.7240479988971,-0.21529007
188.2998176949356,0.47441426
110.056913956187,0.045161385
188.2998176949356,-0.19227758
188.2998176949356,-0.23524667
106.9991289866339,-0.053190768
195.451468548024,-0.26266643
107.4101180895406,0.091020904
189.7240479988971,-0.33969858
276.9039954584068,-0.05590915
186.0630269224294,0.0620899
186.0630269224294,-0.048698146
106.952771334059,-0.087049484
195.451468548024,-0.10845548
193.1126855299547,-0.16998363
195.451468548024,-0.01938881
186.0630269224294,0.0620899
115.3772125206836,-0.09579147
112.5992859239952,0.1799864
188.2998176949356,-0.23536693
195.451468548024,-0.034005255
110.056913956187,-0.070373505
116.6715459857229,0.20537764
191.1767204981559,-0.11304485
277.1405325149242,-0.03269826
112.5992859239952,0.1813058
188.2998176949356,-0.31586978
112.5992859239952,0.12892409
110.056913956187,-0.008303558
107.5853159867198,0.25314814
187.2485477506866,0.033438902
111.9129912709682,-0.112677716
186.0630269224294,0.0645222
110.056913956187,0.09038093
195.451468548024,-0.2819731
107.9804068082134,-0.038717553
189.7240479988971,-0.1529259
187.2485477506866,0.0035052483
110.056913956187,0.10729045
195.451468548024,-0.16980684
195.451468548024,-0.1966919
196.9700178190189,-0.17924519
111.2653495585551,0.11074111
112.5992859239952,0.054541375
106.9552834807568,0.03545025
109.8196341639771,0.082558386
188.2998176949356,-0.17916645
107.9609077494667,-0.18210739
106.952771334059,0.085016735
106.3644518347447,-0.033423465
195.451468548024,-0.057079297
187.0125888573417,0.04692081
187.2485477506866,0.21921858
107.9609077494667,0.030491192
187.0125888573417,0.021181427
106.577636016138,-0.035676155
106.9552834807568,-0.090567775
110.056913956187,0.1545382
106.9991289866339,-0.0030021975
188.2998176949356,-0.25469512
186.0630269224294,0.17828132
107.4101180895406,0.050986014
195.451468548024,-0.1688262
197.3488026935816,-0.09279824
122.4113661571781,0.009073792
109.4626129590327,0.15680858
188.2998176949356,-0.24346425
116.6010685283568,0.058334693
107.1539686726064,0.18802914
106.4164738578715,-0.13539022
106.952771334059,0.14658324
112.5992859239952,0.15960225
106.4164738578715,-0.046096623
186.0630269224294,0.05156626
187.614026870642,-0.07327226
106.4164738578715,0.08581519
109.4626129590327,0.06406823
187.2485477506866,0.20735642
276.9039954584068,-0.07842818
278.6082817937599,0.102906935
186.0630269224294,0.0821425
188.2998176949356,0.10000804
111.2653495585551,0.10137573
103.7447431214784,-0.1673659
195.2049422402298,-0.21276602
195.451468548024,-0.097290225
106.577636016138,0.030568367
191.0414887439485,-0.18760812
109.4626129590327,-0.025694644
107.1539686726064,0.05008379
110.056913956187,0.029093115
188.2998176949356,-0.2767586
110.056913956187,-0.05973601
276.9039954584068,-0.2734712
188.783576376697,-0.15000163
107.1539686726064,0.07099649
106.9991289866339,-0.011922106
187.2485477506866,0.06494812
187.2485477506866,0.09254108
106.0727756400072,-0.19093576
191.0414887439485,-0.22727838
191.0414887439485,-0.25436842
186.0630269224294,-0.012211986
193.1126855299547,-0.37539336
186.0630269224294,0.08540159
189.7240479988971,-0.14633998
116.6010685283568,0.007801499
109.4626129590327,-0.007868009
277.1405325149242,0.13301225
195.2049422402298,-0.19133347
106.952771334059,0.17958587
106.577636016138,0.08156654
191.0414887439485,-0.22142762
187.0125888573417,0.0741108
106.4164738578715,-0.01854205
187.2485477506866,0.35509205
109.8196341639771,0.0899447
186.0630269224294,0.0624082
187.2485477506866,0.03574248
196.9700178190189,-0.11935571
105.2015884238383,-0.04067944
107.4101180895406,0.07351175
112.5992859239952,0.13564782
112.5992859239952,0.098634906
109.8196341639771,0.08609957
106.1021411931076,-0.110205404
109.4626129590327,0.043873467
106.952771334059,0.17746603
277.1405325149242,0.08828742
105.2015884238383,-0.15632012
186.0630269224294,0.13561462
191.1767204981559,-0.3366761
186.0630269224294,0.07601582
186.0630269224294,0.058635794
187.2485477506866,0.13640597
195.451468548024,-0.12970266
187.2485477506866,-0.12648173
110.056913956187,0.11266262
186.0630269224294,0.0011998173
187.2485477506866,0.21520463
107.4101180895406,-0.019823467
112.0244118782512,-0.09774765
188.2998176949356,-0.12010763
191.0414887439485,-0.35150543
112.5992859239952,0.025800087
188.2998176949356,-0.15852976
187.614026870642,-0.024576297
195.451468548024,-0.23360021
188.2998176949356,-0.20142895
109.4626129590327,0.056019362
195.2049422402298,-0.19383243
187.2485477506866,0.079340495
195.2049422402298,-0.20456478
191.0414887439485,-0.42063335
272.5330194201419,-0.015229581
191.1767204981559,-0.2667402
103.7447431214784,-0.2492206
106.577636016138,0.06431064
106.1021411931076,-0.031792544
278.6082817937599,0.14409707
106.577636016138,-0.027374377
186.0630269224294,0.080167145
110.056913956187,0.036129124
186.0630269224294,0.09736805
195.451468548024,-0.16195044
186.0630269224294,-0.03567577
111.2653495585551,-0.15348908
186.0630269224294,0.030088209
193.1126855299547,-0.1640252
274.2758623545001,-0.16540714
112.0244118782512,-0.0740121
109.8196341639771,0.12008345
275.8490294326924,-0.09885091
106.0727756400072,-0.14072832
195.451468548024,-0.064834535
186.0630269224294,0.20581715
196.9700178190189,-0.20868663
107.1539686726064,-0.050370507
112.5992859239952,0.04692802
189.7240479988971,-0.24116483
112.0244118782512,-0.024417391
193.1126855299547,-0.22313124
186.0630269224294,-0.049614254
196.9700178190189,-0.10857747
106.0727756400072,-0.17119321
107.5853159867198,0.3148089
106.0727756400072,-0.24153171
186.0630269224294,0.08758483
186.0630269224294,-0.015532648
106.0727756400072,-0.19759321
187.2485477506866,0.0977283
195.451468548024,-0.056449186
276.9039954584068,0.15779948
107.1539686726064,0.28982055
109.8196341639771,0.1235326
186.0630269224294,0.05941985
115.3254069712001,0.07772695
103.7447431214784,-0.33974916
191.1767204981559,-0.41504768
188.2998176949356,-0.121967
110.056913956187,0.011511325
108.1592269976745,0.17238371
187.2485477506866,0.282686
107.1539686726064,0.081272826
186.0630269224294,0.03025885
186.0630269224294,0.052140445
188.2998176949356,-0.31588364
107.5853159867198,0.104070015
187.2485477506866,0.101697125
191.0414887439485,-0.2182898
188.2998176949356,-0.23060991
106.952771334059,-0.053360116
191.1767204981559,-0.046457823
272.5330194201419,-0.3139587
188.2998176949356,-0.27072477
186.0630269224294,0.10465499
197.3488026935816,-0.14491662
107.1539686726064,0.14087108
107.9609077494667,0.03748875
195.451468548024,-0.28251773
187.614026870642,-0.078660846
186.0630269224294,-0.005637416
187.614026870642,0.04170399
105.7712870257849,-0.03045843
107.5853159867198,0.12951487
106.577636016138,0.22444333
187.419098055674,0.0041114204
196.9700178190189,-0.24127115
188.2998176949356,-0.29211435
109.9480086958482,0.27326554
188.2998176949356,-0.292162
187.2485477506866,0.20102602
195.2049422402298,-0.28174213
110.056913956187,-0.020050492
109.4626129590327,0.02186637
109.4626129590327,-0.052695863
106.4164738578715,0.06408679
113.6707909357408,-0.030553851
109.8196341639771,0.06427927
109.4626129590327,0.023264168
106.577636016138,0.13210247
188.2998176949356,-0.09912527
109.4626129590327,0.06793236
195.451468548024,-0.059041917
196.9700178190189,-0.1295216
116.188178371516,0.4049468
111.2653495585551,0.081028074
108.419481966606,-0.13407812
116.6010685283568,0.05792625
191.0414887439485,-0.31618226
191.1767204981559,0.07745331
110.056913956187,-0.02631094
110.056913956187,0.011937989
186.0630269224294,0.0293655
110.056913956187,0.16887446
191.0414887439485,-0.28002506
116.188178371516,-0.061740227
186.0630269224294,0.10020174
186.0630269224294,0.112152666
188.2998176949356,-0.26228327
195.451468548024,-0.089571364
186.0630269224294,0.0061505446
109.4626129590327,0.046695184
197.3488026935816,0.041210465
196.9700178190189,-0.2259966
116.6010685283568,0.07269008
195.451468548024,-0.20242448
106.577636016138,0.36311954
274.2758623545001,-0.24824964
187.614026870642,-0.026568346
272.5330194201419,-0.2455354
109.8196341639771,0.020196682
276.9039954584068,-0.17404503
106.952771334059,0.045761887
107.1539686726064,0.027641468
106.952771334059,0.030506216
106.952771334059,0.056118194
277.1405325149242,-0.013006109
191.0414887439485,-0.2537138
187.2485477506866,0.11427097
187.614026870642,-0.030978417
195.2049422402298,-0.266697
187.2485477506866,0.17751896
107.1539686726064,-0.017749734
106.577636016138,0.066629
107.4101180895406,0.030746035
109.8196341639771,0.06340621
191.0414887439485,-0.2857923
187.0125888573417,0.052854832
105.4859909518081,-0.2512576
195.2049422402298,-0.29402795
277.1405325149242,0.21322215
188.2998176949356,-0.2349516
106.0727756400072,-0.0040056296
122.5042298788697,0.03747312
191.1767204981559,-0.13932991
109.4626129590327,0.18663178
188.2998176949356,-0.1587341
110.056913956187,-0.011796823
191.0414887439485,-0.3975497
195.2049422402298,-0.2913506
109.4626129590327,-0.03230908
187.2485477506866,0.14748813
109.9480086958482,0.026438601
110.056913956187,-0.034961566
107.4101180895406,0.021123756
106.4164738578715,-0.020156125
193.1126855299547,-0.21615295
191.0414887439485,-0.30965886
187.0125888573417,-0.122825004
107.5853159867198,0.13855171
191.1767204981559,-0.22147678
189.7240479988971,-0.2020331
188.2998176949356,-0.28776488
186.0630269224294,0.0047545047
106.577636016138,0.08109433
109.9480086958482,-0.005450565
186.0630269224294,-0.0037690033
195.451468548024,-0.003400414
189.7240479988971,-0.09047339
109.4626129590327,0.0730617
186.0630269224294,0.11715375
110.056913956187,0.016264286
276.9039954584068,-0.09889053
191.1767204981559,-0.24592686
105.2015884238383,-0.2555881
110.056913956187,0.016892726
109.8196341639771,0.08170087
196.9700178190189,-0.29253423
187.2485477506866,0.18202741
106.577636016138,0.121869646
