feature_value,shap_value
18.0,-0.14397746
72.0,0.32984132
18.0,-0.14974451
39.0,0.2534137
9.0,-0.2058377
6.0,-0.15134273
27.0,0.37614965
9.0,-0.30051237
24.0,0.5408052
9.0,-0.31712827
36.0,0.33875647
24.0,0.3549712
18.0,-0.12315548
9.0,-0.27129838
15.0,-0.091717444
30.0,0.37495947
21.0,-0.0027966944
18.0,-0.15201275
18.0,-0.2046271
18.0,-0.13052931
18.0,-0.131307
18.0,-0.19767246
36.0,0.2144732
15.0,-0.16496405
21.0,-0.0858227
9.0,-0.29057518
45.0,0.13530032
12.0,-0.30333486
15.0,-0.014275347
18.0,-0.061589215
15.0,-0.058046248
18.0,-0.1514138
78.0,0.85772276
15.0,-0.16882999
33.0,0.21210456
33.0,0.45259753
9.0,-0.027607623
18.0,-0.29617357
15.0,-0.13467674
18.0,-0.21562903
21.0,-0.09587097
21.0,0.14126784
9.0,-0.18002853
24.0,0.4404599
57.0,0.37502748
21.0,0.17068492
12.0,-0.13356583
24.0,0.26814497
36.0,0.40223873
12.0,-0.12077887
45.0,0.19799517
18.0,-0.14123313
18.0,-0.20419285
33.0,0.40070274
18.0,-0.27655828
18.0,-0.31645277
9.0,-0.040212937
8.0,-0.13265616
9.0,-0.32057515
33.0,0.29614562
9.0,-0.31750444
18.0,-0.23341134
9.0,-0.22446008
18.0,-0.14616545
18.0,-0.13350016
6.0,-0.403819
9.0,-0.3480875
21.0,-0.08344814
6.0,-0.15862334
69.0,0.47565818
9.0,-0.3236888
45.0,0.37571523
9.0,-0.32107607
18.0,-0.15744643
18.0,-0.19125308
21.0,0.0869321
9.0,-0.22629592
9.0,-0.2004257
36.0,0.41834512
12.0,-0.12631443
18.0,-0.09478593
18.0,-0.10902169
30.0,0.15097316
21.0,-0.00037294897
15.0,0.02786267
6.0,-0.14944848
9.0,-0.11115788
27.0,0.35624695
18.0,-0.15633853
9.0,-0.20780906
18.0,-0.1725635
36.0,0.21102627
18.0,-0.24409728
9.0,-0.25150985
9.0,-0.35814497
18.0,-0.10493654
9.0,-0.003030113
9.0,-0.28454745
6.0,-0.17899136
15.0,-0.10728679
21.0,0.73876476
18.0,-0.16956529
12.0,-0.15105006
21.0,0.006246584
18.0,-0.1087191
12.0,-0.054852653
9.0,-0.24915275
9.0,-0.13381004
9.0,-0.31712827
6.0,-0.1920036
9.0,-0.11400115
18.0,-0.1548926
18.0,-0.13759027
18.0,-0.15418899
12.0,-0.21485542
15.0,-0.119988374
18.0,-0.12574576
15.0,-0.11782917
18.0,-0.30824775
9.0,-0.28440973
21.0,-0.031275645
66.0,0.6264326
15.0,-0.18709674
30.0,0.06167367
18.0,-0.14253025
60.0,0.6074357
15.0,-0.23735079
18.0,-0.24155346
30.0,0.121131875
18.0,-0.16812877
36.0,0.2308609
18.0,-0.12946445
15.0,-0.06739517
36.0,0.39649504
18.0,-0.114817955
18.0,-0.22625802
15.0,-0.11067741
18.0,-0.17620954
18.0,-0.18401903
54.0,0.21025112
12.0,-0.056247395
18.0,-0.2034137
18.0,-0.18063684
45.0,0.5049977
15.0,-0.10661133
9.0,-0.2635462
54.0,0.24706596
18.0,-0.22698554
12.0,-0.014108751
66.0,0.34162584
18.0,-0.16419442
18.0,-0.16965868
18.0,-0.24492018
18.0,-0.21733394
36.0,0.22931749
9.0,-0.24609742
18.0,-0.19522399
78.0,1.0594878
18.0,-0.15677139
33.0,0.07000106
54.0,0.602781
6.0,-0.15420929
6.0,0.022414189
9.0,-0.15310092
18.0,-0.18141639
18.0,-0.22868204
18.0,-0.18394716
18.0,-0.14209326
6.0,-0.08173498
21.0,-0.023944307
21.0,0.06404179
18.0,-0.24089904
18.0,-0.151199
18.0,-0.15672028
9.0,-0.25706863
15.0,-0.050893642
18.0,-0.22544812
9.0,-0.25422928
12.0,-0.10239636
21.0,0.00912604
45.0,0.32907912
39.0,0.43315667
18.0,-0.18213288
21.0,0.026012681
18.0,-0.11514958
15.0,-0.13101402
9.0,-0.18904433
18.0,-0.16599862
15.0,-0.11033317
36.0,0.39766082
18.0,-0.193422
9.0,-0.16244762
30.0,0.121131875
9.0,-0.29506487
21.0,0.017379696
21.0,0.5300934
15.0,-0.07989214
9.0,-0.30379093
18.0,-0.16191885
18.0,-0.1920257
18.0,-0.107277334
18.0,-0.17355825
9.0,-0.2757496
9.0,-0.50019246
21.0,0.6348702
18.0,-0.18640244
6.0,-0.08244278
21.0,0.44249994
21.0,0.006375496
21.0,-0.020707568
18.0,-0.20967034
12.0,-0.07191632
18.0,-0.23227969
18.0,-0.17834684
9.0,-0.3254708
33.0,0.32503247
9.0,-0.26030415
18.0,-0.16870417
18.0,-0.19310571
48.0,0.4814792
21.0,0.5754327
18.0,-0.1426964
18.0,-0.1639543
33.0,0.18137036
18.0,-0.19797668
18.0,-0.19189592
12.0,-0.056088828
12.0,-0.18730964
9.0,-0.1770688
36.0,0.34894416
45.0,0.37460163
9.0,-0.081114225
9.0,-0.14041373
9.0,-0.2459638
15.0,-0.22621037
18.0,-0.1479133
18.0,-0.17341462
9.0,-0.10434445
15.0,-0.10568508
8.0,-0.28614157
15.0,-0.15832624
9.0,-0.20716536
45.0,0.6405909
9.0,-0.29896402
24.0,0.28199607
18.0,-0.16721167
18.0,-0.15890223
18.0,-0.16119096
18.0,-0.17670965
18.0,-0.104168266
18.0,-0.26392874
15.0,-0.07927032
9.0,-0.22286637
6.0,-0.055452786
21.0,0.014019488
30.0,0.49663445
18.0,-0.1638258
36.0,0.48374948
15.0,-0.036850788
18.0,-0.20703287
48.0,0.336222
15.0,-0.1416331
9.0,-0.3037403
18.0,-0.13998866
24.0,0.79944694
15.0,-0.15703636
15.0,-0.008896971
9.0,-0.14416124
18.0,-0.17293155
9.0,-0.29232568
18.0,-0.16488832
12.0,-0.05915129
15.0,-0.03780284
9.0,-0.33092907
18.0,-0.1831448
12.0,-0.24506676
18.0,-0.16175471
18.0,-0.23078778
9.0,-0.10118715
9.0,-0.3284627
18.0,-0.1517816
18.0,-0.08896233
21.0,0.51912534
15.0,-0.07928601
12.0,-0.22454539
18.0,-0.21777365
18.0,-0.22595327
9.0,-0.13761057
12.0,-0.20141715
30.0,0.39311188
15.0,-0.0881937
18.0,-0.15768251
9.0,-0.27937537
18.0,-0.22083911
18.0,-0.128039
9.0,-0.41218022
15.0,-0.008744697
18.0,-0.15081987
9.0,-0.17529012
9.0,-0.23787133
16.0,-0.15598588
18.0,-0.2743258
9.0,-0.24981308
12.0,0.105965726
24.0,0.46983123
15.0,-0.06458308
6.0,-0.22315583
12.0,-0.20186831
9.0,-0.20432231
18.0,-0.19756098
18.0,-0.18970263
18.0,-0.22685653
12.0,0.11090158
51.0,0.3574293
18.0,-0.18232667
15.0,-0.09623054
18.0,-0.075049125
15.0,-0.11336363
21.0,0.0134277055
15.0,-0.18034588
21.0,0.011618174
18.0,-0.27672496
9.0,-0.26146764
33.0,0.2746243
9.0,-0.09952351
15.0,-0.15478237
15.0,-0.14632046
12.0,-0.13430028
18.0,-0.14660838
9.0,-0.13603877
9.0,-0.31522754
21.0,-0.0010998505
9.0,-0.1422309
18.0,-0.15145876
15.0,-0.077810116
18.0,-0.14198507
36.0,0.5594421
6.0,-0.14697655
18.0,-0.2000983
60.0,0.389802
9.0,-0.22465421
24.0,0.5159249
18.0,-0.1721753
24.0,0.5672562
18.0,-0.1870476
57.0,0.23933214
24.0,0.41407177
12.0,-0.04041523
18.0,-0.22852427
9.0,-0.1967782
18.0,-0.1566091
15.0,-0.04251797
9.0,-0.19360632
18.0,-0.1473533
18.0,-0.0944124
27.0,0.35381576
6.0,-0.30643523
18.0,-0.16912849
9.0,-0.22447306
15.0,-0.07381101
30.0,0.5089787
12.0,-0.21903704
18.0,-0.1673214
12.0,-0.38913435
9.0,-0.18021649
9.0,0.08574922
18.0,-0.19362545
6.0,-0.30184
18.0,-0.22038928
15.0,-0.10805068
6.0,-0.15277259
18.0,-0.17346136
9.0,-0.31548193
18.0,-0.15808403
9.0,-0.2924531
30.0,0.19358067
9.0,-0.23269
18.0,-0.16775262
6.0,-0.04373409
36.0,0.33002263
9.0,-0.17048033
30.0,0.037569754
18.0,-0.15804546
9.0,-0.28932896
18.0,-0.14495707
18.0,-0.13482739
18.0,-0.088576995
18.0,-0.24089451
18.0,-0.18948428
9.0,-0.1157709
33.0,0.18884213
18.0,-0.22017877
9.0,-0.05061292
15.0,-0.028036255
18.0,-0.30157074
18.0,-0.18731456
9.0,-0.15911992
18.0,-0.19023661
33.0,0.34139204
18.0,-0.14975157
18.0,-0.19692302
24.0,0.42236993
9.0,-0.18918899
18.0,-0.113314725
18.0,-0.18534768
9.0,-0.16926107
18.0,-0.27187392
9.0,-0.26608706
9.0,-0.2004257
54.0,0.21803279
18.0,-0.19378556
6.0,-0.079817586
18.0,-0.18529047
33.0,0.5227633
18.0,-0.3450984
18.0,-0.23905042
18.0,-0.15125501
9.0,-0.24797966
12.0,-0.14893411
18.0,-0.18181871
21.0,-0.056054402
6.0,-0.2005348
18.0,-0.11776133
9.0,-0.118213415
33.0,0.36703625
15.0,-0.109204836
21.0,0.036361754
12.0,-0.20587578
12.0,-0.13969143
12.0,-0.03864251
60.0,0.81222063
18.0,-0.21989809
18.0,-0.17491531
75.0,0.3957518
18.0,-0.19031085
18.0,-0.18910424
9.0,-0.18259521
18.0,-0.26639515
15.0,-0.11327023
9.0,-0.30034852
18.0,-0.17883909
33.0,0.32149345
9.0,-0.34822944
18.0,-0.19201018
18.0,-0.1705937
21.0,0.051662866
24.0,0.605049
18.0,-0.17971541
12.0,-0.17687559
18.0,-0.117532976
9.0,-0.05836306
18.0,-0.18902813
18.0,-0.2030448
39.0,0.7434397
18.0,-0.2003253
90.0,0.9179618
18.0,-0.18466583
18.0,-0.16238558
48.0,0.058408465
18.0,-0.1305574
18.0,-0.1681205
9.0,-0.2505834
24.0,0.19966003
15.0,-0.06206484
18.0,-0.22754468
54.0,0.46132624
9.0,-0.21874332
18.0,-0.15599717
12.0,-0.032263562
9.0,-0.34970355
18.0,-0.14815833
18.0,-0.17608324
9.0,-0.13750713
15.0,-0.19599333
45.0,0.113710515
9.0,-0.20228595
15.0,-0.05031376
42.0,0.36703074
15.0,-0.046117462
15.0,-0.013157466
9.0,-0.2625524
6.0,0.108928375
18.0,-0.17191826
18.0,-0.1607252
9.0,-0.26384425
9.0,-0.29661578
9.0,-0.3280354
30.0,0.3731619
27.0,0.25617352
18.0,-0.24888691
42.0,0.38096172
18.0,-0.20062087
18.0,-0.160522
9.0,-0.2140443
9.0,-0.27322948
15.0,-0.052440297
6.0,-0.18783636
9.0,-0.20313339
18.0,-0.13924766
9.0,-0.12157852
18.0,-0.13486761
18.0,-0.15479176
15.0,-0.09211513
33.0,0.1422431
18.0,-0.1380507
9.0,-0.2969448
18.0,-0.097922824
12.0,-0.20843029
9.0,-0.31757838
9.0,-0.3036268
33.0,0.23176333
18.0,-0.21111563
9.0,-0.2699724
18.0,-0.19483346
18.0,-0.20442347
18.0,-0.20053305
9.0,-0.16542871
18.0,-0.18244019
18.0,-0.13171354
18.0,-0.1765537
18.0,-0.20482785
12.0,0.04069749
9.0,-0.1759013
21.0,0.17912553
9.0,-0.16279395
9.0,-0.17902471
18.0,-0.24542235
12.0,-0.22853808
9.0,-0.30056134
48.0,0.3249289
42.0,-0.018452398
6.0,-0.37359464
21.0,0.017689869
21.0,-0.03290455
6.0,-0.09666478
9.0,-0.32681558
9.0,-0.13621855
24.0,0.2694644
18.0,-0.31745428
9.0,-0.26047686
18.0,-0.16961372
18.0,-0.14197508
54.0,0.34293783
21.0,0.10528332
15.0,-0.1367143
18.0,-0.09779349
36.0,0.35295734
18.0,-0.17646238
12.0,0.0057961866
15.0,-0.1304723
9.0,-0.29631498
54.0,0.2733762
48.0,0.64051276
36.0,0.22964627
9.0,-0.27663037
9.0,-0.21994944
15.0,-0.1350661
18.0,-0.06488994
9.0,-0.28148222
12.0,-0.16972843
9.0,-0.21463796
18.0,-0.15497485
18.0,-0.06352424
30.0,0.33609462
9.0,-0.13054658
60.0,0.6884649
18.0,-0.13721037
9.0,-0.29371879
18.0,-0.18517421
18.0,-0.16406527
42.0,0.24669507
12.0,-0.23303847
9.0,-0.32176602
18.0,-0.21606031
18.0,-0.22190851
48.0,0.37270406
9.0,-0.219475
18.0,-0.19885309
18.0,-0.19715756
6.0,0.07397585
18.0,-0.1595067
18.0,-0.19387065
21.0,-0.044429846
9.0,-0.29175285
51.0,0.35742474
48.0,0.16625386
9.0,-0.16447775
21.0,0.13104753
21.0,0.045289747
18.0,-0.1462037
9.0,-0.24481994
15.0,-0.18198285
18.0,-0.2003419
9.0,-0.17769776
12.0,0.032815587
9.0,-0.108869426
18.0,-0.22612967
18.0,-0.13101393
18.0,-0.1780203
18.0,-0.19063134
18.0,-0.17754324
18.0,-0.075224824
9.0,-0.20990643
21.0,0.51665777
12.0,-0.13886411
39.0,0.38007185
18.0,-0.22959611
9.0,-0.31541932
18.0,-0.1610359
48.0,0.0807175
18.0,-0.13259092
30.0,0.21463345
15.0,-0.08344508
15.0,-0.11810663
18.0,-0.15551764
9.0,-0.30638334
36.0,0.16027607
9.0,-0.2637922
18.0,-0.17495827
24.0,0.5080925
21.0,0.093650416
18.0,-0.1857735
18.0,-0.0784444
6.0,-0.17198056
18.0,-0.24768922
18.0,-0.15065569
18.0,-0.19578657
18.0,-0.22215137
9.0,-0.19937088
15.0,-0.06959478
18.0,-0.19579577
9.0,-0.29560474
9.0,-0.16694303
9.0,-0.28609192
9.0,-0.100421615
9.0,-0.14840052
36.0,0.46702278
9.0,-0.19761018
33.0,0.09872146
21.0,0.03086217
18.0,-0.18750887
9.0,-0.37772775
12.0,-0.19382685
15.0,-0.06369815
15.0,-0.05562699
21.0,0.11088392
36.0,0.22931749
18.0,-0.21256265
18.0,-0.21153325
12.0,-0.12810026
33.0,0.4959602
9.0,-0.23041138
18.0,-0.13645247
12.0,0.12190902
15.0,-0.005072775
18.0,-0.15076567
42.0,0.082224526
15.0,-0.084841765
18.0,-0.21489842
6.0,-0.08372111
15.0,-0.08321133
51.0,0.3299699
9.0,-0.30110303
18.0,-0.12400428
18.0,-0.23842144
36.0,0.29267
24.0,0.59285647
18.0,-0.1283835
15.0,-0.21267125
6.0,-0.24606247
18.0,-0.05010136
12.0,-0.20706342
18.0,-0.24823709
21.0,0.019786585
18.0,-0.11823546
9.0,-0.26935804
12.0,-0.19765778
18.0,-0.046933718
18.0,-0.1895165
42.0,0.19813839
6.0,-0.27145433
9.0,-0.14024852
18.0,-0.1441335
15.0,-0.1575242
18.0,-0.15510313
15.0,-0.26901102
18.0,-0.20633543
15.0,-0.05515425
9.0,-0.28955007
21.0,0.043012146
18.0,-0.21399114
48.0,0.33419615
33.0,0.79610485
27.0,0.41244012
15.0,-0.11079777
18.0,-0.19636953
15.0,-0.10419433
15.0,-0.18013772
18.0,-0.18661056
18.0,-0.1782484
18.0,-0.14524609
9.0,-0.22721617
12.0,-0.11144381
18.0,-0.21346118
12.0,-0.03368535
9.0,-0.27191672
9.0,-0.068169065
9.0,-0.3168036
15.0,-0.17497174
30.0,0.29859692
48.0,0.37728277
6.0,-0.23371062
18.0,-0.17845069
18.0,-0.19062571
18.0,-0.25936908
33.0,0.42292622
9.0,-0.13378163
18.0,-0.18682247
36.0,0.35044932
18.0,-0.18803656
21.0,0.048678253
18.0,-0.11229428
33.0,0.37929818
9.0,-0.13995738
18.0,-0.26794562
9.0,-0.31395066
18.0,-0.14811306
18.0,-0.1592156
9.0,-0.22021388
42.0,0.22975846
15.0,-0.08038908
27.0,0.4328612
15.0,-0.07953254
18.0,-0.12827742
9.0,-0.23854336
9.0,-0.20357572
45.0,0.080360316
18.0,-0.14743347
21.0,0.09436931
9.0,-0.17820135
12.0,-0.048467327
21.0,0.021808054
18.0,-0.18968482
18.0,-0.15567501
18.0,-0.25254923
15.0,-0.11957302
9.0,-0.17489
18.0,-0.1821953
18.0,-0.19437516
9.0,-0.2004257
9.0,-0.24510993
6.0,-0.18307649
9.0,-0.2136146
12.0,-0.051915042
15.0,-0.03328333
15.0,-0.09532026
9.0,-0.24597293
18.0,-0.15617502
30.0,0.31203768
30.0,0.30706412
18.0,-0.1483642
18.0,-0.18269359
9.0,-0.4281618
18.0,-0.2402836
9.0,-0.35481814
18.0,-0.15593368
9.0,-0.17298044
18.0,-0.08786914
48.0,0.48220044
6.0,-0.13819322
24.0,0.22832718
33.0,0.27371734
33.0,0.6320963
9.0,-0.28071755
18.0,-0.11938619
18.0,-0.2456272
15.0,-0.12630041
18.0,-0.13817877
9.0,-0.1175059
18.0,-0.18536426
18.0,-0.11979465
9.0,-0.17148143
36.0,0.17861702
18.0,-0.2762107
18.0,-0.21015501
9.0,-0.21164276
33.0,0.22721541
9.0,-0.05425295
21.0,0.07043599
9.0,-0.15566735
15.0,-0.08810179
9.0,-0.3576604
18.0,-0.14741732
18.0,-0.15768726
21.0,0.8738342
12.0,-0.12623192
18.0,-0.19083011
9.0,-0.20335108
18.0,-0.20928936
60.0,0.5451962
39.0,0.45260444
15.0,-0.1635824
18.0,-0.19888803
18.0,-0.16228542
9.0,-0.19108349
18.0,-0.21967666
75.0,0.6356213
75.0,1.0810357
12.0,-0.14826009
27.0,0.46817225
9.0,-0.16415451
90.0,0.65088314
18.0,-0.16347772
15.0,-0.008574244
15.0,-0.10275875
48.0,0.41181365
30.0,0.7598861
18.0,-0.13299689
18.0,-0.13524362
75.0,0.62762064
18.0,-0.10580792
18.0,-0.15317532
9.0,-0.28077236
18.0,-0.15481648
9.0,-0.41112942
18.0,-0.20606527
18.0,-0.13113092
9.0,-0.2701279
18.0,-0.1775767
15.0,-0.10356959
15.0,-0.11933183
15.0,-0.11622391
30.0,0.0653298
33.0,0.09860571
9.0,-0.27472523
9.0,-0.31113485
15.0,0.11272176
18.0,-0.20301862
21.0,-0.02631912
24.0,0.20578532
15.0,-0.0609785
18.0,-0.19721696
24.0,0.44404677
15.0,-0.043289054
9.0,-0.36095828
18.0,-0.22661936
15.0,-0.17741261
15.0,-0.22462356
18.0,-0.16610532
60.0,0.36049968
18.0,-0.16270234
21.0,0.028955206
15.0,-0.11978472
12.0,-0.04567531
15.0,-0.10874792
15.0,-0.11762542
18.0,-0.12609304
9.0,-0.22662269
33.0,0.39507544
21.0,0.58665025
48.0,0.44080353
18.0,-0.16099256
9.0,-0.091599055
21.0,-0.062951334
30.0,0.1487031
15.0,-0.12189063
21.0,0.026258435
18.0,-0.15880005
9.0,-0.14260736
18.0,-0.18768306
9.0,-0.13068451
30.0,0.18546548
9.0,-0.23485734
9.0,-0.25580466
15.0,-0.10441185
6.0,-0.18287008
18.0,-0.21131773
30.0,0.5026498
15.0,-0.029971197
27.0,0.38801643
9.0,-0.18857062
15.0,-0.20220438
21.0,0.5360896
48.0,0.31526622
18.0,-0.18980686
9.0,-0.3108059
9.0,-0.18035254
18.0,-0.28493476
18.0,-0.22220217
60.0,0.60544246
15.0,-0.16318977
6.0,-0.15503302
84.0,0.84810364
21.0,0.010597296
9.0,-0.17494364
18.0,-0.14719038
18.0,-0.2109662
66.0,0.7872528
54.0,0.3287709
21.0,0.7662249
12.0,-0.15784892
18.0,-0.14275955
18.0,-0.072151765
21.0,-0.047259595
33.0,0.059778377
6.0,-0.0700263
18.0,-0.36372563
21.0,0.0072448747
15.0,-0.13394009
18.0,-0.19452396
21.0,-0.035632785
18.0,-0.17464271
9.0,-0.37107962
15.0,-0.1486411
15.0,-0.12212695
18.0,-0.15076528
51.0,0.38409603
9.0,-0.27429917
18.0,-0.14890763
9.0,-0.2431492
15.0,-0.02973852
39.0,0.18015184
36.0,0.32009977
18.0,-0.16578017
9.0,-0.32224554
18.0,-0.1956561
15.0,-0.08916112
12.0,-0.16089755
21.0,0.17316905
9.0,-0.28652
69.0,0.66740334
9.0,-0.3665024
18.0,-0.20100918
9.0,-0.16886453
9.0,-0.08184981
9.0,-0.25105503
9.0,-0.27898028
21.0,-0.06394042
15.0,-0.22577259
9.0,-0.19580083
12.0,0.11502632
36.0,0.4006155
18.0,-0.17379358
15.0,-0.096102454
30.0,0.2664686
9.0,-0.20867538
9.0,-0.20734599
33.0,0.2295854
9.0,-0.21439704
30.0,0.5386152
18.0,-0.14407024
18.0,-0.13113447
30.0,0.22397004
18.0,-0.15483655
9.0,-0.09859887
18.0,-0.25389203
39.0,0.17008783
45.0,0.24392459
90.0,0.558804
42.0,0.3224011
18.0,-0.13850199
30.0,0.14461347
48.0,0.3130597
18.0,-0.15227535
42.0,0.29574746
45.0,0.3302037
9.0,-0.25846463
54.0,0.31126946
18.0,-0.18121126
9.0,-0.26165217
30.0,0.5419075
18.0,-0.18524963
18.0,-0.19195761
33.0,0.16601053
18.0,-0.18314315
18.0,-0.17394821
15.0,-0.17957672
18.0,-0.19809876
9.0,-0.25599533
15.0,-0.18273133
18.0,-0.14958948
15.0,0.030460369
12.0,-0.16574897
9.0,-0.26103225
48.0,0.35074764
15.0,-0.13733196
21.0,0.07516075
18.0,-0.25990534
18.0,-0.13813172
9.0,-0.19849944
9.0,-0.14781608
18.0,-0.13673234
9.0,-0.22421059
9.0,-0.34387112
33.0,0.27195737
12.0,-0.12771294
9.0,-0.23201984
15.0,-0.168475
9.0,-0.30578056
18.0,-0.1895819
8.0,-0.123156
9.0,-0.020638786
9.0,-0.26887044
18.0,-0.13792211
30.0,0.4222432
15.0,-0.16115804
45.0,0.29063162
18.0,-0.1440875
15.0,-0.1053463
21.0,-0.053627472
18.0,-0.19266942
21.0,0.1403148
15.0,-0.047421467
18.0,-0.14409038
9.0,-0.15727365
33.0,0.23566054
15.0,-0.13155684
9.0,-0.14168969
9.0,-0.2362581
15.0,-0.20616762
18.0,-0.11647231
9.0,-0.26879066
18.0,-0.13990006
96.0,0.33812663
18.0,-0.14202257
18.0,-0.15085961
18.0,-0.18595044
21.0,-0.061808817
9.0,-0.006966897
18.0,-0.13239972
18.0,-0.10547841
9.0,-0.10213352
18.0,-0.15065229
18.0,-0.06669026
24.0,0.64819515
9.0,-0.312801
12.0,-0.14552136
84.0,0.44708216
42.0,0.18916917
12.0,-0.043164846
6.0,-0.4072169
9.0,-0.24450117
9.0,-0.22565514
9.0,-0.32270217
12.0,-0.14812754
9.0,-0.2225956
18.0,-0.18185386
18.0,-0.17120016
48.0,0.30931056
15.0,-0.08350755
84.0,0.7692809
6.0,-0.16879615
45.0,0.35493836
15.0,-0.09836079
15.0,-0.06316382
6.0,-0.041263293
18.0,-0.16959521
15.0,-0.19759901
84.0,0.75104976
12.0,-0.3570547
9.0,-0.15549059
18.0,-0.19091272
18.0,-0.10542592
21.0,-0.06999902
18.0,-0.18746579
9.0,-0.29064786
9.0,-0.17024043
18.0,-0.15216933
30.0,0.2838512
18.0,-0.14591682
12.0,0.13256451
18.0,-0.17360283
18.0,-0.18555412
30.0,0.42395362
18.0,-0.08457358
18.0,-0.1264254
18.0,-0.1344026
18.0,-0.19402221
15.0,-0.06429022
18.0,-0.14521566
9.0,-0.32062843
9.0,-0.3074368
33.0,0.33142674
9.0,-0.36228806
18.0,-0.18383862
9.0,-0.2509544
9.0,-0.29229173
18.0,-0.20079963
9.0,-0.28652692
18.0,-0.11250648
18.0,-0.1383196
18.0,-0.18344592
12.0,-0.13689312
18.0,-0.13372742
9.0,-0.32717937
45.0,0.3207159
18.0,-0.1955751
15.0,-0.10631696
18.0,-0.1632772
15.0,-0.30102044
15.0,-0.18110172
18.0,-0.104923725
6.0,-0.21856415
15.0,-0.21844767
9.0,-0.30560514
18.0,-0.206906
15.0,-0.08168371
42.0,0.49435577
18.0,-0.21180825
18.0,-0.24632615
18.0,-0.20030321
12.0,-0.17794514
18.0,-0.24208131
18.0,-0.20594904
18.0,-0.18186995
33.0,0.2500718
15.0,-0.006373359
9.0,-0.22214772
15.0,-0.15214272
12.0,-0.18438038
18.0,-0.1907064
18.0,-0.21101306
18.0,-0.14032325
18.0,-0.12045538
15.0,-0.12743807
9.0,-0.10719395
9.0,-0.15201834
18.0,-0.11351795
18.0,-0.15015128
15.0,-0.079328746
12.0,-0.033874966
18.0,-0.15117495
21.0,-0.008454602
18.0,-0.16676398
18.0,-0.18860242
33.0,0.28732723
18.0,-0.18449694
18.0,-0.19393064
18.0,-0.1771047
9.0,-0.25943756
21.0,-0.030333519
21.0,-0.027877668
96.0,0.9161664
15.0,-0.017663872
21.0,0.53222203
9.0,-0.2932381
21.0,0.0075920783
15.0,-0.032848697
15.0,-0.20519356
9.0,-0.08053943
18.0,-0.21097243
21.0,0.055575263
15.0,-0.13110264
9.0,-0.3547301
6.0,-0.28980595
15.0,-0.12989596
6.0,-0.16917965
18.0,-0.1407185
15.0,-0.11134189
21.0,0.09050381
69.0,0.81976265
9.0,-0.34646505
18.0,-0.10770663
78.0,0.5140484
9.0,-0.27466103
54.0,0.13153332
15.0,-0.035821732
18.0,-0.26790798
6.0,-0.15039721
12.0,-0.21330371
18.0,-0.18828206
18.0,-0.15805775
18.0,-0.20739843
9.0,-0.13535726
18.0,-0.12994853
15.0,-0.011628885
15.0,-0.08067819
15.0,-0.034387413
15.0,-0.19877699
18.0,-0.24672407
15.0,-0.2004947
18.0,-0.1762214
33.0,0.25352636
18.0,-0.18932301
33.0,0.27415144
18.0,-0.20340726
42.0,0.62728727
6.0,-0.17893146
33.0,0.8568768
54.0,0.13428384
9.0,-0.33259577
9.0,-0.28956786
18.0,-0.15108834
27.0,0.26055914
18.0,-0.14234984
18.0,-0.19641303
9.0,-0.24018466
75.0,0.70813864
15.0,-0.14667432
18.0,-0.21074218
45.0,0.23168223
18.0,-0.17567268
9.0,-0.3097642
9.0,-0.14288779
18.0,-0.17306341
9.0,-0.1882584
15.0,-0.08750234
30.0,0.19037594
15.0,-0.09468552
18.0,-0.15208629
18.0,-0.12762077
21.0,0.13504788
9.0,-0.120176405
12.0,-0.19179395
12.0,-0.0664697
15.0,-0.11564939
12.0,-0.16120066
33.0,0.4101854
24.0,0.3574342
30.0,0.328097
36.0,0.36646777
9.0,-0.29428953
9.0,-0.08767594
18.0,-0.20387582
69.0,0.6254434
9.0,-0.11358352
18.0,-0.11903259
6.0,-0.051374596
39.0,0.48560086
21.0,-0.06127371
15.0,-0.19708924
9.0,-0.29238555
18.0,-0.1462609
24.0,0.2957463
18.0,-0.14108278
30.0,0.41960803
18.0,-0.29464585
18.0,-0.09822173
18.0,-0.1508524
6.0,-0.16130438
9.0,-0.3386648
6.0,-0.035996586
18.0,-0.23111108
9.0,-0.28546733
12.0,-0.2496109
36.0,0.27509487
18.0,-0.25873598
12.0,-0.09921192
18.0,-0.22169088
18.0,-0.26682794
18.0,-0.21837308
24.0,0.382407
9.0,-0.1620419
21.0,0.026579324
18.0,-0.2070335
12.0,-0.11770848
9.0,-0.16085778
15.0,-0.099395126
9.0,-0.2562027
18.0,-0.20240594
15.0,-0.08270297
18.0,-0.15296824
15.0,-0.22335088
15.0,-0.1615132
18.0,-0.14341745
9.0,-0.22111863
18.0,-0.2060965
9.0,-0.11765647
39.0,0.45516282
21.0,0.73263675
21.0,0.05101721
18.0,-0.20171987
12.0,-0.2727599
21.0,0.039101254
18.0,-0.1120438
18.0,-0.03277575
12.0,-0.2725445
9.0,-0.22616552
9.0,-0.1439769
18.0,-0.17732874
6.0,-0.28733957
30.0,0.39568025
18.0,-0.15266979
24.0,0.593811
6.0,0.015820572
18.0,-0.21085294
90.0,0.7798719
33.0,0.3364181
54.0,0.47876897
51.0,0.36596826
9.0,-0.39159027
18.0,-0.23484994
84.0,0.5606266
9.0,-0.20956492
18.0,-0.17786208
18.0,-0.22382526
18.0,-0.18582065
9.0,-0.39597756
15.0,-0.10428384
60.0,0.44365248
21.0,0.7233288
18.0,-0.15883413
36.0,0.4537302
54.0,0.22571684
6.0,-0.14685561
18.0,-0.20735423
36.0,0.16199787
18.0,-0.089567855
15.0,-0.12905361
18.0,-0.20771106
18.0,-0.16522521
6.0,-0.11604305
18.0,-0.16361655
33.0,0.4267701
18.0,-0.2141227
18.0,-0.21545108
18.0,-0.12860976
15.0,-0.12509581
18.0,-0.15858649
30.0,0.29021797
9.0,-0.33223924
18.0,-0.19482544
6.0,-0.30290768
9.0,-0.268966
6.0,-0.18885717
12.0,-0.0790746
21.0,0.061560873
18.0,-0.17421955
45.0,0.17251407
18.0,-0.21114326
6.0,-0.3536371
15.0,-0.26146525
18.0,-0.20997564
15.0,-0.06624618
60.0,0.47544882
18.0,-0.1543181
18.0,-0.24187927
18.0,-0.23022622
15.0,-0.22853923
18.0,-0.21613398
18.0,-0.14383312
18.0,-0.19420373
9.0,-0.11441591
30.0,0.81324303
18.0,-0.17255203
9.0,-0.14168969
9.0,-0.24091424
18.0,-0.16169223
9.0,-0.16897136
9.0,-0.29069495
18.0,-0.25038818
18.0,-0.15856299
15.0,-0.07387136
18.0,-0.19335267
18.0,-0.122455396
18.0,-0.20359506
6.0,-0.21771236
18.0,-0.15479548
18.0,-0.13861078
15.0,-0.10970644
21.0,0.036034662
60.0,0.70658374
9.0,-0.14868076
9.0,-0.21284375
9.0,-0.30510905
9.0,-0.08121645
39.0,0.5971211
9.0,-0.25657845
9.0,-0.2275871
9.0,-0.2975265
18.0,-0.14725967
15.0,0.11135533
18.0,-0.13056915
15.0,-0.050520815
18.0,-0.13418537
48.0,0.071781956
18.0,-0.17887038
18.0,-0.10785879
12.0,-0.17658518
18.0,-0.1777445
9.0,-0.10482699
18.0,-0.1370447
6.0,-0.0864713
18.0,-0.16727199
18.0,-0.20950988
12.0,0.06684846
30.0,0.861698
18.0,-0.10392655
21.0,0.007389461
15.0,-0.103498004
9.0,-0.21444368
24.0,0.19344465
18.0,-0.25785267
15.0,0.1336768
54.0,0.3990074
18.0,-0.16325611
15.0,-0.19239867
15.0,-0.15040821
18.0,-0.16978548
18.0,-0.22070093
18.0,-0.13035926
18.0,-0.19208024
18.0,-0.13721943
18.0,-0.17945431
9.0,-0.22136164
12.0,-0.13664678
6.0,-0.09492201
18.0,-0.122009955
24.0,0.1962353
18.0,-0.23656288
30.0,0.36915755
18.0,-0.0927634
9.0,-0.2673649
72.0,0.68725634
6.0,0.07302216
9.0,-0.24665888
12.0,-0.16182661
15.0,-0.12184403
18.0,-0.17222694
18.0,-0.15631841
18.0,-0.15026088
12.0,-0.1390636
33.0,0.18436159
9.0,-0.21741757
12.0,-0.17918742
18.0,-0.16127376
9.0,-0.17035952
18.0,-0.19309162
9.0,-0.23160295
75.0,0.62474704
9.0,-0.1548924
18.0,-0.2097209
9.0,-0.35365918
18.0,-0.14066705
18.0,-0.18317254
18.0,-0.14901711
45.0,0.31905007
18.0,-0.15967053
18.0,-0.18346095
18.0,-0.1656305
9.0,-0.29326683
9.0,-0.0763242
15.0,-0.20593369
36.0,0.26429906
18.0,-0.20282352
12.0,-0.17775768
9.0,-0.18711036
9.0,-0.24805954
18.0,-0.15700428
12.0,0.01789298
18.0,-0.16522785
18.0,-0.1445917
15.0,-0.13222603
18.0,-0.14260195
9.0,-0.33890864
15.0,-0.11036019
18.0,-0.2488434
9.0,-0.007591249
66.0,0.5281875
33.0,0.17368123
9.0,-0.31506887
15.0,-0.12814745
15.0,-0.1292334
9.0,-0.20140979
12.0,-0.1463281
21.0,0.038119413
18.0,-0.15252532
60.0,0.5742411
21.0,-0.010780658
9.0,-0.2293575
9.0,-0.07519898
12.0,-0.23217362
9.0,-0.2536871
15.0,-0.107811734
45.0,0.3565053
12.0,-0.17291175
18.0,-0.17318375
18.0,-0.1884031
18.0,-0.13741519
18.0,-0.16328521
15.0,-0.14840013
9.0,-0.12569569
51.0,0.12802358
18.0,-0.17307043
6.0,0.019992823
9.0,-0.30549473
9.0,-0.091063865
18.0,-0.26756185
18.0,-0.14418238
12.0,-0.026855882
6.0,-0.118574925
12.0,-0.16778831
18.0,-0.1760117
9.0,-0.1776549
54.0,0.3790134
9.0,-0.30560765
18.0,-0.18267591
9.0,-0.34822023
6.0,-0.27403948
15.0,-0.06359582
45.0,0.5365274
18.0,-0.18169457
6.0,-0.35834825
78.0,0.808014
18.0,-0.18126567
9.0,-0.100633256
9.0,-0.29266375
15.0,-0.056311373
9.0,-0.30308375
18.0,-0.18812183
9.0,-0.24760829
18.0,-0.046933718
18.0,-0.13628471
18.0,-0.14393063
12.0,-0.18866031
21.0,0.14337632
18.0,-0.25359476
18.0,-0.16536148
9.0,-0.41159186
18.0,-0.11159802
18.0,-0.17775124
9.0,-0.10096636
21.0,0.75918967
66.0,0.3963788
18.0,-0.20334825
15.0,-0.23826753
9.0,-0.17364712
9.0,-0.31075913
18.0,-0.11688091
15.0,-0.09070975
18.0,-0.22008084
12.0,-0.11307739
18.0,-0.15498775
9.0,-0.23923625
12.0,-0.09961371
18.0,-0.16852634
9.0,-0.2627019
18.0,-0.17754348
12.0,-0.13459705
6.0,-0.2628482
18.0,-0.13159493
18.0,-0.189666
15.0,-0.17409064
6.0,-0.051145386
9.0,-0.2725966
15.0,-0.0894196
18.0,-0.25642306
30.0,0.25235966
9.0,-0.27203023
18.0,-0.18817335
18.0,-0.091949575
12.0,-0.13135415
18.0,-0.16073577
15.0,-0.09698425
30.0,0.36264777
18.0,-0.1498609
18.0,-0.17156388
15.0,-0.05674527
18.0,-0.1844845
18.0,-0.09844487
12.0,-0.18418784
90.0,0.7517454
18.0,-0.16313942
18.0,-0.23469254
18.0,-0.18504646
9.0,-0.15930976
12.0,-0.15424791
9.0,-0.23798302
21.0,-0.025825625
9.0,-0.2577232
15.0,-0.1818074
18.0,-0.111307554
18.0,-0.1865005
6.0,-0.08938282
21.0,0.041423056
9.0,-0.24512473
18.0,-0.21751249
18.0,-0.20874748
12.0,-0.09505545
15.0,-0.20366924
45.0,0.6405599
21.0,-0.0054902774
18.0,-0.12197707
9.0,-0.2497292
15.0,-0.091222316
15.0,-0.19249274
9.0,-0.09919041
18.0,-0.18117045
18.0,-0.2222874
12.0,-0.12544653
75.0,0.5571
18.0,-0.1213644
24.0,0.15495731
9.0,-0.341195
18.0,-0.16258642
9.0,-0.31327653
18.0,-0.2299698
33.0,0.25412855
6.0,-0.15704277
18.0,-0.22182417
18.0,-0.17911865
33.0,-0.013204855
18.0,-0.23415895
9.0,-0.18194388
18.0,-0.17166568
12.0,-0.27741027
36.0,0.28123266
18.0,-0.107363954
9.0,-0.24731846
18.0,-0.18480293
72.0,0.6278674
42.0,0.35181528
12.0,-0.12581883
9.0,-0.3208133
9.0,-0.027827287
18.0,-0.12393758
6.0,-0.17459975
15.0,-0.17417315
9.0,-0.22586738
9.0,-0.1748114
18.0,-0.1335735
6.0,-0.19290872
18.0,-0.1283606
33.0,0.27829108
15.0,-0.18234672
12.0,0.0979172
63.0,0.47201678
9.0,-0.11165342
18.0,-0.20297168
18.0,-0.21992154
18.0,-0.14283921
18.0,-0.14912513
18.0,-0.1869025
30.0,0.36838436
9.0,-0.28659856
12.0,-0.24881312
30.0,0.67217803
18.0,-0.19224057
18.0,-0.14617515
18.0,-0.1657763
9.0,-0.28784245
6.0,-0.084734924
9.0,-0.29978862
27.0,0.51831573
18.0,-0.19085622
9.0,-0.26979914
18.0,-0.1836979
21.0,0.023208747
18.0,-0.28584874
6.0,-0.027976828
6.0,-0.10849086
9.0,-0.24486515
18.0,-0.19280085
15.0,-0.04574836
9.0,-0.020533733
18.0,-0.15047918
6.0,-0.1697392
24.0,0.39246914
18.0,-0.10505222
9.0,-0.28884417
12.0,-0.13589777
18.0,-0.13099127
18.0,-0.17079899
21.0,0.850667
15.0,-0.319996
18.0,-0.0994353
15.0,-0.094388776
24.0,0.74349827
15.0,-0.13502494
21.0,0.14451563
9.0,-0.18981044
18.0,-0.10289199
39.0,0.34850806
30.0,0.30686787
33.0,0.22334355
9.0,-0.15447783
15.0,-0.15390873
9.0,-0.15088384
9.0,-0.23548938
12.0,-0.14547253
18.0,-0.20145082
9.0,-0.24571283
6.0,-0.1977944
18.0,-0.12531143
18.0,-0.16159536
18.0,-0.19153398
12.0,-0.094196655
18.0,-0.13147348
18.0,-0.16911253
18.0,-0.12191991
18.0,-0.17008711
21.0,0.13963294
15.0,-0.1997073
9.0,-0.23838334
9.0,-0.435686
18.0,-0.20004907
18.0,-0.26412922
15.0,-0.12107718
18.0,-0.17335948
15.0,-0.082141206
9.0,-0.37050435
9.0,-0.17506099
18.0,-0.1969731
9.0,-0.1381491
21.0,0.034540467
18.0,-0.15776405
18.0,-0.16950536
18.0,-0.16490446
9.0,-0.21730071
18.0,-0.17336553
9.0,-0.13288113
9.0,-0.25010315
12.0,-0.121318035
9.0,-0.08220914
18.0,-0.1678292
18.0,-0.18178682
18.0,-0.13839196
9.0,-0.10931648
18.0,-0.21266137
18.0,-0.13279235
33.0,0.5153126
18.0,-0.12816967
12.0,-0.15658641
9.0,-0.14561427
9.0,-0.39775833
69.0,0.3384249
12.0,-0.20708957
15.0,-0.09981036
21.0,0.041791413
9.0,-0.10091362
15.0,-0.12648216
21.0,0.07954059
18.0,-0.08609146
18.0,-0.15747404
18.0,-0.12284214
15.0,-0.17388423
18.0,-0.21729247
18.0,-0.1755561
30.0,0.4364543
18.0,-0.23391369
90.0,0.8577499
18.0,-0.12808557
9.0,-0.31486553
18.0,-0.19840916
6.0,-0.12219186
6.0,-0.17937976
18.0,-0.04263716
36.0,0.31603402
18.0,-0.15169775
24.0,0.897418
9.0,-0.24421698
9.0,-0.10125666
9.0,-0.23642495
9.0,-0.3706785
6.0,-0.482142
18.0,-0.16243762
30.0,0.5018443
33.0,0.3622191
18.0,-0.14278604
42.0,0.106210135
15.0,-0.112224154
6.0,-0.2625967
18.0,-0.22860925
18.0,-0.16854452
18.0,-0.1394995
30.0,0.36008927
9.0,-0.32489994
18.0,-0.14426799
30.0,0.2710228
15.0,-0.122506276
18.0,-0.2703124
36.0,0.40895674
15.0,-0.1791044
9.0,-0.28959036
30.0,0.14010507
21.0,0.6674653
12.0,-0.096144825
18.0,-0.20445532
18.0,-0.16142051
33.0,0.23691924
18.0,-0.17935579
54.0,0.38360137
15.0,-0.11565849
18.0,-0.13386217
9.0,-0.1232697
18.0,-0.18013772
9.0,-0.12765777
9.0,-0.2478739
18.0,-0.14430402
18.0,-0.16345666
21.0,0.03937136
18.0,-0.22764537
18.0,-0.17638342
18.0,-0.19702
9.0,-0.30631092
9.0,-0.26417002
18.0,-0.15978092
9.0,-0.22800967
21.0,0.71761084
9.0,-0.31549394
9.0,-0.4255557
9.0,-0.116074316
6.0,-0.23673631
18.0,-0.23941754
9.0,-0.26771235
9.0,-0.22755
15.0,-0.14407301
15.0,-0.15212917
18.0,-0.09184716
9.0,-0.14586015
18.0,-0.10337817
15.0,-0.13298802
18.0,-0.23293816
15.0,-0.11956112
12.0,-0.10441203
12.0,-0.113972895
21.0,0.0002692919
12.0,-0.20916755
15.0,-0.13251016
15.0,-0.21398866
18.0,-0.28114784
21.0,-0.090830185
45.0,0.3005792
21.0,0.60187125
30.0,0.2729965
15.0,-0.103994645
15.0,-0.19492795
9.0,-0.3423266
21.0,0.021250885
9.0,-0.38722056
30.0,0.22568229
9.0,-0.2944744
18.0,-0.19458301
18.0,-0.108316965
18.0,-0.25340492
18.0,-0.2597282
36.0,0.23880643
18.0,-0.15849331
18.0,-0.11190314
18.0,-0.1927313
6.0,-0.12027848
21.0,0.14339535
9.0,-0.24363205
9.0,-0.17059404
18.0,-0.107838385
96.0,0.541351
9.0,-0.25002334
18.0,-0.23474191
30.0,0.44638017
42.0,0.26749295
15.0,0.0026731053
9.0,-0.09909605
18.0,-0.22933233
18.0,-0.15639749
9.0,-0.2571829
15.0,-0.0846471
21.0,0.06173585
18.0,-0.13997096
18.0,-0.17783396
18.0,-0.18353875
18.0,-0.2802529
9.0,-0.10141852
18.0,-0.26821727
6.0,-0.2032592
18.0,-0.22263579
18.0,-0.19809568
15.0,-0.10530129
18.0,-0.21845926
18.0,-0.12650304
18.0,-0.17640154
9.0,-0.23085164
15.0,-0.21586274
18.0,-0.17061667
18.0,-0.18554005
33.0,0.28293186
18.0,-0.06488994
18.0,-0.146929
78.0,0.5940944
18.0,-0.2328163
9.0,-0.26677915
9.0,-0.17769776
18.0,-0.22934748
18.0,-0.22142123
6.0,-0.13657606
15.0,-0.17330275
6.0,-0.3040094
18.0,-0.20953733
18.0,-0.3055895
21.0,-0.04588248
9.0,-0.22602242
9.0,-0.2806331
12.0,-0.17340459
9.0,-0.32941207
18.0,-0.19165592
18.0,-0.1538299
6.0,-0.26249748
21.0,0.6700961
9.0,0.17392644
21.0,0.0193473
15.0,-0.17787206
18.0,-0.14421995
6.0,-0.28995275
12.0,-0.17137909
18.0,-0.1679267
18.0,-0.23332983
18.0,-0.14937165
15.0,-0.13624732
27.0,0.47303092
15.0,-0.116998196
12.0,-0.15579675
9.0,-0.23470762
15.0,-0.041360896
15.0,-0.12379288
51.0,0.258111
18.0,-0.27765188
6.0,-0.086226314
21.0,-0.013556578
48.0,0.5434195
15.0,-0.13521281
18.0,-0.16149677
15.0,-0.06739769
18.0,-0.14612697
18.0,-0.18355207
18.0,-0.17591347
48.0,0.3383278
15.0,-0.16207813
9.0,-0.30847153
18.0,-0.15169933
48.0,0.50619286
18.0,-0.22832179
18.0,-0.14065388
9.0,-0.13869232
9.0,-0.22122858
15.0,0.08613908
18.0,-0.08387259
9.0,-0.37821773
18.0,-0.17420064
9.0,-0.2511465
18.0,-0.09896116
15.0,-0.14649948
60.0,0.3118368
75.0,0.7934044
9.0,-0.20215721
30.0,0.37152594
9.0,-0.31098095
18.0,-0.22319505
30.0,0.26669016
18.0,-0.11792436
9.0,-0.3480179
6.0,-0.108676575
6.0,-0.18269451
9.0,-0.2197962
15.0,-0.11097619
18.0,-0.1419851
9.0,-0.20904633
18.0,-0.17490199
18.0,-0.18103218
18.0,-0.2592211
9.0,-0.24090151
18.0,-0.15829465
33.0,0.3842905
9.0,-0.12857503
18.0,-0.14055853
9.0,-0.027680494
18.0,-0.16307493
18.0,-0.1383151
6.0,-0.10888592
12.0,-0.06946411
18.0,-0.10684208
18.0,-0.034639258
9.0,-0.13332172
9.0,-0.20904633
36.0,0.07907462
18.0,-0.14875114
6.0,-0.33341628
18.0,-0.18167995
15.0,-0.16134392
9.0,-0.16632411
45.0,0.02560599
9.0,-0.20836248
18.0,-0.21019652
18.0,-0.26365197
9.0,-0.22472705
12.0,-0.0052743778
9.0,-0.30015576
18.0,-0.2533622
21.0,0.14232069
9.0,-0.034713775
12.0,-0.16800965
18.0,-0.17833675
45.0,0.54415125
18.0,-0.2323804
84.0,0.43627787
18.0,-0.16490479
21.0,0.02790719
18.0,-0.23922081
15.0,-0.089584135
15.0,-0.1560872
9.0,-0.32062328
75.0,0.82451415
18.0,-0.18914759
18.0,-0.15999731
18.0,-0.13383064
18.0,-0.12115182
18.0,-0.16698079
9.0,-0.30098578
18.0,-0.1797377
9.0,-0.2348366
15.0,-0.1786072
9.0,-0.09515584
18.0,-0.14162111
33.0,0.8771273
36.0,0.48212036
15.0,-0.18000683
39.0,0.30523545
18.0,-0.18254486
18.0,-0.1920004
9.0,-0.26335126
90.0,0.5486832
21.0,5.3163094e-06
18.0,-0.29441136
9.0,-0.21482873
18.0,-0.13185573
18.0,-0.062259637
21.0,-0.00454579
6.0,-0.042589992
9.0,-0.24774338
9.0,-0.087017275
18.0,-0.21060714
9.0,-0.06994526
18.0,-0.19129188
27.0,0.38314065
9.0,-0.19114397
18.0,-0.22986558
18.0,-0.15754367
18.0,-0.15064539
9.0,-0.17025466
21.0,0.7136651
9.0,-0.12695323
9.0,-0.2870224
15.0,-0.050636515
27.0,0.44691885
9.0,-0.02027552
12.0,-0.23866875
18.0,-0.12214044
18.0,-0.17038198
9.0,-0.13667218
6.0,-0.06088043
12.0,-0.19251531
9.0,-0.18658999
84.0,0.8613238
15.0,-0.14792413
30.0,0.052894685
18.0,-0.12292391
45.0,0.37268528
18.0,-0.22240762
21.0,-0.019978672
18.0,-0.18621245
48.0,0.31986755
6.0,-0.07018425
6.0,-0.20119336
9.0,-0.256063
9.0,-0.25096616
21.0,0.56919354
15.0,-0.14604844
15.0,-0.09232859
30.0,0.6043328
9.0,-0.25441504
36.0,0.2747661
15.0,-0.19140454
15.0,-0.0440427
15.0,-0.079647966
18.0,-0.07498817
18.0,-0.17203751
18.0,-0.36011243
18.0,-0.23154731
18.0,-0.17858422
18.0,-0.15576592
21.0,0.03557814
6.0,0.24536385
24.0,0.7510447
48.0,0.48024893
21.0,0.084155865
18.0,-0.24075183
15.0,-0.1025956
18.0,-0.20917441
18.0,-0.12631722
18.0,-0.15724745
18.0,-0.15578677
42.0,0.13414578
21.0,-0.028781053
15.0,-0.2086714
9.0,-0.32453534
18.0,-0.12916881
33.0,0.45821786
21.0,-0.030311115
15.0,-0.1406346
9.0,-0.1774984
21.0,0.05880363
21.0,0.056675185
18.0,-0.175798
18.0,-0.19101873
48.0,0.20583099
6.0,-0.21645556
54.0,0.07729702
18.0,-0.16068462
18.0,-0.13637939
6.0,-0.11411709
18.0,-0.19153836
30.0,0.29067278
18.0,-0.15827659
18.0,-0.19144502
18.0,-0.12798487
18.0,-0.20365247
18.0,-0.2165058
12.0,-0.1358406
48.0,0.19770335
15.0,-0.2796181
18.0,-0.13790748
9.0,-0.15808728
18.0,-0.10632393
18.0,-0.10767226
9.0,-0.24195687
18.0,-0.1831907
18.0,-0.12884577
9.0,-0.2570934
18.0,-0.33208457
45.0,0.29295108
18.0,-0.25697923
18.0,-0.15184763
18.0,-0.12717833
36.0,0.2733447
18.0,-0.1106073
12.0,0.022343855
9.0,-0.17453921
18.0,-0.25043
18.0,-0.2499402
9.0,-0.17230542
15.0,-0.13068965
18.0,-0.19369178
30.0,0.279839
9.0,-0.23109895
12.0,-0.13777651
6.0,0.02527144
21.0,0.44291535
24.0,0.47770432
9.0,-0.33160466
18.0,-0.21024841
12.0,-0.027837807
21.0,0.11017943
15.0,-0.09054377
30.0,0.31064463
9.0,-0.20955595
9.0,-0.25174496
12.0,-0.17014523
15.0,-0.041584358
18.0,-0.13751063
18.0,-0.16972765
9.0,-0.19144374
12.0,-0.19499622
18.0,-0.1795868
9.0,-0.33253273
18.0,-0.2177176
9.0,-0.2832806
9.0,-0.22234425
18.0,-0.16741219
30.0,0.37185505
9.0,-0.034926403
12.0,-0.060036857
18.0,-0.2068969
18.0,-0.16004659
33.0,0.24094534
9.0,-0.07468914
18.0,-0.13795206
9.0,-0.11436006
18.0,-0.096382916
18.0,-0.20961656
36.0,0.45529968
18.0,0.013026655
9.0,-0.34586504
9.0,-0.35254666
15.0,-0.046794116
9.0,-0.28143403
6.0,-0.26316586
66.0,0.41071236
18.0,-0.20315637
90.0,0.71386665
9.0,-0.031283315
12.0,-0.14850958
18.0,-0.118501395
18.0,-0.17914134
12.0,-0.10807721
9.0,-0.3039896
18.0,-0.3019719
9.0,-0.26277784
15.0,-0.21944475
15.0,-0.10570574
18.0,-0.17341892
15.0,-0.08609152
9.0,-0.20574413
15.0,-0.11416698
18.0,-0.13856594
18.0,-0.20135382
18.0,-0.18998711
15.0,-0.09480123
9.0,-0.14356989
18.0,-0.22019261
33.0,0.11994272
12.0,-0.0084751155
18.0,-0.22135894
33.0,0.18691047
9.0,-0.219741
18.0,-0.18080805
12.0,-0.12483527
9.0,-0.24518414
54.0,0.42344522
18.0,-0.16605052
9.0,-0.33284897
9.0,-0.27292427
18.0,-0.17246084
15.0,-0.10527979
18.0,-0.158627
42.0,0.28320432
15.0,-0.110843666
21.0,-0.050753154
30.0,0.42813417
18.0,-0.14308411
18.0,-0.13535279
12.0,-0.16378923
24.0,0.2681141
21.0,0.026501799
18.0,-0.15041143
9.0,-0.27124193
6.0,-0.082818836
54.0,0.09463128
18.0,-0.19265032
90.0,0.48756164
24.0,0.22301424
9.0,-0.28635344
15.0,-0.09054577
12.0,-0.20096083
18.0,-0.15438652
18.0,-0.12686789
15.0,-0.07758167
15.0,-0.18716958
9.0,-0.27358493
30.0,0.3556304
12.0,0.13625915
9.0,-0.15854679
18.0,-0.14675274
9.0,-0.20311345
15.0,-0.053959776
18.0,-0.12132419
42.0,0.49468744
18.0,-0.17435394
9.0,-0.23784854
15.0,-0.13495938
27.0,0.4425029
6.0,-0.10535057
18.0,-0.15286037
9.0,-0.19968484
18.0,-0.13271761
9.0,-0.27001083
18.0,-0.2423594
18.0,-0.17457332
18.0,-0.12784652
21.0,-0.018090393
15.0,-0.17906255
9.0,-0.1458084
18.0,-0.17164905
15.0,-0.10999145
12.0,-0.060747936
9.0,-0.41361487
15.0,-0.13575414
18.0,-0.11265838
15.0,-0.0840851
9.0,-0.25148106
9.0,-0.11735587
9.0,-0.35252404
21.0,0.042944167
6.0,-0.05632701
18.0,-0.16851903
15.0,-0.123533234
9.0,-0.32514977
30.0,0.6083428
21.0,-0.11515475
9.0,-0.2309411
18.0,-0.24436387
9.0,-0.3331833
36.0,0.17124538
18.0,-0.14669904
12.0,-0.011081691
12.0,-0.10617621
9.0,-0.17478772
15.0,-0.14331968
30.0,0.26403397
18.0,-0.23947446
18.0,-0.14977837
12.0,0.10502792
18.0,-0.11161667
6.0,-0.07645352
9.0,-0.14062244
33.0,0.41357628
12.0,-0.056230545
12.0,-0.015559274
9.0,-0.22533585
9.0,-0.08022705
6.0,-0.20049585
9.0,-0.25746238
9.0,-0.42840445
9.0,-0.28159273
45.0,0.5068944
9.0,-0.2953049
21.0,0.048700985
15.0,-0.043156963
42.0,0.3245582
9.0,-0.32281914
18.0,-0.15353253
18.0,-0.18275857
33.0,0.20160855
15.0,-0.07948438
15.0,-0.17259277
30.0,0.4542341
36.0,0.3869195
15.0,0.02786267
9.0,-0.16229682
18.0,-0.18542258
6.0,-0.085270055
6.0,-0.36695734
18.0,-0.10176189
9.0,-0.17365839
18.0,-0.1540214
18.0,-0.20817249
36.0,0.27166206
18.0,-0.18593115
6.0,-0.21747574
9.0,-0.13826226
36.0,0.33739752
6.0,-0.17224339
18.0,-0.16765244
18.0,-0.1289265
6.0,-0.114011236
12.0,-0.021179833
18.0,-0.018569088
18.0,-0.18173775
18.0,-0.18572885
12.0,-0.1776996
33.0,0.3437899
15.0,-0.13243394
12.0,-0.21619824
18.0,-0.15958817
18.0,-0.18324505
15.0,-0.18348026
6.0,-0.14234094
18.0,-0.16327539
30.0,0.35192168
21.0,0.16022727
15.0,-0.09487917
18.0,-0.13026385
18.0,-0.22387548
18.0,-0.2091388
18.0,-0.19062534
18.0,-0.21484657
18.0,-0.18333364
30.0,0.8593823
6.0,-0.25637773
33.0,0.28293186
33.0,0.24139303
9.0,-0.31364575
30.0,0.41653886
33.0,0.22999606
6.0,-0.17316237
12.0,-0.14026749
18.0,-0.15682642
9.0,-0.35013735
48.0,0.4485776
18.0,-0.17203788
6.0,-0.17742163
15.0,-0.091952585
9.0,-0.23695187
6.0,-0.12179183
6.0,-0.09597459
90.0,0.59559697
9.0,-0.27156633
18.0,-0.13196538
9.0,-0.18201302
18.0,-0.123926125
18.0,-0.124385945
9.0,-0.3709703
18.0,-0.1681185
9.0,-0.19454382
48.0,0.3817897
18.0,-0.17901781
18.0,-0.15211098
6.0,-0.22482325
9.0,-0.19079082
18.0,-0.17190778
90.0,1.0342041
9.0,-0.18541138
21.0,-0.015821561
6.0,-0.18873839
30.0,0.30210242
9.0,-0.3149315
9.0,-0.1965886
18.0,-0.13661642
21.0,0.104423836
15.0,-0.09784969
9.0,-0.18035828
9.0,-0.082140215
45.0,0.34878755
30.0,0.39687118
18.0,-0.16804995
9.0,-0.16244762
18.0,-0.046933718
18.0,-0.28107667
18.0,-0.21221308
21.0,0.033430636
18.0,-0.15327355
6.0,-0.3106627
45.0,0.25167605
9.0,-0.36062282
39.0,0.34581155
9.0,-0.13475728
18.0,-0.19019301
30.0,0.12078111
18.0,-0.16915147
9.0,-0.13102596
21.0,-0.0037021474
30.0,0.31048703
18.0,-0.15801165
18.0,-0.13061431
8.0,-0.11286924
18.0,-0.23051149
18.0,-0.22057572
15.0,-0.08980821
9.0,-0.11880591
48.0,1.0604299
15.0,0.0149507355
9.0,-0.26034555
33.0,0.3354405
9.0,-0.20918286
9.0,-0.15771171
12.0,-0.052221533
18.0,-0.1694343
36.0,0.23099221
21.0,0.020178188
18.0,-0.22556676
18.0,-0.11320949
15.0,-0.17317696
6.0,-0.27084598
21.0,-0.07046803
18.0,-0.19969057
21.0,0.034524973
18.0,-0.17392464
12.0,-0.1792492
9.0,-0.32724854
9.0,-0.31544778
9.0,-0.32115716
9.0,-0.2536553
18.0,-0.115932725
18.0,-0.16880594
9.0,-0.28098026
12.0,-0.17491822
33.0,0.3547301
9.0,-0.16414796
18.0,-0.13164446
12.0,-0.095538676
18.0,-0.07540059
21.0,-0.0738838
15.0,-0.10312864
15.0,-0.18527612
18.0,-0.24379286
18.0,-0.15068516
30.0,0.47460046
18.0,-0.17079343
9.0,-0.30693918
90.0,0.49830484
33.0,0.28892967
9.0,-0.27150208
18.0,-0.13555035
9.0,-0.27486005
18.0,-0.071858846
8.0,-0.17258967
9.0,-0.19452746
9.0,-0.23913753
15.0,0.004418253
18.0,-0.24678351
45.0,0.2651307
60.0,0.57044446
21.0,0.008276994
15.0,-0.19950977
30.0,0.30841044
9.0,-0.19943373
75.0,0.5781932
18.0,-0.22634563
15.0,-0.08946878
18.0,-0.15849583
15.0,-0.07576003
18.0,-0.21724546
18.0,-0.12661691
18.0,-0.15721422
9.0,-0.2988392
48.0,0.5960863
15.0,-0.14226885
18.0,-0.17999464
9.0,-0.28691658
6.0,-0.26488864
9.0,-0.20089516
36.0,0.20744376
18.0,-0.12711042
15.0,-0.009408089
9.0,-0.28101653
18.0,-0.20030321
90.0,0.71386665
9.0,-0.04121521
54.0,0.43042114
9.0,-0.2521414
18.0,-0.13694306
24.0,0.48795134
18.0,-0.15663387
9.0,-0.36146513
18.0,-0.15320042
6.0,-0.23161247
9.0,-0.23605129
9.0,-0.21345729
15.0,0.010163488
18.0,-0.12604135
18.0,-0.1468403
15.0,0.058531087
9.0,-0.3444257
75.0,0.5534932
18.0,-0.1791128
9.0,-0.24160832
18.0,-0.15901268
15.0,-0.23392001
18.0,-0.14935614
21.0,0.043547243
72.0,0.62286955
18.0,-0.14316249
33.0,0.21516106
30.0,0.5522844
15.0,-0.2452565
21.0,0.03489523
90.0,0.7674736
9.0,-0.1972981
15.0,-0.12944494
33.0,0.51775205
18.0,-0.13383864
15.0,-0.08891739
18.0,-0.19230369
18.0,-0.13940737
18.0,-0.1950378
18.0,-0.17922847
36.0,0.10094915
54.0,0.47839877
15.0,-0.07864115
15.0,-0.0121132685
18.0,-0.18628716
18.0,-0.27872914
9.0,-0.23883922
15.0,-0.2688557
15.0,-0.1734475
6.0,-0.18079174
21.0,0.76046747
9.0,-0.2392078
9.0,-0.17167391
18.0,-0.26549986
48.0,0.18332456
21.0,0.042588413
15.0,-0.32936847
9.0,-0.21515158
18.0,-0.14002424
9.0,-0.1439769
33.0,0.08045003
21.0,0.19297606
18.0,-0.20602924
9.0,-0.32036525
54.0,0.43309414
9.0,-0.09619472
9.0,-0.1626135
9.0,-0.19065009
9.0,-0.10170125
18.0,-0.1842791
12.0,-0.09395205
63.0,0.3665665
21.0,0.0029139866
18.0,-0.1853431
18.0,-0.19563667
12.0,-0.18752614
15.0,-0.20901875
18.0,-0.1651491
18.0,-0.119027704
18.0,-0.118674986
18.0,-0.17082854
18.0,-0.17679042
18.0,-0.20707887
21.0,-0.0698841
18.0,-0.15367061
15.0,-0.18939342
15.0,-0.06335287
9.0,-0.22732913
15.0,-0.13954562
15.0,-0.045759548
9.0,-0.17477416
12.0,-0.09297773
9.0,-0.24437691
9.0,-0.27394876
21.0,0.023084464
30.0,0.29469
21.0,0.12379645
9.0,-0.23819081
18.0,-0.23946774
90.0,0.6268755
9.0,-0.057722006
21.0,0.043118488
6.0,-0.28733957
30.0,0.36331663
33.0,0.3711315
18.0,-0.1964443
15.0,-0.084780365
18.0,-0.15893406
15.0,-0.16954298
18.0,-0.18978399
24.0,0.29148707
6.0,-0.115349256
9.0,-0.21904951
21.0,0.051734626
18.0,-0.15934698
15.0,0.006060821
60.0,0.8408428
21.0,0.05412622
33.0,0.36792666
9.0,-0.14220347
9.0,-0.23343097
18.0,-0.11220306
18.0,-0.15661263
39.0,0.3553464
18.0,-0.13135788
12.0,-0.2076054
18.0,-0.21024434
18.0,-0.16206977
27.0,0.19897068
18.0,-0.14720061
9.0,-0.22546495
9.0,-0.12845005
42.0,0.3201325
18.0,-0.1606595
12.0,-0.23077999
8.0,-0.12400975
15.0,-0.13399127
21.0,0.120268546
18.0,-0.23700485
18.0,-0.19148834
24.0,0.37981543
18.0,-0.13670777
9.0,-0.22262532
6.0,-0.3888512
9.0,-0.21443282
12.0,-0.037807625
15.0,-0.077283755
15.0,-0.034387413
51.0,0.11115258
30.0,0.064838596
18.0,-0.19172215
18.0,-0.1990857
18.0,-0.1735532
18.0,-0.06868193
18.0,-0.2747913
6.0,-0.15622567
51.0,0.5254332
12.0,-0.12226078
18.0,-0.23027627
15.0,-0.07481128
6.0,-0.36271662
18.0,-0.1672471
9.0,-0.13514408
18.0,-0.20143236
9.0,-0.041064195
18.0,-0.12122642
15.0,0.04565978
21.0,0.028075445
21.0,0.00815908
18.0,-0.18877237
9.0,-0.34781778
18.0,-0.15066904
18.0,-0.19774579
18.0,-0.12245232
18.0,-0.1806036
9.0,-0.22454712
9.0,-0.27790174
18.0,-0.2130853
15.0,-0.14519693
12.0,-0.108156025
9.0,-0.21329297
12.0,-0.12984261
54.0,0.41033027
18.0,-0.19806775
36.0,0.746581
15.0,-0.097774945
75.0,1.1334443
9.0,-0.3147405
27.0,0.40301824
18.0,-0.17808652
24.0,0.46681336
9.0,-0.13520691
12.0,-0.3116164
6.0,-0.25735617
21.0,-0.0850345
18.0,-0.17946222
21.0,0.10881237
48.0,0.20766217
27.0,0.43878883
33.0,0.15241851
18.0,-0.12934828
18.0,0.016545154
18.0,-0.19290121
18.0,-0.20179649
18.0,-0.21817496
18.0,-0.08688843
9.0,-0.29030386
21.0,0.0058207437
18.0,-0.23755938
15.0,-0.1586673
48.0,0.3847635
15.0,-0.09262756
18.0,-0.15895697
18.0,-0.12059379
12.0,-0.17920595
18.0,-0.14961946
21.0,0.55460966
9.0,-0.29017672
30.0,0.38609436
18.0,-0.14944768
15.0,-0.10600224
9.0,-0.19899634
18.0,-0.19653246
30.0,0.6150804
18.0,-0.21590003
15.0,-0.06902326
15.0,-0.08487868
6.0,-0.22266278
18.0,-0.1715939
9.0,-0.24524948
9.0,-0.1927469
15.0,-0.08448153
15.0,-0.13622522
18.0,-0.10104856
9.0,-0.27367952
12.0,-0.25600663
18.0,-0.2271954
18.0,-0.19478042
15.0,-0.19845816
6.0,-0.36271662
9.0,-0.14412017
15.0,-0.1497906
18.0,-0.22733605
48.0,0.26622653
18.0,-0.15790996
42.0,0.31784976
36.0,0.1567968
18.0,-0.164355
18.0,-0.16755265
9.0,-0.24931341
15.0,-0.0792374
9.0,-0.25849292
15.0,-0.045327008
15.0,-0.13961165
18.0,-0.16420832
9.0,-0.06453049
18.0,-0.14751121
15.0,-0.17922284
6.0,-0.09844852
18.0,-0.18386512
6.0,-0.23170987
15.0,-0.055910226
15.0,-0.11083528
9.0,-0.25086161
24.0,0.52255285
21.0,0.036319584
21.0,-0.031206902
18.0,-0.17712347
18.0,-0.16360322
90.0,0.48660523
18.0,-0.21496943
12.0,-0.076743715
18.0,-0.14417371
9.0,-0.20540965
18.0,-0.17519957
18.0,-0.18300904
9.0,-0.27429917
9.0,-0.12787497
18.0,-0.17486274
6.0,-0.21747842
18.0,-0.16868441
18.0,-0.19175178
6.0,-0.3878104
18.0,-0.20710072
15.0,-0.0863881
9.0,-0.13319266
9.0,-0.35336384
21.0,0.0067843148
6.0,-0.17807928
18.0,-0.10960091
15.0,-0.031461287
51.0,0.37378192
9.0,-0.10127296
18.0,-0.14607689
9.0,-0.056268204
27.0,0.22753027
15.0,-0.12394724
18.0,-0.21322547
12.0,-0.19584827
42.0,0.35638323
48.0,0.39582387
12.0,-0.05074112
9.0,-0.1852495
18.0,-0.122336484
30.0,0.06167367
60.0,1.0485352
15.0,-0.103509076
9.0,-0.29519138
21.0,0.04163032
9.0,-0.113031454
42.0,0.41543695
33.0,0.3258602
9.0,-0.31322128
9.0,-0.29478475
9.0,-0.25314373
9.0,-0.19439636
18.0,-0.1652919
36.0,0.44147718
9.0,-0.2396936
9.0,-0.18693288
18.0,-0.1293627
18.0,-0.17780487
18.0,-0.19706339
6.0,-0.12964877
9.0,-0.17802233
18.0,-0.14577067
15.0,-0.18556014
9.0,-0.20789193
9.0,-0.39052582
18.0,-0.13877709
6.0,-0.16967404
18.0,-0.20442556
18.0,-0.17421998
9.0,-0.18604575
18.0,-0.17972612
39.0,0.40710407
18.0,-0.17078912
12.0,-0.19338147
15.0,-0.12073879
9.0,-0.36881542
18.0,-0.16759004
33.0,0.06927658
27.0,0.39403427
18.0,-0.18601461
18.0,-0.22969142
33.0,0.25117284
15.0,-0.23861052
12.0,-0.17220208
42.0,0.22194192
27.0,0.35863537
18.0,-0.20578052
18.0,-0.1295985
18.0,-0.13546331
6.0,-0.037542433
18.0,-0.19783132
15.0,-0.22905184
9.0,-0.33784997
9.0,-0.32382292
6.0,-0.2312601
9.0,-0.16836843
18.0,-0.1249231
12.0,-0.23286837
15.0,-0.07331535
18.0,-0.20743446
6.0,-0.1434812
18.0,-0.20721345
18.0,-0.13059777
12.0,-0.17011666
12.0,-0.11603222
33.0,0.28634515
18.0,-0.28014243
15.0,-0.2647019
9.0,-0.15933222
18.0,-0.13667376
18.0,-0.18397777
18.0,-0.14874513
18.0,-0.22143453
9.0,-0.3223237
18.0,-0.11287402
12.0,-0.13769853
15.0,-0.11445148
18.0,-0.21279892
6.0,-0.24809033
9.0,-0.17420498
9.0,-0.14052522
36.0,0.38176358
9.0,-0.25064883
15.0,-0.11450878
24.0,0.077450715
24.0,0.4079994
33.0,0.23688976
24.0,0.20102043
18.0,-0.14411137
9.0,-0.2905014
6.0,-0.1735977
18.0,-0.21072032
6.0,-0.11644228
18.0,-0.18711437
12.0,-0.14369221
9.0,-0.12514594
9.0,-0.23350292
84.0,1.1649926
9.0,-0.15748668
12.0,0.124254666
9.0,-0.1973423
18.0,-0.2308063
18.0,-0.16065966
9.0,-0.200543
15.0,-0.2288529
21.0,-0.021543736
42.0,0.1681605
9.0,-0.3327378
30.0,0.14567877
12.0,-0.030543605
9.0,-0.31507993
9.0,-0.15310092
9.0,-0.29193634
18.0,-0.13949293
21.0,0.025977984
9.0,-0.06486951
24.0,0.2686984
15.0,-0.23115194
96.0,0.38727635
24.0,0.3213116
15.0,-0.12943752
9.0,-0.32453534
18.0,-0.18850157
18.0,-0.17505075
15.0,-0.10336733
9.0,-0.11615417
18.0,-0.15100986
9.0,-0.2413153
18.0,-0.13816997
45.0,0.3740933
24.0,0.54932773
33.0,0.6530604
30.0,0.5770807
9.0,-0.32980162
18.0,-0.17181852
9.0,-0.28267044
60.0,0.4236295
21.0,0.07114037
18.0,-0.17927434
12.0,-0.15716088
9.0,-0.27382404
15.0,-0.08306498
18.0,-0.17442921
15.0,-0.1863248
15.0,-0.21063058
18.0,-0.14004584
45.0,0.062496103
6.0,-0.14072394
15.0,-0.13169453
24.0,0.40631053
18.0,-0.20069583
18.0,-0.17806567
15.0,-0.10031333
30.0,0.52197146
12.0,-0.14913638
18.0,-0.18960327
9.0,-0.33047155
45.0,0.16082911
15.0,-0.013938461
18.0,-0.15696767
15.0,-0.06586656
15.0,-0.14958003
18.0,-0.18868728
45.0,0.3335457
18.0,-0.122003525
9.0,-0.21157509
33.0,0.3107932
45.0,0.39298382
18.0,-0.20523141
9.0,-0.17878617
9.0,-0.1509192
9.0,-0.27593645
15.0,-0.06835798
18.0,-0.19041182
8.0,-0.12400975
18.0,-0.15519278
9.0,-0.23797293
33.0,0.11979957
18.0,-0.13691573
15.0,-0.07362548
21.0,-0.059787154
18.0,-0.24275112
6.0,-0.36382794
15.0,-0.18533437
18.0,-0.16144207
9.0,-0.2202132
45.0,0.25110757
18.0,-0.15768582
33.0,0.085902505
18.0,-0.18607354
15.0,-0.17178884
9.0,-0.36208373
33.0,0.12762308
30.0,0.21378519
18.0,-0.15465738
15.0,-0.12443445
9.0,-0.3291798
9.0,-0.34809533
30.0,0.4160023
18.0,-0.21856725
21.0,0.12516741
18.0,-0.18136513
9.0,-0.17884104
15.0,-0.13874795
9.0,-0.28064972
90.0,0.6923423
18.0,-0.1792428
18.0,-0.18377854
6.0,-0.02562739
18.0,-0.20272335
18.0,-0.16475075
9.0,-0.20463647
15.0,-0.09715013
9.0,-0.29372954
15.0,-0.15307687
18.0,-0.14404856
18.0,-0.18224938
15.0,-0.22519787
18.0,-0.19002391
9.0,-0.2932735
18.0,-0.15177304
18.0,-0.17211668
18.0,-0.26628542
9.0,-0.121693484
75.0,0.6692647
6.0,0.096864395
18.0,-0.10279572
21.0,0.07320972
18.0,-0.18452848
9.0,-0.16480018
18.0,-0.18903133
9.0,-0.234744
9.0,-0.30647343
18.0,-0.16208299
18.0,-0.113625325
45.0,0.21484564
9.0,-0.30465794
21.0,0.058362983
18.0,-0.20064172
21.0,0.15108521
18.0,-0.13362652
18.0,-0.19385965
9.0,-0.15623076
15.0,-0.08557237
18.0,-0.17659435
45.0,0.15516405
12.0,-0.13388215
18.0,-0.22599167
9.0,-0.19470827
12.0,-0.19209957
18.0,-0.12324909
30.0,0.28051874
9.0,-0.36663264
18.0,-0.24111973
15.0,-0.23535854
12.0,-0.19046071
15.0,-0.29108962
9.0,-0.24725479
15.0,-0.19922039
87.0,0.33358195
21.0,0.54223186
39.0,0.40038735
18.0,-0.20540798
18.0,-0.24213122
18.0,-0.15176311
9.0,-0.18530276
9.0,-0.31322816
54.0,0.15826775
48.0,0.49142385
18.0,-0.25906917
18.0,-0.12678497
6.0,-0.10164593
18.0,-0.17142507
9.0,-0.18236141
9.0,-0.13651678
18.0,-0.1996899
15.0,-0.16581312
18.0,-0.23915878
9.0,-0.26644534
24.0,0.2180606
9.0,-0.19115359
51.0,0.09365734
12.0,-0.15958297
18.0,-0.21469992
9.0,-0.13314392
15.0,-0.07362344
33.0,0.4224033
45.0,-0.033834398
9.0,-0.1451946
9.0,-0.2970031
9.0,-0.27024797
30.0,0.422438
18.0,-0.14282851
18.0,-0.16470313
30.0,0.48549438
24.0,0.2157079
9.0,-0.15057224
15.0,-0.14966351
18.0,-0.2976455
21.0,0.019556168
18.0,-0.22107549
18.0,-0.17014927
18.0,-0.1379911
18.0,-0.20595336
21.0,0.08682828
15.0,-0.08298287
36.0,0.4106239
21.0,0.16224149
18.0,-0.18238212
18.0,-0.17390837
6.0,-0.21523954
9.0,-0.32439938
9.0,-0.16135219
18.0,-0.148896
9.0,-0.27324954
48.0,0.085700646
18.0,-0.24238744
18.0,-0.19386952
18.0,-0.1381919
18.0,-0.17373644
33.0,0.20988823
33.0,0.27960953
18.0,-0.30241308
18.0,-0.18034045
12.0,-0.047449034
18.0,-0.15084246
30.0,0.30214858
42.0,0.35952905
30.0,0.050865915
9.0,-0.24324997
36.0,0.45361453
9.0,-0.09263935
12.0,-0.26228222
21.0,0.049238924
60.0,0.52663916
18.0,-0.20102577
12.0,-0.16124362
60.0,0.2472893
18.0,-0.21112107
18.0,-0.21446612
9.0,-0.19905524
9.0,-0.19740298
36.0,0.55083513
9.0,-0.220055
9.0,-0.20104417
9.0,-0.3291681
9.0,-0.31280234
18.0,-0.18708517
30.0,0.27940795
15.0,-0.16892698
6.0,-0.3473549
15.0,-0.009456959
18.0,-0.16811357
21.0,0.036481034
12.0,-0.26783186
21.0,-0.013941222
21.0,0.118235655
54.0,0.31733203
9.0,-0.06381552
15.0,-0.14005403
9.0,-0.35843408
78.0,0.5281409
33.0,0.26432538
12.0,-0.18120621
24.0,0.3861046
9.0,-0.3287986
36.0,0.28248918
30.0,0.38009408
9.0,-0.23161364
6.0,-0.011848472
9.0,-0.17878617
15.0,-0.08669955
9.0,-0.21653625
42.0,0.06582537
18.0,-0.30487248
18.0,-0.26209915
18.0,-0.24841057
21.0,0.0025961106
15.0,-0.11542963
48.0,0.36180934
15.0,-0.1865594
9.0,-0.19156402
15.0,-0.103569545
48.0,0.63040584
12.0,-0.10530532
33.0,0.1528729
15.0,-0.16957183
9.0,-0.2707838
9.0,-0.16102947
18.0,-0.06162828
9.0,-0.2382722
15.0,-0.20178625
30.0,0.4289599
15.0,-0.18115087
18.0,-0.1617964
18.0,-0.122498855
9.0,-0.24254441
9.0,-0.26766208
75.0,0.7000995
45.0,0.23118159
15.0,-0.05251183
18.0,-0.08087608
33.0,0.17085545
48.0,0.33773702
48.0,0.28431997
18.0,-0.17387766
18.0,-0.20237415
15.0,-0.27465087
9.0,-0.17333084
18.0,-0.20801713
9.0,-0.24799389
12.0,-0.15264964
15.0,-0.17014174
39.0,0.14430273
90.0,0.47668058
54.0,0.20607086
6.0,-0.05724968
9.0,-0.24519773
18.0,-0.15503442
9.0,-0.24676776
12.0,-0.21764602
12.0,-0.122677565
18.0,-0.112142436
12.0,-0.15602487
21.0,0.08246326
12.0,0.016467677
6.0,-0.04712017
30.0,0.9893815
18.0,-0.1343617
15.0,0.008150847
18.0,-0.13000374
42.0,0.38143405
18.0,-0.20746014
18.0,-0.1552169
30.0,0.82672554
18.0,-0.15565816
15.0,-0.06647385
9.0,-0.25933385
9.0,-0.20830272
18.0,-0.18066949
18.0,-0.16657014
15.0,-0.13486432
12.0,-0.18014754
6.0,-0.32024756
18.0,-0.14394718
9.0,-0.14781088
18.0,-0.13427942
9.0,-0.2594971
6.0,-0.2656752
18.0,-0.23917206
39.0,0.37176198
24.0,0.7776223
9.0,-0.24521387
18.0,-0.22006014
6.0,-0.34849066
18.0,-0.20967913
18.0,-0.09609795
30.0,0.17224224
18.0,-0.20798583
18.0,-0.19275816
9.0,-0.07165054
21.0,0.331479
18.0,-0.15617502
9.0,-0.18862754
30.0,0.42069113
30.0,0.2925972
21.0,0.04280087
18.0,-0.2001703
9.0,-0.3218042
9.0,-0.17014743
15.0,-0.10945581
15.0,-0.20718503
18.0,-0.18994175
9.0,-0.1157709
84.0,0.52681786
36.0,0.31444743
9.0,-0.21620914
18.0,-0.16149789
6.0,-0.16046655
12.0,-0.08834205
63.0,0.3950934
18.0,-0.15431502
9.0,-0.08625725
21.0,0.03674392
33.0,0.26297036
18.0,-0.14561222
69.0,0.76163775
18.0,-0.1291043
9.0,0.022441408
21.0,-0.003248545
18.0,-0.15161552
21.0,0.04809425
12.0,-0.02421461
9.0,-0.21999039
18.0,-0.14532714
15.0,-0.10831983
18.0,-0.23343836
15.0,-0.07935271
18.0,-0.26687893
24.0,0.22287712
18.0,-0.14478077
9.0,-0.15261367
18.0,-0.15259276
66.0,0.34282556
9.0,-0.32555538
15.0,-0.18343367
18.0,-0.15253648
9.0,-0.2243805
9.0,-0.21988378
15.0,-0.063230135
9.0,-0.15762714
9.0,-0.18256566
9.0,-0.30098704
9.0,-0.17595768
18.0,-0.19579475
33.0,0.1373956
9.0,-0.22511844
21.0,0.053963475
21.0,-0.060143027
9.0,-0.30536544
9.0,-0.2684811
15.0,-0.14710447
21.0,0.16327675
18.0,-0.12778184
15.0,-0.12724248
33.0,0.26781222
15.0,-0.09859267
9.0,-0.25728583
18.0,-0.23452725
12.0,-0.15515335
42.0,0.33138585
18.0,-0.18497613
6.0,-0.4966238
15.0,-0.28186545
9.0,-0.1323992
6.0,-0.128901
9.0,-0.2685994
54.0,0.5045126
6.0,-0.37323588
18.0,-0.1759677
12.0,-0.12144786
21.0,0.11107147
66.0,0.8918232
15.0,-0.11368788
18.0,-0.16513303
21.0,0.20704408
6.0,-0.21759623
27.0,0.518501
6.0,-0.07827582
24.0,0.36734807
78.0,0.8326226
18.0,-0.27840576
9.0,-0.2939215
12.0,-0.16207388
100.0,0.59357023
21.0,0.10644671
9.0,-0.28727493
30.0,0.0842917
18.0,-0.19805342
9.0,-0.16530637
18.0,-0.12085118
6.0,-0.15936007
21.0,0.16632658
15.0,-0.1839876
15.0,-0.06366702
9.0,-0.2137354
48.0,0.39349514
12.0,-0.13440678
12.0,-0.15287192
18.0,-0.19183546
9.0,-0.17285675
18.0,-0.22374815
45.0,0.11075578
12.0,-0.12984951
9.0,-0.2554357
18.0,-0.16916569
15.0,-0.031306874
18.0,-0.13719591
12.0,-0.2021195
30.0,0.045962535
66.0,0.37476158
12.0,-0.07546881
9.0,-0.15810217
18.0,-0.18216145
18.0,-0.11967476
18.0,-0.100721024
15.0,-0.14084135
18.0,-0.19030955
48.0,0.35504204
18.0,-0.17721742
9.0,-0.222108
18.0,-0.16759948
18.0,-0.18958654
9.0,-0.1529175
9.0,-0.17817259
18.0,-0.16485277
18.0,-0.22307113
18.0,-0.18230586
18.0,-0.2522787
6.0,-0.05721117
12.0,-0.2480597
6.0,-0.011371573
18.0,-0.21684153
15.0,-0.07738339
6.0,-0.1728895
36.0,0.56280375
15.0,-0.10610845
18.0,-0.16891946
18.0,-0.14691772
12.0,0.100009836
15.0,-0.07077811
21.0,-0.017840028
18.0,-0.15129395
9.0,-0.3047203
18.0,-0.12436567
18.0,-0.13527615
87.0,0.75129616
21.0,0.08288606
9.0,-0.31385452
18.0,-0.0510859
6.0,-0.17514428
12.0,-0.08704842
30.0,0.3890384
18.0,-0.10142089
9.0,-0.28420922
6.0,-0.046980575
9.0,-0.37531984
18.0,-0.14731629
21.0,0.080305666
18.0,-0.19588365
9.0,-0.27476826
24.0,0.50776535
18.0,-0.317834
21.0,0.019962275
9.0,-0.23231459
9.0,-0.1551661
9.0,-0.121682785
6.0,-0.12110488
18.0,-0.22161146
9.0,-0.29064852
9.0,-0.3306367
18.0,-0.16877446
18.0,-0.14150757
18.0,-0.14536037
21.0,0.009316236
15.0,-0.21503267
9.0,-0.2539268
9.0,-0.32007638
15.0,-0.10384274
15.0,-0.15331
45.0,0.57845503
18.0,-0.17479807
39.0,0.20715058
18.0,-0.24606222
18.0,-0.18618578
18.0,-0.1299912
18.0,-0.13623825
15.0,-0.08676613
15.0,-0.14357126
9.0,-0.24421428
15.0,-0.015218791
9.0,-0.30014127
9.0,-0.18681556
12.0,-0.16754407
15.0,-0.081257254
15.0,-0.11225033
9.0,-0.13187897
18.0,-0.15744774
12.0,-0.14907037
48.0,0.5040475
18.0,-0.17847443
9.0,-0.17444642
18.0,-0.1874791
15.0,-0.19006762
18.0,-0.14484112
18.0,-0.12876655
18.0,-0.13719591
18.0,-0.14492942
12.0,-0.20213209
18.0,-0.14139423
18.0,-0.15107957
6.0,-0.3006748
12.0,-0.12803704
33.0,0.22347154
18.0,-0.19772254
18.0,-0.21812485
51.0,0.3931181
18.0,-0.17172626
16.0,0.06468259
21.0,-0.02092878
15.0,-0.1265079
9.0,-0.27257088
15.0,-0.09459543
12.0,-0.09213673
12.0,-0.1873273
9.0,-0.2411378
9.0,-0.07484481
18.0,-0.16331524
15.0,-0.11093693
18.0,-0.08748878
27.0,0.4052871
21.0,0.030875182
9.0,-0.23763189
18.0,-0.18340407
9.0,-0.24759744
18.0,-0.18229748
12.0,-0.123476334
33.0,0.072255805
15.0,-0.19040625
12.0,-0.021224992
6.0,-0.24834502
9.0,-0.3341213
15.0,-0.11905365
21.0,0.047680736
9.0,-0.28000817
93.0,0.8241532
18.0,-0.17802915
18.0,-0.15541092
12.0,-0.21394043
18.0,-0.24296561
18.0,-0.20478243
18.0,-0.17499293
12.0,-0.04972258
9.0,-0.34205005
9.0,-0.14247134
30.0,0.20962195
18.0,-0.19197144
78.0,0.7724559
9.0,-0.3555159
54.0,0.39005867
9.0,-0.2928841
6.0,-0.110945895
18.0,-0.1658486
9.0,-0.24618751
69.0,0.6272366
9.0,-0.26619396
12.0,-0.13638727
21.0,0.71725476
18.0,-0.11735768
24.0,0.3123009
54.0,0.27961648
18.0,-0.0991938
18.0,-0.17098409
6.0,-0.13202819
33.0,0.5875034
18.0,-0.14348222
9.0,-0.16839112
18.0,-0.150072
9.0,-0.28076488
9.0,-0.26537666
6.0,-0.09058424
18.0,-0.16108127
9.0,-0.18234384
30.0,0.37518242
15.0,-0.13222195
18.0,-0.15524653
9.0,-0.24472839
15.0,-0.2400327
6.0,-0.3908856
21.0,-0.055630546
9.0,-0.24358113
12.0,-0.17177264
18.0,-0.22703955
36.0,0.33117235
18.0,-0.12237001
9.0,-0.21274853
12.0,-0.35751012
39.0,0.38041523
12.0,-0.11272099
30.0,0.36802858
6.0,-0.122163445
9.0,-0.32057035
9.0,-0.18412612
15.0,-0.041984618
9.0,-0.29790655
12.0,-0.122005954
21.0,0.059646826
36.0,0.3022035
18.0,-0.16613795
18.0,-0.26349798
15.0,-0.13159023
15.0,-0.18737069
72.0,0.6886498
21.0,0.1660555
9.0,-0.3803619
9.0,-0.24222475
18.0,-0.17623883
9.0,-0.22263014
18.0,-0.18048404
18.0,-0.18316665
30.0,0.53231496
18.0,-0.22161841
9.0,-0.088192984
18.0,-0.2880502
18.0,-0.15020171
9.0,-0.10817925
9.0,-0.30981487
18.0,-0.26306704
6.0,-0.09042118
9.0,-0.25913408
24.0,0.33035848
15.0,-0.09864325
9.0,-0.2179122
18.0,-0.22146636
12.0,-0.15727347
15.0,-0.21023205
18.0,-0.14639494
84.0,0.55187184
18.0,-0.19896635
18.0,-0.15169658
6.0,-0.12058436
18.0,-0.21385533
9.0,-0.12138164
9.0,-0.081232525
18.0,-0.14419585
6.0,-0.13810259
9.0,-0.1927159
30.0,0.3304928
15.0,-0.10698873
18.0,-0.17555797
75.0,0.17769162
15.0,-0.106867746
15.0,-0.1792343
9.0,-0.19847833
18.0,-0.151645
9.0,-0.22904745
18.0,-0.16440651
15.0,-0.26154694
12.0,-0.16791724
30.0,0.23312086
24.0,0.21744326
15.0,-0.14155394
9.0,-0.26717278
36.0,0.24378233
18.0,-0.14662024
6.0,-0.23489866
30.0,0.3492884
18.0,-0.18521075
15.0,-0.073253274
6.0,-0.1702598
15.0,-0.12334728
18.0,-0.18180892
69.0,0.6157775
6.0,-0.2165117
15.0,-0.17509937
9.0,-0.32556087
9.0,-0.2582528
24.0,0.5838209
18.0,-0.19415742
6.0,-0.17092048
9.0,-0.25587443
15.0,-0.10246612
18.0,-0.20756356
30.0,0.28905642
9.0,-0.24364443
12.0,-0.2998778
9.0,-0.441198
12.0,-0.08581097
24.0,0.4428488
18.0,-0.16432945
6.0,-0.1845082
18.0,-0.13811702
18.0,-0.16732118
9.0,-0.12807764
18.0,-0.14820005
18.0,-0.1685326
15.0,-0.034314644
12.0,-0.16649503
18.0,-0.1904491
18.0,-0.16146524
12.0,-0.1022201
24.0,0.35283226
9.0,-0.17302984
18.0,-0.20108671
18.0,-0.21336798
9.0,-0.10086385
18.0,-0.18273592
9.0,-0.10390457
60.0,0.6659158
18.0,-0.137567
15.0,-0.059131067
9.0,-0.19847752
12.0,-0.011112789
18.0,-0.17190064
90.0,0.6226804
15.0,-0.09651688
18.0,-0.20350714
15.0,-0.157639
21.0,-0.0003603387
39.0,0.35129073
18.0,-0.13708344
9.0,-0.1022747
18.0,-0.14727025
18.0,-0.1349916
18.0,-0.20274362
12.0,-0.03246468
9.0,-0.37452686
54.0,0.17704706
12.0,-0.16151866
6.0,-0.27338302
9.0,-0.2215001
21.0,-0.04417153
18.0,-0.23640339
27.0,0.61700666
18.0,-0.21850817
51.0,0.158031
33.0,0.32058987
18.0,-0.20097469
18.0,-0.10890211
24.0,0.39895117
30.0,0.3815806
18.0,-0.21097718
9.0,-0.26649243
15.0,-0.21659426
18.0,-0.31934434
9.0,-0.35822642
9.0,-0.26454142
9.0,-0.27519783
15.0,-0.12629503
18.0,-0.13551213
12.0,-0.10704713
6.0,-0.09275807
18.0,-0.15281282
9.0,-0.272516
15.0,-0.06786992
18.0,-0.22945136
15.0,-0.19725515
21.0,0.06340671
15.0,-0.10511342
12.0,-0.048788138
21.0,0.065054
21.0,0.48522964
42.0,0.021754209
27.0,0.25588456
18.0,-0.17070888
12.0,-0.18756966
18.0,-0.10949179
18.0,-0.20338283
15.0,-0.1376749
18.0,-0.2225245
42.0,0.37370396
18.0,-0.19198158
15.0,-0.17465988
18.0,-0.112499535
15.0,-0.24625295
12.0,-0.17706618
18.0,-0.17333035
18.0,-0.15084994
18.0,-0.30467594
15.0,-0.13421513
21.0,0.023740346
15.0,-0.08750185
9.0,-0.26599878
9.0,-0.13031703
12.0,-0.06402314
18.0,-0.23038988
21.0,-0.056297984
9.0,-0.24742894
9.0,-0.31174904
18.0,-0.14313765
12.0,-0.18248591
9.0,-0.27011287
9.0,-0.29349536
9.0,-0.31839412
12.0,0.15893225
63.0,0.533779
18.0,-0.18911034
18.0,-0.19625106
9.0,-0.22996978
21.0,0.5593923
9.0,-0.19320604
51.0,0.23245583
9.0,-0.30064312
45.0,0.11550098
15.0,-0.042338524
18.0,-0.11950483
18.0,-0.20043887
9.0,-0.01336307
9.0,-0.15345019
15.0,-0.14073199
18.0,-0.14727806
6.0,-0.32639807
18.0,-0.13319094
9.0,-0.26385078
9.0,-0.31766436
15.0,-0.12312369
48.0,0.48896426
18.0,-0.12967445
9.0,-0.26715773
9.0,-0.16134992
36.0,0.34081078
12.0,-0.10160149
9.0,-0.31492177
24.0,0.15450561
18.0,-0.17049764
18.0,-0.14433262
15.0,-0.107552394
18.0,-0.15121624
18.0,-0.19895577
27.0,0.43944892
6.0,-0.14729454
18.0,-0.2453203
12.0,-0.1690746
12.0,-0.07841874
9.0,-0.31644046
6.0,-0.09311222
21.0,0.50847036
18.0,-0.1556284
18.0,-0.19650312
54.0,0.18975158
21.0,-0.018906424
18.0,-0.22814725
15.0,-0.23839048
18.0,-0.14066316
15.0,-0.1778575
27.0,0.28212422
6.0,-0.24988368
36.0,0.431845
9.0,-0.14136854
36.0,0.12141363
60.0,0.48298764
9.0,-0.0664365
6.0,-0.36238354
9.0,-0.21603414
54.0,0.35249227
15.0,-0.22041275
36.0,0.35676235
18.0,-0.22637562
54.0,0.14288297
15.0,-0.09901672
48.0,0.27147454
18.0,-0.22728533
9.0,-0.27448344
21.0,0.24843062
21.0,-0.045101438
18.0,-0.15297954
12.0,-0.21547434
9.0,-0.14464158
9.0,-0.3365741
9.0,-0.23252878
9.0,-0.1885964
18.0,-0.13858446
9.0,-0.288349
15.0,0.012344414
24.0,0.18440925
9.0,-0.16287026
18.0,-0.16707611
15.0,-0.18298917
18.0,-0.1743177
15.0,-0.12902014
18.0,-0.16780666
18.0,-0.17011487
15.0,-0.0054350956
18.0,-0.1456741
45.0,0.16843751
18.0,-0.22049583
15.0,-0.057505764
9.0,-0.17302984
9.0,-0.23192021
18.0,-0.17621818
6.0,-0.17983763
21.0,0.03402229
18.0,-0.19120453
18.0,-0.16216655
18.0,-0.07597521
18.0,-0.12343824
18.0,-0.17558295
15.0,0.013986991
18.0,-0.17417012
18.0,-0.13691351
18.0,-0.16677064
33.0,0.24740165
30.0,0.40044355
33.0,0.24741799
15.0,-0.048606336
33.0,0.37663487
24.0,0.33644617
9.0,-0.2645235
18.0,-0.10467916
15.0,-0.14735955
15.0,-0.05342255
18.0,-0.16029716
18.0,-0.15460868
18.0,-0.13777138
18.0,-0.10496042
18.0,-0.2191739
36.0,0.36616683
12.0,-0.2240983
9.0,-0.1351246
18.0,-0.19623482
45.0,0.4304725
9.0,-0.3397593
18.0,-0.14597219
36.0,0.1394708
18.0,-0.1630109
6.0,-0.063024
18.0,-0.20305008
15.0,-0.18900067
18.0,-0.17799929
30.0,0.37277883
18.0,-0.202818
18.0,-0.17399025
18.0,-0.11658819
18.0,-0.15578574
21.0,0.81455535
21.0,0.039435185
18.0,-0.15505274
33.0,0.28594533
18.0,-0.25249726
21.0,0.028592357
18.0,-0.18687767
9.0,-0.16572252
18.0,-0.17623042
6.0,-0.28700647
15.0,-0.12663125
18.0,-0.19928777
18.0,-0.123833
18.0,-0.142322
18.0,-0.18849972
6.0,-0.30734745
18.0,-0.22399923
18.0,-0.14558697
15.0,0.11537484
18.0,-0.2225086
15.0,-0.046737622
9.0,-0.1974597
27.0,0.24572492
18.0,-0.17461413
18.0,-0.17151104
9.0,-0.2842834
18.0,-0.16811715
42.0,0.36267456
18.0,-0.16030939
18.0,-0.14399922
9.0,-0.22919089
9.0,-0.16564119
18.0,-0.19790183
18.0,-0.24726743
9.0,-0.32785645
18.0,-0.148053
9.0,-0.22919822
33.0,0.23839292
30.0,0.46674907
21.0,-0.002321762
18.0,-0.2038337
9.0,-0.12087608
18.0,-0.2570185
9.0,-0.28558826
18.0,-0.10987441
18.0,-0.22487393
18.0,-0.14617711
18.0,-0.14913899
18.0,-0.102148704
48.0,0.3230544
12.0,-0.19176115
9.0,-0.12431634
9.0,-0.30449283
18.0,-0.18636899
18.0,-0.13840555
18.0,-0.2481063
9.0,-0.1696548
6.0,-0.13628845
18.0,-0.117704295
15.0,-0.16768725
6.0,-0.09597459
18.0,-0.046933718
18.0,-0.15147913
6.0,-0.13001055
18.0,-0.20636572
18.0,-0.15153213
18.0,-0.16663186
9.0,-0.3201206
30.0,0.23266283
9.0,-0.3075429
18.0,-0.21311429
36.0,0.22489668
12.0,-0.060569175
9.0,-0.15035254
21.0,-0.03605836
12.0,0.05241101
18.0,-0.16351034
18.0,-0.14614806
18.0,-0.201476
12.0,-0.24896899
30.0,0.3394502
9.0,-0.19773766
9.0,-0.35100737
36.0,0.30442357
9.0,-0.17015035
9.0,-0.27896723
6.0,-0.004390617
6.0,-0.36684203
18.0,-0.18792784
18.0,-0.17443524
18.0,-0.17012742
18.0,-0.16206296
9.0,-0.1786469
33.0,0.30374324
9.0,-0.26601413
48.0,0.4085464
12.0,-0.1755717
9.0,-0.036889147
18.0,-0.17424619
48.0,0.31500044
12.0,-0.17984912
18.0,-0.16044398
18.0,-0.21069245
18.0,-0.13017625
18.0,-0.169675
15.0,-0.13639434
9.0,-0.24132805
21.0,0.0082223555
18.0,-0.13100514
18.0,-0.2628863
18.0,-0.19190872
33.0,0.4111971
6.0,-0.37613267
18.0,-0.1667889
15.0,-0.14807568
15.0,-0.13165511
9.0,-0.19716008
18.0,-0.27320534
18.0,-0.08765299
9.0,-0.13292436
9.0,-0.14790036
18.0,-0.19619659
9.0,-0.32241076
18.0,-0.20223133
21.0,0.6119587
9.0,-0.28959036
9.0,-0.2817666
18.0,-0.19204046
36.0,0.5197486
18.0,-0.17266606
18.0,-0.18507533
18.0,-0.21742135
18.0,-0.16719697
18.0,-0.104035586
21.0,0.20135649
18.0,-0.1529917
18.0,-0.15906057
90.0,0.70663375
15.0,-0.14767914
18.0,-0.107264236
9.0,-0.23258492
18.0,-0.110325955
18.0,-0.18517704
33.0,0.27222195
18.0,-0.17763986
9.0,-0.23894979
18.0,-0.19799359
6.0,-0.42127505
33.0,0.27769864
15.0,-0.116546534
39.0,0.116218545
33.0,0.2973904
9.0,-0.3100841
15.0,-0.067838274
18.0,-0.18360396
36.0,0.3052503
18.0,-0.21035971
15.0,-0.13870281
12.0,-0.054392055
18.0,-0.106314264
18.0,-0.18152563
9.0,-0.1397064
18.0,-0.21592356
15.0,-0.13031565
30.0,0.71539897
6.0,-0.26321885
21.0,0.008459437
12.0,-0.11371139
30.0,0.3755004
9.0,-0.34175864
18.0,-0.20522031
9.0,-0.2236007
15.0,-0.07961864
18.0,-0.061572075
15.0,-0.17394143
21.0,0.09293382
15.0,-0.16116425
18.0,-0.17166354
9.0,-0.20793672
18.0,-0.18871735
18.0,-0.14584677
9.0,-0.19642805
48.0,0.2575202
15.0,-0.08749793
9.0,-0.2612058
33.0,0.47089693
9.0,-0.32552066
24.0,0.24512969
18.0,-0.22420298
9.0,-0.26606384
18.0,-0.15528747
21.0,0.7308201
15.0,-0.11091613
21.0,0.018966412
9.0,-0.30851233
18.0,-0.18161722
18.0,-0.23760648
18.0,-0.11011665
18.0,-0.24900657
18.0,-0.17166571
18.0,-0.1825836
18.0,-0.20742562
15.0,-0.056841422
18.0,-0.29309952
18.0,-0.13703333
15.0,-0.08476428
9.0,-0.26200923
9.0,-0.21300977
18.0,-0.17610139
18.0,-0.17505872
18.0,-0.18796542
6.0,-0.015205782
18.0,-0.15115839
18.0,-0.27770767
18.0,-0.11830064
15.0,-0.14841709
15.0,-0.11880266
9.0,-0.33477783
18.0,-0.10850691
9.0,-0.119132675
9.0,-0.3862076
60.0,0.42462215
21.0,0.7525651
9.0,-0.14036955
12.0,-0.32058576
9.0,-0.5460319
18.0,-0.16964571
18.0,-0.16592288
18.0,-0.19889152
12.0,-0.13824156
9.0,-0.2215001
15.0,-0.0958871
45.0,0.5121614
9.0,-0.22148195
30.0,0.27606273
18.0,-0.17748165
18.0,-0.33055863
9.0,-0.13601612
9.0,-0.17067984
6.0,-0.05792098
15.0,-0.12531652
18.0,-0.1459899
18.0,-0.14263129
42.0,0.24299358
33.0,0.45013547
15.0,-0.12300591
15.0,-0.07374526
9.0,-0.1442923
12.0,-0.1668839
18.0,-0.14784643
15.0,-0.0794891
48.0,0.67476004
72.0,0.48439223
24.0,0.19212
6.0,-0.12197564
6.0,-0.19395076
18.0,-0.21271192
18.0,-0.1264626
33.0,0.35219267
21.0,0.026901882
9.0,-0.24604735
12.0,0.13159826
9.0,-0.2759768
15.0,-0.057450134
9.0,-0.16641971
9.0,-0.2982698
33.0,0.27480018
9.0,-0.19956233
18.0,-0.07988923
18.0,-0.17449196
9.0,-0.215117
18.0,-0.24195956
18.0,-0.14824048
30.0,0.37934506
18.0,-0.11595343
30.0,0.097247206
9.0,-0.20661218
18.0,-0.14445895
18.0,-0.22056809
12.0,-0.14633492
18.0,-0.16222215
18.0,-0.18050358
12.0,-0.24292725
9.0,-0.27999243
18.0,-0.17232206
36.0,0.1613599
9.0,-0.13381004
9.0,-0.2862995
9.0,-0.2932962
21.0,0.0623491
45.0,0.17404914
9.0,-0.041185852
9.0,-0.09540315
18.0,-0.14742513
18.0,-0.18234216
15.0,0.02786267
51.0,0.33351848
9.0,-0.20433067
24.0,0.42848426
9.0,-0.16042158
36.0,0.37068397
18.0,-0.20678376
6.0,-0.03268998
48.0,0.45300996
18.0,-0.14498189
21.0,0.0056350273
18.0,-0.17767438
18.0,-0.16054088
9.0,-0.21732429
12.0,-0.17510644
30.0,0.4143182
9.0,-0.17749453
18.0,-0.2275263
18.0,-0.1579704
6.0,-0.21331996
15.0,-0.12747617
42.0,0.30398804
18.0,-0.15856893
9.0,-0.27412763
9.0,-0.29125163
18.0,-0.25805604
54.0,0.18172285
18.0,-0.20795037
9.0,-0.1554718
15.0,-0.05455634
9.0,-0.26343426
15.0,-0.07028431
15.0,-0.12007674
15.0,-0.052323326
15.0,-0.16414641
6.0,-0.04106752
54.0,0.35957006
15.0,-0.10840647
9.0,-0.19027625
9.0,-0.28443626
48.0,0.15617147
18.0,-0.23607966
48.0,0.21029873
30.0,0.58582294
18.0,-0.19690388
18.0,-0.1734489
9.0,-0.24284258
9.0,-0.21683685
9.0,-0.25361496
18.0,-0.16205485
33.0,0.07235115
9.0,-0.26704967
18.0,-0.11920092
18.0,-0.23732357
21.0,0.08935144
18.0,-0.19498271
18.0,-0.1972985
12.0,-0.11233372
18.0,-0.14002307
12.0,-0.16389155
18.0,-0.26965335
18.0,-0.20314774
39.0,0.31349698
9.0,-0.19156402
18.0,-0.19814843
18.0,-0.16449149
18.0,-0.15013821
78.0,0.7571439
15.0,-0.16238874
18.0,-0.2452305
18.0,-0.15963264
15.0,-0.088593215
30.0,0.8206317
18.0,-0.22499077
18.0,-0.1882737
9.0,-0.22999929
9.0,-0.2890987
84.0,0.7450909
18.0,-0.1754807
18.0,-0.15157907
6.0,-0.33842978
15.0,-0.18811604
27.0,0.49233872
21.0,0.6119761
18.0,-0.20119354
12.0,-0.09628812
15.0,-0.102178924
9.0,-0.3011116
18.0,-0.16102129
9.0,-0.24376836
9.0,-0.13374849
18.0,-0.22452201
18.0,-0.20758477
18.0,-0.19720805
12.0,-0.15224786
18.0,-0.1659499
6.0,-0.28499216
9.0,-0.22214778
9.0,-0.3087998
18.0,-0.16600612
18.0,-0.1915754
33.0,0.21371384
12.0,-0.17048082
9.0,-0.25881886
9.0,-0.10296555
15.0,-0.083846316
18.0,-0.17776091
9.0,-0.10096636
18.0,-0.16199385
15.0,-0.14454946
15.0,-0.086768895
18.0,-0.26215002
18.0,-0.27317473
18.0,-0.18195568
18.0,-0.1675348
18.0,-0.17572741
36.0,0.2086227
18.0,-0.16608867
18.0,-0.1634312
15.0,-0.1470078
6.0,-0.15294726
9.0,-0.4229909
15.0,-0.07912527
18.0,-0.20692563
18.0,-0.30363452
30.0,0.15299696
36.0,0.32501507
9.0,-0.08328712
21.0,0.043632884
30.0,0.13660191
36.0,0.2601426
6.0,-0.15992798
18.0,-0.11096837
27.0,0.28023455
9.0,-0.27150208
9.0,-0.3576604
18.0,-0.14776134
12.0,-0.06548306
9.0,-0.2653587
18.0,-0.14119604
6.0,-0.20637742
36.0,0.11125229
18.0,-0.11074259
12.0,0.07959749
18.0,-0.13542463
21.0,0.04453912
15.0,-0.26461938
21.0,0.024532575
24.0,0.4745327
15.0,-0.12092817
18.0,-0.2087283
15.0,-0.2228302
30.0,0.3899942
9.0,-0.27191672
9.0,-0.28219008
9.0,-0.4189191
18.0,-0.18051404
18.0,-0.20911439
12.0,-0.0069094994
18.0,-0.14498512
15.0,-0.17948525
36.0,0.39111367
39.0,0.37420437
12.0,-0.15876037
33.0,0.26671943
9.0,-0.2414992
21.0,-0.004196471
18.0,-0.27426627
21.0,-0.027137887
15.0,-0.01727562
18.0,-0.17364639
18.0,-0.22422542
18.0,-0.15168922
18.0,-0.20028797
15.0,-0.17216982
33.0,0.66367346
9.0,-0.21826832
66.0,0.47175857
18.0,-0.18190126
12.0,-0.20938839
12.0,0.01577489
21.0,0.0303131
18.0,-0.19327809
9.0,-0.12190962
18.0,-0.17085074
15.0,-0.06588195
18.0,-0.29891646
21.0,0.595476
42.0,0.103542164
18.0,-0.15453394
45.0,0.48434046
18.0,-0.21349129
18.0,-0.15000823
33.0,0.32389525
18.0,-0.16090101
15.0,-0.19637153
75.0,0.43863004
18.0,-0.21446207
9.0,-0.26920554
18.0,-0.12719242
9.0,-0.3062728
9.0,-0.18813361
18.0,-0.22347404
9.0,-0.20477654
18.0,-0.14602287
9.0,-0.21660703
12.0,0.091578834
9.0,-0.16981764
18.0,-0.13686855
9.0,-0.2148352
18.0,-0.16741422
9.0,-0.28388524
18.0,-0.19481258
51.0,0.47910267
18.0,-0.14612159
18.0,-0.103498235
9.0,-0.2272457
18.0,-0.18910651
30.0,0.38836038
9.0,-0.21570452
18.0,-0.256061
18.0,-0.21898016
18.0,-0.13428184
21.0,-0.015063215
30.0,0.03196332
9.0,-0.11038727
12.0,-0.23028111
30.0,0.23206674
18.0,-0.17050797
15.0,-0.115443274
6.0,-0.1555924
30.0,0.54188514
6.0,-0.16335674
21.0,0.24287021
18.0,-0.1220298
15.0,-0.10816584
36.0,0.060650628
12.0,-0.22164561
9.0,-0.18330586
27.0,0.34582415
9.0,-0.1389848
9.0,-0.19599105
18.0,-0.16692159
15.0,0.18073674
75.0,0.87177885
18.0,-0.17993382
18.0,-0.15292908
9.0,-0.2518371
18.0,-0.20971139
18.0,-0.25867006
9.0,-0.2574405
18.0,-0.16885442
18.0,-0.25640768
42.0,0.19291908
45.0,0.041233223
36.0,0.3335043
6.0,-0.39277273
18.0,-0.24059825
12.0,-0.13242084
9.0,-0.27995518
9.0,-0.22385497
18.0,-0.23290318
96.0,0.32364607
6.0,-0.0745706
36.0,0.33565044
6.0,-0.06420802
9.0,-0.27323553
21.0,-0.028821023
15.0,-0.08829887
18.0,-0.19112253
9.0,-0.236106
18.0,-0.143926
9.0,-0.2584186
9.0,-0.038605392
9.0,-0.24488187
15.0,-0.10022719
9.0,-0.25439706
9.0,-0.24636632
18.0,-0.17598328
18.0,-0.1753516
15.0,-0.09705864
18.0,-0.2503537
21.0,-0.009397804
9.0,-0.15246116
96.0,0.6700783
18.0,-0.15221664
9.0,-0.18577456
51.0,0.51722795
9.0,0.049019918
9.0,-0.15030394
18.0,-0.040022064
6.0,-0.25601393
15.0,-0.21675834
21.0,0.06165671
18.0,-0.19124596
21.0,0.0049132085
45.0,0.4327329
18.0,-0.2494502
33.0,0.11854423
15.0,0.026111683
12.0,-0.15007117
15.0,-0.099217944
24.0,0.44112104
27.0,0.4482964
33.0,0.32305312
18.0,-0.19963351
18.0,-0.16042756
18.0,-0.23914109
30.0,0.20194332
18.0,-0.23974831
36.0,0.3400555
9.0,-0.23440251
6.0,-0.085900016
18.0,-0.12908089
18.0,-0.12982409
78.0,0.7397506
18.0,-0.19084275
21.0,0.015493344
12.0,-0.06923094
63.0,0.69153035
9.0,-0.10225217
12.0,-0.123886116
9.0,-0.18734784
15.0,-0.14919558
15.0,-0.14932707
51.0,0.40918013
18.0,-0.10228411
21.0,0.039126307
6.0,0.06405425
18.0,-0.27590796
18.0,-0.15998739
18.0,-0.22784223
15.0,-0.046672482
18.0,-0.11551529
18.0,-0.2308525
63.0,0.7080171
30.0,0.2228224
12.0,0.023573129
18.0,-0.2010029
27.0,0.46739972
18.0,-0.12362556
24.0,0.29985762
15.0,-0.17097764
33.0,0.4650464
15.0,-0.10781181
18.0,-0.14015499
9.0,-0.30979392
18.0,-0.20706315
18.0,-0.15687504
48.0,0.4486893
18.0,-0.23898302
33.0,0.3840094
90.0,0.59559697
21.0,-0.027899679
18.0,-0.19441986
21.0,0.018859345
6.0,0.054459907
18.0,-0.1640137
9.0,-0.23861006
9.0,-0.28710148
9.0,-0.30991262
30.0,0.28367928
21.0,-0.036928218
12.0,-0.058072194
9.0,-0.29025942
18.0,-0.13107261
18.0,-0.19797394
15.0,-0.07042031
6.0,-0.066658
12.0,-0.17304993
9.0,-0.19905524
9.0,-0.045139097
18.0,-0.18793148
12.0,-0.09021037
18.0,-0.19692145
18.0,-0.2084301
45.0,0.36636594
9.0,-0.24381104
15.0,-0.20306101
6.0,-0.17246972
15.0,-0.22925757
15.0,-0.17898043
18.0,-0.044964567
48.0,0.15641367
18.0,-0.1299464
18.0,-0.16224927
21.0,0.029205177
9.0,-0.24972701
18.0,-0.14905705
18.0,-0.2294945
9.0,-0.31843358
9.0,-0.35029182
15.0,-0.023458604
12.0,-0.2880606
30.0,0.21945426
9.0,-0.36122158
12.0,-0.28497875
18.0,-0.16172047
12.0,-0.2305362
18.0,-0.14987716
9.0,-0.28000817
9.0,-0.24082392
30.0,0.3048732
9.0,-0.2504901
18.0,-0.19351453
15.0,-0.098200455
15.0,-0.23601045
18.0,-0.17309429
15.0,0.11081986
18.0,-0.15716706
12.0,-0.145924
9.0,-0.33372408
12.0,-0.013429714
21.0,0.58625
18.0,-0.18068357
18.0,-0.18515094
9.0,-0.3624418
21.0,0.51625544
15.0,-0.113473855
15.0,-0.13003781
6.0,0.13387832
9.0,-0.2914589
18.0,-0.19128859
18.0,-0.122975744
9.0,-0.37941495
54.0,0.063837186
9.0,-0.24342354
15.0,0.011125593
12.0,0.1454432
30.0,0.3852287
15.0,-0.19319324
18.0,-0.117363386
6.0,-0.18027695
18.0,-0.17678346
9.0,-0.27104783
9.0,-0.093495086
18.0,-0.13030483
45.0,0.440195
18.0,-0.09122687
33.0,0.45386478
6.0,-0.35986087
60.0,0.7424849
15.0,-0.033761997
15.0,-0.05139222
18.0,-0.19681174
9.0,-0.22263825
18.0,-0.18655254
9.0,-0.30244613
48.0,0.30723557
18.0,-0.20686875
72.0,0.4051569
15.0,-0.11780941
15.0,-0.046503454
18.0,-0.12417102
9.0,-0.17383492
9.0,-0.16527382
15.0,-0.18260151
9.0,-0.29800776
18.0,-0.27414125
9.0,-0.19667052
18.0,-0.19229266
6.0,-0.26195705
21.0,0.115086176
9.0,-0.24316347
75.0,0.7055381
18.0,-0.24775688
9.0,-0.21400827
6.0,-0.34038252
12.0,-0.1614639
12.0,-0.19474854
9.0,-0.2525635
15.0,-0.077199705
9.0,-0.26608706
66.0,0.4418469
15.0,-0.11326541
18.0,-0.103990726
33.0,0.2500718
6.0,-0.17864703
18.0,-0.06801928
18.0,-0.13745509
18.0,-0.17100807
9.0,-0.2048795
18.0,-0.1528256
18.0,-0.19078559
24.0,0.37627086
21.0,0.03506984
18.0,-0.17018445
9.0,-0.18408407
18.0,-0.16989063
9.0,-0.26359743
9.0,-0.27014711
6.0,-0.15553875
21.0,0.019416735
12.0,-0.19505249
18.0,-0.14823025
9.0,-0.24266447
18.0,-0.1757191
9.0,-0.13166448
33.0,0.28594533
9.0,-0.3839118
18.0,-0.16490126
30.0,0.37598327
6.0,-0.1134155
12.0,-0.068549626
21.0,0.109147005
33.0,0.0962866
18.0,-0.17681873
18.0,-0.21046187
9.0,-0.3402617
18.0,-0.14565472
9.0,-0.28640562
18.0,-0.18801546
30.0,0.5855386
15.0,-0.13184017
15.0,-0.026503664
9.0,-0.33408698
21.0,-0.03490859
9.0,-0.32270217
9.0,-0.16520776
18.0,-0.1530672
9.0,-0.2534642
18.0,-0.16120379
45.0,0.42633367
18.0,-0.2055231
33.0,0.14291635
18.0,-0.048127282
12.0,-0.028229246
6.0,-0.08088504
18.0,-0.23581253
18.0,-0.16093494
12.0,-0.27101797
9.0,-0.18956433
15.0,-0.09389841
21.0,0.039961454
33.0,0.3396491
12.0,-0.2580756
18.0,-0.17708053
15.0,-0.25161582
18.0,-0.16186757
18.0,-0.1701247
9.0,-0.012550569
9.0,-0.2649236
18.0,-0.2317438
15.0,-0.14172304
9.0,-0.28868625
6.0,-0.18079174
21.0,0.74030143
18.0,-0.15977295
9.0,-0.13403527
9.0,-0.18050234
15.0,-0.1985598
18.0,-0.17144501
39.0,0.35582185
18.0,-0.20431913
18.0,-0.17276646
18.0,-0.20415965
54.0,0.18671776
18.0,-0.1831322
18.0,-0.18479142
9.0,-0.21716447
15.0,-0.07904245
18.0,-0.17417787
18.0,-0.30088153
18.0,-0.16378716
15.0,-0.14954898
9.0,-0.25297764
18.0,-0.118469894
18.0,-0.21133636
15.0,-0.14131632
18.0,-0.19840312
18.0,-0.22446787
9.0,-0.312172
18.0,-0.06322045
15.0,-0.1315932
12.0,-0.121131904
66.0,0.42698914
15.0,-0.09445944
15.0,-0.112500906
21.0,0.65119773
18.0,-0.15105252
18.0,-0.14404602
6.0,-0.2092254
18.0,-0.12333449
9.0,-0.32071862
9.0,-0.16766465
9.0,-0.32458922
18.0,-0.19045869
18.0,-0.17064977
9.0,-0.1770688
9.0,-0.23620413
18.0,-0.14573662
15.0,-0.0702239
18.0,-0.18571576
18.0,-0.1344289
12.0,-0.18047334
18.0,-0.18850595
6.0,-0.17137097
18.0,-0.3178697
21.0,0.014054717
12.0,-0.22084038
18.0,-0.109332554
9.0,-0.20315309
9.0,-0.26132518
18.0,-0.21139549
9.0,-0.038425263
39.0,0.3581539
12.0,-0.22419007
18.0,-0.19272847
24.0,0.3501359
9.0,-0.21126935
18.0,-0.08839863
18.0,-0.23187283
45.0,0.11798029
60.0,0.6025679
18.0,-0.17912093
21.0,0.029900555
18.0,-0.123134665
9.0,-0.22380312
15.0,-0.039700814
9.0,-0.19103014
18.0,-0.14394033
18.0,-0.25713506
9.0,-0.2777707
18.0,-0.19434422
9.0,-0.27651194
12.0,-0.09136733
9.0,-0.232787
15.0,-0.014261742
21.0,0.02593628
9.0,-0.2600879
36.0,0.44693965
21.0,0.66895497
21.0,0.09881684
9.0,-0.031917308
18.0,-0.19923764
21.0,0.07265323
9.0,-0.25970832
21.0,0.038963098
18.0,-0.15311229
90.0,0.70663375
15.0,-0.09422563
18.0,-0.16611975
9.0,-0.23859802
33.0,0.29414934
6.0,0.0899294
18.0,-0.20801789
9.0,-0.05388591
18.0,-0.12915084
42.0,0.318015
6.0,-0.13700943
18.0,-0.20480795
9.0,-0.2714395
18.0,-0.20267247
15.0,-0.06526864
15.0,-0.1295324
18.0,-0.15049024
36.0,0.4161192
6.0,-0.106407255
18.0,0.007456721
9.0,-0.20334311
15.0,-0.09593143
33.0,0.3331992
9.0,-0.28970352
18.0,-0.21272261
24.0,0.31354904
15.0,-0.24767335
18.0,-0.27674422
18.0,-0.16341457
9.0,-0.25938895
18.0,-0.23525645
60.0,0.49481562
9.0,-0.34106523
9.0,-0.1134291
18.0,-0.15957357
9.0,-0.27409473
18.0,-0.21558122
18.0,-0.11588255
9.0,-0.1092234
15.0,-0.1008096
15.0,-0.13953198
15.0,-0.15260059
15.0,-0.13620172
24.0,0.45965937
21.0,0.16389203
15.0,-0.10216694
18.0,-0.23521198
18.0,-0.2545183
6.0,-0.25696707
21.0,0.07706475
12.0,-0.24630217
6.0,-0.26106846
18.0,-0.14967418
18.0,-0.17673716
24.0,0.32950616
6.0,-0.20431796
30.0,0.17778732
18.0,-0.21530336
18.0,-0.16053994
33.0,0.26101154
9.0,-0.2494202
18.0,-0.1242778
15.0,-0.08656214
39.0,0.5181343
12.0,-0.17213912
9.0,-0.13475728
6.0,0.10327494
15.0,-0.034026686
9.0,-0.16803066
18.0,-0.17047364
6.0,-0.16929677
18.0,-0.16243461
9.0,-0.01850429
18.0,-0.16367584
18.0,-0.15944326
15.0,-0.11894375
18.0,-0.20571707
9.0,-0.013741685
12.0,-0.08937427
6.0,-0.13646932
18.0,-0.15325963
15.0,-0.18092993
18.0,-0.1725373
15.0,-0.035399266
9.0,-0.26182073
33.0,0.17709252
33.0,0.26432538
18.0,-0.17277712
15.0,-0.14640869
9.0,-0.19909184
9.0,-0.28094488
9.0,-0.17563014
18.0,-0.2545267
18.0,-0.18803348
18.0,-0.1603628
18.0,-0.21796127
9.0,-0.26058012
6.0,-0.061113365
27.0,0.5811053
18.0,-0.15756515
9.0,-0.23007779
18.0,-0.1815614
18.0,-0.11573095
18.0,-0.16669226
6.0,-0.17327967
18.0,-0.17097418
18.0,-0.11433856
18.0,-0.16961245
9.0,-0.27223936
6.0,-0.11850143
9.0,-0.29456362
6.0,-0.29146826
18.0,-0.2081626
18.0,-0.2333906
18.0,-0.12244027
18.0,-0.10609221
36.0,0.12008081
9.0,-0.288311
15.0,-0.16564491
9.0,-0.1295566
18.0,-0.18532544
18.0,-0.119351245
18.0,-0.159959
15.0,-0.12806498
18.0,-0.2006114
12.0,-0.099611655
18.0,-0.18821159
6.0,-0.2671067
18.0,-0.16682506
18.0,-0.31267744
15.0,-0.14711125
30.0,0.1829352
12.0,0.048250668
18.0,-0.1782732
9.0,-0.2468229
9.0,-0.23628716
18.0,-0.16813558
15.0,-0.07521601
6.0,-0.11233991
18.0,-0.15403238
15.0,-0.13588955
18.0,-0.09418844
18.0,-0.22621517
9.0,-0.22830684
21.0,-0.044410918
9.0,-0.19116667
21.0,0.017642267
39.0,0.3441234
9.0,-0.24423337
15.0,-0.088193215
18.0,-0.14116168
15.0,-0.27455074
18.0,-0.2113077
15.0,-0.07947812
15.0,-0.18850403
18.0,-0.15120569
18.0,-0.1946488
21.0,-0.055332582
24.0,0.27968732
30.0,0.26974696
18.0,-0.22668768
9.0,-0.21274853
15.0,-0.1823724
18.0,-0.18503048
9.0,-0.30630726
18.0,-0.18193214
6.0,-0.21660258
6.0,-0.052549332
18.0,-0.17501976
60.0,0.78893507
42.0,0.26686612
12.0,-0.17444842
18.0,-0.18912429
30.0,0.30493188
9.0,-0.26122478
18.0,-0.21638833
9.0,-0.3536277
60.0,0.65638083
18.0,-0.15161009
18.0,-0.24875595
18.0,-0.16668293
9.0,-0.20294236
18.0,-0.15084651
15.0,-0.11064213
6.0,-0.31589574
9.0,-0.22381236
18.0,-0.1748304
15.0,-0.032518547
18.0,-0.14820884
6.0,-0.29784846
15.0,-0.06667288
18.0,-0.13354547
9.0,-0.13392428
21.0,0.0056528137
18.0,-0.2285951
18.0,-0.15839921
24.0,0.72227234
18.0,-0.13440502
18.0,-0.18529637
6.0,-0.31534636
6.0,-0.16969058
9.0,-0.21199076
21.0,0.09127145
9.0,-0.1700643
78.0,0.59673536
15.0,-0.08116135
15.0,-0.08393928
6.0,-0.45149994
6.0,-0.23808381
18.0,-0.15281649
24.0,0.3800726
12.0,-0.32387978
18.0,-0.1707014
9.0,-0.16362152
24.0,0.4802729
9.0,-0.15909591
90.0,0.7007744
18.0,-0.11700433
21.0,0.061484102
18.0,-0.2140585
15.0,-0.10265578
21.0,0.009174995
30.0,0.16376553
9.0,-0.34742957
12.0,-0.030413775
21.0,0.03202205
6.0,-0.18079174
18.0,-0.18993218
18.0,-0.18649049
15.0,-0.09715642
18.0,-0.14617439
21.0,0.13082564
18.0,-0.25059968
6.0,-0.16280384
21.0,0.052826315
9.0,-0.17636305
18.0,-0.1938103
9.0,-0.1625305
15.0,-0.119559646
9.0,-0.1260467
15.0,-0.077042595
18.0,-0.14943944
9.0,-0.2503819
18.0,-0.18835175
18.0,-0.11191696
21.0,0.041485045
21.0,-0.04137027
6.0,-0.19697766
21.0,0.06633992
33.0,0.45013514
15.0,0.0004971267
18.0,-0.2194321
9.0,-0.18707715
18.0,-0.1508753
12.0,-0.22964706
15.0,-0.30073395
9.0,-0.24030548
15.0,-0.16780858
15.0,-0.07956531
9.0,-0.38645962
15.0,-0.103047915
9.0,-0.26868108
9.0,-0.320448
60.0,0.63643676
6.0,-0.15294726
12.0,-0.07720339
18.0,-0.14724416
24.0,0.5431268
21.0,0.18767574
9.0,-0.31719482
33.0,0.37733337
18.0,-0.16732602
30.0,0.4101417
30.0,0.46510857
18.0,-0.19372737
12.0,-0.10711773
15.0,-0.12643452
60.0,0.44373322
9.0,-0.19604495
6.0,-0.40322998
9.0,-0.14865527
18.0,-0.18216832
18.0,-0.17480585
18.0,-0.15774557
9.0,-0.2726445
45.0,-0.0074545885
18.0,-0.2095421
9.0,-0.28710088
15.0,-0.053503502
18.0,-0.135026
12.0,-0.14446032
18.0,-0.13729373
33.0,0.10610848
15.0,-0.0130377645
12.0,-0.15443705
18.0,-0.18958874
9.0,-0.23670377
18.0,-0.18808398
39.0,0.29666582
18.0,-0.2267499
18.0,-0.1849522
9.0,-0.20773782
15.0,-0.052479457
12.0,-0.13958722
9.0,-0.25020587
18.0,-0.2482915
9.0,-0.2183876
18.0,-0.18468027
12.0,-0.18787444
12.0,-0.2423276
15.0,-0.07733848
9.0,-0.07183664
9.0,-0.15720734
18.0,-0.17846523
15.0,0.004206504
18.0,-0.16334036
18.0,-0.17576082
48.0,0.15818332
9.0,-0.26320133
6.0,-0.051569115
15.0,-0.07882428
18.0,-0.15933846
9.0,-0.13781862
9.0,-0.32092747
21.0,0.14148553
6.0,-0.18235338
15.0,-0.0787072
18.0,-0.0902624
21.0,0.04557685
12.0,-0.16150336
21.0,0.045312114
9.0,-0.39015162
15.0,-0.05514153
9.0,-0.12728387
6.0,-0.1987513
15.0,-0.013037822
18.0,-0.15308763
66.0,0.21535759
18.0,-0.20917495
18.0,-0.11504879
9.0,-0.25137466
18.0,-0.10745852
30.0,0.357551
39.0,0.3026328
6.0,-0.14410828
18.0,-0.22005801
6.0,0.014060843
6.0,-0.3041547
18.0,-0.15768492
6.0,-0.15912092
15.0,-0.027975302
21.0,0.19068307
9.0,-0.24197343
33.0,0.3107932
21.0,-0.012443452
9.0,-0.27074546
18.0,-0.27112716
9.0,-0.10916544
9.0,-0.2913767
18.0,-0.19142461
9.0,-0.36931843
18.0,-0.16715471
36.0,0.44432876
12.0,-0.1662618
18.0,-0.17765492
6.0,-0.14627026
15.0,-0.10027956
18.0,-0.16898441
18.0,-0.12209273
18.0,-0.16063535
21.0,0.019898623
15.0,-0.1682302
6.0,-0.23465069
18.0,-0.1891423
15.0,-0.060578104
18.0,-0.16486308
9.0,-0.2105154
12.0,-0.15817809
9.0,-0.26658845
18.0,-0.16461432
39.0,0.38662067
9.0,-0.23734587
15.0,-0.19937469
6.0,-0.25985065
18.0,-0.26926452
15.0,-0.10084481
18.0,-0.2563674
15.0,-0.13125575
30.0,0.55789447
18.0,-0.26936954
9.0,-0.21649633
21.0,0.004977155
12.0,-0.14512023
9.0,-0.1633149
105.0,0.5014805
18.0,-0.0627093
54.0,0.31927314
15.0,-0.09670686
33.0,0.591774
15.0,-0.11496365
9.0,-0.28669783
18.0,-0.12881914
12.0,-0.19434495
18.0,-0.13136835
21.0,-0.077976115
18.0,-0.17449407
18.0,-0.16231944
9.0,-0.29454118
18.0,-0.18674046
15.0,-0.17252572
9.0,-0.10091362
15.0,-0.02794554
18.0,-0.20788237
6.0,-0.11814818
21.0,0.53477734
9.0,-0.22725284
9.0,-0.08876536
36.0,0.17143975
9.0,-0.36556962
15.0,-0.107522
15.0,-0.09906301
9.0,-0.32067323
30.0,0.43278712
12.0,-0.1230487
15.0,-0.011054017
9.0,-0.26558325
6.0,-0.1585199
9.0,-0.34113076
18.0,-0.19907022
39.0,0.4049661
30.0,0.26192528
54.0,0.41845563
12.0,-0.19135676
18.0,-0.18559001
54.0,0.36853078
18.0,-0.13946714
30.0,0.4830136
15.0,-0.13101877
72.0,0.499973
15.0,-0.13368726
18.0,-0.17914575
18.0,-0.18305275
15.0,-0.11536662
24.0,0.4477198
30.0,0.07150893
6.0,-0.16623637
9.0,-0.28163153
12.0,0.029210933
36.0,0.50428337
15.0,-0.09519781
12.0,-0.23580375
18.0,-0.17174569
12.0,-0.16457759
15.0,-0.32465345
18.0,-0.2355071
15.0,-0.111861676
18.0,-0.21973763
18.0,-0.1579062
18.0,-0.20346023
12.0,-0.17701954
18.0,-0.17238596
9.0,-0.21893801
15.0,-0.29960114
18.0,-0.11763774
9.0,-0.14417
18.0,-0.13452554
9.0,-0.24423367
18.0,-0.14919609
18.0,-0.18617381
15.0,-0.22229916
24.0,0.5099515
9.0,-0.26701367
6.0,-0.13499354
15.0,-0.24240993
21.0,-0.013595579
30.0,0.30062616
24.0,0.45873252
75.0,0.73527294
6.0,-0.12365906
45.0,0.048651066
33.0,0.32329223
9.0,-0.25706863
15.0,-0.09208412
18.0,-0.17130932
6.0,-0.27422962
15.0,-0.15630226
12.0,-0.062874265
15.0,-0.08958723
18.0,-0.23046406
9.0,-0.20649126
30.0,0.35843402
6.0,-0.3353807
75.0,1.1746314
12.0,-0.041269727
33.0,0.28293186
12.0,0.06429202
24.0,0.29359713
9.0,-0.0741212
9.0,-0.28727493
6.0,-0.20652266
18.0,-0.15620215
15.0,-0.19972025
30.0,0.31522265
9.0,-0.29676813
18.0,-0.14880943
18.0,-0.25404286
21.0,0.025876297
9.0,-0.29383752
9.0,-0.44667724
6.0,-0.104411885
18.0,-0.15740377
33.0,0.11260601
18.0,-0.1776693
9.0,-0.18465263
15.0,0.029699128
30.0,0.24284294
18.0,-0.20758145
21.0,-0.0030276256
9.0,-0.21811292
75.0,0.55839086
30.0,0.2815396
48.0,0.48123294
18.0,-0.26208252
18.0,-0.22135854
18.0,-0.19570892
15.0,-0.16085851
18.0,-0.17600797
18.0,-0.10304595
9.0,-0.35428658
9.0,-0.11443149
9.0,-0.16622494
18.0,-0.103850596
15.0,-0.098381706
15.0,-0.12715481
12.0,-0.17552146
27.0,0.33335647
9.0,-0.26015195
18.0,-0.19360092
18.0,-0.19869323
15.0,-0.12355197
9.0,-0.32271653
9.0,-0.2133766
18.0,-0.15236005
9.0,-0.23640926
6.0,-0.098240554
9.0,-0.33437443
24.0,0.2843975
30.0,0.35378018
9.0,-0.22367729
6.0,0.1006565
18.0,-0.17994301
9.0,-0.22947498
36.0,0.3936882
9.0,-0.16300862
9.0,-0.354536
9.0,-0.26800787
18.0,-0.18701564
9.0,-0.22583672
9.0,-0.22954169
6.0,-0.13448004
9.0,-0.15247017
18.0,-0.14491574
18.0,-0.19149138
18.0,-0.21217084
18.0,-0.15624277
36.0,0.22488447
18.0,-0.13790314
18.0,-0.10579219
9.0,-0.027669547
18.0,-0.15773009
18.0,-0.17857721
15.0,-0.04220278
18.0,-0.1588232
18.0,-0.21222614
18.0,-0.20943275
9.0,-0.11743516
21.0,0.051663436
24.0,0.640075
15.0,-0.08687229
12.0,-0.22573565
18.0,-0.1779402
9.0,-0.30735546
18.0,-0.14269105
15.0,-0.09729836
18.0,-0.1491015
6.0,-0.30915868
9.0,-0.2629407
15.0,-0.107773185
18.0,-0.17371875
18.0,-0.20387137
15.0,-0.11227118
18.0,-0.17342277
15.0,-0.25487053
6.0,-0.085006244
18.0,-0.17794493
9.0,-0.27250156
30.0,0.43852586
18.0,-0.16946582
15.0,-0.069626294
12.0,-0.102674685
18.0,-0.1615285
15.0,-0.16827066
45.0,0.34173748
18.0,-0.15450561
42.0,0.13028944
21.0,0.5942989
18.0,-0.15889402
18.0,-0.1721452
18.0,-0.16747369
15.0,-0.11520967
21.0,0.12472714
15.0,-0.12804346
6.0,-0.1301511
15.0,-0.18253781
12.0,-0.119643055
24.0,0.76443905
45.0,0.5510233
9.0,-0.33794084
18.0,-0.09262413
18.0,-0.15737864
36.0,0.23533729
9.0,-0.16803066
21.0,0.5650219
39.0,0.16748074
21.0,-0.019884372
15.0,0.0059274076
6.0,-0.060685586
90.0,0.5268118
60.0,0.6197837
9.0,-0.32152787
18.0,-0.1803077
12.0,-0.18398443
9.0,-0.31498006
18.0,-0.2472017
6.0,-0.09609809
6.0,-0.41413692
18.0,-0.17099719
6.0,-0.056149323
21.0,0.03697001
9.0,-0.2244036
18.0,-0.24081394
18.0,-0.22143702
12.0,-0.15665281
18.0,-0.15532163
21.0,0.72221816
15.0,-0.08109534
6.0,-0.025361689
6.0,-0.16549924
12.0,-0.20966028
18.0,-0.1223509
24.0,0.97916436
6.0,-0.13213572
18.0,-0.14931592
9.0,-0.14966802
12.0,-0.1795846
33.0,0.3937973
15.0,-0.17743155
21.0,0.066791505
12.0,0.0016969407
18.0,-0.1588744
15.0,-0.12491732
12.0,-0.035753313
12.0,-0.0840402
18.0,-0.1441207
42.0,0.30351532
9.0,-0.111333884
15.0,-0.11588532
18.0,-0.23538233
6.0,-0.15496773
18.0,-0.09519708
15.0,-0.2611375
9.0,-0.30224884
9.0,-0.25962004
18.0,-0.16570982
18.0,-0.12590739
18.0,-0.07020033
36.0,0.32783335
18.0,-0.21439515
15.0,0.0048774425
6.0,-0.2734658
24.0,0.33302855
45.0,0.23011467
15.0,-0.21606898
18.0,-0.17717883
45.0,0.4023012
33.0,0.41543248
9.0,-0.3026624
15.0,-0.09776444
18.0,-0.18106554
30.0,0.5563993
27.0,0.7513333
15.0,-0.17553031
9.0,-0.19700009
18.0,-0.16817868
9.0,-0.13162704
18.0,-0.17734325
30.0,0.26704478
9.0,-0.25071856
45.0,0.6218672
18.0,-0.11064068
18.0,-0.15983886
9.0,-0.19449154
18.0,-0.15278195
24.0,0.4468572
18.0,-0.09153668
9.0,-0.28772432
18.0,-0.17484407
9.0,-0.27195686
21.0,0.7688719
18.0,-0.17650491
21.0,0.08289897
18.0,-0.26958326
12.0,-0.11321555
18.0,-0.24366704
18.0,-0.1810855
21.0,0.65139484
9.0,-0.27835283
18.0,-0.13224491
18.0,-0.15363953
18.0,-0.13268775
12.0,-0.043239824
15.0,-0.07529337
9.0,-0.20847549
30.0,0.45884946
33.0,0.39321253
15.0,-0.14671637
9.0,-0.35829726
15.0,-0.08336721
9.0,-0.116436504
18.0,-0.17750724
9.0,-0.3926925
18.0,-0.23234461
15.0,-0.24082068
15.0,-0.29601398
18.0,-0.18106979
12.0,-0.16698277
33.0,0.682618
18.0,-0.22389448
18.0,-0.17819329
21.0,0.025930712
15.0,-0.093211025
21.0,-0.033919495
9.0,-0.3159101
18.0,-0.19537249
6.0,-0.13639802
33.0,0.47671875
18.0,-0.05007874
18.0,-0.17569555
18.0,-0.23999399
18.0,-0.1322605
6.0,-0.082698226
9.0,-0.27533972
60.0,1.0044755
9.0,-0.38033247
30.0,0.39422965
12.0,-0.23357557
9.0,-0.3681086
12.0,-0.2150058
21.0,0.06259387
15.0,-0.08751663
18.0,-0.17782967
18.0,-0.19954386
6.0,-0.26440004
9.0,-0.17769776
15.0,-0.16035007
18.0,-0.11256338
45.0,0.3862717
15.0,-0.028610095
30.0,0.4359538
9.0,-0.29838392
12.0,-0.19161989
18.0,-0.1538716
18.0,-0.1709586
15.0,-0.073436804
18.0,-0.23044193
15.0,-0.104896404
9.0,-0.19163899
9.0,-0.25647888
33.0,0.26037633
9.0,-0.2067296
18.0,-0.130873
18.0,-0.13262576
9.0,-0.18487671
18.0,-0.13946404
9.0,-0.27439716
15.0,-0.09889761
18.0,-0.1824031
18.0,-0.18111584
15.0,-0.054887626
27.0,0.33743495
6.0,-0.15380695
9.0,-0.34119153
18.0,-0.13044758
60.0,0.38060027
9.0,-0.20332906
42.0,0.28339225
9.0,-0.25019002
9.0,-0.1721548
9.0,-0.24504206
45.0,0.45060247
18.0,-0.2221345
18.0,-0.17435838
18.0,-0.14538221
9.0,-0.2570368
9.0,-0.17162134
48.0,0.24392556
9.0,-0.1333214
18.0,-0.20973444
21.0,0.0030806782
15.0,-0.015063035
12.0,-0.23365846
18.0,-0.25336
33.0,0.2500718
18.0,-0.25388366
9.0,-0.18299529
18.0,-0.15240246
18.0,-0.12536898
6.0,-0.06783168
12.0,-0.20123558
33.0,0.58521336
15.0,-0.047115263
21.0,0.07835279
9.0,-0.2996745
18.0,-0.18914491
15.0,-0.090743884
6.0,-0.14225172
18.0,-0.19852988
15.0,-0.14421055
18.0,-0.14766715
9.0,-0.12860827
9.0,-0.20820901
30.0,0.27576518
18.0,-0.20101836
18.0,-0.16638413
39.0,0.44829524
33.0,0.4975007
15.0,-0.076520376
18.0,-0.14997356
18.0,-0.15865117
9.0,-0.19308026
18.0,-0.096496195
18.0,-0.15615433
54.0,0.21910127
18.0,-0.18975176
18.0,-0.17831092
21.0,0.11549083
15.0,-0.18797952
9.0,-0.18323994
12.0,-0.26549682
9.0,-0.25748092
18.0,-0.18111603
15.0,-0.08966291
30.0,0.8189254
18.0,-0.12813833
33.0,0.34966514
18.0,-0.28493088
21.0,0.13437095
9.0,-0.1566632
18.0,-0.09429911
18.0,-0.18430953
18.0,-0.18571465
18.0,-0.1689374
15.0,-0.16497564
24.0,0.46715102
18.0,-0.13845913
15.0,-0.13738926
18.0,-0.21579114
18.0,-0.24720575
18.0,-0.18680586
6.0,-0.06932914
33.0,0.27516332
9.0,-0.25551665
9.0,-0.22730143
12.0,-0.16872786
18.0,-0.2185122
18.0,-0.18600859
9.0,-0.25987053
15.0,-0.11162573
9.0,-0.24713686
18.0,-0.15787143
15.0,-0.062049907
12.0,-0.14594896
18.0,-0.1127126
9.0,-0.17843808
15.0,-0.07313025
36.0,0.4090906
6.0,-0.28976697
9.0,-0.39988214
18.0,-0.1557364
9.0,-0.24177518
18.0,-0.14936148
15.0,-0.03798813
6.0,-0.34763402
15.0,-0.08798699
18.0,-0.20350587
18.0,-0.18186532
9.0,-0.11777454
39.0,0.3695654
18.0,-0.12476057
15.0,-0.18606403
9.0,-0.25409105
60.0,0.5039647
48.0,0.33640844
21.0,0.61232036
18.0,-0.178867
18.0,-0.12003187
18.0,-0.1377577
18.0,-0.20828664
18.0,-0.24273178
45.0,0.2600049
9.0,-0.2747023
60.0,0.7156014
18.0,-0.21439862
9.0,-0.28206295
18.0,-0.16303346
15.0,-0.1365645
9.0,-0.3310498
21.0,0.101500645
15.0,-0.09886845
6.0,-0.06146274
18.0,-0.15637417
90.0,0.36196035
18.0,-0.16625951
24.0,0.19467579
42.0,0.22138122
30.0,0.45784944
15.0,-0.12062763
9.0,-0.09919041
9.0,-0.33590657
84.0,0.48316032
9.0,-0.1798421
18.0,-0.15766482
9.0,-0.31154442
18.0,-0.29939738
9.0,-0.31385452
18.0,-0.124415874
18.0,-0.14969689
21.0,-0.05497148
75.0,0.66088885
18.0,-0.14921068
42.0,0.4349696
18.0,-0.104342975
9.0,-0.19027041
18.0,-0.18001567
9.0,-0.16017707
9.0,-0.27748907
6.0,-0.14688317
90.0,0.6988445
18.0,-0.16585924
9.0,-0.1163525
18.0,-0.2185322
18.0,-0.12882793
18.0,-0.13080607
18.0,-0.108677775
9.0,-0.29810944
18.0,-0.16532275
42.0,0.34938514
18.0,-0.20552383
9.0,-0.2140443
15.0,-0.045075636
15.0,-0.08867945
18.0,-0.1753641
9.0,-0.31265736
18.0,-0.16427134
30.0,0.3505188
30.0,0.4649047
18.0,-0.14817937
18.0,-0.2050935
75.0,0.749683
21.0,0.11844088
9.0,-0.30594555
18.0,-0.11289658
18.0,-0.19238895
6.0,-0.13646932
18.0,-0.15438883
15.0,-0.08528116
45.0,0.29414782
9.0,-0.3110564
6.0,-0.3291676
9.0,-0.3052284
51.0,0.25522828
9.0,-0.24065469
24.0,0.38980633
12.0,-0.23524973
9.0,-0.31530523
9.0,-0.23497874
9.0,-0.262768
9.0,-0.24324997
9.0,-0.12342629
18.0,-0.27261353
33.0,0.2838544
18.0,-0.121168554
21.0,0.05423327
18.0,-0.2347171
18.0,-0.17830919
6.0,-0.077580504
12.0,-0.18813331
18.0,-0.14125472
12.0,-0.17630278
9.0,-0.26792997
12.0,-0.19804503
18.0,-0.14855218
42.0,0.028710878
6.0,0.058256764
18.0,-0.18028255
18.0,-0.11525931
9.0,-0.25960952
18.0,-0.23361576
15.0,-0.06425801
15.0,-0.06907297
18.0,-0.1670701
9.0,-0.25427246
18.0,-0.16314797
18.0,-0.1949114
18.0,-0.16193478
9.0,-0.27405286
18.0,-0.18481027
18.0,-0.20991075
9.0,-0.36639714
9.0,-0.2192375
6.0,0.09634801
33.0,0.4255638
12.0,0.013600436
12.0,-0.06528561
9.0,-0.19447747
42.0,0.31570542
30.0,0.14920904
18.0,-0.19733028
9.0,-0.14199416
9.0,-0.3427605
21.0,0.8816745
18.0,-0.19124171
18.0,-0.12094141
18.0,-0.21590003
9.0,-0.22308527
18.0,-0.20903914
6.0,-0.093119234
18.0,-0.19976246
66.0,0.75040805
36.0,0.1877378
18.0,-0.14162058
15.0,0.002353354
15.0,-0.095437154
18.0,-0.119957075
18.0,-0.19930738
15.0,-0.09726493
9.0,-0.14914863
9.0,-0.28767994
9.0,-0.24391253
9.0,-0.10349851
18.0,-0.14465603
18.0,-0.17115338
9.0,-0.114698626
18.0,-0.10087248
15.0,-0.12251668
15.0,-0.064112626
18.0,-0.13578624
18.0,-0.19509205
21.0,-0.017681425
6.0,-0.14389135
18.0,-0.14043684
12.0,-0.03291837
18.0,-0.14493228
9.0,-0.39641345
48.0,0.3720776
18.0,-0.18868531
9.0,-0.285012
6.0,-0.30015576
24.0,0.55327296
15.0,-0.16965714
21.0,0.05675586
30.0,0.6952901
15.0,-0.16952878
18.0,-0.21377914
18.0,-0.23929685
18.0,-0.12094649
18.0,-0.17938691
18.0,-0.17799929
21.0,-0.03126261
6.0,-0.18921769
18.0,-0.21019049
24.0,0.28288433
18.0,-0.12342261
18.0,-0.23820719
9.0,-0.20374186
18.0,-0.2513848
18.0,-0.12777679
21.0,0.036051147
27.0,0.3573083
9.0,-0.23234177
15.0,-0.20451105
18.0,-0.2028982
18.0,-0.1502242
18.0,-0.22117023
84.0,0.7179897
15.0,-0.07106953
9.0,-0.23784173
63.0,0.74127895
21.0,0.114874564
18.0,-0.18281756
9.0,-0.22970827
6.0,-0.09434124
15.0,-0.14095268
18.0,-0.13374211
51.0,0.16986898
18.0,-0.14637439
9.0,-0.07075417
6.0,-0.09155513
39.0,0.2572022
15.0,-0.1990473
15.0,-0.054859757
9.0,-0.31537098
9.0,-0.29477105
9.0,-0.29775533
15.0,-0.09700439
9.0,-0.2628189
18.0,-0.21342097
36.0,0.37303647
18.0,-0.08629003
18.0,-0.21467002
9.0,-0.13315919
96.0,0.47204334
15.0,-0.102697544
9.0,-0.1929511
6.0,-0.60459346
18.0,-0.1446194
27.0,0.34686324
6.0,-0.27490452
9.0,-0.28931433
18.0,-0.17191912
18.0,-0.22124247
15.0,-0.12846206
18.0,-0.039596558
9.0,-0.25669992
6.0,-0.120203994
18.0,-0.13337041
9.0,-0.11250514
18.0,-0.18643978
18.0,-0.19269165
33.0,0.44999492
18.0,-0.17876138
18.0,-0.19401579
12.0,-0.07537771
9.0,-0.34248117
6.0,-0.35299483
18.0,-0.1530521
12.0,0.09071355
9.0,-0.29000726
18.0,-0.24422307
12.0,-0.16132824
9.0,-0.32276618
9.0,-0.21215561
15.0,0.057183743
15.0,-0.2268013
36.0,0.31553346
6.0,-0.15217797
63.0,0.7042756
15.0,-0.13315259
27.0,0.5828578
33.0,0.55434227
9.0,-0.16352785
18.0,-0.19151498
18.0,-0.18694067
15.0,-0.22444935
9.0,-0.24590643
15.0,-0.03349699
15.0,-0.14512603
9.0,-0.25341898
18.0,-0.1358737
18.0,-0.040382594
36.0,0.27153546
18.0,-0.22065167
9.0,-0.22506219
27.0,0.5932529
39.0,0.52629054
18.0,-0.22487718
6.0,-0.20612933
21.0,0.05086627
24.0,0.3645314
15.0,-0.060940415
18.0,-0.16222861
33.0,0.23967078
33.0,0.3033347
18.0,-0.1759316
51.0,0.14727056
18.0,-0.14949083
36.0,0.2723656
15.0,-0.11824342
9.0,-0.24458757
9.0,-0.20138687
21.0,0.09551869
18.0,-0.05010136
9.0,-0.13269353
75.0,0.48231164
15.0,-0.08523499
15.0,-0.121764585
12.0,-0.18132932
21.0,-0.029819436
9.0,-0.19690838
15.0,-0.11596716
42.0,0.14181244
18.0,-0.27264592
15.0,0.006552736
6.0,-0.06877413
12.0,-0.02900174
24.0,0.51180696
12.0,-0.08088136
15.0,-0.09067342
21.0,0.071656406
9.0,-0.26229152
18.0,-0.21372707
33.0,0.53852856
9.0,-0.12581609
12.0,0.16249402
45.0,0.1279755
18.0,-0.13153853
18.0,-0.19481033
18.0,-0.16660114
6.0,-0.1058403
90.0,0.6849583
18.0,-0.16409594
33.0,0.26759806
18.0,-0.14148371
18.0,-0.2632254
9.0,-0.078332454
9.0,-0.20211041
18.0,-0.17817812
9.0,-0.3624509
9.0,-0.22687423
9.0,-0.22377482
9.0,-0.14498755
9.0,-0.28557616
9.0,-0.3485687
18.0,-0.20563447
9.0,-0.1773815
18.0,-0.1736579
18.0,-0.22269185
27.0,0.38207182
9.0,-0.25491595
84.0,0.8633171
48.0,0.27453494
9.0,-0.29050374
9.0,-0.34168527
9.0,-0.07060233
9.0,-0.1366805
21.0,0.029810285
33.0,0.60908896
21.0,-0.019161787
9.0,0.0067357603
18.0,-0.15473254
9.0,-0.081232525
18.0,-0.2501592
18.0,-0.1644255
18.0,-0.14661506
9.0,-0.17228171
9.0,-0.285359
33.0,0.18285605
20.0,-0.04694761
9.0,-0.14772375
18.0,-0.15301065
9.0,-0.2575907
15.0,-0.16948955
9.0,-0.037449356
9.0,-0.22277923
6.0,-0.14833334
18.0,-0.16881117
9.0,-0.17935202
9.0,-0.2544904
18.0,-0.12492413
18.0,-0.1704331
18.0,-0.19098511
18.0,-0.17212771
18.0,-0.14914533
6.0,-0.07414253
30.0,0.3420643
9.0,-0.3117921
18.0,-0.27614963
9.0,-0.2569371
6.0,-0.075930305
12.0,-0.105879016
15.0,-0.10343185
27.0,0.32980335
18.0,-0.18682024
18.0,-0.26755318
18.0,-0.16110066
18.0,-0.13428444
9.0,-0.26822537
27.0,0.24563126
21.0,-0.015586335
9.0,-0.12845005
18.0,-0.21677706
6.0,-0.21046169
18.0,-0.13451816
9.0,-0.27588803
33.0,0.46126825
18.0,-0.20156857
9.0,-0.27674767
18.0,-0.1743952
45.0,0.14719842
18.0,-0.16646288
18.0,-0.19370466
15.0,-0.056504726
18.0,-0.20031507
18.0,-0.15145403
12.0,-0.15822811
66.0,0.3482456
9.0,-0.17901903
18.0,-0.19060591
18.0,-0.14678034
36.0,0.2566755
18.0,-0.15312527
18.0,-0.16711602
60.0,0.58880687
18.0,-0.13734037
9.0,-0.23569544
12.0,-0.12108684
90.0,0.6988445
9.0,-0.32813838
30.0,0.11210261
12.0,-0.013887132
18.0,-0.17736982
9.0,0.05439138
18.0,-0.1821237
48.0,0.26034185
45.0,0.44438937
21.0,0.07028607
18.0,-0.24087813
18.0,-0.12180924
18.0,-0.20995285
18.0,-0.14842089
18.0,-0.23744874
54.0,0.10459427
18.0,-0.1933394
15.0,-0.1609213
18.0,-0.14577253
18.0,-0.121325955
21.0,-0.12356245
9.0,-0.21240619
33.0,0.3216345
18.0,-0.15304339
9.0,-0.22405231
6.0,-0.271985
9.0,-0.14849372
9.0,-0.27390367
18.0,-0.21350208
18.0,-0.13918403
18.0,-0.22750407
18.0,-0.143243
18.0,-0.18709488
15.0,-0.14128456
15.0,-0.21630144
75.0,0.42472744
18.0,-0.13440695
18.0,-0.18008135
15.0,-0.21213919
9.0,-0.22279777
72.0,0.50045514
12.0,-0.062251497
18.0,-0.23189992
15.0,-0.10200178
18.0,-0.18066543
15.0,-0.1580669
18.0,-0.13292523
18.0,-0.16488832
18.0,-0.10261345
15.0,-0.25479764
18.0,-0.19953592
9.0,-0.17174807
12.0,0.121850796
18.0,-0.18125358
18.0,-0.11164179
15.0,-0.07102232
21.0,0.8728266
12.0,-0.21456397
18.0,-0.143914
18.0,-0.15861061
15.0,-0.12598488
9.0,-0.118781276
18.0,-0.19657908
9.0,-0.2824675
18.0,-0.08996134
9.0,-0.37430778
54.0,0.18005231
21.0,0.00029917926
18.0,-0.21166085
18.0,-0.034151673
12.0,-0.07696871
9.0,-0.27707
27.0,0.4917403
15.0,-0.105591275
9.0,-0.13233747
18.0,-0.16635573
18.0,-0.17382269
9.0,-0.31712827
21.0,0.77747333
21.0,-0.021831367
9.0,-0.25571963
15.0,-0.1050262
18.0,-0.24589881
21.0,0.05907001
18.0,-0.23576795
9.0,-0.12834038
15.0,-0.15595995
30.0,0.12526919
27.0,0.3765745
18.0,-0.0930494
12.0,-0.0065894667
18.0,-0.22389133
9.0,-0.21278292
18.0,-0.18422224
9.0,-0.15499112
9.0,-0.23774111
18.0,-0.17897928
9.0,-0.24332769
15.0,-0.093191475
6.0,-0.27030718
12.0,-0.16128732
18.0,-0.16697462
30.0,0.24518451
18.0,-0.117389455
9.0,-0.32271177
18.0,-0.20591944
18.0,-0.1963934
24.0,0.31834146
9.0,-0.22530995
21.0,0.7710083
9.0,-0.25022218
21.0,-0.0846459
36.0,0.71846056
18.0,-0.20767364
15.0,-0.042955466
48.0,0.16820964
18.0,-0.17272852
9.0,-0.19762059
18.0,-0.13694774
12.0,-0.120235495
48.0,0.50403035
15.0,-0.055574153
18.0,-0.133798
9.0,-0.083853826
15.0,-0.116748914
9.0,-0.13885424
9.0,-0.23298557
9.0,-0.05993547
18.0,-0.10070779
15.0,-0.24223638
15.0,-0.12540944
15.0,-0.0021195551
9.0,-0.15159994
15.0,-0.18567201
9.0,-0.2848009
12.0,-0.11042276
18.0,-0.18684712
9.0,-0.16745554
15.0,-0.057338428
9.0,-0.14751682
9.0,-0.21962723
9.0,-0.10056668
9.0,-0.21890342
18.0,-0.21081422
9.0,-0.2497899
9.0,-0.22774501
9.0,-0.16069911
15.0,-0.19290335
30.0,0.3068555
30.0,0.2033501
12.0,-0.12727086
18.0,-0.17977946
15.0,-0.15530585
21.0,0.069824934
30.0,0.38650355
18.0,-0.15524653
21.0,0.066391736
9.0,-0.4070163
9.0,-0.24764918
9.0,-0.3444257
9.0,-0.26482037
15.0,-0.03770938
21.0,0.073186144
6.0,-0.3262956
18.0,-0.21175197
15.0,-0.070050135
6.0,-0.16045077
9.0,-0.22156519
21.0,0.009847541
6.0,-0.15552877
51.0,0.2512005
15.0,-0.08927011
54.0,0.3154059
6.0,-0.3014209
18.0,-0.13242826
18.0,-0.122142546
18.0,-0.03901023
18.0,-0.16486369
18.0,-0.12688261
9.0,-0.15578024
15.0,-0.10988038
18.0,-0.17321181
21.0,0.06626751
9.0,-0.25962004
36.0,0.17978638
12.0,-0.25129825
18.0,-0.21613277
18.0,-0.15320763
6.0,-0.09365501
12.0,-0.123694114
18.0,-0.19378154
45.0,0.14086832
45.0,0.10679831
15.0,-0.07171073
42.0,0.3509306
15.0,-0.14750895
15.0,0.011169437
18.0,-0.1739983
18.0,-0.12906465
9.0,-0.28520024
9.0,-0.37597477
12.0,-0.041359685
84.0,0.71492755
18.0,-0.19192383
9.0,-0.31008416
9.0,-0.27053753
15.0,-0.15558387
12.0,-0.20472671
18.0,-0.23277365
6.0,-0.12168926
48.0,0.24955472
18.0,-0.22488631
9.0,-0.33806726
18.0,-0.17809027
21.0,0.6673988
18.0,-0.26963902
54.0,0.52373034
18.0,-0.186037
18.0,-0.18496184
18.0,-0.17764193
36.0,0.28293484
9.0,-0.3246254
33.0,0.4630092
9.0,-0.27005163
18.0,-0.19801958
18.0,-0.21524315
18.0,-0.19385809
15.0,-0.19352861
6.0,-0.059308767
9.0,-0.30373672
9.0,-0.08220914
9.0,-0.2641083
18.0,-0.2381965
9.0,-0.18175736
18.0,-0.20674284
15.0,-0.04559441
18.0,-0.16129522
18.0,-0.18724506
18.0,-0.09970605
15.0,-0.13230577
6.0,-0.29924625
9.0,-0.21490513
6.0,-0.06320049
18.0,-0.104750745
9.0,-0.2788814
15.0,-0.091923155
18.0,-0.16278172
9.0,-0.113859415
21.0,0.13440745
9.0,-0.23030263
9.0,-0.32567024
6.0,0.025987377
18.0,-0.13132794
36.0,0.3554843
9.0,-0.18410742
30.0,0.3068235
18.0,-0.20368595
18.0,-0.1473145
36.0,0.3727389
18.0,-0.16889216
21.0,0.06909713
18.0,-0.17972116
9.0,-0.11530679
18.0,-0.14807749
15.0,-0.1305138
75.0,0.7376828
18.0,-0.12226198
9.0,-0.23455177
9.0,-0.28959036
18.0,-0.16519247
15.0,-0.18292017
15.0,-0.17948537
27.0,0.36604282
9.0,-0.09768538
9.0,-0.22874068
18.0,-0.24591278
9.0,-0.27683333
36.0,0.46934006
18.0,-0.16167733
9.0,-0.16249257
18.0,-0.1863744
18.0,-0.16520877
18.0,-0.15566643
18.0,-0.11628085
48.0,0.25247073
9.0,-0.1931488
12.0,0.06350951
18.0,-0.13837188
9.0,-0.20836248
9.0,-0.20263177
18.0,-0.11249423
9.0,-0.19746867
18.0,-0.16142638
18.0,-0.20395075
18.0,-0.16955988
18.0,-0.2046195
18.0,-0.11376483
18.0,-0.24932228
15.0,-0.14294964
12.0,-0.0519792
18.0,-0.16895184
21.0,0.16272414
12.0,-0.28556964
36.0,0.36817935
18.0,-0.15863927
9.0,-0.2741005
21.0,0.02781911
15.0,-0.1398275
18.0,-0.2111449
18.0,-0.14199698
18.0,-0.15347677
21.0,0.063573286
12.0,-0.1318691
24.0,0.19993259
18.0,-0.17867087
18.0,-0.24387416
15.0,-0.12762493
18.0,-0.14991483
15.0,-0.036455102
33.0,0.24740165
18.0,-0.14013976
21.0,0.53223085
9.0,-0.3473129
18.0,-0.15252407
15.0,-0.08735679
18.0,-0.17956509
21.0,0.07757639
9.0,-0.2916293
9.0,-0.2839914
51.0,0.4014812
18.0,-0.12456483
18.0,-0.18405858
9.0,-0.16566548
18.0,-0.17885667
24.0,0.39919555
9.0,-0.18439023
18.0,-0.24331872
15.0,-0.101038136
18.0,-0.22863813
18.0,-0.15211429
18.0,-0.18341409
15.0,0.037449427
18.0,-0.16276577
18.0,-0.20679721
9.0,-0.20403273
33.0,0.11330698
15.0,-0.060821243
15.0,-0.10157629
9.0,-0.18201302
9.0,-0.22626664
18.0,-0.2997203
18.0,-0.16542214
42.0,0.31776792
60.0,0.7833635
33.0,0.2628914
15.0,-0.15657265
18.0,-0.19657603
15.0,-0.037413765
18.0,-0.20073801
18.0,-0.13080081
9.0,-0.19656405
21.0,0.018349448
18.0,-0.13928403
15.0,-0.085799314
9.0,-0.20857379
9.0,-0.33089638
12.0,-0.24515782
9.0,-0.13506584
18.0,-0.1562423
96.0,0.3873021
9.0,-0.24447149
9.0,-0.157815
9.0,-0.29026717
15.0,-0.11655355
18.0,-0.16958244
9.0,-0.117667444
9.0,-0.30858698
18.0,-0.08845385
6.0,-0.21516094
12.0,0.00084542466
15.0,-0.09812574
18.0,-0.14332092
6.0,-0.17578499
9.0,-0.27976388
18.0,-0.18746066
9.0,-0.1672128
9.0,-0.28062627
18.0,-0.22687422
21.0,0.0046774847
15.0,-0.15387622
9.0,-0.26801515
12.0,-0.017387258
12.0,-0.14109653
18.0,-0.17741871
30.0,0.4881834
9.0,-0.24419907
15.0,-0.06410572
12.0,-0.1934989
12.0,-0.19524625
9.0,-0.28350005
9.0,-0.077873036
9.0,-0.27974516
9.0,-0.23097199
33.0,0.3449931
33.0,0.34662226
9.0,-0.27262357
12.0,-0.24129857
9.0,-0.22063868
18.0,-0.12209273
18.0,-0.17543024
18.0,-0.26497138
18.0,-0.21825808
9.0,-0.22460431
9.0,-0.23284902
9.0,-0.2140443
90.0,0.5580154
12.0,-0.15725787
21.0,-0.026368931
18.0,-0.116753735
12.0,0.016804555
90.0,0.68928754
18.0,-0.18710104
15.0,-0.09073351
9.0,-0.2613423
9.0,-0.29978165
21.0,-0.03242019
30.0,0.44707385
18.0,-0.20096262
33.0,0.27264297
9.0,-0.24572584
9.0,-0.22184601
15.0,-0.09842018
48.0,0.10766893
15.0,-0.1895298
27.0,0.51308
24.0,0.35053363
12.0,-0.13378738
18.0,-0.13209875
18.0,-0.17856352
18.0,-0.21698035
18.0,-0.1617733
21.0,0.008698307
9.0,-0.298804
9.0,-0.23994589
45.0,0.29063162
15.0,-0.07022805
15.0,-0.12134637
12.0,-0.19013791
18.0,-0.20074569
18.0,-0.23363088
18.0,-0.16415799
12.0,-0.10063944
18.0,-0.12433665
12.0,-0.40334666
15.0,-0.25015455
15.0,-0.11044442
9.0,-0.23899724
9.0,-0.29662165
21.0,0.049910802
18.0,-0.14220104
18.0,-0.14511666
9.0,-0.23614341
18.0,-0.22016418
9.0,-0.38446304
6.0,-0.120876774
12.0,-0.14629193
15.0,-0.026676223
18.0,-0.23126903
18.0,-0.12005267
18.0,-0.16000246
39.0,0.12895732
96.0,0.44215682
30.0,0.17020644
18.0,-0.14560406
12.0,-0.23078257
15.0,-0.15322745
18.0,-0.15760276
18.0,-0.098607145
18.0,-0.2758033
6.0,-0.30298427
18.0,-0.20381272
9.0,-0.30213824
72.0,0.58168024
21.0,0.064134374
18.0,-0.16987005
18.0,-0.13751294
9.0,-0.10556204
18.0,-0.14805898
18.0,-0.18298016
9.0,-0.19324006
9.0,-0.21736687
18.0,-0.18054387
18.0,-0.15436535
9.0,-0.025336651
18.0,-0.23282121
33.0,0.30374324
72.0,0.4612407
15.0,-0.17004211
15.0,-0.078409776
18.0,-0.2118612
9.0,-0.13207516
9.0,-0.09367693
12.0,-0.11061168
21.0,-0.048748847
42.0,0.08750345
12.0,-0.13911985
30.0,0.43734297
9.0,-0.2930709
12.0,-0.09341793
45.0,0.21419449
18.0,-0.15456398
21.0,0.047916077
18.0,-0.017172217
9.0,-0.22582379
9.0,-0.27295265
18.0,-0.256595
18.0,-0.1597264
18.0,-0.13141903
9.0,-0.038850695
15.0,-0.09514143
9.0,-0.31135806
9.0,-0.27404043
90.0,0.5305016
18.0,-0.1682613
48.0,0.2017079
33.0,0.4058434
18.0,-0.13727629
18.0,-0.18079485
30.0,0.37134138
30.0,0.3051882
6.0,-0.06965262
9.0,-0.28711024
9.0,-0.22043657
18.0,-0.17688465
18.0,-0.15499787
72.0,0.5858183
60.0,0.34690437
9.0,-0.28126404
18.0,-0.14918132
15.0,-0.16097462
15.0,-0.13788658
12.0,-0.18025553
30.0,0.26716328
18.0,-0.15955465
9.0,-0.10178826
18.0,-0.21245283
18.0,-0.19537525
6.0,-0.1014209
18.0,-0.12933826
36.0,0.3984967
21.0,0.5778697
18.0,-0.274713
9.0,-0.3136639
9.0,-0.038161773
33.0,0.21031646
18.0,-0.24376956
30.0,0.5330136
21.0,0.080978654
9.0,-0.22165465
6.0,-0.22486867
18.0,-0.17732294
18.0,-0.12094388
6.0,-0.22078344
9.0,-0.34489232
18.0,-0.25486135
18.0,-0.17486624
30.0,0.4309126
9.0,-0.38647297
9.0,-0.2613423
9.0,-0.31492177
18.0,-0.20453753
18.0,-0.088622734
18.0,-0.15088305
18.0,-0.22225532
18.0,-0.17217611
18.0,-0.15454806
9.0,-0.1360209
9.0,-0.38843808
18.0,-0.18304314
9.0,-0.2679806
21.0,-0.010514843
9.0,-0.32845357
18.0,-0.12517112
15.0,-0.12739573
18.0,-0.12646674
6.0,-0.033951644
18.0,-0.14053503
18.0,-0.2623521
9.0,-0.30378473
18.0,-0.2252473
15.0,0.09016692
24.0,0.38980633
18.0,-0.18779744
18.0,-0.2188744
15.0,-0.14362675
60.0,0.36031345
21.0,0.026831014
18.0,-0.28071877
9.0,-0.27734238
15.0,-0.13540456
30.0,0.12521558
9.0,-0.3201194
18.0,-0.20069988
21.0,0.022006884
18.0,-0.060257934
18.0,-0.18654372
21.0,0.021971306
15.0,-0.16396876
18.0,-0.18405154
15.0,-0.14188953
12.0,-0.08408232
66.0,0.3519723
9.0,-0.28076488
15.0,-0.16369376
21.0,-0.10551686
15.0,-0.11082996
6.0,0.23676153
18.0,-0.22281103
30.0,0.18909344
9.0,-0.16960207
18.0,-0.12611277
18.0,-0.16358793
6.0,-0.120815985
30.0,0.36677954
33.0,0.31124163
15.0,-0.2170866
15.0,-0.28408837
18.0,-0.17547657
18.0,-0.14313738
18.0,-0.25473
9.0,-0.23311691
9.0,-0.31840718
12.0,-0.025521237
18.0,-0.009990229
15.0,-0.18194108
12.0,-0.08258837
9.0,-0.25756577
18.0,-0.15138496
21.0,0.20206226
18.0,-0.28299072
9.0,-0.2536037
15.0,-0.2670751
15.0,-0.16519916
18.0,-0.13547792
12.0,-0.08273182
18.0,-0.15324864
18.0,-0.19190252
15.0,-0.15118663
15.0,-0.12280749
18.0,-0.1629573
15.0,-0.07796487
18.0,-0.2113608
9.0,-0.12222826
18.0,-0.110641316
9.0,-0.25766256
18.0,-0.20186959
21.0,0.15393455
12.0,-0.22976834
45.0,0.427531
18.0,-0.19999342
18.0,-0.16149728
18.0,-0.15545075
12.0,-0.12170388
6.0,-0.018318897
15.0,-0.092145905
36.0,0.32783335
18.0,-0.21373211
18.0,-0.040022064
30.0,0.24658369
9.0,-0.21345729
75.0,0.48000988
33.0,0.35898462
21.0,0.04132513
18.0,-0.15291856
18.0,-0.18587449
9.0,-0.20836267
18.0,-0.18108302
57.0,0.27471626
18.0,-0.13138802
18.0,-0.20765385
18.0,-0.14507864
9.0,-0.29922333
39.0,0.3752889
21.0,0.2029403
21.0,-0.068105295
18.0,-0.26968443
75.0,0.4668375
15.0,-0.044672932
21.0,-0.065143466
15.0,-0.22483703
9.0,-0.26468477
18.0,-0.081536055
18.0,-0.091589645
18.0,-0.1714176
6.0,-0.09630052
24.0,0.391179
9.0,-0.15228914
18.0,-0.16397867
18.0,-0.1903322
9.0,-0.28775284
18.0,-0.18062396
18.0,-0.17344683
15.0,0.020809658
9.0,-0.20375395
48.0,0.25937024
12.0,-0.081853084
15.0,-0.1460086
18.0,-0.13632232
21.0,0.098584816
18.0,-0.3064145
18.0,-0.19318159
18.0,-0.122993916
18.0,-0.17799559
66.0,0.47693902
9.0,-0.21301822
9.0,-0.3246824
9.0,-0.34387112
9.0,-0.15246116
9.0,-0.33022988
57.0,0.31075785
12.0,-0.10107704
18.0,-0.25191033
30.0,0.2553934
21.0,0.012522006
6.0,-0.16969058
24.0,0.34033874
12.0,0.25628072
54.0,0.38240117
18.0,-0.25943586
9.0,-0.27323553
9.0,-0.42379406
18.0,-0.16687946
48.0,0.26034185
18.0,-0.22607967
9.0,-0.17755823
18.0,-0.22662887
15.0,-0.111979395
9.0,-0.1077239
15.0,-0.12934348
6.0,-0.25838304
21.0,0.06309599
12.0,-0.025119063
18.0,-0.09088331
9.0,-0.32242498
18.0,-0.073514506
15.0,-0.0691083
6.0,-0.22043891
15.0,-0.07175189
18.0,-0.18119617
18.0,-0.1671206
15.0,-0.16893524
9.0,-0.13102522
15.0,-0.23286362
6.0,0.061505042
15.0,-0.07800346
15.0,-0.083092764
18.0,-0.17930117
60.0,0.553228
12.0,-0.102033846
39.0,0.916663
36.0,0.38765895
27.0,0.3737251
12.0,-0.18396536
15.0,0.020424414
9.0,-0.43903863
15.0,-0.09468981
12.0,-0.12579356
18.0,-0.19347961
54.0,0.43051007
18.0,-0.19542816
18.0,-0.15911585
9.0,-0.1527001
9.0,-0.31303588
9.0,-0.4162928
18.0,-0.19566804
42.0,0.59603125
12.0,-0.051935323
18.0,-0.1383559
45.0,0.5005025
9.0,-0.16301063
18.0,-0.16947255
18.0,-0.16223058
15.0,-0.1733668
15.0,-0.09617808
18.0,-0.13906062
15.0,-0.15846394
9.0,-0.33084086
18.0,-0.14021602
9.0,-0.30349854
9.0,-0.15474977
18.0,-0.15073751
15.0,-0.15115133
18.0,-0.38877347
18.0,-0.17939423
9.0,-0.2140443
18.0,-0.14188541
42.0,0.3211899
15.0,-0.13233744
12.0,-0.16094947
18.0,-0.15545821
18.0,-0.15538399
18.0,-0.112516664
18.0,-0.12643397
9.0,-0.24410897
12.0,-0.056770872
9.0,-0.1841158
15.0,-0.2130185
9.0,-0.18546273
6.0,-0.09398526
33.0,0.36923623
30.0,0.13568252
78.0,0.81683666
12.0,-0.22156213
9.0,-0.1977963
18.0,-0.2263881
18.0,-0.11629036
18.0,-0.2252581
15.0,-0.09041312
12.0,-0.07657627
12.0,-0.034526516
9.0,-0.18150301
15.0,-0.043735653
15.0,-0.08582948
21.0,0.024661344
9.0,-0.25522262
18.0,-0.19036984
9.0,-0.258217
15.0,-0.086399846
9.0,-0.20070547
33.0,0.59785986
18.0,-0.16121429
18.0,-0.1531091
18.0,-0.21141982
18.0,-0.14486708
15.0,-0.0489182
18.0,-0.21540986
15.0,-0.13313586
9.0,-0.22451775
18.0,-0.20509782
21.0,0.08674428
27.0,0.43680125
9.0,-0.067936406
72.0,0.539053
6.0,-0.1360537
18.0,-0.282868
18.0,-0.13619658
9.0,-0.120397724
48.0,0.60165983
36.0,0.18444169
36.0,0.42558694
18.0,-0.16248533
18.0,-0.21506564
12.0,0.039812185
9.0,-0.2341645
18.0,-0.13606064
18.0,-0.20578739
6.0,-0.2822776
18.0,-0.16346288
18.0,-0.20100394
9.0,-0.11276549
18.0,-0.16629611
18.0,-0.14196509
18.0,-0.15631841
15.0,-0.14957698
21.0,0.03264402
9.0,-0.115167744
30.0,0.50972766
9.0,-0.26215544
15.0,-0.085188486
12.0,-0.06129599
45.0,0.38412046
15.0,-0.075345814
18.0,-0.1967497
18.0,-0.2010649
39.0,0.37261394
9.0,-0.14481875
9.0,-0.2386668
39.0,0.47390586
33.0,0.68008566
9.0,-0.2212352
30.0,0.7489453
18.0,-0.19901924
30.0,0.2629865
33.0,0.2732808
39.0,0.26768133
9.0,-0.21479316
30.0,0.34983972
18.0,-0.109948084
21.0,0.03744932
39.0,0.37594423
18.0,-0.15232888
12.0,-0.15109487
18.0,-0.16169636
18.0,-0.15757242
21.0,-0.052507993
15.0,-0.07347617
18.0,-0.17270839
9.0,-0.09570165
18.0,-0.22703494
18.0,-0.16505443
9.0,-0.28861147
18.0,-0.18624021
12.0,-0.21179304
18.0,-0.34023064
18.0,-0.21427056
15.0,-0.1367368
21.0,-0.08729845
6.0,-0.2379128
18.0,-0.22843133
15.0,-0.13707662
21.0,0.04731114
18.0,-0.20810603
15.0,-0.13559799
9.0,-0.30748504
54.0,0.11237616
18.0,-0.13261989
18.0,-0.14401071
15.0,-0.18024434
15.0,-0.16314301
18.0,-0.19345926
21.0,-0.09267581
9.0,-0.26482037
21.0,0.16215593
6.0,-0.43550712
18.0,-0.08500591
15.0,-0.062410273
6.0,-0.35581297
45.0,0.5976093
18.0,-0.1331403
18.0,-0.19898057
15.0,-0.058997262
9.0,-0.14431936
18.0,-0.17976548
18.0,-0.17390595
6.0,-0.31151024
12.0,-0.17396954
24.0,0.32326522
30.0,0.36217946
18.0,-0.17592195
18.0,-0.16145472
18.0,-0.21070535
96.0,0.47909424
42.0,0.03911406
18.0,-0.18384872
15.0,-0.059938703
18.0,-0.2002744
36.0,0.14255367
54.0,0.092999004
18.0,-0.19004694
9.0,-0.33437443
9.0,-0.1393499
18.0,-0.1914856
33.0,0.2500718
18.0,-0.24304944
39.0,0.48949778
6.0,-0.22473599
24.0,0.80798244
18.0,-0.16848972
15.0,-0.05063329
21.0,0.00782626
18.0,-0.14229508
18.0,-0.2067202
9.0,-0.063768476
18.0,-0.16471022
9.0,-0.20397371
63.0,0.4397697
18.0,-0.1458543
18.0,-0.14815287
18.0,-0.13426788
18.0,-0.18890539
18.0,-0.1477933
9.0,-0.15236112
24.0,0.38102984
15.0,-0.07381101
18.0,-0.1767285
9.0,-0.10056668
9.0,-0.20656161
21.0,0.5169605
36.0,0.3659549
9.0,-0.29401687
15.0,-0.09682427
12.0,-0.056536544
9.0,-0.24842538
12.0,-0.24030551
18.0,-0.16356307
42.0,0.10001949
18.0,-0.17364107
18.0,-0.22065623
18.0,-0.15150122
18.0,-0.1552523
15.0,-0.07991294
9.0,-0.23399189
18.0,-0.13409851
18.0,-0.14605106
12.0,-0.22375265
15.0,-0.15980712
18.0,-0.11746798
12.0,-0.12656936
21.0,0.76536876
9.0,-0.25479278
6.0,-0.2144407
9.0,-0.32840014
33.0,0.14495954
15.0,-0.14498833
6.0,-0.18652366
15.0,-0.07952167
18.0,-0.13422586
9.0,-0.38478228
18.0,-0.18009172
9.0,-0.19813935
18.0,-0.15512675
18.0,-0.15285058
18.0,-0.13555105
18.0,-0.15544799
18.0,-0.2728586
18.0,-0.1886148
18.0,-0.17315008
18.0,-0.1722468
9.0,-0.30432278
18.0,-0.18242991
6.0,-0.31605703
78.0,0.3594433
21.0,0.040691428
18.0,-0.17460752
15.0,-0.22024755
24.0,0.3268604
9.0,-0.20844962
30.0,0.28004822
15.0,-0.11574182
9.0,-0.2048795
9.0,-0.27373427
18.0,-0.13814856
30.0,0.40874097
21.0,0.12289289
15.0,-0.15883532
48.0,0.4186241
18.0,-0.14284936
9.0,-0.23605844
18.0,-0.2132468
21.0,-0.04624028
9.0,-0.38585886
15.0,-0.08845643
12.0,-0.06965475
12.0,-0.06104507
12.0,-0.11316339
18.0,-0.20803398
9.0,-0.11683691
15.0,-0.08494392
6.0,-0.008013006
18.0,-0.11979299
18.0,-0.16105185
18.0,-0.203112
9.0,-0.093834706
18.0,-0.1347252
18.0,-0.24395439
9.0,-0.1611911
18.0,-0.15191042
9.0,-0.28037134
9.0,-0.3110828
18.0,-0.1927717
18.0,-0.16788611
15.0,-0.07454703
15.0,-0.03885744
6.0,-0.21175009
9.0,-0.19664834
18.0,-0.18063627
18.0,-0.13860102
9.0,-0.21979736
18.0,-0.28739473
84.0,0.56742793
18.0,-0.08593357
84.0,0.52964956
15.0,-0.22356817
18.0,-0.17072633
15.0,-0.13043857
30.0,0.25974393
54.0,0.2588957
18.0,-0.19689362
18.0,-0.25388306
18.0,-0.13667557
9.0,-0.084615864
15.0,-0.28430602
21.0,0.714274
18.0,-0.31922075
21.0,0.47063643
18.0,-0.1893281
15.0,-0.09007965
15.0,-0.26385882
18.0,-0.14907189
9.0,-0.30549473
9.0,-0.27532828
9.0,-0.2612169
9.0,-0.13054658
18.0,-0.045319438
9.0,-0.36556962
9.0,-0.340032
15.0,-0.10736672
6.0,-0.24753632
15.0,-0.084422804
18.0,-0.15285406
15.0,-0.16989626
18.0,-0.19683161
15.0,-0.13121264
9.0,-0.1773815
39.0,0.38282335
6.0,-0.5039391
18.0,-0.1876628
18.0,-0.18020503
9.0,-0.16639102
9.0,-0.2932381
9.0,-0.23061712
15.0,-0.082013756
27.0,0.24470249
15.0,-0.13751411
18.0,-0.19698668
18.0,-0.22585012
6.0,-0.26021105
21.0,-0.0024041736
9.0,-0.21353905
30.0,0.36839873
9.0,-0.16614917
21.0,0.039717652
18.0,-0.27735603
6.0,-0.093119234
9.0,-0.077251844
33.0,0.23951897
15.0,-0.15120642
18.0,-0.061795123
21.0,0.14924403
9.0,-0.1653331
9.0,-0.29081467
18.0,-0.12234619
21.0,0.07282656
18.0,-0.20367523
18.0,-0.20064598
9.0,-0.18896969
9.0,-0.15048216
18.0,-0.32610667
18.0,-0.15503713
18.0,-0.21862105
6.0,0.1899532
9.0,-0.2575798
54.0,0.5245198
18.0,-0.1831112
6.0,-0.16170001
45.0,0.39458448
9.0,-0.25256383
9.0,-0.31061876
18.0,-0.30626807
9.0,-0.2932381
36.0,0.33888444
6.0,-0.12524506
12.0,-0.21473104
66.0,0.2697806
18.0,-0.24533404
9.0,-0.25929773
9.0,-0.31364575
18.0,-0.15598907
24.0,0.33176923
78.0,0.60477793
15.0,-0.15390088
18.0,-0.16287462
18.0,-0.22251494
12.0,-0.020528892
6.0,-0.17003518
21.0,-0.015030329
15.0,-0.121630915
15.0,-0.026402729
18.0,-0.059716303
60.0,0.32543826
15.0,-0.22915092
8.0,-0.27018827
45.0,0.15076159
18.0,-0.16953634
12.0,-0.1825012
18.0,-0.14939047
18.0,-0.16437067
9.0,-0.22886635
6.0,-0.13671115
12.0,-0.19292498
6.0,-0.29613486
18.0,-0.1070439
33.0,0.27780735
9.0,-0.27164096
18.0,-0.19655745
18.0,-0.12658912
15.0,-0.09308131
9.0,-0.31938043
9.0,-0.15912057
33.0,0.32997102
15.0,-0.15314136
9.0,-0.040942837
18.0,-0.14655048
9.0,-0.13084324
6.0,-0.12811802
18.0,-0.16918498
9.0,-0.35533947
6.0,-0.101860166
36.0,0.49533182
9.0,-0.31098095
9.0,-0.2405879
9.0,-0.24294633
6.0,-0.112806745
6.0,-0.12987447
12.0,-0.21261792
9.0,-0.17665362
18.0,-0.18429221
18.0,-0.041094743
18.0,-0.15538767
45.0,0.35846755
6.0,-0.1203062
18.0,-0.18552771
18.0,-0.19275516
18.0,-0.21717069
36.0,0.15529625
18.0,-0.13086146
18.0,-0.14087392
24.0,0.33440912
9.0,-0.27416652
12.0,0.049928404
18.0,-0.21862105
27.0,0.24308552
42.0,0.047741033
24.0,0.39156616
21.0,0.7729572
6.0,-0.19120075
15.0,-0.07675938
60.0,0.6299306
15.0,-0.1594103
84.0,0.60335004
18.0,-0.1696683
6.0,-0.09637163
18.0,-0.18806972
6.0,-0.06797576
18.0,-0.09870902
18.0,-0.16551207
21.0,0.17619093
6.0,-0.16102484
18.0,-0.1125415
9.0,-0.18408407
18.0,-0.20130517
9.0,-0.32306188
9.0,-0.23094188
15.0,0.022601634
9.0,-0.23362248
30.0,0.36616865
18.0,-0.1755854
24.0,0.56677794
9.0,-0.21998091
18.0,-0.12591897
18.0,-0.08692072
9.0,-0.103143714
15.0,-0.1711982
69.0,0.75785685
15.0,-0.031866107
18.0,-0.12370425
9.0,-0.19177517
18.0,-0.12492886
9.0,-0.16826758
30.0,0.59533256
18.0,-0.12472836
18.0,-0.16783959
9.0,-0.22916895
18.0,-0.17118318
18.0,-0.15763141
15.0,-0.10307367
15.0,-0.044765122
30.0,0.62529075
9.0,-0.14339584
12.0,-0.28187647
18.0,-0.20423616
9.0,-0.2546472
48.0,0.053473093
9.0,-0.20400165
18.0,-0.202584
9.0,-0.36411247
51.0,0.4515734
15.0,-0.12724875
18.0,-0.15153871
9.0,-0.27919987
18.0,-0.13611855
33.0,0.30639222
18.0,-0.13305336
90.0,0.4161033
15.0,-0.124824055
9.0,-0.29927266
18.0,-0.19317733
18.0,-0.19888394
39.0,0.30252844
45.0,0.21907674
18.0,-0.14247212
18.0,-0.14137906
15.0,-0.18804505
6.0,-0.30552703
6.0,-0.19857793
36.0,0.1937365
9.0,-0.21073544
15.0,-0.03667501
42.0,0.25425574
9.0,-0.2700294
15.0,-0.13293965
6.0,-0.19237047
12.0,-0.18970673
20.0,-0.010740148
15.0,-0.061436113
12.0,0.18529417
30.0,0.3988004
45.0,0.08836487
18.0,-0.20224391
9.0,-0.19361049
9.0,-0.25824478
9.0,-0.121483445
9.0,-0.24222942
18.0,-0.17792335
9.0,-0.19021644
15.0,-0.05508679
9.0,-0.34680292
6.0,-0.120227836
9.0,-0.38294852
18.0,-0.18832833
18.0,-0.1380502
36.0,0.10094915
21.0,0.021623671
18.0,-0.17826839
15.0,-0.05273994
18.0,-0.1478125
27.0,0.6944002
15.0,-0.16166478
33.0,0.47047818
39.0,0.61758417
36.0,0.3884175
9.0,-0.3645628
12.0,-0.006776178
39.0,0.3588345
21.0,-0.070988454
39.0,0.4344262
36.0,0.5251171
9.0,-0.15178399
12.0,-0.01544845
21.0,0.06551541
18.0,-0.20089912
9.0,-0.16347413
36.0,0.21922052
6.0,-0.01811092
15.0,-0.04700359
18.0,-0.20378162
30.0,0.29880086
15.0,-0.12087425
36.0,0.37949112
15.0,-0.13523266
60.0,0.5387527
36.0,0.31574735
21.0,0.02637901
15.0,-0.09926139
18.0,-0.11833787
36.0,0.35656044
6.0,-0.07045873
18.0,-0.16188392
18.0,-0.16498612
9.0,-0.16734241
18.0,-0.23909512
9.0,-0.16748178
9.0,-0.23231459
18.0,-0.16005068
18.0,-0.1556987
9.0,-0.309806
18.0,-0.2319159
18.0,-0.19909325
18.0,-0.08998735
9.0,-0.28457996
24.0,0.31252384
9.0,-0.24033715
18.0,-0.17459148
45.0,0.5703763
9.0,-0.23429137
12.0,-0.016364092
30.0,0.26104465
18.0,-0.13120082
15.0,-0.12842883
42.0,0.12747945
18.0,-0.20036572
18.0,-0.2138836
15.0,-0.108083986
48.0,0.30652714
9.0,-0.28503513
54.0,0.20885552
9.0,-0.2534551
18.0,-0.104975104
18.0,-0.12906031
15.0,-0.112942025
24.0,0.49578834
9.0,-0.25567928
15.0,-0.09338646
15.0,-0.11022449
12.0,-0.19602448
9.0,-0.20596519
18.0,-0.1720563
18.0,-0.22336222
9.0,-0.2011662
18.0,-0.17081843
18.0,-0.15081178
18.0,-0.17317401
9.0,-0.25528204
9.0,-0.21507041
18.0,-0.17644824
33.0,0.3225377
12.0,0.0612312
33.0,0.2673317
9.0,-0.14078374
18.0,-0.16906753
9.0,-0.31054145
18.0,-0.18022957
6.0,-0.12207075
12.0,0.05991875
27.0,0.22077753
30.0,0.17778221
18.0,-0.22681856
18.0,-0.102708556
15.0,-0.12492812
18.0,-0.20768295
15.0,-0.07642424
30.0,0.21878207
9.0,-0.19327104
18.0,-0.19790576
18.0,-0.19589026
18.0,-0.112185426
18.0,-0.17345631
15.0,-0.12056123
15.0,-0.074836396
9.0,-0.1450805
21.0,0.020784203
9.0,-0.2627256
12.0,-0.19119005
9.0,-0.28801227
99.0,0.3024661
15.0,-0.0909156
75.0,0.8225838
18.0,-0.16889346
18.0,-0.24644282
9.0,-0.31124273
18.0,-0.14775577
24.0,0.5593772
24.0,0.25688106
21.0,0.18162099
21.0,-0.11380606
18.0,-0.11927504
18.0,-0.18231535
36.0,0.16686657
15.0,-0.16049755
54.0,0.39088956
18.0,-0.13199188
15.0,-0.23559983
9.0,-0.2794339
24.0,0.40524656
18.0,-0.16536148
9.0,-0.37121573
9.0,-0.18609653
9.0,-0.16570005
18.0,-0.16701235
18.0,-0.18368956
18.0,-0.14918254
9.0,-0.18962479
18.0,-0.16820529
12.0,-0.022767399
9.0,-0.32419017
9.0,-0.35764322
15.0,-0.0898558
6.0,-0.22482325
6.0,-0.16850804
15.0,-0.092359886
9.0,-0.24065617
18.0,-0.2221014
27.0,0.26862678
24.0,0.35391384
9.0,-0.103152454
33.0,0.30374324
9.0,-0.16840217
15.0,-0.18160734
9.0,-0.19922811
18.0,-0.24878386
6.0,-0.25601393
36.0,0.30563584
15.0,-0.17677833
39.0,0.0955729
9.0,-0.22454521
45.0,0.6057011
9.0,-0.18718824
15.0,-0.077221744
15.0,-0.11468248
9.0,-0.37112662
48.0,0.37370244
24.0,0.54804695
9.0,-0.2737261
18.0,-0.22069944
15.0,-0.16100806
15.0,-0.1358184
39.0,0.42013156
18.0,-0.16045439
21.0,-0.0072468156
18.0,-0.1254954
6.0,-0.081664465
18.0,-0.13460302
15.0,-0.08010956
9.0,-0.2604832
9.0,-0.27024794
18.0,-0.14188816
9.0,-0.14810732
36.0,0.2561788
21.0,0.066034704
12.0,-0.08399224
15.0,-0.05197274
18.0,-0.16011266
12.0,-0.2541506
60.0,0.5734563
15.0,-0.071114354
18.0,-0.16427365
18.0,-0.20471583
6.0,-0.11272504
9.0,-0.32129547
36.0,0.5494095
18.0,-0.14862669
6.0,-0.00014427025
54.0,0.10428672
18.0,-0.11707588
15.0,-0.16804294
9.0,-0.30056274
18.0,-0.20085447
9.0,-0.3159101
18.0,-0.12987143
9.0,-0.028263424
21.0,0.7916479
15.0,-0.16582787
6.0,-0.25667274
18.0,-0.14244223
15.0,-0.04825284
9.0,-0.082374
18.0,-0.18863536
6.0,-0.14650008
45.0,0.250124
36.0,0.17092158
18.0,-0.17873
21.0,0.07727629
39.0,0.16510192
90.0,0.7407019
18.0,-0.12957685
24.0,0.3832102
15.0,-0.24397057
18.0,-0.25418732
6.0,-0.085270055
18.0,-0.12961434
18.0,-0.17356956
78.0,0.45184565
9.0,-0.35648885
12.0,-0.24968743
48.0,0.42362934
21.0,-0.03155724
30.0,0.33213583
9.0,-0.30069488
18.0,-0.15754515
15.0,-0.1111685
66.0,0.29894707
9.0,-0.019861873
9.0,-0.15158483
9.0,-0.20140854
18.0,-0.16886698
36.0,0.4448578
42.0,0.56049806
18.0,-0.22247162
8.0,-0.15042838
9.0,-0.2701279
9.0,-0.286418
9.0,-0.15178996
9.0,-0.21382238
18.0,-0.23802784
9.0,-0.12491407
9.0,-0.20403273
15.0,-0.14103572
18.0,-0.18004735
12.0,-0.19068654
18.0,-0.17039977
39.0,0.30455133
18.0,-0.14790171
15.0,-0.13166596
18.0,-0.14132531
15.0,-0.23263109
18.0,-0.0819521
15.0,0.08613908
18.0,-0.24750444
9.0,-0.23473507
6.0,-0.2599278
18.0,-0.298059
18.0,-0.19201574
9.0,-0.28326783
18.0,-0.12867619
9.0,-0.26665825
45.0,0.108887695
18.0,-0.16461137
18.0,-0.2246433
18.0,-0.21387416
9.0,-0.2268865
9.0,-0.20188515
15.0,-0.11491137
6.0,-0.104157
15.0,-0.2289491
42.0,0.33885676
15.0,-0.03570079
15.0,-0.2200438
18.0,-0.17264201
15.0,-0.12935719
18.0,-0.15674223
9.0,-0.24058555
15.0,-0.03537493
69.0,0.24839833
21.0,0.0035468324
15.0,-0.13736735
33.0,0.27147603
18.0,-0.16000667
12.0,-0.12771294
75.0,0.48109955
18.0,-0.1337071
18.0,-0.14895193
51.0,0.29023108
30.0,0.2876854
15.0,-0.13855746
9.0,-0.22659057
30.0,0.5897787
6.0,-0.00843873
60.0,0.61486304
18.0,-0.2163518
18.0,-0.18172015
15.0,-0.11278922
15.0,-0.019063001
9.0,-0.16713071
15.0,-0.26051077
9.0,-0.13244107
9.0,-0.33167395
9.0,-0.2802519
6.0,-0.11032549
30.0,0.17774428
15.0,-0.20063066
18.0,-0.16717994
18.0,-0.10642072
15.0,-0.11210049
18.0,-0.22380486
18.0,-0.17887536
18.0,-0.24296443
9.0,-0.05788768
18.0,-0.21477295
18.0,-0.18378308
18.0,-0.08535162
39.0,0.51957154
45.0,0.23442118
15.0,-0.16047816
18.0,-0.18476503
18.0,-0.25918916
6.0,-0.2868301
15.0,-0.12857379
12.0,-0.13957861
18.0,-0.30273917
6.0,-0.08173498
9.0,-0.34819648
18.0,-0.1579199
9.0,-0.24010076
15.0,-0.24392205
42.0,0.3050233
48.0,0.11678965
18.0,-0.14455844
12.0,-0.07473829
18.0,-0.23542947
18.0,-0.20967151
30.0,0.27805424
18.0,-0.07315189
18.0,-0.19496864
21.0,-0.005761072
30.0,0.21992682
15.0,-0.14754003
15.0,-0.10975374
21.0,0.093111224
18.0,-0.13164738
30.0,0.35244212
12.0,-0.08538883
18.0,-0.15875173
15.0,-0.1032227
21.0,0.026398242
18.0,-0.14086863
9.0,-0.24402146
27.0,0.30337268
18.0,-0.2464422
12.0,-0.14546444
9.0,-0.20671286
18.0,-0.16315097
18.0,-0.13676906
15.0,-0.08741023
12.0,-0.08397765
18.0,-0.12489472
21.0,0.08608092
18.0,-0.21550135
9.0,-0.26715147
18.0,-0.13504428
9.0,-0.14202836
15.0,-0.116157986
12.0,-0.064609475
60.0,0.6233608
12.0,-0.10043696
6.0,-0.38559535
18.0,-0.16314417
18.0,-0.16096643
15.0,-0.0889207
18.0,-0.12569995
18.0,-0.25914174
9.0,-0.18142217
18.0,-0.14490978
12.0,-0.21741945
9.0,-0.3173829
9.0,-0.20227498
18.0,-0.17393482
18.0,-0.20136522
18.0,-0.1786816
9.0,-0.1652534
24.0,0.41221708
15.0,-0.0070049874
18.0,-0.17095484
24.0,0.26054648
9.0,-0.2844085
6.0,-0.20966642
15.0,-0.22075896
9.0,-0.33243945
21.0,-0.096904755
21.0,-0.022362553
9.0,-0.21867703
18.0,-0.17004053
18.0,-0.1942464
18.0,-0.112793565
6.0,-0.15050462
18.0,-0.1312448
18.0,-0.15814464
9.0,-0.18541138
12.0,-0.1727843
15.0,-0.19177505
18.0,-0.1540327
6.0,-0.1375659
9.0,-0.31472334
9.0,-0.2969411
9.0,-0.2273064
9.0,-0.14737727
18.0,-0.19806354
33.0,0.3479332
18.0,-0.16410765
6.0,-0.16118635
18.0,-0.18808806
18.0,-0.10943501
24.0,0.23005508
33.0,0.7075766
18.0,-0.19247098
15.0,-0.042955466
9.0,-0.18497948
9.0,-0.09507314
18.0,-0.15138084
12.0,-0.1515799
21.0,0.045633614
18.0,-0.0466191
15.0,-0.13717365
18.0,-0.09151443
9.0,-0.30423218
9.0,-0.33985463
15.0,-0.06495742
18.0,-0.15756674
21.0,0.003636868
12.0,-0.158067
18.0,-0.21050861
15.0,-0.19368328
45.0,0.3538656
21.0,0.003507364
9.0,-0.2681505
9.0,-0.22866037
9.0,-0.1430893
15.0,-0.06240656
9.0,-0.21666779
18.0,-0.1978017
18.0,-0.17852673
90.0,0.82218546
18.0,-0.10505424
15.0,-0.114290684
18.0,-0.17622904
9.0,-0.24498583
18.0,-0.22854804
9.0,-0.24149376
15.0,-0.10774228
18.0,-0.19710611
18.0,-0.14314547
18.0,-0.056443583
15.0,-0.19460706
12.0,-0.20120203
39.0,0.3720377
24.0,0.39246443
18.0,-0.17965394
9.0,-0.20734599
30.0,0.26491714
9.0,-0.22271398
15.0,-0.11361934
9.0,-0.27924633
9.0,-0.2902583
21.0,0.012255349
15.0,-0.16641107
18.0,-0.13272795
18.0,-0.120240726
15.0,-0.15147637
18.0,-0.19912687
18.0,-0.16501613
30.0,0.17043516
18.0,-0.17979449
9.0,-0.20653614
18.0,-0.20805565
18.0,-0.22808431
15.0,-0.1688225
15.0,-0.027566867
18.0,-0.08868899
9.0,-0.19373854
36.0,0.29312462
45.0,0.33587545
9.0,-0.042789277
45.0,0.13727944
15.0,-0.122178085
12.0,-0.18865208
21.0,0.015451477
15.0,-0.20604225
18.0,-0.20404191
18.0,-0.1708888
9.0,-0.19682048
12.0,-0.0929752
9.0,-0.28469935
6.0,-0.19485526
6.0,-0.25989908
9.0,-0.3469745
9.0,-0.19797525
18.0,-0.18749748
9.0,-0.12732248
9.0,-0.21660416
18.0,-0.12328021
6.0,-0.11274205
18.0,-0.150791
9.0,-0.15777603
9.0,-0.16821627
18.0,-0.14134559
18.0,-0.22421926
36.0,0.3735926
12.0,-0.1441535
18.0,-0.20220163
18.0,-0.2784157
27.0,0.2700562
15.0,-0.12457246
18.0,-0.29005945
30.0,0.37435028
36.0,0.25961792
9.0,-0.19961673
18.0,-0.16022237
18.0,-0.17283146
9.0,-0.32840014
15.0,-0.11495307
18.0,-0.12549695
9.0,-0.31270266
6.0,-0.15075487
9.0,-0.15996027
15.0,-0.16517463
48.0,0.23995782
81.0,0.7368213
18.0,-0.16675186
15.0,-0.28170377
18.0,-0.15662956
18.0,-0.11594698
18.0,-0.25838497
18.0,-0.30310062
6.0,-0.041104242
15.0,-0.057768375
21.0,0.018810794
18.0,-0.16616929
18.0,-0.15612155
9.0,-0.21812236
9.0,-0.21525688
12.0,-0.12925681
42.0,0.3840348
24.0,0.32041198
6.0,-0.19692782
15.0,-0.14512005
18.0,-0.20407955
18.0,-0.19934735
30.0,0.22935931
9.0,-0.16606669
9.0,-0.27912188
12.0,-0.13245206
18.0,-0.2428955
9.0,-0.3155968
9.0,-0.2390579
9.0,-0.2294507
6.0,-0.15767604
36.0,0.4403629
18.0,-0.14163652
6.0,-0.11160203
15.0,-0.09587513
12.0,-0.1508799
54.0,0.3861635
24.0,0.43271232
18.0,-0.118256934
12.0,-0.15090528
24.0,0.40546727
24.0,0.3677257
9.0,-0.14945899
9.0,-0.19403116
18.0,-0.1885257
84.0,0.6948399
15.0,-0.16195917
12.0,-0.282487
36.0,0.39420664
21.0,0.09901504
18.0,-0.16323571
24.0,0.5584227
9.0,-0.24808413
24.0,0.36638406
18.0,-0.12587836
18.0,-0.1786429
39.0,0.34850806
15.0,-0.13060978
18.0,-0.1536897
9.0,-0.33036667
60.0,0.40002206
18.0,-0.1667396
18.0,-0.12407455
18.0,-0.18313259
30.0,0.39294288
15.0,-0.08383307
18.0,-0.18557876
18.0,-0.15720761
15.0,-0.07907019
9.0,-0.3594657
18.0,-0.16393052
36.0,0.37097916
12.0,-0.08782525
18.0,-0.28419828
21.0,0.049777027
18.0,-0.2214635
15.0,-0.020367539
24.0,0.31822202
18.0,-0.09814726
6.0,-0.24606097
18.0,-0.13571605
18.0,-0.07962751
33.0,0.19015613
18.0,-0.20684902
18.0,-0.21744809
18.0,-0.19594984
18.0,-0.15108955
33.0,0.69109595
36.0,0.3824407
15.0,-0.11728822
9.0,-0.29513538
18.0,-0.16289775
36.0,0.24939507
12.0,-0.118844226
9.0,-0.28550956
9.0,-0.24173926
9.0,-0.19270256
18.0,-0.21576554
9.0,-0.20457804
9.0,-0.04407849
15.0,-0.159008
9.0,-0.26407996
15.0,-0.06540074
15.0,-0.24319896
12.0,-0.021613007
18.0,-0.17546193
9.0,-0.2022105
54.0,0.31691152
15.0,-0.15017007
9.0,-0.18246423
18.0,-0.25534397
12.0,-0.1871885
18.0,-0.09282168
15.0,-0.13063388
27.0,0.38720432
18.0,-0.15981399
24.0,0.4440352
9.0,-0.2351192
15.0,-0.17055157
9.0,-0.25224498
12.0,-0.18844177
12.0,-0.09746281
18.0,-0.20021155
15.0,-0.00966639
18.0,-0.11001791
18.0,-0.17642899
9.0,-0.034459658
48.0,0.24863212
24.0,0.3469269
15.0,-0.04228664
9.0,-0.042789277
9.0,-0.31819504
21.0,0.8135346
6.0,-0.14164446
30.0,0.3026954
18.0,-0.18536842
18.0,-0.1573031
18.0,-0.20219405
18.0,-0.13301095
6.0,-0.26006302
33.0,0.2969075
18.0,-0.1879934
18.0,-0.18154953
18.0,-0.15214173
9.0,-0.15020736
9.0,-0.23251918
27.0,0.25476754
21.0,-0.04086683
12.0,-0.12997445
18.0,-0.16929123
18.0,-0.15764259
18.0,-0.12969317
15.0,-0.06822317
6.0,-0.12241864
48.0,0.4430743
18.0,-0.19090042
18.0,-0.16263658
12.0,-0.1577791
18.0,-0.116657056
9.0,-0.18390512
9.0,-0.23972327
30.0,0.65369785
9.0,-0.32311472
18.0,-0.22252274
15.0,-0.10940645
18.0,-0.14894348
18.0,-0.28864834
6.0,-0.28733957
18.0,-0.15426892
9.0,-0.29889232
33.0,0.5157745
36.0,0.12354814
9.0,-0.27318224
15.0,-0.060905863
15.0,-0.07442011
9.0,-0.2903897
9.0,-0.26454142
18.0,-0.20205118
9.0,-0.14318673
27.0,0.21306182
36.0,0.3836914
75.0,0.88252294
18.0,-0.15519181
18.0,-0.15664871
9.0,-0.24748929
45.0,0.2266479
15.0,-0.046998054
18.0,-0.11340379
9.0,-0.2705022
18.0,-0.22869879
18.0,-0.17420405
33.0,0.27760085
9.0,-0.18412612
18.0,-0.1605269
9.0,-0.26434335
15.0,-0.13462782
15.0,-0.085397325
9.0,-0.3336091
18.0,-0.18020035
9.0,-0.2912784
18.0,-0.20256826
18.0,-0.13690053
18.0,-0.14191683
9.0,-0.34420055
9.0,-0.13898697
33.0,0.5304316
15.0,-0.1402992
15.0,-0.07271849
9.0,-0.26236004
18.0,-0.15127903
18.0,-0.18646695
39.0,0.2626705
18.0,-0.13642153
24.0,0.24296403
18.0,-0.11250723
9.0,-0.41827744
12.0,-0.07652071
9.0,-0.25367826
12.0,-0.1773994
9.0,-0.20582904
18.0,-0.13326094
36.0,0.3515214
15.0,-0.030830596
18.0,-0.15339573
15.0,-0.08103197
18.0,-0.33940583
18.0,-0.18595229
12.0,-0.047669735
30.0,0.33890238
15.0,-0.023648864
42.0,0.3807037
9.0,-0.1927469
9.0,-0.18826124
18.0,-0.13336964
18.0,-0.13471082
15.0,-0.104064636
18.0,-0.22224627
6.0,-0.047839135
18.0,-0.16390258
9.0,-0.17150874
30.0,0.12489275
18.0,-0.20099059
18.0,-0.21537156
9.0,-0.11712066
15.0,-0.31598517
18.0,-0.17006208
18.0,-0.29599246
9.0,-0.3341372
21.0,0.036868848
12.0,0.012192278
18.0,-0.13880478
9.0,-0.14145488
27.0,0.41728914
60.0,0.26198894
15.0,-0.048421074
9.0,-0.17081344
18.0,-0.16115719
15.0,-0.14129372
15.0,-0.07802334
54.0,0.45002723
18.0,-0.18393798
18.0,-0.23803273
45.0,0.5268971
9.0,-0.222108
18.0,-0.19237275
18.0,-0.21288793
15.0,-0.120621495
18.0,-0.14377575
15.0,-0.08175157
30.0,0.14802557
15.0,-0.10527979
9.0,0.09492372
15.0,0.01946373
21.0,-0.008052886
6.0,-0.094189815
24.0,0.4312825
6.0,-0.14809668
12.0,-0.18667157
15.0,-0.06493438
18.0,-0.165326
18.0,-0.12874284
18.0,-0.16752619
36.0,0.39545575
9.0,-0.3402617
30.0,0.4415299
18.0,-0.1969411
63.0,0.33713382
15.0,-0.1287894
15.0,-0.035394307
39.0,0.41879025
9.0,-0.26704967
12.0,-0.09156517
12.0,-0.24399114
15.0,-0.27558863
9.0,-0.37384155
18.0,-0.17581886
27.0,0.5124194
9.0,-0.09952351
9.0,-0.17724496
6.0,-0.11714963
9.0,-0.37024212
18.0,-0.11064162
18.0,-0.14634232
9.0,-0.22911163
18.0,-0.118195444
45.0,0.3329483
21.0,0.120452665
18.0,-0.16697952
18.0,-0.24722975
48.0,0.1859614
18.0,-0.16101295
42.0,-0.0069426633
18.0,-0.17617236
9.0,-0.14724733
9.0,-0.118781276
18.0,-0.14601266
15.0,-0.022006018
15.0,-0.22019796
15.0,-0.11399511
33.0,0.26561496
9.0,-0.27390367
18.0,-0.14609808
12.0,-0.1930758
18.0,-0.13688238
18.0,-0.23534945
9.0,-0.2809354
18.0,-0.13349177
18.0,-0.2039366
24.0,0.16603751
18.0,-0.14004521
15.0,-0.1362576
9.0,-0.2736019
9.0,-0.12850504
9.0,-0.12176442
9.0,-0.10185186
18.0,-0.18916671
18.0,-0.12473019
18.0,-0.18671644
9.0,-0.29966283
18.0,-0.18135189
33.0,0.22800183
15.0,-0.16919252
18.0,-0.14065021
18.0,-0.1513053
18.0,-0.08730584
21.0,-0.016340232
9.0,-0.15124638
9.0,-0.17562564
18.0,-0.2327214
18.0,-0.20625164
12.0,0.074825056
21.0,0.021605525
15.0,0.011121242
18.0,-0.08522212
9.0,-0.31135806
6.0,-0.116136454
21.0,0.026262728
18.0,-0.30248684
18.0,-0.038972188
18.0,-0.15278453
9.0,-0.1972981
18.0,-0.14893757
36.0,0.3371835
9.0,-0.22738205
18.0,-0.14231572
15.0,-0.102397166
15.0,-0.19965163
15.0,-0.15783441
12.0,0.043424264
18.0,-0.18059082
18.0,-0.20282783
9.0,-0.23838334
12.0,-0.15615752
18.0,-0.18262093
9.0,-0.14714047
9.0,-0.15094723
9.0,-0.14309095
9.0,-0.24029663
9.0,-0.31663442
9.0,-0.23599543
54.0,0.35855713
45.0,0.15350462
18.0,-0.17108342
21.0,0.69775015
9.0,-0.1770688
9.0,-0.30314153
18.0,-0.08967306
54.0,0.035189748
21.0,0.03354891
18.0,-0.26742378
27.0,0.33682746
6.0,0.0045005446
18.0,-0.20958526
9.0,-0.11349451
12.0,-0.118684396
12.0,-0.012455189
9.0,-0.14132689
15.0,-0.19653365
15.0,-0.09932103
18.0,-0.20813236
18.0,-0.20545681
9.0,-0.21605526
6.0,-0.056765497
12.0,-0.050074518
18.0,-0.20469356
21.0,0.032900944
21.0,-0.058435746
6.0,-0.18913743
9.0,-0.21805789
12.0,-0.08511954
6.0,-0.24339041
33.0,0.2619941
18.0,-0.19089463
9.0,-0.20781687
15.0,-0.18728153
9.0,-0.34181485
18.0,-0.20138589
18.0,-0.16752219
33.0,0.25913268
9.0,-0.2344374
18.0,-0.3047127
9.0,-0.32213375
24.0,0.39093262
15.0,-0.12969829
21.0,0.6424919
45.0,0.32611117
21.0,-0.03918377
9.0,-0.30064312
21.0,0.026168648
18.0,-0.2000551
15.0,0.050811697
18.0,-0.17978323
12.0,-0.24467489
15.0,-0.12319847
18.0,-0.17710455
18.0,-0.14653137
15.0,-0.12085097
9.0,-0.2515844
9.0,-0.15094723
9.0,-0.22911812
9.0,-0.28691092
9.0,-0.16743684
18.0,-0.16490315
15.0,-0.010101177
18.0,-0.15296642
18.0,-0.23176984
9.0,-0.3775004
9.0,-0.28955007
18.0,-0.21458517
36.0,0.062396225
15.0,-0.12432408
18.0,-0.152942
18.0,-0.16076297
9.0,-0.3403465
15.0,-0.101148024
18.0,-0.17348723
9.0,-0.26375842
18.0,-0.16241293
18.0,-0.17922376
18.0,-0.1830714
15.0,-0.19698739
30.0,0.607778
33.0,0.4206205
15.0,-0.12844016
9.0,-0.1522373
12.0,0.17197965
15.0,-0.10549165
6.0,-0.2363287
15.0,-0.12244836
15.0,-0.11828562
18.0,-0.19572274
12.0,0.0037687505
12.0,-0.21575418
18.0,-0.22813562
9.0,-0.20548356
18.0,-0.1199347
9.0,-0.32251763
18.0,-0.1397688
36.0,0.4250646
9.0,-0.17907095
15.0,-0.07923844
6.0,-0.0689189
15.0,-0.07511711
9.0,-0.28652558
36.0,0.27098265
15.0,-0.12544747
9.0,0.07150988
45.0,0.0891613
18.0,-0.27114847
15.0,-0.10192572
9.0,-0.27390367
18.0,-0.17432018
9.0,-0.19812548
18.0,-0.17431368
12.0,-0.036873966
9.0,-0.17925349
21.0,0.20638959
18.0,-0.19131693
12.0,-0.17895536
21.0,0.6082698
18.0,-0.23769695
54.0,0.17446612
15.0,-0.03208702
12.0,-0.17887628
33.0,0.27623335
18.0,-0.14129508
15.0,-0.0263971
18.0,-0.2767572
12.0,-0.1686126
18.0,-0.17363442
18.0,-0.042840388
27.0,0.32532373
18.0,-0.16032681
18.0,-0.15261434
9.0,-0.28049847
18.0,-0.003704917
18.0,-0.19715461
9.0,-0.2491441
18.0,-0.19059043
15.0,-0.0555355
12.0,-0.19712237
15.0,-0.17501764
9.0,-0.3034129
18.0,-0.17658281
9.0,-0.252157
9.0,-0.26771346
18.0,-0.25245357
15.0,-0.17696747
18.0,-0.22774969
15.0,-0.087423295
18.0,-0.18348956
15.0,-0.15504873
9.0,-0.1157709
9.0,-0.23167542
30.0,0.14832392
15.0,-0.10625381
9.0,-0.06038814
15.0,-0.09311923
9.0,-0.234987
12.0,-0.03553023
18.0,-0.17790154
33.0,0.481245
30.0,0.548042
18.0,-0.17426716
9.0,-0.21128613
18.0,-0.25572667
54.0,0.18369009
6.0,-0.09537808
9.0,-0.3386262
9.0,-0.19680983
18.0,-0.23712872
15.0,-0.16104484
18.0,-0.104280464
18.0,-0.1533103
42.0,0.33954144
15.0,-0.09481699
30.0,0.2084425
15.0,-0.16677435
24.0,0.31241977
9.0,-0.3183524
21.0,0.10046493
15.0,-0.1668978
9.0,-0.23732312
6.0,-0.33998168
36.0,0.35319543
18.0,-0.29302412
18.0,-0.14214133
9.0,-0.3245127
18.0,-0.1682733
18.0,-0.13103192
60.0,0.25043944
18.0,-0.12104089
15.0,-0.040433135
15.0,-0.14668748
15.0,-0.062193934
9.0,-0.28676045
21.0,0.108794495
9.0,-0.21598616
9.0,-0.2436779
18.0,-0.19651404
18.0,-0.204574
18.0,-0.17990687
9.0,-0.27281532
15.0,-0.12759416
30.0,0.50344276
30.0,0.32663208
78.0,0.28425005
18.0,-0.17732444
9.0,-0.30768305
9.0,-0.11629089
18.0,-0.17946525
36.0,0.24851069
42.0,0.31398714
30.0,0.36786965
18.0,-0.16247094
30.0,0.21248353
9.0,-0.35786086
18.0,-0.19140059
15.0,-0.09540888
69.0,0.8880272
15.0,-0.1091383
15.0,-0.09538921
15.0,-0.05710111
9.0,-0.15620524
15.0,-0.097794905
9.0,-0.35893893
15.0,-0.22821456
15.0,-0.102161825
12.0,-0.11898718
9.0,-0.2742443
90.0,0.7762046
21.0,0.06706156
15.0,-0.18783827
36.0,0.35417935
9.0,-0.19221905
45.0,0.17255856
9.0,-0.30517805
36.0,0.31287512
9.0,-0.28231516
21.0,0.58058536
9.0,-0.21512721
9.0,-0.16181546
48.0,0.21684945
15.0,-0.15829419
42.0,0.25915426
12.0,0.08212832
6.0,0.014783301
15.0,-0.07089766
9.0,-0.25764233
63.0,0.39495105
15.0,-0.063600235
18.0,-0.27796316
30.0,0.45833763
18.0,-0.30139726
18.0,-0.16376086
18.0,-0.1476701
18.0,-0.16255519
18.0,-0.20006905
15.0,-0.15705414
12.0,-0.13268118
9.0,-0.1577313
9.0,-0.34669697
15.0,-0.003157666
9.0,-0.20357572
18.0,-0.19276291
33.0,0.5260092
18.0,-0.14419553
18.0,-0.24855833
18.0,-0.15333472
9.0,-0.20041128
21.0,0.02746497
12.0,-0.15462089
15.0,-0.21306686
18.0,-0.20786549
9.0,-0.25094816
15.0,-0.22052793
24.0,0.412514
9.0,-0.17268865
33.0,0.22151478
18.0,-0.29864174
6.0,-0.11120554
21.0,-0.08473982
9.0,-0.1268137
15.0,-0.1321787
18.0,-0.18802221
18.0,-0.13852172
9.0,-0.20229042
21.0,-0.029724905
6.0,-0.1521499
18.0,-0.20147595
15.0,-0.10308862
15.0,-0.05368522
36.0,0.44450095
6.0,-0.20616639
9.0,-0.32823145
15.0,-0.20273958
15.0,-0.036865808
18.0,-0.17524089
18.0,-0.17868039
18.0,-0.14474033
15.0,-0.074680164
33.0,0.5350587
18.0,-0.23057358
18.0,-0.18325095
18.0,-0.26423243
18.0,-0.17284682
15.0,-0.18004471
18.0,-0.16238092
18.0,-0.2518543
6.0,-0.088025965
66.0,0.45264208
18.0,-0.18134195
15.0,-0.015713334
30.0,0.17132539
18.0,-0.16622268
45.0,0.20091322
24.0,0.59136856
18.0,-0.3050064
54.0,0.3765988
18.0,-0.1806778
63.0,0.42386034
48.0,0.31208587
15.0,-0.1411727
9.0,-0.27390367
18.0,-0.14954782
9.0,-0.2202177
18.0,-0.16248898
33.0,0.25317943
18.0,-0.17226695
15.0,-0.13640475
12.0,-0.08767785
18.0,-0.18808375
30.0,0.09963291
18.0,-0.17194937
78.0,0.9049952
9.0,-0.32171705
12.0,-0.11608308
9.0,-0.052306656
12.0,-0.01625472
9.0,-0.31371847
9.0,-0.17591903
9.0,-0.12371377
18.0,-0.09665025
9.0,-0.2047558
6.0,-0.23307426
15.0,-0.2683164
18.0,-0.05499887
9.0,-0.11350345
18.0,-0.18400607
21.0,0.07116728
45.0,0.33506387
21.0,0.572809
18.0,-0.12550029
9.0,-0.16821754
6.0,-0.26434147
24.0,0.70163935
9.0,-0.22626664
66.0,0.39737347
21.0,-0.015255906
18.0,-0.17649801
18.0,-0.1352714
18.0,-0.18075213
33.0,0.21210456
24.0,0.5303953
42.0,0.31408474
9.0,-0.38223726
9.0,-0.28250292
18.0,-0.16810763
9.0,-0.07969633
18.0,-0.17349678
18.0,-0.2536058
30.0,0.24114239
18.0,-0.1912625
36.0,0.093505226
9.0,-0.26391315
21.0,0.1251762
21.0,0.056920357
81.0,0.4977245
18.0,-0.18497163
18.0,-0.22372198
18.0,-0.22990373
18.0,-0.15570265
6.0,-0.019991335
9.0,-0.1392773
12.0,-0.11779262
18.0,-0.18484122
18.0,-0.14781635
33.0,0.13623486
6.0,-0.15285458
9.0,-0.21331255
18.0,-0.14504884
6.0,-0.16280384
18.0,-0.15627709
18.0,-0.19541936
9.0,-0.2166788
18.0,-0.10349595
15.0,-0.078729704
30.0,0.38503492
18.0,-0.17802791
15.0,-0.105285324
6.0,-0.16756433
9.0,-0.3593006
18.0,-0.19212186
9.0,-0.34586504
9.0,-0.20794743
30.0,0.3257205
18.0,-0.15582936
18.0,-0.18511276
18.0,-0.21324469
15.0,0.012344414
60.0,0.95689917
18.0,-0.18067755
15.0,-0.075577125
39.0,0.5879473
42.0,0.2975314
36.0,0.44235942
18.0,-0.29221287
18.0,-0.1715598
36.0,0.6469992
15.0,-0.08335154
48.0,0.47694176
54.0,0.18023239
36.0,0.120379716
21.0,0.8473065
105.0,0.49721357
9.0,-0.2744291
9.0,-0.3981435
18.0,-0.30893075
15.0,-0.08144582
18.0,-0.18127054
6.0,-0.13845834
21.0,0.7340836
69.0,0.8483821
9.0,-0.14309567
9.0,-0.2462597
18.0,-0.15825458
18.0,-0.19964203
18.0,-0.12929764
9.0,-0.31565663
18.0,-0.15948088
18.0,-0.22762784
9.0,-0.27363956
18.0,-0.17080691
33.0,0.4477368
18.0,-0.18100168
9.0,-0.18355553
18.0,-0.10717604
9.0,-0.21041678
9.0,-0.34586504
30.0,0.4150778
9.0,-0.31209832
18.0,-0.14875536
33.0,0.2663556
18.0,-0.017999312
18.0,-0.13181311
18.0,-0.17809469
18.0,-0.17437945
9.0,-0.38898695
54.0,0.31607622
9.0,-0.22884184
21.0,-0.030880032
6.0,-0.16122772
30.0,0.3921398
24.0,0.086051054
15.0,-0.09951037
21.0,0.68200177
9.0,-0.1667244
12.0,-0.14859897
78.0,1.0683734
15.0,-0.24999648
18.0,-0.25435978
18.0,-0.15273927
18.0,-0.24792877
9.0,-0.13795826
15.0,-0.11445725
9.0,-0.30137113
18.0,-0.26256713
12.0,-0.1251244
27.0,0.46976256
12.0,-0.20045836
9.0,-0.32298693
21.0,0.055323668
15.0,-0.14904435
18.0,-0.15392469
18.0,-0.1995075
18.0,-0.1425666
48.0,0.28942433
18.0,-0.20251149
9.0,-0.22181405
9.0,-0.18784508
18.0,-0.22499183
18.0,-0.07551
18.0,-0.14834514
18.0,-0.16930982
9.0,-0.17301455
15.0,-0.001813433
9.0,-0.2699463
9.0,-0.30193254
9.0,-0.31395066
24.0,0.31053963
18.0,-0.17483805
21.0,0.08340737
33.0,0.27261165
18.0,-0.13983548
9.0,-0.27150208
9.0,-0.28964213
6.0,-0.24822885
9.0,-0.14334148
15.0,-0.20196915
18.0,-0.06626005
15.0,-0.05022692
15.0,-0.18703157
9.0,-0.14036955
18.0,-0.1503109
18.0,-0.15786143
9.0,-0.07235835
18.0,-0.16708888
18.0,-0.2245225
15.0,-0.0597231
27.0,0.34369853
18.0,-0.31282932
15.0,-0.1007882
18.0,-0.18315329
30.0,0.2918082
9.0,-0.3458755
15.0,-0.1047854
9.0,-0.22533585
9.0,-0.17222552
18.0,-0.18977915
18.0,-0.23731016
6.0,-0.12211723
21.0,0.05130289
18.0,-0.19596806
18.0,-0.17359291
42.0,0.48255154
90.0,0.878516
15.0,-0.14695005
12.0,-0.15741175
6.0,-0.14080568
15.0,-0.19536954
15.0,-0.11973046
18.0,-0.13485956
18.0,-0.1872504
18.0,-0.114886664
18.0,-0.13603923
21.0,-0.10089046
9.0,-0.06914732
18.0,-0.1670821
15.0,-0.100981005
24.0,0.22455138
15.0,-0.12271325
21.0,-0.007754013
9.0,-0.29387775
33.0,0.33736384
39.0,0.23281205
18.0,-0.1754685
15.0,-0.075482786
12.0,-0.2688516
54.0,0.5671687
30.0,0.38526118
15.0,-0.08873386
45.0,0.13249902
48.0,0.08082869
15.0,-0.11726416
15.0,-0.074904986
12.0,-0.17957503
18.0,-0.23122099
18.0,-0.18780455
9.0,-0.30388895
9.0,-0.27592766
18.0,-0.17890084
18.0,-0.25995588
30.0,0.4822779
12.0,-0.0969362
15.0,-0.117175974
18.0,-0.17754324
15.0,-0.0694369
18.0,-0.170116
9.0,-0.23108754
12.0,-0.17685173
9.0,-0.3349935
18.0,-0.056708004
6.0,-0.06869708
39.0,0.34270546
9.0,-0.290982
15.0,-0.12471831
9.0,-0.23263782
9.0,-0.17700921
18.0,-0.11467631
21.0,-0.029113574
15.0,-0.08919551
18.0,-0.29624858
18.0,-0.2007009
15.0,-0.14751008
9.0,-0.15769966
15.0,-0.12880985
9.0,-0.25986153
18.0,-0.19154778
18.0,-0.12196486
21.0,0.69425225
48.0,0.17470329
9.0,-0.1767143
9.0,-0.31048352
18.0,-0.17702685
9.0,-0.048971795
9.0,-0.27593645
9.0,-0.18962727
51.0,0.16291746
18.0,-0.15587442
30.0,0.3607125
9.0,-0.30028045
18.0,-0.21253996
18.0,-0.17180821
15.0,-0.13111031
18.0,-0.057650093
9.0,-0.3350999
18.0,-0.11961957
18.0,-0.23483722
18.0,-0.1488083
9.0,-0.28652
33.0,0.1438766
15.0,0.026701892
24.0,0.9869171
15.0,-0.08364713
42.0,0.37295434
33.0,0.54194474
9.0,-0.19256657
24.0,0.19650759
21.0,0.14372548
18.0,-0.1987347
6.0,-0.098518096
9.0,-0.28689107
9.0,-0.18569382
15.0,-0.25486606
18.0,-0.17662807
39.0,0.48234218
18.0,-0.05010136
9.0,-0.20298174
15.0,-0.14839886
9.0,-0.22257121
9.0,-0.25818658
9.0,-0.20621301
18.0,-0.18828715
9.0,-0.29422492
15.0,-0.28549096
18.0,-0.19107695
18.0,-0.1524728
18.0,-0.11286687
9.0,-0.2072533
9.0,-0.31144106
12.0,-0.07280403
9.0,-0.22372751
18.0,-0.15930459
9.0,-0.15913285
21.0,0.047384843
15.0,-0.028201006
18.0,-0.27764824
27.0,0.29893202
15.0,0.01975125
15.0,-0.12136646
9.0,-0.32813838
6.0,-0.2981261
24.0,0.39668247
6.0,-0.13646932
18.0,-0.29167393
15.0,-0.092093445
9.0,-0.19544058
18.0,-0.17510727
30.0,0.1862388
9.0,-0.15748668
9.0,-0.11700377
9.0,-0.043750547
15.0,-0.037070267
45.0,0.4214004
18.0,-0.18582217
15.0,-0.10996196
15.0,-0.07861882
18.0,-0.14605929
18.0,-0.1664353
18.0,-0.20213246
18.0,-0.087036386
18.0,-0.2272679
9.0,-0.12524319
9.0,-0.19156402
21.0,0.54997635
9.0,-0.24649735
15.0,-0.21911801
9.0,-0.2884378
30.0,0.25284973
21.0,-0.06412426
24.0,0.7046599
18.0,-0.13619658
9.0,-0.18575594
9.0,0.08718177
18.0,-0.2402407
18.0,-0.0836588
18.0,-0.16194642
54.0,0.13422726
18.0,-0.20347728
54.0,0.1419376
21.0,0.0472537
27.0,0.44824794
15.0,-0.20255207
12.0,-0.11987743
18.0,-0.1294589
9.0,-0.21862173
18.0,-0.15629129
18.0,-0.2760539
12.0,-0.24796714
15.0,-0.1554681
15.0,-0.028830873
18.0,-0.1626188
18.0,-0.22311774
42.0,0.21835028
18.0,-0.26830873
15.0,-0.09404244
18.0,-0.2098557
18.0,-0.120463364
9.0,-0.19651124
21.0,0.69278973
15.0,-0.11812232
21.0,-0.08158465
18.0,-0.14022458
9.0,-0.30019334
15.0,-0.058810774
18.0,-0.20130934
9.0,-0.23294105
15.0,-0.12707078
15.0,-0.049528956
15.0,-0.20884296
18.0,-0.18079008
18.0,-0.22248635
18.0,-0.22369413
9.0,-0.11779428
18.0,-0.17046043
9.0,-0.17549229
48.0,0.4615106
12.0,0.09153515
9.0,-0.17330427
12.0,-0.2610754
18.0,-0.16934492
9.0,-0.25934666
6.0,-0.12796596
18.0,-0.17582181
9.0,-0.37299252
12.0,-0.14115585
36.0,0.12701559
9.0,-0.09069007
21.0,-0.033730853
18.0,-0.1740114
18.0,-0.15221655
15.0,-0.0006282674
18.0,-0.16300489
42.0,0.17009515
12.0,-0.19013228
15.0,-0.15097775
9.0,-0.14858489
9.0,-0.12844646
9.0,-0.25116438
15.0,0.02309012
39.0,0.33528948
9.0,-0.32253855
15.0,-0.12267798
18.0,-0.1553088
9.0,-0.24363205
18.0,-0.19404358
9.0,-0.39493906
18.0,-0.20048264
9.0,-0.099242
6.0,-0.15356728
6.0,-0.17137097
18.0,-0.20572813
9.0,-0.22077975
9.0,-0.2973489
18.0,-0.13807794
9.0,-0.4685083
9.0,-0.1018925
18.0,-0.1628005
9.0,-0.18557343
6.0,-0.11366805
6.0,-0.08372023
18.0,-0.21740285
9.0,-0.12136128
9.0,-0.30749983
21.0,0.74869543
30.0,0.4894163
9.0,-0.24294788
30.0,0.38199684
18.0,-0.23223436
18.0,-0.15513077
18.0,-0.2875092
18.0,-0.17836191
9.0,-0.32419017
18.0,-0.17332861
18.0,-0.28110817
18.0,-0.12997627
18.0,-0.13110477
21.0,0.12413804
57.0,0.42150027
9.0,-0.16173714
9.0,-0.2937282
9.0,-0.3112773
9.0,-0.1674137
9.0,-0.28830743
9.0,-0.32388332
18.0,-0.13002543
39.0,0.25795677
21.0,0.08110968
18.0,-0.15560481
9.0,-0.36164442
15.0,-0.14380236
30.0,0.41050553
18.0,-0.09923572
36.0,0.28796074
15.0,-0.15944181
9.0,-0.31408712
6.0,-0.14616573
9.0,-0.15549059
18.0,-0.16376707
18.0,-0.15030788
15.0,-0.065289006
36.0,0.39436024
18.0,-0.13800997
9.0,0.088698715
18.0,-0.23876089
15.0,-0.043467537
12.0,0.09705664
18.0,-0.19210392
18.0,-0.15388276
9.0,-0.3019077
15.0,-0.11309121
18.0,-0.1087477
18.0,-0.17524797
15.0,-0.10399236
18.0,-0.15689942
15.0,-0.074164145
18.0,-0.12252766
90.0,0.5053389
21.0,-0.052741364
12.0,-0.16197474
18.0,-0.16769645
18.0,-0.2859284
18.0,-0.17979011
15.0,-0.031579766
18.0,-0.18326575
15.0,-0.23736037
9.0,-0.31831622
54.0,0.18353702
9.0,-0.14932072
24.0,0.11577422
15.0,-0.08764595
18.0,-0.2628719
12.0,-0.13329844
18.0,-0.20531927
18.0,-0.19132006
12.0,-0.1270101
18.0,-0.15564051
15.0,-0.21845609
15.0,-0.109359875
12.0,-0.1412367
9.0,-0.10096636
12.0,-0.038038515
12.0,-0.08339605
15.0,-0.024519581
15.0,-0.15553187
18.0,-0.15681802
9.0,-0.23621562
9.0,-0.3891469
21.0,0.7622076
9.0,-0.3263776
15.0,-0.16527125
18.0,-0.14619105
6.0,-0.22715658
18.0,-0.12533832
15.0,-0.060291484
9.0,-0.22480734
18.0,-0.16258745
18.0,-0.18001993
15.0,-0.07259459
18.0,-0.1912504
9.0,-0.24869113
9.0,-0.27438092
21.0,0.058345467
54.0,0.33835107
18.0,-0.18590966
18.0,-0.17549564
18.0,-0.1394782
54.0,0.2633673
9.0,-0.23702456
9.0,-0.32253855
42.0,0.40199423
15.0,-0.052858394
18.0,-0.16132504
33.0,0.56738096
6.0,-0.5399736
18.0,-0.21034628
18.0,-0.16277362
18.0,-0.18539082
9.0,-0.10916544
6.0,-0.28733957
15.0,-0.19961609
9.0,-0.20867538
9.0,-0.26835006
18.0,-0.2048295
18.0,-0.12712246
15.0,-0.08719162
9.0,-0.23642857
15.0,-0.08744354
15.0,-0.04844674
9.0,-0.22918616
21.0,0.07580611
9.0,-0.32415333
18.0,-0.11622819
18.0,-0.18067603
18.0,-0.16509402
6.0,-0.24562652
18.0,-0.36048755
15.0,-0.17606835
90.0,0.9181813
18.0,-0.08764813
9.0,-0.36326852
18.0,-0.14583689
9.0,-0.21893801
9.0,-0.24766107
18.0,-0.16507459
18.0,-0.18543823
15.0,-0.1795125
6.0,-0.51833194
15.0,-0.11121594
33.0,0.42268872
36.0,0.14881581
15.0,-0.11251037
18.0,-0.1569684
15.0,-0.0829982
18.0,-0.025934113
15.0,-0.17650469
9.0,-0.0823529
9.0,-0.24263783
6.0,-0.18763429
21.0,-0.037266143
15.0,-0.15459642
9.0,-0.13800722
18.0,-0.15149695
18.0,-0.20807745
9.0,-0.21925624
15.0,-0.109290525
33.0,0.25352636
18.0,-0.13704516
18.0,-0.14721502
9.0,-0.039543856
18.0,-0.16367237
24.0,0.35324916
18.0,-0.13096449
18.0,-0.19237444
9.0,-0.18637851
9.0,-0.26299807
60.0,0.4605604
9.0,-0.23397546
15.0,-0.099087596
15.0,-0.09785613
18.0,-0.1586618
15.0,-0.09713356
21.0,0.052574206
21.0,0.10790256
15.0,-0.13152048
18.0,-0.12533593
18.0,-0.2192156
24.0,0.25217262
12.0,-0.1226273
9.0,-0.15030394
12.0,-0.14873551
18.0,-0.15142511
18.0,-0.12287638
6.0,-0.19103742
21.0,0.6929267
18.0,-0.14183207
6.0,-0.068541974
9.0,-0.2902305
18.0,-0.13865499
18.0,-0.13682047
18.0,-0.16652463
21.0,-0.038804222
18.0,-0.15103252
15.0,-0.25420275
9.0,-0.3231466
18.0,-0.23520342
39.0,0.3224112
18.0,-0.27776378
18.0,-0.16535391
6.0,-0.21507052
15.0,0.009996919
30.0,0.5145284
15.0,-0.08940862
15.0,-0.09711132
18.0,-0.10725169
15.0,-0.15509775
18.0,-0.22367226
15.0,-0.13313551
9.0,-0.13813269
30.0,0.31023344
30.0,0.43968466
18.0,-0.17235787
75.0,0.51136196
12.0,-0.1910091
15.0,-0.22116888
6.0,-0.17807928
18.0,-0.1599405
21.0,0.10379147
36.0,0.35419837
9.0,-0.27739424
6.0,-0.13828503
21.0,0.020602379
6.0,-0.2848648
9.0,-0.25170764
18.0,-0.13464525
15.0,-0.12887272
15.0,-0.06794472
18.0,-0.16431637
9.0,-0.25068253
15.0,-0.048310727
24.0,0.3485188
18.0,-0.13271344
6.0,-0.09849855
54.0,0.37146652
9.0,-0.31438518
6.0,-0.31579345
18.0,-0.15785769
12.0,-0.10258576
9.0,-0.057063274
18.0,-0.12419095
12.0,-0.2335702
18.0,-0.20698377
18.0,-0.118074976
9.0,-0.2874813
69.0,0.3299677
60.0,0.5878498
21.0,0.1253708
18.0,-0.1537365
6.0,-0.17250511
18.0,-0.15059905
78.0,0.2806436
30.0,0.41842023
39.0,0.33261198
9.0,-0.10304098
21.0,0.015666898
9.0,-0.24123286
9.0,-0.27909842
18.0,-0.20640935
12.0,0.009214331
18.0,-0.22973575
51.0,0.45068634
18.0,-0.29575682
6.0,-0.20395362
18.0,-0.095080145
12.0,-0.1383917
18.0,-0.2716307
18.0,-0.18649183
18.0,-0.20656094
18.0,-0.123399556
36.0,0.44334912
78.0,0.4235626
39.0,0.36699146
9.0,-0.39978185
18.0,-0.16011266
33.0,0.32289004
15.0,-0.07817148
18.0,-0.104070984
15.0,-0.1211405
9.0,-0.313566
21.0,0.059512988
9.0,-0.32710743
9.0,-0.14360906
66.0,0.56145346
9.0,-0.10097758
9.0,-0.33853644
15.0,-0.12466694
9.0,-0.13482843
30.0,0.21720767
15.0,-0.087878436
12.0,-0.20232062
15.0,-0.048220865
21.0,0.42528814
9.0,-0.29597348
18.0,-0.16535586
18.0,-0.22629276
9.0,-0.18757766
18.0,-0.24759527
15.0,-0.16014272
18.0,-0.21179703
21.0,0.03860086
18.0,-0.12127099
18.0,-0.051347475
18.0,-0.18967623
36.0,0.32664338
18.0,-0.19022782
30.0,0.29000688
54.0,0.47237623
6.0,-0.19649191
18.0,-0.19061862
75.0,1.053941
21.0,0.06311455
9.0,-0.2266995
18.0,-0.1307382
18.0,-0.15407835
15.0,-0.03320358
18.0,-0.13749096
18.0,-0.01582276
12.0,-0.027051406
15.0,-0.11238832
9.0,-0.2371184
9.0,-0.11656621
24.0,0.47297254
15.0,-0.11942616
9.0,-0.31626308
18.0,-0.27218544
18.0,-0.21106286
18.0,-0.1934051
15.0,-0.11385594
18.0,-0.16339265
18.0,-0.1829115
9.0,-0.22205994
15.0,-0.034387413
21.0,0.13335685
18.0,-0.17608157
18.0,-0.13693804
9.0,-0.2932735
33.0,0.56150633
9.0,-0.14743088
18.0,-0.16127093
18.0,-0.16816129
15.0,-0.16922702
36.0,0.28011486
9.0,-0.2529429
15.0,-0.17084546
18.0,-0.05415527
6.0,-0.08617555
9.0,-0.2733151
33.0,0.38911524
18.0,-0.15499796
42.0,0.5200471
18.0,-0.17251612
18.0,-0.21688937
15.0,-0.24504665
6.0,-0.10535057
9.0,-0.14027753
15.0,-0.010884093
42.0,0.36748227
18.0,-0.19223537
18.0,-0.18280943
9.0,-0.26198152
9.0,-0.29985294
15.0,-0.15694413
12.0,-0.19532293
18.0,-0.12631124
12.0,-0.15092875
18.0,-0.16770788
9.0,-0.11975835
42.0,0.08591461
18.0,-0.12948242
18.0,-0.17595522
18.0,-0.23992163
15.0,-0.15268669
69.0,0.3426942
18.0,-0.20166458
18.0,-0.1864078
18.0,-0.20826882
18.0,-0.2065937
9.0,-0.30071256
6.0,-0.1428457
18.0,-0.17290986
18.0,-0.18207394
12.0,-0.1535714
9.0,-0.14953838
21.0,0.45658275
18.0,-0.17589042
15.0,-0.15369171
12.0,-0.02906664
15.0,-0.044263322
48.0,0.11240128
9.0,-0.31108564
21.0,0.0070504355
21.0,-0.05924843
6.0,-0.17391908
21.0,0.02983019
18.0,-0.17704643
42.0,0.24140832
51.0,0.48926854
9.0,-0.25055316
18.0,-0.11001948
18.0,-0.25566667
15.0,-0.20221727
6.0,-0.25467488
18.0,-0.18474077
18.0,-0.13695934
18.0,-0.22771084
30.0,0.41069874
9.0,-0.24834764
6.0,-0.1787299
15.0,-0.20410436
21.0,0.77104723
39.0,0.44731942
18.0,-0.122363135
18.0,-0.16412692
15.0,-0.122779526
12.0,-0.112775296
9.0,-0.1344306
21.0,-0.10286923
27.0,0.28351274
18.0,-0.10528999
18.0,-0.18380511
45.0,0.29986188
18.0,-0.120623566
12.0,-0.21794954
9.0,-0.048408005
18.0,-0.21180396
15.0,-0.19833419
30.0,0.46368787
9.0,-0.33055463
18.0,-0.15906174
18.0,-0.11438777
9.0,-0.12264747
9.0,-0.3014043
21.0,0.054637767
18.0,-0.26039255
15.0,-0.061790604
18.0,-0.21165398
15.0,-0.107414536
21.0,0.012649478
18.0,-0.17297567
9.0,-0.08454304
27.0,0.39111242
15.0,-0.1651147
18.0,-0.12617503
18.0,-0.19764757
18.0,-0.1932286
18.0,-0.17863162
18.0,-0.08537581
15.0,-0.011194893
9.0,-0.47956207
15.0,-0.021768548
15.0,-0.052687414
18.0,-0.19694152
18.0,-0.18048032
30.0,0.23100995
18.0,-0.12856553
18.0,-0.21200745
21.0,-0.06318111
6.0,-0.22840624
9.0,-0.15978098
33.0,0.4162326
18.0,-0.14976321
15.0,-0.13778447
12.0,-0.15889151
15.0,-0.07496064
18.0,-0.28006858
24.0,1.0208225
24.0,0.3506805
21.0,0.057490077
24.0,0.6318017
33.0,0.26365718
9.0,-0.25519067
27.0,0.37499952
18.0,-0.19081716
6.0,-0.1471398
9.0,-0.22628635
18.0,-0.16475037
24.0,0.30105942
9.0,-0.27339196
9.0,-0.1502137
9.0,-0.14217137
9.0,-0.22628635
36.0,0.27601507
18.0,-0.13776286
18.0,-0.16281158
9.0,-0.3509271
18.0,-0.1993151
30.0,0.76020426
18.0,-0.221133
9.0,0.014385797
18.0,-0.11998229
21.0,0.09194235
18.0,-0.14406331
15.0,-0.17600991
18.0,-0.16569725
18.0,-0.16565199
6.0,-0.068362534
15.0,-0.13257165
18.0,-0.16119583
12.0,-0.23208085
69.0,0.44554862
15.0,-0.15194894
18.0,-0.12157277
18.0,-0.16258036
9.0,-0.3195406
9.0,-0.28541172
18.0,-0.16767676
9.0,-0.13514812
18.0,-0.12025351
45.0,0.24693589
18.0,-0.13053206
18.0,-0.11700638
33.0,0.4750159
18.0,-0.14986114
69.0,0.5980623
9.0,-0.26577032
12.0,-0.14173858
21.0,0.72930056
36.0,0.3995662
12.0,-0.13659908
12.0,-0.15999037
45.0,0.5037998
15.0,-0.07245359
33.0,0.092662506
18.0,-0.18377472
18.0,-0.15366468
30.0,0.27916783
9.0,-0.25706863
9.0,-0.2818102
54.0,0.48920068
12.0,-0.08468888
15.0,-0.0693574
9.0,-0.07551999
18.0,-0.15402529
18.0,-0.18273674
18.0,-0.1895834
18.0,-0.14013445
18.0,-0.1582963
15.0,-0.06898749
42.0,0.352457
18.0,-0.13954684
12.0,-0.034417268
18.0,-0.052303392
6.0,-0.054626558
9.0,-0.18462653
9.0,-0.2211267
21.0,0.013085385
9.0,-0.07586489
18.0,-0.1619828
9.0,-0.15835738
9.0,-0.2681505
15.0,-0.10050992
18.0,-0.18650435
15.0,-0.13575539
18.0,-0.17345005
18.0,-0.15695858
18.0,-0.18545702
18.0,-0.15239261
6.0,-0.24932483
48.0,0.336222
18.0,-0.13731135
33.0,0.17075086
15.0,-0.13138075
18.0,-0.22013183
18.0,-0.23200107
18.0,-0.17924705
18.0,-0.20234196
18.0,-0.19241638
9.0,-0.37376422
18.0,-0.15707842
12.0,-0.1828747
9.0,-0.21329236
15.0,-0.1014313
9.0,-0.28859368
9.0,-0.21872249
18.0,-0.18602233
12.0,-0.19067758
30.0,0.25490507
12.0,-0.08269146
18.0,-0.14741421
36.0,0.37375253
18.0,-0.16147625
15.0,-0.048453648
36.0,0.115376055
18.0,-0.16591331
42.0,0.07764305
24.0,0.37174547
18.0,-0.13115016
18.0,-0.15093741
18.0,-0.21592273
18.0,-0.1896223
15.0,-0.10052305
18.0,-0.113342755
9.0,-0.2503542
42.0,0.15852028
18.0,-0.26513225
15.0,-0.0821667
33.0,0.40214536
15.0,-0.1419962
18.0,-0.21705745
9.0,-0.2903807
18.0,-0.2000434
18.0,-0.09431645
48.0,0.3391097
18.0,-0.0519911
30.0,0.23971821
9.0,-0.16809085
18.0,-0.16383627
18.0,-0.24904962
18.0,-0.16319095
21.0,0.014818053
63.0,0.5673744
12.0,-0.185517
18.0,-0.16168159
15.0,-0.11540912
9.0,-0.22413686
15.0,-0.24734145
6.0,-0.14385022
15.0,-0.179274
9.0,-0.43293157
15.0,-0.12608781
18.0,-0.18409516
15.0,-0.058091797
18.0,-0.16806935
9.0,-0.30518746
15.0,-0.15538152
9.0,-0.2214309
18.0,-0.18380672
9.0,-0.17248611
12.0,-0.27285755
12.0,-0.19416618
6.0,-0.36175665
12.0,-0.16012685
9.0,-0.2031269
6.0,-0.22365311
9.0,-0.21069093
18.0,-0.1391936
6.0,0.068703726
18.0,-0.15393539
9.0,-0.17164867
15.0,-0.11416908
21.0,0.6718227
24.0,0.2770465
18.0,-0.13044928
18.0,-0.18969811
9.0,-0.18937816
6.0,-0.19452874
54.0,0.19070293
18.0,-0.20473905
18.0,-0.19464043
18.0,-0.12758969
21.0,-0.007574306
18.0,-0.12101799
9.0,-0.28228474
18.0,-0.15610328
18.0,-0.1638235
9.0,-0.29099092
6.0,-0.25090274
18.0,-0.14757515
18.0,-0.1344857
9.0,-0.21640494
15.0,-0.124821335
18.0,-0.15630211
18.0,-0.17526929
18.0,-0.20110185
21.0,0.03714039
9.0,-0.24235635
18.0,-0.16443513
18.0,-0.15963179
21.0,-0.020332566
15.0,-0.012446059
18.0,-0.25790247
18.0,-0.1666227
15.0,-0.13476346
15.0,-0.15566395
18.0,-0.15661944
18.0,-0.16894846
18.0,-0.23275979
9.0,-0.18328723
18.0,-0.17805691
12.0,-0.009108768
9.0,-0.1973423
18.0,-0.16641818
36.0,0.35221907
9.0,-0.28642103
45.0,0.22660644
9.0,-0.27230516
45.0,0.30524272
39.0,0.26069614
18.0,-0.22961408
15.0,0.12716338
18.0,-0.14749508
15.0,-0.18645853
18.0,-0.18460558
18.0,-0.043129917
24.0,0.5262564
15.0,-0.14862557
9.0,-0.12456415
18.0,-0.20434621
15.0,-0.10541384
15.0,-0.0999819
18.0,-0.12109967
9.0,-0.22192101
18.0,-0.18048978
15.0,-0.13204491
15.0,-0.0924546
30.0,0.23042002
15.0,-0.114525154
6.0,-0.073724695
18.0,-0.17065364
6.0,0.2773895
9.0,-0.11698363
36.0,0.39616555
9.0,-0.12079865
18.0,-0.19855386
24.0,0.50217277
18.0,-0.16107877
18.0,-0.18777213
6.0,-0.27172896
18.0,-0.059386
18.0,-0.22284828
6.0,-0.14786987
18.0,-0.15779684
18.0,-0.19193539
18.0,-0.13977534
9.0,-0.3019077
9.0,-0.21892822
15.0,-0.15470746
6.0,-0.10535057
18.0,-0.1349407
9.0,-0.18600959
6.0,-0.14819251
12.0,0.24587314
6.0,-0.22881949
60.0,0.5469158
9.0,-0.25795707
18.0,-0.14582407
6.0,-0.11758975
18.0,-0.18309788
18.0,-0.16255091
18.0,-0.171928
18.0,-0.16825473
9.0,0.004957329
18.0,-0.20851734
18.0,-0.15723404
33.0,0.5482521
9.0,-0.40141356
15.0,-0.28176123
18.0,-0.22325796
12.0,0.10282714
30.0,0.43447784
18.0,-0.1410812
18.0,-0.2517242
12.0,-0.14210117
75.0,0.55465
6.0,-0.07505929
9.0,-0.16634023
18.0,-0.15624331
18.0,-0.12891611
9.0,-0.25249544
18.0,-0.21847916
15.0,-0.13459772
18.0,-0.12394085
18.0,-0.17607076
15.0,-0.23152354
9.0,-0.07627147
15.0,-0.14016406
45.0,0.6624034
18.0,-0.19832258
18.0,-0.1989792
30.0,0.3347758
18.0,-0.15767999
6.0,-0.19746765
18.0,-0.17491822
12.0,-0.16105756
18.0,-0.21883318
15.0,-0.16741681
18.0,-0.22685358
30.0,0.54091996
9.0,-0.26990753
15.0,-0.08436228
18.0,-0.20701185
24.0,0.3217814
9.0,-0.26945344
21.0,-0.102458365
15.0,-0.17255881
18.0,-0.13249004
21.0,0.009129261
6.0,-0.107787214
18.0,-0.1223421
33.0,0.22870843
15.0,-0.21303247
18.0,-0.12821527
15.0,-0.2052984
18.0,-0.1517177
12.0,0.025985837
