City,Feature,Feature_value,SHAP_value,used_in_panels
Shanghai,EUI,186.0630269,-0.01562449895,a
Wuhan,EUI,115.8748305,0.1654138863,a
Shanghai,EUI,188.2998177,0.01423793659,a
Guangzhou,EUI,209.1166956,0.07494224608,a
Wuhan,EUI,195.953976,0.1331427097,a
Shanghai,EUI,112.5992859,0.13772282,a
Guangzhou,EUI,210.1468176,0.09304455668,a
Wuhan,EUI,195.953976,0.005391106941,a
Shanghai,EUI,191.0414887,0.1100341976,a
Wuhan,EUI,192.4179605,0.2205227911,a
Beijing,EUI,31.89,-0.5893432498,a
Guangzhou,EUI,210.7021049,0.0668926686,a
Beijing,EUI,107.67,-0.09303288907,a
Shanghai,EUI,187.2485478,0.1438787729,a
Wuhan,EUI,113.4711731,0.0412639603,a
Shanghai,EUI,106.9527713,-0.1176348776,a
Guangzhou,EUI,294.1702351,0.1276663244,a
Shanghai,EUI,189.724048,-0.1168254018,a
Shanghai,EUI,110.056914,0.03585400432,a
Shanghai,EUI,188.2998177,0.009445441887,a
Wuhan,EUI,112.2011206,0.1248548552,a
Shanghai,EUI,122.5042299,0.048921749,a
Shanghai,EUI,191.0414887,0.04095540196,a
Wuhan,EUI,195.953976,0.1332509369,a
Guangzhou,EUI,118.3235398,-0.01898072287,a
Shanghai,EUI,110.056914,0.05992841348,a
Beijing,EUI,107.67,-0.1080357954,a
Shanghai,EUI,106.0727756,-0.1485318094,a
Shanghai,EUI,189.724048,-0.0862307772,a
Shanghai,EUI,122.5042299,0.0478342399,a
Shanghai,EUI,187.0125889,0.02896608412,a
Shanghai,EUI,188.2998177,0.04886753485,a
Guangzhou,EUI,111.1657101,-0.05150394887,a
Wuhan,EUI,114.3902853,0.168835476,a
Beijing,EUI,31.89,-0.3402605951,a
Shanghai,EUI,115.325407,0.02776584402,a
Shanghai,EUI,195.2049422,-0.05756440759,a
Beijing,EUI,31.89,-0.5662735701,a
Shanghai,EUI,187.2485478,-0.04446260259,a
Shanghai,EUI,187.2485478,0.1030249298,a
Beijing,EUI,31.89,0.007816677913,a
Guangzhou,EUI,109.7917022,0.04867640883,a
Shanghai,EUI,107.9609077,-0.03961469233,a
Shanghai,EUI,112.5992859,0.2166056931,a
Shanghai,EUI,186.0630269,0.1136588007,a
Shanghai,EUI,195.2049422,-0.06297098845,a
Shanghai,EUI,106.577636,0.0263697058,a
Shanghai,EUI,109.462613,0.06019907072,a
Shanghai,EUI,186.0630269,0.005373476073,a
Shanghai,EUI,193.1126855,-0.08625531942,a
Wuhan,EUI,113.6977309,-0.04650989547,a
Wuhan,EUI,190.3989335,-0.09371311963,a
Shanghai,EUI,116.1881784,0.07467546314,a
Shanghai,EUI,107.585316,0.0589848794,a
Shanghai,EUI,188.7835764,0.04783704504,a
Shanghai,EUI,188.2998177,0.02928607911,a
Shanghai,EUI,280.6221637,0.3140239418,a
Shanghai,EUI,106.9527713,0.02898026071,a
Shanghai,EUI,276.9039955,-0.007061592303,a
Shanghai,EUI,195.2049422,-0.07086014003,a
Shanghai,EUI,191.0414887,-0.005903802812,a
Beijing,EUI,31.89,0.01799410209,a
Shanghai,EUI,106.9552835,-0.09608373046,a
Wuhan,EUI,275.5300433,0.04540937766,a
Guangzhou,EUI,203.9964083,-0.04670354724,a
Shanghai,EUI,197.3488027,0.09080778062,a
Wuhan,EUI,195.7330632,0.1028030142,a
Shanghai,EUI,277.1405325,0.04151650891,a
Shanghai,EUI,106.1021412,-0.1935004592,a
Wuhan,EUI,195.7330632,-0.05055299774,a
Wuhan,EUI,113.0252148,0.1326198876,a
Wuhan,EUI,193.5994381,-0.03286826611,a
Shanghai,EUI,107.1539687,0.03923708946,a
Beijing,EUI,31.89,-0.4400447011,a
Beijing,EUI,107.67,0.005186505616,a
Shanghai,EUI,188.2998177,0.08435589075,a
Wuhan,EUI,195.953976,-0.09224712104,a
Wuhan,EUI,114.3902853,0.07667510957,a
Shanghai,EUI,272.5330194,-0.01813567802,a
Wuhan,EUI,195.7330632,0.07291158289,a
Beijing,EUI,31.89,-0.372281462,a
Guangzhou,EUI,210.7021049,0.06211574376,a
Shanghai,EUI,197.3488027,0.04546740279,a
Shanghai,EUI,187.0125889,0.0680821687,a
Guangzhou,EUI,210.7021049,-0.01056773588,a
Shanghai,EUI,191.0414887,-6.335771468e-05,a
Guangzhou,EUI,203.9964083,-0.0440139398,a
Shanghai,EUI,193.1126855,-0.01043567713,a
Shanghai,EUI,106.0727756,-0.2495139092,a
Shanghai,EUI,195.4514685,-0.08305026591,a
Shanghai,EUI,277.1405325,0.06176531315,a
Shanghai,EUI,186.0630269,0.08759084344,a
Shanghai,EUI,107.585316,0.03670663759,a
Shanghai,EUI,186.0630269,0.1244554371,a
Beijing,EUI,93.68,-0.1042206511,a
Beijing,EUI,31.89,-0.3211871982,a
Shanghai,EUI,106.4164739,-0.01178389322,a
Shanghai,EUI,191.1767205,0.1631926447,a
Shanghai,EUI,275.789566,0.0107512176,a
Shanghai,EUI,106.3644518,-0.1854102761,a
Wuhan,EUI,192.9705051,0.1013841853,a
Beijing,EUI,107.67,-0.0636652261,a
Guangzhou,EUI,210.7021049,0.02543765493,a
Guangzhou,EUI,107.3167757,0.06504976749,a
Shanghai,EUI,275.8490294,-0.04395032302,a
Wuhan,EUI,190.3989335,-0.08435485512,a
Shanghai,EUI,116.702929,0.1075318009,a
Wuhan,EUI,114.3902853,0.05275883898,a
Shanghai,EUI,196.9700178,-0.05554382131,a
Beijing,EUI,107.67,-0.0001867578831,a
Beijing,EUI,31.89,-0.2691302299,a
Shanghai,EUI,106.999129,-0.06436236948,a
Shanghai,EUI,195.2049422,-0.05947135761,a
Shanghai,EUI,188.2998177,0.0005437025684,a
Wuhan,EUI,111.8004465,0.1145761162,a
Beijing,EUI,107.67,-0.00205104216,a
Guangzhou,EUI,210.7021049,-0.02247998863,a
Shanghai,EUI,116.2192045,-0.00108949712,a
Shanghai,EUI,107.4101181,0.02759185992,a
Guangzhou,EUI,209.1166956,-0.1189558804,a
Shanghai,EUI,186.0630269,0.07202672213,a
Shanghai,EUI,193.1126855,-0.04901090264,a
Shanghai,EUI,186.0630269,-0.008145177737,a
Shanghai,EUI,188.2998177,-0.02217619121,a
Wuhan,EUI,114.2417941,0.1317319274,a
Shanghai,EUI,196.9700178,-0.07063134015,a
Shanghai,EUI,195.4514685,0.02065604925,a
Shanghai,EUI,186.0630269,-0.0220323354,a
Guangzhou,EUI,106.0466835,-0.2070144117,a
Beijing,EUI,31.89,-0.5012265444,a
Shanghai,EUI,110.056914,-0.07824991643,a
Wuhan,EUI,195.7330632,0.2126467526,a
Shanghai,EUI,186.0630269,0.03032644093,a
Beijing,EUI,107.67,-0.02039957978,a
Wuhan,EUI,192.9705051,0.3418973386,a
Shanghai,EUI,195.4514685,-0.05956647918,a
Beijing,EUI,31.89,-0.3770188689,a
Guangzhou,EUI,210.0137391,0.09832895547,a
Shanghai,EUI,186.0630269,0.3031181693,a
Beijing,EUI,31.89,-0.3279028833,a
Guangzhou,EUI,210.1468176,0.1309181601,a
Shanghai,EUI,125.3372569,-0.08775307238,a
Beijing,EUI,31.89,-0.6284797192,a
Guangzhou,EUI,103.8821675,-0.4080519974,a
Guangzhou,EUI,294.1702351,0.1190900952,a
Shanghai,EUI,187.0125889,0.1199619621,a
Guangzhou,EUI,210.7021049,0.03087244183,a
Wuhan,EUI,114.2417941,0.1811748147,a
Shanghai,EUI,195.2049422,-0.1048318297,a
Shanghai,EUI,106.0727756,-0.1618022919,a
Shanghai,EUI,186.0630269,-0.002827912336,a
Wuhan,EUI,113.6977309,0.04943035543,a
Guangzhou,EUI,210.1468176,0.004544516094,a
Wuhan,EUI,190.3989335,0.04401778802,a
Shanghai,EUI,187.2485478,-0.02383803204,a
Beijing,EUI,107.67,-0.09900900722,a
Guangzhou,EUI,198.9517433,0.01471065916,a
Shanghai,EUI,276.9039955,-0.0786011368,a
Shanghai,EUI,110.056914,0.01359081827,a
Shanghai,EUI,186.0630269,0.04548946768,a
Shanghai,EUI,107.1539687,0.02367383428,a
Shanghai,EUI,189.724048,0.02966491133,a
Shanghai,EUI,106.9527713,-0.01914638467,a
Guangzhou,EUI,102.243521,-0.6479103565,a
Beijing,EUI,107.67,6.604962982e-05,a
Shanghai,EUI,195.4514685,-0.0225190632,a
Beijing,EUI,31.89,-0.5308577418,a
Wuhan,EUI,118.2591051,0.02137026377,a
Shanghai,EUI,195.2049422,-0.0706699118,a
Shanghai,EUI,195.4514685,-0.04238654673,a
Shanghai,EUI,187.2485478,0.1040415391,a
Wuhan,EUI,116.2730259,-0.02066022158,a
Beijing,EUI,129.48,0.01694652438,a
Guangzhou,EUI,206.186642,0.1233107075,a
Beijing,EUI,107.68,0.05418467149,a
Shanghai,EUI,191.0414887,-0.0182797052,a
Wuhan,EUI,192.4179605,0.1687436998,a
Shanghai,EUI,122.5042299,-0.00125614868,a
Shanghai,EUI,188.2998177,0.06093016639,a
Shanghai,EUI,106.577636,-0.007916733623,a
Shanghai,EUI,109.462613,0.04373582825,a
Shanghai,EUI,191.0414887,0.001134948456,a
Shanghai,EUI,275.789566,-0.04148840904,a
Shanghai,EUI,110.056914,0.05537045375,a
Shanghai,EUI,188.7835764,0.1043189466,a
Shanghai,EUI,188.7835764,0.06844619662,a
Shanghai,EUI,186.0630269,0.07121822983,a
Wuhan,EUI,115.0606403,0.08046270162,a
Guangzhou,EUI,210.7021049,0.04616092145,a
Shanghai,EUI,193.1126855,-0.0874370262,a
Wuhan,EUI,195.953976,-0.08395731449,a
Guangzhou,EUI,104.6823998,-0.477375567,a
Beijing,EUI,107.67,-0.07969079167,a
Wuhan,EUI,113.6977309,0.1641848087,a
Shanghai,EUI,191.1767205,0.08500813693,a
Shanghai,EUI,188.2998177,-0.02737188153,a
Shanghai,EUI,107.4101181,0.02354981564,a
Beijing,EUI,31.89,-0.02109400369,a
Shanghai,EUI,109.8196342,0.006453225389,a
Wuhan,EUI,115.0606403,0.09682940692,a
Shanghai,EUI,105.771287,-0.2137216181,a
Shanghai,EUI,189.724048,-0.02489498258,a
Shanghai,EUI,186.0630269,0.07775870711,a
Wuhan,EUI,189.9606477,0.1598478258,a
Shanghai,EUI,187.6140269,0.08633247018,a
Guangzhou,EUI,210.1468176,0.1545793116,a
Shanghai,EUI,193.1126855,-0.08007580787,a
Guangzhou,EUI,111.1657101,0.03167213872,a
Beijing,EUI,31.89,-0.2691300809,a
Shanghai,EUI,186.0630269,-0.07763325423,a
Shanghai,EUI,106.999129,-0.07043216377,a
Shanghai,EUI,186.0630269,0.003272960195,a
Shanghai,EUI,188.2998177,0.03489247337,a
Shanghai,EUI,188.2998177,-0.09274306893,a
Wuhan,EUI,279.5582219,0.1090435237,a
Beijing,EUI,31.89,-0.5509765744,a
Shanghai,EUI,107.1539687,-0.04579972103,a
Wuhan,EUI,193.5994381,-0.1660854816,a
Guangzhou,EUI,209.1166956,0.01677607372,a
Shanghai,EUI,188.2998177,0.04057275504,a
Shanghai,EUI,195.2049422,-0.09048040956,a
Shanghai,EUI,196.9700178,-0.1033578888,a
Shanghai,EUI,187.6140269,0.05562207103,a
Beijing,EUI,107.68,-0.02798754908,a
Shanghai,EUI,188.2998177,0.04674567282,a
Shanghai,EUI,107.4101181,0.05630319566,a
Guangzhou,EUI,210.7021049,0.008382167667,a
Wuhan,EUI,195.953976,0.04743345082,a
Shanghai,EUI,113.6707909,0.1704786867,a
Shanghai,EUI,195.4514685,-0.04522802681,a
Shanghai,EUI,188.2998177,0.02191159315,a
Shanghai,EUI,191.0414887,0.1131647825,a
Beijing,EUI,107.68,-0.07978752255,a
Shanghai,EUI,273.2895274,-0.08678376675,a
Shanghai,EUI,189.724048,-0.09782497585,a
Guangzhou,EUI,210.1468176,0.1467574984,a
Shanghai,EUI,109.462613,0.1058248356,a
Wuhan,EUI,195.953976,0.1262581944,a
Beijing,EUI,129.48,0.009230840951,a
Wuhan,EUI,279.2955225,0.04970739409,a
Guangzhou,EUI,104.126868,-0.3153140545,a
Wuhan,EUI,118.2591051,0.1208106652,a
Shanghai,EUI,195.4514685,0.05440208316,a
Shanghai,EUI,196.9700178,0.01575830951,a
Shanghai,EUI,188.2998177,-0.004867215641,a
Beijing,EUI,107.67,-0.05814164504,a
Wuhan,EUI,205.874483,0.1718592495,a
Shanghai,EUI,187.2485478,0.1106622443,a
Shanghai,EUI,107.1539687,0.002165745711,a
Shanghai,EUI,191.0414887,-0.040496286,a
Wuhan,EUI,112.2011206,0.1016535684,a
Wuhan,EUI,113.6764439,0.07857421041,a
Guangzhou,EUI,203.9964083,-0.02379747666,a
Guangzhou,EUI,209.1166956,-0.03647013009,a
Shanghai,EUI,106.9527713,-0.1291850358,a
Shanghai,EUI,197.3488027,0.007164734416,a
Guangzhou,EUI,210.7021049,0.06706854701,a
Shanghai,EUI,273.7518509,-0.2199047953,a
Shanghai,EUI,108.159227,-0.01565130986,a
Guangzhou,EUI,210.7021049,0.06546109915,a
Shanghai,EUI,276.9477067,-0.008641823195,a
Wuhan,EUI,121.2145132,0.09791940451,a
Shanghai,EUI,195.4514685,-0.04014758393,a
Shanghai,EUI,189.724048,0.1632056981,a
Shanghai,EUI,191.0414887,0.02912452817,a
Shanghai,EUI,188.2998177,0.01225140505,a
Beijing,EUI,129.48,0.03856192529,a
Wuhan,EUI,195.7330632,-0.04725326598,a
Shanghai,EUI,273.7518509,-0.02287846431,a
Wuhan,EUI,191.9725421,0.2756324708,a
Wuhan,EUI,114.3902853,0.04212019593,a
Beijing,EUI,107.67,-0.02375886403,a
Beijing,EUI,31.89,-0.3265587986,a
Shanghai,EUI,187.2485478,0.1261662096,a
Shanghai,EUI,106.9527713,-0.09635493904,a
Shanghai,EUI,186.0630269,0.01529650297,a
Wuhan,EUI,114.1312516,0.1287985593,a
Wuhan,EUI,113.6977309,0.1360960752,a
Shanghai,EUI,191.1767205,0.02945607528,a
Guangzhou,EUI,210.7021049,0.06609724462,a
Beijing,EUI,31.89,-0.357239902,a
Shanghai,EUI,110.056914,-0.0305398982,a
Shanghai,EUI,103.698807,-0.106000714,a
Beijing,EUI,107.67,-0.04417616129,a
Shanghai,EUI,187.2485478,-0.08044715226,a
Guangzhou,EUI,111.1657101,-0.02804613858,a
Shanghai,EUI,106.9527713,-0.05294415727,a
Shanghai,EUI,186.0630269,0.05879895389,a
Shanghai,EUI,125.3372569,-0.02915681899,a
Shanghai,EUI,186.0630269,0.09312123805,a
Shanghai,EUI,186.0630269,-0.02506361529,a
Shanghai,EUI,186.0630269,0.06309179962,a
Shanghai,EUI,187.2485478,0.07359456271,a
Beijing,EUI,31.89,-0.2093427032,a
Shanghai,EUI,112.5992859,0.1788348109,a
Shanghai,EUI,112.5992859,0.140925914,a
Shanghai,EUI,106.0727756,-0.2087260634,a
Beijing,EUI,31.89,-0.542620182,a
Wuhan,EUI,111.8004465,0.06161889061,a
Shanghai,EUI,196.9700178,-0.05234669894,a
Wuhan,EUI,113.6977309,0.08771879226,a
Shanghai,EUI,278.6082818,0.1609103978,a
Shanghai,EUI,188.7835764,0.1852163225,a
Shanghai,EUI,107.1539687,0.04208789393,a
Beijing,EUI,31.89,-0.3606182635,a
Shanghai,EUI,103.7447431,-0.337040782,a
Wuhan,EUI,116.4512692,0.2925893962,a
Shanghai,EUI,187.2485478,0.1071013063,a
Beijing,EUI,107.67,0.05705866218,a
Beijing,EUI,107.68,-0.08345190436,a
Wuhan,EUI,197.3821049,-0.08235153556,a
Guangzhou,EUI,107.9448505,-0.006740976125,a
Shanghai,EUI,109.9480087,0.01859085448,a
Shanghai,EUI,187.0125889,0.05788547546,a
Guangzhou,EUI,104.6823998,-0.2112142295,a
Shanghai,EUI,113.8199242,0.04863826185,a
Beijing,EUI,107.68,-0.1066338792,a
Beijing,EUI,107.67,-0.09006689489,a
Shanghai,EUI,188.2998177,-0.06383143365,a
Guangzhou,EUI,205.7055775,0.1914819181,a
Shanghai,EUI,110.056914,0.05696672946,a
Shanghai,EUI,109.8196342,0.06547553837,a
Guangzhou,EUI,210.1468176,0.06889993697,a
Guangzhou,EUI,203.9964083,0.0004197118687,a
Shanghai,EUI,186.0630269,0.07609105855,a
Shanghai,EUI,106.0727756,-0.1887089908,a
Shanghai,EUI,187.2485478,0.01042269357,a
Wuhan,EUI,190.3989335,-0.1515585035,a
Shanghai,EUI,195.4514685,-0.04432811216,a
Shanghai,EUI,191.0414887,0.1045908332,a
Shanghai,EUI,103.7447431,-0.2188688368,a
Wuhan,EUI,115.8748305,0.1730111986,a
Shanghai,EUI,195.4514685,-0.04990215972,a
Wuhan,EUI,195.953976,0.1120604351,a
Beijing,EUI,129.48,0.1055738553,a
Shanghai,EUI,103.7447431,-0.2825954556,a
Shanghai,EUI,115.325407,0.03032966517,a
Shanghai,EUI,191.1767205,0.1500143111,a
Shanghai,EUI,106.9527713,0.02422030643,a
Wuhan,EUI,190.3989335,-0.01468262449,a
Shanghai,EUI,195.4514685,-0.0649991557,a
Beijing,EUI,93.68,-0.3732510805,a
Wuhan,EUI,114.2417941,0.2035462111,a
Shanghai,EUI,187.2485478,-0.05510684848,a
Wuhan,EUI,193.5994381,-0.03418096155,a
Shanghai,EUI,275.789566,0.02259848639,a
Shanghai,EUI,196.9700178,-0.01457060408,a
Wuhan,EUI,190.3989335,-0.02213405073,a
Shanghai,EUI,186.0630269,-0.03859835491,a
Shanghai,EUI,188.2998177,-0.06017358974,a
Beijing,EUI,31.89,-0.4502252638,a
Beijing,EUI,129.48,0.05776416138,a
Wuhan,EUI,114.3902853,0.002497603185,a
Wuhan,EUI,196.5667452,0.06381656975,a
Wuhan,EUI,114.1312516,0.03804821149,a
Beijing,EUI,31.89,-0.1171243787,a
Beijing,EUI,31.89,-0.605517149,a
Shanghai,EUI,195.2049422,-0.1475418806,a
Shanghai,EUI,106.577636,-0.0111182332,a
Wuhan,EUI,111.8004465,0.1178067476,a
Wuhan,EUI,195.7330632,-0.03104683384,a
Wuhan,EUI,190.3989335,-0.08435485512,a
Guangzhou,EUI,107.3167757,0.1436735541,a
Guangzhou,EUI,198.9517433,-0.119243294,a
Guangzhou,EUI,210.7021049,0.06435081363,a
Shanghai,EUI,195.4514685,-0.06717055291,a
Wuhan,EUI,190.3989335,-0.1099088639,a
Wuhan,EUI,121.2145132,0.1268963218,a
Shanghai,EUI,196.9700178,-0.04173026606,a
Shanghai,EUI,195.2049422,-0.09968272597,a
Wuhan,EUI,279.2955225,0.06582965702,a
Beijing,EUI,107.67,-0.1030355394,a
Shanghai,EUI,276.9477067,-0.01441519801,a
Wuhan,EUI,281.3707237,0.1161837131,a
Shanghai,EUI,186.0630269,-0.001639827969,a
Shanghai,EUI,195.4514685,-0.07948681712,a
Beijing,EUI,31.89,-0.298804611,a
Shanghai,EUI,107.519976,-0.07270170748,a
Shanghai,EUI,191.0414887,0.02583871409,a
Shanghai,EUI,116.1881784,0.04322977364,a
Shanghai,EUI,186.0630269,0.09917904437,a
Wuhan,EUI,116.4512692,0.1701122224,a
Shanghai,EUI,106.0727756,-0.2263995409,a
Shanghai,EUI,186.0630269,-0.02514233068,a
Guangzhou,EUI,292.9646212,0.0161258243,a
Wuhan,EUI,193.5994381,-0.01558350679,a
Wuhan,EUI,195.953976,-0.08001898974,a
Wuhan,EUI,114.2417941,0.2309150845,a
Guangzhou,EUI,210.1468176,0.1174581572,a
Shanghai,EUI,106.4164739,-0.1649067104,a
Shanghai,EUI,109.8196342,0.1523550302,a
Shanghai,EUI,195.2049422,-0.09217160195,a
Guangzhou,EUI,210.7021049,0.1686571836,a
Shanghai,EUI,187.2485478,0.07105194032,a
Shanghai,EUI,187.2485478,-0.00393703673,a
Shanghai,EUI,107.585316,-0.009181275964,a
Shanghai,EUI,191.0414887,0.0126427738,a
Beijing,EUI,129.48,0.09509558231,a
Shanghai,EUI,188.2998177,-0.009500963613,a
Shanghai,EUI,107.9804068,-0.1316356361,a
Shanghai,EUI,191.0414887,0.03424137458,a
Beijing,EUI,107.67,-0.06868200749,a
Beijing,EUI,93.68,-0.50574857,a
Shanghai,EUI,195.4514685,-0.03500825912,a
Beijing,EUI,107.67,-0.0103039192,a
Beijing,EUI,107.67,0.02045073546,a
Guangzhou,EUI,210.7021049,0.04055987298,a
Guangzhou,EUI,106.0466835,-0.1628859788,a
Wuhan,EUI,114.2417941,0.01943732798,a
Shanghai,EUI,109.462613,-0.08540935814,a
Guangzhou,EUI,102.5401097,-0.07129453868,a
Shanghai,EUI,196.9700178,-0.05950783938,a
Beijing,EUI,31.89,-0.1884610951,a
Shanghai,EUI,109.462613,0.01914663613,a
Wuhan,EUI,115.8748305,0.1602465212,a
Shanghai,EUI,187.0125889,0.0422004275,a
Shanghai,EUI,187.6140269,0.142208904,a
Shanghai,EUI,188.2998177,-0.04619752988,a
Shanghai,EUI,188.2998177,-0.06027092785,a
Wuhan,EUI,190.3989335,-0.02509908378,a
Shanghai,EUI,187.2485478,0.09483677894,a
Shanghai,EUI,186.0630269,0.08406095207,a
Wuhan,EUI,111.8004465,0.09481057525,a
Shanghai,EUI,107.4101181,-0.001206062618,a
Shanghai,EUI,274.2758624,-0.02497815341,a
Wuhan,EUI,193.5994381,0.03388492763,a
Shanghai,EUI,186.0630269,0.1138995811,a
Shanghai,EUI,188.2998177,0.004400355741,a
Shanghai,EUI,106.9527713,0.01999174245,a
Shanghai,EUI,191.1767205,0.226630643,a
Guangzhou,EUI,118.3235398,-0.01015816815,a
Beijing,EUI,129.48,0.06982150674,a
Wuhan,EUI,116.4512692,0.1668068767,a
Shanghai,EUI,186.0630269,0.01203838736,a
Shanghai,EUI,186.0630269,0.06358618289,a
Shanghai,EUI,109.462613,-0.01219745446,a
Wuhan,EUI,195.953976,0.1160773411,a
Shanghai,EUI,110.056914,0.05219151452,a
Guangzhou,EUI,203.9964083,0.07887707651,a
Wuhan,EUI,118.2591051,0.14870812,a
Beijing,EUI,107.67,-0.1050240025,a
Shanghai,EUI,272.5330194,0.02460032888,a
Wuhan,EUI,193.5994381,0.1385347247,a
Beijing,EUI,129.48,0.02127927169,a
Wuhan,EUI,279.5582219,0.1262216121,a
Shanghai,EUI,187.2485478,0.1102159694,a
Beijing,EUI,31.89,0.3950785398,a
Wuhan,EUI,195.953976,-0.08020306379,a
Shanghai,EUI,112.5992859,0.1272973865,a
Shanghai,EUI,278.6082818,0.1279961616,a
Shanghai,EUI,186.0630269,0.02696412243,a
Shanghai,EUI,187.2485478,0.1620217413,a
Shanghai,EUI,188.2998177,0.0111696776,a
Beijing,EUI,31.89,-0.258589834,a
Beijing,EUI,107.67,-0.0849744305,a
Shanghai,EUI,197.3488027,0.07486864924,a
Guangzhou,EUI,203.0657098,-0.03322152421,a
Shanghai,EUI,195.4514685,-0.07416839898,a
Shanghai,EUI,186.0630269,0.08480554074,a
Shanghai,EUI,187.4190981,0.1245226189,a
Shanghai,EUI,110.056914,0.0256341584,a
Guangzhou,EUI,102.243521,-0.7167141438,a
Wuhan,EUI,192.9705051,0.1331980228,a
Shanghai,EUI,193.1126855,-0.0485387817,a
Wuhan,EUI,195.953976,0.1711557359,a
Wuhan,EUI,281.3707237,0.04280650988,a
Guangzhou,EUI,210.7021049,0.1117553115,a
Shanghai,EUI,107.4101181,-0.02476213314,a
Guangzhou,EUI,203.0657098,-0.08682058752,a
Shanghai,EUI,188.2998177,-0.08837316185,a
Guangzhou,EUI,105.3184511,-0.2074102014,a
Shanghai,EUI,187.2485478,0.03662819043,a
Wuhan,EUI,205.874483,0.0822314322,a
Wuhan,EUI,191.9725421,0.07746895403,a
Shanghai,EUI,107.1539687,0.02599962801,a
Guangzhou,EUI,210.7021049,0.09055629373,a
Beijing,EUI,31.89,0.03960065171,a
Shanghai,EUI,272.5330194,-0.1007597819,a
Shanghai,EUI,188.2998177,-0.1472148597,a
Shanghai,EUI,197.3488027,0.05507886037,a
Guangzhou,EUI,203.9964083,0.08643439412,a
Shanghai,EUI,189.724048,-0.08734352887,a
Shanghai,EUI,110.056914,0.001718745218,a
Guangzhou,EUI,109.344793,0.01421273127,a
Shanghai,EUI,187.0125889,0.01521652564,a
Beijing,EUI,31.89,-0.2896355093,a
Beijing,EUI,107.67,-0.005888203159,a
Shanghai,EUI,106.999129,-0.1484487355,a
Shanghai,EUI,109.462613,0.08506111801,a
Shanghai,EUI,106.1021412,-0.3240499198,a
Shanghai,EUI,186.0630269,0.1240935102,a
Wuhan,EUI,114.2417941,0.1788291335,a
Wuhan,EUI,113.4132957,0.0572385788,a
Shanghai,EUI,186.0630269,-0.0462558195,a
Shanghai,EUI,109.8196342,-0.03890748322,a
Wuhan,EUI,193.5994381,0.009037891403,a
Shanghai,EUI,189.724048,-0.001476671896,a
Shanghai,EUI,186.0630269,0.1616121083,a
Shanghai,EUI,187.6140269,0.1192520186,a
Shanghai,EUI,109.462613,0.07299598306,a
Beijing,EUI,107.67,-0.02881239913,a
Shanghai,EUI,187.2485478,-0.04826631024,a
Beijing,EUI,93.68,-0.2896175385,a
Shanghai,EUI,189.724048,-0.1010600552,a
Shanghai,EUI,125.3372569,0.0442891717,a
Shanghai,EUI,187.2485478,-0.01408975571,a
Shanghai,EUI,189.724048,-0.09886617959,a
Beijing,EUI,107.67,0.08564148843,a
Shanghai,EUI,276.9039955,0.000348391186,a
Shanghai,EUI,188.2998177,-0.01511474699,a
Shanghai,EUI,110.056914,0.0375899002,a
Shanghai,EUI,195.4514685,-0.05752016231,a
Guangzhou,EUI,198.9517433,0.01148363575,a
Shanghai,EUI,109.462613,0.01891629957,a
Wuhan,EUI,195.7330632,0.04037312791,a
Guangzhou,EUI,198.9517433,-0.06014208868,a
Beijing,EUI,107.68,0.08330348879,a
Shanghai,EUI,107.585316,0.02492437698,a
Shanghai,EUI,110.056914,0.07824874669,a
Shanghai,EUI,110.056914,-0.03072846867,a
Shanghai,EUI,110.056914,-0.02502744272,a
Wuhan,EUI,113.6764439,-0.01850705594,a
Shanghai,EUI,193.1126855,-0.05493157357,a
Beijing,EUI,107.68,0.0163914524,a
Wuhan,EUI,195.7330632,0.158034578,a
Guangzhou,EUI,206.186642,0.03940773755,a
Shanghai,EUI,186.0630269,-0.0235992223,a
Shanghai,EUI,193.1126855,-0.08854643255,a
Shanghai,EUI,109.462613,0.05412330851,a
Shanghai,EUI,105.8683633,-0.06331023574,a
Wuhan,EUI,195.953976,0.07482869923,a
Wuhan,EUI,114.1312516,0.1418585777,a
Shanghai,EUI,106.577636,-0.01855858974,a
Wuhan,EUI,114.2417941,0.2196051627,a
Guangzhou,EUI,209.1166956,0.0626565665,a
Shanghai,EUI,106.9552835,-0.1243053377,a
Shanghai,EUI,109.462613,-0.01456008293,a
Shanghai,EUI,107.585316,0.03190709651,a
Shanghai,EUI,188.2998177,0.04005191475,a
Shanghai,EUI,193.1126855,0.07251957059,a
Shanghai,EUI,106.4164739,-0.2104059607,a
Shanghai,EUI,187.2485478,0.04645585641,a
Beijing,EUI,31.89,-0.4863802493,a
Shanghai,EUI,186.0630269,-0.02712932415,a
Beijing,EUI,107.68,-0.09442739189,a
Shanghai,EUI,109.462613,0.01047061197,a
Guangzhou,EUI,110.8968766,0.06923682988,a
Wuhan,EUI,195.7330632,0.1563182324,a
Shanghai,EUI,187.2485478,0.1358693987,a
Shanghai,EUI,188.2998177,0.03792842478,a
Guangzhou,EUI,107.9448505,0.08949002624,a
Guangzhou,EUI,105.3184511,-0.3395003974,a
Shanghai,EUI,187.0125889,0.07262378186,a
Beijing,EUI,31.89,-0.2940363884,a
Wuhan,EUI,189.9606477,0.09423290193,a
Wuhan,EUI,114.2417941,0.186100632,a
Shanghai,EUI,106.577636,-0.009336329997,a
Wuhan,EUI,282.7909668,0.2077310383,a
Shanghai,EUI,107.4101181,0.01293592155,a
Wuhan,EUI,195.953976,-0.02222334035,a
Shanghai,EUI,106.4164739,-0.03376840055,a
Shanghai,EUI,106.577636,-0.0023695298,a
Shanghai,EUI,186.0630269,0.1150421426,a
Beijing,EUI,31.89,0.02943945676,a
Guangzhou,EUI,121.5550408,0.02226889692,a
Shanghai,EUI,109.462613,0.002867592033,a
Shanghai,EUI,188.7835764,0.05775394663,a
Shanghai,EUI,109.462613,0.08719638735,a
Shanghai,EUI,110.056914,0.0001878594048,a
Shanghai,EUI,187.2485478,-0.04697323591,a
Wuhan,EUI,193.5994381,0.008588955738,a
Beijing,EUI,107.67,0.0008520777337,a
Shanghai,EUI,197.3488027,0.03244613856,a
Wuhan,EUI,192.9705051,0.1574790925,a
Guangzhou,EUI,209.1166956,0.0626565665,a
Shanghai,EUI,186.0630269,-0.02173574083,a
Shanghai,EUI,187.2485478,0.1425350457,a
Shanghai,EUI,195.2049422,-0.0445144251,a
Shanghai,EUI,186.0630269,-0.005790967494,a
Wuhan,EUI,114.3902853,0.02360670827,a
Shanghai,EUI,188.2998177,0.01155071706,a
Shanghai,EUI,107.1539687,0.0002496922389,a
Shanghai,EUI,110.056914,0.03096102923,a
Shanghai,EUI,195.4514685,-0.0234940704,a
Wuhan,EUI,114.3902853,0.06696224213,a
Shanghai,EUI,106.1021412,-0.1372417212,a
Shanghai,EUI,187.6140269,0.08186691999,a
Shanghai,EUI,125.3372569,-0.04492606223,a
Shanghai,EUI,106.577636,-0.004226964898,a
Shanghai,EUI,187.2485478,0.03879464045,a
Shanghai,EUI,107.585316,0.02611831576,a
Shanghai,EUI,187.4190981,0.09517944604,a
Beijing,EUI,31.89,-0.431194663,a
Shanghai,EUI,106.0727756,-0.1273925155,a
Guangzhou,EUI,198.9517433,-0.1628635973,a
Shanghai,EUI,116.6010685,-0.03291174024,a
Wuhan,EUI,113.0252148,0.08184981346,a
Wuhan,EUI,197.3821049,-0.04311682656,a
Beijing,EUI,31.89,0.2622917593,a
Shanghai,EUI,197.3488027,-0.03430208936,a
Beijing,EUI,31.89,-0.5489853024,a
Shanghai,EUI,195.4514685,0.02018493228,a
Shanghai,EUI,106.4164739,-0.1182147413,a
Shanghai,EUI,106.9527713,0.02106151544,a
Shanghai,EUI,106.999129,-0.05955997482,a
Wuhan,EUI,121.2145132,0.09236933291,a
Beijing,EUI,107.68,0.01003976725,a
Guangzhou,EUI,292.9646212,0.1350722164,a
Shanghai,EUI,276.9477067,0.008975580335,a
Shanghai,EUI,188.2998177,0.01295483205,a
Wuhan,EUI,111.8004465,-0.01890565269,a
Shanghai,EUI,103.698807,-0.247929588,a
Shanghai,EUI,187.2485478,0.08983957022,a
Beijing,EUI,107.67,-0.05978115648,a
Guangzhou,EUI,210.7021049,0.02544921823,a
Shanghai,EUI,195.4514685,-0.04990215972,a
Guangzhou,EUI,210.1468176,0.1424076557,a
Shanghai,EUI,277.7011388,0.3015307784,a
Shanghai,EUI,112.5992859,0.1090761721,a
Guangzhou,EUI,203.9964083,-0.04034621269,a
Shanghai,EUI,106.4164739,-0.06703281403,a
Shanghai,EUI,195.4514685,-0.0477194339,a
Shanghai,EUI,187.2485478,-0.07722070068,a
Shanghai,EUI,110.056914,-0.1314158887,a
Beijing,EUI,107.67,0.1749968529,a
Shanghai,EUI,188.2998177,0.04324909672,a
Beijing,EUI,31.89,-0.3011369407,a
Shanghai,EUI,196.9700178,-0.05088782683,a
Wuhan,EUI,205.874483,0.08876273781,a
Beijing,EUI,31.89,-0.5574657917,a
Shanghai,EUI,195.2049422,-0.06730215997,a
Shanghai,EUI,186.0630269,0.1554964185,a
Guangzhou,EUI,206.186642,0.04489074275,a
Wuhan,EUI,113.6764439,0.2250616848,a
Shanghai,EUI,195.4514685,-0.04685077816,a
Wuhan,EUI,116.2730259,-0.06954851747,a
Shanghai,EUI,106.9527713,-0.1795932353,a
Wuhan,EUI,111.8004465,0.06508879364,a
Shanghai,EUI,106.9527713,0.03700647876,a
Shanghai,EUI,110.056914,-0.06060997024,a
Shanghai,EUI,109.9480087,-0.003725354327,a
Beijing,EUI,31.89,-0.4656126797,a
Wuhan,EUI,195.7330632,-0.008117619902,a
Wuhan,EUI,121.0452719,0.07011476159,a
Shanghai,EUI,106.577636,0.007678475231,a
Shanghai,EUI,105.771287,-0.1183658987,a
Guangzhou,EUI,210.1468176,0.06537824869,a
Guangzhou,EUI,210.7021049,0.06998755038,a
Shanghai,EUI,103.698807,-0.1430474073,a
Shanghai,EUI,106.4164739,-0.1017941311,a
Shanghai,EUI,275.8490294,-0.02299574018,a
Shanghai,EUI,195.2049422,-0.06523187459,a
Shanghai,EUI,106.9527713,-0.03078131005,a
Beijing,EUI,31.89,0.2531583905,a
Shanghai,EUI,112.5992859,0.005091156345,a
Shanghai,EUI,197.3488027,0.04831662402,a
Beijing,EUI,31.89,-0.3410992026,a
Shanghai,EUI,195.4514685,-0.08693066239,a
Shanghai,EUI,186.0630269,0.1045545861,a
Shanghai,EUI,105.8683633,-0.06584386528,a
Shanghai,EUI,187.2485478,0.1431612074,a
Shanghai,EUI,191.0414887,0.021969961,a
Shanghai,EUI,195.4514685,0.01636477187,a
Guangzhou,EUI,210.0137391,0.1254536062,a
Shanghai,EUI,278.6082818,-0.0275921002,a
Shanghai,EUI,107.1539687,0.0138893621,a
Wuhan,EUI,195.7330632,0.09169331193,a
Shanghai,EUI,187.6140269,0.1261429191,a
Shanghai,EUI,112.5992859,0.01570837758,a
Wuhan,EUI,281.3707237,0.1153937131,a
Beijing,EUI,129.48,0.04520575702,a
Guangzhou,EUI,210.7021049,0.05604142696,a
Wuhan,EUI,195.953976,-0.02855473571,a
Beijing,EUI,107.67,-0.04490345716,a
Shanghai,EUI,195.2049422,-0.07171940058,a
Beijing,EUI,31.89,-0.4255607724,a
Shanghai,EUI,106.577636,-0.05607707426,a
Shanghai,EUI,186.0630269,0.1283995658,a
Shanghai,EUI,195.4514685,-0.02364306152,a
Wuhan,EUI,190.3989335,0.07051547617,a
Wuhan,EUI,282.7909668,0.02513852343,a
Wuhan,EUI,195.953976,0.1841675043,a
Beijing,EUI,31.89,-0.1479492038,a
Beijing,EUI,31.89,-0.251240015,a
Wuhan,EUI,118.7975461,0.1211472005,a
Beijing,EUI,31.89,-0.2771446407,a
Shanghai,EUI,275.789566,-0.03750920296,a
Shanghai,EUI,106.9527713,-0.1069931611,a
Wuhan,EUI,190.3989335,-0.0143949734,a
Shanghai,EUI,186.0630269,0.1196636036,a
Shanghai,EUI,187.0125889,0.02702405676,a
Shanghai,EUI,106.9552835,-0.09280386567,a
Beijing,EUI,31.89,-0.4211670458,a
Wuhan,EUI,115.8748305,0.03809697181,a
Shanghai,EUI,187.6140269,0.08074869215,a
Shanghai,EUI,107.585316,0.1178728566,a
Shanghai,EUI,196.9700178,-0.03419869021,a
Shanghai,EUI,186.0630269,-0.04690656811,a
Shanghai,EUI,187.2485478,0.1000839472,a
Guangzhou,EUI,210.7021049,0.07892611623,a
Wuhan,EUI,196.5667452,0.0480498746,a
Guangzhou,EUI,292.9646212,0.1041046605,a
Shanghai,EUI,188.2998177,-0.001584138838,a
Shanghai,EUI,187.2485478,0.0545104295,a
Shanghai,EUI,186.0630269,0.1386186481,a
Shanghai,EUI,106.9527713,-0.01624825597,a
Wuhan,EUI,195.953976,0.05506358668,a
Shanghai,EUI,196.9700178,-0.09841204435,a
Guangzhou,EUI,108.7602291,0.07411539555,a
Shanghai,EUI,191.0414887,-0.005942012183,a
Wuhan,EUI,195.7330632,-0.008991731331,a
Shanghai,EUI,109.462613,0.0148099307,a
Shanghai,EUI,189.724048,0.00726501504,a
Shanghai,EUI,272.5330194,-0.1014366895,a
Shanghai,EUI,106.1021412,-0.1598087996,a
Wuhan,EUI,116.2730259,-0.01026579086,a
Guangzhou,EUI,105.3184511,-0.2791326344,a
Shanghai,EUI,189.724048,-0.09806425869,a
Beijing,EUI,31.89,-0.03509648517,a
Wuhan,EUI,190.3989335,-0.01305881049,a
Shanghai,EUI,193.1126855,0.006976994686,a
Beijing,EUI,107.67,0.09764513373,a
Shanghai,EUI,109.462613,0.0055404827,a
Shanghai,EUI,187.4190981,0.1238094866,a
Wuhan,EUI,115.8748305,0.07061649859,a
Wuhan,EUI,195.7330632,-0.06945156306,a
Wuhan,EUI,121.784402,0.06951775402,a
Shanghai,EUI,188.2998177,-0.01018634997,a
Shanghai,EUI,272.5330194,-0.04042651877,a
Shanghai,EUI,197.3488027,-0.01875179633,a
Shanghai,EUI,196.9700178,-0.04675355554,a
Wuhan,EUI,195.953976,0.05219544098,a
Shanghai,EUI,122.5042299,-0.00995679386,a
Guangzhou,EUI,203.9964083,-0.01372623723,a
Shanghai,EUI,188.2998177,0.003169644391,a
Wuhan,EUI,279.5582219,0.0635831356,a
Wuhan,EUI,111.3148649,-0.01504697558,a
Beijing,EUI,31.89,-0.6307107806,a
Beijing,EUI,31.89,-0.3714874387,a
Shanghai,EUI,189.724048,-0.02608342469,a
Wuhan,EUI,189.9606477,0.2686522901,a
Shanghai,EUI,110.056914,0.01379966456,a
Shanghai,EUI,106.999129,-0.07947157323,a
Shanghai,EUI,107.4101181,-0.05504155904,a
Guangzhou,EUI,210.7021049,0.07249063253,a
Shanghai,EUI,106.9527713,0.000953210867,a
Wuhan,EUI,195.953976,0.007072821259,a
Shanghai,EUI,108.419482,-0.03803707659,a
Guangzhou,EUI,108.7602291,0.05499204621,a
Shanghai,EUI,110.056914,-0.05157450959,a
Shanghai,EUI,113.8199242,0.07915982604,a
Beijing,EUI,31.89,-0.1873629242,a
Wuhan,EUI,110.7026683,0.03584514186,a
Shanghai,EUI,110.056914,0.03421163186,a
Shanghai,EUI,187.2485478,0.1852208078,a
Guangzhou,EUI,210.7021049,0.005164598115,a
Beijing,EUI,107.67,0.01573583484,a
Shanghai,EUI,103.7447431,-0.2971057892,a
Shanghai,EUI,105.771287,-0.2641454935,a
Guangzhou,EUI,210.1468176,0.05842525512,a
Beijing,EUI,31.89,-0.4127514958,a
Shanghai,EUI,188.2998177,-0.04673288763,a
Wuhan,EUI,121.2145132,0.004141974263,a
Shanghai,EUI,116.6010685,0.02869790047,a
Shanghai,EUI,195.2049422,-0.0698139593,a
Shanghai,EUI,195.4514685,-0.07480175793,a
Shanghai,EUI,107.4101181,-0.02978682145,a
Shanghai,EUI,187.6140269,0.0381572023,a
Shanghai,EUI,195.2049422,0.0343286097,a
Wuhan,EUI,191.9725421,0.2502594292,a
Shanghai,EUI,191.1767205,0.1772913635,a
Shanghai,EUI,106.9527713,0.02523189411,a
Guangzhou,EUI,292.9646212,0.1029583216,a
Wuhan,EUI,195.953976,0.1958411336,a
Wuhan,EUI,113.6977309,0.09753473103,a
Shanghai,EUI,188.2998177,-0.04673200473,a
Beijing,EUI,31.89,0.109549813,a
Guangzhou,EUI,200.4752153,-0.1025377735,a
Shanghai,EUI,106.9527713,-0.01157591306,a
Shanghai,EUI,195.2049422,-0.05824672058,a
Shanghai,EUI,108.159227,-0.02394055575,a
Guangzhou,EUI,210.1468176,0.05016259104,a
Shanghai,EUI,106.9527713,-0.1044348776,a
Beijing,EUI,31.89,-0.05237763003,a
Wuhan,EUI,113.0252148,0.1406666487,a
Wuhan,EUI,114.2417941,0.01443928387,a
Shanghai,EUI,195.4514685,-0.01723069511,a
Shanghai,EUI,197.3488027,-0.05726880208,a
Shanghai,EUI,109.9480087,0.02449746616,a
Shanghai,EUI,107.9609077,-0.09244956076,a
Shanghai,EUI,188.2998177,-0.01010981947,a
Wuhan,EUI,205.874483,0.03066591918,a
Guangzhou,EUI,199.7975089,-0.1611514241,a
Wuhan,EUI,195.953976,0.1640431434,a
Shanghai,EUI,107.585316,0.05463666096,a
Beijing,EUI,87.6,-0.1118327975,a
Shanghai,EUI,109.462613,-0.02910056897,a
Shanghai,EUI,197.3488027,0.05188247561,a
Shanghai,EUI,276.9477067,-0.08814027905,a
Beijing,EUI,107.67,0.08550453186,a
Shanghai,EUI,188.2998177,-0.0366649963,a
Shanghai,EUI,107.1539687,-0.0049236333,a
Wuhan,EUI,205.874483,0.02109258622,a
Shanghai,EUI,107.585316,0.04885682464,a
Shanghai,EUI,191.1767205,0.06516096741,a
Wuhan,EUI,113.0252148,0.09943024814,a
Shanghai,EUI,186.0630269,0.06556226313,a
Beijing,EUI,31.89,-0.3726183772,a
Beijing,EUI,31.89,-0.3875263929,a
Shanghai,EUI,105.6399328,-0.2918915153,a
Beijing,EUI,107.67,0.09633872658,a
Guangzhou,EUI,106.0466835,-0.2706850469,a
Beijing,EUI,107.67,-0.1006863341,a
Shanghai,EUI,106.1021412,-0.1853469014,a
Guangzhou,EUI,121.5550408,0.04550623149,a
Shanghai,EUI,125.3372569,-0.08279709518,a
Shanghai,EUI,186.0630269,0.1652618647,a
Beijing,EUI,107.67,0.06867855787,a
Beijing,EUI,31.89,-0.3391994238,a
Shanghai,EUI,110.056914,0.03769792989,a
Shanghai,EUI,187.2485478,0.1544200629,a
Beijing,EUI,31.89,-0.3885565102,a
Shanghai,EUI,109.8196342,-0.03592007607,a
Shanghai,EUI,110.056914,-0.09989549965,a
Beijing,EUI,107.67,-0.07570026815,a
Shanghai,EUI,187.6140269,0.06500557065,a
Wuhan,EUI,114.2417941,0.1767644584,a
Shanghai,EUI,197.3488027,0.05117117986,a
Shanghai,EUI,187.6140269,0.1835772544,a
Shanghai,EUI,110.056914,0.006288835779,a
Beijing,EUI,31.89,-0.2050936371,a
Shanghai,EUI,188.2998177,-0.04986603931,a
Shanghai,EUI,187.6140269,0.08276922256,a
Shanghai,EUI,109.8196342,-0.02349068597,a
Wuhan,EUI,121.2145132,0.03045885637,a
Beijing,EUI,107.68,-0.009426367469,a
Shanghai,EUI,187.2485478,0.2129725367,a
Shanghai,EUI,186.0630269,-0.06024359167,a
Beijing,EUI,31.89,-0.5038917661,a
Guangzhou,EUI,198.9517433,-0.09339347482,a
Shanghai,EUI,109.462613,0.05175171793,a
Shanghai,EUI,112.5992859,0.1222441569,a
Shanghai,EUI,107.4101181,-0.0551821515,a
Shanghai,EUI,188.2998177,-0.06313115358,a
Beijing,EUI,31.89,-0.6973074675,a
Beijing,EUI,31.89,0.01225106977,a
Beijing,EUI,31.89,-0.3507461548,a
Shanghai,EUI,188.2998177,-0.06535775214,a
Shanghai,EUI,189.724048,-0.07854944468,a
Wuhan,EUI,190.3989335,0.04962790385,a
Shanghai,EUI,106.999129,-0.09441188723,a
Shanghai,EUI,187.2485478,0.0779106617,a
Guangzhou,EUI,106.6936723,-0.1158604845,a
Shanghai,EUI,191.0414887,0.007316876203,a
Guangzhou,EUI,210.7021049,0.08539321274,a
Shanghai,EUI,109.462613,0.05658274144,a
Guangzhou,EUI,210.1468176,0.09250991791,a
Wuhan,EUI,116.4512692,0.308885783,a
Guangzhou,EUI,210.7021049,0.1123797521,a
Beijing,EUI,31.89,-0.4463969767,a
Shanghai,EUI,187.0125889,0.1263452619,a
Shanghai,EUI,187.2485478,-0.04234458879,a
Shanghai,EUI,186.0630269,0.004320868291,a
Shanghai,EUI,195.4514685,-0.07457667589,a
Beijing,EUI,31.89,-0.4844864905,a
Shanghai,EUI,107.4101181,0.01769464277,a
Wuhan,EUI,119.2826021,-0.02253380604,a
Beijing,EUI,107.67,-0.006736268289,a
Shanghai,EUI,108.159227,-0.01669995673,a
Wuhan,EUI,195.7330632,0.05560933053,a
Shanghai,EUI,189.724048,-0.04949045181,a
Shanghai,EUI,112.5992859,0.1112850532,a
Shanghai,EUI,106.1021412,-0.1672292352,a
Guangzhou,EUI,210.0137391,0.2222872674,a
Beijing,EUI,107.67,-0.06675551832,a
Guangzhou,EUI,203.9964083,0.07636142522,a
Guangzhou,EUI,210.7021049,-0.009830998257,a
Shanghai,EUI,107.9609077,-0.09850548953,a
Guangzhou,EUI,294.1702351,0.1705236286,a
Shanghai,EUI,186.0630269,0.07116553932,a
Shanghai,EUI,193.1126855,-0.01516762469,a
Wuhan,EUI,115.8748305,0.05047497526,a
Shanghai,EUI,188.2998177,-0.03515213355,a
Shanghai,EUI,106.9527713,-0.07577662915,a
Shanghai,EUI,109.9480087,0.03490192071,a
Shanghai,EUI,276.9039955,0.04570520669,a
Wuhan,EUI,195.7330632,0.05693992227,a
Wuhan,EUI,114.2417941,0.1457202584,a
Guangzhou,EUI,203.0657098,-0.07576191425,a
Shanghai,EUI,106.4164739,0.00994589366,a
Shanghai,EUI,187.6140269,0.114911288,a
Shanghai,EUI,106.9527713,0.03959233314,a
Guangzhou,EUI,210.7021049,-0.0002576669795,a
Shanghai,EUI,109.462613,-0.009544957429,a
Beijing,EUI,31.89,-0.4377849102,a
Guangzhou,EUI,210.0137391,0.1435214877,a
Wuhan,EUI,275.5300433,-0.1265446693,a
Shanghai,EUI,186.0630269,0.04317678139,a
Shanghai,EUI,107.9804068,-0.05015494302,a
Wuhan,EUI,113.6764439,0.006807766855,a
Beijing,EUI,31.89,-0.5436292291,a
Guangzhou,EUI,203.9964083,-0.0715405196,a
Shanghai,EUI,106.577636,0.09358163178,a
Shanghai,EUI,272.5330194,0.005516851321,a
Shanghai,EUI,191.0414887,0.03846507519,a
Shanghai,EUI,193.1126855,-0.04867146909,a
Shanghai,EUI,197.3488027,-0.03366556019,a
Shanghai,EUI,110.056914,-0.228462562,a
Shanghai,EUI,187.2485478,0.1033965945,a
Guangzhou,EUI,209.1166956,0.02163142711,a
Shanghai,EUI,186.0630269,0.1504970193,a
Wuhan,EUI,195.953976,-0.08901797235,a
Shanghai,EUI,106.577636,-0.002741336124,a
Wuhan,EUI,190.3989335,-0.1183991507,a
Guangzhou,EUI,205.7055775,-0.02101686038,a
Shanghai,EUI,112.5992859,0.1567761749,a
Guangzhou,EUI,110.8968766,-0.02178002894,a
Shanghai,EUI,191.1767205,0.1708563715,a
Shanghai,EUI,186.0630269,0.06618198007,a
Wuhan,EUI,190.3989335,-0.1002000496,a
Beijing,EUI,107.67,-0.07559934258,a
Shanghai,EUI,105.6399328,-0.2852415442,a
Shanghai,EUI,196.9700178,0.007125284523,a
Shanghai,EUI,107.585316,0.0450736694,a
Shanghai,EUI,106.577636,-0.1306513697,a
Shanghai,EUI,191.0414887,0.04448914155,a
Guangzhou,EUI,205.7055775,0.1444706917,a
Wuhan,EUI,113.6977309,0.01022781245,a
Shanghai,EUI,106.577636,-0.02180436254,a
Shanghai,EUI,110.056914,0.05400882661,a
Wuhan,EUI,195.7330632,0.02938308567,a
Shanghai,EUI,187.2485478,0.06378659606,a
Shanghai,EUI,278.6082818,0.01577281393,a
Shanghai,EUI,108.419482,-0.02618802339,a
Shanghai,EUI,195.2049422,-0.06328389794,a
Beijing,EUI,31.89,-0.4609715939,a
Shanghai,EUI,195.4514685,-0.08843544871,a
Wuhan,EUI,113.2334402,0.02887335792,a
Shanghai,EUI,186.0630269,0.01453955472,a
Beijing,EUI,129.48,0.02822035365,a
Guangzhou,EUI,209.1166956,0.04452123493,a
Beijing,EUI,31.89,-0.5351043344,a
Shanghai,EUI,187.4190981,0.1550113708,a
Shanghai,EUI,107.585316,0.1719318628,a
Shanghai,EUI,106.0727756,-0.4005341232,a
Shanghai,EUI,107.585316,0.03133993596,a
Guangzhou,EUI,108.7602291,0.01745481603,a
Wuhan,EUI,113.6977309,0.1526087075,a
Shanghai,EUI,195.4514685,-0.02953243814,a
Shanghai,EUI,272.5330194,-0.08351963013,a
Beijing,EUI,107.67,-0.04549913853,a
Shanghai,EUI,272.5330194,-0.01718363911,a
Shanghai,EUI,187.2485478,0.01118932385,a
Shanghai,EUI,105.771287,-0.1282650828,a
Shanghai,EUI,187.6140269,0.1589243561,a
Shanghai,EUI,108.159227,0.01390028559,a
Wuhan,EUI,113.4132957,-0.01739527471,a
Guangzhou,EUI,205.7055775,0.06410229206,a
Beijing,EUI,31.89,-0.6028576493,a
Shanghai,EUI,110.056914,0.02442410029,a
Shanghai,EUI,186.0630269,0.09305807948,a
Shanghai,EUI,107.1539687,0.01073634438,a
Shanghai,EUI,197.3488027,0.003032788867,a
Beijing,EUI,107.68,-0.1129788235,a
Shanghai,EUI,110.056914,0.01974404976,a
Shanghai,EUI,188.2998177,0.04102655873,a
Shanghai,EUI,110.056914,0.04064736888,a
Wuhan,EUI,195.953976,0.06172641367,a
Guangzhou,EUI,210.7021049,0.1104923487,a
Shanghai,EUI,106.9527713,0.03533886001,a
Beijing,EUI,31.89,-0.1576322466,a
Shanghai,EUI,106.0727756,-0.3236926198,a
Shanghai,EUI,106.0727756,-0.1099228263,a
Shanghai,EUI,107.9609077,-0.03052131087,a
Guangzhou,EUI,108.7602291,0.009304450825,a
Wuhan,EUI,279.5582219,0.1073433012,a
Beijing,EUI,31.89,-0.3738463819,a
Guangzhou,EUI,210.1468176,0.02141328156,a
Guangzhou,EUI,205.7055775,0.02726889029,a
Shanghai,EUI,187.0125889,0.09880737215,a
Shanghai,EUI,189.724048,-0.01589049213,a
Shanghai,EUI,278.6082818,0.06452953815,a
Shanghai,EUI,105.2490472,-0.2184841186,a
Shanghai,EUI,106.4164739,-0.067178756,a
Beijing,EUI,107.67,-0.03055532835,a
Guangzhou,EUI,210.1468176,0.1364401281,a
Shanghai,EUI,186.0630269,-0.0416149348,a
Shanghai,EUI,189.724048,0.02529404312,a
Shanghai,EUI,195.2049422,-0.06957959384,a
Shanghai,EUI,195.4514685,-0.07941733301,a
Shanghai,EUI,187.2485478,-0.04189234972,a
Shanghai,EUI,187.0125889,0.04708082601,a
Beijing,EUI,31.89,0.1814365834,a
Wuhan,EUI,116.2730259,-0.04637121037,a
Shanghai,EUI,195.4514685,-0.04239556193,a
Shanghai,EUI,187.2485478,0.09219866246,a
Guangzhou,EUI,118.3235398,-0.02695418335,a
Guangzhou,EUI,105.3184511,-0.2816770077,a
Shanghai,EUI,189.724048,-0.04507959262,a
Wuhan,EUI,193.5994381,-0.028169645,a
Shanghai,EUI,110.056914,0.02224580385,a
Beijing,EUI,31.89,-0.188608706,a
Shanghai,EUI,109.8196342,-0.1449742615,a
Wuhan,EUI,192.9705051,0.1674087495,a
Wuhan,EUI,279.5582219,0.005006603897,a
Wuhan,EUI,195.7330632,-0.05444849655,a
Shanghai,EUI,188.2998177,-0.03369591758,a
Wuhan,EUI,115.0606403,0.112810716,a
Shanghai,EUI,187.2485478,0.1201373339,a
Shanghai,EUI,189.724048,-0.05121970549,a
Wuhan,EUI,189.9606477,0.2016804367,a
Shanghai,EUI,191.1767205,0.07005067915,a
Shanghai,EUI,195.4514685,0.00730895903,a
Shanghai,EUI,187.2485478,0.01491245348,a
Beijing,EUI,107.67,0.004408603534,a
Guangzhou,EUI,104.2885982,-0.475856781,a
Shanghai,EUI,188.2998177,-0.1018681601,a
Shanghai,EUI,277.1405325,0.006135163829,a
Shanghai,EUI,187.2485478,0.1507595927,a
Shanghai,EUI,109.462613,0.03295250237,a
Wuhan,EUI,197.3821049,0.05254388601,a
Wuhan,EUI,114.3902853,0.01623765938,a
Shanghai,EUI,187.2485478,-0.06416197121,a
Shanghai,EUI,197.3488027,0.03043170273,a
Shanghai,EUI,189.724048,-0.07867488265,a
Shanghai,EUI,108.159227,-0.01760032773,a
Shanghai,EUI,187.6140269,0.06259190291,a
Wuhan,EUI,281.3707237,0.1233936921,a
Beijing,EUI,31.89,-0.4770832658,a
Shanghai,EUI,188.2998177,0.01590302587,a
Shanghai,EUI,197.3488027,0.007462601177,a
Shanghai,EUI,112.5992859,-0.005490331911,a
Shanghai,EUI,187.2485478,0.1934315562,a
Beijing,EUI,87.6,-0.280577302,a
Beijing,EUI,31.89,-0.4807742834,a
Shanghai,EUI,106.9527713,-0.06214514375,a
Wuhan,EUI,118.7975461,0.0835891366,a
Shanghai,EUI,110.056914,0.02807256207,a
Shanghai,EUI,112.5992859,0.06069638953,a
Guangzhou,EUI,108.7602291,-0.008963159285,a
Shanghai,EUI,106.577636,-0.02850104496,a
Shanghai,EUI,197.3488027,0.04932075739,a
Wuhan,EUI,279.5582219,0.09447773546,a
Shanghai,EUI,105.771287,-0.1509924978,a
Guangzhou,EUI,209.1166956,-0.02550719306,a
Shanghai,EUI,186.0630269,0.09628668427,a
Shanghai,EUI,195.4514685,-0.04971924424,a
Wuhan,EUI,118.2591051,0.1292593032,a
Wuhan,EUI,189.9606477,0.04114030302,a
Wuhan,EUI,114.2417941,0.1492488086,a
Shanghai,EUI,107.1539687,0.01538337488,a
Shanghai,EUI,197.3488027,0.06637401879,a
Shanghai,EUI,187.0125889,0.05508410931,a
Guangzhou,EUI,205.7055775,-0.06178492308,a
Beijing,EUI,31.89,0.2694252729,a
Shanghai,EUI,186.0630269,0.1037489101,a
Shanghai,EUI,106.0727756,-0.3545969129,a
Shanghai,EUI,186.0630269,-0.04352865741,a
Shanghai,EUI,186.0630269,-0.01157709956,a
Guangzhou,EUI,107.9448505,0.02304490842,a
Guangzhou,EUI,210.1468176,0.1022891775,a
Shanghai,EUI,186.0630269,0.123002857,a
Wuhan,EUI,279.2955225,0.1408863068,a
Wuhan,EUI,195.953976,-0.03098684922,a
Shanghai,EUI,188.2998177,0.04783060774,a
Shanghai,EUI,272.5330194,-0.02417540736,a
Shanghai,EUI,108.419482,-0.02159032412,a
Wuhan,EUI,195.7330632,0.05223144591,a
Wuhan,EUI,195.953976,0.002400933299,a
Wuhan,EUI,195.7330632,-0.04860677198,a
Guangzhou,EUI,210.0137391,0.02581847459,a
Shanghai,EUI,277.1405325,0.02080629207,a
Wuhan,EUI,111.7492491,-0.04146910086,a
Wuhan,EUI,116.2730259,0.02012239024,a
Shanghai,EUI,107.585316,0.09202940017,a
Guangzhou,EUI,102.243521,-0.5770782232,a
Shanghai,EUI,187.2485478,0.04434931651,a
Shanghai,EUI,188.2998177,0.08283822238,a
Shanghai,EUI,107.585316,0.05847303942,a
Shanghai,EUI,272.5330194,-0.07579502463,a
Shanghai,EUI,186.0630269,0.1105256975,a
Wuhan,EUI,195.953976,-0.03001673147,a
Beijing,EUI,107.68,0.02647411451,a
Shanghai,EUI,106.3644518,-0.002158744959,a
Wuhan,EUI,113.6977309,0.1086116284,a
Wuhan,EUI,113.6977309,0.1466058642,a
Wuhan,EUI,190.3989335,-0.01083877869,a
Beijing,EUI,31.89,-0.4780791998,a
Shanghai,EUI,106.1021412,-0.1012957543,a
Shanghai,EUI,188.2998177,-0.09733138978,a
Shanghai,EUI,191.1767205,0.2135201842,a
Wuhan,EUI,195.953976,0.01176225208,a
Shanghai,EUI,193.1126855,-0.07603007555,a
Shanghai,EUI,107.9609077,-0.03590084612,a
Wuhan,EUI,187.7498433,-0.0768737942,a
Wuhan,EUI,195.953976,-0.06844132394,a
Wuhan,EUI,193.5994381,-0.2062742114,a
Shanghai,EUI,107.519976,-0.05577770248,a
Wuhan,EUI,111.8004465,0.1345364302,a
Wuhan,EUI,189.9606477,0.05743458495,a
Wuhan,EUI,205.874483,-0.1298160851,a
Shanghai,EUI,191.1767205,0.0820132792,a
Shanghai,EUI,187.2485478,0.2347771078,a
Shanghai,EUI,188.2998177,-0.004228168633,a
Beijing,EUI,31.89,-0.4835786223,a
Shanghai,EUI,186.0630269,0.06461645663,a
Shanghai,EUI,106.577636,0.07535099238,a
Wuhan,EUI,192.9705051,0.09498146176,a
Guangzhou,EUI,203.9964083,0.2105993778,a
Shanghai,EUI,139.0327859,0.08906530589,a
Beijing,EUI,129.48,0.01871524192,a
Shanghai,EUI,197.3488027,-0.05453840271,a
Shanghai,EUI,188.2998177,-0.06999822706,a
Wuhan,EUI,114.1312516,-0.02073547058,a
Guangzhou,EUI,210.7021049,0.1077922061,a
Wuhan,EUI,111.8004465,0.09559036791,a
Shanghai,EUI,189.724048,-0.01886501722,a
Shanghai,EUI,106.9527713,0.01400502585,a
Shanghai,EUI,105.771287,-0.2166286111,a
Shanghai,EUI,187.2485478,0.08144818246,a
Shanghai,EUI,186.0630269,0.055810038,a
Shanghai,EUI,106.0727756,-0.1469848305,a
Beijing,EUI,107.67,-0.0779600516,a
Beijing,EUI,107.67,0.07810746878,a
Shanghai,EUI,107.4101181,0.004497854039,a
Shanghai,EUI,188.2998177,0.004493980203,a
Beijing,EUI,107.68,-0.08183769137,a
Wuhan,EUI,195.953976,0.09136643261,a
Shanghai,EUI,189.724048,-0.02362325974,a
Beijing,EUI,107.67,0.01770381443,a
Wuhan,EUI,114.2417941,0.1008590981,a
Shanghai,EUI,106.577636,0.005484791473,a
Shanghai,EUI,106.0727756,-0.2411560416,a
Guangzhou,EUI,210.1468176,0.1607408673,a
Shanghai,EUI,195.4514685,-0.06998818368,a
Shanghai,EUI,187.2485478,0.1267440021,a
Shanghai,EUI,106.577636,0.01924371906,a
Guangzhou,EUI,203.9964083,0.06596194208,a
Guangzhou,EUI,294.1702351,0.08193328977,a
Shanghai,EUI,110.056914,-0.01176130306,a
Shanghai,EUI,106.999129,-0.1944024414,a
Shanghai,EUI,107.585316,0.006310170516,a
Shanghai,EUI,106.999129,-0.08271366358,a
Wuhan,EUI,112.2011206,0.05170441419,a
Wuhan,EUI,193.5994381,0.008993580937,a
Wuhan,EUI,197.3821049,0.04252733663,a
Guangzhou,EUI,210.1468176,0.07771615684,a
Guangzhou,EUI,203.9964083,-0.005334664136,a
Shanghai,EUI,191.1767205,0.1963415742,a
Wuhan,EUI,195.953976,0.03040452302,a
Shanghai,EUI,103.7447431,-0.2084723711,a
Beijing,EUI,107.67,-0.03850820288,a
Shanghai,EUI,195.2049422,-0.1148665696,a
Shanghai,EUI,274.2758624,-0.03196048364,a
Shanghai,EUI,106.1021412,-0.1648615003,a
Beijing,EUI,107.67,0.03261164203,a
Shanghai,EUI,112.5992859,0.01949670911,a
Wuhan,EUI,195.953976,0.1396661848,a
Shanghai,EUI,188.2998177,0.1176636368,a
Shanghai,EUI,186.0630269,0.08023890108,a
Shanghai,EUI,272.5330194,-0.110967949,a
Shanghai,EUI,112.5992859,0.1089838073,a
Wuhan,EUI,190.3989335,0.01535661705,a
Shanghai,EUI,107.4101181,0.09769825637,a
Shanghai,EUI,106.1021412,-0.1870774031,a
Shanghai,EUI,195.4514685,-0.05675790831,a
Wuhan,EUI,116.2100116,0.08930579573,a
Guangzhou,EUI,210.1468176,0.0396650359,a
Beijing,EUI,31.89,-0.2276682258,a
Wuhan,EUI,121.2145132,0.2167838961,a
Shanghai,EUI,189.724048,-0.105443418,a
Guangzhou,EUI,103.8113611,-0.2885298431,a
Shanghai,EUI,107.585316,0.018120775,a
Shanghai,EUI,187.2485478,0.2124496698,a
Shanghai,EUI,107.1539687,-0.0009013898671,a
Shanghai,EUI,106.9527713,-0.0229714755,a
Wuhan,EUI,110.7026683,-0.05995208025,a
Shanghai,EUI,110.056914,-0.05073410273,a
Shanghai,EUI,277.1405325,-0.01553461328,a
Shanghai,EUI,109.9480087,0.008325097151,a
Wuhan,EUI,111.7492491,-0.03812578693,a
Shanghai,EUI,112.5992859,0.07194661349,a
Shanghai,EUI,188.2998177,0.05021176487,a
Wuhan,EUI,197.3821049,-0.1295029968,a
Wuhan,EUI,195.953976,0.05980791897,a
Shanghai,EUI,107.9609077,-0.06609682739,a
Shanghai,EUI,191.0414887,-0.01195788942,a
Shanghai,EUI,186.0630269,0.1513569206,a
Shanghai,EUI,103.7447431,-0.3019499481,a
Shanghai,EUI,106.0727756,-0.2230279595,a
Shanghai,EUI,188.2998177,-0.03631690517,a
Guangzhou,EUI,210.1468176,0.1424076557,a
Beijing,EUI,31.89,-0.3776379526,a
Wuhan,EUI,195.953976,0.001279871794,a
Beijing,EUI,129.48,0.04515117779,a
Shanghai,EUI,103.7447431,-0.4742949605,a
Guangzhou,EUI,210.1468176,0.08079331368,a
Wuhan,EUI,195.953976,0.2072536647,a
Shanghai,EUI,106.1021412,-0.1550626308,a
Beijing,EUI,107.68,-0.01803797111,a
Beijing,EUI,31.89,-0.3507635295,a
Shanghai,EUI,189.724048,-0.06541971862,a
Wuhan,EUI,110.7026683,-0.06169568747,a
Shanghai,EUI,191.0414887,0.06611457467,a
Wuhan,EUI,195.953976,-0.05968770385,a
Shanghai,EUI,106.1021412,-0.397482276,a
Shanghai,EUI,188.2998177,-0.01581291668,a
Wuhan,EUI,193.5994381,-0.04025953263,a
Beijing,EUI,129.48,0.006553160027,a
Shanghai,EUI,107.1539687,0.06592702121,a
Shanghai,EUI,193.1126855,-0.2039931267,a
Shanghai,EUI,197.3488027,0.07494419068,a
Wuhan,EUI,279.5582219,0.1316116154,a
Shanghai,EUI,272.5330194,0.008353334852,a
Shanghai,EUI,191.0414887,-0.09273036569,a
Shanghai,EUI,188.2998177,-0.0008929817122,a
Guangzhou,EUI,108.7602291,0.04306770489,a
Wuhan,EUI,113.6764439,0.1549154818,a
Shanghai,EUI,106.9552835,-0.08503928035,a
Shanghai,EUI,195.4514685,-0.05031019077,a
Shanghai,EUI,122.5042299,-0.06345133483,a
Guangzhou,EUI,209.1166956,0.02168925107,a
Shanghai,EUI,110.056914,0.03588439524,a
Shanghai,EUI,195.4514685,0.01413468365,a
Shanghai,EUI,195.4514685,-0.09241453558,a
Beijing,EUI,31.89,-0.2546542883,a
Wuhan,EUI,112.0731723,-0.001860816614,a
Shanghai,EUI,188.2998177,-0.03940026835,a
Beijing,EUI,107.67,-0.09649538249,a
Shanghai,EUI,187.0125889,0.1130962372,a
Shanghai,EUI,105.2015884,-0.2307632416,a
Shanghai,EUI,109.462613,-0.002765121171,a
Wuhan,EUI,113.6977309,0.07591873407,a
Beijing,EUI,107.68,-0.09443108737,a
Shanghai,EUI,189.724048,-0.03905279562,a
Shanghai,EUI,115.325407,0.03497296944,a
Beijing,EUI,31.89,-0.3092967868,a
Beijing,EUI,107.67,0.01119941939,a
Shanghai,EUI,275.789566,-0.01097396296,a
Shanghai,EUI,109.462613,0.007283983752,a
Wuhan,EUI,190.3989335,0.03776721656,a
Shanghai,EUI,196.9700178,0.01676104032,a
Shanghai,EUI,195.4514685,0.01855911128,a
Shanghai,EUI,191.1767205,0.04887304083,a
Wuhan,EUI,121.784402,0.1153279245,a
Shanghai,EUI,186.0630269,-0.01313070022,a
Shanghai,EUI,195.4514685,-0.06962540746,a
Shanghai,EUI,112.5992859,0.04026694968,a
Shanghai,EUI,107.585316,0.0468326509,a
Guangzhou,EUI,210.0137391,0.007344110869,a
Guangzhou,EUI,106.0466835,-0.1674713492,a
Wuhan,EUI,115.0606403,0.03127753735,a
Wuhan,EUI,282.7909668,-0.007926238701,a
Shanghai,EUI,189.724048,-0.01393007208,a
Shanghai,EUI,193.1126855,0.008547046222,a
Wuhan,EUI,205.874483,0.1116925031,a
Shanghai,EUI,103.7447431,-0.3306013048,a
Shanghai,EUI,277.7011388,0.1225822344,a
Guangzhou,EUI,205.7055775,0.04340183735,a
Shanghai,EUI,187.2485478,0.1694248319,a
Shanghai,EUI,276.9477067,-0.001659135218,a
Wuhan,EUI,195.953976,0.02197075263,a
Wuhan,EUI,116.2730259,-0.04689384997,a
Shanghai,EUI,187.0125889,0.01870970801,a
Shanghai,EUI,193.1126855,-0.09157004952,a
Shanghai,EUI,109.8196342,0.03601565957,a
Wuhan,EUI,276.8722815,0.01438514143,a
Wuhan,EUI,121.784402,0.01170882396,a
Shanghai,EUI,187.2485478,0.0992546156,a
Guangzhou,EUI,209.1166956,0.08791384846,a
Shanghai,EUI,186.0630269,-0.008145177737,a
Shanghai,EUI,106.577636,0.03223210946,a
Shanghai,EUI,112.0244119,-0.08314342797,a
Wuhan,EUI,121.2145132,0.1165112182,a
Shanghai,EUI,105.771287,-0.2482654154,a
Shanghai,EUI,195.2049422,-0.04992223531,a
Shanghai,EUI,187.2485478,0.0661932677,a
Shanghai,EUI,106.577636,-0.04773452133,a
Shanghai,EUI,187.2485478,0.1621100754,a
Wuhan,EUI,195.7330632,0.1064986885,a
Beijing,EUI,107.67,0.03970528767,a
Wuhan,EUI,197.3821049,-0.0379923135,a
Guangzhou,EUI,203.9964083,0.0378674753,a
Wuhan,EUI,115.0606403,0.05042107031,a
Wuhan,EUI,113.2334402,0.0473331809,a
Wuhan,EUI,190.3989335,0.07226726413,a
Shanghai,EUI,188.2998177,-0.05789590999,a
Shanghai,EUI,188.2998177,0.005466106348,a
Beijing,EUI,107.67,-0.06984946877,a
Wuhan,EUI,113.2334402,0.01937576383,a
Shanghai,EUI,107.585316,0.02886411734,a
Shanghai,EUI,191.1767205,0.02501113527,a
Shanghai,EUI,187.6140269,0.1134428084,a
Wuhan,EUI,118.2591051,0.02121060528,a
Shanghai,EUI,189.724048,-0.08600527048,a
Beijing,EUI,107.68,-0.06744782627,a
Beijing,EUI,107.67,-0.1260133982,a
Shanghai,EUI,108.159227,0.006381028332,a
Guangzhou,EUI,203.0657098,-0.03607197106,a
Shanghai,EUI,186.0630269,0.05019367486,a
Beijing,EUI,31.89,-0.4318740368,a
Shanghai,EUI,106.1021412,-0.1497186273,a
Guangzhou,EUI,292.9646212,0.1889197677,a
Guangzhou,EUI,210.1468176,0.007629419677,a
Wuhan,EUI,110.7026683,0.002837036038,a
Shanghai,EUI,187.2485478,0.1659846902,a
Shanghai,EUI,189.724048,-0.1132534519,a
Shanghai,EUI,187.2485478,0.03219719231,a
Shanghai,EUI,187.0125889,0.05089632794,a
Shanghai,EUI,186.0630269,0.1595765948,a
Shanghai,EUI,107.585316,0.1156503558,a
Shanghai,EUI,106.0727756,-0.1507352442,a
Shanghai,EUI,186.0630269,0.1346562952,a
Beijing,EUI,31.89,-0.4377657175,a
Shanghai,EUI,188.2998177,0.004638580605,a
Shanghai,EUI,189.724048,-0.09405701607,a
Beijing,EUI,107.67,-0.1336536705,a
Shanghai,EUI,187.2485478,0.212509647,a
Wuhan,EUI,195.7330632,-0.07268654555,a
Shanghai,EUI,105.771287,-0.1730540097,a
Wuhan,EUI,110.7026683,0.0136072766,a
Shanghai,EUI,112.5992859,0.1218956336,a
Beijing,EUI,107.67,-0.07422627509,a
Guangzhou,EUI,210.1468176,0.0717356354,a
Wuhan,EUI,113.6977309,0.09181146324,a
Shanghai,EUI,278.6082818,-0.07429173589,a
Beijing,EUI,31.89,-0.184869647,a
Wuhan,EUI,119.2826021,0.07476126403,a
Wuhan,EUI,193.5994381,0.05079840869,a
Wuhan,EUI,121.784402,0.2339720279,a
Shanghai,EUI,278.6082818,0.004273507744,a
Wuhan,EUI,205.874483,0.1101258621,a
Shanghai,EUI,189.724048,-0.04144841433,a
Shanghai,EUI,106.9552835,-0.159422785,a
Shanghai,EUI,186.0630269,-0.055883158,a
Shanghai,EUI,187.2485478,0.1235334203,a
Shanghai,EUI,106.1021412,-0.09777392447,a
Shanghai,EUI,110.056914,0.004468468949,a
Shanghai,EUI,191.1767205,-0.03662850708,a
Shanghai,EUI,105.2490472,-0.2189333588,a
Shanghai,EUI,107.4101181,-0.1266159117,a
Shanghai,EUI,187.2485478,0.2164416164,a
Wuhan,EUI,190.3989335,-0.1244580448,a
Beijing,EUI,31.89,-0.2838480175,a
Shanghai,EUI,187.2485478,0.135543704,a
Shanghai,EUI,107.9609077,-0.0620820038,a
Guangzhou,EUI,294.1702351,0.08840670437,a
Shanghai,EUI,197.3488027,0.05045486614,a
Beijing,EUI,93.68,-0.2908293009,a
Shanghai,EUI,277.7011388,0.1153359786,a
Beijing,EUI,129.48,0.07586017996,a
Shanghai,EUI,195.4514685,-0.0374177061,a
Shanghai,EUI,195.4514685,-0.09309145063,a
Shanghai,EUI,276.9039955,-0.06003231183,a
Wuhan,EUI,197.3821049,-0.03057928383,a
Guangzhou,EUI,198.9517433,-0.09887159616,a
Wuhan,EUI,190.3989335,-0.09529428184,a
Shanghai,EUI,188.2998177,-0.01520798821,a
Beijing,EUI,31.89,-0.5448225737,a
Wuhan,EUI,114.2417941,0.2020131946,a
Shanghai,EUI,188.7835764,0.04644069076,a
Shanghai,EUI,191.1767205,-0.002512511564,a
Wuhan,EUI,195.953976,-0.08015520871,a
Guangzhou,EUI,210.1468176,0.1341795921,a
Wuhan,EUI,195.953976,0.04437288642,a
Shanghai,EUI,273.7518509,-0.08065852523,a
Wuhan,EUI,279.5582219,0.02960324101,a
Shanghai,EUI,109.462613,0.00267911423,a
Wuhan,EUI,114.2417941,0.08791907877,a
Wuhan,EUI,114.3902853,0.08487480134,a
Shanghai,EUI,196.9700178,-0.03789992258,a
Shanghai,EUI,196.9700178,-0.05391915888,a
Beijing,EUI,107.67,-0.05497521907,a
Shanghai,EUI,186.0630269,-0.06665497273,a
Shanghai,EUI,186.0630269,0.07196114957,a
Guangzhou,EUI,210.0137391,0.2504852116,a
Shanghai,EUI,107.519976,-0.04289240763,a
Shanghai,EUI,110.056914,0.00612168014,a
Guangzhou,EUI,205.7055775,0.03622409329,a
Shanghai,EUI,110.056914,-0.02421284281,a
Shanghai,EUI,276.9039955,-0.01082863379,a
Beijing,EUI,107.68,9.135436267e-05,a
Shanghai,EUI,196.9700178,0.001377467182,a
Beijing,EUI,87.6,-0.4685995579,a
Shanghai,EUI,106.9527713,0.01958630048,a
Shanghai,EUI,186.0630269,0.1194561496,a
Shanghai,EUI,122.5042299,-0.006872493774,a
Shanghai,EUI,277.1405325,-0.0245844163,a
Shanghai,EUI,110.056914,0.03508527204,a
Shanghai,EUI,105.771287,-0.1473155916,a
Shanghai,EUI,186.0630269,-0.03843740374,a
Shanghai,EUI,109.462613,0.04895779118,a
Shanghai,EUI,278.6082818,0.2661716342,a
Shanghai,EUI,189.724048,-0.06801579893,a
Shanghai,EUI,106.9552835,-0.1106774434,a
Shanghai,EUI,193.1126855,0.005733880214,a
Wuhan,EUI,195.7330632,-0.07097948343,a
Wuhan,EUI,195.953976,-0.005491798278,a
Shanghai,EUI,186.0630269,0.09062371403,a
Shanghai,EUI,195.2049422,-0.06770887226,a
Guangzhou,EUI,104.7195154,-0.411331743,a
Shanghai,EUI,195.4514685,-0.07754707336,a
Shanghai,EUI,106.9527713,-0.1627451479,a
Shanghai,EUI,186.0630269,0.09485844523,a
Shanghai,EUI,191.1767205,0.06737274677,a
Beijing,EUI,129.48,0.05545693636,a
Guangzhou,EUI,210.7021049,0.02880234271,a
Shanghai,EUI,107.1539687,-0.01918025874,a
Beijing,EUI,107.68,-0.04980654642,a
Shanghai,EUI,276.9039955,0.01745825075,a
Guangzhou,EUI,199.7975089,-0.1343479007,a
Wuhan,EUI,282.7909668,0.2185441852,a
Wuhan,EUI,119.2826021,-0.00592803536,a
Wuhan,EUI,115.8748305,0.0840382725,a
Shanghai,EUI,275.8490294,-0.03286888078,a
Shanghai,EUI,196.9700178,-0.1039717942,a
Shanghai,EUI,187.2485478,0.1027431786,a
Shanghai,EUI,196.9700178,0.004871922545,a
Shanghai,EUI,191.1767205,0.1361188591,a
Guangzhou,EUI,210.7021049,0.005624094047,a
Shanghai,EUI,187.0125889,0.0009077202412,a
Shanghai,EUI,186.0630269,0.1105524078,a
Wuhan,EUI,113.0252148,0.2048176974,a
Guangzhou,EUI,205.7055775,-0.08751472086,a
Shanghai,EUI,109.8196342,0.002443500329,a
Shanghai,EUI,189.724048,-0.1262073517,a
Wuhan,EUI,113.0252148,0.1534269899,a
Shanghai,EUI,188.2998177,0.007389109582,a
Shanghai,EUI,187.0125889,0.08675739169,a
Guangzhou,EUI,203.9964083,-0.08047038317,a
Wuhan,EUI,114.2417941,0.2040107399,a
Shanghai,EUI,187.6140269,0.05620483309,a
Beijing,EUI,31.89,0.07023204118,a
Shanghai,EUI,278.6082818,-0.01367030852,a
Shanghai,EUI,186.0630269,-0.05869489908,a
Shanghai,EUI,188.2998177,0.1149933785,a
Shanghai,EUI,189.724048,-0.1193277687,a
Shanghai,EUI,195.4514685,-0.08792775869,a
Wuhan,EUI,113.6977309,0.05226687342,a
Wuhan,EUI,192.9705051,0.2534681559,a
Guangzhou,EUI,210.1468176,0.06563030183,a
Shanghai,EUI,186.0630269,0.002926678164,a
Shanghai,EUI,116.1881784,0.07145878673,a
Shanghai,EUI,109.462613,0.101528801,a
Shanghai,EUI,191.1767205,0.009429098107,a
Wuhan,EUI,205.874483,0.06193483621,a
Shanghai,EUI,277.1405325,0.06020359322,a
Shanghai,EUI,109.462613,-0.08561200649,a
Shanghai,EUI,197.3488027,0.04290479049,a
Shanghai,EUI,189.724048,0.01141122542,a
Shanghai,EUI,191.1767205,0.06661845744,a
Guangzhou,EUI,118.3235398,-0.02732205205,a
Guangzhou,EUI,210.0137391,-0.1102219746,a
Beijing,EUI,107.67,-0.1130218357,a
Shanghai,EUI,106.4164739,-0.1030555144,a
Wuhan,EUI,110.7026683,-0.01360493433,a
Beijing,EUI,107.67,0.007939234376,a
Shanghai,EUI,103.7447431,-0.1761877239,a
Shanghai,EUI,186.0630269,0.04448531568,a
Shanghai,EUI,110.056914,-0.004456391558,a
Shanghai,EUI,110.056914,-0.02472357824,a
Shanghai,EUI,197.3488027,0.09118384123,a
Wuhan,EUI,195.7330632,-0.07268654555,a
Guangzhou,EUI,206.186642,0.2206064463,a
Shanghai,EUI,188.2998177,0.03941699862,a
Shanghai,EUI,193.1126855,-0.002481519943,a
Wuhan,EUI,114.1312516,0.04858212546,a
Shanghai,EUI,189.724048,0.01094138529,a
Shanghai,EUI,197.3488027,0.05568467453,a
Shanghai,EUI,277.1405325,-0.02333343402,a
Guangzhou,EUI,107.3167757,0.06490083039,a
Shanghai,EUI,110.056914,-0.004312496632,a
Shanghai,EUI,109.462613,0.0536929816,a
Shanghai,EUI,187.4190981,0.1630041897,a
Shanghai,EUI,188.2998177,-0.007194561418,a
Shanghai,EUI,188.2998177,0.04132476822,a
Shanghai,EUI,189.724048,0.04976791516,a
Shanghai,EUI,195.4514685,-0.06712094694,a
Shanghai,EUI,186.0630269,-0.0162506327,a
Shanghai,EUI,106.999129,-0.05729204789,a
Wuhan,EUI,114.3902853,0.08637890965,a
Wuhan,EUI,114.1312516,0.05756745487,a
Shanghai,EUI,189.724048,0.0009829924675,a
Shanghai,EUI,187.2485478,0.1808787584,a
Guangzhou,EUI,118.3235398,-0.03913635015,a
Shanghai,EUI,106.577636,0.0556187667,a
Shanghai,EUI,106.9527713,-0.01600516215,a
Guangzhou,EUI,104.7195154,-0.2943418324,a
Shanghai,EUI,191.0414887,0.0186167676,a
Beijing,EUI,107.67,-0.09039272368,a
Shanghai,EUI,111.2653496,-0.09048004448,a
Shanghai,EUI,195.4514685,-0.03985155001,a
Wuhan,EUI,195.7330632,0.04551433027,a
Shanghai,EUI,106.577636,-0.0489772819,a
Wuhan,EUI,193.5994381,-0.01520251483,a
Shanghai,EUI,272.5330194,-0.03512006998,a
Shanghai,EUI,195.2049422,-0.04272543639,a
Guangzhou,EUI,203.9964083,-0.03380171955,a
Shanghai,EUI,107.4101181,0.03404469788,a
Shanghai,EUI,277.1405325,0.05324671417,a
Wuhan,EUI,190.3989335,-0.09874651581,a
Shanghai,EUI,107.4101181,-9.302864783e-05,a
Beijing,EUI,107.67,0.0702437982,a
Shanghai,EUI,275.8490294,-0.1772927195,a
Shanghai,EUI,108.159227,0.02709163353,a
Shanghai,EUI,189.724048,-0.1032702476,a
Shanghai,EUI,186.0630269,0.09223271161,a
Shanghai,EUI,116.6010685,-0.02566412464,a
Shanghai,EUI,196.9700178,-0.06729246676,a
Wuhan,EUI,195.953976,0.03244009241,a
Shanghai,EUI,197.3488027,0.04841388762,a
Wuhan,EUI,114.2417941,0.1041625291,a
Wuhan,EUI,121.2145132,-0.08145265281,a
Wuhan,EUI,195.953976,0.0513817668,a
Guangzhou,EUI,210.7021049,0.05643957108,a
Shanghai,EUI,196.9700178,-0.1197748706,a
Guangzhou,EUI,200.4752153,-0.02181591839,a
Shanghai,EUI,187.6140269,0.1526923776,a
Wuhan,EUI,275.5300433,0.0291552227,a
Guangzhou,EUI,205.7055775,0.1561956108,a
Shanghai,EUI,187.6140269,0.1618325263,a
Shanghai,EUI,195.4514685,-0.06721615046,a
Wuhan,EUI,205.874483,0.1094032079,a
Wuhan,EUI,113.6977309,0.0687289089,a
Shanghai,EUI,106.577636,0.01178553142,a
Shanghai,EUI,106.577636,-0.0414262563,a
Guangzhou,EUI,109.7917022,0.062524423,a
Wuhan,EUI,192.4179605,0.1104447246,a
Shanghai,EUI,107.9609077,-0.03260787576,a
Guangzhou,EUI,210.0137391,0.1311958283,a
Shanghai,EUI,197.3488027,-0.008724234067,a
Shanghai,EUI,188.2998177,-0.100461334,a
Shanghai,EUI,110.056914,-0.01138894074,a
Guangzhou,EUI,111.1657101,0.05307342112,a
Beijing,EUI,107.67,0.1067227423,a
Shanghai,EUI,186.0630269,0.09765473753,a
Wuhan,EUI,282.7909668,0.1515808851,a
Shanghai,EUI,110.056914,0.01706302911,a
Shanghai,EUI,109.462613,0.1639894247,a
Shanghai,EUI,106.577636,-0.03569887578,a
Shanghai,EUI,188.2998177,0.01961447857,a
Guangzhou,EUI,107.9448505,0.01908906922,a
Shanghai,EUI,187.2485478,0.06569782645,a
Beijing,EUI,129.48,0.09787001461,a
Shanghai,EUI,105.8683633,-0.1585030258,a
Shanghai,EUI,191.1767205,0.05823033303,a
Beijing,EUI,107.67,-0.01145964302,a
Beijing,EUI,31.89,-0.2307186872,a
Guangzhou,EUI,206.186642,0.02363335341,a
Shanghai,EUI,186.0630269,-0.05051468313,a
Beijing,EUI,93.68,-0.2701896429,a
Wuhan,EUI,282.7909668,-0.04678425938,a
Wuhan,EUI,191.9725421,0.2266433388,a
Wuhan,EUI,190.3989335,-0.004646828864,a
Wuhan,EUI,196.5667452,0.08962847292,a
Shanghai,EUI,187.2485478,-0.0458888039,a
Beijing,EUI,31.89,-0.5021290779,a
Wuhan,EUI,113.6977309,0.117329374,a
Wuhan,EUI,189.9606477,0.1260419637,a
Beijing,EUI,107.68,-0.05636367202,a
Shanghai,EUI,106.577636,0.04203860089,a
Shanghai,EUI,116.1881784,0.02492193691,a
Shanghai,EUI,193.1126855,-0.1289208829,a
Guangzhou,EUI,210.7021049,0.1095182151,a
Wuhan,EUI,110.4552686,-0.03156937659,a
Shanghai,EUI,107.1539687,-0.06953840703,a
Guangzhou,EUI,198.9517433,-0.003377504414,a
Shanghai,EUI,109.8196342,0.03072139248,a
Wuhan,EUI,195.953976,0.01885258779,a
Wuhan,EUI,195.7330632,0.169413805,a
Shanghai,EUI,109.462613,0.001462692046,a
Shanghai,EUI,106.4164739,-0.07877755165,a
Shanghai,EUI,277.1405325,0.04966049269,a
Guangzhou,EUI,107.9448505,-0.04889849573,a
Wuhan,EUI,113.6764439,0.1095275357,a
Shanghai,EUI,107.585316,0.003693368053,a
Beijing,EUI,31.89,-0.4725390971,a
Shanghai,EUI,195.2049422,-0.06948224455,a
Guangzhou,EUI,105.3184511,-0.310423851,a
Guangzhou,EUI,206.186642,0.2234783024,a
Beijing,EUI,107.67,0.06084183231,a
Guangzhou,EUI,200.4752153,-0.1430520415,a
Shanghai,EUI,107.519976,-0.06386937946,a
Shanghai,EUI,189.724048,-0.102277793,a
Wuhan,EUI,195.953976,0.04877151921,a
Wuhan,EUI,195.953976,-0.05037278309,a
Shanghai,EUI,195.4514685,-0.08539374173,a
Shanghai,EUI,106.999129,-0.08442004025,a
Beijing,EUI,107.67,-0.04121046513,a
Shanghai,EUI,191.1767205,0.04871634394,a
Shanghai,EUI,188.7835764,0.00613403786,a
Shanghai,EUI,191.1767205,0.1508967876,a
Shanghai,EUI,186.0630269,-0.05459346995,a
Beijing,EUI,31.89,0.2187569439,a
Wuhan,EUI,114.3902853,0.07270435989,a
Wuhan,EUI,195.7330632,0.05162829161,a
Shanghai,EUI,196.9700178,0.02644755132,a
Shanghai,EUI,195.2049422,-0.03554750979,a
Guangzhou,EUI,107.9448505,-0.04701383412,a
Shanghai,EUI,106.4164739,-0.02695242129,a
Beijing,EUI,31.89,0.05739633366,a
Shanghai,EUI,113.6707909,0.05705945566,a
Wuhan,EUI,118.2591051,0.1789184958,a
Shanghai,EUI,122.4113662,0.06024793535,a
Shanghai,EUI,107.9609077,-0.05380403623,a
Beijing,EUI,107.67,-0.04303351045,a
Guangzhou,EUI,210.7021049,0.0901273042,a
Shanghai,EUI,277.1405325,-0.05341272801,a
Wuhan,EUI,195.7330632,-0.07084765285,a
Shanghai,EUI,106.9527713,0.008321650326,a
Guangzhou,EUI,210.0137391,0.2440386415,a
Shanghai,EUI,196.9700178,0.195188731,a
Shanghai,EUI,187.2485478,0.1518644094,a
Guangzhou,EUI,205.7055775,0.2600092292,a
Shanghai,EUI,119.7022049,0.0249311775,a
Shanghai,EUI,116.1881784,-0.1397552788,a
Shanghai,EUI,187.2485478,0.1924442202,a
Shanghai,EUI,195.4514685,0.05477539822,a
Guangzhou,EUI,104.7195154,-0.2967888117,a
Beijing,EUI,31.89,-0.2745635509,a
Shanghai,EUI,187.6140269,0.1528751403,a
Beijing,EUI,31.89,-0.1695890427,a
Shanghai,EUI,195.2049422,-0.09455551952,a
Shanghai,EUI,277.1405325,0.1044553071,a
Shanghai,EUI,196.9700178,-0.01441439427,a
Shanghai,EUI,188.7835764,0.02410167828,a
Shanghai,EUI,188.2998177,0.007374615408,a
Shanghai,EUI,188.2998177,0.003773722099,a
Shanghai,EUI,107.4101181,-0.01864430867,a
Shanghai,EUI,272.5330194,-0.04181728885,a
Guangzhou,EUI,210.7021049,0.08855235577,a
Shanghai,EUI,277.1405325,0.06423447281,a
Guangzhou,EUI,210.1468176,0.1159142926,a
Shanghai,EUI,188.2998177,0.03000952676,a
Shanghai,EUI,107.585316,0.004981245846,a
Beijing,EUI,107.67,-0.1302213073,a
Shanghai,EUI,275.789566,0.02698674053,a
Shanghai,EUI,106.1021412,-0.2174512297,a
Shanghai,EUI,107.4101181,0.007206559181,a
Guangzhou,EUI,210.0137391,-0.0438445136,a
Wuhan,EUI,195.7330632,-0.02736407332,a
Shanghai,EUI,109.9480087,-0.02778551728,a
Shanghai,EUI,188.7835764,0.05577487126,a
Shanghai,EUI,106.4164739,-0.08481344581,a
Wuhan,EUI,279.5582219,0.01125449315,a
Wuhan,EUI,113.4711731,0.1140112057,a
Shanghai,EUI,276.9477067,-0.06255931407,a
Shanghai,EUI,187.2485478,0.06102839857,a
Wuhan,EUI,195.953976,0.1293056905,a
Wuhan,EUI,113.0252148,0.1923936456,a
Shanghai,EUI,278.6082818,0.01194049604,a
Shanghai,EUI,187.6140269,0.04438626766,a
Beijing,EUI,31.89,-0.3586796224,a
Beijing,EUI,129.48,0.029972082,a
Beijing,EUI,93.68,-0.1981589347,a
Shanghai,EUI,106.9552835,0.03866859898,a
Beijing,EUI,107.67,-0.01566240937,a
Shanghai,EUI,105.771287,-0.2044216096,a
Shanghai,EUI,195.4514685,-0.1030056104,a
Shanghai,EUI,106.1021412,-0.1244728938,a
Shanghai,EUI,106.9527713,-0.08005298674,a
Wuhan,EUI,272.8257853,0.03493409976,a
Beijing,EUI,107.67,-0.03694393113,a
Shanghai,EUI,188.2998177,-0.1087784693,a
Wuhan,EUI,195.953976,-0.08809769154,a
Wuhan,EUI,195.7330632,0.1875773519,a
Beijing,EUI,31.89,-0.2963887453,a
Shanghai,EUI,193.1126855,-0.0613358058,a
Shanghai,EUI,193.1126855,-0.03406045213,a
Shanghai,EUI,193.1126855,-0.02054364234,a
Shanghai,EUI,197.3488027,-0.05163284764,a
Shanghai,EUI,109.9480087,0.05284640566,a
Wuhan,EUI,110.4552686,-0.09146419168,a
Shanghai,EUI,278.6082818,0.02198463492,a
Shanghai,EUI,188.2998177,-0.1486505568,a
Shanghai,EUI,196.9700178,-0.06069755554,a
Guangzhou,EUI,206.186642,0.232115984,a
Shanghai,EUI,106.9527713,0.02802073769,a
Shanghai,EUI,186.0630269,-0.03046919778,a
Wuhan,EUI,195.953976,-0.025427524,a
Shanghai,EUI,188.2998177,-0.009724210948,a
Wuhan,EUI,195.7330632,-0.04964162782,a
Shanghai,EUI,195.4514685,-0.03501019999,a
Wuhan,EUI,282.7909668,0.01089051738,a
Shanghai,EUI,187.6140269,0.008682474494,a
Shanghai,EUI,106.577636,0.04644580558,a
Shanghai,EUI,189.724048,-0.007074486464,a
Shanghai,EUI,109.462613,0.08470366895,a
Wuhan,EUI,113.6977309,0.07842702419,a
Shanghai,EUI,195.2049422,-0.07467781007,a
Shanghai,EUI,187.6140269,0.0361895673,a
Shanghai,EUI,186.0630269,0.07520531118,a
Shanghai,EUI,189.724048,-0.1282255203,a
Shanghai,EUI,187.2485478,0.04632389545,a
Shanghai,EUI,107.585316,0.02938834019,a
Shanghai,EUI,110.056914,0.0412431322,a
Shanghai,EUI,193.1126855,-0.08891776204,a
Wuhan,EUI,118.2591051,0.04395794496,a
Shanghai,EUI,188.2998177,-0.04162985086,a
Shanghai,EUI,106.999129,-0.04320181534,a
Guangzhou,EUI,210.7021049,0.06928497553,a
Shanghai,EUI,109.9480087,-0.002144005382,a
Beijing,EUI,107.68,-0.1149649844,a
Guangzhou,EUI,104.7195154,-0.0008390238509,a
Shanghai,EUI,196.9700178,-0.03406361118,a
Wuhan,EUI,110.7026683,-0.03033233434,a
Wuhan,EUI,121.0452719,0.01990027539,a
Shanghai,EUI,195.4514685,-0.06003174558,a
Shanghai,EUI,187.2485478,0.131061703,a
Shanghai,EUI,116.2192045,0.04369973391,a
Shanghai,EUI,193.1126855,-0.05778069422,a
Guangzhou,EUI,210.7021049,0.02311704494,a
Shanghai,EUI,116.1881784,-0.0251216311,a
Shanghai,EUI,112.5992859,0.143465206,a
Shanghai,EUI,112.5992859,0.1061328724,a
Shanghai,EUI,188.2998177,-0.1340194345,a
Shanghai,EUI,106.999129,-0.1566316634,a
Shanghai,EUI,196.9700178,-0.04372707754,a
Shanghai,EUI,110.056914,0.01106683351,a
Guangzhou,EUI,210.7021049,0.07436034828,a
Shanghai,EUI,116.1881784,0.06111801043,a
Wuhan,EUI,113.2334402,0.1254173815,a
Beijing,EUI,107.67,-0.0340257138,a
Shanghai,EUI,196.9700178,-0.1543482691,a
Wuhan,EUI,195.7330632,0.008060163818,a
Shanghai,EUI,188.2998177,0.008239232935,a
Wuhan,EUI,195.953976,0.08040055633,a
Guangzhou,EUI,210.7021049,0.08679939806,a
Beijing,EUI,107.67,-0.03549764678,a
Beijing,EUI,31.89,-0.3286362886,a
Beijing,EUI,31.89,-0.3950925469,a
Wuhan,EUI,195.953976,0.06843279302,a
Beijing,EUI,50.04,-0.2054784596,a
Wuhan,EUI,118.2591051,0.1323011816,a
Shanghai,EUI,106.0727756,-0.2891326845,a
Beijing,EUI,107.68,-0.1041578725,a
Shanghai,EUI,197.3488027,0.03201457113,a
Shanghai,EUI,187.2485478,0.1103605181,a
Guangzhou,EUI,109.344793,-0.04006931558,a
Beijing,EUI,107.67,-0.08970163763,a
Wuhan,EUI,195.7330632,0.04637821019,a
Shanghai,EUI,107.519976,0.007899284363,a
Shanghai,EUI,278.6082818,0.02274858207,a
Wuhan,EUI,275.5300433,-0.09520570934,a
Shanghai,EUI,186.0630269,0.08764602244,a
Shanghai,EUI,195.4514685,-0.05029918253,a
Shanghai,EUI,188.7835764,0.09195192903,a
Wuhan,EUI,195.953976,0.0123559339,a
Guangzhou,EUI,198.9517433,0.02632294968,a
Shanghai,EUI,187.0125889,0.01519758068,a
Shanghai,EUI,186.0630269,0.0323452279,a
Shanghai,EUI,195.4514685,-0.05882142112,a
Wuhan,EUI,279.2955225,0.1317773312,a
Shanghai,EUI,106.577636,0.02204054035,a
Guangzhou,EUI,205.7055775,-0.001731072436,a
Shanghai,EUI,186.0630269,0.1583104134,a
Wuhan,EUI,113.2334402,0.01298056636,a
Shanghai,EUI,186.0630269,0.07865233719,a
Shanghai,EUI,188.2998177,0.02109076641,a
Guangzhou,EUI,294.1702351,0.1416695118,a
Guangzhou,EUI,210.7021049,-0.01366067957,a
Guangzhou,EUI,292.9646212,0.1842461824,a
Shanghai,EUI,187.0125889,0.001871269313,a
Guangzhou,EUI,210.7021049,0.0624524653,a
Beijing,EUI,107.67,-0.07164442539,a
Shanghai,EUI,278.6082818,0.01389796659,a
Shanghai,EUI,187.2485478,-0.0179288052,a
Shanghai,EUI,112.5992859,0.02183755487,a
Beijing,EUI,31.89,-0.6848369241,a
Wuhan,EUI,113.6764439,0.0003189520794,a
Wuhan,EUI,195.7330632,-0.03034435399,a
Shanghai,EUI,107.585316,0.068852745,a
Shanghai,EUI,110.056914,0.01152736507,a
Beijing,EUI,129.48,0.03431662172,a
Shanghai,EUI,197.3488027,0.02386878058,a
Shanghai,EUI,109.8196342,0.02250147983,a
Shanghai,EUI,276.9477067,0.04429864883,a
Shanghai,EUI,195.4514685,-0.0345245637,a
Shanghai,EUI,280.6221637,0.3901804686,a
Shanghai,EUI,105.2490472,-0.2149973512,a
Beijing,EUI,107.67,0.07262974977,a
Wuhan,EUI,114.1312516,0.08896683156,a
Wuhan,EUI,195.7330632,-0.02458996326,a
Shanghai,EUI,187.2485478,-0.04344440624,a
Shanghai,EUI,195.4514685,-0.04509713128,a
Shanghai,EUI,110.056914,0.04656182602,a
Shanghai,EUI,277.1405325,0.02033457346,a
Shanghai,EUI,109.462613,0.06755523384,a
Shanghai,EUI,109.462613,0.04684654251,a
Shanghai,EUI,188.2998177,-0.01473008841,a
Shanghai,EUI,197.3488027,0.04414393008,a
Shanghai,EUI,195.2049422,-0.05867750943,a
Wuhan,EUI,190.3989335,-0.2823091447,a
Shanghai,EUI,109.8196342,0.05593345687,a
Guangzhou,EUI,210.1468176,0.08423352242,a
Wuhan,EUI,114.1312516,0.03750807047,a
Shanghai,EUI,110.056914,0.01746220328,a
Guangzhou,EUI,210.7021049,0.00879992824,a
Shanghai,EUI,186.0630269,-0.02826854028,a
Guangzhou,EUI,107.9448505,0.03532795236,a
Shanghai,EUI,107.585316,0.04107481614,a
Shanghai,EUI,111.2653496,-0.07622631639,a
Shanghai,EUI,191.1767205,0.2297252268,a
Shanghai,EUI,106.577636,-0.05673696101,a
Shanghai,EUI,193.1126855,-0.0139603857,a
Beijing,EUI,31.89,0.09158474952,a
Beijing,EUI,107.67,-0.0940675512,a
Shanghai,EUI,189.724048,-0.1368812472,a
Shanghai,EUI,109.462613,0.04428082705,a
Shanghai,EUI,107.4101181,-0.01746444777,a
Wuhan,EUI,279.2955225,0.1170208305,a
Shanghai,EUI,187.2485478,0.01249588374,a
Wuhan,EUI,195.7330632,0.0102663748,a
Shanghai,EUI,188.2998177,-0.009349154308,a
Shanghai,EUI,274.2758624,-0.006336972583,a
Wuhan,EUI,195.953976,-0.002119591227,a
Shanghai,EUI,187.0125889,0.1495385915,a
Wuhan,EUI,118.2591051,0.1317165047,a
Wuhan,EUI,195.7330632,-0.00714572845,a
Guangzhou,EUI,210.1468176,0.06210090965,a
Wuhan,EUI,114.1312516,0.02889643982,a
Shanghai,EUI,107.1539687,-0.06828039885,a
Shanghai,EUI,278.6082818,0.0390374288,a
Beijing,EUI,107.67,-0.02570342273,a
Shanghai,EUI,193.1126855,-0.0634111166,a
Wuhan,EUI,113.6764439,0.05390930548,a
Shanghai,EUI,105.771287,-0.1668455601,a
Wuhan,EUI,193.5994381,0.08910160512,a
Shanghai,EUI,107.4101181,-0.06292013824,a
Shanghai,EUI,275.8490294,-0.08024261147,a
Shanghai,EUI,108.159227,0.05693235993,a
Shanghai,EUI,107.1539687,0.04485992715,a
Shanghai,EUI,278.6082818,0.2485366464,a
Shanghai,EUI,105.771287,-0.151733011,a
Guangzhou,EUI,205.7055775,-0.06481960416,a
Shanghai,EUI,116.6010685,0.04835071415,a
Guangzhou,EUI,210.1468176,0.08245487511,a
Shanghai,EUI,108.419482,-0.03424223885,a
Guangzhou,EUI,210.1468176,0.03336142004,a
Shanghai,EUI,106.4164739,-0.02104445547,a
Guangzhou,EUI,198.9517433,0.0002972075599,a
Wuhan,EUI,115.8748305,-0.008785611019,a
Guangzhou,EUI,206.186642,0.289878875,a
Shanghai,EUI,191.1767205,0.338870585,a
Shanghai,EUI,187.2485478,0.1327030212,a
Beijing,EUI,31.89,-0.2371323407,a
Wuhan,EUI,195.7330632,0.04180623963,a
Beijing,EUI,107.67,-0.01165483892,a
Guangzhou,EUI,107.3167757,0.08368698508,a
Shanghai,EUI,187.0125889,0.1194869801,a
Wuhan,EUI,195.953976,0.00242233742,a
Wuhan,EUI,195.7330632,-0.06446681172,a
Shanghai,EUI,191.0414887,-0.002238375833,a
Beijing,EUI,31.89,-0.668200314,a
Shanghai,EUI,193.1126855,-0.05326186493,a
Shanghai,EUI,189.724048,-0.07867488265,a
Shanghai,EUI,112.0244119,-0.01925438643,a
Shanghai,EUI,187.6140269,0.07891934365,a
Shanghai,EUI,112.5992859,0.01694433764,a
Shanghai,EUI,110.056914,0.06154819205,a
Shanghai,EUI,277.7011388,0.1680682003,a
Beijing,EUI,31.89,-0.4726763666,a
Shanghai,EUI,276.9477067,0.02908420376,a
Shanghai,EUI,191.1767205,0.0610188134,a
Shanghai,EUI,196.9700178,-0.04869776964,a
Guangzhou,EUI,210.7021049,0.02543765493,a
Beijing,EUI,31.89,-0.3136445582,a
Shanghai,EUI,195.4514685,0.02825108543,a
Shanghai,EUI,106.9527713,0.01233489532,a
Beijing,EUI,107.67,0.04679105058,a
Shanghai,EUI,106.9527713,-0.07493612915,a
Guangzhou,EUI,103.8113611,-0.4452403784,a
Shanghai,EUI,109.462613,0.06230311096,a
Shanghai,EUI,110.056914,-0.009574479423,a
Beijing,EUI,107.67,-0.07463143766,a
Beijing,EUI,107.67,-0.02220323309,a
Wuhan,EUI,279.2955225,0.09378322214,a
Beijing,EUI,31.89,-0.3428603113,a
Wuhan,EUI,195.7330632,0.0592697598,a
Shanghai,EUI,106.577636,0.05541194603,a
Beijing,EUI,31.89,-0.3954549432,a
Shanghai,EUI,278.6082818,0.2202747464,a
Wuhan,EUI,192.9705051,0.1488726288,a
Shanghai,EUI,106.1021412,-0.1210604534,a
Guangzhou,EUI,210.0137391,0.01707730815,a
Wuhan,EUI,195.953976,-0.05029804632,a
Wuhan,EUI,114.1312516,0.02269981056,a
Wuhan,EUI,113.6764439,0.1046483666,a
Beijing,EUI,31.89,0.03215944394,a
Shanghai,EUI,107.1539687,0.06603660434,a
Shanghai,EUI,195.4514685,-0.07558593154,a
Shanghai,EUI,197.3488027,-0.04909183085,a
Shanghai,EUI,112.0244119,-0.02727242,a
Wuhan,EUI,193.5994381,0.01973662339,a
Shanghai,EUI,187.2485478,-0.05848269537,a
Shanghai,EUI,187.0125889,0.09787195921,a
Wuhan,EUI,190.3989335,0.02224214561,a
Shanghai,EUI,274.2758624,-0.05082231015,a
Beijing,EUI,107.68,-0.04694764316,a
Shanghai,EUI,189.724048,0.02422486618,a
Shanghai,EUI,195.4514685,0.00448666187,a
Beijing,EUI,31.89,-0.3100868762,a
Shanghai,EUI,186.0630269,0.06255788356,a
Guangzhou,EUI,210.7021049,0.09621359408,a
Wuhan,EUI,111.8004465,0.1415844113,a
Wuhan,EUI,195.953976,0.2015765607,a
Shanghai,EUI,195.4514685,-0.1272389889,a
Shanghai,EUI,107.585316,0.05797236413,a
Shanghai,EUI,187.2485478,0.1810948402,a
Wuhan,EUI,113.4132957,-0.01321962848,a
Guangzhou,EUI,106.6936723,-0.1871843338,a
Shanghai,EUI,187.2485478,-0.03110245615,a
Shanghai,EUI,197.3488027,-0.01085331198,a
Beijing,EUI,107.68,0.0171612408,a
Beijing,EUI,31.89,-0.3080155849,a
Shanghai,EUI,186.0630269,0.08705814183,a
Wuhan,EUI,114.3902853,0.04384663701,a
Shanghai,EUI,188.2998177,0.03725277632,a
Wuhan,EUI,111.8004465,-0.004195315763,a
Shanghai,EUI,277.1405325,0.0591279678,a
Wuhan,EUI,191.9725421,0.1546812803,a
Shanghai,EUI,197.3488027,0.04010944813,a
Shanghai,EUI,106.4164739,-0.01233808044,a
Shanghai,EUI,187.0125889,0.095434919,a
Shanghai,EUI,106.0727756,-0.1571909934,a
Guangzhou,EUI,203.0657098,-0.2210621238,a
Wuhan,EUI,111.8004465,0.1165767536,a
Beijing,EUI,31.89,0.07952404767,a
Shanghai,EUI,189.724048,-0.04124903679,a
Wuhan,EUI,113.6977309,0.1159364283,a
Shanghai,EUI,191.0414887,0.02059802786,a
Wuhan,EUI,113.6977309,0.1045035049,a
Shanghai,EUI,109.462613,0.09410371631,a
Shanghai,EUI,195.2049422,-0.1120776758,a
Wuhan,EUI,197.3821049,-0.133558467,a
Shanghai,EUI,197.3488027,0.02801861987,a
Wuhan,EUI,114.3902853,0.01194335055,a
Shanghai,EUI,195.4514685,-0.04644919932,a
Wuhan,EUI,116.2730259,-0.073174119,a
Beijing,EUI,107.68,0.04811423644,a
Shanghai,EUI,115.7623327,-0.008803930134,a
Shanghai,EUI,197.3488027,0.02673499286,a
Wuhan,EUI,111.8004465,0.0773422569,a
Wuhan,EUI,115.0606403,0.06535869092,a
Wuhan,EUI,113.6764439,0.03960346431,a
Wuhan,EUI,116.2730259,-0.04549986124,a
Wuhan,EUI,195.7330632,0.04089783505,a
Shanghai,EUI,107.1539687,-0.02626226097,a
Shanghai,EUI,191.0414887,0.02539913356,a
Shanghai,EUI,195.4514685,0.0008688258822,a
Shanghai,EUI,110.056914,0.03355915099,a
Wuhan,EUI,197.3821049,0.009279486723,a
Wuhan,EUI,110.4552686,-0.05913415551,a
Beijing,EUI,129.48,0.1294116974,a
Wuhan,EUI,110.4552686,-0.05970131233,a
Shanghai,EUI,116.6010685,0.002421667101,a
Wuhan,EUI,195.953976,-0.1264151931,a
Shanghai,EUI,109.8196342,-0.008388906717,a
Beijing,EUI,31.89,-0.2748308182,a
Beijing,EUI,31.89,-0.3613759577,a
Shanghai,EUI,112.0244119,-0.05314631015,a
Shanghai,EUI,188.2998177,0.003379024798,a
Wuhan,EUI,193.5994381,-0.1336369962,a
Shanghai,EUI,276.9477067,-0.04095933959,a
Beijing,EUI,107.67,-0.05592414737,a
Shanghai,EUI,187.2485478,0.06152978167,a
Shanghai,EUI,277.7011388,0.1913116127,a
Guangzhou,EUI,101.592787,-0.4151934087,a
Shanghai,EUI,197.3488027,0.02709244937,a
Shanghai,EUI,187.2485478,0.06793867797,a
Wuhan,EUI,193.5994381,-0.02527282387,a
Shanghai,EUI,195.4514685,-0.07553721964,a
Wuhan,EUI,205.874483,0.1093718857,a
Guangzhou,EUI,203.0657098,-0.02553299069,a
Guangzhou,EUI,206.186642,0.2646234334,a
Guangzhou,EUI,210.7021049,0.06964740157,a
Shanghai,EUI,112.0244119,-0.04906051606,a
Guangzhou,EUI,210.7021049,0.06319665909,a
Shanghai,EUI,110.056914,0.03396274522,a
Shanghai,EUI,116.6010685,0.007551563438,a
Guangzhou,EUI,106.0466835,-0.3198204339,a
Wuhan,EUI,279.5582219,0.1785912961,a
Wuhan,EUI,195.953976,0.0477180481,a
Shanghai,EUI,195.2049422,-0.09130832553,a
Wuhan,EUI,190.3989335,-0.1471128762,a
Shanghai,EUI,112.5992859,-0.0027084467,a
Wuhan,EUI,110.7026683,-0.007521989755,a
Shanghai,EUI,109.462613,0.01231656969,a
Beijing,EUI,31.89,0.2456038743,a
Shanghai,EUI,106.9527713,-0.1050711423,a
Beijing,EUI,107.67,0.08343472332,a
Wuhan,EUI,282.7909668,0.1125201806,a
Shanghai,EUI,191.0414887,-0.03968989104,a
Shanghai,EUI,106.9527713,0.03125948831,a
Shanghai,EUI,111.9129913,-0.02824193612,a
Shanghai,EUI,274.2758624,-0.1272066236,a
Shanghai,EUI,189.724048,-0.0290551167,a
Wuhan,EUI,195.953976,0.05693334341,a
Shanghai,EUI,195.4514685,0.00505242357,a
Beijing,EUI,129.48,0.1139370352,a
Shanghai,EUI,191.1767205,0.139457792,a
Shanghai,EUI,109.462613,0.02651283704,a
Shanghai,EUI,189.724048,-0.06926503032,a
Shanghai,EUI,196.9700178,-0.02290442027,a
Wuhan,EUI,110.4552686,-0.01969623007,a
Shanghai,EUI,106.577636,-0.008367622271,a
Shanghai,EUI,193.1126855,-0.09233906865,a
Shanghai,EUI,195.4514685,-0.04113519937,a
Guangzhou,EUI,210.1468176,0.05324143916,a
Shanghai,EUI,108.159227,-0.01760032773,a
Guangzhou,EUI,106.2051335,-0.3243064284,a
Shanghai,EUI,110.056914,0.03659639508,a
Shanghai,EUI,108.419482,0.008732649498,a
Wuhan,EUI,113.6977309,0.0837507844,a
Shanghai,EUI,195.4514685,-0.07341884077,a
Beijing,EUI,107.67,-0.04630959034,a
Shanghai,EUI,106.5980086,-0.05757566541,a
Shanghai,EUI,186.0630269,0.1528484374,a
Shanghai,EUI,106.4164739,-0.1140662804,a
Shanghai,EUI,109.462613,0.09910344332,a
Shanghai,EUI,109.462613,-0.015572723,a
Guangzhou,EUI,210.7021049,0.1059475988,a
Shanghai,EUI,186.0630269,0.08354496211,a
Shanghai,EUI,186.0630269,0.1232984886,a
Shanghai,EUI,122.5042299,-0.0161321722,a
Shanghai,EUI,272.5330194,0.002205938334,a
Beijing,EUI,107.67,0.08603328466,a
Beijing,EUI,31.89,-0.3810462058,a
Shanghai,EUI,107.585316,0.008819080889,a
Wuhan,EUI,193.5994381,0.02115019411,a
Wuhan,EUI,197.3821049,-0.04432373121,a
Wuhan,EUI,195.7330632,-0.04718821868,a
Shanghai,EUI,112.5992859,0.08618426323,a
Guangzhou,EUI,210.7021049,0.161110431,a
Shanghai,EUI,188.2998177,0.02263365872,a
Shanghai,EUI,195.2049422,-0.06579852104,a
Shanghai,EUI,193.1126855,-0.03369335458,a
Shanghai,EUI,110.056914,0.01770033687,a
Wuhan,EUI,114.1312516,0.05391339585,a
Shanghai,EUI,187.2485478,-0.06097599119,a
Wuhan,EUI,279.5582219,0.09479349852,a
Shanghai,EUI,195.4514685,-0.04908095673,a
Wuhan,EUI,195.953976,0.1500832886,a
Beijing,EUI,31.89,0.03816607594,a
Beijing,EUI,31.89,-0.4652791619,a
Shanghai,EUI,188.2998177,0.002676998731,a
Shanghai,EUI,188.2998177,-0.01870438829,a
Shanghai,EUI,195.4514685,-0.04869409278,a
Wuhan,EUI,192.9705051,0.1170788854,a
Shanghai,EUI,187.2485478,0.2112338245,a
Shanghai,EUI,195.4514685,-0.07312822342,a
Shanghai,EUI,272.5330194,-0.08826571703,a
Shanghai,EUI,106.0727756,-0.104251951,a
Wuhan,EUI,113.2334402,0.1131677553,a
Beijing,EUI,107.67,0.03685574234,a
Wuhan,EUI,114.3902853,0.09575116634,a
Shanghai,EUI,277.1405325,0.1184081435,a
Shanghai,EUI,106.9527713,0.01215013117,a
Shanghai,EUI,189.724048,-0.01168633811,a
Wuhan,EUI,190.3989335,0.1524138898,a
Shanghai,EUI,188.2998177,-0.0441152975,a
Shanghai,EUI,277.1405325,0.0300985612,a
Wuhan,EUI,197.3821049,-0.07766477019,a
Shanghai,EUI,186.0630269,0.1182885915,a
Shanghai,EUI,191.1767205,0.1427210569,a
Wuhan,EUI,114.1312516,-0.01038784441,a
Shanghai,EUI,188.2998177,0.009138841182,a
Shanghai,EUI,107.9804068,-0.07725770772,a
Guangzhou,EUI,210.7021049,0.09768714011,a
Shanghai,EUI,191.0414887,0.04039070383,a
Beijing,EUI,129.48,0.08699545264,a
Shanghai,EUI,106.9527713,-0.06235764548,a
Shanghai,EUI,107.4101181,0.01274918951,a
Shanghai,EUI,186.0630269,0.1077033058,a
Beijing,EUI,87.6,-0.2543133199,a
Wuhan,EUI,195.953976,0.07807982713,a
Shanghai,EUI,107.585316,0.03052227199,a
Shanghai,EUI,187.6140269,0.03623678535,a
Shanghai,EUI,116.1881784,0.05664221942,a
Wuhan,EUI,121.2145132,0.106424287,a
Guangzhou,EUI,210.7021049,0.06837332994,a
Guangzhou,EUI,210.1468176,0.0515428111,a
Wuhan,EUI,192.9705051,0.1035980955,a
Shanghai,EUI,186.0630269,0.1025502011,a
Shanghai,EUI,187.2485478,0.1223455742,a
Shanghai,EUI,103.698807,-0.2051625401,a
Shanghai,EUI,106.0727756,-0.2718328834,a
Beijing,EUI,31.89,-0.3821496069,a
Shanghai,EUI,188.2998177,-0.05273799971,a
Shanghai,EUI,107.585316,0.0714046061,a
Wuhan,EUI,111.8004465,0.1621676236,a
Shanghai,EUI,108.159227,-0.01317417342,a
Shanghai,EUI,187.2485478,0.1704006046,a
Wuhan,EUI,195.953976,-0.06465207785,a
Wuhan,EUI,111.8004465,0.131819874,a
Guangzhou,EUI,102.243521,-0.5593887568,a
Wuhan,EUI,190.3989335,-0.07170744985,a
Shanghai,EUI,106.0727756,-0.1979499459,a
Wuhan,EUI,116.2730259,-0.07763262093,a
Shanghai,EUI,188.2998177,0.00237750099,a
Shanghai,EUI,186.0630269,0.1336870641,a
Shanghai,EUI,197.3488027,0.008898206986,a
Shanghai,EUI,187.0125889,0.1642727405,a
Shanghai,EUI,191.1767205,0.03822852299,a
Wuhan,EUI,111.7492491,-0.01891289838,a
Guangzhou,EUI,109.7917022,0.03508041054,a
Guangzhou,EUI,203.9964083,-0.01056908164,a
Wuhan,EUI,197.3821049,-0.03582725301,a
Wuhan,EUI,192.9705051,0.1637621224,a
Shanghai,EUI,275.789566,-0.07804058492,a
Shanghai,EUI,278.6082818,0.1560890824,a
Guangzhou,EUI,205.7055775,0.1619611233,a
Shanghai,EUI,197.3488027,0.04477748275,a
Shanghai,EUI,187.6140269,0.1110065579,a
Wuhan,EUI,113.6977309,0.1180301681,a
Shanghai,EUI,191.1767205,0.05252629519,a
Shanghai,EUI,106.4164739,0.04380214959,a
Wuhan,EUI,195.953976,-0.005878746044,a
Wuhan,EUI,111.8004465,0.1301396787,a
Wuhan,EUI,123.5238648,0.04990790784,a
Shanghai,EUI,107.9609077,-0.03149056062,a
Shanghai,EUI,186.0630269,0.0787365064,a
Shanghai,EUI,105.485991,-0.08810605854,a
Shanghai,EUI,187.2485478,0.2101124376,a
Guangzhou,EUI,107.3167757,-0.02239551768,a
Shanghai,EUI,187.4190981,0.1035554186,a
Shanghai,EUI,187.2485478,0.1697474271,a
Shanghai,EUI,186.0630269,-0.06173074618,a
Shanghai,EUI,195.4514685,-0.06810937822,a
Shanghai,EUI,107.1539687,0.01651891507,a
Shanghai,EUI,112.5992859,0.09309566021,a
Shanghai,EUI,276.9477067,-0.001526954467,a
Shanghai,EUI,196.9700178,-0.08608017862,a
Shanghai,EUI,109.462613,0.1017107964,a
Guangzhou,EUI,210.7021049,0.118175976,a
Wuhan,EUI,193.5994381,-0.1628627032,a
Beijing,EUI,31.89,0.2558017671,a
Shanghai,EUI,116.6010685,0.06638082117,a
Beijing,EUI,31.89,-0.4072652459,a
Guangzhou,EUI,205.7055775,0.0998095125,a
Wuhan,EUI,110.4552686,0.04714015499,a
Shanghai,EUI,106.3644518,-0.01993510127,a
Beijing,EUI,31.89,-0.2605389357,a
Wuhan,EUI,113.6764439,-0.0332242474,a
Shanghai,EUI,278.6082818,-0.02763389051,a
Guangzhou,EUI,210.1468176,0.05746037513,a
Shanghai,EUI,187.2485478,0.1455098689,a
Shanghai,EUI,193.1126855,-0.1189876571,a
Shanghai,EUI,187.0125889,0.03793850541,a
Beijing,EUI,107.67,-0.07267151028,a
Beijing,EUI,107.67,-0.06012669206,a
Shanghai,EUI,186.0630269,0.07746721804,a
Shanghai,EUI,186.0630269,-0.06598804891,a
Beijing,EUI,31.89,-0.2707242668,a
Guangzhou,EUI,206.186642,0.08414453268,a
Shanghai,EUI,187.2485478,0.1193631217,a
Shanghai,EUI,197.3488027,0.04290479049,a
Shanghai,EUI,187.2485478,0.1490652114,a
Wuhan,EUI,190.3989335,0.006954652723,a
Shanghai,EUI,186.0630269,0.1336201727,a
Beijing,EUI,31.89,-0.4444654882,a
Shanghai,EUI,188.2998177,0.01898036525,a
Beijing,EUI,31.89,-0.1353518814,a
Shanghai,EUI,193.1126855,0.1283642203,a
Shanghai,EUI,186.0630269,-0.04402141646,a
Wuhan,EUI,119.2826021,0.05146722868,a
Shanghai,EUI,197.3488027,-0.0319605954,a
Shanghai,EUI,109.462613,0.1146426573,a
Wuhan,EUI,114.3902853,-0.04259361327,a
Guangzhou,EUI,203.9964083,-0.02864826098,a
Beijing,EUI,107.67,-0.009262754582,a
Shanghai,EUI,191.1767205,0.002065357519,a
Shanghai,EUI,109.8968758,0.052595824,a
Shanghai,EUI,186.0630269,0.1162866205,a
Beijing,EUI,31.89,-0.1920452565,a
Shanghai,EUI,188.2998177,0.07396841049,a
Wuhan,EUI,190.3989335,0.1515633613,a
Shanghai,EUI,191.0414887,0.02118832618,a
Guangzhou,EUI,210.1468176,0.09775978327,a
Beijing,EUI,107.67,0.04731306434,a
Wuhan,EUI,115.0606403,0.02417204902,a
Shanghai,EUI,186.0630269,-0.03932087496,a
Beijing,EUI,31.89,-0.3880657852,a
Wuhan,EUI,195.7330632,0.1474883854,a
Shanghai,EUI,195.4514685,-0.0003610111889,a
Shanghai,EUI,188.2998177,0.009834112599,a
Shanghai,EUI,107.4101181,-0.02552510239,a
Shanghai,EUI,189.724048,-0.08864494413,a
Shanghai,EUI,191.0414887,-0.04778341949,a
Wuhan,EUI,282.7909668,0.08674778044,a
Shanghai,EUI,109.9480087,-0.005053108558,a
Wuhan,EUI,114.3902853,0.04861423373,a
Guangzhou,EUI,106.0466835,-0.2649290562,a
Shanghai,EUI,110.056914,-0.02009471692,a
Shanghai,EUI,278.6082818,0.1697765887,a
Shanghai,EUI,188.2998177,-0.01613568701,a
Guangzhou,EUI,118.3235398,-0.0005246385117,a
Shanghai,EUI,107.9804068,-0.08351684362,a
Wuhan,EUI,205.874483,0.10353297,a
Shanghai,EUI,197.3488027,0.02844490111,a
Shanghai,EUI,189.724048,-0.03097423539,a
Shanghai,EUI,191.0414887,0.03294310719,a
Shanghai,EUI,110.056914,-0.01770186238,a
Wuhan,EUI,190.3989335,-0.05271231756,a
Shanghai,EUI,187.2485478,-0.001350536826,a
Shanghai,EUI,191.0414887,0.0201649107,a
Beijing,EUI,129.48,0.01876043528,a
Shanghai,EUI,125.3372569,-0.02748139575,a
Shanghai,EUI,189.724048,-0.1070512235,a
Wuhan,EUI,190.3989335,0.06274818629,a
Beijing,EUI,31.89,-0.5054401159,a
Shanghai,EUI,278.6082818,0.03707137704,a
Wuhan,EUI,114.2417941,0.108560048,a
Guangzhou,EUI,104.7195154,-0.1243550926,a
Shanghai,EUI,116.1881784,-0.01588475518,a
Shanghai,EUI,276.9477067,-0.1266828626,a
Beijing,EUI,31.89,-0.1593122333,a
Wuhan,EUI,197.3821049,-0.1123978198,a
Beijing,EUI,107.67,-0.08354133368,a
Guangzhou,EUI,205.7055775,-0.09804724157,a
Shanghai,EUI,187.2485478,0.08534067124,a
Shanghai,EUI,275.8490294,-0.04010747001,a
Shanghai,EUI,196.9700178,-0.04088214785,a
Wuhan,EUI,190.3989335,-0.08909787238,a
Shanghai,EUI,113.6707909,0.08218380809,a
Guangzhou,EUI,209.1166956,0.02887335047,a
Beijing,EUI,107.67,-0.02047498152,a
Shanghai,EUI,103.7447431,-0.1860956848,a
Shanghai,EUI,187.0125889,0.1505031437,a
Shanghai,EUI,278.6082818,0.04711388052,a
Shanghai,EUI,197.3488027,0.04368106276,a
Wuhan,EUI,116.2100116,0.1232443899,a
Shanghai,EUI,110.056914,0.02858006209,a
Shanghai,EUI,107.585316,0.05810618028,a
Shanghai,EUI,110.056914,0.01036495902,a
Shanghai,EUI,187.2485478,0.05212330818,a
Shanghai,EUI,186.0630269,-0.08030416071,a
Shanghai,EUI,109.462613,0.04376069456,a
Shanghai,EUI,110.056914,0.01911471225,a
Shanghai,EUI,189.724048,-0.1055246815,a
Beijing,EUI,107.68,-0.06021605432,a
Shanghai,EUI,187.6140269,0.1376430094,a
Shanghai,EUI,187.6140269,0.03722307086,a
Shanghai,EUI,116.1881784,0.03647189587,a
Shanghai,EUI,277.7011388,0.1122979075,a
Shanghai,EUI,106.9527713,0.004686662927,a
Shanghai,EUI,191.0414887,0.01645101793,a
Shanghai,EUI,106.9527713,-0.01307929587,a
Shanghai,EUI,197.3488027,0.04060651362,a
Wuhan,EUI,195.953976,0.106961146,a
Shanghai,EUI,187.2485478,0.122303389,a
Wuhan,EUI,111.3148649,0.01413719542,a
Wuhan,EUI,195.7330632,-0.03018756025,a
Shanghai,EUI,193.1126855,-0.01707970351,a
Wuhan,EUI,195.7330632,0.1168870181,a
Shanghai,EUI,197.3488027,-0.05171209946,a
Shanghai,EUI,191.1767205,0.3494729698,a
Shanghai,EUI,188.2998177,-0.0271486491,a
Shanghai,EUI,106.577636,0.04175382107,a
Wuhan,EUI,190.3989335,0.1311843693,a
Shanghai,EUI,187.2485478,0.025540784,a
Wuhan,EUI,195.953976,-0.145315215,a
Shanghai,EUI,191.1767205,0.04981970042,a
Wuhan,EUI,114.2417941,0.05091666058,a
Shanghai,EUI,193.1126855,-0.08235204965,a
Wuhan,EUI,113.6764439,0.08822586387,a
Shanghai,EUI,196.9700178,-0.1111241505,a
Wuhan,EUI,195.953976,-0.07468296587,a
Shanghai,EUI,189.724048,0.01652480289,a
Shanghai,EUI,112.5992859,-0.05044383928,a
Shanghai,EUI,196.9700178,0.008714972064,a
Guangzhou,EUI,210.1468176,0.1147520691,a
Shanghai,EUI,186.0630269,0.1122870743,a
Guangzhou,EUI,292.9646212,0.1556816399,a
Beijing,EUI,107.67,-0.02360129729,a
Shanghai,EUI,193.1126855,-0.01448696665,a
Beijing,EUI,107.68,-0.09661415219,a
Shanghai,EUI,196.9700178,-0.1136952639,a
Guangzhou,EUI,106.2051335,-0.1292118132,a
Guangzhou,EUI,107.9448505,0.03128527477,a
Shanghai,EUI,195.4514685,0.02743766457,a
Shanghai,EUI,107.4101181,0.02195182629,a
Guangzhou,EUI,210.1468176,0.08348958194,a
Shanghai,EUI,193.1126855,0.02331667207,a
Shanghai,EUI,193.1126855,-0.04398281872,a
Wuhan,EUI,113.6977309,0.1393748224,a
Guangzhou,EUI,210.0137391,0.1874397546,a
Shanghai,EUI,110.056914,0.008895102888,a
Shanghai,EUI,188.2998177,-0.003194867866,a
Wuhan,EUI,114.3902853,0.03122445568,a
Guangzhou,EUI,210.7021049,0.05118135363,a
Shanghai,EUI,195.4514685,-0.008382757194,a
Shanghai,EUI,109.8196342,-0.0454011634,a
Guangzhou,EUI,124.712827,0.1029927582,a
Shanghai,EUI,187.2485478,0.111903131,a
Shanghai,EUI,278.6082818,-0.02444734983,a
Shanghai,EUI,187.2485478,0.1301190257,a
Shanghai,EUI,187.2485478,0.1302755177,a
Guangzhou,EUI,210.0137391,-0.03502861038,a
Shanghai,EUI,107.519976,-0.03925098106,a
Shanghai,EUI,195.2049422,-0.03910052776,a
Wuhan,EUI,114.3902853,0.06756618619,a
Guangzhou,EUI,104.7195154,-0.2859310508,a
Shanghai,EUI,196.9700178,0.01321844477,a
Shanghai,EUI,188.2998177,-0.05562769249,a
Beijing,EUI,107.67,-0.07586890459,a
Wuhan,EUI,190.3989335,-0.09420509636,a
Shanghai,EUI,187.2485478,0.1325796694,a
Shanghai,EUI,196.9700178,-0.0369694531,a
Guangzhou,EUI,199.7975089,-0.1174554303,a
Shanghai,EUI,106.0727756,-0.1246104911,a
Wuhan,EUI,113.2334402,0.05115735531,a
Shanghai,EUI,189.724048,-0.05463466048,a
Shanghai,EUI,195.4514685,-0.04030380398,a
Shanghai,EUI,187.0125889,0.09600274265,a
Shanghai,EUI,122.5042299,-0.005462924019,a
Shanghai,EUI,188.2998177,0.009711211547,a
Shanghai,EUI,189.724048,-0.1052704081,a
Shanghai,EUI,187.2485478,0.09355317056,a
Shanghai,EUI,186.0630269,0.09209168702,a
Shanghai,EUI,272.5330194,-0.08474047482,a
Shanghai,EUI,272.5330194,-0.02865766361,a
Shanghai,EUI,191.1767205,0.1092728376,a
Wuhan,EUI,111.8004465,0.1365983784,a
Shanghai,EUI,189.724048,-0.04533099383,a
Shanghai,EUI,106.0727756,-0.1701040268,a
Beijing,EUI,107.68,-0.00977537781,a
Beijing,EUI,31.89,-0.1316837966,a
Shanghai,EUI,107.4101181,-0.0498441644,a
Shanghai,EUI,195.4514685,-0.0225190632,a
Shanghai,EUI,195.4514685,-0.05078424886,a
Shanghai,EUI,187.6140269,0.1531057358,a
Shanghai,EUI,116.7545492,0.0489811711,a
Shanghai,EUI,187.4190981,0.1569481343,a
Shanghai,EUI,107.9609077,-0.07163441926,a
Wuhan,EUI,195.953976,0.07811658084,a
Beijing,EUI,31.89,-0.4311161637,a
Shanghai,EUI,188.2998177,-0.01765117608,a
Wuhan,EUI,192.9705051,0.06339921802,a
Guangzhou,EUI,203.9964083,0.003194359364,a
Beijing,EUI,31.89,-0.4625788629,a
Beijing,EUI,129.48,0.09862116724,a
Shanghai,EUI,106.577636,-0.04934726283,a
Beijing,EUI,107.67,0.08206201345,a
Beijing,EUI,31.89,-0.4944320619,a
Wuhan,EUI,195.953976,0.09679237008,a
Shanghai,EUI,188.2998177,-0.07947316021,a
Guangzhou,EUI,110.8968766,-0.2473275959,a
Wuhan,EUI,281.3707237,0.09034769982,a
Shanghai,EUI,195.2049422,-0.03245642781,a
Beijing,EUI,107.67,-0.01382077299,a
Shanghai,EUI,187.2485478,0.1510109603,a
Beijing,EUI,31.89,0.2056975812,a
Shanghai,EUI,110.056914,-0.08439484984,a
Shanghai,EUI,112.5992859,0.1551758647,a
Beijing,EUI,31.89,0.2687002122,a
Beijing,EUI,107.67,-0.1058030054,a
Beijing,EUI,31.89,-0.4128975868,a
Wuhan,EUI,110.4552686,-0.06091949344,a
Shanghai,EUI,110.056914,0.04271660745,a
Wuhan,EUI,113.6764439,0.007516360842,a
Shanghai,EUI,195.4514685,-0.07350307703,a
Shanghai,EUI,195.4514685,-0.0305203218,a
Shanghai,EUI,278.6082818,0.1562881768,a
Shanghai,EUI,187.2485478,0.193601355,a
Shanghai,EUI,193.1126855,-0.08662434667,a
Guangzhou,EUI,105.2419107,-0.1031538323,a
Shanghai,EUI,276.9477067,0.02249738388,a
Shanghai,EUI,193.1126855,-0.04346774518,a
Wuhan,EUI,195.7330632,-0.03508599475,a
Shanghai,EUI,107.9609077,-0.051967334,a
Guangzhou,EUI,118.3235398,-0.04550833255,a
Wuhan,EUI,195.7330632,0.02727955393,a
Shanghai,EUI,106.9527713,-0.07610943913,a
Shanghai,EUI,195.4514685,-0.0362181142,a
Beijing,EUI,31.89,-0.4567443132,a
Beijing,EUI,31.89,-0.3158070445,a
Shanghai,EUI,193.1126855,0.008653305471,a
Shanghai,EUI,188.2998177,0.1639373749,a
Shanghai,EUI,272.5330194,-0.02865420096,a
Shanghai,EUI,106.577636,0.1105551571,a
Beijing,EUI,31.89,0.2465126067,a
Guangzhou,EUI,203.9964083,-0.0615372099,a
Shanghai,EUI,110.056914,-0.009866952896,a
Shanghai,EUI,186.0630269,0.0453427732,a
Shanghai,EUI,186.0630269,-0.004698972218,a
Shanghai,EUI,191.0414887,-0.02032171935,a
Guangzhou,EUI,292.9646212,0.1893381774,a
Shanghai,EUI,191.0414887,0.03634237126,a
Wuhan,EUI,190.3989335,-0.04700333625,a
Shanghai,EUI,109.8196342,0.01033028029,a
Wuhan,EUI,195.7330632,-0.03318177164,a
Shanghai,EUI,187.2485478,0.1273428351,a
Guangzhou,EUI,203.9964083,-0.02458759211,a
Beijing,EUI,31.89,-0.2147070915,a
Shanghai,EUI,272.5330194,-0.01599569432,a
Shanghai,EUI,278.6082818,0.05265112966,a
Shanghai,EUI,189.724048,-0.05155220255,a
Guangzhou,EUI,210.1468176,0.1569205076,a
Shanghai,EUI,189.724048,-0.04067616537,a
Shanghai,EUI,195.2049422,-0.05742688105,a
Shanghai,EUI,193.1126855,-0.05766707286,a
Shanghai,EUI,277.1405325,-0.05880276114,a
Shanghai,EUI,196.9700178,-0.0207387656,a
Shanghai,EUI,106.999129,-0.1144481972,a
Wuhan,EUI,195.7330632,0.008024638519,a
Shanghai,EUI,186.0630269,-0.009736699983,a
Guangzhou,EUI,210.1468176,0.139916569,a
Shanghai,EUI,196.9700178,-0.00339350081,a
Shanghai,EUI,186.0630269,-0.03434119746,a
Shanghai,EUI,277.1405325,0.1511690766,a
Shanghai,EUI,189.724048,-0.1006722152,a
Shanghai,EUI,186.0630269,-0.07738479227,a
Shanghai,EUI,186.0630269,0.07417299598,a
Beijing,EUI,31.89,-0.2759960294,a
Wuhan,EUI,113.2334402,0.130418241,a
Shanghai,EUI,195.2049422,-0.1039943993,a
Shanghai,EUI,105.2490472,-0.08925553411,a
Guangzhou,EUI,104.126868,-0.4576849639,a
Shanghai,EUI,109.462613,0.01936782338,a
Shanghai,EUI,188.2998177,0.0341196917,a
Shanghai,EUI,186.0630269,-0.06816325337,a
Shanghai,EUI,186.0630269,-0.07461343706,a
Shanghai,EUI,107.9609077,-0.09534037858,a
Shanghai,EUI,191.1767205,-0.06710774451,a
Shanghai,EUI,272.5330194,-0.03919414431,a
Wuhan,EUI,112.2011206,0.02806147374,a
Wuhan,EUI,114.3902853,0.0770830214,a
Shanghai,EUI,110.056914,0.01600264013,a
Shanghai,EUI,106.9527713,0.04429605603,a
Wuhan,EUI,276.8722815,0.09106387943,a
Guangzhou,EUI,203.0657098,-0.04857680202,a
Shanghai,EUI,188.2998177,0.005602750462,a
Guangzhou,EUI,107.3167757,-0.1372000575,a
Shanghai,EUI,195.2049422,-0.05418713391,a
Wuhan,EUI,114.1312516,0.01696277596,a
Beijing,EUI,31.89,-0.6996384263,a
Guangzhou,EUI,205.7055775,-0.01683379523,a
Shanghai,EUI,196.9700178,-0.03766060621,a
Wuhan,EUI,195.953976,0.04890801758,a
Wuhan,EUI,193.5994381,-0.02254419215,a
Beijing,EUI,87.6,-0.3757605255,a
Shanghai,EUI,196.9700178,-0.06528056413,a
Shanghai,EUI,103.7447431,-0.3292853832,a
Shanghai,EUI,107.585316,0.04414768517,a
Shanghai,EUI,109.462613,0.08241091669,a
Shanghai,EUI,186.0630269,-0.006448037922,a
Shanghai,EUI,106.9527713,-0.07157153636,a
Wuhan,EUI,111.3148649,-0.00477746129,a
Guangzhou,EUI,210.7021049,0.02798730135,a
Shanghai,EUI,109.462613,0.06415554136,a
Wuhan,EUI,115.8748305,0.01059685647,a
Guangzhou,EUI,104.126868,-0.4955750406,a
Shanghai,EUI,187.2485478,0.1036715731,a
Shanghai,EUI,106.4164739,0.0002608008217,a
Shanghai,EUI,112.5992859,0.08644293249,a
Beijing,EUI,31.89,-0.2051621079,a
Shanghai,EUI,186.0630269,0.09534151107,a
Beijing,EUI,107.67,-0.08636084199,a
Shanghai,EUI,110.056914,0.03331095353,a
Guangzhou,EUI,210.1468176,0.04803957045,a
Beijing,EUI,107.67,0.0240011625,a
Shanghai,EUI,106.577636,0.01555164531,a
Beijing,EUI,107.67,0.04824705422,a
Beijing,EUI,129.48,0.05007281154,a
Wuhan,EUI,190.3989335,0.02927325852,a
Shanghai,EUI,188.7835764,-0.07546721399,a
Shanghai,EUI,188.2998177,-0.01195277646,a
Shanghai,EUI,188.2998177,-0.003499507671,a
Wuhan,EUI,195.7330632,-0.06420791149,a
Shanghai,EUI,196.9700178,-0.04477900639,a
Guangzhou,EUI,292.9646212,0.03850170597,a
Guangzhou,EUI,107.9448505,0.01939472556,a
Wuhan,EUI,282.7909668,0.0267732162,a
Guangzhou,EUI,206.186642,0.0177725032,a
Wuhan,EUI,113.2334402,0.04978272691,a
Beijing,EUI,31.89,-0.5092633367,a
Beijing,EUI,107.67,0.0173376482,a
Shanghai,EUI,107.1539687,-0.001661196584,a
Guangzhou,EUI,205.7055775,0.3033164144,a
Guangzhou,EUI,206.186642,0.03842194378,a
Wuhan,EUI,279.5582219,0.01097339764,a
Shanghai,EUI,188.7835764,0.03714249656,a
Wuhan,EUI,113.6764439,-0.003382585477,a
Shanghai,EUI,189.724048,0.0384163335,a
Shanghai,EUI,191.1767205,0.1519818157,a
Guangzhou,EUI,294.1702351,0.09744244814,a
Shanghai,EUI,106.9552835,-0.06348638237,a
Shanghai,EUI,105.771287,-0.2531902492,a
Shanghai,EUI,186.0630269,-0.009470110759,a
Shanghai,EUI,186.0630269,0.12892434,a
Shanghai,EUI,188.2998177,-0.03198297322,a
Guangzhou,EUI,210.1468176,-0.0390743427,a
Shanghai,EUI,187.2485478,0.05941123515,a
Shanghai,EUI,110.056914,-0.04852375388,a
Shanghai,EUI,109.462613,0.01597300172,a
Wuhan,EUI,114.2417941,0.06788302958,a
Guangzhou,EUI,203.0657098,-0.06176332384,a
Shanghai,EUI,187.2485478,0.03582964092,a
Wuhan,EUI,193.5994381,-0.04576446116,a
Shanghai,EUI,110.056914,0.005170597695,a
Wuhan,EUI,121.2145132,0.03412818536,a
Shanghai,EUI,107.9609077,-0.09239673615,a
Wuhan,EUI,197.3821049,-0.1884997785,a
Shanghai,EUI,112.5992859,0.1339899749,a
Shanghai,EUI,107.1539687,0.01562845334,a
Guangzhou,EUI,210.1468176,0.04700785875,a
Shanghai,EUI,107.1539687,-0.00953883864,a
Wuhan,EUI,119.7108916,0.1112976074,a
Shanghai,EUI,105.2490472,-0.2713366747,a
Shanghai,EUI,193.1126855,-0.08013742417,a
Guangzhou,EUI,108.7602291,-0.07899848372,a
Shanghai,EUI,187.2485478,0.1183259487,a
Shanghai,EUI,107.585316,0.02717684023,a
Shanghai,EUI,106.1021412,-0.2140229493,a
Shanghai,EUI,116.7545492,0.002103140811,a
Wuhan,EUI,116.4512692,0.1440440565,a
Wuhan,EUI,282.7909668,0.07159731537,a
Shanghai,EUI,272.5330194,-0.03045868687,a
Shanghai,EUI,188.7835764,0.1066210866,a
Guangzhou,EUI,210.7021049,-0.0145985866,a
Shanghai,EUI,107.585316,0.0613219291,a
Shanghai,EUI,109.8196342,0.03779420629,a
Shanghai,EUI,276.9477067,-0.00376937422,a
Shanghai,EUI,197.3488027,0.03908272833,a
Shanghai,EUI,197.3488027,0.03630019352,a
Shanghai,EUI,187.2485478,0.08424678445,a
Shanghai,EUI,196.9700178,-0.05899206549,a
Shanghai,EUI,188.2998177,-0.005984927062,a
Shanghai,EUI,122.5042299,-0.07707753032,a
Shanghai,EUI,105.2015884,-0.393687278,a
Beijing,EUI,107.68,-0.08724927902,a
Shanghai,EUI,187.0125889,0.03826365247,a
Shanghai,EUI,113.8199242,0.05002545938,a
Beijing,EUI,31.89,-0.2561768293,a
Beijing,EUI,31.89,-0.3740295768,a
Shanghai,EUI,188.2998177,-0.007019600831,a
Shanghai,EUI,110.056914,0.0281802211,a
Shanghai,EUI,189.724048,-0.1173853204,a
Shanghai,EUI,187.0125889,0.07739999145,a
Shanghai,EUI,125.3372569,-0.05036591366,a
Shanghai,EUI,187.2485478,0.1019111574,a
Shanghai,EUI,107.1539687,0.02651697956,a
Shanghai,EUI,107.1539687,-0.006747381762,a
Shanghai,EUI,106.9552835,-0.06465766579,a
Shanghai,EUI,195.4514685,-0.004486358725,a
Beijing,EUI,31.89,-0.4058268666,a
Shanghai,EUI,197.3488027,0.003467885079,a
Shanghai,EUI,109.462613,0.02844580449,a
Shanghai,EUI,103.7447431,-0.4060426056,a
Shanghai,EUI,276.9477067,-0.07068648189,a
Beijing,EUI,31.89,-0.2890976667,a
Beijing,EUI,107.67,-0.05013630912,a
Shanghai,EUI,107.4101181,-0.003099133028,a
Shanghai,EUI,189.724048,-0.00656352751,a
Wuhan,EUI,118.2591051,0.1704432815,a
Shanghai,EUI,110.056914,-0.007095729001,a
Wuhan,EUI,193.5994381,-0.182695806,a
Shanghai,EUI,110.056914,-0.008876880631,a
Guangzhou,EUI,205.7055775,0.2455001026,a
Shanghai,EUI,187.2485478,0.1646490097,a
Shanghai,EUI,191.1767205,0.0163269192,a
Shanghai,EUI,189.724048,0.01897231862,a
Shanghai,EUI,187.6140269,0.05951951072,a
Wuhan,EUI,190.3989335,-0.1219723076,a
Shanghai,EUI,110.056914,-0.06240677461,a
Wuhan,EUI,193.5994381,-0.05577712506,a
Shanghai,EUI,276.9039955,-0.06780835986,a
Shanghai,EUI,110.056914,-0.01060292125,a
Wuhan,EUI,195.7330632,0.01989225857,a
Wuhan,EUI,113.4132957,-0.01789040305,a
Wuhan,EUI,121.0452719,-0.0312036518,a
Guangzhou,EUI,205.7055775,0.244371444,a
Wuhan,EUI,115.0606403,0.01881912537,a
Guangzhou,EUI,99.08161866,-0.02342061885,a
Shanghai,EUI,113.6707909,0.06868594885,a
Wuhan,EUI,195.7330632,0.08418702334,a
Beijing,EUI,93.68,-0.1795182824,a
Beijing,EUI,31.89,-0.5687960982,a
Shanghai,EUI,110.056914,0.0139016239,a
Shanghai,EUI,107.9609077,-0.02120217122,a
Shanghai,EUI,191.0414887,0.008977084421,a
Shanghai,EUI,106.999129,-0.1273683757,a
Shanghai,EUI,187.2485478,0.1373627931,a
Wuhan,EUI,195.7330632,0.1036057621,a
Shanghai,EUI,110.056914,0.055250559,a
Shanghai,EUI,278.6082818,0.03970030695,a
Beijing,EUI,107.67,-0.02188306488,a
Wuhan,EUI,189.9606477,0.08602710813,a
Guangzhou,EUI,105.3184511,-0.3187838197,a
Shanghai,EUI,187.2485478,0.1453744173,a
Shanghai,EUI,191.1767205,0.2002189606,a
Beijing,EUI,107.67,-0.003746784059,a
Shanghai,EUI,191.1767205,-0.05947479978,a
Shanghai,EUI,193.1126855,-0.1106544435,a
Shanghai,EUI,275.789566,-0.07423124462,a
Shanghai,EUI,193.1126855,-0.05884899572,a
Shanghai,EUI,197.3488027,-0.02399061993,a
Wuhan,EUI,190.3989335,-0.03775066882,a
Shanghai,EUI,110.056914,-0.0298057422,a
Beijing,EUI,31.89,-0.4475457668,a
Shanghai,EUI,191.1767205,0.1722586602,a
Beijing,EUI,107.67,-0.04540719837,a
Shanghai,EUI,109.462613,0.08958012611,a
Guangzhou,EUI,210.1468176,-0.02236206084,a
Guangzhou,EUI,210.7021049,0.09671983123,a
Shanghai,EUI,112.5992859,0.1476556063,a
Wuhan,EUI,189.9606477,0.06717879325,a
Shanghai,EUI,197.3488027,0.02494302765,a
Guangzhou,EUI,105.3184511,-0.246905759,a
Shanghai,EUI,112.5992859,0.0445038043,a
Shanghai,EUI,105.485991,-0.130729571,a
Shanghai,EUI,195.2049422,-0.0937577188,a
Guangzhou,EUI,206.186642,0.002184635261,a
Shanghai,EUI,187.0125889,0.05561605096,a
Shanghai,EUI,107.9609077,-0.1035532057,a
Guangzhou,EUI,210.7021049,0.1002230793,a
Shanghai,EUI,195.2049422,-0.1069779098,a
Guangzhou,EUI,206.186642,0.01741125621,a
Shanghai,EUI,106.577636,0.01435389742,a
Guangzhou,EUI,209.1166956,0.07617989182,a
Shanghai,EUI,186.0630269,0.08705910295,a
Wuhan,EUI,195.953976,0.09155680239,a
Wuhan,EUI,195.953976,0.02585935034,a
Shanghai,EUI,109.462613,0.1371192932,a
Shanghai,EUI,116.6010685,0.007459147833,a
Shanghai,EUI,106.9527713,-0.01601097733,a
Shanghai,EUI,188.2998177,-0.1513565332,a
Shanghai,EUI,195.4514685,-0.07267586142,a
Shanghai,EUI,195.2049422,-0.08183650672,a
Shanghai,EUI,107.4101181,-0.01991641894,a
Guangzhou,EUI,294.1702351,0.1222733408,a
Shanghai,EUI,106.9552835,-0.1554500014,a
Shanghai,EUI,195.2049422,-0.1298189014,a
Shanghai,EUI,188.2998177,-0.181210503,a
Wuhan,EUI,282.7909668,0.2183867991,a
Shanghai,EUI,186.0630269,-0.03046919778,a
Guangzhou,EUI,200.4752153,-0.05047288164,a
Shanghai,EUI,187.2485478,0.2166938931,a
Wuhan,EUI,195.7330632,-0.1176432073,a
Guangzhou,EUI,205.7055775,-0.0007542658714,a
Guangzhou,EUI,210.7021049,0.08853276074,a
Shanghai,EUI,187.4190981,0.1207053289,a
Shanghai,EUI,107.9609077,-0.04146034271,a
Shanghai,EUI,189.724048,-0.08413704485,a
Shanghai,EUI,196.9700178,-0.05609501526,a
Beijing,EUI,107.67,-0.03118107654,a
Shanghai,EUI,116.1881784,-0.0252595488,a
Shanghai,EUI,106.9527713,0.05357867107,a
Shanghai,EUI,277.7011388,0.02758805268,a
Shanghai,EUI,106.577636,0.086174272,a
Shanghai,EUI,275.789566,-0.02395625599,a
Guangzhou,EUI,210.7021049,0.1005599946,a
Guangzhou,EUI,209.1166956,-0.05630146712,a
Shanghai,EUI,193.1126855,-0.09647476673,a
Shanghai,EUI,110.056914,0.01649353653,a
Beijing,EUI,107.67,-0.06989806145,a
Shanghai,EUI,188.2998177,-0.01560960151,a
Shanghai,EUI,195.4514685,-0.09598612785,a
Shanghai,EUI,110.056914,0.0171587579,a
Shanghai,EUI,115.7623327,0.0001364058553,a
Guangzhou,EUI,210.0137391,0.2473888397,a
Shanghai,EUI,106.1021412,-0.1861151755,a
Beijing,EUI,31.89,-0.1812059283,a
Guangzhou,EUI,105.3184511,-0.08294333518,a
Shanghai,EUI,277.1405325,0.01896455511,a
Wuhan,EUI,205.874483,0.1562724262,a
Shanghai,EUI,112.5992859,-0.02314483747,a
Shanghai,EUI,112.5992859,0.01235311478,a
Wuhan,EUI,195.7330632,-0.06048832834,a
Shanghai,EUI,186.0630269,0.1301098615,a
Shanghai,EUI,195.2049422,-0.0591625534,a
Beijing,EUI,31.89,-0.4129110575,a
Shanghai,EUI,186.0630269,-0.07421298325,a
Shanghai,EUI,105.6399328,-0.1758530438,a
Shanghai,EUI,187.2485478,0.0827716589,a
Shanghai,EUI,113.8199242,0.09003149718,a
Shanghai,EUI,109.462613,0.06028146669,a
Shanghai,EUI,195.4514685,-0.05771931261,a
Shanghai,EUI,109.9480087,-0.02101829462,a
Shanghai,EUI,191.1767205,0.02218957432,a
Shanghai,EUI,186.0630269,-0.03363817558,a
Wuhan,EUI,113.6977309,0.03973709047,a
Shanghai,EUI,193.1126855,0.07984950393,a
Beijing,EUI,31.89,-0.4251064956,a
Beijing,EUI,31.89,-0.2907550037,a
Wuhan,EUI,190.3989335,-0.1275711507,a
Shanghai,EUI,110.056914,0.01279023383,a
Shanghai,EUI,195.4514685,-0.02738391794,a
Shanghai,EUI,195.4514685,-0.06171561405,a
Shanghai,EUI,188.2998177,-0.1724990904,a
Shanghai,EUI,191.1767205,0.01897750609,a
Shanghai,EUI,122.5042299,-0.02749910019,a
Shanghai,EUI,196.9700178,-0.1174047887,a
Shanghai,EUI,106.0727756,-0.257905513,a
Shanghai,EUI,186.0630269,0.09103213996,a
Wuhan,EUI,192.4179605,0.2933535576,a
Wuhan,EUI,195.7330632,0.1819683164,a
Shanghai,EUI,106.3644518,-0.07002977282,a
Shanghai,EUI,106.3644518,-0.0523361899,a
Beijing,EUI,31.89,-0.2721944749,a
Shanghai,EUI,112.5992859,0.09312070161,a
Shanghai,EUI,188.7835764,0.04053574428,a
Shanghai,EUI,197.3488027,-0.06017842144,a
Wuhan,EUI,195.953976,0.09814183414,a
Shanghai,EUI,188.2998177,0.02607630566,a
Shanghai,EUI,106.9552835,-0.03521345928,a
Shanghai,EUI,186.0630269,-0.02321269549,a
Wuhan,EUI,279.2955225,0.1209272593,a
Shanghai,EUI,106.577636,0.06068363786,a
Guangzhou,EUI,104.2987326,-0.4344786108,a
Shanghai,EUI,275.8490294,-0.07383404672,a
Shanghai,EUI,105.771287,-0.2123825401,a
Shanghai,EUI,187.2485478,0.1980360597,a
Shanghai,EUI,195.4514685,-0.04925749078,a
Beijing,EUI,31.89,-0.2690655291,a
Shanghai,EUI,105.485991,-0.1492415071,a
Shanghai,EUI,106.577636,0.08018228412,a
Beijing,EUI,107.67,-0.03123023175,a
Shanghai,EUI,197.3488027,0.1383958757,a
Beijing,EUI,107.67,0.02049172297,a
Shanghai,EUI,106.4164739,0.09305454046,a
Beijing,EUI,31.89,-0.2938677371,a
Shanghai,EUI,110.056914,0.03870025277,a
Shanghai,EUI,113.6707909,0.0608574003,a
Wuhan,EUI,114.1312516,0.04270598665,a
Guangzhou,EUI,110.8968766,-0.1809679866,a
Guangzhou,EUI,210.1468176,0.06108946353,a
Shanghai,EUI,195.4514685,-0.1049770191,a
Shanghai,EUI,187.6140269,0.09893859923,a
Beijing,EUI,107.68,0.02762355842,a
Shanghai,EUI,109.462613,0.0245007351,a
Shanghai,EUI,191.1767205,0.03737975284,a
Shanghai,EUI,106.9527713,-0.01074328832,a
Shanghai,EUI,106.1021412,-0.1613451391,a
Shanghai,EUI,195.4514685,-0.03842189535,a
Shanghai,EUI,106.4164739,0.01173941791,a
Shanghai,EUI,188.2998177,-0.02610104531,a
Shanghai,EUI,109.462613,0.01092670299,a
Shanghai,EUI,189.724048,-0.09815912694,a
Shanghai,EUI,277.1405325,0.1232550293,a
Beijing,EUI,107.67,-0.06235617772,a
Shanghai,EUI,187.2485478,0.08878275752,a
Shanghai,EUI,191.1767205,0.02180972323,a
Shanghai,EUI,188.2998177,0.01625130139,a
Beijing,EUI,31.89,-0.4285826981,a
Wuhan,EUI,121.2145132,0.03801441565,a
Shanghai,EUI,195.4514685,-0.07709177583,a
Shanghai,EUI,197.3488027,-0.02660839073,a
Wuhan,EUI,111.8004465,0.1102548093,a
Shanghai,EUI,112.5992859,0.01301199943,a
Shanghai,EUI,193.1126855,0.03824217245,a
Beijing,EUI,107.67,-0.06444786489,a
Shanghai,EUI,110.056914,0.0521860756,a
Shanghai,EUI,187.0125889,0.09105134755,a
Shanghai,EUI,189.724048,-0.1188994721,a
Wuhan,EUI,279.5582219,0.08145292848,a
Shanghai,EUI,277.1405325,0.01047140732,a
Shanghai,EUI,187.2485478,0.1176009998,a
Shanghai,EUI,196.9700178,-0.03028066643,a
Shanghai,EUI,187.2485478,0.06521176547,a
Wuhan,EUI,190.3989335,-0.01765112951,a
Wuhan,EUI,113.2334402,0.09387336671,a
Shanghai,EUI,110.056914,0.03388572112,a
Guangzhou,EUI,210.7021049,0.1048143655,a
Shanghai,EUI,276.9477067,-0.00128337543,a
Shanghai,EUI,189.724048,0.02836354636,a
Shanghai,EUI,186.0630269,0.1628888547,a
Shanghai,EUI,115.325407,0.009895918891,a
Beijing,EUI,31.89,0.02555274405,a
Shanghai,EUI,187.2485478,0.07543288916,a
Wuhan,EUI,113.6977309,0.1173693687,a
Shanghai,EUI,188.7835764,0.06680679321,a
Shanghai,EUI,107.585316,0.06653954089,a
Guangzhou,EUI,209.1166956,0.07643711567,a
Shanghai,EUI,188.2998177,0.05191436782,a
Wuhan,EUI,190.3989335,-0.06288762391,a
Shanghai,EUI,186.0630269,0.1237317845,a
Guangzhou,EUI,210.1468176,0.08320334554,a
Wuhan,EUI,111.8004465,-0.02156959288,a
Wuhan,EUI,193.5994381,-0.01988379844,a
Beijing,EUI,107.67,-0.1459228247,a
Shanghai,EUI,111.2653496,-0.08853916079,a
Shanghai,EUI,191.1767205,0.07254717499,a
Guangzhou,EUI,210.7021049,0.07852244377,a
Shanghai,EUI,195.2049422,-0.02830476873,a
Shanghai,EUI,276.9039955,0.04459738359,a
Shanghai,EUI,106.9527713,0.03638723493,a
Shanghai,EUI,110.056914,-0.01544429455,a
Shanghai,EUI,109.8196342,0.02394977026,a
Wuhan,EUI,195.7330632,0.06369525194,a
Guangzhou,EUI,205.7055775,0.01245368365,a
Shanghai,EUI,191.0414887,0.05090420693,a
Beijing,EUI,107.68,0.01103957929,a
Wuhan,EUI,192.4179605,0.2778806984,a
Beijing,EUI,107.67,-0.00338956574,a
Guangzhou,EUI,118.3235398,0.01188522018,a
Wuhan,EUI,205.874483,0.0830822587,a
Guangzhou,EUI,107.3167757,0.06257266551,a
Shanghai,EUI,186.0630269,0.1217968091,a
Shanghai,EUI,191.1767205,0.1754940897,a
Guangzhou,EUI,206.186642,-0.005959033035,a
Shanghai,EUI,106.0727756,-0.3100532889,a
Shanghai,EUI,103.7447431,-0.1624046415,a
Wuhan,EUI,195.953976,-0.1275631189,a
Beijing,EUI,31.89,-0.5770853162,a
Beijing,EUI,107.68,0.05505883694,a
Shanghai,EUI,191.0414887,-0.02439003438,a
Wuhan,EUI,195.953976,-0.1495981961,a
Beijing,EUI,31.89,-0.3574320674,a
Shanghai,EUI,186.0630269,0.06788491458,a
Shanghai,EUI,186.0630269,0.09204018116,a
Shanghai,EUI,188.2998177,-0.05455106497,a
Shanghai,EUI,106.4164739,-0.09493535012,a
Beijing,EUI,31.89,-0.212808907,a
Wuhan,EUI,190.3989335,-0.008966233581,a
Shanghai,EUI,195.4514685,-0.01691691764,a
Shanghai,EUI,277.1405325,0.0193500109,a
Shanghai,EUI,188.2998177,-0.03769950941,a
Beijing,EUI,129.48,0.1159145087,a
Guangzhou,EUI,205.7055775,-0.02528877184,a
Beijing,EUI,31.89,-0.346491307,a
Guangzhou,EUI,209.1166956,0.0696837604,a
Shanghai,EUI,186.0630269,0.1554385275,a
Guangzhou,EUI,210.1468176,0.0674624294,a
Beijing,EUI,31.89,-0.2613783777,a
Shanghai,EUI,195.4514685,-0.0927772969,a
Shanghai,EUI,191.0414887,-0.003969475627,a
Wuhan,EUI,192.9705051,0.0887324661,a
Shanghai,EUI,106.4164739,-0.03337417543,a
Shanghai,EUI,187.0125889,-0.0268301554,a
Wuhan,EUI,187.7498433,-0.001207500929,a
Shanghai,EUI,188.2998177,-0.1963121146,a
Shanghai,EUI,186.0630269,0.07835637778,a
Shanghai,EUI,188.7835764,0.01806901768,a
Shanghai,EUI,187.4190981,0.03437564149,a
Guangzhou,EUI,294.1702351,0.2162397802,a
Shanghai,EUI,187.6140269,0.1123476923,a
Wuhan,EUI,190.3989335,-0.08823339641,a
Shanghai,EUI,187.2485478,0.06085555628,a
Shanghai,EUI,191.0414887,-0.04676000774,a
Shanghai,EUI,277.1405325,0.06999083608,a
Shanghai,EUI,195.4514685,-0.07515385747,a
Shanghai,EUI,186.0630269,0.07786556333,a
Shanghai,EUI,106.0727756,-0.1769025028,a
Wuhan,EUI,114.3902853,0.01555132028,a
Shanghai,EUI,188.2998177,-0.02447955683,a
Wuhan,EUI,192.9705051,0.195211187,a
Beijing,EUI,107.67,-0.08977730572,a
Guangzhou,EUI,292.9646212,0.1739391685,a
Shanghai,EUI,187.0125889,0.04858240858,a
Wuhan,EUI,189.9606477,0.02622838505,a
Wuhan,EUI,197.3821049,-0.04587408528,a
Guangzhou,EUI,210.7021049,0.1803616881,a
Shanghai,EUI,116.1881784,-0.06236075237,a
Shanghai,EUI,106.577636,-0.06853867322,a
Beijing,EUI,31.89,-0.3332888782,a
Shanghai,EUI,191.0414887,-0.0454460755,a
Shanghai,EUI,195.2049422,-0.06061939523,a
Beijing,EUI,31.89,-0.1694326103,a
Shanghai,EUI,191.0414887,0.002667360473,a
Shanghai,EUI,187.6140269,0.08367231488,a
Shanghai,EUI,189.724048,-0.08732523024,a
Beijing,EUI,107.67,0.03089823388,a
Shanghai,EUI,186.0630269,0.09502969682,a
Shanghai,EUI,188.2998177,-0.04307448864,a
Wuhan,EUI,115.8748305,0.07860743254,a
Shanghai,EUI,189.724048,-0.08715330809,a
Shanghai,EUI,187.2485478,0.1792242676,a
Beijing,EUI,31.89,-0.3817243278,a
Shanghai,EUI,106.0727756,-0.132593289,a
Wuhan,EUI,192.9705051,0.02864820883,a
Shanghai,EUI,122.4113662,0.04998618364,a
Beijing,EUI,107.67,-0.04960940033,a
Shanghai,EUI,189.724048,-0.07186680287,a
Beijing,EUI,31.89,-0.3527965248,a
Shanghai,EUI,106.4164739,0.01831098087,a
Shanghai,EUI,193.1126855,0.09201815724,a
Shanghai,EUI,112.5992859,0.09763869643,a
Shanghai,EUI,106.4164739,-0.02893910371,a
Wuhan,EUI,193.5994381,0.004616165534,a
Shanghai,EUI,277.1405325,0.008493218571,a
Beijing,EUI,31.89,-0.2453603297,a
Shanghai,EUI,113.8199242,0.09529737383,a
Shanghai,EUI,187.6140269,0.08277592808,a
Wuhan,EUI,114.1312516,0.1204741672,a
Wuhan,EUI,282.7909668,0.1033519059,a
Shanghai,EUI,189.724048,-0.005673376843,a
Shanghai,EUI,193.1126855,-0.0770746693,a
Guangzhou,EUI,210.7021049,0.1533133537,a
Beijing,EUI,87.6,-0.1911286414,a
Beijing,EUI,107.68,0.01668108068,a
Shanghai,EUI,110.056914,0.0124676358,a
Shanghai,EUI,186.0630269,0.06671728194,a
Shanghai,EUI,106.0727756,-0.2216723114,a
Shanghai,EUI,107.1539687,0.01357539557,a
Shanghai,EUI,187.2485478,-0.04524659365,a
Shanghai,EUI,187.6140269,0.002944200765,a
Shanghai,EUI,274.2758624,-0.1027077585,a
Shanghai,EUI,107.4101181,-0.03410141543,a
Shanghai,EUI,187.0125889,0.09945847839,a
Beijing,EUI,31.89,0.182559222,a
Shanghai,EUI,191.0414887,-0.005502916873,a
Beijing,EUI,107.67,0.0164663326,a
Guangzhou,EUI,110.8968766,-0.1127469316,a
Wuhan,EUI,191.9725421,0.1786082834,a
Shanghai,EUI,186.0630269,-0.07153266668,a
Shanghai,EUI,278.6082818,0.009084807709,a
Shanghai,EUI,188.2998177,-0.02897313237,a
Shanghai,EUI,188.7835764,0.03944341838,a
Beijing,EUI,107.67,-0.01722209528,a
Guangzhou,EUI,292.9646212,0.1445114017,a
Wuhan,EUI,197.3821049,-0.04546065629,a
Wuhan,EUI,114.3902853,0.01153840683,a
Shanghai,EUI,107.4101181,-0.04661007226,a
Shanghai,EUI,195.2049422,-0.06727994233,a
Beijing,EUI,31.89,-0.340909034,a
Shanghai,EUI,278.6082818,0.2772546709,a
Shanghai,EUI,107.9609077,-0.1464059651,a
Guangzhou,EUI,107.9448505,-0.02245842665,a
Wuhan,EUI,195.7330632,0.01857588813,a
Guangzhou,EUI,205.7055775,-0.010623971,a
Wuhan,EUI,114.2417941,0.1067451388,a
Shanghai,EUI,109.8968758,-0.08743010461,a
Shanghai,EUI,276.9477067,0.05332113057,a
Shanghai,EUI,109.9480087,0.007122317329,a
Wuhan,EUI,112.2011206,0.1025978997,a
Shanghai,EUI,187.2485478,0.1757683009,a
Beijing,EUI,129.48,0.07309705764,a
Shanghai,EUI,196.9700178,-0.06685977429,a
Guangzhou,EUI,210.0137391,0.177495122,a
Shanghai,EUI,195.4514685,-0.03415062651,a
Wuhan,EUI,110.4552686,-0.01195005793,a
Shanghai,EUI,191.0414887,0.04712738842,a
Beijing,EUI,107.67,-0.06428109854,a
Shanghai,EUI,109.462613,0.01078827865,a
Shanghai,EUI,196.9700178,-0.02055020258,a
Shanghai,EUI,188.2998177,-0.008253902197,a
Shanghai,EUI,188.2998177,-0.03806638345,a
Shanghai,EUI,191.0414887,0.03974610567,a
Shanghai,EUI,188.2998177,0.03184643388,a
Shanghai,EUI,189.724048,-0.02842969634,a
Shanghai,EUI,188.7835764,0.01952878386,a
Shanghai,EUI,106.1021412,-0.1017069966,a
Shanghai,EUI,187.2485478,0.09259363264,a
Wuhan,EUI,114.1312516,0.1298332363,a
Shanghai,EUI,122.5042299,-0.07707753032,a
Beijing,EUI,31.89,0.04946089908,a
Guangzhou,EUI,294.1702351,0.1430556476,a
Shanghai,EUI,187.2485478,0.1021443903,a
Beijing,EUI,31.89,0.08396248519,a
Shanghai,EUI,110.056914,0.02189902589,a
Wuhan,EUI,113.6977309,0.1201384068,a
Shanghai,EUI,275.8490294,-0.1182990074,a
Shanghai,EUI,276.9039955,-0.05584972352,a
Shanghai,EUI,189.724048,0.04587975517,a
Guangzhou,EUI,205.7055775,0.2158790082,a
Guangzhou,EUI,105.3184511,-0.1933850199,a
Wuhan,EUI,195.7330632,0.01501487102,a
Shanghai,EUI,191.0414887,0.07001062483,a
Shanghai,EUI,188.2998177,0.05351747945,a
Shanghai,EUI,116.2192045,-0.005063718185,a
Shanghai,EUI,276.9039955,0.03532980755,a
Beijing,EUI,31.89,-0.299559474,a
Shanghai,EUI,195.2049422,-0.02136906423,a
Beijing,EUI,31.89,0.2247860283,a
Wuhan,EUI,113.6764439,0.02540414035,a
Beijing,EUI,107.68,-0.1266922057,a
Shanghai,EUI,109.8968758,-0.07505575567,a
Guangzhou,EUI,123.1203473,0.02433605865,a
Shanghai,EUI,106.9527713,0.01932953484,a
Shanghai,EUI,278.6082818,0.061086528,a
Guangzhou,EUI,292.9646212,0.1547295898,a
Wuhan,EUI,195.7330632,0.04176030681,a
Shanghai,EUI,106.9527713,-0.009587708861,a
Shanghai,EUI,106.1021412,-0.09213603288,a
Wuhan,EUI,189.9606477,0.1655936986,a
Shanghai,EUI,106.0727756,-0.1795957685,a
Shanghai,EUI,106.999129,-0.07047574967,a
Shanghai,EUI,275.8490294,-0.03671193123,a
Shanghai,EUI,112.5992859,0.1269921809,a
Beijing,EUI,31.89,-0.415333122,a
Wuhan,EUI,115.8748305,0.1698616892,a
Shanghai,EUI,103.698807,-0.121572338,a
Shanghai,EUI,197.3488027,0.0411677286,a
Shanghai,EUI,195.4514685,-0.08498601615,a
Beijing,EUI,107.68,-0.008041143417,a
Guangzhou,EUI,203.9964083,-0.03615536541,a
Beijing,EUI,107.67,-0.01229055412,a
Guangzhou,EUI,210.7021049,0.08877952397,a
Wuhan,EUI,189.9606477,0.2050002962,a
Shanghai,EUI,187.2485478,0.04487608001,a
Shanghai,EUI,109.8196342,0.07360325009,a
Shanghai,EUI,195.2049422,-0.05022009462,a
Shanghai,EUI,119.4935703,0.03457517549,a
Shanghai,EUI,116.1881784,0.02631679922,a
Guangzhou,EUI,102.243521,-0.5155889392,a
Shanghai,EUI,107.519976,-0.03842251003,a
Shanghai,EUI,108.419482,-0.05292691663,a
Wuhan,EUI,110.7026683,-0.01930609718,a
Beijing,EUI,31.89,-0.5981115103,a
Shanghai,EUI,106.577636,-0.07261709124,a
Wuhan,EUI,279.2955225,0.08601881564,a
Shanghai,EUI,186.0630269,-0.07900290191,a
Beijing,EUI,107.67,-0.08240967989,a
Guangzhou,EUI,210.1468176,0.03481129557,a
Wuhan,EUI,195.7330632,0.02766919136,a
Beijing,EUI,31.89,-0.4500758052,a
Beijing,EUI,31.89,-0.3912764192,a
Shanghai,EUI,195.4514685,-0.06204807013,a
Shanghai,EUI,109.8196342,0.006663342007,a
Shanghai,EUI,106.999129,-0.1400707364,a
Wuhan,EUI,195.7330632,-0.001008742838,a
Beijing,EUI,31.89,-0.4560525715,a
Wuhan,EUI,196.5667452,0.1543048769,a
Shanghai,EUI,109.8196342,0.08763985336,a
Shanghai,EUI,106.9527713,0.00196444476,a
Shanghai,EUI,110.056914,0.04325344414,a
Wuhan,EUI,114.2417941,0.05551288649,a
Shanghai,EUI,193.1126855,-0.09674477577,a
Wuhan,EUI,191.9725421,0.1560792476,a
Wuhan,EUI,195.953976,-0.002960549435,a
Shanghai,EUI,108.419482,0.04821931198,a
Shanghai,EUI,107.1539687,-0.005819788203,a
Wuhan,EUI,195.953976,0.01359786186,a
Shanghai,EUI,106.577636,-0.001201733714,a
Shanghai,EUI,188.2998177,-0.1708490402,a
Beijing,EUI,107.68,-0.09996125847,a
Shanghai,EUI,278.6082818,-0.02229275182,a
Shanghai,EUI,109.8196342,-0.08250567317,a
Wuhan,EUI,110.4552686,0.1228289157,a
Shanghai,EUI,272.5330194,-0.03485960141,a
Beijing,EUI,31.89,-0.319216907,a
Shanghai,EUI,116.6010685,0.01248534024,a
Shanghai,EUI,187.0125889,-0.02120447345,a
Shanghai,EUI,195.4514685,-0.05050971732,a
Wuhan,EUI,205.874483,0.1700948328,a
Shanghai,EUI,188.2998177,0.03466933221,a
Guangzhou,EUI,205.7055775,-0.04819417,a
Guangzhou,EUI,105.3184511,-0.2444418669,a
Guangzhou,EUI,292.9646212,0.07745907456,a
Shanghai,EUI,278.6082818,0.1500032544,a
Shanghai,EUI,106.999129,-0.04358740896,a
Wuhan,EUI,114.3902853,0.04864517599,a
Guangzhou,EUI,205.7055775,-0.01577864587,a
Shanghai,EUI,186.0630269,0.07618393004,a
Shanghai,EUI,195.4514685,-0.00138203532,a
Guangzhou,EUI,203.9964083,-0.01683389768,a
Shanghai,EUI,106.4164739,-0.01535055228,a
Shanghai,EUI,187.2485478,0.08411421627,a
Beijing,EUI,107.67,-0.06434752792,a
Shanghai,EUI,191.0414887,0.01636220887,a
Beijing,EUI,107.68,-0.02526693419,a
Shanghai,EUI,187.2485478,0.1764435917,a
Shanghai,EUI,276.9039955,0.007217167877,a
Shanghai,EUI,187.0125889,0.1517638415,a
Guangzhou,EUI,205.7055775,-0.004184229299,a
Shanghai,EUI,112.5992859,0.05582691357,a
Shanghai,EUI,106.4164739,0.01647763327,a
Beijing,EUI,107.67,0.05296508595,a
Shanghai,EUI,106.999129,-0.05726741627,a
Wuhan,EUI,195.7330632,0.2279613167,a
Beijing,EUI,107.67,-0.09622704238,a
Shanghai,EUI,191.1767205,0.02564104833,a
Shanghai,EUI,107.1539687,0.05179268494,a
Shanghai,EUI,189.724048,-0.1104217619,a
Shanghai,EUI,186.0630269,0.06440915912,a
Shanghai,EUI,187.2485478,0.1481729597,a
Beijing,EUI,31.89,0.07116995007,a
Shanghai,EUI,277.1405325,-0.002126728883,a
Guangzhou,EUI,108.7602291,0.09220490605,a
Beijing,EUI,31.89,0.1280946583,a
Shanghai,EUI,195.2049422,-0.03835898265,a
Beijing,EUI,107.68,-0.0005064243451,a
Shanghai,EUI,277.1405325,-0.01905820146,a
Shanghai,EUI,116.1881784,0.03979621828,a
Shanghai,EUI,275.789566,-0.07484741509,a
Wuhan,EUI,195.953976,0.00763964653,a
Beijing,EUI,31.89,-0.4186287224,a
Wuhan,EUI,113.6977309,0.07640255988,a
Shanghai,EUI,106.0727756,-0.2067503482,a
Shanghai,EUI,110.056914,0.01510872133,a
Shanghai,EUI,112.5992859,0.02636025101,a
Wuhan,EUI,192.9705051,0.1132940426,a
Beijing,EUI,107.67,-0.07264321297,a
Shanghai,EUI,196.9700178,-0.1402505934,a
Shanghai,EUI,193.1126855,0.07409057021,a
Guangzhou,EUI,292.9646212,0.1461984962,a
Shanghai,EUI,187.4190981,0.062442258,a
Guangzhou,EUI,210.7021049,0.04372028261,a
Guangzhou,EUI,210.7021049,0.09055629373,a
Wuhan,EUI,114.1312516,0.1285918057,a
Wuhan,EUI,191.9725421,0.1632481813,a
Shanghai,EUI,106.1021412,-0.101077728,a
Shanghai,EUI,187.2485478,0.1121352315,a
Wuhan,EUI,192.9705051,0.1870726198,a
Shanghai,EUI,106.577636,-0.005206731148,a
Wuhan,EUI,113.6977309,0.05533708632,a
Beijing,EUI,31.89,-0.3155649602,a
Wuhan,EUI,190.3989335,-0.06746321172,a
Wuhan,EUI,205.874483,0.0376938805,a
Wuhan,EUI,113.2334402,0.04480455816,a
Shanghai,EUI,195.2049422,-0.08495846391,a
Shanghai,EUI,187.6140269,0.01834572107,a
Beijing,EUI,31.89,-0.3527001441,a
Beijing,EUI,31.89,-0.5702095628,a
Shanghai,EUI,106.577636,0.08037315309,a
Shanghai,EUI,112.5992859,-0.003625793848,a
Shanghai,EUI,186.0630269,0.1702750772,a
Shanghai,EUI,191.0414887,-0.04384890199,a
Shanghai,EUI,191.1767205,0.1179260388,a
Guangzhou,EUI,210.1468176,0.05449067801,a
Shanghai,EUI,106.9527713,-0.07875344902,a
Shanghai,EUI,111.9129913,-0.1180235222,a
Shanghai,EUI,187.2485478,0.1926055551,a
Shanghai,EUI,278.6082818,0.08255860209,a
Shanghai,EUI,107.585316,0.1265129298,a
Wuhan,EUI,189.9606477,0.1250018924,a
Shanghai,EUI,188.2998177,-0.01259816624,a
Wuhan,EUI,114.2417941,0.1075750664,a
Beijing,EUI,31.89,-0.309340328,a
Guangzhou,EUI,292.9646212,0.1135662794,a
Shanghai,EUI,187.2485478,-0.05686094612,a
Beijing,EUI,107.67,0.01083940268,a
Wuhan,EUI,190.3989335,-0.05142464861,a
Shanghai,EUI,107.585316,0.06806329638,a
Shanghai,EUI,197.3488027,0.03449303284,a
Beijing,EUI,107.67,-0.11299932,a
Shanghai,EUI,195.2049422,-0.050310608,a
Shanghai,EUI,116.7545492,0.03668708727,a
Guangzhou,EUI,118.3235398,-0.04121702537,a
Wuhan,EUI,114.2417941,0.08594240248,a
Wuhan,EUI,192.4179605,0.170291841,a
Wuhan,EUI,195.953976,-0.02873028629,a
Shanghai,EUI,110.056914,0.02565756999,a
Shanghai,EUI,110.056914,-0.02057175525,a
Shanghai,EUI,195.2049422,-0.08376406878,a
Shanghai,EUI,189.724048,-0.05469048023,a
Shanghai,EUI,195.2049422,-0.05573032424,a
Wuhan,EUI,195.953976,-0.0002325592359,a
Shanghai,EUI,110.056914,-0.1995057315,a
Shanghai,EUI,187.2485478,-0.05317490548,a
Guangzhou,EUI,101.0990332,-0.3103731871,a
Wuhan,EUI,111.3148649,0.05174176395,a
Shanghai,EUI,110.056914,-0.007993924432,a
Shanghai,EUI,106.577636,0.02096912265,a
Shanghai,EUI,107.4101181,0.01028068922,a
Shanghai,EUI,106.577636,-0.05756200105,a
Beijing,EUI,87.6,-0.5566242933,a
Shanghai,EUI,195.2049422,-0.04844466597,a
Shanghai,EUI,106.1021412,-0.2271670252,a
Shanghai,EUI,106.577636,0.0396220237,a
Shanghai,EUI,195.2049422,-0.08324026316,a
Shanghai,EUI,196.9700178,-0.1127455905,a
Shanghai,EUI,191.0414887,0.006491997279,a
Shanghai,EUI,188.2998177,0.05120074004,a
Shanghai,EUI,109.8968758,-0.1027730331,a
Beijing,EUI,129.48,0.1160823554,a
Wuhan,EUI,195.7330632,0.1638979763,a
Wuhan,EUI,205.874483,0.05468250811,a
Guangzhou,EUI,118.3235398,-0.01015816815,a
Shanghai,EUI,197.3488027,0.01679360494,a
Shanghai,EUI,195.4514685,-0.005935388152,a
Shanghai,EUI,112.5992859,0.00630950788,a
Shanghai,EUI,191.0414887,0.110980615,a
Shanghai,EUI,195.4514685,0.05871290341,a
Shanghai,EUI,186.0630269,0.1680416018,a
Guangzhou,EUI,210.7021049,0.1229016408,a
Shanghai,EUI,193.1126855,-0.01201864146,a
Wuhan,EUI,192.9705051,0.01154664718,a
Shanghai,EUI,110.056914,-0.1079746857,a
Shanghai,EUI,106.4164739,0.02172598802,a
Wuhan,EUI,195.953976,0.1278058738,a
Wuhan,EUI,192.9705051,0.09664596617,a
Shanghai,EUI,276.9039955,-0.01657527126,a
Wuhan,EUI,195.953976,0.1410145015,a
Shanghai,EUI,107.519976,-0.03988889605,a
Guangzhou,EUI,210.7021049,0.01682495326,a
Shanghai,EUI,277.1405325,0.0456260182,a
Shanghai,EUI,110.056914,-0.05185092241,a
Shanghai,EUI,113.6707909,0.02907683328,a
Shanghai,EUI,186.0630269,-0.05051468313,a
Wuhan,EUI,190.3989335,-0.07960427552,a
Shanghai,EUI,106.4164739,-0.05398926884,a
Guangzhou,EUI,106.0466835,-0.03599863499,a
Beijing,EUI,107.67,0.005684467033,a
Wuhan,EUI,279.5582219,0.08723960817,a
Wuhan,EUI,195.953976,0.04291989282,a
Beijing,EUI,31.89,-0.3519598544,a
Shanghai,EUI,187.4190981,0.1759971976,a
Wuhan,EUI,115.8773077,-0.0887054801,a
Shanghai,EUI,106.577636,-0.03818296269,a
Shanghai,EUI,196.9700178,-0.1061368212,a
Shanghai,EUI,110.056914,0.005186689086,a
Shanghai,EUI,189.724048,-0.09718702734,a
Shanghai,EUI,186.0630269,0.09001862258,a
Shanghai,EUI,195.4514685,-0.08670563996,a
Shanghai,EUI,189.724048,-0.04949045181,a
Shanghai,EUI,195.4514685,-0.06100011617,a
Beijing,EUI,31.89,-0.4299251437,a
Guangzhou,EUI,210.7021049,0.0624524653,a
Shanghai,EUI,187.2485478,0.1621368676,a
Shanghai,EUI,109.8968758,-0.08276389539,a
Shanghai,EUI,106.9527713,0.01559508871,a
Wuhan,EUI,113.0252148,0.1646876782,a
Shanghai,EUI,191.1767205,-0.007529803552,a
Guangzhou,EUI,203.0657098,-0.06690007448,a
Shanghai,EUI,106.0727756,-0.2411904037,a
Beijing,EUI,31.89,-0.2767214179,a
Wuhan,EUI,121.2145132,0.06319099665,a
Shanghai,EUI,105.6399328,-0.1531792581,a
Shanghai,EUI,195.4514685,-0.07948681712,a
Shanghai,EUI,188.2998177,-0.01535967831,a
Shanghai,EUI,277.1405325,-0.1267770678,a
Guangzhou,EUI,200.4752153,-0.02473904938,a
Shanghai,EUI,187.6140269,0.05698470026,a
Shanghai,EUI,110.056914,0.02883951366,a
Shanghai,EUI,191.1767205,0.0006057551946,a
Shanghai,EUI,108.159227,0.03233694285,a
Shanghai,EUI,106.999129,-0.07345595211,a
Beijing,EUI,31.89,-0.3234800696,a
Shanghai,EUI,110.056914,0.03164085746,a
Beijing,EUI,107.68,-0.04009354487,a
Wuhan,EUI,195.953976,0.01238237042,a
Shanghai,EUI,187.2485478,0.07357976586,a
Shanghai,EUI,186.0630269,0.1105482802,a
Shanghai,EUI,189.724048,0.05077376962,a
Guangzhou,EUI,210.7021049,0.08052130789,a
Wuhan,EUI,114.1312516,0.09000512213,a
Guangzhou,EUI,289.6627701,0.1376584619,a
Beijing,EUI,31.89,-0.4072602093,a
Shanghai,EUI,191.0414887,-0.0516814515,a
Shanghai,EUI,107.585316,0.05519671738,a
Guangzhou,EUI,206.186642,0.1214236319,a
Shanghai,EUI,108.419482,-0.02209554426,a
Beijing,EUI,31.89,-0.5355026126,a
Shanghai,EUI,189.724048,0.02369902097,a
Guangzhou,EUI,205.7055775,0.1520922482,a
Wuhan,EUI,282.7909668,0.1081822291,a
Shanghai,EUI,106.0727756,-0.1586076319,a
Wuhan,EUI,115.8748305,0.05515566096,a
Shanghai,EUI,106.999129,-0.03507902473,a
Shanghai,EUI,106.0727756,-0.2240175903,a
Wuhan,EUI,111.8004465,0.1167324707,a
Guangzhou,EUI,203.9964083,-0.1729983687,a
Shanghai,EUI,110.056914,-0.006520329975,a
Guangzhou,EUI,205.7055775,0.04141741991,a
Beijing,EUI,107.67,-0.03049292602,a
Shanghai,EUI,187.6140269,-0.01564797945,a
Wuhan,EUI,111.8004465,0.1357270479,a
Guangzhou,EUI,104.6823998,-0.5389513373,a
Shanghai,EUI,107.1539687,0.01239856333,a
Beijing,EUI,107.68,0.0228855852,a
Shanghai,EUI,107.4101181,0.01693982445,a
Wuhan,EUI,112.2011206,0.04364160448,a
Shanghai,EUI,191.1767205,0.3229137957,a
Beijing,EUI,31.89,-0.1637887061,a
Shanghai,EUI,195.4514685,-0.06392773986,a
Shanghai,EUI,109.462613,0.02473460138,a
Beijing,EUI,31.89,0.2480359226,a
Beijing,EUI,31.89,-0.546900928,a
Shanghai,EUI,106.577636,0.03578486294,a
Shanghai,EUI,188.2998177,-0.07194256037,a
Beijing,EUI,107.68,-0.1198247597,a
Shanghai,EUI,107.585316,0.01124243997,a
Shanghai,EUI,106.577636,0.01930288225,a
Shanghai,EUI,111.2653496,-0.08223421127,a
Shanghai,EUI,197.3488027,0.04013202712,a
Guangzhou,EUI,205.7055775,0.283093065,a
Wuhan,EUI,115.8748305,0.04600168392,a
Beijing,EUI,107.68,0.1104404107,a
Shanghai,EUI,188.2998177,-0.01696377061,a
Shanghai,EUI,106.4164739,-0.01498811133,a
Shanghai,EUI,112.5992859,0.2008805722,a
Wuhan,EUI,197.3821049,0.0459054932,a
Wuhan,EUI,279.5582219,0.1262702495,a
Guangzhou,EUI,106.0466835,-0.1666706949,a
Shanghai,EUI,191.1767205,0.03523918614,a
Shanghai,EUI,187.0125889,-0.02007736266,a
Shanghai,EUI,196.9700178,-0.08619755507,a
Wuhan,EUI,114.3902853,0.163162604,a
Wuhan,EUI,113.6977309,0.08781084418,a
Guangzhou,EUI,210.7021049,0.07681257278,a
Beijing,EUI,107.67,-0.03681837767,a
Guangzhou,EUI,209.1166956,0.02888700552,a
Shanghai,EUI,187.2485478,0.1113524213,a
Shanghai,EUI,188.2998177,-0.01668003574,a
Shanghai,EUI,195.4514685,-0.06810855865,a
Shanghai,EUI,109.8196342,-0.01281560026,a
Shanghai,EUI,187.2485478,0.09641160071,a
Beijing,EUI,87.6,-0.7341585755,a
Shanghai,EUI,188.2998177,-0.01909134164,a
Beijing,EUI,31.89,-0.1997759044,a
Guangzhou,EUI,198.9517433,-0.144912526,a
Shanghai,EUI,278.6082818,0.06290537119,a
Guangzhou,EUI,105.0378653,-0.3528727889,a
Wuhan,EUI,190.3989335,-0.03956145793,a
Shanghai,EUI,187.2485478,0.04968633503,a
Wuhan,EUI,116.4512692,0.2081743181,a
Wuhan,EUI,121.2145132,0.1052094623,a
Shanghai,EUI,107.1539687,-0.09055870026,a
Guangzhou,EUI,199.7975089,-0.04228404164,a
Shanghai,EUI,187.6140269,-0.05037435889,a
Shanghai,EUI,107.585316,0.08260312676,a
Shanghai,EUI,106.577636,-0.1006016508,a
Shanghai,EUI,109.462613,0.0166220516,a
Wuhan,EUI,192.9705051,0.167436406,a
Beijing,EUI,31.89,-0.281316787,a
Guangzhou,EUI,210.7021049,0.06160748005,a
Shanghai,EUI,187.4190981,0.06543496251,a
Shanghai,EUI,110.056914,0.07486023754,a
Shanghai,EUI,187.2485478,0.2021806538,a
Guangzhou,EUI,203.0657098,-0.1897222847,a
Beijing,EUI,129.48,0.04571483284,a
Shanghai,EUI,106.4164739,0.08589370549,a
Shanghai,EUI,187.2485478,0.1104688048,a
Shanghai,EUI,195.4514685,0.0007311371737,a
Shanghai,EUI,107.9609077,-0.02014186233,a
Wuhan,EUI,115.8748305,0.03427396342,a
Wuhan,EUI,113.4711731,0.08887774497,a
Shanghai,EUI,107.1539687,0.005011959001,a
Shanghai,EUI,278.6082818,0.1045072824,a
Shanghai,EUI,109.462613,0.1153246313,a
Shanghai,EUI,187.2485478,-0.08059160411,a
Guangzhou,EUI,108.7602291,0.05983163044,a
Shanghai,EUI,107.4101181,-0.0301311519,a
Shanghai,EUI,110.056914,-0.0132116247,a
Shanghai,EUI,191.0414887,0.1027685031,a
Shanghai,EUI,195.2049422,-0.06404009461,a
Shanghai,EUI,187.0125889,0.0826722756,a
Shanghai,EUI,187.2485478,0.07773029059,a
Shanghai,EUI,191.1767205,0.04027251527,a
Beijing,EUI,107.67,0.04998608306,a
Shanghai,EUI,107.585316,0.1047858149,a
Guangzhou,EUI,209.1166956,0.0145988958,a
Wuhan,EUI,114.1312516,0.1108762398,a
Shanghai,EUI,188.2998177,-0.09887647629,a
Beijing,EUI,107.67,-0.009613003582,a
Shanghai,EUI,196.9700178,-0.04835657403,a
Beijing,EUI,31.89,-0.4975441992,a
Beijing,EUI,107.67,-0.02958230861,a
Shanghai,EUI,187.0125889,-0.00455008354,a
Beijing,EUI,50.04,-0.304010123,a
Shanghai,EUI,195.2049422,-0.07462537289,a
Shanghai,EUI,196.9700178,-0.06880137324,a
Shanghai,EUI,195.4514685,-0.0465981923,a
Shanghai,EUI,110.056914,0.0009889018256,a
Beijing,EUI,107.67,0.01090492774,a
Shanghai,EUI,188.2998177,0.03256512061,a
Shanghai,EUI,188.2998177,-0.0744163394,a
Shanghai,EUI,186.0630269,0.1250131577,a
Shanghai,EUI,109.462613,0.03172006086,a
Shanghai,EUI,186.0630269,0.1194650382,a
Shanghai,EUI,195.4514685,-0.04264002666,a
Shanghai,EUI,106.9527713,-0.001786577515,a
Shanghai,EUI,187.6140269,0.03847172484,a
Shanghai,EUI,195.2049422,-0.06412079185,a
Shanghai,EUI,186.0630269,0.07594754547,a
Beijing,EUI,107.67,0.01319830678,a
Shanghai,EUI,122.4113662,0.04845192656,a
Wuhan,EUI,279.2955225,0.153266117,a
Wuhan,EUI,195.953976,-0.01865634322,a
Shanghai,EUI,107.1539687,0.04410716146,a
Beijing,EUI,31.89,0.180763036,a
Shanghai,EUI,186.0630269,0.06196983159,a
Shanghai,EUI,106.0727756,-0.08159230649,a
Beijing,EUI,107.67,0.02972977422,a
Shanghai,EUI,106.1021412,-0.3178347647,a
Shanghai,EUI,195.4514685,-0.04722272977,a
Shanghai,EUI,187.6140269,-0.006425284315,a
Wuhan,EUI,113.2334402,0.08960549533,a
Shanghai,EUI,188.2998177,-0.01044298522,a
Shanghai,EUI,107.9609077,-0.007515151054,a
Beijing,EUI,107.68,-0.009937822819,a
Guangzhou,EUI,203.9964083,-0.06252826005,a
Guangzhou,EUI,105.3184511,-0.02917437255,a
Shanghai,EUI,191.0414887,0.1816188395,a
Shanghai,EUI,109.462613,0.06312609464,a
Wuhan,EUI,114.3902853,0.04058288038,a
Shanghai,EUI,276.9477067,-0.0217747502,a
Shanghai,EUI,277.1405325,0.1751187146,a
Shanghai,EUI,106.9552835,-0.1316138208,a
Shanghai,EUI,106.1021412,-0.3370043635,a
Beijing,EUI,107.67,-0.1132459193,a
Wuhan,EUI,190.3989335,0.07703405619,a
Shanghai,EUI,107.585316,0.06007198989,a
Beijing,EUI,31.89,-0.2348605692,a
Shanghai,EUI,195.4514685,-0.1112463176,a
Shanghai,EUI,107.585316,0.06383499503,a
Beijing,EUI,107.67,0.06049250066,a
Shanghai,EUI,187.2485478,0.03958388418,a
Wuhan,EUI,195.7330632,-0.01090174541,a
Beijing,EUI,107.67,-0.06470488012,a
Shanghai,EUI,187.2485478,-0.04561977834,a
Shanghai,EUI,110.056914,-0.01381903701,a
Beijing,EUI,107.67,0.1074132323,a
Guangzhou,EUI,203.9964083,-0.003804459935,a
Beijing,EUI,31.89,-0.2738492489,a
Beijing,EUI,31.89,-0.3690277338,a
Shanghai,EUI,106.4164739,-0.03186794743,a
Shanghai,EUI,186.0630269,0.07922696322,a
Wuhan,EUI,112.2011206,0.06621722132,a
Wuhan,EUI,195.953976,0.02810451761,a
Shanghai,EUI,116.671546,0.07992375642,a
Shanghai,EUI,106.577636,0.05900629237,a
Wuhan,EUI,195.953976,0.06411779672,a
Shanghai,EUI,272.5330194,-0.007343946025,a
Shanghai,EUI,109.462613,0.05444474146,a
Shanghai,EUI,186.0630269,0.03699338064,a
Guangzhou,EUI,104.126868,-0.4709189534,a
Shanghai,EUI,186.0630269,-0.07843992114,a
Shanghai,EUI,187.4190981,0.03725679219,a
Shanghai,EUI,193.1126855,0.007927885279,a
Shanghai,EUI,193.1126855,-0.09659384191,a
Shanghai,EUI,191.1767205,0.06218617409,a
Guangzhou,EUI,203.9964083,-0.03976865858,a
Beijing,EUI,107.67,0.07095271349,a
Shanghai,EUI,189.724048,-0.03905017301,a
Wuhan,EUI,276.8722815,0.08584462851,a
Beijing,EUI,107.67,0.04326063022,a
Shanghai,EUI,195.4514685,-0.03952833265,a
Wuhan,EUI,192.4179605,0.302936554,a
Shanghai,EUI,195.4514685,-0.05668834969,a
Shanghai,EUI,196.9700178,-0.1261648387,a
Guangzhou,EUI,210.1468176,0.06849875301,a
Guangzhou,EUI,206.186642,0.07426270843,a
Wuhan,EUI,111.8004465,0.07496447861,a
Shanghai,EUI,191.1767205,0.01040424407,a
Shanghai,EUI,188.2998177,0.007050398272,a
Shanghai,EUI,187.6140269,-0.1100047454,a
Guangzhou,EUI,206.186642,0.1766803265,a
Wuhan,EUI,116.4512692,0.2051476538,a
Beijing,EUI,107.67,0.06787420064,a
Shanghai,EUI,187.2485478,-0.08012345433,a
Shanghai,EUI,122.5042299,-0.00967733562,a
Shanghai,EUI,109.462613,-0.0005637004506,a
Shanghai,EUI,109.8968758,-0.05312297493,a
Shanghai,EUI,112.5992859,0.04972099885,a
Shanghai,EUI,106.9527713,-0.008601078764,a
Wuhan,EUI,113.6977309,0.1553714871,a
Guangzhou,EUI,205.7055775,-0.06858804077,a
Guangzhou,EUI,107.9448505,0.01175868139,a
Shanghai,EUI,110.056914,0.02215119451,a
Shanghai,EUI,109.8196342,0.00648243539,a
Shanghai,EUI,106.9552835,-0.06768213212,a
Shanghai,EUI,187.0125889,-0.01559332013,a
Shanghai,EUI,107.4101181,-0.02054814063,a
Wuhan,EUI,113.6977309,0.1204228774,a
Shanghai,EUI,106.3644518,-0.08467442542,a
Shanghai,EUI,277.1405325,-0.07221560925,a
Shanghai,EUI,188.7835764,0.1047127023,a
Shanghai,EUI,195.2049422,-0.03867745027,a
Shanghai,EUI,277.1405325,0.08966708928,a
Shanghai,EUI,187.2485478,0.09991408139,a
Guangzhou,EUI,104.6823998,-0.3154644966,a
Shanghai,EUI,187.6140269,0.03597134352,a
Shanghai,EUI,188.2998177,0.02513817139,a
Shanghai,EUI,110.056914,0.06131845713,a
Guangzhou,EUI,198.9517433,-0.1104313135,a
Wuhan,EUI,113.4132957,0.01958201081,a
Beijing,EUI,107.67,0.02675005607,a
Wuhan,EUI,281.3707237,0.03133987263,a
Beijing,EUI,31.89,-0.3414880037,a
Beijing,EUI,31.89,0.27602005,a
Wuhan,EUI,114.3902853,0.04869361222,a
Wuhan,EUI,110.7026683,0.02769497596,a
Wuhan,EUI,114.3902853,0.1286558062,a
Shanghai,EUI,197.3488027,-0.0319605954,a
Shanghai,EUI,122.5042299,0.06394014508,a
Shanghai,EUI,109.8196342,-0.03305463493,a
Wuhan,EUI,190.3989335,0.006886369549,a
Guangzhou,EUI,210.7021049,0.05665842444,a
Shanghai,EUI,110.056914,-0.01343730558,a
Shanghai,EUI,186.0630269,0.09727664292,a
Shanghai,EUI,193.1126855,-0.0593521148,a
Beijing,EUI,31.89,-0.0983331576,a
Shanghai,EUI,186.0630269,0.150892213,a
Wuhan,EUI,197.3821049,-0.02955461107,a
Shanghai,EUI,112.5992859,0.1505473256,a
Shanghai,EUI,276.9039955,-0.01558274031,a
Shanghai,EUI,105.2490472,-0.1342411935,a
Shanghai,EUI,195.4514685,-0.05654135719,a
Shanghai,EUI,186.0630269,-0.002692163689,a
Guangzhou,EUI,210.7021049,-0.02532679588,a
Guangzhou,EUI,104.7195154,-0.1809927225,a
Beijing,EUI,31.89,-0.0192224849,a
Shanghai,EUI,188.2998177,0.05446330458,a
Shanghai,EUI,195.4514685,-0.01486233901,a
Beijing,EUI,31.89,-0.4207936525,a
Wuhan,EUI,114.2417941,0.1296992153,a
Beijing,EUI,31.89,-0.206253916,a
Guangzhou,EUI,210.7021049,0.06018027663,a
Wuhan,EUI,115.8748305,0.06144729629,a
Beijing,EUI,107.67,0.07810289413,a
Guangzhou,EUI,106.0466835,-0.280839324,a
Shanghai,EUI,272.5330194,-0.09113232046,a
Shanghai,EUI,187.6140269,0.03805424646,a
Shanghai,EUI,189.724048,0.02420267649,a
Shanghai,EUI,188.2998177,0.0233277455,a
Shanghai,EUI,189.724048,-0.02813082002,a
Shanghai,EUI,195.4514685,-0.07143960893,a
Shanghai,EUI,188.2998177,-0.08790714294,a
Shanghai,EUI,105.2490472,-0.3944931328,a
Guangzhou,EUI,203.9964083,-0.1711993068,a
Guangzhou,EUI,210.1468176,0.08330440521,a
Shanghai,EUI,197.3488027,-0.01730280742,a
Wuhan,EUI,192.9705051,0.1392731369,a
Wuhan,EUI,193.5994381,0.1387965083,a
Wuhan,EUI,190.3989335,-0.02306679077,a
Wuhan,EUI,114.2417941,0.07957310975,a
Beijing,EUI,31.89,0.07153552026,a
Shanghai,EUI,187.0125889,-0.007374644279,a
Shanghai,EUI,107.585316,0.04924257472,a
Guangzhou,EUI,210.7021049,0.1350248158,a
Guangzhou,EUI,203.9964083,-0.04236632213,a
Shanghai,EUI,106.577636,-0.07556815445,a
Shanghai,EUI,191.0414887,-0.003484466812,a
Beijing,EUI,107.68,-0.05456401408,a
Wuhan,EUI,113.6764439,0.1076985598,a
Shanghai,EUI,272.5330194,0.08803840727,a
Beijing,EUI,107.68,-0.09270272404,a
Wuhan,EUI,115.0606403,0.002318766667,a
Shanghai,EUI,106.0727756,-0.07388484478,a
Shanghai,EUI,187.2485478,0.03413012251,a
Shanghai,EUI,106.1021412,-0.1547880471,a
Guangzhou,EUI,210.7021049,0.05798023194,a
Wuhan,EUI,282.7909668,0.02537407167,a
Shanghai,EUI,195.4514685,-0.07555428147,a
Wuhan,EUI,114.2417941,0.1025063321,a
Wuhan,EUI,190.3989335,-0.035061609,a
Guangzhou,EUI,107.9448505,-0.04118441045,a
Shanghai,EUI,186.0630269,-0.04248666763,a
Shanghai,EUI,112.5992859,0.07489228249,a
Shanghai,EUI,186.0630269,0.09205888212,a
Beijing,EUI,107.67,-0.1087616906,a
Shanghai,EUI,189.724048,0.006820603739,a
Shanghai,EUI,191.1767205,0.0964269042,a
Beijing,EUI,87.6,-0.2134408504,a
Wuhan,EUI,193.5994381,-0.002926244633,a
Shanghai,EUI,187.2485478,0.0873106122,a
Shanghai,EUI,106.9527713,0.04882325605,a
Wuhan,EUI,190.3989335,-0.05885247514,a
Wuhan,EUI,190.3989335,0.03565360606,a
Wuhan,EUI,116.4512692,0.1316384375,a
Beijing,EUI,31.89,-0.2502549291,a
Beijing,EUI,107.67,-0.001805023756,a
Shanghai,EUI,106.9552835,-0.03095152415,a
Guangzhou,EUI,205.7055775,0.02812531963,a
Guangzhou,EUI,103.8821675,-0.226513043,a
Shanghai,EUI,107.4101181,0.009063851088,a
Beijing,EUI,93.68,-0.2410001457,a
Shanghai,EUI,188.2998177,-0.07809933275,a
Shanghai,EUI,188.2998177,-0.07931376994,a
Guangzhou,EUI,292.9646212,0.09249993414,a
Shanghai,EUI,112.5992859,-0.0007516154437,a
Shanghai,EUI,195.4514685,-0.05331604183,a
Beijing,EUI,31.89,-0.2913370132,a
Guangzhou,EUI,106.0466835,-0.2868311107,a
Shanghai,EUI,107.9609077,-0.04809305817,a
Shanghai,EUI,195.2049422,-0.03835658357,a
Shanghai,EUI,195.4514685,-0.08050394803,a
Shanghai,EUI,196.9700178,-0.05099413544,a
Shanghai,EUI,109.462613,0.06411590427,a
Wuhan,EUI,190.3989335,-0.01378714759,a
Beijing,EUI,107.67,-0.0709336549,a
Wuhan,EUI,205.874483,0.1338679194,a
Shanghai,EUI,188.2998177,0.02912922017,a
Shanghai,EUI,110.056914,0.001543797785,a
Shanghai,EUI,277.1405325,0.05012053996,a
Guangzhou,EUI,210.7021049,0.1564092338,a
Beijing,EUI,107.67,-0.1399277449,a
Guangzhou,EUI,210.7021049,0.08873341233,a
Guangzhou,EUI,292.9646212,0.1456541717,a
Wuhan,EUI,192.4179605,0.07963061333,a
Guangzhou,EUI,210.7021049,0.09774637967,a
Guangzhou,EUI,118.3235398,-0.01973050833,a
Beijing,EUI,31.89,-0.3074182868,a
Shanghai,EUI,195.4514685,-0.0730028078,a
Wuhan,EUI,112.2011206,0.1448788345,a
Beijing,EUI,31.89,0.08805126697,a
Shanghai,EUI,188.2998177,0.03344481811,a
Shanghai,EUI,109.9480087,-0.06861081719,a
Shanghai,EUI,113.8199242,0.07111437619,a
Guangzhou,EUI,206.186642,0.2715970278,a
Shanghai,EUI,191.1767205,0.05447830632,a
Shanghai,EUI,193.1126855,-0.1123534516,a
Shanghai,EUI,109.462613,0.02088585682,a
Shanghai,EUI,188.2998177,-0.1338875592,a
Wuhan,EUI,113.0252148,0.1381962299,a
Shanghai,EUI,106.4164739,-0.2047237158,a
Guangzhou,EUI,210.7021049,0.1453897804,a
Shanghai,EUI,186.0630269,-0.02341227978,a
Shanghai,EUI,195.4514685,-0.07147032022,a
Shanghai,EUI,276.9039955,0.02107540332,a
Shanghai,EUI,106.9527713,-0.02938813716,a
Beijing,EUI,31.89,-0.2446374595,a
Wuhan,EUI,281.3707237,0.04819369316,a
Shanghai,EUI,195.4514685,-0.04256836697,a
Shanghai,EUI,197.3488027,0.04948007688,a
Shanghai,EUI,196.9700178,-0.04964562505,a
Wuhan,EUI,111.7492491,0.02402004227,a
Wuhan,EUI,121.2145132,0.02542478405,a
Shanghai,EUI,191.1767205,0.04407108575,a
Wuhan,EUI,114.2417941,0.120998472,a
Beijing,EUI,107.68,0.03702729195,a
Wuhan,EUI,195.953976,-0.03027832508,a
Shanghai,EUI,189.724048,-0.02039345354,a
Shanghai,EUI,272.5330194,0.0006921432796,a
Shanghai,EUI,188.2998177,0.03140278906,a
Shanghai,EUI,186.0630269,-0.004409954883,a
Shanghai,EUI,187.2485478,0.1170759946,a
Beijing,EUI,31.89,-0.2899972498,a
Shanghai,EUI,186.0630269,-0.06652979553,a
Wuhan,EUI,110.4552686,0.09371270984,a
Guangzhou,EUI,109.7917022,0.04151329398,a
Shanghai,EUI,112.0244119,-0.082569547,a
Beijing,EUI,31.89,0.04712447897,a
Shanghai,EUI,110.056914,-0.004174781032,a
Shanghai,EUI,187.2485478,0.1860901564,a
Wuhan,EUI,195.953976,-0.02353134565,a
Wuhan,EUI,195.7330632,-0.07855962962,a
Shanghai,EUI,106.4164739,-0.1768704206,a
Shanghai,EUI,188.2998177,-0.1130359471,a
Shanghai,EUI,106.577636,-0.01154071093,a
Beijing,EUI,31.89,-0.276811868,a
Shanghai,EUI,195.4514685,-0.0894921422,a
Shanghai,EUI,107.4101181,-0.08645533025,a
Shanghai,EUI,189.724048,-0.1102328524,a
Shanghai,EUI,196.9700178,-0.05412974954,a
Shanghai,EUI,191.0414887,0.03789811209,a
Shanghai,EUI,191.1767205,0.05013688281,a
Wuhan,EUI,195.953976,0.0407236889,a
Guangzhou,EUI,210.7021049,0.1137118712,a
Shanghai,EUI,109.462613,0.004862537608,a
Wuhan,EUI,114.1312516,0.04008494318,a
Shanghai,EUI,111.9129913,0.002028292743,a
Shanghai,EUI,189.724048,-0.06111686677,a
Shanghai,EUI,189.724048,-0.04413807765,a
Shanghai,EUI,106.9552835,-0.1204877719,a
Shanghai,EUI,103.7447431,-0.5211220384,a
Shanghai,EUI,277.1405325,0.01397253014,a
Shanghai,EUI,195.4514685,-0.05366966501,a
Shanghai,EUI,106.3644518,-0.07087486982,a
Shanghai,EUI,278.6082818,0.1289931536,a
Shanghai,EUI,106.3644518,-0.1183563992,a
Shanghai,EUI,106.1021412,-0.1319831461,a
Shanghai,EUI,109.9480087,0.05723878741,a
Shanghai,EUI,188.2998177,-0.04370873049,a
Wuhan,EUI,195.953976,-0.0001084705145,a
Beijing,EUI,107.67,0.005697228014,a
Shanghai,EUI,187.2485478,0.1461451352,a
Beijing,EUI,31.89,-0.2647605538,a
Shanghai,EUI,276.9477067,-0.02968160436,a
Beijing,EUI,107.67,0.00307891774,a
Shanghai,EUI,116.1881784,-0.002361942548,a
Shanghai,EUI,272.5330194,-0.03400866315,a
Beijing,EUI,107.67,-0.02181641012,a
Guangzhou,EUI,294.1702351,0.1220367551,a
Shanghai,EUI,191.1767205,-0.01609248109,a
Shanghai,EUI,186.0630269,0.1658037752,a
Shanghai,EUI,110.056914,-0.02381796017,a
Shanghai,EUI,272.5330194,-0.07176984102,a
Shanghai,EUI,196.9700178,-0.05962148681,a
Shanghai,EUI,109.8196342,0.03210980818,a
Shanghai,EUI,187.2485478,0.1196955368,a
Shanghai,EUI,109.462613,0.005836509168,a
Shanghai,EUI,196.9700178,-0.07169999182,a
Shanghai,EUI,188.2998177,0.02932722867,a
Beijing,EUI,31.89,0.03386500478,a
Shanghai,EUI,188.2998177,-0.06224855408,a
Shanghai,EUI,115.325407,0.05289693922,a
Shanghai,EUI,107.9804068,-0.07329106331,a
Wuhan,EUI,195.953976,0.03671048209,a
Beijing,EUI,31.89,-0.391459018,a
Shanghai,EUI,116.2192045,0.02962244488,a
Shanghai,EUI,276.9477067,0.03119464219,a
Beijing,EUI,31.89,-0.3865772188,a
Wuhan,EUI,197.3821049,-0.05176164582,a
Beijing,EUI,107.68,-0.06342707574,a
Shanghai,EUI,106.4164739,-0.04975520074,a
Shanghai,EUI,109.462613,0.005611334927,a
Shanghai,EUI,188.2998177,0.0817662105,a
Shanghai,EUI,106.577636,0.04581612721,a
Shanghai,EUI,112.5992859,0.1383896768,a
Shanghai,EUI,122.2527496,0.1116857082,a
Shanghai,EUI,188.2998177,-0.009503521025,a
Beijing,EUI,129.48,0.0789399296,a
Shanghai,EUI,197.3488027,-0.02121793851,a
Shanghai,EUI,186.0630269,-0.01444171742,a
Shanghai,EUI,186.0630269,0.03376815468,a
Shanghai,EUI,110.056914,-0.003776606871,a
Shanghai,EUI,112.5992859,-0.009466312826,a
Shanghai,EUI,187.2485478,0.1434079856,a
Shanghai,EUI,111.9129913,-0.07773336023,a
Shanghai,EUI,187.6140269,-0.1100047454,a
Wuhan,EUI,195.953976,0.02819618396,a
Guangzhou,EUI,210.7021049,0.06476766616,a
Shanghai,EUI,186.0630269,0.07132798433,a
Shanghai,EUI,195.4514685,-0.01485757437,a
Wuhan,EUI,190.3989335,0.003022885416,a
Shanghai,EUI,106.9527713,-0.07574499398,a
Shanghai,EUI,106.577636,-0.03863508999,a
Shanghai,EUI,107.9609077,-0.09432177991,a
Wuhan,EUI,276.8722815,0.02998857573,a
Shanghai,EUI,186.0630269,0.09170980006,a
Wuhan,EUI,195.7330632,0.1870682389,a
Guangzhou,EUI,210.7021049,0.05579339713,a
Shanghai,EUI,193.1126855,-0.07988145202,a
Beijing,EUI,31.89,-0.4631447792,a
Shanghai,EUI,109.462613,0.01606518775,a
Shanghai,EUI,193.1126855,-0.1350262761,a
Shanghai,EUI,110.056914,0.02454159223,a
Shanghai,EUI,106.577636,0.1036920547,a
Shanghai,EUI,106.577636,0.02569674328,a
Shanghai,EUI,277.1405325,-0.0344793424,a
Shanghai,EUI,191.0414887,-0.005401029252,a
Shanghai,EUI,187.4190981,0.1360142678,a
Guangzhou,EUI,210.1468176,0.09114382416,a
Beijing,EUI,31.89,-0.2072470784,a
Beijing,EUI,31.89,-0.4518982172,a
Shanghai,EUI,195.4514685,-0.03430076316,a
Beijing,EUI,107.67,0.01997084729,a
Shanghai,EUI,276.9039955,0.0300978478,a
Guangzhou,EUI,106.0466835,-0.3188369572,a
Wuhan,EUI,114.3902853,0.01550357603,a
Shanghai,EUI,189.724048,-0.1050565392,a
Shanghai,EUI,106.9527713,-0.01625816338,a
Shanghai,EUI,187.2485478,0.08415226638,a
Wuhan,EUI,193.5994381,-0.00681814272,a
Shanghai,EUI,188.2998177,-0.05977872759,a
Shanghai,EUI,110.056914,-0.05981190503,a
Shanghai,EUI,106.4164739,-0.0296692159,a
Wuhan,EUI,114.3902853,0.09406258911,a
Guangzhou,EUI,205.7055775,-0.03579865396,a
Beijing,EUI,107.68,0.04752004892,a
Shanghai,EUI,195.2049422,-0.08324026316,a
Wuhan,EUI,121.2145132,0.1040951163,a
Beijing,EUI,129.48,0.06596487761,a
Shanghai,EUI,195.4514685,-0.07399407029,a
Beijing,EUI,31.89,-0.5545578003,a
Shanghai,EUI,116.671546,0.1461814195,a
Wuhan,EUI,281.3707237,0.1233936921,a
Shanghai,EUI,188.2998177,0.05442194268,a
Wuhan,EUI,195.7330632,0.01113591809,a
Shanghai,EUI,191.1767205,0.1711950451,a
Shanghai,EUI,107.4101181,-0.006827599369,a
Guangzhou,EUI,110.8968766,-0.1471442282,a
Wuhan,EUI,114.2417941,0.1284396499,a
Beijing,EUI,107.67,-0.1061455309,a
Shanghai,EUI,188.2998177,-0.04959110171,a
Wuhan,EUI,114.3902853,0.005225894973,a
Wuhan,EUI,190.3989335,-0.07111205161,a
Guangzhou,EUI,107.3167757,0.02247725427,a
Guangzhou,EUI,209.1166956,-0.07661535591,a
Wuhan,EUI,111.3148649,-0.04482305795,a
Beijing,EUI,107.68,-0.07960792631,a
Beijing,EUI,107.67,-0.006846581586,a
Shanghai,EUI,186.0630269,0.001465255045,a
Shanghai,EUI,187.2485478,0.1111735776,a
Beijing,EUI,107.68,0.003245938802,a
Wuhan,EUI,113.0252148,0.1538427919,a
Shanghai,EUI,195.4514685,-0.04245203361,a
Shanghai,EUI,106.4164739,-0.1319099814,a
Beijing,EUI,107.67,-0.005115533248,a
Shanghai,EUI,188.2998177,-0.003895235015,a
Shanghai,EUI,107.1539687,-0.09812471271,a
Beijing,EUI,107.67,0.05652396008,a
Shanghai,EUI,116.2192045,-0.05211943761,a
Shanghai,EUI,112.5992859,0.09684451669,a
Shanghai,EUI,187.2485478,0.1221073344,a
Shanghai,EUI,110.056914,0.005030154251,a
Shanghai,EUI,109.462613,-0.006625007838,a
Guangzhou,EUI,292.9646212,0.1556901783,a
Beijing,EUI,31.89,-0.1409788281,a
Shanghai,EUI,195.4514685,-0.1916692108,a
Shanghai,EUI,189.724048,-0.03517849743,a
Shanghai,EUI,107.1539687,-0.03386839852,a
Shanghai,EUI,275.8490294,-0.08211088926,a
Shanghai,EUI,109.462613,-0.08150307089,a
Shanghai,EUI,191.1767205,0.2468834221,a
Wuhan,EUI,279.5582219,0.07570564747,a
Shanghai,EUI,110.056914,0.05418431014,a
Beijing,EUI,31.89,-0.380984962,a
Guangzhou,EUI,203.9964083,0.06039378792,a
Shanghai,EUI,186.0630269,0.110963434,a
Shanghai,EUI,195.4514685,-0.0421439968,a
Wuhan,EUI,112.2011206,0.1916132271,a
Wuhan,EUI,190.3989335,0.01905975863,a
Wuhan,EUI,205.874483,0.1718592495,a
Wuhan,EUI,195.7330632,0.1924468577,a
Shanghai,EUI,195.4514685,-0.05397131667,a
Beijing,EUI,107.68,-0.05865283683,a
Shanghai,EUI,186.0630269,0.171972543,a
Wuhan,EUI,195.7330632,0.1666256338,a
Shanghai,EUI,106.9527713,-0.01459722593,a
Guangzhou,EUI,210.7021049,0.1070003957,a
Beijing,EUI,107.68,-0.0135209132,a
Wuhan,EUI,195.7330632,0.02641377598,a
Beijing,EUI,107.67,0.01726039499,a
Shanghai,EUI,195.4514685,-0.09241453558,a
Wuhan,EUI,113.4711731,0.2130225301,a
Shanghai,EUI,107.585316,0.04512487352,a
Wuhan,EUI,113.6977309,0.0310570132,a
Wuhan,EUI,195.7330632,-0.01422352996,a
Shanghai,EUI,191.1767205,0.1785203069,a
Shanghai,EUI,106.4164739,-0.02367273718,a
Wuhan,EUI,189.9606477,0.1194105148,a
Beijing,EUI,107.67,-0.08241381496,a
Shanghai,EUI,106.9527713,-0.1041328385,a
Shanghai,EUI,109.462613,-0.005045888014,a
Shanghai,EUI,193.1126855,-0.06559719145,a
Beijing,EUI,87.6,-0.3298847675,a
Beijing,EUI,31.89,0.2510501444,a
Shanghai,EUI,188.2998177,-0.01059601828,a
Shanghai,EUI,193.1126855,-0.07495322824,a
Shanghai,EUI,108.159227,0.01939166524,a
Shanghai,EUI,191.0414887,-0.02173650265,a
Shanghai,EUI,191.0414887,-0.01291150041,a
Wuhan,EUI,205.874483,0.00747729186,a
Shanghai,EUI,109.9480087,-0.03186878562,a
Wuhan,EUI,281.3707237,0.1623893827,a
Beijing,EUI,31.89,-0.3676075637,a
Shanghai,EUI,195.2049422,-0.04195825011,a
Wuhan,EUI,195.7330632,0.04988197982,a
Wuhan,EUI,195.953976,0.0301085636,a
Shanghai,EUI,105.771287,-0.4041128159,a
Shanghai,EUI,107.9609077,-0.04160396382,a
Shanghai,EUI,107.1539687,-0.1009656042,a
Shanghai,EUI,109.462613,0.02342414297,a
Shanghai,EUI,187.4190981,0.08683849871,a
Shanghai,EUI,191.0414887,0.007999435067,a
Guangzhou,EUI,210.1468176,0.1679978073,a
Shanghai,EUI,105.485991,-0.1142890677,a
Wuhan,EUI,192.9705051,0.3462128639,a
Shanghai,EUI,187.4190981,0.07184494287,a
Shanghai,EUI,187.0125889,0.1046274528,a
Shanghai,EUI,106.0727756,-0.2084578723,a
Wuhan,EUI,110.7026683,-0.009486841038,a
Shanghai,EUI,109.8196342,0.1252378374,a
Shanghai,EUI,106.4164739,-0.05282140896,a
Guangzhou,EUI,210.7021049,0.1143904701,a
Shanghai,EUI,191.0414887,-0.01759448647,a
Shanghai,EUI,191.0414887,-0.0006419133279,a
Shanghai,EUI,106.9527713,-0.005416401662,a
Beijing,EUI,107.67,-0.06543664634,a
Shanghai,EUI,191.1767205,0.06001728028,a
Shanghai,EUI,187.2485478,0.2317721695,a
Shanghai,EUI,187.6140269,0.04674070701,a
Shanghai,EUI,195.4514685,0.01065468322,a
Shanghai,EUI,186.0630269,0.08284067363,a
Guangzhou,EUI,203.9964083,-0.1221915483,a
Shanghai,EUI,277.1405325,0.02965736389,a
Beijing,EUI,31.89,-0.2552656531,a
Shanghai,EUI,109.462613,0.05587179586,a
Beijing,EUI,107.67,-0.02364051528,a
Shanghai,EUI,191.0414887,0.08335695416,a
Guangzhou,EUI,210.1468176,0.03543110937,a
Wuhan,EUI,114.2417941,0.1521821618,a
Shanghai,EUI,278.6082818,0.154962644,a
Shanghai,EUI,110.056914,-0.002827671822,a
Wuhan,EUI,114.3902853,0.007593221497,a
Shanghai,EUI,107.1539687,0.0196679458,a
Wuhan,EUI,113.6764439,-0.002714471659,a
Wuhan,EUI,195.953976,-0.07059717923,a
Guangzhou,EUI,210.7021049,0.1037306637,a
Shanghai,EUI,106.4164739,-0.1419623792,a
Shanghai,EUI,187.2485478,0.1227430403,a
Shanghai,EUI,188.2998177,-0.03973539919,a
Guangzhou,EUI,210.7021049,0.1077566221,a
Shanghai,EUI,188.7835764,0.1089226902,a
Shanghai,EUI,189.724048,-0.02057360299,a
Shanghai,EUI,197.3488027,0.0139271738,a
Wuhan,EUI,118.2591051,0.1804647893,a
Wuhan,EUI,118.2591051,0.1346736699,a
Shanghai,EUI,107.9609077,-0.09462561458,a
Wuhan,EUI,190.3989335,0.04871029034,a
Shanghai,EUI,188.2998177,0.03928204998,a
Shanghai,EUI,116.6010685,0.002421667101,a
Shanghai,EUI,106.1021412,-0.3248906434,a
Wuhan,EUI,195.7330632,0.1105872616,a
Beijing,EUI,31.89,-0.4638145864,a
Guangzhou,EUI,109.344793,-0.01125592645,a
Shanghai,EUI,109.462613,0.01727787592,a
Shanghai,EUI,109.462613,0.07115462422,a
Shanghai,EUI,187.2485478,0.1926892698,a
Shanghai,EUI,189.724048,-0.04524730146,a
Wuhan,EUI,112.2011206,0.07715598494,a
Wuhan,EUI,282.7909668,0.08276882023,a
Shanghai,EUI,106.9527713,-0.01962472871,a
Shanghai,EUI,186.0630269,0.04812695086,a
Shanghai,EUI,188.7835764,0.01798442565,a
Beijing,EUI,107.67,-0.07324581593,a
Guangzhou,EUI,210.1468176,0.07785880566,a
Shanghai,EUI,115.325407,0.05280151963,a
Shanghai,EUI,197.3488027,-0.02323422953,a
Shanghai,EUI,106.9527713,-0.1035410166,a
Shanghai,EUI,189.724048,-0.04476615787,a
Beijing,EUI,107.67,-0.06371232867,a
Shanghai,EUI,110.056914,0.02049932629,a
Shanghai,EUI,272.5330194,-0.01881435141,a
Shanghai,EUI,188.7835764,0.03464990109,a
Wuhan,EUI,197.3821049,0.01078835689,a
Guangzhou,EUI,210.1468176,0.1169290021,a
Beijing,EUI,31.89,-0.5807844996,a
Guangzhou,EUI,205.7055775,-0.03762685508,a
Beijing,EUI,107.67,-0.02799472213,a
Shanghai,EUI,188.2998177,0.01547282841,a
Guangzhou,EUI,210.0137391,-0.01759167574,a
Wuhan,EUI,195.7330632,-0.06815684587,a
Shanghai,EUI,195.4514685,-0.003832329065,a
Shanghai,EUI,186.0630269,-0.07113775611,a
Shanghai,EUI,186.0630269,-0.0182376653,a
Beijing,EUI,107.67,-0.1353785694,a
Shanghai,EUI,107.4101181,-0.005068596452,a
Shanghai,EUI,191.0414887,0.07173780352,a
Wuhan,EUI,195.953976,0.1649854928,a
Beijing,EUI,107.67,0.08413974196,a
Shanghai,EUI,188.2998177,-0.03007954918,a
Shanghai,EUI,188.2998177,-0.06862727553,a
Beijing,EUI,107.67,-0.1345820427,a
Shanghai,EUI,107.585316,0.03691023216,a
Beijing,EUI,107.67,0.04413827509,a
Shanghai,EUI,186.0630269,-0.03537321463,a
Beijing,EUI,31.89,-0.339332968,a
Shanghai,EUI,276.9477067,0.003490678268,a
Wuhan,EUI,121.0452719,0.1289200336,a
Shanghai,EUI,187.2485478,-0.0674379468,a
Beijing,EUI,87.6,-0.6501449347,a
Beijing,EUI,31.89,0.1011570171,a
Shanghai,EUI,109.462613,0.1229260117,a
Shanghai,EUI,105.8683633,-0.1038110852,a
Shanghai,EUI,109.462613,0.04866237938,a
Shanghai,EUI,106.999129,-0.05440442264,a
Wuhan,EUI,114.2417941,0.04602944106,a
Guangzhou,EUI,203.0657098,0.002792828949,a
Beijing,EUI,107.68,-0.04735291004,a
Beijing,EUI,107.67,-0.0259913262,a
Shanghai,EUI,193.1126855,-0.03965109959,a
Wuhan,EUI,282.7909668,0.0937570557,a
Wuhan,EUI,192.9705051,0.1779584289,a
Wuhan,EUI,113.6977309,0.03504319862,a
Shanghai,EUI,108.159227,-0.01920075342,a
Shanghai,EUI,112.0244119,0.01706475206,a
Shanghai,EUI,187.6140269,0.1113279462,a
Shanghai,EUI,105.771287,-0.1829602569,a
Shanghai,EUI,195.2049422,-0.05465776473,a
Wuhan,EUI,190.3989335,-0.05234080181,a
Shanghai,EUI,186.0630269,0.009865773842,a
Shanghai,EUI,275.789566,-0.05764397979,a
Wuhan,EUI,205.874483,0.008318042383,a
Shanghai,EUI,276.9477067,-0.03069672547,a
Shanghai,EUI,277.1405325,0.05943151936,a
Shanghai,EUI,103.7447431,-0.1639083326,a
Wuhan,EUI,113.6977309,0.05372282118,a
Wuhan,EUI,205.874483,0.02712781541,a
Wuhan,EUI,114.3902853,0.06736052036,a
Shanghai,EUI,186.0630269,0.04431833699,a
Shanghai,EUI,108.159227,0.03237797692,a
Shanghai,EUI,193.1126855,0.009098562412,a
Guangzhou,EUI,210.1468176,0.03441165388,a
Shanghai,EUI,107.585316,0.02976181544,a
Shanghai,EUI,107.519976,-0.0949530825,a
Beijing,EUI,31.89,-0.4094868898,a
Shanghai,EUI,278.6082818,0.01393106207,a
Wuhan,EUI,195.953976,0.1081359237,a
Shanghai,EUI,106.9552835,-0.003061555093,a
Shanghai,EUI,109.462613,-0.09087284654,a
Shanghai,EUI,106.9527713,-0.001987741794,a
Shanghai,EUI,195.4514685,-0.01525999606,a
Shanghai,EUI,107.519976,-0.03960319608,a
Shanghai,EUI,107.1539687,0.02294113673,a
Guangzhou,EUI,205.7055775,0.05008513853,a
Shanghai,EUI,107.1539687,-0.0783348456,a
Shanghai,EUI,107.1539687,-0.011891081,a
Shanghai,EUI,276.9477067,0.06114924327,a
Wuhan,EUI,114.1312516,0.1219897047,a
Shanghai,EUI,107.585316,0.018120775,a
Wuhan,EUI,114.1312516,0.03991131485,a
Guangzhou,EUI,292.9646212,0.145267874,a
Shanghai,EUI,187.0125889,0.04575756192,a
Guangzhou,EUI,210.7021049,0.05590712279,a
Wuhan,EUI,190.3989335,-0.02213405073,a
Beijing,EUI,31.89,-0.4329220951,a
Shanghai,EUI,189.724048,-0.002326951595,a
Beijing,EUI,107.68,-0.06729079038,a
Shanghai,EUI,109.462613,0.1018299833,a
Shanghai,EUI,188.2998177,-0.1438180059,a
Shanghai,EUI,110.056914,0.009615562856,a
Guangzhou,EUI,210.1468176,0.1629158109,a
Guangzhou,EUI,198.9517433,0.02174785547,a
Shanghai,EUI,275.8490294,-0.03647070006,a
Shanghai,EUI,107.4101181,-0.03568378836,a
Shanghai,EUI,187.2485478,0.06302453578,a
Wuhan,EUI,190.3989335,-0.1096715331,a
Beijing,EUI,129.48,0.007642560638,a
Shanghai,EUI,103.7447431,-0.3619896173,a
Shanghai,EUI,188.2998177,-0.03652572259,a
Shanghai,EUI,276.9477067,0.04432434216,a
Shanghai,EUI,106.0727756,-0.2496698052,a
Shanghai,EUI,195.4514685,-0.008972880431,a
Shanghai,EUI,187.2485478,0.1422901601,a
Shanghai,EUI,109.462613,0.04466165602,a
Shanghai,EUI,187.2485478,0.1387133002,a
Beijing,EUI,31.89,0.1559285522,a
Shanghai,EUI,188.2998177,-0.01125289965,a
Shanghai,EUI,195.2049422,-0.04064414278,a
Guangzhou,EUI,106.0466835,-0.3789156377,a
Shanghai,EUI,187.2485478,0.09448198974,a
Shanghai,EUI,106.4164739,0.007676203735,a
Shanghai,EUI,106.577636,-0.08506634086,a
Shanghai,EUI,186.0630269,0.09171066433,a
Wuhan,EUI,195.7330632,-0.06553801149,a
Shanghai,EUI,189.724048,0.1043144688,a
Shanghai,EUI,188.2998177,-0.09069319069,a
Shanghai,EUI,186.0630269,0.004137368407,a
Guangzhou,EUI,210.7021049,0.06649642438,a
Guangzhou,EUI,203.9964083,0.02468823642,a
Beijing,EUI,107.68,-0.05639847368,a
Shanghai,EUI,188.2998177,0.05955263972,a
Shanghai,EUI,275.8490294,-0.08659650385,a
Wuhan,EUI,205.874483,0.06384409219,a
Shanghai,EUI,188.2998177,-0.09457682818,a
Shanghai,EUI,195.4514685,0.03595750779,a
Shanghai,EUI,276.9477067,-0.05194211006,a
Shanghai,EUI,193.1126855,0.06711173803,a
Shanghai,EUI,187.2485478,0.1563054323,a
Beijing,EUI,31.89,-0.277343154,a
Guangzhou,EUI,205.7055775,-0.04689645395,a
Shanghai,EUI,195.4514685,-0.07893525064,a
Shanghai,EUI,197.3488027,0.0436745435,a
Shanghai,EUI,115.6993359,0.04967627674,a
Beijing,EUI,107.67,-0.03034847602,a
Wuhan,EUI,192.9705051,0.1420557052,a
Shanghai,EUI,106.9552835,-0.1011755988,a
Wuhan,EUI,195.953976,-0.1018114984,a
Wuhan,EUI,197.3821049,0.0007196592051,a
Beijing,EUI,31.89,-0.4801668823,a
Shanghai,EUI,107.585316,0.02573554032,a
Shanghai,EUI,106.0727756,-0.3187813461,a
Wuhan,EUI,191.9725421,0.1512967199,a
Shanghai,EUI,197.3488027,0.02671160549,a
Shanghai,EUI,189.724048,-0.1351578236,a
Wuhan,EUI,114.2417941,0.06185779721,a
Shanghai,EUI,188.2998177,0.01708914153,a
Wuhan,EUI,282.7909668,0.0381267257,a
Shanghai,EUI,106.0727756,-0.3223105073,a
Shanghai,EUI,187.2485478,0.05719769001,a
Wuhan,EUI,113.6977309,0.09641639143,a
Guangzhou,EUI,203.9964083,-0.1466503739,a
Shanghai,EUI,277.1405325,0.05902569368,a
Wuhan,EUI,113.6764439,0.05327578261,a
Beijing,EUI,31.89,-0.2193691432,a
Shanghai,EUI,119.7022049,0.09281357378,a
Shanghai,EUI,275.789566,0.005017653108,a
Wuhan,EUI,114.2417941,0.1386999041,a
Shanghai,EUI,110.056914,0.007960913703,a
Beijing,EUI,107.68,-0.08339004219,a
Guangzhou,EUI,210.7021049,0.06402233243,a
Shanghai,EUI,188.2998177,-0.064757891,a
Beijing,EUI,87.6,-0.3608053923,a
Wuhan,EUI,190.3989335,0.03732232004,a
Shanghai,EUI,110.056914,0.02954756841,a
Shanghai,EUI,103.7447431,-0.5858250856,a
Shanghai,EUI,187.4190981,0.1678005159,a
Guangzhou,EUI,203.0657098,0.009752187878,a
Beijing,EUI,107.67,0.0542277135,a
Wuhan,EUI,190.3989335,0.12009231,a
Shanghai,EUI,106.577636,-0.01788363792,a
Wuhan,EUI,111.8004465,0.05310674012,a
Shanghai,EUI,186.0630269,-0.02712932415,a
Shanghai,EUI,191.0414887,0.06451192498,a
Shanghai,EUI,110.056914,-0.03949451819,a
Beijing,EUI,107.67,0.06659059227,a
Guangzhou,EUI,198.9517433,-0.01210211776,a
Shanghai,EUI,110.056914,0.0114085013,a
Beijing,EUI,31.89,-0.3275197744,a
Guangzhou,EUI,105.3184511,-0.4657715261,a
Guangzhou,EUI,210.7021049,0.03235366568,a
Shanghai,EUI,197.3488027,-0.0203396976,a
Shanghai,EUI,276.9477067,-0.007287107408,a
Beijing,EUI,31.89,-0.607334137,a
Shanghai,EUI,189.724048,0.04140476882,a
Guangzhou,EUI,294.1702351,0.0386958085,a
Shanghai,EUI,188.2998177,-0.1621951759,a
Shanghai,EUI,188.2998177,0.1083327904,a
Shanghai,EUI,195.4514685,-0.06445793062,a
Wuhan,EUI,113.6764439,0.07488211989,a
Shanghai,EUI,110.056914,-0.02819294669,a
Beijing,EUI,107.68,-0.05825572833,a
Beijing,EUI,31.89,-0.459758997,a
Shanghai,EUI,110.056914,0.1340927333,a
Beijing,EUI,107.67,-0.08669988066,a
Guangzhou,EUI,128.2910339,0.1399494261,a
Wuhan,EUI,195.7330632,-0.03508599475,a
Wuhan,EUI,189.9606477,0.07084508985,a
Shanghai,EUI,187.6140269,0.06057986617,a
Shanghai,EUI,187.2485478,0.1283733696,a
Beijing,EUI,31.89,-0.2421809137,a
Wuhan,EUI,110.4552686,-0.02280982025,a
Shanghai,EUI,106.9527713,-0.01356222946,a
Shanghai,EUI,188.2998177,0.01399250329,a
Shanghai,EUI,103.698807,-0.2101291269,a
Guangzhou,EUI,294.1702351,0.1000412479,a
Guangzhou,EUI,210.7021049,0.1252923161,a
Wuhan,EUI,190.3989335,0.01707230322,a
Wuhan,EUI,195.7330632,-0.04940442368,a
Shanghai,EUI,195.4514685,0.02144940011,a
Shanghai,EUI,188.2998177,-0.006761289667,a
Guangzhou,EUI,198.9517433,-0.01302895322,a
Shanghai,EUI,195.4514685,-0.07869563997,a
Shanghai,EUI,110.056914,-0.04658101872,a
Beijing,EUI,93.68,-0.4883067906,a
Beijing,EUI,107.68,-0.0508278124,a
Wuhan,EUI,113.6764439,0.09949278086,a
Shanghai,EUI,272.5330194,0.02936808392,a
Shanghai,EUI,105.2015884,-0.3323702812,a
Shanghai,EUI,116.2192045,0.04198982194,a
Shanghai,EUI,106.9552835,-0.1605413705,a
Wuhan,EUI,193.5994381,0.02149447985,a
Shanghai,EUI,107.1539687,-0.03589168936,a
Shanghai,EUI,116.1881784,-0.06135993451,a
Wuhan,EUI,111.8004465,0.1392751336,a
Guangzhou,EUI,198.9517433,-0.09897425771,a
Shanghai,EUI,112.5992859,0.08600809425,a
Wuhan,EUI,190.3989335,0.0235560555,a
Wuhan,EUI,193.5994381,-0.03838470578,a
Wuhan,EUI,110.7026683,-0.03599037603,a
Shanghai,EUI,188.2998177,-0.04232792184,a
Guangzhou,EUI,198.9517433,-0.1032471806,a
Wuhan,EUI,113.0252148,0.03486093879,a
Wuhan,EUI,192.9705051,0.1037966982,a
Shanghai,EUI,195.4514685,-0.02395312302,a
Shanghai,EUI,187.2485478,-0.01678160951,a
Shanghai,EUI,107.1539687,0.005174511112,a
Shanghai,EUI,106.9527713,0.01109516807,a
Shanghai,EUI,188.2998177,0.03132408485,a
Guangzhou,EUI,107.9448505,-0.1295341253,a
Shanghai,EUI,187.6140269,0.111161828,a
Beijing,EUI,107.67,-0.05574612319,a
Shanghai,EUI,116.2192045,0.01020014286,a
Shanghai,EUI,116.1881784,0.08546229452,a
Wuhan,EUI,112.2011206,0.1235655695,a
Shanghai,EUI,278.6082818,0.005620036274,a
Shanghai,EUI,106.577636,-0.1004479304,a
Shanghai,EUI,107.585316,-0.02361566015,a
Guangzhou,EUI,294.1702351,0.1205672622,a
Shanghai,EUI,188.2998177,-0.007385968231,a
Shanghai,EUI,107.9609077,-0.07151928544,a
Beijing,EUI,87.6,-0.2471186668,a
Wuhan,EUI,195.953976,0.063650392,a
Shanghai,EUI,187.4190981,0.1308354437,a
Shanghai,EUI,187.4190981,0.0762354061,a
Shanghai,EUI,191.0414887,0.03179667145,a
Guangzhou,EUI,200.4752153,-0.1001783237,a
Guangzhou,EUI,203.0657098,-0.01580343395,a
Beijing,EUI,31.89,-0.3592126369,a
Shanghai,EUI,188.2998177,-0.09875599295,a
Beijing,EUI,107.67,-0.09470579773,a
Shanghai,EUI,186.0630269,0.02907354571,a
Shanghai,EUI,187.2485478,0.06436003745,a
Shanghai,EUI,105.2490472,-0.4141990542,a
Wuhan,EUI,193.5994381,0.01066792943,a
Guangzhou,EUI,210.1468176,0.1683281809,a
Shanghai,EUI,109.462613,0.08656023443,a
Shanghai,EUI,191.0414887,0.05696387216,a
Shanghai,EUI,107.519976,-0.07838813961,a
Wuhan,EUI,195.7330632,0.202534005,a
Shanghai,EUI,112.5992859,0.0981553942,a
Wuhan,EUI,190.3989335,-0.1700372696,a
Guangzhou,EUI,203.9964083,-0.02107562684,a
Wuhan,EUI,195.7330632,-0.0492159985,a
Wuhan,EUI,205.874483,0.08980683237,a
Beijing,EUI,31.89,0.1526887417,a
Beijing,EUI,31.89,-0.3714406788,a
Beijing,EUI,107.68,-0.06833852082,a
Guangzhou,EUI,105.3184511,-0.306411773,a
Guangzhou,EUI,210.0137391,0.1883482039,a
Shanghai,EUI,191.0414887,0.05133949593,a
Shanghai,EUI,193.1126855,-0.104282409,a
Shanghai,EUI,106.999129,-0.1348780096,a
Wuhan,EUI,111.7492491,0.02462510392,a
Shanghai,EUI,106.9527713,-0.04288191721,a
Wuhan,EUI,189.9606477,0.09041649848,a
Shanghai,EUI,188.2998177,-0.08289376646,a
Shanghai,EUI,109.462613,-0.01597197168,a
Wuhan,EUI,114.3902853,-0.1459128857,a
Wuhan,EUI,190.3989335,0.04369130358,a
Shanghai,EUI,107.9609077,-0.02441364899,a
Wuhan,EUI,197.3821049,-0.06337184459,a
Wuhan,EUI,195.7330632,0.09977908432,a
Wuhan,EUI,196.5667452,-0.03220050409,a
Shanghai,EUI,187.2485478,0.07775812596,a
Beijing,EUI,31.89,-0.3817243278,a
Shanghai,EUI,197.3488027,-0.03502816707,a
Shanghai,EUI,107.585316,-0.03222379461,a
Shanghai,EUI,109.9480087,0.0158870481,a
Shanghai,EUI,112.0244119,-0.02682752721,a
Wuhan,EUI,111.8004465,0.09822878987,a
Shanghai,EUI,186.0630269,0.1091065854,a
Wuhan,EUI,195.7330632,-0.1015678197,a
Shanghai,EUI,106.577636,-0.1261793971,a
Shanghai,EUI,187.0125889,0.04596630484,a
Wuhan,EUI,190.3989335,-0.03811059892,a
Shanghai,EUI,108.159227,0.01674340107,a
Shanghai,EUI,195.4514685,-0.004618974868,a
Shanghai,EUI,187.0125889,0.03385673463,a
Shanghai,EUI,276.9477067,0.03166872635,a
Shanghai,EUI,107.4101181,-0.0006892214296,a
Shanghai,EUI,110.056914,-0.01916712523,a
Beijing,EUI,31.89,-0.4347881973,a
Shanghai,EUI,107.585316,0.07323166728,a
Shanghai,EUI,195.4514685,-0.009310945868,a
Wuhan,EUI,195.7330632,-0.02412412688,a
Shanghai,EUI,187.0125889,0.09714710712,a
Wuhan,EUI,193.5994381,-0.09276961535,a
Shanghai,EUI,106.4164739,-0.2355709821,a
Beijing,EUI,31.89,-0.3457581103,a
Guangzhou,EUI,210.7021049,0.08457808942,a
Beijing,EUI,107.68,0.02876141295,a
Guangzhou,EUI,210.7021049,0.1599364132,a
Guangzhou,EUI,210.7021049,0.008653968573,a
Shanghai,EUI,109.462613,-0.007436066866,a
Beijing,EUI,31.89,0.1613310575,a
Shanghai,EUI,106.9552835,-0.1221259236,a
Shanghai,EUI,196.9700178,-0.06711737812,a
Guangzhou,EUI,292.9646212,0.1174094528,a
Shanghai,EUI,187.4190981,0.09245646745,a
Beijing,EUI,107.68,0.06417853385,a
Wuhan,EUI,279.5582219,0.0563920401,a
Shanghai,EUI,116.1881784,0.0344709903,a
Shanghai,EUI,193.1126855,-0.08438622952,a
Shanghai,EUI,196.9700178,-0.09986267984,a
Shanghai,EUI,108.419482,0.04324705899,a
Guangzhou,EUI,198.9517433,-0.2125777155,a
Wuhan,EUI,195.953976,0.04143581167,a
Shanghai,EUI,195.4514685,-0.0922319591,a
Guangzhou,EUI,210.1468176,0.03537409753,a
Shanghai,EUI,189.724048,-0.1333895326,a
Shanghai,EUI,107.519976,-0.1093734801,a
Wuhan,EUI,113.6764439,0.06435061991,a
Beijing,EUI,107.67,0.05409088731,a
Shanghai,EUI,109.462613,0.01764569059,a
Shanghai,EUI,188.2998177,0.003828906687,a
Shanghai,EUI,277.1405325,0.001797521603,a
Beijing,EUI,31.89,-0.3573432565,a
Wuhan,EUI,190.3989335,0.04232067242,a
Wuhan,EUI,115.8748305,0.05417507142,a
Shanghai,EUI,187.6140269,0.08151978254,a
Shanghai,EUI,109.8968758,-0.008679898456,a
Wuhan,EUI,192.9705051,0.2840426266,a
Wuhan,EUI,275.5300433,0.0004713658127,a
Shanghai,EUI,197.3488027,0.1026727781,a
Wuhan,EUI,205.874483,0.02369066514,a
Wuhan,EUI,195.953976,0.1422730982,a
Beijing,EUI,31.89,-0.2048452944,a
Shanghai,EUI,187.0125889,0.125145182,a
Shanghai,EUI,191.0414887,-0.07491260767,a
Wuhan,EUI,195.953976,0.0752903074,a
Wuhan,EUI,195.7330632,-0.07272116095,a
Beijing,EUI,107.67,0.002617129125,a
Guangzhou,EUI,205.7055775,0.212301597,a
Shanghai,EUI,197.3488027,0.02946507558,a
Shanghai,EUI,115.325407,0.02639285661,a
Shanghai,EUI,109.462613,0.05493908003,a
Shanghai,EUI,197.3488027,-0.01420378778,a
Wuhan,EUI,189.9606477,0.02862986363,a
Shanghai,EUI,106.0727756,-0.2853548527,a
Shanghai,EUI,186.0630269,0.2479943782,a
Shanghai,EUI,188.2998177,0.01435773075,a
Shanghai,EUI,187.2485478,0.1545440704,a
Shanghai,EUI,105.771287,-0.2332857102,a
Beijing,EUI,31.89,-0.4872840643,a
Beijing,EUI,107.67,-0.03427186981,a
Shanghai,EUI,188.2998177,0.05327442288,a
Shanghai,EUI,187.2485478,0.1764468551,a
Shanghai,EUI,187.2485478,0.1184565872,a
Shanghai,EUI,107.585316,0.02767768875,a
Beijing,EUI,107.67,0.08394496143,a
Guangzhou,EUI,209.1166956,0.155227825,a
Shanghai,EUI,195.2049422,-0.04131390154,a
Shanghai,EUI,195.4514685,-0.04201909527,a
Shanghai,EUI,195.4514685,-0.06015016511,a
Shanghai,EUI,188.2998177,0.0807666257,a
Shanghai,EUI,107.585316,0.1638566703,a
Shanghai,EUI,109.9480087,0.00801647082,a
Guangzhou,EUI,210.7021049,0.0734822005,a
Shanghai,EUI,186.0630269,0.00548962038,a
Shanghai,EUI,105.485991,-0.1356360763,a
Shanghai,EUI,109.8196342,-0.02223030478,a
Shanghai,EUI,195.4514685,-0.05693346635,a
Wuhan,EUI,116.2730259,-0.05074729025,a
Shanghai,EUI,186.0630269,0.1443407536,a
Shanghai,EUI,106.4164739,-0.06947796047,a
Shanghai,EUI,116.1881784,-0.02740832604,a
Beijing,EUI,87.6,-0.2167562991,a
Shanghai,EUI,188.2998177,-0.063393116,a
Wuhan,EUI,195.953976,-0.02511019073,a
Wuhan,EUI,282.7909668,0.07817152143,a
Wuhan,EUI,193.5994381,0.03965786099,a
Beijing,EUI,107.67,-0.1158555374,a
Guangzhou,EUI,118.3235398,-0.02732205205,a
Beijing,EUI,31.89,-0.3785623014,a
Guangzhou,EUI,206.186642,0.1343632042,a
Shanghai,EUI,112.5992859,0.1304382682,a
Beijing,EUI,31.89,-0.362716198,a
Beijing,EUI,107.67,-0.1211202741,a
Shanghai,EUI,189.724048,0.09889383614,a
Shanghai,EUI,109.8196342,0.01336330175,a
Shanghai,EUI,186.0630269,-0.02829691768,a
Wuhan,EUI,205.874483,0.1700948328,a
Shanghai,EUI,106.4164739,-0.02831647918,a
Shanghai,EUI,276.9477067,-0.03660171479,a
Beijing,EUI,31.89,-0.3197167814,a
Guangzhou,EUI,106.2051335,-0.3495959938,a
Shanghai,EUI,275.8490294,-0.0009169511613,a
Shanghai,EUI,188.2998177,-0.01671472937,a
Shanghai,EUI,195.4514685,-0.05034577474,a
Shanghai,EUI,105.771287,-0.2532869875,a
Shanghai,EUI,187.2485478,0.02559342049,a
Shanghai,EUI,197.3488027,-0.07516087592,a
Wuhan,EUI,190.3989335,-0.09135730565,a
Beijing,EUI,31.89,-0.5363592505,a
Shanghai,EUI,109.8196342,0.002498469548,a
Beijing,EUI,107.67,-0.09292567521,a
Shanghai,EUI,195.4514685,-0.03284744918,a
Shanghai,EUI,105.771287,-0.2270389944,a
Guangzhou,EUI,210.0137391,-0.06479964405,a
Wuhan,EUI,193.5994381,0.02891818807,a
Shanghai,EUI,188.2998177,0.05256060511,a
Wuhan,EUI,121.2145132,0.07432611287,a
Shanghai,EUI,274.2758624,-0.07989117503,a
Guangzhou,EUI,128.2910339,0.1093726233,a
Beijing,EUI,107.67,-0.05042621493,a
Shanghai,EUI,188.2998177,-0.1309622675,a
Shanghai,EUI,106.9527713,-0.01134178042,a
Shanghai,EUI,195.2049422,-0.03223648295,a
Shanghai,EUI,107.1539687,0.02452493832,a
Shanghai,EUI,191.0414887,-0.02038705908,a
Guangzhou,EUI,210.1468176,0.0719217062,a
Wuhan,EUI,189.9606477,0.1131732911,a
Wuhan,EUI,282.7909668,0.1498908252,a
Shanghai,EUI,196.9700178,-0.0939251557,a
Shanghai,EUI,116.6010685,0.04310366884,a
Wuhan,EUI,195.953976,0.1865400076,a
Shanghai,EUI,188.2998177,-0.006272217259,a
Shanghai,EUI,106.4164739,-0.004567712545,a
Shanghai,EUI,110.056914,0.01233970188,a
Beijing,EUI,50.04,-0.08996406198,a
Shanghai,EUI,275.789566,-0.04596221447,a
Shanghai,EUI,106.4164739,0.01083710603,a
Shanghai,EUI,109.8196342,-0.07999420166,a
Shanghai,EUI,106.9527713,0.01941251382,a
Shanghai,EUI,275.8490294,-0.02975877374,a
Shanghai,EUI,195.4514685,-0.09338564426,a
Beijing,EUI,107.68,0.005847648717,a
Beijing,EUI,107.67,-0.04284264147,a
Wuhan,EUI,193.5994381,-0.08950594813,a
Guangzhou,EUI,210.7021049,0.1081172824,a
Shanghai,EUI,196.9700178,-0.09752624482,a
Beijing,EUI,107.67,-4.184199497e-06,a
Shanghai,EUI,187.2485478,0.1052780077,a
Shanghai,EUI,110.056914,-0.1383086294,a
Beijing,EUI,31.89,-0.4259551466,a
Wuhan,EUI,195.7330632,-0.04669853672,a
Guangzhou,EUI,102.243521,-0.4575593472,a
Beijing,EUI,31.89,-0.2940222621,a
Wuhan,EUI,113.6764439,0.1706779152,a
Shanghai,EUI,196.9700178,-0.09418441355,a
Shanghai,EUI,272.5330194,0.09021355212,a
Shanghai,EUI,193.1126855,-0.07163336128,a
Beijing,EUI,31.89,-0.3603931665,a
Guangzhou,EUI,124.712827,0.2137552202,a
Beijing,EUI,107.67,-0.0005364506505,a
Beijing,EUI,129.48,-0.0245307982,a
Guangzhou,EUI,210.1468176,0.09114382416,a
Guangzhou,EUI,199.7975089,-0.05654674396,a
Shanghai,EUI,107.585316,0.05498636886,a
Shanghai,EUI,193.1126855,-0.06803330034,a
Guangzhou,EUI,118.3235398,-0.009502744302,a
Beijing,EUI,31.89,0.2190230042,a
Shanghai,EUI,277.1405325,-0.007106774487,a
Shanghai,EUI,187.2485478,0.03726768494,a
Beijing,EUI,31.89,-0.4285172224,a
Shanghai,EUI,188.2998177,0.006719082594,a
Shanghai,EUI,106.9527713,0.05770689249,a
Wuhan,EUI,114.2417941,0.1312211603,a
Shanghai,EUI,189.724048,-0.02824229002,a
Shanghai,EUI,109.462613,0.1699487418,a
Wuhan,EUI,195.953976,-0.1080209762,a
Shanghai,EUI,195.4514685,-0.02146375179,a
Wuhan,EUI,195.7330632,-0.01949554496,a
Shanghai,EUI,106.9527713,-0.02698137984,a
Beijing,EUI,107.67,-0.1256830245,a
Guangzhou,EUI,109.344793,-0.00411281269,a
Wuhan,EUI,193.5994381,-0.07176247984,a
Guangzhou,EUI,126.0075615,0.1087789536,a
Shanghai,EUI,187.2485478,0.07926620543,a
Wuhan,EUI,196.5667452,0.0482929498,a
Shanghai,EUI,272.5330194,-0.119776696,a
Shanghai,EUI,193.1126855,-0.02541543171,a
Shanghai,EUI,188.2998177,0.01801408269,a
Guangzhou,EUI,210.7021049,0.07056257129,a
Beijing,EUI,31.89,-0.3699237406,a
Wuhan,EUI,114.1312516,0.08640626073,a
Wuhan,EUI,113.6977309,0.06276120991,a
Shanghai,EUI,105.2015884,-0.3053638339,a
Shanghai,EUI,195.2049422,-0.05526480824,a
Guangzhou,EUI,210.7021049,0.06913981587,a
Shanghai,EUI,112.5992859,0.1185896397,a
Shanghai,EUI,109.9480087,0.0558203347,a
Wuhan,EUI,281.3707237,0.09034769982,a
Wuhan,EUI,195.953976,0.01729194261,a
Shanghai,EUI,191.1767205,-0.01543763746,a
Shanghai,EUI,187.2485478,-0.04923509434,a
Shanghai,EUI,106.4164739,-0.04081588984,a
Shanghai,EUI,106.577636,0.08401026577,a
Shanghai,EUI,105.2015884,-0.3569454253,a
Guangzhou,EUI,210.7021049,0.03483012319,a
Shanghai,EUI,277.1405325,-0.03473801166,a
Shanghai,EUI,195.4514685,-0.03476273641,a
Shanghai,EUI,109.462613,0.06336792558,a
Beijing,EUI,107.67,0.01021500211,a
Shanghai,EUI,107.4101181,-0.03746902198,a
Wuhan,EUI,197.3821049,-0.1350319982,a
Shanghai,EUI,107.4101181,-0.04457192868,a
Shanghai,EUI,110.056914,-0.001857370604,a
Shanghai,EUI,191.0414887,0.007445320021,a
Shanghai,EUI,109.462613,0.05775146559,a
Shanghai,EUI,186.0630269,0.09094171971,a
Shanghai,EUI,112.5992859,0.1369305402,a
Beijing,EUI,107.67,0.07446246594,a
Shanghai,EUI,106.9552835,-0.0528498739,a
Shanghai,EUI,189.724048,-0.08902328461,a
Shanghai,EUI,106.9527713,0.05873921514,a
Beijing,EUI,87.6,-0.2880955935,a
Shanghai,EUI,187.2485478,0.1151297539,a
Guangzhou,EUI,210.1468176,0.04564570636,a
Shanghai,EUI,195.4514685,-0.06716798991,a
Guangzhou,EUI,292.9646212,0.2214410603,a
Shanghai,EUI,112.5992859,0.103748329,a
Shanghai,EUI,195.4514685,-0.03097673319,a
Shanghai,EUI,278.6082818,0.04870641232,a
Shanghai,EUI,191.1767205,0.3037815392,a
Shanghai,EUI,186.0630269,0.09971822798,a
Shanghai,EUI,109.462613,-0.003389208112,a
Beijing,EUI,31.89,-0.3089513779,a
Wuhan,EUI,192.9705051,0.04444354028,a
Shanghai,EUI,107.4101181,-0.03475156799,a
Shanghai,EUI,191.1767205,0.3129944503,a
Guangzhou,EUI,209.1166956,0.07650601864,a
Shanghai,EUI,110.056914,0.005736148916,a
Shanghai,EUI,276.9039955,-0.01417468116,a
Wuhan,EUI,195.953976,0.04305683821,a
Wuhan,EUI,195.953976,0.02793014608,a
Wuhan,EUI,193.5994381,-0.02607680485,a
Wuhan,EUI,115.8773077,0.0326830335,a
Wuhan,EUI,195.7330632,-0.03369588405,a
Guangzhou,EUI,123.1203473,0.2095627785,a
Beijing,EUI,107.67,-0.04036495835,a
Shanghai,EUI,196.9700178,-0.04747251421,a
Beijing,EUI,107.67,-0.07250292599,a
Shanghai,EUI,186.0630269,0.06411737204,a
Guangzhou,EUI,210.1468176,0.09384466708,a
Beijing,EUI,107.67,-0.07191738486,a
Wuhan,EUI,121.784402,0.02277341485,a
Guangzhou,EUI,205.7055775,0.004290522076,a
Shanghai,EUI,105.2490472,-0.3217122555,a
Wuhan,EUI,190.3989335,0.06125512347,a
Shanghai,EUI,188.2998177,0.0409450084,a
Beijing,EUI,31.89,-0.3385435045,a
Shanghai,EUI,277.1405325,0.0910493955,a
Shanghai,EUI,106.9527713,0.005511598662,a
Wuhan,EUI,111.9678555,0.1428401768,a
Wuhan,EUI,195.953976,0.08325032145,a
Wuhan,EUI,113.6764439,0.1014457047,a
Shanghai,EUI,105.771287,-0.2195495218,a
Wuhan,EUI,193.5994381,-0.04025900736,a
Shanghai,EUI,106.4164739,-0.05649949238,a
Beijing,EUI,107.67,0.0112071028,a
Shanghai,EUI,187.2485478,-0.006720140576,a
Shanghai,EUI,188.2998177,0.03534757718,a
Wuhan,EUI,193.5994381,-0.06492621452,a
Guangzhou,EUI,210.7021049,0.1148724034,a
Guangzhou,EUI,210.7021049,0.151842311,a
Shanghai,EUI,275.8490294,-0.08632592857,a
Shanghai,EUI,188.2998177,-0.1358516812,a
Beijing,EUI,31.89,-0.144171387,a
Beijing,EUI,107.68,-0.08162110299,a
Beijing,EUI,31.89,0.07798971981,a
Wuhan,EUI,190.3989335,-0.05233026668,a
Shanghai,EUI,276.9039955,0.04115405306,a
Shanghai,EUI,188.2998177,0.01666100696,a
Shanghai,EUI,195.4514685,-0.08492449671,a
Guangzhou,EUI,205.7055775,0.04472725093,a
Shanghai,EUI,105.485991,-0.1156059578,a
Shanghai,EUI,110.056914,-0.006038225256,a
Guangzhou,EUI,205.7055775,0.004567297176,a
Shanghai,EUI,195.4514685,-0.05306275934,a
Beijing,EUI,107.67,-0.05772161856,a
Beijing,EUI,31.89,-0.2967051864,a
Shanghai,EUI,106.4164739,-0.01752170548,a
Shanghai,EUI,191.0414887,0.0202867873,a
Shanghai,EUI,274.2758624,-0.03264117986,a
Shanghai,EUI,188.2998177,-0.003894391702,a
Shanghai,EUI,195.2049422,-0.1076597422,a
Guangzhou,EUI,102.1758367,-0.421459645,a
Shanghai,EUI,187.2485478,-0.01678160951,a
Shanghai,EUI,187.2485478,0.06436765194,a
Wuhan,EUI,121.2145132,0.1979198307,a
Shanghai,EUI,276.9477067,-0.03575695679,a
Guangzhou,EUI,210.7021049,0.007916129194,a
Wuhan,EUI,195.953976,-0.0006840848946,a
Shanghai,EUI,189.724048,-0.1133208051,a
Shanghai,EUI,188.7835764,0.04229856282,a
Shanghai,EUI,186.0630269,0.08681017905,a
Shanghai,EUI,188.2998177,-0.06780412793,a
Beijing,EUI,107.68,-0.07311700284,a
Guangzhou,EUI,102.5401097,-0.1947624981,a
Beijing,EUI,31.89,-0.65872401,a
Shanghai,EUI,110.056914,0.0006943368353,a
Shanghai,EUI,106.4164739,0.01470909361,a
Guangzhou,EUI,205.7055775,0.03754284978,a
Shanghai,EUI,195.4514685,-0.03684104979,a
Beijing,EUI,107.67,-0.05437551066,a
Shanghai,EUI,195.2049422,-0.05116603523,a
Beijing,EUI,107.67,-0.1158586293,a
Shanghai,EUI,191.1767205,0.2069171965,a
Shanghai,EUI,187.2485478,0.1721441597,a
Shanghai,EUI,191.0414887,0.0213695094,a
Shanghai,EUI,188.2998177,-0.04199548438,a
Guangzhou,EUI,203.9964083,-0.1392208189,a
Wuhan,EUI,121.2145132,0.1339940429,a
Shanghai,EUI,107.4101181,-0.03851858899,a
Shanghai,EUI,197.3488027,0.05831000954,a
Beijing,EUI,31.89,0.02232760936,a
Shanghai,EUI,186.0630269,-0.005561990663,a
Guangzhou,EUI,294.1702351,0.2435627133,a
Beijing,EUI,107.67,-0.0236713402,a
Guangzhou,EUI,210.7021049,0.07802343369,a
Shanghai,EUI,110.056914,-0.05507859215,a
Shanghai,EUI,193.1126855,-0.02962354012,a
Shanghai,EUI,188.2998177,0.03145936877,a
Shanghai,EUI,106.577636,0.118279703,a
Shanghai,EUI,110.056914,-0.01594990119,a
Shanghai,EUI,187.2485478,0.03318665922,a
Shanghai,EUI,191.0414887,0.005754352547,a
Wuhan,EUI,195.7330632,-0.02998101339,a
Wuhan,EUI,195.953976,-0.1353872865,a
Shanghai,EUI,187.2485478,-0.0606261529,a
Shanghai,EUI,186.0630269,0.1017622426,a
Shanghai,EUI,107.9609077,-0.0492040962,a
Shanghai,EUI,197.3488027,0.06413607299,a
Shanghai,EUI,189.724048,-0.09019938856,a
Shanghai,EUI,107.9609077,-0.04146034271,a
Wuhan,EUI,205.874483,-0.03560063243,a
Shanghai,EUI,188.7835764,0.00754150562,a
Shanghai,EUI,186.0630269,-0.02324655093,a
Shanghai,EUI,109.462613,0.02266445011,a
Wuhan,EUI,113.2334402,0.04615297914,a
Wuhan,EUI,112.2011206,0.1028957963,a
Shanghai,EUI,109.8196342,-0.1136959419,a
Wuhan,EUI,110.7026683,0.007779809646,a
Beijing,EUI,87.6,-0.2306480706,a
Guangzhou,EUI,210.7021049,0.1723988205,a
Shanghai,EUI,188.2998177,0.06330493093,a
Shanghai,EUI,195.4514685,-0.07383011281,a
Beijing,EUI,107.67,-0.1027821079,a
Shanghai,EUI,280.6221637,0.3846275508,a
Guangzhou,EUI,104.6823998,-0.3298490942,a
Shanghai,EUI,272.5330194,0.07736932486,a
Shanghai,EUI,110.056914,-0.002288856776,a
Wuhan,EUI,113.6764439,0.09927792102,a
Shanghai,EUI,125.3372569,-0.02790837362,a
Shanghai,EUI,110.056914,0.04331083223,a
Beijing,EUI,107.67,-0.008513199165,a
Beijing,EUI,31.89,-0.1236935481,a
Shanghai,EUI,186.0630269,-0.01766927913,a
Shanghai,EUI,277.7011388,0.1928175092,a
Guangzhou,EUI,210.1468176,0.08320334554,a
Shanghai,EUI,106.1021412,-0.09303608537,a
Shanghai,EUI,196.9700178,-0.03854424134,a
Shanghai,EUI,109.462613,-0.005632119253,a
Shanghai,EUI,187.0125889,0.06574336439,a
Wuhan,EUI,205.874483,0.06219105422,a
Shanghai,EUI,195.2049422,-0.04362810403,a
Shanghai,EUI,193.1126855,-0.01641996019,a
Shanghai,EUI,108.159227,0.05706761777,a
Shanghai,EUI,193.1126855,-0.01376828924,a
Guangzhou,EUI,102.5401097,-0.1194045097,a
Shanghai,EUI,272.5330194,-0.04398665205,a
Shanghai,EUI,188.2998177,-0.00228235079,a
Shanghai,EUI,186.0630269,0.08524502814,a
Wuhan,EUI,121.2145132,0.05237555504,a
Shanghai,EUI,186.0630269,0.06699296832,a
Wuhan,EUI,190.3989335,-0.07975169271,a
Guangzhou,EUI,210.7021049,0.1349918544,a
Shanghai,EUI,196.9700178,-0.01667943969,a
Shanghai,EUI,195.2049422,-0.1009991318,a
Beijing,EUI,31.89,-0.2327694297,a
Shanghai,EUI,188.2998177,-0.05658760294,a
Beijing,EUI,107.67,0.1286783963,a
Wuhan,EUI,114.1312516,0.09820825607,a
Shanghai,EUI,189.724048,-0.008561438881,a
Shanghai,EUI,195.4514685,-0.05299246684,a
Shanghai,EUI,187.2485478,-0.0371581167,a
Beijing,EUI,107.67,-0.07417777926,a
Shanghai,EUI,187.6140269,0.08891799301,a
Shanghai,EUI,110.056914,0.03907334805,a
Shanghai,EUI,188.2998177,-0.01910549402,a
Shanghai,EUI,196.9700178,-0.04955780134,a
Wuhan,EUI,121.0452719,-0.04065638036,a
Shanghai,EUI,109.462613,0.04370128736,a
Shanghai,EUI,188.2998177,-0.07241748273,a
Beijing,EUI,31.89,0.062994726,a
Shanghai,EUI,103.698807,-0.0898848474,a
Guangzhou,EUI,294.1702351,0.08130045235,a
Beijing,EUI,107.67,-0.09247338027,a
Shanghai,EUI,272.5330194,-0.07466308773,a
Shanghai,EUI,106.9527713,-0.06241663173,a
Shanghai,EUI,107.585316,0.04078280926,a
Shanghai,EUI,107.4101181,-0.04719454795,a
Wuhan,EUI,190.3989335,-0.09964944422,a
Shanghai,EUI,189.724048,0.1111982912,a
Shanghai,EUI,186.0630269,-0.02173574083,a
Guangzhou,EUI,294.1702351,0.1484151334,a
Shanghai,EUI,107.4101181,0.03946585953,a
Shanghai,EUI,106.577636,0.09981556982,a
Shanghai,EUI,188.2998177,0.08397147059,a
Shanghai,EUI,191.0414887,-0.03313937038,a
Shanghai,EUI,195.4514685,-0.08551377803,a
Shanghai,EUI,277.7011388,0.1218121722,a
Beijing,EUI,129.48,0.08415156603,a
Wuhan,EUI,197.3821049,-0.1534997374,a
Wuhan,EUI,195.7330632,-0.03786055371,a
Shanghai,EUI,106.9527713,-0.1059114411,a
Shanghai,EUI,191.1767205,0.04498711601,a
Wuhan,EUI,116.4512692,0.08090794086,a
Shanghai,EUI,188.2998177,-0.01394722424,a
Wuhan,EUI,189.9606477,0.1173076481,a
Shanghai,EUI,188.2998177,-0.08334910125,a
Shanghai,EUI,106.0727756,-0.1785297692,a
Shanghai,EUI,106.9552835,-0.06872146577,a
Beijing,EUI,31.89,0.06199904159,a
Wuhan,EUI,189.9606477,0.08050769567,a
Shanghai,EUI,106.0727756,-0.1626759171,a
Guangzhou,EUI,205.7055775,0.0008575154352,a
Wuhan,EUI,195.953976,-0.03562009707,a
Guangzhou,EUI,118.3235398,0.001408388955,a
Wuhan,EUI,113.6764439,0.049971167,a
Guangzhou,EUI,206.186642,0.2012516707,a
Shanghai,EUI,113.8199242,0.06808609515,a
Guangzhou,EUI,205.7055775,-0.1413307041,a
Guangzhou,EUI,104.6823998,-0.3496811986,a
Shanghai,EUI,106.577636,0.04020987079,a
Beijing,EUI,107.67,0.04000687227,a
Shanghai,EUI,187.2485478,0.124935478,a
Shanghai,EUI,188.2998177,0.008586380631,a
Shanghai,EUI,278.6082818,0.2783753872,a
Guangzhou,EUI,109.344793,-0.02877445146,a
Shanghai,EUI,186.0630269,0.1395455301,a
Shanghai,EUI,110.056914,0.005252848379,a
Wuhan,EUI,190.3989335,-0.05880317464,a
Shanghai,EUI,195.2049422,-0.07320102304,a
Shanghai,EUI,109.462613,0.01745213382,a
Shanghai,EUI,191.0414887,0.01463456824,a
Shanghai,EUI,189.724048,-0.06652839482,a
Shanghai,EUI,187.2485478,0.1914926022,a
Shanghai,EUI,195.4514685,0.000576995837,a
Shanghai,EUI,186.0630269,0.09113322943,a
Wuhan,EUI,282.7909668,0.07159731537,a
Shanghai,EUI,110.056914,0.04384322837,a
Wuhan,EUI,113.6764439,0.1392515749,a
Shanghai,EUI,108.159227,0.0009918331634,a
Wuhan,EUI,115.8748305,0.07888479531,a
Shanghai,EUI,195.4514685,0.03417510912,a
Shanghai,EUI,188.7835764,0.1026582643,a
Beijing,EUI,107.67,-0.06265772879,a
Shanghai,EUI,191.0414887,-0.04195521027,a
Guangzhou,EUI,110.8968766,-0.2461795509,a
Beijing,EUI,31.89,-0.3332802951,a
Shanghai,EUI,106.577636,0.09687006474,a
Shanghai,EUI,116.6010685,0.03531632572,a
Shanghai,EUI,106.4164739,-0.02215165831,a
Guangzhou,EUI,111.1657101,-0.03245957196,a
Shanghai,EUI,276.9477067,-0.03174616396,a
Shanghai,EUI,187.2485478,-0.05574501306,a
Shanghai,EUI,277.1405325,-0.001430247794,a
Shanghai,EUI,276.9477067,0.08819351345,a
Wuhan,EUI,118.2591051,0.05195626616,a
Shanghai,EUI,188.2998177,0.003120948793,a
Shanghai,EUI,277.1405325,-0.07235608995,a
Wuhan,EUI,192.9705051,0.2350014746,a
Wuhan,EUI,195.7330632,-0.06967201084,a
Beijing,EUI,107.67,-0.06212232634,a
Shanghai,EUI,107.4101181,-0.01127291285,a
Shanghai,EUI,112.5992859,0.1581588686,a
Shanghai,EUI,187.2485478,0.09932447225,a
Shanghai,EUI,106.3644518,-0.1847423464,a
Shanghai,EUI,186.0630269,0.08584652096,a
Shanghai,EUI,195.4514685,-0.05753972381,a
Beijing,EUI,107.67,-0.1109180078,a
Shanghai,EUI,197.3488027,0.04578334093,a
Guangzhou,EUI,111.1657101,-0.07973353565,a
Shanghai,EUI,188.2998177,0.1095729843,a
Shanghai,EUI,103.7447431,-0.3254077435,a
Guangzhou,EUI,106.0466835,-0.3357298672,a
Shanghai,EUI,187.6140269,-0.00891944766,a
Shanghai,EUI,106.577636,0.006508199498,a
Shanghai,EUI,107.9609077,-0.02030929551,a
Shanghai,EUI,188.7835764,0.04321321845,a
Shanghai,EUI,187.0125889,0.1225823835,a
Shanghai,EUI,189.724048,-0.06171299517,a
Shanghai,EUI,278.6082818,0.1570811868,a
Shanghai,EUI,193.1126855,-0.09753085673,a
Shanghai,EUI,188.2998177,-0.1551939249,a
Guangzhou,EUI,210.7021049,0.1694778055,a
Shanghai,EUI,193.1126855,-0.01041539945,a
Shanghai,EUI,193.1126855,0.01539596543,a
Shanghai,EUI,108.419482,-0.02236931026,a
Guangzhou,EUI,205.7055775,0.2010665089,a
Shanghai,EUI,110.056914,0.03385452554,a
Shanghai,EUI,186.0630269,0.08677023649,a
Wuhan,EUI,195.7330632,-0.1576456726,a
Wuhan,EUI,195.7330632,-0.05747447908,a
Shanghai,EUI,193.1126855,-0.1259762496,a
Wuhan,EUI,196.5667452,0.1237250343,a
Beijing,EUI,107.67,-0.06078578159,a
Beijing,EUI,107.67,-0.06889500469,a
Beijing,EUI,31.89,-0.4751693308,a
Shanghai,EUI,110.056914,-0.01719535328,a
Shanghai,EUI,115.6993359,-0.04280909523,a
Shanghai,EUI,107.4101181,0.04317372292,a
Shanghai,EUI,191.1767205,0.07617408037,a
Shanghai,EUI,105.771287,-0.1415571123,a
Shanghai,EUI,197.3488027,0.01458970364,a
Wuhan,EUI,205.874483,0.09394075722,a
Guangzhou,EUI,209.1166956,0.0599450469,a
Shanghai,EUI,193.1126855,-0.1209647134,a
Shanghai,EUI,107.1539687,-0.01500445791,a
Shanghai,EUI,109.462613,-0.004531027749,a
Guangzhou,EUI,101.592787,-0.3228509426,a
Beijing,EUI,107.68,-0.1028755605,a
Beijing,EUI,31.89,-0.4875743091,a
Shanghai,EUI,195.4514685,-0.05652033165,a
Shanghai,EUI,191.1767205,0.09669900686,a
Wuhan,EUI,111.8004465,0.08310419321,a
Beijing,EUI,31.89,-0.3461342752,a
Beijing,EUI,31.89,0.06476573646,a
Wuhan,EUI,195.7330632,-0.03439863026,a
Wuhan,EUI,205.874483,0.123196952,a
Guangzhou,EUI,198.9517433,-0.04986707121,a
Shanghai,EUI,186.0630269,-0.05881506577,a
Beijing,EUI,107.67,0.0250965897,a
Shanghai,EUI,275.8490294,-0.02941093221,a
Shanghai,EUI,107.9609077,-0.05088336766,a
Shanghai,EUI,106.4164739,-0.2379001528,a
Wuhan,EUI,113.6977309,0.1554014087,a
Beijing,EUI,31.89,-0.1953752637,a
Shanghai,EUI,110.056914,-0.002537473338,a
Shanghai,EUI,191.0414887,0.0773126334,a
Shanghai,EUI,195.2049422,-0.04668677226,a
Beijing,EUI,31.89,-0.3672625422,a
Shanghai,EUI,106.3644518,-0.05413975194,a
Shanghai,EUI,187.2485478,0.0604157038,a
Wuhan,EUI,195.953976,-0.09351949394,a
Shanghai,EUI,186.0630269,-0.009470110759,a
Shanghai,EUI,107.9804068,-0.1048184186,a
Shanghai,EUI,187.6140269,0.1060188413,a
Shanghai,EUI,107.1539687,-0.0197938662,a
Shanghai,EUI,112.5992859,0.06078753248,a
Shanghai,EUI,272.5330194,-0.07098129392,a
Wuhan,EUI,192.9705051,0.0557372421,a
Shanghai,EUI,110.056914,-0.01572263241,a
Wuhan,EUI,111.8004465,0.1831613779,a
Shanghai,EUI,105.2490472,-0.1499364078,a
Shanghai,EUI,187.2485478,0.1476325095,a
Shanghai,EUI,196.9700178,-0.1062432826,a
Wuhan,EUI,190.3989335,-0.08742698282,a
Guangzhou,EUI,205.7055775,0.04148210585,a
Shanghai,EUI,107.4101181,-0.002904758556,a
Guangzhou,EUI,210.1468176,0.09874501824,a
Shanghai,EUI,107.9609077,-0.04834100604,a
Wuhan,EUI,118.2591051,0.1514955014,a
Wuhan,EUI,111.8004465,0.1698808223,a
Wuhan,EUI,195.7330632,0.005810760427,a
Shanghai,EUI,193.1126855,-0.07768426836,a
Shanghai,EUI,187.6140269,0.02763386071,a
Shanghai,EUI,277.7011388,0.1334396601,a
Beijing,EUI,31.89,-0.3429172933,a
Wuhan,EUI,117.1372005,0.1808941066,a
Shanghai,EUI,186.0630269,0.05288214982,a
Shanghai,EUI,116.702929,0.08185739815,a
Wuhan,EUI,121.2145132,0.06304653734,a
Shanghai,EUI,109.9480087,-0.002842287766,a
Shanghai,EUI,106.577636,0.1057945192,a
Shanghai,EUI,191.1767205,-0.002086980967,a
Shanghai,EUI,191.0414887,0.04177058116,a
Shanghai,EUI,195.4514685,-0.02672145516,a
Guangzhou,EUI,206.186642,0.2284948379,a
Wuhan,EUI,282.7909668,0.08468929678,a
Shanghai,EUI,186.0630269,0.1267283559,a
Shanghai,EUI,107.585316,0.06447755545,a
Shanghai,EUI,187.2485478,0.1090271026,a
Wuhan,EUI,192.4179605,0.184264943,a
Shanghai,EUI,187.2485478,0.2434096187,a
Shanghai,EUI,109.462613,0.005222303793,a
Shanghai,EUI,275.8490294,-0.06156291813,a
Shanghai,EUI,106.4164739,-0.02322597615,a
Beijing,EUI,31.89,0.03058568202,a
Shanghai,EUI,188.2998177,-0.0120330099,a
Shanghai,EUI,106.9527713,-0.0192091018,a
Beijing,EUI,107.67,-0.07012181729,a
Shanghai,EUI,186.0630269,0.1203103289,a
Shanghai,EUI,106.1021412,-0.1814809591,a
Shanghai,EUI,188.2998177,-0.04779238999,a
Shanghai,EUI,197.3488027,0.02266213298,a
Shanghai,EUI,189.724048,-0.06330474466,a
Shanghai,EUI,195.4514685,-0.06980042905,a
Shanghai,EUI,112.5992859,0.1326709688,a
Shanghai,EUI,186.0630269,0.09916627407,a
Shanghai,EUI,108.159227,0.01233847253,a
Beijing,EUI,31.89,-0.5444246531,a
Shanghai,EUI,187.6140269,0.1863165945,a
Beijing,EUI,107.67,-0.02352231368,a
Shanghai,EUI,186.0630269,0.009754387662,a
Shanghai,EUI,278.6082818,0.03753954545,a
Shanghai,EUI,106.0727756,-0.1915261596,a
Shanghai,EUI,191.1767205,0.2870297432,a
Wuhan,EUI,190.3989335,-0.04139449447,a
Shanghai,EUI,191.0414887,-0.04139976203,a
Beijing,EUI,31.89,-0.3614918888,a
Shanghai,EUI,187.2485478,0.0793608278,a
Beijing,EUI,129.48,0.07071369141,a
Shanghai,EUI,187.2485478,0.1385395825,a
Wuhan,EUI,195.7330632,0.002249068348,a
Shanghai,EUI,195.2049422,-0.08172567934,a
Beijing,EUI,107.67,-0.03357802704,a
Guangzhou,EUI,292.9646212,0.239864707,a
Guangzhou,EUI,203.9964083,-0.03858438879,a
Shanghai,EUI,106.577636,0.05433090404,a
Shanghai,EUI,188.2998177,-0.003440368688,a
Shanghai,EUI,197.3488027,0.01915997639,a
Guangzhou,EUI,205.7055775,-0.007943354547,a
Wuhan,EUI,195.953976,0.2090513259,a
Shanghai,EUI,106.4164739,-0.1217041165,a
Wuhan,EUI,282.7909668,0.08051733673,a
Guangzhou,EUI,203.9964083,0.1023192257,a
Wuhan,EUI,114.1312516,0.1193803921,a
Shanghai,EUI,195.4514685,-0.03423843905,a
Shanghai,EUI,107.4101181,-0.05100881681,a
Guangzhou,EUI,206.186642,0.2514867783,a
Shanghai,EUI,105.485991,-0.2385186106,a
Guangzhou,EUI,206.186642,0.03140195832,a
Wuhan,EUI,195.7330632,0.07720022649,a
Shanghai,EUI,186.0630269,0.03971210495,a
Shanghai,EUI,187.2485478,0.152419284,a
Shanghai,EUI,277.7011388,0.1250445843,a
Guangzhou,EUI,105.2419107,-0.1044209003,a
Guangzhou,EUI,210.0137391,0.1124161333,a
Shanghai,EUI,187.2485478,0.1023379862,a
Shanghai,EUI,186.0630269,0.1382602751,a
Wuhan,EUI,195.7330632,-0.02856398374,a
Beijing,EUI,87.6,-0.5239194036,a
Shanghai,EUI,106.0727756,-0.3480070233,a
Wuhan,EUI,114.1312516,0.008644800633,a
Shanghai,EUI,107.4101181,-0.01071192417,a
Guangzhou,EUI,210.1468176,0.03474742174,a
Beijing,EUI,107.67,0.09718328714,a
Shanghai,EUI,116.2192045,0.0193042662,a
Wuhan,EUI,115.0606403,0.04612086341,a
Shanghai,EUI,189.724048,0.05904280767,a
Beijing,EUI,107.68,0.05775597692,a
Shanghai,EUI,196.9700178,-0.002672928153,a
Shanghai,EUI,187.2485478,0.1815420389,a
Shanghai,EUI,106.577636,-0.01963908039,a
Wuhan,EUI,110.7026683,0.01554658916,a
Beijing,EUI,107.68,-0.006340064108,a
Wuhan,EUI,189.9606477,0.1292128861,a
Guangzhou,EUI,102.5401097,-0.1571296751,a
Shanghai,EUI,191.1767205,0.06599085033,a
Shanghai,EUI,108.419482,-0.08259092271,a
Guangzhou,EUI,102.5401097,-0.1451797187,a
Shanghai,EUI,189.724048,-0.1071486548,a
Wuhan,EUI,195.953976,-0.1159204543,a
Wuhan,EUI,195.953976,-0.006175821181,a
Guangzhou,EUI,104.7195154,-0.2163951099,a
Wuhan,EUI,195.7330632,-0.09065619856,a
Beijing,EUI,107.67,-0.06164871156,a
Shanghai,EUI,191.0414887,0.02718586102,a
Shanghai,EUI,107.9804068,-0.07261389494,a
Shanghai,EUI,106.0727756,-0.3312262595,a
Shanghai,EUI,109.462613,0.06179822609,a
Shanghai,EUI,107.1539687,0.03963259235,a
Wuhan,EUI,195.953976,-0.004661912564,a
Shanghai,EUI,187.2485478,0.06160711497,a
Beijing,EUI,31.89,0.1573257893,a
Wuhan,EUI,114.2417941,0.135219112,a
Wuhan,EUI,195.7330632,0.03022014908,a
Shanghai,EUI,186.0630269,0.1109414399,a
Wuhan,EUI,115.8773077,-0.05234668031,a
Wuhan,EUI,195.953976,0.01463441551,a
Beijing,EUI,107.67,0.02539211884,a
Beijing,EUI,107.67,-0.06633993238,a
Beijing,EUI,31.89,-0.4436132014,a
Wuhan,EUI,115.0606403,0.09871215373,a
Wuhan,EUI,121.2145132,0.1618300378,a
Shanghai,EUI,195.4514685,-0.05875231326,a
Guangzhou,EUI,205.7055775,0.006782911718,a
Beijing,EUI,31.89,-0.4978645444,a
Wuhan,EUI,112.0731723,0.0467553027,a
Wuhan,EUI,279.5582219,0.04167630523,a
Shanghai,EUI,191.0414887,-0.02764545567,a
Shanghai,EUI,188.2998177,-0.1273355782,a
Shanghai,EUI,188.7835764,0.0601265952,a
Wuhan,EUI,195.953976,0.1170696169,a
Shanghai,EUI,107.585316,0.02781831473,a
Shanghai,EUI,105.771287,-0.2324291319,a
Shanghai,EUI,106.1021412,-0.1364415735,a
Shanghai,EUI,188.2998177,-0.002727978164,a
Guangzhou,EUI,106.2051335,-0.1628943533,a
Wuhan,EUI,113.6764439,0.0786819011,a
Shanghai,EUI,195.2049422,-0.1176541001,a
Guangzhou,EUI,210.7021049,0.1148723736,a
Wuhan,EUI,195.953976,-0.009835351259,a
Shanghai,EUI,103.7447431,-0.3227626979,a
Shanghai,EUI,188.2998177,-0.02594050951,a
Beijing,EUI,31.89,-0.6567591429,a
Shanghai,EUI,191.1767205,0.09236716479,a
Wuhan,EUI,195.7330632,-0.06786584854,a
Shanghai,EUI,107.1539687,0.007314085029,a
Shanghai,EUI,122.5042299,-0.02301030606,a
Guangzhou,EUI,205.7055775,0.2491750419,a
Beijing,EUI,31.89,-0.2428589314,a
Guangzhou,EUI,104.2885982,-0.3899898231,a
Beijing,EUI,107.67,-0.02480927855,a
Shanghai,EUI,191.1767205,0.1371200085,a
Shanghai,EUI,110.056914,-0.03799233213,a
Shanghai,EUI,109.8196342,-0.1135388762,a
Guangzhou,EUI,198.9517433,-0.0542409867,a
Wuhan,EUI,189.9606477,0.1594394445,a
Beijing,EUI,31.89,-0.4555168152,a
Shanghai,EUI,191.1767205,0.08473905921,a
Beijing,EUI,31.89,-0.3490995467,a
Shanghai,EUI,106.9552835,-0.06404644251,a
Shanghai,EUI,106.577636,0.02537019923,a
Beijing,EUI,31.89,-0.2192639709,a
Wuhan,EUI,195.7330632,0.1475993395,a
Guangzhou,EUI,205.7055775,0.1764593869,a
Beijing,EUI,31.89,-0.3371838331,a
Shanghai,EUI,106.9527713,-0.01447392069,a
Shanghai,EUI,188.2998177,-0.02470558882,a
Wuhan,EUI,205.874483,0.1718592495,a
Shanghai,EUI,107.585316,0.04134234414,a
Shanghai,EUI,195.4514685,-0.08984207362,a
Shanghai,EUI,106.577636,-0.02232160792,a
Guangzhou,EUI,198.9517433,-0.1247549355,a
Shanghai,EUI,109.8196342,0.05881882831,a
Beijing,EUI,107.67,-0.1111243516,a
Beijing,EUI,31.89,-0.4353307188,a
Shanghai,EUI,191.1767205,0.03747394681,a
Shanghai,EUI,187.2485478,0.02823203057,a
Shanghai,EUI,189.724048,-0.0032291885,a
Shanghai,EUI,276.9477067,-0.0009076956776,a
Beijing,EUI,107.68,-0.0637832433,a
Wuhan,EUI,113.6977309,0.1418754756,a
Shanghai,EUI,196.9700178,-0.09593410045,a
Wuhan,EUI,195.7330632,-0.03723989055,a
Beijing,EUI,107.68,-0.01344640832,a
Guangzhou,EUI,205.7055775,0.08597818017,a
Shanghai,EUI,106.4164739,-0.1139662415,a
Wuhan,EUI,114.2417941,0.1194687858,a
Shanghai,EUI,195.4514685,0.01865318045,a
Wuhan,EUI,116.4512692,0.1499102861,a
Shanghai,EUI,196.9700178,-0.06169453263,a
Shanghai,EUI,106.577636,0.03590180725,a
Beijing,EUI,31.89,-0.45906201,a
Beijing,EUI,31.89,0.08709689975,a
Shanghai,EUI,187.2485478,0.08326169103,a
Beijing,EUI,107.67,-0.03892453387,a
Shanghai,EUI,278.6082818,0.295645237,a
Shanghai,EUI,107.4101181,0.05221205205,a
Shanghai,EUI,278.6082818,0.003804927925,a
Beijing,EUI,31.89,-0.3311733007,a
Wuhan,EUI,189.9606477,0.03512553498,a
Guangzhou,EUI,199.7975089,-0.06480334699,a
Guangzhou,EUI,210.7021049,0.06763412058,a
Beijing,EUI,31.89,-0.3956699669,a
Beijing,EUI,107.68,-0.06556180865,a
Guangzhou,EUI,294.1702351,0.09909769148,a
Shanghai,EUI,188.2998177,-0.1393898726,a
Shanghai,EUI,187.2485478,0.08641473204,a
Wuhan,EUI,113.6977309,0.1399465054,a
Shanghai,EUI,109.9480087,-0.01315096952,a
Shanghai,EUI,189.724048,-0.07318054885,a
Shanghai,EUI,195.2049422,-0.05049259216,a
Wuhan,EUI,114.3902853,0.06689234078,a
Shanghai,EUI,106.577636,-0.1000684872,a
Beijing,EUI,107.68,-0.06045507267,a
Shanghai,EUI,187.2485478,0.01568389311,a
Beijing,EUI,31.89,0.05783322081,a
Beijing,EUI,31.89,-0.3971914351,a
Wuhan,EUI,195.953976,0.03481655568,a
Wuhan,EUI,192.9705051,0.1237763166,a
Wuhan,EUI,114.2417941,0.1812749356,a
Wuhan,EUI,112.0731723,0.06937550753,a
Beijing,EUI,129.48,-0.002657194389,a
Guangzhou,EUI,210.0137391,0.2170029581,a
Guangzhou,EUI,209.1166956,0.08697069436,a
Shanghai,EUI,110.056914,-0.02617712319,a
Beijing,EUI,31.89,-0.3180322349,a
Shanghai,EUI,108.159227,0.001140017761,a
Shanghai,EUI,109.462613,0.02440847643,a
Beijing,EUI,31.89,-0.5253388286,a
Shanghai,EUI,186.0630269,0.04687276855,a
Shanghai,EUI,186.0630269,0.1289703995,a
Shanghai,EUI,187.2485478,0.107841745,a
Shanghai,EUI,187.2485478,0.1304218173,a
Beijing,EUI,31.89,-0.1162066683,a
Shanghai,EUI,196.9700178,-0.004381763749,a
Beijing,EUI,107.67,-0.0137768425,a
Beijing,EUI,87.6,-0.3311055303,a
Wuhan,EUI,195.7330632,-0.04936007783,a
Wuhan,EUI,111.8004465,0.09465872496,a
Shanghai,EUI,106.577636,-0.1008942053,a
Shanghai,EUI,187.0125889,0.05214095488,a
Shanghai,EUI,196.9700178,-0.09489903599,a
Wuhan,EUI,114.1312516,0.08605030924,a
Shanghai,EUI,106.4164739,0.006564921699,a
Shanghai,EUI,109.462613,0.06994019449,a
Shanghai,EUI,109.462613,0.006148715504,a
Guangzhou,EUI,107.3167757,0.07268230617,a
Shanghai,EUI,187.2485478,0.08190907538,a
Shanghai,EUI,187.2485478,0.03314999491,a
Shanghai,EUI,110.056914,0.02520675398,a
Wuhan,EUI,195.7330632,0.150617972,a
Shanghai,EUI,186.0630269,0.3120984137,a
Beijing,EUI,107.67,-0.002275580307,a
Shanghai,EUI,109.9480087,-0.09248042852,a
Guangzhou,EUI,292.9646212,0.1971576214,a
Wuhan,EUI,113.6764439,0.06118044257,a
Wuhan,EUI,195.7330632,-0.1073920503,a
Shanghai,EUI,110.056914,0.01495937351,a
Wuhan,EUI,195.7330632,0.02222716808,a
Guangzhou,EUI,210.7021049,0.1137811691,a
Guangzhou,EUI,203.9964083,-0.07690819353,a
Shanghai,EUI,107.585316,0.08889279515,a
Shanghai,EUI,110.056914,-0.1249109358,a
Wuhan,EUI,114.1312516,0.05480591953,a
Shanghai,EUI,116.2192045,-0.001158989384,a
Beijing,EUI,107.68,0.06973606348,a
Beijing,EUI,31.89,0.05738054588,a
Wuhan,EUI,116.2100116,0.1026384532,a
Shanghai,EUI,195.2049422,-0.0656536743,a
Shanghai,EUI,103.7447431,-0.2917552292,a
Wuhan,EUI,282.7909668,0.07249246538,a
Beijing,EUI,31.89,-0.4650243521,a
Wuhan,EUI,190.3989335,0.05642239749,a
Wuhan,EUI,195.953976,0.1530367583,a
Shanghai,EUI,107.4101181,0.02912183851,a
Beijing,EUI,31.89,-0.2727198303,a
Wuhan,EUI,272.8257853,-0.03773017228,a
Guangzhou,EUI,292.9646212,0.2200520933,a
Shanghai,EUI,106.0727756,-0.1828800887,a
Guangzhou,EUI,292.9646212,0.2479535341,a
Beijing,EUI,107.68,0.06058503315,a
Shanghai,EUI,116.6010685,-0.005558108445,a
Shanghai,EUI,195.4514685,-0.05506528169,a
Guangzhou,EUI,109.344793,-0.01395330299,a
Shanghai,EUI,106.577636,0.01951459236,a
Shanghai,EUI,107.9609077,-0.02766397782,a
Shanghai,EUI,276.9039955,0.1021206453,a
Shanghai,EUI,112.5992859,0.07486745715,a
Shanghai,EUI,189.724048,-0.03489090875,a
Shanghai,EUI,191.0414887,0.04543003067,a
Beijing,EUI,31.89,0.1038492471,a
Beijing,EUI,107.67,-0.02090978995,a
Guangzhou,EUI,292.9646212,0.09280224144,a
Wuhan,EUI,272.8257853,0.01731426083,a
Wuhan,EUI,195.7330632,-0.05060250312,a
Shanghai,EUI,277.1405325,0.07826109231,a
Shanghai,EUI,186.0630269,-0.03549540415,a
Shanghai,EUI,191.0414887,-0.01973845251,a
Shanghai,EUI,106.4164739,-0.0006860715803,a
Guangzhou,EUI,210.7021049,0.006450525485,a
Beijing,EUI,31.89,-0.06780207157,a
Shanghai,EUI,275.8490294,-0.04886422679,a
Wuhan,EUI,115.8748305,0.02742585726,a
Shanghai,EUI,193.1126855,-0.04933301732,a
Shanghai,EUI,186.0630269,0.03080835007,a
Wuhan,EUI,282.7909668,-0.01075416617,a
Shanghai,EUI,106.0727756,-0.3966776133,a
Shanghai,EUI,272.5330194,-0.02341486886,a
Beijing,EUI,107.67,-0.0888499096,a
Beijing,EUI,31.89,-0.2418184429,a
Shanghai,EUI,107.585316,0.06014518067,a
Shanghai,EUI,105.2490472,-0.2775957584,a
Wuhan,EUI,111.7492491,-0.002257068874,a
Shanghai,EUI,195.4514685,-0.05099618807,a
Beijing,EUI,129.48,0.1238762587,a
Wuhan,EUI,121.0452719,-0.03866127506,a
Shanghai,EUI,188.7835764,0.08134381473,a
Shanghai,EUI,187.2485478,0.1621154398,a
Shanghai,EUI,110.056914,-0.009048654698,a
Beijing,EUI,31.89,-0.5016800761,a
Beijing,EUI,31.89,-0.1921167821,a
Shanghai,EUI,189.724048,-0.1157895401,a
Shanghai,EUI,187.0125889,0.1101129428,a
Shanghai,EUI,187.2485478,0.1097125858,a
Beijing,EUI,107.67,-0.06036870182,a
Wuhan,EUI,195.953976,0.1710309088,a
Shanghai,EUI,276.9039955,0.05513848737,a
Beijing,EUI,107.67,-0.006931852549,a
Wuhan,EUI,195.7330632,0.0505608432,a
Guangzhou,EUI,205.7055775,0.2461820245,a
Shanghai,EUI,195.2049422,-0.0919989273,a
Shanghai,EUI,106.577636,0.01675917953,a
Shanghai,EUI,106.4164739,0.03032336198,a
Shanghai,EUI,186.0630269,0.08158744872,a
Shanghai,EUI,191.0414887,0.004836820997,a
Guangzhou,EUI,200.4752153,0.08098578453,a
Wuhan,EUI,113.0252148,0.1657296866,a
Beijing,EUI,107.67,-0.001414488303,a
Beijing,EUI,31.89,-0.3619947135,a
Beijing,EUI,107.67,0.0262720678,a
Beijing,EUI,107.67,-0.067293562,a
Shanghai,EUI,193.1126855,-0.07987238467,a
Wuhan,EUI,282.7909668,0.01221592352,a
Shanghai,EUI,107.585316,0.05815735087,a
Shanghai,EUI,187.0125889,0.02156804316,a
Beijing,EUI,31.89,0.1067028269,a
Shanghai,EUI,193.1126855,-0.087989375,a
Beijing,EUI,107.68,0.0643794015,a
Shanghai,EUI,187.2485478,0.09429783374,a
Beijing,EUI,107.67,-0.1091031358,a
Wuhan,EUI,275.5300433,-0.1222404987,a
Shanghai,EUI,193.1126855,-0.009597065859,a
Guangzhou,EUI,210.0137391,0.06149787828,a
Shanghai,EUI,277.1405325,0.01769028604,a
Shanghai,EUI,188.2998177,-0.01115594804,a
Beijing,EUI,31.89,-0.4752863944,a
Shanghai,EUI,116.7545492,0.06535966694,a
Shanghai,EUI,187.6140269,0.09401812404,a
Shanghai,EUI,193.1126855,-0.08405920118,a
Guangzhou,EUI,205.7055775,0.1813680977,a
Shanghai,EUI,186.0630269,-0.02565467358,a
Wuhan,EUI,111.3148649,-0.08791593462,a
Wuhan,EUI,190.3989335,-0.0155203063,a
Shanghai,EUI,188.2998177,0.01305774786,a
Beijing,EUI,107.67,-0.07093919069,a
Shanghai,EUI,191.1767205,0.1753932834,a
Beijing,EUI,31.89,-0.3659640849,a
Shanghai,EUI,187.4190981,0.1064909324,a
Shanghai,EUI,188.2998177,-0.01651458815,a
Wuhan,EUI,195.953976,0.01947508566,a
Shanghai,EUI,106.4164739,-0.09487820417,a
Beijing,EUI,31.89,0.5345290899,a
Shanghai,EUI,115.325407,0.02834968455,a
Guangzhou,EUI,104.7195154,-0.396674037,a
Guangzhou,EUI,210.1468176,-0.03819937259,a
Shanghai,EUI,186.0630269,0.1343161017,a
Shanghai,EUI,187.0125889,0.03429045901,a
Shanghai,EUI,110.056914,-0.05568921939,a
Shanghai,EUI,106.1021412,-0.1621199846,a
Shanghai,EUI,195.4514685,-0.03449443355,a
Wuhan,EUI,279.2955225,0.1387060583,a
Beijing,EUI,129.48,0.04618667066,a
Shanghai,EUI,197.3488027,0.0253575258,a
Beijing,EUI,107.67,-0.1679941863,a
Shanghai,EUI,196.9700178,-0.03356617689,a
Beijing,EUI,107.67,0.05875866115,a
Beijing,EUI,31.89,-0.490917027,a
Shanghai,EUI,188.2998177,-0.04856837541,a
Shanghai,EUI,105.771287,-0.1879388243,a
Shanghai,EUI,276.9039955,0.07309997082,a
Beijing,EUI,107.67,-0.07034548372,a
Shanghai,EUI,191.1767205,0.05987653509,a
Beijing,EUI,107.67,0.01022022497,a
Wuhan,EUI,190.3989335,-0.02043508738,a
Shanghai,EUI,187.2485478,0.1069703251,a
Shanghai,EUI,195.4514685,-0.08021201938,a
Shanghai,EUI,188.2998177,-0.1004368216,a
Guangzhou,EUI,205.7055775,0.01127737481,a
Shanghai,EUI,116.6010685,-0.01558676641,a
Shanghai,EUI,110.056914,0.03980762884,a
Shanghai,EUI,108.419482,0.009810429066,a
Beijing,EUI,31.89,-0.3244356513,a
Shanghai,EUI,105.771287,-0.234167859,a
Shanghai,EUI,277.7011388,0.3146333694,a
Shanghai,EUI,195.4514685,-0.06095243618,a
Wuhan,EUI,190.3989335,-0.04321577772,a
Shanghai,EUI,109.462613,0.04060946777,a
Shanghai,EUI,187.6140269,-0.02766662091,a
Shanghai,EUI,278.6082818,0.1502350867,a
Beijing,EUI,31.89,0.05138677731,a
Shanghai,EUI,106.9527713,0.04629666731,a
Wuhan,EUI,116.4512692,0.201975897,a
Guangzhou,EUI,203.9964083,0.09424851835,a
Beijing,EUI,31.89,-0.3086264431,a
Guangzhou,EUI,205.7055775,0.00615579728,a
Beijing,EUI,107.67,-0.1130218357,a
Shanghai,EUI,110.056914,-0.002309820149,a
Guangzhou,EUI,203.9964083,-0.1693268567,a
Beijing,EUI,31.89,-0.3314197063,a
Shanghai,EUI,107.1539687,0.02409909479,a
Shanghai,EUI,195.4514685,-0.01894119941,a
Shanghai,EUI,195.4514685,-0.04058618471,a
Shanghai,EUI,197.3488027,-0.08385178447,a
Shanghai,EUI,186.0630269,0.03298089653,a
Beijing,EUI,31.89,-0.3617054522,a
Shanghai,EUI,103.7447431,-0.2586132586,a
Wuhan,EUI,197.3821049,0.06083579361,a
Beijing,EUI,107.67,-0.02613694221,a
Shanghai,EUI,106.0727756,-0.2754356861,a
Shanghai,EUI,277.1405325,-0.01559207961,a
Shanghai,EUI,189.724048,-0.07808759063,a
Wuhan,EUI,111.8004465,0.1269259304,a
Beijing,EUI,107.67,-0.08919654042,a
Shanghai,EUI,110.056914,0.008586904034,a
Wuhan,EUI,116.2730259,-0.07608383149,a
Shanghai,EUI,195.4514685,-0.06173400581,a
Wuhan,EUI,113.4711731,0.01795722172,a
Shanghai,EUI,109.9480087,-0.04065250605,a
Shanghai,EUI,191.1767205,0.02194781601,a
Shanghai,EUI,110.056914,0.03139036894,a
Wuhan,EUI,195.7330632,0.001598345931,a
Shanghai,EUI,187.2485478,-0.02590182051,a
Beijing,EUI,107.68,0.04558522254,a
Shanghai,EUI,107.4101181,-0.02246290073,a
Wuhan,EUI,113.6764439,0.1496657729,a
Shanghai,EUI,187.2485478,0.07613104582,a
Guangzhou,EUI,210.7021049,0.03728822619,a
Wuhan,EUI,192.9705051,0.1174191087,a
Guangzhou,EUI,198.9517433,-0.01884052902,a
Guangzhou,EUI,110.8968766,-0.1127469316,a
Shanghai,EUI,116.2192045,-0.01129969209,a
Shanghai,EUI,106.577636,-0.05820265412,a
Shanghai,EUI,278.6082818,0.001757513848,a
Shanghai,EUI,186.0630269,-0.06342054158,a
Shanghai,EUI,186.0630269,0.1447446644,a
Wuhan,EUI,279.2955225,0.06876827031,a
Guangzhou,EUI,205.7055775,0.02474962547,a
Shanghai,EUI,189.724048,-0.00264779781,a
Shanghai,EUI,187.0125889,-0.05989924446,a
Shanghai,EUI,106.0727756,-0.2668805122,a
Shanghai,EUI,106.577636,-0.001076013083,a
Wuhan,EUI,190.3989335,0.042371016,a
Shanghai,EUI,110.056914,0.009460294619,a
Guangzhou,EUI,205.7055775,-0.06082551181,a
Shanghai,EUI,187.6140269,0.07288903743,a
Beijing,EUI,107.67,-0.1083829552,a
Shanghai,EUI,109.8196342,0.03976892307,a
Shanghai,EUI,197.3488027,-0.01933045685,a
Shanghai,EUI,276.9477067,-0.0857623443,a
Shanghai,EUI,195.2049422,-0.01847827993,a
Shanghai,EUI,187.2485478,-0.05036162958,a
Shanghai,EUI,197.3488027,-0.0319605954,a
Shanghai,EUI,108.419482,-0.05583617091,a
Wuhan,EUI,114.1312516,0.04037823901,a
Beijing,EUI,107.68,0.003395217936,a
Shanghai,EUI,188.2998177,0.008888434619,a
Shanghai,EUI,106.577636,-0.01056579128,a
Guangzhou,EUI,110.8968766,-0.1330018938,a
Shanghai,EUI,106.0727756,-0.1732774377,a
Shanghai,EUI,110.056914,0.0560740456,a
Shanghai,EUI,107.585316,-0.05488874018,a
Shanghai,EUI,196.9700178,0.004702734761,a
Shanghai,EUI,195.4514685,-0.04146116599,a
Shanghai,EUI,186.0630269,0.06445460021,a
Wuhan,EUI,195.7330632,-0.06117974967,a
Shanghai,EUI,278.6082818,-0.02877124026,a
Shanghai,EUI,186.0630269,0.1029833853,a
Shanghai,EUI,106.9527713,0.01780547202,a
Shanghai,EUI,187.2485478,0.1768674552,a
Shanghai,EUI,186.0630269,0.09772268683,a
Shanghai,EUI,110.056914,-0.03243793175,a
Guangzhou,EUI,104.6823998,-0.3569702804,a
Shanghai,EUI,110.056914,0.01475017425,a
Shanghai,EUI,116.6010685,0.002373975934,a
Shanghai,EUI,110.056914,-0.01417515147,a
Beijing,EUI,31.89,-0.4619703591,a
Shanghai,EUI,103.7447431,-0.4972373545,a
Guangzhou,EUI,205.7055775,0.04414847493,a
Shanghai,EUI,188.2998177,-0.05377824605,a
Shanghai,EUI,197.3488027,-0.05280905962,a
Shanghai,EUI,195.4514685,-0.03524565697,a
Beijing,EUI,107.67,-0.08167910576,a
Beijing,EUI,107.67,0.005407008342,a
Beijing,EUI,31.89,-0.3097213805,a
Shanghai,EUI,275.789566,-0.1068397835,a
Shanghai,EUI,196.9700178,-0.090232566,a
Shanghai,EUI,196.9700178,0.02640572749,a
Wuhan,EUI,195.953976,0.2109717578,a
Wuhan,EUI,195.953976,0.01610632241,a
Shanghai,EUI,105.2015884,-0.2167702615,a
Guangzhou,EUI,210.7021049,0.02713152207,a
Guangzhou,EUI,104.7195154,-0.3947159946,a
Beijing,EUI,31.89,-0.3351298571,a
Shanghai,EUI,186.0630269,0.07536558062,a
Beijing,EUI,107.67,0.02457148768,a
Shanghai,EUI,188.7835764,0.03493238986,a
Wuhan,EUI,195.953976,-0.02502297796,a
Shanghai,EUI,186.0630269,0.1098370478,a
Wuhan,EUI,192.9705051,0.2956499755,a
Shanghai,EUI,187.0125889,-0.04263481125,a
Wuhan,EUI,195.953976,-0.02223818563,a
Shanghai,EUI,196.9700178,-0.01268156525,a
Guangzhou,EUI,210.1468176,0.03474742174,a
Shanghai,EUI,115.325407,0.01861749031,a
Guangzhou,EUI,101.592787,-0.2861999869,a
Shanghai,EUI,188.2998177,-0.009246792644,a
Wuhan,EUI,190.3989335,-0.08323212713,a
Shanghai,EUI,107.4101181,-0.03000234254,a
Wuhan,EUI,112.2011206,0.1016320139,a
Beijing,EUI,107.67,-0.05102381483,a
Shanghai,EUI,191.1767205,0.1517449915,a
Shanghai,EUI,276.9039955,0.04361968115,a
Shanghai,EUI,195.4514685,0.1038898453,a
Shanghai,EUI,107.1539687,0.0878841728,a
Shanghai,EUI,106.577636,0.05605408922,a
Beijing,EUI,31.89,-0.4367997348,a
Wuhan,EUI,195.953976,0.08211612701,a
Shanghai,EUI,103.7447431,-0.4832753539,a
Shanghai,EUI,191.1767205,0.2455517501,a
Shanghai,EUI,195.2049422,-0.09370086342,a
Shanghai,EUI,106.1021412,-0.07131654769,a
Beijing,EUI,31.89,-0.2372043431,a
Wuhan,EUI,195.953976,0.2086419016,a
Shanghai,EUI,110.056914,0.03248348087,a
Shanghai,EUI,110.056914,0.04141294584,a
Shanghai,EUI,116.1881784,-0.00681742141,a
Shanghai,EUI,188.2998177,0.006699589081,a
Shanghai,EUI,277.1405325,0.04181428254,a
Beijing,EUI,31.89,-0.3990961015,a
Shanghai,EUI,188.2998177,-0.03632617742,a
Wuhan,EUI,272.8257853,0.006060766988,a
Shanghai,EUI,103.7447431,-0.3100267351,a
Shanghai,EUI,107.519976,0.01285258681,a
Guangzhou,EUI,198.9517433,-0.03917724639,a
Shanghai,EUI,195.4514685,-0.07960761338,a
Wuhan,EUI,190.3989335,-0.0850662291,a
Shanghai,EUI,109.462613,0.04351816699,a
Wuhan,EUI,114.3902853,0.06491860747,a
Shanghai,EUI,106.9527713,0.006981165148,a
Shanghai,EUI,107.4101181,0.1031118929,a
Shanghai,EUI,103.7447431,-0.2682969272,a
Shanghai,EUI,110.056914,0.03094572015,a
Wuhan,EUI,111.8004465,0.08988034725,a
Shanghai,EUI,106.0727756,-0.2368965,a
Guangzhou,EUI,107.9448505,0.001053539803,a
Shanghai,EUI,187.4190981,0.06945301592,a
Beijing,EUI,31.89,-0.2759382725,a
Shanghai,EUI,113.8199242,0.01830802485,a
Shanghai,EUI,187.2485478,0.1030635089,a
Shanghai,EUI,277.1405325,-0.03534333035,a
Wuhan,EUI,190.3989335,0.008281319402,a
Wuhan,EUI,195.953976,0.07342988998,a
Shanghai,EUI,277.1405325,0.06996241212,a
Shanghai,EUI,195.4514685,-0.05660632998,a
Wuhan,EUI,195.7330632,-0.04774508253,a
Shanghai,EUI,187.2485478,0.07321745902,a
Shanghai,EUI,188.2998177,-0.03389292583,a
Shanghai,EUI,187.2485478,0.1949287206,a
Shanghai,EUI,105.2015884,-0.286005646,a
Shanghai,EUI,196.9700178,0.02766000107,a
Guangzhou,EUI,108.7602291,-0.004395022057,a
Guangzhou,EUI,209.1166956,0.01597799361,a
Shanghai,EUI,188.2998177,-0.01621058211,a
Shanghai,EUI,110.056914,0.006864205934,a
Shanghai,EUI,107.585316,0.129097715,a
Wuhan,EUI,111.7492491,-0.1468947232,a
Wuhan,EUI,205.874483,0.06368743628,a
Shanghai,EUI,106.9527713,-0.08131034672,a
Wuhan,EUI,192.9705051,0.105589278,a
Shanghai,EUI,196.9700178,-0.08935373276,a
Beijing,EUI,31.89,-0.2727216184,a
Shanghai,EUI,278.6082818,0.09223363549,a
Shanghai,EUI,106.577636,0.03475921601,a
Wuhan,EUI,195.7330632,-0.01512002759,a
Shanghai,EUI,116.7545492,0.005745209754,a
Shanghai,EUI,188.2998177,0.0008245745557,a
Shanghai,EUI,109.462613,-0.005384358577,a
Wuhan,EUI,115.0606403,0.1183164865,a
Shanghai,EUI,112.5992859,0.1035709903,a
Guangzhou,EUI,210.1468176,0.077702865,a
Shanghai,EUI,191.0414887,0.0325708203,a
Shanghai,EUI,116.6010685,0.03921371326,a
Wuhan,EUI,193.5994381,0.02621671185,a
Shanghai,EUI,107.1539687,-0.08171129227,a
Wuhan,EUI,190.3989335,-0.02138310857,a
Guangzhou,EUI,206.186642,-0.03297260031,a
Beijing,EUI,31.89,-0.55604285,a
Shanghai,EUI,277.7011388,0.201224789,a
Shanghai,EUI,110.056914,0.004700109363,a
Shanghai,EUI,276.9477067,0.07968388498,a
Shanghai,EUI,188.2998177,-0.003722359892,a
Shanghai,EUI,106.577636,0.00402584672,a
Wuhan,EUI,114.2417941,0.1363485605,a
Shanghai,EUI,125.3372569,-0.0874202922,a
Shanghai,EUI,187.2485478,-0.0319282189,a
Shanghai,EUI,106.577636,-0.01008238271,a
Shanghai,EUI,109.8196342,0.0009411808569,a
Wuhan,EUI,113.6977309,0.1148554906,a
Shanghai,EUI,277.1405325,0.02580615506,a
Shanghai,EUI,122.5042299,-0.002769156592,a
Shanghai,EUI,197.3488027,0.04016105831,a
Wuhan,EUI,205.874483,0.03594592959,a
Guangzhou,EUI,205.7055775,0.01183385402,a
Guangzhou,EUI,205.7055775,0.163040638,a
Shanghai,EUI,109.9480087,0.01511274464,a
Wuhan,EUI,195.7330632,0.008416512981,a
Shanghai,EUI,103.698807,-0.153584227,a
Shanghai,EUI,106.9527713,-0.06837911904,a
Beijing,EUI,31.89,-0.4024893641,a
Shanghai,EUI,196.9700178,-0.02469150722,a
Shanghai,EUI,187.0125889,0.01664657332,a
Wuhan,EUI,193.5994381,-0.03393742442,a
Guangzhou,EUI,104.7195154,-0.1926472485,a
Shanghai,EUI,107.585316,0.02522490919,a
Shanghai,EUI,187.6140269,0.06086652353,a
Wuhan,EUI,195.7330632,-0.0100514181,a
Shanghai,EUI,187.2485478,0.08864767104,a
Shanghai,EUI,187.6140269,0.04925709963,a
Guangzhou,EUI,210.7021049,-0.04479328915,a
Guangzhou,EUI,198.9517433,-0.05453878641,a
Shanghai,EUI,186.0630269,0.0981227681,a
Wuhan,EUI,195.953976,-0.01107770111,a
Wuhan,EUI,116.4512692,0.156003505,a
Shanghai,EUI,186.0630269,0.07354152203,a
Shanghai,EUI,195.4514685,-0.01831418835,a
Shanghai,EUI,186.0630269,-0.03832848743,a
Wuhan,EUI,196.5667452,0.01882779598,a
Wuhan,EUI,113.2334402,0.09990110993,a
Shanghai,EUI,107.4101181,0.01465136185,a
Shanghai,EUI,110.056914,-0.00421893876,a
Guangzhou,EUI,292.9646212,0.1797892004,a
Wuhan,EUI,195.953976,0.03613554314,a
Shanghai,EUI,107.4101181,-0.08787859231,a
Wuhan,EUI,279.5582219,-0.0005158016575,a
Wuhan,EUI,192.9705051,0.09174258262,a
Shanghai,EUI,196.9700178,-0.02109471336,a
Shanghai,EUI,189.724048,-0.01049211249,a
Shanghai,EUI,106.9552835,-0.06025875732,a
Guangzhou,EUI,107.9448505,-0.02663592622,a
Shanghai,EUI,195.4514685,-0.04271043092,a
Guangzhou,EUI,203.9964083,-0.1373933554,a
Wuhan,EUI,111.8004465,0.1016986445,a
Shanghai,EUI,187.2485478,0.1404092014,a
Shanghai,EUI,107.519976,-0.01844035275,a
Shanghai,EUI,106.9527713,-0.04791229591,a
Shanghai,EUI,195.2049422,-0.1036357433,a
Shanghai,EUI,195.4514685,-0.0667565763,a
Guangzhou,EUI,210.7021049,0.0850302726,a
Beijing,EUI,31.89,-0.4959418774,a
Wuhan,EUI,195.953976,-0.02932906523,a
Shanghai,EUI,188.2998177,-0.06339730322,a
Guangzhou,EUI,200.4752153,0.07670626044,a
Shanghai,EUI,187.2485478,-0.0150664635,a
Shanghai,EUI,106.9527713,-0.01742474549,a
Beijing,EUI,107.67,-0.0722380057,a
Beijing,EUI,129.48,0.01029269956,a
Beijing,EUI,31.89,-0.08687328547,a
Wuhan,EUI,116.2100116,0.04893030971,a
Beijing,EUI,107.67,0.1211441904,a
Shanghai,EUI,193.1126855,-0.1007040516,a
Shanghai,EUI,196.9700178,-0.08486302942,a
Shanghai,EUI,107.4101181,0.01839910634,a
Wuhan,EUI,205.874483,0.1718592495,a
Beijing,EUI,31.89,0.05814442411,a
Shanghai,EUI,193.1126855,-0.1162826121,a
Shanghai,EUI,191.1767205,0.213486135,a
Beijing,EUI,31.89,-0.4470084906,a
Shanghai,EUI,103.7447431,-0.146980539,a
Beijing,EUI,129.48,0.01029482298,a
Shanghai,EUI,187.0125889,-0.03785531595,a
Shanghai,EUI,187.2485478,0.2296591252,a
Shanghai,EUI,112.5992859,0.134831205,a
Beijing,EUI,31.89,-0.6682084203,a
Shanghai,EUI,187.2485478,0.02514930628,a
Shanghai,EUI,107.4101181,0.01144583989,a
Shanghai,EUI,107.4101181,0.01180846337,a
Wuhan,EUI,121.0452719,-0.0299022682,a
Wuhan,EUI,111.8004465,0.1077980027,a
Beijing,EUI,107.67,-0.01137827244,a
Shanghai,EUI,187.2485478,0.004590422846,a
Shanghai,EUI,112.5992859,0.1318588406,a
Shanghai,EUI,191.1767205,0.03058853,a
Shanghai,EUI,195.2049422,-0.04099775851,a
Guangzhou,EUI,210.7021049,0.1113829687,a
Shanghai,EUI,106.1021412,-0.159685567,a
Wuhan,EUI,195.7330632,-0.008270763792,a
Shanghai,EUI,196.9700178,-0.01311218645,a
Shanghai,EUI,195.4514685,-0.08661253005,a
Shanghai,EUI,105.771287,-0.1715846211,a
Shanghai,EUI,107.4101181,-0.0511081554,a
Shanghai,EUI,110.056914,0.03657694533,a
Wuhan,EUI,114.3902853,-0.02817330509,a
Shanghai,EUI,188.7835764,0.09858874232,a
Wuhan,EUI,121.0452719,-0.04124297202,a
Shanghai,EUI,186.0630269,0.1724777818,a
Beijing,EUI,107.68,-0.06356432289,a
Wuhan,EUI,192.9705051,0.1712526828,a
Shanghai,EUI,103.7447431,-0.2862068713,a
Shanghai,EUI,278.6082818,0.1599840224,a
Shanghai,EUI,272.5330194,-0.1094375253,a
Wuhan,EUI,195.953976,0.07178872824,a
Guangzhou,EUI,210.1468176,0.0349002108,a
Shanghai,EUI,116.6010685,0.02770744823,a
Wuhan,EUI,189.9606477,0.06160531193,a
Shanghai,EUI,187.2485478,0.1128327474,a
Guangzhou,EUI,210.7021049,0.02813013084,a
Shanghai,EUI,110.056914,-0.01149666961,a
Shanghai,EUI,191.0414887,-0.01469905488,a
Guangzhou,EUI,203.9964083,-0.05767587945,a
Shanghai,EUI,107.585316,0.03961939365,a
Shanghai,EUI,189.724048,0.04197655246,a
Guangzhou,EUI,209.1166956,0.03089852259,a
Shanghai,EUI,186.0630269,-0.07735961676,a
Shanghai,EUI,105.8683633,-0.2054186314,a
Shanghai,EUI,113.8199242,0.05730168894,a
Wuhan,EUI,195.7330632,-0.05159045383,a
Beijing,EUI,107.67,0.01756382361,a
Shanghai,EUI,110.056914,-0.0725075826,a
Wuhan,EUI,190.3989335,-0.03773463145,a
Wuhan,EUI,190.3989335,-0.07130514085,a
Beijing,EUI,31.89,-0.4884319007,a
Shanghai,EUI,186.0630269,0.1048374176,a
Shanghai,EUI,107.4101181,-0.08166947216,a
Shanghai,EUI,189.724048,-0.0515936166,a
Shanghai,EUI,272.5330194,-0.07192471623,a
Beijing,EUI,31.89,-0.3206893206,a
Shanghai,EUI,196.9700178,-0.05107443035,a
Beijing,EUI,31.89,-0.4460786879,a
Shanghai,EUI,116.1881784,0.001616460737,a
Beijing,EUI,31.89,-0.3646005094,a
Shanghai,EUI,197.3488027,-0.0174250491,a
Shanghai,EUI,187.2485478,0.1473875046,a
Shanghai,EUI,187.4190981,0.03447812423,a
Shanghai,EUI,106.9552835,-0.08564590663,a
Shanghai,EUI,187.2485478,0.1149523035,a
Beijing,EUI,31.89,-0.4015534818,a
Shanghai,EUI,272.5330194,-0.04090042785,a
Shanghai,EUI,106.4164739,-0.1497688442,a
Shanghai,EUI,106.4164739,-0.08182596415,a
Beijing,EUI,31.89,-0.3506026864,a
Shanghai,EUI,186.0630269,0.06468960643,a
Shanghai,EUI,187.2485478,0.1242641062,a
Guangzhou,EUI,210.7021049,0.08365125209,a
Beijing,EUI,107.67,-0.08073212951,a
Shanghai,EUI,195.4514685,-0.04599326849,a
Shanghai,EUI,191.1767205,0.1296048164,a
Wuhan,EUI,195.7330632,0.2021662146,a
Guangzhou,EUI,110.8968766,-0.1516438723,a
Beijing,EUI,107.67,-0.1241023391,a
Beijing,EUI,107.67,0.02409268357,a
Shanghai,EUI,275.8490294,-0.1204122454,a
Shanghai,EUI,187.0125889,0.142394796,a
Wuhan,EUI,197.3821049,0.1386168301,a
Wuhan,EUI,195.7330632,-0.01275384892,a
Wuhan,EUI,195.7330632,0.03109140694,a
Shanghai,EUI,187.2485478,0.1212760061,a
Shanghai,EUI,191.1767205,0.0914400667,a
Shanghai,EUI,109.462613,0.08938676864,a
Shanghai,EUI,109.462613,0.01620009542,a
Beijing,EUI,31.89,-0.1816479862,a
Shanghai,EUI,189.724048,-0.009549890645,a
Wuhan,EUI,195.7330632,-0.04868352786,a
Guangzhou,EUI,205.7055775,0.03095491603,a
Shanghai,EUI,196.9700178,0.01271326188,a
Shanghai,EUI,106.9527713,-0.01298423391,a
Shanghai,EUI,191.1767205,-0.003300652141,a
Shanghai,EUI,277.2869304,0.1297797859,a
Wuhan,EUI,114.2417941,0.1736008227,a
Shanghai,EUI,106.0727756,-0.1443174034,a
Shanghai,EUI,191.0414887,-0.02552613057,a
Shanghai,EUI,106.0727756,-0.1820213199,a
Shanghai,EUI,107.1539687,-0.08526837826,a
Shanghai,EUI,188.2998177,-0.04380712658,a
Shanghai,EUI,188.7835764,0.05071105808,a
Beijing,EUI,31.89,-0.2855060697,a
Shanghai,EUI,195.2049422,-0.07406251878,a
Shanghai,EUI,103.7447431,-0.4128436446,a
Wuhan,EUI,193.5994381,0.01578728855,a
Shanghai,EUI,188.2998177,-0.05561493337,a
Shanghai,EUI,107.1539687,-0.001920975745,a
Shanghai,EUI,107.4101181,-0.110901922,a
Wuhan,EUI,195.953976,0.01907553524,a
Wuhan,EUI,114.1312516,0.04819397628,a
Guangzhou,EUI,104.7195154,-0.1423842162,a
Beijing,EUI,107.68,-0.07225415111,a
Shanghai,EUI,186.0630269,-0.0771791935,a
Wuhan,EUI,110.4552686,0.05544061959,a
Shanghai,EUI,107.4101181,-0.008917323314,a
Guangzhou,EUI,206.186642,0.03558913618,a
Guangzhou,EUI,102.243521,-0.5691967607,a
Shanghai,EUI,109.462613,0.02141820267,a
Shanghai,EUI,188.2998177,-0.03290710226,a
Shanghai,EUI,109.8196342,-0.1136959419,a
Shanghai,EUI,187.0125889,0.04602201283,a
Wuhan,EUI,190.3989335,0.1850173473,a
Wuhan,EUI,195.7330632,0.0950454101,a
Wuhan,EUI,114.3902853,-0.02448380366,a
Shanghai,EUI,103.7447431,-0.3766228259,a
Beijing,EUI,107.68,-0.02492812648,a
Wuhan,EUI,195.7330632,-0.001225325163,a
Shanghai,EUI,110.056914,-0.01885602623,a
Shanghai,EUI,187.2485478,0.165307641,a
Wuhan,EUI,195.953976,-0.04505066574,a
Shanghai,EUI,188.2998177,-0.08546882123,a
Shanghai,EUI,110.056914,-0.01189800072,a
Shanghai,EUI,106.0727756,-0.2717671692,a
Shanghai,EUI,107.9609077,-0.02822653018,a
Beijing,EUI,93.68,-0.08013746887,a
Shanghai,EUI,191.0414887,0.03202376887,a
Wuhan,EUI,113.6977309,0.1008690447,a
Shanghai,EUI,186.0630269,0.07532248646,a
Shanghai,EUI,106.9527713,0.002229794161,a
Beijing,EUI,31.89,-0.1452586949,a
Shanghai,EUI,112.5992859,0.1414054483,a
Shanghai,EUI,106.577636,0.1430725604,a
Shanghai,EUI,197.3488027,0.04486934096,a
Beijing,EUI,107.68,0.09628485143,a
Shanghai,EUI,110.056914,0.02440649644,a
Shanghai,EUI,196.9700178,-0.02481358126,a
Shanghai,EUI,195.4514685,-0.04653594643,a
Shanghai,EUI,195.4514685,-0.08375248313,a
Shanghai,EUI,116.1881784,0.07835604995,a
Wuhan,EUI,114.3902853,0.1241378114,a
Beijing,EUI,107.68,0.05552283674,a
Wuhan,EUI,197.3821049,-0.05280634761,a
Beijing,EUI,107.68,0.04840149358,a
Guangzhou,EUI,210.1468176,0.09279631078,a
Shanghai,EUI,276.9477067,-0.06046655774,a
Shanghai,EUI,189.724048,-0.03702954948,a
Wuhan,EUI,190.3989335,0.06118745357,a
Shanghai,EUI,107.585316,0.1475507915,a
Wuhan,EUI,113.6977309,0.09888554364,a
Shanghai,EUI,187.2485478,0.05847545713,a
Shanghai,EUI,106.577636,-0.1104530916,a
Wuhan,EUI,195.953976,-0.1239057258,a
Wuhan,EUI,113.2334402,0.02899762243,a
Guangzhou,EUI,107.9448505,-0.0251488965,a
Beijing,EUI,107.68,-0.05087080598,a
Shanghai,EUI,188.7835764,0.04865478724,a
Guangzhou,EUI,103.8821675,-0.3677165508,a
Shanghai,EUI,113.6707909,0.04668641835,a
Shanghai,EUI,115.325407,0.02051232755,a
Shanghai,EUI,195.4514685,-0.01922074333,a
Shanghai,EUI,189.724048,-0.01917131431,a
Shanghai,EUI,275.8490294,-0.0712518394,a
Beijing,EUI,31.89,-0.336668998,a
Beijing,EUI,31.89,-0.3490404189,a
Shanghai,EUI,116.1881784,0.007476685103,a
Shanghai,EUI,191.1767205,0.09252513945,a
Shanghai,EUI,105.2015884,-0.2409245074,a
Shanghai,EUI,188.2998177,-0.09782951325,a
Shanghai,EUI,196.9700178,-0.0248429738,a
Guangzhou,EUI,198.9517433,-0.1531337351,a
Shanghai,EUI,191.1767205,0.3205972314,a
Wuhan,EUI,110.4552686,-0.03440060094,a
Shanghai,EUI,109.462613,0.02022128366,a
Shanghai,EUI,109.8196342,0.0001303164754,a
Wuhan,EUI,114.2417941,0.09509928524,a
Shanghai,EUI,274.2758624,0.01542357635,a
Beijing,EUI,107.67,-0.01165087521,a
Wuhan,EUI,111.8004465,0.08984097093,a
Beijing,EUI,31.89,-0.3018264771,a
Shanghai,EUI,196.9700178,-0.09864105284,a
Wuhan,EUI,195.953976,-0.03528016433,a
Shanghai,EUI,187.0125889,-0.01874706149,a
Wuhan,EUI,195.7330632,-0.04109686241,a
Shanghai,EUI,186.0630269,0.04117159918,a
Shanghai,EUI,197.3488027,0.007668269798,a
Shanghai,EUI,187.2485478,0.0770618096,a
Shanghai,EUI,186.0630269,0.08120371401,a
Shanghai,EUI,195.2049422,-0.09242847562,a
Shanghai,EUI,189.724048,-0.1087036058,a
Shanghai,EUI,195.4514685,0.000576995837,a
Beijing,EUI,107.67,-0.05747531727,a
Shanghai,EUI,106.9527713,-0.01149848104,a
Shanghai,EUI,195.4514685,-0.06482215226,a
Beijing,EUI,107.67,-0.06118612736,a
Wuhan,EUI,189.9606477,0.05468988419,a
Wuhan,EUI,193.5994381,-0.005471452139,a
Shanghai,EUI,187.6140269,0.09778545052,a
Guangzhou,EUI,210.7021049,0.02286363579,a
Wuhan,EUI,196.5667452,0.1379126608,a
Shanghai,EUI,278.6082818,0.009468741715,a
Guangzhou,EUI,203.9964083,-0.02828664333,a
Beijing,EUI,31.89,-0.2879517674,a
Guangzhou,EUI,209.1166956,0.03966771811,a
Wuhan,EUI,197.3821049,0.0186580196,a
Beijing,EUI,107.67,0.02289437316,a
Shanghai,EUI,193.1126855,-0.02696595527,a
Wuhan,EUI,193.5994381,-0.01829214022,a
Beijing,EUI,129.48,0.06518856436,a
Beijing,EUI,31.89,-0.3622614741,a
Wuhan,EUI,114.3902853,0.03128973022,a
Guangzhou,EUI,105.3184511,-0.3155379593,a
Wuhan,EUI,111.8004465,0.1275547892,a
Shanghai,EUI,107.519976,-0.0354263261,a
Wuhan,EUI,195.7330632,-0.1285731345,a
Shanghai,EUI,196.9700178,-0.05574208871,a
Wuhan,EUI,190.3989335,0.1621664912,a
Guangzhou,EUI,203.9964083,-0.07021203637,a
Shanghai,EUI,188.2998177,-0.1284176558,a
Wuhan,EUI,113.2334402,0.1033093631,a
Shanghai,EUI,272.5330194,-0.05280765891,a
Beijing,EUI,107.67,0.08122309297,a
Shanghai,EUI,186.0630269,-0.008145177737,a
Shanghai,EUI,187.6140269,0.04286290705,a
Shanghai,EUI,115.325407,-0.04433076456,a
Shanghai,EUI,107.9609077,-0.01999410801,a
Wuhan,EUI,111.3148649,0.02662288211,a
Wuhan,EUI,195.953976,0.01541743148,a
Shanghai,EUI,186.0630269,0.1012054533,a
Beijing,EUI,107.68,0.05073516071,a
Shanghai,EUI,275.789566,-0.03004835173,a
Shanghai,EUI,107.9804068,-0.03085517138,a
Beijing,EUI,31.89,-0.3163611293,a
Guangzhou,EUI,106.0466835,-0.4198207855,a
Shanghai,EUI,276.9477067,-0.0346506685,a
Guangzhou,EUI,292.9646212,0.1801034659,a
Shanghai,EUI,191.1767205,0.1728249043,a
Wuhan,EUI,114.1312516,0.1181638986,a
Shanghai,EUI,112.5992859,0.05371263623,a
Wuhan,EUI,192.9705051,0.1118225753,a
Shanghai,EUI,186.0630269,0.06281457841,a
Wuhan,EUI,195.7330632,0.03899506852,a
Guangzhou,EUI,210.7021049,0.07859002799,a
Guangzhou,EUI,209.1166956,0.1403238624,a
Shanghai,EUI,189.724048,-0.09885937721,a
Wuhan,EUI,197.3821049,0.03571204096,a
Guangzhou,EUI,210.7021049,0.1080306768,a
Shanghai,EUI,195.2049422,-0.06529965252,a
Shanghai,EUI,191.1767205,0.02841586247,a
Wuhan,EUI,205.874483,0.03956352919,a
Shanghai,EUI,186.0630269,-0.01127336547,a
Shanghai,EUI,188.2998177,-0.01383274607,a
Shanghai,EUI,195.4514685,-0.04460247234,a
Guangzhou,EUI,104.7195154,-0.09560567886,a
Beijing,EUI,107.68,-0.05730223283,a
Beijing,EUI,107.68,0.01351842284,a
Shanghai,EUI,106.0727756,-0.2354103625,a
Wuhan,EUI,279.2955225,0.1515989006,a
Guangzhou,EUI,210.1468176,0.09653700888,a
Shanghai,EUI,112.5992859,0.04526189715,a
Shanghai,EUI,191.1767205,0.07284592837,a
Shanghai,EUI,109.8196342,0.04474272206,a
Shanghai,EUI,188.2998177,0.01529903524,a
Guangzhou,EUI,205.7055775,0.01406105608,a
Shanghai,EUI,108.419482,-0.01241976582,a
Beijing,EUI,31.89,-0.3760241866,a
Shanghai,EUI,188.2998177,0.04891297221,a
Wuhan,EUI,116.2730259,0.04646547511,a
Wuhan,EUI,114.3902853,0.09270113707,a
Shanghai,EUI,188.2998177,0.008277916349,a
Shanghai,EUI,197.3488027,0.04368754476,a
Wuhan,EUI,195.953976,0.02062445134,a
Beijing,EUI,107.67,-0.1975011975,a
Wuhan,EUI,195.7330632,-0.04086671025,a
Guangzhou,EUI,210.7021049,0.05914191902,a
Guangzhou,EUI,210.7021049,0.04665968567,a
Beijing,EUI,31.89,-0.3858337104,a
Shanghai,EUI,107.9609077,-0.01966863498,a
Shanghai,EUI,187.2485478,0.1253409386,a
Shanghai,EUI,276.9477067,-0.004667968489,a
Shanghai,EUI,186.0630269,0.07847122848,a
Guangzhou,EUI,110.8968766,-0.03874139115,a
Shanghai,EUI,195.4514685,0.04356603324,a
Shanghai,EUI,122.4113662,0.149764508,a
Shanghai,EUI,187.0125889,0.0004647469032,a
Guangzhou,EUI,210.1468176,0.077702865,a
Wuhan,EUI,113.2334402,0.1081538126,a
Shanghai,EUI,191.1767205,0.01231296174,a
Shanghai,EUI,273.7518509,-0.05491570011,a
Shanghai,EUI,278.6082818,-0.01179280505,a
Shanghai,EUI,106.9527713,-0.1454711705,a
Beijing,EUI,107.67,0.02109025232,a
Beijing,EUI,31.89,-0.4754576087,a
Beijing,EUI,31.89,-0.2759584785,a
Wuhan,EUI,195.7330632,-0.04679721966,a
Wuhan,EUI,113.6977309,0.1195768565,a
Shanghai,EUI,187.2485478,-0.005278967321,a
Shanghai,EUI,106.9527713,0.01211254112,a
Wuhan,EUI,195.7330632,0.04849543422,a
Shanghai,EUI,277.7011388,0.1463770568,a
Shanghai,EUI,116.1881784,-0.06111590564,a
Wuhan,EUI,113.6977309,0.07146091014,a
Wuhan,EUI,112.2011206,0.05170441419,a
Shanghai,EUI,106.9527713,-0.01431852579,a
Guangzhou,EUI,206.186642,-0.08274507523,a
Shanghai,EUI,193.1126855,-0.02227081917,a
Wuhan,EUI,195.7330632,-0.1049513742,a
Guangzhou,EUI,205.7055775,0.01416092739,a
Shanghai,EUI,188.2998177,-0.005154421087,a
Shanghai,EUI,110.056914,-0.06198915839,a
Beijing,EUI,107.67,0.02599718235,a
Shanghai,EUI,278.6082818,0.05469308794,a
Shanghai,EUI,189.724048,-0.04245602712,a
Shanghai,EUI,186.0630269,-0.01381809451,a
Wuhan,EUI,193.5994381,0.05540120229,a
Shanghai,EUI,195.4514685,-0.05292612687,a
Beijing,EUI,31.89,-0.5734217763,a
Shanghai,EUI,107.4101181,0.03985556215,a
Beijing,EUI,31.89,-0.3779917359,a
Shanghai,EUI,277.1405325,0.02978315949,a
Shanghai,EUI,187.2485478,0.07786292583,a
Shanghai,EUI,107.1539687,-0.02830087207,a
Shanghai,EUI,196.9700178,-0.1290863305,a
Shanghai,EUI,189.724048,0.001718415297,a
Shanghai,EUI,188.2998177,-0.001747032977,a
Wuhan,EUI,114.2417941,0.1203392074,a
Shanghai,EUI,106.1021412,-0.1251228303,a
Shanghai,EUI,186.0630269,0.1170509607,a
Beijing,EUI,31.89,0.02322623692,a
Shanghai,EUI,109.8968758,0.01140043791,a
Wuhan,EUI,118.2591051,0.02789352834,a
Shanghai,EUI,115.325407,0.06391943246,a
Wuhan,EUI,121.2145132,0.1356734186,a
Beijing,EUI,31.89,-0.3395898342,a
Shanghai,EUI,106.577636,0.003998381086,a
Beijing,EUI,107.67,0.002709062072,a
Shanghai,EUI,109.9480087,0.06944429874,a
Shanghai,EUI,188.2998177,-0.06988938153,a
Shanghai,EUI,276.9039955,-0.01995231956,a
Shanghai,EUI,187.2485478,0.12482474,a
Shanghai,EUI,187.0125889,-0.008479030803,a
Wuhan,EUI,195.953976,-0.01659401879,a
Guangzhou,EUI,206.186642,0.03461259604,a
Shanghai,EUI,109.8196342,0.06163547933,a
Wuhan,EUI,121.2145132,0.03828448802,a
Guangzhou,EUI,102.1758367,-0.3504064381,a
Shanghai,EUI,110.056914,0.005539286882,a
Shanghai,EUI,187.2485478,0.07764161378,a
Wuhan,EUI,195.953976,-0.004275114741,a
Shanghai,EUI,197.3488027,0.009567261674,a
Wuhan,EUI,132.6307187,0.2156228423,a
Shanghai,EUI,106.577636,-0.07626880705,a
Shanghai,EUI,191.1767205,0.1750712693,a
Shanghai,EUI,195.4514685,-0.06514500827,a
Guangzhou,EUI,210.7021049,0.04403784126,a
Shanghai,EUI,107.585316,0.01719525456,a
Guangzhou,EUI,106.2051335,-0.04691743851,a
Wuhan,EUI,195.7330632,-0.03037894145,a
Guangzhou,EUI,110.8968766,-0.09103427082,a
Shanghai,EUI,188.2998177,-0.003381953808,a
Wuhan,EUI,110.4552686,0.1574899852,a
Shanghai,EUI,195.4514685,-0.03043781407,a
Shanghai,EUI,107.519976,-0.05954763293,a
Shanghai,EUI,188.7835764,0.07493461668,a
Guangzhou,EUI,210.1468176,0.03481129557,a
Wuhan,EUI,121.2145132,0.07589334249,a
Wuhan,EUI,195.953976,-0.04644521326,a
Wuhan,EUI,113.6977309,0.1506811529,a
Shanghai,EUI,196.9700178,-0.03717458993,a
Shanghai,EUI,110.056914,-0.09413768351,a
Wuhan,EUI,195.953976,0.1325072199,a
Shanghai,EUI,187.2485478,-0.02489646524,a
Guangzhou,EUI,210.1468176,0.05516592413,a
Beijing,EUI,31.89,0.06816200912,a
Shanghai,EUI,197.3488027,0.03953912109,a
Shanghai,EUI,107.585316,0.1177196726,a
Wuhan,EUI,279.5582219,0.1008920074,a
Wuhan,EUI,193.5994381,0.1295414865,a
Beijing,EUI,129.48,0.002590453951,a
Shanghai,EUI,106.0727756,-0.2375216335,a
Guangzhou,EUI,103.1281682,-0.4065140188,a
Wuhan,EUI,205.874483,0.09620201588,a
Shanghai,EUI,189.724048,-0.0278572496,a
Shanghai,EUI,116.1881784,0.0120400805,a
Beijing,EUI,31.89,-0.5318174362,a
Shanghai,EUI,112.0244119,0.009729683399,a
Beijing,EUI,107.67,0.08259618282,a
Shanghai,EUI,197.3488027,-0.07637838274,a
Shanghai,EUI,276.9477067,0.05631479621,a
Shanghai,EUI,193.1126855,-0.0436443463,a
Shanghai,EUI,188.2998177,-0.01882875711,a
Wuhan,EUI,114.2417941,0.1516761929,a
Shanghai,EUI,116.1881784,-0.07824946195,a
Wuhan,EUI,113.4711731,0.09803195298,a
Beijing,EUI,31.89,0.08605118096,a
Shanghai,EUI,106.577636,0.01690802351,a
Beijing,EUI,31.89,-0.4443919361,a
Wuhan,EUI,116.4512692,0.1855254471,a
Shanghai,EUI,191.0414887,0.05214881524,a
Beijing,EUI,31.89,-0.2624197602,a
Shanghai,EUI,103.7447431,-0.3576616645,a
Beijing,EUI,129.48,0.07948863506,a
Wuhan,EUI,113.6764439,0.02608854324,a
Shanghai,EUI,106.9527713,0.008881170303,a
Shanghai,EUI,106.577636,-0.1288405359,a
Shanghai,EUI,103.7447431,-0.1742503941,a
Beijing,EUI,107.67,-0.04819473252,a
Wuhan,EUI,114.1312516,0.1349716932,a
Shanghai,EUI,187.2485478,0.1213718578,a
Shanghai,EUI,107.585316,0.02927346528,a
Shanghai,EUI,107.4101181,0.01610842906,a
Shanghai,EUI,110.056914,-0.03928862512,a
Wuhan,EUI,116.2730259,-0.03148495778,a
Shanghai,EUI,105.2490472,-0.2303882837,a
Beijing,EUI,31.89,-0.3331544697,a
Shanghai,EUI,189.724048,-0.105443418,a
Shanghai,EUI,191.1767205,0.03787151724,a
Wuhan,EUI,196.5667452,0.107269384,a
Shanghai,EUI,109.462613,0.0126154907,a
Guangzhou,EUI,200.4752153,0.05200947449,a
Beijing,EUI,107.67,-0.06002634391,a
Shanghai,EUI,110.056914,-0.06753730029,a
Guangzhou,EUI,210.7021049,0.09844812006,a
Shanghai,EUI,106.577636,0.01872687228,a
Shanghai,EUI,109.8196342,0.0004377808655,a
Shanghai,EUI,106.577636,-0.03323720768,a
Wuhan,EUI,115.0606403,0.04015924409,a
Beijing,EUI,107.67,-0.0181377437,a
Shanghai,EUI,193.1126855,-0.01399268582,a
Shanghai,EUI,187.0125889,-0.08905074745,a
Shanghai,EUI,186.0630269,-0.06223402917,a
Shanghai,EUI,195.2049422,-0.06481398642,a
Beijing,EUI,129.48,0.07268722355,a
Shanghai,EUI,110.056914,-0.001816116273,a
Shanghai,EUI,186.0630269,-0.03473974019,a
Wuhan,EUI,195.7330632,-0.1388695687,a
Shanghai,EUI,187.0125889,0.04682262987,a
Shanghai,EUI,187.4190981,0.0480401665,a
Beijing,EUI,31.89,-0.4605898261,a
Wuhan,EUI,195.953976,0.04252157733,a
Wuhan,EUI,190.3989335,0.0534132421,a
Shanghai,EUI,106.577636,0.002159827622,a
Shanghai,EUI,187.2485478,0.1517187059,a
Shanghai,EUI,106.577636,0.076764144,a
Guangzhou,EUI,206.186642,0.0006678394857,a
Shanghai,EUI,195.2049422,-0.0477405265,a
Shanghai,EUI,278.6082818,0.2436311692,a
Wuhan,EUI,114.3902853,0.03590229899,a
Wuhan,EUI,195.7330632,0.04159517959,a
Shanghai,EUI,195.4514685,-0.01040141471,a
Beijing,EUI,31.89,0.1858383715,a
Beijing,EUI,129.48,0.1323719919,a
Shanghai,EUI,186.0630269,0.07827094197,a
Wuhan,EUI,192.4179605,0.1389594972,a
Beijing,EUI,107.67,-0.04168726131,a
Shanghai,EUI,191.0414887,0.01262065396,a
Wuhan,EUI,197.3821049,-0.01647879742,a
Beijing,EUI,107.68,-0.03010516427,a
Shanghai,EUI,195.4514685,-0.06929804385,a
Wuhan,EUI,195.7330632,-0.03026538901,a
Guangzhou,EUI,102.5401097,-0.3805772662,a
Beijing,EUI,129.48,0.05456249788,a
Shanghai,EUI,110.056914,0.03733180463,a
Wuhan,EUI,205.874483,0.1054755151,a
Guangzhou,EUI,206.186642,-0.09820738435,a
Shanghai,EUI,186.0630269,0.006938828155,a
Beijing,EUI,107.67,-0.1105447933,a
Wuhan,EUI,195.953976,0.03328181803,a
Guangzhou,EUI,210.7021049,0.005193487741,a
Guangzhou,EUI,203.9964083,0.01708552614,a
Wuhan,EUI,111.7492491,0.0520166494,a
Shanghai,EUI,106.0727756,-0.1975681484,a
Shanghai,EUI,195.4514685,-0.05178995803,a
Shanghai,EUI,106.9552835,-0.0858765319,a
Guangzhou,EUI,107.9448505,-0.05077823251,a
Guangzhou,EUI,210.1468176,0.07769328356,a
Beijing,EUI,31.89,-0.4343203008,a
Wuhan,EUI,197.3821049,-0.001524452935,a
Guangzhou,EUI,210.7021049,0.02798730135,a
Shanghai,EUI,107.4101181,0.05636420846,a
Shanghai,EUI,105.771287,-0.2713134289,a
Beijing,EUI,31.89,0.06864988059,a
Beijing,EUI,31.89,-0.193338275,a
Shanghai,EUI,188.2998177,0.006042904221,a
Shanghai,EUI,195.2049422,0.03054899164,a
Shanghai,EUI,107.4101181,-0.01105892472,a
Shanghai,EUI,103.7447431,-0.3228060305,a
Shanghai,EUI,187.0125889,0.1027412191,a
Shanghai,EUI,191.1767205,0.159974739,a
Guangzhou,EUI,104.7195154,-0.1045039371,a
Shanghai,EUI,187.0125889,0.1211775765,a
Beijing,EUI,31.89,0.1779977828,a
Guangzhou,EUI,294.1702351,0.1362053901,a
Beijing,EUI,107.67,-0.07172223181,a
Shanghai,EUI,107.585316,0.02399306558,a
Shanghai,EUI,106.4164739,-0.01212264225,a
Shanghai,EUI,106.9527713,-0.01916340739,a
Shanghai,EUI,189.724048,-0.0039287447,a
Shanghai,EUI,110.056914,-0.04275044426,a
Shanghai,EUI,196.9700178,-0.08312928677,a
Beijing,EUI,107.67,-0.06405713409,a
Guangzhou,EUI,210.7021049,0.1812162995,a
Guangzhou,EUI,292.9646212,0.2611280978,a
Guangzhou,EUI,210.1468176,0.1135024428,a
Guangzhou,EUI,210.7021049,0.006814227439,a
Shanghai,EUI,107.519976,-0.09667292982,a
Shanghai,EUI,106.9552835,-0.06318946928,a
Shanghai,EUI,109.462613,0.03707731143,a
Shanghai,EUI,107.1539687,0.02880387753,a
Beijing,EUI,107.68,-0.1090566516,a
Shanghai,EUI,188.2998177,0.02095882967,a
Beijing,EUI,31.89,-0.4156091213,a
Beijing,EUI,93.68,-0.1921805441,a
Shanghai,EUI,112.5992859,0.02867767587,a
Wuhan,EUI,121.2145132,0.06732349098,a
Shanghai,EUI,187.2485478,-0.005869159009,a
Beijing,EUI,107.67,-0.09834605455,a
Shanghai,EUI,197.3488027,0.04675006121,a
Shanghai,EUI,187.4190981,0.1485917717,a
Shanghai,EUI,196.9700178,0.02097316831,a
Shanghai,EUI,106.0727756,-0.1837521195,a
Beijing,EUI,31.89,-0.228238672,a
Shanghai,EUI,191.0414887,0.002165423008,a
Guangzhou,EUI,210.7021049,0.006522576325,a
Guangzhou,EUI,118.3235398,-0.03256373107,a
Shanghai,EUI,191.0414887,-0.005511050113,a
Beijing,EUI,31.89,-0.5361526608,a
Wuhan,EUI,113.6977309,0.1312220097,a
Shanghai,EUI,106.1021412,-0.1498513967,a
Shanghai,EUI,188.2998177,0.05685239285,a
Beijing,EUI,31.89,-0.162188679,a
Shanghai,EUI,110.056914,0.04004007205,a
Shanghai,EUI,195.2049422,-0.09076359123,a
Guangzhou,EUI,110.8968766,-0.04532402381,a
Shanghai,EUI,116.6010685,-0.02566412464,a
Beijing,EUI,107.68,-0.07229572535,a
Shanghai,EUI,105.485991,-0.1518284529,a
Beijing,EUI,129.48,0.03522105888,a
Beijing,EUI,129.48,-0.002731153509,a
Shanghai,EUI,186.0630269,0.07974356413,a
Shanghai,EUI,141.1624305,0.0557966195,a
Shanghai,EUI,109.462613,0.156898126,a
Shanghai,EUI,187.2485478,-0.07157303393,a
Shanghai,EUI,109.462613,0.08884184808,a
Wuhan,EUI,114.2417941,0.05066220835,a
Shanghai,EUI,275.8490294,-0.008028373122,a
Shanghai,EUI,187.0125889,-0.03092739731,a
Beijing,EUI,107.67,-0.02349189855,a
Beijing,EUI,107.68,0.03031712398,a
Shanghai,EUI,187.2485478,-0.04123881087,a
Beijing,EUI,107.67,-0.08307634294,a
Shanghai,EUI,191.0414887,0.02310986817,a
Shanghai,EUI,196.9700178,-0.06469804049,a
Shanghai,EUI,109.462613,0.0496772714,a
Wuhan,EUI,114.2417941,0.1922961622,a
Wuhan,EUI,149.1923304,0.07808060199,a
Guangzhou,EUI,104.6823998,-0.2622411847,a
Guangzhou,EUI,101.592787,-0.3983582258,a
Guangzhou,EUI,210.7021049,0.02040272951,a
Shanghai,EUI,106.0727756,-0.08382061869,a
Shanghai,EUI,195.4514685,-0.06137336046,a
Guangzhou,EUI,198.9517433,-0.02348986827,a
Shanghai,EUI,195.4514685,-0.03349109367,a
Guangzhou,EUI,104.6823998,-0.34266752,a
Wuhan,EUI,197.3821049,0.01428151131,a
Beijing,EUI,31.89,-0.4448257685,a
Beijing,EUI,31.89,-0.374043107,a
Shanghai,EUI,109.8196342,0.08477725834,a
Shanghai,EUI,187.2485478,0.06420145929,a
Shanghai,EUI,105.2015884,-0.2965888679,a
Beijing,EUI,31.89,0.1138956472,a
Wuhan,EUI,113.0252148,0.09903950244,a
Guangzhou,EUI,108.7602291,0.01040576957,a
Wuhan,EUI,114.1312516,0.02434968948,a
Guangzhou,EUI,292.9646212,0.05222065747,a
Shanghai,EUI,139.7491875,0.04861475155,a
Shanghai,EUI,186.0630269,0.07179705799,a
Shanghai,EUI,186.0630269,0.1297764331,a
Shanghai,EUI,105.771287,-0.161206454,a
Shanghai,EUI,110.056914,0.0223592855,a
Shanghai,EUI,187.2485478,0.03270182386,a
Shanghai,EUI,186.0630269,-0.1691129655,a
Shanghai,EUI,188.2998177,0.112091884,a
Beijing,EUI,107.67,-0.09763404727,a
Shanghai,EUI,109.462613,0.05846519768,a
Shanghai,EUI,196.9700178,-0.07930958271,a
Beijing,EUI,107.67,-0.1208010539,a
Wuhan,EUI,190.3989335,-0.07740315795,a
Shanghai,EUI,110.056914,-0.02185370587,a
Guangzhou,EUI,203.9964083,0.04250595346,a
Guangzhou,EUI,205.7055775,0.2663056552,a
Beijing,EUI,107.68,0.02692580782,a
Shanghai,EUI,107.9609077,-0.03272061795,a
Shanghai,EUI,193.1126855,-0.08286014199,a
Shanghai,EUI,187.2485478,-0.003861346049,a
Shanghai,EUI,107.9609077,-0.02004988864,a
Guangzhou,EUI,210.1468176,0.1035522074,a
Shanghai,EUI,106.4164739,0.01198554598,a
Shanghai,EUI,189.724048,-0.0123849716,a
Shanghai,EUI,191.1767205,0.1423361152,a
Shanghai,EUI,197.3488027,0.0425661467,a
Shanghai,EUI,189.724048,-0.04806780815,a
Shanghai,EUI,197.3488027,-0.05382273346,a
Wuhan,EUI,195.7330632,-0.09034032375,a
Wuhan,EUI,114.2417941,0.03805220872,a
Wuhan,EUI,192.9705051,0.1790113896,a
Shanghai,EUI,107.585316,0.04130596295,a
Wuhan,EUI,113.6764439,0.1048586145,a
Beijing,EUI,107.67,-0.0440886803,a
Shanghai,EUI,188.2998177,0.02327111736,a
Wuhan,EUI,190.3989335,-0.09421804547,a
Shanghai,EUI,277.7011388,0.1729335934,a
Shanghai,EUI,103.7447431,-0.2831507325,a
Guangzhou,EUI,205.7055775,0.2024903297,a
Wuhan,EUI,190.3989335,0.04809308797,a
Shanghai,EUI,186.0630269,-0.04628542811,a
Wuhan,EUI,111.8004465,0.1111633107,a
Shanghai,EUI,195.4514685,-0.03912299871,a
Shanghai,EUI,195.4514685,-0.02024513483,a
Wuhan,EUI,114.2417941,0.13362436,a
Shanghai,EUI,110.056914,-0.007377952337,a
Shanghai,EUI,107.4101181,0.04119936377,a
Shanghai,EUI,277.7011388,0.1761990041,a
Wuhan,EUI,192.9705051,0.2925424874,a
Shanghai,EUI,195.2049422,-0.03866121918,a
Guangzhou,EUI,210.1468176,0.07719343901,a
Beijing,EUI,31.89,0.01280148048,a
Guangzhou,EUI,210.7021049,-0.02179531381,a
Wuhan,EUI,195.953976,-0.07397266477,a
Wuhan,EUI,193.5994381,-0.05603281781,a
Wuhan,EUI,115.8748305,0.04576456547,a
Shanghai,EUI,105.2015884,-0.3120007813,a
Shanghai,EUI,106.9527713,-0.06771825999,a
Guangzhou,EUI,210.7021049,0.117441006,a
Wuhan,EUI,111.7492491,0.01753467694,a
Shanghai,EUI,106.999129,-0.05206552148,a
Shanghai,EUI,191.0414887,0.00570465764,a
Shanghai,EUI,187.2485478,-0.004032048397,a
Wuhan,EUI,113.6764439,0.04384468496,a
Shanghai,EUI,106.9527713,-0.002525753807,a
Wuhan,EUI,195.7330632,0.1650694013,a
Guangzhou,EUI,111.1657101,-0.1087550446,a
Shanghai,EUI,109.462613,0.001888699131,a
Shanghai,EUI,278.6082818,0.006033891812,a
Wuhan,EUI,190.3989335,-0.05055746064,a
Guangzhou,EUI,210.7021049,0.008526705205,a
Shanghai,EUI,108.159227,0.008413817734,a
Wuhan,EUI,111.7492491,0.0403913781,a
Wuhan,EUI,190.3989335,-0.1195058152,a
Shanghai,EUI,106.0727756,-0.1497638077,a
Shanghai,EUI,277.1405325,0.06166022643,a
Shanghai,EUI,195.4514685,-0.06529311091,a
Wuhan,EUI,114.3902853,0.09168194234,a
Shanghai,EUI,187.2485478,0.09307342768,a
Guangzhou,EUI,210.1468176,0.08330440521,a
Shanghai,EUI,189.724048,-0.08578900248,a
Shanghai,EUI,188.2998177,0.03666388988,a
Guangzhou,EUI,210.1468176,0.1150869802,a
Wuhan,EUI,113.6977309,0.0874350667,a
Wuhan,EUI,279.2955225,0.1134058312,a
Shanghai,EUI,187.2485478,0.09850991517,a
Guangzhou,EUI,205.7055775,0.05588127673,a
Guangzhou,EUI,203.9964083,-0.009819390252,a
Guangzhou,EUI,210.7021049,0.1021556482,a
Wuhan,EUI,190.3989335,0.1009316593,a
Shanghai,EUI,196.9700178,-0.02435280383,a
Beijing,EUI,31.89,-0.2982952297,a
Wuhan,EUI,279.5582219,0.01626686007,a
Guangzhou,EUI,210.0137391,0.03638734668,a
Shanghai,EUI,105.2490472,-0.1466699541,a
Beijing,EUI,31.89,-0.2179013789,a
Shanghai,EUI,106.9527713,0.02258980647,a
Wuhan,EUI,113.6764439,0.1040817499,a
Shanghai,EUI,193.1126855,-0.09732507914,a
Shanghai,EUI,277.7011388,0.07979275286,a
Shanghai,EUI,187.2485478,0.1924839765,a
Shanghai,EUI,187.2485478,0.08199378848,a
Shanghai,EUI,189.724048,-0.06342820078,a
Guangzhou,EUI,209.1166956,0.004481852986,a
Wuhan,EUI,114.2417941,0.1764297336,a
Shanghai,EUI,277.1405325,0.01064140908,a
Shanghai,EUI,106.0727756,-0.1564961821,a
Guangzhou,EUI,206.186642,-0.04094422236,a
Guangzhou,EUI,210.1468176,0.04757580906,a
Wuhan,EUI,111.8004465,0.09548068047,a
Shanghai,EUI,110.056914,0.007474133745,a
Beijing,EUI,31.89,-0.3718671799,a
Wuhan,EUI,193.5994381,-0.1042508855,a
Shanghai,EUI,108.419482,-0.03383214772,a
Shanghai,EUI,116.1881784,-0.04994200543,a
Guangzhou,EUI,210.1468176,0.1319659501,a
Shanghai,EUI,110.056914,0.007640942,a
Shanghai,EUI,276.9039955,0.072665371,a
Guangzhou,EUI,203.0657098,-0.1366848946,a
Beijing,EUI,107.67,0.006798745133,a
Guangzhou,EUI,118.3235398,-0.04159679264,a
Wuhan,EUI,282.7909668,0.08528131247,a
Shanghai,EUI,278.6082818,0.03028316796,a
Wuhan,EUI,279.2955225,0.04877245426,a
Shanghai,EUI,107.1539687,0.02154892311,a
Shanghai,EUI,106.577636,-0.0006674246397,a
Wuhan,EUI,189.9606477,0.02725926787,a
Shanghai,EUI,186.0630269,0.0764567256,a
Wuhan,EUI,118.2591051,0.05386393145,a
Wuhan,EUI,279.5582219,0.1255747974,a
Guangzhou,EUI,210.7021049,0.08025088906,a
Wuhan,EUI,113.6977309,0.0914259553,a
Wuhan,EUI,195.7330632,0.004078582861,a
Shanghai,EUI,196.9700178,-0.0898283273,a
Shanghai,EUI,195.4514685,-0.03253745288,a
Shanghai,EUI,191.0414887,0.008568793535,a
Wuhan,EUI,114.1312516,0.07121886313,a
Shanghai,EUI,272.5330194,-0.01963398233,a
Shanghai,EUI,116.1881784,0.0007986539858,a
Shanghai,EUI,106.9527713,0.006517549045,a
Shanghai,EUI,106.577636,-0.05085499212,a
Shanghai,EUI,195.4514685,-0.05275826156,a
Beijing,EUI,31.89,0.001990496414,a
Shanghai,EUI,106.577636,-0.02322140522,a
Shanghai,EUI,195.4514685,-0.05934523419,a
Guangzhou,EUI,107.9448505,0.02867446095,a
Beijing,EUI,129.48,-0.01213106327,a
Wuhan,EUI,279.2955225,0.14676705,a
Shanghai,EUI,106.577636,0.04928419366,a
Guangzhou,EUI,205.7055775,-0.003417866072,a
Guangzhou,EUI,200.4752153,-0.02801826969,a
Shanghai,EUI,106.577636,0.01983793266,a
Shanghai,EUI,186.0630269,0.08302624524,a
Shanghai,EUI,106.1021412,-0.1958991736,a
Shanghai,EUI,195.4514685,-0.05605058745,a
Shanghai,EUI,191.0414887,-0.01796296425,a
Beijing,EUI,31.89,-0.2519718409,a
Beijing,EUI,31.89,-0.4661037624,a
Guangzhou,EUI,209.1166956,0.1341097206,a
Shanghai,EUI,122.5042299,-0.00705506932,a
Shanghai,EUI,112.0244119,0.02920160443,a
Shanghai,EUI,109.462613,0.02147908136,a
Beijing,EUI,107.68,-0.08021846414,a
Guangzhou,EUI,206.186642,-0.004539810121,a
Shanghai,EUI,107.585316,0.00463161245,a
Shanghai,EUI,107.4101181,0.01646651514,a
Shanghai,EUI,187.2485478,0.09701995552,a
Shanghai,EUI,109.462613,0.1061750799,a
Beijing,EUI,31.89,-0.3725429475,a
Wuhan,EUI,272.8449096,0.07337456197,a
Shanghai,EUI,195.2049422,-0.06806252897,a
Shanghai,EUI,188.2998177,-0.02985167317,a
Shanghai,EUI,189.724048,-0.05014429986,a
Shanghai,EUI,188.7835764,0.04701199755,a
Shanghai,EUI,109.462613,0.008662778884,a
Wuhan,EUI,195.7330632,0.0359047614,a
Shanghai,EUI,108.159227,-0.004107612185,a
Shanghai,EUI,110.056914,0.031529136,a
Beijing,EUI,31.89,-0.2990133464,a
Shanghai,EUI,122.5042299,-0.005209497176,a
Shanghai,EUI,188.2998177,-0.00942841731,a
Shanghai,EUI,195.2049422,-0.03854702413,a
Shanghai,EUI,122.5042299,-0.02233072184,a
Wuhan,EUI,190.3989335,-0.01090646349,a
Shanghai,EUI,188.2998177,-0.08049689233,a
Shanghai,EUI,188.2998177,-0.0193749927,a
Beijing,EUI,107.67,-0.04520777985,a
Guangzhou,EUI,198.9517433,-0.1785279512,a
Shanghai,EUI,106.577636,0.008334529586,a
Wuhan,EUI,191.9725421,0.2359296083,a
Shanghai,EUI,110.056914,0.03214781359,a
Shanghai,EUI,109.462613,0.07239370048,a
Shanghai,EUI,106.577636,0.01185889728,a
Shanghai,EUI,188.2998177,-0.02541185357,a
Wuhan,EUI,193.5994381,-0.1011880934,a
Beijing,EUI,31.89,-0.2400675267,a
Wuhan,EUI,113.6764439,0.09444529563,a
Wuhan,EUI,195.953976,-0.04203318432,a
Shanghai,EUI,187.4190981,0.1837306917,a
Wuhan,EUI,195.953976,0.02808881178,a
Shanghai,EUI,109.462613,0.02538552694,a
Shanghai,EUI,105.8683633,-0.2007104605,a
Shanghai,EUI,110.056914,0.01890667714,a
Shanghai,EUI,113.6707909,0.1455042362,a
Shanghai,EUI,186.0630269,-0.06088972092,a
Wuhan,EUI,115.0606403,-0.003777361708,a
Beijing,EUI,107.67,-0.07049390674,a
Shanghai,EUI,187.4190981,0.1009695902,a
Shanghai,EUI,108.419482,0.03034873866,a
Shanghai,EUI,278.6082818,-0.005323502235,a
Wuhan,EUI,116.4512692,-0.04919175059,a
Beijing,EUI,107.67,-0.008057555184,a
Shanghai,EUI,193.1126855,-0.05876055732,a
Shanghai,EUI,195.4514685,-0.05984377488,a
Wuhan,EUI,113.6764439,0.0146054104,a
Shanghai,EUI,188.2998177,-0.04745364189,a
Wuhan,EUI,195.953976,-0.1667314023,a
Wuhan,EUI,195.953976,0.008618213236,a
Guangzhou,EUI,210.1468176,0.01742461324,a
Wuhan,EUI,205.874483,0.110036917,a
Shanghai,EUI,272.5330194,-0.01754977927,a
Shanghai,EUI,193.1126855,-0.06694727391,a
Wuhan,EUI,195.953976,-0.07827721536,a
Beijing,EUI,31.89,-0.2428347468,a
Beijing,EUI,31.89,-0.422778666,a
Shanghai,EUI,107.4101181,-0.02768662386,a
Wuhan,EUI,115.8748305,0.07051061094,a
Shanghai,EUI,186.0630269,0.06027673557,a
Beijing,EUI,107.67,-0.0513930656,a
Wuhan,EUI,195.953976,0.122744903,a
Beijing,EUI,31.89,-0.3690229356,a
Shanghai,EUI,195.4514685,-0.04812928662,a
Beijing,EUI,107.67,-0.008893866092,a
Shanghai,EUI,189.724048,-0.1168254018,a
Wuhan,EUI,195.7330632,-0.0130915679,a
Shanghai,EUI,186.0630269,0.09268409759,a
Shanghai,EUI,191.1767205,0.04978198186,a
Shanghai,EUI,186.0630269,0.02097387612,a
Beijing,EUI,31.89,-0.278219074,a
Wuhan,EUI,190.3989335,-0.02803141624,a
Shanghai,EUI,275.8490294,-0.08803361654,a
Shanghai,EUI,105.2015884,-0.3217159212,a
Shanghai,EUI,106.0727756,-0.2384926826,a
Wuhan,EUI,110.7026683,-0.03673593327,a
Shanghai,EUI,106.9527713,0.0619157888,a
Shanghai,EUI,189.724048,-0.1053643078,a
Guangzhou,EUI,103.1281682,-0.181070298,a
Guangzhou,EUI,203.9964083,0.1349408627,a
Guangzhou,EUI,210.0137391,0.03289330751,a
Shanghai,EUI,195.4514685,-0.08230665326,a
Guangzhou,EUI,105.3184511,-0.1582676917,a
Shanghai,EUI,107.585316,0.07027027011,a
Beijing,EUI,107.68,0.03094431199,a
Wuhan,EUI,111.8004465,0.08455284685,a
Wuhan,EUI,279.5582219,0.108633019,a
Shanghai,EUI,278.6082818,0.03107843176,a
Wuhan,EUI,276.4682492,-0.0411125645,a
Beijing,EUI,107.68,0.01072866749,a
Shanghai,EUI,107.1539687,-0.003857642179,a
Shanghai,EUI,109.8196342,-0.01137160603,a
Wuhan,EUI,110.7026683,-0.02445056848,a
Beijing,EUI,31.89,-0.2425359637,a
Shanghai,EUI,188.2998177,0.05014475062,a
Shanghai,EUI,189.724048,-0.08694332093,a
Shanghai,EUI,191.0414887,0.04839463532,a
Beijing,EUI,107.67,-0.06456153095,a
Guangzhou,EUI,210.1468176,0.1159142926,a
Shanghai,EUI,187.2485478,0.131509155,a
Shanghai,EUI,109.462613,0.05684771016,a
Beijing,EUI,107.67,-0.07183177024,a
Guangzhou,EUI,210.7021049,0.06310939044,a
Beijing,EUI,31.89,-0.4286475182,a
Shanghai,EUI,106.4164739,-0.01205602102,a
Wuhan,EUI,112.2011206,0.04793588445,a
Shanghai,EUI,187.0125889,0.09754130244,a
Beijing,EUI,31.89,-0.471847266,a
Shanghai,EUI,276.9477067,-0.03541501611,a
Wuhan,EUI,195.7330632,-0.1092487127,a
Shanghai,EUI,195.4514685,-0.0517940484,a
Shanghai,EUI,191.1767205,-0.03695755079,a
Shanghai,EUI,186.0630269,0.08818472922,a
Shanghai,EUI,188.2998177,-0.02644497901,a
Wuhan,EUI,121.2145132,0.1360668242,a
Shanghai,EUI,106.9527713,0.005264308304,a
Guangzhou,EUI,210.7021049,0.01071262732,a
Wuhan,EUI,192.9705051,0.2105798423,a
Guangzhou,EUI,203.9964083,0.002013918245,a
Shanghai,EUI,197.3488027,0.06473585963,a
Shanghai,EUI,116.6010685,-0.01417902857,a
Shanghai,EUI,106.0727756,-0.09728354216,a
Shanghai,EUI,106.4164739,-0.07749225199,a
Guangzhou,EUI,210.1468176,-0.03714415431,a
Beijing,EUI,31.89,-0.5260444283,a
Wuhan,EUI,113.4132957,0.00668219151,a
Guangzhou,EUI,203.9964083,-0.01465926506,a
Shanghai,EUI,188.2998177,0.05038283765,a
Guangzhou,EUI,104.2987326,-0.3144579828,a
Beijing,EUI,50.04,-0.3195390105,a
Shanghai,EUI,108.419482,0.002221627161,a
Wuhan,EUI,113.4132957,0.03639189154,a
Guangzhou,EUI,210.7021049,0.11197263,a
Shanghai,EUI,116.6010685,0.01608450152,a
Shanghai,EUI,110.056914,-0.0005577947013,a
Shanghai,EUI,277.7011388,0.101803042,a
Shanghai,EUI,116.1881784,0.008582764305,a
Shanghai,EUI,109.462613,-0.004817788489,a
Shanghai,EUI,106.999129,-0.05594262108,a
Wuhan,EUI,191.9725421,0.2448654771,a
Wuhan,EUI,195.953976,0.01556329895,a
Guangzhou,EUI,210.7021049,0.0666924566,a
Beijing,EUI,107.67,-0.09999891371,a
Shanghai,EUI,116.1881784,-0.03920473158,a
Wuhan,EUI,195.7330632,0.1499699056,a
Shanghai,EUI,106.9527713,-0.08314017951,a
Wuhan,EUI,195.953976,-0.1057134345,a
Wuhan,EUI,193.5994381,-0.05547437444,a
Guangzhou,EUI,210.7021049,0.1059113294,a
Wuhan,EUI,110.4552686,0.01577925682,a
Shanghai,EUI,277.7011388,0.1529776901,a
Guangzhou,EUI,104.2885982,-0.5630379319,a
Guangzhou,EUI,209.1166956,-0.009256986901,a
Guangzhou,EUI,210.7021049,0.08110181242,a
Guangzhou,EUI,203.0657098,-0.06485694647,a
Guangzhou,EUI,107.9448505,0.0561318472,a
Shanghai,EUI,276.9477067,-0.05743966252,a
Wuhan,EUI,279.5582219,0.1823991239,a
Shanghai,EUI,187.6140269,0.05206691101,a
Guangzhou,EUI,118.3235398,-0.06012614071,a
Beijing,EUI,31.89,-0.230223909,a
Shanghai,EUI,186.0630269,0.275292784,a
Shanghai,EUI,108.159227,-0.03594733402,a
Wuhan,EUI,190.3989335,-0.04026697204,a
Beijing,EUI,31.89,0.2401639074,a
Guangzhou,EUI,206.186642,-0.05856662616,a
Shanghai,EUI,109.8196342,-0.05259314552,a
Shanghai,EUI,275.8490294,-0.02187170088,a
Wuhan,EUI,205.874483,0.03595717251,a
Shanghai,EUI,188.2998177,0.1917097569,a
Wuhan,EUI,190.3989335,0.02105846815,a
Shanghai,EUI,110.056914,0.02407300472,a
Shanghai,EUI,110.056914,-0.00143455388,a
Shanghai,EUI,188.2998177,0.03415247053,a
Shanghai,EUI,108.419482,-0.04382228106,a
Wuhan,EUI,195.953976,0.1440520883,a
Guangzhou,EUI,210.7021049,0.08573958278,a
Wuhan,EUI,113.6764439,-0.04509788007,a
Shanghai,EUI,189.724048,0.06646116823,a
Shanghai,EUI,195.4514685,-0.04507602379,a
Shanghai,EUI,186.0630269,0.09782683849,a
Wuhan,EUI,197.3821049,-0.1364223361,a
Wuhan,EUI,190.3989335,-0.06842264533,a
Shanghai,EUI,108.159227,0.008066251874,a
Shanghai,EUI,188.2998177,-0.02124909498,a
Shanghai,EUI,189.724048,-0.09113438427,a
Guangzhou,EUI,210.1468176,0.06699278951,a
Shanghai,EUI,278.6082818,0.07496996224,a
Guangzhou,EUI,210.7021049,0.005330107175,a
Shanghai,EUI,187.0125889,0.02974428982,a
Wuhan,EUI,111.8004465,0.1442577541,a
Shanghai,EUI,106.577636,-0.08189553767,a
Shanghai,EUI,187.2485478,0.2039302737,a
Wuhan,EUI,115.8773077,-0.03345097974,a
Wuhan,EUI,195.7330632,-0.03471136093,a
Shanghai,EUI,275.789566,-0.05664373189,a
Shanghai,EUI,276.9039955,0.03984034061,a
Guangzhou,EUI,203.9964083,-0.1419354826,a
Shanghai,EUI,187.2485478,-0.01020106673,a
Shanghai,EUI,112.5992859,0.03607595712,a
Shanghai,EUI,187.2485478,-0.0009898542194,a
Wuhan,EUI,118.2591051,0.1458543688,a
Beijing,EUI,107.67,-0.09308627248,a
Shanghai,EUI,278.6082818,0.1020562127,a
Shanghai,EUI,195.2049422,-0.06534478813,a
Shanghai,EUI,188.2998177,-0.0815981701,a
Wuhan,EUI,111.8004465,0.128148213,a
Shanghai,EUI,106.0727756,-0.06439299881,a
Wuhan,EUI,195.953976,0.05768180266,a
Shanghai,EUI,106.0727756,-0.3466431499,a
Wuhan,EUI,113.0252148,0.1645755619,a
Shanghai,EUI,195.4514685,-0.08176870644,a
Wuhan,EUI,205.874483,0.08234984428,a
Shanghai,EUI,195.4514685,-0.06665110588,a
Guangzhou,EUI,110.8968766,-0.01920862123,a
Guangzhou,EUI,111.1657101,0.06521823257,a
Shanghai,EUI,197.3488027,0.06813126802,a
Shanghai,EUI,106.577636,-0.03947979584,a
Guangzhou,EUI,210.1468176,0.06301669031,a
Guangzhou,EUI,209.1166956,0.1289573163,a
Beijing,EUI,31.89,-0.5462310314,a
Wuhan,EUI,282.7909668,0.08763236552,a
Guangzhou,EUI,210.7021049,0.07167965174,a
Shanghai,EUI,191.0414887,-0.009635221213,a
Shanghai,EUI,196.9700178,-0.06070737541,a
Shanghai,EUI,186.0630269,0.06146160886,a
Wuhan,EUI,197.3821049,-0.01959724165,a
Beijing,EUI,31.89,-0.2962152064,a
Shanghai,EUI,110.056914,0.02528984658,a
Wuhan,EUI,279.2955225,0.1557512432,a
Shanghai,EUI,116.2192045,-0.002382389735,a
Guangzhou,EUI,205.7055775,0.2442323267,a
Shanghai,EUI,195.4514685,0.001473538927,a
Beijing,EUI,107.67,-0.0991858393,a
Shanghai,EUI,110.056914,0.0001189028844,a
Wuhan,EUI,205.874483,0.0810828656,a
Shanghai,EUI,278.6082818,-0.01609059423,a
Beijing,EUI,107.68,-0.03761996329,a
Shanghai,EUI,274.2758624,-0.1321052164,a
Beijing,EUI,87.6,-0.4206056595,a
Shanghai,EUI,106.3644518,-0.1253923774,a
Shanghai,EUI,109.462613,0.05244276673,a
Beijing,EUI,31.89,-0.2448674142,a
Shanghai,EUI,189.724048,-0.09394171834,a
Wuhan,EUI,195.7330632,0.2703444064,a
Shanghai,EUI,109.9480087,-0.0214987006,a
Shanghai,EUI,187.0125889,0.08315109462,a
Shanghai,EUI,122.4113662,0.01954219863,a
Wuhan,EUI,195.7330632,-0.07131783664,a
Guangzhou,EUI,209.1166956,0.04992062971,a
Shanghai,EUI,188.2998177,0.09137216955,a
Wuhan,EUI,195.7330632,0.008306714706,a
Beijing,EUI,107.67,0.0154627692,a
Beijing,EUI,129.48,0.02200226858,a
Guangzhou,EUI,210.7021049,0.1053539813,a
Beijing,EUI,31.89,-0.5812022686,a
Shanghai,EUI,106.577636,0.01760861091,a
Shanghai,EUI,109.8196342,-0.04474166781,a
Beijing,EUI,31.89,-0.418838352,a
Shanghai,EUI,272.5330194,-0.01402022131,a
Shanghai,EUI,107.9804068,-0.04045314342,a
Beijing,EUI,31.89,-0.3327850699,a
Wuhan,EUI,195.953976,-0.08344353735,a
Beijing,EUI,31.89,0.06208636612,a
Shanghai,EUI,188.2998177,-0.01886354201,a
Shanghai,EUI,197.3488027,0.0564436987,a
Beijing,EUI,87.6,-0.3751952946,a
Shanghai,EUI,110.056914,-0.0001159345265,a
Shanghai,EUI,110.056914,0.02411768027,a
Shanghai,EUI,189.724048,-0.01707931235,a
Wuhan,EUI,113.6764439,0.1482524574,a
Shanghai,EUI,189.724048,-0.09200835973,a
Shanghai,EUI,105.771287,-0.1759810597,a
Wuhan,EUI,195.953976,0.1043379381,a
Guangzhou,EUI,205.7055775,-0.02122782171,a
Shanghai,EUI,191.1767205,0.03452611715,a
Shanghai,EUI,109.462613,0.04099362716,a
Wuhan,EUI,114.3902853,0.02568391338,a
Shanghai,EUI,193.1126855,-0.07259190828,a
Beijing,EUI,31.89,-0.1167075634,a
Shanghai,EUI,112.5992859,0.0291691497,a
Wuhan,EUI,279.5582219,0.04167630523,a
Shanghai,EUI,188.7835764,0.05548187718,a
Wuhan,EUI,195.7330632,-0.03377797827,a
Wuhan,EUI,189.9606477,0.004790113773,a
Beijing,EUI,31.89,-0.2453781366,a
Wuhan,EUI,190.3989335,0.03559033573,a
Wuhan,EUI,189.9606477,0.03383487463,a
Beijing,EUI,31.89,-0.561389327,a
Shanghai,EUI,193.1126855,-0.06627175212,a
Shanghai,EUI,107.585316,0.03895602375,a
Beijing,EUI,107.67,-0.07672760636,a
Shanghai,EUI,187.2485478,0.05825375766,a
Shanghai,EUI,187.2485478,0.07095592469,a
Shanghai,EUI,188.7835764,0.05454297736,a
Shanghai,EUI,186.0630269,0.03761641681,a
Beijing,EUI,129.48,-0.03850419074,a
Shanghai,EUI,193.1126855,0.02183714323,a
Shanghai,EUI,122.5042299,-0.02992543578,a
Shanghai,EUI,277.1405325,-0.0007121775416,a
Shanghai,EUI,186.0630269,-0.05419846252,a
Shanghai,EUI,110.056914,0.01589271054,a
Wuhan,EUI,195.953976,0.1507637203,a
Wuhan,EUI,279.2955225,0.1210054308,a
Wuhan,EUI,195.7330632,0.1140515283,a
Guangzhou,EUI,200.4752153,0.03357990831,a
Wuhan,EUI,195.7330632,-0.02771449462,a
Wuhan,EUI,118.2591051,0.04525136203,a
Shanghai,EUI,275.8490294,-0.08216229081,a
Shanghai,EUI,109.8196342,0.07418692857,a
Wuhan,EUI,195.953976,0.09884704649,a
Beijing,EUI,31.89,-0.2984878421,a
Shanghai,EUI,125.3372569,-0.009686187841,a
Shanghai,EUI,275.789566,-0.05541835725,a
Wuhan,EUI,113.6764439,0.06294943392,a
Beijing,EUI,107.67,0.1072789058,a
Beijing,EUI,107.68,0.003004207043,a
Beijing,EUI,31.89,-0.1218063012,a
Shanghai,EUI,186.0630269,-0.07940116525,a
Shanghai,EUI,106.1021412,-0.1397131383,a
Shanghai,EUI,188.2998177,-0.02192080766,a
Beijing,EUI,31.89,0.01717177778,a
Wuhan,EUI,190.3989335,-0.03610758483,a
Beijing,EUI,107.67,-0.1334150434,a
Wuhan,EUI,111.7492491,-0.01388182305,a
Wuhan,EUI,113.0252148,0.1380404234,a
Guangzhou,EUI,107.9448505,-0.02330238745,a
Shanghai,EUI,191.0414887,-0.00679448247,a
Beijing,EUI,31.89,-0.2689616084,a
Guangzhou,EUI,292.9646212,0.1967679113,a
Beijing,EUI,129.48,0.05098219588,a
Shanghai,EUI,193.1126855,-0.005689609796,a
Shanghai,EUI,103.7447431,-0.280057013,a
Shanghai,EUI,188.2998177,-0.0248477906,a
Shanghai,EUI,278.6082818,0.0677741915,a
Shanghai,EUI,277.1405325,0.03911424056,a
Guangzhou,EUI,107.9448505,-0.07652089,a
Shanghai,EUI,187.2485478,0.1426328272,a
Guangzhou,EUI,289.6627701,0.1705344915,a
Beijing,EUI,107.67,-0.09952187538,a
Shanghai,EUI,105.8683633,-0.109636575,a
Shanghai,EUI,274.2758624,-0.0572107546,a
Shanghai,EUI,107.585316,0.02396797016,a
Shanghai,EUI,196.9700178,0.004284388386,a
Wuhan,EUI,193.5994381,-0.02119683288,a
Guangzhou,EUI,105.3184511,-0.2239233404,a
Beijing,EUI,31.89,-0.2785323858,a
Shanghai,EUI,106.9527713,0.008755788207,a
Wuhan,EUI,205.874483,0.14445059,a
Beijing,EUI,107.67,-0.0490415208,a
Shanghai,EUI,110.056914,-0.07010605186,a
Wuhan,EUI,195.7330632,0.07963500917,a
Shanghai,EUI,109.462613,0.03165794536,a
Shanghai,EUI,189.724048,-0.06537982076,a
Shanghai,EUI,107.4101181,0.0296712853,a
Wuhan,EUI,195.953976,-0.08969115466,a
Beijing,EUI,31.89,-0.3719648421,a
Shanghai,EUI,116.2192045,0.01217984967,a
Shanghai,EUI,277.1405325,0.07231225073,a
Beijing,EUI,31.89,0.1129381135,a
Shanghai,EUI,191.0414887,0.04705603048,a
Shanghai,EUI,197.3488027,-0.008724234067,a
Shanghai,EUI,109.462613,0.0409408398,a
Shanghai,EUI,195.2049422,-0.06723222136,a
Wuhan,EUI,115.0606403,0.05959418043,a
Wuhan,EUI,115.8748305,0.1875502467,a
Shanghai,EUI,275.8490294,-0.05966506526,a
Shanghai,EUI,110.056914,0.01712336391,a
Wuhan,EUI,193.5994381,-0.0873350054,a
Shanghai,EUI,191.1767205,0.282484293,a
Beijing,EUI,107.68,-0.001414605184,a
Beijing,EUI,107.67,-0.08478395641,a
Shanghai,EUI,187.2485478,0.06015780568,a
Beijing,EUI,31.89,-0.2191561311,a
Beijing,EUI,107.67,-0.103197895,a
Shanghai,EUI,111.9129913,0.01508900803,a
Beijing,EUI,107.67,0.01096338779,a
Wuhan,EUI,205.874483,0.08678681403,a
Beijing,EUI,50.04,-0.3874701858,a
Shanghai,EUI,106.4164739,-0.0150296893,a
Wuhan,EUI,195.7330632,2.232186671e-05,a
Shanghai,EUI,191.1767205,0.04070712999,a
Wuhan,EUI,115.8748305,0.08293943107,a
Shanghai,EUI,189.724048,-0.03966264427,a
Beijing,EUI,107.67,-0.0894491896,a
Shanghai,EUI,107.4101181,-0.06015232205,a
Shanghai,EUI,107.4101181,0.04136701301,a
Beijing,EUI,129.48,0.08762589842,a
Shanghai,EUI,195.2049422,-0.08340239525,a
Shanghai,EUI,191.0414887,0.03369730711,a
Guangzhou,EUI,118.3235398,-0.05595019087,a
Wuhan,EUI,111.8004465,0.07332330197,a
Shanghai,EUI,107.4101181,0.05249932036,a
Wuhan,EUI,193.5994381,0.03031491488,a
Shanghai,EUI,191.0414887,-0.005332439207,a
Shanghai,EUI,110.056914,-0.009444865398,a
Guangzhou,EUI,198.9517433,0.038835641,a
Shanghai,EUI,195.4514685,-0.06717055291,a
Shanghai,EUI,188.2998177,-0.03754818439,a
Shanghai,EUI,186.0630269,0.1032388732,a
Beijing,EUI,107.68,-0.06488157809,a
Shanghai,EUI,272.5330194,-0.08241576701,a
Shanghai,EUI,188.7835764,0.02970800549,a
Shanghai,EUI,187.2485478,0.09379424155,a
Shanghai,EUI,186.0630269,0.09791117162,a
Shanghai,EUI,191.0414887,-0.006547903176,a
Wuhan,EUI,195.953976,-0.0206004791,a
Shanghai,EUI,277.1405325,-0.04957058281,a
Shanghai,EUI,106.577636,-0.01819722913,a
Shanghai,EUI,106.999129,-0.1709053069,a
Shanghai,EUI,186.0630269,0.01308237202,a
Shanghai,EUI,191.0414887,-0.04212506488,a
Beijing,EUI,107.67,-0.1031996831,a
Shanghai,EUI,106.0727756,-0.1725235581,a
Shanghai,EUI,195.2049422,-0.04860313609,a
Shanghai,EUI,106.9527713,0.02751786821,a
Wuhan,EUI,190.3989335,0.05905959383,a
Shanghai,EUI,186.0630269,0.004578604829,a
Beijing,EUI,31.89,-0.2302876264,a
Wuhan,EUI,195.953976,0.06070750207,a
Shanghai,EUI,106.4164739,-0.1951084435,a
Shanghai,EUI,106.577636,0.01938433945,a
Guangzhou,EUI,205.7055775,0.007931279019,a
Shanghai,EUI,191.0414887,0.02001806162,a
Wuhan,EUI,195.7330632,0.08145147562,a
Beijing,EUI,129.48,0.04910647124,a
Shanghai,EUI,109.9480087,0.0114079928,a
Shanghai,EUI,188.2998177,-0.03734002262,a
Wuhan,EUI,195.7330632,0.03259770572,a
Shanghai,EUI,191.0414887,-0.0123863332,a
Shanghai,EUI,187.2485478,0.005596179049,a
Shanghai,EUI,107.4101181,0.0003455993719,a
Beijing,EUI,31.89,0.1664070338,a
Shanghai,EUI,106.9527713,-0.0915267244,a
Shanghai,EUI,107.4101181,-0.0128841009,a
Beijing,EUI,107.67,-0.004348171875,a
Beijing,EUI,107.67,0.1149517,a
Beijing,EUI,31.89,0.2132092267,a
Shanghai,EUI,110.056914,0.02245236002,a
Beijing,EUI,31.89,0.2157765478,a
Beijing,EUI,107.67,-0.06705583632,a
Beijing,EUI,31.89,-0.4331710339,a
Shanghai,EUI,106.9552835,0.0442741923,a
Shanghai,EUI,195.4514685,-0.04813946038,a
Shanghai,EUI,274.2758624,-0.07717680931,a
Beijing,EUI,107.67,0.02708950266,a
Shanghai,EUI,116.7545492,0.2406483889,a
Shanghai,EUI,110.056914,-0.01688397489,a
Shanghai,EUI,187.2485478,0.1648920774,a
Shanghai,EUI,187.2485478,0.146003142,a
Shanghai,EUI,187.6140269,0.05899208039,a
Shanghai,EUI,191.0414887,-0.002464331454,a
Shanghai,EUI,108.159227,-0.00425128825,a
Wuhan,EUI,195.7330632,-0.0492159985,a
Shanghai,EUI,187.2485478,0.1598926634,a
Shanghai,EUI,187.0125889,0.06599472463,a
Wuhan,EUI,190.3989335,-0.05616180226,a
Shanghai,EUI,106.4164739,-0.02434790507,a
Guangzhou,EUI,210.7021049,-0.01518862322,a
Beijing,EUI,31.89,-0.3015551865,a
Shanghai,EUI,187.0125889,0.1392641962,a
Wuhan,EUI,115.8748305,0.07444284111,a
Beijing,EUI,107.67,-0.08407847583,a
Shanghai,EUI,188.2998177,-0.1090388969,a
Wuhan,EUI,189.9606477,0.07283321768,a
Shanghai,EUI,188.2998177,-0.1062887162,a
Beijing,EUI,31.89,-0.5940226316,a
Shanghai,EUI,107.1539687,0.02427311987,a
Shanghai,EUI,106.577636,0.01058818586,a
Shanghai,EUI,193.1126855,-0.07885252684,a
Beijing,EUI,107.67,-0.008140788414,a
Beijing,EUI,31.89,-0.1481755227,a
Shanghai,EUI,106.4164739,-0.01665659063,a
Shanghai,EUI,106.577636,-0.02267498523,a
Shanghai,EUI,191.1767205,0.1591562182,a
Shanghai,EUI,186.0630269,-0.01899777167,a
Guangzhou,EUI,118.3235398,-0.0429498814,a
Shanghai,EUI,188.7835764,0.03711848333,a
Beijing,EUI,31.89,0.347060293,a
Wuhan,EUI,195.7330632,-0.04653107747,a
Beijing,EUI,107.67,-0.06316641718,a
Wuhan,EUI,115.8748305,0.07655863464,a
Guangzhou,EUI,210.1468176,0.1002384126,a
Shanghai,EUI,106.9552835,-0.1529985517,a
Shanghai,EUI,195.4514685,-0.02349475771,a
Beijing,EUI,31.89,-0.2541188002,a
Shanghai,EUI,116.7545492,-0.04321638122,a
Wuhan,EUI,112.0731723,0.0252561979,a
Beijing,EUI,107.67,0.1042718291,a
Beijing,EUI,129.48,0.06684815884,a
Shanghai,EUI,116.2192045,0.02038322762,a
Wuhan,EUI,113.6977309,0.07320288569,a
Shanghai,EUI,116.1881784,0.02414660715,a
Shanghai,EUI,188.2998177,-0.08039637655,a
Wuhan,EUI,113.6977309,0.1095090359,a
Shanghai,EUI,108.159227,-0.006942003034,a
Shanghai,EUI,116.7545492,-0.008403025568,a
Beijing,EUI,107.67,-0.008853759617,a
Shanghai,EUI,193.1126855,-0.01978778094,a
Wuhan,EUI,110.4552686,-0.05563216656,a
Shanghai,EUI,107.4101181,-0.06108367443,a
Shanghai,EUI,109.462613,0.03094338812,a
Wuhan,EUI,195.953976,0.05949470028,a
Shanghai,EUI,109.8196342,0.02342947759,a
Beijing,EUI,107.67,-0.01849830896,a
Shanghai,EUI,107.4101181,0.03762055188,a
Shanghai,EUI,187.2485478,0.106285803,a
Shanghai,EUI,188.2998177,0.02906667255,a
Shanghai,EUI,187.2485478,0.05543657392,a
Wuhan,EUI,276.8722815,-0.01027158462,a
Shanghai,EUI,278.6082818,0.01863320731,a
Shanghai,EUI,110.056914,0.03614731133,a
Beijing,EUI,107.68,-0.1041195765,a
Shanghai,EUI,186.0630269,0.1122565344,a
Shanghai,EUI,195.4514685,-0.04492071271,a
Shanghai,EUI,195.2049422,-0.1065257266,a
Wuhan,EUI,190.3989335,0.01048199274,a
Beijing,EUI,31.89,-0.03323115408,a
Beijing,EUI,31.89,-0.5224262476,a
Shanghai,EUI,277.1405325,0.06523944438,a
Shanghai,EUI,109.9480087,0.01326549239,a
Shanghai,EUI,195.4514685,-0.05969386175,a
Beijing,EUI,31.89,-0.3249002397,a
Shanghai,EUI,107.1539687,-0.03594429418,a
Shanghai,EUI,277.1405325,-0.05533544719,a
Beijing,EUI,129.48,0.11354056,a
Shanghai,EUI,186.0630269,0.1775259078,a
Shanghai,EUI,186.0630269,0.08999910206,a
Shanghai,EUI,187.2485478,0.1646365821,a
Shanghai,EUI,191.1767205,0.1569223553,a
Shanghai,EUI,105.485991,-0.248956427,a
Beijing,EUI,31.89,0.09601991624,a
Shanghai,EUI,107.1539687,-0.005225812085,a
Shanghai,EUI,106.0727756,-0.143962115,a
Shanghai,EUI,186.0630269,-0.08264137805,a
Guangzhou,EUI,210.7021049,0.08768850565,a
Shanghai,EUI,106.577636,0.0259067174,a
Shanghai,EUI,107.1539687,0.006387414411,a
Shanghai,EUI,186.0630269,-0.05958493426,a
Shanghai,EUI,193.1126855,-0.06299737841,a
Wuhan,EUI,196.5667452,-0.04947452247,a
Shanghai,EUI,107.9609077,-0.03848008439,a
Guangzhou,EUI,210.7021049,0.02471199073,a
Beijing,EUI,107.67,-0.00758884754,a
Shanghai,EUI,106.999129,-0.1891075075,a
Shanghai,EUI,106.0727756,-0.1491487473,a
Shanghai,EUI,196.9700178,-0.1199181378,a
Beijing,EUI,31.89,-0.3382386863,a
Beijing,EUI,31.89,0.0395010151,a
Shanghai,EUI,196.9700178,-0.0225065425,a
Shanghai,EUI,195.4514685,-0.05317907035,a
Shanghai,EUI,276.9039955,-0.06177006662,a
Shanghai,EUI,191.1767205,0.05057439953,a
Wuhan,EUI,195.7330632,0.1655311882,a
Beijing,EUI,31.89,0.2740029097,a
Shanghai,EUI,187.0125889,0.05341189355,a
Shanghai,EUI,195.2049422,-0.07338117063,a
Shanghai,EUI,191.1767205,0.02394877188,a
Shanghai,EUI,187.2485478,0.1414747834,a
Beijing,EUI,87.6,-0.5862996578,a
Guangzhou,EUI,210.7021049,0.118849434,a
Shanghai,EUI,107.4101181,0.003219638253,a
Beijing,EUI,107.67,-0.09462120384,a
Shanghai,EUI,188.2998177,0.006923923735,a
Shanghai,EUI,110.056914,0.05480692163,a
Shanghai,EUI,106.9527713,0.01431329735,a
Wuhan,EUI,114.1312516,0.07448454946,a
Shanghai,EUI,195.2049422,-0.03836685792,a
Shanghai,EUI,191.1767205,0.01659309678,a
Beijing,EUI,107.67,0.0242544245,a
Guangzhou,EUI,210.7021049,0.03674824536,a
Wuhan,EUI,190.3989335,-0.07803899795,a
Shanghai,EUI,196.9700178,-0.08126225322,a
Shanghai,EUI,187.4190981,0.06479264796,a
Guangzhou,EUI,205.7055775,0.01292861439,a
Guangzhou,EUI,210.1468176,0.06210090965,a
Shanghai,EUI,106.9527713,0.02018031105,a
Wuhan,EUI,192.9705051,0.2219717652,a
Guangzhou,EUI,209.1166956,0.08001716435,a
Guangzhou,EUI,210.7021049,0.05974881351,a
Beijing,EUI,107.68,-0.0271834489,a
Wuhan,EUI,111.7492491,0.001747426228,a
Wuhan,EUI,113.6764439,0.1086454391,a
Beijing,EUI,87.6,-0.4734983146,a
Shanghai,EUI,186.0630269,0.2842223346,a
Wuhan,EUI,205.874483,0.03403047472,a
Guangzhou,EUI,106.0466835,-0.3979423344,a
Shanghai,EUI,272.5330194,0.007689798251,a
Shanghai,EUI,106.9527713,0.0171570424,a
Shanghai,EUI,193.1126855,-0.09646063298,a
Shanghai,EUI,276.9477067,-0.02459726855,a
Shanghai,EUI,103.7447431,-0.3605422974,a
Shanghai,EUI,106.999129,-0.1215073317,a
Shanghai,EUI,277.1405325,0.01933906227,a
Wuhan,EUI,115.8773077,-0.1124886647,a
Guangzhou,EUI,105.3184511,-0.1979981661,a
Guangzhou,EUI,200.4752153,-0.07041172683,a
Shanghai,EUI,193.1126855,-0.06540317833,a
Beijing,EUI,31.89,-0.2380825579,a
Shanghai,EUI,106.4164739,-0.02658184804,a
Shanghai,EUI,272.5330194,-0.02472631633,a
Shanghai,EUI,110.056914,0.001026174286,a
Shanghai,EUI,116.6010685,0.03687691689,a
Shanghai,EUI,109.462613,0.02341427468,a
Shanghai,EUI,196.9700178,-0.03852802515,a
Wuhan,EUI,121.2145132,0.1662543118,a
Shanghai,EUI,188.2998177,0.0004293589736,a
Shanghai,EUI,106.577636,-0.03917514905,a
Shanghai,EUI,195.4514685,-0.05415558442,a
Shanghai,EUI,188.7835764,0.04749491438,a
Shanghai,EUI,186.0630269,0.08271530271,a
Shanghai,EUI,186.0630269,0.1303995103,a
Shanghai,EUI,105.485991,-0.1783760786,a
Guangzhou,EUI,210.7021049,0.008915756829,a
Shanghai,EUI,276.9477067,-0.01867040619,a
Shanghai,EUI,106.9527713,0.004522928968,a
Guangzhou,EUI,210.7021049,0.04421891272,a
Shanghai,EUI,109.462613,-0.04228300601,a
Shanghai,EUI,106.0727756,-0.08342880756,a
Wuhan,EUI,195.7330632,0.009100936353,a
Beijing,EUI,107.67,-0.1137933582,a
Shanghai,EUI,191.1767205,0.2205987871,a
Shanghai,EUI,112.5992859,0.1141107827,a
Wuhan,EUI,120.59855,0.07140398771,a
Wuhan,EUI,113.6977309,-0.0298149325,a
Shanghai,EUI,110.056914,0.0508098118,a
Shanghai,EUI,107.585316,0.07390651107,a
Beijing,EUI,107.67,0.03237398714,a
Guangzhou,EUI,205.7055775,0.05266617984,a
Shanghai,EUI,186.0630269,-0.05606966838,a
Beijing,EUI,107.68,-0.0589334704,a
Beijing,EUI,107.67,-0.04330786318,a
Wuhan,EUI,197.3821049,-0.03481638804,a
Beijing,EUI,107.67,-0.07652961463,a
Shanghai,EUI,107.585316,0.03682780266,a
Guangzhou,EUI,203.9964083,-0.0323405005,a
Shanghai,EUI,105.771287,-0.189679414,a
Shanghai,EUI,186.0630269,0.1028933376,a
Shanghai,EUI,197.3488027,-0.00265914551,a
Guangzhou,EUI,102.243521,-0.5646840334,a
Shanghai,EUI,189.724048,-0.04295310006,a
Shanghai,EUI,196.9700178,-0.05088782683,a
Shanghai,EUI,193.1126855,-0.002533005318,a
Shanghai,EUI,277.1405325,0.0389463082,a
Shanghai,EUI,188.2998177,0.01428922266,a
Wuhan,EUI,282.7909668,0.1202547476,a
Shanghai,EUI,191.0414887,0.09968341887,a
Shanghai,EUI,191.1767205,-0.01925015822,a
Shanghai,EUI,107.585316,0.006731405854,a
Shanghai,EUI,187.0125889,0.1082165763,a
Wuhan,EUI,195.953976,0.0103116408,a
Shanghai,EUI,106.1021412,-0.2070073932,a
Guangzhou,EUI,198.9517433,-0.1266741306,a
Beijing,EUI,107.67,-0.1135795936,a
Beijing,EUI,31.89,-0.3559347689,a
Wuhan,EUI,195.7330632,0.1278337836,a
Shanghai,EUI,187.2485478,0.08166392148,a
Shanghai,EUI,188.2998177,-0.1191972718,a
Shanghai,EUI,191.0414887,0.01529982686,a
Beijing,EUI,31.89,-0.3234882653,a
Guangzhou,EUI,210.7021049,0.00559520442,a
Beijing,EUI,107.67,-0.1251689643,a
Shanghai,EUI,193.1126855,-0.07747195661,a
Guangzhou,EUI,210.1468176,0.07709503174,a
Shanghai,EUI,109.462613,0.07963321358,a
Shanghai,EUI,278.6082818,0.03150276095,a
Shanghai,EUI,187.2485478,0.110563539,a
Shanghai,EUI,106.577636,0.01362704299,a
Shanghai,EUI,109.8196342,0.03623988479,a
Shanghai,EUI,196.9700178,0.0009652024019,a
Beijing,EUI,107.67,-0.00296548754,a
Shanghai,EUI,110.056914,0.01774340123,a
Beijing,EUI,107.67,-0.006650210358,a
Shanghai,EUI,188.2998177,-0.08117473125,a
Shanghai,EUI,107.585316,0.07649724931,a
Shanghai,EUI,195.4514685,-0.1191964447,a
Shanghai,EUI,112.5992859,0.1570982188,a
Shanghai,EUI,103.698807,-0.204353109,a
Shanghai,EUI,188.2998177,0.009446615353,a
Beijing,EUI,107.67,0.1083149314,a
Shanghai,EUI,107.9609077,-0.03219727427,a
Shanghai,EUI,106.9527713,0.0009519956075,a
Shanghai,EUI,187.2485478,0.08126296103,a
Shanghai,EUI,196.9700178,-0.04506793618,a
Shanghai,EUI,109.8196342,-0.04844984412,a
Shanghai,EUI,106.9527713,-0.003620924661,a
Shanghai,EUI,106.577636,-0.02173943259,a
Beijing,EUI,31.89,-0.2533502281,a
Wuhan,EUI,205.874483,0.06368743628,a
Shanghai,EUI,189.724048,-0.01814616658,a
Wuhan,EUI,114.2417941,0.2753221691,a
Shanghai,EUI,187.0125889,-0.03785531595,a
Guangzhou,EUI,210.0137391,-0.03026758879,a
Shanghai,EUI,116.6010685,-0.01268045045,a
Guangzhou,EUI,292.9646212,0.1849080771,a
Wuhan,EUI,114.3902853,0.04157886654,a
Wuhan,EUI,115.0606403,0.06986901909,a
Shanghai,EUI,195.2049422,-0.06013362855,a
Guangzhou,EUI,210.7021049,-0.04308360815,a
Shanghai,EUI,189.724048,-0.01175292209,a
Wuhan,EUI,192.4179605,0.08542784303,a
Wuhan,EUI,190.3989335,-0.09648108482,a
Wuhan,EUI,112.2011206,0.1525238007,a
Shanghai,EUI,106.4164739,-0.08512739837,a
Shanghai,EUI,187.0125889,0.05503969267,a
Guangzhou,EUI,118.3235398,-0.04372361675,a
Shanghai,EUI,196.9700178,-0.1407357752,a
Shanghai,EUI,186.0630269,0.08414322138,a
Shanghai,EUI,195.4514685,-0.07410228252,a
Shanghai,EUI,195.2049422,-0.1020717472,a
Shanghai,EUI,193.1126855,0.005400963128,a
Guangzhou,EUI,118.3235398,-0.03867419809,a
Shanghai,EUI,187.2485478,0.08614822477,a
Shanghai,EUI,125.3372569,-0.004126721062,a
Shanghai,EUI,186.0630269,0.07286258787,a
Shanghai,EUI,193.1126855,-0.09382081032,a
Shanghai,EUI,106.9527713,-0.1022536829,a
Shanghai,EUI,197.3488027,0.07285483927,a
Shanghai,EUI,116.1881784,-0.05812809989,a
Shanghai,EUI,110.056914,0.01665711403,a
Wuhan,EUI,121.2145132,0.2306145728,a
Shanghai,EUI,277.1405325,0.1011283547,a
Shanghai,EUI,196.9700178,-0.08835479617,a
Beijing,EUI,31.89,-0.2077055126,a
Beijing,EUI,31.89,-0.3730655909,a
Wuhan,EUI,114.3902853,0.03295435011,a
Shanghai,EUI,186.0630269,-0.01635717973,a
Shanghai,EUI,113.6707909,0.1166295558,a
Wuhan,EUI,205.874483,0.06434501708,a
Beijing,EUI,31.89,-0.2514758408,a
Shanghai,EUI,197.3488027,0.009920391254,a
Shanghai,EUI,188.2998177,-0.003438231302,a
Shanghai,EUI,189.724048,-0.02163513377,a
Wuhan,EUI,110.7026683,-0.1089740917,a
Shanghai,EUI,106.999129,-0.03472084552,a
Shanghai,EUI,196.9700178,-0.08043345809,a
Shanghai,EUI,110.056914,0.0512163341,a
Wuhan,EUI,114.3902853,0.04993872344,a
Wuhan,EUI,115.0606403,0.05710119754,a
Wuhan,EUI,114.3902853,0.04027764127,a
Beijing,EUI,31.89,0.09403951466,a
Shanghai,EUI,107.9609077,-0.05570043996,a
Shanghai,EUI,187.2485478,0.07940066606,a
Guangzhou,EUI,124.712827,0.04539951682,a
Shanghai,EUI,189.724048,-0.05123214424,a
Shanghai,EUI,109.462613,0.09841462225,a
Wuhan,EUI,192.9705051,0.1904184967,a
Guangzhou,EUI,107.9448505,0.0452615656,a
Shanghai,EUI,195.4514685,-0.09554500878,a
Wuhan,EUI,114.2417941,0.09592036903,a
Shanghai,EUI,106.999129,-0.09371837229,a
Shanghai,EUI,191.0414887,-0.006710073911,a
Wuhan,EUI,113.6764439,0.1118173301,a
Shanghai,EUI,107.585316,-0.01779374667,a
Shanghai,EUI,187.2485478,0.1269444972,a
Shanghai,EUI,193.1126855,-0.1051810533,a
Shanghai,EUI,115.325407,0.02813377976,a
Shanghai,EUI,106.0727756,-0.1545987576,a
Wuhan,EUI,193.5994381,-0.06086081266,a
Beijing,EUI,107.68,0.04147876054,a
Shanghai,EUI,105.771287,-0.2272580415,a
Shanghai,EUI,106.0727756,-0.4131331742,a
Shanghai,EUI,110.056914,0.001223519444,a
Shanghai,EUI,116.2192045,0.01052338071,a
Shanghai,EUI,191.0414887,0.01739291102,a
Shanghai,EUI,110.056914,0.002221579431,a
Wuhan,EUI,190.3989335,0.06228514388,a
Shanghai,EUI,125.3372569,-0.06881862879,a
Shanghai,EUI,278.6082818,0.006838899106,a
Wuhan,EUI,119.7108916,0.09852165729,a
Wuhan,EUI,195.7330632,-0.02873250656,a
Shanghai,EUI,188.2998177,-0.1318457276,a
Wuhan,EUI,116.4512692,0.1699092835,a
Wuhan,EUI,110.4552686,0.01563847251,a
Guangzhou,EUI,206.186642,0.01443307288,a
Wuhan,EUI,195.7330632,-0.05932620168,a
Shanghai,EUI,110.056914,-0.01841232367,a
Shanghai,EUI,107.1539687,0.001703502494,a
Shanghai,EUI,193.1126855,-0.08738084882,a
Shanghai,EUI,274.2758624,-0.01223540679,a
Shanghai,EUI,195.4514685,-0.0681713894,a
Wuhan,EUI,114.2417941,0.06712829322,a
Shanghai,EUI,187.4190981,0.1669626385,a
Beijing,EUI,31.89,-0.2842433453,a
Shanghai,EUI,195.4514685,-0.07312259823,a
Wuhan,EUI,110.7026683,-0.04559257999,a
Guangzhou,EUI,205.7055775,0.02920207381,a
Shanghai,EUI,186.0630269,0.1217715368,a
Shanghai,EUI,110.056914,-0.02058917657,a
Beijing,EUI,31.89,-0.3313851357,a
Guangzhou,EUI,203.9964083,-0.1084835827,a
Guangzhou,EUI,206.186642,0.04803656414,a
Shanghai,EUI,277.1405325,-0.04042688757,a
Guangzhou,EUI,209.1166956,-0.05448906869,a
Beijing,EUI,107.67,-0.03855762631,a
Shanghai,EUI,110.056914,0.007120492868,a
Shanghai,EUI,109.8196342,0.1219164282,a
Wuhan,EUI,190.3989335,-0.008750120178,a
Shanghai,EUI,278.6082818,0.06221488863,a
Shanghai,EUI,103.7447431,-0.5793095827,a
Guangzhou,EUI,210.1468176,0.07922559232,a
Shanghai,EUI,110.056914,0.001011341112,a
Shanghai,EUI,187.6140269,0.1232517213,a
Shanghai,EUI,187.4190981,0.1111224368,a
Shanghai,EUI,196.9700178,-0.0331325978,a
Shanghai,EUI,278.6082818,0.08058096468,a
Wuhan,EUI,114.1312516,0.004624301568,a
Wuhan,EUI,112.2011206,0.08866973966,a
Shanghai,EUI,191.1767205,0.1082808599,a
Shanghai,EUI,186.0630269,0.06582526118,a
Shanghai,EUI,187.2485478,0.07044903189,a
Shanghai,EUI,106.577636,-0.02246507816,a
Shanghai,EUI,196.9700178,-0.1025482938,a
Shanghai,EUI,186.0630269,0.008388088085,a
Shanghai,EUI,109.462613,0.03631952778,a
Shanghai,EUI,187.2485478,-0.09702181816,a
Shanghai,EUI,187.2485478,0.1008024365,a
Beijing,EUI,107.67,-0.02383347973,a
Wuhan,EUI,111.7492491,-0.0442628786,a
Shanghai,EUI,195.4514685,-0.07941733301,a
Beijing,EUI,31.89,-0.4031413198,a
Shanghai,EUI,107.9609077,-0.03037467785,a
Wuhan,EUI,111.8004465,0.1408976167,a
Shanghai,EUI,197.3488027,0.02171793953,a
Shanghai,EUI,110.056914,0.02923675999,a
Shanghai,EUI,107.585316,0.1378518641,a
Guangzhou,EUI,209.1166956,-0.1253960431,a
Beijing,EUI,31.89,-0.5023576021,a
Guangzhou,EUI,206.186642,0.02801299095,a
Wuhan,EUI,113.6977309,0.09870998561,a
Wuhan,EUI,189.9606477,0.1588880271,a
Shanghai,EUI,195.4514685,-0.02764597163,a
Shanghai,EUI,193.1126855,0.008811209351,a
Shanghai,EUI,195.4514685,-0.0908144787,a
Wuhan,EUI,190.3989335,0.02441516146,a
Shanghai,EUI,107.585316,0.01184477098,a
Shanghai,EUI,112.5992859,0.1212412044,a
Wuhan,EUI,121.2145132,0.2711212337,a
Shanghai,EUI,189.724048,-0.02304701693,a
Shanghai,EUI,107.1539687,0.009433016181,a
Shanghai,EUI,278.6082818,0.2052950561,a
Wuhan,EUI,197.3821049,0.01065805648,a
Beijing,EUI,31.89,-0.281155467,a
Wuhan,EUI,195.953976,-0.04736367241,a
Shanghai,EUI,277.1405325,0.07931378484,a
Beijing,EUI,107.68,-0.1090685204,a
Shanghai,EUI,109.8968758,-0.1714915484,a
Shanghai,EUI,193.1126855,-0.1342196912,a
Shanghai,EUI,277.1405325,-0.01642416604,a
Shanghai,EUI,193.1126855,-0.099693425,a
Guangzhou,EUI,198.9517433,0.01334052347,a
Guangzhou,EUI,102.5401097,-0.1582009792,a
Wuhan,EUI,190.3989335,0.1273961514,a
Shanghai,EUI,197.3488027,-0.01889020577,a
Wuhan,EUI,113.6977309,0.05642218515,a
Wuhan,EUI,113.0252148,0.09943024814,a
Shanghai,EUI,187.6140269,0.03605259582,a
Wuhan,EUI,114.3902853,0.06512200832,a
Shanghai,EUI,188.2998177,-0.05409341305,a
Shanghai,EUI,188.2998177,0.003669260303,a
Guangzhou,EUI,210.7021049,0.03894180804,a
Shanghai,EUI,188.2998177,-0.02526634932,a
Beijing,EUI,107.68,-0.01676462218,a
Shanghai,EUI,193.1126855,-0.04657179862,a
Shanghai,EUI,107.1539687,-0.01529466361,a
Shanghai,EUI,107.4101181,0.01066942699,a
Shanghai,EUI,187.2485478,0.0387394838,a
Wuhan,EUI,196.5667452,0.105043292,a
Shanghai,EUI,109.462613,0.001442009932,a
Wuhan,EUI,111.8004465,0.0921529755,a
Shanghai,EUI,107.585316,0.149469614,a
Beijing,EUI,31.89,-0.5479014516,a
Shanghai,EUI,195.4514685,0.002535086824,a
Beijing,EUI,31.89,-0.472877562,a
Guangzhou,EUI,210.7021049,0.06383009255,a
Shanghai,EUI,107.4101181,0.007100542076,a
Shanghai,EUI,107.9804068,-0.07646005601,a
Wuhan,EUI,195.953976,-0.06581958383,a
Shanghai,EUI,106.4164739,-0.21296224,a
Shanghai,EUI,276.9039955,0.09067039937,a
Guangzhou,EUI,210.7021049,0.08036403358,a
Shanghai,EUI,106.4164739,-0.0008676617872,a
Beijing,EUI,31.89,-0.2779526114,a
Shanghai,EUI,195.4514685,-0.06472148746,a
Guangzhou,EUI,106.0466835,-0.3141044378,a
Shanghai,EUI,275.8490294,-0.01620848104,a
Shanghai,EUI,196.9700178,-0.08900052309,a
Guangzhou,EUI,206.186642,0.1275355965,a
Shanghai,EUI,109.462613,0.06111233681,a
Shanghai,EUI,106.9527713,-0.006639692001,a
Shanghai,EUI,272.5330194,-0.01247600652,a
Beijing,EUI,107.67,-0.09588124603,a
Shanghai,EUI,107.9609077,-0.04873369634,a
Beijing,EUI,107.67,-0.05889468268,a
Shanghai,EUI,195.4514685,0.02065604925,a
Shanghai,EUI,277.1405325,-0.03233911097,a
Shanghai,EUI,277.1405325,0.06393530965,a
Shanghai,EUI,107.1539687,-0.1109391525,a
Shanghai,EUI,186.0630269,0.09697157145,a
Wuhan,EUI,114.2417941,0.1210423112,a
Wuhan,EUI,282.7909668,0.04673103243,a
Shanghai,EUI,107.585316,0.02009605058,a
Wuhan,EUI,195.953976,-0.06719039381,a
Shanghai,EUI,106.577636,-0.0278737098,a
Wuhan,EUI,195.7330632,0.1676052362,a
Beijing,EUI,129.48,0.04636817425,a
Wuhan,EUI,113.6977309,0.07668077946,a
Shanghai,EUI,106.577636,0.03460870311,a
Beijing,EUI,107.67,0.03608245403,a
Shanghai,EUI,187.2485478,0.06560523808,a
Shanghai,EUI,188.2998177,0.02260717005,a
Wuhan,EUI,114.3902853,0.03306421265,a
Wuhan,EUI,110.7026683,0.02211340331,a
Wuhan,EUI,114.2417941,0.1425736398,a
Wuhan,EUI,113.6977309,0.07837129384,a
Shanghai,EUI,106.0727756,-0.2504951656,a
Shanghai,EUI,106.9527713,-0.1595173329,a
Shanghai,EUI,197.3488027,-0.04921067134,a
Shanghai,EUI,112.5992859,0.08952976763,a
Wuhan,EUI,113.6764439,0.01090688817,a
Shanghai,EUI,193.1126855,-0.1066141874,a
Shanghai,EUI,110.056914,-0.08245928586,a
Beijing,EUI,107.68,-0.0699679628,a
Wuhan,EUI,197.3821049,0.08243222535,a
Shanghai,EUI,106.9527713,0.03982005268,a
Shanghai,EUI,110.056914,-0.0005354874302,a
Shanghai,EUI,110.056914,-0.007920552045,a
Wuhan,EUI,114.2417941,0.2346844673,a
Guangzhou,EUI,210.1468176,0.07880093157,a
Shanghai,EUI,110.056914,0.02120430209,a
Guangzhou,EUI,205.7055775,0.02724104002,a
Guangzhou,EUI,107.3167757,0.0113065131,a
Wuhan,EUI,190.3989335,0.008532437496,a
Shanghai,EUI,107.585316,0.0008849715814,a
Beijing,EUI,31.89,-0.4114933014,a
Shanghai,EUI,187.0125889,0.04116697237,a
Shanghai,EUI,195.4514685,-0.0194127541,a
Shanghai,EUI,189.724048,-0.06509144604,a
Guangzhou,EUI,210.7021049,0.03812808543,a
Beijing,EUI,107.67,0.02957872674,a
Shanghai,EUI,188.2998177,-0.00557661429,a
Wuhan,EUI,281.3707237,0.08926583081,a
Shanghai,EUI,188.2998177,-0.03827605024,a
Beijing,EUI,107.67,0.007226475514,a
Guangzhou,EUI,210.7021049,0.1066859812,a
Shanghai,EUI,195.4514685,-0.01361926086,a
Shanghai,EUI,187.0125889,0.03723221645,a
Wuhan,EUI,272.8257853,0.01161910966,a
Guangzhou,EUI,118.3235398,0.001012616442,a
Wuhan,EUI,113.6977309,0.07713792473,a
Shanghai,EUI,110.056914,-0.03670898452,a
Wuhan,EUI,113.0252148,0.1612629592,a
Shanghai,EUI,112.5992859,0.09334986657,a
Wuhan,EUI,116.2730259,0.01123765204,a
Wuhan,EUI,195.7330632,-0.04303885996,a
Shanghai,EUI,187.2485478,-0.0195395872,a
Wuhan,EUI,114.2417941,0.1847802997,a
Shanghai,EUI,195.4514685,-0.07286482304,a
Shanghai,EUI,188.2998177,-0.06672575325,a
Wuhan,EUI,116.4512692,0.1478044391,a
Beijing,EUI,107.67,-0.04735453054,a
Shanghai,EUI,107.4101181,0.06853180379,a
Shanghai,EUI,272.5330194,-0.05534335971,a
Shanghai,EUI,107.4101181,-0.08941072971,a
Shanghai,EUI,193.1126855,-0.09883218259,a
Shanghai,EUI,112.5992859,0.1252559572,a
Shanghai,EUI,188.2998177,0.04993538186,a
Beijing,EUI,66.3,-0.2557891309,a
Shanghai,EUI,272.5330194,-0.05766480789,a
Wuhan,EUI,118.2591051,0.09957984835,a
Beijing,EUI,107.68,-0.06289066374,a
Beijing,EUI,107.68,0.03920138255,a
Shanghai,EUI,107.585316,0.02840218507,a
Shanghai,EUI,193.1126855,-0.05052234232,a
Guangzhou,EUI,107.9448505,-0.1392153203,a
Wuhan,EUI,113.6977309,0.1112553328,a
Guangzhou,EUI,210.7021049,0.06976263225,a
Shanghai,EUI,116.1881784,0.007476685103,a
Shanghai,EUI,188.2998177,-0.07273919135,a
Shanghai,EUI,105.2015884,-0.3258285224,a
Guangzhou,EUI,205.7055775,0.1108537391,a
Wuhan,EUI,195.953976,-0.08859656006,a
Shanghai,EUI,103.7447431,-0.4771184325,a
Shanghai,EUI,122.5042299,-0.003722038819,a
Shanghai,EUI,195.4514685,-0.06784909219,a
Shanghai,EUI,197.3488027,0.0184122771,a
Beijing,EUI,31.89,0.005949323066,a
Shanghai,EUI,186.0630269,0.0879778862,a
Shanghai,EUI,187.2485478,0.09636310488,a
Shanghai,EUI,278.6082818,0.2009384483,a
Shanghai,EUI,106.577636,-0.06832518429,a
Shanghai,EUI,106.9527713,-0.05988592654,a
Beijing,EUI,107.67,-0.003419839079,a
Beijing,EUI,107.67,-0.1123506278,a
Shanghai,EUI,106.9527713,-0.03374873847,a
Shanghai,EUI,111.9129913,-0.05772531405,a
Shanghai,EUI,193.1126855,-0.0715270862,a
Beijing,EUI,31.89,-0.4355225265,a
Shanghai,EUI,276.9477067,-0.05495644361,a
Wuhan,EUI,190.3989335,-0.0492718108,a
Shanghai,EUI,106.577636,0.02994785458,a
Shanghai,EUI,189.724048,-0.02558838017,a
Shanghai,EUI,188.2998177,-0.1161247194,a
Shanghai,EUI,186.0630269,-0.036291942,a
Shanghai,EUI,193.1126855,-0.08090440184,a
Shanghai,EUI,189.724048,-0.07578749955,a
Shanghai,EUI,195.4514685,-0.0826510042,a
Shanghai,EUI,109.462613,0.01572187059,a
Beijing,EUI,31.89,-0.3704793155,a
Shanghai,EUI,197.3488027,0.05635323748,a
Guangzhou,EUI,210.7021049,0.08444169164,a
Guangzhou,EUI,294.1702351,0.1657111496,a
Shanghai,EUI,195.2049422,-0.04076913744,a
Shanghai,EUI,278.6082818,0.1572073698,a
Shanghai,EUI,195.2049422,-0.064646855,a
Beijing,EUI,107.67,0.000991527224,a
Shanghai,EUI,196.9700178,-0.1304869354,a
Guangzhou,EUI,210.1468176,0.1630550921,a
Shanghai,EUI,275.8490294,-0.03570804745,a
Wuhan,EUI,195.953976,-0.06967794895,a
Shanghai,EUI,109.462613,0.05169913545,a
Beijing,EUI,129.48,0.02862663381,a
Shanghai,EUI,191.0414887,0.03029125556,a
Shanghai,EUI,274.2758624,-0.04307042062,a
Shanghai,EUI,106.577636,0.02132148668,a
Shanghai,EUI,103.7447431,-0.2337382734,a
Shanghai,EUI,186.0630269,0.3919413984,a
Shanghai,EUI,106.999129,-0.05368316174,a
Wuhan,EUI,197.3821049,-0.1448486149,a
Shanghai,EUI,108.419482,-0.0232393723,a
Shanghai,EUI,107.585316,0.0262046773,a
Beijing,EUI,31.89,-0.1567542553,a
Shanghai,EUI,112.5992859,0.05384806916,a
Shanghai,EUI,280.6221637,0.462834388,a
Shanghai,EUI,109.462613,0.006687506102,a
Shanghai,EUI,189.724048,-0.06697269529,a
Guangzhou,EUI,206.186642,0.2244352549,a
Shanghai,EUI,107.585316,0.02017823234,a
Shanghai,EUI,186.0630269,0.01570571959,a
Shanghai,EUI,188.2998177,-0.05972105265,a
Shanghai,EUI,274.2758624,-0.052503407,a
Shanghai,EUI,110.056914,0.0458756499,a
Shanghai,EUI,106.1021412,-0.1843217611,a
Shanghai,EUI,106.999129,-0.02251309343,a
Shanghai,EUI,186.0630269,0.09061988443,a
Wuhan,EUI,114.2417941,0.1178460047,a
Shanghai,EUI,276.9477067,-0.06569875032,a
Wuhan,EUI,115.8748305,0.07967995107,a
Beijing,EUI,107.67,-0.06140678748,a
Shanghai,EUI,195.2049422,-0.05900327861,a
Shanghai,EUI,193.1126855,-0.08627061546,a
Shanghai,EUI,188.2998177,0.01899237558,a
Beijing,EUI,31.89,-0.5488089919,a
Shanghai,EUI,187.2485478,0.08703394979,a
Shanghai,EUI,109.8196342,-0.0006075897254,a
Beijing,EUI,107.67,-0.006396841258,a
Wuhan,EUI,197.3821049,0.04144122079,a
Wuhan,EUI,114.3902853,0.06446290016,a
Shanghai,EUI,276.9039955,-0.02426037937,a
Shanghai,EUI,103.7447431,-0.5677471161,a
Shanghai,EUI,112.5992859,0.1166303977,a
Beijing,EUI,107.67,-0.0842961669,a
Shanghai,EUI,116.671546,0.1588843614,a
Shanghai,EUI,195.2049422,-0.01633625478,a
Shanghai,EUI,106.9527713,0.04211622477,a
Guangzhou,EUI,210.7021049,0.08719027787,a
Guangzhou,EUI,205.7055775,0.04453692958,a
Wuhan,EUI,282.7909668,0.0483960174,a
Beijing,EUI,31.89,-0.02323797718,a
Wuhan,EUI,195.7330632,-0.07123973221,a
Shanghai,EUI,272.5330194,0.00300756027,a
Beijing,EUI,107.67,-0.11299932,a
Guangzhou,EUI,210.7021049,-0.011931004,a
Shanghai,EUI,106.9527713,-0.04495647177,a
Beijing,EUI,31.89,-0.4222020209,a
Wuhan,EUI,113.6977309,0.09825798869,a
Wuhan,EUI,121.2145132,0.02526810393,a
Shanghai,EUI,188.2998177,-0.1139506921,a
Guangzhou,EUI,210.1468176,0.1063685939,a
Shanghai,EUI,186.0630269,0.1492797583,a
Beijing,EUI,31.89,0.07017951459,a
Wuhan,EUI,189.9606477,0.1598710716,a
Guangzhou,EUI,210.1468176,0.1550370902,a
Shanghai,EUI,193.1126855,0.001545689884,a
Beijing,EUI,87.6,-0.2758741081,a
Shanghai,EUI,188.2998177,-0.1421504915,a
Guangzhou,EUI,205.7055775,-0.05722213537,a
Guangzhou,EUI,107.3167757,0.05379012227,a
Wuhan,EUI,114.3902853,0.05876097828,a
Shanghai,EUI,188.2998177,0.001666226541,a
Shanghai,EUI,272.5330194,-0.01020779926,a
Guangzhou,EUI,206.186642,0.04489074275,a
Wuhan,EUI,189.9606477,0.07487718761,a
Guangzhou,EUI,206.186642,0.1155977249,a
Shanghai,EUI,186.0630269,-0.04524426162,a
Shanghai,EUI,195.2049422,-0.09904759377,a
Shanghai,EUI,189.724048,-0.1255510449,a
Shanghai,EUI,186.0630269,0.01266847178,a
Wuhan,EUI,192.4179605,0.2041940242,a
Guangzhou,EUI,210.1468176,0.08384650946,a
Wuhan,EUI,190.3989335,0.00817479752,a
Wuhan,EUI,121.0452719,-0.06996792555,a
Shanghai,EUI,187.0125889,0.2193846703,a
Wuhan,EUI,114.3902853,0.07454642653,a
Shanghai,EUI,191.1767205,0.07056067139,a
Shanghai,EUI,106.0727756,-0.1723308563,a
Guangzhou,EUI,209.1166956,0.1034734696,a
Wuhan,EUI,279.5582219,0.06116522849,a
Shanghai,EUI,116.1881784,0.06665889919,a
Beijing,EUI,31.89,-0.2205835432,a
Shanghai,EUI,106.999129,-0.1038077325,a
Beijing,EUI,31.89,-0.2116141468,a
Wuhan,EUI,195.953976,0.1265576482,a
Shanghai,EUI,106.9527713,-0.03262754902,a
Beijing,EUI,107.67,-0.01660915837,a
Shanghai,EUI,106.9527713,-0.004298452288,a
Wuhan,EUI,114.3902853,0.03483669832,a
Guangzhou,EUI,101.0990332,-0.4232055247,a
Shanghai,EUI,105.485991,-0.2001682669,a
Shanghai,EUI,196.9700178,-0.01900514588,a
Beijing,EUI,31.89,0.1900850832,a
Beijing,EUI,31.89,-0.5099647045,a
Shanghai,EUI,196.9700178,-0.1036784053,a
Shanghai,EUI,112.5992859,0.138840124,a
Shanghai,EUI,107.519976,-0.04358580709,a
Shanghai,EUI,277.1405325,0.136697337,a
Shanghai,EUI,105.771287,-0.2026768178,a
Shanghai,EUI,103.7447431,-0.1988320053,a
Guangzhou,EUI,200.4752153,-0.03513782099,a
Shanghai,EUI,188.2998177,0.001296335016,a
Wuhan,EUI,113.6977309,0.04766972363,a
Shanghai,EUI,106.1021412,-0.1965246052,a
Wuhan,EUI,193.5994381,0.02983613312,a
Shanghai,EUI,107.9609077,-0.04127822444,a
Beijing,EUI,31.89,0.07616202533,a
Shanghai,EUI,188.7835764,0.1083080918,a
Shanghai,EUI,110.056914,-0.08032511175,a
Shanghai,EUI,189.724048,-0.0422950685,a
Shanghai,EUI,106.577636,0.0242055729,a
Shanghai,EUI,276.9477067,-0.07947964966,a
Shanghai,EUI,106.9527713,-0.02568486147,a
Beijing,EUI,107.67,-0.04342047125,a
Shanghai,EUI,109.462613,0.05435426161,a
Beijing,EUI,129.48,0.09046024084,a
Shanghai,EUI,274.2758624,-0.02439173684,a
Shanghai,EUI,106.9552835,-0.1091088131,a
Wuhan,EUI,116.9512241,0.1045500636,a
Wuhan,EUI,205.874483,0.1052725092,a
Shanghai,EUI,187.2485478,-0.02903399244,a
Wuhan,EUI,195.7330632,0.05133542046,a
Wuhan,EUI,189.9606477,0.2047225386,a
Wuhan,EUI,190.3989335,-0.03291139007,a
Shanghai,EUI,108.159227,0.0383024998,a
Shanghai,EUI,191.1767205,0.1829571277,a
Shanghai,EUI,187.2485478,0.07957682759,a
Shanghai,EUI,106.4164739,-0.06939214468,a
Shanghai,EUI,112.0244119,0.003779291874,a
Wuhan,EUI,205.874483,0.03375916928,a
Guangzhou,EUI,103.1281682,-0.2384326458,a
Shanghai,EUI,187.2485478,0.1887621582,a
Guangzhou,EUI,210.0137391,0.1311958283,a
Shanghai,EUI,105.485991,-0.2153355181,a
Wuhan,EUI,195.7330632,0.09581531584,a
Beijing,EUI,107.68,0.03905855119,a
Wuhan,EUI,195.953976,0.1114971936,a
Shanghai,EUI,107.4101181,0.01770561002,a
Shanghai,EUI,196.9700178,-0.04809364304,a
Wuhan,EUI,195.7330632,-0.04860114679,a
Shanghai,EUI,110.056914,0.05471978709,a
Shanghai,EUI,195.4514685,-0.05974447727,a
Shanghai,EUI,106.0727756,-0.3659086823,a
Shanghai,EUI,106.577636,-0.01681609266,a
Wuhan,EUI,190.3989335,-0.05233034119,a
Shanghai,EUI,107.9609077,-0.06409990042,a
Guangzhou,EUI,198.9517433,-0.04491233453,a
Beijing,EUI,31.89,-0.05286502466,a
Shanghai,EUI,110.056914,0.01470999699,a
Wuhan,EUI,110.4552686,0.008077444509,a
Wuhan,EUI,190.3989335,-0.05616180226,a
Beijing,EUI,31.89,-0.2855067253,a
Shanghai,EUI,197.3488027,0.06862123311,a
Shanghai,EUI,107.9609077,-0.05818670616,a
Wuhan,EUI,205.874483,0.1131285429,a
Wuhan,EUI,190.3989335,-0.0826042071,a
Wuhan,EUI,114.1312516,0.0368591547,a
Wuhan,EUI,114.2417941,0.03760718554,a
Shanghai,EUI,106.1021412,-0.194276616,a
Shanghai,EUI,191.0414887,0.02464808151,a
Guangzhou,EUI,107.9448505,-0.1068649814,a
Beijing,EUI,107.68,-0.05015842617,a
Guangzhou,EUI,104.7195154,-0.3284322619,a
Wuhan,EUI,121.2145132,0.08817820251,a
Shanghai,EUI,188.2998177,-0.004225347191,a
Beijing,EUI,31.89,-0.4696123302,a
Guangzhou,EUI,104.6823998,-0.3220885992,a
Shanghai,EUI,106.577636,-0.1024351642,a
Beijing,EUI,31.89,-0.2462932169,a
Shanghai,EUI,191.0414887,0.02014929615,a
Shanghai,EUI,186.0630269,-0.06676141918,a
Beijing,EUI,107.67,-0.1178349182,a
Guangzhou,EUI,210.1468176,0.05241501331,a
Beijing,EUI,107.67,-0.06883458048,a
Shanghai,EUI,186.0630269,0.14238213,a
Shanghai,EUI,105.8683633,-0.1394102424,a
Shanghai,EUI,187.2485478,0.06586958468,a
Beijing,EUI,107.68,0.04600486532,a
Wuhan,EUI,193.5994381,0.1543746591,a
Wuhan,EUI,113.2334402,0.1442833394,a
Shanghai,EUI,109.9480087,-0.1147707924,a
Shanghai,EUI,195.4514685,-0.08857142925,a
Shanghai,EUI,186.0630269,-0.02962885424,a
Shanghai,EUI,188.2998177,-0.02089762315,a
Wuhan,EUI,193.5994381,0.04709003121,a
Shanghai,EUI,107.1539687,0.01250168867,a
Shanghai,EUI,196.9700178,0.01729138382,a
Shanghai,EUI,275.8490294,-0.0003814490628,a
Guangzhou,EUI,107.9448505,0.002853222424,a
Beijing,EUI,31.89,0.02378984541,a
Shanghai,EUI,276.9477067,-0.02279723249,a
Shanghai,EUI,275.8490294,-0.04079603776,a
Beijing,EUI,107.67,0.009384442121,a
Shanghai,EUI,187.2485478,0.2553639412,a
Shanghai,EUI,276.9477067,0.03507782891,a
Wuhan,EUI,112.2011206,0.0892033428,a
Shanghai,EUI,188.2998177,-0.1566166729,a
Shanghai,EUI,186.0630269,-0.03698351234,a
Beijing,EUI,107.67,-0.1334150434,a
Guangzhou,EUI,210.1468176,0.04496902972,a
Shanghai,EUI,272.5330194,0.03865623847,a
Shanghai,EUI,196.9700178,-0.111610502,a
Shanghai,EUI,191.1767205,0.1352831721,a
Beijing,EUI,31.89,-0.1955291331,a
Shanghai,EUI,106.577636,-0.07846372575,a
Wuhan,EUI,195.7330632,-0.08855632693,a
Guangzhou,EUI,210.7021049,0.05169309676,a
Shanghai,EUI,195.4514685,-0.04289546981,a
Wuhan,EUI,192.9705051,0.3923118412,a
Shanghai,EUI,195.4514685,-0.009532758966,a
Shanghai,EUI,187.2485478,0.1521313637,a
Shanghai,EUI,187.2485478,0.06020051241,a
Wuhan,EUI,195.953976,0.1656307876,a
Shanghai,EUI,106.999129,-0.1146248206,a
Shanghai,EUI,103.7447431,-0.2261339724,a
Shanghai,EUI,106.4164739,-0.02232256532,a
Beijing,EUI,31.89,-0.5765346289,a
Shanghai,EUI,186.0630269,-0.03101445921,a
Shanghai,EUI,110.056914,0.005728868768,a
Wuhan,EUI,115.8748305,0.09431605041,a
Shanghai,EUI,275.789566,-0.08356629312,a
Beijing,EUI,31.89,0.1038589329,a
Shanghai,EUI,111.2653496,-0.06546621025,a
Shanghai,EUI,109.462613,0.04112719372,a
Shanghai,EUI,110.056914,-0.008185908198,a
Wuhan,EUI,195.953976,0.06141044572,a
Shanghai,EUI,186.0630269,-0.03434119746,a
Wuhan,EUI,282.7909668,0.06410378218,a
Wuhan,EUI,190.3989335,-0.0425458923,a
Wuhan,EUI,195.953976,0.1764612198,a
Guangzhou,EUI,203.9964083,-0.02353332564,a
Shanghai,EUI,110.056914,0.03597382829,a
Shanghai,EUI,195.4514685,0.04499429092,a
Shanghai,EUI,187.0125889,0.02122170106,a
Shanghai,EUI,110.056914,0.03305076435,a
Shanghai,EUI,105.2490472,-0.3206519485,a
Guangzhou,EUI,209.1166956,0.0234527383,a
Shanghai,EUI,116.1881784,-0.1127267182,a
Shanghai,EUI,107.1539687,0.004979554564,a
Guangzhou,EUI,111.1657101,-0.07792278379,a
Guangzhou,EUI,210.1468176,0.04765024036,a
Wuhan,EUI,113.6764439,0.09477330744,a
Shanghai,EUI,115.325407,0.04807441682,a
Shanghai,EUI,186.0630269,0.07647807896,a
Guangzhou,EUI,292.9646212,0.1596460789,a
Shanghai,EUI,110.056914,-0.009552070871,a
Shanghai,EUI,106.9527713,-0.06906183064,a
Beijing,EUI,31.89,-0.5023098588,a
Wuhan,EUI,110.7026683,0.01683792658,a
Shanghai,EUI,189.724048,0.04306138307,a
Shanghai,EUI,187.4190981,0.05796163529,a
Shanghai,EUI,106.9527713,0.00412641,a
Guangzhou,EUI,205.7055775,-0.02939953655,a
Wuhan,EUI,190.3989335,-0.07274925709,a
Shanghai,EUI,186.0630269,0.08589790761,a
Shanghai,EUI,107.1539687,-0.03426237777,a
Shanghai,EUI,187.2485478,0.142185688,a
Shanghai,EUI,187.2485478,0.109050177,a
Shanghai,EUI,106.1021412,-0.132504195,a
Shanghai,EUI,276.9477067,-0.02676996589,a
Guangzhou,EUI,199.7975089,-0.05068697408,a
Wuhan,EUI,190.3989335,-0.04884685203,a
Beijing,EUI,107.67,-0.02523989975,a
Shanghai,EUI,195.2049422,-0.04977672547,a
Shanghai,EUI,272.5330194,-0.03800264001,a
Wuhan,EUI,190.3989335,0.02692259289,a
Shanghai,EUI,195.4514685,-0.07036652416,a
Shanghai,EUI,187.2485478,0.1605858058,a
Wuhan,EUI,279.2955225,0.1369125843,a
Shanghai,EUI,109.462613,0.01772512309,a
Shanghai,EUI,110.056914,0.02823933028,a
Wuhan,EUI,111.8004465,0.1198133826,a
Shanghai,EUI,110.056914,-0.01241710782,a
Shanghai,EUI,197.3488027,-0.01420378778,a
Wuhan,EUI,195.7330632,0.07517813146,a
Beijing,EUI,31.89,-0.3011815548,a
Shanghai,EUI,106.9527713,-0.01642290689,a
Shanghai,EUI,187.2485478,0.095716618,a
Shanghai,EUI,275.8490294,-0.002387113636,a
Shanghai,EUI,191.0414887,0.07087918371,a
Shanghai,EUI,195.4514685,-0.03858327493,a
Wuhan,EUI,281.3707237,0.1888947636,a
Shanghai,EUI,278.6082818,0.1326406747,a
Wuhan,EUI,116.4512692,0.1505310833,a
Beijing,EUI,107.67,-0.09395761043,a
Shanghai,EUI,187.2485478,0.1776247174,a
Guangzhou,EUI,210.1468176,0.06430532038,a
Shanghai,EUI,110.056914,-0.01148243062,a
Shanghai,EUI,186.0630269,-0.03376084566,a
Beijing,EUI,31.89,-0.5389412045,a
Guangzhou,EUI,198.9517433,-0.006482063793,a
Wuhan,EUI,119.2826021,-0.03904241323,a
Shanghai,EUI,196.9700178,0.01589713618,a
Beijing,EUI,93.68,-0.5142982602,a
Shanghai,EUI,106.9552835,-0.04511744156,a
Shanghai,EUI,188.2998177,0.02645025775,a
Guangzhou,EUI,205.7055775,-0.06343251467,a
Guangzhou,EUI,210.7021049,0.1670666188,a
Beijing,EUI,31.89,-0.4206142128,a
Shanghai,EUI,125.3372569,-0.02903665602,a
Shanghai,EUI,105.8683633,-0.1595540941,a
Guangzhou,EUI,105.3184511,-0.3195503354,a
Wuhan,EUI,195.953976,-0.03221990913,a
Guangzhou,EUI,210.0137391,0.3301168978,a
Beijing,EUI,107.68,0.03934713453,a
Beijing,EUI,31.89,-0.3063695729,a
Shanghai,EUI,188.2998177,-0.07596523315,a
Shanghai,EUI,109.462613,0.07192242891,a
Shanghai,EUI,115.325407,0.0303342659,a
Shanghai,EUI,191.1767205,0.004932070151,a
Beijing,EUI,107.67,-0.06395510584,a
Beijing,EUI,31.89,-0.2901897132,a
Beijing,EUI,107.67,-0.08082915843,a
Wuhan,EUI,195.953976,0.1441440731,a
Shanghai,EUI,187.0125889,0.1014274955,a
Shanghai,EUI,187.6140269,0.09361237288,a
Shanghai,EUI,187.2485478,0.2046701014,a
Shanghai,EUI,193.1126855,-0.159357205,a
Shanghai,EUI,193.1126855,0.0497424677,a
Shanghai,EUI,195.4514685,-0.05937793106,a
Shanghai,EUI,106.0727756,-0.2850529552,a
Guangzhou,EUI,199.7975089,0.03729173914,a
Shanghai,EUI,191.1767205,0.1802660972,a
Shanghai,EUI,187.0125889,0.1136633977,a
Wuhan,EUI,195.953976,0.00900784228,a
Shanghai,EUI,193.1126855,0.03758845478,a
Wuhan,EUI,195.953976,-0.1310672164,a
Shanghai,EUI,116.6010685,-0.02229763195,a
Shanghai,EUI,188.2998177,-0.007729753852,a
Shanghai,EUI,106.9527713,-0.1451988965,a
Shanghai,EUI,188.2998177,-0.04062522203,a
Wuhan,EUI,279.5582219,0.2121184319,a
Beijing,EUI,31.89,-0.4612318575,a
Shanghai,EUI,191.1767205,0.0255545713,a
Wuhan,EUI,193.5994381,0.04744676128,a
Guangzhou,EUI,210.7021049,0.0509903878,a
Shanghai,EUI,187.2485478,0.1578708887,a
Guangzhou,EUI,107.9448505,-0.04815779626,a
Shanghai,EUI,186.0630269,0.07826524228,a
Shanghai,EUI,277.1405325,0.1002400368,a
Wuhan,EUI,195.953976,-0.003833749564,a
Shanghai,EUI,105.771287,-0.127201885,a
Shanghai,EUI,191.0414887,0.08295710385,a
Wuhan,EUI,111.7492491,-0.01073096972,a
Shanghai,EUI,109.9480087,0.05119946972,a
Shanghai,EUI,107.585316,0.07837025076,a
Shanghai,EUI,195.4514685,-0.09647935629,a
Shanghai,EUI,188.2998177,-0.00437487429,a
Shanghai,EUI,191.1767205,0.2327592671,a
Shanghai,EUI,109.462613,0.06181443855,a
Beijing,EUI,107.67,-0.04571832716,a
Shanghai,EUI,187.2485478,0.1377934963,a
Shanghai,EUI,186.0630269,-0.04334978759,a
Guangzhou,EUI,210.7021049,0.05360949785,a
Wuhan,EUI,114.3902853,0.06624343246,a
Beijing,EUI,107.67,0.05393478274,a
Beijing,EUI,107.67,-0.006386748515,a
Wuhan,EUI,195.953976,0.05536900461,a
Shanghai,EUI,105.2490472,-0.1623072177,a
Shanghai,EUI,277.1405325,0.05215581506,a
Shanghai,EUI,197.3488027,0.01817860454,a
Shanghai,EUI,193.1126855,-0.02513477206,a
Beijing,EUI,31.89,-0.6547859907,a
Wuhan,EUI,113.0252148,0.1333331913,a
Wuhan,EUI,190.3989335,-0.1520126909,a
Shanghai,EUI,187.2485478,0.08268932253,a
Shanghai,EUI,191.1767205,0.1133721918,a
Shanghai,EUI,187.2485478,0.1503962725,a
Wuhan,EUI,195.7330632,-0.006552777253,a
Shanghai,EUI,107.1539687,0.01925083622,a
Shanghai,EUI,187.2485478,0.2082716078,a
Guangzhou,EUI,210.7021049,0.1021824777,a
Wuhan,EUI,279.2955225,0.1153631359,a
Shanghai,EUI,186.0630269,0.1002964675,a
Shanghai,EUI,196.9700178,-0.07998245209,a
Wuhan,EUI,193.5994381,0.04438869655,a
Shanghai,EUI,107.519976,-0.003495981917,a
Shanghai,EUI,187.2485478,0.004842702299,a
Wuhan,EUI,115.8773077,-0.08018548042,a
Beijing,EUI,31.89,-0.1592299938,a
Shanghai,EUI,195.4514685,-0.055339735,a
Shanghai,EUI,110.056914,0.004433086142,a
Shanghai,EUI,106.9527713,-0.002100940095,a
Shanghai,EUI,272.5330194,-0.01536976825,a
Shanghai,EUI,276.9039955,-0.00343927159,a
Wuhan,EUI,279.2955225,0.1514025927,a
Shanghai,EUI,109.9480087,0.003195183817,a
Wuhan,EUI,111.8004465,0.1177109927,a
Guangzhou,EUI,203.9964083,0.02246166579,a
Beijing,EUI,107.67,-0.005699021742,a
Shanghai,EUI,109.8968758,-0.06219955534,a
Wuhan,EUI,113.6977309,0.1087781861,a
Shanghai,EUI,188.2998177,0.08070529252,a
Shanghai,EUI,195.4514685,-0.04053637385,a
Beijing,EUI,31.89,-0.374075979,a
Shanghai,EUI,188.2998177,-0.006283271126,a
Shanghai,EUI,195.2049422,-0.06981015205,a
Guangzhou,EUI,210.1468176,0.04416473955,a
Wuhan,EUI,114.2417941,0.1629759967,a
Shanghai,EUI,188.7835764,0.01555950567,a
Shanghai,EUI,186.0630269,0.1081762984,a
Wuhan,EUI,111.8004465,0.1593116969,a
Shanghai,EUI,195.4514685,0.0007311371737,a
Shanghai,EUI,186.0630269,0.09783978015,a
Wuhan,EUI,114.3902853,0.1069609001,a
Shanghai,EUI,106.577636,-0.04807533324,a
Shanghai,EUI,188.2998177,-0.01340806857,a
Shanghai,EUI,189.724048,-0.03911880776,a
Guangzhou,EUI,210.0137391,0.394656986,a
Wuhan,EUI,190.3989335,0.06277240813,a
Beijing,EUI,107.67,-0.1017760858,a
Shanghai,EUI,188.2998177,0.04957734793,a
Shanghai,EUI,186.0630269,-0.02854954451,a
Guangzhou,EUI,210.0137391,0.1638923287,a
Beijing,EUI,107.67,-0.01253801119,a
Shanghai,EUI,110.056914,-0.007264467888,a
Shanghai,EUI,106.577636,0.03043309599,a
Beijing,EUI,31.89,-0.2805362046,a
Shanghai,EUI,188.2998177,-0.1457012594,a
Shanghai,EUI,106.0727756,-0.25433442,a
Beijing,EUI,31.89,-0.2681161463,a
Shanghai,EUI,103.7447431,-0.3354198933,a
Shanghai,EUI,109.462613,0.05157695338,a
Beijing,EUI,107.67,0.00361879007,a
Beijing,EUI,31.89,-0.3252465129,a
Beijing,EUI,107.67,0.09798940271,a
Shanghai,EUI,187.0125889,0.06640449166,a
Shanghai,EUI,186.0630269,0.07947160304,a
Shanghai,EUI,197.3488027,-0.06178507581,a
Shanghai,EUI,115.325407,0.04937423766,a
Shanghai,EUI,186.0630269,-0.04617920518,a
Wuhan,EUI,115.0606403,0.04955355078,a
Shanghai,EUI,122.5042299,-0.04439474642,a
Beijing,EUI,107.67,-0.06895634532,a
Beijing,EUI,107.67,0.0442514047,a
Beijing,EUI,107.68,0.04028169066,a
Wuhan,EUI,197.3821049,-0.115094617,a
Shanghai,EUI,187.2485478,0.09484582394,a
Shanghai,EUI,186.0630269,0.09106750041,a
Shanghai,EUI,111.9129913,-0.02935306355,a
Shanghai,EUI,193.1126855,-0.06638439,a
Shanghai,EUI,113.8199242,0.06000510231,a
Wuhan,EUI,279.2955225,0.0532964319,a
Wuhan,EUI,190.3989335,-0.02608656511,a
Shanghai,EUI,187.2485478,0.2186472714,a
Shanghai,EUI,116.7545492,0.05416502431,a
Beijing,EUI,31.89,-0.3997610807,a
Shanghai,EUI,115.325407,0.009925216436,a
Guangzhou,EUI,206.186642,0.004637248814,a
Shanghai,EUI,193.1126855,-0.06673169136,a
Shanghai,EUI,188.2998177,0.01462196559,a
Guangzhou,EUI,101.0990332,-0.393245101,a
Shanghai,EUI,188.2998177,0.05243855715,a
Beijing,EUI,31.89,-0.3897128403,a
Wuhan,EUI,113.6977309,0.03208065778,a
Shanghai,EUI,187.2485478,0.04434100538,a
Wuhan,EUI,205.874483,0.06857772917,a
Wuhan,EUI,113.2334402,0.04846430942,a
Beijing,EUI,31.89,-0.2220734805,a
Guangzhou,EUI,107.9448505,-0.118402794,a
Guangzhou,EUI,203.0657098,-0.00468817912,a
Shanghai,EUI,195.4514685,-0.0742200762,a
Wuhan,EUI,190.3989335,-0.1248920709,a
Shanghai,EUI,107.585316,0.1149160787,a
Guangzhou,EUI,106.0466835,-0.1240712777,a
Shanghai,EUI,111.2653496,-0.067137748,a
Shanghai,EUI,106.1021412,-0.09681389481,a
Shanghai,EUI,188.2998177,-0.0104539413,a
Beijing,EUI,31.89,0.1883953214,a
Shanghai,EUI,109.8968758,0.03650287166,a
Shanghai,EUI,106.577636,0.002537483582,a
Shanghai,EUI,191.1767205,0.3384507596,a
Shanghai,EUI,187.6140269,0.09273122996,a
Guangzhou,EUI,210.7021049,0.09624863416,a
Beijing,EUI,107.67,0.02654517069,a
Wuhan,EUI,113.6977309,0.04595925659,a
Guangzhou,EUI,205.7055775,0.06221666187,a
Beijing,EUI,31.89,-0.3700899184,a
Shanghai,EUI,275.789566,-0.03539439291,a
Beijing,EUI,31.89,-0.4040032029,a
Shanghai,EUI,195.2049422,-0.059944693,a
Shanghai,EUI,195.4514685,0.0006289437297,a
Guangzhou,EUI,210.7021049,0.09587917477,a
Beijing,EUI,87.6,-0.4007929862,a
Shanghai,EUI,189.724048,-0.1515033245,a
Beijing,EUI,107.67,-0.05977212638,a
Wuhan,EUI,281.3707237,-0.01717383415,a
Shanghai,EUI,106.577636,-0.0579938069,a
Shanghai,EUI,106.577636,0.02206187509,a
Beijing,EUI,31.89,-0.1545525789,a
Shanghai,EUI,195.4514685,0.007050044835,a
Shanghai,EUI,187.2485478,0.02355637029,a
Beijing,EUI,31.89,0.2168908715,a
Guangzhou,EUI,107.3167757,0.07757478207,a
Shanghai,EUI,188.2998177,0.02020107955,a
Shanghai,EUI,110.056914,0.000189459417,a
Guangzhou,EUI,103.8821675,-0.4288076758,a
Guangzhou,EUI,199.7975089,-0.1848441064,a
Shanghai,EUI,186.0630269,0.1124797314,a
Wuhan,EUI,195.7330632,-0.04684156552,a
Beijing,EUI,31.89,-0.233010143,a
Beijing,EUI,107.67,-0.08671496063,a
Shanghai,EUI,197.3488027,-0.01281128265,a
Wuhan,EUI,205.874483,-0.05481910706,a
Guangzhou,EUI,294.1702351,0.09909769148,a
Guangzhou,EUI,210.7021049,0.02880234271,a
Shanghai,EUI,195.4514685,-0.05034577474,a
Shanghai,EUI,186.0630269,0.08757035434,a
Shanghai,EUI,110.056914,0.02570781671,a
Wuhan,EUI,196.5667452,0.09965049475,a
Shanghai,EUI,112.5992859,0.09524388611,a
Shanghai,EUI,189.724048,-0.09720128775,a
Wuhan,EUI,189.9606477,0.1326224357,a
Beijing,EUI,31.89,-0.1427072883,a
Shanghai,EUI,187.4190981,0.1301588714,a
Shanghai,EUI,188.2998177,-0.007089744322,a
Guangzhou,EUI,102.5401097,-0.2052583992,a
Shanghai,EUI,186.0630269,0.0003652686137,a
Shanghai,EUI,106.577636,0.01314741559,a
Wuhan,EUI,116.4512692,0.1036583632,a
Shanghai,EUI,103.7447431,-0.3235796988,a
Shanghai,EUI,187.2485478,0.09321274608,a
Shanghai,EUI,275.8490294,-0.1242203265,a
Beijing,EUI,31.89,-0.3662104607,a
Shanghai,EUI,188.2998177,0.08631912619,a
Guangzhou,EUI,102.5401097,-0.1449577659,a
Shanghai,EUI,106.9527713,-0.03157479689,a
Wuhan,EUI,121.2145132,0.07663922012,a
Wuhan,EUI,190.3989335,-0.03476390243,a
Wuhan,EUI,193.5994381,-0.1381318718,a
Shanghai,EUI,189.724048,-0.08942042291,a
Guangzhou,EUI,104.2885982,-0.4187415242,a
Wuhan,EUI,121.0452719,-0.0227192007,a
Guangzhou,EUI,210.7021049,0.06576927006,a
Shanghai,EUI,188.2998177,-0.08404651284,a
Shanghai,EUI,196.9700178,-0.06709963083,a
Shanghai,EUI,187.2485478,0.1309026182,a
Shanghai,EUI,187.2485478,-0.02489646524,a
Wuhan,EUI,110.4552686,0.05835838616,a
Shanghai,EUI,188.2998177,-0.0280228164,a
Shanghai,EUI,188.2998177,-0.01115902513,a
Shanghai,EUI,191.1767205,0.04543144256,a
Wuhan,EUI,190.3989335,-0.07639434189,a
Wuhan,EUI,190.3989335,-0.101932168,a
Shanghai,EUI,195.4514685,-0.0556618534,a
Wuhan,EUI,112.2011206,0.07210358977,a
Shanghai,EUI,191.1767205,0.2207318097,a
Shanghai,EUI,195.4514685,-0.06417746842,a
Shanghai,EUI,110.056914,-0.03138275445,a
Beijing,EUI,31.89,-0.6070968509,a
Beijing,EUI,31.89,-0.7407107949,a
Wuhan,EUI,189.9606477,0.1270473897,a
Wuhan,EUI,116.2730259,-0.0486420393,a
Beijing,EUI,107.68,-0.1260129213,a
Shanghai,EUI,186.0630269,-0.005181868561,a
Shanghai,EUI,189.724048,-0.1053643078,a
Shanghai,EUI,107.1539687,0.01439402439,a
Shanghai,EUI,106.0727756,-0.1640906483,a
Shanghai,EUI,116.1881784,0.02844019979,a
Shanghai,EUI,109.462613,0.02539224364,a
Shanghai,EUI,188.2998177,-0.0349108614,a
Shanghai,EUI,186.0630269,0.05083311349,a
Wuhan,EUI,116.4512692,0.1624622792,a
Beijing,EUI,31.89,-0.3385894299,a
Shanghai,EUI,197.3488027,-0.01243580133,a
Shanghai,EUI,107.9609077,-0.08048977703,a
Guangzhou,EUI,110.8968766,0.03648940846,a
Shanghai,EUI,186.0630269,0.1173106954,a
Shanghai,EUI,188.2998177,-0.1332619786,a
Shanghai,EUI,196.9700178,-0.01810494252,a
Shanghai,EUI,109.9480087,0.05778023601,a
Shanghai,EUI,275.789566,-0.1793411821,a
Shanghai,EUI,277.1405325,-0.09411260486,a
Wuhan,EUI,115.0606403,0.03251508251,a
Shanghai,EUI,106.4164739,-0.000299984822,a
Shanghai,EUI,107.585316,0.0598060526,a
Guangzhou,EUI,294.1702351,0.09909769148,a
Guangzhou,EUI,205.7055775,0.2142379433,a
Wuhan,EUI,282.7909668,-0.006425943691,a
Shanghai,EUI,107.4101181,0.002425874351,a
Guangzhou,EUI,106.2051335,-0.1543518305,a
Shanghai,EUI,278.6082818,0.09958844632,a
Shanghai,EUI,109.9480087,-0.1235447451,a
Beijing,EUI,129.48,-0.006007750053,a
Guangzhou,EUI,108.7602291,-0.05265016481,a
Beijing,EUI,31.89,-0.3226273656,a
Shanghai,EUI,186.0630269,0.01012963057,a
Shanghai,EUI,275.8490294,-0.03862851486,a
Shanghai,EUI,195.2049422,-0.0511774905,a
Shanghai,EUI,186.0630269,-0.05186594278,a
Shanghai,EUI,109.462613,0.1151171625,a
Beijing,EUI,129.48,0.03153232113,a
Shanghai,EUI,196.9700178,0.0007201434928,a
Shanghai,EUI,188.2998177,-0.05363250896,a
Shanghai,EUI,109.9480087,-0.00264752307,a
Shanghai,EUI,187.6140269,0.1123328581,a
Shanghai,EUI,196.9700178,-0.04473566264,a
Shanghai,EUI,106.577636,-0.008875418454,a
Beijing,EUI,31.89,-0.5662540793,a
Wuhan,EUI,111.8004465,0.08873704821,a
Shanghai,EUI,107.519976,-0.04582517222,a
Guangzhou,EUI,109.344793,0.04417045414,a
Guangzhou,EUI,205.7055775,-0.08006677777,a
Wuhan,EUI,115.0606403,0.05337387696,a
Shanghai,EUI,106.9552835,-0.04316838086,a
Wuhan,EUI,115.8748305,0.01991107501,a
Shanghai,EUI,106.577636,-0.0585160926,a
Shanghai,EUI,110.056914,-0.07252417505,a
Shanghai,EUI,106.9527713,-0.01730547287,a
Shanghai,EUI,107.4101181,-0.008726501837,a
Shanghai,EUI,186.0630269,-0.06300672889,a
Shanghai,EUI,110.056914,-0.002365206601,a
Wuhan,EUI,190.3989335,-0.09648108482,a
Shanghai,EUI,111.2653496,-0.09699952602,a
Wuhan,EUI,195.953976,-0.04875477403,a
Beijing,EUI,107.67,-0.04463332146,a
Shanghai,EUI,186.0630269,0.1012034863,a
Wuhan,EUI,113.4132957,-0.04968953878,a
Shanghai,EUI,109.462613,0.0176490508,a
Shanghai,EUI,188.2998177,0.08290497214,a
Beijing,EUI,107.68,0.02963135019,a
Beijing,EUI,31.89,-0.2602443099,a
Shanghai,EUI,187.2485478,0.1088185683,a
Shanghai,EUI,106.1021412,-0.3264921904,a
Shanghai,EUI,109.9480087,0.1214295775,a
Shanghai,EUI,188.2998177,0.07796022296,a
Shanghai,EUI,108.419482,-0.02138836682,a
Beijing,EUI,107.67,-0.0849744305,a
Shanghai,EUI,106.1021412,-0.1407161951,a
Shanghai,EUI,278.6082818,0.1596642733,a
Shanghai,EUI,188.2998177,-0.03019937687,a
Shanghai,EUI,113.6707909,0.07753492892,a
Shanghai,EUI,188.2998177,0.07395720482,a
Shanghai,EUI,272.5330194,0.0383069925,a
Shanghai,EUI,125.3372569,-0.03502825275,a
Shanghai,EUI,107.4101181,0.03923566639,a
Guangzhou,EUI,205.7055775,0.004582533613,a
Shanghai,EUI,107.1539687,0.01672487333,a
Shanghai,EUI,105.771287,-0.1736595482,a
Guangzhou,EUI,107.9448505,0.004791159183,a
Shanghai,EUI,109.462613,0.02568268217,a
Shanghai,EUI,186.0630269,-0.0462558195,a
Shanghai,EUI,278.6082818,0.1039261892,a
Beijing,EUI,31.89,-0.4417378008,a
Guangzhou,EUI,203.0657098,-0.137876749,a
Shanghai,EUI,106.577636,0.06607771665,a
Shanghai,EUI,106.9527713,-0.0810982883,a
Beijing,EUI,107.68,-0.02697909065,a
Guangzhou,EUI,210.7021049,0.09548634291,a
Wuhan,EUI,195.7330632,0.0359368138,a
Wuhan,EUI,114.3902853,0.03676482663,a
Shanghai,EUI,188.2998177,-0.01352035441,a
Shanghai,EUI,272.5330194,0.07864464074,a
Wuhan,EUI,111.8004465,0.07595314831,a
Shanghai,EUI,107.519976,-0.07468854636,a
Shanghai,EUI,186.0630269,0.07154058665,a
Shanghai,EUI,278.6082818,0.01386196725,a
Shanghai,EUI,106.1021412,-0.07619693875,a
Wuhan,EUI,114.1312516,0.08749827743,a
Wuhan,EUI,114.2417941,0.1863779426,a
Beijing,EUI,107.68,-0.08979789168,a
Shanghai,EUI,110.056914,0.02978247404,a
Shanghai,EUI,109.8196342,-0.01633937098,a
Shanghai,EUI,105.8683633,-0.07661545277,a
Shanghai,EUI,188.7835764,0.03226382658,a
Shanghai,EUI,186.0630269,-0.04370946065,a
Shanghai,EUI,186.0630269,-0.02619324625,a
Shanghai,EUI,106.9552835,-0.1244674921,a
Wuhan,EUI,111.7492491,0.0173430182,a
Wuhan,EUI,116.4512692,0.152161628,a
Beijing,EUI,31.89,-0.569155097,a
Shanghai,EUI,195.4514685,-0.09378835559,a
Shanghai,EUI,191.0414887,-0.004650453106,a
Beijing,EUI,31.89,-0.09436057508,a
Shanghai,EUI,193.1126855,-0.07812716812,a
Shanghai,EUI,187.0125889,0.110790804,a
Shanghai,EUI,187.2485478,0.05670397356,a
Shanghai,EUI,186.0630269,-0.02386978641,a
Shanghai,EUI,195.2049422,-0.07125987113,a
Wuhan,EUI,193.5994381,0.0229580719,a
Wuhan,EUI,275.5300433,0.01783046126,a
Wuhan,EUI,190.3989335,-0.05146167055,a
Wuhan,EUI,192.4179605,0.2621435523,a
Beijing,EUI,31.89,-0.3533857763,a
Guangzhou,EUI,210.0137391,0.1487562805,a
Wuhan,EUI,205.874483,0.0855178237,a
Wuhan,EUI,110.7026683,0.04306809232,a
Shanghai,EUI,107.4101181,0.0151718501,a
Shanghai,EUI,195.4514685,-0.02962771803,a
Shanghai,EUI,186.0630269,0.08354840428,a
Shanghai,EUI,272.5330194,-0.09449886531,a
Beijing,EUI,107.67,-0.01122528315,a
Shanghai,EUI,109.462613,0.04458812997,a
Shanghai,EUI,108.159227,-0.01541543752,a
Shanghai,EUI,186.0630269,-0.02834713459,a
Wuhan,EUI,190.3989335,0.0338171646,a
Wuhan,EUI,195.7330632,-0.03508599475,a
Shanghai,EUI,107.4101181,-0.002924253931,a
Shanghai,EUI,197.3488027,0.03038757294,a
Shanghai,EUI,273.7518509,-0.07029998302,a
Shanghai,EUI,275.789566,-0.03827047721,a
Shanghai,EUI,196.9700178,-0.02286805399,a
Shanghai,EUI,187.6140269,0.0872702077,a
Wuhan,EUI,114.2417941,0.198961556,a
Beijing,EUI,31.89,-0.3768499196,a
Shanghai,EUI,107.585316,0.0833626613,a
Shanghai,EUI,107.1539687,-0.05429517478,a
Shanghai,EUI,189.724048,-0.008124919608,a
Wuhan,EUI,115.8748305,0.07954069227,a
Shanghai,EUI,116.1881784,-0.008154752664,a
Shanghai,EUI,106.1021412,-0.1421211064,a
Shanghai,EUI,103.7447431,-0.2963799536,a
Guangzhou,EUI,210.1468176,0.03099100292,a
Shanghai,EUI,188.7835764,0.04927872866,a
Beijing,EUI,107.67,0.008327385411,a
Wuhan,EUI,279.2955225,0.1526316553,a
Shanghai,EUI,188.7835764,0.07260311395,a
Shanghai,EUI,196.9700178,0.03546084091,a
Beijing,EUI,31.89,-0.2524215877,a
Shanghai,EUI,186.0630269,-0.07411199808,a
Beijing,EUI,50.04,-0.2872185707,a
Wuhan,EUI,205.874483,0.1648459882,a
Shanghai,EUI,105.8683633,-0.1516562104,a
Wuhan,EUI,112.2011206,0.1231133044,a
Beijing,EUI,129.48,0.05982361361,a
Shanghai,EUI,109.8196342,-0.05590254813,a
Guangzhou,EUI,210.1468176,0.05187536776,a
Beijing,EUI,31.89,-0.5241427422,a
Shanghai,EUI,191.1767205,0.02399393916,a
Shanghai,EUI,106.1021412,-0.1453287452,a
Shanghai,EUI,187.6140269,0.127830103,a
Shanghai,EUI,195.2049422,-0.06674072146,a
Shanghai,EUI,107.4101181,-0.04787415639,a
Beijing,EUI,107.67,-0.03904564306,a
Wuhan,EUI,190.3989335,-0.04086410627,a
Shanghai,EUI,109.462613,-0.02517539635,a
Beijing,EUI,31.89,0.008042609319,a
Guangzhou,EUI,106.6936723,-0.1111225933,a
Wuhan,EUI,190.3989335,-0.005241603591,a
Wuhan,EUI,114.2417941,0.08656188846,a
Beijing,EUI,50.04,-0.2253766209,a
Shanghai,EUI,195.4514685,0.02018493228,a
Shanghai,EUI,106.3644518,-0.1597132087,a
Shanghai,EUI,107.1539687,0.01823394373,a
Wuhan,EUI,192.4179605,0.1812295765,a
Shanghai,EUI,276.9477067,-0.03104697354,a
Shanghai,EUI,195.4514685,-0.05363918841,a
Shanghai,EUI,109.462613,0.04023493826,a
Shanghai,EUI,107.9609077,-0.09477600455,a
Wuhan,EUI,205.874483,0.05584730208,a
Shanghai,EUI,195.4514685,0.04847480357,a
Shanghai,EUI,107.519976,-0.0229431577,a
Shanghai,EUI,106.0727756,-0.1342658997,a
Beijing,EUI,31.89,0.2922493517,a
Wuhan,EUI,195.953976,0.009322036989,a
Guangzhou,EUI,210.7021049,0.04899144173,a
Shanghai,EUI,188.2998177,-0.02501992136,a
Guangzhou,EUI,210.1468176,0.07265511155,a
Shanghai,EUI,110.056914,0.01510681771,a
Shanghai,EUI,188.2998177,-0.01941251755,a
Shanghai,EUI,110.056914,-0.1039195806,a
Beijing,EUI,107.68,0.05077212676,a
Beijing,EUI,31.89,-0.3515582681,a
Shanghai,EUI,112.5992859,0.07788088173,a
Wuhan,EUI,113.2334402,-0.01929951087,a
Shanghai,EUI,189.724048,-0.00685925642,a
Shanghai,EUI,109.462613,-0.03555315733,a
Shanghai,EUI,110.056914,0.01861174218,a
Shanghai,EUI,186.0630269,-0.04365166277,a
Beijing,EUI,31.89,-0.2019306123,a
Shanghai,EUI,191.1767205,0.05082391948,a
Shanghai,EUI,187.2485478,0.1423660368,a
Wuhan,EUI,195.7330632,-0.06756635755,a
Guangzhou,EUI,198.9517433,-0.1474672556,a
Shanghai,EUI,272.5330194,-0.05947507918,a
Guangzhou,EUI,210.7021049,0.1045440063,a
Beijing,EUI,107.67,0.05216128752,a
Shanghai,EUI,186.0630269,0.1204117835,a
Shanghai,EUI,193.1126855,-0.1568778306,a
Shanghai,EUI,106.577636,-0.006153196096,a
Shanghai,EUI,188.2998177,0.01347438432,a
Beijing,EUI,107.67,-0.04343203828,a
Shanghai,EUI,105.771287,-0.2740816176,a
Shanghai,EUI,109.462613,0.07851037383,a
Shanghai,EUI,188.2998177,0.03114784695,a
Shanghai,EUI,195.4514685,-0.01530590188,a
Shanghai,EUI,107.4101181,-0.0256613344,a
Shanghai,EUI,278.6082818,0.02774136513,a
Wuhan,EUI,195.7330632,-0.1489908993,a
Wuhan,EUI,190.3989335,0.05771590024,a
Beijing,EUI,107.67,-0.07629984617,a
Beijing,EUI,31.89,-0.3675573766,a
Shanghai,EUI,109.462613,-0.03340652958,a
Shanghai,EUI,197.3488027,-0.01236007083,a
Shanghai,EUI,193.1126855,-0.01353712752,a
Beijing,EUI,31.89,-0.5512004495,a
Shanghai,EUI,278.6082818,0.1540118456,a
Wuhan,EUI,189.9606477,0.04364322871,a
Shanghai,EUI,188.2998177,-0.02039320022,a
Shanghai,EUI,106.577636,-0.01709357463,a
Shanghai,EUI,187.0125889,-0.02408411168,a
Beijing,EUI,107.68,-0.06957126409,a
Shanghai,EUI,187.2485478,0.02502651513,a
Shanghai,EUI,109.462613,0.008537767455,a
Shanghai,EUI,186.0630269,0.1132074594,a
Beijing,EUI,31.89,-0.3454579413,a
Shanghai,EUI,187.2485478,0.08394429833,a
Guangzhou,EUI,210.7021049,0.1374351531,a
Guangzhou,EUI,206.186642,0.03280596435,a
Beijing,EUI,107.67,0.02370555885,a
Shanghai,EUI,277.1405325,0.09556046128,a
Shanghai,EUI,106.577636,-0.005762079731,a
Shanghai,EUI,187.2485478,0.2012239695,a
Beijing,EUI,107.67,-0.05036943778,a
Shanghai,EUI,188.2998177,-0.03986603394,a
Shanghai,EUI,188.2998177,-0.0291298274,a
Beijing,EUI,107.67,-0.03970350325,a
Shanghai,EUI,187.0125889,0.08595048636,a
Shanghai,EUI,186.0630269,0.1125962958,a
Shanghai,EUI,187.2485478,0.1329320669,a
Shanghai,EUI,187.6140269,0.09185522795,a
Shanghai,EUI,187.0125889,0.02691776119,a
Wuhan,EUI,115.8748305,0.03260342777,a
Wuhan,EUI,193.5994381,0.1434547752,a
Shanghai,EUI,106.4164739,-0.0106688058,a
Shanghai,EUI,196.9700178,-0.08210045099,a
Shanghai,EUI,188.2998177,-0.006635463331,a
Shanghai,EUI,110.056914,-0.001717341598,a
Wuhan,EUI,190.3989335,-0.1471128762,a
Wuhan,EUI,191.9725421,0.2630712986,a
Beijing,EUI,31.89,-0.1879112124,a
Shanghai,EUI,110.056914,0.03923009709,a
Shanghai,EUI,106.9527713,-0.004852716811,a
Shanghai,EUI,195.4514685,-0.0334581323,a
Shanghai,EUI,107.9609077,-0.04800627008,a
Wuhan,EUI,195.953976,0.06696939468,a
Guangzhou,EUI,210.1468176,0.06065286696,a
Beijing,EUI,31.89,-0.2434629053,a
Shanghai,EUI,187.2485478,0.07175183296,a
Guangzhou,EUI,110.8968766,-0.1492811143,a
Shanghai,EUI,110.056914,0.007902386598,a
Shanghai,EUI,112.5992859,0.04411739856,a
Wuhan,EUI,279.5582219,0.02702222764,a
Wuhan,EUI,110.7026683,-0.03032330424,a
Shanghai,EUI,195.4514685,-0.0415729098,a
Guangzhou,EUI,205.7055775,-0.07154071331,a
Shanghai,EUI,125.3372569,-0.06646012515,a
Shanghai,EUI,103.7447431,-0.1858052611,a
Beijing,EUI,31.89,0.2361292839,a
Shanghai,EUI,110.056914,-0.06975395232,a
Wuhan,EUI,192.4179605,0.1345045418,a
Shanghai,EUI,276.9477067,-0.01503720786,a
Guangzhou,EUI,210.7021049,0.03674824536,a
Shanghai,EUI,186.0630269,0.08551427722,a
Shanghai,EUI,107.1539687,0.01496318355,a
Shanghai,EUI,111.2653496,-0.09048057348,a
Wuhan,EUI,114.1312516,0.1376888603,a
Shanghai,EUI,188.7835764,-0.0043838243,a
Shanghai,EUI,107.4101181,-0.0458836481,a
Beijing,EUI,107.68,0.09394697845,a
Shanghai,EUI,106.577636,-0.005544174463,a
Shanghai,EUI,106.1021412,-0.2640528679,a
Shanghai,EUI,187.6140269,-0.004108130932,a
Guangzhou,EUI,210.0137391,0.01202139072,a
Guangzhou,EUI,108.7602291,-0.005599457771,a
Shanghai,EUI,187.0125889,0.02065066993,a
Wuhan,EUI,195.953976,-0.05173718184,a
Wuhan,EUI,193.5994381,0.01252876967,a
Shanghai,EUI,187.2485478,0.06237909198,a
Shanghai,EUI,110.056914,0.05690092221,a
Guangzhou,EUI,102.243521,-0.4649940133,a
Shanghai,EUI,195.4514685,-0.02330442704,a
Guangzhou,EUI,107.9448505,0.0008840893861,a
Beijing,EUI,129.48,0.08358170837,a
Shanghai,EUI,105.771287,-0.2239532322,a
Shanghai,EUI,196.9700178,-0.01345435251,a
Guangzhou,EUI,210.7021049,0.08429353684,a
Beijing,EUI,107.67,-0.06073189154,a
Wuhan,EUI,113.6764439,0.0676465109,a
Shanghai,EUI,274.2758624,-0.05527478456,a
Guangzhou,EUI,110.8968766,-0.1516438723,a
Guangzhou,EUI,101.592787,-0.297576189,a
Shanghai,EUI,197.3488027,0.04870894924,a
Shanghai,EUI,186.0630269,-0.005659884773,a
Shanghai,EUI,186.0630269,-0.02336687781,a
Guangzhou,EUI,205.7055775,-0.04515746608,a
Shanghai,EUI,197.3488027,0.245716691,a
Shanghai,EUI,275.8490294,-0.05640726909,a
Beijing,EUI,31.89,0.1112632453,a
Shanghai,EUI,188.2998177,-0.01993980631,a
Wuhan,EUI,193.5994381,0.1165611669,a
Shanghai,EUI,106.4164739,-0.07272419333,a
Wuhan,EUI,195.7330632,0.05958512798,a
Shanghai,EUI,195.2049422,-0.07818353921,a
Guangzhou,EUI,205.7055775,0.2808922827,a
Shanghai,EUI,278.6082818,0.05788132548,a
Shanghai,EUI,277.7011388,0.1798613369,a
Shanghai,EUI,106.577636,0.001408767654,a
Shanghai,EUI,195.4514685,-0.08031369001,a
Wuhan,EUI,195.7330632,-0.0180293005,a
Beijing,EUI,31.89,-0.4001317024,a
Beijing,EUI,31.89,-0.05949981511,a
Wuhan,EUI,111.7492491,-0.08596015722,a
Shanghai,EUI,110.056914,0.03414919972,a
Shanghai,EUI,105.2490472,-0.1165706217,a
Shanghai,EUI,103.7447431,-0.5383449793,a
Guangzhou,EUI,110.8968766,-0.1516438723,a
Shanghai,EUI,122.5042299,0.06029516459,a
Shanghai,EUI,196.9700178,-0.09971468151,a
Beijing,EUI,31.89,-0.1424960196,a
Shanghai,EUI,188.2998177,-0.06432781368,a
Shanghai,EUI,187.2485478,0.1688997,a
Wuhan,EUI,193.5994381,-0.1015715003,a
Shanghai,EUI,110.056914,-0.003868703032,a
Beijing,EUI,31.89,-0.5476014614,a
Shanghai,EUI,187.2485478,0.1105062887,a
Shanghai,EUI,106.9527713,-0.01323232055,a
Beijing,EUI,31.89,-0.4575912654,a
Shanghai,EUI,188.2998177,0.02130263671,a
Shanghai,EUI,197.3488027,-0.03205268085,a
Shanghai,EUI,106.577636,-0.09089160711,a
Shanghai,EUI,188.2998177,0.02816496417,a
Beijing,EUI,31.89,-0.4203389883,a
Guangzhou,EUI,210.7021049,0.1059888974,a
Guangzhou,EUI,210.7021049,0.1401200444,a
Shanghai,EUI,109.462613,0.01902733184,a
Guangzhou,EUI,205.7055775,0.2740747631,a
Shanghai,EUI,105.771287,-0.1412252784,a
Wuhan,EUI,195.953976,-0.08418624848,a
Wuhan,EUI,195.953976,0.1056618765,a
Wuhan,EUI,197.3821049,-0.02381369285,a
Shanghai,EUI,195.4514685,-0.07552097738,a
Shanghai,EUI,112.5992859,0.1272223741,a
Guangzhou,EUI,203.9964083,-0.1423599869,a
Beijing,EUI,107.67,-0.1457369328,a
Shanghai,EUI,106.0727756,-0.2463607043,a
Shanghai,EUI,106.0727756,-0.4063286781,a
Wuhan,EUI,191.9725421,0.3066384494,a
Wuhan,EUI,114.1312516,-0.07153099775,a
Shanghai,EUI,196.9700178,-0.05308121815,a
Shanghai,EUI,196.9700178,-0.1121130511,a
Shanghai,EUI,106.577636,0.08730792254,a
Shanghai,EUI,186.0630269,-0.02200497314,a
Beijing,EUI,31.89,-0.3978177607,a
Shanghai,EUI,188.7835764,0.08450078219,a
Beijing,EUI,31.89,-0.2424927354,a
Shanghai,EUI,187.2485478,0.1862304956,a
Shanghai,EUI,187.6140269,0.1143890694,a
Wuhan,EUI,195.7330632,0.0922068283,a
Shanghai,EUI,275.8490294,0.01135276258,a
Wuhan,EUI,197.3821049,-0.07484278083,a
Shanghai,EUI,195.4514685,-0.01710080169,a
Beijing,EUI,31.89,0.07995027304,a
Shanghai,EUI,110.056914,-0.02973858267,a
Shanghai,EUI,188.7835764,0.05656441301,a
Guangzhou,EUI,210.7021049,0.005884381942,a
Guangzhou,EUI,203.9964083,-0.1619009078,a
Shanghai,EUI,191.0414887,-0.02308791317,a
Shanghai,EUI,186.0630269,0.1355696619,a
Shanghai,EUI,191.1767205,0.1524570286,a
Shanghai,EUI,107.4101181,-0.04698089138,a
Shanghai,EUI,106.4164739,-0.038544368,a
Wuhan,EUI,190.3989335,0.1407053322,a
Shanghai,EUI,186.0630269,0.008511721157,a
Shanghai,EUI,109.8196342,0.001277924399,a
Shanghai,EUI,107.585316,0.05198600143,a
Wuhan,EUI,192.4179605,0.05384089798,a
Shanghai,EUI,108.419482,-0.03536964953,a
Shanghai,EUI,188.7835764,-0.02174814418,a
Shanghai,EUI,188.2998177,0.04019972682,a
Wuhan,EUI,114.1312516,0.1198929548,a
Shanghai,EUI,106.9527713,0.006678804755,a
Wuhan,EUI,195.7330632,0.1393435895,a
Wuhan,EUI,116.2730259,0.002741781296,a
Wuhan,EUI,113.6977309,0.1260073334,a
Beijing,EUI,107.67,0.02729277685,a
Shanghai,EUI,107.4101181,-0.04022268951,a
Wuhan,EUI,115.0606403,-0.07903373986,a
Beijing,EUI,87.6,-0.2094401717,a
Beijing,EUI,107.67,-0.1124066561,a
Guangzhou,EUI,205.7055775,0.08982276917,a
Wuhan,EUI,190.3989335,-0.03051588126,a
Shanghai,EUI,278.6082818,0.1934548616,a
Shanghai,EUI,189.724048,0.01282450743,a
Shanghai,EUI,116.2192045,0.01564333402,a
Wuhan,EUI,114.3902853,0.08890340477,a
Shanghai,EUI,109.9480087,0.03848477453,a
Shanghai,EUI,195.4514685,-0.04049165174,a
Wuhan,EUI,195.7330632,-0.05397355184,a
Beijing,EUI,31.89,-0.3225019276,a
Shanghai,EUI,110.056914,-0.02199797891,a
Shanghai,EUI,278.6082818,0.1600392163,a
Shanghai,EUI,106.9527713,0.03743406013,a
Shanghai,EUI,106.577636,-0.03676421568,a
Shanghai,EUI,106.999129,-0.05171986669,a
Wuhan,EUI,195.953976,0.0003065891215,a
Guangzhou,EUI,104.6823998,-0.1551152319,a
Shanghai,EUI,187.2485478,0.08631438017,a
Shanghai,EUI,187.2485478,0.1214101315,a
Beijing,EUI,31.89,-0.1263062656,a
Shanghai,EUI,187.2485478,0.0490369238,a
Shanghai,EUI,195.4514685,-0.06590726227,a
Wuhan,EUI,193.5994381,-0.1549150646,a
Shanghai,EUI,188.2998177,0.05975251272,a
Guangzhou,EUI,111.1657101,-0.1061830968,a
Beijing,EUI,31.89,-0.5065674186,a
Shanghai,EUI,106.1021412,-0.1134758964,a
Shanghai,EUI,110.056914,-0.01612928323,a
Shanghai,EUI,106.0727756,-0.1570715308,a
Wuhan,EUI,195.953976,0.02425078861,a
Wuhan,EUI,116.4512692,0.1303524077,a
Shanghai,EUI,193.1126855,-0.07427752018,a
Shanghai,EUI,188.2998177,0.0550057143,a
Shanghai,EUI,110.056914,0.01104852743,a
Shanghai,EUI,196.9700178,-0.04551556334,a
Shanghai,EUI,186.0630269,0.1120680645,a
Shanghai,EUI,106.9527713,-0.001606835751,a
Wuhan,EUI,111.8004465,0.1031217128,a
Guangzhou,EUI,210.7021049,0.04429462552,a
Beijing,EUI,31.89,-0.2517359853,a
Shanghai,EUI,105.2015884,-0.1553418636,a
Shanghai,EUI,186.0630269,0.08544433117,a
Shanghai,EUI,189.724048,0.003196727019,a
Shanghai,EUI,195.2049422,-0.04810333252,a
Shanghai,EUI,107.1539687,0.02889818139,a
Guangzhou,EUI,105.2419107,-0.4034307897,a
Shanghai,EUI,112.5992859,0.1416863203,a
Shanghai,EUI,197.3488027,0.008315837942,a
Shanghai,EUI,195.4514685,-0.06060339138,a
Shanghai,EUI,109.8196342,-0.02762326784,a
Shanghai,EUI,106.999129,-0.07165653259,a
Shanghai,EUI,189.724048,-0.1179217324,a
Beijing,EUI,31.89,0.2028833777,a
Shanghai,EUI,106.577636,0.006041462533,a
Guangzhou,EUI,210.7021049,0.09919525683,a
Wuhan,EUI,195.7330632,-0.0503645651,a
Guangzhou,EUI,209.1166956,0.04189549014,a
Guangzhou,EUI,203.0657098,-0.1791140437,a
Guangzhou,EUI,106.0466835,-0.3643031716,a
Beijing,EUI,31.89,-0.3686904907,a
Guangzhou,EUI,206.186642,0.1572285593,a
Shanghai,EUI,110.056914,0.01934498735,a
Guangzhou,EUI,210.7021049,0.04314725474,a
Shanghai,EUI,188.2998177,-0.08225815743,a
Shanghai,EUI,110.056914,-0.03817207739,a
Shanghai,EUI,105.8683633,-0.05493877083,a
Shanghai,EUI,187.2485478,0.1058119982,a
Beijing,EUI,107.67,0.08666108549,a
Shanghai,EUI,110.056914,0.003432762111,a
Shanghai,EUI,186.0630269,0.06380417943,a
Shanghai,EUI,188.2998177,0.03955479711,a
Shanghai,EUI,106.999129,-0.05948951095,a
Shanghai,EUI,187.2485478,0.1665953547,a
Shanghai,EUI,187.0125889,0.1531173289,a
Guangzhou,EUI,205.7055775,0.07620063424,a
Shanghai,EUI,278.6082818,0.1179299653,a
Shanghai,EUI,195.2049422,-0.06453733891,a
Shanghai,EUI,106.9527713,-0.03418942168,a
Shanghai,EUI,186.0630269,0.003786223708,a
Wuhan,EUI,192.4179605,0.2353762239,a
Shanghai,EUI,108.419482,0.007991020568,a
Shanghai,EUI,106.9527713,-0.05487216637,a
Shanghai,EUI,196.9700178,-0.08585395664,a
Guangzhou,EUI,206.186642,0.1985818744,a
Shanghai,EUI,107.585316,0.05770767853,a
Shanghai,EUI,106.577636,-0.06389774382,a
Wuhan,EUI,282.7909668,0.08511541039,a
Shanghai,EUI,278.6082818,0.01739537716,a
Shanghai,EUI,188.7835764,0.05188449472,a
Shanghai,EUI,186.0630269,0.1472263038,a
Shanghai,EUI,106.9527713,0.006834993139,a
Wuhan,EUI,279.2955225,0.1153282523,a
Beijing,EUI,31.89,-0.3897819519,a
Shanghai,EUI,186.0630269,-0.0308686588,a
Shanghai,EUI,197.3488027,0.03017583117,a
Shanghai,EUI,195.4514685,0.008673565462,a
Shanghai,EUI,193.1126855,-0.06737114489,a
Shanghai,EUI,109.8196342,-0.09025976062,a
Shanghai,EUI,188.2998177,-0.1279441267,a
Wuhan,EUI,195.7330632,-0.00538293086,a
Shanghai,EUI,107.4101181,-0.05013515428,a
Shanghai,EUI,109.8196342,-0.03725317493,a
Shanghai,EUI,116.7545492,0.02217387035,a
Shanghai,EUI,191.0414887,-0.01385845989,a
Wuhan,EUI,195.7330632,0.1640674174,a
Wuhan,EUI,190.3989335,0.039760001,a
Guangzhou,EUI,205.7055775,0.04192081839,a
Shanghai,EUI,197.3488027,-0.02841707319,a
Shanghai,EUI,193.1126855,-0.07875020802,a
Guangzhou,EUI,292.9646212,0.1899994761,a
Guangzhou,EUI,205.7055775,-0.002016128739,a
Wuhan,EUI,114.3902853,0.09611912072,a
Guangzhou,EUI,109.344793,0.08985477686,a
Shanghai,EUI,197.3488027,-0.02904735133,a
Beijing,EUI,107.68,-0.011095047,a
Shanghai,EUI,112.5992859,0.05805781856,a
Shanghai,EUI,188.2998177,-0.01443911158,a
Shanghai,EUI,109.8196342,0.009195167571,a
Shanghai,EUI,107.585316,0.1398728937,a
Shanghai,EUI,106.577636,0.1138451174,a
Beijing,EUI,31.89,-0.2326221913,a
Beijing,EUI,107.67,-0.09705058485,a
Shanghai,EUI,106.577636,0.007541635074,a
Guangzhou,EUI,294.1702351,0.1158396304,a
Shanghai,EUI,110.056914,0.04884479195,a
Shanghai,EUI,103.698807,-0.1168969497,a
Beijing,EUI,107.67,0.1085480973,a
Shanghai,EUI,195.2049422,-0.0245569516,a
Wuhan,EUI,114.2417941,0.1937177628,a
Shanghai,EUI,106.999129,-0.06931971014,a
Wuhan,EUI,114.2417941,0.1189818159,a
Wuhan,EUI,279.2955225,0.09549772739,a
Shanghai,EUI,187.6140269,0.1280653775,a
Shanghai,EUI,189.724048,-0.04531216621,a
Shanghai,EUI,106.9527713,0.0122779198,a
Wuhan,EUI,113.6764439,0.0199075453,a
Shanghai,EUI,195.4514685,-0.04990215972,a
Shanghai,EUI,197.3488027,-0.003388848854,a
Shanghai,EUI,193.1126855,-0.117158927,a
Beijing,EUI,31.89,0.03658600524,a
Wuhan,EUI,197.3821049,-0.1351000965,a
Wuhan,EUI,279.2955225,0.08601881564,a
Wuhan,EUI,205.874483,0.03403047472,a
Shanghai,EUI,186.0630269,-0.04023745656,a
Shanghai,EUI,109.462613,0.03965802863,a
Shanghai,EUI,109.9480087,0.008445578627,a
Shanghai,EUI,187.2485478,-0.03093575314,a
Guangzhou,EUI,111.1657101,-0.003856231226,a
Shanghai,EUI,193.1126855,-0.1043115556,a
Shanghai,EUI,106.9527713,-0.01853842847,a
Shanghai,EUI,107.4101181,-0.05024535954,a
Wuhan,EUI,190.3989335,-0.0838951245,a
Shanghai,EUI,106.9527713,-0.0517308414,a
Shanghai,EUI,195.4514685,-0.0328355208,a
Beijing,EUI,107.67,0.02760772221,a
Shanghai,EUI,106.999129,-0.1090845913,a
Wuhan,EUI,195.953976,-0.1433902234,a
Shanghai,EUI,116.1881784,-0.01275532506,a
Shanghai,EUI,191.0414887,-0.006683834363,a
Shanghai,EUI,272.5330194,-0.08123806119,a
Shanghai,EUI,187.2485478,0.1041563302,a
Shanghai,EUI,191.1767205,0.1133721918,a
Wuhan,EUI,110.4552686,0.1132628098,a
Shanghai,EUI,186.0630269,-0.03663553298,a
Shanghai,EUI,186.0630269,-0.05620018393,a
Shanghai,EUI,186.0630269,0.1320707649,a
Wuhan,EUI,195.953976,-0.0339637585,a
Beijing,EUI,107.67,-0.08471844345,a
Wuhan,EUI,190.3989335,0.01614522375,a
Guangzhou,EUI,210.7021049,0.02980902232,a
Shanghai,EUI,110.056914,0.008655153215,a
Shanghai,EUI,106.9527713,0.005655983463,a
Shanghai,EUI,187.6140269,0.1038237512,a
Shanghai,EUI,106.0727756,-0.2376457453,a
Shanghai,EUI,186.0630269,0.1317358762,a
Shanghai,EUI,106.1021412,-0.1427021325,a
Wuhan,EUI,121.2145132,0.1797100306,a
Shanghai,EUI,109.9480087,-0.08001933247,a
Shanghai,EUI,107.585316,0.0482008718,a
Shanghai,EUI,191.1767205,0.04367853329,a
Shanghai,EUI,195.4514685,0.009099267423,a
Shanghai,EUI,276.9039955,0.06493593007,a
Shanghai,EUI,106.0727756,-0.2232358754,a
Shanghai,EUI,195.2049422,-0.04873737693,a
Shanghai,EUI,193.1126855,-0.06272742897,a
Guangzhou,EUI,210.7021049,0.07917147875,a
Shanghai,EUI,110.056914,-0.06882722676,a
Wuhan,EUI,192.9705051,0.3480631709,a
Wuhan,EUI,282.7909668,0.06971477717,a
Shanghai,EUI,188.2998177,-0.09709939361,a
Shanghai,EUI,195.4514685,-0.04971924424,a
Shanghai,EUI,107.4101181,0.003856730415,a
Shanghai,EUI,195.4514685,-0.01753050089,a
Shanghai,EUI,187.2485478,-0.007627018727,a
Shanghai,EUI,110.056914,0.002058829879,a
Wuhan,EUI,195.953976,-0.02747183852,a
Beijing,EUI,107.67,-0.04485796392,a
Shanghai,EUI,278.6082818,0.2167142034,a
Wuhan,EUI,189.9606477,0.1689902395,a
Wuhan,EUI,195.7330632,-0.03725313023,a
Shanghai,EUI,187.0125889,0.04774389043,a
Beijing,EUI,107.67,-0.06175964326,a
Wuhan,EUI,114.1312516,0.1108323187,a
Shanghai,EUI,188.2998177,0.1712236255,a
Shanghai,EUI,188.2998177,-0.01318334695,a
Shanghai,EUI,195.4514685,-0.06720925122,a
Beijing,EUI,107.67,0.0628220737,a
Shanghai,EUI,277.1405325,0.05840481445,a
Shanghai,EUI,187.2485478,0.110134691,a
Wuhan,EUI,111.8004465,0.0992288366,a
Beijing,EUI,129.48,0.09132154286,a
Shanghai,EUI,191.0414887,0.04633723572,a
Wuhan,EUI,195.7330632,0.3065353632,a
Guangzhou,EUI,106.0466835,-0.2723138332,a
Shanghai,EUI,277.1405325,0.05999617651,a
Shanghai,EUI,106.0727756,-0.1027627066,a
Shanghai,EUI,193.1126855,0.03403776884,a
Guangzhou,EUI,209.1166956,0.01594115049,a
Shanghai,EUI,106.577636,-0.001443680143,a
Shanghai,EUI,110.056914,0.01690771431,a
Beijing,EUI,107.68,-0.03049265407,a
Shanghai,EUI,106.0727756,-0.1333076358,a
Shanghai,EUI,188.2998177,-0.008279656991,a
Shanghai,EUI,106.0727756,-0.1625536978,a
Shanghai,EUI,195.2049422,-0.06124727055,a
Guangzhou,EUI,203.9964083,-0.0577224195,a
Guangzhou,EUI,210.0137391,0.1048066244,a
Shanghai,EUI,188.2998177,-0.04566681385,a
Shanghai,EUI,107.1539687,-0.08876868337,a
Beijing,EUI,31.89,-0.3569060564,a
Shanghai,EUI,195.4514685,-0.05891643092,a
Shanghai,EUI,107.585316,0.04084775597,a
Wuhan,EUI,282.7909668,0.08354517817,a
Shanghai,EUI,107.585316,0.01848031767,a
Wuhan,EUI,205.874483,0.05615019053,a
Shanghai,EUI,193.1126855,-0.0415482223,a
Wuhan,EUI,195.7330632,-0.0492159985,a
Shanghai,EUI,187.2485478,0.03255078569,a
Shanghai,EUI,125.3372569,-0.009686187841,a
Wuhan,EUI,115.8773077,-0.07321215421,a
Wuhan,EUI,195.953976,0.06959721446,a
Wuhan,EUI,114.2417941,0.1607714593,a
Guangzhou,EUI,205.7055775,0.0187761765,a
Shanghai,EUI,106.577636,0.01943586208,a
Shanghai,EUI,106.4164739,-0.2179301977,a
Shanghai,EUI,186.0630269,-0.04777504504,a
Guangzhou,EUI,210.7021049,0.08873338252,a
Beijing,EUI,31.89,0.022065714,a
Shanghai,EUI,186.0630269,0.09967468679,a
Beijing,EUI,31.89,-0.4670485258,a
Shanghai,EUI,197.3488027,0.04256393388,a
Shanghai,EUI,195.4514685,-0.08305265009,a
Guangzhou,EUI,209.1166956,-0.1016625315,a
Shanghai,EUI,278.6082818,0.02836040966,a
Beijing,EUI,107.67,-0.06657925248,a
Wuhan,EUI,190.3989335,0.04069175944,a
Shanghai,EUI,106.9527713,-0.01833434217,a
Shanghai,EUI,187.6140269,0.2176964879,a
Wuhan,EUI,195.7330632,0.02092668787,a
Beijing,EUI,31.89,-0.2827382088,a
Shanghai,EUI,191.0414887,-0.03421062604,a
Guangzhou,EUI,104.126868,-0.3678615987,a
Wuhan,EUI,190.3989335,-0.006688977592,a
Shanghai,EUI,186.0630269,0.1195844263,a
Shanghai,EUI,188.2998177,0.01982664689,a
Shanghai,EUI,110.056914,-0.08276718855,a
Guangzhou,EUI,118.3235398,-0.06008452177,a
Guangzhou,EUI,210.1468176,0.09856711328,a
Shanghai,EUI,186.0630269,0.09507665783,a
Shanghai,EUI,275.8490294,-0.06905841827,a
Shanghai,EUI,193.1126855,-0.0435586758,a
Shanghai,EUI,107.519976,-0.02660622634,a
Guangzhou,EUI,200.4752153,0.003568331013,a
Shanghai,EUI,109.9480087,0.07068675011,a
Guangzhou,EUI,292.9646212,0.08306288719,a
Wuhan,EUI,195.7330632,-0.1512906551,a
Shanghai,EUI,195.4514685,-0.113773793,a
Shanghai,EUI,191.0414887,0.05980651453,a
Wuhan,EUI,113.4132957,0.0134976469,a
Wuhan,EUI,121.2145132,0.1140182689,a
Wuhan,EUI,190.3989335,-0.1028792337,a
Shanghai,EUI,109.462613,-0.1109663993,a
Guangzhou,EUI,104.1017516,-0.1736897081,a
Shanghai,EUI,276.9477067,0.02533566207,a
Shanghai,EUI,106.9527713,-0.09349922091,a
Beijing,EUI,31.89,-0.4573056102,a
Guangzhou,EUI,107.9448505,0.09553041309,a
Beijing,EUI,31.89,-0.3652636111,a
Shanghai,EUI,188.7835764,0.06489584595,a
Beijing,EUI,31.89,-0.1155084074,a
Wuhan,EUI,190.3989335,-0.1007891148,a
Wuhan,EUI,114.1312516,0.01695516706,a
Shanghai,EUI,189.724048,-0.09245964885,a
Shanghai,EUI,107.1539687,-0.07925531268,a
Shanghai,EUI,186.0630269,0.1458447278,a
Shanghai,EUI,109.8196342,0.05921192095,a
Shanghai,EUI,196.9700178,-0.04728627205,a
Shanghai,EUI,191.0414887,0.08671205491,a
Wuhan,EUI,190.3989335,-0.006642400287,a
Shanghai,EUI,187.2485478,0.06565026939,a
Shanghai,EUI,186.0630269,0.03909162432,a
Shanghai,EUI,106.4164739,-0.02521797828,a
Shanghai,EUI,186.0630269,0.09308990091,a
Beijing,EUI,31.89,-0.185460791,a
Shanghai,EUI,105.771287,-0.2351501137,a
Shanghai,EUI,106.4164739,-0.01959419064,a
Shanghai,EUI,186.0630269,0.06861130893,a
Shanghai,EUI,107.9609077,-0.02059858106,a
Shanghai,EUI,106.0727756,-0.2603186369,a
Wuhan,EUI,187.7498433,-0.05971814319,a
Wuhan,EUI,192.9705051,-0.03804061934,a
Shanghai,EUI,189.724048,-0.106878154,a
Shanghai,EUI,103.7447431,-0.1124751791,a
Shanghai,EUI,106.9552835,-0.09095785022,a
Beijing,EUI,107.67,0.04526835307,a
Shanghai,EUI,195.4514685,-0.1226294488,a
Shanghai,EUI,188.2998177,-0.01719781756,a
Wuhan,EUI,114.3902853,0.02869782783,a
Shanghai,EUI,116.1881784,0.09779240936,a
Shanghai,EUI,189.724048,0.02551508322,a
Shanghai,EUI,188.2998177,0.01334729418,a
Wuhan,EUI,112.0731723,0.07441026717,a
Wuhan,EUI,113.6977309,0.1668373793,a
Guangzhou,EUI,205.7055775,0.02420575544,a
Shanghai,EUI,116.7545492,0.09834864736,a
Beijing,EUI,107.68,-0.05727744475,a
Shanghai,EUI,195.4514685,-0.06912840158,a
Wuhan,EUI,114.1312516,0.1423172951,a
Shanghai,EUI,106.9527713,0.09373623133,a
Shanghai,EUI,110.056914,-0.002206440549,a
Shanghai,EUI,187.2485478,0.1089906171,a
Shanghai,EUI,195.2049422,-0.07421246171,a
Shanghai,EUI,186.0630269,0.00963419117,a
Shanghai,EUI,196.9700178,-0.04791644216,a
Shanghai,EUI,112.5992859,0.1211070046,a
Shanghai,EUI,193.1126855,-0.09539413452,a
Shanghai,EUI,277.7011388,0.1669264883,a
Wuhan,EUI,195.953976,0.05331389979,a
Guangzhou,EUI,210.1468176,0.08068104088,a
Shanghai,EUI,195.2049422,0.02826642804,a
Shanghai,EUI,187.2485478,-0.0660565719,a
Shanghai,EUI,191.0414887,0.03029807657,a
Shanghai,EUI,116.6010685,0.007392593659,a
Shanghai,EUI,196.9700178,-0.03494274989,a
Shanghai,EUI,188.2998177,-0.0121932514,a
Wuhan,EUI,114.1312516,0.08781129867,a
Shanghai,EUI,186.0630269,0.04791612178,a
Wuhan,EUI,190.3989335,0.03993854672,a
Shanghai,EUI,187.4190981,0.07417132705,a
Shanghai,EUI,105.2490472,-0.2711749673,a
Shanghai,EUI,276.9477067,-0.04663214833,a
Wuhan,EUI,114.3902853,0.1028060168,a
Wuhan,EUI,195.7330632,0.1310488731,a
Shanghai,EUI,278.6082818,0.293394357,a
Shanghai,EUI,191.0414887,0.1034289524,a
Shanghai,EUI,107.585316,0.003568218322,a
Shanghai,EUI,106.9552835,-0.1361121386,a
Shanghai,EUI,109.462613,-0.08157690614,a
Beijing,EUI,87.6,-0.5442043543,a
Shanghai,EUI,109.462613,0.023264708,a
Shanghai,EUI,103.7447431,-0.2141707987,a
Shanghai,EUI,277.1405325,0.1033706889,a
Shanghai,EUI,109.462613,0.02562871948,a
Shanghai,EUI,193.1126855,0.01538876537,a
Shanghai,EUI,277.1405325,-0.0515399985,a
Guangzhou,EUI,107.3167757,0.0953257978,a
Shanghai,EUI,106.1021412,-0.2322869003,a
Shanghai,EUI,109.462613,0.04141526669,a
Shanghai,EUI,105.485991,-0.1362049729,a
Shanghai,EUI,109.9480087,0.05081774667,a
Wuhan,EUI,195.7330632,0.04395697266,a
Beijing,EUI,31.89,-0.4740017354,a
Wuhan,EUI,195.7330632,-0.04732950404,a
Shanghai,EUI,110.056914,0.008175783791,a
Shanghai,EUI,277.1405325,0.07107210159,a
Shanghai,EUI,187.2485478,-0.02885349467,a
Shanghai,EUI,191.1767205,0.01183271222,a
Wuhan,EUI,279.2955225,0.1588077992,a
Wuhan,EUI,114.2417941,0.06815497577,a
Shanghai,EUI,195.4514685,-0.04432268813,a
Wuhan,EUI,195.953976,0.0124867335,a
Guangzhou,EUI,210.1468176,0.07042789459,a
Shanghai,EUI,106.0727756,-0.2783170044,a
Wuhan,EUI,111.8004465,0.1338234097,a
Shanghai,EUI,197.3488027,0.03484085575,a
Beijing,EUI,93.68,-0.1211424246,a
Shanghai,EUI,195.4514685,-0.01703859307,a
Shanghai,EUI,195.2049422,-0.1021172106,a
Wuhan,EUI,111.8004465,0.1352341026,a
Beijing,EUI,31.89,-0.2889127135,a
Shanghai,EUI,103.7447431,-0.3414096236,a
Shanghai,EUI,109.462613,0.02674858831,a
Shanghai,EUI,188.2998177,0.03572582826,a
Wuhan,EUI,113.2334402,0.09001079947,a
Shanghai,EUI,189.724048,-0.03702954948,a
Shanghai,EUI,188.2998177,0.04820455238,a
Shanghai,EUI,106.577636,0.05358555168,a
Guangzhou,EUI,294.1702351,0.1174293458,a
Guangzhou,EUI,210.7021049,0.07162413746,a
Guangzhou,EUI,210.0137391,-0.05137640238,a
Shanghai,EUI,187.2485478,0.06912460923,a
Shanghai,EUI,187.0125889,0.08943196386,a
Shanghai,EUI,274.2758624,-0.06358070672,a
Shanghai,EUI,187.6140269,0.05147778243,a
Shanghai,EUI,278.6082818,0.02605903149,a
Shanghai,EUI,110.056914,0.05740788952,a
Wuhan,EUI,193.5994381,-0.05956083164,a
Guangzhou,EUI,210.7021049,0.02813013084,a
Shanghai,EUI,186.0630269,-0.0763245225,a
Guangzhou,EUI,199.7975089,-0.116957739,a
Shanghai,EUI,272.5330194,-0.04276362062,a
Shanghai,EUI,186.0630269,0.1634908766,a
Beijing,EUI,107.67,0.007691916078,a
Shanghai,EUI,188.7835764,0.07123698294,a
Shanghai,EUI,186.0630269,-0.1164193004,a
Shanghai,EUI,195.4514685,-0.04641132802,a
Shanghai,EUI,110.056914,-0.02888796665,a
Shanghai,EUI,193.1126855,0.09625786543,a
Guangzhou,EUI,294.1702351,0.1023878381,a
Shanghai,EUI,195.4514685,-0.04460208863,a
Shanghai,EUI,107.585316,0.04372899234,a
Shanghai,EUI,106.4164739,-0.03080228344,a
Beijing,EUI,31.89,-0.5913880467,a
Guangzhou,EUI,210.7021049,0.1358954906,a
Shanghai,EUI,116.1881784,0.0400852114,a
Guangzhou,EUI,104.7195154,-0.3324230909,a
Wuhan,EUI,112.0731723,0.127954632,a
Guangzhou,EUI,205.7055775,0.05744702369,a
Beijing,EUI,31.89,-0.5936508179,a
Guangzhou,EUI,205.7055775,-0.01052508038,a
Wuhan,EUI,195.953976,0.04141861945,a
Guangzhou,EUI,210.7021049,0.09621359408,a
Shanghai,EUI,112.0244119,0.03283249959,a
Shanghai,EUI,105.6399328,-0.2086002827,a
Shanghai,EUI,110.056914,-0.0007357473951,a
Shanghai,EUI,106.1021412,-0.2600475252,a
Shanghai,EUI,107.4101181,-0.03537878767,a
Shanghai,EUI,110.056914,-0.01239501033,a
Shanghai,EUI,195.2049422,-0.05820510909,a
Shanghai,EUI,197.3488027,0.06540014595,a
Wuhan,EUI,276.4682492,0.0410906598,a
Shanghai,EUI,191.0414887,0.01669827476,a
Shanghai,EUI,188.2998177,0.01829744689,a
Shanghai,EUI,186.0630269,0.08452942967,a
Wuhan,EUI,110.0384295,-0.04191162065,a
Guangzhou,EUI,210.1468176,0.1429641843,a
Beijing,EUI,31.89,-0.2849236131,a
Wuhan,EUI,195.7330632,0.07864055783,a
Wuhan,EUI,195.7330632,-0.01984147355,a
Shanghai,EUI,112.5992859,0.04550760239,a
Wuhan,EUI,114.2417941,0.06337663531,a
Wuhan,EUI,114.3902853,0.04756654054,a
Shanghai,EUI,116.2192045,0.008141334169,a
Shanghai,EUI,273.2895274,-0.02314694971,a
Shanghai,EUI,187.2485478,-0.05453999713,a
Shanghai,EUI,186.0630269,-0.0509570688,a
Shanghai,EUI,110.056914,0.01230679173,a
Shanghai,EUI,107.4101181,-0.009471211582,a
Guangzhou,EUI,210.0137391,-0.09472042322,a
Shanghai,EUI,111.2653496,-0.02425044775,a
Wuhan,EUI,116.4512692,0.1419635266,a
Shanghai,EUI,193.1126855,-0.1416022629,a
Shanghai,EUI,191.0414887,0.08718757331,a
Guangzhou,EUI,205.7055775,0.05508074537,a
Shanghai,EUI,188.2998177,0.01714424789,a
Beijing,EUI,107.67,0.04249838367,a
Shanghai,EUI,275.8490294,-0.006129951682,a
Shanghai,EUI,187.2485478,0.08307347447,a
Shanghai,EUI,191.0414887,-0.0574727878,a
Wuhan,EUI,114.2417941,0.08768511564,a
Wuhan,EUI,114.1312516,0.08875756711,a
Shanghai,EUI,272.5330194,0.00947544165,a
Guangzhou,EUI,209.1166956,0.0626565665,a
Shanghai,EUI,191.1767205,-0.02325173654,a
Shanghai,EUI,193.1126855,0.0001111916936,a
Shanghai,EUI,106.9552835,-0.09489327669,a
Shanghai,EUI,188.2998177,0.01747707091,a
Shanghai,EUI,110.056914,-0.0125685893,a
Shanghai,EUI,186.0630269,0.08459625393,a
Beijing,EUI,31.89,-0.2588934004,a
Shanghai,EUI,195.4514685,-0.00202009012,a
Wuhan,EUI,195.7330632,0.02024480514,a
Guangzhou,EUI,198.9517433,0.02961920574,a
Shanghai,EUI,109.462613,0.03848664463,a
Shanghai,EUI,195.4514685,-0.1135617569,a
Wuhan,EUI,192.9705051,0.3097843528,a
Shanghai,EUI,193.1126855,-0.0933617577,a
Shanghai,EUI,186.0630269,0.1267993301,a
Beijing,EUI,129.48,0.08701919764,a
Shanghai,EUI,186.0630269,0.1177868322,a
Shanghai,EUI,193.1126855,-0.04100646451,a
Guangzhou,EUI,210.7021049,0.1270546615,a
Guangzhou,EUI,210.7021049,0.1053539813,a
Beijing,EUI,31.89,-0.5933666825,a
Beijing,EUI,31.89,-0.3146384656,a
Guangzhou,EUI,118.3235398,-0.04413866252,a
Shanghai,EUI,193.1126855,-0.05931875482,a
Shanghai,EUI,277.1405325,-0.05453733355,a
Shanghai,EUI,187.6140269,0.08959709108,a
Wuhan,EUI,190.3989335,0.009701239876,a
Beijing,EUI,107.67,0.08161963522,a
Shanghai,EUI,106.5980086,0.009429679252,a
Guangzhou,EUI,203.9964083,-0.03095806949,a
Beijing,EUI,107.67,0.06839893758,a
Guangzhou,EUI,210.1468176,-0.03674600646,a
Shanghai,EUI,197.3488027,-0.003524999833,a
Guangzhou,EUI,199.7975089,-0.02392461151,a
Beijing,EUI,107.67,-0.11299932,a
Shanghai,EUI,189.724048,0.01571051404,a
Shanghai,EUI,277.1405325,0.05169726536,a
Shanghai,EUI,191.0414887,-0.03391601145,a
Wuhan,EUI,114.3902853,0.1006789878,a
Beijing,EUI,107.67,-0.0689149797,a
Shanghai,EUI,106.9527713,0.01809248328,a
Shanghai,EUI,106.9527713,-0.04612278938,a
Wuhan,EUI,195.953976,0.06421403587,a
Wuhan,EUI,114.1312516,0.0715591386,a
Shanghai,EUI,106.1021412,-0.1277274936,a
Guangzhou,EUI,210.1468176,0.1079711244,a
Shanghai,EUI,186.0630269,0.07428734004,a
Wuhan,EUI,114.3902853,0.05639396235,a
Guangzhou,EUI,106.6936723,-0.1212927401,a
Guangzhou,EUI,210.1468176,-0.03907234967,a
Wuhan,EUI,114.3902853,0.07022565603,a
Shanghai,EUI,197.3488027,-0.01034455094,a
Shanghai,EUI,195.2049422,-0.04485824332,a
Wuhan,EUI,113.6977309,0.1629655212,a
Shanghai,EUI,188.2998177,-0.08707778901,a
Beijing,EUI,107.67,0.009085078724,a
Shanghai,EUI,187.2485478,0.1334100515,a
Shanghai,EUI,112.5992859,0.1676786095,a
Shanghai,EUI,110.056914,-0.008454194292,a
Wuhan,EUI,113.6977309,0.1607416719,a
Wuhan,EUI,111.3148649,0.04326349497,a
Guangzhou,EUI,210.1468176,0.06522538513,a
Shanghai,EUI,191.1767205,-0.05254694074,a
Shanghai,EUI,187.2485478,0.1541153938,a
Shanghai,EUI,106.0727756,-0.09686519951,a
Shanghai,EUI,187.2485478,-0.02743085101,a
Shanghai,EUI,107.9804068,-0.05751211196,a
Wuhan,EUI,195.7330632,0.1433705837,a
Shanghai,EUI,107.1539687,0.01954050548,a
Shanghai,EUI,109.8196342,-0.004108191468,a
Guangzhou,EUI,104.2987326,-0.3574530184,a
Guangzhou,EUI,104.7195154,-0.361997664,a
Beijing,EUI,107.68,0.03035938926,a
Shanghai,EUI,186.0630269,-0.03492181748,a
Shanghai,EUI,113.6707909,0.1054517776,a
Beijing,EUI,31.89,-0.3096991181,a
Shanghai,EUI,187.2485478,0.05780920386,a
Guangzhou,EUI,102.243521,-0.2941602767,a
Shanghai,EUI,109.9480087,-0.0867176801,a
Shanghai,EUI,110.056914,0.02577012964,a
Shanghai,EUI,106.9552835,-0.06921958923,a
Guangzhou,EUI,104.7195154,-0.2266269028,a
Guangzhou,EUI,210.7021049,0.02864682674,a
Shanghai,EUI,189.724048,-0.09089452028,a
Shanghai,EUI,191.0414887,0.06481701136,a
Beijing,EUI,31.89,-0.4455750883,a
Wuhan,EUI,193.5994381,-0.02328649722,a
Beijing,EUI,107.68,-0.1305936128,a
Beijing,EUI,31.89,-0.3983751535,a
Shanghai,EUI,106.4164739,0.02041862719,a
Guangzhou,EUI,104.6823998,-0.2869689763,a
Beijing,EUI,107.67,-0.009846797213,a
Guangzhou,EUI,118.3235398,-0.009313583374,a
Beijing,EUI,107.67,-0.1124760807,a
Guangzhou,EUI,210.7021049,0.02543765493,a
Wuhan,EUI,190.3989335,0.06171319634,a
Shanghai,EUI,188.7835764,0.07799039781,a
Shanghai,EUI,113.6707909,0.04205404595,a
Shanghai,EUI,107.1539687,-0.03219176084,a
Wuhan,EUI,113.6977309,0.07474924624,a
Wuhan,EUI,195.953976,0.03229892254,a
Beijing,EUI,31.89,0.1201199666,a
Guangzhou,EUI,107.3167757,0.0635131374,a
Guangzhou,EUI,210.7021049,0.07803300768,a
Shanghai,EUI,196.9700178,-0.04490017891,a
Shanghai,EUI,197.3488027,0.03758764267,a
Shanghai,EUI,272.5330194,-0.05760510638,a
Shanghai,EUI,106.577636,0.02305870503,a
Shanghai,EUI,195.4514685,-0.03309618682,a
Guangzhou,EUI,210.7021049,0.00865399465,a
Guangzhou,EUI,210.7021049,0.1931262463,a
Shanghai,EUI,116.1881784,-0.0523619242,a
Guangzhou,EUI,205.7055775,0.3945530951,a
Shanghai,EUI,188.2998177,0.01469780505,a
Wuhan,EUI,115.8748305,0.008393868804,a
Wuhan,EUI,205.874483,0.1662950069,a
Shanghai,EUI,109.8968758,0.02620218322,a
Wuhan,EUI,279.2955225,0.08712546527,a
Shanghai,EUI,188.2998177,0.04679045826,a
Shanghai,EUI,106.9527713,0.02534731477,a
Guangzhou,EUI,292.9646212,0.07498551905,a
Guangzhou,EUI,294.1702351,0.1000412479,a
Shanghai,EUI,197.3488027,0.06948280334,a
Beijing,EUI,87.6,-0.2471186668,a
Shanghai,EUI,272.5330194,-0.06909876317,a
Shanghai,EUI,106.577636,-0.04577677697,a
Beijing,EUI,31.89,0.02140765265,a
Wuhan,EUI,197.3821049,-0.1373769939,a
Beijing,EUI,107.67,-0.03158501163,a
Shanghai,EUI,187.2485478,0.179102838,a
Shanghai,EUI,186.0630269,0.1026460603,a
Shanghai,EUI,187.2485478,0.1659187526,a
Beijing,EUI,107.67,-0.04049880058,a
Shanghai,EUI,195.4514685,-0.09260322154,a
Beijing,EUI,31.89,-0.3866488338,a
Guangzhou,EUI,205.7055775,0.02218142711,a
Beijing,EUI,107.68,-0.1673835516,a
Wuhan,EUI,195.953976,0.05059877783,a
Shanghai,EUI,195.2049422,-0.06291969866,a
Shanghai,EUI,276.9477067,-0.05071403459,a
Shanghai,EUI,186.0630269,0.1219978631,a
Guangzhou,EUI,210.0137391,0.1560362428,a
Beijing,EUI,31.89,-0.3513253033,a
Wuhan,EUI,113.4711731,0.02583674155,a
Shanghai,EUI,274.2758624,-0.0453690961,a
Wuhan,EUI,114.2417941,0.03891856223,a
Shanghai,EUI,109.462613,0.02974800766,a
Shanghai,EUI,105.6399328,-0.2427356243,a
Wuhan,EUI,195.7330632,0.09617386758,a
Shanghai,EUI,107.585316,0.002899582265,a
Beijing,EUI,31.89,-0.4242044091,a
Shanghai,EUI,189.724048,0.1235922128,a
Shanghai,EUI,105.2490472,-0.3528907895,a
Guangzhou,EUI,107.9448505,-0.1327632666,a
Guangzhou,EUI,292.9646212,0.1030631512,a
Shanghai,EUI,188.2998177,-0.02551877685,a
Wuhan,EUI,111.8004465,0.09548458457,a
Guangzhou,EUI,205.7055775,0.03132038191,a
Shanghai,EUI,110.056914,0.05690104142,a
Wuhan,EUI,115.8773077,-0.02985981852,a
Shanghai,EUI,188.2998177,-0.02399400994,a
Shanghai,EUI,109.462613,-0.1994854361,a
Shanghai,EUI,106.577636,0.02674615197,a
Shanghai,EUI,195.2049422,-0.06492847949,a
Shanghai,EUI,186.0630269,-0.03759659082,a
Wuhan,EUI,205.874483,0.1037462652,a
Shanghai,EUI,186.0630269,0.06744521856,a
Shanghai,EUI,186.0630269,0.007012842223,a
Guangzhou,EUI,205.7055775,0.07973339409,a
Beijing,EUI,107.68,-0.1057932898,a
Wuhan,EUI,195.953976,0.03063461185,a
Shanghai,EUI,187.2485478,0.1586786658,a
Shanghai,EUI,107.1539687,0.03583562374,a
Shanghai,EUI,112.5992859,0.06213626266,a
Shanghai,EUI,187.2485478,0.07263220847,a
Guangzhou,EUI,105.2419107,-0.5075391531,a
Beijing,EUI,31.89,-0.4156932533,a
Beijing,EUI,31.89,0.1696552336,a
Shanghai,EUI,106.577636,0.05930554867,a
Shanghai,EUI,116.1881784,0.03438331559,a
Shanghai,EUI,107.4101181,0.007507659495,a
Shanghai,EUI,106.4164739,-0.1553192735,a
Shanghai,EUI,106.1021412,-0.1182179004,a
Shanghai,EUI,195.4514685,-0.06798896194,a
Shanghai,EUI,116.6010685,0.0613434799,a
Wuhan,EUI,195.7330632,0.006659618579,a
Wuhan,EUI,189.9606477,0.08609455824,a
Beijing,EUI,31.89,-0.1851499975,a
Shanghai,EUI,196.9700178,-0.0003471139935,a
Wuhan,EUI,193.5994381,0.112164095,a
Beijing,EUI,31.89,-0.4276974499,a
Shanghai,EUI,277.7011388,0.2486376762,a
Shanghai,EUI,109.462613,0.02318279631,a
Shanghai,EUI,107.9609077,-0.05598058552,a
Wuhan,EUI,111.8004465,0.1327610612,a
Shanghai,EUI,188.2998177,-0.08432186395,a
Shanghai,EUI,110.056914,0.04576394334,a
Wuhan,EUI,110.4552686,0.01248869393,a
Guangzhou,EUI,198.9517433,-0.04895749316,a
Beijing,EUI,107.68,-0.0955793336,a
Shanghai,EUI,115.325407,0.02625202015,a
Shanghai,EUI,106.577636,0.01055364963,a
Shanghai,EUI,110.056914,-0.03568667546,a
Shanghai,EUI,188.2998177,-0.0382825546,a
Guangzhou,EUI,107.9448505,-0.09215889126,a
Shanghai,EUI,187.4190981,0.1237816885,a
Shanghai,EUI,193.1126855,-0.05954669043,a
Shanghai,EUI,277.1405325,0.01106546447,a
Shanghai,EUI,196.9700178,-0.09200099856,a
Shanghai,EUI,195.4514685,-0.04084022343,a
Shanghai,EUI,195.4514685,-0.0549496226,a
Beijing,EUI,107.67,-0.07783053815,a
Shanghai,EUI,195.4514685,-0.07076057047,a
Guangzhou,EUI,198.9517433,-0.1000812054,a
Guangzhou,EUI,206.186642,0.1971435547,a
Wuhan,EUI,121.2145132,0.05994933471,a
Shanghai,EUI,109.462613,0.03051223978,a
Wuhan,EUI,195.7330632,-0.0007141808164,a
Beijing,EUI,129.48,0.1766042113,a
Shanghai,EUI,110.056914,0.05400381237,a
Shanghai,EUI,116.1881784,0.09208946675,a
Shanghai,EUI,189.724048,0.146065101,a
Shanghai,EUI,195.4514685,-0.1048119441,a
Wuhan,EUI,121.2145132,0.1124165729,a
Shanghai,EUI,277.1405325,0.06940516829,a
Wuhan,EUI,115.8773077,-0.03044772707,a
Wuhan,EUI,195.7330632,-0.04990024492,a
Shanghai,EUI,106.577636,-0.02062199265,a
Shanghai,EUI,188.2998177,-0.04626465961,a
Beijing,EUI,31.89,-0.2226897776,a
Shanghai,EUI,193.1126855,-0.06460736692,a
Shanghai,EUI,277.1405325,0.06711694598,a
Wuhan,EUI,112.2011206,0.1430213898,a
Shanghai,EUI,186.0630269,0.08225114644,a
Shanghai,EUI,272.5330194,-0.1242681444,a
Guangzhou,EUI,210.7021049,0.06681098044,a
Wuhan,EUI,190.3989335,-0.02114580385,a
Guangzhou,EUI,210.1468176,-0.1008445919,a
Wuhan,EUI,114.2417941,0.1174163222,a
Guangzhou,EUI,104.126868,-0.5007486343,a
Beijing,EUI,31.89,-0.1927399635,a
Shanghai,EUI,195.4514685,-0.03497860581,a
Shanghai,EUI,195.4514685,-0.03959375992,a
Wuhan,EUI,114.3902853,0.05290343985,a
Beijing,EUI,31.89,-0.3440309763,a
Shanghai,EUI,106.999129,-0.1070735157,a
Wuhan,EUI,113.6977309,0.1423352063,a
Wuhan,EUI,195.953976,0.03281434625,a
Shanghai,EUI,109.462613,0.03317619115,a
Guangzhou,EUI,118.3235398,-0.02732205205,a
Shanghai,EUI,188.2998177,0.03160993382,a
Shanghai,EUI,110.056914,-0.03452105075,a
Shanghai,EUI,191.1767205,0.2495363355,a
Shanghai,EUI,197.3488027,-0.0740032196,a
Guangzhou,EUI,210.7021049,0.06645862758,a
Wuhan,EUI,111.8004465,0.1619879901,a
Beijing,EUI,31.89,0.1677286178,a
Beijing,EUI,31.89,-0.2468916178,a
Shanghai,EUI,107.1539687,-0.1003947631,a
Shanghai,EUI,103.7447431,-0.415848881,a
Shanghai,EUI,196.9700178,-0.06967189908,a
Shanghai,EUI,108.159227,0.04368196428,a
Beijing,EUI,31.89,-0.4222032428,a
Shanghai,EUI,188.2998177,-0.1057770327,a
Shanghai,EUI,277.1405325,-0.01337112207,a
Shanghai,EUI,187.4190981,0.09651114792,a
Shanghai,EUI,186.0630269,0.02410553768,a
Shanghai,EUI,196.9700178,-0.01751596481,a
Wuhan,EUI,113.6977309,0.07508675009,a
Shanghai,EUI,108.159227,-0.002904490801,a
Shanghai,EUI,187.6140269,0.1457477063,a
Shanghai,EUI,195.4514685,-0.04113519937,a
Shanghai,EUI,110.056914,-0.06469321996,a
Shanghai,EUI,195.4514685,-0.02662810683,a
Shanghai,EUI,109.8196342,-0.008173430339,a
Shanghai,EUI,110.056914,-0.01995138824,a
Shanghai,EUI,188.2998177,-0.04763316363,a
Wuhan,EUI,115.0606403,0.04764839634,a
Shanghai,EUI,109.8196342,-0.06898748875,a
Beijing,EUI,31.89,-0.4992088675,a
Shanghai,EUI,106.4164739,-0.02888770588,a
Guangzhou,EUI,210.7021049,0.0553503111,a
Wuhan,EUI,190.3989335,0.005656220485,a
Wuhan,EUI,192.9705051,0.3216035366,a
Shanghai,EUI,195.4514685,-0.05358278751,a
Shanghai,EUI,275.8490294,-0.04068909585,a
Shanghai,EUI,195.2049422,-0.04387205467,a
Beijing,EUI,31.89,-0.2995179594,a
Shanghai,EUI,191.0414887,0.0106459111,a
Shanghai,EUI,188.2998177,-0.1183107346,a
Guangzhou,EUI,101.592787,-0.2392849028,a
Shanghai,EUI,195.4514685,-0.05034577474,a
Shanghai,EUI,106.9527713,0.06844734401,a
Wuhan,EUI,195.7330632,-0.06741075963,a
Guangzhou,EUI,210.0137391,-0.008044316433,a
Guangzhou,EUI,198.9517433,-0.04955852777,a
Shanghai,EUI,187.2485478,0.1760002822,a
Shanghai,EUI,107.585316,0.01493632048,a
Guangzhou,EUI,210.7021049,0.07185742259,a
Guangzhou,EUI,103.8821675,-0.3857827783,a
Shanghai,EUI,278.6082818,0.1086405516,a
Shanghai,EUI,191.0414887,0.004359817132,a
Shanghai,EUI,107.4101181,0.01098264754,a
Beijing,EUI,129.48,0.0808192715,a
Wuhan,EUI,192.9705051,0.1973147243,a
Shanghai,EUI,188.2998177,-0.1119427681,a
Shanghai,EUI,110.056914,-0.01368272211,a
Shanghai,EUI,186.0630269,-0.07917913795,a
Shanghai,EUI,110.056914,-0.004222260788,a
Wuhan,EUI,190.3989335,-0.001781386789,a
Shanghai,EUI,106.0727756,-0.1223172992,a
Guangzhou,EUI,123.1203473,0.03484689817,a
Wuhan,EUI,281.3707237,0.0483161062,a
Beijing,EUI,31.89,-0.3229634762,a
Shanghai,EUI,186.0630269,0.01862334833,a
Wuhan,EUI,190.3989335,-0.07274925709,a
Wuhan,EUI,195.7330632,-0.0492159985,a
Guangzhou,EUI,210.7021049,0.05592244864,a
Shanghai,EUI,186.0630269,-0.01420977525,a
Shanghai,EUI,187.0125889,0.02157522179,a
Wuhan,EUI,121.784402,0.1302088499,a
Shanghai,EUI,107.1539687,0.03062877432,a
Shanghai,EUI,107.4101181,-0.04772956297,a
Shanghai,EUI,276.9477067,-0.001244991901,a
Wuhan,EUI,195.953976,-0.0160823781,a
Wuhan,EUI,190.3989335,0.02931404673,a
Wuhan,EUI,113.6977309,0.09414829314,a
Shanghai,EUI,103.7447431,-0.195799008,a
Wuhan,EUI,193.5994381,-0.01845778897,a
Shanghai,EUI,107.4101181,0.009535110556,a
Beijing,EUI,107.67,0.1049917415,a
Shanghai,EUI,188.2998177,-0.08072072268,a
Beijing,EUI,31.89,-0.5070974827,a
Guangzhou,EUI,210.7021049,0.1007123142,a
Shanghai,EUI,186.0630269,0.03581155464,a
Beijing,EUI,107.67,-0.04806202278,a
Wuhan,EUI,195.7330632,-0.01221367158,a
Shanghai,EUI,186.0630269,0.07490514219,a
Shanghai,EUI,188.2998177,0.1009944677,a
Shanghai,EUI,191.1767205,0.04378968477,a
Shanghai,EUI,193.1126855,-0.06752027571,a
Wuhan,EUI,189.9606477,0.1118140444,a
Shanghai,EUI,109.462613,0.06230904162,a
Wuhan,EUI,113.6977309,0.03038890101,a
Wuhan,EUI,192.9705051,0.1956385374,a
Shanghai,EUI,107.585316,0.07682205737,a
Shanghai,EUI,187.6140269,0.05796576664,a
Shanghai,EUI,191.0414887,0.05422668159,a
Wuhan,EUI,195.7330632,-0.0492159985,a
Shanghai,EUI,110.056914,0.03276427463,a
Shanghai,EUI,113.8199242,0.067962192,a
Beijing,EUI,107.67,-0.04010585323,a
Beijing,EUI,31.89,0.375213623,a
Shanghai,EUI,273.7518509,-0.01521085668,a
Wuhan,EUI,195.7330632,0.0845509842,a
Wuhan,EUI,195.953976,0.1093788296,a
Beijing,EUI,31.89,-0.4853752553,a
Shanghai,EUI,112.0244119,-0.02145698108,a
Shanghai,EUI,193.1126855,-0.0176769048,a
Shanghai,EUI,186.0630269,0.03980533034,a
Shanghai,EUI,195.4514685,-0.1045162976,a
Shanghai,EUI,186.0630269,0.09823489189,a
Beijing,EUI,107.67,-0.07964835316,a
Shanghai,EUI,187.2485478,-0.006338611245,a
Guangzhou,EUI,210.7021049,0.04244293272,a
Shanghai,EUI,188.2998177,-0.1174732223,a
Wuhan,EUI,110.7026683,0.02075892687,a
Shanghai,EUI,276.9039955,0.02008838952,a
Shanghai,EUI,188.2998177,-0.02414510958,a
Shanghai,EUI,116.2192045,0.02750653215,a
Shanghai,EUI,110.056914,0.01059631258,a
Shanghai,EUI,277.1405325,0.0915113613,a
Wuhan,EUI,190.3989335,0.04049890861,a
Shanghai,EUI,110.056914,-0.01377960201,a
Shanghai,EUI,106.577636,-0.04404258355,a
Wuhan,EUI,113.2334402,0.0313477926,a
Shanghai,EUI,106.0727756,-0.1263430119,a
Beijing,EUI,107.67,-0.02802368067,a
Shanghai,EUI,191.0414887,0.1031343266,a
Shanghai,EUI,195.2049422,-0.08673270792,a
Shanghai,EUI,187.2485478,0.08224998415,a
Shanghai,EUI,107.519976,-0.07061128318,a
Guangzhou,EUI,107.9448505,0.02716577239,a
Wuhan,EUI,114.3902853,0.05615613982,a
Shanghai,EUI,116.1881784,-0.0708855167,a
Shanghai,EUI,186.0630269,-0.02774696238,a
Shanghai,EUI,109.9480087,0.03759976849,a
Beijing,EUI,107.67,-0.1548591405,a
Beijing,EUI,107.67,-0.113168329,a
Wuhan,EUI,195.953976,-0.01666261628,a
Shanghai,EUI,106.577636,0.03453084826,a
Beijing,EUI,107.67,0.06393591315,a
Shanghai,EUI,195.4514685,-0.05652033165,a
Shanghai,EUI,110.056914,-0.001600549091,a
Shanghai,EUI,107.519976,-0.0941689983,a
Shanghai,EUI,107.1539687,-0.07048536837,a
Shanghai,EUI,188.2998177,-0.03650755435,a
Shanghai,EUI,107.585316,0.005863402039,a
Wuhan,EUI,121.2145132,0.09496505558,a
Guangzhou,EUI,210.1468176,0.0748898387,a
Shanghai,EUI,188.2998177,0.007092756685,a
Shanghai,EUI,105.771287,-0.1210936531,a
Shanghai,EUI,195.2049422,-0.08633780479,a
Shanghai,EUI,106.9527713,0.02894549631,a
Shanghai,EUI,188.2998177,-0.05733152106,a
Wuhan,EUI,193.5994381,0.06881059706,a
Wuhan,EUI,195.953976,0.09666577727,a
Shanghai,EUI,189.724048,-0.05277810991,a
Shanghai,EUI,191.0414887,0.05502575636,a
Shanghai,EUI,107.585316,0.08829391003,a
Shanghai,EUI,106.577636,0.05720419437,a
Beijing,EUI,31.89,-0.5191870332,a
Shanghai,EUI,106.9527713,-8.059525862e-05,a
Shanghai,EUI,106.9527713,0.002181867836,a
Shanghai,EUI,110.056914,0.02890081145,a
Wuhan,EUI,282.7909668,0.08468929678,a
Shanghai,EUI,272.5330194,-0.01295138709,a
Shanghai,EUI,109.462613,0.02135457285,a
Shanghai,EUI,187.2485478,0.06735907495,a
Shanghai,EUI,187.0125889,0.02662353218,a
Shanghai,EUI,277.1405325,-0.0477796644,a
Beijing,EUI,31.89,-0.3000020385,a
Wuhan,EUI,282.7909668,0.111721009,a
Shanghai,EUI,188.2998177,0.05247528479,a
Shanghai,EUI,277.1405325,0.02255970985,a
Beijing,EUI,129.48,1.299630094e-05,a
Wuhan,EUI,189.9606477,0.06394956261,a
Beijing,EUI,107.67,-0.0750227198,a
Shanghai,EUI,109.462613,0.05008393154,a
Wuhan,EUI,282.7909668,0.08799623698,a
Shanghai,EUI,105.771287,-0.1817323267,a
Shanghai,EUI,110.056914,0.03211941198,a
Wuhan,EUI,189.9606477,0.1360460818,a
Shanghai,EUI,191.0414887,0.01460648328,a
Shanghai,EUI,188.2998177,-0.02576975524,a
Shanghai,EUI,103.698807,-0.1668976694,a
Shanghai,EUI,110.056914,0.0571260415,a
Beijing,EUI,107.68,0.02383765951,a
Shanghai,EUI,186.0630269,0.1006464511,a
Wuhan,EUI,197.3821049,-0.02860428393,a
Wuhan,EUI,195.7330632,0.05317697302,a
Shanghai,EUI,112.5992859,0.1720056981,a
Shanghai,EUI,107.4101181,-0.01147021912,a
Shanghai,EUI,112.5992859,0.06126458198,a
Shanghai,EUI,189.724048,-0.0491701439,a
Shanghai,EUI,193.1126855,-0.04219793528,a
Wuhan,EUI,115.8748305,0.00956880115,a
Shanghai,EUI,276.9477067,0.007013972849,a
Shanghai,EUI,110.056914,-0.006359818392,a
Shanghai,EUI,196.9700178,-0.05679209903,a
Shanghai,EUI,195.4514685,-0.002552939113,a
Guangzhou,EUI,210.7021049,0.06845580786,a
Shanghai,EUI,195.4514685,-0.09306173027,a
Beijing,EUI,31.89,0.1583605707,a
Beijing,EUI,129.48,-0.03558867425,a
Beijing,EUI,107.67,0.1124526635,a
Guangzhou,EUI,110.8968766,-0.1883832812,a
Beijing,EUI,31.89,-0.3888416886,a
Shanghai,EUI,191.0414887,0.08265227079,a
Shanghai,EUI,191.0414887,0.0109466929,a
Guangzhou,EUI,104.126868,-0.3290667832,a
Shanghai,EUI,193.1126855,0.004495289177,a
Wuhan,EUI,189.9606477,0.03367293626,a
Beijing,EUI,129.48,0.008145056665,a
Shanghai,EUI,197.3488027,-0.0319605954,a
Shanghai,EUI,107.585316,0.06362080574,a
Guangzhou,EUI,101.592787,-0.1980318725,a
Shanghai,EUI,187.2485478,-0.05162850395,a
Wuhan,EUI,192.9705051,0.1476243883,a
Wuhan,EUI,113.6977309,0.03553964198,a
Shanghai,EUI,195.4514685,0.01074680034,a
Shanghai,EUI,105.8683633,-0.2909138799,a
Beijing,EUI,107.67,-0.08960603923,a
Shanghai,EUI,111.2653496,-0.06772257388,a
Guangzhou,EUI,210.1468176,0.01806554198,a
Shanghai,EUI,277.7011388,0.07490455359,a
Wuhan,EUI,190.3989335,-0.07841716707,a
Shanghai,EUI,191.0414887,-0.02395622618,a
Shanghai,EUI,107.585316,0.02850338817,a
Shanghai,EUI,189.724048,-0.003922258504,a
Shanghai,EUI,107.9609077,-0.08677417785,a
Wuhan,EUI,113.6977309,0.05613632873,a
Shanghai,EUI,107.4101181,-0.03492804989,a
Shanghai,EUI,103.698807,-0.09550052881,a
Guangzhou,EUI,203.9964083,-0.02169378288,a
Shanghai,EUI,186.0630269,0.05964151397,a
Shanghai,EUI,187.2485478,0.06970103085,a
Beijing,EUI,107.67,-0.1106072739,a
Wuhan,EUI,114.3902853,0.0760608539,a
Beijing,EUI,31.89,-0.2966543734,a
Beijing,EUI,31.89,0.267308712,a
Shanghai,EUI,278.6082818,0.01695794798,a
Shanghai,EUI,106.577636,0.09472250193,a
Guangzhou,EUI,210.7021049,0.03500939161,a
Shanghai,EUI,195.4514685,-0.06307797134,a
Shanghai,EUI,272.5330194,-0.02384722233,a
Shanghai,EUI,193.1126855,-0.01377825439,a
Wuhan,EUI,113.6977309,0.0734333396,a
Wuhan,EUI,193.5994381,-0.1274745166,a
Shanghai,EUI,189.724048,-0.1126264706,a
Shanghai,EUI,193.1126855,-0.07654164732,a
Shanghai,EUI,196.9700178,-0.06680274755,a
Guangzhou,EUI,292.9646212,0.1789279133,a
Shanghai,EUI,187.6140269,0.03671640903,a
Shanghai,EUI,188.2998177,-0.05706964433,a
Guangzhou,EUI,205.7055775,-0.05120088905,a
Shanghai,EUI,276.9477067,-0.02708878741,a
Wuhan,EUI,196.5667452,0.1186762005,a
Guangzhou,EUI,289.6627701,0.03048541583,a
Wuhan,EUI,190.3989335,-0.05122876912,a
Shanghai,EUI,106.577636,0.110945642,a
Wuhan,EUI,190.3989335,0.01532975025,a
Wuhan,EUI,121.2145132,0.091355443,a
Shanghai,EUI,276.9039955,0.05790453777,a
Shanghai,EUI,106.577636,-0.01336316578,a
Beijing,EUI,107.68,-0.04156687856,a
Wuhan,EUI,193.5994381,-0.003017055569,a
Beijing,EUI,31.89,-0.3209136128,a
Guangzhou,EUI,102.243521,-0.6414063573,a
Shanghai,EUI,191.1767205,0.1618783623,a
Wuhan,EUI,110.7026683,-0.09547507763,a
Shanghai,EUI,195.4514685,-0.09244855493,a
Guangzhou,EUI,203.9964083,-0.0433306396,a
Shanghai,EUI,196.9700178,-0.08000867814,a
Beijing,EUI,31.89,-0.2516871989,a
Guangzhou,EUI,110.8968766,-0.1299312115,a
Guangzhou,EUI,198.9517433,0.008438019082,a
Wuhan,EUI,195.953976,0.03677258268,a
Shanghai,EUI,188.2998177,-0.06139170751,a
Guangzhou,EUI,205.7055775,0.04258396477,a
Beijing,EUI,129.48,0.07501810044,a
Shanghai,EUI,106.577636,-0.04159031808,a
Shanghai,EUI,191.1767205,0.02229335904,a
Shanghai,EUI,112.5992859,0.01127377898,a
Shanghai,EUI,277.1405325,0.02001128718,a
Wuhan,EUI,113.6977309,0.1189926639,a
Shanghai,EUI,189.724048,-0.09204310179,a
Wuhan,EUI,114.3902853,0.08039898425,a
Shanghai,EUI,191.0414887,0.003673797008,a
Guangzhou,EUI,294.1702351,0.1651914865,a
Shanghai,EUI,112.5992859,0.06456165761,a
Guangzhou,EUI,210.1468176,-0.0467963554,a
Shanghai,EUI,189.724048,-0.087225236,a
Guangzhou,EUI,294.1702351,0.1516522765,a
Shanghai,EUI,278.6082818,0.0008845852572,a
Wuhan,EUI,114.1312516,0.1863765121,a
Wuhan,EUI,113.6764439,0.0832715109,a
Guangzhou,EUI,203.0657098,0.02983117849,a
Shanghai,EUI,193.1126855,0.03941772878,a
Shanghai,EUI,109.9480087,-0.03203834593,a
Shanghai,EUI,193.1126855,-0.05099042878,a
Shanghai,EUI,189.724048,-0.04250675067,a
Shanghai,EUI,106.4164739,-0.2122266442,a
Wuhan,EUI,111.7492491,0.06332091987,a
Shanghai,EUI,110.056914,0.004778033122,a
Shanghai,EUI,107.4101181,-0.01056387275,a
Wuhan,EUI,110.4552686,0.03836555406,a
Shanghai,EUI,110.056914,0.001804205356,a
Shanghai,EUI,107.585316,0.06838937104,a
Shanghai,EUI,107.4101181,-0.007128843106,a
Wuhan,EUI,193.5994381,-0.08274322748,a
Shanghai,EUI,275.8490294,-0.02891406044,a
Shanghai,EUI,107.1539687,0.08897926658,a
Shanghai,EUI,277.7011388,0.09090824425,a
Shanghai,EUI,188.2998177,0.01616133563,a
Guangzhou,EUI,205.7055775,0.07108864933,a
Beijing,EUI,129.48,0.01541661099,a
Shanghai,EUI,107.1539687,0.005617756397,a
Shanghai,EUI,116.7545492,0.01857635565,a
Shanghai,EUI,188.2998177,0.01752247661,a
Wuhan,EUI,192.9705051,0.2957541645,a
Guangzhou,EUI,205.7055775,0.1874963343,a
Wuhan,EUI,192.9705051,0.1380151808,a
Shanghai,EUI,195.4514685,-0.001769233029,a
Shanghai,EUI,191.0414887,-0.02176417783,a
Wuhan,EUI,111.8004465,0.1079412997,a
Shanghai,EUI,187.4190981,0.1943849772,a
Beijing,EUI,107.68,0.01985619217,a
Beijing,EUI,107.68,-0.009585050866,a
Shanghai,EUI,275.8490294,-0.1068009287,a
Shanghai,EUI,109.9480087,0.01917848922,a
Guangzhou,EUI,210.0137391,-0.01485613734,a
Wuhan,EUI,205.874483,0.06219105422,a
Shanghai,EUI,196.9700178,-0.09281289577,a
Guangzhou,EUI,210.1468176,0.0554548651,a
Shanghai,EUI,106.9527713,0.02814105153,a
Shanghai,EUI,186.0630269,0.2757587135,a
Beijing,EUI,107.67,-0.01911737397,a
Wuhan,EUI,195.953976,-0.04865355417,a
Shanghai,EUI,195.2049422,-0.08794092387,a
Guangzhou,EUI,210.7021049,0.02471199073,a
Beijing,EUI,31.89,-0.3092096746,a
Shanghai,EUI,191.1767205,0.2016791701,a
Guangzhou,EUI,210.7021049,0.05030657351,a
Wuhan,EUI,195.7330632,0.1212173328,a
Shanghai,EUI,106.577636,0.01084282435,a
Beijing,EUI,129.48,0.05578141659,a
Shanghai,EUI,109.9480087,0.08290424943,a
Shanghai,EUI,186.0630269,-0.08306506276,a
Shanghai,EUI,187.2485478,0.229394421,a
Shanghai,EUI,110.056914,0.02393315732,a
Shanghai,EUI,187.2485478,0.11417339,a
Shanghai,EUI,109.8968758,0.06696996838,a
Guangzhou,EUI,101.592787,-0.08537167311,a
Shanghai,EUI,107.4101181,0.007316041738,a
Shanghai,EUI,276.9477067,0.1023585945,a
Shanghai,EUI,186.0630269,0.1020683199,a
Guangzhou,EUI,206.186642,0.03339904919,a
Beijing,EUI,31.89,-0.2787574828,a
Shanghai,EUI,187.2485478,0.1049653143,a
Shanghai,EUI,278.6082818,-0.005459366366,a
Beijing,EUI,107.67,-0.07000195235,a
Wuhan,EUI,114.1312516,0.02561501227,a
Guangzhou,EUI,118.3235398,-0.01898072287,a
Wuhan,EUI,115.0606403,0.02125941589,a
Shanghai,EUI,187.2485478,0.1065873653,a
Shanghai,EUI,107.4101181,-0.06497967988,a
Beijing,EUI,129.48,0.07150183618,a
Beijing,EUI,107.68,-0.008703029715,a
Beijing,EUI,107.67,0.04618663341,a
Shanghai,EUI,188.2998177,-0.03582698479,a
Shanghai,EUI,195.4514685,-0.077613011,a
Guangzhou,EUI,205.7055775,0.09054698795,a
Shanghai,EUI,106.9527713,0.003289101413,a
Shanghai,EUI,197.3488027,0.07822303474,a
Shanghai,EUI,188.2998177,0.1575482041,a
Beijing,EUI,107.67,-0.006189854816,a
Wuhan,EUI,190.3989335,-0.0996824652,a
Shanghai,EUI,108.419482,-0.0112564601,a
Wuhan,EUI,193.5994381,0.07083889097,a
Beijing,EUI,107.67,-0.09578125179,a
Shanghai,EUI,187.2485478,0.09223149717,a
Shanghai,EUI,197.3488027,-0.02476887777,a
Shanghai,EUI,191.0414887,0.02150238119,a
Shanghai,EUI,116.6010685,-0.01293691061,a
Shanghai,EUI,278.6082818,-0.01909309812,a
Wuhan,EUI,116.4512692,-0.00664278958,a
Shanghai,EUI,107.9609077,0.006575937383,a
Beijing,EUI,107.68,0.06450881809,a
Shanghai,EUI,188.2998177,0.09340287,a
Guangzhou,EUI,210.7021049,0.07854174823,a
Shanghai,EUI,105.2490472,-0.2146795243,a
Wuhan,EUI,111.8004465,0.1525565982,a
Shanghai,EUI,195.4514685,-0.0937236324,a
Shanghai,EUI,187.6140269,-0.111153096,a
Shanghai,EUI,109.462613,-0.02953273989,a
Beijing,EUI,31.89,-0.4494769871,a
Beijing,EUI,31.89,-0.3215428591,a
Shanghai,EUI,191.1767205,0.2339281589,a
Guangzhou,EUI,199.7975089,-0.1852533072,a
Wuhan,EUI,114.1312516,0.0904006958,a
Wuhan,EUI,113.6764439,0.06854411215,a
Shanghai,EUI,106.4164739,0.0192551706,a
Shanghai,EUI,187.2485478,0.1143810749,a
Shanghai,EUI,189.724048,-0.01917078905,a
Shanghai,EUI,116.6010685,-0.01293691061,a
Shanghai,EUI,195.2049422,-0.05292671174,a
Wuhan,EUI,113.6977309,0.07281160355,a
Shanghai,EUI,191.1767205,0.3205524981,a
Guangzhou,EUI,210.7021049,0.06175732613,a
Shanghai,EUI,187.0125889,0.007734969258,a
Shanghai,EUI,187.0125889,0.1038251892,a
Shanghai,EUI,109.462613,0.08870755881,a
Shanghai,EUI,113.6707909,-0.06259195507,a
Shanghai,EUI,106.3644518,-0.07598871738,a
Beijing,EUI,31.89,-0.2882452607,a
Shanghai,EUI,193.1126855,0.0152340224,a
Shanghai,EUI,106.4164739,-0.0842403546,a
Shanghai,EUI,107.585316,0.04291366041,a
Shanghai,EUI,107.585316,0.07154405117,a
Wuhan,EUI,190.3989335,-0.05659585819,a
Shanghai,EUI,109.462613,0.03506516293,a
Shanghai,EUI,107.585316,0.04256936535,a
Beijing,EUI,87.6,-0.2758947909,a
Shanghai,EUI,109.8196342,-0.01108753122,a
Wuhan,EUI,110.7026683,-0.0114781484,a
Wuhan,EUI,205.874483,0.06055404246,a
Shanghai,EUI,186.0630269,0.1559363902,a
Shanghai,EUI,110.056914,0.007994029671,a
Beijing,EUI,31.89,-0.1922094226,a
Wuhan,EUI,110.7026683,-0.04237055406,a
Wuhan,EUI,279.2955225,0.1153282523,a
Guangzhou,EUI,203.9964083,-0.08322585374,a
Shanghai,EUI,197.3488027,-0.00209546159,a
Shanghai,EUI,272.5330194,-0.02994408086,a
Shanghai,EUI,106.1021412,-0.1999145448,a
Guangzhou,EUI,104.2885982,-0.4343812168,a
Shanghai,EUI,106.577636,0.01734264381,a
Wuhan,EUI,205.874483,0.09721674025,a
Beijing,EUI,107.67,-0.07429184765,a
Wuhan,EUI,190.3989335,0.06639397889,a
Guangzhou,EUI,209.1166956,-0.06375130266,a
Shanghai,EUI,107.4101181,-0.06879440695,a
Wuhan,EUI,195.953976,0.1108957678,a
Shanghai,EUI,106.999129,-0.09513421357,a
Shanghai,EUI,106.0727756,-0.08749011904,a
Shanghai,EUI,103.7447431,-0.3526396751,a
Shanghai,EUI,275.8490294,-0.02640253305,a
Beijing,EUI,31.89,0.1069315001,a
Beijing,EUI,107.68,-0.06447942555,a
Guangzhou,EUI,104.7195154,-0.4007470906,a
Wuhan,EUI,120.59855,0.1231542602,a
Beijing,EUI,31.89,-0.4821431041,a
Wuhan,EUI,205.874483,0.1077891141,a
Shanghai,EUI,107.585316,0.06781466305,a
Wuhan,EUI,195.7330632,-0.009009063244,a
Guangzhou,EUI,205.7055775,0.2808922827,a
Shanghai,EUI,276.9039955,0.04902270436,a
Shanghai,EUI,197.3488027,-0.04903225601,a
Wuhan,EUI,195.953976,0.03770489618,a
Shanghai,EUI,193.1126855,-0.06225292757,a
Shanghai,EUI,276.9477067,0.07689365745,a
Wuhan,EUI,197.3821049,-0.153822735,a
Shanghai,EUI,112.5992859,0.1282647699,a
Shanghai,EUI,277.7011388,0.2986245453,a
Beijing,EUI,31.89,-0.363602072,a
Shanghai,EUI,188.2998177,0.006006313954,a
Shanghai,EUI,106.577636,0.08963369578,a
Beijing,EUI,31.89,-0.3998734355,a
Shanghai,EUI,189.724048,-0.1405459195,a
Wuhan,EUI,111.3148649,-0.03550425172,a
Guangzhou,EUI,206.186642,0.0626591593,a
Wuhan,EUI,279.5582219,0.007452616468,a
Shanghai,EUI,106.0727756,-0.2718760669,a
Shanghai,EUI,186.0630269,0.1254228503,a
Shanghai,EUI,110.056914,-0.0326111801,a
Guangzhou,EUI,210.1468176,0.1002384126,a
Shanghai,EUI,110.056914,0.01579272375,a
Shanghai,EUI,187.4190981,0.1537407339,a
Shanghai,EUI,186.0630269,0.1255638301,a
Shanghai,EUI,106.0727756,-0.1071497798,a
Wuhan,EUI,121.2145132,0.1180966422,a
Shanghai,EUI,193.1126855,-0.04189314693,a
Wuhan,EUI,190.3989335,-0.04344786704,a
Shanghai,EUI,277.1405325,-0.02532476559,a
Wuhan,EUI,111.8004465,0.1123989001,a
Shanghai,EUI,187.6140269,0.1253291965,a
Shanghai,EUI,277.1405325,-0.01566082798,a
Wuhan,EUI,195.7330632,-0.02840738371,a
Wuhan,EUI,197.3821049,-0.08159404248,a
Guangzhou,EUI,292.9646212,0.05734052882,a
Guangzhou,EUI,210.1468176,0.1719445437,a
Shanghai,EUI,107.585316,0.07957399637,a
Beijing,EUI,31.89,-0.4531344771,a
Guangzhou,EUI,294.1702351,0.2087322623,a
Wuhan,EUI,195.7330632,-0.002961430466,a
Beijing,EUI,31.89,-0.5168668628,a
Wuhan,EUI,279.5582219,0.1238616928,a
Shanghai,EUI,109.462613,-0.00491696503,a
Wuhan,EUI,195.953976,0.1384403706,a
Shanghai,EUI,277.1405325,0.0779813081,a
Shanghai,EUI,195.2049422,-0.04553889483,a
Guangzhou,EUI,210.7021049,-0.01366067957,a
Beijing,EUI,31.89,-0.334517926,a
Shanghai,EUI,106.9527713,0.02254579589,a
Shanghai,EUI,195.4514685,-0.06322101504,a
Shanghai,EUI,105.2015884,-0.2307632416,a
Beijing,EUI,107.68,-0.04438291118,a
Beijing,EUI,107.67,0.01203729771,a
Shanghai,EUI,186.0630269,0.1201048046,a
Beijing,EUI,31.89,-0.3679001927,a
Shanghai,EUI,195.4514685,-0.06008259207,a
Shanghai,EUI,196.9700178,-0.1412121058,a
Shanghai,EUI,188.2998177,-0.1256232113,a
Shanghai,EUI,197.3488027,-0.04069250077,a
Wuhan,EUI,197.3821049,-0.1660838723,a
Guangzhou,EUI,104.7195154,-0.1265821755,a
Shanghai,EUI,187.2485478,0.04954405874,a
Shanghai,EUI,106.999129,-0.1008437574,a
Beijing,EUI,107.67,0.007244495675,a
Shanghai,EUI,110.056914,-0.01670986786,a
Beijing,EUI,31.89,0.07089649886,a
Shanghai,EUI,186.0630269,0.09845255315,a
Wuhan,EUI,195.7330632,0.08649227023,a
Shanghai,EUI,197.3488027,0.01055444684,a
Shanghai,EUI,196.9700178,-0.0654392913,a
Shanghai,EUI,106.0727756,-0.1060678512,a
Beijing,EUI,129.48,0.05744504929,a
Wuhan,EUI,195.7330632,0.03982153535,a
Shanghai,EUI,195.4514685,-0.05724418536,a
Wuhan,EUI,190.3989335,-0.003894467838,a
Shanghai,EUI,106.9527713,-0.02063802071,a
Beijing,EUI,31.89,-0.3499144018,a
Guangzhou,EUI,107.3167757,0.0800536871,a
Wuhan,EUI,195.953976,0.007139500231,a
Shanghai,EUI,106.9527713,0.02630797401,a
Shanghai,EUI,186.0630269,0.1093963906,a
Guangzhou,EUI,210.0137391,0.1591311097,a
Shanghai,EUI,106.577636,0.0526320897,a
Shanghai,EUI,188.2998177,-0.0699075833,a
Shanghai,EUI,110.056914,0.0150289759,a
Wuhan,EUI,113.6764439,0.08183250576,a
Shanghai,EUI,186.0630269,0.08451849967,a
Shanghai,EUI,187.0125889,-0.07951386273,a
Shanghai,EUI,106.9527713,-0.1481699198,a
Wuhan,EUI,111.8004465,0.1375208199,a
Guangzhou,EUI,210.7021049,0.05979037285,a
Wuhan,EUI,116.4512692,0.1416839063,a
Beijing,EUI,31.89,-0.5417509675,a
Shanghai,EUI,110.056914,0.01703625545,a
Guangzhou,EUI,210.7021049,0.08540093154,a
Wuhan,EUI,190.3989335,0.05073939264,a
Shanghai,EUI,193.1126855,0.00662171701,a
Shanghai,EUI,197.3488027,0.01487757452,a
Beijing,EUI,31.89,-0.3817257285,a
Shanghai,EUI,116.6010685,-0.009074050933,a
Beijing,EUI,31.89,-0.2321873605,a
Wuhan,EUI,118.2591051,0.05944057181,a
Guangzhou,EUI,118.3235398,-0.03926325589,a
Shanghai,EUI,195.4514685,-0.03705821186,a
Beijing,EUI,107.68,0.02830683626,a
Shanghai,EUI,195.4514685,-0.03115887381,a
Wuhan,EUI,119.2826021,0.01905812882,a
Shanghai,EUI,186.0630269,0.005686917342,a
Beijing,EUI,107.67,-0.05016887933,a
Shanghai,EUI,109.462613,-0.02797610126,a
Shanghai,EUI,110.056914,0.01170023996,a
Shanghai,EUI,106.577636,0.06496217847,a
Shanghai,EUI,186.0630269,0.1078167558,a
Wuhan,EUI,114.1312516,0.07587397099,a
Shanghai,EUI,188.2998177,-0.1039670333,a
Wuhan,EUI,114.1312516,0.1500809789,a
Shanghai,EUI,112.5992859,0.02928828821,a
Shanghai,EUI,189.724048,-0.08539973199,a
Guangzhou,EUI,203.9964083,-0.07163711637,a
Shanghai,EUI,189.724048,-0.1127996743,a
Shanghai,EUI,186.0630269,0.1347555071,a
Beijing,EUI,107.67,-0.02420549095,a
Shanghai,EUI,187.2485478,0.08499014378,a
Wuhan,EUI,195.7330632,-0.09065619856,a
Wuhan,EUI,112.2011206,0.1112001017,a
Shanghai,EUI,107.1539687,-0.004265848547,a
Shanghai,EUI,188.2998177,0.01742748916,a
Guangzhou,EUI,210.7021049,0.1137403026,a
Shanghai,EUI,109.462613,0.05426669121,a
Wuhan,EUI,111.8004465,0.09300290048,a
Wuhan,EUI,113.2334402,0.08811151981,a
Shanghai,EUI,116.1881784,-0.02005084418,a
Shanghai,EUI,187.2485478,0.09591015428,a
Wuhan,EUI,195.7330632,0.1217080802,a
Shanghai,EUI,191.0414887,-0.0436847657,a
Shanghai,EUI,106.1021412,-0.203514412,a
Wuhan,EUI,195.953976,0.0319170095,a
Shanghai,EUI,113.8199242,0.03632532433,a
Shanghai,EUI,186.0630269,0.003735364648,a
Shanghai,EUI,189.724048,-0.1421204656,a
Shanghai,EUI,103.698807,-0.1847107857,a
Shanghai,EUI,103.7447431,-0.2875580788,a
Wuhan,EUI,193.5994381,-0.03464845195,a
Shanghai,EUI,107.4101181,-0.01428589411,a
Shanghai,EUI,188.2998177,0.09589374065,a
Shanghai,EUI,106.577636,-0.08197072148,a
Shanghai,EUI,106.0727756,-0.3383126259,a
Guangzhou,EUI,104.126868,-0.3041219115,a
Shanghai,EUI,110.056914,0.03192018345,a
Shanghai,EUI,106.577636,0.05607359856,a
Shanghai,EUI,106.9527713,0.02038045973,a
Shanghai,EUI,112.5992859,0.09982129931,a
Guangzhou,EUI,210.1468176,0.07944506407,a
Wuhan,EUI,195.953976,0.07434412837,a
Beijing,EUI,50.04,-0.258387357,a
Shanghai,EUI,106.9527713,-0.04754580185,a
Shanghai,EUI,272.5330194,-0.01630644314,a
Shanghai,EUI,107.585316,0.09131523222,a
Shanghai,EUI,110.056914,-0.004560322501,a
Beijing,EUI,31.89,-0.2127186656,a
Wuhan,EUI,195.953976,-0.001765616122,a
Wuhan,EUI,190.3989335,0.02167565562,a
Wuhan,EUI,279.5582219,0.1163164452,a
Shanghai,EUI,277.1405325,-0.001488517853,a
Shanghai,EUI,107.1539687,0.05127598718,a
Shanghai,EUI,112.5992859,0.09833584726,a
Wuhan,EUI,195.953976,-0.1164492667,a
Shanghai,EUI,116.7545492,0.1412318498,a
Shanghai,EUI,107.1539687,-0.01524609514,a
Shanghai,EUI,186.0630269,0.01629187539,a
Shanghai,EUI,107.9609077,-0.07480212301,a
Guangzhou,EUI,205.7055775,-0.01987721026,a
Guangzhou,EUI,210.7021049,-0.04311249778,a
Shanghai,EUI,195.4514685,-0.05803837627,a
Shanghai,EUI,107.585316,0.05574604496,a
Wuhan,EUI,195.953976,0.08931492269,a
Shanghai,EUI,187.2485478,0.1188169196,a
Wuhan,EUI,119.2826021,0.03993859887,a
Wuhan,EUI,190.3989335,-0.07811384648,a
Beijing,EUI,107.68,-0.04666085914,a
Beijing,EUI,107.68,-0.03509505838,a
Beijing,EUI,31.89,-0.3137280941,a
Shanghai,EUI,107.4101181,-0.02308170684,a
Shanghai,EUI,188.2998177,-0.1267304868,a
Wuhan,EUI,190.3989335,0.02120926231,a
Shanghai,EUI,107.585316,0.01895074174,a
Shanghai,EUI,187.0125889,0.006494528148,a
Wuhan,EUI,190.3989335,-0.07076977938,a
Shanghai,EUI,274.2758624,-0.01888494566,a
Shanghai,EUI,274.2758624,0.02958809212,a
Beijing,EUI,107.67,-0.02134805731,a
Beijing,EUI,107.67,-0.009893207811,a
Shanghai,EUI,186.0630269,0.07793558389,a
Shanghai,EUI,107.9609077,-0.04241275415,a
Beijing,EUI,107.67,-0.08062050492,a
Guangzhou,EUI,206.186642,-0.0204119049,a
Wuhan,EUI,113.6764439,0.08809929341,a
Shanghai,EUI,197.3488027,0.07349070907,a
Beijing,EUI,107.68,0.05204630271,a
Wuhan,EUI,193.5994381,0.08745958656,a
Shanghai,EUI,195.2049422,-0.08398408443,a
Shanghai,EUI,106.3644518,-0.02314891852,a
Shanghai,EUI,107.1539687,0.0293356441,a
Shanghai,EUI,195.4514685,-0.07079539448,a
Wuhan,EUI,114.2417941,0.1982860714,a
Shanghai,EUI,196.9700178,-0.06861639023,a
Wuhan,EUI,113.6977309,0.1226769686,a
Wuhan,EUI,195.7330632,0.08292350918,a
Shanghai,EUI,106.0727756,-0.1582668573,a
Beijing,EUI,31.89,-0.3201712072,a
Shanghai,EUI,106.9552835,-0.1670008153,a
Guangzhou,EUI,210.7021049,0.06163842976,a
Wuhan,EUI,205.874483,0.1175484583,a
Wuhan,EUI,205.874483,0.1093083695,a
Wuhan,EUI,113.6977309,0.02975304611,a
Shanghai,EUI,187.4190981,0.1096548662,a
Shanghai,EUI,187.0125889,-0.03047607467,a
Shanghai,EUI,188.2998177,0.03960378841,a
Shanghai,EUI,188.2998177,-0.01021602843,a
Shanghai,EUI,277.1405325,-0.006918654777,a
Shanghai,EUI,277.1405325,-0.007304380648,a
Wuhan,EUI,195.7330632,-0.04713996872,a
Shanghai,EUI,106.9527713,-0.00674039498,a
Wuhan,EUI,195.953976,0.03726948053,a
Guangzhou,EUI,106.6936723,-0.1459896117,a
Shanghai,EUI,122.5042299,0.04663199186,a
Shanghai,EUI,105.2490472,-0.1717383713,a
Shanghai,EUI,110.056914,-0.004268439487,a
Beijing,EUI,31.89,-0.3286129236,a
Wuhan,EUI,197.3821049,-0.0271156393,a
Shanghai,EUI,187.6140269,0.05156322569,a
Wuhan,EUI,113.6764439,0.05674898624,a
Shanghai,EUI,272.5330194,0.001799133723,a
Shanghai,EUI,106.9552835,-0.01591543853,a
Wuhan,EUI,115.8773077,-0.02760965005,a
Shanghai,EUI,278.6082818,0.01263452135,a
Beijing,EUI,31.89,-0.3798791766,a
Shanghai,EUI,189.724048,-0.1134113818,a
Guangzhou,EUI,111.1657101,0.08782484382,a
Shanghai,EUI,107.585316,0.04731952772,a
Wuhan,EUI,121.2145132,0.0807524249,a
Shanghai,EUI,110.056914,-0.007878345437,a
Beijing,EUI,107.67,-0.08066358417,a
Shanghai,EUI,186.0630269,0.09498153627,a
Wuhan,EUI,121.2145132,0.097498402,a
Shanghai,EUI,119.4935703,-0.02641035989,a
Shanghai,EUI,109.462613,-0.02679910325,a
Shanghai,EUI,106.1021412,-0.1212706044,a
Shanghai,EUI,106.3644518,-0.03976043686,a
Shanghai,EUI,193.1126855,0.04680383205,a
Wuhan,EUI,195.7330632,0.008996402845,a
Beijing,EUI,107.67,0.04433073848,a
Wuhan,EUI,115.8748305,0.1184118837,a
Wuhan,EUI,112.2011206,0.08615929633,a
Shanghai,EUI,189.724048,-0.05351800099,a
Wuhan,EUI,195.953976,0.109220922,a
Shanghai,EUI,107.585316,0.07081172615,a
Shanghai,EUI,107.1539687,-0.01260089129,a
Shanghai,EUI,109.462613,-0.1080296487,a
Shanghai,EUI,187.2485478,0.1132590696,a
Shanghai,EUI,193.1126855,0.1021618545,a
Shanghai,EUI,109.462613,0.011311749,a
Shanghai,EUI,107.1539687,0.003226399422,a
Shanghai,EUI,116.7545492,0.08826524764,a
Wuhan,EUI,195.7330632,0.03191679344,a
Wuhan,EUI,279.5582219,0.1436438262,a
Wuhan,EUI,113.4132957,0.03664774448,a
Wuhan,EUI,114.3902853,0.01654092595,a
Beijing,EUI,107.67,0.005815366283,a
Shanghai,EUI,196.9700178,-0.1566050351,a
Guangzhou,EUI,203.9964083,-0.02757225558,a
Shanghai,EUI,107.585316,0.07005362213,a
Shanghai,EUI,186.0630269,0.1348666996,a
Wuhan,EUI,279.2955225,0.0870006904,a
Shanghai,EUI,107.4101181,0.003134767059,a
Shanghai,EUI,107.9609077,-0.09214039147,a
Beijing,EUI,107.67,-0.09284214675,a
Shanghai,EUI,280.6221637,0.2807822227,a
Shanghai,EUI,107.4101181,-0.04107289761,a
Guangzhou,EUI,210.7021049,0.1151377037,a
Shanghai,EUI,105.8683633,-0.09946934879,a
Shanghai,EUI,196.9700178,-0.1353340596,a
Shanghai,EUI,188.2998177,-0.006453515496,a
Shanghai,EUI,106.0727756,-0.252164185,a
Shanghai,EUI,186.0630269,0.1403290778,a
Beijing,EUI,31.89,-0.2575445175,a
Shanghai,EUI,195.4514685,-0.1065046638,a
Shanghai,EUI,197.3488027,0.08507769555,a
Shanghai,EUI,106.9552835,-0.06908682734,a
Wuhan,EUI,190.3989335,-0.01833098754,a
Beijing,EUI,31.89,0.06953620911,a
Wuhan,EUI,115.8773077,-0.0712062791,a
Shanghai,EUI,107.4101181,-0.02472269908,a
Shanghai,EUI,187.2485478,0.1332816184,a
Beijing,EUI,107.67,-0.1689232588,a
Shanghai,EUI,110.056914,0.05754067376,a
Shanghai,EUI,187.2485478,0.04938754812,a
Guangzhou,EUI,109.344793,-0.02400856651,a
Shanghai,EUI,272.5330194,-0.0788487345,a
Shanghai,EUI,109.462613,-0.005776735023,a
Shanghai,EUI,106.577636,-0.0211876668,a
Shanghai,EUI,186.0630269,-0.02942946926,a
Shanghai,EUI,187.2485478,-0.08849353343,a
Shanghai,EUI,275.789566,-0.04927469045,a
Shanghai,EUI,109.9480087,-0.008390730247,a
Shanghai,EUI,188.2998177,0.03800160438,a
Shanghai,EUI,195.4514685,-0.03217602894,a
Shanghai,EUI,112.5992859,0.03589263558,a
Wuhan,EUI,190.3989335,-0.004589948338,a
Shanghai,EUI,116.6010685,-0.03930069506,a
Shanghai,EUI,186.0630269,-0.07407471538,a
Shanghai,EUI,195.4514685,-0.03661128134,a
Shanghai,EUI,187.2485478,-0.07730685174,a
Guangzhou,EUI,203.9964083,-0.06010590494,a
Shanghai,EUI,272.5330194,-0.02394322678,a
Shanghai,EUI,107.4101181,-0.03821521997,a
Beijing,EUI,129.48,0.03861740232,a
Shanghai,EUI,188.2998177,0.01902677491,a
Shanghai,EUI,189.724048,-0.08714001626,a
Shanghai,EUI,186.0630269,-0.04055200517,a
Beijing,EUI,31.89,-0.3298430741,a
Shanghai,EUI,278.6082818,-0.0159272179,a
Wuhan,EUI,116.2730259,0.01686955802,a
Shanghai,EUI,186.0630269,0.03838261217,a
Shanghai,EUI,106.4164739,-0.05800524354,a
Shanghai,EUI,187.0125889,-0.05656728521,a
Shanghai,EUI,116.2192045,0.09138384461,a
Guangzhou,EUI,199.7975089,-0.05688568205,a
Shanghai,EUI,106.577636,-0.01252806373,a
Wuhan,EUI,114.3902853,0.06065251306,a
Shanghai,EUI,197.3488027,-0.008724234067,a
Wuhan,EUI,195.7330632,0.05539181083,a
Shanghai,EUI,186.0630269,-0.07530404627,a
Beijing,EUI,107.68,0.02283951081,a
Shanghai,EUI,107.4101181,-0.08396008611,a
Beijing,EUI,31.89,-0.6048852801,a
Wuhan,EUI,115.0606403,0.01514103822,a
Shanghai,EUI,278.6082818,-0.008049155585,a
Shanghai,EUI,106.4164739,-0.101451762,a
Beijing,EUI,31.89,-0.0403749682,a
Shanghai,EUI,195.4514685,-0.06786940992,a
Shanghai,EUI,197.3488027,-0.04751291499,a
Shanghai,EUI,187.2485478,-0.02034824342,a
Beijing,EUI,31.89,0.04135329276,a
Shanghai,EUI,110.056914,0.002124364022,a
Shanghai,EUI,105.485991,-0.1161974743,a
Wuhan,EUI,195.7330632,0.01313692145,a
Wuhan,EUI,195.953976,-0.03448003903,a
Wuhan,EUI,279.5582219,0.09209854901,a
Guangzhou,EUI,210.7021049,0.02311704494,a
Wuhan,EUI,110.7026683,0.01299525425,a
Shanghai,EUI,188.2998177,-0.007770548109,a
Shanghai,EUI,188.2998177,-0.1537947357,a
Shanghai,EUI,188.2998177,-0.03499018028,a
Guangzhou,EUI,292.9646212,0.2272022367,a
Wuhan,EUI,121.0452719,-0.04076429829,a
Wuhan,EUI,110.7026683,0.01564158686,a
Wuhan,EUI,195.7330632,0.1077702269,a
Beijing,EUI,31.89,-0.1102705076,a
Wuhan,EUI,121.0452719,-0.02220188081,a
Beijing,EUI,31.89,-0.3115179241,a
Beijing,EUI,31.89,0.07855529338,a
Beijing,EUI,107.67,-0.07913959771,a
Shanghai,EUI,187.2485478,0.1254570484,a
Shanghai,EUI,195.2049422,-0.05062924325,a
Shanghai,EUI,276.9477067,-0.06108981371,a
Shanghai,EUI,106.9527713,0.0006387529429,a
Beijing,EUI,31.89,0.05642326176,a
Shanghai,EUI,106.577636,-0.04332556203,a
Beijing,EUI,31.89,-0.4403795004,a
Beijing,EUI,107.67,0.03428346291,a
Guangzhou,EUI,104.2987326,-0.2843519449,a
Shanghai,EUI,107.9609077,0.01521662436,a
Beijing,EUI,31.89,-0.07338865101,a
Shanghai,EUI,106.4164739,-0.1788190752,a
Shanghai,EUI,195.4514685,-0.0753017962,a
Beijing,EUI,31.89,-0.3724867404,a
Wuhan,EUI,113.6764439,0.1419591755,a
Shanghai,EUI,189.724048,-0.0540731512,a
Shanghai,EUI,273.2895274,-0.0362971276,a
Wuhan,EUI,193.5994381,-0.01962031424,a
Shanghai,EUI,106.9527713,-0.1296436787,a
Wuhan,EUI,195.7330632,0.01643390767,a
Guangzhou,EUI,210.1468176,0.04056806117,a
Guangzhou,EUI,294.1702351,0.144188866,a
Shanghai,EUI,186.0630269,0.01081778295,a
Shanghai,EUI,108.419482,-0.02840501815,a
Shanghai,EUI,110.056914,0.03955784068,a
Shanghai,EUI,188.2998177,0.06908670813,a
Wuhan,EUI,111.7492491,0.01943878829,a
Shanghai,EUI,187.2485478,-0.1034920514,a
Shanghai,EUI,106.4164739,-0.07904966176,a
Shanghai,EUI,106.999129,-0.09109950066,a
Shanghai,EUI,109.8968758,-0.007802769542,a
Shanghai,EUI,189.724048,-0.09603980184,a
Guangzhou,EUI,210.0137391,0.1385087967,a
Wuhan,EUI,113.6977309,0.07822797447,a
Shanghai,EUI,110.056914,0.007902386598,a
Shanghai,EUI,186.0630269,0.1208446473,a
Shanghai,EUI,197.3488027,0.0474390313,a
Shanghai,EUI,109.462613,0.03644764423,a
Beijing,EUI,107.67,-0.01333947107,a
Wuhan,EUI,118.2591051,0.1057154015,a
Shanghai,EUI,188.2998177,-0.03222421557,a
Shanghai,EUI,109.462613,-0.09677752107,a
Shanghai,EUI,103.7447431,-0.3276040256,a
Wuhan,EUI,112.2011206,0.07932718098,a
Shanghai,EUI,105.2490472,-0.2312303185,a
Shanghai,EUI,195.2049422,-0.06924820691,a
Shanghai,EUI,278.6082818,-0.01226216089,a
Shanghai,EUI,195.4514685,-0.02507886477,a
Shanghai,EUI,191.0414887,0.08994995803,a
Shanghai,EUI,276.9477067,0.007174067199,a
Shanghai,EUI,110.056914,0.03336452693,a
Shanghai,EUI,188.2998177,0.01365717314,a
Shanghai,EUI,107.4101181,-0.0070702089,a
Shanghai,EUI,187.2485478,0.1819823831,a
Shanghai,EUI,107.585316,0.1208994016,a
Shanghai,EUI,193.1126855,0.007699856535,a
Wuhan,EUI,195.7330632,-0.03194631636,a
Wuhan,EUI,113.6977309,0.1441167146,a
Shanghai,EUI,196.9700178,-0.05694749579,a
Guangzhou,EUI,210.1468176,0.1022891775,a
Beijing,EUI,107.67,0.02166022174,a
Shanghai,EUI,188.2998177,-0.00197439664,a
Shanghai,EUI,188.2998177,0.04137907922,a
Wuhan,EUI,190.3989335,-0.1018312573,a
Shanghai,EUI,106.3644518,-0.09624513984,a
Shanghai,EUI,109.462613,-0.07235890627,a
Shanghai,EUI,186.0630269,-0.08288677782,a
Shanghai,EUI,187.2485478,0.0739018172,a
Shanghai,EUI,188.2998177,-0.1063555926,a
Shanghai,EUI,187.2485478,0.1655257195,a
Shanghai,EUI,187.2485478,0.1156243384,a
Shanghai,EUI,196.9700178,-0.09798777103,a
Shanghai,EUI,106.999129,-0.1229283661,a
Shanghai,EUI,106.9527713,-0.08277200907,a
Shanghai,EUI,195.4514685,-0.04908095673,a
Beijing,EUI,31.89,-0.3826934695,a
Guangzhou,EUI,210.0137391,0.06757896394,a
Shanghai,EUI,186.0630269,0.3758220673,a
Shanghai,EUI,195.4514685,-0.01878209226,a
Shanghai,EUI,110.056914,-0.1532662958,a
Shanghai,EUI,195.2049422,-0.05556199327,a
Shanghai,EUI,112.5992859,0.1125183851,a
Guangzhou,EUI,101.592787,-0.4083689153,a
Beijing,EUI,31.89,-0.5056318641,a
Shanghai,EUI,106.9527713,-0.1097687185,a
Shanghai,EUI,105.485991,-0.1484221071,a
Beijing,EUI,107.67,-0.05257957801,a
Shanghai,EUI,275.789566,-0.0322333388,a
Shanghai,EUI,109.9480087,-0.06589853019,a
Guangzhou,EUI,110.8968766,-0.1787166595,a
Shanghai,EUI,107.4101181,0.007911382243,a
Wuhan,EUI,114.3902853,0.07222662866,a
Beijing,EUI,31.89,-0.3041699529,a
Shanghai,EUI,195.4514685,0.008711930364,a
Guangzhou,EUI,210.1468176,0.1045802757,a
Wuhan,EUI,116.2100116,0.1685084552,a
Beijing,EUI,107.67,-0.009526468813,a
Beijing,EUI,31.89,-0.1236272752,a
Shanghai,EUI,186.0630269,0.004929985385,a
Shanghai,EUI,187.4190981,0.119477205,a
Guangzhou,EUI,210.1468176,0.09266233444,a
Shanghai,EUI,109.462613,0.02087006904,a
Wuhan,EUI,195.953976,-0.01858727634,a
Wuhan,EUI,205.874483,0.1267219931,a
Wuhan,EUI,192.9705051,0.2731911242,a
Shanghai,EUI,188.2998177,0.001416373183,a
Shanghai,EUI,187.2485478,0.03747539595,a
Beijing,EUI,107.67,0.001369544072,a
Wuhan,EUI,121.0452719,0.1334736049,a
Shanghai,EUI,187.0125889,0.08837044239,a
Beijing,EUI,107.67,-0.1106234491,a
Guangzhou,EUI,109.7917022,0.03805958107,a
Shanghai,EUI,110.056914,-0.001440740423,a
Shanghai,EUI,272.5330194,0.01703004166,a
Shanghai,EUI,109.462613,0.03658056632,a
Shanghai,EUI,112.5992859,0.03195011243,a
Shanghai,EUI,110.056914,0.008238928393,a
Shanghai,EUI,187.2485478,0.02983525582,a
Wuhan,EUI,193.5994381,-0.01123538427,a
Shanghai,EUI,275.8490294,-0.04069074243,a
Shanghai,EUI,106.9527713,-0.04506936669,a
Beijing,EUI,107.67,-0.002054294338,a
Shanghai,EUI,107.9609077,-0.1101595908,a
Beijing,EUI,107.67,-0.1122815907,a
Shanghai,EUI,193.1126855,-0.1316287518,a
Guangzhou,EUI,102.243521,-0.5407295823,a
Guangzhou,EUI,118.3235398,-0.03912582248,a
Wuhan,EUI,195.953976,-0.1284269691,a
Shanghai,EUI,110.056914,0.01003285497,a
Shanghai,EUI,191.1767205,-0.04786495864,a
Shanghai,EUI,189.724048,-0.05137408897,a
Beijing,EUI,31.89,-0.3565317988,a
Wuhan,EUI,195.7330632,0.07452246547,a
Shanghai,EUI,191.1767205,0.01182473078,a
Shanghai,EUI,106.0727756,-0.1506514549,a
Beijing,EUI,31.89,-0.5537911057,a
Shanghai,EUI,188.2998177,-0.01386203803,a
Shanghai,EUI,107.585316,0.04566334561,a
Shanghai,EUI,276.9477067,-0.03401412815,a
Beijing,EUI,31.89,-0.2302011251,a
Shanghai,EUI,187.0125889,0.1288195401,a
Shanghai,EUI,116.1881784,0.04687325656,a
Guangzhou,EUI,209.1166956,-0.08508849144,a
Wuhan,EUI,119.2826021,-0.007297849283,a
Beijing,EUI,107.68,-0.06833852082,a
Shanghai,EUI,188.2998177,0.01689337008,a
Shanghai,EUI,278.6082818,0.0111533897,a
Shanghai,EUI,191.1767205,0.01990733109,a
Shanghai,EUI,188.2998177,-0.1232535988,a
Beijing,EUI,107.67,-0.1124760807,a
Shanghai,EUI,195.4514685,-0.05595864728,a
Shanghai,EUI,191.1767205,0.2016945332,a
Shanghai,EUI,193.1126855,0.04033412784,a
Shanghai,EUI,186.0630269,-0.06849389523,a
Shanghai,EUI,275.8490294,-0.05225759,a
Shanghai,EUI,277.1405325,-0.0009600537014,a
Wuhan,EUI,195.7330632,-0.0344792679,a
Wuhan,EUI,114.3902853,0.09853448719,a
Beijing,EUI,31.89,-0.08935454488,a
Shanghai,EUI,189.724048,-0.07743838429,a
Shanghai,EUI,197.3488027,-0.07058858871,a
Shanghai,EUI,187.2485478,0.1493514925,a
Shanghai,EUI,112.5992859,-0.02379089594,a
Shanghai,EUI,186.0630269,-0.02273891307,a
Beijing,EUI,31.89,-0.4836457074,a
Wuhan,EUI,197.3821049,-0.01418426912,a
Shanghai,EUI,110.056914,-0.01969354413,a
Shanghai,EUI,112.5992859,0.1222244054,a
Beijing,EUI,107.67,0.01287960261,a
Guangzhou,EUI,198.9517433,-0.0277275499,a
Shanghai,EUI,277.1405325,-0.01319495775,a
Shanghai,EUI,107.4101181,0.007687971927,a
Beijing,EUI,31.89,-0.5497579575,a
Shanghai,EUI,107.4101181,0.01832951233,a
Shanghai,EUI,188.2998177,-0.03478771076,a
Shanghai,EUI,107.1539687,-0.0656991303,a
Beijing,EUI,31.89,-0.2364509106,a
Shanghai,EUI,193.1126855,-0.0709285289,a
Shanghai,EUI,188.2998177,-0.008839529008,a
Shanghai,EUI,193.1126855,-0.09569773078,a
Beijing,EUI,107.68,-0.1018678024,a
Beijing,EUI,31.89,0.1880898774,a
Shanghai,EUI,116.6010685,0.03572887927,a
Shanghai,EUI,187.2485478,0.04577954486,a
Shanghai,EUI,115.325407,0.02660910599,a
Shanghai,EUI,107.1539687,0.04572336003,a
Beijing,EUI,129.48,-0.02584580518,a
Beijing,EUI,31.89,-0.4213671982,a
Beijing,EUI,107.68,-0.0727244094,a
Shanghai,EUI,186.0630269,0.05884394795,a
Shanghai,EUI,186.0630269,-0.02029512823,a
Shanghai,EUI,196.9700178,0.06413833797,a
Shanghai,EUI,188.2998177,-0.01384151261,a
Beijing,EUI,107.67,0.008849507198,a
Shanghai,EUI,116.1881784,0.07382470369,a
Wuhan,EUI,279.2955225,0.102666907,a
Shanghai,EUI,108.419482,-0.03424223885,a
Shanghai,EUI,112.5992859,0.05691400915,a
Wuhan,EUI,275.5300433,-0.1012824774,a
Shanghai,EUI,107.4101181,-0.04143910855,a
Shanghai,EUI,187.6140269,0.07940913737,a
Beijing,EUI,107.67,-0.07177702338,a
Shanghai,EUI,193.1126855,-0.1253690273,a
Shanghai,EUI,278.6082818,-0.03965368122,a
Beijing,EUI,31.89,-0.3427155316,a
Wuhan,EUI,195.953976,0.01341422554,a
Shanghai,EUI,109.8968758,0.008316623047,a
Shanghai,EUI,196.9700178,-0.009267798625,a
Shanghai,EUI,191.1767205,0.1764297187,a
Guangzhou,EUI,210.1468176,0.05086044222,a
Shanghai,EUI,109.8196342,-0.0246381592,a
Beijing,EUI,107.67,-0.1151937768,a
Guangzhou,EUI,104.2885982,-0.216691196,a
Shanghai,EUI,109.8196342,0.06707596034,a
Shanghai,EUI,195.2049422,-0.07536585629,a
Wuhan,EUI,190.3989335,0.05422692001,a
Guangzhou,EUI,104.126868,-0.3351553679,a
Beijing,EUI,107.67,0.03732474893,a
Shanghai,EUI,189.724048,-0.03818956763,a
Wuhan,EUI,114.3902853,0.133024931,a
Beijing,EUI,107.68,-0.1219662502,a
